/*--------------------------------*- C++ -*----------------------------------*\
  =========                 |
  \\      /  F ield         | OpenFOAM: The Open Source CFD Toolbox
   \\    /   O peration     | Website:  https://openfoam.org
    \\  /    A nd           | Version:  12
     \\/     M anipulation  |
\*---------------------------------------------------------------------------*/
FoamFile
{
    format      ascii;
    class       surfaceScalarField;
    location    "100";
    object      phi;
}
// * * * * * * * * * * * * * * * * * * * * * * * * * * * * * * * * * * * * * //

dimensions      [0 3 -1 0 0 0 0];

internalField   nonuniform List<scalar> 
25785
(
5.5357398e-09
4.8935038e-15
5.5357346e-09
5.2371585e-15
5.5357296e-09
4.9186829e-15
5.5357248e-09
4.8554377e-15
5.53572e-09
4.8308205e-15
5.5357152e-09
4.8044747e-15
5.5357104e-09
4.7773789e-15
5.5357056e-09
4.7506894e-15
5.5357009e-09
4.7241392e-15
5.5356962e-09
4.6969943e-15
5.5356915e-09
4.6697494e-15
5.5356869e-09
4.6425005e-15
5.5356823e-09
4.614771e-15
5.5356777e-09
4.5876536e-15
5.5356731e-09
4.560571e-15
5.5356686e-09
4.5328215e-15
5.5356641e-09
4.505044e-15
5.5356596e-09
4.4771877e-15
5.5356552e-09
4.4491018e-15
5.5356507e-09
4.4208565e-15
5.5356463e-09
4.392477e-15
5.535642e-09
4.3640247e-15
5.5356376e-09
4.3355229e-15
5.5356333e-09
4.3068994e-15
5.5356291e-09
4.2781646e-15
5.5356248e-09
4.249344e-15
5.5356206e-09
4.2203962e-15
5.5356164e-09
4.1913074e-15
5.5356122e-09
4.1621437e-15
5.5356081e-09
4.1328806e-15
5.535604e-09
4.1034858e-15
5.5355999e-09
4.0740058e-15
5.5355959e-09
4.0444151e-15
5.5355919e-09
4.0147204e-15
5.5355879e-09
3.9849417e-15
5.5355839e-09
3.9550618e-15
5.53558e-09
3.9250506e-15
5.5355761e-09
3.8947605e-15
5.5355722e-09
3.8699357e-15
5.5355702e-09
1.9970145e-15
5.5355702e-09
3.6348198e-17
5.5355702e-09
-1.5561837e-17
5.5355702e-09
-2.762775e-18
5.5355702e-09
-1.6136217e-18
5.5355702e-09
-1.3837603e-18
5.5355702e-09
-1.2757139e-18
5.5355702e-09
-1.1579743e-18
5.5355702e-09
-1.0725482e-18
5.5355702e-09
-9.2479988e-19
5.5355702e-09
-8.7611911e-19
5.5355702e-09
-8.2615294e-19
5.5355702e-09
-6.9783403e-19
5.5355702e-09
-7.067997e-19
5.5355702e-09
-7.1774023e-19
5.5355702e-09
-6.346534e-19
5.5355702e-09
-5.5492215e-19
5.5355702e-09
-5.6088528e-19
5.5355702e-09
-5.074578e-19
5.5355702e-09
-4.7014314e-19
5.5355702e-09
-4.4387252e-19
5.5355702e-09
-4.295878e-19
5.5355702e-09
-4.2929382e-19
5.5355702e-09
-4.0252071e-19
5.5355702e-09
-3.8406361e-19
5.5355702e-09
-3.2377232e-19
5.5355702e-09
-3.2568757e-19
5.5355702e-09
-3.5867809e-19
5.5355702e-09
-3.0872348e-19
5.5355702e-09
-2.9636278e-19
5.5355702e-09
-2.9023076e-19
5.5355702e-09
-2.5053086e-19
5.5355702e-09
-2.5573329e-19
5.5355702e-09
-2.4530555e-19
5.5355702e-09
-2.3381287e-19
5.5355702e-09
-2.5007037e-19
5.5355702e-09
-2.0611756e-19
5.5355702e-09
-1.6266445e-19
5.5355702e-09
-2.2198468e-19
5.5355702e-09
-2.1640914e-19
5.5355702e-09
-1.7211873e-19
5.5355702e-09
-1.560275e-19
5.5355702e-09
-1.7238709e-19
5.5355702e-09
-1.4888515e-19
5.5355702e-09
-1.415222e-19
5.5355702e-09
-1.5666574e-19
5.5355702e-09
-1.5590249e-19
5.5355702e-09
-1.5377333e-19
5.5355702e-09
-1.0533677e-19
5.5355702e-09
-1.3435926e-19
5.5355702e-09
-1.215871e-19
5.5355702e-09
-8.7670586e-20
5.5355702e-09
-1.2317901e-19
5.5355702e-09
-1.3874931e-19
5.5355702e-09
-6.64396e-20
5.5355702e-09
-9.2643292e-20
5.5355702e-09
-1.1642714e-19
5.5355702e-09
-5.1791524e-20
5.5355702e-09
-8.728264e-20
5.5355702e-09
-9.3992364e-20
5.5355702e-09
-5.6336718e-20
5.5355702e-09
-6.0859173e-20
5.5355702e-09
-6.6461548e-20
5.5355702e-09
-7.8382465e-20
5.5355702e-09
-7.5437651e-20
5.5355702e-09
-5.3846015e-20
5.5355702e-09
1.2072158e-21
5.5355702e-09
-7.0385451e-20
5.5355702e-09
-7.7757565e-20
5.5355702e-09
-4.456803e-21
5.5355702e-09
-2.2661832e-20
5.5355702e-09
-1.0021277e-20
5.5355702e-09
-6.0933277e-20
5.5355702e-09
-3.639108e-20
5.5355702e-09
2.6133621e-20
5.5355702e-09
6.0021711e-21
5.5355702e-09
-2.6097692e-20
5.5355702e-09
4.3129818e-20
5.5355702e-09
7.5153712e-20
5.5355702e-09
6.6457618e-21
5.5355702e-09
4.8820231e-20
5.5355702e-09
1.2689047e-19
5.5355702e-09
1.1462888e-19
5.5355702e-09
1.8329987e-19
5.5355702e-09
2.3332264e-19
5.5355702e-09
3.1801245e-19
5.5355702e-09
4.1279374e-19
5.5355702e-09
8.0884068e-19
5.5355702e-09
6.9954353e-19
5.5355702e-09
2.6233148e-18
5.5355702e-09
2.5909409e-18
5.5355702e-09
-6.6117508e-19
2.5714164e-18
1.6615051e-08
1.9591388e-14
1.6615035e-08
2.0969095e-14
1.6615021e-08
1.9694051e-14
1.6615006e-08
1.9439759e-14
1.6614991e-08
1.9341133e-14
1.6614977e-08
1.9235745e-14
1.6614963e-08
1.9127335e-14
1.6614948e-08
1.9020495e-14
1.6614934e-08
1.8914118e-14
1.661492e-08
1.8805513e-14
1.6614906e-08
1.8696461e-14
1.6614892e-08
1.8587316e-14
1.6614878e-08
1.8476487e-14
1.6614865e-08
1.8367817e-14
1.6614851e-08
1.8259231e-14
1.6614837e-08
1.8148144e-14
1.6614824e-08
1.8036923e-14
1.661481e-08
1.7925414e-14
1.6614797e-08
1.7812996e-14
1.6614784e-08
1.769993e-14
1.661477e-08
1.7586321e-14
1.6614757e-08
1.7472407e-14
1.6614744e-08
1.7358287e-14
1.6614731e-08
1.724368e-14
1.6614718e-08
1.7128627e-14
1.6614706e-08
1.7013233e-14
1.6614693e-08
1.689733e-14
1.661468e-08
1.6780864e-14
1.6614668e-08
1.6664098e-14
1.6614656e-08
1.6546933e-14
1.6614643e-08
1.6429241e-14
1.6614631e-08
1.6311209e-14
1.6614619e-08
1.6192732e-14
1.6614607e-08
1.607384e-14
1.6614595e-08
1.5954614e-14
1.6614583e-08
1.5834976e-14
1.6614571e-08
1.5714813e-14
1.6614559e-08
1.5593557e-14
1.6614548e-08
1.549423e-14
1.6614542e-08
7.9957235e-15
1.6614542e-08
1.4572978e-16
1.6614542e-08
-6.2211507e-17
1.6614542e-08
-1.0922111e-17
1.6614542e-08
-6.3523953e-18
1.6614542e-08
-5.4419868e-18
1.6614542e-08
-5.0181823e-18
1.6614542e-08
-4.559613e-18
1.6614542e-08
-4.2294087e-18
1.6614542e-08
-3.6478652e-18
1.6614542e-08
-3.4574694e-18
1.6614542e-08
-3.2571589e-18
1.6614542e-08
-2.752478e-18
1.6614542e-08
-2.779843e-18
1.6614542e-08
-2.821845e-18
1.6614542e-08
-2.50227e-18
1.6614542e-08
-2.1832319e-18
1.6614542e-08
-2.209817e-18
1.6614542e-08
-1.999982e-18
1.6614542e-08
-1.8526624e-18
1.6614542e-08
-1.749801e-18
1.6614542e-08
-1.6933163e-18
1.6614542e-08
-1.6926746e-18
1.6614542e-08
-1.586014e-18
1.6614542e-08
-1.5137633e-18
1.6614542e-08
-1.2741853e-18
1.6614542e-08
-1.2819414e-18
1.6614542e-08
-1.4150073e-18
1.6614542e-08
-1.2170859e-18
1.6614542e-08
-1.1677822e-18
1.6614542e-08
-1.143931e-18
1.6614542e-08
-9.8639978e-19
1.6614542e-08
-1.0077532e-18
1.6614542e-08
-9.6708051e-19
1.6614542e-08
-9.2167247e-19
1.6614542e-08
-9.8652245e-19
1.6614542e-08
-8.1158089e-19
1.6614542e-08
-6.3805287e-19
1.6614542e-08
-8.761401e-19
1.6614542e-08
-8.5402686e-19
1.6614542e-08
-6.7797974e-19
1.6614542e-08
-6.135469e-19
1.6614542e-08
-6.7903491e-19
1.6614542e-08
-5.856874e-19
1.6614542e-08
-5.5643834e-19
1.6614542e-08
-6.1643697e-19
1.6614542e-08
-6.1506494e-19
1.6614542e-08
-6.0662197e-19
1.6614542e-08
-4.118222e-19
1.6614542e-08
-5.2873493e-19
1.6614542e-08
-4.7942446e-19
1.6614542e-08
-3.4413932e-19
1.6614542e-08
-4.8593229e-19
1.6614542e-08
-5.483632e-19
1.6614542e-08
-2.5946906e-19
1.6614542e-08
-3.6440608e-19
1.6614542e-08
-4.6012755e-19
1.6614542e-08
-2.0153004e-19
1.6614542e-08
-3.4369798e-19
1.6614542e-08
-3.7050381e-19
1.6614542e-08
-2.2011209e-19
1.6614542e-08
-2.3837691e-19
1.6614542e-08
-2.6112898e-19
1.6614542e-08
-3.0886669e-19
1.6614542e-08
-2.978066e-19
1.6614542e-08
-2.1200232e-19
1.6614542e-08
8.2591787e-21
1.6614542e-08
-2.7839306e-19
1.6614542e-08
-3.0811031e-19
1.6614542e-08
-1.5645132e-20
1.6614542e-08
-8.8760798e-20
1.6614542e-08
-3.8097886e-20
1.6614542e-08
-2.4219179e-19
1.6614542e-08
-1.4442367e-19
1.6614542e-08
1.0495788e-19
1.6614542e-08
2.3749395e-20
1.6614542e-08
-1.0533545e-19
1.6614542e-08
1.7087192e-19
1.6614542e-08
2.9767716e-19
1.6614542e-08
2.2000367e-20
1.6614542e-08
1.8915188e-19
1.6614542e-08
4.9893663e-19
1.6614542e-08
4.4659664e-19
1.6614542e-08
7.1732388e-19
1.6614542e-08
9.1062285e-19
1.6614542e-08
1.2428071e-18
1.6614542e-08
1.6032771e-18
1.6614542e-08
3.1888241e-18
1.6614542e-08
2.6573909e-18
1.6614542e-08
1.0462402e-17
1.6614542e-08
9.4610227e-18
1.6614542e-08
1.0766532e-18
7.9225676e-18
2.7730618e-08
4.4146365e-14
2.7730592e-08
4.7255217e-14
2.7730567e-08
4.4381755e-14
2.7730543e-08
4.3806485e-14
2.7730519e-08
4.3584051e-14
2.7730495e-08
4.3346692e-14
2.7730471e-08
4.3102562e-14
2.7730447e-08
4.2861831e-14
2.7730423e-08
4.2622004e-14
2.77304e-08
4.2377372e-14
2.7730376e-08
4.2131687e-14
2.7730353e-08
4.1885636e-14
2.773033e-08
4.1636122e-14
2.7730307e-08
4.1391132e-14
2.7730284e-08
4.1146223e-14
2.7730261e-08
4.0895972e-14
2.7730238e-08
4.0645348e-14
2.7730216e-08
4.039407e-14
2.7730194e-08
4.0140755e-14
2.7730171e-08
3.9885974e-14
2.7730149e-08
3.962997e-14
2.7730127e-08
3.9373269e-14
2.7730106e-08
3.9116097e-14
2.7730084e-08
3.8857827e-14
2.7730063e-08
3.8598558e-14
2.7730041e-08
3.8338521e-14
2.773002e-08
3.8077337e-14
2.7729999e-08
3.7814885e-14
2.7729978e-08
3.7551756e-14
2.7729957e-08
3.7287728e-14
2.7729937e-08
3.7022511e-14
2.7729916e-08
3.6756525e-14
2.7729896e-08
3.6489536e-14
2.7729876e-08
3.6221616e-14
2.7729856e-08
3.5952941e-14
2.7729836e-08
3.5683333e-14
2.7729816e-08
3.5412545e-14
2.7729797e-08
3.5139336e-14
2.7729777e-08
3.4915652e-14
2.7729767e-08
1.8018674e-14
2.7729767e-08
3.2892676e-16
2.7729767e-08
-1.4010714e-16
2.7729767e-08
-2.4364697e-17
2.7729767e-08
-1.4120474e-17
2.7729767e-08
-1.2098367e-17
2.7729767e-08
-1.1158565e-17
2.7729767e-08
-1.0144352e-17
2.7729767e-08
-9.415482e-18
2.7729767e-08
-8.1195059e-18
2.7729767e-08
-7.6960447e-18
2.7729767e-08
-7.2435935e-18
2.7729767e-08
-6.1342275e-18
2.7729767e-08
-6.1814345e-18
2.7729767e-08
-6.2608497e-18
2.7729767e-08
-5.5737137e-18
2.7729767e-08
-4.8596751e-18
2.7729767e-08
-4.9217158e-18
2.7729767e-08
-4.451264e-18
2.7729767e-08
-4.1225067e-18
2.7729767e-08
-3.8919604e-18
2.7729767e-08
-3.7674453e-18
2.7729767e-08
-3.7680445e-18
2.7729767e-08
-3.5296905e-18
2.7729767e-08
-3.3685776e-18
2.7729767e-08
-2.8308021e-18
2.7729767e-08
-2.8510371e-18
2.7729767e-08
-3.1520774e-18
2.7729767e-08
-2.7073862e-18
2.7729767e-08
-2.5987703e-18
2.7729767e-08
-2.5470954e-18
2.7729767e-08
-2.1932207e-18
2.7729767e-08
-2.2428686e-18
2.7729767e-08
-2.1522638e-18
2.7729767e-08
-2.0508376e-18
2.7729767e-08
-2.1980954e-18
2.7729767e-08
-1.8046847e-18
2.7729767e-08
-1.4151957e-18
2.7729767e-08
-1.9517353e-18
2.7729767e-08
-1.9023237e-18
2.7729767e-08
-1.5068291e-18
2.7729767e-08
-1.363147e-18
2.7729767e-08
-1.5112304e-18
2.7729767e-08
-1.3017608e-18
2.7729767e-08
-1.2365309e-18
2.7729767e-08
-1.3719094e-18
2.7729767e-08
-1.369446e-18
2.7729767e-08
-1.3516309e-18
2.7729767e-08
-9.1205639e-19
2.7729767e-08
-1.1761684e-18
2.7729767e-08
-1.0673957e-18
2.7729767e-08
-7.6340361e-19
2.7729767e-08
-1.0822784e-18
2.7729767e-08
-1.2225891e-18
2.7729767e-08
-5.7323851e-19
2.7729767e-08
-8.0957153e-19
2.7729767e-08
-1.0255036e-18
2.7729767e-08
-4.4441993e-19
2.7729767e-08
-7.6433e-19
2.7729767e-08
-8.2555911e-19
2.7729767e-08
-4.8699119e-19
2.7729767e-08
-5.2874619e-19
2.7729767e-08
-5.8039552e-19
2.7729767e-08
-6.881035e-19
2.7729767e-08
-6.6355399e-19
2.7729767e-08
-4.703283e-19
2.7729767e-08
2.4499592e-20
2.7729767e-08
-6.2116554e-19
2.7729767e-08
-6.8845485e-19
2.7729767e-08
-3.0674881e-20
2.7729767e-08
-1.9550085e-19
2.7729767e-08
-8.2222624e-20
2.7729767e-08
-5.4205582e-19
2.7729767e-08
-3.2318348e-19
2.7729767e-08
2.3745636e-19
2.7729767e-08
5.3736486e-20
2.7729767e-08
-2.3788909e-19
2.7729767e-08
3.8180411e-19
2.7729767e-08
6.6545818e-19
2.7729767e-08
4.2998061e-20
2.7729767e-08
4.1600158e-19
2.7729767e-08
1.1093793e-18
2.7729767e-08
9.86635e-19
2.7729767e-08
1.5892005e-18
2.7729767e-08
2.0143588e-18
2.7729767e-08
2.7491696e-18
2.7729767e-08
3.5387206e-18
2.7729767e-08
7.0842322e-18
2.7729767e-08
5.808621e-18
2.7729767e-08
2.3300481e-17
2.7729767e-08
2.0574364e-17
2.7729767e-08
5.6920642e-18
1.6921708e-17
3.8906595e-08
7.8645764e-14
3.8906558e-08
8.419365e-14
3.8906523e-08
7.907294e-14
3.8906489e-08
7.8043859e-14
3.8906455e-08
7.7647269e-14
3.8906421e-08
7.7224578e-14
3.8906387e-08
7.678993e-14
3.8906354e-08
7.6361079e-14
3.8906321e-08
7.5933671e-14
3.8906288e-08
7.5497992e-14
3.8906255e-08
7.5060373e-14
3.8906222e-08
7.4621908e-14
3.8906189e-08
7.4177684e-14
3.8906157e-08
7.3741084e-14
3.8906125e-08
7.3304448e-14
3.8906093e-08
7.2858693e-14
3.8906061e-08
7.2412213e-14
3.890603e-08
7.1964543e-14
3.8905998e-08
7.1513267e-14
3.8905967e-08
7.1059373e-14
3.8905936e-08
7.0603299e-14
3.8905905e-08
7.0145967e-14
3.8905875e-08
6.9687786e-14
3.8905844e-08
6.9227652e-14
3.8905814e-08
6.8765741e-14
3.8905784e-08
6.8302465e-14
3.8905754e-08
6.7837147e-14
3.8905725e-08
6.736957e-14
3.8905695e-08
6.6900786e-14
3.8905666e-08
6.6430397e-14
3.8905637e-08
6.5957891e-14
3.8905609e-08
6.5484012e-14
3.890558e-08
6.5008345e-14
3.8905552e-08
6.453102e-14
3.8905524e-08
6.4052352e-14
3.8905496e-08
6.3572012e-14
3.8905468e-08
6.3089579e-14
3.8905441e-08
6.2602898e-14
3.8905413e-08
6.2204672e-14
3.8905399e-08
3.2103156e-14
3.8905399e-08
5.8731069e-16
3.8905399e-08
-2.4963931e-16
3.8905399e-08
-4.3026495e-17
3.8905399e-08
-2.484485e-17
3.8905399e-08
-2.1292766e-17
3.8905399e-08
-1.9643664e-17
3.8905399e-08
-1.7864706e-17
3.8905399e-08
-1.6591947e-17
3.8905399e-08
-1.4306085e-17
3.8905399e-08
-1.3561159e-17
3.8905399e-08
-1.274938e-17
3.8905399e-08
-1.082231e-17
3.8905399e-08
-1.0885444e-17
3.8905399e-08
-1.0997176e-17
3.8905399e-08
-9.8260746e-18
3.8905399e-08
-8.5624566e-18
3.8905399e-08
-8.6735567e-18
3.8905399e-08
-7.8423972e-18
3.8905399e-08
-7.2614028e-18
3.8905399e-08
-6.8550218e-18
3.8905399e-08
-6.6358099e-18
3.8905399e-08
-6.6393472e-18
3.8905399e-08
-6.2178034e-18
3.8905399e-08
-5.9342697e-18
3.8905399e-08
-4.9795566e-18
3.8905399e-08
-5.0184899e-18
3.8905399e-08
-5.5565712e-18
3.8905399e-08
-4.7692372e-18
3.8905399e-08
-4.5781037e-18
3.8905399e-08
-4.4877636e-18
3.8905399e-08
-3.8604794e-18
3.8905399e-08
-3.9506509e-18
3.8905399e-08
-3.7913981e-18
3.8905399e-08
-3.611513e-18
3.8905399e-08
-3.8749902e-18
3.8905399e-08
-3.1763823e-18
3.8905399e-08
-2.4854065e-18
3.8905399e-08
-3.4407825e-18
3.8905399e-08
-3.3543199e-18
3.8905399e-08
-2.6521505e-18
3.8905399e-08
-2.3974831e-18
3.8905399e-08
-2.6616829e-18
3.8905399e-08
-2.2906406e-18
3.8905399e-08
-2.1753987e-18
3.8905399e-08
-2.4164483e-18
3.8905399e-08
-2.4135542e-18
3.8905399e-08
-2.3825729e-18
3.8905399e-08
-1.6002926e-18
3.8905399e-08
-2.0706385e-18
3.8905399e-08
-1.8804976e-18
3.8905399e-08
-1.3403429e-18
3.8905399e-08
-1.9071e-18
3.8905399e-08
-2.1571133e-18
3.8905399e-08
-1.003173e-18
3.8905399e-08
-1.424708e-18
3.8905399e-08
-1.8095673e-18
3.8905399e-08
-7.7637227e-19
3.8905399e-08
-1.3455879e-18
3.8905399e-08
-1.4548942e-18
3.8905399e-08
-8.5348591e-19
3.8905399e-08
-9.2866941e-19
3.8905399e-08
-1.0212185e-18
3.8905399e-08
-1.2131025e-18
3.8905399e-08
-1.1697963e-18
3.8905399e-08
-8.2666677e-19
3.8905399e-08
5.2127383e-20
3.8905399e-08
-1.0964519e-18
3.8905399e-08
-1.2166659e-18
3.8905399e-08
-4.7873266e-20
3.8905399e-08
-3.4163458e-19
3.8905399e-08
-1.4080832e-19
3.8905399e-08
-9.5962128e-19
3.8905399e-08
-5.7202509e-19
3.8905399e-08
4.2404823e-19
3.8905399e-08
9.64514e-20
3.8905399e-08
-4.2442827e-19
3.8905399e-08
6.7511883e-19
3.8905399e-08
1.1766089e-18
3.8905399e-08
6.6226387e-20
3.8905399e-08
7.2512559e-19
3.8905399e-08
1.9521835e-18
3.8905399e-08
1.7265852e-18
3.8905399e-08
2.7874111e-18
3.8905399e-08
3.5290416e-18
3.8905399e-08
4.8136544e-18
3.8905399e-08
6.1912264e-18
3.8905399e-08
1.2440492e-17
3.8905399e-08
1.0108463e-17
3.8905399e-08
4.0920646e-17
3.8905399e-08
3.5710309e-17
3.8905399e-08
1.3701842e-17
3.0100744e-17
5.0167103e-08
1.2321073e-13
5.0167055e-08
1.3192055e-13
5.016701e-08
1.2389383e-13
5.0166966e-08
1.2227422e-13
5.0166922e-08
1.2165241e-13
5.0166878e-08
1.2099043e-13
5.0166835e-08
1.2030987e-13
5.0166791e-08
1.1963799e-13
5.0166748e-08
1.1896818e-13
5.0166706e-08
1.1828579e-13
5.0166663e-08
1.1760026e-13
5.0166621e-08
1.1691318e-13
5.0166579e-08
1.1621759e-13
5.0166537e-08
1.1553339e-13
5.0166495e-08
1.1484884e-13
5.0166454e-08
1.1415053e-13
5.0166413e-08
1.1345105e-13
5.0166372e-08
1.1274966e-13
5.0166332e-08
1.1204266e-13
5.0166292e-08
1.1133155e-13
5.0166252e-08
1.1061703e-13
5.0166212e-08
1.0990051e-13
5.0166172e-08
1.0918264e-13
5.0166133e-08
1.0846171e-13
5.0166094e-08
1.0773801e-13
5.0166055e-08
1.0701217e-13
5.0166017e-08
1.0628313e-13
5.0165979e-08
1.0555055e-13
5.0165941e-08
1.0481608e-13
5.0165903e-08
1.0407909e-13
5.0165866e-08
1.0333879e-13
5.0165829e-08
1.0259633e-13
5.0165792e-08
1.0185107e-13
5.0165755e-08
1.0110322e-13
5.0165719e-08
1.0035326e-13
5.0165683e-08
9.9600667e-14
5.0165647e-08
9.8844808e-14
5.0165612e-08
9.808239e-14
5.0165576e-08
9.745899e-14
5.0165558e-08
5.0300923e-14
5.0165558e-08
9.2281364e-16
5.0165558e-08
-3.9139839e-16
5.0165558e-08
-6.6881736e-17
5.0165558e-08
-3.847003e-17
5.0165558e-08
-3.2978271e-17
5.0165558e-08
-3.0430673e-17
5.0165558e-08
-2.7685091e-17
5.0165558e-08
-2.5727708e-17
5.0165558e-08
-2.2180486e-17
5.0165558e-08
-2.1029189e-17
5.0165558e-08
-1.9747732e-17
5.0165558e-08
-1.6801777e-17
5.0165558e-08
-1.6871347e-17
5.0165558e-08
-1.7000265e-17
5.0165558e-08
-1.5241433e-17
5.0165558e-08
-1.3276529e-17
5.0165558e-08
-1.3452821e-17
5.0165558e-08
-1.2159133e-17
5.0165558e-08
-1.1255508e-17
5.0165558e-08
-1.0625413e-17
5.0165558e-08
-1.0287142e-17
5.0165558e-08
-1.029482e-17
5.0165558e-08
-9.638821e-18
5.0165558e-08
-9.1988157e-18
5.0165558e-08
-7.7110485e-18
5.0165558e-08
-7.7745617e-18
5.0165558e-08
-8.6202949e-18
5.0165558e-08
-7.3931193e-18
5.0165558e-08
-7.0972599e-18
5.0165558e-08
-6.958852e-18
5.0165558e-08
-5.9804151e-18
5.0165558e-08
-6.1238331e-18
5.0165558e-08
-5.877479e-18
5.0165558e-08
-5.5978164e-18
5.0165558e-08
-6.0109673e-18
5.0165558e-08
-4.9204044e-18
5.0165558e-08
-3.8427794e-18
5.0165558e-08
-5.3380181e-18
5.0165558e-08
-5.2039688e-18
5.0165558e-08
-4.108156e-18
5.0165558e-08
-3.7118577e-18
5.0165558e-08
-4.1253777e-18
5.0165558e-08
-3.5473493e-18
5.0165558e-08
-3.3687198e-18
5.0165558e-08
-3.7456789e-18
5.0165558e-08
-3.7432811e-18
5.0165558e-08
-3.695917e-18
5.0165558e-08
-2.4715019e-18
5.0165558e-08
-3.2086408e-18
5.0165558e-08
-2.9153261e-18
5.0165558e-08
-2.0723827e-18
5.0165558e-08
-2.9576728e-18
5.0165558e-08
-3.3484971e-18
5.0165558e-08
-1.5455289e-18
5.0165558e-08
-2.2059306e-18
5.0165558e-08
-2.8094552e-18
5.0165558e-08
-1.1945719e-18
5.0165558e-08
-2.0848606e-18
5.0165558e-08
-2.2562753e-18
5.0165558e-08
-1.3164639e-18
5.0165558e-08
-1.4353338e-18
5.0165558e-08
-1.5817774e-18
5.0165558e-08
-1.8817081e-18
5.0165558e-08
-1.814741e-18
5.0165558e-08
-1.2788509e-18
5.0165558e-08
9.3262397e-20
5.0165558e-08
-1.7032154e-18
5.0165558e-08
-1.8913381e-18
5.0165558e-08
-6.5720193e-20
5.0165558e-08
-5.258567e-19
5.0165558e-08
-2.1251013e-19
5.0165558e-08
-1.4939936e-18
5.0165558e-08
-8.9070817e-19
5.0165558e-08
6.6525538e-19
5.0165558e-08
1.5177511e-19
5.0165558e-08
-6.6554417e-19
5.0165558e-08
1.049626e-18
5.0165558e-08
1.8292585e-18
5.0165558e-08
8.8766921e-20
5.0165558e-08
1.1127808e-18
5.0165558e-08
3.022342e-18
5.0165558e-08
2.6592054e-18
5.0165558e-08
4.3023736e-18
5.0165558e-08
5.4416535e-18
5.0165558e-08
7.4166726e-18
5.0165558e-08
9.5376983e-18
5.0165558e-08
1.921243e-17
5.0165558e-08
1.5519977e-17
5.0165558e-08
6.314488e-17
5.0165558e-08
5.4682804e-17
5.0165558e-08
2.5552292e-17
4.7924407e-17
6.153622e-08
1.7799565e-13
6.1536161e-08
1.9060959e-13
6.1536106e-08
1.7900523e-13
6.1536052e-08
1.7665346e-13
6.1535998e-08
1.7575449e-13
6.1535944e-08
1.7479849e-13
6.153589e-08
1.7381583e-13
6.1535837e-08
1.7284517e-13
6.1535784e-08
1.7187726e-13
6.1535732e-08
1.7089165e-13
6.1535679e-08
1.6990139e-13
6.1535627e-08
1.6890862e-13
6.1535576e-08
1.6790417e-13
6.1535524e-08
1.6691548e-13
6.1535473e-08
1.6592589e-13
6.1535422e-08
1.6491706e-13
6.1535372e-08
1.6390653e-13
6.1535322e-08
1.6289321e-13
6.1535272e-08
1.6187183e-13
6.1535222e-08
1.6084451e-13
6.1535173e-08
1.5981224e-13
6.1535124e-08
1.5877706e-13
6.1535076e-08
1.5773991e-13
6.1535027e-08
1.5669834e-13
6.153498e-08
1.5565276e-13
6.1534932e-08
1.546041e-13
6.1534885e-08
1.5355083e-13
6.1534838e-08
1.5249244e-13
6.1534791e-08
1.5143132e-13
6.1534745e-08
1.5036655e-13
6.1534699e-08
1.4929699e-13
6.1534653e-08
1.4822432e-13
6.1534608e-08
1.471476e-13
6.1534563e-08
1.4606713e-13
6.1534518e-08
1.4498362e-13
6.1534474e-08
1.4389629e-13
6.153443e-08
1.4280426e-13
6.1534387e-08
1.4170288e-13
6.1534343e-08
1.4080312e-13
6.1534321e-08
7.2677993e-14
6.153432e-08
1.3379333e-15
6.1534321e-08
-5.6618566e-16
6.1534321e-08
-9.5943349e-17
6.1534321e-08
-5.4957244e-17
6.1534321e-08
-4.712785e-17
6.1534321e-08
-4.3493655e-17
6.1534321e-08
-3.958212e-17
6.1534321e-08
-3.6805944e-17
6.1534321e-08
-3.1730604e-17
6.1534321e-08
-3.0088318e-17
6.1534321e-08
-2.8221492e-17
6.1534321e-08
-2.4065822e-17
6.1534321e-08
-2.4130349e-17
6.1534321e-08
-2.4250438e-17
6.1534321e-08
-2.1810728e-17
6.1534321e-08
-1.8990719e-17
6.1534321e-08
-1.9247429e-17
6.1534321e-08
-1.7391713e-17
6.1534321e-08
-1.6094985e-17
6.1534321e-08
-1.5193672e-17
6.1534321e-08
-1.471277e-17
6.1534321e-08
-1.4726748e-17
6.1534321e-08
-1.3785914e-17
6.1534321e-08
-1.3156893e-17
6.1534321e-08
-1.1015739e-17
6.1534321e-08
-1.1113422e-17
6.1534321e-08
-1.2336718e-17
6.1534321e-08
-1.0574644e-17
6.1534321e-08
-1.0151372e-17
6.1534321e-08
-9.9553146e-18
6.1534321e-08
-8.5481903e-18
6.1534321e-08
-8.7581256e-18
6.1534321e-08
-8.4067612e-18
6.1534321e-08
-8.0055013e-18
6.1534321e-08
-8.602589e-18
6.1534321e-08
-7.0329337e-18
6.1534321e-08
-5.4834498e-18
6.1534321e-08
-7.639993e-18
6.1534321e-08
-7.4477613e-18
6.1534321e-08
-5.8713239e-18
6.1534321e-08
-5.3023338e-18
6.1534321e-08
-5.8989259e-18
6.1534321e-08
-5.0688893e-18
6.1534321e-08
-4.8132831e-18
6.1534321e-08
-5.3560651e-18
6.1534321e-08
-5.3557804e-18
6.1534321e-08
-5.2892335e-18
6.1534321e-08
-3.5229962e-18
6.1534321e-08
-4.586924e-18
6.1534321e-08
-4.170778e-18
6.1534321e-08
-2.9569767e-18
6.1534321e-08
-4.2310929e-18
6.1534321e-08
-4.7949085e-18
6.1534321e-08
-2.1986443e-18
6.1534321e-08
-3.1514949e-18
6.1534321e-08
-4.0231593e-18
6.1534321e-08
-1.6977804e-18
6.1534321e-08
-2.9800815e-18
6.1534321e-08
-3.228185e-18
6.1534321e-08
-1.8746486e-18
6.1534321e-08
-2.0475248e-18
6.1534321e-08
-2.259905e-18
6.1534321e-08
-2.6924096e-18
6.1534321e-08
-2.5970832e-18
6.1534321e-08
-1.8250659e-18
6.1534321e-08
1.492121e-19
6.1534321e-08
-2.4399071e-18
6.1534321e-08
-2.711686e-18
6.1534321e-08
-8.3535564e-20
6.1534321e-08
-7.4691644e-19
6.1534321e-08
-2.9658059e-19
6.1534321e-08
-2.1447112e-18
6.1534321e-08
-1.2793298e-18
6.1534321e-08
9.6092512e-19
6.1534321e-08
2.1989337e-19
6.1534321e-08
-9.616897e-19
6.1534321e-08
1.5044148e-18
6.1534321e-08
2.6220846e-18
6.1534321e-08
1.0841576e-19
6.1534321e-08
1.57567e-18
6.1534321e-08
4.3155056e-18
6.1534321e-08
3.7790518e-18
6.1534321e-08
6.1265911e-18
6.1534321e-08
7.7419018e-18
6.1534321e-08
1.0542392e-17
6.1534321e-08
1.3559732e-17
6.1534321e-08
2.7363798e-17
6.1534321e-08
2.2014387e-17
6.1534321e-08
8.9831882e-17
6.1534321e-08
7.7338168e-17
6.1534321e-08
4.1629802e-17
7.0801211e-17
7.3037967e-08
2.4318768e-13
7.3037897e-08
2.6047161e-13
7.3037831e-08
2.4460211e-13
7.3037767e-08
2.4137063e-13
7.3037702e-08
2.4014151e-13
7.3037638e-08
2.3883581e-13
7.3037574e-08
2.3749389e-13
7.3037511e-08
2.3616763e-13
7.3037448e-08
2.3484487e-13
7.3037386e-08
2.3349855e-13
7.3037323e-08
2.3214568e-13
7.3037261e-08
2.3078905e-13
7.30372e-08
2.2941723e-13
7.3037139e-08
2.280661e-13
7.3037078e-08
2.267132e-13
7.3037018e-08
2.2533477e-13
7.3036957e-08
2.2395407e-13
7.3036898e-08
2.2256951e-13
7.3036838e-08
2.2117403e-13
7.303678e-08
2.197704e-13
7.3036721e-08
2.1836e-13
7.3036663e-08
2.1694559e-13
7.3036605e-08
2.1552843e-13
7.3036548e-08
2.1410525e-13
7.3036491e-08
2.1267661e-13
7.3036434e-08
2.1124375e-13
7.3036378e-08
2.0980459e-13
7.3036322e-08
2.0835845e-13
7.3036266e-08
2.0690856e-13
7.3036211e-08
2.0545369e-13
7.3036157e-08
2.0399228e-13
7.3036102e-08
2.025266e-13
7.3036048e-08
2.0105539e-13
7.3035995e-08
1.9957906e-13
7.3035942e-08
1.9809858e-13
7.3035889e-08
1.9661286e-13
7.3035837e-08
1.9512074e-13
7.3035785e-08
1.9361601e-13
7.3035733e-08
1.9238802e-13
7.3035707e-08
9.9314489e-14
7.3035706e-08
1.835744e-15
7.3035706e-08
-7.7500582e-16
7.3035706e-08
-1.3026181e-16
7.3035706e-08
-7.4286952e-17
7.3035706e-08
-6.3724494e-17
7.3035706e-08
-5.8818597e-17
7.3035706e-08
-5.3545633e-17
7.3035706e-08
-4.9818322e-17
7.3035706e-08
-4.2950636e-17
7.3035706e-08
-4.0733475e-17
7.3035706e-08
-3.8164533e-17
7.3035706e-08
-3.2612399e-17
7.3035706e-08
-3.2655183e-17
7.3035706e-08
-3.2736817e-17
7.3035706e-08
-2.9529317e-17
7.3035707e-08
-2.5702452e-17
7.3035707e-08
-2.6055038e-17
7.3035707e-08
-2.3538125e-17
7.3035707e-08
-2.1777642e-17
7.3035707e-08
-2.0558103e-17
7.3035707e-08
-1.9911533e-17
7.3035707e-08
-1.9932353e-17
7.3035707e-08
-1.8656674e-17
7.3035707e-08
-1.780452e-17
7.3035707e-08
-1.4893304e-17
7.3035707e-08
-1.503017e-17
7.3035707e-08
-1.6704509e-17
7.3035707e-08
-1.4311074e-17
7.3035707e-08
-1.3738546e-17
7.3035707e-08
-1.3474515e-17
7.3035707e-08
-1.1561206e-17
7.3035707e-08
-1.1851575e-17
7.3035707e-08
-1.1378136e-17
7.3035707e-08
-1.0832493e-17
7.3035707e-08
-1.1647822e-17
7.3035707e-08
-9.5114603e-18
7.3035707e-08
-7.4056819e-18
7.3035707e-08
-1.0345445e-17
7.3035707e-08
-1.0085577e-17
7.3035707e-08
-7.9407736e-18
7.3035707e-08
-7.168268e-18
7.3035707e-08
-7.9804849e-18
7.3035707e-08
-6.8541558e-18
7.3035707e-08
-6.5081527e-18
7.3035707e-08
-7.2467382e-18
7.3035707e-08
-7.2502721e-18
7.3035707e-08
-7.1609187e-18
7.3035707e-08
-4.7527485e-18
7.3035707e-08
-6.2042129e-18
7.3035707e-08
-5.6448147e-18
7.3035707e-08
-3.9935715e-18
7.3035707e-08
-5.7278712e-18
7.3035707e-08
-6.495733e-18
7.3035707e-08
-2.9607844e-18
7.3035707e-08
-4.2611571e-18
7.3035707e-08
-5.4510073e-18
7.3035707e-08
-2.2844907e-18
7.3035707e-08
-4.0304635e-18
7.3035707e-08
-4.369427e-18
7.3035707e-08
-2.5262621e-18
7.3035707e-08
-2.7639384e-18
7.3035707e-08
-3.056668e-18
7.3035707e-08
-3.6444783e-18
7.3035707e-08
-3.5158005e-18
7.3035707e-08
-2.4643092e-18
7.3035707e-08
2.2086689e-19
7.3035707e-08
-3.3069873e-18
7.3035707e-08
-3.6773578e-18
7.3035707e-08
-1.0044409e-19
7.3035707e-08
-1.0049962e-18
7.3035707e-08
-3.9229592e-19
7.3035707e-08
-2.9116562e-18
7.3035707e-08
-1.7383976e-18
7.3035707e-08
1.3122078e-18
7.3035707e-08
3.0151523e-19
7.3035707e-08
-1.3135361e-18
7.3035707e-08
2.0388668e-18
7.3035707e-08
3.5538604e-18
7.3035707e-08
1.2272415e-19
7.3035707e-08
2.1113446e-18
7.3035707e-08
5.8286872e-18
7.3035707e-08
5.0818578e-18
7.3035707e-08
8.2541203e-18
7.3035707e-08
1.0421743e-17
7.3035707e-08
1.4178746e-17
7.3035707e-08
1.8243453e-17
7.3035707e-08
3.6867233e-17
7.3035707e-08
2.9569729e-17
7.3035707e-08
1.2087507e-16
7.3035707e-08
1.0355334e-16
7.3035707e-08
6.2270077e-17
9.9092764e-17
8.4696293e-08
3.1900631e-13
8.4696211e-08
3.4175423e-13
8.4696135e-08
3.209133e-13
8.469606e-08
3.166475e-13
8.4695985e-08
3.1503401e-13
8.469591e-08
3.1332187e-13
8.4695836e-08
3.1156236e-13
8.4695763e-08
3.0982246e-13
8.4695689e-08
3.0808688e-13
8.4695616e-08
3.0632112e-13
8.4695544e-08
3.0454654e-13
8.4695472e-08
3.0276664e-13
8.4695401e-08
3.0096772e-13
8.4695329e-08
2.9919498e-13
8.4695259e-08
2.9741915e-13
8.4695188e-08
2.9561076e-13
8.4695119e-08
2.9379949e-13
8.4695049e-08
2.9198312e-13
8.469498e-08
2.9015251e-13
8.4694912e-08
2.8831121e-13
8.4694844e-08
2.8646101e-13
8.4694776e-08
2.8460547e-13
8.4694709e-08
2.8274631e-13
8.4694642e-08
2.8087923e-13
8.4694576e-08
2.79005e-13
8.469451e-08
2.7712524e-13
8.4694444e-08
2.7523722e-13
8.4694379e-08
2.7334005e-13
8.4694315e-08
2.7143795e-13
8.4694251e-08
2.6952931e-13
8.4694187e-08
2.676121e-13
8.4694124e-08
2.6568928e-13
8.4694061e-08
2.6375919e-13
8.4693999e-08
2.6182241e-13
8.4693937e-08
2.5988017e-13
8.4693876e-08
2.5793104e-13
8.4693815e-08
2.5597354e-13
8.4693755e-08
2.5399968e-13
8.4693695e-08
2.5239086e-13
8.4693664e-08
1.3030451e-13
8.4693663e-08
2.419918e-15
8.4693663e-08
-1.019074e-15
8.4693663e-08
-1.6992505e-16
8.4693663e-08
-9.645289e-17
8.4693663e-08
-8.2767746e-17
8.4693663e-08
-7.640482e-17
8.4693663e-08
-6.9574145e-17
8.4693663e-08
-6.4767513e-17
8.4693663e-08
-5.5843976e-17
8.4693663e-08
-5.2969007e-17
8.4693663e-08
-4.9576069e-17
8.4693663e-08
-4.244668e-17
8.4693663e-08
-4.2449111e-17
8.4693663e-08
-4.2455557e-17
8.4693663e-08
-3.8399219e-17
8.4693664e-08
-3.3413092e-17
8.4693664e-08
-3.3876679e-17
8.4693664e-08
-3.0597003e-17
8.4693664e-08
-2.8302427e-17
8.4693664e-08
-2.6720458e-17
8.4693664e-08
-2.5884234e-17
8.4693664e-08
-2.5913462e-17
8.4693664e-08
-2.4251611e-17
8.4693664e-08
-2.3143312e-17
8.4693664e-08
-1.9343104e-17
8.4693664e-08
-1.9527864e-17
8.4693664e-08
-2.1724079e-17
8.4693664e-08
-1.860504e-17
8.4693664e-08
-1.7859887e-17
8.4693664e-08
-1.7517908e-17
8.4693664e-08
-1.502069e-17
8.4693664e-08
-1.5404817e-17
8.4693664e-08
-1.4792294e-17
8.4693664e-08
-1.407995e-17
8.4693664e-08
-1.5147778e-17
8.4693664e-08
-1.2357037e-17
8.4693664e-08
-9.6098691e-18
8.4693664e-08
-1.3455232e-17
8.4693664e-08
-1.3116534e-17
8.4693664e-08
-1.031647e-17
8.4693664e-08
-9.3091371e-18
8.4693664e-08
-1.0370276e-17
8.4693664e-08
-8.9032865e-18
8.4693664e-08
-8.4539779e-18
8.4693664e-08
-9.4171728e-18
8.4693664e-08
-9.4267564e-18
8.4693664e-08
-9.3117327e-18
8.4693664e-08
-6.1600428e-18
8.4693664e-08
-8.0597188e-18
8.4693664e-08
-7.3398515e-18
8.4693664e-08
-5.1822275e-18
8.4693664e-08
-7.4466815e-18
8.4693664e-08
-8.4507441e-18
8.4693664e-08
-3.8317333e-18
8.4693664e-08
-5.533682e-18
8.4693664e-08
-7.0935879e-18
8.4693664e-08
-2.9546036e-18
8.4693664e-08
-5.2359662e-18
8.4693664e-08
-5.6802878e-18
8.4693664e-08
-3.2708392e-18
8.4693664e-08
-3.5849275e-18
8.4693664e-08
-3.9709414e-18
8.4693664e-08
-4.7377799e-18
8.4693664e-08
-4.5715214e-18
8.4693664e-08
-3.1964907e-18
8.4693664e-08
3.082778e-19
8.4693664e-08
-4.3043152e-18
8.4693664e-08
-4.7883836e-18
8.4693664e-08
-1.166963e-19
8.4693664e-08
-1.2996931e-18
8.4693664e-08
-4.9906124e-19
8.4693664e-08
-3.7948043e-18
8.4693664e-08
-2.2686279e-18
8.4693664e-08
1.7180858e-18
8.4693664e-08
3.9673796e-19
8.4693664e-08
-1.7213994e-18
8.4693664e-08
2.6525905e-18
8.4693664e-08
4.623911e-18
8.4693664e-08
1.3029883e-19
8.4693664e-08
2.7178947e-18
8.4693664e-08
7.5597249e-18
8.4693664e-08
6.5646604e-18
8.4693664e-08
1.0681608e-17
8.4693664e-08
1.3475799e-17
8.4693664e-08
1.8316981e-17
8.4693664e-08
2.3579012e-17
8.4693664e-08
4.770402e-17
8.4693664e-08
3.8171374e-17
8.4693664e-08
1.5620108e-16
8.4693664e-08
1.3323408e-16
8.4693664e-08
8.7765988e-17
1.3312171e-16
9.6535063e-08
4.0570301e-13
9.653497e-08
4.3474167e-13
9.6534882e-08
4.0820122e-13
9.6534796e-08
4.0273831e-13
9.6534711e-08
4.0068486e-13
9.6534625e-08
3.9850826e-13
9.6534541e-08
3.9627146e-13
9.6534456e-08
3.9405848e-13
9.6534373e-08
3.918507e-13
9.6534289e-08
3.8960544e-13
9.6534207e-08
3.8734863e-13
9.6534124e-08
3.8508459e-13
9.6534042e-08
3.8279745e-13
9.6533961e-08
3.8054248e-13
9.653388e-08
3.7828263e-13
9.65338e-08
3.7598241e-13
9.653372e-08
3.736787e-13
9.6533641e-08
3.7136848e-13
9.6533562e-08
3.6904027e-13
9.6533483e-08
3.6669846e-13
9.6533405e-08
3.6434529e-13
9.6533328e-08
3.6198529e-13
9.6533251e-08
3.5962059e-13
9.6533175e-08
3.5724584e-13
9.6533099e-08
3.5486199e-13
9.6533024e-08
3.5247111e-13
9.6532949e-08
3.5006974e-13
9.6532874e-08
3.4765674e-13
9.6532801e-08
3.4523746e-13
9.6532727e-08
3.4280985e-13
9.6532655e-08
3.4037134e-13
9.6532582e-08
3.3792569e-13
9.6532511e-08
3.354708e-13
9.6532439e-08
3.330074e-13
9.6532369e-08
3.3053704e-13
9.6532299e-08
3.2805791e-13
9.6532229e-08
3.2556816e-13
9.653216e-08
3.2305783e-13
9.6532091e-08
3.2101471e-13
9.6532056e-08
1.6575606e-13
9.6532055e-08
3.0947425e-15
9.6532056e-08
-1.2998219e-15
9.6532056e-08
-2.1505938e-16
9.6532056e-08
-1.2146663e-16
9.6532056e-08
-1.0427227e-16
9.6532056e-08
-9.626404e-17
9.6532056e-08
-8.7679978e-17
9.6532056e-08
-8.1666694e-17
9.6532056e-08
-7.042626e-17
9.6532056e-08
-6.6808197e-17
9.6532056e-08
-6.2467852e-17
9.6532056e-08
-5.3581695e-17
9.6532056e-08
-5.3520098e-17
9.6532056e-08
-5.3412906e-17
9.6532056e-08
-4.8429199e-17
9.6532056e-08
-4.212922e-17
9.6532056e-08
-4.2719232e-17
9.6532056e-08
-3.8577642e-17
9.6532056e-08
-3.5675772e-17
9.6532056e-08
-3.3684252e-17
9.6532056e-08
-3.2637667e-17
9.6532056e-08
-3.2674566e-17
9.6532056e-08
-3.0575863e-17
9.6532056e-08
-2.9178014e-17
9.6532056e-08
-2.4368365e-17
9.6532056e-08
-2.4608563e-17
9.6532056e-08
-2.7400779e-17
9.6532056e-08
-2.3460114e-17
9.6532056e-08
-2.2519428e-17
9.6532056e-08
-2.208942e-17
9.6532056e-08
-1.8929148e-17
9.6532056e-08
-1.9421599e-17
9.6532056e-08
-1.8653153e-17
9.6532056e-08
-1.7750199e-17
9.6532056e-08
-1.9104826e-17
9.6532056e-08
-1.5570685e-17
9.6532056e-08
-1.209857e-17
9.6532056e-08
-1.6972726e-17
9.6532056e-08
-1.65437e-17
9.6532056e-08
-1.3001125e-17
9.6532056e-08
-1.1727576e-17
9.6532056e-08
-1.3069519e-17
9.6532056e-08
-1.1217842e-17
9.6532056e-08
-1.0652357e-17
9.6532056e-08
-1.1869732e-17
9.6532056e-08
-1.1887092e-17
9.6532056e-08
-1.1743446e-17
9.6532056e-08
-7.7460313e-18
9.6532056e-08
-1.0156003e-17
9.6532056e-08
-9.2562125e-18
9.6532056e-08
-6.5248869e-18
9.6532056e-08
-9.3900815e-18
9.6532056e-08
-1.0661805e-17
9.6532056e-08
-4.8122642e-18
9.6532056e-08
-6.9712247e-18
9.6532056e-08
-8.9519001e-18
9.6532056e-08
-3.7098508e-18
9.6532056e-08
-6.5971984e-18
9.6532056e-08
-7.1614981e-18
9.6532056e-08
-4.1086728e-18
9.6532056e-08
-4.5103987e-18
9.6532056e-08
-5.0043305e-18
9.6532056e-08
-5.9731154e-18
9.6532056e-08
-5.7642475e-18
9.6532056e-08
-4.0214701e-18
9.6532056e-08
4.1139496e-19
9.6532056e-08
-5.4328605e-18
9.6532056e-08
-6.045542e-18
9.6532056e-08
-1.3257467e-19
9.6532056e-08
-1.6310517e-18
9.6532056e-08
-6.1683448e-19
9.6532056e-08
-4.7945756e-18
9.6532056e-08
-2.870822e-18
9.6532056e-08
2.1792322e-18
9.6532056e-08
5.0596652e-19
9.6532056e-08
-2.1856373e-18
9.6532056e-08
3.3449255e-18
9.6532056e-08
5.8314679e-18
9.6532056e-08
1.2979321e-19
9.6532056e-08
3.394552e-18
9.6532056e-08
9.5073872e-18
9.6532056e-08
8.2259204e-18
9.6532056e-08
1.3406789e-17
9.6532056e-08
1.6901083e-17
9.6532056e-08
2.2952129e-17
9.6532056e-08
2.9561335e-17
9.6532056e-08
5.9863548e-17
9.6532056e-08
4.7811122e-17
9.6532056e-08
1.957682e-16
9.6532056e-08
1.6631373e-16
9.6532056e-08
1.1837377e-16
1.7317833e-16
1.0857804e-07
5.0356087e-13
1.0857794e-07
5.3975449e-13
1.0857784e-07
5.0676165e-13
1.0857774e-07
4.9992945e-13
1.0857764e-07
4.973789e-13
1.0857755e-07
4.9467842e-13
1.0857745e-07
4.9190311e-13
1.0857736e-07
4.8915602e-13
1.0857726e-07
4.8641509e-13
1.0857717e-07
4.8362868e-13
1.0857708e-07
4.8082755e-13
1.0857698e-07
4.7801684e-13
1.0857689e-07
4.7517878e-13
1.085768e-07
4.7237938e-13
1.0857671e-07
4.6957274e-13
1.0857662e-07
4.6671714e-13
1.0857653e-07
4.6385749e-13
1.0857644e-07
4.6098974e-13
1.0857635e-07
4.580998e-13
1.0857626e-07
4.5519297e-13
1.0857617e-07
4.5227202e-13
1.0857608e-07
4.493425e-13
1.08576e-07
4.4640707e-13
1.0857591e-07
4.4345917e-13
1.0857583e-07
4.4049998e-13
1.0857574e-07
4.3753206e-13
1.0857566e-07
4.3455113e-13
1.0857557e-07
4.3155579e-13
1.0857549e-07
4.2855261e-13
1.0857541e-07
4.255391e-13
1.0857532e-07
4.2251207e-13
1.0857524e-07
4.1947615e-13
1.0857516e-07
4.1642877e-13
1.0857508e-07
4.1337084e-13
1.08575e-07
4.1030426e-13
1.0857492e-07
4.0722676e-13
1.0857484e-07
4.0413612e-13
1.0857477e-07
4.0102018e-13
1.0857469e-07
3.9848837e-13
1.0857465e-07
2.0579093e-13
1.0857465e-07
3.8651529e-15
1.0857465e-07
-1.6188987e-15
1.0857465e-07
-2.6583107e-16
1.0857465e-07
-1.4935597e-16
1.0857465e-07
-1.2826378e-16
1.0857465e-07
-1.1842026e-16
1.0857465e-07
-1.0788663e-16
1.0857465e-07
-1.0053871e-16
1.0857465e-07
-8.6718479e-17
1.0857465e-07
-8.2272139e-17
1.0857465e-07
-7.6856222e-17
1.0857465e-07
-6.6034715e-17
1.0857465e-07
-6.5883672e-17
1.0857465e-07
-6.5619976e-17
1.0857465e-07
-5.9633791e-17
1.0857465e-07
-5.1864609e-17
1.0857465e-07
-5.2594156e-17
1.0857465e-07
-4.4761929e-17
1.0857465e-07
1.6991478e-16
1.0857465e-07
-3.8733399e-17
1.0857465e-07
-4.0182415e-17
1.0857465e-07
-4.0226246e-17
1.0857465e-07
-3.7639014e-17
1.0857465e-07
-3.5917499e-17
1.0857465e-07
-2.9977572e-17
1.0857465e-07
-3.0280517e-17
1.0857465e-07
-3.3741993e-17
1.0857465e-07
-2.8885362e-17
1.0857465e-07
-2.7723618e-17
1.0857465e-07
-2.7194829e-17
1.0857465e-07
-2.3292316e-17
1.0857465e-07
-2.3907116e-17
1.0857465e-07
-2.2966532e-17
1.0857465e-07
-2.1849516e-17
1.0857465e-07
-2.352456e-17
1.0857465e-07
-1.9158027e-17
1.0857465e-07
-1.4875744e-17
1.0857465e-07
-2.0902361e-17
1.0857465e-07
-2.037205e-17
1.0857465e-07
-1.599824e-17
1.0857465e-07
-1.4427599e-17
1.0857465e-07
-1.6081812e-17
1.0857465e-07
-1.3801815e-17
1.0857465e-07
-1.3106973e-17
1.0857465e-07
-1.460645e-17
1.0857465e-07
-1.4634672e-17
1.0857465e-07
-1.4458718e-17
1.0857465e-07
-9.5127616e-18
1.0857465e-07
-1.2494274e-17
1.0857465e-07
-1.1397734e-17
1.0857465e-07
-8.0232446e-18
1.0857465e-07
-1.155928e-17
1.0857465e-07
-1.313097e-17
1.0857465e-07
-5.9037755e-18
1.0857465e-07
-8.5748827e-18
1.0857465e-07
-1.102876e-17
1.0857465e-07
-4.5511653e-18
1.0857465e-07
-8.115537e-18
1.0857465e-07
-8.8148914e-18
1.0857465e-07
-5.0407409e-18
1.0857465e-07
-5.5421751e-18
1.0857465e-07
-6.158904e-18
1.0857465e-07
-7.3516723e-18
1.0857465e-07
-7.0951046e-18
1.0857465e-07
-4.939482e-18
1.0857465e-07
5.2921689e-19
1.0857465e-07
-6.6939002e-18
1.0857465e-07
-7.4497388e-18
1.0857465e-07
-1.486187e-19
1.0857465e-07
-2.0000277e-18
1.0857465e-07
-7.4574489e-19
1.0857465e-07
-5.9114242e-18
1.0857465e-07
-3.5464681e-18
1.0857465e-07
2.69537e-18
1.0857465e-07
6.2994413e-19
1.0857465e-07
-2.7066578e-18
1.0857465e-07
4.1158667e-18
1.0857465e-07
7.1762759e-18
1.0857465e-07
1.2055449e-19
1.0857465e-07
4.1406284e-18
1.0857465e-07
1.1671309e-17
1.0857465e-07
1.0065292e-17
1.0857465e-07
1.6429763e-17
1.0857465e-07
2.0696887e-17
1.0857465e-07
2.8082432e-17
1.0857465e-07
3.6189432e-17
1.0857465e-07
7.33439e-17
1.0857465e-07
5.8487347e-17
1.0857465e-07
2.3956537e-16
1.0857465e-07
2.0275202e-16
1.0857465e-07
1.5431855e-16
2.1952636e-16
1.2084888e-07
6.1289425e-13
1.2084877e-07
6.5714948e-13
1.2084866e-07
6.1692358e-13
1.2084855e-07
6.0853925e-13
1.2084844e-07
6.054327e-13
1.2084833e-07
6.0214738e-13
1.2084823e-07
5.9877062e-13
1.2084812e-07
5.9542661e-13
1.2084801e-07
5.9208984e-13
1.2084791e-07
5.8869894e-13
1.208478e-07
5.8528961e-13
1.208477e-07
5.818679e-13
1.208476e-07
5.7841444e-13
1.2084749e-07
5.7500664e-13
1.2084739e-07
5.7158856e-13
1.2084729e-07
5.681122e-13
1.2084719e-07
5.6463124e-13
1.2084709e-07
5.6114044e-13
1.2084699e-07
5.5762282e-13
1.2084689e-07
5.5408462e-13
1.2084679e-07
5.5052921e-13
1.208467e-07
5.4696326e-13
1.208466e-07
5.4339003e-13
1.208465e-07
5.3980162e-13
1.2084641e-07
5.3619948e-13
1.2084631e-07
5.325867e-13
1.2084622e-07
5.2895811e-13
1.2084612e-07
5.2531198e-13
1.2084603e-07
5.216563e-13
1.2084594e-07
5.1798804e-13
1.2084585e-07
5.1430331e-13
1.2084575e-07
5.1060776e-13
1.2084566e-07
5.0689827e-13
1.2084557e-07
5.0317593e-13
1.2084549e-07
4.9944306e-13
1.208454e-07
4.9569687e-13
1.2084531e-07
4.9193472e-13
1.2084522e-07
4.8814207e-13
1.2084514e-07
4.8506616e-13
1.2084509e-07
2.5054471e-13
1.2084509e-07
4.7367542e-15
1.2084509e-07
-1.978181e-15
1.2084509e-07
-3.2244581e-16
1.2084509e-07
-1.801615e-16
1.2084509e-07
-1.5478522e-16
1.2084509e-07
-1.4291243e-16
1.2084509e-07
-1.3022789e-16
1.2084509e-07
-1.2141777e-16
1.2084509e-07
-1.047549e-16
1.2084509e-07
-9.9390899e-17
1.2084509e-07
-9.2770099e-17
1.2084509e-07
-7.9830981e-17
1.2084509e-07
-7.9562064e-17
1.2084509e-07
-7.9097219e-17
1.2084509e-07
-7.2033548e-17
1.2084509e-07
-6.2638678e-17
1.2084509e-07
-6.352047e-17
1.2084509e-07
-5.1836086e-17
1.2084509e-07
-6.3448722e-17
1.2084509e-07
-4.4551956e-17
1.2084509e-07
-4.8532943e-17
1.2084509e-07
-4.8580534e-17
1.2084509e-07
-4.5452893e-17
1.2084509e-07
-4.3373454e-17
1.2084509e-07
-3.6181174e-17
1.2084509e-07
-3.655342e-17
1.2084509e-07
-4.0758536e-17
1.2084509e-07
-3.4890008e-17
1.2084509e-07
-3.3483477e-17
1.2084509e-07
-3.2843669e-17
1.2084509e-07
-2.8119517e-17
1.2084509e-07
-2.8869742e-17
1.2084509e-07
-2.7741543e-17
1.2084509e-07
-2.6385004e-17
1.2084509e-07
-2.8414845e-17
1.2084509e-07
-2.312485e-17
1.2084509e-07
-1.7948788e-17
1.2084509e-07
-2.5251153e-17
1.2084509e-07
-2.4607063e-17
1.2084509e-07
-1.9313545e-17
1.2084509e-07
-1.741411e-17
1.2084509e-07
-1.94117e-17
1.2084509e-07
-1.6659651e-17
1.2084509e-07
-1.5823424e-17
1.2084509e-07
-1.7632843e-17
1.2084509e-07
-1.7674053e-17
1.2084509e-07
-1.7462268e-17
1.2084509e-07
-1.1463358e-17
1.2084509e-07
-1.5078556e-17
1.2084509e-07
-1.376887e-17
1.2084509e-07
-9.6813382e-18
1.2084509e-07
-1.3958837e-17
1.2084509e-07
-1.5862039e-17
1.2084509e-07
-7.1091417e-18
1.2084509e-07
-1.0348236e-17
1.2084509e-07
-1.3328179e-17
1.2084509e-07
-5.4814851e-18
1.2084509e-07
-9.7938415e-18
1.2084509e-07
-1.064221e-17
1.2084509e-07
-6.068725e-18
1.2084509e-07
-6.6818331e-18
1.2084509e-07
-7.4364521e-18
1.2084509e-07
-8.8751068e-18
1.2084509e-07
-8.5663256e-18
1.2084509e-07
-5.9517876e-18
1.2084509e-07
6.6084274e-19
1.2084509e-07
-8.0893076e-18
1.2084509e-07
-9.0023092e-18
1.2084509e-07
-1.6625334e-19
1.2084509e-07
-2.4071434e-18
1.2084509e-07
-8.8580408e-19
1.2084509e-07
-7.1459462e-18
1.2084509e-07
-4.2967289e-18
1.2084509e-07
3.2662952e-18
1.2084509e-07
7.6896128e-19
1.2084509e-07
-3.2845062e-18
1.2084509e-07
4.9654339e-18
1.2084509e-07
8.6585372e-18
1.2084509e-07
1.0190698e-19
1.2084509e-07
4.9560072e-18
1.2084509e-07
1.4052216e-17
1.2084509e-07
1.2083947e-17
1.2084509e-07
1.9752245e-17
1.2084509e-07
2.4864784e-17
1.2084509e-07
3.3709955e-17
1.2084509e-07
4.3466257e-17
1.2084509e-07
8.8151007e-17
1.2084509e-07
7.020498e-17
1.2084509e-07
2.8761173e-16
1.2084509e-07
2.4253431e-16
1.2084509e-07
1.9579876e-16
2.7240734e-16
1.3337111e-07
7.340485e-13
1.3337098e-07
7.8731945e-13
1.3337086e-07
7.3904902e-13
1.3337074e-07
7.289177e-13
1.3337062e-07
7.2519436e-13
1.333705e-07
7.2126151e-13
1.3337038e-07
7.1721846e-13
1.3337027e-07
7.1321282e-13
1.3337015e-07
7.0921558e-13
1.3337003e-07
7.0515494e-13
1.3336992e-07
7.010716e-13
1.333698e-07
6.9697252e-13
1.3336969e-07
6.9283722e-13
1.3336957e-07
6.8875515e-13
1.3336946e-07
6.8465895e-13
1.3336935e-07
6.8049436e-13
1.3336924e-07
6.7632473e-13
1.3336912e-07
6.7214336e-13
1.3336901e-07
6.6793007e-13
1.333689e-07
6.6369212e-13
1.333688e-07
6.5943353e-13
1.3336869e-07
6.5516221e-13
1.3336858e-07
6.5088204e-13
1.3336847e-07
6.4658369e-13
1.3336837e-07
6.4226892e-13
1.3336826e-07
6.3794138e-13
1.3336816e-07
6.3359492e-13
1.3336805e-07
6.2922748e-13
1.3336795e-07
6.2484857e-13
1.3336785e-07
6.2045457e-13
1.3336775e-07
6.1604088e-13
1.3336765e-07
6.116142e-13
1.3336754e-07
6.0717081e-13
1.3336745e-07
6.0271206e-13
1.3336735e-07
5.9824068e-13
1.3336725e-07
5.9375332e-13
1.3336715e-07
5.8924687e-13
1.3336705e-07
5.847042e-13
1.3336696e-07
5.8102773e-13
1.3336691e-07
3.0016666e-13
1.3336691e-07
5.7158693e-15
1.3336691e-07
-2.3797831e-15
1.3336691e-07
-3.8515117e-16
1.3336691e-07
-2.1394124e-16
1.3336691e-07
-1.8389216e-16
1.3336691e-07
-1.6978995e-16
1.3336691e-07
-1.5474988e-16
1.3336691e-07
-1.4434658e-16
1.3336691e-07
-1.2457686e-16
1.3336691e-07
-1.1820234e-16
1.3336691e-07
-1.1024198e-16
1.3336691e-07
-9.5003834e-17
1.3336691e-07
-9.458437e-17
1.3336691e-07
-9.387227e-17
1.3336691e-07
-8.5656199e-17
1.3336691e-07
-7.4474945e-17
1.3336691e-07
-7.5519273e-17
1.3336691e-07
-6.2522197e-17
1.3336691e-07
-7.3156523e-17
1.3336691e-07
-5.3859088e-17
1.3336691e-07
-5.7709636e-17
1.3336691e-07
-5.775617e-17
1.3336691e-07
-5.4034853e-17
1.3336691e-07
-5.1562637e-17
1.3336691e-07
-4.2994013e-17
1.3336691e-07
-4.3442053e-17
1.3336691e-07
-4.8465004e-17
1.3336691e-07
-4.1490342e-17
1.3336691e-07
-3.9811391e-17
1.3336691e-07
-3.904763e-17
1.3336691e-07
-3.3420891e-17
1.3336691e-07
-3.4320774e-17
1.3336691e-07
-3.2988862e-17
1.3336691e-07
-3.1366662e-17
1.3336691e-07
-3.3784112e-17
1.3336691e-07
-2.7479978e-17
1.3336691e-07
-2.1325424e-17
1.3336691e-07
-3.0027964e-17
1.3336691e-07
-2.9257533e-17
1.3336691e-07
-2.2955446e-17
1.3336691e-07
-2.0694456e-17
1.3336691e-07
-2.3064833e-17
1.3336691e-07
-1.9798295e-17
1.3336691e-07
-1.8808232e-17
1.3336691e-07
-2.0954212e-17
1.3336691e-07
-2.1011152e-17
1.3336691e-07
-2.07602e-17
1.3336691e-07
-1.3603263e-17
1.3336691e-07
-1.7913723e-17
1.3336691e-07
-1.6374965e-17
1.3336691e-07
-1.1504009e-17
1.3336691e-07
-1.6592532e-17
1.3336691e-07
-1.8859316e-17
1.3336691e-07
-8.4317793e-18
1.3336691e-07
-1.229436e-17
1.3336691e-07
-1.5853847e-17
1.3336691e-07
-6.5046378e-18
1.3336691e-07
-1.1634945e-17
1.3336691e-07
-1.2646908e-17
1.3336691e-07
-7.1946258e-18
1.3336691e-07
-7.9323987e-18
1.3336691e-07
-8.8409008e-18
1.3336691e-07
-1.0546062e-17
1.3336691e-07
-1.0180235e-17
1.3336691e-07
-7.0604047e-18
1.3336691e-07
8.0394258e-19
1.3336691e-07
-9.6216396e-18
1.3336691e-07
-1.0705496e-17
1.3336691e-07
-1.8710808e-19
1.3336691e-07
-2.8540535e-18
1.3336691e-07
-1.0376283e-18
1.3336691e-07
-8.4993429e-18
1.3336691e-07
-5.1233894e-18
1.3336691e-07
3.8919563e-18
1.3336691e-07
9.2395074e-19
1.3336691e-07
-3.9193305e-18
1.3336691e-07
5.893286e-18
1.3336691e-07
1.0278036e-17
1.3336691e-07
7.4299233e-20
1.3336691e-07
5.8418962e-18
1.3336691e-07
1.6651673e-17
1.3336691e-07
1.428415e-17
1.3336691e-07
2.3377864e-17
1.3336691e-07
2.9409076e-17
1.3336691e-07
3.9839705e-17
1.3336691e-07
5.1399596e-17
1.3336691e-07
1.0429922e-16
1.3336691e-07
8.2974908e-17
1.3336691e-07
3.3995557e-16
1.3336691e-07
2.8567067e-16
1.3336691e-07
2.4298937e-16
3.320446e-16
1.4616811e-07
8.6739954e-13
1.4616797e-07
9.3069311e-13
1.4616783e-07
8.7353285e-13
1.461677e-07
8.614462e-13
1.4616757e-07
8.5704318e-13
1.4616744e-07
8.5239828e-13
1.4616731e-07
8.4762204e-13
1.4616718e-07
8.4288791e-13
1.4616705e-07
8.3816351e-13
1.4616692e-07
8.3336583e-13
1.4616679e-07
8.2854053e-13
1.4616667e-07
8.2369553e-13
1.4616654e-07
8.1880982e-13
1.4616642e-07
8.1398549e-13
1.4616629e-07
8.0914227e-13
1.4616617e-07
8.0421976e-13
1.4616605e-07
7.9929188e-13
1.4616592e-07
7.9435024e-13
1.461658e-07
7.8937109e-13
1.4616568e-07
7.843628e-13
1.4616556e-07
7.7933009e-13
1.4616544e-07
7.7428219e-13
1.4616532e-07
7.692237e-13
1.4616521e-07
7.6414375e-13
1.4616509e-07
7.5904437e-13
1.4616497e-07
7.539299e-13
1.4616486e-07
7.4879311e-13
1.4616474e-07
7.4363154e-13
1.4616463e-07
7.3845637e-13
1.4616452e-07
7.3326337e-13
1.4616441e-07
7.2804711e-13
1.4616429e-07
7.2281547e-13
1.4616418e-07
7.175641e-13
1.4616407e-07
7.1229459e-13
1.4616397e-07
7.0701012e-13
1.4616386e-07
7.0170674e-13
1.4616375e-07
6.9638087e-13
1.4616364e-07
6.910125e-13
1.4616354e-07
6.8667788e-13
1.4616348e-07
3.5481975e-13
1.4616348e-07
6.8095694e-15
1.4616348e-07
-2.8260598e-15
1.4616348e-07
-4.5423937e-16
1.4616348e-07
-2.5076798e-16
1.4616348e-07
-2.1565177e-16
1.4616348e-07
-1.9911694e-16
1.4616348e-07
-1.8151189e-16
1.4616348e-07
-1.6938125e-16
1.4616348e-07
-1.4623484e-16
1.4616348e-07
-1.387546e-16
1.4616348e-07
-1.2931575e-16
1.4616348e-07
-1.1159145e-16
1.4616348e-07
-1.1098651e-16
1.4616348e-07
-1.0997893e-16
1.4616348e-07
-1.0053474e-16
1.4616348e-07
-8.7404777e-17
1.4616348e-07
-8.862034e-17
1.4616348e-07
-7.4218189e-17
1.4616348e-07
-8.3807727e-17
1.4616348e-07
-6.405014e-17
1.4616348e-07
-6.7735285e-17
1.4616348e-07
-6.777479e-17
1.4616348e-07
-6.3406559e-17
1.4616348e-07
-6.0503722e-17
1.4616348e-07
-5.0434534e-17
1.4616348e-07
-5.0963022e-17
1.4616348e-07
-5.6880118e-17
1.4616348e-07
-4.8704483e-17
1.4616348e-07
-4.6723445e-17
1.4616348e-07
-4.582224e-17
1.4616348e-07
-3.9211508e-17
1.4616348e-07
-4.0273248e-17
1.4616348e-07
-3.8722102e-17
1.4616348e-07
-3.6806889e-17
1.4616348e-07
-3.9645449e-17
1.4616348e-07
-3.223371e-17
1.4616348e-07
-2.5017156e-17
1.4616348e-07
-3.5244471e-17
1.4616348e-07
-3.4333421e-17
1.4616348e-07
-2.693275e-17
1.4616348e-07
-2.4278341e-17
1.4616348e-07
-2.7050359e-17
1.4616348e-07
-2.3225798e-17
1.4616348e-07
-2.2069718e-17
1.4616348e-07
-2.4578557e-17
1.4616348e-07
-2.465394e-17
1.4616348e-07
-2.4359193e-17
1.4616348e-07
-1.5937399e-17
1.4616348e-07
-2.1006367e-17
1.4616348e-07
-1.922312e-17
1.4616348e-07
-1.3497204e-17
1.4616348e-07
-1.946598e-17
1.4616348e-07
-2.2127905e-17
1.4616348e-07
-9.8759969e-18
1.4616348e-07
-1.4418441e-17
1.4616348e-07
-1.8611635e-17
1.4616348e-07
-7.6249211e-18
1.4616348e-07
-1.3642607e-17
1.4616348e-07
-1.483309e-17
1.4616348e-07
-8.4212448e-18
1.4616348e-07
-9.2967389e-18
1.4616348e-07
-1.0375588e-17
1.4616348e-07
-1.2367365e-17
1.4616348e-07
-1.1939102e-17
1.4616348e-07
-8.2663238e-18
1.4616348e-07
9.5639689e-19
1.4616348e-07
-1.1293305e-17
1.4616348e-07
-1.2561581e-17
1.4616348e-07
-2.1250743e-19
1.4616348e-07
-3.3417284e-18
1.4616348e-07
-1.2020642e-18
1.4616348e-07
-9.9725304e-18
1.4616348e-07
-6.0285877e-18
1.4616348e-07
7.2558986e-18
1.4616348e-07
2.7879211e-16
1.4616348e-07
-1.9270998e-18
1.4616348e-07
6.90034e-18
1.4616348e-07
1.2035981e-17
1.4616348e-07
3.7899923e-20
1.4616348e-07
6.7996005e-18
1.4616348e-07
1.9472063e-17
1.4616348e-07
1.6669592e-17
1.4616348e-07
2.7312119e-17
1.4616348e-07
3.4336292e-17
1.4616348e-07
4.6480861e-17
1.4616348e-07
6.000094e-17
1.4616348e-07
1.2181134e-16
1.4616348e-07
9.6814567e-17
1.4616348e-07
3.9667471e-16
1.4616348e-07
3.3219557e-16
1.4616348e-07
2.9604486e-16
3.9864629e-16
1.5926311e-07
1.0133535e-12
1.5926295e-07
1.0877349e-12
1.592628e-07
1.0208026e-12
1.5926266e-07
1.0065373e-12
1.5926251e-07
1.0013894e-12
1.5926237e-07
9.9596599e-13
1.5926223e-07
9.903874e-13
1.5926209e-07
9.8485565e-13
1.5926194e-07
9.7933512e-13
1.592618e-07
9.7373087e-13
1.5926166e-07
9.6809337e-13
1.5926153e-07
9.624315e-13
1.5926139e-07
9.5672451e-13
1.5926125e-07
9.5108766e-13
1.5926111e-07
9.4542614e-13
1.5926098e-07
9.3967359e-13
1.5926084e-07
9.3391552e-13
1.5926071e-07
9.2814151e-13
1.5926058e-07
9.2232394e-13
1.5926045e-07
9.1647232e-13
1.5926031e-07
9.1059212e-13
1.5926018e-07
9.0469403e-13
1.5926005e-07
8.9878343e-13
1.5925993e-07
8.9284774e-13
1.592598e-07
8.8688938e-13
1.5925967e-07
8.8091335e-13
1.5925954e-07
8.7491126e-13
1.5925942e-07
8.6888028e-13
1.5925929e-07
8.6283335e-13
1.5925917e-07
8.5676556e-13
1.5925905e-07
8.5067064e-13
1.5925893e-07
8.4455772e-13
1.5925881e-07
8.3842173e-13
1.5925869e-07
8.3226458e-13
1.5925857e-07
8.2608993e-13
1.5925845e-07
8.1989316e-13
1.5925833e-07
8.1367017e-13
1.5925822e-07
8.0739783e-13
1.592581e-07
8.0234634e-13
1.5925804e-07
4.1468052e-13
1.5925804e-07
8.0257247e-15
1.5925804e-07
-3.3196242e-15
1.5925804e-07
-5.3004715e-16
1.5925804e-07
-2.9073168e-16
1.5925804e-07
-2.5015145e-16
1.5925804e-07
-2.3096991e-16
1.5925804e-07
-2.1058177e-16
1.5925804e-07
-1.9658563e-16
1.5925804e-07
-1.6979161e-16
1.5925804e-07
-1.611016e-16
1.5925804e-07
-1.5004281e-16
1.5925804e-07
-1.296422e-16
1.5925804e-07
-1.2881198e-16
1.5925804e-07
-1.274603e-16
1.5925804e-07
-1.1670859e-16
1.5925804e-07
-1.0146457e-16
1.5925804e-07
-1.0285814e-16
1.5925804e-07
-8.6957405e-17
1.5925804e-07
-9.5432775e-17
1.5925804e-07
-7.5154473e-17
1.5925804e-07
-7.8639462e-17
1.5925804e-07
-7.8661653e-17
1.5925804e-07
-7.3590485e-17
1.5925804e-07
-7.0222993e-17
1.5925804e-07
-5.8523812e-17
1.5925804e-07
-5.9137692e-17
1.5925804e-07
-6.6023811e-17
1.5925804e-07
-5.6552046e-17
1.5925804e-07
-5.4238e-17
1.5925804e-07
-5.3183736e-17
1.5925804e-07
-4.5507552e-17
1.5925804e-07
-4.6744036e-17
1.5925804e-07
-4.4958168e-17
1.5925804e-07
-4.2720998e-17
1.5925804e-07
-4.6012336e-17
1.5925804e-07
-3.7399846e-17
1.5925804e-07
-2.9036068e-17
1.5925804e-07
-4.0912882e-17
1.5925804e-07
-3.9846681e-17
1.5925804e-07
-3.1257843e-17
1.5925804e-07
-2.8176064e-17
1.5925804e-07
-3.1377017e-17
1.5925804e-07
-2.695212e-17
1.5925804e-07
-2.5617581e-17
1.5925804e-07
-2.851491e-17
1.5925804e-07
-2.8611498e-17
1.5925804e-07
-2.8268106e-17
1.5925804e-07
-1.8473962e-17
1.5925804e-07
-2.4364082e-17
1.5925804e-07
-2.2321627e-17
1.5925804e-07
-1.5667787e-17
1.5925804e-07
-2.2586121e-17
1.5925804e-07
-2.5675658e-17
1.5925804e-07
-1.1447955e-17
1.5925804e-07
-1.6725938e-17
1.5925804e-07
-2.1608253e-17
1.5925804e-07
-8.8472697e-18
1.5925804e-07
-1.5821886e-17
1.5925804e-07
-1.7205505e-17
1.5925804e-07
-9.7528837e-18
1.5925804e-07
-1.0779495e-17
1.5925804e-07
-1.2046118e-17
1.5925804e-07
-1.4342971e-17
1.5925804e-07
-1.3847086e-17
1.5925804e-07
-9.572934e-18
1.5925804e-07
1.1152414e-18
1.5925804e-07
-1.3108365e-17
1.5925804e-07
-1.457306e-17
1.5925804e-07
-2.4576408e-19
1.5925804e-07
-3.8725274e-18
1.5925804e-07
-1.3799378e-18
1.5925804e-07
-1.1566861e-17
1.5925804e-07
-7.0142772e-18
1.5925804e-07
1.0750156e-17
1.5925804e-07
-8.8318953e-18
1.5925804e-07
8.4951566e-20
1.5925804e-07
7.9861165e-18
1.5925804e-07
1.3932403e-17
1.5925804e-07
-5.964375e-21
1.5925804e-07
7.8317632e-18
1.5925804e-07
2.2516981e-17
1.5925804e-07
1.9245368e-17
1.5925804e-07
3.1562301e-17
1.5925804e-07
3.9655166e-17
1.5925804e-07
5.3645674e-17
1.5925804e-07
6.9286444e-17
1.5925804e-07
1.407184e-16
1.5925804e-07
1.1174749e-16
1.5925804e-07
4.5787587e-16
1.5925804e-07
3.8216786e-16
1.5925804e-07
3.5510093e-16
4.7240763e-16
1.7267916e-07
1.1723463e-12
1.7267898e-07
1.2589447e-12
1.7267882e-07
1.1813183e-12
1.7267867e-07
1.1646343e-12
1.7267851e-07
1.158674e-12
1.7267835e-07
1.1524034e-12
1.726782e-07
1.1459509e-12
1.7267804e-07
1.1395499e-12
1.7267789e-07
1.1331619e-12
1.7267774e-07
1.1266792e-12
1.7267758e-07
1.1201568e-12
1.7267743e-07
1.1136045e-12
1.7267728e-07
1.1070028e-12
1.7267713e-07
1.1004808e-12
1.7267698e-07
1.0939271e-12
1.7267684e-07
1.0872698e-12
1.7267669e-07
1.080607e-12
1.7267654e-07
1.073926e-12
1.726764e-07
1.0671949e-12
1.7267625e-07
1.0604244e-12
1.7267611e-07
1.0536208e-12
1.7267597e-07
1.0467963e-12
1.7267583e-07
1.0399571e-12
1.7267569e-07
1.033089e-12
1.7267555e-07
1.0261946e-12
1.7267541e-07
1.0192797e-12
1.7267527e-07
1.0123348e-12
1.7267514e-07
1.0053564e-12
1.72675e-07
9.9835953e-13
1.7267487e-07
9.9133852e-13
1.7267473e-07
9.8428615e-13
1.726746e-07
9.7721291e-13
1.7267447e-07
9.7011299e-13
1.7267434e-07
9.629886e-13
1.7267421e-07
9.5584394e-13
1.7267408e-07
9.4867365e-13
1.7267395e-07
9.414731e-13
1.7267382e-07
9.3421576e-13
1.726737e-07
9.283875e-13
1.7267363e-07
4.799391e-13
1.7267363e-07
9.3730518e-15
1.7267363e-07
-3.8633505e-15
1.7267363e-07
-6.1296374e-16
1.7267363e-07
-3.3393631e-16
1.7267363e-07
-2.8748652e-16
1.7267363e-07
-2.6543937e-16
1.7267363e-07
-2.4204397e-16
1.7267363e-07
-2.26038e-16
1.7267363e-07
-1.9531733e-16
1.7267363e-07
-1.8531099e-16
1.7267363e-07
-1.7248214e-16
1.7267363e-07
-1.4920797e-16
1.7267363e-07
-1.4811215e-16
1.7267363e-07
-1.4636387e-16
1.7267363e-07
-1.3422467e-16
1.7267363e-07
-1.1669757e-16
1.7267363e-07
-1.1827144e-16
1.7267363e-07
-1.0077764e-16
1.7267363e-07
-1.0806607e-16
1.7267363e-07
-8.7206913e-17
1.7267363e-07
-9.0454022e-17
1.7267363e-07
-9.0448344e-17
1.7267363e-07
-8.4618191e-17
1.7267363e-07
-8.0744524e-17
1.7267363e-07
-6.7287867e-17
1.7267363e-07
-6.7990309e-17
1.7267363e-07
-7.5920548e-17
1.7267363e-07
-6.5059607e-17
1.7267363e-07
-6.2377793e-17
1.7267363e-07
-6.1153813e-17
1.7267363e-07
-5.2329326e-17
1.7267363e-07
-5.3750768e-17
1.7267363e-07
-5.1715523e-17
1.7267363e-07
-4.9125675e-17
1.7267363e-07
-5.2901598e-17
1.7267363e-07
-4.2992043e-17
1.7267363e-07
-3.339765e-17
1.7267363e-07
-4.7049241e-17
1.7267363e-07
-4.5811378e-17
1.7267363e-07
-3.5943094e-17
1.7267363e-07
-3.2400306e-17
1.7267363e-07
-3.6056224e-17
1.7267363e-07
-3.0988757e-17
1.7267363e-07
-2.9464461e-17
1.7267363e-07
-3.2773436e-17
1.7267363e-07
-3.2893972e-17
1.7267363e-07
-3.2496854e-17
1.7267363e-07
-2.122118e-17
1.7267363e-07
-2.7995494e-17
1.7267363e-07
-2.5679928e-17
1.7267363e-07
-1.8024325e-17
1.7267363e-07
-2.5961066e-17
1.7267363e-07
-2.9508746e-17
1.7267363e-07
-1.3153595e-17
1.7267363e-07
-1.9223471e-17
1.7267363e-07
-2.4850665e-17
1.7267363e-07
-1.0178497e-17
1.7267363e-07
-1.8178589e-17
1.7267363e-07
-1.9769186e-17
1.7267363e-07
-1.119359e-17
1.7267363e-07
-1.2385255e-17
1.7267363e-07
-1.3856861e-17
1.7267363e-07
-1.6477352e-17
1.7267363e-07
-1.5908204e-17
1.7267363e-07
-1.0983502e-17
1.7267363e-07
1.27678e-18
1.7267363e-07
-1.5070263e-17
1.7267363e-07
-1.6743152e-17
1.7267363e-07
-2.8918936e-19
1.7267363e-07
-4.4484355e-18
1.7267363e-07
-1.5726554e-18
1.7267363e-07
-1.328378e-17
1.7267363e-07
-8.0829218e-18
1.7267363e-07
1.1728752e-17
1.7267363e-07
-8.2406691e-18
1.7267363e-07
-5.2867664e-19
1.7267363e-07
9.151638e-18
1.7267363e-07
1.5969019e-17
1.7267363e-07
-5.5993431e-20
1.7267363e-07
8.94079e-18
1.7267363e-07
2.5790806e-17
1.7267363e-07
2.2017999e-17
1.7267363e-07
3.6137844e-17
1.7267363e-07
4.5377455e-17
1.7267363e-07
6.1350165e-17
1.7267363e-07
7.9276494e-17
1.7267363e-07
1.6106012e-16
1.7267363e-07
1.2780356e-16
1.7267363e-07
5.2369554e-16
1.7267363e-07
4.3567004e-16
1.7267363e-07
4.2027598e-16
5.5351286e-16
1.8643913e-07
1.3448432e-12
1.8643895e-07
1.4448579e-12
1.8643877e-07
1.3555723e-12
1.864386e-07
1.336211e-12
1.8643843e-07
1.3293679e-12
1.8643826e-07
1.3221794e-12
1.8643809e-07
1.3147788e-12
1.8643792e-07
1.3074344e-12
1.8643776e-07
1.300105e-12
1.8643759e-07
1.2926693e-12
1.8643742e-07
1.2851866e-12
1.8643726e-07
1.2776677e-12
1.864371e-07
1.2700953e-12
1.8643694e-07
1.2626128e-12
1.8643677e-07
1.2550904e-12
1.8643661e-07
1.2474508e-12
1.8643645e-07
1.239806e-12
1.864363e-07
1.2321407e-12
1.8643614e-07
1.2244182e-12
1.8643598e-07
1.2166504e-12
1.8643583e-07
1.2088446e-12
1.8643567e-07
1.2010148e-12
1.8643552e-07
1.1931679e-12
1.8643537e-07
1.1852877e-12
1.8643522e-07
1.1773775e-12
1.8643507e-07
1.1694437e-12
1.8643492e-07
1.1614754e-12
1.8643477e-07
1.1534689e-12
1.8643462e-07
1.1454411e-12
1.8643448e-07
1.1373855e-12
1.8643433e-07
1.129294e-12
1.8643419e-07
1.1211785e-12
1.8643404e-07
1.1130325e-12
1.864339e-07
1.1048584e-12
1.8643376e-07
1.0966609e-12
1.8643362e-07
1.0884341e-12
1.8643348e-07
1.0801726e-12
1.8643335e-07
1.0718463e-12
1.8643321e-07
1.0651801e-12
1.8643314e-07
5.507991e-13
1.8643314e-07
1.086117e-14
1.8643314e-07
-4.4603946e-15
1.8643314e-07
-7.0342701e-16
1.8643314e-07
-3.8050437e-16
1.8643314e-07
-3.2777362e-16
1.8643314e-07
-3.026308e-16
1.8643314e-07
-2.7599261e-16
1.8643314e-07
-2.5782578e-16
1.8643314e-07
-2.2289552e-16
1.8643314e-07
-2.1145559e-16
1.8643314e-07
-1.9670298e-16
1.8643314e-07
-1.6772819e-16
1.8643314e-07
1.7110081e-16
1.8643314e-07
-1.6412375e-16
1.8643314e-07
-1.5313803e-16
1.8643314e-07
-1.3315358e-16
1.8643314e-07
-1.3490738e-16
1.8643314e-07
-1.1572258e-16
1.8643314e-07
-1.2175122e-16
1.8643314e-07
-1.0024505e-16
1.8643314e-07
-1.0321844e-16
1.8643314e-07
-1.0316924e-16
1.8643314e-07
-9.6522357e-17
1.8643314e-07
-9.2103475e-17
1.8643314e-07
-7.6756034e-17
1.8643314e-07
-7.7549503e-17
1.8643314e-07
-8.6599714e-17
1.8643314e-07
-7.4255895e-17
1.8643314e-07
-7.1168181e-17
1.8643314e-07
-6.9754681e-17
1.8643314e-07
-5.9699563e-17
1.8643314e-07
-6.1316321e-17
1.8643314e-07
-5.9015923e-17
1.8643314e-07
-5.6041647e-17
1.8643314e-07
-6.0332452e-17
1.8643314e-07
-4.902898e-17
1.8643314e-07
-3.8119545e-17
1.8643314e-07
-5.3670083e-17
1.8643314e-07
-5.2244421e-17
1.8643314e-07
-4.1004069e-17
1.8643314e-07
-3.6966256e-17
1.8643314e-07
-4.1100622e-17
1.8643314e-07
-3.5348723e-17
1.8643314e-07
-3.362333e-17
1.8643314e-07
-3.7367302e-17
1.8643314e-07
-3.7514447e-17
1.8643314e-07
-3.7057341e-17
1.8643314e-07
-2.4189414e-17
1.8643314e-07
-3.1911148e-17
1.8643314e-07
-2.9309425e-17
1.8643314e-07
-2.0576437e-17
1.8643314e-07
-2.9598707e-17
1.8643314e-07
-3.3637249e-17
1.8643314e-07
-1.5000476e-17
1.8643314e-07
-2.1919261e-17
1.8643314e-07
-2.8347399e-17
1.8643314e-07
-1.1625614e-17
1.8643314e-07
-2.0718696e-17
1.8643314e-07
-2.2530995e-17
1.8643314e-07
-1.2749087e-17
1.8643314e-07
-1.4119538e-17
1.8643314e-07
-1.5814932e-17
1.8643314e-07
-1.8775247e-17
1.8643314e-07
-1.8127416e-17
1.8643314e-07
-1.2500483e-17
1.8643314e-07
1.4370844e-18
1.8643314e-07
-1.718373e-17
1.8643314e-07
-1.907598e-17
1.8643314e-07
-3.4620129e-19
1.8643314e-07
-5.0727335e-18
1.8643314e-07
-1.7812433e-18
1.8643314e-07
-1.5124691e-17
1.8643314e-07
-9.2372077e-18
1.8643314e-07
1.2749261e-17
1.8643314e-07
-7.6514684e-18
1.8643314e-07
-1.2089907e-18
1.8643314e-07
1.0397464e-17
1.8643314e-07
1.8146803e-17
1.8643314e-07
-1.1010751e-19
1.8643314e-07
1.0130766e-17
1.8643314e-07
2.9298945e-17
1.8643314e-07
2.4995164e-17
1.8643314e-07
4.1049889e-17
1.8643314e-07
5.1516944e-17
1.8643314e-07
6.9614152e-17
1.8643314e-07
8.9996171e-17
1.8643314e-07
1.8288487e-16
1.8643314e-07
1.4501916e-16
1.8643314e-07
5.9429995e-16
1.8643314e-07
4.9280881e-16
1.8643314e-07
4.916716e-16
6.4213627e-16
2.0056571e-07
1.5313379e-12
2.0056551e-07
1.6460445e-12
2.0056532e-07
1.5440885e-12
2.0056514e-07
1.5217712e-12
2.0056495e-07
1.5139722e-12
2.0056477e-07
1.5057925e-12
2.0056459e-07
1.4973671e-12
2.0056441e-07
1.4890022e-12
2.0056422e-07
1.4806546e-12
2.0056405e-07
1.4721888e-12
2.0056387e-07
1.4636677e-12
2.0056369e-07
1.4551028e-12
2.0056351e-07
1.4464809e-12
2.0056334e-07
1.4379599e-12
2.0056316e-07
1.4293893e-12
2.0056299e-07
1.4206869e-12
2.0056282e-07
1.41198e-12
2.0056265e-07
1.4032501e-12
2.0056248e-07
1.3944554e-12
2.0056231e-07
1.3856091e-12
2.0056214e-07
1.3767195e-12
2.0056197e-07
1.3678023e-12
2.0056181e-07
1.3588655e-12
2.0056164e-07
1.3498909e-12
2.0056148e-07
1.3408819e-12
2.0056132e-07
1.3318461e-12
2.0056116e-07
1.3227711e-12
2.00561e-07
1.3136526e-12
2.0056084e-07
1.3045097e-12
2.0056068e-07
1.2953353e-12
2.0056052e-07
1.28612e-12
2.0056037e-07
1.2768773e-12
2.0056021e-07
1.2675998e-12
2.0056006e-07
1.2582903e-12
2.0055991e-07
1.2489543e-12
2.0055975e-07
1.2395848e-12
2.005596e-07
1.2301758e-12
2.0055946e-07
1.2206934e-12
2.0055931e-07
1.2131271e-12
2.0055923e-07
6.2747751e-13
2.0055923e-07
1.250066e-14
2.0055923e-07
-5.1142008e-15
2.0055923e-07
-8.0193262e-16
2.0055923e-07
-4.3057322e-16
2.0055923e-07
-3.7113977e-16
2.0055923e-07
-3.426616e-16
2.0055923e-07
-3.1253815e-16
2.0055923e-07
-2.9204972e-16
2.0055923e-07
-2.5261774e-16
2.0055923e-07
-2.3962141e-16
2.0055923e-07
-2.2278224e-16
2.0055923e-07
-1.878053e-16
2.0055923e-07
-2.0112203e-16
2.0055923e-07
-1.8333473e-16
2.0055923e-07
-1.7350576e-16
2.0055923e-07
-1.5088724e-16
2.0055923e-07
-1.5281848e-16
2.0055923e-07
-1.3184328e-16
2.0055923e-07
-1.3653204e-16
2.0055923e-07
-1.1431581e-16
2.0055923e-07
-1.1697494e-16
2.0055923e-07
-1.168646e-16
2.0055923e-07
-1.0934013e-16
2.0055923e-07
-1.0433456e-16
2.0055923e-07
-8.696269e-17
2.0055923e-07
-8.7846437e-17
2.0055923e-07
-9.8092496e-17
2.0055923e-07
-8.4173018e-17
2.0055923e-07
-8.0637559e-17
2.0055923e-07
-7.9013274e-17
2.0055923e-07
-6.7645585e-17
2.0055923e-07
-6.9464905e-17
2.0055923e-07
-6.6884116e-17
2.0055923e-07
-6.3490506e-17
2.0055923e-07
-6.8325913e-17
2.0055923e-07
-5.5529872e-17
2.0055923e-07
-4.3221145e-17
2.0055923e-07
-6.0795784e-17
2.0055923e-07
-5.9162447e-17
2.0055923e-07
-4.6458987e-17
2.0055923e-07
-4.1889945e-17
2.0055923e-07
-4.6525825e-17
2.0055923e-07
-4.0047416e-17
2.0055923e-07
-3.8109105e-17
2.0055923e-07
-4.2310222e-17
2.0055923e-07
-4.2486183e-17
2.0055923e-07
-4.1962064e-17
2.0055923e-07
-2.7390585e-17
2.0055923e-07
-3.6123052e-17
2.0055923e-07
-3.3222503e-17
2.0055923e-07
-2.3334744e-17
2.0055923e-07
-3.3510149e-17
2.0055923e-07
-3.8070314e-17
2.0055923e-07
-1.6998306e-17
2.0055923e-07
-2.482134e-17
2.0055923e-07
-3.2108245e-17
2.0055923e-07
-1.3197055e-17
2.0055923e-07
-2.3450044e-17
2.0055923e-07
-2.5498069e-17
2.0055923e-07
-1.4424387e-17
2.0055923e-07
-1.5989097e-17
2.0055923e-07
-1.792716e-17
2.0055923e-07
-2.1242823e-17
2.0055923e-07
-2.0509897e-17
2.0055923e-07
-1.4128957e-17
2.0055923e-07
1.5914619e-18
2.0055923e-07
-1.9453516e-17
2.0055923e-07
-2.1574853e-17
2.0055923e-07
-4.2075687e-19
2.0055923e-07
-5.7474492e-18
2.0055923e-07
-2.0079945e-18
2.0055923e-07
-1.7091934e-17
2.0055923e-07
-1.0480087e-17
2.0055923e-07
1.3809987e-17
2.0055923e-07
-7.0640837e-18
2.0055923e-07
-1.9566587e-18
2.0055923e-07
1.1723936e-17
2.0055923e-07
2.046723e-17
2.0055923e-07
-1.6566249e-19
2.0055923e-07
1.1406005e-17
2.0055923e-07
3.3047809e-17
2.0055923e-07
2.8186512e-17
2.0055923e-07
4.6311866e-17
2.0055923e-07
5.809053e-17
2.0055923e-07
7.8461071e-17
2.0055923e-07
1.0147548e-16
2.0055923e-07
2.0625039e-16
2.0055923e-07
1.6343721e-16
2.0055923e-07
6.6988583e-16
2.0055923e-07
5.5371525e-16
2.0055923e-07
5.693731e-16
7.3844298e-16
2.1508138e-07
1.7323524e-12
2.1508116e-07
1.8631093e-12
2.1508096e-07
1.7474228e-12
2.1508076e-07
1.7218481e-12
2.1508056e-07
1.713017e-12
2.1508036e-07
1.7037705e-12
2.1508016e-07
1.6942404e-12
2.1507997e-07
1.6847751e-12
2.1507977e-07
1.6753298e-12
2.1507958e-07
1.6657538e-12
2.1507939e-07
1.6561133e-12
2.1507919e-07
1.64642e-12
2.15079e-07
1.6366666e-12
2.1507882e-07
1.6270263e-12
2.1507863e-07
1.6173249e-12
2.1507844e-07
1.6074761e-12
2.1507826e-07
1.5976238e-12
2.1507807e-07
1.587746e-12
2.1507789e-07
1.5777951e-12
2.1507771e-07
1.567786e-12
2.1507752e-07
1.5577279e-12
2.1507734e-07
1.5476383e-12
2.1507717e-07
1.5375262e-12
2.1507699e-07
1.5273714e-12
2.1507681e-07
1.5171778e-12
2.1507664e-07
1.5069537e-12
2.1507646e-07
1.4966853e-12
2.1507629e-07
1.4863678e-12
2.1507612e-07
1.4760226e-12
2.1507595e-07
1.4656417e-12
2.1507578e-07
1.4552146e-12
2.1507561e-07
1.4447565e-12
2.1507544e-07
1.4342589e-12
2.1507528e-07
1.4237253e-12
2.1507512e-07
1.4131616e-12
2.1507495e-07
1.40256e-12
2.1507479e-07
1.3919138e-12
2.1507463e-07
1.3811847e-12
2.1507447e-07
1.3726549e-12
2.1507439e-07
7.102046e-13
2.1507439e-07
1.4303128e-14
2.1507439e-07
-5.8285156e-15
2.1507439e-07
-9.0903548e-16
2.1507439e-07
-4.8430044e-16
2.1507439e-07
-4.1773168e-16
2.1507439e-07
-3.8566779e-16
2.1507439e-07
-3.5180043e-16
2.1507439e-07
-3.2882354e-16
2.1507439e-07
-2.8459016e-16
2.1507439e-07
-2.6990175e-16
2.1507439e-07
-2.5080685e-16
2.1507439e-07
-2.1209248e-16
2.1507439e-07
-2.247585e-16
2.1507439e-07
-2.066453e-16
2.1507439e-07
-1.9539966e-16
2.1507439e-07
-1.6996355e-16
2.1507439e-07
-1.720627e-16
2.1507439e-07
-1.4919492e-16
2.1507439e-07
-1.524627e-16
2.1507439e-07
-1.2946747e-16
2.1507439e-07
-1.3177278e-16
2.1507439e-07
-1.3157824e-16
2.1507439e-07
-1.2311441e-16
2.1507439e-07
-1.1747863e-16
2.1507439e-07
-9.7945349e-17
2.1507439e-07
-9.8917847e-17
2.1507439e-07
-1.1043488e-16
2.1507439e-07
-9.4849325e-17
2.1507439e-07
-9.0816855e-17
2.1507439e-07
-8.8958504e-17
2.1507439e-07
-7.6196856e-17
2.1507439e-07
-7.8223798e-17
2.1507439e-07
-7.5348101e-17
2.1507439e-07
-7.149846e-17
2.1507439e-07
-7.6906536e-17
2.1507439e-07
-6.2517394e-17
2.1507439e-07
-4.8725006e-17
2.1507439e-07
-6.8447697e-17
2.1507439e-07
-6.6587858e-17
2.1507439e-07
-5.2326554e-17
2.1507439e-07
-4.7190612e-17
2.1507439e-07
-5.2348147e-17
2.1507439e-07
-4.5101833e-17
2.1507439e-07
-4.2939007e-17
2.1507439e-07
-4.7617715e-17
2.1507439e-07
-4.7824838e-17
2.1507439e-07
-4.7226476e-17
2.1507439e-07
-3.0837344e-17
2.1507439e-07
-4.0644248e-17
2.1507439e-07
-3.7432908e-17
2.1507439e-07
-2.6312188e-17
2.1507439e-07
-3.7706323e-17
2.1507439e-07
-4.2819345e-17
2.1507439e-07
-1.9156158e-17
2.1507439e-07
-2.7940414e-17
2.1507439e-07
-3.6143212e-17
2.1507439e-07
-1.4902494e-17
2.1507439e-07
-2.6380645e-17
2.1507439e-07
-2.8678448e-17
2.1507439e-07
-1.6227135e-17
2.1507439e-07
-1.8000535e-17
2.1507439e-07
-2.0201635e-17
2.1507439e-07
-2.3886121e-17
2.1507439e-07
-2.3061452e-17
2.1507439e-07
-1.5873232e-17
2.1507439e-07
1.7338655e-18
2.1507439e-07
-2.18853e-17
2.1507439e-07
-2.4244757e-17
2.1507439e-07
-5.1696982e-19
2.1507439e-07
-6.4766326e-18
2.1507439e-07
-2.2545373e-18
2.1507439e-07
-1.9187126e-17
2.1507439e-07
-1.1814577e-17
2.1507439e-07
1.4909506e-17
2.1507439e-07
-6.4800983e-18
2.1507439e-07
-2.7716879e-18
2.1507439e-07
1.31323e-17
2.1507439e-07
2.2932467e-17
2.1507439e-07
-2.1948427e-19
2.1507439e-07
1.2772222e-17
2.1507439e-07
3.7045143e-17
2.1507439e-07
3.1602756e-17
2.1507439e-07
5.1939263e-17
2.1507439e-07
6.5117405e-17
2.1507439e-07
8.7918961e-17
2.1507439e-07
1.1374891e-16
2.1507439e-07
2.3122333e-16
2.1507439e-07
1.8310774e-16
2.1507439e-07
7.5068148e-16
2.1507439e-07
6.1854512e-16
2.1507439e-07
6.5344882e-16
8.4258919e-16
2.3000839e-07
1.9484357e-12
2.3000815e-07
2.0966912e-12
2.3000793e-07
1.9661618e-12
2.3000772e-07
1.9370039e-12
2.300075e-07
1.9270612e-12
2.3000729e-07
1.9166697e-12
2.3000708e-07
1.9059521e-12
2.3000687e-07
1.8953032e-12
2.3000666e-07
1.8846776e-12
2.3000645e-07
1.8739085e-12
2.3000624e-07
1.8630642e-12
2.3000604e-07
1.8521569e-12
2.3000583e-07
1.8411869e-12
2.3000563e-07
1.8303434e-12
2.3000543e-07
1.8194253e-12
2.3000523e-07
1.8083431e-12
2.3000503e-07
1.7972589e-12
2.3000483e-07
1.7861467e-12
2.3000463e-07
1.7749526e-12
2.3000444e-07
1.763693e-12
2.3000424e-07
1.7523782e-12
2.3000405e-07
1.7410278e-12
2.3000386e-07
1.7296519e-12
2.3000367e-07
1.7182279e-12
2.3000348e-07
1.7067603e-12
2.3000329e-07
1.6952583e-12
2.300031e-07
1.6837066e-12
2.3000292e-07
1.6720997e-12
2.3000273e-07
1.6604615e-12
2.3000255e-07
1.6487832e-12
2.3000237e-07
1.6370529e-12
2.3000219e-07
1.6252877e-12
2.3000201e-07
1.6134782e-12
2.3000183e-07
1.6016281e-12
2.3000165e-07
1.5897441e-12
2.3000148e-07
1.5778174e-12
2.300013e-07
1.5658408e-12
2.3000113e-07
1.553771e-12
2.3000096e-07
1.5442131e-12
2.3000087e-07
7.9922376e-13
2.3000087e-07
1.6281272e-14
2.3000087e-07
-6.6074087e-15
2.3000087e-07
-1.0253578e-15
2.3000087e-07
-5.4186122e-16
2.3000087e-07
-4.677116e-16
2.3000087e-07
-4.3179985e-16
2.3000087e-07
-3.9391963e-16
2.3000087e-07
-3.6827316e-16
2.3000087e-07
-3.1892822e-16
2.3000087e-07
-3.0240549e-16
2.3000087e-07
-2.8087494e-16
2.3000087e-07
-2.3820341e-16
2.3000087e-07
-2.5016775e-16
2.3000087e-07
-2.3166257e-16
2.3000087e-07
-2.1889358e-16
2.3000087e-07
-1.9045251e-16
2.3000087e-07
-1.9270656e-16
2.3000087e-07
-1.6784074e-16
2.3000087e-07
-1.6959962e-16
2.3000087e-07
-1.4575696e-16
2.3000087e-07
-1.4766541e-16
2.3000087e-07
-1.4736014e-16
2.3000087e-07
-1.3789407e-16
2.3000087e-07
-1.3158168e-16
2.3000087e-07
-1.09746e-16
2.3000087e-07
-1.1080414e-16
2.3000087e-07
-1.2366693e-16
2.3000087e-07
-1.0632592e-16
2.3000087e-07
-1.0174189e-16
2.3000087e-07
-9.9623291e-17
2.3000087e-07
-8.5387314e-17
2.3000087e-07
-8.7624528e-17
2.3000087e-07
-8.4437935e-17
2.3000087e-07
-8.0093817e-17
2.3000087e-07
-8.6101361e-17
2.3000087e-07
-7.0016159e-17
2.3000087e-07
-5.4656451e-17
2.3000087e-07
-7.6651223e-17
2.3000087e-07
-7.4542678e-17
2.3000087e-07
-5.8629484e-17
2.3000087e-07
-5.2888999e-17
2.3000087e-07
-5.8586287e-17
2.3000087e-07
-5.0530506e-17
2.3000087e-07
-4.8132445e-17
2.3000087e-07
-5.3307534e-17
2.3000087e-07
-5.3548494e-17
2.3000087e-07
-5.2866613e-17
2.3000087e-07
-3.4544523e-17
2.3000087e-07
-4.5489642e-17
2.3000087e-07
-4.1956037e-17
2.3000087e-07
-2.9522233e-17
2.3000087e-07
-4.2200198e-17
2.3000087e-07
-4.789665e-17
2.3000087e-07
-2.1485827e-17
2.3000087e-07
-3.1286299e-17
2.3000087e-07
-4.0464665e-17
2.3000087e-07
-1.6752645e-17
2.3000087e-07
-2.9520085e-17
2.3000087e-07
-3.2080853e-17
2.3000087e-07
-1.8164775e-17
2.3000087e-07
-2.0162767e-17
2.3000087e-07
-2.2647139e-17
2.3000087e-07
-2.6712877e-17
2.3000087e-07
-2.5789713e-17
2.3000087e-07
-1.7738819e-17
2.3000087e-07
1.8587601e-18
2.3000087e-07
-2.4485232e-17
2.3000087e-07
-2.709054e-17
2.3000087e-07
-6.399888e-19
2.3000087e-07
-7.2638556e-18
2.3000087e-07
-2.5233634e-18
2.3000087e-07
-2.1412656e-17
2.3000087e-07
-1.3243959e-17
2.3000087e-07
1.6045247e-17
2.3000087e-07
-5.8993898e-18
2.3000087e-07
-3.654768e-18
2.3000087e-07
1.4623428e-17
2.3000087e-07
2.5544382e-17
2.3000087e-07
-2.6799327e-19
2.3000087e-07
1.4234752e-17
2.3000087e-07
4.1299222e-17
2.3000087e-07
3.5256611e-17
2.3000087e-07
5.7949614e-17
2.3000087e-07
7.2620174e-17
2.3000087e-07
9.8019286e-17
2.3000087e-07
1.2685624e-16
2.3000087e-07
2.5788059e-16
2.3000087e-07
2.0408763e-16
2.3000087e-07
8.3694748e-16
2.3000087e-07
6.8747954e-16
2.3000087e-07
7.4394964e-16
9.5472196e-16
2.4536878e-07
2.1801633e-12
2.4536853e-07
2.3474625e-12
2.4536829e-07
2.2009228e-12
2.4536806e-07
2.1678288e-12
2.4536783e-07
2.1566914e-12
2.4536761e-07
2.1450742e-12
2.4536738e-07
2.1330831e-12
2.4536715e-07
2.1211642e-12
2.4536693e-07
2.1092725e-12
2.453667e-07
2.0972241e-12
2.4536648e-07
2.0850885e-12
2.4536626e-07
2.0728781e-12
2.4536604e-07
2.060603e-12
2.4536582e-07
2.0484692e-12
2.4536561e-07
2.0362452e-12
2.4536539e-07
2.023839e-12
2.4536518e-07
2.011433e-12
2.4536496e-07
1.9989965e-12
2.4536475e-07
1.9864687e-12
2.4536454e-07
1.9738675e-12
2.4536433e-07
1.9612045e-12
2.4536413e-07
1.9485015e-12
2.4536392e-07
1.9357696e-12
2.4536372e-07
1.922984e-12
2.4536351e-07
1.9101495e-12
2.4536331e-07
1.8972765e-12
2.4536311e-07
1.884348e-12
2.4536291e-07
1.8713577e-12
2.4536271e-07
1.8583324e-12
2.4536252e-07
1.845262e-12
2.4536232e-07
1.8321337e-12
2.4536213e-07
1.8189661e-12
2.4536194e-07
1.805749e-12
2.4536174e-07
1.7924866e-12
2.4536156e-07
1.7791861e-12
2.4536137e-07
1.7658378e-12
2.4536118e-07
1.7524338e-12
2.45361e-07
1.7389256e-12
2.4536081e-07
1.7282742e-12
2.4536072e-07
8.9479131e-13
2.4536071e-07
1.8448964e-14
2.4536071e-07
-7.4552764e-15
2.4536071e-07
-1.1515867e-15
2.4536071e-07
-6.0344933e-16
2.4536071e-07
-5.2126052e-16
2.4536071e-07
-4.8122493e-16
2.4536071e-07
-4.3904822e-16
2.4536071e-07
-4.1054007e-16
2.4536071e-07
-3.5576287e-16
2.4536071e-07
-3.372476e-16
2.4536071e-07
-3.1309077e-16
2.4536071e-07
-2.662375e-16
2.4536071e-07
-2.7744734e-16
2.4536071e-07
-2.5847714e-16
2.4536071e-07
-2.4407231e-16
2.4536071e-07
-2.1243217e-16
2.4536071e-07
-2.1482238e-16
2.4536071e-07
-1.8784985e-16
2.4536071e-07
-1.8801061e-16
2.4536072e-07
-1.6324608e-16
2.4536072e-07
-1.6471274e-16
2.4536072e-07
-1.6426696e-16
2.4536072e-07
-1.5372993e-16
2.4536072e-07
-1.4669348e-16
2.4536072e-07
-1.2241182e-16
2.4536072e-07
-1.2354962e-16
2.4536072e-07
-1.3783231e-16
2.4536072e-07
-1.1864993e-16
2.4536072e-07
-1.1345174e-16
2.4536072e-07
-1.1104286e-16
2.4536072e-07
-9.5256008e-17
2.4536072e-07
-9.7701375e-17
2.4536072e-07
-9.4188269e-17
2.4536072e-07
-8.9307647e-17
2.4536072e-07
-9.5940286e-17
2.4536072e-07
-7.8054573e-17
2.4536072e-07
-6.1042918e-17
2.4536072e-07
-8.5432957e-17
2.4536072e-07
-8.3051811e-17
2.4536072e-07
-6.5392245e-17
2.4536072e-07
-5.9008742e-17
2.4536072e-07
-6.5260659e-17
2.4536072e-07
-5.6354706e-17
2.4536072e-07
-5.3710253e-17
2.4536072e-07
-5.9399568e-17
2.4536072e-07
-5.9675744e-17
2.4536072e-07
-5.8900622e-17
2.4536072e-07
-3.8529523e-17
2.4536072e-07
-5.0675616e-17
2.4536072e-07
-4.6809926e-17
2.4536072e-07
-3.2980204e-17
2.4536072e-07
-4.7005549e-17
2.4536072e-07
-5.3316054e-17
2.4536072e-07
-2.3999489e-17
2.4536072e-07
-3.487242e-17
2.4536072e-07
-4.508547e-17
2.4536072e-07
-1.8758092e-17
2.4536072e-07
-3.2878309e-17
2.4536072e-07
-3.5715901e-17
2.4536072e-07
-2.0245843e-17
2.4536072e-07
-2.2483897e-17
2.4536072e-07
-2.5273426e-17
2.4536072e-07
-2.9729936e-17
2.4536072e-07
-2.8701417e-17
2.4536072e-07
-1.9731922e-17
2.4536072e-07
1.9589269e-18
2.4536072e-07
-2.7259784e-17
2.4536072e-07
-3.011766e-17
2.4536072e-07
-7.9495812e-19
2.4536072e-07
-8.1135348e-18
2.4536072e-07
-2.8166793e-18
2.4536072e-07
-2.3770809e-17
2.4536072e-07
-1.4772123e-17
2.4536072e-07
1.721534e-17
2.4536072e-07
-5.3230918e-18
2.4536072e-07
-4.6054236e-18
2.4536072e-07
1.6197942e-17
2.4536072e-07
2.8305193e-17
2.4536072e-07
-3.0639769e-19
2.4536072e-07
1.5801381e-17
2.4536072e-07
4.5819884e-17
2.4536072e-07
3.9162138e-17
2.4536072e-07
6.4363079e-17
2.4536072e-07
8.0623973e-17
2.4536072e-07
1.0879848e-16
2.4536072e-07
1.4084279e-16
2.4536072e-07
2.8630905e-16
2.4536072e-07
2.2644125e-16
2.4536072e-07
9.2897855e-16
2.4536072e-07
7.6072574e-16
2.4536071e-07
8.4090757e-16
1.0749789e-15
2.6118438e-07
2.4281358e-12
2.6118411e-07
2.6161284e-12
2.6118386e-07
2.4523528e-12
2.6118361e-07
2.4149404e-12
2.6118337e-07
2.4025216e-12
2.6118312e-07
2.3895952e-12
2.6118288e-07
2.3762413e-12
2.6118264e-07
2.3629625e-12
2.611824e-07
2.3497155e-12
2.6118216e-07
2.3362986e-12
2.6118192e-07
2.3227807e-12
2.6118168e-07
2.3091741e-12
2.6118145e-07
2.295502e-12
2.6118121e-07
2.2819875e-12
2.6118098e-07
2.2683649e-12
2.6118075e-07
2.2545405e-12
2.6118052e-07
2.2407193e-12
2.6118029e-07
2.2268649e-12
2.6118007e-07
2.2129092e-12
2.6117984e-07
2.1988718e-12
2.6117962e-07
2.1847655e-12
2.611794e-07
2.1706144e-12
2.6117918e-07
2.1564308e-12
2.6117896e-07
2.1421874e-12
2.6117874e-07
2.1278896e-12
2.6117852e-07
2.1135488e-12
2.6117831e-07
2.0991461e-12
2.611781e-07
2.0846749e-12
2.6117788e-07
2.0701645e-12
2.6117767e-07
2.0556038e-12
2.6117746e-07
2.0409787e-12
2.6117726e-07
2.0263098e-12
2.6117705e-07
2.0115858e-12
2.6117685e-07
1.9968113e-12
2.6117664e-07
1.9819943e-12
2.6117644e-07
1.9671241e-12
2.6117624e-07
1.952192e-12
2.6117604e-07
1.9371437e-12
2.6117585e-07
1.9253322e-12
2.6117575e-07
9.9717629e-13
2.6117574e-07
2.0821316e-14
2.6117574e-07
-8.3768688e-15
2.6117574e-07
-1.2884908e-15
2.6117574e-07
-6.6928271e-16
2.6117574e-07
-5.7857668e-16
2.6117574e-07
-5.3412802e-16
2.6117574e-07
-4.8735558e-16
2.6117574e-07
-4.5577915e-16
2.6117574e-07
-3.952349e-16
2.6117574e-07
-3.745589e-16
2.6117574e-07
-3.4757586e-16
2.6117574e-07
-2.9630291e-16
2.6117574e-07
-3.0670264e-16
2.6117574e-07
-2.8719031e-16
2.6117574e-07
-2.7102906e-16
2.6117574e-07
-2.359896e-16
2.6117574e-07
-2.3849176e-16
2.6117574e-07
-2.0929982e-16
2.6117574e-07
-2.0776459e-16
2.6117574e-07
-1.8200387e-16
2.6117574e-07
-1.8298222e-16
2.6117574e-07
-1.823573e-16
2.6117574e-07
-1.7068091e-16
2.6117574e-07
-1.6286972e-16
2.6117574e-07
-1.3599619e-16
2.6117574e-07
-1.3720422e-16
2.6117574e-07
-1.529817e-16
2.6117574e-07
-1.3187305e-16
2.6117574e-07
-1.2598878e-16
2.6117574e-07
-1.2325552e-16
2.6117574e-07
-1.0584466e-16
2.6117574e-07
-1.0849267e-16
2.6117574e-07
-1.0463717e-16
2.6117574e-07
-9.9175217e-17
2.6117574e-07
-1.0645572e-16
2.6117574e-07
-8.6662973e-17
2.6117574e-07
-6.7914923e-17
2.6117574e-07
-9.4822707e-17
2.6117574e-07
-9.2143586e-17
2.6117574e-07
-7.2640823e-17
2.6117574e-07
-6.5575308e-17
2.6117574e-07
-7.2395216e-17
2.6117574e-07
-6.2597688e-17
2.6117574e-07
-5.9695149e-17
2.6117574e-07
-6.5915514e-17
2.6117574e-07
-6.6228638e-17
2.6117574e-07
-6.5348979e-17
2.6117574e-07
-4.2810011e-17
2.6117574e-07
-5.6220826e-17
2.6117574e-07
-5.2012987e-17
2.6117574e-07
-3.6703287e-17
2.6117574e-07
-5.2138238e-17
2.6117574e-07
-5.90926e-17
2.6117574e-07
-2.67109e-17
2.6117574e-07
-3.871186e-17
2.6117574e-07
-5.0019219e-17
2.6117574e-07
-2.0933436e-17
2.6117574e-07
-3.6467147e-17
2.6117574e-07
-3.9594268e-17
2.6117574e-07
-2.2480251e-17
2.6117574e-07
-2.4974772e-17
2.6117574e-07
-2.8091415e-17
2.6117574e-07
-3.2947587e-17
2.6117574e-07
-3.180539e-17
2.6117574e-07
-2.1859117e-17
2.6117574e-07
2.0264808e-18
2.6117574e-07
-3.0216491e-17
2.6117574e-07
-3.3332174e-17
2.6117574e-07
-9.8820137e-19
2.6117574e-07
-9.0299824e-18
2.6117574e-07
-3.1379678e-18
2.6117574e-07
-2.6264056e-17
2.6117574e-07
-1.6402923e-17
2.6117574e-07
1.8417533e-17
2.6117574e-07
-4.7516119e-18
2.6117574e-07
-5.624037e-18
2.6117574e-07
1.7857657e-17
2.6117574e-07
3.1217617e-17
2.6117574e-07
-3.297918e-19
2.6117574e-07
1.747999e-17
2.6117574e-07
5.0618099e-17
2.6117574e-07
4.3335203e-17
2.6117574e-07
7.1201828e-17
2.6117574e-07
8.9157543e-17
2.6117574e-07
1.2029744e-16
2.6117574e-07
1.557589e-16
2.6117574e-07
3.1660656e-16
2.6117574e-07
2.502405e-16
2.6117574e-07
1.0271044e-15
2.6117574e-07
8.3851789e-16
2.6117574e-07
9.4433411e-16
1.2034869e-15
2.7747677e-07
2.6929781e-12
2.7747648e-07
2.9034259e-12
2.7747621e-07
2.7211281e-12
2.7747595e-07
2.6789828e-12
2.7747569e-07
2.6651918e-12
2.7747543e-07
2.65087e-12
2.7747517e-07
2.6360604e-12
2.7747491e-07
2.6213283e-12
2.7747465e-07
2.6066334e-12
2.774744e-07
2.5917552e-12
2.7747414e-07
2.5767605e-12
2.7747389e-07
2.5616609e-12
2.7747364e-07
2.5464962e-12
2.7747339e-07
2.5315073e-12
2.7747314e-07
2.5163893e-12
2.7747289e-07
2.5010488e-12
2.7747265e-07
2.485715e-12
2.7747241e-07
2.4703457e-12
2.7747216e-07
2.4548643e-12
2.7747192e-07
2.4392922e-12
2.7747168e-07
2.4236437e-12
2.7747145e-07
2.4079452e-12
2.7747121e-07
2.3922103e-12
2.7747098e-07
2.3764092e-12
2.7747074e-07
2.3605478e-12
2.7747051e-07
2.3446385e-12
2.7747028e-07
2.3286608e-12
2.7747006e-07
2.3126071e-12
2.7746983e-07
2.2965097e-12
2.774696e-07
2.2803566e-12
2.7746938e-07
2.2641321e-12
2.7746916e-07
2.247859e-12
2.7746894e-07
2.2315247e-12
2.7746872e-07
2.2151345e-12
2.7746851e-07
2.1986971e-12
2.7746829e-07
2.1822007e-12
2.7746808e-07
2.1656356e-12
2.7746786e-07
2.1489417e-12
2.7746765e-07
2.1359029e-12
2.7746754e-07
1.1066602e-12
2.7746754e-07
2.3414778e-14
2.7746754e-07
-9.3772954e-15
2.7746754e-07
-1.4369151e-15
2.7746754e-07
-7.3959682e-16
2.7746754e-07
-6.3987981e-16
2.7746754e-07
-5.9071294e-16
2.7746754e-07
-5.3902671e-16
2.7746754e-07
-5.041614e-16
2.7746754e-07
-4.3750527e-16
2.7746754e-07
-4.1448372e-16
2.7746754e-07
-3.8445654e-16
2.7746754e-07
-3.285219e-16
2.7746754e-07
-3.3805e-16
2.7746754e-07
-3.1791319e-16
2.7746754e-07
-2.9986513e-16
2.7746754e-07
-2.6122168e-16
2.7746754e-07
-2.6380242e-16
2.7746754e-07
-2.3227443e-16
2.7746754e-07
-2.289417e-16
2.7746754e-07
-2.0210459e-16
2.7746754e-07
-2.0254537e-16
2.7746754e-07
-2.0170082e-16
2.7746754e-07
-1.888111e-16
2.7746754e-07
-1.8017318e-16
2.7746754e-07
-1.5055511e-16
2.7746754e-07
-1.5182215e-16
2.7746754e-07
-1.6916599e-16
2.7746754e-07
-1.4605459e-16
2.7746754e-07
-1.3939778e-16
2.7746754e-07
-1.3630407e-16
2.7746754e-07
-1.1720192e-16
2.7746754e-07
-1.2003901e-16
2.7746754e-07
-1.1582522e-16
2.7746754e-07
-1.0973444e-16
2.7746754e-07
-1.1768469e-16
2.7746754e-07
-9.5875455e-17
2.7746754e-07
-7.5307096e-17
2.7746754e-07
-1.0485401e-16
2.7746754e-07
-1.0184876e-16
2.7746754e-07
-8.0406382e-17
2.7746754e-07
-7.2616819e-17
2.7746754e-07
-8.0014671e-17
2.7746754e-07
-6.9284423e-17
2.7746754e-07
-6.6114179e-17
2.7746754e-07
-7.2878691e-17
2.7746754e-07
-7.3230639e-17
2.7746754e-07
-7.2233611e-17
2.7746754e-07
-4.7406136e-17
2.7746754e-07
-6.2145106e-17
2.7746754e-07
-5.758623e-17
2.7746754e-07
-4.0710366e-17
2.7746754e-07
-5.7615317e-17
2.7746754e-07
-6.5242336e-17
2.7746754e-07
-2.9635908e-17
2.7746754e-07
-4.2819443e-17
2.7746754e-07
-5.5282191e-17
2.7746754e-07
-2.3292311e-17
2.7746754e-07
-4.0299099e-17
2.7746754e-07
-4.3728195e-17
2.7746754e-07
-2.4878355e-17
2.7746754e-07
-2.7645723e-17
2.7746754e-07
-3.1112472e-17
2.7746754e-07
-3.6374196e-17
2.7746754e-07
-3.5110408e-17
2.7746754e-07
-2.4127208e-17
2.7746754e-07
2.052892e-18
2.7746754e-07
-3.3363067e-17
2.7746754e-07
-3.6740027e-17
2.7746754e-07
-1.2265883e-18
2.7746754e-07
-1.0018538e-17
2.7746754e-07
-3.490172e-18
2.7746754e-07
-2.8895265e-17
2.7746754e-07
-1.8140465e-17
2.7746754e-07
1.9648708e-17
2.7746754e-07
-4.1854414e-18
2.7746754e-07
-6.7101553e-18
2.7746754e-07
1.9603164e-17
2.7746754e-07
3.4284241e-17
2.7746754e-07
-3.3217408e-19
2.7746754e-07
1.9279224e-17
2.7746754e-07
5.5705969e-17
2.7746754e-07
4.7794041e-17
2.7746754e-07
7.8491031e-17
2.7746754e-07
9.8252409e-17
2.7746754e-07
1.3256151e-16
2.7746754e-07
1.7166168e-16
2.7746754e-07
3.488818e-16
2.7746754e-07
2.7556572e-16
2.7746754e-07
1.1316922e-15
2.7746754e-07
9.2111838e-16
2.7746754e-07
1.0542179e-15
1.3403609e-15
2.9426732e-07
2.9753379e-12
2.9426701e-07
3.2101232e-12
2.9426672e-07
3.0079531e-12
2.9426644e-07
2.9606251e-12
2.9426616e-07
2.9453669e-12
2.9426588e-07
2.9295607e-12
2.9426561e-07
2.913199e-12
2.9426533e-07
2.8969164e-12
2.9426506e-07
2.8806776e-12
2.9426478e-07
2.8642418e-12
2.9426451e-07
2.8476721e-12
2.9426424e-07
2.8309786e-12
2.9426398e-07
2.8142218e-12
2.9426371e-07
2.7976612e-12
2.9426345e-07
2.7809474e-12
2.9426318e-07
2.7639887e-12
2.9426292e-07
2.7470412e-12
2.9426266e-07
2.730056e-12
2.942624e-07
2.7129472e-12
2.9426215e-07
2.695738e-12
2.9426189e-07
2.6784445e-12
2.9426164e-07
2.6610953e-12
2.9426139e-07
2.6437058e-12
2.9426114e-07
2.6262431e-12
2.9426089e-07
2.6087137e-12
2.9426064e-07
2.5911313e-12
2.942604e-07
2.5734734e-12
2.9426016e-07
2.5557317e-12
2.9425991e-07
2.5379416e-12
2.9425967e-07
2.5200898e-12
2.9425944e-07
2.5021593e-12
2.942592e-07
2.4841749e-12
2.9425897e-07
2.4661231e-12
2.9425873e-07
2.4480093e-12
2.942585e-07
2.4298434e-12
2.9425827e-07
2.4116124e-12
2.9425804e-07
2.3933056e-12
2.9425782e-07
2.374856e-12
2.9425759e-07
2.360522e-12
2.9425748e-07
1.2235366e-12
2.9425747e-07
2.624721e-14
2.9425747e-07
-1.0462049e-14
2.9425747e-07
-1.5977973e-15
2.9425748e-07
-8.1465376e-16
2.9425748e-07
-7.0540931e-16
2.9425748e-07
-6.5120336e-16
2.9425748e-07
-5.9426886e-16
2.9425748e-07
-5.5587652e-16
2.9425748e-07
-4.8274347e-16
2.9425748e-07
-4.5717685e-16
2.9425748e-07
-4.2387775e-16
2.9425748e-07
-3.6302242e-16
2.9425748e-07
-3.7161884e-16
2.9425748e-07
-3.5076707e-16
2.9425748e-07
-3.3069343e-16
2.9425748e-07
-2.8822974e-16
2.9425748e-07
-2.9085267e-16
2.9425748e-07
-2.5686726e-16
2.9425748e-07
-2.5162834e-16
2.9425748e-07
-2.2363184e-16
2.9425748e-07
-2.2348261e-16
2.9425748e-07
-2.2236969e-16
2.9425748e-07
-2.0819183e-16
2.9425748e-07
-1.9866819e-16
2.9425748e-07
-1.661534e-16
2.9425748e-07
-1.6746362e-16
2.9425748e-07
-1.8644572e-16
2.9425748e-07
-1.6125608e-16
2.9425748e-07
-1.5373001e-16
2.9425748e-07
-1.50234e-16
2.9425748e-07
-1.2937957e-16
2.9425748e-07
-1.3238762e-16
2.9425748e-07
-1.2779825e-16
2.9425748e-07
-1.2102783e-16
2.9425748e-07
-1.2966586e-16
2.9425748e-07
-1.0572956e-16
2.9425748e-07
-8.325668e-17
2.9425748e-07
-1.1556151e-16
2.9425748e-07
-1.1220076e-16
2.9425748e-07
-8.8720094e-17
2.9425748e-07
-8.0165438e-17
2.9425748e-07
-8.8146564e-17
2.9425748e-07
-7.6443768e-17
2.9425748e-07
-7.2993503e-17
2.9425748e-07
-8.0315815e-17
2.9425748e-07
-8.070748e-17
2.9425748e-07
-7.9578448e-17
2.9425748e-07
-5.2340894e-17
2.9425748e-07
-6.8470225e-17
2.9425748e-07
-6.3552798e-17
2.9425748e-07
-4.5021566e-17
2.9425748e-07
-6.3454848e-17
2.9425748e-07
-7.1783429e-17
2.9425748e-07
-3.2791297e-17
2.9425748e-07
-4.7211469e-17
2.9425748e-07
-6.0890598e-17
2.9425748e-07
-2.5850522e-17
2.9425748e-07
-4.4387375e-17
2.9425748e-07
-4.8130733e-17
2.9425748e-07
-2.7451887e-17
2.9425748e-07
-3.0509239e-17
2.9425748e-07
-3.4350255e-17
2.9425748e-07
-4.0020954e-17
2.9425748e-07
-3.8626444e-17
2.9425748e-07
-2.6545346e-17
2.9425748e-07
2.0286157e-18
2.9425748e-07
-3.6708644e-17
2.9425748e-07
-4.0349092e-17
2.9425748e-07
-1.5171282e-18
2.9425748e-07
-1.1084778e-17
2.9425748e-07
-3.877215e-18
2.9425748e-07
-3.1667525e-17
2.9425748e-07
-1.9989012e-17
2.9425748e-07
2.0906552e-17
2.9425748e-07
-3.625515e-18
2.9425748e-07
-7.8633631e-18
2.9425748e-07
2.1436047e-17
2.9425748e-07
3.7508637e-17
2.9425748e-07
-3.0695364e-19
2.9425748e-07
2.1209629e-17
2.9425748e-07
6.1096892e-17
2.9425748e-07
5.2558088e-17
2.9425748e-07
8.6258399e-17
2.9425748e-07
1.0794399e-16
2.9425748e-07
1.4564184e-16
2.9425748e-07
1.8861352e-16
2.9425748e-07
3.8325587e-16
2.9425748e-07
3.0250583e-16
2.9425748e-07
1.2431478e-15
2.9425748e-07
1.0088184e-15
2.9425748e-07
1.1705227e-15
1.4857027e-15
3.1157716e-07
3.2758844e-12
3.1157684e-07
3.5370178e-12
3.1157653e-07
3.3135593e-12
3.1157623e-07
3.2605607e-12
3.1157593e-07
3.2437358e-12
3.1157564e-07
3.2263534e-12
3.1157534e-07
3.2083396e-12
3.1157505e-07
3.1904053e-12
3.1157476e-07
3.1725226e-12
3.1157447e-07
3.1544296e-12
3.1157418e-07
3.1361827e-12
3.1157389e-07
3.1177903e-12
3.1157361e-07
3.099338e-12
3.1157332e-07
3.0811046e-12
3.1157304e-07
3.0626907e-12
3.1157276e-07
3.0440074e-12
3.1157248e-07
3.025341e-12
3.1157221e-07
3.006635e-12
3.1157193e-07
2.9877929e-12
3.1157166e-07
2.9688403e-12
3.1157139e-07
2.9497949e-12
3.1157112e-07
2.9306879e-12
3.1157085e-07
2.9115361e-12
3.1157058e-07
2.8923038e-12
3.1157032e-07
2.872998e-12
3.1157006e-07
2.8536338e-12
3.115698e-07
2.8341865e-12
3.1156954e-07
2.8146472e-12
3.1156928e-07
2.7950542e-12
3.1156902e-07
2.7753933e-12
3.1156877e-07
2.755646e-12
3.1156852e-07
2.7358392e-12
3.1156827e-07
2.7159581e-12
3.1156802e-07
2.6960089e-12
3.1156777e-07
2.6760021e-12
3.1156753e-07
2.6559237e-12
3.1156729e-07
2.6357621e-12
3.1156705e-07
2.6154427e-12
3.1156681e-07
2.599745e-12
3.1156668e-07
1.3481109e-12
3.1156668e-07
2.9337991e-14
3.1156668e-07
-1.1637015e-14
3.1156668e-07
-1.7721693e-15
3.1156668e-07
-8.9474052e-16
3.1156668e-07
-7.7542846e-16
3.1156668e-07
-7.1584457e-16
3.1156668e-07
-6.5330541e-16
3.1156668e-07
-6.1112932e-16
3.1156668e-07
-5.3114137e-16
3.1156668e-07
-5.028125e-16
3.1156668e-07
-4.6599327e-16
3.1156668e-07
-3.9995098e-16
3.1156668e-07
-4.0754925e-16
3.1156668e-07
-3.8588671e-16
3.1156668e-07
-3.6363385e-16
3.1156668e-07
-3.1713234e-16
3.1156668e-07
-3.1974858e-16
3.1156668e-07
-2.831791e-16
3.1156668e-07
-2.7591823e-16
3.1156668e-07
-2.4667628e-16
3.1156668e-07
-2.4588078e-16
3.1156668e-07
-2.4444472e-16
3.1156668e-07
-2.2889819e-16
3.1156668e-07
-2.184307e-16
3.1156668e-07
-1.8285872e-16
3.1156668e-07
-1.8419421e-16
3.1156668e-07
-2.0488321e-16
3.1156668e-07
-1.7755203e-16
3.1156668e-07
-1.690381e-16
3.1156668e-07
-1.6509354e-16
3.1156668e-07
-1.4243773e-16
3.1156668e-07
-1.4558794e-16
3.1156668e-07
-1.4060566e-16
3.1156668e-07
-1.3310109e-16
3.1156668e-07
-1.4244351e-16
3.1156668e-07
-1.1626515e-16
3.1156668e-07
-9.1803972e-17
3.1156668e-07
-1.2698567e-16
3.1156668e-07
-1.232359e-16
3.1156668e-07
-9.7619199e-17
3.1156668e-07
-8.8254216e-17
3.1156668e-07
-9.6822192e-17
3.1156668e-07
-8.4105895e-17
3.1156668e-07
-8.0365324e-17
3.1156668e-07
-8.8255317e-17
3.1156668e-07
-8.8687199e-17
3.1156668e-07
-8.7410763e-17
3.1156668e-07
-5.7638775e-17
3.1156668e-07
-7.5221167e-17
3.1156668e-07
-6.9936638e-17
3.1156668e-07
-4.9660536e-17
3.1156668e-07
-6.9679025e-17
3.1156668e-07
-7.8736274e-17
3.1156668e-07
-3.6195903e-17
3.1156668e-07
-5.1906039e-17
3.1156668e-07
-6.6863553e-17
3.1156668e-07
-2.8626491e-17
3.1156668e-07
-4.8747979e-17
3.1156668e-07
-5.2816956e-17
3.1156668e-07
-3.0214112e-17
3.1156668e-07
-3.3578364e-17
3.1156668e-07
-3.7818062e-17
3.1156668e-07
-4.3899512e-17
3.1156668e-07
-4.2364483e-17
3.1156668e-07
-2.912195e-17
3.1156668e-07
1.9431152e-18
3.1156668e-07
-4.0261972e-17
3.1156668e-07
-4.4166395e-17
3.1156668e-07
-1.8680062e-18
3.1156668e-07
-1.2235097e-17
3.1156668e-07
-4.302776e-18
3.1156668e-07
-3.4583839e-17
3.1156668e-07
-2.1953545e-17
3.1156668e-07
2.218742e-17
3.1156668e-07
-3.0719933e-18
3.1156668e-07
-9.0829149e-18
3.1156668e-07
2.3357187e-17
3.1156668e-07
4.0893885e-17
3.1156668e-07
-2.4660398e-19
3.1156668e-07
2.3281845e-17
3.1156668e-07
6.6805711e-17
3.1156668e-07
5.7649033e-17
3.1156668e-07
9.4534204e-17
3.1156668e-07
1.1827155e-16
3.1156668e-07
1.5959438e-16
3.1156668e-07
2.066841e-16
3.1156668e-07
4.1986229e-16
3.1156668e-07
3.3115868e-16
3.1156668e-07
1.3619186e-15
3.1156668e-07
1.1019403e-15
3.1156668e-07
1.2931839e-15
1.6395983e-15
3.2942723e-07
3.5953061e-12
3.2942688e-07
3.8849359e-12
3.2942655e-07
3.6387043e-12
3.2942623e-07
3.5795055e-12
3.2942592e-07
3.5610095e-12
3.294256e-07
3.5419563e-12
3.2942529e-07
3.5221865e-12
3.2942498e-07
3.5024956e-12
3.2942467e-07
3.4828652e-12
3.2942436e-07
3.4630116e-12
3.2942405e-07
3.4429815e-12
3.2942374e-07
3.4227806e-12
3.2942344e-07
3.4025252e-12
3.2942314e-07
3.3825144e-12
3.2942284e-07
3.3622916e-12
3.2942254e-07
3.3417732e-12
3.2942225e-07
3.3212787e-12
3.2942195e-07
3.3007427e-12
3.2942166e-07
3.2800576e-12
3.2942137e-07
3.259251e-12
3.2942108e-07
3.2383425e-12
3.2942079e-07
3.2173662e-12
3.2942051e-07
3.1963402e-12
3.2942023e-07
3.1752262e-12
3.2941995e-07
3.1540314e-12
3.2941967e-07
3.1327722e-12
3.2941939e-07
3.1114221e-12
3.2941911e-07
3.0899711e-12
3.2941884e-07
3.068461e-12
3.2941857e-07
3.0468763e-12
3.294183e-07
3.0251969e-12
3.2941803e-07
3.0034521e-12
3.2941777e-07
2.9816258e-12
3.294175e-07
2.9597247e-12
3.2941724e-07
2.9377604e-12
3.2941698e-07
2.9157175e-12
3.2941672e-07
2.8935834e-12
3.2941647e-07
2.8712754e-12
3.2941621e-07
2.8541453e-12
3.2941608e-07
1.4806997e-12
3.2941608e-07
3.2708105e-14
3.2941608e-07
-1.2908489e-14
3.2941608e-07
-1.9611673e-15
3.2941608e-07
-9.8016971e-16
3.2941608e-07
-8.5022248e-16
3.2941608e-07
-7.8490388e-16
3.2941608e-07
-7.1638251e-16
3.2941608e-07
-6.7014533e-16
3.2941608e-07
-5.8290408e-16
3.2941608e-07
-5.5157535e-16
3.2941608e-07
-5.1097297e-16
3.2941608e-07
-4.3946408e-16
3.2941608e-07
-4.4599378e-16
3.2941608e-07
-4.2341432e-16
3.2941608e-07
-3.988235e-16
3.2941608e-07
-3.4805266e-16
3.2941608e-07
-3.50607e-16
3.2941608e-07
-3.113214e-16
3.2941608e-07
-3.0191648e-16
3.2941608e-07
-2.7133588e-16
3.2941608e-07
-2.6983598e-16
3.2941608e-07
-2.6801418e-16
3.2941608e-07
-2.5101459e-16
3.2941608e-07
-2.3953987e-16
3.2941608e-07
-2.0074761e-16
3.2941608e-07
-2.0208487e-16
3.2941608e-07
-2.2455059e-16
3.2941608e-07
-1.9501782e-16
3.2941608e-07
-1.8538088e-16
3.2941608e-07
-1.809355e-16
3.2941608e-07
-1.564412e-16
3.2941608e-07
-1.5969553e-16
3.2941608e-07
-1.5430143e-16
3.2941608e-07
-1.4600366e-16
3.2941608e-07
-1.5606415e-16
3.2941608e-07
-1.2752815e-16
3.2941608e-07
-1.0099436e-16
3.2941608e-07
-1.3916892e-16
3.2941608e-07
-1.349947e-16
3.2941608e-07
-1.0714118e-16
3.2941608e-07
-9.6921879e-17
3.2941608e-07
-1.0607508e-16
3.2941608e-07
-9.2304866e-17
3.2941608e-07
-8.8262002e-17
3.2941608e-07
-9.672812e-17
3.2941608e-07
-9.7201469e-17
3.2941608e-07
-9.5758646e-17
3.2941608e-07
-6.3326098e-17
3.2941608e-07
-8.2423908e-17
3.2941608e-07
-7.6766837e-17
3.2941608e-07
-5.4651239e-17
3.2941608e-07
-7.6308555e-17
3.2941608e-07
-8.6121124e-17
3.2941608e-07
-3.986913e-17
3.2941608e-07
-5.6922755e-17
3.2941608e-07
-7.3220481e-17
3.2941608e-07
-3.1637224e-17
3.2941608e-07
-5.3396329e-17
3.2941608e-07
-5.7802264e-17
3.2941608e-07
-3.3179192e-17
3.2941608e-07
-3.6867474e-17
3.2941608e-07
-4.153111e-17
3.2941608e-07
-4.802213e-17
3.2941608e-07
-4.6336277e-17
3.2941608e-07
-3.1866486e-17
3.2941608e-07
1.7848294e-18
3.2941608e-07
-4.4033932e-17
3.2941608e-07
-4.8200742e-17
3.2941608e-07
-2.2881868e-18
3.2941608e-07
-1.3475957e-17
3.2941608e-07
-4.7717315e-18
3.2941608e-07
-3.7647658e-17
3.2941608e-07
-2.4038869e-17
3.2941608e-07
2.3487735e-17
3.2941608e-07
-2.5256551e-18
3.2941608e-07
-1.0368709e-17
3.2941608e-07
2.5368277e-17
3.2941608e-07
4.4443693e-17
3.2941608e-07
-1.429915e-19
3.2941608e-07
2.5508721e-17
3.2941608e-07
7.2849345e-17
3.2941608e-07
6.3091363e-17
3.2941608e-07
1.0335205e-16
3.2941608e-07
1.2927782e-16
3.2941608e-07
1.7448111e-16
3.2941608e-07
2.2594997e-16
3.2941608e-07
4.5884762e-16
3.2941608e-07
3.6163194e-16
3.2941608e-07
1.4884955e-15
3.2941608e-07
1.2008382e-15
3.2941608e-07
1.4221057e-15
1.8021163e-15
3.4783821e-07
3.9343097e-12
3.4783784e-07
4.2547299e-12
3.478375e-07
3.9841701e-12
3.4783716e-07
3.9181964e-12
3.4783682e-07
3.8979198e-12
3.4783649e-07
3.8770987e-12
3.4783615e-07
3.8554651e-12
3.4783582e-07
3.8339081e-12
3.4783549e-07
3.8124227e-12
3.4783516e-07
3.7907014e-12
3.4783484e-07
3.768778e-12
3.4783451e-07
3.7466542e-12
3.4783419e-07
3.724484e-12
3.4783387e-07
3.7025873e-12
3.4783355e-07
3.6804427e-12
3.4783324e-07
3.657974e-12
3.4783292e-07
3.6355377e-12
3.4783261e-07
3.6130585e-12
3.478323e-07
3.5904162e-12
3.4783199e-07
3.5676407e-12
3.4783169e-07
3.5447538e-12
3.4783138e-07
3.5217923e-12
3.4783108e-07
3.4987761e-12
3.4783078e-07
3.4756637e-12
3.4783048e-07
3.4524629e-12
3.4783018e-07
3.4291914e-12
3.4782989e-07
3.4058205e-12
3.478296e-07
3.3823395e-12
3.4782931e-07
3.3587935e-12
3.4782902e-07
3.3351658e-12
3.4782873e-07
3.3114346e-12
3.4782845e-07
3.2876317e-12
3.4782817e-07
3.2637397e-12
3.4782789e-07
3.2397659e-12
3.4782761e-07
3.2157227e-12
3.4782733e-07
3.1915937e-12
3.4782706e-07
3.167365e-12
3.4782679e-07
3.142945e-12
3.4782652e-07
3.1243137e-12
3.4782638e-07
1.6216305e-12
3.4782637e-07
3.6380247e-14
3.4782637e-07
-1.4283199e-14
3.4782637e-07
-2.1660421e-15
3.4782637e-07
-1.0712844e-15
3.4782637e-07
-9.3010255e-16
3.4782637e-07
-8.5867254e-16
3.4782637e-07
-7.8376795e-16
3.4782637e-07
-7.3316921e-16
3.4782637e-07
-6.382565e-16
3.4782637e-07
-6.0367218e-16
3.4782637e-07
-5.5900154e-16
3.4782637e-07
-4.8173042e-16
3.4782637e-07
-4.871211e-16
3.4782637e-07
-4.6351287e-16
3.4782637e-07
-4.3640499e-16
3.4782637e-07
-3.8112731e-16
3.4782637e-07
-3.8355388e-16
3.4782637e-07
-3.4141307e-16
3.4782637e-07
-3.2973452e-16
3.4782637e-07
-2.9771937e-16
3.4782637e-07
-2.9545238e-16
3.4782637e-07
-2.931738e-16
3.4782637e-07
-2.7463427e-16
3.4782637e-07
-2.6208304e-16
3.4782637e-07
-2.1990321e-16
3.4782637e-07
-2.2121552e-16
3.4782637e-07
-2.4552194e-16
3.4782637e-07
-2.1374297e-16
3.4782637e-07
-2.0281937e-16
3.4782637e-07
-1.9781566e-16
3.4782637e-07
-1.7146246e-16
3.4782637e-07
-1.747692e-16
3.4782637e-07
-1.6894496e-16
3.4782637e-07
-1.5979143e-16
3.4782637e-07
-1.7058024e-16
3.4782637e-07
-1.3956707e-16
3.4782637e-07
-1.1087666e-16
3.4782637e-07
-1.5215744e-16
3.4782637e-07
-1.4752062e-16
3.4782637e-07
-1.173299e-16
3.4782637e-07
-1.0620706e-16
3.4782637e-07
-1.159407e-16
3.4782637e-07
-1.0107556e-16
3.4782637e-07
-9.6719972e-17
3.4782637e-07
-1.0576902e-16
3.4782637e-07
-1.0628319e-16
3.4782637e-07
-1.0465383e-16
3.4782637e-07
-6.9433125e-17
3.4782637e-07
-9.0106867e-17
3.4782637e-07
-8.4071756e-17
3.4782637e-07
-6.0020883e-17
3.4782637e-07
-8.3368139e-17
3.4782637e-07
-9.3962086e-17
3.4782637e-07
-4.3835597e-17
3.4782637e-07
-6.2283133e-17
3.4782637e-07
-7.9983636e-17
3.4782637e-07
-3.4905774e-17
3.4782637e-07
-5.8351127e-17
3.4782637e-07
-6.3103717e-17
3.4782637e-07
-3.6362505e-17
3.4782637e-07
-4.0392252e-17
3.4782637e-07
-4.5507269e-17
3.4782637e-07
-5.2402901e-17
3.4782637e-07
-5.055465e-17
3.4782637e-07
-3.479048e-17
3.4782637e-07
1.5411311e-18
3.4782637e-07
-4.8035524e-17
3.4782637e-07
-5.2460579e-17
3.4782637e-07
-2.7874384e-18
3.4782637e-07
-1.4815083e-17
3.4782637e-07
-5.2888889e-18
3.4782637e-07
-4.0863201e-17
3.4782637e-07
-2.6250446e-17
3.4782637e-07
2.4804088e-17
3.4782637e-07
-1.9871928e-18
3.4782637e-07
-1.1719247e-17
3.4782637e-07
2.7470355e-17
3.4782637e-07
4.816188e-17
3.4782637e-07
1.3577744e-20
3.4782637e-07
2.7903394e-17
3.4782637e-07
7.9245039e-17
3.4782637e-07
6.8911186e-17
3.4782637e-07
1.1274878e-16
3.4782637e-07
1.4101019e-16
3.4782637e-07
1.9037014e-16
3.4782637e-07
2.4649483e-16
3.4782637e-07
5.0037281e-16
3.4782637e-07
3.9404351e-16
3.4782637e-07
1.6234153e-15
3.4782637e-07
1.3059006e-15
3.4782637e-07
1.5571576e-15
1.9733046e-15
3.6683061e-07
4.2936175e-12
3.6683022e-07
4.6472771e-12
3.6682986e-07
4.3507618e-12
3.668295e-07
4.2773897e-12
3.6682914e-07
4.2552175e-12
3.6682878e-07
4.2325286e-12
3.6682843e-07
4.2089195e-12
3.6682808e-07
4.1853829e-12
3.6682773e-07
4.1619307e-12
3.6682738e-07
4.1382311e-12
3.6682704e-07
4.1143e-12
3.6682669e-07
4.0901344e-12
3.6682635e-07
4.0659331e-12
3.6682601e-07
4.0420382e-12
3.6682567e-07
4.0178545e-12
3.6682534e-07
3.9933157e-12
3.6682501e-07
3.9688196e-12
3.6682467e-07
3.9442796e-12
3.6682435e-07
3.9195615e-12
3.6682402e-07
3.8946978e-12
3.6682369e-07
3.8697126e-12
3.6682337e-07
3.8446457e-12
3.6682305e-07
3.8195187e-12
3.6682273e-07
3.7942868e-12
3.6682241e-07
3.7689584e-12
3.668221e-07
3.7435526e-12
3.6682179e-07
3.7180387e-12
3.6682148e-07
3.6924046e-12
3.6682117e-07
3.6666994e-12
3.6682086e-07
3.6409049e-12
3.6682056e-07
3.6149977e-12
3.6682026e-07
3.5890121e-12
3.6681996e-07
3.5629293e-12
3.6681966e-07
3.5367572e-12
3.6681937e-07
3.5105093e-12
3.6681908e-07
3.4841678e-12
3.6681879e-07
3.4577177e-12
3.668185e-07
3.4310574e-12
3.6681821e-07
3.4108565e-12
3.6681806e-07
1.771241e-12
3.6681806e-07
4.0378927e-14
3.6681806e-07
-1.5768305e-14
3.6681806e-07
-2.3881658e-15
3.6681806e-07
-1.1684588e-15
3.6681806e-07
-1.0154085e-15
3.6681806e-07
-9.3746831e-16
3.6681806e-07
-8.5575305e-16
3.6681806e-07
-8.0046959e-16
3.6681806e-07
-6.9744564e-16
3.6681806e-07
-6.5932443e-16
3.6681806e-07
-6.1027908e-16
3.6681806e-07
-5.2693848e-16
3.6681806e-07
-5.3111321e-16
3.6681806e-07
-5.0634941e-16
3.6681806e-07
-4.7653617e-16
3.6681806e-07
-4.1650604e-16
3.6681806e-07
-4.1872845e-16
3.6681806e-07
-3.7358915e-16
3.6681806e-07
-3.5949541e-16
3.6681806e-07
-3.2594435e-16
3.6681806e-07
-3.2284119e-16
3.6681806e-07
-3.2002807e-16
3.6681806e-07
-2.9985447e-16
3.6681806e-07
-2.8615601e-16
3.6681806e-07
-2.4041444e-16
3.6681806e-07
-2.4166892e-16
3.6681806e-07
-2.6787996e-16
3.6681806e-07
-2.3382154e-16
3.6681806e-07
-2.2142047e-16
3.6681806e-07
-2.1579325e-16
3.6681806e-07
-1.8758205e-16
3.6681806e-07
-1.9087569e-16
3.6681806e-07
-1.8459983e-16
3.6681806e-07
-1.7452332e-16
3.6681806e-07
-1.8604712e-16
3.6681806e-07
-1.5243448e-16
3.6681806e-07
-1.2150336e-16
3.6681806e-07
-1.6600164e-16
3.6681806e-07
-1.6086041e-16
3.6681806e-07
-1.2823012e-16
3.6681806e-07
-1.1615595e-16
3.6681806e-07
-1.2646017e-16
3.6681806e-07
-1.1046012e-16
3.6681806e-07
-1.0577838e-16
3.6681806e-07
-1.1541478e-16
3.6681806e-07
-1.1596957e-16
3.6681806e-07
-1.1413109e-16
3.6681806e-07
-7.5991101e-17
3.6681806e-07
-9.8302244e-17
3.6681806e-07
-9.1883689e-17
3.6681806e-07
-6.5799311e-17
3.6681806e-07
-9.0884668e-17
3.6681806e-07
-1.0228431e-16
3.6681806e-07
-4.81181e-17
3.6681806e-07
-6.8009413e-17
3.6681806e-07
-8.7175506e-17
3.6681806e-07
-3.8453524e-17
3.6681806e-07
-6.3632431e-17
3.6681806e-07
-6.8740676e-17
3.6681806e-07
-3.9781395e-17
3.6681806e-07
-4.4170634e-17
3.6681806e-07
-4.9762785e-17
3.6681806e-07
-5.7055996e-17
3.6681806e-07
-5.5033973e-17
3.6681806e-07
-3.7905819e-17
3.6681806e-07
1.1978957e-18
3.6681806e-07
-5.2278115e-17
3.6681806e-07
-5.6955957e-17
3.6681806e-07
-3.3762489e-18
3.6681806e-07
-1.6260113e-17
3.6681806e-07
-5.8601218e-18
3.6681806e-07
-4.4233725e-17
3.6681806e-07
-2.8594341e-17
3.6681806e-07
2.6132465e-17
3.6681806e-07
-1.4571009e-18
3.6681806e-07
-1.3133566e-17
3.6681806e-07
2.966474e-17
3.6681806e-07
5.2052585e-17
3.6681806e-07
2.3321161e-19
3.6681806e-07
3.0481499e-17
3.6681806e-07
8.6012665e-17
3.6681806e-07
7.5137565e-17
3.6681806e-07
1.2276432e-16
3.6681806e-07
1.5352008e-16
3.6681806e-07
2.0733614e-16
3.6681806e-07
2.6841067e-16
3.6681806e-07
5.4461409e-16
3.6681806e-07
4.2852228e-16
3.6681806e-07
1.7672642e-15
3.6681806e-07
1.4175515e-15
3.6681806e-07
1.6981695e-15
2.153188e-15
3.8642476e-07
4.6739654e-12
3.8642435e-07
5.0634769e-12
3.8642396e-07
4.7393057e-12
3.8642358e-07
4.6578588e-12
3.864232e-07
4.6336701e-12
3.8642282e-07
4.6090109e-12
3.8642245e-07
4.5833106e-12
3.8642208e-07
4.5576765e-12
3.8642171e-07
4.532142e-12
3.8642134e-07
4.5063494e-12
3.8642097e-07
4.4802921e-12
3.8642061e-07
4.4539607e-12
3.8642025e-07
4.4276076e-12
3.8641989e-07
4.4015983e-12
3.8641953e-07
4.3752535e-12
3.8641917e-07
4.3485201e-12
3.8641882e-07
4.3218416e-12
3.8641847e-07
4.2951188e-12
3.8641812e-07
4.2682019e-12
3.8641777e-07
4.2411263e-12
3.8641743e-07
4.2139183e-12
3.8641709e-07
4.1866212e-12
3.8641675e-07
4.1592581e-12
3.8641641e-07
4.1317811e-12
3.8641608e-07
4.1041991e-12
3.8641574e-07
4.0765325e-12
3.8641541e-07
4.0487483e-12
3.8641508e-07
4.0208337e-12
3.8641476e-07
3.9928412e-12
3.8641443e-07
3.9647515e-12
3.8641411e-07
3.9365394e-12
3.8641379e-07
3.9082417e-12
3.8641348e-07
3.8798382e-12
3.8641316e-07
3.8513377e-12
3.8641285e-07
3.8227543e-12
3.8641254e-07
3.7940692e-12
3.8641223e-07
3.7652661e-12
3.8641193e-07
3.7362325e-12
3.8641162e-07
3.714394e-12
3.8641146e-07
1.9298784e-12
3.8641146e-07
4.473058e-14
3.8641146e-07
-1.7371431e-14
3.8641146e-07
-2.6290454e-15
3.8641146e-07
-1.2720982e-15
3.8641146e-07
-1.1065056e-15
3.8641146e-07
-1.0216366e-15
3.8641146e-07
-9.3265622e-16
3.8641146e-07
-8.7233613e-16
3.8641146e-07
-7.6073629e-16
3.8641146e-07
-7.187745e-16
3.8641146e-07
-6.6502391e-16
3.8641146e-07
-5.7528906e-16
3.8641146e-07
-5.7816951e-16
3.8641146e-07
-5.5211583e-16
3.8641146e-07
-5.1939134e-16
3.8641146e-07
-4.5434952e-16
3.8641146e-07
-4.562805e-16
3.8641146e-07
-4.0798891e-16
3.8641146e-07
-3.9133375e-16
3.8641146e-07
-3.5613566e-16
3.8641146e-07
-3.5212623e-16
3.8641146e-07
-3.4869048e-16
3.8641146e-07
-3.2678463e-16
3.8641146e-07
-3.1186193e-16
3.8641146e-07
-2.6238105e-16
3.8641146e-07
-2.6353966e-16
3.8641146e-07
-2.9171575e-16
3.8641146e-07
-2.5536073e-16
3.8641146e-07
-2.4125411e-16
3.8641146e-07
-2.349321e-16
3.8641146e-07
-2.0488875e-16
3.8641146e-07
-2.0808429e-16
3.8641146e-07
-2.0133535e-16
3.8641146e-07
-1.9026383e-16
3.8641146e-07
-2.0252619e-16
3.8641146e-07
-1.6618934e-16
3.8641146e-07
-1.3293314e-16
3.8641146e-07
-1.8075675e-16
3.8641146e-07
-1.7506637e-16
3.8641146e-07
-1.3989402e-16
3.8641146e-07
-1.2681579e-16
3.8641146e-07
-1.3767666e-16
3.8641146e-07
-1.2049931e-16
3.8641146e-07
-1.1548066e-16
3.8641146e-07
-1.2570554e-16
3.8641146e-07
-1.2630008e-16
3.8641146e-07
-1.2422691e-16
3.8641146e-07
-8.3035964e-17
3.8641146e-07
-1.0704319e-16
3.8641146e-07
-1.0023816e-16
3.8641146e-07
-7.2018095e-17
3.8641146e-07
-9.8886804e-17
3.8641146e-07
-1.1111481e-16
3.8641146e-07
-5.2744068e-17
3.8641146e-07
-7.4128534e-17
3.8641146e-07
-9.4822538e-17
3.8641146e-07
-4.2305501e-17
3.8641146e-07
-6.9260617e-17
3.8641146e-07
-7.4733459e-17
3.8641146e-07
-4.3454129e-17
3.8641146e-07
-4.8220166e-17
3.8641146e-07
-5.4318352e-17
3.8641146e-07
-6.1998564e-17
3.8641146e-07
-5.978862e-17
3.8641146e-07
-4.1225021e-17
3.8641146e-07
7.4038958e-19
3.8641146e-07
-5.6775201e-17
3.8641146e-07
-6.169716e-17
3.8641146e-07
-4.0663025e-18
3.8641146e-07
-1.782076e-17
3.8641146e-07
-6.4912063e-18
3.8641146e-07
-4.7764437e-17
3.8641146e-07
-3.107594e-17
3.8641146e-07
2.7468135e-17
3.8641146e-07
-9.3640845e-19
3.8641146e-07
-1.4610973e-17
3.8641146e-07
3.1952842e-17
3.8641146e-07
5.6120705e-17
3.8641146e-07
5.274487e-19
3.8641146e-07
3.3258457e-17
3.8641146e-07
9.3173555e-17
3.8641146e-07
8.1801927e-17
3.8641146e-07
1.3344224e-16
3.8641146e-07
1.6686415e-16
3.8641146e-07
2.2546063e-16
3.8641146e-07
2.917974e-16
3.8641146e-07
5.9176367e-16
3.8641146e-07
4.6520836e-16
3.8641146e-07
1.92068e-15
3.8641146e-07
1.5362533e-15
3.8641146e-07
1.8449282e-15
2.3417648e-15
4.0664078e-07
5.0761001e-12
4.0664034e-07
5.5042484e-12
4.0663993e-07
5.1506474e-12
4.0663953e-07
5.0603921e-12
4.0663913e-07
5.0340598e-12
4.0663873e-07
5.0073255e-12
4.0663833e-07
4.9794142e-12
4.0663794e-07
4.9515602e-12
4.0663755e-07
4.9238237e-12
4.0663716e-07
4.89582e-12
4.0663677e-07
4.8675135e-12
4.0663639e-07
4.838887e-12
4.06636e-07
4.8102568e-12
4.0663562e-07
4.7820128e-12
4.0663524e-07
4.7533805e-12
4.0663487e-07
4.724323e-12
4.0663449e-07
4.6953348e-12
4.0663412e-07
4.6663028e-12
4.0663375e-07
4.6370595e-12
4.0663339e-07
4.6076435e-12
4.0663302e-07
4.5780838e-12
4.0663266e-07
4.5484269e-12
4.066323e-07
4.518698e-12
4.0663195e-07
4.4888456e-12
4.0663159e-07
4.4588791e-12
4.0663124e-07
4.4288205e-12
4.0663089e-07
4.3986343e-12
4.0663054e-07
4.3683068e-12
4.066302e-07
4.3378944e-12
4.0662985e-07
4.3073762e-12
4.0662951e-07
4.2767254e-12
4.0662918e-07
4.2459815e-12
4.0662884e-07
4.2151227e-12
4.0662851e-07
4.1841585e-12
4.0662818e-07
4.1531042e-12
4.0662785e-07
4.1219396e-12
4.0662752e-07
4.0906471e-12
4.066272e-07
4.0591021e-12
4.0662688e-07
4.0355589e-12
4.0662671e-07
2.0978987e-12
4.0662671e-07
4.9463676e-14
4.0662671e-07
-1.9100663e-14
4.0662671e-07
-2.890331e-15
4.0662671e-07
-1.3826483e-15
4.0662671e-07
-1.2037943e-15
4.0662671e-07
-1.1115511e-15
4.0662671e-07
-1.0148222e-15
4.0662671e-07
-9.4908504e-16
4.0662671e-07
-8.2841858e-16
4.0662671e-07
-7.8228483e-16
4.0662671e-07
-7.2347407e-16
4.0662671e-07
-6.2700222e-16
4.0662671e-07
-6.2850499e-16
4.0662671e-07
-6.0101384e-16
4.0662671e-07
-5.6515342e-16
4.0662671e-07
-4.9483354e-16
4.0662671e-07
-4.9637386e-16
4.0662671e-07
-4.4476986e-16
4.0662671e-07
-4.253934e-16
4.0662671e-07
-3.8843556e-16
4.0662671e-07
-3.8344223e-16
4.0662671e-07
-3.7928435e-16
4.0662671e-07
-3.5554187e-16
4.0662671e-07
-3.3931234e-16
4.0662671e-07
-2.8590794e-16
4.0662671e-07
-2.8692764e-16
4.0662671e-07
-3.17125e-16
4.0662671e-07
-2.7847445e-16
4.0662671e-07
-2.6239624e-16
4.0662671e-07
-2.5529877e-16
4.0662671e-07
-2.2348094e-16
4.0662671e-07
-2.2647379e-16
4.0662671e-07
-2.1922658e-16
4.0662671e-07
-2.0708409e-16
4.0662671e-07
-2.2008328e-16
4.0662671e-07
-1.8089425e-16
4.0662671e-07
-1.4522855e-16
4.0662671e-07
-1.9648199e-16
4.0662671e-07
-1.9019439e-16
4.0662671e-07
-1.523751e-16
4.0662671e-07
-1.382394e-16
4.0662671e-07
-1.4963678e-16
4.0662671e-07
-1.3124176e-16
4.0662671e-07
-1.2587216e-16
4.0662671e-07
-1.3668607e-16
4.0662671e-07
-1.37318e-16
4.0662671e-07
-1.3498263e-16
4.0662671e-07
-9.0606142e-17
4.0662671e-07
-1.1636762e-16
4.0662671e-07
-1.0917282e-16
4.0662671e-07
-7.8712588e-17
4.0662671e-07
-1.0740564e-16
4.0662671e-07
-1.2048418e-16
4.0662671e-07
-5.7742715e-17
4.0662671e-07
-8.0666939e-17
4.0662671e-07
-1.029515e-16
4.0662671e-07
-4.6488106e-17
4.0662671e-07
-7.5259427e-17
4.0662671e-07
-8.1103342e-17
4.0662671e-07
-4.7401212e-17
4.0662671e-07
-5.2562408e-17
4.0662671e-07
-5.9194968e-17
4.0662671e-07
-6.7247676e-17
4.0662671e-07
-6.4836394e-17
4.0662671e-07
-4.476213e-17
4.0662671e-07
1.5165425e-19
4.0662671e-07
-6.1540342e-17
4.0662671e-07
-6.6695552e-17
4.0662671e-07
-4.8703689e-18
4.0662671e-07
-1.950562e-17
4.0662671e-07
-7.1891544e-18
4.0662671e-07
-5.1459921e-17
4.0662671e-07
-3.3702384e-17
4.0662671e-07
2.8806499e-17
4.0662671e-07
-4.2502121e-19
4.0662671e-07
-1.6149802e-17
4.0662671e-07
3.4336125e-17
4.0662671e-07
6.0370448e-17
4.0662671e-07
9.0842688e-19
4.0662671e-07
3.6253127e-17
4.0662671e-07
1.0075126e-16
4.0662671e-07
8.8938644e-17
4.0662671e-07
1.4483034e-16
4.0662671e-07
1.8110357e-16
4.0662671e-07
2.4483233e-16
4.0662671e-07
3.1676424e-16
4.0662671e-07
6.4203033e-16
4.0662671e-07
5.042551e-16
4.0662671e-07
2.0843567e-15
4.0662671e-07
1.6625087e-15
4.0662671e-07
1.9971721e-15
2.5390028e-15
4.2749866e-07
5.5007766e-12
4.274982e-07
5.9705273e-12
4.2749776e-07
5.5856494e-12
4.2749734e-07
5.4857904e-12
4.2749691e-07
5.4571808e-12
4.2749649e-07
5.4282643e-12
4.2749607e-07
5.3980182e-12
4.2749566e-07
5.3678174e-12
4.2749524e-07
5.337755e-12
4.2749483e-07
5.3074182e-12
4.2749442e-07
5.2767354e-12
4.2749402e-07
5.2456792e-12
4.2749361e-07
5.2146416e-12
4.2749321e-07
5.184039e-12
4.2749281e-07
5.1529878e-12
4.2749241e-07
5.1214718e-12
4.2749202e-07
5.0900421e-12
4.2749163e-07
5.0585696e-12
4.2749124e-07
5.0268678e-12
4.2749085e-07
4.9949782e-12
4.2749046e-07
4.9629331e-12
4.2749008e-07
4.9307823e-12
4.274897e-07
4.8985529e-12
4.2748932e-07
4.8661901e-12
4.2748895e-07
4.8337035e-12
4.2748858e-07
4.8011168e-12
4.2748821e-07
4.7683922e-12
4.2748784e-07
4.7355147e-12
4.2748748e-07
4.7025447e-12
4.2748711e-07
4.6694601e-12
4.2748675e-07
4.636232e-12
4.274864e-07
4.6029027e-12
4.2748604e-07
4.5694492e-12
4.2748569e-07
4.5358813e-12
4.2748534e-07
4.5022156e-12
4.27485e-07
4.4684307e-12
4.2748465e-07
4.4345073e-12
4.2748431e-07
4.4003076e-12
4.2748397e-07
4.3749942e-12
4.2748379e-07
2.2756659e-12
4.2748379e-07
5.4608836e-14
4.2748379e-07
-2.096457e-14
4.2748379e-07
-3.1738308e-15
4.2748379e-07
-1.5005938e-15
4.2748379e-07
-1.3077053e-15
4.2748379e-07
-1.2076181e-15
4.2748379e-07
-1.1026251e-15
4.2748379e-07
-1.031059e-15
4.2748379e-07
-9.0080665e-16
4.2748379e-07
-8.5014189e-16
4.2748379e-07
-7.8588461e-16
4.2748379e-07
-6.8231552e-16
4.2748379e-07
-6.823537e-16
4.2748379e-07
-6.5326379e-16
4.2748379e-07
-6.1402769e-16
4.2748379e-07
-5.3814789e-16
4.2748379e-07
-5.3918413e-16
4.2748379e-07
-4.840997e-16
4.2748379e-07
-4.6183269e-16
4.2748379e-07
-4.2299233e-16
4.2748379e-07
-4.1693086e-16
4.2748379e-07
-4.1194383e-16
4.2748379e-07
-3.8625417e-16
4.2748379e-07
-3.6863102e-16
4.2748379e-07
-3.1111268e-16
4.2748379e-07
-3.1194204e-16
4.2748379e-07
-3.4421316e-16
4.2748379e-07
-3.032923e-16
4.2748379e-07
-2.8492863e-16
4.2748379e-07
-2.7696479e-16
4.2748379e-07
-2.43466e-16
4.2748379e-07
-2.4612644e-16
4.2748379e-07
-2.3835617e-16
4.2748379e-07
-2.250597e-16
4.2748379e-07
-2.3879073e-16
4.2748379e-07
-1.9661742e-16
4.2748379e-07
-1.5845821e-16
4.2748379e-07
-2.1324183e-16
4.2748379e-07
-2.0630362e-16
4.2748379e-07
-1.6573265e-16
4.2748379e-07
-1.5048377e-16
4.2748379e-07
-1.6239287e-16
4.2748379e-07
-1.4273704e-16
4.2748379e-07
-1.3700357e-16
4.2748379e-07
-1.4840359e-16
4.2748379e-07
-1.4907117e-16
4.2748379e-07
-1.4644175e-16
4.2748379e-07
-9.8742516e-17
4.2748379e-07
-1.2631511e-16
4.2748379e-07
-1.1872861e-16
4.2748379e-07
-8.5920792e-17
4.2748379e-07
-1.1647495e-16
4.2748379e-07
-1.3042374e-16
4.2748379e-07
-6.3145744e-17
4.2748379e-07
-8.7654534e-17
4.2748379e-07
-1.1159242e-16
4.2748379e-07
-5.1032127e-17
4.2748379e-07
-8.1653519e-17
4.2748379e-07
-8.7876077e-17
4.2748379e-07
-5.1645482e-17
4.2748379e-07
-5.7218481e-17
4.2748379e-07
-6.4414583e-17
4.2748379e-07
-7.2822749e-17
4.2748379e-07
-7.0194057e-17
4.2748379e-07
-4.8533593e-17
4.2748379e-07
-5.8615225e-19
4.2748379e-07
-6.6588209e-17
4.2748379e-07
-7.1963645e-17
4.2748379e-07
-5.8021409e-18
4.2748379e-07
-2.1325588e-17
4.2748379e-07
-7.9612922e-18
4.2748379e-07
-5.532516e-17
4.2748379e-07
-3.6480131e-17
4.2748379e-07
3.0142077e-17
4.2748379e-07
7.5580995e-20
4.2748379e-07
-1.7748709e-17
4.2748379e-07
3.6815422e-17
4.2748379e-07
6.4807607e-17
4.2748379e-07
1.3902581e-18
4.2748379e-07
3.9484141e-17
4.2748379e-07
1.0877082e-16
4.2748379e-07
9.6584955e-17
4.2748379e-07
1.5697985e-16
4.2748379e-07
1.9630525e-16
4.2748379e-07
2.6554812e-16
4.2748379e-07
3.4342998e-16
4.2748379e-07
6.9564203e-16
4.2748379e-07
5.4582827e-16
4.2748379e-07
2.2590462e-15
4.2748379e-07
1.7968634e-15
4.2748379e-07
2.1545868e-15
2.7448366e-15
4.4901823e-07
5.948755e-12
4.4901774e-07
6.4632622e-12
4.4901728e-07
6.0451885e-12
4.4901683e-07
5.9348645e-12
4.4901638e-07
5.9038367e-12
4.4901594e-07
5.8726289e-12
4.490155e-07
5.8399203e-12
4.4901506e-07
5.8072409e-12
4.4901462e-07
5.7747246e-12
4.4901419e-07
5.7419292e-12
4.4901375e-07
5.7087384e-12
4.4901333e-07
5.6751123e-12
4.490129e-07
5.6415324e-12
4.4901247e-07
5.6084431e-12
4.4901205e-07
5.5748371e-12
4.4901163e-07
5.5407229e-12
4.4901122e-07
5.5067149e-12
4.490108e-07
5.4726664e-12
4.4901039e-07
5.4383691e-12
4.4900998e-07
5.4038681e-12
4.4900958e-07
5.3691989e-12
4.4900917e-07
5.3344152e-12
4.4900877e-07
5.2995461e-12
4.4900837e-07
5.264533e-12
4.4900798e-07
5.229386e-12
4.4900758e-07
5.1941304e-12
4.4900719e-07
5.1587259e-12
4.4900681e-07
5.1231564e-12
4.4900642e-07
5.0874863e-12
4.4900604e-07
5.0516923e-12
4.4900566e-07
5.0157434e-12
4.4900528e-07
4.9796849e-12
4.4900491e-07
4.9434921e-12
4.4900454e-07
4.9071756e-12
4.4900417e-07
4.8707531e-12
4.490038e-07
4.834202e-12
4.4900344e-07
4.7975013e-12
4.4900308e-07
4.7604986e-12
4.4900272e-07
4.7333509e-12
4.4900253e-07
2.4635509e-12
4.4900253e-07
6.0198944e-14
4.4900253e-07
-2.2972208e-14
4.4900253e-07
-3.4815214e-15
4.4900253e-07
-1.6264571e-15
4.4900253e-07
-1.4187068e-15
4.4900253e-07
-1.3102805e-15
4.4900253e-07
-1.1964712e-15
4.4900253e-07
-1.1186311e-15
4.4900253e-07
-9.7823903e-16
4.4900253e-07
-9.2265305e-16
4.4900253e-07
-8.5253573e-16
4.4900253e-07
-7.41486e-16
4.4900253e-07
-7.3997039e-16
4.4900253e-07
-7.0910541e-16
4.4900253e-07
-6.6622977e-16
4.4900253e-07
-5.8450115e-16
4.4900253e-07
-5.8490437e-16
4.4900253e-07
-5.2616083e-16
4.4900253e-07
-5.0082287e-16
4.4900253e-07
-4.5996886e-16
4.4900253e-07
-4.5275022e-16
4.4900253e-07
-4.4681338e-16
4.4900253e-07
-4.1905981e-16
4.4900253e-07
-3.9994878e-16
4.4900253e-07
-3.3811871e-16
4.4900253e-07
-3.3870136e-16
4.4900253e-07
-3.7309563e-16
4.4900253e-07
-3.2995351e-16
4.4900253e-07
-3.0893428e-16
4.4900253e-07
-3.0000702e-16
4.4900253e-07
-2.6496225e-16
4.4900253e-07
-2.6713459e-16
4.4900253e-07
-2.588118e-16
4.4900253e-07
-2.4427372e-16
4.4900253e-07
-2.5872552e-16
4.4900253e-07
-2.1343326e-16
4.4900253e-07
-1.7269605e-16
4.4900253e-07
-2.3110577e-16
4.4900253e-07
-2.2346138e-16
4.4900253e-07
-1.8003224e-16
4.4900253e-07
-1.6361004e-16
4.4900253e-07
-1.759997e-16
4.4900253e-07
-1.5504172e-16
4.4900253e-07
-1.4892922e-16
4.4900253e-07
-1.6090911e-16
4.4900253e-07
-1.6160978e-16
4.4900253e-07
-1.5865164e-16
4.4900253e-07
-1.0749043e-16
4.4900253e-07
-1.3693062e-16
4.4900253e-07
-1.2895025e-16
4.4900253e-07
-9.368333e-17
4.4900253e-07
-1.2613323e-16
4.4900253e-07
-1.4096889e-16
4.4900253e-07
-6.8988336e-17
4.4900253e-07
-9.5124935e-17
4.4900253e-07
-1.2077754e-16
4.4900253e-07
-5.5967099e-17
4.4900253e-07
-8.8470747e-17
4.4900253e-07
-9.5075881e-17
4.4900253e-07
-5.621068e-17
4.4900253e-07
-6.2213337e-17
4.4900253e-07
-7.0002849e-17
4.4900253e-07
-7.8744452e-17
4.4900253e-07
-7.5881621e-17
4.4900253e-07
-5.2555349e-17
4.4900253e-07
-1.492181e-18
4.4900253e-07
-7.1935788e-17
4.4900253e-07
-7.7514455e-17
4.4900253e-07
-6.8762054e-18
4.4900253e-07
-2.3292122e-17
4.4900253e-07
-8.8160193e-18
4.4900253e-07
-5.9365688e-17
4.4900253e-07
-3.9416448e-17
4.4900253e-07
3.1469381e-17
4.4900253e-07
5.6476909e-19
4.4900253e-07
-1.9406259e-17
4.4900253e-07
3.9392419e-17
4.4900253e-07
6.9437961e-17
4.4900253e-07
1.9879496e-18
4.4900253e-07
4.2972929e-17
4.4900253e-07
1.1725991e-16
4.4900253e-07
1.0478148e-16
4.4900253e-07
1.6994697e-16
4.4900253e-07
2.1254174e-16
4.4900253e-07
2.8771328e-16
4.4900253e-07
3.7192348e-16
4.4900253e-07
7.5284504e-16
4.4900253e-07
5.9010832e-16
4.4900253e-07
2.4455642e-15
4.4900253e-07
1.9399091e-15
4.4900253e-07
2.3167984e-15
2.9591619e-15
4.7121924e-07
6.4207974e-12
4.7121872e-07
6.9834107e-12
4.7121823e-07
6.5301535e-12
4.7121776e-07
6.4084316e-12
4.7121729e-07
6.3748371e-12
4.7121682e-07
6.3412272e-12
4.7121635e-07
6.3059243e-12
4.7121589e-07
6.2706301e-12
4.7121543e-07
6.2355278e-12
4.7121497e-07
6.2001447e-12
4.7121452e-07
6.1643098e-12
4.7121406e-07
6.1279678e-12
4.7121361e-07
6.0917056e-12
4.7121316e-07
6.0559978e-12
4.7121272e-07
6.0196962e-12
4.7121228e-07
5.9828387e-12
4.7121184e-07
5.946111e-12
4.712114e-07
5.9093461e-12
4.7121097e-07
5.8723117e-12
4.7121054e-07
5.8350566e-12
4.7121011e-07
5.7976201e-12
4.7120968e-07
5.7600598e-12
4.7120926e-07
5.7224067e-12
4.7120884e-07
5.6845986e-12
4.7120842e-07
5.646646e-12
4.7120801e-07
5.6085757e-12
4.712076e-07
5.570345e-12
4.7120719e-07
5.5319366e-12
4.7120678e-07
5.4934191e-12
4.7120638e-07
5.4547677e-12
4.7120598e-07
5.4159496e-12
4.7120558e-07
5.3770129e-12
4.7120519e-07
5.3379313e-12
4.712048e-07
5.2987163e-12
4.7120441e-07
5.2593865e-12
4.7120402e-07
5.2199183e-12
4.7120364e-07
5.1802888e-12
4.7120326e-07
5.1403296e-12
4.7120288e-07
5.1112859e-12
4.7120268e-07
2.6619304e-12
4.7120268e-07
6.6269269e-14
4.7120268e-07
-2.5133127e-14
4.7120268e-07
-3.8155641e-15
4.7120268e-07
-1.7608154e-15
4.7120268e-07
-1.537303e-15
4.7120268e-07
-1.4200116e-15
4.7120268e-07
-1.2968016e-15
4.7120268e-07
-1.2122017e-15
4.7120268e-07
-1.0610884e-15
4.7120268e-07
-1.0001556e-15
4.7120268e-07
-9.2372747e-16
4.7120268e-07
-8.04794e-16
4.7120268e-07
-8.016305e-16
4.7120268e-07
-7.6880024e-16
4.7120268e-07
-7.2199793e-16
4.7120268e-07
-6.3411585e-16
4.7120268e-07
-6.3374311e-16
4.7120268e-07
-5.7115166e-16
4.7120268e-07
-5.4254918e-16
4.7120268e-07
-4.9954228e-16
4.7120268e-07
-4.9106994e-16
4.7120268e-07
-4.8405103e-16
4.7120268e-07
-4.541083e-16
4.7120268e-07
-4.3340929e-16
4.7120268e-07
-3.6706554e-16
4.7120268e-07
-3.6733472e-16
4.7120268e-07
-4.0389413e-16
4.7120268e-07
-3.586093e-16
4.7120268e-07
-3.3450879e-16
4.7120268e-07
-3.2450572e-16
4.7120268e-07
-2.8809932e-16
4.7120268e-07
-2.8959589e-16
4.7120268e-07
-2.8068965e-16
4.7120268e-07
-2.6481661e-16
4.7120268e-07
-2.7997229e-16
4.7120268e-07
-2.3142305e-16
4.7120268e-07
-1.8802238e-16
4.7120268e-07
-2.5014891e-16
4.7120268e-07
-2.417381e-16
4.7120268e-07
-1.9534318e-16
4.7120268e-07
-1.7768616e-16
4.7120268e-07
-1.9051941e-16
4.7120268e-07
-1.6821403e-16
4.7120268e-07
-1.6170742e-16
4.7120268e-07
-1.7425966e-16
4.7120268e-07
-1.7498944e-16
4.7120268e-07
-1.7166445e-16
4.7120268e-07
-1.1689974e-16
4.7120268e-07
-1.4825975e-16
4.7120268e-07
-1.398858e-16
4.7120268e-07
-1.0204569e-16
4.7120268e-07
-1.3641823e-16
4.7120268e-07
-1.521575e-16
4.7120268e-07
-7.5307889e-17
4.7120268e-07
-1.0311198e-16
4.7120268e-07
-1.3054121e-16
4.7120268e-07
-6.1328708e-17
4.7120268e-07
-9.5740593e-17
4.7120268e-07
-1.0273194e-16
4.7120268e-07
-6.1123439e-17
4.7120268e-07
-6.7571957e-17
4.7120268e-07
-7.5985167e-17
4.7120268e-07
-8.5035235e-17
4.7120268e-07
-8.1920668e-17
4.7120268e-07
-5.6846144e-17
4.7120268e-07
-2.5882215e-18
4.7120268e-07
-7.7599983e-17
4.7120268e-07
-8.3362481e-17
4.7120268e-07
-8.1090025e-18
4.7120268e-07
-2.5417341e-17
4.7120268e-07
-9.7626289e-18
4.7120268e-07
-6.3588053e-17
4.7120268e-07
-4.2519291e-17
4.7120268e-07
3.2782481e-17
4.7120268e-07
1.041576e-18
4.7120268e-07
-2.1120249e-17
4.7120268e-07
4.206732e-17
4.7120268e-07
7.4267174e-17
4.7120268e-07
2.7175698e-18
4.7120268e-07
4.6742613e-17
4.7120268e-07
1.2624826e-16
4.7120268e-07
1.1357188e-16
4.7120268e-07
1.8379173e-16
4.7120268e-07
2.2989172e-16
4.7120268e-07
3.1144228e-16
4.7120268e-07
4.0238454e-16
4.7120268e-07
8.1390708e-16
4.7120268e-07
6.3729062e-16
4.7120268e-07
2.6447927e-15
4.7120268e-07
2.0922866e-15
4.7120268e-07
2.4833694e-15
3.1818325e-15
4.9412129e-07
6.9176638e-12
4.9412074e-07
7.5319346e-12
4.9412023e-07
7.0414415e-12
4.9411973e-07
6.9073126e-12
4.9411924e-07
6.8709945e-12
4.9411874e-07
6.8348704e-12
4.9411825e-07
6.7968376e-12
4.9411776e-07
6.7587875e-12
4.9411728e-07
6.7209628e-12
4.941168e-07
6.6828596e-12
4.9411632e-07
6.6442402e-12
4.9411584e-07
6.6050304e-12
4.9411536e-07
6.5659409e-12
4.9411489e-07
6.5274788e-12
4.9411442e-07
6.4883359e-12
4.9411396e-07
6.4485851e-12
4.941135e-07
6.4089912e-12
4.9411304e-07
6.3693649e-12
4.9411258e-07
6.3294469e-12
4.9411212e-07
6.2892904e-12
4.9411167e-07
6.2489384e-12
4.9411122e-07
6.2084527e-12
4.9411078e-07
6.1678666e-12
4.9411034e-07
6.127114e-12
4.941099e-07
6.0862056e-12
4.9410946e-07
6.04517e-12
4.9410903e-07
6.003962e-12
4.941086e-07
5.9625628e-12
4.9410817e-07
5.9210456e-12
4.9410774e-07
5.8793841e-12
4.9410732e-07
5.8375432e-12
4.941069e-07
5.7955743e-12
4.9410649e-07
5.7534495e-12
4.9410608e-07
5.7111809e-12
4.9410567e-07
5.6687884e-12
4.9410526e-07
5.6262472e-12
4.9410486e-07
5.5835324e-12
4.9410446e-07
5.5404578e-12
4.9410406e-07
5.5094592e-12
4.9410385e-07
2.8711861e-12
4.9410384e-07
7.2857572e-14
4.9410385e-07
-2.7457383e-14
4.9410385e-07
-4.1783164e-15
4.9410385e-07
-1.9042909e-15
4.9410385e-07
-1.6640439e-15
4.9410385e-07
-1.5373307e-15
4.9410385e-07
-1.4040923e-15
4.9410385e-07
-1.3122095e-15
4.9410385e-07
-1.1497509e-15
4.9410385e-07
-1.0830124e-15
4.9410385e-07
-9.9978676e-16
4.9410385e-07
-8.7254194e-16
4.9410385e-07
-8.6763241e-16
4.9410385e-07
-8.326267e-16
4.9410385e-07
-7.8159077e-16
4.9410385e-07
-6.8723516e-16
4.9410385e-07
-6.8592511e-16
4.9410385e-07
-6.1928583e-16
4.9410385e-07
-5.872113e-16
4.9410385e-07
-5.4190343e-16
4.9410385e-07
-5.3207319e-16
4.9410385e-07
-5.2382676e-16
4.9410385e-07
-4.915633e-16
4.9410385e-07
-4.6916822e-16
4.9410385e-07
-3.9810024e-16
4.9410385e-07
-3.9798037e-16
4.9410385e-07
-4.3674395e-16
4.9410385e-07
-3.8942559e-16
4.9410385e-07
-3.6175136e-16
4.9410385e-07
-3.5055049e-16
4.9410385e-07
-3.1301749e-16
4.9410385e-07
-3.1361766e-16
4.9410385e-07
-3.0409327e-16
4.9410385e-07
-2.8678478e-16
4.9410385e-07
-3.0262279e-16
4.9410385e-07
-2.5067412e-16
4.9410385e-07
-2.0452421e-16
4.9410385e-07
-2.7045436e-16
4.9410385e-07
-2.6121053e-16
4.9410385e-07
-2.1174058e-16
4.9410385e-07
-1.9278388e-16
4.9410385e-07
-2.060167e-16
4.9410385e-07
-1.8232001e-16
4.9410385e-07
-1.7540259e-16
4.9410385e-07
-1.8851593e-16
4.9410385e-07
-1.8927017e-16
4.9410385e-07
-1.8553624e-16
4.9410385e-07
-1.2702253e-16
4.9410385e-07
-1.6035532e-16
4.9410385e-07
-1.515873e-16
4.9410385e-07
-1.1105646e-16
4.9410385e-07
-1.4737485e-16
4.9410385e-07
-1.6403013e-16
4.9410385e-07
-8.2144618e-17
4.9410385e-07
-1.1165468e-16
4.9410385e-07
-1.4092122e-16
4.9410385e-07
-6.7153334e-17
4.9410385e-07
-1.0349565e-16
4.9410385e-07
-1.108745e-16
4.9410385e-07
-6.6411765e-17
4.9410385e-07
-7.3323016e-17
4.9410385e-07
-8.2391057e-17
4.9410385e-07
-9.1720315e-17
4.9410385e-07
-8.8332762e-17
4.9410385e-07
-6.1426116e-17
4.9410385e-07
-3.8967292e-18
4.9410385e-07
-8.3599687e-17
4.9410385e-07
-8.9523518e-17
4.9410385e-07
-9.5177683e-18
4.9410385e-07
-2.7714984e-17
4.9410385e-07
-1.0810549e-17
4.9410385e-07
-6.7998438e-17
4.9410385e-07
-4.5796686e-17
4.9410385e-07
3.4074069e-17
4.9410385e-07
1.5050135e-18
4.9410385e-07
-2.2889956e-17
4.9410385e-07
4.4841998e-17
4.9410385e-07
7.9302184e-17
4.9410385e-07
3.5975322e-18
4.9410385e-07
5.0817877e-17
4.9410385e-07
1.3576794e-16
4.9410385e-07
1.2300379e-16
4.9410385e-07
1.9857978e-16
4.9410385e-07
2.4844034e-16
4.9410385e-07
3.3685862e-16
4.9410385e-07
4.349644e-16
4.9410385e-07
8.7911781e-16
4.9410385e-07
6.8758681e-16
4.9410385e-07
2.8576848e-15
4.9410385e-07
2.2546892e-15
4.9410385e-07
2.653792e-15
3.4126549e-15
5.1774399e-07
7.440109e-12
5.1774341e-07
8.1097949e-12
5.1774287e-07
7.5799547e-12
5.1774234e-07
7.4323279e-12
5.1774182e-07
7.3931207e-12
5.177413e-07
7.3543692e-12
5.1774079e-07
7.3134671e-12
5.1774027e-07
7.2725152e-12
5.1773976e-07
7.2318279e-12
5.1773925e-07
7.190869e-12
5.1773875e-07
7.1493202e-12
5.1773825e-07
7.1070844e-12
5.1773775e-07
7.0650174e-12
5.1773725e-07
7.0236616e-12
5.1773676e-07
6.9815268e-12
5.1773627e-07
6.9387271e-12
5.1773578e-07
6.8961158e-12
5.177353e-07
6.8534785e-12
5.1773482e-07
6.8105259e-12
5.1773434e-07
6.7673155e-12
5.1773386e-07
6.723895e-12
5.1773339e-07
6.6803304e-12
5.1773292e-07
6.6366575e-12
5.1773246e-07
6.5928059e-12
5.1773199e-07
6.5487868e-12
5.1773153e-07
6.5046305e-12
5.1773108e-07
6.4602889e-12
5.1773062e-07
6.4157422e-12
5.1773017e-07
6.3710681e-12
5.1772973e-07
6.3262384e-12
5.1772928e-07
6.2812165e-12
5.1772884e-07
6.2360565e-12
5.1772841e-07
6.190729e-12
5.1772797e-07
6.1452467e-12
5.1772754e-07
6.0996309e-12
5.1772711e-07
6.0538557e-12
5.1772669e-07
6.0078941e-12
5.1772627e-07
5.9615399e-12
5.1772585e-07
5.928531e-12
5.1772563e-07
3.0917026e-12
5.1772562e-07
8.0004226e-14
5.1772562e-07
-2.9955533e-14
5.1772562e-07
-4.5723526e-15
5.1772562e-07
-2.0575647e-15
5.1772562e-07
-1.7995168e-15
5.1772562e-07
-1.6627976e-15
5.1772562e-07
-1.5188607e-15
5.1772562e-07
-1.4191249e-15
5.1772562e-07
-1.24466e-15
5.1772563e-07
-1.1716177e-15
5.1772563e-07
-1.08107e-15
5.1772563e-07
-9.4505641e-16
5.1772563e-07
-9.3829902e-16
5.1772563e-07
-9.0089038e-16
5.1772563e-07
-8.4528338e-16
5.1772563e-07
-7.4411986e-16
5.1772563e-07
-7.4169426e-16
5.1772563e-07
-6.707965e-16
5.1772563e-07
-6.3502885e-16
5.1772563e-07
-5.8725914e-16
5.1772563e-07
-5.7595892e-16
5.1772563e-07
-5.6632561e-16
5.1772563e-07
-5.3159902e-16
5.1772563e-07
-5.0739336e-16
5.1772563e-07
-4.3138108e-16
5.1772563e-07
-4.3079097e-16
5.1772563e-07
-4.7178876e-16
5.1772563e-07
-4.2258043e-16
5.1772563e-07
-3.9077175e-16
5.1772563e-07
-3.7823652e-16
5.1772563e-07
-3.3986755e-16
5.1772563e-07
-3.3931608e-16
5.1772563e-07
-3.2913486e-16
5.1772563e-07
-3.1028359e-16
5.1772563e-07
-3.2677604e-16
5.1772563e-07
-2.7128184e-16
5.1772563e-07
-2.2229753e-16
5.1772563e-07
-2.9210889e-16
5.1772563e-07
-2.8196281e-16
5.1772563e-07
-2.2930782e-16
5.1772563e-07
-2.0898254e-16
5.1772563e-07
-2.2256396e-16
5.1772563e-07
-1.9742892e-16
5.1772563e-07
-1.9008226e-16
5.1772563e-07
-2.0374341e-16
5.1772563e-07
-2.0451647e-16
5.1772563e-07
-2.0032714e-16
5.1772563e-07
-1.3791785e-16
5.1772563e-07
-1.7327251e-16
5.1772563e-07
-1.6411132e-16
5.1772563e-07
-1.2076733e-16
5.1772563e-07
-1.5904963e-16
5.1772563e-07
-1.7663248e-16
5.1772563e-07
-8.9544113e-17
5.1772563e-07
-1.2079407e-16
5.1772563e-07
-1.5195779e-16
5.1772563e-07
-7.3482517e-17
5.1772563e-07
-1.1176939e-16
5.1772563e-07
-1.1953703e-16
5.1772563e-07
-7.2108157e-17
5.1772563e-07
-7.9496927e-17
5.1772563e-07
-8.9252141e-17
5.1772563e-07
-9.8825041e-17
5.1772563e-07
-9.5143835e-17
5.1772563e-07
-6.6317823e-17
5.1772563e-07
-5.4435058e-18
5.1772563e-07
-8.9954971e-17
5.1772563e-07
-9.6014058e-17
5.1772563e-07
-1.1121432e-17
5.1772563e-07
-3.0199368e-17
5.1772563e-07
-1.1971413e-17
5.1772563e-07
-7.2604086e-17
5.1772563e-07
-4.925785e-17
5.1772563e-07
3.5337461e-17
5.1772563e-07
1.9540448e-18
5.1772563e-07
-2.471273e-17
5.1772563e-07
4.771731e-17
5.1772563e-07
8.4549474e-17
5.1772563e-07
4.6462844e-18
5.1772563e-07
5.5225952e-17
5.1772563e-07
1.4585405e-16
5.1772563e-07
1.3312808e-16
5.1772563e-07
2.1438171e-16
5.1772563e-07
2.6828012e-16
5.1772563e-07
3.6409684e-16
5.1772563e-07
4.6982679e-16
5.1772563e-07
9.4879034e-16
5.1772563e-07
7.4122561e-16
5.1772563e-07
3.0852698e-15
5.1772563e-07
2.4278667e-15
5.1772563e-07
2.8274821e-15
3.6513834e-15
5.4210686e-07
7.9888776e-12
5.4210625e-07
8.7179454e-12
5.4210568e-07
8.1465965e-12
5.4210513e-07
7.9842939e-12
5.4210458e-07
7.9420224e-12
5.4210403e-07
7.9005298e-12
5.4210349e-07
7.8566154e-12
5.4210295e-07
7.8126111e-12
5.4210241e-07
7.7689169e-12
5.4210188e-07
7.7249637e-12
5.4210135e-07
7.6803364e-12
5.4210082e-07
7.6349102e-12
5.421003e-07
7.5897101e-12
5.4209977e-07
7.5453176e-12
5.4209926e-07
7.5000356e-12
5.4209874e-07
7.4540259e-12
5.4209823e-07
7.4082412e-12
5.4209772e-07
7.3624385e-12
5.4209721e-07
7.3162954e-12
5.4209671e-07
7.2698742e-12
5.4209621e-07
7.2232274e-12
5.4209571e-07
7.1764256e-12
5.4209522e-07
7.1295071e-12
5.4209473e-07
7.0823973e-12
5.4209425e-07
7.0351077e-12
5.4209376e-07
6.9876701e-12
5.4209328e-07
6.9400341e-12
5.4209281e-07
6.8921781e-12
5.4209233e-07
6.8441848e-12
5.4209186e-07
6.7960244e-12
5.420914e-07
6.7476579e-12
5.4209093e-07
6.699143e-12
5.4209047e-07
6.6504482e-12
5.4209002e-07
6.6015874e-12
5.4208957e-07
6.5525828e-12
5.4208912e-07
6.5034076e-12
5.4208867e-07
6.4540324e-12
5.4208823e-07
6.4042294e-12
5.4208779e-07
6.3691584e-12
5.4208755e-07
3.3238668e-12
5.4208755e-07
8.7752323e-14
5.4208755e-07
-3.263863e-14
5.4208755e-07
-5.0004759e-15
5.4208755e-07
-2.2213752e-15
5.4208755e-07
-1.944365e-15
5.4208755e-07
-1.7970149e-15
5.4208755e-07
-1.6416665e-15
5.4208755e-07
-1.5334627e-15
5.4208755e-07
-1.3462843e-15
5.4208755e-07
-1.2663944e-15
5.4208755e-07
-1.1679568e-15
5.4208755e-07
-1.0226921e-15
5.4208755e-07
-1.0139808e-15
5.4208755e-07
-9.7392255e-16
5.4208755e-07
-9.1337708e-16
5.4208755e-07
-8.050564e-16
5.4208755e-07
-8.0131689e-16
5.4208755e-07
-7.2593393e-16
5.4208755e-07
-6.8623802e-16
5.4208755e-07
-6.3583495e-16
5.4208755e-07
-6.2294332e-16
5.4208755e-07
-6.117468e-16
5.4208755e-07
-5.7440726e-16
5.4208755e-07
-5.482669e-16
5.4208755e-07
-4.6708539e-16
5.4208755e-07
-4.6592779e-16
5.4208755e-07
-5.0918492e-16
5.4208755e-07
-4.5826274e-16
5.4208755e-07
-4.2169022e-16
5.4208755e-07
-4.0767098e-16
5.4208755e-07
-3.6881267e-16
5.4208755e-07
-3.6681542e-16
5.4208755e-07
-3.5593515e-16
5.4208755e-07
-3.3542797e-16
5.4208755e-07
-3.5253863e-16
5.4208755e-07
-2.9334847e-16
5.4208755e-07
-2.4144292e-16
5.4208755e-07
-3.1520822e-16
5.4208755e-07
-3.0408444e-16
5.4208755e-07
-2.4813226e-16
5.4208755e-07
-2.263673e-16
5.4208755e-07
-2.4023839e-16
5.4208755e-07
-2.136176e-16
5.4208755e-07
-2.0582124e-16
5.4208755e-07
-2.2001294e-16
5.4208755e-07
-2.2079904e-16
5.4208755e-07
-2.1610329e-16
5.4208755e-07
-1.4964908e-16
5.4208755e-07
-1.8707118e-16
5.4208755e-07
-1.7751783e-16
5.4208755e-07
-1.3123664e-16
5.4208755e-07
-1.7149352e-16
5.4208755e-07
-1.9001138e-16
5.4208755e-07
-9.7553435e-17
5.4208755e-07
-1.3057516e-16
5.4208755e-07
-1.6369432e-16
5.4208755e-07
-8.0358587e-17
5.4208755e-07
-1.2060122e-16
5.4208755e-07
-1.2875533e-16
5.4208755e-07
-7.8245827e-17
5.4208755e-07
-8.6126461e-17
5.4208755e-07
-9.6600314e-17
5.4208755e-07
-1.0637944e-16
5.4208755e-07
-1.023801e-16
5.4208755e-07
-7.1544306e-17
5.4208755e-07
-7.2544755e-18
5.4208755e-07
-9.6688557e-17
5.4208755e-07
-1.028525e-16
5.4208755e-07
-1.2940744e-17
5.4208755e-07
-3.2886601e-17
5.4208755e-07
-1.3256592e-17
5.4208755e-07
-7.7413447e-17
5.4208755e-07
-5.2912099e-17
5.4208755e-07
3.6564872e-17
5.4208755e-07
2.3872037e-18
5.4208755e-07
-2.6587216e-17
5.4208755e-07
5.0693686e-17
5.4208755e-07
9.0016841e-17
5.4208755e-07
5.8854996e-18
5.4208755e-07
5.999621e-17
5.4208755e-07
1.5654397e-16
5.4208755e-07
1.4400046e-16
5.4208755e-07
2.3127371e-16
5.4208755e-07
2.8950992e-16
5.4208755e-07
3.9330177e-16
5.4208755e-07
5.0714861e-16
5.4208755e-07
1.0232631e-15
5.4208755e-07
7.9845435e-16
5.4208755e-07
3.328657e-15
5.4208755e-07
2.6126298e-15
5.4208755e-07
3.0037743e-15
3.8977152e-15
5.6722944e-07
8.5647002e-12
5.6722881e-07
9.3573265e-12
5.6722821e-07
8.7422678e-12
5.6722763e-07
8.5640184e-12
5.6722705e-07
8.5184971e-12
5.6722648e-07
8.4741497e-12
5.6722591e-07
8.4270767e-12
5.6722534e-07
8.3798646e-12
5.6722478e-07
8.3330153e-12
5.6722422e-07
8.2859266e-12
5.6722366e-07
8.2380676e-12
5.672231e-07
8.1892798e-12
5.6722255e-07
8.1407859e-12
5.6722201e-07
8.0932103e-12
5.6722146e-07
8.0446208e-12
5.6722092e-07
7.9952347e-12
5.6722038e-07
7.9461155e-12
5.6721985e-07
7.8969888e-12
5.6721932e-07
7.8474947e-12
5.6721879e-07
7.7977007e-12
5.6721826e-07
7.747665e-12
5.6721774e-07
7.697463e-12
5.6721723e-07
7.6471353e-12
5.6721671e-07
7.5966034e-12
5.672162e-07
7.5458785e-12
5.6721569e-07
7.4949944e-12
5.6721519e-07
7.4438981e-12
5.6721469e-07
7.3925665e-12
5.6721419e-07
7.3410869e-12
5.672137e-07
7.289428e-12
5.6721321e-07
7.2375488e-12
5.6721272e-07
7.18551e-12
5.6721224e-07
7.1332786e-12
5.6721176e-07
7.0808692e-12
5.6721128e-07
7.0283053e-12
5.6721081e-07
6.9755591e-12
5.6721034e-07
6.9225989e-12
5.6720988e-07
6.8691724e-12
5.6720942e-07
6.8319926e-12
5.6720917e-07
3.5680656e-12
5.6720916e-07
9.6147784e-14
5.6720917e-07
-3.5518231e-14
5.6720917e-07
-5.4657377e-15
5.6720917e-07
-2.3965304e-15
5.6720917e-07
-2.0992766e-15
5.6720917e-07
-1.9406394e-15
5.6720917e-07
-1.7731141e-15
5.6720917e-07
-1.6557726e-15
5.6720917e-07
-1.4551277e-15
5.6720917e-07
-1.3678065e-15
5.6720917e-07
-1.260865e-15
5.6720917e-07
-1.1058324e-15
5.6720917e-07
-1.0950575e-15
5.6720917e-07
-1.0520763e-15
5.6720917e-07
-9.8619734e-16
5.6720917e-07
-8.7035206e-16
5.6720917e-07
-8.6507649e-16
5.6720917e-07
-7.8497034e-16
5.6720917e-07
-7.4109126e-16
5.6720917e-07
-6.8787176e-16
5.6720917e-07
-6.7325633e-16
5.6720917e-07
-6.60308e-16
5.6720917e-07
-6.2019227e-16
5.6720917e-07
-5.9198684e-16
5.6720917e-07
-5.0539877e-16
5.6720917e-07
-5.035706e-16
5.6720917e-07
-5.4910246e-16
5.6720917e-07
-4.9667496e-16
5.6720917e-07
-4.5464311e-16
5.6720917e-07
-4.389735e-16
5.6720917e-07
-4.0002115e-16
5.6720917e-07
-3.9625346e-16
5.6720917e-07
-3.8462564e-16
5.6720917e-07
-3.6234045e-16
5.6720917e-07
-3.8002691e-16
5.6720917e-07
-3.1698671e-16
5.6720917e-07
-2.620712e-16
5.6720917e-07
-3.3985738e-16
5.6720917e-07
-3.2767372e-16
5.6720917e-07
-2.683108e-16
5.6720917e-07
-2.4502954e-16
5.6720917e-07
-2.59125e-16
5.6720917e-07
-2.3096713e-16
5.6720917e-07
-2.2270022e-16
5.6720917e-07
-2.3740212e-16
5.6720917e-07
-2.3819398e-16
5.6720917e-07
-2.3293567e-16
5.6720917e-07
-1.6228304e-16
5.6720917e-07
-2.0181826e-16
5.6720917e-07
-1.9187339e-16
5.6720917e-07
-1.4252498e-16
5.6720917e-07
-1.8476209e-16
5.6720917e-07
-2.0421978e-16
5.6720917e-07
-1.0622659e-16
5.6720917e-07
-1.410465e-16
5.6720917e-07
-1.7617815e-16
5.6720917e-07
-8.7829653e-17
5.6720917e-07
-1.3003179e-16
5.6720917e-07
-1.3856853e-16
5.6720917e-07
-8.4862213e-17
5.6720917e-07
-9.3249002e-17
5.6720917e-07
-1.0447232e-16
5.6720917e-07
-1.1441357e-16
5.6720917e-07
-1.1007006e-16
5.6720917e-07
-7.7132149e-17
5.6720917e-07
-9.3597414e-18
5.6720917e-07
-1.0382291e-16
5.6720917e-07
-1.1005916e-16
5.6720917e-07
-1.4997702e-17
5.6720917e-07
-3.5793506e-17
5.6720917e-07
-1.4679937e-17
5.6720917e-07
-8.2434644e-17
5.6720917e-07
-5.6769243e-17
5.6720917e-07
3.7747434e-17
5.6720917e-07
2.8030541e-18
5.6720917e-07
-2.8512033e-17
5.6720917e-07
5.3772624e-17
5.6720917e-07
9.5712669e-17
5.6720917e-07
7.3366125e-18
5.6720917e-07
6.5159386e-17
5.6720917e-07
1.6787913e-16
5.6720917e-07
1.5568014e-16
5.6720917e-07
2.4933792e-16
5.6720917e-07
3.1223808e-16
5.6720917e-07
4.2462992e-16
5.6720917e-07
5.4712089e-16
5.6720917e-07
1.1029009e-15
5.6720917e-07
8.5953999e-16
5.6720917e-07
3.5890422e-15
5.6720917e-07
2.8098541e-15
5.6720917e-07
3.1819148e-15
4.1512855e-15
5.9313136e-07
9.1682882e-12
5.9313069e-07
1.0028858e-11
5.9313006e-07
9.3678621e-12
5.9312945e-07
9.1722964e-12
5.9312885e-07
9.1233288e-12
5.9312824e-07
9.0760133e-12
5.9312765e-07
9.0256324e-12
5.9312705e-07
8.9750523e-12
5.9312646e-07
8.924896e-12
5.9312587e-07
8.8745283e-12
5.9312529e-07
8.8232802e-12
5.931247e-07
8.7709528e-12
5.9312413e-07
8.7189989e-12
5.9312355e-07
8.6680906e-12
5.9312298e-07
8.6160286e-12
5.9312241e-07
8.5630942e-12
5.9312185e-07
8.5104748e-12
5.9312129e-07
8.4578608e-12
5.9312073e-07
8.4048507e-12
5.9312017e-07
8.3515174e-12
5.9311962e-07
8.2979255e-12
5.9311908e-07
8.2441554e-12
5.9311853e-07
8.1902504e-12
5.93118e-07
8.1361275e-12
5.9311746e-07
8.081798e-12
5.9311693e-07
8.0272975e-12
5.931164e-07
7.9725703e-12
5.9311587e-07
7.9175917e-12
5.9311535e-07
7.8624539e-12
5.9311483e-07
7.8071242e-12
5.9311432e-07
7.7515591e-12
5.9311381e-07
7.6958229e-12
5.931133e-07
7.6398806e-12
5.931128e-07
7.5837478e-12
5.931123e-07
7.5274492e-12
5.9311181e-07
7.4709562e-12
5.9311131e-07
7.4142344e-12
5.9311083e-07
7.3570047e-12
5.9311034e-07
7.3176745e-12
5.9311008e-07
3.8246845e-12
5.9311008e-07
1.0523946e-13
5.9311008e-07
-3.8606372e-14
5.9311008e-07
-5.9714572e-15
5.9311008e-07
-2.5839085e-15
5.9311008e-07
-2.265e-15
5.9311008e-07
-2.0943773e-15
5.9311008e-07
-1.9138588e-15
5.9311008e-07
-1.7866555e-15
5.9311008e-07
-1.5717378e-15
5.9311008e-07
-1.4763504e-15
5.9311008e-07
-1.3602378e-15
5.9311008e-07
-1.1948892e-15
5.9311008e-07
-1.1819375e-15
5.9311008e-07
-1.1357429e-15
5.9311008e-07
-1.0640939e-15
5.9311008e-07
-9.4033788e-16
5.9311008e-07
-9.3328449e-16
5.9311008e-07
-8.4819883e-16
5.9311008e-07
-7.9986707e-16
5.9311008e-07
-7.4363448e-16
5.9311008e-07
-7.2715018e-16
5.9311008e-07
-7.1224087e-16
5.9311008e-07
-6.6917957e-16
5.9311008e-07
-6.38764e-16
5.9311008e-07
-5.4652543e-16
5.9311008e-07
-5.4390905e-16
5.9311008e-07
-5.9172318e-16
5.9311008e-07
-5.3802715e-16
5.9311008e-07
-4.8978442e-16
5.9311008e-07
-4.7228209e-16
5.9311008e-07
-4.3367237e-16
5.9311008e-07
-4.277752e-16
5.9311008e-07
-4.1534764e-16
5.9311008e-07
-3.9115535e-16
5.9311008e-07
-4.0936713e-16
5.9311008e-07
-3.4231657e-16
5.9311008e-07
-2.8430242e-16
5.9311008e-07
-3.6616643e-16
5.9311008e-07
-3.5283647e-16
5.9311008e-07
-2.899463e-16
5.9311008e-07
-2.6507028e-16
5.9311008e-07
-2.7931487e-16
5.9311008e-07
-2.4956798e-16
5.9311008e-07
-2.4080522e-16
5.9311008e-07
-2.5599472e-16
5.9311008e-07
-2.5678322e-16
5.9311008e-07
-2.5090094e-16
5.9311008e-07
-1.7589458e-16
5.9311008e-07
-2.1758317e-16
5.9311008e-07
-2.0724937e-16
5.9311008e-07
-1.5469912e-16
5.9311008e-07
-1.9891403e-16
5.9311008e-07
-2.1931368e-16
5.9311008e-07
-1.1561845e-16
5.9311008e-07
-1.5226152e-16
5.9311008e-07
-1.8946068e-16
5.9311008e-07
-9.5946172e-17
5.9311008e-07
-1.4010588e-16
5.9311008e-07
-1.490174e-16
5.9311008e-07
-9.1997199e-17
5.9311008e-07
-1.0090128e-16
5.9311008e-07
-1.1290654e-16
5.9311008e-07
-1.2296174e-16
5.9311008e-07
-1.1824597e-16
5.9311008e-07
-8.3109736e-17
5.9311008e-07
-1.1790748e-17
5.9311008e-07
-1.1138482e-16
5.9311008e-07
-1.176552e-16
5.9311008e-07
-1.7316047e-17
5.9311008e-07
-3.8939372e-17
5.9311008e-07
-1.6256065e-17
5.9311008e-07
-8.7677437e-17
5.9311008e-07
-6.0840507e-17
5.9311008e-07
3.8876831e-17
5.9311008e-07
3.1997437e-18
5.9311008e-07
-3.048574e-17
5.9311008e-07
5.6954335e-17
5.9311008e-07
1.0164599e-16
5.9311008e-07
9.0241504e-18
5.9311008e-07
7.0749883e-17
5.9311008e-07
1.7990306e-16
5.9311008e-07
1.6823154e-16
5.9311008e-07
2.6866254e-16
5.9311008e-07
3.3658014e-16
5.9311008e-07
4.5825087e-16
5.9311008e-07
5.8994958e-16
5.9311008e-07
1.1880977e-15
5.9311008e-07
9.2477112e-16
5.9311008e-07
3.8677116e-15
5.9311008e-07
3.0204863e-15
5.9311008e-07
3.3610552e-15
4.4116623e-15
6.198327e-07
9.8004164e-12
6.1983199e-07
1.0733649e-11
6.1983134e-07
1.0024363e-11
6.198307e-07
9.8099991e-12
6.1983007e-07
9.7573762e-12
6.1982944e-07
9.7069805e-12
6.1982881e-07
9.653139e-12
6.1982818e-07
9.5990256e-12
6.1982756e-07
9.5454063e-12
6.1982695e-07
9.4916138e-12
6.1982633e-07
9.4368148e-12
6.1982572e-07
9.3807623e-12
6.1982512e-07
9.3251762e-12
6.1982451e-07
9.2707818e-12
6.1982391e-07
9.2150771e-12
6.1982332e-07
9.1584166e-12
6.1982273e-07
9.102126e-12
6.1982214e-07
9.0458568e-12
6.1982156e-07
8.9891603e-12
6.1982098e-07
8.9321163e-12
6.198204e-07
8.8747956e-12
6.1981983e-07
8.8172845e-12
6.1981926e-07
8.7596288e-12
6.1981869e-07
8.701741e-12
6.1981813e-07
8.6436323e-12
6.1981757e-07
8.5853403e-12
6.1981702e-07
8.5268063e-12
6.1981647e-07
8.4680042e-12
6.1981592e-07
8.4090312e-12
6.1981538e-07
8.3498528e-12
6.1981484e-07
8.2904235e-12
6.198143e-07
8.2308108e-12
6.1981377e-07
8.1709782e-12
6.1981324e-07
8.1109417e-12
6.1981272e-07
8.0507278e-12
6.198122e-07
7.9903068e-12
6.1981169e-07
7.9296414e-12
6.1981117e-07
7.8684231e-12
6.1981067e-07
7.8269071e-12
6.198104e-07
4.0941469e-12
6.1981039e-07
1.1508149e-13
6.1981039e-07
-4.1916234e-14
6.1981039e-07
-6.5213722e-15
6.1981039e-07
-2.7844994e-15
6.1981039e-07
-2.4423675e-15
6.1981039e-07
-2.2590216e-15
6.1981039e-07
-2.0646315e-15
6.1981039e-07
-1.9267811e-15
6.1981039e-07
-1.6967262e-15
6.1981039e-07
-1.5925842e-15
6.1981039e-07
-1.4665831e-15
6.1981039e-07
-1.2903282e-15
6.1981039e-07
-1.2750789e-15
6.1981039e-07
-1.2253497e-15
6.1981039e-07
-1.1474613e-15
6.1981039e-07
-1.0153879e-15
6.1981039e-07
-1.006287e-15
6.1981039e-07
-9.1594958e-16
6.1981039e-07
-8.6287502e-16
6.1981039e-07
-8.0341418e-16
6.1981039e-07
-7.8490817e-16
6.1981039e-07
-7.6781106e-16
6.1981039e-07
-7.2161667e-16
6.1981039e-07
-6.8883887e-16
6.1981039e-07
-5.9069526e-16
6.1981039e-07
-5.8715658e-16
6.1981039e-07
-6.3725253e-16
6.1981039e-07
-5.8254525e-16
6.1981039e-07
-5.2729602e-16
6.1981039e-07
-5.07759e-16
6.1981039e-07
-4.699537e-16
6.1981039e-07
-4.6154564e-16
6.1981039e-07
-4.4825976e-16
6.1981039e-07
-4.2202188e-16
6.1981039e-07
-4.4069952e-16
6.1981039e-07
-3.6947413e-16
6.1981039e-07
-3.0827006e-16
6.1981039e-07
-3.942606e-16
6.1981039e-07
-3.7969054e-16
6.1981039e-07
-3.1315659e-16
6.1981039e-07
-2.8660013e-16
6.1981039e-07
-3.0090975e-16
6.1981039e-07
-2.6951846e-16
6.1981039e-07
-2.6023286e-16
6.1981039e-07
-2.7588414e-16
6.1981039e-07
-2.7665986e-16
6.1981039e-07
-2.7008567e-16
6.1981039e-07
-1.9056679e-16
6.1981039e-07
-2.3444633e-16
6.1981039e-07
-2.2372319e-16
6.1981039e-07
-1.6783397e-16
6.1981039e-07
-2.1401742e-16
6.1981039e-07
-2.353561e-16
6.1981039e-07
-1.257941e-16
6.1981039e-07
-1.6427769e-16
6.1981039e-07
-2.0359712e-16
6.1981039e-07
-1.0476566e-16
6.1981039e-07
-1.5087158e-16
6.1981039e-07
-1.6015145e-16
6.1981039e-07
-9.9696331e-17
6.1981039e-07
-1.0912848e-16
6.1981039e-07
-1.2194744e-16
6.1981039e-07
-1.3206138e-16
6.1981039e-07
-1.2694307e-16
6.1981039e-07
-8.9508754e-17
6.1981039e-07
-1.4582431e-17
6.1981039e-07
-1.1940201e-16
6.1981039e-07
-1.2566467e-16
6.1981039e-07
-1.9922672e-17
6.1981039e-07
-4.2344459e-17
6.1981039e-07
-1.8000111e-17
6.1981039e-07
-9.3153266e-17
6.1981039e-07
-6.5137528e-17
6.1981039e-07
3.9941853e-17
6.1981039e-07
3.5751308e-18
6.1981039e-07
-3.2507448e-17
6.1981039e-07
6.024044e-17
6.1981039e-07
1.0782714e-16
6.1981039e-07
1.0974243e-17
6.1981039e-07
7.6805873e-17
6.1981039e-07
1.9266522e-16
6.1981039e-07
1.8172717e-16
6.1981039e-07
2.8934661e-16
6.1981039e-07
3.6266566e-16
6.1981039e-07
4.9435355e-16
6.1981039e-07
6.3586517e-16
6.1981039e-07
1.2792945e-15
6.1981039e-07
9.9447056e-16
6.1981039e-07
4.1661026e-15
6.1981039e-07
3.2455899e-15
6.1981039e-07
3.5402358e-15
4.6783419e-15
6.4735424e-07
1.0461855e-11
6.4735351e-07
1.1472848e-11
6.4735282e-07
1.0712768e-11
6.4735215e-07
1.0478002e-11
6.4735148e-07
1.0421501e-11
6.4735082e-07
1.0367915e-11
6.4735017e-07
1.0310457e-11
6.4734951e-07
1.025264e-11
6.4734886e-07
1.0195398e-11
6.4734822e-07
1.0138033e-11
6.4734757e-07
1.0079517e-11
6.4734694e-07
1.0019545e-11
6.473463e-07
9.9601482e-12
6.4734567e-07
9.9021112e-12
6.4734504e-07
9.8425884e-12
6.4734442e-07
9.7820178e-12
6.473438e-07
9.7218799e-12
6.4734318e-07
9.6617823e-12
6.4734257e-07
9.6012246e-12
6.4734196e-07
9.5402928e-12
6.4734136e-07
9.4790658e-12
6.4734076e-07
9.4176354e-12
6.4734016e-07
9.3560505e-12
6.4733957e-07
9.2942186e-12
6.4733898e-07
9.232151e-12
6.473384e-07
9.169887e-12
6.4733781e-07
9.1073652e-12
6.4733724e-07
9.0445579e-12
6.4733667e-07
8.9815672e-12
6.473361e-07
8.9183571e-12
6.4733553e-07
8.8548799e-12
6.4733497e-07
8.7912065e-12
6.4733442e-07
8.7272986e-12
6.4733386e-07
8.663173e-12
6.4733332e-07
8.5988576e-12
6.4733277e-07
8.534322e-12
6.4733223e-07
8.4695259e-12
6.473317e-07
8.4041279e-12
6.4733116e-07
8.3603972e-12
6.4733088e-07
4.3768826e-12
6.4733087e-07
1.2573182e-13
6.4733087e-07
-4.5461646e-14
6.4733087e-07
-7.1195652e-15
6.4733087e-07
-2.9993876e-15
6.4733087e-07
-2.6322872e-15
6.4733087e-07
-2.4354291e-15
6.4733087e-07
-2.2262299e-15
6.4733087e-07
-2.0768739e-15
6.4733087e-07
-1.8307576e-15
6.4733087e-07
-1.7171152e-15
6.4733087e-07
-1.5804407e-15
6.4733087e-07
-1.3926508e-15
6.4733087e-07
-1.3749818e-15
6.4733087e-07
-1.3213693e-15
6.4733087e-07
-1.2367263e-15
6.4733087e-07
-1.0959043e-15
6.4733087e-07
-1.0844621e-15
6.4733087e-07
-9.8857791e-16
6.4733088e-07
-9.3044969e-16
6.4733088e-07
-8.6753143e-16
6.4733088e-07
-8.4683284e-16
6.4733088e-07
-8.2730107e-16
6.4733088e-07
-7.7777651e-16
6.4733088e-07
-7.4247074e-16
6.4733088e-07
-6.3815384e-16
6.4733088e-07
-6.335489e-16
6.4733088e-07
-6.8591375e-16
6.4733088e-07
-6.3045975e-16
6.4733088e-07
-5.6738838e-16
6.4733088e-07
-5.4559847e-16
6.4733088e-07
-5.090575e-16
6.4733088e-07
-4.9774313e-16
6.4733088e-07
-4.8353408e-16
6.4733088e-07
-4.5510307e-16
6.4733088e-07
-4.7417755e-16
6.4733088e-07
-3.9860685e-16
6.4733088e-07
-3.341198e-16
6.4733088e-07
-4.2427725e-16
6.4733088e-07
-4.0836622e-16
6.4733088e-07
-3.3806676e-16
6.4733088e-07
-3.097408e-16
6.4733088e-07
-3.2402264e-16
6.4733088e-07
-2.9092819e-16
6.4733088e-07
-2.8108828e-16
6.4733088e-07
-2.9717133e-16
6.4733088e-07
-2.9792416e-16
6.4733088e-07
-2.9058292e-16
6.4733088e-07
-2.0638893e-16
6.4733088e-07
-2.5249401e-16
6.4733088e-07
-2.4138329e-16
6.4733088e-07
-1.8201044e-16
6.4733088e-07
-2.3014544e-16
6.4733088e-07
-2.524169e-16
6.4733088e-07
-1.3682207e-16
6.4733088e-07
-1.7716143e-16
6.4733088e-07
-2.1865201e-16
6.4733088e-07
-1.1434861e-16
6.4733088e-07
-1.623853e-16
6.4733088e-07
-1.7201976e-16
6.4733088e-07
-1.0800834e-16
6.4733088e-07
-1.1797691e-16
6.4733088e-07
-1.3164128e-16
6.4733088e-07
-1.4175422e-16
6.4733088e-07
-1.3619953e-16
6.4733088e-07
-9.636369e-17
6.4733088e-07
-1.7773072e-17
6.4733088e-07
-1.2790701e-16
6.4733088e-07
-1.3411413e-16
6.4733088e-07
-2.2846849e-17
6.4733088e-07
-4.6031988e-17
6.4733088e-07
-1.9931502e-17
6.4733088e-07
-9.8872656e-17
6.4733088e-07
-6.9673576e-17
6.4733088e-07
4.0932228e-17
6.4733088e-07
3.9275152e-18
6.4733088e-07
-3.4577289e-17
6.4733088e-07
6.3632865e-17
6.4733088e-07
1.1426825e-16
6.4733088e-07
1.3214498e-17
6.4733088e-07
8.3367842e-17
6.4733088e-07
2.0621902e-16
6.4733088e-07
1.9624435e-16
6.4733088e-07
3.114968e-16
6.4733088e-07
3.9063591e-16
6.4733088e-07
5.331442e-16
6.4733088e-07
6.8511773e-16
6.4733088e-07
1.3769691e-15
6.4733088e-07
1.0689894e-15
6.4733088e-07
4.4857707e-15
6.4733088e-07
3.4863214e-15
6.4733088e-07
3.7183845e-15
4.9507416e-15
6.7571659e-07
1.1153274e-11
6.7571581e-07
1.2247425e-11
6.7571509e-07
1.1433977e-11
6.7571439e-07
1.1177083e-11
6.757137e-07
1.1116469e-11
6.7571301e-07
1.1059584e-11
6.7571232e-07
1.0998352e-11
6.7571163e-07
1.0936655e-11
6.7571095e-07
1.0875627e-11
6.7571028e-07
1.0814541e-11
6.757096e-07
1.0752138e-11
6.7570894e-07
1.0688046e-11
6.7570827e-07
1.0624654e-11
6.7570761e-07
1.0562815e-11
6.7570695e-07
1.0499294e-11
6.757063e-07
1.0434623e-11
6.7570565e-07
1.0370457e-11
6.7570501e-07
1.0306354e-11
6.7570437e-07
1.0241755e-11
6.7570373e-07
1.0176754e-11
6.757031e-07
1.0111439e-11
6.7570247e-07
1.0045906e-11
6.7570185e-07
9.980209e-12
6.7570123e-07
9.9142494e-12
6.7570061e-07
9.8480384e-12
6.757e-07
9.7816174e-12
6.7569939e-07
9.7149221e-12
6.7569879e-07
9.647923e-12
6.7569819e-07
9.5807276e-12
6.7569759e-07
9.5132981e-12
6.75697e-07
9.4455845e-12
6.7569642e-07
9.3776615e-12
6.7569583e-07
9.3094885e-12
6.7569526e-07
9.2410836e-12
6.7569468e-07
9.1724758e-12
6.7569411e-07
9.1036343e-12
6.7569355e-07
9.0345154e-12
6.7569299e-07
8.9647415e-12
6.7569243e-07
8.918775e-12
6.7569213e-07
4.6732844e-12
6.7569212e-07
1.3724996e-13
6.7569212e-07
-4.9256365e-14
6.7569213e-07
-7.7703606e-15
6.7569213e-07
-3.2297326e-15
6.7569213e-07
-2.835714e-15
6.7569213e-07
-2.6245108e-15
6.7569213e-07
-2.3994958e-15
6.7569213e-07
-2.2377076e-15
6.7569213e-07
-1.9745337e-15
6.7569213e-07
-1.8505804e-15
6.7569213e-07
-1.7023919e-15
6.7569213e-07
-1.5023892e-15
6.7569213e-07
-1.4821725e-15
6.7569213e-07
-1.4242983e-15
6.7569213e-07
-1.3323396e-15
6.7569213e-07
-1.1823168e-15
6.7569213e-07
-1.1682074e-15
6.7569213e-07
-1.0664651e-15
6.7569213e-07
-1.0029486e-15
6.7569213e-07
-9.3632428e-16
6.7569213e-07
-9.1324772e-16
6.7569213e-07
-8.9101272e-16
6.7569213e-07
-8.3794424e-16
6.7569213e-07
-7.999316e-16
6.7569213e-07
-6.8916497e-16
6.7569213e-07
-6.8333172e-16
6.7569213e-07
-7.3793989e-16
6.7569213e-07
-6.8199628e-16
6.7569213e-07
-6.1030805e-16
6.7569213e-07
-5.8602159e-16
6.7569213e-07
-5.5116715e-16
6.7569213e-07
-5.3655508e-16
6.7569213e-07
-5.2135205e-16
6.7569213e-07
-4.9057079e-16
6.7569213e-07
-5.0996327e-16
6.7569213e-07
-4.2987035e-16
6.7569213e-07
-3.6200465e-16
6.7569213e-07
-4.563588e-16
6.7569213e-07
-4.3899854e-16
6.7569213e-07
-3.648102e-16
6.7569213e-07
-3.3462141e-16
6.7569213e-07
-3.4877199e-16
6.7569213e-07
-3.1391034e-16
6.7569213e-07
-3.0348256e-16
6.7569213e-07
-3.1996641e-16
6.7569213e-07
-3.2068326e-16
6.7569213e-07
-3.1249365e-16
6.7569213e-07
-2.2345726e-16
6.7569213e-07
-2.7181838e-16
6.7569213e-07
-2.6032044e-16
6.7569213e-07
-1.9731529e-16
6.7569213e-07
-2.4737428e-16
6.7569213e-07
-2.7056785e-16
6.7569213e-07
-1.4877551e-16
6.7569213e-07
-1.9097892e-16
6.7569213e-07
-2.3468777e-16
6.7569213e-07
-1.2476215e-16
6.7569213e-07
-1.7470406e-16
6.7569213e-07
-1.8467838e-16
6.7569213e-07
-1.1698542e-16
6.7569213e-07
-1.2749834e-16
6.7569213e-07
-1.4203735e-16
6.7569213e-07
-1.5208396e-16
6.7569213e-07
-1.4605656e-16
6.7569213e-07
-1.0371288e-16
6.7569213e-07
-2.1402876e-17
6.7569213e-07
-1.3693161e-16
6.7569213e-07
-1.4303151e-16
6.7569213e-07
-2.6117916e-17
6.7569213e-07
-5.0026909e-17
6.7569213e-07
-2.2068652e-17
6.7569213e-07
-1.0484965e-16
6.7569213e-07
-7.4462684e-17
6.7569213e-07
4.1835513e-17
6.7569213e-07
4.2542432e-18
6.7569213e-07
-3.6696084e-17
6.7569213e-07
6.7133433e-17
6.7569213e-07
1.2098311e-16
6.7569213e-07
1.5773639e-17
6.7569213e-07
9.0478852e-17
6.7569213e-07
2.2062084e-16
6.7569213e-07
2.118651e-16
6.7569213e-07
3.3522536e-16
6.7569213e-07
4.2063808e-16
6.7569213e-07
5.7483833e-16
6.7569213e-07
7.3796931e-16
6.7569213e-07
1.4816224e-15
6.7569213e-07
1.1486952e-15
6.7569213e-07
4.8283422e-15
6.7569213e-07
3.7438973e-15
6.7569213e-07
3.8943245e-15
5.228191e-15
7.0494017e-07
1.187531e-11
7.0493936e-07
1.3058316e-11
7.049386e-07
1.218887e-11
7.0493787e-07
1.1907994e-11
7.0493714e-07
1.1843014e-11
7.0493642e-07
1.1782726e-11
7.049357e-07
1.1717561e-11
7.0493499e-07
1.1651805e-11
7.0493428e-07
1.1586824e-11
7.0493357e-07
1.1521867e-11
7.0493287e-07
1.1455405e-11
7.0493217e-07
1.1386982e-11
7.0493147e-07
1.1319403e-11
7.0493078e-07
1.12536e-11
7.0493009e-07
1.1185896e-11
7.0492941e-07
1.1116931e-11
7.0492873e-07
1.1048551e-11
7.0492806e-07
1.0980262e-11
7.0492739e-07
1.0911438e-11
7.0492672e-07
1.0842182e-11
7.0492606e-07
1.0772591e-11
7.0492541e-07
1.0702769e-11
7.0492475e-07
1.0632772e-11
7.0492411e-07
1.0562496e-11
7.0492346e-07
1.0491953e-11
7.0492282e-07
1.0421186e-11
7.0492219e-07
1.0350127e-11
7.0492156e-07
1.0278745e-11
7.0492093e-07
1.0207153e-11
7.0492031e-07
1.0135312e-11
7.0491969e-07
1.0063169e-11
7.0491908e-07
9.9908025e-12
7.0491847e-07
9.9181704e-12
7.0491786e-07
9.8452912e-12
7.0491726e-07
9.7721956e-12
7.0491667e-07
9.6988523e-12
7.0491608e-07
9.6252139e-12
7.0491549e-07
9.5508628e-12
7.0491491e-07
9.5026482e-12
7.049146e-07
4.9837378e-12
7.0491459e-07
1.4969884e-13
7.0491459e-07
-5.3314583e-14
7.0491459e-07
-8.478448e-15
7.0491459e-07
-3.4768035e-15
7.0491459e-07
-3.0536863e-15
7.0491459e-07
-2.8272506e-15
7.0491459e-07
-2.5853383e-15
7.0491459e-07
-2.4101127e-15
7.0491459e-07
-2.1288139e-15
7.0491459e-07
-1.9936772e-15
7.0491459e-07
-1.8330583e-15
7.0491459e-07
-1.6201189e-15
7.0491459e-07
-1.5972193e-15
7.0491459e-07
-1.5346735e-15
7.0491459e-07
-1.4347901e-15
7.0491459e-07
-1.2750871e-15
7.0491459e-07
-1.2579531e-15
7.0491459e-07
-1.150018e-15
7.0491459e-07
-1.0807555e-15
7.0491459e-07
-1.010157e-15
7.0491459e-07
-9.8450241e-16
7.0491459e-07
-9.5927396e-16
7.0491459e-07
-9.0243139e-16
7.0491459e-07
-8.6152094e-16
7.0491459e-07
-7.4401458e-16
7.0491459e-07
-7.367731e-16
7.0491459e-07
-7.9358785e-16
7.0491459e-07
-7.3737371e-16
7.0491459e-07
-6.5633942e-16
7.0491459e-07
-6.2929679e-16
7.0491459e-07
-5.9645818e-16
7.0491459e-07
-5.7818674e-16
7.0491459e-07
-5.6191149e-16
7.0491459e-07
-5.2861106e-16
7.0491459e-07
-5.4823238e-16
7.0491459e-07
-4.634346e-16
7.0491459e-07
-3.9209203e-16
7.0491459e-07
-4.9066202e-16
7.0491459e-07
-4.7173719e-16
7.0491459e-07
-3.9353294e-16
7.0491459e-07
-3.6138009e-16
7.0491459e-07
-3.7528577e-16
7.0491459e-07
-3.3859019e-16
7.0491459e-07
-3.275358e-16
7.0491459e-07
-3.443829e-16
7.0491459e-07
-3.4505064e-16
7.0491459e-07
-3.3592339e-16
7.0491459e-07
-2.418744e-16
7.0491459e-07
-2.9251882e-16
7.0491459e-07
-2.8063233e-16
7.0491459e-07
-2.1384074e-16
7.0491459e-07
-2.6578827e-16
7.0491459e-07
-2.8988844e-16
7.0491459e-07
-1.6173446e-16
7.0491459e-07
-2.0580514e-16
7.0491459e-07
-2.5177708e-16
7.0491459e-07
-1.3607516e-16
7.0491459e-07
-1.8788948e-16
7.0491459e-07
-1.9818548e-16
7.0491459e-07
-1.2668618e-16
7.0491459e-07
-1.377457e-16
7.0491459e-07
-1.5318927e-16
7.0491459e-07
-1.6309803e-16
7.0491459e-07
-1.565575e-16
7.0491459e-07
-1.1159617e-16
7.0491459e-07
-2.5515513e-17
7.0491459e-07
-1.4651208e-16
7.0491459e-07
-1.524482e-16
7.0491459e-07
-2.9769424e-17
7.0491459e-07
-5.4355097e-17
7.0491459e-07
-2.4433588e-17
7.0491459e-07
-1.1109755e-16
7.0491459e-07
-7.9519509e-17
7.0491459e-07
4.2639633e-17
7.0491459e-07
4.5518004e-18
7.0491459e-07
-3.8866989e-17
7.0491459e-07
7.0744741e-17
7.0491459e-07
1.2798617e-16
7.0491459e-07
1.8681849e-17
7.0491459e-07
9.8185139e-17
7.0491459e-07
2.359307e-16
7.0491459e-07
2.2867692e-16
7.0491459e-07
3.606525e-16
7.0491459e-07
4.528304e-16
7.0491459e-07
6.1966832e-16
7.0491459e-07
7.9470203e-16
7.0491459e-07
1.5937932e-15
7.0491459e-07
1.2339845e-15
7.0491459e-07
5.1955637e-15
7.0491459e-07
4.0196344e-15
7.0491459e-07
4.0667602e-15
5.5099295e-15
7.3504568e-07
1.2628556e-11
7.3504483e-07
1.3906425e-11
7.3504404e-07
1.2978299e-11
7.3504328e-07
1.2671449e-11
7.3504252e-07
1.2601835e-11
7.3504176e-07
1.2538046e-11
7.3504101e-07
1.2468786e-11
7.3504026e-07
1.2398786e-11
7.3503952e-07
1.2329684e-11
7.3503878e-07
1.2260706e-11
7.3503805e-07
1.2190009e-11
7.3503732e-07
1.2117036e-11
7.3503659e-07
1.2045074e-11
7.3503587e-07
1.1975144e-11
7.3503515e-07
1.1903068e-11
7.3503444e-07
1.1829608e-11
7.3503373e-07
1.1756824e-11
7.3503303e-07
1.1684163e-11
7.3503233e-07
1.1610926e-11
7.3503163e-07
1.1537225e-11
7.3503094e-07
1.1463168e-11
7.3503026e-07
1.1388865e-11
7.3502957e-07
1.1314376e-11
7.350289e-07
1.1239592e-11
7.3502823e-07
1.1164523e-11
7.3502756e-07
1.1089215e-11
7.3502689e-07
1.1013598e-11
7.3502623e-07
1.0937638e-11
7.3502558e-07
1.0861454e-11
7.3502493e-07
1.0785005e-11
7.3502429e-07
1.0708235e-11
7.3502365e-07
1.0631228e-11
7.3502301e-07
1.0553938e-11
7.3502238e-07
1.0476385e-11
7.3502175e-07
1.0398602e-11
7.3502113e-07
1.0320556e-11
7.3502051e-07
1.0242198e-11
7.350199e-07
1.0163063e-11
7.3501929e-07
1.0112598e-11
7.3501897e-07
5.3086187e-12
7.3501895e-07
1.6314486e-13
7.3501896e-07
-5.7650881e-14
7.3501896e-07
-9.2489016e-15
7.3501896e-07
-3.7419845e-15
7.3501896e-07
-3.2873207e-15
7.3501896e-07
-3.0447107e-15
7.3501896e-07
-2.7847434e-15
7.3501896e-07
-2.5949883e-15
7.3501896e-07
-2.294418e-15
7.3501896e-07
-2.147152e-15
7.3501896e-07
-1.973116e-15
7.3501896e-07
-1.7464624e-15
7.3501896e-07
-1.720743e-15
7.3501896e-07
-1.6530792e-15
7.3501896e-07
-1.5446058e-15
7.3501896e-07
-1.374715e-15
7.3501896e-07
-1.3541695e-15
7.3501896e-07
-1.239679e-15
7.3501896e-07
-1.1642887e-15
7.3501896e-07
-1.0894262e-15
7.3501896e-07
-1.060976e-15
7.3501896e-07
-1.0324378e-15
7.3501896e-07
-9.7157566e-16
7.3501896e-07
-9.2755866e-16
7.3501896e-07
-8.0300933e-16
7.3501896e-07
-7.9416127e-16
7.3501896e-07
-8.5313097e-16
7.3501896e-07
-7.9680252e-16
7.3501896e-07
-7.0581789e-16
7.3501896e-07
-6.757368e-16
7.3501896e-07
-6.4509548e-16
7.3501896e-07
-6.228565e-16
7.3501896e-07
-6.0542482e-16
7.3501896e-07
-5.6942633e-16
7.3501896e-07
-5.8917589e-16
7.3501896e-07
-4.9948279e-16
7.3501896e-07
-4.2456155e-16
7.3501896e-07
-5.273543e-16
7.3501896e-07
-5.0673992e-16
7.3501896e-07
-4.243903e-16
7.3501896e-07
-3.9016864e-16
7.3501896e-07
-4.0370377e-16
7.3501896e-07
-3.6510106e-16
7.3501896e-07
-3.5337791e-16
7.3501896e-07
-3.7055008e-16
7.3501896e-07
-3.7115287e-16
7.3501896e-07
-3.6099064e-16
7.3501896e-07
-2.6175371e-16
7.3501896e-07
-3.147018e-16
7.3501896e-07
-3.024269e-16
7.3501896e-07
-2.3168886e-16
7.3501896e-07
-2.8547838e-16
7.3501896e-07
-3.1046477e-16
7.3501896e-07
-1.7578507e-16
7.3501896e-07
-2.2172045e-16
7.3501896e-07
-2.6999579e-16
7.3501896e-07
-1.4836562e-16
7.3501896e-07
-2.0201035e-16
7.3501896e-07
-2.1260504e-16
7.3501896e-07
-1.3716953e-16
7.3501896e-07
-1.4877883e-16
7.3501896e-07
-1.6515549e-16
7.3501896e-07
-1.7484723e-16
7.3501896e-07
-1.6775161e-16
7.3501896e-07
-1.2005859e-16
7.3501896e-07
-3.0158402e-17
7.3501896e-07
-1.5668676e-16
7.3501896e-07
-1.6239585e-16
7.3501896e-07
-3.3837973e-17
7.3501896e-07
-5.9045807e-17
7.3501896e-07
-2.7049474e-17
7.3501896e-07
-1.1763218e-16
7.3501896e-07
-8.4859218e-17
7.3501896e-07
4.3330374e-17
7.3501896e-07
4.8169709e-18
7.3501896e-07
-4.1095004e-17
7.3501896e-07
7.4472422e-17
7.3501896e-07
1.3529619e-16
7.3501896e-07
2.196772e-17
7.3501896e-07
1.0653662e-16
7.3501896e-07
2.5221382e-16
7.3501896e-07
2.4677428e-16
7.3501896e-07
3.8790761e-16
7.3501896e-07
4.8738417e-16
7.3501896e-07
6.6788448e-16
7.3501896e-07
8.5561893e-16
7.3501896e-07
1.7140614e-15
7.3501896e-07
1.3252846e-15
7.3501896e-07
5.5893092e-15
7.3501896e-07
4.3149596e-15
7.3501896e-07
4.2342755e-15
5.7951022e-15
7.660541e-07
1.3413558e-11
7.6605321e-07
1.4792612e-11
7.6605239e-07
1.3803083e-11
7.6605159e-07
1.3468126e-11
7.660508e-07
1.3393589e-11
7.6605001e-07
1.3326205e-11
7.6604922e-07
1.325269e-11
7.6604845e-07
1.3178257e-11
7.6604767e-07
1.3104862e-11
7.660469e-07
1.3031717e-11
7.6604613e-07
1.2956606e-11
7.6604537e-07
1.2878856e-11
7.6604461e-07
1.2802307e-11
7.6604386e-07
1.2728082e-11
7.6604311e-07
1.2651442e-11
7.6604237e-07
1.2573281e-11
7.6604163e-07
1.24959e-11
7.6604089e-07
1.2418678e-11
7.6604016e-07
1.2340837e-11
7.6603944e-07
1.2262497e-11
7.6603872e-07
1.2183778e-11
7.66038e-07
1.2104799e-11
7.6603729e-07
1.2025621e-11
7.6603659e-07
1.1946133e-11
7.6603588e-07
1.1866342e-11
7.6603519e-07
1.1786295e-11
7.6603449e-07
1.1705921e-11
7.6603381e-07
1.1625184e-11
7.6603312e-07
1.1544208e-11
7.6603245e-07
1.1462949e-11
7.6603177e-07
1.1381352e-11
7.660311e-07
1.1299501e-11
7.6603044e-07
1.1217351e-11
7.6602978e-07
1.1134921e-11
7.6602913e-07
1.1052246e-11
7.6602848e-07
1.0969294e-11
7.6602784e-07
1.088601e-11
7.660272e-07
1.0801881e-11
7.6602656e-07
1.0749173e-11
7.6602622e-07
5.6482913e-12
7.6602621e-07
1.7765791e-13
7.6602621e-07
-6.2280199e-14
7.6602621e-07
-1.0087215e-14
7.6602621e-07
-4.0267934e-15
7.6602621e-07
-3.5378328e-15
7.6602621e-07
-3.2780403e-15
7.6602621e-07
-2.9987779e-15
7.6602621e-07
-2.7933098e-15
7.6602621e-07
-2.4722363e-15
7.6602621e-07
-2.3118161e-15
7.6602621e-07
-2.123298e-15
7.6602621e-07
-1.8820928e-15
7.6602621e-07
-1.8534069e-15
7.6602621e-07
-1.7801454e-15
7.6602621e-07
-1.6623605e-15
7.6602621e-07
-1.4817447e-15
7.6602621e-07
-1.4573627e-15
7.6602621e-07
-1.3359285e-15
7.6602621e-07
-1.2539983e-15
7.6602621e-07
-1.1745605e-15
7.6602621e-07
-1.1430753e-15
7.6602621e-07
-1.1108871e-15
7.6602622e-07
-1.0457374e-15
7.6602622e-07
-9.9839321e-16
7.6602622e-07
-8.664821e-16
7.6602622e-07
-8.5581031e-16
7.6602622e-07
-9.1687025e-16
7.6602622e-07
-8.6048885e-16
7.6602622e-07
-7.5913479e-16
7.6602622e-07
-7.2570926e-16
7.6602622e-07
-6.9723088e-16
7.6602622e-07
-6.7080304e-16
7.6602622e-07
-6.5212124e-16
7.6602622e-07
-6.1323513e-16
7.6602622e-07
-6.3299799e-16
7.6602622e-07
-5.3821384e-16
7.6602622e-07
-4.5960831e-16
7.6602622e-07
-5.6661863e-16
7.6602622e-07
-5.4418255e-16
7.6602622e-07
-4.5755268e-16
7.6602622e-07
-4.2114913e-16
7.6602622e-07
-4.3417846e-16
7.6602622e-07
-3.9358894e-16
7.6602622e-07
-3.8114871e-16
7.6602622e-07
-3.986029e-16
7.6602622e-07
-3.991237e-16
7.6602622e-07
-3.8781976e-16
7.6602622e-07
-2.83217e-16
7.6602622e-07
-3.3848619e-16
7.6602622e-07
-3.2581805e-16
7.6602622e-07
-2.5096786e-16
7.6602622e-07
-3.065429e-16
7.6602622e-07
-3.3238866e-16
7.6602622e-07
-1.9102036e-16
7.6602622e-07
-2.3881083e-16
7.6602622e-07
-2.8942526e-16
7.6602622e-07
-1.6171546e-16
7.6602622e-07
-2.171402e-16
7.6602622e-07
-2.2800694e-16
7.6602622e-07
-1.4850477e-16
7.6602622e-07
-1.6066221e-16
7.6602622e-07
-1.7799751e-16
7.6602622e-07
-1.8738871e-16
7.6602622e-07
-1.7969006e-16
7.6602622e-07
-1.291479e-16
7.6602622e-07
-3.5382321e-17
7.6602622e-07
-1.6749704e-16
7.6602622e-07
-1.7291138e-16
7.6602622e-07
-3.8360393e-17
7.6602622e-07
-6.41305e-17
7.6602622e-07
-2.9941357e-17
7.6602622e-07
-1.2447108e-16
7.6602622e-07
-9.0499734e-17
7.6602622e-07
4.3892664e-17
7.6602622e-07
5.0451903e-18
7.6602622e-07
-4.3389721e-17
7.6602622e-07
7.8324026e-17
7.6602622e-07
1.4293575e-16
7.6602622e-07
2.5660949e-17
7.6602622e-07
1.1558666e-16
7.6602622e-07
2.6953999e-16
7.6602622e-07
2.6625812e-16
7.6602622e-07
4.1712901e-16
7.6602622e-07
5.2448213e-16
7.6602622e-07
7.1975601e-16
7.6602622e-07
9.2104698e-16
7.6602622e-07
1.8430499e-15
7.6602622e-07
1.4230546e-15
7.6602622e-07
6.011588e-15
7.6602622e-07
4.6314202e-15
7.6602622e-07
4.3953314e-15
6.0827543e-15
7.9798678e-07
1.4230824e-11
7.9798584e-07
1.5725628e-11
7.9798498e-07
1.4664016e-11
7.9798415e-07
1.4298652e-11
7.9798333e-07
1.4218887e-11
7.9798251e-07
1.4147822e-11
7.9798169e-07
1.4069892e-11
7.9798088e-07
1.3990833e-11
7.9798007e-07
1.3912971e-11
7.9797926e-07
1.3835513e-11
7.9797846e-07
1.3755807e-11
7.9797767e-07
1.3673041e-11
7.9797688e-07
1.3591695e-11
7.979761e-07
1.351301e-11
7.9797532e-07
1.3431607e-11
7.9797454e-07
1.3348535e-11
7.9797377e-07
1.326636e-11
7.97973e-07
1.3184385e-11
7.9797224e-07
1.3101744e-11
7.9797149e-07
1.3018567e-11
7.9797074e-07
1.2934987e-11
7.9796999e-07
1.2851133e-11
7.9796925e-07
1.2767067e-11
7.9796851e-07
1.2682674e-11
7.9796778e-07
1.2597959e-11
7.9796705e-07
1.2512973e-11
7.9796633e-07
1.242764e-11
7.9796561e-07
1.2341922e-11
7.979649e-07
1.225595e-11
7.979642e-07
1.2169678e-11
7.9796349e-07
1.2083047e-11
7.979628e-07
1.1996147e-11
7.9796211e-07
1.190893e-11
7.9796142e-07
1.1821417e-11
7.9796074e-07
1.1733642e-11
7.9796006e-07
1.1645575e-11
7.9795939e-07
1.1557156e-11
7.9795873e-07
1.1467819e-11
7.9795806e-07
1.1412887e-11
7.9795771e-07
6.003105e-12
7.9795769e-07
1.9331141e-13
7.979577e-07
-6.7217764e-14
7.979577e-07
-1.0999321e-14
7.979577e-07
-4.3328936e-15
7.979577e-07
-3.8065313e-15
7.979577e-07
-3.5284834e-15
7.979577e-07
-3.2285935e-15
7.979577e-07
-3.00613e-15
7.979577e-07
-2.6632255e-15
7.979577e-07
-2.488551e-15
7.979577e-07
-2.2843959e-15
7.979577e-07
-2.0277378e-15
7.979577e-07
-1.995936e-15
7.979577e-07
-1.9165549e-15
7.979577e-07
-1.7886701e-15
7.979577e-07
-1.5967604e-15
7.979577e-07
-1.5680764e-15
7.979577e-07
-1.4392867e-15
7.979577e-07
-1.3503771e-15
7.979577e-07
-1.2660225e-15
7.979577e-07
-1.2312421e-15
7.979577e-07
-1.1950357e-15
7.979577e-07
-1.1253158e-15
7.979577e-07
-1.0744001e-15
7.979577e-07
-9.3479731e-16
7.979577e-07
-9.2206007e-16
7.979577e-07
-9.8512544e-16
7.979577e-07
-9.2862405e-16
7.979577e-07
-8.1673355e-16
7.979577e-07
-7.7963779e-16
7.979577e-07
-7.5300791e-16
7.979577e-07
-7.2228205e-16
7.979577e-07
-7.0225201e-16
7.979577e-07
-6.6027369e-16
7.979577e-07
-6.7992452e-16
7.979577e-07
-5.7984308e-16
7.979577e-07
-4.9744241e-16
7.979577e-07
-6.0865176e-16
7.979577e-07
-5.842517e-16
7.979577e-07
-4.9320355e-16
7.979577e-07
-4.5449967e-16
7.979577e-07
-4.6687374e-16
7.979577e-07
-4.2421099e-16
7.979577e-07
-4.1100112e-16
7.979577e-07
-4.2869096e-16
7.979577e-07
-4.2911087e-16
7.979577e-07
-4.165489e-16
7.979577e-07
-3.0639629e-16
7.979577e-07
-3.6399789e-16
7.979577e-07
-3.5093156e-16
7.979577e-07
-2.7179727e-16
7.979577e-07
-3.2908928e-16
7.979577e-07
-3.5576197e-16
7.979577e-07
-2.075426e-16
7.979577e-07
-2.5717007e-16
7.979577e-07
-3.101553e-16
7.979577e-07
-1.7621332e-16
7.979577e-07
-2.3335802e-16
7.979577e-07
-2.4446648e-16
7.979577e-07
-1.6076363e-16
7.979577e-07
-1.7346383e-16
7.979577e-07
-1.9178302e-16
7.979577e-07
-2.0078131e-16
7.979577e-07
-1.9242923e-16
7.979577e-07
-1.3891729e-16
7.979577e-07
-4.1242186e-17
7.979577e-07
-1.7898916e-16
7.979577e-07
-1.8403419e-16
7.979577e-07
-4.3379816e-17
7.979577e-07
-6.9643517e-17
7.979577e-07
-3.3138469e-17
7.979577e-07
-1.3163215e-16
7.979577e-07
-9.6458993e-17
7.979577e-07
4.4310586e-17
7.979577e-07
5.2324236e-18
7.979577e-07
-4.5764993e-17
7.979577e-07
8.2312179e-17
7.979577e-07
1.509331e-16
7.979577e-07
2.9788347e-17
7.979577e-07
1.2539193e-16
7.979577e-07
2.8798415e-16
7.979577e-07
2.8723715e-16
7.979577e-07
4.4846621e-16
7.979577e-07
5.6432219e-16
7.979577e-07
7.7557246e-16
7.979577e-07
9.91336e-16
7.979577e-07
1.9814281e-15
7.979577e-07
1.5277902e-15
7.979577e-07
6.4645532e-15
7.979577e-07
4.9706958e-15
7.979577e-07
4.5482666e-15
6.371832e-15
8.3086544e-07
1.5080774e-11
8.3086448e-07
1.6682349e-11
8.3086358e-07
1.5561816e-11
8.3086272e-07
1.5163606e-11
8.3086186e-07
1.5078283e-11
8.30861e-07
1.500346e-11
8.3086015e-07
1.4920955e-11
8.3085931e-07
1.4837073e-11
8.3085846e-07
1.4754571e-11
8.3085763e-07
1.4672656e-11
8.3085679e-07
1.4588173e-11
8.3085597e-07
1.4500145e-11
8.3085515e-07
1.4413783e-11
8.3085433e-07
1.433047e-11
8.3085352e-07
1.4244104e-11
8.3085271e-07
1.4155906e-11
8.3085191e-07
1.4068735e-11
8.3085111e-07
1.3981812e-11
8.3085032e-07
1.3894173e-11
8.3084953e-07
1.3805957e-11
8.3084875e-07
1.3717315e-11
8.3084797e-07
1.3628382e-11
8.308472e-07
1.3539226e-11
8.3084643e-07
1.3449723e-11
8.3084567e-07
1.3359881e-11
8.3084491e-07
1.326975e-11
8.3084416e-07
1.3179252e-11
8.3084341e-07
1.3088347e-11
8.3084267e-07
1.2997171e-11
8.3084194e-07
1.2905678e-11
8.308412e-07
1.2813806e-11
8.3084048e-07
1.2721647e-11
8.3083976e-07
1.2629153e-11
8.3083904e-07
1.2536345e-11
8.3083833e-07
1.2443259e-11
8.3083763e-07
1.2349866e-11
8.3083693e-07
1.22561e-11
8.3083624e-07
1.2161335e-11
8.3083555e-07
1.2104211e-11
8.3083518e-07
6.3733926e-12
8.3083516e-07
2.1018227e-13
8.3083516e-07
-7.2479048e-14
8.3083517e-07
-1.1991624e-14
8.3083517e-07
-4.6621034e-15
8.3083517e-07
-4.0948394e-15
8.3083517e-07
-3.7973876e-15
8.3083517e-07
-3.4754365e-15
8.3083517e-07
-3.2345893e-15
8.3083517e-07
-2.8684259e-15
8.3083517e-07
-2.6783028e-15
8.3083517e-07
-2.4572678e-15
8.3083517e-07
-2.1841877e-15
8.3083517e-07
-2.1491128e-15
8.3083517e-07
-2.063047e-15
8.3083517e-07
-1.9242056e-15
8.3083517e-07
-1.7203976e-15
8.3083517e-07
-1.6869077e-15
8.3083517e-07
-1.5503106e-15
8.3083517e-07
-1.4539522e-15
8.3083517e-07
-1.3643142e-15
8.3083517e-07
-1.3259557e-15
8.3083517e-07
-1.2853358e-15
8.3083517e-07
-1.2107336e-15
8.3083517e-07
-1.1559896e-15
8.3083517e-07
-1.0083438e-15
8.3083517e-07
-9.9327822e-16
8.3083517e-07
-1.0582478e-15
8.3083517e-07
-1.0014087e-15
8.3083517e-07
-8.7910665e-16
8.3083517e-07
-8.3799243e-16
8.3083517e-07
-8.1256671e-16
8.3083517e-07
-7.7757198e-16
8.3083517e-07
-7.5608605e-16
8.3083517e-07
-7.1079898e-16
8.3083517e-07
-7.3019651e-16
8.3083517e-07
-6.2460541e-16
8.3083517e-07
-5.3829292e-16
8.3083517e-07
-6.5366839e-16
8.3083517e-07
-6.2715189e-16
8.3083517e-07
-5.3154167e-16
8.3083517e-07
-4.9041158e-16
8.3083517e-07
-5.019679e-16
8.3083517e-07
-4.571385e-16
8.3083517e-07
-4.4309791e-16
8.3083517e-07
-4.6097485e-16
8.3083517e-07
-4.6127134e-16
8.3083517e-07
-4.4732706e-16
8.3083517e-07
-3.3143518e-16
8.3083517e-07
-3.9137405e-16
8.3083517e-07
-3.7790138e-16
8.3083517e-07
-2.9430488e-16
8.3083517e-07
-3.5323365e-16
8.3083517e-07
-3.806929e-16
8.3083517e-07
-2.254607e-16
8.3083517e-07
-2.7690151e-16
8.3083517e-07
-3.3228171e-16
8.3083517e-07
-1.9195799e-16
8.3083517e-07
-2.5075206e-16
8.3083517e-07
-2.62064e-16
8.3083517e-07
-1.740263e-16
8.3083517e-07
-1.8726037e-16
8.3083517e-07
-2.0658539e-16
8.3083517e-07
-2.150923e-16
8.3083517e-07
-2.0603108e-16
8.3083517e-07
-1.4942323e-16
8.3083517e-07
-4.779775e-17
8.3083517e-07
-1.9121164e-16
8.3083517e-07
-1.9580665e-16
8.3083517e-07
-4.8940393e-17
8.3083517e-07
-7.562085e-17
8.3083517e-07
-3.6670096e-17
8.3083517e-07
-1.3913706e-16
8.3083517e-07
-1.0275708e-16
8.3083517e-07
4.4565738e-17
8.3083517e-07
5.3717943e-18
8.3083517e-07
-4.8244261e-17
8.3083517e-07
8.6453922e-17
8.3083517e-07
1.5932514e-16
8.3083517e-07
3.4371895e-17
8.3083517e-07
1.3601419e-16
8.3083517e-07
3.0762688e-16
8.3083517e-07
3.0982719e-16
8.3083517e-07
4.820786e-16
8.3083517e-07
6.0711495e-16
8.3083517e-07
8.3564434e-16
8.3083517e-07
1.0668628e-15
8.3083517e-07
2.1299149e-15
8.3083517e-07
1.6400228e-15
8.3083517e-07
6.9505095e-15
8.3083517e-07
5.3346114e-15
8.3083517e-07
4.6913015e-15
6.6611787e-15
8.647123e-07
1.596376e-11
8.6471129e-07
1.768739e-11
8.6471036e-07
1.6497151e-11
8.6470946e-07
1.6063505e-11
8.6470856e-07
1.5972272e-11
8.6470767e-07
1.5893623e-11
8.6470679e-07
1.5806387e-11
8.6470591e-07
1.5717482e-11
8.6470503e-07
1.5630162e-11
8.6470416e-07
1.5543652e-11
8.6470329e-07
1.545421e-11
8.6470243e-07
1.536066e-11
8.6470158e-07
1.5269059e-11
8.6470073e-07
1.5180948e-11
8.6469988e-07
1.5089416e-11
8.6469904e-07
1.4995872e-11
8.6469821e-07
1.4903501e-11
8.6469738e-07
1.4811434e-11
8.6469655e-07
1.4718595e-11
8.6469573e-07
1.4625136e-11
8.6469492e-07
1.4531226e-11
8.6469411e-07
1.4437008e-11
8.6469331e-07
1.4342555e-11
8.6469251e-07
1.4247737e-11
8.6469172e-07
1.415256e-11
8.6469093e-07
1.4057076e-11
8.6469015e-07
1.3961204e-11
8.6468937e-07
1.3864902e-11
8.646886e-07
1.3768313e-11
8.6468783e-07
1.3671387e-11
8.6468707e-07
1.3574061e-11
8.6468632e-07
1.3476432e-11
8.6468557e-07
1.3378447e-11
8.6468483e-07
1.328013e-11
8.6468409e-07
1.318152e-11
8.6468336e-07
1.3082585e-11
8.6468263e-07
1.2983256e-11
8.6468191e-07
1.288284e-11
8.6468119e-07
1.282357e-11
8.646808e-07
6.7594666e-12
8.6468078e-07
2.2835085e-13
8.6468079e-07
-7.8079676e-14
8.6468079e-07
-1.3071022e-14
8.6468079e-07
-5.0164218e-15
8.6468079e-07
-4.4042937e-15
8.6468079e-07
-4.0862072e-15
8.6468079e-07
-3.740661e-15
8.6468079e-07
-3.4799215e-15
8.6468079e-07
-3.0889612e-15
8.6468079e-07
-2.8820995e-15
8.6468079e-07
-2.6428424e-15
8.6468079e-07
-2.352294e-15
8.6468079e-07
-2.313781e-15
8.6468079e-07
-2.2204255e-15
8.6468079e-07
-2.0696927e-15
8.6468079e-07
-1.8533429e-15
8.6468079e-07
-1.8144997e-15
8.6468079e-07
-1.6696131e-15
8.6468079e-07
-1.5652972e-15
8.6468079e-07
-1.4699797e-15
8.6468079e-07
-1.4277344e-15
8.6468079e-07
-1.3822711e-15
8.6468079e-07
-1.3024549e-15
8.6468079e-07
-1.2436014e-15
8.6468079e-07
-1.0875475e-15
8.6468079e-07
-1.069864e-15
8.6468079e-07
-1.1366161e-15
8.6468079e-07
-1.0790602e-15
8.6468079e-07
-9.4678779e-16
8.6468079e-07
-9.0128011e-16
8.6468079e-07
-8.7606546e-16
8.6468079e-07
-8.3697127e-16
8.6468079e-07
-8.1391612e-16
8.6468079e-07
-7.6508826e-16
8.6468079e-07
-7.840753e-16
8.6468079e-07
-6.7275373e-16
8.6468079e-07
-5.8240727e-16
8.6468079e-07
-7.0189916e-16
8.6468079e-07
-6.7310391e-16
8.6468079e-07
-5.7278249e-16
8.6468079e-07
-5.2909098e-16
8.6468079e-07
-5.3965504e-16
8.6468079e-07
-4.9255555e-16
8.6468079e-07
-4.7761668e-16
8.6468079e-07
-4.9562897e-16
8.6468079e-07
-4.9577844e-16
8.6468079e-07
-4.8031285e-16
8.6468079e-07
-3.5848968e-16
8.6468079e-07
-4.2076255e-16
8.6468079e-07
-4.068739e-16
8.6468079e-07
-3.1863048e-16
8.646808e-07
-3.7910207e-16
8.646808e-07
-4.0730043e-16
8.646808e-07
-2.448953e-16
8.646808e-07
-2.9811569e-16
8.646808e-07
-3.559104e-16
8.646808e-07
-2.0905207e-16
8.646808e-07
-2.6941404e-16
8.646808e-07
-2.8089011e-16
8.646808e-07
-1.8837811e-16
8.646808e-07
-2.0213276e-16
8.646808e-07
-2.2248293e-16
8.646808e-07
-2.3039335e-16
8.646808e-07
-2.2056183e-16
8.646808e-07
-1.6072706e-16
8.646808e-07
-5.5113016e-17
8.646808e-07
-2.042176e-16
8.646808e-07
-2.0827609e-16
8.646808e-07
-5.509114e-17
8.646808e-07
-8.2103989e-17
8.646808e-07
-4.0571344e-17
8.646808e-07
-1.470086e-16
8.646808e-07
-1.094162e-16
8.646808e-07
4.4639545e-17
8.646808e-07
5.4580743e-18
8.646808e-07
-5.0859887e-17
8.646808e-07
9.0779839e-17
8.646808e-07
1.6815959e-16
8.646808e-07
3.9427682e-17
8.646808e-07
1.4751818e-16
8.646808e-07
3.2855495e-16
8.646808e-07
3.3415381e-16
8.646808e-07
5.1813696e-16
8.646808e-07
6.5308835e-16
8.646808e-07
9.0030578e-16
8.646808e-07
1.1480316e-15
8.6468079e-07
2.2892812e-15
8.6468079e-07
1.7603257e-15
8.6468079e-07
7.4719224e-15
8.6468079e-07
5.7251522e-15
8.6468079e-07
4.8225434e-15
6.9495369e-15
8.9955005e-07
1.6880091e-11
8.9954901e-07
1.8733362e-11
8.9954803e-07
1.7470652e-11
8.995471e-07
1.6998801e-11
8.9954617e-07
1.6901279e-11
8.9954524e-07
1.6818749e-11
8.9954432e-07
1.6726629e-11
8.9954341e-07
1.6632496e-11
8.995425e-07
1.6540182e-11
8.9954159e-07
1.6448946e-11
8.9954069e-07
1.635436e-11
8.995398e-07
1.625502e-11
8.9953891e-07
1.6157946e-11
8.9953803e-07
1.6064869e-11
8.9953715e-07
1.5967964e-11
8.9953627e-07
1.586885e-11
8.9953541e-07
1.5771073e-11
8.9953454e-07
1.5673663e-11
8.9953369e-07
1.5575419e-11
8.9953284e-07
1.5476511e-11
8.9953199e-07
1.5377124e-11
8.9953115e-07
1.5277413e-11
8.9953031e-07
1.5177454e-11
8.9952949e-07
1.5077111e-11
8.9952866e-07
1.4976389e-11
8.9952784e-07
1.4875341e-11
8.9952703e-07
1.4773883e-11
8.9952622e-07
1.4671973e-11
8.9952542e-07
1.4569756e-11
8.9952463e-07
1.4467184e-11
8.9952384e-07
1.436419e-11
8.9952305e-07
1.4260875e-11
8.9952227e-07
1.4157184e-11
8.995215e-07
1.4053142e-11
8.9952073e-07
1.3948789e-11
8.9951997e-07
1.3844095e-11
8.9951922e-07
1.3738985e-11
8.9951847e-07
1.3632693e-11
8.9951772e-07
1.3571337e-11
8.9951732e-07
7.1616168e-12
8.995173e-07
2.4790085e-13
8.995173e-07
-8.4035366e-14
8.995173e-07
-1.4244942e-14
8.995173e-07
-5.3980398e-15
8.995173e-07
-4.7365647e-15
8.995173e-07
-4.3965196e-15
8.995173e-07
-4.0257229e-15
8.995173e-07
-3.7434598e-15
8.9951731e-07
-3.3260461e-15
8.9951731e-07
-3.101057e-15
8.9951731e-07
-2.8421279e-15
8.9951731e-07
-2.5329797e-15
8.9951731e-07
-2.490858e-15
8.9951731e-07
-2.3895539e-15
8.9951731e-07
-2.2259151e-15
8.9951731e-07
-1.9963396e-15
8.9951731e-07
-1.9515453e-15
8.9951731e-07
-1.7978495e-15
8.9951731e-07
-1.6850366e-15
8.9951731e-07
-1.5836066e-15
8.9951731e-07
-1.5371371e-15
8.9951731e-07
-1.4863693e-15
8.9951731e-07
-1.400981e-15
8.9951731e-07
-1.337713e-15
8.9951731e-07
-1.1728666e-15
8.9951731e-07
-1.1522472e-15
8.9951731e-07
-1.2206414e-15
8.9951731e-07
-1.1618432e-15
8.9951731e-07
-1.0203183e-15
8.9951731e-07
-9.7002335e-16
8.9951731e-07
-9.4370269e-16
8.9951731e-07
-9.0080627e-16
8.9951731e-07
-8.7605808e-16
8.9951731e-07
-8.234415e-16
8.9951731e-07
-8.4184771e-16
8.9951731e-07
-7.2456205e-16
8.9951731e-07
-6.3005241e-16
8.9951731e-07
-7.535947e-16
8.9951731e-07
-7.2234696e-16
8.9951731e-07
-6.1715855e-16
8.9951731e-07
-5.7076404e-16
8.9951731e-07
-5.80146e-16
8.9951731e-07
-5.3066382e-16
8.9951731e-07
-5.1475085e-16
8.9951731e-07
-5.3284008e-16
8.9951731e-07
-5.3281837e-16
8.9951731e-07
-5.1568334e-16
8.9951731e-07
-3.8772805e-16
8.9951731e-07
-4.5232837e-16
8.9951731e-07
-4.3800696e-16
8.9951731e-07
-3.449236e-16
8.9951731e-07
-4.0683021e-16
8.9951731e-07
-4.3571369e-16
8.9951731e-07
-2.6597466e-16
8.9951731e-07
-3.2093133e-16
8.9951731e-07
-3.8115346e-16
8.9951731e-07
-2.2760907e-16
8.9951731e-07
-2.8944805e-16
8.9951731e-07
-3.0103997e-16
8.9951731e-07
-2.0391266e-16
8.9951731e-07
-2.181691e-16
8.9951731e-07
-2.3956107e-16
8.9951731e-07
-2.4676014e-16
8.9951731e-07
-2.3609417e-16
8.9951731e-07
-1.7289889e-16
8.9951731e-07
-6.3257742e-17
8.9951731e-07
-2.1806537e-16
8.9951731e-07
-2.2149292e-16
8.9951731e-07
-6.1885263e-17
8.9951731e-07
-8.9136975e-17
8.9951731e-07
-4.4878382e-17
8.9951731e-07
-1.5527215e-16
8.9951731e-07
-1.164595e-16
8.9951731e-07
4.4510483e-17
8.9951731e-07
5.4831582e-18
8.9951731e-07
-5.3660151e-17
8.9951731e-07
9.5328877e-17
8.9951731e-07
1.7749857e-16
8.9951731e-07
4.4960259e-17
8.9951731e-07
1.5997372e-16
8.9951731e-07
3.5086124e-16
8.9951731e-07
3.6034981e-16
8.9951731e-07
5.5682508e-16
8.9951731e-07
7.0248509e-16
8.9951731e-07
9.6991507e-16
8.9951731e-07
1.2352753e-15
8.9951731e-07
2.4603546e-15
8.9951731e-07
1.8893144e-15
8.9951731e-07
8.0314278e-15
8.9951731e-07
6.1444807e-15
8.9951731e-07
4.9399963e-15
7.2355517e-15
9.3540195e-07
1.7829983e-11
9.3540086e-07
1.9820789e-11
9.3539985e-07
1.8482872e-11
9.3539888e-07
1.7969872e-11
9.3539791e-07
1.7865654e-11
9.3539695e-07
1.7779202e-11
9.35396e-07
1.768205e-11
9.3539505e-07
1.7582483e-11
9.353941e-07
1.7484998e-11
9.3539316e-07
1.7388909e-11
9.3539223e-07
1.7288997e-11
9.353913e-07
1.7183585e-11
9.3539038e-07
1.7080799e-11
9.3538946e-07
1.6982586e-11
9.3538855e-07
1.6880098e-11
9.3538764e-07
1.6775189e-11
9.3538674e-07
1.6671797e-11
9.3538585e-07
1.6568843e-11
9.3538496e-07
1.646499e-11
9.3538407e-07
1.6360422e-11
9.3538319e-07
1.6255348e-11
9.3538232e-07
1.6149933e-11
9.3538145e-07
1.6044257e-11
9.3538059e-07
1.5938177e-11
9.3537974e-07
1.5831697e-11
9.3537889e-07
1.5724872e-11
9.3537804e-07
1.5617615e-11
9.3537721e-07
1.5509881e-11
9.3537637e-07
1.5401822e-11
9.3537555e-07
1.5293388e-11
9.3537473e-07
1.5184508e-11
9.3537391e-07
1.5075289e-11
9.3537311e-07
1.4965675e-11
9.353723e-07
1.4855689e-11
9.3537151e-07
1.4745374e-11
9.3537072e-07
1.4634701e-11
9.3536993e-07
1.4523589e-11
9.3536915e-07
1.4411192e-11
9.3536838e-07
1.4347826e-11
9.3536796e-07
7.5801069e-12
9.3536794e-07
2.6891923e-13
9.3536794e-07
-9.036182e-14
9.3536794e-07
-1.5521361e-14
9.3536794e-07
-5.8093621e-15
9.3536794e-07
-5.0934627e-15
9.3536795e-07
-4.7300287e-15
9.3536795e-07
-4.3322076e-15
9.3536795e-07
-4.0266488e-15
9.3536795e-07
-3.5809924e-15
9.3536795e-07
-3.3363765e-15
9.3536795e-07
-3.056213e-15
9.3536795e-07
-2.7272486e-15
9.3536795e-07
-2.6813345e-15
9.3536795e-07
-2.5713759e-15
9.3536795e-07
-2.393723e-15
9.3536795e-07
-2.1501926e-15
9.3536795e-07
-2.0988017e-15
9.3536795e-07
-1.9357345e-15
9.3536795e-07
-1.8138401e-15
9.3536795e-07
-1.705833e-15
9.3536795e-07
-1.6547696e-15
9.3536795e-07
-1.5982021e-15
9.3536795e-07
-1.5068533e-15
9.3536795e-07
-1.4388461e-15
9.3536795e-07
-1.2647995e-15
9.3536795e-07
-1.2408972e-15
9.3536795e-07
-1.3107659e-15
9.3536795e-07
-1.2501018e-15
9.3536795e-07
-1.1002377e-15
9.3536795e-07
-1.044726e-15
9.3536795e-07
-1.0157523e-15
9.3536795e-07
-9.6942851e-16
9.3536795e-07
-9.4285595e-16
9.3536795e-07
-8.8618716e-16
9.3536795e-07
-9.038209e-16
9.3536795e-07
-7.8033026e-16
9.3536795e-07
-6.815189e-16
9.3536795e-07
-8.0902764e-16
9.3536795e-07
-7.7514024e-16
9.3536795e-07
-6.6492325e-16
9.3536795e-07
-6.1567304e-16
9.3536795e-07
-6.2366976e-16
9.3536795e-07
-5.7168079e-16
9.3536795e-07
-5.547057e-16
9.3536795e-07
-5.7281478e-16
9.3536795e-07
-5.7259132e-16
9.3536795e-07
-5.5362635e-16
9.3536795e-07
-4.1933312e-16
9.3536795e-07
-4.8624318e-16
9.3536795e-07
-4.714713e-16
9.3536795e-07
-3.7334957e-16
9.3536795e-07
-4.3656833e-16
9.3536795e-07
-4.6607202e-16
9.3536795e-07
-2.8883916e-16
9.3536795e-07
-3.4547969e-16
9.3536795e-07
-4.0813313e-16
9.3536795e-07
-2.4775088e-16
9.3536795e-07
-3.1096353e-16
9.3536795e-07
-3.2261824e-16
9.3536795e-07
-2.2073095e-16
9.3536795e-07
-2.354662e-16
9.3536795e-07
-2.5791101e-16
9.3536795e-07
-2.6427908e-16
9.3536795e-07
-2.5270583e-16
9.3536795e-07
-1.8601096e-16
9.3536795e-07
-7.2307054e-17
9.3536795e-07
-2.3281779e-16
9.3536795e-07
-2.3551263e-16
9.3536795e-07
-6.9379539e-17
9.3536795e-07
-9.6765954e-17
9.3536795e-07
-4.9631525e-17
9.3536795e-07
-1.6395628e-16
9.3536795e-07
-1.2391323e-16
9.3536795e-07
4.4156175e-17
9.3536795e-07
5.4394284e-18
9.3536795e-07
-5.6711096e-17
9.3536795e-07
1.0015868e-16
9.3536795e-07
1.8742364e-16
9.3536795e-07
5.0960535e-17
9.3536795e-07
1.7345638e-16
9.3536795e-07
3.7464552e-16
9.3536795e-07
3.8855868e-16
9.3536795e-07
5.9833878e-16
9.3536795e-07
7.5556704e-16
9.3536795e-07
1.0448568e-15
9.3536795e-07
1.3290585e-15
9.3536795e-07
2.6440218e-15
9.3536795e-07
2.0276503e-15
9.3536795e-07
8.631841e-15
9.3536795e-07
6.5949553e-15
9.3536795e-07
5.0415768e-15
7.5177755e-15
9.722919e-07
1.8813567e-11
9.7229077e-07
2.0950101e-11
9.7228972e-07
1.9534286e-11
9.7228872e-07
1.8977018e-11
9.7228772e-07
1.8865665e-11
9.7228672e-07
1.8775265e-11
9.7228573e-07
1.8672938e-11
9.7228474e-07
1.8567728e-11
9.7228376e-07
1.8464897e-11
9.7228279e-07
1.8363838e-11
9.7228182e-07
1.825842e-11
9.7228086e-07
1.8146641e-11
9.722799e-07
1.8037892e-11
9.7227895e-07
1.7934376e-11
9.72278e-07
1.7826095e-11
9.7227706e-07
1.771516e-11
9.7227613e-07
1.7605944e-11
9.722752e-07
1.7497244e-11
9.7227428e-07
1.7387575e-11
9.7227336e-07
1.7277137e-11
9.7227245e-07
1.7166163e-11
9.7227154e-07
1.705483e-11
9.7227065e-07
1.6943224e-11
9.7226975e-07
1.6831194e-11
9.7226886e-07
1.6718742e-11
9.7226798e-07
1.6605925e-11
9.7226711e-07
1.6492653e-11
9.7226624e-07
1.6378879e-11
9.7226538e-07
1.6264761e-11
9.7226452e-07
1.6150246e-11
9.7226367e-07
1.6035263e-11
9.7226282e-07
1.5919922e-11
9.7226199e-07
1.5804163e-11
9.7226115e-07
1.5688012e-11
9.7226033e-07
1.5571514e-11
9.7225951e-07
1.545464e-11
9.7225869e-07
1.5337304e-11
9.7225789e-07
1.5218571e-11
9.7225708e-07
1.5153288e-11
9.7225665e-07
8.0151715e-12
9.7225662e-07
2.9149597e-13
9.7225663e-07
-9.7074637e-14
9.7225663e-07
-1.6908842e-14
9.7225663e-07
-6.2530341e-15
9.7225663e-07
-5.4769483e-15
9.7225663e-07
-5.0885826e-15
9.7225663e-07
-4.6618247e-15
9.7225663e-07
-4.3310524e-15
9.7225663e-07
-3.8552267e-15
9.7225663e-07
-3.5893626e-15
9.7225663e-07
-3.2862809e-15
9.7225663e-07
-2.9361797e-15
9.7225663e-07
-2.8862841e-15
9.7225663e-07
-2.7669069e-15
9.7225664e-07
-2.5740375e-15
9.7225664e-07
-2.3157737e-15
9.7225664e-07
-2.2570853e-15
9.7225664e-07
-2.0840377e-15
9.7225664e-07
-1.9524417e-15
9.7225664e-07
-1.8373483e-15
9.7225664e-07
-1.7812928e-15
9.7225664e-07
-1.7183871e-15
9.7225664e-07
-1.6206598e-15
9.7225664e-07
-1.5475581e-15
9.7225664e-07
-1.3638857e-15
9.7225664e-07
-1.3363192e-15
9.7225664e-07
-1.407475e-15
9.7225664e-07
-1.3443022e-15
9.7225664e-07
-1.1870276e-15
9.7225664e-07
-1.1258462e-15
9.7225664e-07
-1.0926029e-15
9.7225664e-07
-1.0432206e-15
9.7225664e-07
-1.0146788e-15
9.7225664e-07
-9.5367584e-16
9.7225664e-07
-9.7033016e-16
9.7225664e-07
-8.4037947e-16
9.7225664e-07
-7.3711933e-16
9.7225664e-07
-8.6849244e-16
9.7225664e-07
-8.3176649e-16
9.7225664e-07
-7.1635055e-16
9.7225664e-07
-6.6408199e-16
9.7225664e-07
-6.7047299e-16
9.7225664e-07
-6.1584087e-16
9.7225664e-07
-5.9770856e-16
9.7225664e-07
-6.1577444e-16
9.7225664e-07
-6.1531906e-16
9.7225664e-07
-5.9434834e-16
9.7225664e-07
-4.5350467e-16
9.7225664e-07
-5.2269915e-16
9.7225664e-07
-5.0745384e-16
9.7225664e-07
-4.0408466e-16
9.7225664e-07
-4.6847632e-16
9.7225664e-07
-4.9852741e-16
9.7225664e-07
-3.1363999e-16
9.7225664e-07
-3.7190182e-16
9.7225664e-07
-4.3698484e-16
9.7225664e-07
-2.6961052e-16
9.7225664e-07
-3.3408229e-16
9.7225664e-07
-3.4573745e-16
9.7225664e-07
-2.389439e-16
9.7225664e-07
-2.5412761e-16
9.7225664e-07
-2.7763368e-16
9.7225664e-07
-2.8304151e-16
9.7225664e-07
-2.704841e-16
9.7225664e-07
-2.0014407e-16
9.7225664e-07
-8.2341218e-17
9.7225664e-07
-2.4854238e-16
9.7225664e-07
-2.5039558e-16
9.7225664e-07
-7.7634289e-17
9.7225664e-07
-1.0504489e-16
9.7225664e-07
-5.4876301e-17
9.7225664e-07
-1.7309173e-16
9.7225664e-07
-1.3180535e-16
9.7225664e-07
4.3551719e-17
9.7225664e-07
5.3166143e-18
9.7225664e-07
-6.009904e-17
9.7225664e-07
1.0534445e-16
9.7225664e-07
1.9803585e-16
9.7225664e-07
5.7403888e-17
9.7225664e-07
1.8804462e-16
9.7225664e-07
4.0001479e-16
9.7225664e-07
4.1893319e-16
9.7225664e-07
6.4288859e-16
9.7225664e-07
8.1261362e-16
9.7225664e-07
1.1255422e-15
9.7225664e-07
1.4298794e-15
9.7225664e-07
2.841233e-15
9.7225664e-07
2.1760448e-15
9.7225664e-07
9.2761664e-15
9.7225664e-07
7.0791506e-15
9.7225664e-07
5.1251321e-15
7.7946802e-15
1.0102445e-06
1.9830882e-11
1.0102433e-06
2.2121624e-11
1.0102422e-06
2.0625286e-11
1.0102411e-06
2.0020449e-11
1.0102401e-06
1.990149e-11
1.0102391e-06
1.9807132e-11
1.0102381e-06
1.9699497e-11
1.010237e-06
1.9588433e-11
1.010236e-06
1.9480081e-11
1.010235e-06
1.9373945e-11
1.010234e-06
1.9262844e-11
1.010233e-06
1.9144391e-11
1.010232e-06
1.902942e-11
1.010231e-06
1.8920433e-11
1.01023e-06
1.8806146e-11
1.0102291e-06
1.8688953e-11
1.0102281e-06
1.8573703e-11
1.0102271e-06
1.8459057e-11
1.0102262e-06
1.8343363e-11
1.0102252e-06
1.8226841e-11
1.0102243e-06
1.8109753e-11
1.0102234e-06
1.799229e-11
1.0102224e-06
1.7874538e-11
1.0102215e-06
1.7756344e-11
1.0102206e-06
1.7637705e-11
1.0102197e-06
1.7518679e-11
1.0102188e-06
1.7399176e-11
1.0102179e-06
1.7279144e-11
1.010217e-06
1.7158748e-11
1.0102161e-06
1.7037933e-11
1.0102152e-06
1.6916627e-11
1.0102143e-06
1.6794942e-11
1.0102135e-06
1.6672819e-11
1.0102126e-06
1.6550282e-11
1.0102117e-06
1.6427377e-11
1.0102109e-06
1.6304081e-11
1.01021e-06
1.6180297e-11
1.0102092e-06
1.6054994e-11
1.0102084e-06
1.5987904e-11
1.0102079e-06
8.4670127e-12
1.0102079e-06
3.1572384e-13
1.0102079e-06
-1.0418919e-13
1.0102079e-06
-1.8416557e-14
1.0102079e-06
-6.7319615e-15
1.0102079e-06
-5.8891568e-15
1.0102079e-06
-5.4741793e-15
1.0102079e-06
-5.0164251e-15
1.0102079e-06
-4.6583608e-15
1.0102079e-06
-4.1502857e-15
1.0102079e-06
-3.861429e-15
1.0102079e-06
-3.5336105e-15
1.0102079e-06
-3.160948e-15
1.0102079e-06
-3.1068683e-15
1.0102079e-06
-2.9772516e-15
1.0102079e-06
-2.7678553e-15
1.0102079e-06
-2.4940291e-15
1.0102079e-06
-2.4272791e-15
1.0102079e-06
-2.2435993e-15
1.0102079e-06
-2.10163e-15
1.0102079e-06
-1.9789023e-15
1.0102079e-06
-1.9174151e-15
1.0102079e-06
-1.8475969e-15
1.0102079e-06
-1.7430395e-15
1.0102079e-06
-1.6644606e-15
1.0102079e-06
-1.4707108e-15
1.0102079e-06
-1.4390675e-15
1.0102079e-06
-1.5112846e-15
1.0102079e-06
-1.4450556e-15
1.0102079e-06
-1.2811101e-15
1.0102079e-06
-1.2137671e-15
1.0102079e-06
-1.1747842e-15
1.0102079e-06
-1.1225963e-15
1.0102079e-06
-1.0919297e-15
1.0102079e-06
-1.0262931e-15
1.0102079e-06
-1.0417373e-15
1.0102079e-06
-9.0506149e-16
1.0102079e-06
-7.9719453e-16
1.0102079e-06
-9.323084e-16
1.0102079e-06
-8.9252966e-16
1.0102079e-06
-7.7173791e-16
1.0102079e-06
-7.1627846e-16
1.0102079e-06
-7.2082624e-16
1.0102079e-06
-6.6340145e-16
1.0102079e-06
-6.4400194e-16
1.0102079e-06
-6.6195846e-16
1.0102079e-06
-6.6123717e-16
1.0102079e-06
-6.3807128e-16
1.0102079e-06
-4.9045711e-16
1.0102079e-06
-5.6190241e-16
1.0102079e-06
-5.4615368e-16
1.0102079e-06
-4.3732038e-16
1.0102079e-06
-5.0272903e-16
1.0102079e-06
-5.3324373e-16
1.0102079e-06
-3.405424e-16
1.0102079e-06
-4.0035233e-16
1.0102079e-06
-4.6785054e-16
1.0102079e-06
-2.9333014e-16
1.0102079e-06
-3.5893325e-16
1.0102079e-06
-3.7052168e-16
1.0102079e-06
-2.586706e-16
1.0102079e-06
-2.7426734e-16
1.0102079e-06
-2.9883651e-16
1.0102079e-06
-3.0314622e-16
1.0102079e-06
-2.8952014e-16
1.0102079e-06
-2.1538595e-16
1.0102079e-06
-9.3449289e-17
1.0102079e-06
-2.6531384e-16
1.0102079e-06
-2.6620808e-16
1.0102079e-06
-8.6718218e-17
1.0102079e-06
-1.1402866e-16
1.0102079e-06
-6.065913e-17
1.0102079e-06
-1.827134e-16
1.0102079e-06
-1.4016603e-16
1.0102079e-06
4.2669106e-17
1.0102079e-06
5.1028381e-18
1.0102079e-06
-6.3926567e-17
1.0102079e-06
1.1097648e-16
1.0102079e-06
2.09452e-16
1.0102079e-06
6.4254775e-17
1.0102079e-06
2.0382446e-16
1.0102079e-06
4.2708291e-16
1.0102079e-06
4.5163731e-16
1.0102079e-06
6.906992e-16
1.0102079e-06
8.7392379e-16
1.0102079e-06
1.2124136e-15
1.0102079e-06
1.5382709e-15
1.0102079e-06
3.0530064e-15
1.0102079e-06
2.335262e-15
1.0102079e-06
9.967608e-15
1.0102079e-06
7.5998824e-15
1.0102079e-06
5.1884692e-15
8.0646697e-15
1.0492849e-06
2.0881869e-11
1.0492837e-06
2.3335572e-11
1.0492826e-06
2.1756174e-11
1.0492815e-06
2.1100282e-11
1.0492804e-06
2.0973208e-11
1.0492793e-06
2.0874901e-11
1.0492783e-06
2.0761835e-11
1.0492772e-06
2.0644705e-11
1.0492762e-06
2.0530659e-11
1.0492751e-06
2.0419353e-11
1.0492741e-06
2.0302393e-11
1.049273e-06
2.0176944e-11
1.049272e-06
2.0055483e-11
1.049271e-06
1.994086e-11
1.04927e-06
1.9820352e-11
1.049269e-06
1.9696669e-11
1.049268e-06
1.9575175e-11
1.049267e-06
1.945438e-11
1.049266e-06
1.9332453e-11
1.049265e-06
1.9209635e-11
1.049264e-06
1.9086218e-11
1.0492631e-06
1.8962409e-11
1.0492621e-06
1.8838298e-11
1.0492611e-06
1.8713723e-11
1.0492602e-06
1.8588681e-11
1.0492592e-06
1.846323e-11
1.0492583e-06
1.8337277e-11
1.0492574e-06
1.8210769e-11
1.0492564e-06
1.8083876e-11
1.0492555e-06
1.7956543e-11
1.0492546e-06
1.7828692e-11
1.0492537e-06
1.7700443e-11
1.0492528e-06
1.7571732e-11
1.0492519e-06
1.7442587e-11
1.049251e-06
1.7313053e-11
1.0492502e-06
1.718311e-11
1.0492493e-06
1.7052655e-11
1.0492484e-06
1.6920547e-11
1.0492476e-06
1.6851779e-11
1.0492471e-06
8.9357962e-12
1.0492471e-06
3.4169814e-13
1.0492471e-06
-1.1172053e-13
1.0492471e-06
-2.005432e-14
1.0492471e-06
-7.2493365e-15
1.0492471e-06
-6.3324053e-15
1.0492471e-06
-5.8889843e-15
1.0492471e-06
-5.3980162e-15
1.0492471e-06
-5.0104077e-15
1.0492471e-06
-4.4678363e-15
1.0492471e-06
-4.1541031e-15
1.0492471e-06
-3.7995916e-15
1.0492471e-06
-3.4028238e-15
1.0492471e-06
-3.3443462e-15
1.0492471e-06
-3.2036064e-15
1.0492471e-06
-2.9762579e-15
1.0492471e-06
-2.6859801e-15
1.0492471e-06
-2.6103456e-15
1.0492471e-06
-2.4153237e-15
1.0492471e-06
-2.2622637e-15
1.0492471e-06
-2.1313042e-15
1.0492471e-06
-2.0639071e-15
1.0492471e-06
-1.9865569e-15
1.0492471e-06
-1.87468e-15
1.0492471e-06
-1.7902101e-15
1.0492471e-06
-1.5859054e-15
1.0492471e-06
-1.549734e-15
1.0492471e-06
-1.622765e-15
1.0492471e-06
-1.5531229e-15
1.0492471e-06
-1.3828312e-15
1.0492471e-06
-1.3087989e-15
1.0492471e-06
-1.2629702e-15
1.0492471e-06
-1.2080095e-15
1.0492471e-06
-1.1750426e-15
1.0492471e-06
-1.104453e-15
1.0492471e-06
-1.1184388e-15
1.0492471e-06
-9.7475596e-16
1.0492471e-06
-8.6211253e-16
1.0492471e-06
-1.000822e-15
1.0492471e-06
-9.5776243e-16
1.0492471e-06
-8.3140624e-16
1.0492471e-06
-7.7257031e-16
1.0492471e-06
-7.7502158e-16
1.0492471e-06
-7.1463831e-16
1.0492471e-06
-6.938504e-16
1.0492471e-06
-7.116269e-16
1.0492471e-06
-7.106044e-16
1.0492471e-06
-6.8503782e-16
1.0492471e-06
-5.3042319e-16
1.0492471e-06
-6.0407826e-16
1.0492471e-06
-5.8778886e-16
1.0492471e-06
-4.7326652e-16
1.0492471e-06
-5.3951872e-16
1.0492471e-06
-5.7040023e-16
1.0492471e-06
-3.6972456e-16
1.0492471e-06
-4.3099697e-16
1.0492471e-06
-5.008878e-16
1.0492471e-06
-3.1906586e-16
1.0492471e-06
-3.856599e-16
1.0492471e-06
-3.9710471e-16
1.0492471e-06
-2.8004167e-16
1.0492471e-06
-2.9600638e-16
1.0492471e-06
-3.2163624e-16
1.0492471e-06
-3.2470166e-16
1.0492471e-06
-3.0991476e-16
1.0492471e-06
-2.3183216e-16
1.0492471e-06
-1.0572518e-16
1.0492471e-06
-2.8321233e-16
1.0492471e-06
-2.8302197e-16
1.0492471e-06
-9.6702332e-17
1.0492471e-06
-1.2377964e-16
1.0492471e-06
-6.7034991e-17
1.0492471e-06
-1.9285886e-16
1.0492471e-06
-1.4902906e-16
1.0492471e-06
4.1479081e-17
1.0492471e-06
4.786372e-18
1.0492471e-06
-6.8294347e-17
1.0492471e-06
1.1713641e-16
1.0492471e-06
2.2178747e-16
1.0492471e-06
7.1485e-17
1.0492471e-06
2.2088621e-16
1.0492471e-06
4.5597267e-16
1.0492471e-06
4.8684618e-16
1.0492471e-06
7.4201121e-16
1.0492471e-06
9.3981886e-16
1.0492471e-06
1.3059431e-15
1.0492471e-06
1.6548045e-15
1.0492471e-06
3.2804315e-15
1.0492471e-06
2.5061223e-15
1.0492471e-06
1.070958e-14
1.0492471e-06
8.1602329e-15
1.0492471e-06
5.2293886e-15
8.3260996e-15
1.0894394e-06
2.1966366e-11
1.0894381e-06
2.4592035e-11
1.0894369e-06
2.2927148e-11
1.0894358e-06
2.221653e-11
1.0894347e-06
2.2080791e-11
1.0894336e-06
2.1978569e-11
1.0894325e-06
2.1859959e-11
1.0894314e-06
2.173655e-11
1.0894303e-06
2.1616641e-11
1.0894292e-06
2.1500084e-11
1.0894282e-06
2.1377097e-11
1.0894271e-06
2.1244314e-11
1.089426e-06
2.1116083e-11
1.089425e-06
2.0995659e-11
1.0894239e-06
2.0868715e-11
1.0894229e-06
2.0738308e-11
1.0894219e-06
2.0610362e-11
1.0894208e-06
2.0483221e-11
1.0894198e-06
2.0354853e-11
1.0894188e-06
2.0225524e-11
1.0894178e-06
2.0095564e-11
1.0894168e-06
1.9965193e-11
1.0894158e-06
1.9834507e-11
1.0894148e-06
1.9703337e-11
1.0894138e-06
1.9571675e-11
1.0894128e-06
1.9439582e-11
1.0894119e-06
1.9306963e-11
1.0894109e-06
1.917376e-11
1.0894099e-06
1.9040151e-11
1.089409e-06
1.8906078e-11
1.0894081e-06
1.8771463e-11
1.0894071e-06
1.8636429e-11
1.0894062e-06
1.8500909e-11
1.0894053e-06
1.8364932e-11
1.0894044e-06
1.8228547e-11
1.0894034e-06
1.8091733e-11
1.0894025e-06
1.7954382e-11
1.0894016e-06
1.7815235e-11
1.0894008e-06
1.7744939e-11
1.0894003e-06
9.4216485e-12
1.0894002e-06
3.695163e-13
1.0894002e-06
-1.1968322e-13
1.0894002e-06
-2.1832609e-14
1.0894003e-06
-7.8086797e-15
1.0894003e-06
-6.8092134e-15
1.0894003e-06
-6.3353453e-15
1.0894003e-06
-5.8087702e-15
1.0894003e-06
-5.3891781e-15
1.0894003e-06
-4.8096859e-15
1.0894003e-06
-4.4690432e-15
1.0894003e-06
-4.0857296e-15
1.0894003e-06
-3.6631861e-15
1.0894003e-06
-3.6000822e-15
1.0894003e-06
-3.4472699e-15
1.0894003e-06
-3.2004171e-15
1.0894003e-06
-2.8927361e-15
1.0894003e-06
-2.8073242e-15
1.0894003e-06
-2.600195e-15
1.0894003e-06
-2.4352708e-15
1.0894003e-06
-2.2954341e-15
1.0894003e-06
-2.2216041e-15
1.0894003e-06
-2.1360596e-15
1.0894003e-06
-2.0163322e-15
1.0894003e-06
-1.9255249e-15
1.0894003e-06
-1.7101615e-15
1.0894003e-06
-1.6689677e-15
1.0894003e-06
-1.7425268e-15
1.0894003e-06
-1.6584235e-15
1.0894002e-06
7.214209e-15
1.0894002e-06
-1.4002525e-15
1.0894002e-06
-1.3579501e-15
1.0894002e-06
-1.2999488e-15
1.0894002e-06
-1.2644912e-15
1.0894002e-06
-1.1886062e-15
1.0894002e-06
-1.2008595e-15
1.0894002e-06
-1.0498772e-15
1.0894002e-06
-9.3227229e-16
1.0894002e-06
-1.0744085e-15
1.0894002e-06
-1.0278243e-15
1.0894002e-06
-8.9570583e-16
1.0894002e-06
-8.3329559e-16
1.0894002e-06
-8.3337759e-16
1.0894002e-06
-7.6985298e-16
1.0894002e-06
-7.4753978e-16
1.0894002e-06
-7.6506404e-16
1.0894002e-06
-7.63699e-16
1.0894002e-06
-7.3551094e-16
1.0894002e-06
-5.736594e-16
1.0894002e-06
-6.4946833e-16
1.0894002e-06
-6.3259653e-16
1.0894002e-06
-5.121471e-16
1.0894002e-06
-5.7905054e-16
1.0894002e-06
-6.1019199e-16
1.0894002e-06
-4.0138031e-16
1.0894002e-06
-4.6401562e-16
1.0894002e-06
-5.3626539e-16
1.0894002e-06
-3.4698443e-16
1.0894002e-06
-4.1441584e-16
1.0894002e-06
-4.256316e-16
1.0894002e-06
-3.0319734e-16
1.0894002e-06
-3.1947844e-16
1.0894002e-06
-3.461593e-16
1.0894002e-06
-3.4782505e-16
1.0894002e-06
-3.3178012e-16
1.0894002e-06
-2.4958621e-16
1.0894002e-06
-1.192719e-16
1.0894002e-06
-3.0232585e-16
1.0894002e-06
-3.0091693e-16
1.0894002e-06
-1.076646e-16
1.0894002e-06
-1.3436385e-16
1.0894002e-06
-7.4060592e-17
1.0894002e-06
-2.0357091e-16
1.0894002e-06
-1.5843135e-16
1.0894002e-06
3.9948401e-17
1.0894002e-06
4.3518181e-18
1.0894002e-06
-7.3248404e-17
1.0894002e-06
1.2385318e-16
1.0894002e-06
2.3510208e-16
1.0894002e-06
7.9125348e-17
1.0894002e-06
2.3932836e-16
1.0894002e-06
4.8681539e-16
1.0894002e-06
5.2474566e-16
1.0894002e-06
7.9708199e-16
1.0894002e-06
1.0106412e-15
1.0894002e-06
1.406638e-15
1.0894002e-06
1.7800916e-15
1.0894002e-06
3.5246737e-15
1.0894002e-06
2.6895071e-15
1.0894002e-06
1.1505718e-14
1.0894002e-06
8.7635819e-15
1.0894002e-06
5.2457274e-15
8.5773032e-15
1.1307347e-06
2.3084097e-11
1.1307334e-06
2.5890971e-11
1.1307322e-06
2.4138298e-11
1.1307311e-06
2.3369098e-11
1.1307299e-06
2.3224102e-11
1.1307288e-06
2.3118019e-11
1.1307276e-06
2.2993767e-11
1.1307265e-06
2.2863866e-11
1.1307254e-06
2.2737927e-11
1.1307243e-06
2.2616057e-11
1.1307232e-06
2.2486882e-11
1.1307221e-06
2.234641e-11
1.130721e-06
2.2211117e-11
1.1307199e-06
2.2084729e-11
1.1307188e-06
2.1951135e-11
1.1307177e-06
2.1813772e-11
1.1307167e-06
2.1679168e-11
1.1307156e-06
2.1545484e-11
1.1307145e-06
2.1410468e-11
1.1307135e-06
2.1274414e-11
1.1307125e-06
2.1137696e-11
1.1307114e-06
2.1000549e-11
1.1307104e-06
2.0863073e-11
1.1307094e-06
2.0725093e-11
1.1307084e-06
2.0586596e-11
1.1307073e-06
2.0447645e-11
1.1307063e-06
2.0308141e-11
1.1307053e-06
2.0168025e-11
1.1307044e-06
2.0027482e-11
1.1307034e-06
1.9886451e-11
1.1307024e-06
1.9744852e-11
1.1307014e-06
1.9602812e-11
1.1307005e-06
1.9460262e-11
1.1306995e-06
1.9317232e-11
1.1306986e-06
1.9173772e-11
1.1306976e-06
1.9029866e-11
1.1306967e-06
1.8885396e-11
1.1306958e-06
1.8738973e-11
1.1306949e-06
1.8667317e-11
1.1306944e-06
9.9246524e-12
1.1306943e-06
3.9927748e-13
1.1306943e-06
-1.2809123e-13
1.1306943e-06
-2.3762598e-14
1.1306943e-06
-8.4138611e-15
1.1306943e-06
-7.3223301e-15
1.1306943e-06
-6.8158073e-15
1.1306943e-06
-6.2510403e-15
1.1306943e-06
-5.7968197e-15
1.1306943e-06
-5.1777859e-15
1.1306944e-06
-4.8080434e-15
1.1306944e-06
-4.3936594e-15
1.1306944e-06
-3.9435258e-15
1.1306944e-06
-3.8755536e-15
1.1306944e-06
-3.7096471e-15
1.1306944e-06
-3.4416005e-15
1.1306944e-06
-3.1154977e-15
1.1306944e-06
-3.0193462e-15
1.1306944e-06
-2.7992781e-15
1.1306944e-06
-2.6216627e-15
1.1306944e-06
-2.4722449e-15
1.1306944e-06
-2.3914133e-15
1.1306944e-06
-2.2969554e-15
1.1306944e-06
-2.1688081e-15
1.1306944e-06
-2.0711783e-15
1.1306944e-06
-1.8442195e-15
1.1306944e-06
-1.7974683e-15
1.1306944e-06
-1.8712343e-15
1.1306944e-06
-1.7717783e-15
1.1306944e-06
-1.6444334e-15
1.1306944e-06
-1.4983598e-15
1.1306944e-06
-1.4605492e-15
1.1306944e-06
-1.3989452e-15
1.1306944e-06
-1.3607842e-15
1.1306944e-06
-1.2792429e-15
1.1306944e-06
-1.2894656e-15
1.1306944e-06
-1.1308713e-15
1.1306944e-06
-1.0081073e-15
1.1306944e-06
-1.1534757e-15
1.1306944e-06
-1.1031059e-15
1.1306944e-06
-9.6501538e-16
1.1306944e-06
-8.9881917e-16
1.1306944e-06
-8.9623957e-16
1.1306944e-06
-8.2937318e-16
1.1306944e-06
-8.0538101e-16
1.1306944e-06
-8.2257378e-16
1.1306944e-06
-8.2082417e-16
1.1306944e-06
-7.8977629e-16
1.1306944e-06
-6.2043815e-16
1.1306944e-06
-6.9833688e-16
1.1306944e-06
-6.8083198e-16
1.1306944e-06
-5.5421207e-16
1.1306944e-06
-6.2154922e-16
1.1306944e-06
-6.5282989e-16
1.1306944e-06
-4.3571954e-16
1.1306944e-06
-4.9960666e-16
1.1306944e-06
-5.7416815e-16
1.1306944e-06
-3.7726788e-16
1.1306944e-06
-4.4536845e-16
1.1306944e-06
-4.5626094e-16
1.1306944e-06
-3.2829225e-16
1.1306944e-06
-3.4482959e-16
1.1306944e-06
-3.7254364e-16
1.1306944e-06
-3.7264439e-16
1.1306944e-06
-3.5523291e-16
1.1306944e-06
-2.6876125e-16
1.1306944e-06
-1.3419978e-16
1.1306944e-06
-3.2274948e-16
1.1306944e-06
-3.1997713e-16
1.1306944e-06
-1.1968927e-16
1.1306944e-06
-1.4585496e-16
1.1306944e-06
-8.180017e-17
1.1306944e-06
-2.1489523e-16
1.1306944e-06
-1.6841362e-16
1.1306944e-06
3.8040997e-17
1.1306944e-06
3.7830483e-18
1.1306944e-06
-7.8662324e-17
1.1306944e-06
1.309754e-16
1.1306944e-06
2.4928041e-16
1.1306944e-06
8.7387013e-17
1.1306944e-06
2.5925438e-16
1.1306944e-06
5.1975118e-16
1.1306944e-06
5.6553689e-16
1.1306944e-06
8.5618581e-16
1.1306944e-06
1.0867585e-15
1.1306944e-06
1.5150399e-15
1.1306944e-06
1.9147868e-15
1.1306944e-06
3.7869813e-15
1.1306944e-06
2.8863626e-15
1.1306944e-06
1.2359892e-14
1.1306944e-06
9.4136388e-15
1.1306944e-06
5.2354155e-15
8.8166253e-15
1.1731989e-06
2.4234673e-11
1.1731976e-06
2.7232198e-11
1.1731963e-06
2.5389597e-11
1.1731951e-06
2.4557772e-11
1.173194e-06
2.4402878e-11
1.1731928e-06
2.4293015e-11
1.1731916e-06
2.416304e-11
1.1731905e-06
2.4026435e-11
1.1731893e-06
2.3894305e-11
1.1731882e-06
2.3767078e-11
1.173187e-06
2.3631561e-11
1.1731859e-06
2.3483029e-11
1.1731847e-06
2.3340369e-11
1.1731836e-06
2.3207857e-11
1.1731825e-06
2.3067396e-11
1.1731814e-06
2.2922846e-11
1.1731803e-06
2.2781383e-11
1.1731792e-06
2.2640961e-11
1.1731781e-06
2.2499093e-11
1.173177e-06
2.2356104e-11
1.173176e-06
2.2212413e-11
1.1731749e-06
2.2068276e-11
1.1731738e-06
2.1923798e-11
1.1731728e-06
2.1778793e-11
1.1731717e-06
2.1633246e-11
1.1731707e-06
2.1487222e-11
1.1731696e-06
2.1340618e-11
1.1731686e-06
2.1193374e-11
1.1731676e-06
2.1045679e-11
1.1731666e-06
2.0897472e-11
1.1731656e-06
2.074867e-11
1.1731646e-06
2.0599405e-11
1.1731636e-06
2.0449606e-11
1.1731626e-06
2.0299302e-11
1.1731616e-06
2.0148546e-11
1.1731607e-06
1.9997327e-11
1.1731597e-06
1.9845516e-11
1.1731588e-06
1.9691583e-11
1.1731578e-06
1.9618758e-11
1.1731573e-06
1.0444844e-11
1.1731573e-06
4.3108197e-13
1.1731573e-06
-1.3695779e-13
1.1731573e-06
-2.5856181e-14
1.1731573e-06
-9.0691438e-15
1.1731573e-06
-7.874741e-15
1.1731573e-06
-7.3331248e-15
1.1731573e-06
-6.7273777e-15
1.1731573e-06
-6.2356629e-15
1.1731573e-06
-5.5742575e-15
1.1731573e-06
-5.1730543e-15
1.1731573e-06
-4.7251561e-15
1.1731573e-06
-4.2454672e-15
1.1731573e-06
-4.1723633e-15
1.1731573e-06
-3.9922626e-15
1.1731573e-06
-3.7011905e-15
1.1731573e-06
-3.3555721e-15
1.1731573e-06
-3.2476328e-15
1.1731573e-06
-3.0137291e-15
1.1731573e-06
-2.8225321e-15
1.1731573e-06
-2.6627726e-15
1.1731573e-06
-2.5743146e-15
1.1731573e-06
-2.4701756e-15
1.1731573e-06
-2.3329874e-15
1.1731573e-06
-2.2280131e-15
1.1731573e-06
-1.9888939e-15
1.1731573e-06
-1.9359991e-15
1.1731573e-06
-2.0096064e-15
1.1731573e-06
-1.9039465e-15
1.1731573e-06
-1.764892e-15
1.1731573e-06
-1.6135056e-15
1.1731573e-06
-1.5715286e-15
1.1731573e-06
-1.5055763e-15
1.1731573e-06
-1.4644775e-15
1.1731573e-06
-1.3768928e-15
1.1731573e-06
-1.3847612e-15
1.1731573e-06
-1.2182271e-15
1.1731573e-06
-1.0900871e-15
1.1731573e-06
-1.2384675e-15
1.1731573e-06
-1.1840313e-15
1.1731573e-06
-1.0397463e-15
1.1731573e-06
-9.6953689e-16
1.1731573e-06
-9.6398237e-16
1.1731573e-06
-8.935506e-16
1.1731573e-06
-8.6770981e-16
1.1731573e-06
-8.8449144e-16
1.1731573e-06
-8.8231103e-16
1.1731573e-06
-8.4814452e-16
1.1731573e-06
-6.7106104e-16
1.1731573e-06
-7.5097208e-16
1.1731573e-06
-7.3277247e-16
1.1731573e-06
-5.9972398e-16
1.1731573e-06
-6.67261e-16
1.1731573e-06
-6.9854317e-16
1.1731573e-06
-4.7297145e-16
1.1731573e-06
-5.3798327e-16
1.1731573e-06
-6.1479763e-16
1.1731573e-06
-4.1011415e-16
1.1731573e-06
-4.7870085e-16
1.1731573e-06
-4.89165e-16
1.1731573e-06
-3.5549154e-16
1.1731573e-06
-3.7221476e-16
1.1731573e-06
-4.0093698e-16
1.1731573e-06
-3.9930088e-16
1.1731573e-06
-3.8040437e-16
1.1731573e-06
-2.8948078e-16
1.1731573e-06
-1.5062973e-16
1.1731573e-06
-3.4458607e-16
1.1731573e-06
-3.4029765e-16
1.1731573e-06
-1.328697e-16
1.1731573e-06
-1.5833211e-16
1.1731573e-06
-9.0321702e-17
1.1731573e-06
-2.2688352e-16
1.1731573e-06
-1.7901886e-16
1.1731573e-06
3.5718563e-17
1.1731573e-06
3.0593556e-18
1.1731573e-06
-8.397832e-17
1.1731573e-06
1.3793527e-16
1.1731573e-06
2.6378476e-16
1.1731573e-06
9.6911929e-17
1.1731573e-06
2.8077617e-16
1.1731573e-06
5.54931e-16
1.1731573e-06
6.0943268e-16
1.1731573e-06
9.1961609e-16
1.1731573e-06
1.1685628e-15
1.1731573e-06
1.6317284e-15
1.1731573e-06
2.0595906e-15
1.1731573e-06
4.0686887e-15
1.1731573e-06
3.0977054e-15
1.1731573e-06
1.3276213e-14
1.1731573e-06
1.0114481e-14
1.1731573e-06
5.196542e-15
9.0424646e-15
1.2168607e-06
2.541758e-11
1.2168594e-06
2.861538e-11
1.2168581e-06
2.668089e-11
1.2168568e-06
2.5782215e-11
1.2168556e-06
2.5616732e-11
1.2168544e-06
2.5503197e-11
1.2168532e-06
2.5367435e-11
1.216852e-06
2.5223916e-11
1.2168508e-06
2.5085439e-11
1.2168496e-06
2.4952833e-11
1.2168485e-06
2.4810832e-11
1.2168473e-06
2.4653849e-11
1.2168461e-06
2.4503504e-11
1.216845e-06
2.4364707e-11
1.2168438e-06
2.4217163e-11
1.2168427e-06
2.40652e-11
1.2168415e-06
2.3916682e-11
1.2168404e-06
2.3769334e-11
1.2168393e-06
2.3620411e-11
1.2168382e-06
2.3470275e-11
1.2168371e-06
2.33194e-11
1.216836e-06
2.3168062e-11
1.2168349e-06
2.3016369e-11
1.2168338e-06
2.2864129e-11
1.2168327e-06
2.271132e-11
1.2168317e-06
2.255801e-11
1.2168306e-06
2.2404093e-11
1.2168295e-06
2.2249505e-11
1.2168285e-06
2.2094443e-11
1.2168274e-06
2.1938844e-11
1.2168264e-06
2.1782624e-11
1.2168254e-06
2.1625916e-11
1.2168244e-06
2.146865e-11
1.2168234e-06
2.1310854e-11
1.2168223e-06
2.1152584e-11
1.2168214e-06
2.0993833e-11
1.2168204e-06
2.0834462e-11
1.2168194e-06
2.0672785e-11
1.2168184e-06
2.0599003e-11
1.2168179e-06
1.0982207e-11
1.2168178e-06
4.6503068e-13
1.2168178e-06
-1.4629523e-13
1.2168178e-06
-2.8126003e-14
1.2168178e-06
-9.7792264e-15
1.2168178e-06
-8.469712e-15
1.2168178e-06
-7.8902952e-15
1.2168178e-06
-7.2405479e-15
1.2168178e-06
-6.7082326e-15
1.2168178e-06
-6.0013968e-15
1.2168178e-06
-5.566187e-15
1.2168178e-06
-5.0821408e-15
1.2168178e-06
-4.5707673e-15
1.2168178e-06
-4.4922462e-15
1.2168178e-06
-4.2967765e-15
1.2168178e-06
-3.9806808e-15
1.2168178e-06
-3.6143715e-15
1.2168178e-06
-3.493517e-15
1.2168178e-06
-3.2448044e-15
1.2168178e-06
-3.0390668e-15
1.2168178e-06
-2.8681367e-15
1.2168178e-06
-2.7713748e-15
1.2168178e-06
-2.65673e-15
1.2168178e-06
-2.5098301e-15
1.2168178e-06
-2.3969423e-15
1.2168178e-06
-2.1450574e-15
1.2168178e-06
-2.0853864e-15
1.2168178e-06
-2.158427e-15
1.2168178e-06
-2.0465965e-15
1.2168178e-06
-1.8944714e-15
1.2168178e-06
-1.7373312e-15
1.2168178e-06
-1.6915322e-15
1.2168178e-06
-1.6204653e-15
1.2168178e-06
-1.576173e-15
1.2168178e-06
-1.4821338e-15
1.2168178e-06
-1.4872932e-15
1.2168178e-06
-1.3124697e-15
1.2168178e-06
-1.1787226e-15
1.2168178e-06
-1.329864e-15
1.2168178e-06
-1.2710627e-15
1.2168178e-06
-1.1203455e-15
1.2168178e-06
-1.0458812e-15
1.2168178e-06
-1.0370168e-15
1.2168178e-06
-9.627737e-16
1.2168178e-06
-9.3489125e-16
1.2168178e-06
-9.5117507e-16
1.2168178e-06
-9.4851558e-16
1.2168178e-06
-9.1095338e-16
1.2168178e-06
-7.2585322e-16
1.2168178e-06
-8.0768456e-16
1.2168179e-06
-7.8872117e-16
1.2168179e-06
-6.4897591e-16
1.2168179e-06
-7.1645103e-16
1.2168179e-06
-7.4758283e-16
1.2168179e-06
-5.1338308e-16
1.2168179e-06
-5.7937739e-16
1.2168179e-06
-6.5836816e-16
1.2168179e-06
-4.4573647e-16
1.2168179e-06
-5.1461091e-16
1.2168179e-06
-5.2453007e-16
1.2168179e-06
-3.8497878e-16
1.2168179e-06
-4.0180578e-16
1.2168179e-06
-4.3150251e-16
1.2168179e-06
-4.2794237e-16
1.2168179e-06
-4.07435e-16
1.2168179e-06
-3.1187882e-16
1.2168179e-06
-1.6869311e-16
1.2168179e-06
-3.6795032e-16
1.2168179e-06
-3.6197974e-16
1.2168179e-06
-1.473051e-16
1.2168179e-06
-1.7188243e-16
1.2168179e-06
-9.9701952e-17
1.2168179e-06
-2.3959291e-16
1.2168179e-06
-1.9029696e-16
1.2168179e-06
3.2937968e-17
1.2168179e-06
2.1598882e-18
1.2168179e-06
-7.8125871e-17
1.2168178e-06
9.076618e-15
1.2168178e-06
2.8679461e-16
1.2168178e-06
1.0924768e-16
1.2168178e-06
3.0401345e-16
1.2168178e-06
5.9251441e-16
1.2168178e-06
6.5666062e-16
1.2168178e-06
9.8768765e-16
1.2168178e-06
1.2564753e-15
1.2168178e-06
1.7573248e-15
1.2168178e-06
2.2152515e-15
1.2168178e-06
4.3712227e-15
1.2168178e-06
3.3246269e-15
1.2168178e-06
1.4259052e-14
1.2168178e-06
1.0870595e-14
1.2168178e-06
5.1274365e-15
9.2533249e-15
1.2617501e-06
2.6632174e-11
1.2617486e-06
3.0040026e-11
1.2617473e-06
2.8011887e-11
1.261746e-06
2.7041959e-11
1.2617448e-06
2.6865137e-11
1.2617435e-06
2.6748069e-11
1.2617423e-06
2.660648e-11
1.2617411e-06
2.6455838e-11
1.2617398e-06
2.6310865e-11
1.2617386e-06
2.6172883e-11
1.2617374e-06
2.6024267e-11
1.2617362e-06
2.5858423e-11
1.261735e-06
2.5700056e-11
1.2617338e-06
2.5554816e-11
1.2617326e-06
2.5399975e-11
1.2617315e-06
2.5240378e-11
1.2617303e-06
2.5084615e-11
1.2617291e-06
2.4930158e-11
1.261728e-06
2.4773981e-11
1.2617268e-06
2.4616492e-11
1.2617257e-06
2.4458223e-11
1.2617246e-06
2.4299474e-11
1.2617234e-06
2.4140358e-11
1.2617223e-06
2.3980673e-11
1.2617212e-06
2.3820394e-11
1.2617201e-06
2.3659586e-11
1.261719e-06
2.3498145e-11
1.2617179e-06
2.3336003e-11
1.2617169e-06
2.3173362e-11
1.2617158e-06
2.3010159e-11
1.2617147e-06
2.2846305e-11
1.2617137e-06
2.2681942e-11
1.2617126e-06
2.2516994e-11
1.2617116e-06
2.2351492e-11
1.2617105e-06
2.2185492e-11
1.2617095e-06
2.2018992e-11
1.2617085e-06
2.1851845e-11
1.2617075e-06
2.1682192e-11
1.2617065e-06
2.1607689e-11
1.2617059e-06
1.1536672e-11
1.2617059e-06
5.0122434e-13
1.2617059e-06
-1.5611485e-13
1.2617059e-06
-3.0585471e-14
1.2617059e-06
-1.0549285e-14
1.2617059e-06
-9.110807e-15
1.2617059e-06
-8.4905699e-15
1.2617059e-06
-7.7935504e-15
1.2617059e-06
-7.2172707e-15
1.2617059e-06
-6.4616987e-15
1.2617059e-06
-5.9897323e-15
1.2617059e-06
-5.4667089e-15
1.2617059e-06
-4.9213354e-15
1.2617059e-06
-4.8370924e-15
1.2617059e-06
-4.6249853e-15
1.2617059e-06
-4.2816949e-15
1.2617059e-06
-3.8934303e-15
1.2617059e-06
-3.7584387e-15
1.2617059e-06
-3.4938626e-15
1.2617059e-06
-3.2725579e-15
1.2617059e-06
-3.0895554e-15
1.2617059e-06
-2.9837483e-15
1.2617059e-06
-2.8577111e-15
1.2617059e-06
-2.7003731e-15
1.2617059e-06
-2.5789585e-15
1.2617059e-06
-2.3136678e-15
1.2617059e-06
-2.24653e-15
1.2617059e-06
-2.3185448e-15
1.2617059e-06
-2.2003928e-15
1.2617059e-06
-2.0341308e-15
1.2617059e-06
-1.8707628e-15
1.2617059e-06
-1.82111e-15
1.2617059e-06
-1.7442925e-15
1.2617059e-06
-1.6965253e-15
1.2617059e-06
-1.5955904e-15
1.2617059e-06
-1.5976592e-15
1.2617059e-06
-1.4141771e-15
1.2617059e-06
-1.2745639e-15
1.2617059e-06
-1.4281885e-15
1.2617059e-06
-1.3646996e-15
1.2617059e-06
-1.2072969e-15
1.2617059e-06
-1.128316e-15
1.2617059e-06
-1.1157874e-15
1.2617059e-06
-1.0374603e-15
1.2617059e-06
-1.0073207e-15
1.2617059e-06
-1.0230182e-15
1.2617059e-06
-1.0198259e-15
1.2617059e-06
-9.7856928e-16
1.2617059e-06
-7.8516782e-16
1.2617059e-06
-8.6881178e-16
1.2617059e-06
-8.4900596e-16
1.2617059e-06
-7.0228134e-16
1.2617059e-06
-7.6940812e-16
1.2617059e-06
-8.0021981e-16
1.2617059e-06
-5.5722405e-16
1.2617059e-06
-6.240415e-16
1.2617059e-06
-7.0511867e-16
1.2617059e-06
-4.8436684e-16
1.2617059e-06
-5.5331391e-16
1.2617059e-06
-5.62559e-16
1.2617059e-06
-4.1695021e-16
1.2617059e-06
-4.3378848e-16
1.2617059e-06
-4.6441393e-16
1.2617059e-06
-4.587363e-16
1.2617059e-06
-4.3647981e-16
1.2617059e-06
-3.3610256e-16
1.2617059e-06
-1.8852901e-16
1.2617059e-06
-3.9296294e-16
1.2617059e-06
-3.8513541e-16
1.2617059e-06
-1.6310369e-16
1.2617059e-06
-1.8659957e-16
1.2617059e-06
-1.1002372e-16
1.2617059e-06
-2.5308616e-16
1.2617059e-06
-2.0229991e-16
1.2617059e-06
2.9651491e-17
1.2617059e-06
1.0604364e-18
1.2617059e-06
-6.9485908e-17
1.2617059e-06
1.1742817e-16
1.2617059e-06
3.0942475e-16
1.2617059e-06
1.247537e-16
1.2617059e-06
3.2909373e-16
1.2617059e-06
6.3267365e-16
1.2617059e-06
7.074642e-16
1.2617059e-06
1.0607347e-15
1.2617059e-06
1.3509439e-15
1.2617059e-06
1.8924921e-15
1.2617059e-06
2.3825718e-15
1.2617059e-06
4.6961094e-15
1.2617059e-06
3.568299e-15
1.2617059e-06
1.5313049e-14
1.2617059e-06
1.1686926e-14
1.2617059e-06
5.0267683e-15
9.4478823e-15
1.3078978e-06
2.7877679e-11
1.3078964e-06
3.1505475e-11
1.307895e-06
2.9382154e-11
1.3078937e-06
2.8336394e-11
1.3078924e-06
2.8147426e-11
1.3078911e-06
2.8026994e-11
1.3078899e-06
2.7879561e-11
1.3078886e-06
2.7721594e-11
1.3078873e-06
2.7569982e-11
1.3078861e-06
2.7426654e-11
1.3078848e-06
2.7271308e-11
1.3078836e-06
2.7096169e-11
1.3078824e-06
2.692943e-11
1.3078811e-06
2.6777588e-11
1.3078799e-06
2.6615235e-11
1.3078787e-06
2.6447789e-11
1.3078775e-06
2.6284602e-11
1.3078763e-06
2.6122859e-11
1.3078751e-06
2.5959235e-11
1.307874e-06
2.5794188e-11
1.3078728e-06
2.562832e-11
1.3078716e-06
2.5461954e-11
1.3078705e-06
2.529521e-11
1.3078693e-06
2.5127875e-11
1.3078682e-06
2.4959919e-11
1.3078671e-06
2.4791409e-11
1.3078659e-06
2.4622236e-11
1.3078648e-06
2.4452332e-11
1.3078637e-06
2.4281903e-11
1.3078626e-06
2.4110886e-11
1.3078615e-06
2.3939191e-11
1.3078604e-06
2.3766961e-11
1.3078594e-06
2.3594121e-11
1.3078583e-06
2.3420701e-11
1.3078572e-06
2.3246759e-11
1.3078562e-06
2.30723e-11
1.3078551e-06
2.2897164e-11
1.3078541e-06
2.2719306e-11
1.3078531e-06
2.2644339e-11
1.3078525e-06
1.210811e-11
1.3078524e-06
5.3976271e-13
1.3078525e-06
-1.6642674e-13
1.3078525e-06
-3.3248795e-14
1.3078525e-06
-1.1385033e-14
1.3078525e-06
-9.8019191e-15
1.3078525e-06
-9.1374804e-15
1.3078525e-06
-8.3896408e-15
1.3078525e-06
-7.7657489e-15
1.3078525e-06
-6.9578646e-15
1.3078525e-06
-6.4461785e-15
1.3078525e-06
-5.8811351e-15
1.3078525e-06
-5.2992495e-15
1.3078525e-06
-5.2089414e-15
1.3078525e-06
-4.9788426e-15
1.3078525e-06
-4.6059965e-15
1.3078525e-06
-4.1944175e-15
1.3078525e-06
-4.0439684e-15
1.3078525e-06
-3.7623849e-15
1.3078525e-06
-3.5244028e-15
1.3078525e-06
-3.3283564e-15
1.3078525e-06
-3.2126931e-15
1.3078525e-06
-3.0743096e-15
1.3078525e-06
-2.9057458e-15
1.3078525e-06
-2.7751385e-15
1.3078525e-06
-2.4957572e-15
1.3078525e-06
-2.4204035e-15
1.3078525e-06
-2.4908849e-15
1.3078525e-06
-2.365976e-15
1.3078525e-06
-2.1849823e-15
1.3078525e-06
-2.0148736e-15
1.3078525e-06
-1.9607883e-15
1.3078525e-06
-1.8777975e-15
1.3078525e-06
-1.8262451e-15
1.3078525e-06
-1.7179448e-15
1.3078525e-06
-1.7165062e-15
1.3078525e-06
-1.5239723e-15
1.3078525e-06
-1.3782138e-15
1.3078525e-06
-1.5340098e-15
1.3078525e-06
-1.465488e-15
1.3078525e-06
-1.3011281e-15
1.3078525e-06
-1.2173547e-15
1.3078525e-06
-1.2007767e-15
1.3078525e-06
-1.1180647e-15
1.3078525e-06
-1.0854291e-15
1.3078525e-06
-1.1004446e-15
1.3078525e-06
-1.0966661e-15
1.3078525e-06
-1.0513942e-15
1.3078525e-06
-8.4938884e-16
1.3078525e-06
-9.3472485e-16
1.3078525e-06
-9.1398221e-16
1.3078525e-06
-7.5998667e-16
1.3078525e-06
-8.2644947e-16
1.3078525e-06
-8.5675062e-16
1.3078525e-06
-6.0478884e-16
1.3078525e-06
-6.7225164e-16
1.3078525e-06
-7.5530539e-16
1.3078525e-06
-5.2625825e-16
1.3078525e-06
-5.9504472e-16
1.3078525e-06
-6.0347555e-16
1.3078525e-06
-4.5162057e-16
1.3078525e-06
-4.6836328e-16
1.3078525e-06
-4.9986288e-16
1.3078525e-06
-4.9186218e-16
1.3078525e-06
-4.6770622e-16
1.3078525e-06
-3.6231005e-16
1.3078525e-06
-2.1029119e-16
1.3078525e-06
-4.1976038e-16
1.3078525e-06
-4.098868e-16
1.3078525e-06
-1.8038205e-16
1.3078525e-06
-2.0258709e-16
1.3078525e-06
-1.2137781e-16
1.3078525e-06
-2.6743219e-16
1.3078525e-06
-2.150867e-16
1.3078525e-06
2.5807327e-17
1.3078525e-06
-2.6390682e-19
1.3078525e-06
-6.7848135e-17
1.3078525e-06
1.260575e-16
1.3078525e-06
3.2431336e-16
1.3078525e-06
1.4233331e-16
1.3078525e-06
3.5615032e-16
1.3078525e-06
6.7559255e-16
1.3078525e-06
7.6210439e-16
1.3078525e-06
1.1391158e-15
1.3078525e-06
1.4524501e-15
1.3078525e-06
2.0379412e-15
1.3078525e-06
2.5624088e-15
1.3078525e-06
5.044979e-15
1.3078525e-06
3.8299824e-15
1.3078525e-06
1.6443126e-14
1.3078525e-06
1.2568925e-14
1.3078525e-06
4.8936646e-15
9.6250645e-15
1.3553361e-06
2.9153179e-11
1.3553346e-06
3.3010893e-11
1.3553332e-06
3.0791101e-11
1.3553319e-06
2.9664767e-11
1.3553306e-06
2.9462779e-11
1.3553293e-06
2.9339186e-11
1.355328e-06
2.9185921e-11
1.3553267e-06
2.902043e-11
1.3553254e-06
2.8862045e-11
1.3553241e-06
2.8713431e-11
1.3553228e-06
2.8551257e-11
1.3553215e-06
2.8366369e-11
1.3553203e-06
2.8190887e-11
1.355319e-06
2.8032284e-11
1.3553178e-06
2.7862203e-11
1.3553165e-06
2.7686704e-11
1.3553153e-06
2.7515924e-11
1.3553141e-06
2.7346729e-11
1.3553129e-06
2.717547e-11
1.3553117e-06
2.7002665e-11
1.3553105e-06
2.6828995e-11
1.3553093e-06
2.6654812e-11
1.3553081e-06
2.6480238e-11
1.3553069e-06
2.6305053e-11
1.3553057e-06
2.6129219e-11
1.3553046e-06
2.5952804e-11
1.3553034e-06
2.5775698e-11
1.3553023e-06
2.5597827e-11
1.3553011e-06
2.5419408e-11
1.3553e-06
2.5240373e-11
1.3552989e-06
2.5060631e-11
1.3552978e-06
2.4880329e-11
1.3552967e-06
2.4699392e-11
1.3552956e-06
2.4517846e-11
1.3552945e-06
2.4335756e-11
1.3552934e-06
2.415313e-11
1.3552923e-06
2.3969799e-11
1.3552913e-06
2.3783512e-11
1.3552902e-06
2.370836e-11
1.3552896e-06
1.2696328e-11
1.3552896e-06
5.8074367e-13
1.3552896e-06
-1.7723966e-13
1.3552896e-06
-3.6130997e-14
1.3552896e-06
-1.229276e-14
1.3552896e-06
-1.0547317e-14
1.3552896e-06
-9.8348669e-15
1.3552896e-06
-9.0323529e-15
1.3552896e-06
-8.3568974e-15
1.3552896e-06
-7.4928337e-15
1.3552896e-06
-6.9382325e-15
1.3552896e-06
-6.3278873e-15
1.3552896e-06
-5.7067599e-15
1.3552896e-06
-5.6100201e-15
1.3552896e-06
-5.3604701e-15
1.3552896e-06
-4.9555043e-15
1.3552896e-06
-4.5191414e-15
1.3552896e-06
-4.3518107e-15
1.3552896e-06
-4.0519795e-15
1.3552896e-06
-3.7961291e-15
1.3552896e-06
-3.5859779e-15
1.3552896e-06
-3.4595738e-15
1.3552896e-06
-3.3078173e-15
1.3552896e-06
-3.1271769e-15
1.3552896e-06
-2.9866516e-15
1.3552896e-06
-2.6924547e-15
1.3552896e-06
-2.6080722e-15
1.3552896e-06
-2.6764528e-15
1.3552896e-06
-2.5440492e-15
1.3552896e-06
-2.3482192e-15
1.3552896e-06
-2.1708216e-15
1.3552896e-06
-2.1111485e-15
1.3552896e-06
-2.0217823e-15
1.3552896e-06
-1.9661054e-15
1.3552896e-06
-1.8499363e-15
1.3552896e-06
-1.8445397e-15
1.3552896e-06
-1.6425341e-15
1.3552896e-06
-1.4903265e-15
1.3552896e-06
-1.6479467e-15
1.3552896e-06
-1.5740222e-15
1.3552896e-06
-1.4024131e-15
1.3552896e-06
-1.3135483e-15
1.3552896e-06
-1.2925129e-15
1.3552896e-06
-1.2050824e-15
1.3552896e-06
-1.1696846e-15
1.3552896e-06
-1.1839177e-15
1.3552896e-06
-1.1794938e-15
1.3552896e-06
-1.1298618e-15
1.3552896e-06
-9.1893512e-16
1.3552896e-06
-1.0058224e-15
1.3552896e-06
-9.8403883e-16
1.3552896e-06
-8.2246318e-16
1.3552896e-06
-8.879184e-16
1.3552896e-06
-9.1749763e-16
1.3552896e-06
-6.5639255e-16
1.3552896e-06
-7.2430627e-16
1.3552896e-06
-8.0920947e-16
1.3552896e-06
-5.7168201e-16
1.3552896e-06
-6.4006023e-16
1.3552896e-06
-6.475189e-16
1.3552896e-06
-4.8922279e-16
1.3552896e-06
-5.0575292e-16
1.3552896e-06
-5.3805505e-16
1.3552896e-06
-5.2751123e-16
1.3552896e-06
-5.012976e-16
1.3552896e-06
-3.9067668e-16
1.3552896e-06
-2.3414665e-16
1.3552896e-06
-4.4848789e-16
1.3552896e-06
-4.3636705e-16
1.3552896e-06
-1.9926812e-16
1.3552896e-06
-2.199578e-16
1.3552896e-06
-1.3386385e-16
1.3552896e-06
-2.8270819e-16
1.3552896e-06
-2.2872086e-16
1.3552896e-06
2.1347714e-17
1.3552896e-06
-1.8432881e-18
1.3552896e-06
-6.5982125e-17
1.3552896e-06
1.3508535e-16
1.3552896e-06
3.3999632e-16
1.3552896e-06
1.6145861e-16
1.3552896e-06
3.8532414e-16
1.3552896e-06
7.2146863e-16
1.3552896e-06
8.2085727e-16
1.3552896e-06
1.2232137e-15
1.3552896e-06
1.5615056e-15
1.3552896e-06
2.1944318e-15
1.3552896e-06
2.7556806e-15
1.3552896e-06
5.4195761e-15
1.3552896e-06
4.1110305e-15
1.3552896e-06
1.7654507e-14
1.3552896e-06
1.3522612e-14
1.3552896e-06
4.7278485e-15
9.7841456e-15
1.4040983e-06
3.045761e-11
1.4040968e-06
3.4555265e-11
1.4040953e-06
3.2237981e-11
1.404094e-06
3.1026172e-11
1.4040926e-06
3.081022e-11
1.4040913e-06
3.0683704e-11
1.4040899e-06
3.0524648e-11
1.4040886e-06
3.0351443e-11
1.4040873e-06
3.0186158e-11
1.404086e-06
3.0032354e-11
1.4040847e-06
2.9863274e-11
1.4040834e-06
2.9668157e-11
1.4040821e-06
2.948354e-11
1.4040808e-06
2.9318015e-11
1.4040795e-06
2.913999e-11
1.4040782e-06
2.8956248e-11
1.404077e-06
2.8777721e-11
1.4040757e-06
2.8600916e-11
1.4040745e-06
2.842184e-11
1.4040732e-06
2.8241083e-11
1.404072e-06
2.8059414e-11
1.4040708e-06
2.7877217e-11
1.4040696e-06
2.7694619e-11
1.4040684e-06
2.7511388e-11
1.4040672e-06
2.7327481e-11
1.404066e-06
2.7142964e-11
1.4040648e-06
2.6957727e-11
1.4040636e-06
2.6771694e-11
1.4040625e-06
2.6585085e-11
1.4040613e-06
2.6397833e-11
1.4040601e-06
2.6209845e-11
1.404059e-06
2.6021272e-11
1.4040579e-06
2.5832037e-11
1.4040567e-06
2.5642166e-11
1.4040556e-06
2.5451726e-11
1.4040545e-06
2.5260733e-11
1.4040534e-06
2.5069005e-11
1.4040523e-06
2.4874068e-11
1.4040512e-06
2.4799036e-11
1.4040506e-06
1.3301065e-11
1.4040506e-06
6.2426208e-13
1.4040506e-06
-1.8856091e-13
1.4040506e-06
-3.9247943e-14
1.4040506e-06
-1.3279418e-14
1.4040506e-06
-1.1351671e-14
1.4040506e-06
-1.0586913e-14
1.4040506e-06
-9.7255319e-15
1.4040506e-06
-8.9942239e-15
1.4040506e-06
-8.0697951e-15
1.4040506e-06
-7.4688309e-15
1.4040506e-06
-6.8096579e-15
1.4040506e-06
-6.1463244e-15
1.4040506e-06
-6.0427421e-15
1.4040506e-06
-5.7721766e-15
1.4040506e-06
-5.3323051e-15
1.4040506e-06
-4.8695717e-15
1.4040506e-06
-4.6838163e-15
1.4040506e-06
-4.3643926e-15
1.4040506e-06
-4.0893906e-15
1.4040506e-06
-3.8639807e-15
1.4040506e-06
-3.7258723e-15
1.4040506e-06
-3.5596447e-15
1.4040506e-06
-3.366e-15
1.4040506e-06
-3.2147764e-15
1.4040506e-06
-2.9049807e-15
1.4040506e-06
-2.8106896e-15
1.4040506e-06
-2.8763387e-15
1.4040506e-06
-2.7354443e-15
1.4040506e-06
-2.5250843e-15
1.4040506e-06
-2.339804e-15
1.4040506e-06
-2.2728839e-15
1.4040506e-06
-2.1771228e-15
1.4040506e-06
-2.1169452e-15
1.4040506e-06
-1.9923704e-15
1.4040506e-06
-1.982527e-15
1.4040506e-06
-1.770604e-15
1.4040506e-06
-1.6116117e-15
1.4040506e-06
-1.7706725e-15
1.4040506e-06
-1.6909464e-15
1.4040506e-06
-1.5117756e-15
1.4040506e-06
-1.4175003e-15
1.4040506e-06
-1.3915724e-15
1.4040506e-06
-1.2990568e-15
1.4040506e-06
-1.2605961e-15
1.4040506e-06
-1.2739399e-15
1.4040506e-06
-1.2688089e-15
1.4040506e-06
-1.2144493e-15
1.4040506e-06
-9.9426236e-16
1.4040506e-06
-1.0825407e-15
1.4040506e-06
-1.0595973e-15
1.4040506e-06
-8.9011956e-16
1.4040506e-06
-9.5418995e-16
1.4040506e-06
-9.8281368e-16
1.4040506e-06
-7.1238308e-16
1.4040506e-06
-7.8053096e-16
1.4040506e-06
-8.6713511e-16
1.4040506e-06
-6.2093852e-16
1.4040506e-06
-6.8863739e-16
1.4040506e-06
-6.949524e-16
1.4040506e-06
-5.3001243e-16
1.4040506e-06
-5.4619478e-16
1.4040506e-06
-5.7921661e-16
1.4040506e-06
-5.6590239e-16
1.4040506e-06
-5.3745282e-16
1.4040506e-06
-4.2139236e-16
1.4040506e-06
-2.6027569e-16
1.4040506e-06
-4.7930458e-16
1.4040506e-06
-4.6472213e-16
1.4040506e-06
-2.1990179e-16
1.4040506e-06
-2.3883382e-16
1.4040506e-06
-1.4759102e-16
1.4040506e-06
-2.9899879e-16
1.4040506e-06
-2.4327318e-16
1.4040506e-06
1.6210828e-17
1.4040506e-06
-3.713821e-18
1.4040506e-06
-6.4186413e-17
1.4040506e-06
1.4480893e-16
1.4040506e-06
3.5681368e-16
1.4040506e-06
1.8194515e-16
1.4040506e-06
4.167632e-16
1.4040506e-06
7.7051153e-16
1.4040506e-06
8.8401953e-16
1.4040506e-06
1.3134383e-15
1.4040506e-06
1.6786618e-15
1.4040506e-06
2.3627762e-15
1.4040506e-06
2.9633681e-15
1.4040506e-06
5.8217658e-15
1.4040506e-06
4.4128984e-15
1.4040506e-06
1.8952727e-14
1.4040506e-06
1.4554637e-14
1.4040506e-06
4.5298036e-15
9.9248625e-15
1.454219e-06
3.178976e-11
1.4542174e-06
3.6137392e-11
1.4542159e-06
3.3721874e-11
1.4542145e-06
3.2419545e-11
1.4542131e-06
3.2188608e-11
1.4542117e-06
3.2059443e-11
1.4542104e-06
3.1894674e-11
1.454209e-06
3.171357e-11
1.4542077e-06
3.1541272e-11
1.4542063e-06
3.1382409e-11
1.454205e-06
3.1206369e-11
1.4542036e-06
3.1000517e-11
1.4542023e-06
3.0806352e-11
1.454201e-06
3.0633739e-11
1.4541997e-06
3.0447553e-11
1.4541984e-06
3.025539e-11
1.4541971e-06
3.0068979e-11
1.4541958e-06
2.9884419e-11
1.4541945e-06
2.9697353e-11
1.4541933e-06
2.9508456e-11
1.454192e-06
2.9318597e-11
1.4541908e-06
2.9128196e-11
1.4541895e-06
2.8937384e-11
1.4541883e-06
2.8745919e-11
1.4541871e-06
2.8553749e-11
1.4541858e-06
2.8360941e-11
1.4541846e-06
2.8167383e-11
1.4541834e-06
2.7972995e-11
1.4541822e-06
2.7778005e-11
1.454181e-06
2.7582345e-11
1.4541799e-06
2.7385918e-11
1.4541787e-06
2.7188882e-11
1.4541775e-06
2.6991155e-11
1.4541764e-06
2.6792765e-11
1.4541753e-06
2.6593781e-11
1.4541741e-06
2.6394227e-11
1.454173e-06
2.6193907e-11
1.4541719e-06
2.5990106e-11
1.4541708e-06
2.5915521e-11
1.4541701e-06
1.3921992e-11
1.4541701e-06
6.7040866e-13
1.4541701e-06
-2.0039617e-13
1.4541701e-06
-4.2616354e-14
1.4541701e-06
-1.4352669e-14
1.4541701e-06
-1.2220113e-14
1.4541701e-06
-1.1398174e-14
1.4541701e-06
-1.0473352e-14
1.4541701e-06
-9.681542e-15
1.4541701e-06
-8.6922238e-15
1.4541701e-06
-8.041174e-15
1.4541701e-06
-7.329378e-15
1.4541701e-06
-6.6206108e-15
1.4541701e-06
-6.5097323e-15
1.4541701e-06
-6.2164708e-15
1.4541701e-06
-5.7386604e-15
1.4541701e-06
-5.2478502e-15
1.4541701e-06
-5.0420063e-15
1.4541701e-06
-4.7015245e-15
1.4541701e-06
-4.4059875e-15
1.4541701e-06
-4.1640734e-15
1.4541701e-06
-4.0132042e-15
1.4541701e-06
-3.8313224e-15
1.4541701e-06
-3.6236698e-15
1.4541701e-06
-3.4608954e-15
1.4541701e-06
-3.134672e-15
1.4541701e-06
-3.0295168e-15
1.4541701e-06
-3.091735e-15
1.4541701e-06
-2.9411557e-15
1.4541701e-06
-2.7168381e-15
1.4541701e-06
-2.5230276e-15
1.4541701e-06
-2.446841e-15
1.4541701e-06
-2.3447744e-15
1.4541701e-06
-2.2796804e-15
1.4541701e-06
-2.1461239e-15
1.4541701e-06
-2.1313048e-15
1.4541701e-06
-1.9089843e-15
1.4541701e-06
-1.7428416e-15
1.4541701e-06
-1.9029201e-15
1.4541701e-06
-1.8169642e-15
1.4541701e-06
-1.6298957e-15
1.4541701e-06
-1.5298654e-15
1.4541701e-06
-1.4985779e-15
1.4541701e-06
-1.400571e-15
1.4541701e-06
-1.3587143e-15
1.4541701e-06
-1.3710563e-15
1.4541701e-06
-1.3651545e-15
1.4541701e-06
-1.3056728e-15
1.4541701e-06
-1.0758663e-15
1.4541701e-06
-1.165355e-15
1.4541701e-06
-1.1411187e-15
1.4541701e-06
-9.6340006e-16
1.4541701e-06
-1.0256749e-15
1.4541701e-06
-1.0530806e-15
1.4541701e-06
-7.7313633e-16
1.4541701e-06
-8.4128233e-16
1.4541701e-06
-9.2941726e-16
1.4541701e-06
-6.7435055e-16
1.4541701e-06
-7.4108276e-16
1.4541701e-06
-7.4606356e-16
1.4541701e-06
-5.7426675e-16
1.4541701e-06
-5.8995069e-16
1.4541701e-06
-6.2359435e-16
1.4541701e-06
-6.0726321e-16
1.4541701e-06
-5.7638919e-16
1.4541701e-06
-4.5466307e-16
1.4541701e-06
-2.8887442e-16
1.4541701e-06
-5.1238434e-16
1.4541701e-06
-4.9511167e-16
1.4541701e-06
-2.4243341e-16
1.4541701e-06
-2.5935013e-16
1.4541701e-06
-1.6267803e-16
1.4541701e-06
-3.1639692e-16
1.4541701e-06
-2.5882302e-16
1.4541701e-06
1.0326882e-17
1.4541701e-06
-5.9137011e-18
1.4541701e-06
-6.2571252e-17
1.4541701e-06
1.5535275e-16
1.4541701e-06
3.7492729e-16
1.4541701e-06
2.0379809e-16
1.4541701e-06
4.5062911e-16
1.4541701e-06
8.2294548e-16
1.4541701e-06
9.5190824e-16
1.4541701e-06
1.4102264e-15
1.4541701e-06
1.8045059e-15
1.4541701e-06
2.5438457e-15
1.4541701e-06
3.1865243e-15
1.4541701e-06
6.2535427e-15
1.4541701e-06
4.737151e-15
1.4541701e-06
2.034365e-14
1.4541701e-06
1.5672357e-14
1.4541701e-06
4.3009678e-15
1.0047551e-14
1.5057339e-06
3.3148259e-11
1.5057323e-06
3.7755884e-11
1.5057308e-06
3.5241684e-11
1.5057294e-06
3.3843655e-11
1.505728e-06
3.3596635e-11
1.5057266e-06
3.3465128e-11
1.5057252e-06
3.3294762e-11
1.5057238e-06
3.3105587e-11
1.5057224e-06
3.2926169e-11
1.505721e-06
3.276242e-11
1.5057196e-06
3.2579392e-11
1.5057183e-06
3.2362272e-11
1.5057169e-06
3.2158121e-11
1.5057156e-06
3.1978249e-11
1.5057142e-06
3.1783682e-11
1.5057129e-06
3.158294e-11
1.5057116e-06
3.1388529e-11
1.5057103e-06
3.1196084e-11
1.505709e-06
3.1000864e-11
1.5057077e-06
3.0803644e-11
1.5057064e-06
3.0605412e-11
1.5057051e-06
3.0406624e-11
1.5057039e-06
3.0207417e-11
1.5057026e-06
3.0007536e-11
1.5057013e-06
2.9806921e-11
1.5057001e-06
2.9605639e-11
1.5056989e-06
2.9403577e-11
1.5056976e-06
2.9200652e-11
1.5056964e-06
2.8997097e-11
1.5056952e-06
2.8792844e-11
1.505694e-06
2.8587793e-11
1.5056928e-06
2.8382108e-11
1.5056916e-06
2.8175704e-11
1.5056904e-06
2.7968609e-11
1.5056893e-06
2.7760895e-11
1.5056881e-06
2.7552594e-11
1.505687e-06
2.7343496e-11
1.5056858e-06
2.7130624e-11
1.5056847e-06
2.7056833e-11
1.5056841e-06
1.4558699e-11
1.505684e-06
7.1926853e-13
1.505684e-06
-2.1274942e-13
1.505684e-06
-4.6253841e-14
1.505684e-06
-1.5520975e-14
1.505684e-06
-1.3158285e-14
1.505684e-06
-1.2273616e-14
1.505684e-06
-1.1280365e-14
1.505684e-06
-1.0423005e-14
1.505684e-06
-9.3638948e-15
1.505684e-06
-8.6587396e-15
1.505684e-06
-7.8902342e-15
1.505684e-06
-7.1325259e-15
1.505684e-06
-7.0138466e-15
1.505684e-06
-6.6960847e-15
1.505684e-06
-6.1770506e-15
1.505684e-06
-5.656306e-15
1.505684e-06
-5.4285714e-15
1.505684e-06
-5.0654479e-15
1.505684e-06
-4.747884e-15
1.505684e-06
-4.488107e-15
1.505684e-06
-4.3233236e-15
1.505684e-06
-4.1245138e-15
1.505684e-06
-3.901768e-15
1.505684e-06
-3.7265179e-15
1.505684e-06
-3.3829747e-15
1.505684e-06
-3.2659191e-15
1.505684e-06
-3.3239358e-15
1.505684e-06
-3.1623607e-15
1.505684e-06
-2.9247571e-15
1.505684e-06
-2.7217112e-15
1.505684e-06
-2.6340387e-15
1.505684e-06
-2.525779e-15
1.505684e-06
-2.4553069e-15
1.505684e-06
-2.3121529e-15
1.505684e-06
-2.2917848e-15
1.505684e-06
-2.0585553e-15
1.505684e-06
-1.884861e-15
1.505684e-06
-2.0454913e-15
1.505684e-06
-1.9528446e-15
1.505684e-06
-1.7575132e-15
1.505684e-06
-1.6513604e-15
1.505684e-06
-1.6142154e-15
1.505684e-06
-1.5102695e-15
1.505684e-06
-1.4646443e-15
1.505684e-06
-1.4758634e-15
1.505684e-06
-1.4691255e-15
1.505684e-06
-1.4040983e-15
1.505684e-06
-1.1642885e-15
1.505684e-06
-1.2547819e-15
1.505684e-06
-1.2291031e-15
1.505684e-06
-1.0427898e-15
1.505684e-06
-1.1028172e-15
1.505684e-06
-1.128716e-15
1.505684e-06
-8.3906505e-16
1.505684e-06
-9.0694713e-16
1.505684e-06
-9.9641672e-16
1.505684e-06
-7.3226993e-16
1.505684e-06
-7.9772549e-16
1.505684e-06
-8.0116284e-16
1.505684e-06
-6.2228885e-16
1.505684e-06
-6.373059e-16
1.505684e-06
-6.714546e-16
1.505684e-06
-6.5184885e-16
1.505684e-06
-6.1834468e-16
1.505684e-06
-4.9071597e-16
1.505684e-06
-3.2015649e-16
1.505684e-06
-5.4791825e-16
1.505684e-06
-5.2771068e-16
1.505684e-06
-2.6702819e-16
1.505684e-06
-2.8165256e-16
1.505684e-06
-1.7925515e-16
1.505684e-06
-3.3500646e-16
1.505684e-06
-2.7545541e-16
1.505684e-06
3.6184821e-18
1.505684e-06
-8.4884433e-18
1.505684e-06
-6.1152132e-17
1.505684e-06
1.6674749e-16
1.505684e-06
3.9440886e-16
1.505684e-06
2.2712253e-16
1.505684e-06
4.8709009e-16
1.505684e-06
8.79012e-16
1.505684e-06
1.0248618e-15
1.505684e-06
1.5140473e-15
1.505684e-06
1.9396666e-15
1.505684e-06
2.7385713e-15
1.505684e-06
3.4262745e-15
1.505684e-06
6.7170415e-15
1.505684e-06
5.0854707e-15
1.505684e-06
2.1833491e-14
1.505684e-06
1.6883911e-14
1.505684e-06
4.0439587e-15
1.0153311e-14
1.5586806e-06
3.4531575e-11
1.5586789e-06
3.9409159e-11
1.5586774e-06
3.6796128e-11
1.5586759e-06
3.5297105e-11
1.5586745e-06
3.5032813e-11
1.558673e-06
3.4899311e-11
1.5586716e-06
3.4723503e-11
1.5586702e-06
3.4526095e-11
1.5586688e-06
3.4339466e-11
1.5586674e-06
3.4171048e-11
1.558666e-06
3.3981034e-11
1.5586646e-06
3.3752085e-11
1.5586632e-06
3.3537483e-11
1.5586618e-06
3.3350172e-11
1.5586605e-06
3.3146997e-11
1.5586591e-06
3.2937541e-11
1.5586578e-06
3.2735039e-11
1.5586564e-06
3.2534594e-11
1.5586551e-06
3.2331066e-11
1.5586538e-06
3.2125352e-11
1.5586524e-06
3.1918569e-11
1.5586511e-06
3.171122e-11
1.5586498e-06
3.1503444e-11
1.5586486e-06
3.1294974e-11
1.5586473e-06
3.1085741e-11
1.558646e-06
3.0875812e-11
1.5586447e-06
3.0665072e-11
1.5586435e-06
3.0453434e-11
1.5586423e-06
3.0241139e-11
1.558641e-06
3.0028117e-11
1.5586398e-06
2.9814267e-11
1.5586386e-06
2.9599755e-11
1.5586374e-06
2.9384498e-11
1.5586362e-06
2.9168521e-11
1.558635e-06
2.8951899e-11
1.5586338e-06
2.8734674e-11
1.5586326e-06
2.8516622e-11
1.5586315e-06
2.8294479e-11
1.5586303e-06
2.8221853e-11
1.5586296e-06
1.5210699e-11
1.5586296e-06
7.7091976e-13
1.5586296e-06
-2.2562285e-13
1.5586296e-06
-5.0178922e-14
1.5586296e-06
-1.6793674e-14
1.5586296e-06
-1.417239e-14
1.5586296e-06
-1.3218666e-14
1.5586296e-06
-1.2151524e-14
1.5586296e-06
-1.1223134e-14
1.5586296e-06
-1.0088923e-14
1.5586296e-06
-9.3253287e-15
1.5586296e-06
-8.4957078e-15
1.5586296e-06
-7.6852463e-15
1.5586296e-06
-7.5582008e-15
1.5586296e-06
-7.2139982e-15
1.5586296e-06
-6.6501621e-15
1.5586296e-06
-6.0974813e-15
1.5586296e-06
-5.8459097e-15
1.5586296e-06
-5.4584162e-15
1.5586296e-06
-5.1172196e-15
1.5586296e-06
-4.8381016e-15
1.5586296e-06
-4.6581523e-15
1.5586296e-06
-4.4410426e-15
1.5586296e-06
-4.2020221e-15
1.5586296e-06
-4.0132928e-15
1.5586296e-06
-3.6514742e-15
1.5586296e-06
-3.5213981e-15
1.5586296e-06
-3.5743524e-15
1.5586296e-06
-3.4004281e-15
1.5586296e-06
-3.1501579e-15
1.5586296e-06
-2.9370998e-15
1.5586296e-06
-2.8356674e-15
1.5586296e-06
-2.7212762e-15
1.5586296e-06
-2.6449092e-15
1.5586296e-06
-2.4914987e-15
1.5586296e-06
-2.464961e-15
1.5586296e-06
-2.2202738e-15
1.5586296e-06
-2.038587e-15
1.5586296e-06
-2.1992559e-15
1.5586296e-06
-2.0994232e-15
1.5586296e-06
-1.895437e-15
1.5586296e-06
-1.7827642e-15
1.5586296e-06
-1.7392305e-15
1.5586296e-06
-1.6288523e-15
1.5586296e-06
-1.5790438e-15
1.5586296e-06
-1.5890092e-15
1.5586296e-06
-1.581365e-15
1.5586296e-06
-1.5103423e-15
1.5586296e-06
-1.2601184e-15
1.5586296e-06
-1.3513859e-15
1.5586296e-06
-1.3240997e-15
1.5586296e-06
-1.1288191e-15
1.5586296e-06
-1.1861078e-15
1.5586296e-06
-1.2101786e-15
1.5586296e-06
-9.1061527e-16
1.5586296e-06
-9.7794949e-16
1.5586296e-06
-1.0685321e-15
1.5586296e-06
-7.9508251e-16
1.5586296e-06
-8.5892888e-16
1.5586296e-06
-8.605956e-16
1.5586296e-06
-6.7440652e-16
1.5586296e-06
-6.8856922e-16
1.5586296e-06
-7.2308899e-16
1.5586296e-06
-6.9993518e-16
1.5586296e-06
-6.6357736e-16
1.5586296e-06
-5.2979817e-16
1.5586296e-06
-3.5435522e-16
1.5586296e-06
-5.8611454e-16
1.5586296e-06
-5.6271002e-16
1.5586296e-06
-2.9386604e-16
1.5586296e-06
-3.0590205e-16
1.5586296e-06
-1.9746589e-16
1.5586296e-06
-3.5494143e-16
1.5586296e-06
-2.9326729e-16
1.5586296e-06
-3.9991269e-18
1.5586296e-06
-1.1487233e-17
1.5586296e-06
-5.9906886e-17
1.5586296e-06
1.7897955e-16
1.5586296e-06
4.1528839e-16
1.5586296e-06
2.5207398e-16
1.5586296e-06
5.2632899e-16
1.5586296e-06
9.3896686e-16
1.5586296e-06
1.1032431e-15
1.5586296e-06
1.6254019e-15
1.5586296e-06
2.0848196e-15
1.5586296e-06
2.9479524e-15
1.5586296e-06
3.6838252e-15
1.5586296e-06
7.214547e-15
1.5586296e-06
5.4596694e-15
1.5586296e-06
2.3428832e-14
1.5586296e-06
1.8198309e-14
1.5586296e-06
3.7628339e-15
1.02442e-14
1.6130975e-06
3.593801e-11
1.6130958e-06
4.1095442e-11
1.6130942e-06
3.8383734e-11
1.6130928e-06
3.6778318e-11
1.6130913e-06
3.6495475e-11
1.6130898e-06
3.6360358e-11
1.6130884e-06
3.6179311e-11
1.6130869e-06
3.5973523e-11
1.6130855e-06
3.5779602e-11
1.6130841e-06
3.5606778e-11
1.6130826e-06
3.5409816e-11
1.6130812e-06
3.5168446e-11
1.6130798e-06
3.4942902e-11
1.6130784e-06
3.4747957e-11
1.613077e-06
3.453594e-11
1.6130756e-06
3.4317664e-11
1.6130743e-06
3.4107008e-11
1.6130729e-06
3.3898467e-11
1.6130716e-06
3.368649e-11
1.6130702e-06
3.3472117e-11
1.6130689e-06
3.3256617e-11
1.6130675e-06
3.3040541e-11
1.6130662e-06
3.2824032e-11
1.6130649e-06
3.2606809e-11
1.6130636e-06
3.2388795e-11
1.6130623e-06
3.2170054e-11
1.613061e-06
3.1950471e-11
1.6130597e-06
3.1729956e-11
1.6130585e-06
3.1508755e-11
1.6130572e-06
3.1286798e-11
1.613056e-06
3.1063983e-11
1.6130547e-06
3.0840479e-11
1.6130535e-06
3.0616201e-11
1.6130523e-06
3.0391175e-11
1.6130511e-06
3.0165478e-11
1.6130499e-06
2.9939163e-11
1.6130487e-06
2.971199e-11
1.6130475e-06
2.9480385e-11
1.6130463e-06
2.9409316e-11
1.6130456e-06
1.587742e-11
1.6130456e-06
8.2543161e-13
1.6130456e-06
-2.3901683e-13
1.6130456e-06
-5.4411042e-14
1.6130456e-06
-1.8181082e-14
1.6130456e-06
-1.5269273e-14
1.6130456e-06
-1.4239259e-14
1.6130456e-06
-1.3092236e-14
1.6130456e-06
-1.2086859e-14
1.6130456e-06
-1.0871798e-14
1.6130456e-06
-1.0045073e-14
1.6130456e-06
-9.1495929e-15
1.6130456e-06
-8.2822267e-15
1.6130456e-06
-8.1461823e-15
1.6130456e-06
-7.7734505e-15
1.6130456e-06
-7.1609327e-15
1.6130456e-06
-6.5741422e-15
1.6130456e-06
-6.2966304e-15
1.6130456e-06
-5.8828926e-15
1.6130456e-06
-5.5163243e-15
1.6130456e-06
-5.2162666e-15
1.6130456e-06
-5.019771e-15
1.6130456e-06
-4.7828938e-15
1.6130456e-06
-4.5263124e-15
1.6130456e-06
-4.3230107e-15
1.6130456e-06
-3.9418904e-15
1.6130456e-06
-3.7975795e-15
1.6130456e-06
-3.8445257e-15
1.6130456e-06
-3.6569114e-15
1.6130456e-06
-3.3944091e-15
1.6130456e-06
-3.1704856e-15
1.6130456e-06
-3.0530857e-15
1.6130456e-06
-2.9325096e-15
1.6130456e-06
-2.8496747e-15
1.6130456e-06
-2.6852971e-15
1.6130456e-06
-2.6519197e-15
1.6130456e-06
-2.3951848e-15
1.6130456e-06
-2.2050226e-15
1.6130456e-06
-2.3651669e-15
1.6130456e-06
-2.2576151e-15
1.6130456e-06
-2.0445502e-15
1.6130456e-06
-1.9249283e-15
1.6130456e-06
-1.8744364e-15
1.6130456e-06
-1.7570816e-15
1.6130456e-06
-1.7026288e-15
1.6130456e-06
-1.7111989e-15
1.6130456e-06
-1.7025793e-15
1.6130456e-06
-1.6250802e-15
1.6130456e-06
-1.3640029e-15
1.6130456e-06
-1.4557825e-15
1.6130456e-06
-1.4267028e-15
1.6130456e-06
-1.2220684e-15
1.6130456e-06
-1.2760803e-15
1.6130456e-06
-1.2979661e-15
1.6130456e-06
-9.8827644e-16
1.6130456e-06
-1.0547519e-15
1.6130456e-06
-1.1461956e-15
1.6130456e-06
-8.6320772e-16
1.6130456e-06
-9.2508848e-16
1.6130456e-06
-9.2473155e-16
1.6130456e-06
-7.3098229e-16
1.6130456e-06
-7.4408256e-16
1.6130456e-06
-7.7881614e-16
1.6130456e-06
-7.51826e-16
1.6130456e-06
-7.1237303e-16
1.6130456e-06
-5.7218121e-16
1.6130456e-06
-3.9172383e-16
1.6130456e-06
-6.2720014e-16
1.6130456e-06
-6.003196e-16
1.6130456e-06
-3.2314352e-16
1.6130456e-06
-3.3227307e-16
1.6130456e-06
-2.1746772e-16
1.6130456e-06
-3.763281e-16
1.6130456e-06
-3.1236264e-16
1.6130456e-06
-1.2619366e-17
1.6130456e-06
-1.496729e-17
1.6130456e-06
-5.880254e-17
1.6130456e-06
1.920224e-16
1.6130456e-06
4.3758481e-16
1.6130456e-06
2.7882958e-16
1.6130456e-06
5.6854068e-16
1.6130456e-06
1.0030864e-15
1.6130456e-06
1.1874399e-15
1.6130456e-06
1.7448278e-15
1.6130456e-06
2.2406869e-15
1.6130456e-06
3.1730582e-15
1.6130456e-06
3.9604717e-15
1.6130456e-06
7.7485075e-15
1.6130456e-06
5.8616996e-15
1.6130456e-06
2.5136646e-14
1.6130456e-06
1.9625531e-14
1.6130456e-06
3.4633928e-15
1.0323453e-14
1.669025e-06
3.7365689e-11
1.6690233e-06
4.2812766e-11
1.6690217e-06
4.0002829e-11
1.6690202e-06
3.8285539e-11
1.6690187e-06
3.7982768e-11
1.6690172e-06
3.7846449e-11
1.6690157e-06
3.7660414e-11
1.6690142e-06
3.7446116e-11
1.6690128e-06
3.7244836e-11
1.6690113e-06
3.7067921e-11
1.6690099e-06
3.6864085e-11
1.6690084e-06
3.6609672e-11
1.669007e-06
3.6372665e-11
1.6690056e-06
3.6169875e-11
1.6690042e-06
3.5948769e-11
1.6690028e-06
3.5721597e-11
1.6690014e-06
3.5502759e-11
1.669e-06
3.5286049e-11
1.6689986e-06
3.5065494e-11
1.6689972e-06
3.484231e-11
1.6689959e-06
3.4617936e-11
1.6689945e-06
3.4392977e-11
1.6689932e-06
3.4167581e-11
1.6689918e-06
3.3941454e-11
1.6689905e-06
3.3714506e-11
1.6689892e-06
3.34868e-11
1.6689879e-06
3.3258219e-11
1.6689866e-06
3.3028672e-11
1.6689853e-06
3.2798411e-11
1.668984e-06
3.2567365e-11
1.6689827e-06
3.2335428e-11
1.6689815e-06
3.2102777e-11
1.6689802e-06
3.1869324e-11
1.668979e-06
3.1635093e-11
1.6689778e-06
3.1400165e-11
1.6689765e-06
3.1164605e-11
1.6689753e-06
3.0928156e-11
1.6689741e-06
3.0686907e-11
1.6689729e-06
3.0617806e-11
1.6689722e-06
1.6558199e-11
1.6689722e-06
8.8286265e-13
1.6689722e-06
-2.5292986e-13
1.6689722e-06
-5.8970625e-14
1.6689722e-06
-1.9694583e-14
1.6689722e-06
-1.6456486e-14
1.6689722e-06
-1.5341884e-14
1.6689722e-06
-1.4108404e-14
1.6689722e-06
-1.3019564e-14
1.6689722e-06
-1.1717418e-14
1.6689722e-06
-1.0822496e-14
1.6689722e-06
-9.8560379e-15
1.6689722e-06
-8.9272481e-15
1.6689722e-06
-8.7814906e-15
1.6689722e-06
-8.3779854e-15
1.6689722e-06
-7.7125734e-15
1.6689722e-06
-7.0893136e-15
1.6689722e-06
-6.783579e-15
1.6689722e-06
-6.3415576e-15
1.6689722e-06
-5.9477442e-15
1.6689722e-06
-5.6250031e-15
1.6689722e-06
-5.4104662e-15
1.6689722e-06
-5.1522246e-15
1.6689722e-06
-4.8766955e-15
1.6689722e-06
-4.6576354e-15
1.6689722e-06
-4.25611e-15
1.6689722e-06
-4.0962482e-15
1.6689722e-06
-4.1361392e-15
1.6689722e-06
-3.9335428e-15
1.6689722e-06
-3.6589778e-15
1.6689722e-06
-3.4232476e-15
1.6689722e-06
-3.2878157e-15
1.6689722e-06
-3.1608397e-15
1.6689722e-06
-3.0708923e-15
1.6689722e-06
-2.894792e-15
1.6689722e-06
-2.8538484e-15
1.6689722e-06
-2.5844299e-15
1.6689722e-06
-2.3852598e-15
1.6689722e-06
-2.5442665e-15
1.6689722e-06
-2.4284178e-15
1.6689722e-06
-2.2058146e-15
1.6689722e-06
-2.0787842e-15
1.6689722e-06
-2.020726e-15
1.6689722e-06
-1.8957931e-15
1.6689722e-06
-1.8361815e-15
1.6689722e-06
-1.8432048e-15
1.6689722e-06
-1.8335389e-15
1.6689722e-06
-1.7490504e-15
1.6689722e-06
-1.4766435e-15
1.6689722e-06
-1.568645e-15
1.6689722e-06
-1.5375672e-15
1.6689722e-06
-1.3231718e-15
1.6689722e-06
-1.3733192e-15
1.6689722e-06
-1.3926245e-15
1.6689722e-06
-1.0725826e-15
1.6689722e-06
-1.1378585e-15
1.6689722e-06
-1.229883e-15
1.6689722e-06
-9.3710229e-16
1.6689722e-06
-9.966358e-16
1.6689722e-06
-9.9398257e-16
1.6689722e-06
-7.9240976e-16
1.6689722e-06
-8.0421441e-16
1.6689722e-06
-8.3898605e-16
1.6689722e-06
-8.0785075e-16
1.6689722e-06
-7.6503834e-16
1.6689722e-06
-6.1815726e-16
1.6689722e-06
-4.3254091e-16
1.6689722e-06
-6.7142521e-16
1.6689722e-06
-6.4076945e-16
1.6689722e-06
-3.5507401e-16
1.6689722e-06
-3.6095937e-16
1.6689722e-06
-2.394314e-16
1.6689722e-06
-3.9930552e-16
1.6689722e-06
-3.3286018e-16
1.6689722e-06
-2.2346444e-17
1.6689722e-06
-1.899093e-17
1.6689722e-06
-5.7807651e-17
1.6689722e-06
2.0584784e-16
1.6689722e-06
4.6132061e-16
1.6689722e-06
3.0757374e-16
1.6689722e-06
6.139311e-16
1.6689722e-06
1.0716658e-15
1.6689722e-06
1.2778673e-15
1.6689722e-06
1.8729009e-15
1.6689722e-06
2.4080454e-15
1.6689722e-06
3.4150368e-15
1.6689722e-06
4.2576035e-15
1.6689722e-06
8.3215468e-15
1.6689722e-06
6.2936647e-15
1.6689722e-06
2.696432e-14
1.6689722e-06
2.1176633e-14
1.6689722e-06
3.1535239e-15
1.0395755e-14
1.7265048e-06
3.881256e-11
1.7265031e-06
4.455897e-11
1.7265014e-06
4.1651536e-11
1.7264999e-06
3.9816829e-11
1.7264984e-06
3.9492648e-11
1.7264969e-06
3.9355571e-11
1.7264954e-06
3.9164851e-11
1.7264939e-06
3.8941931e-11
1.7264924e-06
3.8733238e-11
1.7264909e-06
3.8552601e-11
1.7264894e-06
3.8342011e-11
1.726488e-06
3.80739e-11
1.7264865e-06
3.7824878e-11
1.7264851e-06
3.7614007e-11
1.7264836e-06
3.738355e-11
1.7264822e-06
3.7147445e-11
1.7264808e-06
3.6920438e-11
1.7264794e-06
3.6695509e-11
1.726478e-06
3.6466264e-11
1.7264766e-06
3.6234128e-11
1.7264752e-06
3.6000733e-11
1.7264738e-06
3.5766753e-11
1.7264725e-06
3.5541808e-11
1.7264711e-06
3.5297156e-11
1.7264698e-06
3.5061126e-11
1.7264684e-06
3.4824313e-11
1.7264671e-06
3.4586593e-11
1.7264658e-06
3.4347873e-11
1.7264645e-06
3.4108409e-11
1.7264632e-06
3.386813e-11
1.7264619e-06
3.362693e-11
1.7264606e-06
3.3384988e-11
1.7264593e-06
3.3142216e-11
1.7264581e-06
3.2898637e-11
1.7264568e-06
3.2654335e-11
1.7264556e-06
3.2409387e-11
1.7264543e-06
3.2163519e-11
1.7264531e-06
3.1912459e-11
1.7264519e-06
3.1845754e-11
1.7264512e-06
1.7252281e-11
1.7264511e-06
9.4325862e-13
1.7264511e-06
-2.6735869e-13
1.7264511e-06
-6.3879091e-14
1.7264511e-06
-2.1346767e-14
1.7264511e-06
-1.7742382e-14
1.7264511e-06
-1.6533668e-14
1.7264511e-06
-1.5206485e-14
1.7264511e-06
-1.4027131e-14
1.7264511e-06
-1.263114e-14
1.7264511e-06
-1.1662534e-14
1.7264511e-06
-1.0619573e-14
1.7264511e-06
-9.6244451e-15
1.7264512e-06
-9.468167e-15
1.7264512e-06
-9.0314668e-15
1.7264512e-06
-8.3085828e-15
1.7264512e-06
-7.646292e-15
1.7264512e-06
-7.309871e-15
1.7264512e-06
-6.8373528e-15
1.7264512e-06
-6.4142616e-15
1.7264512e-06
-6.0669459e-15
1.7264512e-06
-5.8327247e-15
1.7264512e-06
-5.5514128e-15
1.7264512e-06
-5.2554187e-15
1.7264512e-06
-5.0193054e-15
1.7264512e-06
-4.5961867e-15
1.7264512e-06
-4.4193504e-15
1.7264512e-06
-4.4510334e-15
1.7264512e-06
-4.2322255e-15
1.7264512e-06
-3.9454505e-15
1.7264512e-06
-3.6968763e-15
1.7264512e-06
-3.5415334e-15
1.7264512e-06
-3.4077539e-15
1.7264512e-06
-3.3099801e-15
1.7264512e-06
-3.1213419e-15
1.7264512e-06
-3.0720456e-15
1.7264512e-06
-2.7892587e-15
1.7264512e-06
-2.5804983e-15
1.7264512e-06
-2.7376925e-15
1.7264512e-06
-2.6129261e-15
1.7264512e-06
-2.3802866e-15
1.7264512e-06
-2.2453526e-15
1.7264512e-06
-2.179074e-15
1.7264512e-06
-2.0459018e-15
1.7264512e-06
-1.9805604e-15
1.7264512e-06
-1.9858688e-15
1.7264512e-06
-1.9750847e-15
1.7264512e-06
-1.8830612e-15
1.7264512e-06
-1.5988152e-15
1.7264512e-06
-1.6907047e-15
1.7264512e-06
-1.6574099e-15
1.7264512e-06
-1.4328248e-15
1.7264512e-06
-1.4784655e-15
1.7264512e-06
-1.4947513e-15
1.7264512e-06
-1.1641173e-15
1.7264512e-06
-1.2278247e-15
1.7264512e-06
-1.3201139e-15
1.7264512e-06
-1.0172702e-15
1.7264512e-06
-1.0740459e-15
1.7264512e-06
-1.0687943e-15
1.7264512e-06
-8.5912101e-16
1.7264512e-06
-8.6937235e-16
1.7264512e-06
-9.0397879e-16
1.7264512e-06
-8.6837328e-16
1.7264512e-06
-8.2191625e-16
1.7264512e-06
-6.6805372e-16
1.7264512e-06
-4.7710828e-16
1.7264512e-06
-7.1906233e-16
1.7264512e-06
-6.8431144e-16
1.7264512e-06
-3.898944e-16
1.7264512e-06
-3.9217198e-16
1.7264512e-06
-2.635481e-16
1.7264512e-06
-4.2402768e-16
1.7264512e-06
-3.5488877e-16
1.7264512e-06
-3.3295981e-17
1.7264512e-06
-2.363096e-17
1.7264512e-06
-5.6900233e-17
1.7264512e-06
2.2043267e-16
1.7264512e-06
4.8652624e-16
1.7264512e-06
3.3849356e-16
1.7264512e-06
6.6272315e-16
1.7264512e-06
1.1450214e-15
1.7264512e-06
1.3749714e-15
1.7264512e-06
2.0102402e-15
1.7264512e-06
2.5877266e-15
1.7264512e-06
3.6751228e-15
1.7264512e-06
4.5767141e-15
1.7264512e-06
8.9364814e-15
1.7264512e-06
6.7578358e-15
1.7264512e-06
2.8919687e-14
1.7264512e-06
2.2863863e-14
1.7264512e-06
2.8436038e-15
1.0467545e-14
1.7855803e-06
4.0276381e-11
1.7855785e-06
4.6331703e-11
1.7855768e-06
4.3327768e-11
1.7855753e-06
4.137006e-11
1.7855737e-06
4.1022875e-11
1.7855722e-06
4.088551e-11
1.7855707e-06
4.0690462e-11
1.7855691e-06
4.0458831e-11
1.7855676e-06
4.0242687e-11
1.7855661e-06
4.0058753e-11
1.7855646e-06
3.9841574e-11
1.7855631e-06
3.955908e-11
1.7855617e-06
3.929746e-11
1.7855602e-06
3.9078242e-11
1.7855588e-06
3.8838147e-11
1.7855573e-06
3.8593118e-11
1.7855559e-06
3.8358003e-11
1.7855544e-06
3.8124834e-11
1.785553e-06
3.7886802e-11
1.7855516e-06
3.7645585e-11
1.7855502e-06
3.7403035e-11
1.7855488e-06
3.7159904e-11
1.7855474e-06
3.6916293e-11
1.7855461e-06
3.6671975e-11
1.7855447e-06
3.6426735e-11
1.7855433e-06
3.6180686e-11
1.785542e-06
3.5933699e-11
1.7855407e-06
3.5685676e-11
1.7855393e-06
3.543688e-11
1.785538e-06
3.5187239e-11
1.7855367e-06
3.4936646e-11
1.7855354e-06
3.4685285e-11
1.7855341e-06
3.4433064e-11
1.7855328e-06
3.4180007e-11
1.7855316e-06
3.3926201e-11
1.7855303e-06
3.3671737e-11
1.785529e-06
3.3416322e-11
1.7855278e-06
3.3155294e-11
1.7855266e-06
3.3091431e-11
1.7855258e-06
1.7958812e-11
1.7855258e-06
1.0066502e-12
1.7855258e-06
-2.8229839e-13
1.7855258e-06
-6.915893e-14
1.7855258e-06
-2.3151533e-14
1.7855258e-06
-1.9136214e-14
1.7855258e-06
-1.7822442e-14
1.7855258e-06
-1.6393549e-14
1.7855258e-06
-1.5115999e-14
1.7855258e-06
-1.3618821e-14
1.7855258e-06
-1.2570595e-14
1.7855258e-06
-1.1445163e-14
1.7855258e-06
-1.0378337e-14
1.7855258e-06
-1.0210634e-14
1.7855258e-06
-9.7381186e-15
1.7855258e-06
-8.9528031e-15
1.7855258e-06
-8.2486941e-15
1.7855258e-06
-7.8789167e-15
1.7855258e-06
-7.3734842e-15
1.7855258e-06
-6.9189221e-15
1.7855258e-06
-6.5449715e-15
1.7855258e-06
-6.2892752e-15
1.7855258e-06
-5.9830417e-15
1.7855258e-06
-5.6649415e-15
1.7855258e-06
-5.4103666e-15
1.7855258e-06
-4.9643703e-15
1.7855258e-06
-4.7690212e-15
1.7855258e-06
-4.7912187e-15
1.7855258e-06
-4.5550431e-15
1.7855258e-06
-4.2555679e-15
1.7855258e-06
-3.9930094e-15
1.7855258e-06
-3.8160683e-15
1.7855258e-06
-3.6748832e-15
1.7855258e-06
-3.568487e-15
1.7855258e-06
-3.3664335e-15
1.7855258e-06
-3.3079312e-15
1.7855258e-06
-3.0110376e-15
1.7855258e-06
-2.792046e-15
1.7855258e-06
-2.9466912e-15
1.7855258e-06
-2.8123379e-15
1.7855258e-06
-2.5691201e-15
1.7855258e-06
-2.4257481e-15
1.7855258e-06
-2.3505496e-15
1.7855258e-06
-2.20841e-15
1.7855258e-06
-2.1367012e-15
1.7855258e-06
-2.1401093e-15
1.7855258e-06
-2.1281382e-15
1.7855258e-06
-2.0280007e-15
1.7855258e-06
-1.7313595e-15
1.7855258e-06
-1.8227718e-15
1.7855258e-06
-1.7870122e-15
1.7855258e-06
-1.5517929e-15
1.7855258e-06
-1.5922229e-15
1.7855258e-06
-1.6050016e-15
1.7855258e-06
-1.2635222e-15
1.7855258e-06
-1.3252572e-15
1.7855258e-06
-1.4174564e-15
1.7855258e-06
-1.1042584e-15
1.7855258e-06
-1.1578393e-15
1.7855258e-06
-1.1496563e-15
1.7855258e-06
-9.3158582e-16
1.7855258e-06
-9.4000304e-16
1.7855258e-06
-9.7421439e-16
1.7855258e-06
-9.3378927e-16
1.7855258e-06
-8.83378e-16
1.7855258e-06
-7.2222377e-16
1.7855258e-06
-5.2575889e-16
1.7855258e-06
-7.7041244e-16
1.7855258e-06
-7.3122212e-16
1.7855258e-06
-4.2786059e-16
1.7855258e-06
-4.2614172e-16
1.7855258e-06
-2.9002444e-16
1.7855258e-06
-4.5066607e-16
1.7855258e-06
-3.7859261e-16
1.7855258e-06
-4.5596537e-17
1.7855258e-06
-2.8965154e-17
1.7855258e-06
-5.6072341e-17
1.7855258e-06
2.3576234e-16
1.7855258e-06
5.1324392e-16
1.7855258e-06
3.7177853e-16
1.7855258e-06
7.1515389e-16
1.7855258e-06
1.2234929e-15
1.7855258e-06
1.4792307e-15
1.7855258e-06
2.1575116e-15
1.7855258e-06
2.7806277e-15
1.7855258e-06
3.9546416e-15
1.7855258e-06
4.9194107e-15
1.7855258e-06
9.5963386e-15
1.7855258e-06
7.2566672e-15
1.7855258e-06
3.1011056e-14
1.7855258e-06
2.4700782e-14
1.7855258e-06
2.5469453e-15
1.0547373e-14
1.8462963e-06
4.1754715e-11
1.8462945e-06
4.8128424e-11
1.8462928e-06
4.5029219e-11
1.8462912e-06
4.2942907e-11
1.8462897e-06
4.257101e-11
1.8462881e-06
4.2433847e-11
1.8462866e-06
4.2234887e-11
1.846285e-06
4.199448e-11
1.8462835e-06
4.1770859e-11
1.846282e-06
4.1584113e-11
1.8462805e-06
4.1360565e-11
1.846279e-06
4.1062969e-11
1.8462775e-06
4.0788138e-11
1.846276e-06
4.0560271e-11
1.8462745e-06
4.0310218e-11
1.8462731e-06
4.0056325e-11
1.8462716e-06
3.9813218e-11
1.8462702e-06
3.9571821e-11
1.8462687e-06
3.9324924e-11
1.8462673e-06
3.9074511e-11
1.8462659e-06
3.8822686e-11
1.8462645e-06
3.8570281e-11
1.8462631e-06
3.8317401e-11
1.8462617e-06
3.8063793e-11
1.8462603e-06
3.7809233e-11
1.8462589e-06
3.7553835e-11
1.8462575e-06
3.7297466e-11
1.8462562e-06
3.7040025e-11
1.8462548e-06
3.6781783e-11
1.8462535e-06
3.6522665e-11
1.8462522e-06
3.6262564e-11
1.8462509e-06
3.6001668e-11
1.8462496e-06
3.5739884e-11
1.8462483e-06
3.5477235e-11
1.846247e-06
3.521381e-11
1.8462457e-06
3.4949716e-11
1.8462444e-06
3.4684642e-11
1.8462432e-06
3.4413503e-11
1.8462419e-06
3.4352942e-11
1.8462412e-06
1.8676831e-11
1.8462411e-06
1.0730503e-12
1.8462411e-06
-2.9774256e-13
1.8462411e-06
-7.4833774e-14
1.8462411e-06
-2.5124273e-14
1.8462411e-06
-2.064825e-14
1.8462412e-06
-1.921682e-14
1.8462412e-06
-1.7677361e-14
1.8462412e-06
-1.6293233e-14
1.8462412e-06
-1.4686892e-14
1.8462412e-06
-1.3552612e-14
1.8462412e-06
-1.2338245e-14
1.8462412e-06
-1.1193893e-14
1.8462412e-06
-1.1013729e-14
1.8462412e-06
-1.0502574e-14
1.8462412e-06
-9.6494321e-15
1.8462412e-06
-8.9004751e-15
1.8462412e-06
-8.4944457e-15
1.8462412e-06
-7.9534728e-15
1.8462412e-06
-7.4650634e-15
1.8462412e-06
-7.0622385e-15
1.8462412e-06
-6.7831067e-15
1.8462412e-06
-6.449959e-15
1.8462412e-06
-6.1079623e-15
1.8462412e-06
-5.8333878e-15
1.8462412e-06
-5.363129e-15
1.8462412e-06
-5.1475974e-15
1.8462412e-06
-5.1589113e-15
1.8462412e-06
-4.9042547e-15
1.8462412e-06
-4.5912558e-15
1.8462412e-06
-4.3134593e-15
1.8462412e-06
-4.1134118e-15
1.8462412e-06
-3.9640147e-15
1.8462412e-06
-3.8481104e-15
1.8462412e-06
-3.6316977e-15
1.8462412e-06
-3.5630686e-15
1.8462412e-06
-3.2512676e-15
1.8462412e-06
-3.0213405e-15
1.8462412e-06
-3.1726337e-15
1.8462412e-06
-3.0279659e-15
1.8462412e-06
-2.7735862e-15
1.8462412e-06
-2.6211953e-15
1.8462412e-06
-2.5363251e-15
1.8462412e-06
-2.3844174e-15
1.8462412e-06
-2.3056324e-15
1.8462412e-06
-2.3069398e-15
1.8462412e-06
-2.2937078e-15
1.8462412e-06
-2.1848416e-15
1.8462412e-06
-1.8752084e-15
1.8462412e-06
-1.9657242e-15
1.8462412e-06
-1.927233e-15
1.8462412e-06
-1.6809148e-15
1.8462412e-06
-1.7153626e-15
1.8462412e-06
-1.7240955e-15
1.8462412e-06
-1.3714965e-15
1.8462412e-06
-1.4308213e-15
1.8462412e-06
-1.5225388e-15
1.8462412e-06
-1.1986712e-15
1.8462412e-06
-1.2485837e-15
1.8462412e-06
-1.2371105e-15
1.8462412e-06
-1.0103237e-15
1.8462412e-06
-1.0165929e-15
1.8462412e-06
-1.0501509e-15
1.8462412e-06
-1.004535e-15
1.8462412e-06
-9.4983461e-16
1.8462412e-06
-7.8105638e-16
1.8462412e-06
-5.788571e-16
1.8462412e-06
-8.2580598e-16
1.8462412e-06
-7.8180934e-16
1.8462412e-06
-4.6925633e-16
1.8462412e-06
-4.631245e-16
1.8462412e-06
-3.1908995e-16
1.8462412e-06
-4.7940873e-16
1.8462412e-06
-4.0413301e-16
1.8462412e-06
-5.939041e-17
1.8462412e-06
-3.508722e-17
1.8462412e-06
-5.5324802e-17
1.8462412e-06
2.5182525e-16
1.8462412e-06
5.4152621e-16
1.8462412e-06
4.0762028e-16
1.8462412e-06
7.7147753e-16
1.8462412e-06
1.3074465e-15
1.8462412e-06
1.5911616e-15
1.8462412e-06
2.3154317e-15
1.8462412e-06
2.9877147e-15
1.8462412e-06
4.2550246e-15
1.8462412e-06
5.2874255e-15
1.8462412e-06
1.0304374e-14
1.8462412e-06
7.7928137e-15
1.8462412e-06
3.3247253e-14
1.8462412e-06
2.6702401e-14
1.8462412e-06
2.2803204e-15
1.0646324e-14
1.9086995e-06
4.324492e-11
1.9086977e-06
4.9946396e-11
1.908696e-06
4.6753362e-11
1.9086944e-06
4.4532853e-11
1.9086928e-06
4.4134408e-11
1.9086913e-06
4.3997949e-11
1.9086897e-06
4.3795553e-11
1.9086882e-06
4.3546333e-11
1.9086866e-06
4.3315226e-11
1.9086851e-06
4.3126215e-11
1.9086835e-06
4.2896577e-11
1.908682e-06
4.2583128e-11
1.9086805e-06
4.2294443e-11
1.908679e-06
4.2057574e-11
1.9086775e-06
4.1797202e-11
1.908676e-06
4.1534567e-11
1.9086746e-06
4.1283649e-11
1.9086731e-06
4.103407e-11
1.9086717e-06
4.0778252e-11
1.9086702e-06
4.0518545e-11
1.9086688e-06
4.025734e-11
1.9086674e-06
3.9995558e-11
1.9086659e-06
3.9733308e-11
1.9086645e-06
3.9470312e-11
1.9086631e-06
3.9206334e-11
1.9086617e-06
3.8941487e-11
1.9086604e-06
3.8675637e-11
1.908659e-06
3.8408681e-11
1.9086576e-06
3.8140893e-11
1.9086563e-06
3.78722e-11
1.908655e-06
3.7602492e-11
1.9086536e-06
3.7331963e-11
1.9086523e-06
3.7060518e-11
1.908651e-06
3.6788177e-11
1.9086497e-06
3.6515036e-11
1.9086484e-06
3.6241217e-11
1.9086471e-06
3.5966387e-11
1.9086458e-06
3.568501e-11
1.9086446e-06
3.5628221e-11
1.9086438e-06
1.940527e-11
1.9086438e-06
1.1424517e-12
1.9086438e-06
-3.1368358e-13
1.9086438e-06
-8.0928518e-14
1.9086438e-06
-2.7282022e-14
1.9086438e-06
-2.2289914e-14
1.9086438e-06
-2.0726313e-14
1.9086438e-06
-1.9066455e-14
1.9086438e-06
-1.7566592e-14
1.9086438e-06
-1.5842415e-14
1.9086438e-06
-1.4615092e-14
1.9086438e-06
-1.3304795e-14
1.9086438e-06
-1.2076557e-14
1.9086438e-06
-1.1882769e-14
1.9086438e-06
-1.1329903e-14
1.9086438e-06
-1.0403093e-14
1.9086438e-06
-9.605978e-15
1.9086438e-06
-9.1605571e-15
1.9086438e-06
-8.5811845e-15
1.9086438e-06
-8.0563462e-15
1.9086438e-06
-7.6222086e-15
1.9086438e-06
-7.3175007e-15
1.9086438e-06
-6.9552785e-15
1.9086438e-06
-6.5874405e-15
1.9086438e-06
-6.2911892e-15
1.9086438e-06
-5.7951678e-15
1.9086438e-06
-5.557649e-15
1.9086438e-06
-5.556532e-15
1.9086438e-06
-5.282319e-15
1.9086438e-06
-4.9546557e-15
1.9086438e-06
-4.6602464e-15
1.9086438e-06
-4.4357225e-15
1.9086438e-06
-4.2771072e-15
1.9086438e-06
-4.1507174e-15
1.9086438e-06
-3.9189287e-15
1.9086438e-06
-3.8391683e-15
1.9086438e-06
-3.5115964e-15
1.9086438e-06
-3.2699602e-15
1.9086438e-06
-3.417022e-15
1.9086438e-06
-3.2612558e-15
1.9086438e-06
-2.9950765e-15
1.9086438e-06
-2.8330434e-15
1.9086438e-06
-2.7376929e-15
1.9086438e-06
-2.5751341e-15
1.9086438e-06
-2.488485e-15
1.9086438e-06
-2.487461e-15
1.9086438e-06
-2.4729039e-15
1.9086438e-06
-2.3546569e-15
1.9086438e-06
-2.0313809e-15
1.9086438e-06
-2.1205325e-15
1.9086438e-06
-2.0790128e-15
1.9086438e-06
-1.8210995e-15
1.9086438e-06
-1.8487278e-15
1.9086438e-06
-1.8528231e-15
1.9086438e-06
-1.4888148e-15
1.9086438e-06
-1.545252e-15
1.9086438e-06
-1.6360482e-15
1.9086438e-06
-1.301169e-15
1.9086438e-06
-1.346909e-15
1.9086438e-06
-1.3317467e-15
1.9086438e-06
-1.0959039e-15
1.9086438e-06
-1.0996835e-15
1.9086438e-06
-1.1322944e-15
1.9086438e-06
-1.0810923e-15
1.9086438e-06
-1.021734e-15
1.9086438e-06
-8.4498132e-16
1.9086438e-06
-6.3680204e-16
1.9086438e-06
-8.8560558e-16
1.9086438e-06
-8.3640701e-16
1.9086438e-06
-5.1439359e-16
1.9086438e-06
-5.0340138e-16
1.9086438e-06
-3.5099739e-16
1.9086438e-06
-5.1046499e-16
1.9086438e-06
-4.3168657e-16
1.9086438e-06
-7.4837272e-17
1.9086438e-06
-4.2097082e-17
1.9086438e-06
-5.4674438e-17
1.9086438e-06
2.6861701e-16
1.9086438e-06
5.7143795e-16
1.9086438e-06
4.4621428e-16
1.9086438e-06
8.3196589e-16
1.9086438e-06
1.3972771e-15
1.9086438e-06
1.711319e-15
1.9086438e-06
2.4847741e-15
1.9086438e-06
3.210031e-15
1.9086438e-06
4.5778142e-15
1.9086438e-06
5.6826306e-15
1.9086438e-06
1.1064103e-14
1.9086438e-06
8.369155e-15
1.9086438e-06
3.5637671e-14
1.9086438e-06
2.8885327e-14
1.9086438e-06
2.0645484e-15
1.0778505e-14
1.9728383e-06
4.4744141e-11
1.9728365e-06
5.178269e-11
1.9728348e-06
4.8497439e-11
1.9728332e-06
4.6137177e-11
1.9728316e-06
4.5710218e-11
1.97283e-06
4.5574969e-11
1.9728284e-06
4.5369673e-11
1.9728269e-06
4.5111636e-11
1.9728253e-06
4.4873047e-11
1.9728238e-06
4.4682381e-11
1.9728222e-06
4.4446996e-11
1.9728207e-06
4.4116911e-11
1.9728191e-06
4.3813702e-11
1.9728176e-06
4.3567421e-11
1.9728161e-06
4.3296311e-11
1.9728146e-06
4.302513e-11
1.9728132e-06
4.2766657e-11
1.9728117e-06
4.2508985e-11
1.9728102e-06
4.2244211e-11
1.9728088e-06
4.1975127e-11
1.9728073e-06
4.1704452e-11
1.9728059e-06
4.1433208e-11
1.9728045e-06
4.1161504e-11
1.972803e-06
4.0889039e-11
1.9728016e-06
4.0615561e-11
1.9728002e-06
4.0341184e-11
1.9727988e-06
4.0065772e-11
1.9727975e-06
3.9789218e-11
1.9727961e-06
3.9511803e-11
1.9727947e-06
3.9233453e-11
1.9727934e-06
3.8954057e-11
1.972792e-06
3.8673814e-11
1.9727907e-06
3.8392627e-11
1.9727894e-06
3.8110515e-11
1.9727881e-06
3.7827577e-11
1.9727868e-06
3.7543952e-11
1.9727855e-06
3.7259289e-11
1.9727842e-06
3.6967565e-11
1.9727829e-06
3.6915028e-11
1.9727822e-06
2.0142945e-11
1.9727821e-06
1.2148237e-12
1.9727821e-06
-3.3011307e-13
1.9727821e-06
-8.7469437e-14
1.9727821e-06
-2.9643666e-14
1.9727821e-06
-2.4073938e-14
1.9727821e-06
-2.2361452e-14
1.9727821e-06
-2.0570247e-14
1.9727821e-06
-1.8944623e-14
1.9727821e-06
-1.7093156e-14
1.9727821e-06
-1.5765205e-14
1.9727821e-06
-1.4351389e-14
1.9727821e-06
-1.3032337e-14
1.9727821e-06
-1.2823594e-14
1.9727821e-06
-1.2225686e-14
1.9727821e-06
-1.1218858e-14
1.9727821e-06
-1.036998e-14
1.9727821e-06
-9.8817607e-15
1.9727821e-06
-9.260866e-15
1.9727821e-06
-8.6968002e-15
1.9727821e-06
-8.2286968e-15
1.9727821e-06
-7.8960646e-15
1.9727821e-06
-7.5024365e-15
1.9727821e-06
-7.1066338e-15
1.9727821e-06
-6.7868734e-15
1.9727821e-06
-6.2634643e-15
1.9727821e-06
-6.0020014e-15
1.9727821e-06
-5.9867546e-15
1.9727821e-06
-5.6919089e-15
1.9727821e-06
-5.3481446e-15
1.9727821e-06
-5.0356194e-15
1.9727821e-06
-4.7853511e-15
1.9727821e-06
-4.6163236e-15
1.9727821e-06
-4.478364e-15
1.9727821e-06
-4.2300979e-15
1.9727821e-06
-4.1381202e-15
1.9727821e-06
-3.793838e-15
1.9727821e-06
-3.5396428e-15
1.9727821e-06
-3.681515e-15
1.9727821e-06
-3.5137966e-15
1.9727821e-06
-3.2351249e-15
1.9727821e-06
-3.0627719e-15
1.9727821e-06
-2.956071e-15
1.9727821e-06
-2.7818933e-15
1.9727821e-06
-2.6865023e-15
1.9727821e-06
-2.682894e-15
1.9727821e-06
-2.6669453e-15
1.9727821e-06
-2.5386286e-15
1.9727821e-06
-2.2010034e-15
1.9727821e-06
-2.2882626e-15
1.9727821e-06
-2.2388851e-15
1.9727821e-06
7.6571301e-15
1.9727821e-06
-1.9887524e-15
1.9727821e-06
-1.9920566e-15
1.9727821e-06
-1.6163244e-15
1.9727821e-06
-1.6693546e-15
1.9727821e-06
-1.7587478e-15
1.9727821e-06
-1.4124823e-15
1.9727821e-06
-1.4535068e-15
1.9727821e-06
-1.4342219e-15
1.9727821e-06
-1.1889542e-15
1.9727821e-06
-1.1898633e-15
1.9727821e-06
-1.2212025e-15
1.9727821e-06
-1.1639876e-15
1.9727821e-06
-1.0995747e-15
1.9727821e-06
-9.1447051e-16
1.9727821e-06
-7.0003539e-16
1.9727821e-06
-9.5021274e-16
1.9727821e-06
-8.9538869e-16
1.9727821e-06
-5.6361563e-16
1.9727821e-06
-5.4728047e-16
1.9727821e-06
-3.8602538e-16
1.9727821e-06
-5.4406838e-16
1.9727821e-06
-4.6145358e-16
1.9727821e-06
-9.2115711e-17
1.9727821e-06
-5.0108714e-17
1.9727821e-06
-5.4146347e-17
1.9727821e-06
2.8613508e-16
1.9727821e-06
6.0305362e-16
1.9727821e-06
4.8776594e-16
1.9727821e-06
8.9691195e-16
1.9727821e-06
1.4934104e-15
1.9727821e-06
1.840305e-15
1.9727821e-06
2.666375e-15
1.9727821e-06
3.448704e-15
1.9727821e-06
4.9246805e-15
1.9727821e-06
6.1070519e-15
1.9727821e-06
1.187932e-14
1.9727821e-06
8.9888177e-15
1.9727821e-06
3.8192325e-14
1.9727821e-06
3.126791e-14
1.9727821e-06
1.9251719e-15
1.096162e-14
2.0387628e-06
4.6249299e-11
2.0387609e-06
5.3634188e-11
2.0387592e-06
5.0258462e-11
2.0387576e-06
4.775296e-11
2.038756e-06
4.7295379e-11
2.0387544e-06
4.7161835e-11
2.0387528e-06
4.695424e-11
2.0387512e-06
4.6687417e-11
2.0387496e-06
4.6441363e-11
2.0387481e-06
4.6249718e-11
2.0387465e-06
4.6009001e-11
2.038745e-06
4.5661466e-11
2.0387434e-06
4.5343041e-11
2.0387419e-06
4.5086866e-11
2.0387404e-06
4.4804527e-11
2.0387389e-06
4.4525074e-11
2.0387374e-06
4.4259393e-11
2.0387359e-06
4.3993761e-11
2.0387345e-06
4.3720022e-11
2.038733e-06
4.3441499e-11
2.0387315e-06
4.316128e-11
2.0387301e-06
4.2880504e-11
2.0387287e-06
4.2599283e-11
2.0387272e-06
4.2317284e-11
2.0387258e-06
4.2034244e-11
2.0387244e-06
4.1750273e-11
2.038723e-06
4.1465236e-11
2.0387216e-06
4.1179021e-11
2.0387202e-06
4.0891916e-11
2.0387189e-06
4.0603846e-11
2.0387175e-06
4.0314699e-11
2.0387161e-06
4.002468e-11
2.0387148e-06
3.9733689e-11
2.0387135e-06
3.9441743e-11
2.0387122e-06
3.9148947e-11
2.0387108e-06
3.8855459e-11
2.0387095e-06
3.8560903e-11
2.0387083e-06
3.8258742e-11
2.038707e-06
3.8210941e-11
2.0387062e-06
2.0888554e-11
2.0387061e-06
1.2901091e-12
2.0387062e-06
-3.4702243e-13
2.0387062e-06
-9.4484388e-14
2.0387062e-06
-3.2230169e-14
2.0387062e-06
-2.6014537e-14
2.0387062e-06
-2.4133903e-14
2.0387062e-06
-2.2199134e-14
2.0387062e-06
-2.0436756e-14
2.0387062e-06
-1.8447695e-14
2.0387062e-06
-1.7010861e-14
2.0387062e-06
-1.5485267e-14
2.0387062e-06
-1.4067842e-14
2.0387062e-06
-1.384264e-14
2.0387062e-06
-1.3196058e-14
2.0387062e-06
-1.2102327e-14
2.0387062e-06
-1.1197749e-14
2.0387062e-06
-1.0663023e-14
2.0387062e-06
-9.9972054e-15
2.0387062e-06
-9.3908664e-15
2.0387062e-06
-8.8859033e-15
2.0387062e-06
-8.5227778e-15
2.0387062e-06
-8.095207e-15
2.0387062e-06
-7.6691366e-15
2.0387062e-06
-7.3238606e-15
2.0387062e-06
-6.7712937e-15
2.0387062e-06
-6.4837683e-15
2.0387062e-06
-6.4525246e-15
2.0387062e-06
-6.1359359e-15
2.0387062e-06
-5.7743816e-15
2.0387062e-06
-5.4420982e-15
2.0387062e-06
-5.1648551e-15
2.0387062e-06
-4.9840398e-15
2.0387062e-06
-4.8333151e-15
2.0387062e-06
-4.5673798e-15
2.0387062e-06
-4.4620055e-15
2.0387062e-06
-4.0999927e-15
2.0387062e-06
-3.8323012e-15
2.0387062e-06
-3.9679374e-15
2.0387062e-06
-3.7873445e-15
2.0387062e-06
-3.495427e-15
2.0387062e-06
-3.3120234e-15
2.0387062e-06
-3.1930306e-15
2.0387062e-06
-3.0061632e-15
2.0387062e-06
-2.9010567e-15
2.0387062e-06
-2.8945769e-15
2.0387062e-06
-2.8771751e-15
2.0387062e-06
-2.738063e-15
2.0387062e-06
-2.3853129e-15
2.0387062e-06
-2.4700882e-15
2.0387062e-06
-2.4119559e-15
2.0387062e-06
-2.1511636e-15
2.0387062e-06
-2.1404165e-15
2.0387062e-06
-2.1427634e-15
2.0387062e-06
-1.7549617e-15
2.0387062e-06
-1.8040213e-15
2.0387062e-06
-1.8914711e-15
2.0387062e-06
-1.5334145e-15
2.0387062e-06
-1.5691405e-15
2.0387062e-06
-1.5452544e-15
2.0387062e-06
-1.2901644e-15
2.0387062e-06
-1.2877892e-15
2.0387062e-06
-1.317493e-15
2.0387062e-06
-1.2538094e-15
2.0387062e-06
-1.1839022e-15
2.0387062e-06
-9.9004474e-16
2.0387062e-06
-7.6904311e-16
2.0387062e-06
-1.0200718e-15
2.0387062e-06
-9.5916264e-16
2.0387062e-06
-6.1730139e-16
2.0387062e-06
-5.9510704e-16
2.0387062e-06
-4.2448452e-16
2.0387062e-06
-5.8047682e-16
2.0387062e-06
-4.9365636e-16
2.0387062e-06
-1.1142411e-16
2.0387062e-06
-5.9251809e-17
2.0387062e-06
-5.3779177e-17
2.0387062e-06
3.0438011e-16
2.0387062e-06
6.3645517e-16
2.0387062e-06
5.3248483e-16
2.0387062e-06
9.6663459e-16
2.0387062e-06
1.5963077e-15
2.0387062e-06
1.9787692e-15
2.0387062e-06
2.8611437e-15
2.0387062e-06
3.7049599e-15
2.0387062e-06
5.2974342e-15
2.0387062e-06
6.5628886e-15
2.0387062e-06
1.2754137e-14
2.0387062e-06
9.655208e-15
2.0387062e-06
4.0921919e-14
2.0387062e-06
3.387041e-14
2.0387062e-06
1.8932153e-15
1.1217624e-14
2.1065247e-06
4.7757084e-11
2.1065229e-06
5.5497583e-11
2.1065211e-06
5.2033205e-11
2.1065195e-06
4.9377083e-11
2.1065179e-06
4.8886622e-11
2.1065163e-06
4.8755253e-11
2.1065147e-06
4.854602e-11
2.1065131e-06
4.8270481e-11
2.1065115e-06
4.8016992e-11
2.10651e-06
4.7825111e-11
2.1065084e-06
4.7579554e-11
2.1065068e-06
4.7213727e-11
2.1065053e-06
4.6879378e-11
2.1065038e-06
4.6612737e-11
2.1065023e-06
4.6318582e-11
2.1065008e-06
4.6031233e-11
2.1064993e-06
4.5758791e-11
2.1064978e-06
4.5485386e-11
2.1064963e-06
4.52027e-11
2.1064948e-06
4.4914694e-11
2.1064934e-06
4.4624877e-11
2.1064919e-06
4.433452e-11
2.1064905e-06
4.4043735e-11
2.106489e-06
4.3752159e-11
2.1064876e-06
4.3459512e-11
2.1064862e-06
4.3165904e-11
2.1064848e-06
4.2871198e-11
2.1064834e-06
4.2575278e-11
2.106482e-06
4.227844e-11
2.1064806e-06
4.1980607e-11
2.1064792e-06
4.1681668e-11
2.1064779e-06
4.138183e-11
2.1064765e-06
4.1080994e-11
2.1064752e-06
4.0779174e-11
2.1064739e-06
4.0476479e-11
2.1064726e-06
4.017309e-11
2.1064712e-06
3.9868604e-11
2.10647e-06
3.9555934e-11
2.1064686e-06
3.9513355e-11
2.1064679e-06
2.1640666e-11
2.1064678e-06
1.3682202e-12
2.1064678e-06
-3.6440361e-13
2.1064678e-06
-1.0200303e-13
2.1064678e-06
-3.5064816e-14
2.1064678e-06
-2.8127624e-14
2.1064679e-06
-2.605665e-14
2.1064679e-06
-2.3964639e-14
2.1064679e-06
-2.205343e-14
2.1064679e-06
-1.9915513e-14
2.1064679e-06
-1.8360796e-14
2.1064679e-06
-1.6714429e-14
2.1064679e-06
-1.5190389e-14
2.1064679e-06
-1.4947016e-14
2.1064679e-06
-1.424779e-14
2.1064679e-06
-1.3059682e-14
2.1064679e-06
-1.2095089e-14
2.1064679e-06
-1.1509829e-14
2.1064679e-06
-1.0795368e-14
2.1064679e-06
-1.0143449e-14
2.1064679e-06
-9.5984674e-15
2.1064679e-06
-9.2020344e-15
2.1064679e-06
-8.7377787e-15
2.1064679e-06
-8.2789123e-15
2.1064679e-06
-7.9059253e-15
2.1064679e-06
-7.3222802e-15
2.1064679e-06
-7.006393e-15
2.1064679e-06
-6.9570945e-15
2.1064679e-06
-6.617593e-15
2.1064679e-06
-6.2363197e-15
2.1064679e-06
-5.8824831e-15
2.1064679e-06
-5.5770392e-15
2.1064679e-06
-5.3828838e-15
2.1064679e-06
-5.2180737e-15
2.1064679e-06
-4.9331758e-15
2.1064679e-06
-4.813124e-15
2.1064679e-06
-4.4322701e-15
2.1064679e-06
-4.1500543e-15
2.1064679e-06
-4.2783101e-15
2.1064679e-06
-4.0838353e-15
2.1064679e-06
-3.777851e-15
2.1064679e-06
-3.5826037e-15
2.1064679e-06
-3.4503028e-15
2.1064679e-06
-3.2495718e-15
2.1064679e-06
-3.1336669e-15
2.1064679e-06
-3.1239901e-15
2.1064679e-06
-3.1050781e-15
2.1064679e-06
-2.9544037e-15
2.1064679e-06
-2.5856878e-15
2.1064679e-06
-2.6673048e-15
2.1064679e-06
-2.6032598e-15
2.1064679e-06
-2.3273735e-15
2.1064679e-06
-2.308629e-15
2.1064679e-06
-2.3060146e-15
2.1064679e-06
-1.9057583e-15
2.1064679e-06
-1.9502372e-15
2.1064679e-06
-2.0351544e-15
2.1064679e-06
-1.6648561e-15
2.1064679e-06
-1.6946527e-15
2.1064679e-06
-1.665646e-15
2.1064679e-06
-1.4003025e-15
2.1064679e-06
-1.3941846e-15
2.1064679e-06
-1.4218452e-15
2.1064679e-06
-1.351201e-15
2.1064679e-06
-1.275326e-15
2.1064679e-06
-1.0722812e-15
2.1064679e-06
-8.443629e-16
2.1064679e-06
-1.0956743e-15
2.1064679e-06
-1.0281851e-15
2.1064679e-06
-6.7586994e-16
2.1064679e-06
-6.4726017e-16
2.1064679e-06
-4.6671482e-16
2.1064679e-06
-6.1997743e-16
2.1064679e-06
-5.285355e-16
2.1064679e-06
-1.329648e-16
2.1064679e-06
-6.9661619e-17
2.1064679e-06
-5.3621963e-17
2.1064679e-06
3.2335345e-16
2.1064679e-06
6.7173498e-16
2.1064679e-06
5.8059804e-16
2.1064679e-06
1.0414739e-15
2.1064679e-06
1.7064702e-15
2.1064679e-06
2.1274207e-15
2.1064679e-06
3.0700674e-15
2.1064679e-06
3.9801287e-15
2.1064679e-06
5.6980456e-15
2.1064679e-06
7.0525345e-15
2.1064679e-06
1.3693023e-14
2.1064679e-06
1.0372041e-14
2.1064679e-06
4.3837934e-14
2.1064679e-06
3.6715149e-14
2.1064679e-06
2.0060338e-15
1.1573493e-14
2.1761779e-06
4.9263938e-11
2.176176e-06
5.7369376e-11
2.1761742e-06
5.3818207e-11
2.1761726e-06
5.1006233e-11
2.176171e-06
5.048047e-11
2.1761694e-06
5.0351701e-11
2.1761678e-06
5.0141547e-11
2.1761662e-06
4.9857407e-11
2.1761646e-06
4.9596526e-11
2.1761631e-06
4.9405214e-11
2.1761615e-06
4.9155394e-11
2.1761599e-06
4.8770406e-11
2.1761584e-06
4.8419421e-11
2.1761569e-06
4.8141637e-11
2.1761553e-06
4.783496e-11
2.1761538e-06
4.7540201e-11
2.1761523e-06
4.7261563e-11
2.1761508e-06
4.6980631e-11
2.1761493e-06
4.6689047e-11
2.1761479e-06
4.6391535e-11
2.1761464e-06
4.6092086e-11
2.1761449e-06
4.5792118e-11
2.1761435e-06
4.5491745e-11
2.1761421e-06
4.5190567e-11
2.1761406e-06
4.4888291e-11
2.1761392e-06
4.4585023e-11
2.1761378e-06
4.4280626e-11
2.1761364e-06
4.397498e-11
2.176135e-06
4.3668387e-11
2.1761336e-06
4.336077e-11
2.1761323e-06
4.3052017e-11
2.1761309e-06
4.274234e-11
2.1761295e-06
4.2431639e-11
2.1761282e-06
4.2119926e-11
2.1761269e-06
4.1807315e-11
2.1761256e-06
4.1494007e-11
2.1761242e-06
4.1179577e-11
2.1761229e-06
4.0856349e-11
2.1761216e-06
4.0819477e-11
2.1761209e-06
2.2397722e-11
2.1761208e-06
1.4490353e-12
2.1761208e-06
-3.8225001e-13
2.1761208e-06
-1.1005717e-13
2.1761208e-06
-3.8173544e-14
2.1761208e-06
-3.0431053e-14
2.1761208e-06
-2.8144176e-14
2.1761208e-06
-2.5879566e-14
2.1761208e-06
-2.380622e-14
2.1761208e-06
-2.1507122e-14
2.1761208e-06
-1.9824691e-14
2.1761208e-06
-1.8047742e-14
2.1761208e-06
-1.6408075e-14
2.1761208e-06
-1.6144579e-14
2.1761208e-06
-1.5388366e-14
2.1761208e-06
-1.4097769e-14
2.1761208e-06
-1.3068438e-14
2.1761208e-06
-1.2428258e-14
2.1761208e-06
-1.1661089e-14
2.1761208e-06
-1.0959974e-14
2.1761209e-06
-1.0371533e-14
2.1761209e-06
-9.9386966e-15
2.1761209e-06
-9.4347716e-15
2.1761209e-06
-8.9403574e-15
2.1761209e-06
-8.5372522e-15
2.1761209e-06
-7.9204278e-15
2.1761209e-06
-7.5736903e-15
2.1761209e-06
-7.5040699e-15
2.1761209e-06
-7.1403869e-15
2.1761209e-06
-6.7372501e-15
2.1761209e-06
-6.3599105e-15
2.1761209e-06
-6.0249807e-15
2.1761209e-06
-5.8157654e-15
2.1761209e-06
-5.6354144e-15
2.1761209e-06
-5.3301515e-15
2.1761209e-06
-5.1940237e-15
2.1761209e-06
-4.7931201e-15
2.1761209e-06
-4.495247e-15
2.1761209e-06
-4.6148715e-15
2.1761209e-06
-4.4054222e-15
2.1761209e-06
-4.0844749e-15
2.1761209e-06
-3.8765237e-15
2.1761209e-06
-3.7298091e-15
2.1761209e-06
-3.5139219e-15
2.1761209e-06
-3.3860138e-15
2.1761209e-06
-3.3727698e-15
2.1761209e-06
-3.3522971e-15
2.1761209e-06
-3.1892442e-15
2.1761209e-06
-2.8036298e-15
2.1761209e-06
-2.8813382e-15
2.1761209e-06
-2.8107518e-15
2.1761209e-06
-2.5189266e-15
2.1761209e-06
-2.4912166e-15
2.1761209e-06
-2.4829984e-15
2.1761209e-06
-2.0698581e-15
2.1761209e-06
-2.1090994e-15
2.1761209e-06
-2.1908271e-15
2.1761209e-06
-1.8077942e-15
2.1761209e-06
-1.8309849e-15
2.1761209e-06
-1.7962822e-15
2.1761209e-06
-1.5202143e-15
2.1761209e-06
-1.5098545e-15
2.1761209e-06
-1.5350201e-15
2.1761209e-06
-1.4568811e-15
2.1761209e-06
-1.3745174e-15
2.1761209e-06
-1.161819e-15
2.1761209e-06
-9.2659197e-16
2.1761209e-06
-1.1775663e-15
2.1761209e-06
-1.1029629e-15
2.1761209e-06
-7.3978846e-16
2.1761209e-06
-7.0416162e-16
2.1761209e-06
-5.1309867e-16
2.1761209e-06
-6.6289419e-16
2.1761209e-06
-5.626818e-16
2.1761209e-06
9.5600703e-15
2.1761209e-06
-7.781143e-17
2.1761209e-06
-5.3736546e-17
2.1761209e-06
3.430541e-16
2.1761209e-06
7.0899407e-16
2.1761209e-06
6.3234344e-16
2.1761209e-06
1.1218038e-15
2.1761209e-06
1.824444e-15
2.1761209e-06
2.2870302e-15
2.1761209e-06
3.2942239e-15
2.1761209e-06
4.2756669e-15
2.1761209e-06
6.1286665e-15
2.1761209e-06
7.5786031e-15
2.1761209e-06
1.4700846e-14
2.1761209e-06
1.1143386e-14
2.1761208e-06
4.6952731e-14
2.1761208e-06
3.9826659e-14
2.1761208e-06
2.3082589e-15
1.2062105e-14
2.2477777e-06
5.0766048e-11
2.2477758e-06
5.9245875e-11
2.247774e-06
5.5609762e-11
2.2477724e-06
5.26369e-11
2.2477708e-06
5.2073237e-11
2.2477692e-06
5.1947421e-11
2.2477676e-06
5.1737123e-11
2.247766e-06
5.1444543e-11
2.2477644e-06
5.1176319e-11
2.2477628e-06
5.0986446e-11
2.2477613e-06
5.0733032e-11
2.2477597e-06
5.0327992e-11
2.2477582e-06
4.995967e-11
2.2477566e-06
4.9669935e-11
2.2477551e-06
4.9349878e-11
2.2477536e-06
4.9048324e-11
2.2477521e-06
4.8764197e-11
2.2477506e-06
4.8476051e-11
2.2477491e-06
4.8175648e-11
2.2477476e-06
4.7868632e-11
2.2477462e-06
4.7559537e-11
2.2477447e-06
4.7249949e-11
2.2477433e-06
4.6939985e-11
2.2477418e-06
4.6629205e-11
2.2477404e-06
4.6317299e-11
2.247739e-06
4.6004372e-11
2.2477376e-06
4.5690283e-11
2.2477362e-06
4.5374912e-11
2.2477348e-06
4.5058565e-11
2.2477334e-06
4.4741166e-11
2.247732e-06
4.4422601e-11
2.2477307e-06
4.4103088e-11
2.2477293e-06
4.3782527e-11
2.247728e-06
4.3460925e-11
2.2477266e-06
4.3138402e-11
2.2477253e-06
4.2815185e-11
2.247724e-06
4.2490819e-11
2.2477227e-06
4.215701e-11
2.2477214e-06
4.2126321e-11
2.2477206e-06
2.3158025e-11
2.2477206e-06
1.5323943e-12
2.2477206e-06
-4.0055777e-13
2.2477206e-06
-1.1868116e-13
2.2477206e-06
-4.158528e-14
2.2477206e-06
-3.2944913e-14
2.2477206e-06
-3.0412685e-14
2.2477206e-06
-2.7958192e-14
2.2477206e-06
-2.5708016e-14
2.2477206e-06
-2.3234215e-14
2.2477206e-06
-2.1413317e-14
2.2477206e-06
-1.9495039e-14
2.2477206e-06
-1.7729905e-14
2.2477206e-06
-1.7444067e-14
2.2477206e-06
-1.6626096e-14
2.2477206e-06
-1.522419e-14
2.2477206e-06
-1.4124946e-14
2.2477206e-06
-1.3425053e-14
2.2477206e-06
-1.2600727e-14
2.2477206e-06
-1.1846472e-14
2.2477206e-06
-1.1210802e-14
2.2477206e-06
-1.0738172e-14
2.2477206e-06
-1.0191319e-14
2.2477206e-06
-9.6583458e-15
2.2477206e-06
-9.2224745e-15
2.2477206e-06
-8.5701848e-15
2.2477206e-06
-8.1898891e-15
2.2477206e-06
-8.0974623e-15
2.2477206e-06
-7.7081882e-15
2.2477206e-06
-7.2808568e-15
2.2477206e-06
-6.8778824e-15
2.2477206e-06
-6.5120862e-15
2.2477206e-06
-6.2859161e-15
2.2477206e-06
-6.0884203e-15
2.2477206e-06
-5.7612626e-15
2.2477206e-06
-5.6075379e-15
2.2477206e-06
-5.1852609e-15
2.2477206e-06
-4.8704822e-15
2.2477206e-06
-4.9801097e-15
2.2477206e-06
-4.75449e-15
2.2477206e-06
-4.4176034e-15
2.2477206e-06
-4.1960113e-15
2.2477206e-06
-4.0336879e-15
2.2477206e-06
-3.8012201e-15
2.2477206e-06
-3.6599693e-15
2.2477206e-06
-3.6427339e-15
2.2477206e-06
-3.6206552e-15
2.2477206e-06
-3.4409294e-15
2.2477206e-06
6.7011983e-15
2.2477206e-06
-3.1103441e-15
2.2477206e-06
-3.0359725e-15
2.2477206e-06
-2.7273155e-15
2.2477206e-06
-2.6895779e-15
2.2477206e-06
-2.6750342e-15
2.2477206e-06
-2.2485388e-15
2.2477206e-06
-2.281818e-15
2.2477206e-06
-2.3596348e-15
2.2477206e-06
-1.9633267e-15
2.2477206e-06
-1.9791769e-15
2.2477206e-06
-1.9381482e-15
2.2477206e-06
-1.6508478e-15
2.2477206e-06
-1.6356914e-15
2.2477206e-06
-1.6578565e-15
2.2477206e-06
-1.5716486e-15
2.2477206e-06
-1.4822279e-15
2.2477206e-06
-1.2593689e-15
2.2477206e-06
-1.0163936e-15
2.2477206e-06
-1.2663564e-15
2.2477206e-06
-1.1840588e-15
2.2477206e-06
-8.0957636e-16
2.2477206e-06
-7.6628288e-16
2.2477206e-06
-5.6405764e-16
2.2477206e-06
-7.095849e-16
2.2477206e-06
-5.9962778e-16
2.2477206e-06
-1.9353536e-16
2.2477206e-06
-8.7097881e-17
2.2477206e-06
-5.4203653e-17
2.2477206e-06
3.6348405e-16
2.2477206e-06
7.4834071e-16
2.2477206e-06
6.8797968e-16
2.2477206e-06
1.2080289e-15
2.2477206e-06
1.9508262e-15
2.2477206e-06
2.4584433e-15
2.2477206e-06
3.534797e-15
2.2477206e-06
4.5931689e-15
2.2477206e-06
6.5916519e-15
2.2477206e-06
8.1439608e-15
2.2477206e-06
1.5782931e-14
2.2477206e-06
1.1973709e-14
2.2477206e-06
5.0279692e-14
2.2477206e-06
4.3231811e-14
2.2477206e-06
2.8528453e-15
1.2723289e-14
2.3213815e-06
5.2259333e-11
2.3213796e-06
6.1123185e-11
2.3213778e-06
5.7403919e-11
2.3213762e-06
5.4265394e-11
2.3213746e-06
5.3661035e-11
2.321373e-06
5.3538428e-11
2.3213714e-06
5.3328808e-11
2.3213698e-06
5.3028002e-11
2.3213682e-06
5.275249e-11
2.3213666e-06
5.2564985e-11
2.3213651e-06
5.2308745e-11
2.3213635e-06
5.1882744e-11
2.321362e-06
5.1496414e-11
2.3213605e-06
5.1193768e-11
2.3213589e-06
5.0859276e-11
2.3213574e-06
5.0551697e-11
2.3213559e-06
5.0262947e-11
2.3213544e-06
4.9967973e-11
2.321353e-06
4.9658869e-11
2.3213515e-06
4.9342374e-11
2.32135e-06
4.9023643e-11
2.3213486e-06
4.870445e-11
2.3213471e-06
4.8384914e-11
2.3213457e-06
4.8064556e-11
2.3213443e-06
4.7743043e-11
2.3213428e-06
4.742048e-11
2.3213414e-06
4.7096724e-11
2.32134e-06
4.6771653e-11
2.3213387e-06
4.6445577e-11
2.3213373e-06
4.6118422e-11
2.3213359e-06
4.5790072e-11
2.3213346e-06
4.5460752e-11
2.3213332e-06
4.5130359e-11
2.3213319e-06
4.4798898e-11
2.3213305e-06
4.4466494e-11
2.3213292e-06
4.4133402e-11
2.3213279e-06
4.3799135e-11
2.3213266e-06
4.3454744e-11
2.3213253e-06
4.3430704e-11
2.3213246e-06
2.3919738e-11
2.3213245e-06
1.6180945e-12
2.3213245e-06
-4.1932722e-13
2.3213245e-06
-1.2791255e-13
2.3213245e-06
-4.5332413e-14
2.3213245e-06
-3.5691869e-14
2.3213245e-06
-3.2880402e-14
2.3213245e-06
-3.0216502e-14
2.3213245e-06
-2.7773222e-14
2.3213245e-06
-2.5109843e-14
2.3213245e-06
-2.3138678e-14
2.3213245e-06
-2.1067288e-14
2.3213245e-06
-1.9165917e-14
2.3213245e-06
-1.8855208e-14
2.3213245e-06
-1.7970215e-14
2.3213245e-06
-1.6447425e-14
2.3213245e-06
-1.5272576e-14
2.3213245e-06
-1.4507736e-14
2.3213245e-06
-1.362137e-14
2.3213245e-06
-1.2809663e-14
2.3213245e-06
-1.212264e-14
2.3213245e-06
-1.1606481e-14
2.3213245e-06
-1.1013151e-14
2.3213245e-06
-1.0438319e-14
2.3213245e-06
-9.9667762e-15
2.3213245e-06
-9.2765053e-15
2.3213245e-06
-8.8597067e-15
2.3213245e-06
-8.741729e-15
2.3213245e-06
-8.3252955e-15
2.3213245e-06
-7.8712456e-15
2.3213245e-06
-7.4403196e-15
2.3213245e-06
-7.042128e-15
2.3213245e-06
-6.7969357e-15
2.3213245e-06
-6.5805297e-15
2.3213245e-06
-6.2298088e-15
2.3213245e-06
-6.0568253e-15
2.3213245e-06
-5.6117281e-15
2.3213245e-06
-5.2786657e-15
2.3213245e-06
-5.3767997e-15
2.3213245e-06
-5.1337046e-15
2.3213245e-06
-4.7798025e-15
2.3213245e-06
-4.5435402e-15
2.3213245e-06
-4.364308e-15
2.3213245e-06
-4.1137037e-15
2.3213245e-06
-3.9576224e-15
2.3213245e-06
-3.9359057e-15
2.3213245e-06
-3.912182e-15
2.3213245e-06
-3.7144483e-15
2.3213245e-06
-3.3081684e-15
2.3213245e-06
-3.3590916e-15
2.3213245e-06
-3.2806365e-15
2.3213245e-06
-2.9541916e-15
2.3213245e-06
-2.905268e-15
2.3213245e-06
-2.8835912e-15
2.3213245e-06
-2.4432203e-15
2.3213245e-06
-2.4697542e-15
2.3213245e-06
-2.5428624e-15
2.3213245e-06
-2.1326787e-15
2.3213246e-06
-2.1403954e-15
2.3213246e-06
-2.0923492e-15
2.3213246e-06
-1.7932528e-15
2.3213246e-06
-1.7726951e-15
2.3213246e-06
-1.791303e-15
2.3213246e-06
-1.6963974e-15
2.3213246e-06
-1.5992924e-15
2.3213246e-06
-1.3657274e-15
2.3213246e-06
-1.1145091e-15
2.3213246e-06
-1.3627264e-15
2.3213246e-06
-1.2721041e-15
2.3213246e-06
-8.8581293e-16
2.3213246e-06
-8.3415101e-16
2.3213246e-06
-6.2006825e-16
2.3213246e-06
-7.6045076e-16
2.3213246e-06
-6.4273706e-16
2.3213246e-06
-2.2013533e-16
2.3213246e-06
-1.0073603e-16
2.3213246e-06
-5.5116517e-17
2.3213246e-06
3.8464421e-16
2.3213246e-06
7.898945e-16
2.3213246e-06
7.477823e-16
2.3213246e-06
1.3005945e-15
2.3213246e-06
2.0862748e-15
2.3213246e-06
2.6425896e-15
2.3213246e-06
3.7930879e-15
2.3213246e-06
4.9343915e-15
2.3213245e-06
7.0895958e-15
2.3213245e-06
8.7517611e-15
2.3213245e-06
1.6945134e-14
2.3213245e-06
1.2867941e-14
2.3213245e-06
5.3833381e-14
2.3213245e-06
4.6959893e-14
2.3213245e-06
3.7022183e-15
1.3605021e-14
2.3970484e-06
5.3739426e-11
2.3970466e-06
6.2997198e-11
2.3970448e-06
5.919648e-11
2.3970431e-06
5.5887851e-11
2.3970416e-06
5.5239777e-11
2.39704e-06
5.5120497e-11
2.3970384e-06
5.4912417e-11
2.3970368e-06
5.4603658e-11
2.3970353e-06
5.4320912e-11
2.3970337e-06
5.4136757e-11
2.3970321e-06
5.3878569e-11
2.3970306e-06
5.3430686e-11
2.397029e-06
5.3025734e-11
2.3970275e-06
5.2709032e-11
2.397026e-06
5.2358805e-11
2.3970245e-06
5.2046149e-11
2.397023e-06
5.175383e-11
2.3970216e-06
5.1452501e-11
2.3970201e-06
5.113485e-11
2.3970186e-06
5.0808928e-11
2.3970172e-06
5.0480595e-11
2.3970157e-06
5.0151836e-11
2.3970143e-06
4.9822774e-11
2.3970128e-06
4.9492885e-11
2.3970114e-06
4.9161815e-11
2.39701e-06
4.8829665e-11
2.3970086e-06
4.8496292e-11
2.3970072e-06
4.8161571e-11
2.3970058e-06
4.7825818e-11
2.3970045e-06
4.7488958e-11
2.3970031e-06
4.7150877e-11
2.3970018e-06
4.6811803e-11
2.3970004e-06
4.6471634e-11
2.3969991e-06
4.613037e-11
2.3969978e-06
4.5788143e-11
2.3969965e-06
4.5445235e-11
2.3969952e-06
4.5101131e-11
2.3969939e-06
4.4746187e-11
2.3969926e-06
4.4729244e-11
2.3969918e-06
2.4680875e-11
2.3969917e-06
1.7058852e-12
2.3969917e-06
-4.3856484e-13
2.3969917e-06
-1.3779276e-13
2.3969918e-06
-4.9451327e-14
2.3969918e-06
-3.8697605e-14
2.3969918e-06
-3.5567876e-14
2.3969918e-06
-3.2672461e-14
2.3969918e-06
-3.0018002e-14
2.3969918e-06
-2.7148633e-14
2.3969918e-06
-2.5014232e-14
2.3969918e-06
-2.2776763e-14
2.3969918e-06
-2.0727348e-14
2.3969918e-06
-2.0388888e-14
2.3969918e-06
-1.9431052e-14
2.3969918e-06
-1.7776963e-14
2.3969918e-06
-1.652024e-14
2.3969918e-06
-1.5684715e-14
2.3969918e-06
-1.4730955e-14
2.3969918e-06
-1.3857061e-14
2.3969918e-06
-1.3114164e-14
2.3969918e-06
-1.2550366e-14
2.3969918e-06
-1.1906671e-14
2.3969918e-06
-1.1286362e-14
2.3969918e-06
-1.0775938e-14
2.3969918e-06
-1.0044929e-14
2.3969918e-06
-9.5884321e-15
2.3969918e-06
-9.441874e-15
2.3969918e-06
-8.9965026e-15
2.3969918e-06
-8.5130306e-15
2.3969918e-06
-8.0516244e-15
2.3969918e-06
-7.6193266e-15
2.3969918e-06
-7.3528521e-15
2.3969918e-06
-7.1155901e-15
2.3969918e-06
-6.7394777e-15
2.3969918e-06
-6.5454199e-15
2.3969918e-06
-6.0759152e-15
2.3969918e-06
-5.7230475e-15
2.3969918e-06
-5.8080493e-15
2.3969918e-06
-5.5460505e-15
2.3969918e-06
-5.1709866e-15
2.3969918e-06
4.864682e-15
2.3969918e-06
-4.7213717e-15
2.3969918e-06
-4.4538857e-15
2.3969918e-06
-4.281312e-15
2.3969918e-06
-4.254551e-15
2.3969918e-06
-4.2291477e-15
2.3969918e-06
-4.0148051e-15
2.3969918e-06
-3.5866769e-15
2.3969918e-06
-3.6323434e-15
2.3969918e-06
-3.5466639e-15
2.3969918e-06
-3.2014012e-15
2.3969918e-06
-3.1400305e-15
2.3969918e-06
-3.1103197e-15
2.3969918e-06
-2.6554939e-15
2.3969918e-06
-2.6744295e-15
2.3969918e-06
-2.7419476e-15
2.3969918e-06
-2.3172259e-15
2.3969918e-06
-2.3159446e-15
2.3969918e-06
-2.2601194e-15
2.3969918e-06
-1.9486094e-15
2.3969918e-06
-1.9219905e-15
2.3969918e-06
-1.9364181e-15
2.3969918e-06
-1.8321277e-15
2.3969918e-06
-1.7266519e-15
2.3969918e-06
-1.481784e-15
2.3969918e-06
-1.2217681e-15
2.3969918e-06
-1.4674392e-15
2.3969918e-06
-1.3678077e-15
2.3969918e-06
-9.6915026e-16
2.3969918e-06
-9.083544e-16
2.3969918e-06
-6.8166285e-16
2.3969918e-06
-8.1594844e-16
2.3969918e-06
-6.8964309e-16
2.3969918e-06
-2.4969654e-16
2.3969918e-06
-1.1619981e-16
2.3969918e-06
-5.6581337e-17
2.3969918e-06
4.0652725e-16
2.3969918e-06
8.337846e-16
2.3969918e-06
8.120543e-16
2.3969918e-06
1.3999896e-15
2.3969918e-06
2.2315168e-15
2.3969918e-06
2.8404987e-15
2.3969918e-06
4.0705387e-15
2.3969918e-06
5.30128e-15
2.3969918e-06
7.6253672e-15
2.3969918e-06
9.4054994e-15
2.3969918e-06
1.8193921e-14
2.3969918e-06
1.3831547e-14
2.3969918e-06
5.7629771e-14
2.3969918e-06
5.1042619e-14
2.3969918e-06
4.9295162e-15
1.4764853e-14
2.4748396e-06
5.5201667e-11
2.4748378e-06
6.4863573e-11
2.474836e-06
6.0982997e-11
2.4748344e-06
5.7500251e-11
2.4748328e-06
5.6805193e-11
2.4748312e-06
5.6689173e-11
2.4748297e-06
5.6483522e-11
2.4748281e-06
5.6167142e-11
2.4748266e-06
5.587721e-11
2.474825e-06
5.5697436e-11
2.4748234e-06
5.5438293e-11
2.4748219e-06
5.4967603e-11
2.4748204e-06
5.4543509e-11
2.4748189e-06
5.4211384e-11
2.4748174e-06
5.3843815e-11
2.4748159e-06
5.3527238e-11
2.4748144e-06
5.3232621e-11
2.474813e-06
5.2925507e-11
2.4748115e-06
5.2599506e-11
2.47481e-06
5.2264238e-11
2.4748086e-06
5.1926362e-11
2.4748072e-06
5.1588101e-11
2.4748057e-06
5.1249585e-11
2.4748043e-06
5.091024e-11
2.4748029e-06
5.0569688e-11
2.4748015e-06
5.0228027e-11
2.4748001e-06
4.9885114e-11
2.4747987e-06
4.9540822e-11
2.4747974e-06
4.919547e-11
2.474796e-06
4.8848986e-11
2.4747947e-06
4.8501254e-11
2.4747933e-06
4.8152509e-11
2.474792e-06
4.7802646e-11
2.4747907e-06
4.7451663e-11
2.4747893e-06
4.7099699e-11
2.474788e-06
4.6747067e-11
2.4747868e-06
4.6393216e-11
2.4747855e-06
4.6027776e-11
2.4747842e-06
4.6018358e-11
2.4747834e-06
2.5439299e-11
2.4747833e-06
1.7954633e-12
2.4747834e-06
-4.5828561e-13
2.4747834e-06
-1.4836822e-13
2.4747834e-06
-5.3983084e-14
2.4747834e-06
-4.1991314e-14
2.4747834e-06
-3.8498427e-14
2.4747834e-06
-3.5346378e-14
2.4747834e-06
-3.2460575e-14
2.4747834e-06
-2.9367073e-14
2.4747834e-06
-2.7055108e-14
2.4747834e-06
-2.463725e-14
2.4747834e-06
-2.2426838e-14
2.4747834e-06
-2.2057328e-14
2.4747834e-06
-2.102021e-14
2.4747834e-06
-1.9223465e-14
2.4747834e-06
-1.7877954e-14
2.4747834e-06
-1.6965453e-14
2.4747834e-06
-1.5938404e-14
2.4747834e-06
-1.499712e-14
2.4747834e-06
-1.4193378e-14
2.4747834e-06
-1.3577399e-14
2.4747834e-06
-1.2879084e-14
2.4747834e-06
-1.2209309e-14
2.4747834e-06
-1.1656464e-14
2.4747834e-06
-1.0881677e-14
2.4747834e-06
-1.0381989e-14
2.4747834e-06
-1.0203521e-14
2.4747834e-06
-9.7271869e-15
2.4747834e-06
-9.2113946e-15
2.4747834e-06
-8.7167532e-15
2.4747834e-06
-8.2484122e-15
2.4747834e-06
-7.9581951e-15
2.4747834e-06
-7.6979273e-15
2.4747834e-06
-7.2944216e-15
2.4747834e-06
-7.0772994e-15
2.4747834e-06
-6.5816404e-15
2.4747834e-06
-6.2072843e-15
2.4747834e-06
-6.2773531e-15
2.4747834e-06
-5.9948803e-15
2.4747834e-06
-5.5969727e-15
2.4747834e-06
-5.3417295e-15
2.4747834e-06
-5.1104441e-15
2.4747834e-06
-4.8245883e-15
2.4747834e-06
-4.6336741e-15
2.4747834e-06
-4.6012155e-15
2.4747834e-06
-4.574098e-15
2.4747834e-06
-4.341956e-15
2.4747834e-06
-3.8903788e-15
2.4747834e-06
-3.929786e-15
2.4747834e-06
-3.8362099e-15
2.4747834e-06
-3.4710261e-15
2.4747834e-06
-3.395828e-15
2.4747834e-06
-3.3570805e-15
2.4747834e-06
-2.8871501e-15
2.4747834e-06
-2.8975524e-15
2.4747834e-06
-2.9585111e-15
2.4747834e-06
-2.5185114e-15
2.4747834e-06
-2.5072958e-15
2.4747834e-06
-2.4428521e-15
2.4747834e-06
-2.1182489e-15
2.4747834e-06
-2.0848363e-15
2.4747834e-06
-2.0943973e-15
2.4747834e-06
-1.9799703e-15
2.4747834e-06
-1.86536e-15
2.4747834e-06
-1.6085407e-15
2.4747834e-06
-1.3391081e-15
2.4747834e-06
-1.5813576e-15
2.4747834e-06
-1.4719682e-15
2.4747834e-06
-1.0603231e-15
2.4747834e-06
-9.8956027e-16
2.4747834e-06
-7.4944024e-16
2.4747834e-06
-8.7658933e-16
2.4747834e-06
-7.4077316e-16
2.4747834e-06
-2.8257577e-16
2.4747834e-06
-1.337404e-16
2.4747834e-06
-5.8727701e-17
2.4747834e-06
4.2912625e-16
2.4747834e-06
8.8015322e-16
2.4747834e-06
8.8112847e-16
2.4747834e-06
1.5067562e-15
2.4747834e-06
2.3873577e-15
2.4747834e-06
3.0533159e-15
2.4747834e-06
4.3687565e-15
2.4747834e-06
5.6959994e-15
2.4747834e-06
8.2021629e-15
2.4747834e-06
1.0109066e-14
2.4747834e-06
1.9536482e-14
2.4747834e-06
1.4870621e-14
2.4747834e-06
6.1686528e-14
2.4747834e-06
5.5514016e-14
2.4747834e-06
6.6199116e-15
1.6271582e-14
2.5548179e-06
5.6641088e-11
2.5548161e-06
6.6717706e-11
2.5548143e-06
6.2758773e-11
2.5548127e-06
5.9098447e-11
2.5548112e-06
5.8352835e-11
2.5548096e-06
5.8239772e-11
2.5548081e-06
5.8037448e-11
2.5548065e-06
5.7713845e-11
2.554805e-06
5.7416758e-11
2.5548034e-06
5.7242431e-11
2.5548019e-06
5.6983456e-11
2.5548004e-06
5.6489037e-11
2.5547989e-06
5.6045426e-11
2.5547974e-06
5.5696244e-11
2.5547959e-06
5.5309334e-11
2.5547944e-06
5.4990241e-11
2.554793e-06
5.4694853e-11
2.5547915e-06
5.4382631e-11
2.5547901e-06
5.4048524e-11
2.5547886e-06
5.3704021e-11
2.5547872e-06
5.3356688e-11
2.5547858e-06
5.3009016e-11
2.5547844e-06
5.2661146e-11
2.554783e-06
5.2312448e-11
2.5547816e-06
5.1962517e-11
2.5547802e-06
5.1611451e-11
2.5547788e-06
5.1259105e-11
2.5547775e-06
5.0905347e-11
2.5547761e-06
5.0550504e-11
2.5547748e-06
5.0194504e-11
2.5547734e-06
4.9837232e-11
2.5547721e-06
4.9478926e-11
2.5547708e-06
4.9119484e-11
2.5547695e-06
4.8758896e-11
2.5547682e-06
4.8397311e-11
2.5547669e-06
4.8035074e-11
2.5547656e-06
4.7671599e-11
2.5547643e-06
4.7295753e-11
2.5547631e-06
4.7294259e-11
2.5547623e-06
2.6192718e-11
2.5547622e-06
1.886467e-12
2.5547622e-06
-4.7851599e-13
2.5547622e-06
-1.5969167e-13
2.5547623e-06
-5.8974303e-14
2.5547623e-06
-4.5606385e-14
2.5547623e-06
-4.1698637e-14
2.5547623e-06
-3.8261333e-14
2.5547623e-06
-3.5121614e-14
2.5547623e-06
-3.1783814e-14
2.5547623e-06
-2.9278433e-14
2.5547623e-06
-2.6664349e-14
2.5547623e-06
-2.4278676e-14
2.5547623e-06
-2.3874357e-14
2.5547623e-06
-2.2750784e-14
2.5547623e-06
-2.0799e-14
2.5547623e-06
-1.9357053e-14
2.5547623e-06
-1.8360644e-14
2.5547623e-06
-1.7253798e-14
2.5547623e-06
-1.6239387e-14
2.5547623e-06
-1.5369328e-14
2.5547623e-06
-1.4696146e-14
2.5547623e-06
-1.393852e-14
2.5547623e-06
-1.3214895e-14
2.5547623e-06
-1.2615709e-14
2.5547623e-06
-1.1793788e-14
2.5547623e-06
-1.124709e-14
2.5547623e-06
-1.1033022e-14
2.5547623e-06
-1.0523425e-14
2.5547623e-06
-9.9722015e-15
2.5547623e-06
-9.4413139e-15
2.5547623e-06
-8.9347287e-15
2.5547623e-06
-8.618087e-15
2.5547623e-06
-8.3324337e-15
2.5547623e-06
-7.8993327e-15
2.5547623e-06
-7.6569566e-15
2.5547623e-06
-7.1332155e-15
2.5547623e-06
-6.7355096e-15
2.5547623e-06
-6.7886625e-15
2.5547623e-06
-6.4839849e-15
2.5547623e-06
-6.063776e-15
2.5547623e-06
-5.7887137e-15
2.5547623e-06
-5.5372591e-15
2.5547623e-06
-5.2290171e-15
2.5547623e-06
-5.0176913e-15
2.5547623e-06
-4.9787785e-15
2.5547623e-06
-4.949915e-15
2.5547623e-06
-4.6987113e-15
2.5547623e-06
-4.2219305e-15
2.5547623e-06
-4.2539335e-15
2.5547623e-06
-4.1517106e-15
2.5547623e-06
-3.7654204e-15
2.5547623e-06
-3.6748882e-15
2.5547623e-06
-3.6259768e-15
2.5547623e-06
-3.1402152e-15
2.5547623e-06
-3.1410635e-15
2.5547623e-06
-3.194391e-15
2.5547623e-06
-2.7382905e-15
2.5547623e-06
-2.7161162e-15
2.5547623e-06
-2.6421256e-15
2.5547623e-06
-2.3036749e-15
2.5547623e-06
-2.2626667e-15
2.5547623e-06
-2.2666003e-15
2.5547623e-06
-2.1412039e-15
2.5547623e-06
-2.016619e-15
2.5547623e-06
-1.7471341e-15
2.5547623e-06
-1.4675882e-15
2.5547623e-06
-1.7054605e-15
2.5547623e-06
-1.5854911e-15
2.5547623e-06
-1.1601653e-15
2.5547623e-06
-1.0785262e-15
2.5547623e-06
-8.2408304e-16
2.5547623e-06
-9.4296138e-16
2.5547623e-06
-7.9660776e-16
2.5547623e-06
-3.1916093e-16
2.5547623e-06
-1.5363669e-16
2.5547623e-06
-6.1699615e-17
2.5547623e-06
4.5242498e-16
2.5547623e-06
9.2915586e-16
2.5547623e-06
9.5537526e-16
2.5547623e-06
1.6215012e-15
2.5547623e-06
2.5547031e-15
2.5547623e-06
3.2823254e-15
2.5547623e-06
4.6895434e-15
2.5547623e-06
6.1209821e-15
2.5547623e-06
8.8235663e-15
2.5547623e-06
1.0866824e-14
2.5547623e-06
2.0980863e-14
2.5547623e-06
1.5992008e-14
2.5547623e-06
6.6023384e-14
2.5547623e-06
6.0410121e-14
2.5547623e-06
8.8719843e-15
1.8207242e-14
2.637048e-06
5.8052399e-11
2.6370462e-06
6.8554688e-11
2.6370444e-06
6.4518855e-11
2.6370428e-06
6.0678204e-11
2.6370413e-06
5.9878108e-11
2.6370398e-06
5.9767385e-11
2.6370382e-06
5.9569274e-11
2.6370367e-06
5.9238917e-11
2.6370352e-06
5.8934677e-11
2.6370337e-06
5.8766887e-11
2.6370321e-06
5.8509343e-11
2.6370306e-06
5.7990286e-11
2.6370292e-06
5.752699e-11
2.6370277e-06
5.7158799e-11
2.6370263e-06
5.6750056e-11
2.6370248e-06
5.6430144e-11
2.6370234e-06
5.6135813e-11
2.6370219e-06
5.5819283e-11
2.6370205e-06
5.5477365e-11
2.6370191e-06
5.512377e-11
2.6370177e-06
5.4767093e-11
2.6370163e-06
5.4410132e-11
2.6370149e-06
5.4053035e-11
2.6370135e-06
5.3695117e-11
2.6370121e-06
5.3335943e-11
2.6370108e-06
5.2975606e-11
2.6370094e-06
5.2613961e-11
2.6370081e-06
5.2250875e-11
2.6370067e-06
5.1886679e-11
2.6370054e-06
5.1521303e-11
2.6370041e-06
5.1154631e-11
2.6370028e-06
5.0786908e-11
2.6370015e-06
5.041803e-11
2.6370002e-06
5.0047984e-11
2.6369989e-06
4.9676925e-11
2.6369976e-06
4.9305237e-11
2.6369964e-06
4.8932292e-11
2.6369951e-06
4.8546164e-11
2.6369939e-06
4.8552959e-11
2.6369931e-06
2.693868e-11
2.636993e-06
1.9784708e-12
2.6369931e-06
-4.9929755e-13
2.6369931e-06
-1.7182403e-13
2.6369931e-06
-6.4478273e-14
2.6369931e-06
-4.9581198e-14
2.6369931e-06
-4.5199043e-14
2.6369931e-06
-4.1443731e-14
2.6369931e-06
-3.8024715e-14
2.6369931e-06
-3.4420134e-14
2.6369931e-06
-3.1703709e-14
2.6369931e-06
-2.8875805e-14
2.6369931e-06
-2.6299122e-14
2.6369931e-06
-2.5855679e-14
2.6369931e-06
-2.4637669e-14
2.6369931e-06
-2.2517296e-14
2.6369931e-06
-2.0970418e-14
2.6369931e-06
-1.9882451e-14
2.6369931e-06
-1.8688615e-14
2.6369931e-06
-1.7594734e-14
2.6369931e-06
-1.6652304e-14
2.6369931e-06
-1.5916351e-14
2.6369931e-06
-1.5094243e-14
2.6369931e-06
-1.4311909e-14
2.6369931e-06
-1.3662026e-14
2.6369931e-06
-1.2789248e-14
2.6369931e-06
-1.219136e-14
2.6369931e-06
-1.1937617e-14
2.6369931e-06
-1.1392116e-14
2.6369931e-06
-1.0802126e-14
2.6369931e-06
-1.0231692e-14
2.6369931e-06
-9.6843537e-15
2.6369931e-06
-9.3383453e-15
2.6369931e-06
-9.0246748e-15
2.6369931e-06
-8.5595468e-15
2.6369931e-06
-8.2895054e-15
2.6369931e-06
-7.7355538e-15
2.6369931e-06
-7.3124248e-15
2.6369931e-06
-7.3464777e-15
2.6369931e-06
-7.0176824e-15
2.6369931e-06
-6.5733981e-15
2.6369931e-06
-6.2767957e-15
2.6369931e-06
-6.0035121e-15
2.6369931e-06
-5.6708164e-15
2.6369931e-06
-5.4367651e-15
2.6369931e-06
-5.390509e-15
2.6369931e-06
-5.3598683e-15
2.6369931e-06
-5.0882647e-15
2.6369931e-06
-4.5843365e-15
2.6369931e-06
-4.6076385e-15
2.6369931e-06
-4.4959402e-15
2.6369931e-06
-4.0872693e-15
2.6369931e-06
-3.9797433e-15
2.6369931e-06
-3.9194092e-15
2.6369931e-06
-3.4169967e-15
2.6369931e-06
-3.4071692e-15
2.6369931e-06
-3.4516764e-15
2.6369931e-06
-2.9785594e-15
2.6369931e-06
-2.9443061e-15
2.6369931e-06
-2.8597347e-15
2.6369931e-06
-2.5066031e-15
2.6369931e-06
-2.4571171e-15
2.6369931e-06
-2.454577e-15
2.6369931e-06
-2.3172888e-15
2.6369931e-06
-2.1817903e-15
2.6369931e-06
-1.8988588e-15
2.6369931e-06
-1.6084206e-15
2.6369931e-06
-1.8408635e-15
2.6369931e-06
-1.7094116e-15
2.6369931e-06
-1.2696277e-15
2.6369931e-06
-1.1761149e-15
2.6369931e-06
-9.0636789e-16
2.6369931e-06
-1.0157305e-15
2.6369931e-06
-8.5769664e-16
2.6369931e-06
-3.5989857e-16
2.6369931e-06
-1.7620639e-16
2.6369931e-06
-6.5670241e-17
2.6369931e-06
4.7640715e-16
2.6369931e-06
9.8096674e-16
2.6369931e-06
1.0352053e-15
2.6369931e-06
1.7449074e-15
2.6369931e-06
2.7345753e-15
2.6369931e-06
3.528979e-15
2.6369931e-06
5.0349394e-15
2.6369931e-06
6.5789776e-15
2.6369931e-06
9.4936282e-15
2.6369931e-06
1.168371e-14
2.6369931e-06
2.2536144e-14
2.6369931e-06
1.7203452e-14
2.6369931e-06
7.0662642e-14
2.6369931e-06
6.576838e-14
2.6369931e-06
1.1799086e-14
2.0669486e-14
2.7215962e-06
5.9429978e-11
2.7215944e-06
7.0369236e-11
2.7215927e-06
6.6258043e-11
2.7215911e-06
6.2235246e-11
2.7215896e-06
6.1376295e-11
2.7215881e-06
6.1266895e-11
2.7215866e-06
6.107384e-11
2.7215851e-06
6.0737272e-11
2.7215836e-06
6.0425836e-11
2.7215821e-06
6.0265678e-11
2.7215806e-06
6.001098e-11
2.7215792e-06
5.9466402e-11
2.7215777e-06
5.898355e-11
2.7215763e-06
5.8594011e-11
2.7215749e-06
5.8160319e-11
2.7215734e-06
5.7841638e-11
2.721572e-06
5.7550543e-11
2.7215706e-06
5.7230645e-11
2.7215692e-06
5.6881266e-11
2.7215678e-06
5.6518755e-11
2.7215664e-06
5.615288e-11
2.7215651e-06
5.5786778e-11
2.7215637e-06
5.5420615e-11
2.7215623e-06
5.505364e-11
2.721561e-06
5.4685388e-11
2.7215596e-06
5.4315947e-11
2.7215583e-06
5.3945171e-11
2.721557e-06
5.3572926e-11
2.7215557e-06
5.3199548e-11
2.7215544e-06
5.2824967e-11
2.7215531e-06
5.2449069e-11
2.7215518e-06
5.2072104e-11
2.7215505e-06
5.1693967e-11
2.7215492e-06
5.1314641e-11
2.721548e-06
5.093429e-11
2.7215467e-06
5.0553336e-11
2.7215455e-06
5.017111e-11
2.7215443e-06
4.9774859e-11
2.721543e-06
4.9790272e-11
2.7215423e-06
2.7674574e-11
2.7215422e-06
2.0709787e-12
2.7215422e-06
-5.206916e-13
2.7215422e-06
-1.8483688e-13
2.7215423e-06
-7.0556448e-14
2.7215423e-06
-5.3960212e-14
2.7215423e-06
-4.9034951e-14
2.7215423e-06
-4.4924027e-14
2.7215423e-06
-4.1197025e-14
2.7215423e-06
-3.7300469e-14
2.7215423e-06
-3.4353305e-14
2.7215423e-06
-3.1291971e-14
2.7215423e-06
-2.8506816e-14
2.7215423e-06
-2.8019297e-14
2.7215423e-06
-2.6697945e-14
2.7215423e-06
-2.4394098e-14
2.7215423e-06
-2.2732834e-14
2.7215423e-06
-2.1544828e-14
2.7215423e-06
-2.0256009e-14
2.7215423e-06
-1.9075602e-14
2.7215423e-06
-1.8054103e-14
2.7215423e-06
-1.7249176e-14
2.7215423e-06
-1.6356862e-14
2.7215423e-06
-1.5510432e-14
2.7215423e-06
-1.4805004e-14
2.7215423e-06
-1.3877221e-14
2.7215423e-06
-1.3223552e-14
2.7215423e-06
-1.2925596e-14
2.7215423e-06
-1.2341169e-14
2.7215423e-06
-1.1708801e-14
2.7215423e-06
-1.1095203e-14
2.7215423e-06
-1.0504253e-14
2.7215423e-06
-1.0125651e-14
2.7215423e-06
-9.7810353e-15
2.7215423e-06
-9.2811834e-15
2.7215423e-06
-8.9808106e-15
2.7215423e-06
-8.3942812e-15
2.7215423e-06
-7.9434264e-15
2.7215423e-06
-7.9559588e-15
2.7215423e-06
-7.6009237e-15
2.7215423e-06
-7.1306041e-15
2.7215423e-06
-6.8105612e-15
2.7215423e-06
-6.5136152e-15
2.7215423e-06
-6.1541698e-15
2.7215423e-06
-5.8948045e-15
2.7215423e-06
-5.8401634e-15
2.7215423e-06
-5.807704e-15
2.7215423e-06
-5.5142784e-15
2.7215423e-06
-4.9810501e-15
2.7215423e-06
-4.9941701e-15
2.7215423e-06
-4.8720764e-15
2.7215423e-06
-4.4396496e-15
2.7215423e-06
-4.313309e-15
2.7215423e-06
-4.2401317e-15
2.7215423e-06
-3.7201378e-15
2.7215423e-06
-3.6984034e-15
2.7215423e-06
-3.7327743e-15
2.7215423e-06
-3.2416111e-15
2.7215423e-06
-3.1940437e-15
2.7215423e-06
-3.0977494e-15
2.7215423e-06
-2.7290057e-15
2.7215423e-06
-2.6700662e-15
2.7215423e-06
-2.660111e-15
2.7215423e-06
-2.5099049e-15
2.7215423e-06
-2.362448e-15
2.7215423e-06
-2.0652027e-15
2.7215423e-06
-1.7629936e-15
2.7215423e-06
-1.9888503e-15
2.7215423e-06
-1.8449208e-15
2.7215423e-06
-1.3898073e-15
2.7215423e-06
-1.2833212e-15
2.7215423e-06
-9.9718864e-16
2.7215423e-06
-1.0956708e-15
2.7215423e-06
-9.2467699e-16
2.7215423e-06
-4.0529921e-16
2.7215423e-06
-2.0182085e-16
2.7215423e-06
-7.084212e-17
2.7215423e-06
5.0104625e-16
2.7215423e-06
1.0357807e-15
2.7215423e-06
1.1210864e-15
2.7215423e-06
1.8777507e-15
2.7215423e-06
2.928143e-15
2.7215423e-06
3.7949329e-15
2.7215423e-06
5.4072729e-15
2.7215423e-06
7.0731266e-15
2.7215423e-06
1.0216973e-14
2.7215423e-06
1.2565356e-14
2.7215423e-06
2.4212666e-14
2.7215423e-06
1.8513807e-14
2.7215423e-06
7.5629843e-14
2.7215423e-06
7.1626566e-14
2.7215423e-06
1.5530575e-14
2.3774463e-14
2.8085308e-06
6.076787e-11
2.808529e-06
7.2155561e-11
2.8085273e-06
6.7970889e-11
2.8085258e-06
6.3765348e-11
2.8085243e-06
6.2842606e-11
2.8085228e-06
6.2732999e-11
2.8085214e-06
6.2545762e-11
2.8085199e-06
6.2203606e-11
2.8085184e-06
6.1884858e-11
2.808517e-06
6.1733408e-11
2.8085155e-06
6.1483148e-11
2.8085141e-06
6.0912208e-11
2.8085126e-06
6.0410339e-11
2.8085112e-06
5.999664e-11
2.8085098e-06
5.9534085e-11
2.8085085e-06
5.9219112e-11
2.8085071e-06
5.893385e-11
2.8085057e-06
5.8611687e-11
2.8085043e-06
5.8255254e-11
2.808503e-06
5.7884042e-11
2.8085016e-06
5.7509145e-11
2.8085003e-06
5.7134084e-11
2.8084989e-06
5.6759045e-11
2.8084976e-06
5.638321e-11
2.8084963e-06
5.6006077e-11
2.808495e-06
5.5627731e-11
2.8084937e-06
5.5248025e-11
2.8084924e-06
5.4866823e-11
2.8084911e-06
5.4484467e-11
2.8084898e-06
5.4100887e-11
2.8084885e-06
5.371597e-11
2.8084873e-06
5.3329972e-11
2.808486e-06
5.2942789e-11
2.8084848e-06
5.2554397e-11
2.8084836e-06
5.2164969e-11
2.8084823e-06
5.1774972e-11
2.8084811e-06
5.1383689e-11
2.8084799e-06
5.0977513e-11
2.8084787e-06
5.1001825e-11
2.808478e-06
2.8397635e-11
2.8084779e-06
2.1634196e-12
2.8084779e-06
-5.4278463e-13
2.8084779e-06
-1.9881568e-13
2.8084779e-06
-7.7280331e-14
2.8084779e-06
-5.8795307e-14
2.8084779e-06
-5.3247543e-14
2.808478e-06
-4.8737619e-14
2.808478e-06
-4.4670021e-14
2.808478e-06
-4.0453106e-14
2.808478e-06
-3.7253096e-14
2.808478e-06
-3.3936379e-14
2.808478e-06
-3.0923283e-14
2.808478e-06
-3.0385977e-14
2.808478e-06
-2.8951345e-14
2.808478e-06
-2.6447614e-14
2.808478e-06
-2.4661381e-14
2.808478e-06
-2.3363896e-14
2.808478e-06
-2.1971188e-14
2.808478e-06
-2.069639e-14
2.808478e-06
-1.9588351e-14
2.808478e-06
-1.8707526e-14
2.808478e-06
-1.7738628e-14
2.808478e-06
-1.682211e-14
2.808478e-06
-1.60557e-14
2.808478e-06
-1.5068282e-14
2.808478e-06
-1.435376e-14
2.808478e-06
-1.400655e-14
2.808478e-06
-1.3379719e-14
2.808478e-06
-1.2701053e-14
2.808478e-06
-1.2040296e-14
2.808478e-06
-1.1402471e-14
2.808478e-06
-1.0987705e-14
2.808478e-06
-1.0608883e-14
2.808478e-06
-1.0071311e-14
2.808478e-06
-9.7376426e-15
2.808478e-06
-9.1158945e-15
2.808478e-06
-8.6347365e-15
2.808478e-06
-8.6230645e-15
2.808478e-06
-8.2394308e-15
2.808478e-06
-7.740884e-15
2.808478e-06
-7.3952833e-15
2.808478e-06
-7.0726485e-15
2.808478e-06
-6.6839152e-15
2.808478e-06
-6.3963358e-15
2.808478e-06
-6.3320769e-15
2.808478e-06
-6.2977378e-15
2.808478e-06
-5.9809814e-15
2.808478e-06
-5.4160636e-15
2.808478e-06
-5.4173153e-15
2.808478e-06
-5.2837953e-15
2.808478e-06
-4.8261221e-15
2.808478e-06
-4.6789545e-15
2.808478e-06
-4.5913321e-15
2.808478e-06
-4.0527027e-15
2.808478e-06
-4.0176943e-15
2.808478e-06
-4.0404696e-15
2.808478e-06
-3.5301021e-15
2.808478e-06
-3.4678585e-15
2.808478e-06
-3.3585656e-15
2.808478e-06
-2.9731623e-15
2.808478e-06
-2.9036773e-15
2.808478e-06
-2.8852418e-15
2.808478e-06
-2.7209814e-15
2.808478e-06
-2.5604107e-15
2.808478e-06
-2.2478872e-15
2.808478e-06
-1.9329188e-15
2.808478e-06
-2.1509146e-15
2.808478e-06
-1.9934005e-15
2.808478e-06
-1.521973e-15
2.808478e-06
-1.4012988e-15
2.808478e-06
-1.0975826e-15
2.808478e-06
-1.1836779e-15
2.808478e-06
-9.9829006e-16
2.808478e-06
-4.5596222e-16
2.808478e-06
-2.3091315e-16
2.808478e-06
-7.7452564e-17
2.808478e-06
5.2631145e-16
2.808478e-06
1.0938176e-15
2.808478e-06
1.2135532e-15
2.808478e-06
2.0209279e-15
2.808478e-06
3.136747e-15
2.808478e-06
4.0820994e-15
2.808478e-06
5.809233e-15
2.808478e-06
7.6070525e-15
2.808478e-06
1.0998933e-14
2.808478e-06
1.3518253e-14
2.808478e-06
2.602233e-14
2.808478e-06
1.993329e-14
2.808478e-06
8.0954638e-14
2.808478e-06
7.8020913e-14
2.808478e-06
2.0212592e-14
2.7660187e-14
2.8979215e-06
6.2059822e-11
2.8979198e-06
7.3907158e-11
2.8979181e-06
6.9651733e-11
2.8979166e-06
6.526447e-11
2.8979151e-06
6.4272278e-11
2.8979137e-06
6.4160271e-11
2.8979123e-06
6.3979483e-11
2.8979109e-06
6.3632444e-11
2.8979094e-06
6.3306165e-11
2.897908e-06
6.3164448e-11
2.8979066e-06
6.2920413e-11
2.8979052e-06
6.2322327e-11
2.8979038e-06
6.1802551e-11
2.8979024e-06
6.1361307e-11
2.8979011e-06
6.0864956e-11
2.8978997e-06
6.0556685e-11
2.8978984e-06
6.0280348e-11
2.897897e-06
5.9957204e-11
2.8978957e-06
5.9594195e-11
2.8978944e-06
5.9214534e-11
2.897893e-06
5.8830821e-11
2.8978917e-06
5.8447014e-11
2.8978904e-06
5.8063324e-11
2.8978891e-06
5.7678858e-11
2.8978878e-06
5.7293078e-11
2.8978866e-06
5.6906061e-11
2.8978853e-06
5.651766e-11
2.897884e-06
5.6127738e-11
2.8978828e-06
5.5736641e-11
2.8978815e-06
5.5344302e-11
2.8978803e-06
5.4950609e-11
2.8978791e-06
5.4555823e-11
2.8978779e-06
5.4159841e-11
2.8978767e-06
5.3762632e-11
2.8978755e-06
5.3364381e-11
2.8978743e-06
5.29656e-11
2.8978731e-06
5.2565521e-11
2.8978719e-06
5.2149657e-11
2.8978707e-06
5.2183103e-11
2.89787e-06
2.9104962e-11
2.8978699e-06
2.255145e-12
2.89787e-06
-5.6569444e-13
2.89787e-06
-2.1386366e-13
2.89787e-06
-8.4733774e-14
2.89787e-06
-6.414738e-14
2.89787e-06
-5.7885124e-14
2.89787e-06
-5.2925905e-14
2.89787e-06
-4.8480427e-14
2.89787e-06
-4.3910988e-14
2.89787e-06
-4.0433163e-14
2.89787e-06
-3.6836419e-14
2.89787e-06
-3.3573519e-14
2.89787e-06
-3.2979838e-14
2.89787e-06
-3.1420841e-14
2.89787e-06
-2.8699016e-14
2.89787e-06
-2.6775916e-14
2.89787e-06
-2.5358396e-14
2.89787e-06
-2.3851815e-14
2.89787e-06
-2.2473795e-14
2.89787e-06
-2.1270877e-14
2.89787e-06
-2.0306391e-14
2.89787e-06
-1.9253784e-14
2.89787e-06
-1.8260462e-14
2.89787e-06
-1.7426979e-14
2.89787e-06
-1.6374705e-14
2.89787e-06
-1.5593724e-14
2.89787e-06
-1.5191615e-14
2.89787e-06
-1.4518376e-14
2.89787e-06
-1.3789113e-14
2.89787e-06
-1.3076784e-14
2.89787e-06
-1.2388361e-14
2.89787e-06
-1.1933468e-14
2.89787e-06
-1.1516785e-14
2.89787e-06
-1.0938142e-14
2.89787e-06
-1.0567872e-14
2.89787e-06
-9.9079494e-15
2.89787e-06
-9.3935975e-15
2.89787e-06
-9.3547267e-15
2.89787e-06
-8.9398508e-15
2.89787e-06
-8.4106185e-15
2.89787e-06
-8.0370886e-15
2.89787e-06
-7.6865192e-15
2.89787e-06
-7.265683e-15
2.89787e-06
-6.9466283e-15
2.89787e-06
-6.8712886e-15
2.89787e-06
-6.8349836e-15
2.89787e-06
-6.4932918e-15
2.89787e-06
-5.8940315e-15
2.89787e-06
-5.8814715e-15
2.89787e-06
-5.7353609e-15
2.89787e-06
-5.2508217e-15
2.89787e-06
-5.080606e-15
2.89787e-06
-4.9767224e-15
2.8978701e-06
-4.4182508e-15
2.8978701e-06
-4.3684554e-15
2.8978701e-06
-4.3780012e-15
2.8978701e-06
-3.8471255e-15
2.8978701e-06
-3.7686898e-15
2.8978701e-06
-3.6449708e-15
2.8978701e-06
-3.2417323e-15
2.8978701e-06
-3.1587133e-15
2.89787e-06
6.7500058e-15
2.89787e-06
-2.9510116e-15
2.89787e-06
-2.7777975e-15
2.89787e-06
-2.4489233e-15
2.89787e-06
-2.1200739e-15
2.89787e-06
-2.3287919e-15
2.89787e-06
-2.1564611e-15
2.89787e-06
-1.6676073e-15
2.89787e-06
-1.5313929e-15
2.89787e-06
-1.2087607e-15
2.89787e-06
-1.2808e-15
2.89787e-06
-1.0794032e-15
2.89787e-06
-5.1258939e-16
2.89787e-06
-2.6399145e-16
2.89787e-06
-8.5784171e-17
2.89787e-06
5.5216082e-16
2.89787e-06
1.1553321e-15
2.89787e-06
1.3132228e-15
2.89787e-06
2.1754733e-15
2.89787e-06
3.3619491e-15
2.89787e-06
4.3926984e-15
2.89787e-06
6.2439458e-15
2.89787e-06
8.1849641e-15
2.89787e-06
1.1845696e-14
2.89787e-06
1.4549943e-14
2.89787e-06
2.797893e-14
2.89787e-06
2.1473796e-14
2.89787e-06
8.6671868e-14
2.89787e-06
8.4982811e-14
2.89787e-06
2.6007425e-14
3.2490124e-14
2.9898405e-06
6.3299536e-11
2.9898388e-06
7.5616231e-11
2.9898371e-06
7.1294835e-11
2.9898357e-06
6.6729087e-11
2.9898343e-06
6.5660844e-11
2.9898329e-06
6.5543392e-11
2.9898315e-06
6.5369482e-11
2.9898301e-06
6.5018348e-11
2.9898287e-06
6.4684166e-11
2.9898274e-06
6.4553111e-11
2.989826e-06
6.4317306e-11
2.9898246e-06
6.369138e-11
2.9898232e-06
6.3155588e-11
2.9898219e-06
6.2682717e-11
2.9898206e-06
6.2146336e-11
2.9898193e-06
6.1848387e-11
2.989818e-06
6.1584649e-11
2.9898167e-06
6.1262019e-11
2.9898154e-06
6.089298e-11
2.9898141e-06
6.050516e-11
2.9898129e-06
6.0112873e-11
2.9898116e-06
5.9720563e-11
2.9898103e-06
5.9328478e-11
2.9898091e-06
5.8935646e-11
2.9898078e-06
5.8541484e-11
2.9898066e-06
5.8146063e-11
2.9898053e-06
5.7749236e-11
2.9898041e-06
5.7350865e-11
2.9898029e-06
5.6951301e-11
2.9898017e-06
5.6550479e-11
2.9898005e-06
5.6148286e-11
2.9897993e-06
5.5744993e-11
2.9897981e-06
5.5340495e-11
2.989797e-06
5.4934755e-11
2.9897958e-06
5.4527968e-11
2.9897946e-06
5.4120699e-11
2.9897935e-06
5.3712124e-11
2.9897924e-06
5.328685e-11
2.9897912e-06
5.332961e-11
2.9897905e-06
2.9793631e-11
2.9897904e-06
2.3454512e-12
2.9897905e-06
-5.8957118e-13
2.9897905e-06
-2.3010386e-13
2.9897905e-06
-9.3014113e-14
2.9897905e-06
-7.0087159e-14
2.9897905e-06
-6.3003724e-14
2.9897905e-06
-5.7536758e-14
2.9897905e-06
-5.267059e-14
2.9897905e-06
-4.7712041e-14
2.9897905e-06
-4.3928096e-14
2.9897905e-06
-4.0023608e-14
2.9897905e-06
-3.6486205e-14
2.9897905e-06
-3.5828526e-14
2.9897905e-06
-3.413288e-14
2.9897905e-06
-3.1172643e-14
2.9897905e-06
-2.9099247e-14
2.9897905e-06
-2.7549849e-14
2.9897905e-06
-2.5918193e-14
2.9897905e-06
-2.4427027e-14
2.9897905e-06
-2.3119869e-14
2.9897905e-06
-2.2062986e-14
2.9897905e-06
-2.0918681e-14
2.9897905e-06
-1.984103e-14
2.9897905e-06
-1.89336e-14
2.9897905e-06
-1.7810588e-14
2.9897905e-06
-1.6956919e-14
2.9897905e-06
-1.6493598e-14
2.9897905e-06
-1.5769323e-14
2.9897905e-06
-1.4984727e-14
2.9897905e-06
-1.4215925e-14
2.9897905e-06
-1.3472655e-14
2.9897905e-06
-1.2973214e-14
2.9897905e-06
-1.2514576e-14
2.9897906e-06
-1.1891099e-14
2.9897906e-06
-1.1480532e-14
2.9897906e-06
-1.0779112e-14
2.9897906e-06
-1.0228317e-14
2.9897906e-06
-1.0158902e-14
2.9897906e-06
-9.7098245e-15
2.9897906e-06
-9.1471367e-15
2.9897906e-06
-8.743018e-15
2.9897906e-06
-8.3620089e-15
2.9897906e-06
-7.9059518e-15
2.9897906e-06
-7.5517593e-15
2.9897906e-06
-7.4635914e-15
2.9897906e-06
-7.4251762e-15
2.9897906e-06
-7.0568537e-15
2.9897906e-06
-6.4203038e-15
2.9897906e-06
-6.3917058e-15
2.9897906e-06
-6.2316782e-15
2.9897906e-06
-5.7185032e-15
2.9897906e-06
-5.5227752e-15
2.9897906e-06
-5.4005772e-15
2.9897906e-06
-4.8208738e-15
2.9897906e-06
-4.7545971e-15
2.9897906e-06
-4.7491033e-15
2.9897906e-06
-4.1962414e-15
2.9897906e-06
-4.0999262e-15
2.9897906e-06
-3.9601812e-15
2.9897906e-06
-3.5377742e-15
2.9897906e-06
-3.4396235e-15
2.9897906e-06
-3.408199e-15
2.9897906e-06
-3.2041288e-15
2.9897906e-06
-3.0170599e-15
2.9897906e-06
-2.6706165e-15
2.9897906e-06
-2.3266225e-15
2.9897906e-06
-2.5244923e-15
2.9897906e-06
-2.3359646e-15
2.9897906e-06
-1.8284205e-15
2.9897906e-06
-1.6751567e-15
2.9897906e-06
-1.3321181e-15
2.9897906e-06
-1.3882482e-15
2.9897906e-06
-1.1690276e-15
2.9897906e-06
-5.7599065e-16
2.9897906e-06
-3.0164552e-16
2.9897906e-06
-9.6169489e-17
2.9897906e-06
5.78544e-16
2.9897906e-06
1.2206121e-15
2.9897906e-06
1.420796e-15
2.9897906e-06
2.3425743e-15
2.9897906e-06
3.6055407e-15
2.9897906e-06
4.7292838e-15
2.9897906e-06
6.7150085e-15
2.9897906e-06
8.8117065e-15
2.9897906e-06
1.276438e-14
2.9897906e-06
1.5669093e-14
2.9897906e-06
3.0098283e-14
2.9897906e-06
2.3149042e-14
2.9897906e-06
9.2822154e-14
2.9897906e-06
9.2532666e-14
2.9897905e-06
3.308755e-14
3.8453984e-14
3.0843653e-06
6.4482889e-11
3.0843637e-06
7.7269314e-11
3.0843621e-06
7.2894941e-11
3.0843607e-06
6.815762e-11
3.0843593e-06
6.7005629e-11
3.084358e-06
6.6878607e-11
3.0843566e-06
6.6711654e-11
3.0843553e-06
6.6357267e-11
3.084354e-06
6.6014595e-11
3.0843526e-06
6.5894916e-11
3.0843513e-06
6.5669524e-11
3.08435e-06
6.5015217e-11
3.0843486e-06
6.4466349e-11
3.0843474e-06
6.3957058e-11
3.0843461e-06
6.33729e-11
3.0843449e-06
6.3089527e-11
3.0843436e-06
6.2842669e-11
3.0843424e-06
6.2522247e-11
3.0843411e-06
6.2147782e-11
3.0843399e-06
6.1752124e-11
3.0843386e-06
6.1351527e-11
3.0843374e-06
6.0950982e-11
3.0843362e-06
6.0550784e-11
3.084335e-06
6.0149874e-11
3.0843338e-06
5.9747622e-11
3.0843326e-06
5.9344089e-11
3.0843314e-06
5.8939132e-11
3.0843302e-06
5.8532608e-11
3.084329e-06
5.8124875e-11
3.0843279e-06
5.771587e-11
3.0843267e-06
5.7305483e-11
3.0843256e-06
5.6893989e-11
3.0843244e-06
5.6481285e-11
3.0843233e-06
5.6067326e-11
3.0843222e-06
5.5652319e-11
3.084321e-06
5.5236887e-11
3.0843199e-06
5.4820142e-11
3.0843188e-06
5.4385765e-11
3.0843177e-06
5.443798e-11
3.0843171e-06
3.0461452e-11
3.084317e-06
2.4338173e-12
3.084317e-06
-6.1453261e-13
3.084317e-06
-2.4764885e-13
3.084317e-06
-1.0221435e-13
3.084317e-06
-7.668312e-14
3.084317e-06
-6.8657543e-14
3.084317e-06
-6.2616285e-14
3.084317e-06
-5.7281165e-14
3.0843171e-06
-5.1892599e-14
3.0843171e-06
-4.7770973e-14
3.0843171e-06
-4.3528175e-14
3.0843171e-06
-3.9688696e-14
3.0843171e-06
-3.8958385e-14
3.0843171e-06
-3.7112871e-14
3.0843171e-06
-3.38918e-14
3.0843171e-06
-3.1653184e-14
3.0843171e-06
-2.9958852e-14
3.0843171e-06
-2.8189728e-14
3.0843171e-06
-2.6574416e-14
3.0843171e-06
-2.5152696e-14
3.0843171e-06
-2.3993768e-14
3.0843171e-06
-2.2748941e-14
3.0843171e-06
-2.1578663e-14
3.0843171e-06
-2.058968e-14
3.0843171e-06
-1.9389397e-14
3.0843171e-06
-1.845622e-14
3.0843171e-06
-1.7924739e-14
3.0843171e-06
-1.7144201e-14
3.0843171e-06
-1.6299105e-14
3.0843171e-06
-1.5468473e-14
3.0843171e-06
-1.4665603e-14
3.0843171e-06
-1.4116761e-14
3.0843171e-06
-1.3611649e-14
3.0843171e-06
-1.2939192e-14
3.0843171e-06
-1.2484255e-14
3.0843171e-06
-1.1737664e-14
3.0843171e-06
-1.1146834e-14
3.0843171e-06
-1.1043203e-14
3.0843171e-06
-1.0556652e-14
3.0843171e-06
-9.9574473e-15
3.0843171e-06
-9.5197932e-15
3.0843171e-06
-9.1055975e-15
3.0843171e-06
-8.6109181e-15
3.0843171e-06
-8.2175546e-15
3.0843171e-06
-8.1145277e-15
3.0843171e-06
-8.0737806e-15
3.0843171e-06
-7.677057e-15
3.0843171e-06
-7.0000277e-15
3.0843171e-06
-6.9528632e-15
3.0843171e-06
-6.7774182e-15
3.0843171e-06
-6.2337038e-15
3.0843171e-06
-6.0097938e-15
3.0843171e-06
-5.866994e-15
3.0843171e-06
-5.2644902e-15
3.0843171e-06
-5.1798811e-15
3.0843171e-06
-5.1573548e-15
3.0843171e-06
-4.5808624e-15
3.0843171e-06
-4.4648207e-15
3.0843171e-06
-4.3072852e-15
3.0843171e-06
-3.8642253e-15
3.0843171e-06
-3.7504561e-15
3.0843171e-06
-3.7055313e-15
3.0843171e-06
-3.4840859e-15
3.0843171e-06
-3.2805518e-15
3.0843171e-06
-2.9151921e-15
3.0843171e-06
-2.5546447e-15
3.0843171e-06
-2.7399484e-15
3.0843171e-06
-2.5337025e-15
3.0843171e-06
-2.0060585e-15
3.0843171e-06
-1.8340874e-15
3.0843171e-06
-1.4689987e-15
3.0843171e-06
-1.5071979e-15
3.0843171e-06
-1.2681401e-15
3.0843171e-06
-6.4695448e-16
3.0843171e-06
-3.4444966e-16
3.0843171e-06
-1.0893964e-16
3.0843171e-06
6.0540333e-16
3.0843171e-06
1.289925e-15
3.0843171e-06
1.5369361e-15
3.0843171e-06
2.5233533e-15
3.0843171e-06
3.8692304e-15
3.0843171e-06
5.0942899e-15
3.0843171e-06
7.2258562e-15
3.0843171e-06
9.4919037e-15
3.0843171e-06
1.376177e-14
3.0843171e-06
1.6883969e-14
3.0843171e-06
3.2395417e-14
3.0843171e-06
2.4972166e-14
3.0843171e-06
9.9444604e-14
3.0843171e-06
1.0067017e-13
3.0843171e-06
4.1602641e-14
4.5738055e-14
3.1815856e-06
6.5610707e-11
3.181584e-06
7.8843369e-11
3.1815824e-06
7.4448328e-11
3.181581e-06
6.9552214e-11
3.1815797e-06
6.8307676e-11
3.1815784e-06
6.8165652e-11
3.1815772e-06
6.800517e-11
3.1815759e-06
6.7648367e-11
3.1815746e-06
6.7296319e-11
3.1815733e-06
6.7188336e-11
3.181572e-06
6.6975597e-11
3.1815707e-06
6.6292632e-11
3.1815694e-06
6.5734954e-11
3.1815682e-06
6.518387e-11
3.181567e-06
6.4542608e-11
3.1815658e-06
6.4278564e-11
3.1815646e-06
6.4053392e-11
3.1815634e-06
6.3737029e-11
3.1815622e-06
6.3357767e-11
3.181561e-06
6.2954597e-11
3.1815598e-06
6.2545958e-11
3.1815586e-06
6.213745e-11
3.1815575e-06
6.1729424e-11
3.1815563e-06
6.1320729e-11
3.1815551e-06
6.0910683e-11
3.181554e-06
6.0499337e-11
3.1815528e-06
6.0086549e-11
3.1815517e-06
5.9672175e-11
3.1815505e-06
5.9256578e-11
3.1815494e-06
5.8839697e-11
3.1815483e-06
5.8421424e-11
3.1815472e-06
5.8002042e-11
3.1815461e-06
5.7581448e-11
3.181545e-06
5.7159588e-11
3.1815439e-06
5.6736684e-11
3.1815428e-06
5.6313419e-11
3.1815418e-06
5.5888839e-11
3.1815407e-06
5.5445672e-11
3.1815396e-06
5.5507468e-11
3.181539e-06
3.1107995e-11
3.1815389e-06
2.5202199e-12
3.1815389e-06
-6.4057532e-13
3.181539e-06
-2.6655841e-13
3.181539e-06
-1.1239822e-13
3.181539e-06
-8.3984606e-14
3.181539e-06
-7.4885612e-14
3.181539e-06
-6.8197392e-14
3.181539e-06
-6.2341015e-14
3.181539e-06
-5.6478375e-14
3.181539e-06
-5.1985156e-14
3.181539e-06
-4.7371622e-14
3.181539e-06
-4.3200177e-14
3.181539e-06
-4.2387861e-14
3.181539e-06
-4.0378935e-14
3.181539e-06
-3.6873e-14
3.181539e-06
-3.4453122e-14
3.181539e-06
-3.2599933e-14
3.181539e-06
-3.0680127e-14
3.181539e-06
-2.89289e-14
3.181539e-06
-2.7381616e-14
3.181539e-06
-2.6110341e-14
3.181539e-06
-2.4755601e-14
3.181539e-06
-2.348384e-14
3.181539e-06
-2.2405169e-14
3.181539e-06
-2.1120606e-14
3.181539e-06
-2.01007e-14
3.181539e-06
-1.9493685e-14
3.181539e-06
-1.8651196e-14
3.181539e-06
-1.7740126e-14
3.181539e-06
-1.6841999e-14
3.181539e-06
-1.5974414e-14
3.181539e-06
-1.5371013e-14
3.1815391e-06
-1.4814615e-14
3.1815391e-06
-1.4088758e-14
3.1815391e-06
-1.3585124e-14
3.1815391e-06
-1.2789437e-14
3.1815391e-06
-1.2154735e-14
3.1815391e-06
-1.201299e-14
3.1815391e-06
-1.1485487e-14
3.1815391e-06
-1.0846491e-14
3.1815391e-06
-1.0372156e-14
3.1815391e-06
-9.9218552e-15
3.1815391e-06
-9.3849849e-15
3.1815391e-06
-8.9481771e-15
3.1815391e-06
-8.8280073e-15
3.1815391e-06
-8.7846053e-15
3.1815391e-06
-8.3576924e-15
3.1815391e-06
-7.6368546e-15
3.1815391e-06
-7.5683836e-15
3.1815391e-06
-7.3758638e-15
3.1815391e-06
-6.7996202e-15
3.1815391e-06
-6.5447365e-15
3.1815391e-06
-6.3788934e-15
3.1815391e-06
-5.751875e-15
3.1815391e-06
-5.6469603e-15
3.1815391e-06
-5.6053017e-15
3.1815391e-06
-5.0034171e-15
3.1815391e-06
-4.8656891e-15
3.1815391e-06
-4.6884884e-15
3.1815391e-06
-4.2231787e-15
3.1815391e-06
-4.0920453e-15
3.1815391e-06
-4.031879e-15
3.1815391e-06
-3.7915125e-15
3.1815391e-06
-3.569958e-15
3.1815391e-06
-3.1842342e-15
3.1815391e-06
-2.8056205e-15
3.1815391e-06
-2.9765468e-15
3.1815391e-06
-2.7509682e-15
3.1815391e-06
-2.2017046e-15
3.1815391e-06
-2.0092625e-15
3.1815391e-06
-1.6203697e-15
3.1815391e-06
-1.6384997e-15
3.1815391e-06
-1.3774647e-15
3.1815391e-06
-7.2605547e-16
3.1815391e-06
-3.9283288e-16
3.1815391e-06
-1.243556e-16
3.1815391e-06
6.3267799e-16
3.1815391e-06
1.3634481e-15
3.1815391e-06
1.6620784e-15
3.1815391e-06
2.7185792e-15
3.1815391e-06
4.1542052e-15
3.1815391e-06
5.4894115e-15
3.1815391e-06
7.7788907e-15
3.1815391e-06
1.0228788e-14
3.1815391e-06
1.4842586e-14
3.1815391e-06
1.8200333e-14
3.1815391e-06
3.488068e-14
3.1815391e-06
2.6952455e-14
3.1815391e-06
1.0656653e-13
3.181539e-06
1.0936215e-13
3.181539e-06
5.1631168e-14
5.4482523e-14
3.2816356e-06
6.6696667e-11
3.2816341e-06
8.0297153e-11
3.2816326e-06
7.5955038e-11
3.2816312e-06
7.0922521e-11
3.28163e-06
6.957641e-11
3.2816287e-06
6.9412713e-11
3.2816275e-06
6.9257321e-11
3.2816262e-06
6.8898763e-11
3.281625e-06
6.853611e-11
3.2816237e-06
6.8439431e-11
3.2816224e-06
6.8241231e-11
3.2816212e-06
6.7529775e-11
3.28162e-06
6.6968831e-11
3.2816188e-06
6.6370735e-11
3.2816177e-06
6.5662263e-11
3.2816165e-06
6.5422141e-11
3.2816154e-06
6.5223512e-11
3.2816142e-06
6.4913016e-11
3.281613e-06
6.4529505e-11
3.2816118e-06
6.4119092e-11
3.2816107e-06
6.3702638e-11
3.2816095e-06
6.3286396e-11
3.2816084e-06
6.2870783e-11
3.2816073e-06
6.2454552e-11
3.2816061e-06
6.2036963e-11
3.281605e-06
6.1618059e-11
3.2816039e-06
6.1197694e-11
3.2816028e-06
6.0775727e-11
3.2816017e-06
6.0352525e-11
3.2816006e-06
5.9928031e-11
3.2815995e-06
5.9502137e-11
3.2815985e-06
5.9075133e-11
3.2815974e-06
5.8646919e-11
3.2815963e-06
5.8217431e-11
3.2815953e-06
5.7786905e-11
3.2815942e-06
5.735609e-11
3.2815932e-06
5.6923963e-11
3.2815922e-06
5.6472261e-11
3.2815911e-06
5.6543836e-11
3.2815905e-06
3.1737332e-11
3.2815904e-06
2.6061145e-12
3.2815905e-06
-6.6724133e-13
3.2815905e-06
-2.8667352e-13
3.2815905e-06
-1.2350466e-13
3.2815905e-06
-9.1959106e-14
3.2815905e-06
-8.1663776e-14
3.2815905e-06
-7.4259698e-14
3.2815905e-06
-6.7832331e-14
3.2815905e-06
-6.1453598e-14
3.2815905e-06
-5.6556351e-14
3.2815905e-06
-5.15413e-14
3.2815905e-06
-4.7008767e-14
3.2815905e-06
-4.6105445e-14
3.2815905e-06
-4.3920675e-14
3.2815905e-06
-4.0106537e-14
3.2815905e-06
-3.7489864e-14
3.2815906e-06
-3.5464453e-14
3.2815906e-06
-3.3381238e-14
3.2815906e-06
-3.1482751e-14
3.2815906e-06
-2.9799298e-14
3.2815906e-06
-2.8405786e-14
3.2815906e-06
-2.6932079e-14
3.2815906e-06
-2.5550326e-14
3.2815906e-06
-2.4374144e-14
3.2815906e-06
-2.2998503e-14
3.2815906e-06
-2.1884913e-14
3.2815906e-06
-2.1195327e-14
3.2815906e-06
-2.0285351e-14
3.2815906e-06
-1.9303032e-14
3.2815906e-06
-1.8331981e-14
3.2815906e-06
-1.7394717e-14
3.2815906e-06
-1.6731811e-14
3.2815906e-06
-1.6119504e-14
3.2815906e-06
-1.5335992e-14
3.2815906e-06
-1.4779505e-14
3.2815906e-06
-1.3930934e-14
3.2815906e-06
-1.3248657e-14
3.2815906e-06
-1.3065075e-14
3.2815906e-06
-1.2493272e-14
3.2815906e-06
-1.1811321e-14
3.2815906e-06
-1.1297272e-14
3.2815906e-06
-1.0808056e-14
3.2815906e-06
-1.0225584e-14
3.2815906e-06
-9.7412684e-15
3.2815906e-06
-9.6017184e-15
3.2815906e-06
-9.5552575e-15
3.2815906e-06
-9.0964719e-15
3.2815906e-06
-8.3287021e-15
3.2815906e-06
-8.2362677e-15
3.2815906e-06
-8.0250078e-15
3.2815906e-06
-7.4143258e-15
3.2815906e-06
-7.1258417e-15
3.2815906e-06
-6.9346239e-15
3.2815906e-06
-6.2814007e-15
3.2815906e-06
-6.1542817e-15
3.2815906e-06
-6.091488e-15
3.2815906e-06
-5.4625083e-15
3.2815906e-06
-5.3012182e-15
3.2815906e-06
-5.102557e-15
3.2815906e-06
-4.6134427e-15
3.2815906e-06
-4.4632758e-15
3.2815906e-06
-4.3862188e-15
3.2815906e-06
-4.1254327e-15
3.2815906e-06
-3.884347e-15
3.2815906e-06
-3.4768544e-15
3.2815906e-06
-3.0787005e-15
3.2815906e-06
-3.2335296e-15
3.2815906e-06
-2.9870752e-15
3.2815906e-06
-2.4147075e-15
3.2815906e-06
-2.2000936e-15
3.2815906e-06
-1.7857034e-15
3.2815906e-06
-1.7817314e-15
3.2815906e-06
-1.4966526e-15
3.2815906e-06
-8.1300374e-16
3.2815906e-06
-4.4660798e-16
3.2815906e-06
-1.4234805e-16
3.2815906e-06
6.6034495e-16
3.2815906e-06
1.4410284e-15
3.2815906e-06
1.7958739e-15
3.2815906e-06
2.9277013e-15
3.2815906e-06
4.4596887e-15
3.2815906e-06
5.9135431e-15
3.2815906e-06
8.3725753e-15
3.2815906e-06
1.1020299e-14
3.2815906e-06
1.6003753e-14
3.2815906e-06
1.9614461e-14
3.2815906e-06
3.7547104e-14
3.2815906e-06
2.9083934e-14
3.2815906e-06
1.1416799e-13
3.2815906e-06
1.1858457e-13
3.2815906e-06
6.3121917e-14
6.4648316e-14
3.3846503e-06
6.7751959e-11
3.384649e-06
8.1605519e-11
3.3846475e-06
7.741778e-11
3.3846462e-06
7.2278174e-11
3.3846449e-06
7.0821247e-11
3.3846437e-06
7.0628096e-11
3.3846425e-06
7.0475611e-11
3.3846413e-06
7.0115791e-11
3.3846401e-06
6.974094e-11
3.3846389e-06
6.9654646e-11
3.3846376e-06
6.9472686e-11
3.3846364e-06
6.8733159e-11
3.3846352e-06
6.8175816e-11
3.3846341e-06
6.7525485e-11
3.384633e-06
6.6738592e-11
3.3846319e-06
6.6526946e-11
3.3846307e-06
6.6359877e-11
3.3846296e-06
6.6057061e-11
3.3846285e-06
6.5669785e-11
3.3846273e-06
6.5252342e-11
3.3846262e-06
6.4828253e-11
3.3846251e-06
6.4404464e-11
3.384624e-06
6.3981459e-11
3.3846229e-06
6.3557895e-11
3.3846218e-06
6.3132971e-11
3.3846207e-06
6.2706716e-11
3.3846196e-06
6.2278985e-11
3.3846185e-06
6.1849637e-11
3.3846175e-06
6.1419044e-11
3.3846164e-06
6.0987151e-11
3.3846154e-06
6.0553854e-11
3.3846143e-06
6.011945e-11
3.3846133e-06
5.968384e-11
3.3846122e-06
5.9246949e-11
3.3846112e-06
5.8809029e-11
3.3846102e-06
5.8370902e-11
3.3846092e-06
5.793147e-11
3.3846082e-06
5.7471427e-11
3.3846072e-06
5.7553043e-11
3.3846066e-06
3.2353573e-11
3.3846065e-06
2.6928609e-12
3.3846065e-06
-6.9412513e-13
3.3846065e-06
-3.0787146e-13
3.3846065e-06
-1.354984e-13
3.3846066e-06
-1.0059326e-13
3.3846066e-06
-8.8983655e-14
3.3846066e-06
-8.0796629e-14
3.3846066e-06
-7.3749709e-14
3.3846066e-06
-6.6813704e-14
3.3846066e-06
-6.1480547e-14
3.3846066e-06
-5.6033937e-14
3.3846066e-06
-5.1111186e-14
3.3846066e-06
-5.0107916e-14
3.3846066e-06
-4.7735571e-14
3.3846066e-06
-4.3589999e-14
3.3846066e-06
-4.0761055e-14
3.3846066e-06
-3.855021e-14
3.3846066e-06
-3.6291001e-14
3.3846066e-06
-3.423399e-14
3.3846066e-06
-3.2403875e-14
3.3846066e-06
-3.0878348e-14
3.3846066e-06
-2.9276718e-14
3.3846066e-06
-2.7776549e-14
3.3846066e-06
-2.6495102e-14
3.3846066e-06
-2.502161e-14
3.3846066e-06
-2.3807465e-14
3.3846066e-06
-2.3028389e-14
3.3846066e-06
-2.2045395e-14
3.3846066e-06
-2.0986587e-14
3.3846066e-06
-1.993726e-14
3.3846066e-06
-1.892537e-14
3.3846066e-06
-1.8198076e-14
3.3846066e-06
-1.7525295e-14
3.3846066e-06
-1.6679916e-14
3.3846066e-06
-1.6066467e-14
3.3846066e-06
-1.5161252e-14
3.3846066e-06
-1.4427724e-14
3.3846067e-06
-1.4198647e-14
3.3846067e-06
-1.3579238e-14
3.3846067e-06
-1.2851193e-14
3.3846067e-06
-1.2294413e-14
3.3846067e-06
-1.1763501e-14
3.3846067e-06
-1.1132088e-14
3.3846067e-06
-1.0596294e-14
3.3846067e-06
-1.043509e-14
3.3846067e-06
-1.0385079e-14
3.3846067e-06
-9.8927947e-15
3.3846067e-06
-9.0750716e-15
3.3846067e-06
-8.9560297e-15
3.3846067e-06
-8.7243294e-15
3.3846067e-06
-8.0773186e-15
3.3846067e-06
-7.752688e-15
3.3846067e-06
-7.5337996e-15
3.3846067e-06
-6.8526631e-15
3.3846067e-06
-6.7014612e-15
3.3846067e-06
-6.6155759e-15
3.3846067e-06
-5.9578017e-15
3.3846067e-06
-5.7710995e-15
3.3846067e-06
-5.5492097e-15
3.3846067e-06
-5.0347403e-15
3.3846067e-06
-4.8638807e-15
3.3846067e-06
-4.7683084e-15
3.3846067e-06
-4.4856276e-15
3.3846067e-06
-4.2235136e-15
3.3846067e-06
-3.7928476e-15
3.3846067e-06
-3.3736808e-15
3.3846067e-06
-3.5107378e-15
3.3846067e-06
-3.2418833e-15
3.3846067e-06
-2.6449253e-15
3.3846067e-06
-2.4064596e-15
3.3846067e-06
-1.964885e-15
3.3846067e-06
-1.9368168e-15
3.3846067e-06
-1.6256622e-15
3.3846067e-06
-9.0775018e-16
3.3846067e-06
-5.0575561e-16
3.3846067e-06
-1.6293973e-16
3.3846067e-06
6.8837624e-16
3.3846067e-06
1.5226075e-15
3.3846067e-06
1.9381828e-15
3.3846067e-06
3.1505364e-15
3.3846067e-06
4.7854495e-15
3.3846067e-06
6.3663514e-15
3.3846067e-06
9.0064687e-15
3.3846067e-06
1.1865839e-14
3.3846067e-06
1.7244348e-14
3.3846067e-06
2.1125249e-14
3.3846067e-06
4.0392506e-14
3.3846067e-06
3.1364822e-14
3.3846067e-06
1.2224319e-13
3.3846066e-06
1.2828699e-13
3.3846066e-06
7.6012677e-14
7.6223812e-14
3.4907324e-06
6.8776118e-11
3.4907312e-06
8.2770605e-11
3.4907298e-06
7.8839769e-11
3.4907285e-06
7.3624112e-11
3.4907272e-06
7.2046118e-11
3.4907261e-06
7.1814595e-11
3.4907249e-06
7.1662314e-11
3.4907237e-06
7.1301671e-11
3.4907225e-06
7.0912635e-11
3.4907213e-06
7.0835678e-11
3.4907201e-06
7.0671974e-11
3.490719e-06
6.9904719e-11
3.4907178e-06
6.9359463e-11
3.4907166e-06
6.8650937e-11
3.4907156e-06
6.7772125e-11
3.4907145e-06
6.7594138e-11
3.4907134e-06
6.7464278e-11
3.4907123e-06
6.7171158e-11
3.4907112e-06
6.678063e-11
3.4907101e-06
6.635636e-11
3.490709e-06
6.5924805e-11
3.4907079e-06
6.5493639e-11
3.4907068e-06
6.5063425e-11
3.4907058e-06
6.4632719e-11
3.4907047e-06
6.4200654e-11
3.4907036e-06
6.3767244e-11
3.4907026e-06
6.3332345e-11
3.4907015e-06
6.2895815e-11
3.4907005e-06
6.2458032e-11
3.4906995e-06
6.2018944e-11
3.4906984e-06
6.1578449e-11
3.4906974e-06
6.1136853e-11
3.4906964e-06
6.0694058e-11
3.4906954e-06
6.0249979e-11
3.4906944e-06
5.9804881e-11
3.4906934e-06
5.9359667e-11
3.4906924e-06
5.8913162e-11
3.4906915e-06
5.8444958e-11
3.4906905e-06
5.8536881e-11
3.4906899e-06
3.2957804e-11
3.4906898e-06
2.7806835e-12
3.4906898e-06
-7.2120751e-13
3.4906898e-06
-3.3022899e-13
3.4906899e-06
-1.484645e-13
3.4906899e-06
-1.099558e-13
3.4906899e-06
-9.6901356e-14
3.4906899e-06
-8.7856439e-14
3.4906899e-06
-8.013599e-14
3.4906899e-06
-7.259719e-14
3.4906899e-06
-6.6792888e-14
3.4906899e-06
-6.0881895e-14
3.4906899e-06
-5.5536521e-14
3.4906899e-06
-5.4423229e-14
3.4906899e-06
-5.1850949e-14
3.4906899e-06
-4.7348391e-14
3.4906899e-06
-4.4290052e-14
3.4906899e-06
-4.1879259e-14
3.4906899e-06
-3.9430221e-14
3.4906899e-06
-3.7202257e-14
3.4906899e-06
-3.5213958e-14
3.4906899e-06
-3.3545669e-14
3.4906899e-06
-3.1806258e-14
3.4906899e-06
-3.0178415e-14
3.49069e-06
-2.8783165e-14
3.49069e-06
-2.7204326e-14
3.49069e-06
-2.5882119e-14
3.49069e-06
-2.5005994e-14
3.49069e-06
-2.394379e-14
3.49069e-06
-2.2802752e-14
3.49069e-06
-2.1669308e-14
3.49069e-06
-2.057732e-14
3.49069e-06
-1.9780289e-14
3.49069e-06
-1.9042033e-14
3.49069e-06
-1.8130151e-14
3.49069e-06
-1.7455238e-14
3.49069e-06
-1.648923e-14
3.49069e-06
-1.5700419e-14
3.49069e-06
-1.5421851e-14
3.49069e-06
-1.4751198e-14
3.49069e-06
-1.3973593e-14
3.49069e-06
-1.3370766e-14
3.49069e-06
-1.2795104e-14
3.49069e-06
-1.2111143e-14
3.49069e-06
-1.1519543e-14
3.49069e-06
-1.1334067e-14
3.49069e-06
-1.1279866e-14
3.49069e-06
-1.0752392e-14
3.49069e-06
-9.8814731e-15
3.49069e-06
-9.7328757e-15
3.49069e-06
-9.4788163e-15
3.49069e-06
-8.7934345e-15
3.49069e-06
-8.4299153e-15
3.49069e-06
-8.180831e-15
3.49069e-06
-7.4698539e-15
3.49069e-06
-7.2925168e-15
3.49069e-06
-7.1814143e-15
3.49069e-06
-6.4929652e-15
3.49069e-06
-6.2788326e-15
3.49069e-06
-6.0317741e-15
3.49069e-06
-5.490221e-15
3.49069e-06
-5.2968534e-15
3.49069e-06
-5.1809921e-15
3.49069e-06
-4.8747837e-15
3.49069e-06
-4.5899952e-15
3.49069e-06
-4.1345971e-15
3.49069e-06
-3.6927946e-15
3.49069e-06
-3.8102663e-15
3.49069e-06
-3.5173354e-15
3.49069e-06
-2.8941367e-15
3.49069e-06
-2.6299794e-15
3.49069e-06
-2.1593609e-15
3.49069e-06
-2.1050284e-15
3.49069e-06
-1.7655704e-15
3.49069e-06
-1.0111629e-15
3.49069e-06
-5.7091335e-16
3.49069e-06
-1.8650947e-16
3.49069e-06
7.1669832e-16
3.49069e-06
1.6084527e-15
3.49069e-06
2.0896761e-15
3.49069e-06
3.3882529e-15
3.49069e-06
5.1332844e-15
3.49069e-06
6.8504072e-15
3.49069e-06
9.6842066e-15
3.49069e-06
1.2770294e-14
3.49069e-06
1.8571512e-14
3.49069e-06
2.274142e-14
3.49069e-06
4.3432553e-14
3.49069e-06
3.3809257e-14
3.49069e-06
1.3083722e-13
3.49069e-06
1.3834702e-13
3.49069e-06
9.0282081e-14
8.9355802e-14
3.5999867e-06
6.9768062e-11
3.5999857e-06
8.3792744e-11
3.5999843e-06
8.0224781e-11
3.5999829e-06
7.496562e-11
3.5999817e-06
7.325518e-11
3.5999806e-06
7.297515e-11
3.5999794e-06
7.2819799e-11
3.5999782e-06
7.2458702e-11
3.5999771e-06
7.2053032e-11
3.599976e-06
7.1984262e-11
3.5999748e-06
7.1841222e-11
3.5999736e-06
7.1046453e-11
3.5999725e-06
7.052366e-11
3.5999714e-06
6.9750162e-11
3.5999704e-06
6.8763321e-11
3.5999694e-06
6.8624889e-11
3.5999683e-06
6.8538555e-11
3.5999672e-06
6.8257356e-11
3.5999661e-06
6.7864126e-11
3.599965e-06
6.7433224e-11
3.599964e-06
6.6994355e-11
3.5999629e-06
6.6555968e-11
3.5999619e-06
6.6118715e-11
3.5999608e-06
6.5681044e-11
3.5999598e-06
6.5242019e-11
3.5999587e-06
6.4801637e-11
3.5999577e-06
6.4359754e-11
3.5999567e-06
6.3916228e-11
3.5999557e-06
6.3471444e-11
3.5999547e-06
6.3025351e-11
3.5999537e-06
6.2577852e-11
3.5999527e-06
6.2129261e-11
3.5999517e-06
6.167948e-11
3.5999507e-06
6.1228413e-11
3.5999497e-06
6.0776343e-11
3.5999488e-06
6.0324254e-11
3.5999478e-06
5.9870899e-11
3.5999469e-06
5.9394697e-11
3.5999459e-06
5.9497198e-11
3.5999453e-06
3.3551167e-11
3.5999452e-06
2.8698464e-12
3.5999453e-06
-7.4845078e-13
3.5999453e-06
-3.5381641e-13
3.5999453e-06
-1.6248874e-13
3.5999453e-06
-1.2011839e-13
3.5999453e-06
-1.0547618e-13
3.5999453e-06
-9.5490451e-14
3.5999453e-06
-8.7036902e-14
3.5999453e-06
-7.8845223e-14
3.5999453e-06
-7.2530988e-14
3.5999453e-06
-6.6119861e-14
3.5999453e-06
-6.0315951e-14
3.5999453e-06
-5.9081334e-14
3.5999454e-06
-5.6296108e-14
3.5999454e-06
-5.140858e-14
3.5999454e-06
-4.8101937e-14
3.5999454e-06
-4.5475292e-14
3.5999454e-06
-4.2821236e-14
3.5999454e-06
-4.0408651e-14
3.5999454e-06
-3.8249527e-14
3.5999454e-06
-3.6426698e-14
3.5999454e-06
-3.4538697e-14
3.5999454e-06
-3.2773028e-14
3.5999454e-06
-3.1254577e-14
3.5999454e-06
-2.9562112e-14
3.5999454e-06
-2.8123674e-14
3.5999454e-06
-2.7142238e-14
3.5999454e-06
-2.5993928e-14
3.5999454e-06
-2.4764369e-14
3.5999454e-06
-2.3540442e-14
3.5999454e-06
-2.2362333e-14
3.5999454e-06
-2.1489714e-14
3.5999454e-06
-2.0680505e-14
3.5999454e-06
-1.9697033e-14
3.5999454e-06
-1.8955723e-14
3.5999454e-06
-1.7924361e-14
3.5999454e-06
-1.7075844e-14
3.5999454e-06
-1.6743432e-14
3.5999454e-06
-1.6017538e-14
3.5999454e-06
-1.5186569e-14
3.5999454e-06
-1.4534051e-14
3.5999454e-06
-1.3910289e-14
3.5999454e-06
-1.3169883e-14
3.5999454e-06
-1.2517782e-14
3.5999454e-06
-1.2305035e-14
3.5999454e-06
-1.2245834e-14
3.5999454e-06
-1.1681415e-14
3.5999454e-06
-1.0753827e-14
3.5999454e-06
-1.0572401e-14
3.5999454e-06
-1.0293824e-14
3.5999454e-06
-9.5678637e-15
3.5999454e-06
-9.1625098e-15
3.5999454e-06
-8.880451e-15
3.5999454e-06
-8.1374779e-15
3.5999454e-06
-7.9317683e-15
3.5999454e-06
-7.7931409e-15
3.5999454e-06
-7.071938e-15
3.5999454e-06
-6.8281744e-15
3.5999454e-06
-6.5538264e-15
3.5999454e-06
-5.9832755e-15
3.5999454e-06
-5.7654138e-15
3.5999454e-06
-5.6273216e-15
3.5999454e-06
-5.2957898e-15
3.5999454e-06
-4.98652e-15
3.5999454e-06
-4.5046638e-15
3.5999454e-06
-4.0384447e-15
3.5999454e-06
-4.1343656e-15
3.5999454e-06
-3.8155199e-15
3.5999454e-06
-3.1642571e-15
3.5999454e-06
-2.8723957e-15
3.5999454e-06
-2.3706883e-15
3.5999454e-06
-2.2877391e-15
3.5999454e-06
-1.917548e-15
3.5999454e-06
-1.1241798e-15
3.5999454e-06
-6.427735e-16
3.5999454e-06
-2.1347556e-16
3.5999454e-06
7.4521365e-16
3.5999454e-06
1.6988386e-15
3.5999454e-06
2.2510531e-15
3.5999454e-06
3.6420831e-15
3.5999454e-06
5.5050899e-15
3.5999454e-06
7.3684253e-15
3.5999454e-06
1.0409641e-14
3.5999454e-06
1.3738842e-14
3.5999454e-06
1.99928e-14
3.5999454e-06
2.4472212e-14
3.5999454e-06
4.6683774e-14
3.5999454e-06
3.6432257e-14
3.5999454e-06
1.3999895e-13
3.5999454e-06
1.4859383e-13
3.5999454e-06
1.0585594e-13
1.0419053e-13
3.7125209e-06
7.072583e-11
3.71252e-06
8.4670168e-11
3.7125186e-06
8.1577146e-11
3.7125173e-06
7.6308248e-11
3.7125161e-06
7.445271e-11
3.712515e-06
7.4112741e-11
3.7125138e-06
7.3950414e-11
3.7125127e-06
7.3589142e-11
3.7125116e-06
7.3163852e-11
3.7125105e-06
7.310206e-11
3.7125093e-06
7.2982574e-11
3.7125082e-06
7.2160315e-11
3.7125071e-06
7.167257e-11
3.712506e-06
7.0826396e-11
3.712505e-06
6.9712424e-11
3.712504e-06
6.9620272e-11
3.712503e-06
6.9584482e-11
3.7125019e-06
6.9317652e-11
3.7125009e-06
6.8922305e-11
3.7124998e-06
6.848496e-11
3.7124988e-06
6.8038914e-11
3.7124977e-06
6.7593449e-11
3.7124967e-06
6.7149311e-11
3.7124957e-06
6.670484e-11
3.7124947e-06
6.6259023e-11
3.7124937e-06
6.581184e-11
3.7124927e-06
6.5363145e-11
3.7124917e-06
6.4912799e-11
3.7124907e-06
6.4461189e-11
3.7124897e-06
6.400827e-11
3.7124887e-06
6.3553947e-11
3.7124877e-06
6.3098544e-11
3.7124868e-06
6.2641966e-11
3.7124858e-06
6.2184101e-11
3.7124849e-06
6.172525e-11
3.7124839e-06
6.1266489e-11
3.712483e-06
6.0806494e-11
3.7124821e-06
6.0322443e-11
3.7124811e-06
6.04358e-11
3.7124806e-06
3.4134798e-11
3.7124805e-06
2.9606381e-12
3.7124805e-06
-7.7580025e-13
3.7124805e-06
-3.7869764e-13
3.7124805e-06
-1.776578e-13
3.7124805e-06
-1.3115606e-13
3.7124805e-06
-1.1477118e-13
3.7124806e-06
-1.0375358e-13
3.7124806e-06
-9.4501539e-14
3.7124806e-06
-8.5602105e-14
3.7124806e-06
-7.8735393e-14
3.7124806e-06
-7.1785286e-14
3.7124806e-06
-6.5483184e-14
3.7124806e-06
-6.4114549e-14
3.7124806e-06
-6.1102697e-14
3.7124806e-06
-5.5799635e-14
3.7124806e-06
-5.2223856e-14
3.7124806e-06
-4.9363946e-14
3.7124806e-06
-4.648824e-14
3.7124806e-06
-4.3876008e-14
3.7124806e-06
-4.1532236e-14
3.7124806e-06
-3.9541954e-14
3.7124806e-06
-3.7493506e-14
3.7124806e-06
-3.5578887e-14
3.7124806e-06
-3.3926922e-14
3.7124806e-06
-3.2111706e-14
3.7124806e-06
-3.054813e-14
3.7124806e-06
-2.9452385e-14
3.7124806e-06
-2.8210312e-14
3.7124806e-06
-2.6885328e-14
3.7124806e-06
-2.5563987e-14
3.7124806e-06
-2.4293141e-14
3.7124806e-06
-2.3338538e-14
3.7124807e-06
-2.245238e-14
3.7124807e-06
-2.1391741e-14
3.7124807e-06
-2.0578641e-14
3.7124807e-06
-1.9476916e-14
3.7124807e-06
-1.8563853e-14
3.7124807e-06
-1.8172849e-14
3.7124807e-06
-1.7387334e-14
3.7124807e-06
-1.6498825e-14
3.7124807e-06
-1.5792618e-14
3.7124807e-06
-1.5117089e-14
3.7124807e-06
-1.4316036e-14
3.7124807e-06
-1.3598341e-14
3.7124807e-06
-1.3354919e-14
3.7124807e-06
-1.3289701e-14
3.7124807e-06
-1.2686499e-14
3.7124807e-06
-1.1698545e-14
3.7124807e-06
-1.1480661e-14
3.7124807e-06
-1.1175141e-14
3.7124807e-06
-1.0406222e-14
3.7124807e-06
-9.9558664e-15
3.7124807e-06
-9.6377898e-15
3.7124807e-06
-8.8604141e-15
3.7124807e-06
-8.6238853e-15
3.7124807e-06
-8.4552331e-15
3.7124807e-06
-7.6989933e-15
3.7124807e-06
-7.4231942e-15
3.7124807e-06
-7.1192355e-15
3.7124807e-06
-6.5175781e-15
3.7124807e-06
-6.273046e-15
3.7124807e-06
-6.110602e-15
3.7124807e-06
-5.7517741e-15
3.7124807e-06
-5.4160394e-15
3.7124807e-06
-4.9058283e-15
3.7124807e-06
-4.4132325e-15
3.7124807e-06
-4.485475e-15
3.7124807e-06
-4.1386967e-15
3.7124807e-06
-3.457364e-15
3.7124807e-06
-3.1356031e-15
3.7124807e-06
-2.6005605e-15
3.7124807e-06
-2.486439e-15
3.7124807e-06
-2.0828645e-15
3.7124807e-06
-1.2478249e-15
3.7124807e-06
-7.220953e-16
3.7124807e-06
-2.4430275e-16
3.7124807e-06
7.7380652e-16
3.7124807e-06
1.794043e-15
3.7124807e-06
2.4230498e-15
3.7124807e-06
3.9133335e-15
3.7124807e-06
5.9028831e-15
3.7124807e-06
7.9233012e-15
3.7124807e-06
1.1186878e-14
3.7124807e-06
1.4777003e-14
3.7124807e-06
2.1516267e-14
3.7124807e-06
2.6327475e-14
3.7124807e-06
5.016372e-14
3.7124807e-06
3.924989e-14
3.7124807e-06
1.4978162e-13
3.7124807e-06
1.5879915e-13
3.7124806e-06
1.225987e-13
1.2087476e-13
3.8284445e-06
7.1646351e-11
3.8284438e-06
8.5398762e-11
3.8284424e-06
8.2901842e-11
3.8284411e-06
7.7657785e-11
3.8284399e-06
7.5643047e-11
3.8284388e-06
7.5230321e-11
3.8284377e-06
7.5056425e-11
3.8284366e-06
7.4695148e-11
3.8284355e-06
7.4246627e-11
3.8284344e-06
7.4190604e-11
3.8284333e-06
7.4098165e-11
3.8284322e-06
7.3248169e-11
3.8284311e-06
7.2810621e-11
3.82843e-06
7.1882989e-11
3.8284291e-06
7.0619362e-11
3.8284281e-06
7.0581212e-11
3.8284271e-06
7.060371e-11
3.8284261e-06
7.0353925e-11
3.828425e-06
6.9957093e-11
3.828424e-06
6.9513487e-11
3.828423e-06
6.906039e-11
3.828422e-06
6.8607975e-11
3.828421e-06
6.8157094e-11
3.82842e-06
6.7705974e-11
3.828419e-06
6.7253523e-11
3.828418e-06
6.6799697e-11
3.828417e-06
6.6344351e-11
3.828416e-06
6.5887346e-11
3.8284151e-06
6.5429075e-11
3.8284141e-06
6.4969497e-11
3.8284131e-06
6.4508521e-11
3.8284122e-06
6.4046479e-11
3.8284113e-06
6.358328e-11
3.8284103e-06
6.3118794e-11
3.8284094e-06
6.2653344e-11
3.8284085e-06
6.2188103e-11
3.8284076e-06
6.1721669e-11
3.8284067e-06
6.1229903e-11
3.8284057e-06
6.1354399e-11
3.8284052e-06
3.4709792e-11
3.8284051e-06
3.0533658e-12
3.8284051e-06
-8.031835e-13
3.8284051e-06
-4.0492961e-13
3.8284051e-06
-1.9405927e-13
3.8284051e-06
-1.4314745e-13
3.8284052e-06
-1.2485349e-13
3.8284052e-06
-1.1270475e-13
3.8284052e-06
-1.0258279e-13
3.8284052e-06
-9.2915685e-14
3.8284052e-06
-8.5449955e-14
3.8284052e-06
-7.7918734e-14
3.8284052e-06
-7.1074741e-14
3.8284052e-06
-6.9557881e-14
3.8284052e-06
-6.6305025e-14
3.8284052e-06
-6.0553126e-14
3.8284052e-06
-5.6685296e-14
3.8284052e-06
-5.3573073e-14
3.8284052e-06
-5.0457515e-14
3.8284052e-06
-4.7629155e-14
3.8284052e-06
-4.5085595e-14
3.8284052e-06
-4.291374e-14
3.8284052e-06
-4.0691859e-14
3.8284052e-06
-3.8616117e-14
3.8284052e-06
-3.6819319e-14
3.8284053e-06
-3.4871299e-14
3.8284053e-06
-3.3172884e-14
3.8284053e-06
-3.1953019e-14
3.8284053e-06
-3.0608698e-14
3.8284053e-06
-2.9180712e-14
3.8284053e-06
-2.7754408e-14
3.8284053e-06
-2.6383574e-14
3.8284053e-06
-2.5339989e-14
3.8284053e-06
-2.4370338e-14
3.8284053e-06
-2.3226419e-14
3.8284053e-06
-2.2335634e-14
3.8284053e-06
-2.1158056e-14
3.8284053e-06
-2.0175146e-14
3.8284053e-06
-1.9720376e-14
3.8284053e-06
-1.8870444e-14
3.8284053e-06
-1.7919817e-14
3.8284053e-06
-1.7155538e-14
3.8284053e-06
-1.6424225e-14
3.8284053e-06
-1.5558e-14
3.8284053e-06
-1.4769197e-14
3.8284053e-06
-1.4491237e-14
3.8284053e-06
-1.4418744e-14
3.8284053e-06
-1.3774843e-14
3.8284053e-06
-1.2722592e-14
3.8284053e-06
-1.2464245e-14
3.8284053e-06
-1.2129055e-14
3.8284053e-06
-1.1314593e-14
3.8284053e-06
-1.081584e-14
3.8284053e-06
-1.0458424e-14
3.8284053e-06
-9.6439665e-15
3.8284053e-06
-9.3739464e-15
3.8284053e-06
-9.172554e-15
3.8284053e-06
-8.37877e-15
3.8284053e-06
-8.0683188e-15
3.8284053e-06
-7.7322123e-15
3.8284053e-06
-7.0971214e-15
3.8284053e-06
-6.8235403e-15
3.8284053e-06
-6.6344325e-15
3.8284053e-06
-6.2461354e-15
3.8284053e-06
-5.8817681e-15
3.8284053e-06
-5.3411073e-15
3.8284053e-06
-4.8199934e-15
3.8284053e-06
-4.8662471e-15
3.8284053e-06
-4.4893288e-15
3.8284053e-06
-3.7757183e-15
3.8284053e-06
-3.4216604e-15
3.8284053e-06
-2.8508226e-15
3.8284053e-06
-2.7027518e-15
3.8284053e-06
-2.2629087e-15
3.8284053e-06
-1.3832213e-15
3.8284053e-06
-8.0971586e-16
3.8284053e-06
-2.7950676e-16
3.8284053e-06
8.0233517e-16
3.8284053e-06
1.894345e-15
3.8284053e-06
2.6064425e-15
3.8284053e-06
4.2033914e-15
3.8284053e-06
6.3288187e-15
3.8284053e-06
8.5181315e-15
3.8284053e-06
1.2020307e-14
3.8284053e-06
1.5890684e-14
3.8284053e-06
2.3150522e-14
3.8284053e-06
2.8317747e-14
3.8284053e-06
5.3891075e-14
3.8284053e-06
4.2279424e-14
3.8284053e-06
1.6024313e-13
3.8284053e-06
1.6866906e-13
3.8284053e-06
1.4030677e-13
1.3955758e-13
3.94787e-06
7.2525166e-11
3.9478694e-06
8.5971879e-11
3.9478681e-06
8.420467e-11
3.9478668e-06
7.9020248e-11
3.9478656e-06
7.683057e-11
3.9478645e-06
7.6330795e-11
3.9478634e-06
7.613999e-11
3.9478623e-06
7.5778751e-11
3.9478612e-06
7.5302657e-11
3.9478602e-06
7.5251274e-11
3.9478591e-06
7.5190114e-11
3.947858e-06
7.4311762e-11
3.9478569e-06
7.394254e-11
3.9478559e-06
7.2923377e-11
3.947855e-06
7.1483677e-11
3.9478541e-06
7.1508467e-11
3.9478531e-06
7.1597737e-11
3.9478521e-06
7.1367908e-11
3.947851e-06
7.0970277e-11
3.94785e-06
7.0520591e-11
3.947849e-06
7.0060554e-11
3.947848e-06
6.9601303e-11
3.9478471e-06
6.9143807e-11
3.9478461e-06
6.868618e-11
3.9478451e-06
6.8227239e-11
3.9478441e-06
6.7766919e-11
3.9478432e-06
6.7305072e-11
3.9478422e-06
6.6841559e-11
3.9478413e-06
6.6376781e-11
3.9478403e-06
6.5910701e-11
3.9478394e-06
6.544323e-11
3.9478385e-06
6.4974713e-11
3.9478375e-06
6.4505058e-11
3.9478366e-06
6.4034121e-11
3.9478357e-06
6.3562243e-11
3.9478348e-06
6.3090705e-11
3.9478339e-06
6.2618027e-11
3.947833e-06
6.2118665e-11
3.9478321e-06
6.2254589e-11
3.9478316e-06
3.5277187e-11
3.9478315e-06
3.1483519e-12
3.9478315e-06
-8.3050895e-13
3.9478315e-06
-4.3256113e-13
3.9478315e-06
-2.1178122e-13
3.9478316e-06
-1.5617489e-13
3.9478316e-06
-1.3579457e-13
3.9478316e-06
-1.2240716e-13
3.9478316e-06
-1.1133762e-13
3.9478316e-06
-1.0083766e-13
3.9478316e-06
-9.2722149e-14
3.9478316e-06
-8.456419e-14
3.9478316e-06
-7.7130272e-14
3.9478316e-06
-7.5449282e-14
3.9478316e-06
-7.1940346e-14
3.9478316e-06
-6.5703391e-14
3.9478316e-06
-6.151834e-14
3.9478316e-06
-5.8132977e-14
3.9478316e-06
-5.4757677e-14
3.9478317e-06
-5.1695113e-14
3.9478317e-06
-4.893522e-14
3.9478317e-06
-4.6566336e-14
3.9478317e-06
-4.4156803e-14
3.9478317e-06
-4.1906615e-14
3.9478317e-06
-3.9952569e-14
3.9478317e-06
-3.7860692e-14
3.9478317e-06
-3.6016855e-14
3.9478317e-06
-3.4662195e-14
3.9478317e-06
-3.3206238e-14
3.9478317e-06
-3.1666936e-14
3.9478317e-06
-3.0127445e-14
3.9478317e-06
-2.8648678e-14
3.9478317e-06
-2.7508476e-14
3.9478317e-06
-2.6448164e-14
3.9478317e-06
-2.5214281e-14
3.9478317e-06
-2.4239366e-14
3.9478317e-06
-2.2979913e-14
3.9478317e-06
-2.1921367e-14
3.9478317e-06
-2.1397189e-14
3.9478317e-06
-2.0477591e-14
3.9478317e-06
-1.9459825e-14
3.9478317e-06
-1.8632675e-14
3.9478317e-06
-1.7841189e-14
3.9478317e-06
-1.6904906e-14
3.9478317e-06
-1.6039038e-14
3.9478317e-06
-1.5722182e-14
3.9478317e-06
-1.5640881e-14
3.9478317e-06
-1.4954259e-14
3.9478317e-06
-1.3833545e-14
3.9478317e-06
-1.353032e-14
3.9478317e-06
-1.316239e-14
3.9478317e-06
-1.2299592e-14
3.9478317e-06
-1.1748812e-14
3.9478317e-06
-1.1348421e-14
3.9478317e-06
-1.0493902e-14
3.9478317e-06
-1.0187473e-14
3.9478317e-06
-9.9503973e-15
3.9478317e-06
-9.116317e-15
3.9478317e-06
-8.768366e-15
3.9478317e-06
-8.397344e-15
3.9478317e-06
-7.7262562e-15
3.9478317e-06
-7.4210295e-15
3.9478317e-06
-7.202724e-15
3.9478317e-06
-6.782578e-15
3.9478317e-06
-6.3871984e-15
3.9478317e-06
-5.8137919e-15
3.9478317e-06
-5.2618097e-15
3.9478317e-06
-5.2795691e-15
3.9478317e-06
-4.8700941e-15
3.9478317e-06
-4.121783e-15
3.9478317e-06
-3.732813e-15
3.9478317e-06
-3.1234886e-15
3.9478317e-06
-2.9384538e-15
3.9478317e-06
-2.459192e-15
3.9478317e-06
-1.5315957e-15
3.9478317e-06
-9.0655308e-16
3.9478317e-06
-3.1966484e-16
3.9478317e-06
8.306236e-16
3.9478317e-06
2.0000291e-15
3.9478317e-06
2.8020511e-15
3.9478317e-06
4.5137403e-15
3.9478317e-06
6.7851964e-15
3.9478317e-06
9.1562252e-15
3.9478317e-06
1.291463e-14
3.9478317e-06
1.708621e-14
3.9478317e-06
2.490478e-14
3.9478317e-06
3.0454309e-14
3.9478317e-06
5.7885751e-14
3.9478317e-06
4.5539464e-14
3.9478317e-06
1.7144619e-13
3.9478317e-06
1.7783751e-13
3.9478317e-06
1.5870516e-13
1.6039356e-13
4.0709127e-06
7.3356109e-11
4.0709123e-06
8.6380206e-11
4.070911e-06
8.5492521e-11
4.0709096e-06
8.0401865e-11
4.0709085e-06
7.8019679e-11
4.0709074e-06
7.7416998e-11
4.0709063e-06
7.7203139e-11
4.0709052e-06
7.6841832e-11
4.0709042e-06
7.6332973e-11
4.0709032e-06
7.6285289e-11
4.0709021e-06
7.6260541e-11
4.0709011e-06
7.5352721e-11
4.0708999e-06
7.5073387e-11
4.0708989e-06
7.3951049e-11
4.0708981e-06
7.2304446e-11
4.0708972e-06
7.2402632e-11
4.0708962e-06
7.2567894e-11
4.0708952e-06
7.236117e-11
4.0708942e-06
7.1963485e-11
4.0708932e-06
7.1507901e-11
4.0708923e-06
7.1041025e-11
4.0708913e-06
7.0575039e-11
4.0708903e-06
7.0111046e-11
4.0708894e-06
6.9647039e-11
4.0708884e-06
6.9181744e-11
4.0708875e-06
6.8715068e-11
4.0708865e-06
6.824686e-11
4.0708856e-06
6.7776982e-11
4.0708847e-06
6.7305842e-11
4.0708837e-06
6.6833406e-11
4.0708828e-06
6.6359591e-11
4.0708819e-06
6.5884751e-11
4.070881e-06
6.5408799e-11
4.0708801e-06
6.493157e-11
4.0708792e-06
6.4453427e-11
4.0708783e-06
6.3975766e-11
4.0708774e-06
6.3497031e-11
4.0708766e-06
6.2990181e-11
4.0708757e-06
6.3137827e-11
4.0708751e-06
3.583795e-11
4.070875e-06
3.2459323e-12
4.0708751e-06
-8.5766426e-13
4.0708751e-06
-4.6163138e-13
4.0708751e-06
-2.3091151e-13
4.0708751e-06
-1.7032416e-13
4.0708751e-06
-1.4767026e-13
4.0708751e-06
-1.3292846e-13
4.0708752e-06
-1.2082735e-13
4.0708752e-06
-1.0942386e-13
4.0708752e-06
-1.0060332e-13
4.0708752e-06
-9.1769364e-14
4.0708752e-06
-8.3692807e-14
4.0708752e-06
-8.1829901e-14
4.0708752e-06
-7.8049107e-14
4.0708752e-06
-7.1287786e-14
4.0708752e-06
-6.6757886e-14
4.0708752e-06
-6.307665e-14
4.0708752e-06
-5.9419877e-14
4.0708752e-06
-5.610331e-14
4.0708752e-06
-5.3108982e-14
4.0708752e-06
-5.0526179e-14
4.0708752e-06
-4.7913442e-14
4.0708752e-06
-4.5474231e-14
4.0708752e-06
-4.3349352e-14
4.0708752e-06
-4.1101449e-14
4.0708753e-06
-3.910065e-14
4.0708753e-06
-3.7599563e-14
4.0708753e-06
-3.602162e-14
4.0708753e-06
-3.4361865e-14
4.0708753e-06
-3.2700222e-14
4.0708753e-06
-3.1104839e-14
4.0708753e-06
-2.9859667e-14
4.0708753e-06
-2.8700873e-14
4.0708753e-06
-2.7369698e-14
4.0708753e-06
-2.6303622e-14
4.0708753e-06
-2.4955706e-14
4.0708753e-06
-2.3815184e-14
4.0708753e-06
-2.3215453e-14
4.0708753e-06
-2.2220446e-14
4.0708753e-06
-2.1130045e-14
4.0708753e-06
-2.0234766e-14
4.0708753e-06
-1.9378299e-14
4.0708753e-06
-1.8366702e-14
4.0708753e-06
-1.7417336e-14
4.0708753e-06
-1.705668e-14
4.0708753e-06
-1.6964697e-14
4.0708753e-06
-1.6233229e-14
4.0708753e-06
-1.5039654e-14
4.0708753e-06
-1.4686697e-14
4.0708753e-06
-1.4282578e-14
4.0708753e-06
-1.3368409e-14
4.0708753e-06
-1.276171e-14
4.0708753e-06
-1.2314386e-14
4.0708753e-06
-1.1416511e-14
4.0708753e-06
-1.1070479e-14
4.0708753e-06
-1.0794519e-14
4.0708753e-06
-9.9171369e-15
4.0708753e-06
-9.5285803e-15
4.0708753e-06
-9.1196199e-15
4.0708753e-06
-8.4097203e-15
4.0708753e-06
-8.0700061e-15
4.0708753e-06
-7.8197397e-15
4.0708753e-06
-7.3651356e-15
4.0708753e-06
-6.9361368e-15
4.0708753e-06
-6.3274631e-15
4.0708753e-06
-5.7420435e-15
4.0708753e-06
-5.7285834e-15
4.0708753e-06
-5.2839118e-15
4.0708753e-06
-4.4982441e-15
4.0708753e-06
-4.0715098e-15
4.0708753e-06
-3.4207539e-15
4.0708753e-06
-3.1954813e-15
4.0708753e-06
-2.6733734e-15
4.0708753e-06
-1.6942977e-15
4.0708753e-06
-1.0136248e-15
4.0708753e-06
-3.6541653e-16
4.0708753e-06
8.5846369e-16
4.0708753e-06
2.111381e-15
4.0708753e-06
3.0107427e-15
4.0708753e-06
4.8459502e-15
4.0708753e-06
7.2744734e-15
4.0708753e-06
9.8411267e-15
4.0708753e-06
1.3874876e-14
4.0708753e-06
1.8370355e-14
4.0708753e-06
2.6788896e-14
4.0708753e-06
3.2749242e-14
4.0708753e-06
6.2168945e-14
4.0708753e-06
4.9050078e-14
4.0708753e-06
1.8345809e-13
4.0708753e-06
1.8586249e-13
4.0708753e-06
1.7744933e-13
1.8354819e-13
4.1976908e-06
7.413093e-11
4.1976905e-06
8.6611706e-11
4.1976893e-06
8.6773699e-11
4.1976879e-06
8.1809046e-11
4.1976867e-06
7.9214784e-11
4.1976856e-06
7.8491698e-11
4.1976845e-06
7.8247776e-11
4.1976835e-06
7.7886123e-11
4.1976825e-06
7.7338317e-11
4.1976815e-06
7.7293717e-11
4.1976804e-06
7.7311601e-11
4.1976794e-06
7.637256e-11
4.1976783e-06
7.620862e-11
4.1976773e-06
7.4969498e-11
4.1976765e-06
7.3080214e-11
4.1976756e-06
7.3264168e-11
4.1976747e-06
7.3515345e-11
4.1976737e-06
7.3335104e-11
4.1976727e-06
7.2938181e-11
4.1976718e-06
7.2476888e-11
4.1976708e-06
7.2003262e-11
4.1976698e-06
7.1530631e-11
4.1976689e-06
7.1060245e-11
4.197668e-06
7.0589978e-11
4.197667e-06
7.0118456e-11
4.1976661e-06
6.9645553e-11
4.1976652e-06
6.9171115e-11
4.1976642e-06
6.8695006e-11
4.1976633e-06
6.8217639e-11
4.1976624e-06
6.7738986e-11
4.1976615e-06
6.7258969e-11
4.1976606e-06
6.6777952e-11
4.1976597e-06
6.6295853e-11
4.1976589e-06
6.5812484e-11
4.197658e-06
6.5328231e-11
4.1976571e-06
6.4844614e-11
4.1976563e-06
6.4360004e-11
4.1976554e-06
6.3845762e-11
4.1976545e-06
6.4005426e-11
4.197654e-06
3.6392977e-11
4.1976539e-06
3.3464544e-12
4.1976539e-06
-8.845146e-13
4.1976539e-06
-4.9216819e-13
4.197654e-06
-2.5153678e-13
4.197654e-06
-1.8568414e-13
4.197654e-06
-1.6056073e-13
4.197654e-06
-1.443409e-13
4.197654e-06
-1.3111781e-13
4.197654e-06
-1.1873444e-13
4.197654e-06
-1.0914897e-13
4.197654e-06
-9.9585921e-14
4.197654e-06
-9.0809005e-14
4.197654e-06
-8.8744322e-14
4.1976541e-06
-8.4675199e-14
4.1976541e-06
-7.7346919e-14
4.1976541e-06
-7.2441904e-14
4.1976541e-06
-6.8439974e-14
4.1976541e-06
-6.4478023e-14
4.1976541e-06
-6.0885784e-14
4.1976541e-06
-5.763725e-14
4.1976541e-06
-5.4822074e-14
4.1976541e-06
-5.1989109e-14
4.1976541e-06
-4.9344948e-14
4.1976541e-06
-4.7034346e-14
4.1976541e-06
-4.4617053e-14
4.1976541e-06
-4.2446706e-14
4.1976541e-06
-4.0786536e-14
4.1976541e-06
-3.9075187e-14
4.1976541e-06
-3.7284941e-14
4.1976541e-06
-3.549138e-14
4.1976541e-06
-3.3769883e-14
4.1976541e-06
-3.2410624e-14
4.1976541e-06
-3.1144795e-14
4.1976541e-06
-2.9708326e-14
4.1976541e-06
-2.8543403e-14
4.1976541e-06
-2.7099807e-14
4.1976541e-06
-2.5870385e-14
4.1976541e-06
-2.5188401e-14
4.1976541e-06
-2.4111704e-14
4.1976541e-06
-2.2942657e-14
4.1976541e-06
-2.1973494e-14
4.1976541e-06
-2.1046788e-14
4.1976541e-06
-1.9954204e-14
4.1976541e-06
-1.8914407e-14
4.1976541e-06
-1.8504456e-14
4.1976541e-06
-1.8399537e-14
4.1976542e-06
-1.7620961e-14
4.1976542e-06
-1.6349887e-14
4.1976542e-06
-1.5941881e-14
4.1976542e-06
-1.5497689e-14
4.1976542e-06
-1.452885e-14
4.1976542e-06
-1.386208e-14
4.1976542e-06
-1.3363511e-14
4.1976542e-06
-1.241863e-14
4.1976542e-06
-1.2029505e-14
4.1976542e-06
-1.1711186e-14
4.1976542e-06
-1.0787212e-14
4.1976542e-06
-1.0354671e-14
4.1976542e-06
-9.9044762e-15
4.1976542e-06
-9.152672e-15
4.1976542e-06
-8.7753714e-15
4.1976542e-06
-8.4901191e-15
4.1976542e-06
-7.9981926e-15
4.1976542e-06
-7.5327333e-15
4.1976542e-06
-6.8860182e-15
4.1976542e-06
-6.2643481e-15
4.1976542e-06
-6.2167135e-15
4.1976542e-06
-5.7339632e-15
4.1976542e-06
-4.9080251e-15
4.1976542e-06
-4.440417e-15
4.1976542e-06
-3.7450133e-15
4.1976542e-06
-3.4759485e-15
4.1976542e-06
-2.9072627e-15
4.1976542e-06
-1.872805e-15
4.1976542e-06
-1.1320427e-15
4.1976542e-06
-4.1747297e-16
4.1976542e-06
8.8560886e-16
4.1976542e-06
2.2286891e-15
4.1976542e-06
3.2334332e-15
4.1976542e-06
5.2016976e-15
4.1976542e-06
7.7992709e-15
4.1976542e-06
1.0576626e-14
4.1976542e-06
1.4906427e-14
4.1976542e-06
1.9750365e-14
4.1976542e-06
2.8813406e-14
4.1976542e-06
3.5215469e-14
4.1976542e-06
6.6763208e-14
4.1976542e-06
5.2832926e-14
4.1976541e-06
1.9635021e-13
4.1976541e-06
1.9222596e-13
4.1976541e-06
1.9613426e-13
2.0920651e-13
4.3283251e-06
4.328325e-06
8.6693664e-11
4.3283237e-06
8.8057954e-11
4.3283223e-06
8.3248314e-11
4.3283211e-06
8.0420288e-11
4.32832e-06
7.9557597e-11
4.328319e-06
7.9275677e-11
4.3283179e-06
7.891321e-11
4.328317e-06
7.8319118e-11
4.328316e-06
7.827749e-11
4.3283149e-06
7.8345524e-11
4.3283139e-06
7.7372693e-11
4.3283128e-06
7.735415e-11
4.3283118e-06
7.5982154e-11
4.3283111e-06
7.3808906e-11
4.3283102e-06
7.4093456e-11
4.3283093e-06
7.4441092e-11
4.3283083e-06
7.429093e-11
4.3283074e-06
7.3895667e-11
4.3283064e-06
7.3428864e-11
4.3283055e-06
7.2948568e-11
4.3283045e-06
7.2469369e-11
4.3283036e-06
7.1992685e-11
4.3283027e-06
7.1516269e-11
4.3283018e-06
7.1038637e-11
4.3283009e-06
7.0559628e-11
4.3282999e-06
7.0079084e-11
4.328299e-06
6.959687e-11
4.3282982e-06
6.9113405e-11
4.3282973e-06
6.8628666e-11
4.3282964e-06
6.8142582e-11
4.3282955e-06
6.7655527e-11
4.3282946e-06
6.7167424e-11
4.3282938e-06
6.667806e-11
4.3282929e-06
6.6187847e-11
4.328292e-06
6.5698436e-11
4.3282912e-06
6.5208129e-11
4.3282904e-06
6.4686582e-11
4.3282895e-06
6.485856e-11
4.328289e-06
3.6943083e-11
4.3282889e-06
3.450276e-12
4.3282889e-06
-9.1090094e-13
4.3282889e-06
-5.2418593e-13
4.3282889e-06
-2.7374118e-13
4.328289e-06
-2.0234627e-13
4.328289e-06
-1.7455032e-13
4.328289e-06
-1.5672132e-13
4.328289e-06
-1.4227948e-13
4.328289e-06
-1.2883411e-13
4.328289e-06
-1.1841893e-13
4.328289e-06
-1.0806973e-13
4.328289e-06
-9.8529383e-14
4.328289e-06
-9.6240784e-14
4.328289e-06
-9.1866188e-14
4.328289e-06
-8.3924902e-14
4.3282891e-06
-7.8611652e-14
4.3282891e-06
-7.426196e-14
4.3282891e-06
-6.9968997e-14
4.3282891e-06
-6.607739e-14
4.3282891e-06
-6.2553056e-14
4.3282891e-06
-5.9485352e-14
4.3282891e-06
-5.6413562e-14
4.3282891e-06
-5.354704e-14
4.3282891e-06
-5.1034429e-14
4.3282891e-06
-4.8433067e-14
4.3282891e-06
-4.6079431e-14
4.3282891e-06
-4.4246408e-14
4.3282891e-06
-4.2389088e-14
4.3282891e-06
-4.0457313e-14
4.3282891e-06
-3.8521186e-14
4.3282891e-06
-3.6663208e-14
4.3282891e-06
-3.5179906e-14
4.3282891e-06
-3.3797698e-14
4.3282891e-06
-3.2247179e-14
4.3282891e-06
-3.0975017e-14
4.3282891e-06
-2.9427856e-14
4.3282891e-06
-2.8101969e-14
4.3282891e-06
-2.7330425e-14
4.3282891e-06
-2.6165167e-14
4.3282891e-06
-2.4910903e-14
4.3282891e-06
-2.3861561e-14
4.3282891e-06
-2.2858864e-14
4.3282891e-06
-2.1679186e-14
4.3282891e-06
-2.0541491e-14
4.3282891e-06
-2.0076101e-14
4.3282891e-06
-1.9955536e-14
4.3282891e-06
-1.9127443e-14
4.3282891e-06
-1.7773999e-14
4.3282891e-06
-1.7305123e-14
4.3282892e-06
-1.6816494e-14
4.3282892e-06
-1.5789397e-14
4.3282892e-06
-1.5058112e-14
4.3282892e-06
-1.4503615e-14
4.3282892e-06
-1.35077e-14
4.3282892e-06
-1.3071662e-14
4.3282892e-06
-1.2707208e-14
4.3282892e-06
-1.1733052e-14
4.3282892e-06
-1.1252855e-14
4.3282892e-06
-1.0757826e-14
4.3282892e-06
-9.9607332e-15
4.3282892e-06
-9.5424502e-15
4.3282892e-06
-9.2189117e-15
4.3282892e-06
-8.6865314e-15
4.3282892e-06
-8.1814912e-15
4.3282892e-06
-7.4937033e-15
4.3282892e-06
-6.8327015e-15
4.3282892e-06
-6.7476837e-15
4.3282892e-06
-6.2237028e-15
4.3282892e-06
-5.3543102e-15
4.3282892e-06
-4.8424389e-15
4.3282892e-06
-4.0988763e-15
4.3282892e-06
-3.7821599e-15
4.3282892e-06
-3.1628391e-15
4.3282892e-06
-2.0687314e-15
4.3282892e-06
-1.2630372e-15
4.3282892e-06
-4.7662386e-16
4.3282892e-06
9.1177375e-16
4.3282892e-06
2.3522433e-15
4.3282892e-06
3.4710773e-15
4.3282892e-06
5.5827604e-15
4.3282892e-06
8.3623849e-15
4.3282892e-06
1.1366769e-14
4.3282892e-06
1.6015036e-14
4.3282892e-06
2.1233987e-14
4.3282892e-06
3.0989561e-14
4.3282892e-06
3.7866802e-14
4.3282892e-06
7.1692482e-14
4.3282891e-06
5.6911394e-14
4.3282891e-06
2.1019706e-13
4.3282891e-06
1.9633821e-13
4.3282891e-06
2.1431281e-13
2.3758597e-13
4.4629405e-06
8.6653199e-11
4.4629392e-06
8.9357467e-11
4.4629377e-06
8.4726278e-11
4.4629365e-06
8.1640575e-11
4.4629354e-06
8.0617336e-11
4.4629344e-06
8.0288508e-11
4.4629334e-06
7.9924542e-11
4.4629324e-06
7.9275482e-11
4.4629315e-06
7.9237436e-11
4.4629304e-06
7.9364665e-11
4.4629295e-06
7.8354458e-11
4.4629283e-06
7.8516422e-11
4.4629273e-06
7.6992261e-11
4.4629266e-06
7.4487723e-11
4.4629258e-06
7.4890871e-11
4.4629249e-06
7.5345992e-11
4.462924e-06
7.5229701e-11
4.462923e-06
7.4837085e-11
4.4629221e-06
7.4364986e-11
4.4629212e-06
7.3878094e-11
4.4629202e-06
7.3392393e-11
4.4629193e-06
7.2909497e-11
4.4629184e-06
7.2427031e-11
4.4629175e-06
7.19434e-11
4.4629166e-06
7.1458399e-11
4.4629157e-06
7.0971866e-11
4.4629148e-06
7.0483666e-11
4.462914e-06
6.9994225e-11
4.4629131e-06
6.9503527e-11
4.4629122e-06
6.9011504e-11
4.4629113e-06
6.8518545e-11
4.4629105e-06
6.8024576e-11
4.4629096e-06
6.7529358e-11
4.4629088e-06
6.7033327e-11
4.462908e-06
6.6538279e-11
4.4629071e-06
6.6042452e-11
4.4629063e-06
6.5513677e-11
4.4629055e-06
6.5698264e-11
4.4629049e-06
3.7489013e-11
4.4629048e-06
3.5577644e-12
4.4629048e-06
-9.3663835e-13
4.4629049e-06
-5.5768333e-13
4.4629049e-06
-2.9760492e-13
4.4629049e-06
-2.2040373e-13
4.4629049e-06
-1.897272e-13
4.4629049e-06
-1.7015108e-13
4.4629049e-06
-1.5438754e-13
4.462905e-06
-1.3979223e-13
4.462905e-06
-1.2847757e-13
4.462905e-06
-1.172811e-13
4.462905e-06
-1.0690856e-13
4.462905e-06
-1.0437139e-13
4.462905e-06
-9.9673544e-14
4.462905e-06
-9.1069581e-14
4.462905e-06
-8.5311914e-14
4.462905e-06
-8.0584986e-14
4.462905e-06
-7.593287e-14
4.462905e-06
-7.171602e-14
4.462905e-06
-6.7892318e-14
4.462905e-06
-6.4550097e-14
4.462905e-06
-6.1219164e-14
4.462905e-06
-5.8111265e-14
4.4629051e-06
-5.5378831e-14
4.4629051e-06
-5.2577286e-14
4.4629051e-06
-5.0025368e-14
4.4629051e-06
-4.8004513e-14
4.4629051e-06
-4.5987416e-14
4.4629051e-06
-4.3901982e-14
4.4629051e-06
-4.1811665e-14
4.4629051e-06
-3.9805898e-14
4.4629051e-06
-3.8187683e-14
4.4629051e-06
-3.6678887e-14
4.4629051e-06
-3.5004754e-14
4.4629051e-06
-3.3616195e-14
4.4629051e-06
-3.1956839e-14
4.4629051e-06
-3.0526231e-14
4.4629051e-06
-2.9657165e-14
4.4629051e-06
-2.8395842e-14
4.4629051e-06
-2.704917e-14
4.4629051e-06
-2.5912764e-14
4.4629051e-06
-2.4827783e-14
4.4629051e-06
-2.355443e-14
4.4629051e-06
-2.231081e-14
4.4629051e-06
-2.1783137e-14
4.4629051e-06
-2.1643704e-14
4.4629051e-06
-2.0763496e-14
4.4629051e-06
-1.9322575e-14
4.4629051e-06
-1.8786482e-14
4.4629051e-06
-1.8248518e-14
4.4629051e-06
-1.7159235e-14
4.4629051e-06
-1.63587e-14
4.4629051e-06
-1.57432e-14
4.4629051e-06
-1.4691807e-14
4.4629051e-06
-1.4204674e-14
4.4629051e-06
-1.378998e-14
4.4629051e-06
-1.2761721e-14
4.4629051e-06
-1.2229872e-14
4.4629051e-06
-1.1686097e-14
4.4629051e-06
-1.0840004e-14
4.4629051e-06
-1.0377033e-14
4.4629051e-06
-1.0011608e-14
4.4629051e-06
-9.4353334e-15
4.4629051e-06
-8.8873083e-15
4.4629051e-06
-8.1551213e-15
4.4629051e-06
-7.4514258e-15
4.4629051e-06
-7.3255355e-15
4.4629051e-06
-6.7568858e-15
4.4629051e-06
-5.8405538e-15
4.4629051e-06
-5.2807305e-15
4.4629051e-06
-4.4851834e-15
4.4629051e-06
-4.1166245e-15
4.4629051e-06
-3.4422487e-15
4.4629051e-06
-2.2838416e-15
4.4629051e-06
-1.4079456e-15
4.4629051e-06
-5.437441e-16
4.4629051e-06
9.3662313e-16
4.4629051e-06
2.4823264e-15
4.4629051e-06
3.7246893e-15
4.4629051e-06
5.9910325e-15
4.4629051e-06
8.9667955e-15
4.4629051e-06
1.2215874e-14
4.4629051e-06
1.7206842e-14
4.4629051e-06
2.2829492e-14
4.4629051e-06
3.3329355e-14
4.4629051e-06
4.0717989e-14
4.4629051e-06
7.6982149e-14
4.4629051e-06
6.1310743e-14
4.4629051e-06
2.2507487e-13
4.4629051e-06
1.9754699e-13
4.4629051e-06
2.3152403e-13
2.6895427e-13
4.6016645e-06
8.6519518e-11
4.6016631e-06
9.0686025e-11
4.6016616e-06
8.624958e-11
4.6016604e-06
8.287999e-11
4.6016593e-06
8.1673509e-11
4.6016583e-06
8.1287834e-11
4.6016573e-06
8.0921442e-11
4.6016564e-06
8.0207168e-11
4.6016554e-06
8.0174314e-11
4.6016544e-06
8.037156e-11
4.6016535e-06
7.9319132e-11
4.6016523e-06
7.9702482e-11
4.6016513e-06
7.8002722e-11
4.6016506e-06
7.511302e-11
4.6016499e-06
7.5656898e-11
4.601649e-06
7.6230777e-11
4.6016481e-06
7.6152305e-11
4.6016471e-06
7.5763427e-11
4.6016462e-06
7.528627e-11
4.6016453e-06
7.479285e-11
4.6016444e-06
7.4300703e-11
4.6016435e-06
7.3811669e-11
4.6016426e-06
7.3323248e-11
4.6016417e-06
7.2833719e-11
4.6016408e-06
7.2342835e-11
4.60164e-06
7.1850423e-11
4.6016391e-06
7.1356351e-11
4.6016382e-06
7.0861052e-11
4.6016374e-06
7.0364515e-11
4.6016365e-06
6.9866677e-11
4.6016356e-06
6.9367943e-11
4.6016348e-06
6.8868241e-11
4.601634e-06
6.8367305e-11
4.6016331e-06
6.7865595e-11
4.6016323e-06
6.7365065e-11
4.6016315e-06
6.6863891e-11
4.6016307e-06
6.6327959e-11
4.6016298e-06
6.6525447e-11
4.6016293e-06
3.8031435e-11
4.6016292e-06
3.6692956e-12
4.6016292e-06
-9.6151438e-13
4.6016292e-06
-5.9264098e-13
4.6016293e-06
-3.2320238e-13
4.6016293e-06
-2.3995049e-13
4.6016293e-06
-2.061829e-13
4.6016293e-06
-1.8471586e-13
4.6016293e-06
-1.6752189e-13
4.6016294e-06
-1.5168296e-13
4.6016294e-06
-1.3939395e-13
4.6016294e-06
-1.2728495e-13
4.6016294e-06
-1.1600544e-13
4.6016294e-06
-1.1319234e-13
4.6016294e-06
-1.0815288e-13
4.6016294e-06
-9.8832777e-14
4.6016294e-06
-9.259123e-14
4.6016294e-06
-8.7454997e-14
4.6016294e-06
-8.2413134e-14
4.6016294e-06
-7.7842817e-14
4.6016294e-06
-7.3694037e-14
4.6016294e-06
-7.0053324e-14
4.6016294e-06
-6.6441066e-14
4.6016295e-06
-6.3071045e-14
4.6016295e-06
-6.0099319e-14
4.6016295e-06
-5.7079922e-14
4.6016295e-06
-5.4313361e-14
4.6016295e-06
-5.2088374e-14
4.6016295e-06
-4.9896345e-14
4.6016295e-06
-4.7643925e-14
4.6016295e-06
-4.5386742e-14
4.6016295e-06
-4.3220846e-14
4.6016295e-06
-4.1455855e-14
4.6016295e-06
-3.9809332e-14
4.6016295e-06
-3.8001132e-14
4.6016295e-06
-3.6486184e-14
4.6016295e-06
-3.4705207e-14
4.6016295e-06
-3.3160857e-14
4.6016295e-06
-3.2185596e-14
4.6016295e-06
-3.0820007e-14
4.6016295e-06
-2.9373074e-14
4.6016295e-06
-2.8142087e-14
4.6016295e-06
-2.6967938e-14
4.6016295e-06
-2.5593815e-14
4.6016295e-06
-2.4235653e-14
4.6016295e-06
-2.3638086e-14
4.6016295e-06
-2.3475967e-14
4.6016295e-06
-2.2540834e-14
4.6016295e-06
-2.10071e-14
4.6016295e-06
-2.0396888e-14
4.6016295e-06
-1.9804086e-14
4.6016295e-06
-1.8648323e-14
4.6016295e-06
-1.7773485e-14
4.6016295e-06
-1.7091483e-14
4.6016295e-06
-1.5979724e-14
4.6016295e-06
-1.5436923e-14
4.6016295e-06
-1.4967525e-14
4.6016295e-06
-1.3880892e-14
4.6016295e-06
-1.3293054e-14
4.6016295e-06
-1.2696264e-14
4.6016295e-06
-1.1797112e-14
4.6016295e-06
-1.1285409e-14
4.6016295e-06
-1.0874156e-14
4.6016295e-06
-1.0250235e-14
4.6016295e-06
-9.6554994e-15
4.6016295e-06
-8.875278e-15
4.6016295e-06
-8.1252147e-15
4.6016295e-06
-7.9546545e-15
4.6016295e-06
-7.3375867e-15
4.6016295e-06
-6.3705095e-15
4.6016295e-06
-5.7587189e-15
4.6016295e-06
-4.9070171e-15
4.6016295e-06
-4.4820668e-15
4.6016296e-06
-3.7478357e-15
4.6016296e-06
-2.5200598e-15
4.6016296e-06
-1.5682378e-15
4.6016296e-06
-6.1979216e-16
4.6016296e-06
9.5977728e-16
4.6016296e-06
2.6192233e-15
4.6016296e-06
3.9953329e-15
4.6016295e-06
6.4285129e-15
4.6016295e-06
9.6156716e-15
4.6016295e-06
1.3128548e-14
4.6016295e-06
1.8488394e-14
4.6016295e-06
2.4545697e-14
4.6016295e-06
3.5845567e-14
4.6016295e-06
4.3784749e-14
4.6016295e-06
8.2659067e-14
4.6016295e-06
6.6058264e-14
4.6016295e-06
2.4105961e-13
4.6016295e-06
1.9515041e-13
4.6016295e-06
2.4733083e-13
3.0365195e-13
4.7446284e-06
8.6327231e-11
4.744627e-06
9.2059552e-11
4.7446255e-06
8.7824806e-11
4.7446242e-06
8.4142809e-11
4.7446231e-06
8.272866e-11
4.7446222e-06
8.2275137e-11
4.7446212e-06
8.1905127e-11
4.7446203e-06
8.1113576e-11
4.7446193e-06
8.108886e-11
4.7446184e-06
8.136898e-11
4.7446174e-06
8.0267956e-11
4.7446162e-06
8.0920073e-11
4.7446152e-06
7.901586e-11
4.7446146e-06
7.5680159e-11
4.7446139e-06
7.6392285e-11
4.744613e-06
7.7096075e-11
4.7446121e-06
7.7059484e-11
4.7446112e-06
7.6675548e-11
4.7446103e-06
7.6193599e-11
4.7446094e-06
7.5693715e-11
4.7446085e-06
7.5195169e-11
4.7446076e-06
7.4700062e-11
4.7446067e-06
7.420577e-11
4.7446058e-06
7.3710441e-11
4.744605e-06
7.3213775e-11
4.7446041e-06
7.2715591e-11
4.7446032e-06
7.2215756e-11
4.7446024e-06
7.1714711e-11
4.7446015e-06
7.121245e-11
4.7446007e-06
7.0708919e-11
4.7445999e-06
7.0204534e-11
4.744599e-06
6.9699231e-11
4.7445982e-06
6.9192709e-11
4.7445974e-06
6.8685457e-11
4.7445966e-06
6.8179595e-11
4.7445958e-06
6.7673249e-11
4.744595e-06
6.7130226e-11
4.7445941e-06
6.7340898e-11
4.7445936e-06
3.8570952e-11
4.7445935e-06
3.785253e-12
4.7445935e-06
-9.8528746e-13
4.7445935e-06
-6.2901868e-13
4.7445936e-06
-3.5060011e-13
4.7445936e-06
-2.6108008e-13
4.7445936e-06
-2.2401167e-13
4.7445936e-06
-2.005054e-13
4.7445936e-06
-1.81767e-13
4.7445937e-06
-1.6458522e-13
4.7445937e-06
-1.5124191e-13
4.7445937e-06
-1.38151e-13
4.7445937e-06
-1.2588343e-13
4.7445937e-06
-1.2276407e-13
4.7445937e-06
-1.1736417e-13
4.7445937e-06
-1.0727052e-13
4.7445937e-06
-1.0050214e-13
4.7445937e-06
-9.492176e-14
4.7445937e-06
-8.9456925e-14
4.7445937e-06
-8.4502389e-14
4.7445938e-06
-8.0000529e-14
4.7445938e-06
-7.6035209e-14
4.7445938e-06
-7.2117439e-14
4.7445938e-06
-6.8462659e-14
4.7445938e-06
-6.523039e-14
4.7445938e-06
-6.1973773e-14
4.7445938e-06
-5.8974701e-14
4.7445938e-06
-5.6527881e-14
4.7445938e-06
-5.4144299e-14
4.7445938e-06
-5.1710251e-14
4.7445938e-06
-4.9272371e-14
4.7445938e-06
-4.6932892e-14
4.7445938e-06
-4.5008196e-14
4.7445938e-06
-4.3211781e-14
4.7445938e-06
-4.12581e-14
4.7445938e-06
-3.9605858e-14
4.7445938e-06
-3.7692972e-14
4.7445938e-06
-3.6025044e-14
4.7445938e-06
-3.4934128e-14
4.7445938e-06
-3.3455326e-14
4.7445938e-06
-3.1899554e-14
4.7445938e-06
-3.056576e-14
4.7445938e-06
-2.9294923e-14
4.7445938e-06
-2.7812388e-14
4.7445938e-06
-2.633045e-14
4.7445938e-06
-2.5654559e-14
4.7445938e-06
-2.5465258e-14
4.7445938e-06
-2.4472124e-14
4.7445938e-06
-2.2840006e-14
4.7445938e-06
-2.2148187e-14
4.7445938e-06
-2.1494391e-14
4.7445939e-06
-2.0267437e-14
4.7445939e-06
-1.9312905e-14
4.7445939e-06
-1.8558462e-14
4.7445939e-06
-1.7380961e-14
4.7445939e-06
-1.6777486e-14
4.7445939e-06
-1.6248534e-14
4.7445939e-06
-1.5098876e-14
4.7445939e-06
-1.4450333e-14
4.7445939e-06
-1.379589e-14
4.7445939e-06
-1.2839243e-14
4.7445939e-06
-1.2274396e-14
4.7445939e-06
-1.1813012e-14
4.7445939e-06
-1.1137334e-14
4.7445939e-06
-1.0491825e-14
4.7445939e-06
-9.659589e-15
4.7445939e-06
-8.8591462e-15
4.7445939e-06
-8.6397894e-15
4.7445939e-06
-7.9702174e-15
4.7445939e-06
-6.9482446e-15
4.7445939e-06
-6.2801193e-15
4.7445939e-06
-5.3677214e-15
4.7445939e-06
-4.8814412e-15
4.7445939e-06
-4.0821397e-15
4.7445939e-06
-2.7794744e-15
4.7445939e-06
-1.7455162e-15
4.7445939e-06
-7.0582437e-16
4.7445939e-06
9.80803e-16
4.7445939e-06
2.7632135e-15
4.7445939e-06
4.2841242e-15
4.7445939e-06
6.8973299e-15
4.7445939e-06
1.0312389e-14
4.7445939e-06
1.4109689e-14
4.7445939e-06
1.9866667e-14
4.7445939e-06
2.6391996e-14
4.7445939e-06
3.8551782e-14
4.7445939e-06
4.7083818e-14
4.7445939e-06
8.8751606e-14
4.7445938e-06
7.1183436e-14
4.7445938e-06
2.5822457e-13
4.7445938e-06
1.8841189e-13
4.7445938e-06
2.6136294e-13
3.4211792e-13
4.8919674e-06
8.6067047e-11
4.891966e-06
9.3496244e-11
4.8919643e-06
8.945838e-11
4.8919631e-06
8.5433207e-11
4.891962e-06
8.3785282e-11
4.891961e-06
8.3251836e-11
4.8919601e-06
8.2876724e-11
4.8919592e-06
8.1993721e-11
4.8919583e-06
8.1981834e-11
4.8919573e-06
8.2359975e-11
4.8919564e-06
8.120214e-11
4.8919551e-06
8.215603e-11
4.8919541e-06
4.8919536e-06
4.8919529e-06
4.891952e-06
4.8919511e-06
4.8919502e-06
4.8919493e-06
4.8919485e-06
4.8919476e-06
4.8919467e-06
4.8919458e-06
4.891945e-06
4.8919441e-06
4.8919433e-06
4.8919424e-06
4.8919416e-06
4.8919407e-06
4.8919399e-06
4.8919391e-06
4.8919383e-06
4.8919374e-06
4.8919366e-06
4.8919358e-06
4.891935e-06
4.8919342e-06
4.8919334e-06
4.8919329e-06
4.8919328e-06
4.8919328e-06
4.8919328e-06
4.8919329e-06
4.8919329e-06
4.8919329e-06
4.8919329e-06
4.8919329e-06
4.891933e-06
4.891933e-06
4.891933e-06
4.891933e-06
4.891933e-06
4.891933e-06
4.891933e-06
4.891933e-06
4.891933e-06
4.891933e-06
4.8919331e-06
4.8919331e-06
4.8919331e-06
4.8919331e-06
4.8919331e-06
4.8919331e-06
4.8919331e-06
4.8919331e-06
4.8919331e-06
4.8919331e-06
4.8919331e-06
4.8919331e-06
4.8919331e-06
4.8919331e-06
4.8919331e-06
4.8919331e-06
4.8919331e-06
4.8919331e-06
4.8919331e-06
4.8919331e-06
4.8919331e-06
4.8919331e-06
4.8919331e-06
4.8919332e-06
4.8919332e-06
4.8919332e-06
4.8919332e-06
4.8919332e-06
4.8919332e-06
4.8919332e-06
4.8919332e-06
4.8919332e-06
4.8919332e-06
4.8919332e-06
4.8919332e-06
4.8919332e-06
4.8919332e-06
4.8919332e-06
4.8919332e-06
4.8919332e-06
4.8919332e-06
4.8919332e-06
4.8919332e-06
4.8919332e-06
4.8919332e-06
4.8919332e-06
4.8919332e-06
4.8919332e-06
4.8919332e-06
4.8919332e-06
4.8919332e-06
4.8919332e-06
4.8919332e-06
4.8919332e-06
4.8919332e-06
4.8919332e-06
4.8919332e-06
4.8919332e-06
4.8919332e-06
4.8919332e-06
4.8919332e-06
4.8919332e-06
4.8919332e-06
4.8919332e-06
4.8919332e-06
4.8919332e-06
4.8919332e-06
4.8919332e-06
4.8919332e-06
4.8919332e-06
4.8919332e-06
4.8919332e-06
4.8919331e-06
2.7416896e-13
3.8492048e-13
5.0438203e-06
8.5729937e-11
5.0438188e-06
9.5017401e-11
5.0438171e-06
9.1156286e-11
5.0438158e-06
8.6755211e-11
5.0438147e-06
8.4845807e-11
5.0438138e-06
8.42193e-11
5.0438128e-06
8.3837284e-11
5.043812e-06
8.2846201e-11
5.0438111e-06
8.2854085e-11
5.0438101e-06
8.3347919e-11
5.0438092e-06
8.2122819e-11
8.3396227e-11
5.0437863e-06
5.2003303e-06
5.2003287e-06
9.660762e-11
5.200327e-06
9.292412e-11
5.2003256e-06
8.8112637e-11
5.2003245e-06
8.5912573e-11
5.2003236e-06
8.5178868e-11
5.2003226e-06
8.47878e-11
5.2003218e-06
8.3669158e-11
5.200321e-06
8.3706609e-11
5.20032e-06
8.4336525e-11
5.2003191e-06
8.3030961e-11
8.4623636e-11
5.3616429e-06
9.824604e-11
5.361641e-06
9.4765976e-11
5.3616396e-06
8.9508914e-11
5.3616386e-06
8.6987794e-11
5.3616376e-06
8.6131859e-11
5.3616367e-06
8.5729216e-11
5.3616359e-06
8.4460217e-11
5.361635e-06
8.454063e-11
5.3616341e-06
8.5329846e-11
5.3616332e-06
8.392722e-11
8.5818096e-11
5.5279127e-06
9.9915386e-11
5.5279108e-06
9.6685935e-11
5.5279094e-06
9.0946846e-11
5.5279083e-06
8.8073501e-11
5.5279073e-06
8.7079588e-11
5.5279064e-06
8.6662438e-11
5.5279057e-06
8.521642e-11
5.5279048e-06
8.5357695e-11
5.5279038e-06
8.6333791e-11
5.527903e-06
5.6992945e-06
1.0159346e-10
5.6992925e-06
9.8687945e-11
5.699291e-06
9.2428329e-11
5.6992899e-06
8.9171496e-11
5.699289e-06
8.802337e-11
5.6992881e-06
8.7588333e-11
5.6992874e-06
8.5934118e-11
5.6992866e-06
8.6155999e-11
5.8759491e-06
1.0331034e-10
5.875947e-06
1.0077591e-10
5.8759455e-06
9.3953974e-11
5.8759444e-06
9.0283296e-11
5.8759434e-06
8.8964531e-11
5.8759425e-06
8.8507726e-11
5.8759418e-06
8.6608838e-11
8.6933236e-11
6.058042e-06
1.051029e-10
6.0580398e-06
1.029528e-10
6.0580383e-06
9.5522797e-11
6.0580371e-06
9.1410084e-11
6.0580362e-06
8.9904402e-11
6.0580353e-06
8.9421377e-11
6.0580347e-06
8.7251232e-11
6.2457438e-06
6.2457415e-06
6.2457399e-06
6.2457388e-06
6.2457378e-06
6.2457369e-06
)
;

boundaryField
{
    front
    {
        type            empty;
    }
    back
    {
        type            empty;
    }
    inlet
    {
        type            calculated;
        value           nonuniform List<scalar> 0();
    }
    outlet
    {
        type            calculated;
        value           nonuniform List<scalar> 
99
(
5.5355702e-09
1.6614542e-08
2.7729767e-08
3.8905399e-08
5.0165558e-08
6.1534321e-08
7.3035706e-08
8.4693663e-08
9.6532056e-08
1.0857465e-07
1.2084509e-07
1.3336691e-07
1.4616348e-07
1.5925804e-07
1.7267363e-07
1.8643314e-07
2.0055923e-07
2.1507439e-07
2.3000087e-07
2.4536071e-07
2.6117574e-07
2.7746754e-07
2.9425748e-07
3.1156668e-07
3.2941608e-07
3.4782637e-07
3.6681806e-07
3.8641146e-07
4.0662671e-07
4.2748379e-07
4.4900253e-07
4.7120268e-07
4.9410385e-07
5.1772563e-07
5.4208755e-07
5.6720917e-07
5.9311008e-07
6.1981039e-07
6.4733087e-07
6.7569213e-07
7.0491459e-07
7.3501896e-07
7.6602621e-07
7.979577e-07
8.3083517e-07
8.6468079e-07
8.9951731e-07
9.3536795e-07
9.7225664e-07
1.0102079e-06
1.0492471e-06
1.0894002e-06
1.1306944e-06
1.1731573e-06
1.2168178e-06
1.2617059e-06
1.3078525e-06
1.3552896e-06
1.4040506e-06
1.4541701e-06
1.505684e-06
1.5586296e-06
1.6130456e-06
1.6689722e-06
1.7264512e-06
1.7855258e-06
1.8462412e-06
1.9086438e-06
1.9727821e-06
2.0387062e-06
2.1064679e-06
2.1761208e-06
2.2477206e-06
2.3213245e-06
2.3969918e-06
2.4747834e-06
2.5547623e-06
2.6369931e-06
2.7215423e-06
2.808478e-06
2.89787e-06
2.9897905e-06
3.0843171e-06
3.181539e-06
3.2815906e-06
3.3846066e-06
3.4906899e-06
3.5999454e-06
3.7124806e-06
3.8284052e-06
3.9478317e-06
4.0708752e-06
4.1976541e-06
4.3282891e-06
4.4629051e-06
4.6016295e-06
4.7445938e-06
4.8919331e-06
5.0437863e-06
)
;
    }
    top
    {
        type            calculated;
        value           nonuniform List<scalar> 0();
    }
    slipsurface
    {
        type            calculated;
        value           nonuniform List<scalar> 0();
    }
    bottom
    {
        type            calculated;
        value           uniform 0;
    }
    procBoundary1to0
    {
        type            processor;
        value           nonuniform List<scalar> 
108
(
-5.5357447e-09
-1.6615066e-08
-2.7730643e-08
-3.8906629e-08
-5.0167147e-08
-6.1536275e-08
-7.3038032e-08
-8.4696368e-08
-9.6535149e-08
-1.0857814e-07
-1.2084899e-07
-1.3337123e-07
-1.4616825e-07
-1.5926325e-07
-1.7267931e-07
-1.864393e-07
-2.005659e-07
-2.1508158e-07
-2.300086e-07
-2.4536901e-07
-2.6118463e-07
-2.7747704e-07
-2.942676e-07
-3.1157746e-07
-3.2942755e-07
-3.4783855e-07
-3.6683097e-07
-3.8642514e-07
-4.0664118e-07
-4.2749909e-07
-4.4901868e-07
-4.7121971e-07
-4.9412179e-07
-5.1774451e-07
-5.421074e-07
-5.6723002e-07
-5.9313196e-07
-6.1983333e-07
-6.4735491e-07
-6.7571728e-07
-7.0494089e-07
-7.3504643e-07
-7.6605488e-07
-7.9798759e-07
-8.3086629e-07
-8.6471318e-07
-8.9955097e-07
-9.354029e-07
-9.7229289e-07
-1.0102455e-06
-1.0492859e-06
-1.0894404e-06
-1.1307358e-06
-1.1732001e-06
-1.2168619e-06
-1.2617513e-06
-1.3078991e-06
-1.3553374e-06
-1.4040996e-06
-1.4542203e-06
-1.5057353e-06
-1.5586819e-06
-1.6130989e-06
-1.6690264e-06
-1.7265063e-06
-1.7855817e-06
-1.8462978e-06
-1.908701e-06
-1.9728398e-06
-2.0387643e-06
-2.1065262e-06
-2.1761794e-06
-2.2477792e-06
-2.3213829e-06
-2.3970499e-06
-2.4748411e-06
-2.5548194e-06
-2.6370494e-06
-2.7215976e-06
-2.8085321e-06
-2.8979228e-06
-2.9898417e-06
-3.0843665e-06
-3.1815867e-06
-3.2816366e-06
-3.3846514e-06
-3.4907334e-06
-3.5999877e-06
-3.7125218e-06
-3.8284454e-06
-3.9478709e-06
-4.0709135e-06
-4.1976916e-06
-4.3283258e-06
7.4837929e-11
-4.4629404e-06
-4.6016643e-06
-4.7446282e-06
-4.8919672e-06
-5.04382e-06
-5.2003299e-06
8.5308908e-11
-5.3616445e-06
-5.5279144e-06
-5.6992962e-06
-5.8759508e-06
-6.0580438e-06
-6.2457456e-06
)
;
    }
    procBoundary1to2
    {
        type            processor;
        value           nonuniform List<scalar> 
132
(
8.0031892e-11
7.6205406e-11
7.7097959e-11
7.7940551e-11
7.7950912e-11
7.7574686e-11
7.7089225e-11
7.6582466e-11
7.6077046e-11
7.5574709e-11
7.5074701e-11
7.4574155e-11
7.4071667e-11
7.3567598e-11
7.3061802e-11
7.2555758e-11
7.204753e-11
7.153862e-11
7.1028554e-11
7.0517767e-11
7.0005451e-11
6.9493157e-11
6.8981304e-11
6.8471362e-11
6.7919921e-11
6.8145626e-11
3.9107119e-11
3.90651e-12
-1.0081475e-12
-6.6616599e-13
-3.8009175e-13
-2.8331558e-13
-2.4359214e-13
-2.1688843e-13
-1.9718943e-13
-1.7818536e-13
-1.6370202e-13
-1.4967522e-13
-1.3589006e-13
-1.3317999e-13
-1.2670227e-13
-1.1667292e-13
-1.0902497e-13
-1.0238384e-13
-9.788319e-14
-9.0649091e-14
-8.8113003e-14
-8.1425166e-14
-7.9658975e-14
-7.4040275e-14
-7.125259e-14
-6.8230908e-14
-6.3696442e-14
-6.2911251e-14
-5.8632973e-14
-5.7285732e-14
-5.4024343e-14
-5.1400686e-14
-5.0199682e-14
-4.6723863e-14
-4.645827e-14
-4.2682011e-14
-4.2653519e-14
-3.8869473e-14
-3.9567897e-14
-3.6323459e-14
-3.5849036e-14
-3.3702637e-14
-3.2306564e-14
-3.1068514e-14
-2.8704315e-14
-2.8434132e-14
-2.8056269e-14
-2.6562367e-14
-2.555668e-14
-2.4213719e-14
-2.3285389e-14
-2.3257289e-14
-1.9954933e-14
-2.1802502e-14
-1.8078051e-14
-1.8946771e-14
-1.7840878e-14
-1.6147197e-14
-1.6173644e-14
-1.4930734e-14
-1.3550607e-14
-1.4070493e-14
-1.1798541e-14
-1.2740627e-14
-1.0681907e-14
-1.0423801e-14
-9.3621628e-15
-8.9155165e-15
-8.3075987e-15
-7.0100563e-15
-6.478188e-15
-5.000456e-15
-5.6397788e-15
-2.4445473e-15
-3.1088928e-15
-8.8766266e-16
-3.0950632e-15
3.5529253e-15
6.0795118e-15
4.2749049e-15
6.2260363e-15
1.0206099e-14
1.5520285e-14
2.1372191e-14
2.9199616e-14
4.2730882e-14
4.8062993e-14
9.9783213e-14
7.9698186e-14
2.7738368e-13
1.7559663e-13
5.0438079e-06
-5.0437863e-06
2.8557855e-13
4.292696e-13
5.2003178e-06
5.361632e-06
8.4812267e-11
5.5279018e-06
8.6980062e-11
5.6992855e-06
8.735446e-11
5.875941e-06
6.0580339e-06
8.7687992e-11
6.2457363e-06
)
;
    }
    procBoundary1to3
    {
        type            processor;
        value           nonuniform List<scalar> 7(1.069087e-10 1.0518353e-10 9.7126965e-11 9.2551952e-11 9.0844037e-11 9.0329675e-11 8.7870488e-11);
    }
}


// ************************************************************************* //
