/*--------------------------------*- C++ -*----------------------------------*\
  =========                 |
  \\      /  F ield         | OpenFOAM: The Open Source CFD Toolbox
   \\    /   O peration     | Website:  https://openfoam.org
    \\  /    A nd           | Version:  12
     \\/     M anipulation  |
\*---------------------------------------------------------------------------*/
FoamFile
{
    format      ascii;
    class       volScalarField;
    location    "500";
    object      k;
}
// * * * * * * * * * * * * * * * * * * * * * * * * * * * * * * * * * * * * * //

dimensions      [0 2 -2 0 0 0 0];

internalField   nonuniform List<scalar> 
13069
(
7.7894418e-10
3.3162051e-11
3.1008673e-11
2.7043992e-11
2.4681773e-11
2.334725e-11
2.2525036e-11
2.1973408e-11
2.1580686e-11
2.1289337e-11
2.1066777e-11
2.089289e-11
2.075456e-11
2.0642864e-11
2.0551529e-11
2.0476026e-11
2.0413018e-11
2.0359997e-11
2.0315057e-11
2.0276722e-11
2.0243837e-11
2.0215489e-11
2.0190946e-11
2.0169619e-11
2.0151028e-11
2.0134786e-11
2.0120567e-11
2.01081e-11
2.0097164e-11
2.0087567e-11
2.0079147e-11
2.0071767e-11
2.0065309e-11
2.0059674e-11
2.0054774e-11
2.0050535e-11
2.0046891e-11
2.0043784e-11
2.0041163e-11
2.0038982e-11
2.0037202e-11
2.0035787e-11
2.0034713e-11
2.0033931e-11
2.0033495e-11
2.0033124e-11
2.0033335e-11
2.0033979e-11
2.0034722e-11
2.0035419e-11
2.0036069e-11
2.0036866e-11
2.0037912e-11
2.0039117e-11
2.0040438e-11
2.0041873e-11
2.0043433e-11
2.004512e-11
2.0046931e-11
2.0048857e-11
2.005089e-11
2.0053021e-11
2.0055244e-11
2.0057554e-11
2.0059946e-11
2.0062415e-11
2.0064958e-11
2.0067574e-11
2.0070259e-11
2.0073013e-11
2.0075833e-11
2.0078719e-11
2.008167e-11
2.0084686e-11
2.0087767e-11
2.0090914e-11
2.0094126e-11
2.0097404e-11
2.010075e-11
2.0104164e-11
2.0107649e-11
2.0111206e-11
2.0114837e-11
2.0118543e-11
2.0122326e-11
2.0126188e-11
2.0130132e-11
2.013416e-11
2.0138272e-11
2.0142471e-11
2.0146759e-11
2.0151136e-11
2.0155603e-11
2.016016e-11
2.0164807e-11
2.0169545e-11
2.0174367e-11
2.0179294e-11
2.0184317e-11
2.0189411e-11
2.0194547e-11
2.0199699e-11
2.0204839e-11
2.0209946e-11
2.0215002e-11
2.0219992e-11
2.0224904e-11
2.022973e-11
2.0234462e-11
2.0239097e-11
2.0243629e-11
2.0248058e-11
2.0252382e-11
2.02566e-11
2.0260711e-11
2.0264718e-11
2.026862e-11
2.0272419e-11
2.0276116e-11
2.0279713e-11
2.0283212e-11
2.0286613e-11
2.028992e-11
2.0293134e-11
2.0296257e-11
2.029929e-11
2.0302236e-11
2.0305097e-11
2.0307874e-11
2.0310569e-11
2.0313186e-11
2.0315718e-11
2.0318202e-11
2.0320511e-11
2.0323089e-11
2.0325568e-11
5.3537537e-09
9.9063624e-10
9.2627474e-10
8.076818e-10
7.3699367e-10
6.970441e-10
6.724246e-10
6.5590416e-10
6.44141e-10
6.3541307e-10
6.2874499e-10
6.2353453e-10
6.19389e-10
6.1604123e-10
6.1330336e-10
6.110398e-10
6.0915062e-10
6.0756066e-10
6.0621285e-10
6.0506299e-10
6.0407646e-10
6.0322591e-10
6.0248943e-10
6.0184932e-10
6.0129124e-10
6.0080357e-10
6.0037656e-10
6.0000208e-10
5.9967351e-10
5.9938509e-10
5.9913194e-10
5.9890999e-10
5.987157e-10
5.9854606e-10
5.9839848e-10
5.9827072e-10
5.9816081e-10
5.9806699e-10
5.9798774e-10
5.9792167e-10
5.9786765e-10
5.9782459e-10
5.9779171e-10
5.9776761e-10
5.9775388e-10
5.9774212e-10
5.9774774e-10
5.9776632e-10
5.9778789e-10
5.9780815e-10
5.9782701e-10
5.9785025e-10
5.9788095e-10
5.9791643e-10
5.9795535e-10
5.9799771e-10
5.980438e-10
5.9809372e-10
5.9814734e-10
5.9820439e-10
5.9826464e-10
5.9832784e-10
5.9839379e-10
5.9846234e-10
5.9853333e-10
5.9860664e-10
5.9868218e-10
5.9875988e-10
5.9883967e-10
5.989215e-10
5.9900533e-10
5.9909112e-10
5.9917887e-10
5.9926856e-10
5.993602e-10
5.9945379e-10
5.9954934e-10
5.9964689e-10
5.9974646e-10
5.9984808e-10
5.9995181e-10
6.000577e-10
6.001658e-10
6.0027615e-10
6.0038883e-10
6.0050388e-10
6.0062137e-10
6.0074137e-10
6.0086391e-10
6.0098907e-10
6.0111686e-10
6.0124735e-10
6.0138053e-10
6.0151644e-10
6.0165504e-10
6.0179638e-10
6.0194023e-10
6.0208726e-10
6.0223716e-10
6.0238919e-10
6.0254253e-10
6.0269632e-10
6.028498e-10
6.0300232e-10
6.0315333e-10
6.0330238e-10
6.0344913e-10
6.0359331e-10
6.0373471e-10
6.0387319e-10
6.0400866e-10
6.0414103e-10
6.0427026e-10
6.0439634e-10
6.0451927e-10
6.0463905e-10
6.0475573e-10
6.0486933e-10
6.049799e-10
6.0508747e-10
6.0519211e-10
6.0529385e-10
6.0539277e-10
6.0548892e-10
6.0558234e-10
6.0567311e-10
6.0576127e-10
6.0584688e-10
6.0592999e-10
6.0601065e-10
6.0608897e-10
6.0616479e-10
6.0623915e-10
6.0630829e-10
6.0638543e-10
6.0645964e-10
1.8681183e-08
6.8947513e-09
6.4465592e-09
5.6200561e-09
5.1272135e-09
4.8485793e-09
4.6768238e-09
4.5615489e-09
4.4794568e-09
4.4185386e-09
4.3719914e-09
4.3356146e-09
4.3066689e-09
4.2832906e-09
4.2641688e-09
4.2483579e-09
4.2351602e-09
4.2240515e-09
4.2146333e-09
4.2065974e-09
4.1997019e-09
4.1937561e-09
4.1886068e-09
4.1841305e-09
4.1802272e-09
4.1768157e-09
4.1738278e-09
4.171207e-09
4.1689069e-09
4.1668872e-09
4.165114e-09
4.1635587e-09
4.1621968e-09
4.161007e-09
4.1599713e-09
4.1590742e-09
4.1583017e-09
4.1576417e-09
4.1570834e-09
4.1566173e-09
4.1562353e-09
4.1559299e-09
4.1556956e-09
4.1555227e-09
4.1554221e-09
4.1553355e-09
4.1553699e-09
4.1554945e-09
4.1556403e-09
4.1557772e-09
4.1559045e-09
4.1560624e-09
4.1562722e-09
4.1565154e-09
4.1567826e-09
4.1570738e-09
4.1573911e-09
4.1577351e-09
4.1581048e-09
4.1584985e-09
4.1589145e-09
4.1593511e-09
4.1598069e-09
4.1602808e-09
4.1607717e-09
4.1612788e-09
4.1618015e-09
4.1623392e-09
4.1628915e-09
4.1634581e-09
4.1640385e-09
4.1646328e-09
4.1652406e-09
4.165862e-09
4.1664969e-09
4.1671455e-09
4.1678078e-09
4.1684839e-09
4.1691742e-09
4.1698789e-09
4.1705982e-09
4.1713326e-09
4.1720825e-09
4.1728481e-09
4.1736299e-09
4.1744283e-09
4.1752438e-09
4.1760767e-09
4.1769275e-09
4.1777965e-09
4.178684e-09
4.1795903e-09
4.1805155e-09
4.1814598e-09
4.1824229e-09
4.1834051e-09
4.184405e-09
4.1854271e-09
4.1864694e-09
4.1875267e-09
4.1885931e-09
4.1896629e-09
4.1907307e-09
4.1917918e-09
4.1928426e-09
4.1938799e-09
4.1949013e-09
4.1959049e-09
4.1968893e-09
4.1978534e-09
4.1987967e-09
4.1997184e-09
4.2006184e-09
4.2014965e-09
4.2023527e-09
4.2031871e-09
4.2039999e-09
4.2047914e-09
4.2055617e-09
4.2063113e-09
4.2070405e-09
4.2077496e-09
4.208439e-09
4.2091091e-09
4.2097604e-09
4.2103931e-09
4.2110077e-09
4.2116046e-09
4.2121841e-09
4.2127466e-09
4.2132928e-09
4.2138216e-09
4.2143402e-09
4.2148226e-09
4.2153605e-09
4.2158781e-09
4.5854905e-08
2.459539e-08
2.2995645e-08
2.0043081e-08
1.8281712e-08
1.728551e-08
1.6671266e-08
1.6258929e-08
1.5965241e-08
1.5747271e-08
1.5580699e-08
1.5450504e-08
1.5346892e-08
1.5263197e-08
1.5194731e-08
1.5138112e-08
1.5090845e-08
1.5051054e-08
1.5017314e-08
1.4988522e-08
1.4963812e-08
1.4942502e-08
1.4924043e-08
1.4907994e-08
1.4893997e-08
1.4881761e-08
1.4871042e-08
1.4861637e-08
1.4853381e-08
1.484613e-08
1.4839761e-08
1.4834173e-08
1.4829277e-08
1.4824998e-08
1.4821271e-08
1.481804e-08
1.4815256e-08
1.4812875e-08
1.4810857e-08
1.4809171e-08
1.4807785e-08
1.4806673e-08
1.4805817e-08
1.480518e-08
1.4804802e-08
1.4804475e-08
1.4804579e-08
1.4805006e-08
1.4805509e-08
1.4805982e-08
1.4806421e-08
1.480697e-08
1.4807703e-08
1.4808557e-08
1.4809496e-08
1.4810521e-08
1.4811639e-08
1.4812853e-08
1.4814159e-08
1.481555e-08
1.4817022e-08
1.4818567e-08
1.482018e-08
1.4821858e-08
1.4823598e-08
1.4825395e-08
1.4827247e-08
1.4829154e-08
1.4831113e-08
1.4833122e-08
1.4835182e-08
1.483729e-08
1.4839447e-08
1.4841653e-08
1.4843907e-08
1.484621e-08
1.4848562e-08
1.4850964e-08
1.4853416e-08
1.4855919e-08
1.4858475e-08
1.4861085e-08
1.4863751e-08
1.4866472e-08
1.4869252e-08
1.4872091e-08
1.4874992e-08
1.4877955e-08
1.4880982e-08
1.4884074e-08
1.4887232e-08
1.4890458e-08
1.4893752e-08
1.4897114e-08
1.4900544e-08
1.4904042e-08
1.4907604e-08
1.4911246e-08
1.491496e-08
1.4918728e-08
1.4922529e-08
1.4926343e-08
1.493015e-08
1.4933934e-08
1.4937682e-08
1.4941382e-08
1.4945025e-08
1.4948606e-08
1.4952118e-08
1.4955559e-08
1.4958925e-08
1.4962215e-08
1.4965428e-08
1.4968562e-08
1.4971619e-08
1.4974598e-08
1.49775e-08
1.4980327e-08
1.4983078e-08
1.4985755e-08
1.498836e-08
1.4990893e-08
1.4993356e-08
1.499575e-08
1.4998077e-08
1.5000338e-08
1.5002535e-08
1.5004668e-08
1.5006739e-08
1.500875e-08
1.5010702e-08
1.5012593e-08
1.5014447e-08
1.5016172e-08
1.5018095e-08
1.5019945e-08
9.2393228e-08
6.2517488e-08
5.8448495e-08
5.0931425e-08
4.6444885e-08
4.3906234e-08
4.2340463e-08
4.1289132e-08
4.0540185e-08
3.998424e-08
3.9559319e-08
3.9227146e-08
3.8962752e-08
3.8749151e-08
3.8574391e-08
3.8429847e-08
3.830916e-08
3.8207545e-08
3.812137e-08
3.8047819e-08
3.7984687e-08
3.793023e-08
3.7883053e-08
3.7842025e-08
3.7806234e-08
3.777494e-08
3.7747518e-08
3.7723453e-08
3.770232e-08
3.7683753e-08
3.7667439e-08
3.7653119e-08
3.7640567e-08
3.7629589e-08
3.7620022e-08
3.7611721e-08
3.7604562e-08
3.759843e-08
3.7593229e-08
3.7588871e-08
3.7585283e-08
3.7582395e-08
3.7580156e-08
3.757848e-08
3.7577463e-08
3.7576579e-08
3.7576793e-08
3.7577826e-08
3.7579057e-08
3.7580213e-08
3.7581286e-08
3.7582638e-08
3.7584459e-08
3.7586586e-08
3.7588933e-08
3.7591499e-08
3.7594302e-08
3.7597349e-08
3.760063e-08
3.760413e-08
3.7607833e-08
3.7611724e-08
3.7615789e-08
3.762002e-08
3.7624405e-08
3.7628939e-08
3.7633614e-08
3.7638427e-08
3.7643372e-08
3.7648447e-08
3.7653648e-08
3.7658975e-08
3.7664426e-08
3.7670001e-08
3.76757e-08
3.7681522e-08
3.768747e-08
3.7693544e-08
3.7699747e-08
3.7706082e-08
3.771255e-08
3.7719156e-08
3.7725903e-08
3.7732794e-08
3.7739833e-08
3.7747024e-08
3.7754371e-08
3.7761878e-08
3.7769548e-08
3.7777385e-08
3.7785392e-08
3.7793571e-08
3.7801924e-08
3.7810451e-08
3.7819151e-08
3.7828028e-08
3.7837067e-08
3.784631e-08
3.7855739e-08
3.7865307e-08
3.7874961e-08
3.7884648e-08
3.789432e-08
3.7903935e-08
3.7913458e-08
3.7922862e-08
3.7932124e-08
3.7941226e-08
3.7950157e-08
3.7958905e-08
3.7967466e-08
3.7975833e-08
3.7984005e-08
3.7991979e-08
3.7999755e-08
3.8007336e-08
3.8014721e-08
3.8021914e-08
3.8028916e-08
3.8035731e-08
3.804236e-08
3.8048809e-08
3.805508e-08
3.8061176e-08
3.8067102e-08
3.807286e-08
3.8078455e-08
3.8083889e-08
3.8089165e-08
3.8094288e-08
3.8099263e-08
3.810408e-08
3.8108806e-08
3.8113203e-08
3.8118102e-08
3.8122816e-08
1.6437002e-07
1.3027661e-07
1.2179089e-07
1.0609739e-07
9.6725519e-08
9.1419834e-08
8.8146283e-08
8.594769e-08
8.4381133e-08
8.3218055e-08
8.2328927e-08
8.1633744e-08
8.1080316e-08
8.0633127e-08
8.026719e-08
7.9964472e-08
7.9711673e-08
7.9498786e-08
7.9318212e-08
7.9164065e-08
7.9031726e-08
7.8917551e-08
7.8818615e-08
7.8732556e-08
7.8657463e-08
7.8591786e-08
7.8534221e-08
7.8483686e-08
7.8439294e-08
7.8400275e-08
7.8365977e-08
7.8335856e-08
7.8309439e-08
7.8286321e-08
7.8266157e-08
7.8248647e-08
7.8233527e-08
7.8220562e-08
7.8209545e-08
7.8200295e-08
7.8192656e-08
7.8186485e-08
7.8181675e-08
7.8178043e-08
7.8175789e-08
7.8173821e-08
7.8174139e-08
7.8176169e-08
7.8178616e-08
7.8180915e-08
7.8183046e-08
7.8185759e-08
7.8189453e-08
7.8193784e-08
7.8198576e-08
7.8203827e-08
7.8209575e-08
7.8215831e-08
7.8222577e-08
7.822978e-08
7.8237408e-08
7.8245428e-08
7.8253814e-08
7.8262544e-08
7.8271599e-08
7.8280963e-08
7.8290623e-08
7.8300569e-08
7.8310793e-08
7.8321289e-08
7.833205e-08
7.8343072e-08
7.8354354e-08
7.8365894e-08
7.8377693e-08
7.8389751e-08
7.8402072e-08
7.8414657e-08
7.8427512e-08
7.844064e-08
7.845405e-08
7.8467747e-08
7.848174e-08
7.8496034e-08
7.8510638e-08
7.8525561e-08
7.854081e-08
7.8556394e-08
7.8572321e-08
7.8588598e-08
7.860523e-08
7.8622224e-08
7.8639582e-08
7.8657306e-08
7.8675395e-08
7.8693854e-08
7.8712655e-08
7.8731885e-08
7.8751505e-08
7.8771418e-08
7.8791515e-08
7.8811685e-08
7.8831826e-08
7.8851853e-08
7.8871692e-08
7.8891284e-08
7.8910584e-08
7.8929556e-08
7.894817e-08
7.8966408e-08
7.8984257e-08
7.9001705e-08
7.9018747e-08
7.9035379e-08
7.9051601e-08
7.9067415e-08
7.9082824e-08
7.9097833e-08
7.9112446e-08
7.912667e-08
7.9140508e-08
7.915397e-08
7.9167063e-08
7.9179792e-08
7.9192167e-08
7.9204193e-08
7.9215877e-08
7.9227228e-08
7.9238252e-08
7.9248955e-08
7.925935e-08
7.9269418e-08
7.9279294e-08
7.9288488e-08
7.9298725e-08
7.9308572e-08
2.6846673e-07
2.3863223e-07
2.2307469e-07
1.9426727e-07
1.7705296e-07
1.673017e-07
1.6128286e-07
1.5723924e-07
1.5435737e-07
1.5221728e-07
1.5058093e-07
1.4930125e-07
1.482823e-07
1.4745879e-07
1.4678478e-07
1.4622709e-07
1.4576128e-07
1.4536893e-07
1.4503606e-07
1.4475185e-07
1.4450779e-07
1.4429718e-07
1.4411464e-07
1.4395581e-07
1.4381718e-07
1.436959e-07
1.4358957e-07
1.4349618e-07
1.4341412e-07
1.4334196e-07
1.4327849e-07
1.4322273e-07
1.4317379e-07
1.4313093e-07
1.4309351e-07
1.4306099e-07
1.4303287e-07
1.4300873e-07
1.4298817e-07
1.4297087e-07
1.4295654e-07
1.4294491e-07
1.4293579e-07
1.4292884e-07
1.4292443e-07
1.4292056e-07
1.4292087e-07
1.4292433e-07
1.4292856e-07
1.4293254e-07
1.4293623e-07
1.4294098e-07
1.4294753e-07
1.4295525e-07
1.4296382e-07
1.4297323e-07
1.4298356e-07
1.4299483e-07
1.4300699e-07
1.4302e-07
1.4303378e-07
1.4304828e-07
1.4306346e-07
1.4307927e-07
1.4309568e-07
1.4311266e-07
1.4313018e-07
1.4314823e-07
1.4316679e-07
1.4318584e-07
1.4320539e-07
1.4322541e-07
1.4324591e-07
1.4326689e-07
1.4328834e-07
1.4331027e-07
1.4333268e-07
1.4335558e-07
1.4337898e-07
1.4340288e-07
1.4342729e-07
1.4345224e-07
1.4347773e-07
1.4350377e-07
1.4353039e-07
1.4355759e-07
1.4358539e-07
1.4361382e-07
1.4364287e-07
1.4367257e-07
1.4370292e-07
1.4373395e-07
1.4376564e-07
1.4379801e-07
1.4383106e-07
1.4386479e-07
1.4389915e-07
1.4393431e-07
1.4397019e-07
1.4400661e-07
1.4404338e-07
1.4408029e-07
1.4411715e-07
1.4415382e-07
1.4419014e-07
1.4422602e-07
1.4426138e-07
1.4429613e-07
1.4433024e-07
1.4436366e-07
1.4439638e-07
1.4442836e-07
1.444596e-07
1.444901e-07
1.4451985e-07
1.4454885e-07
1.4457712e-07
1.4460466e-07
1.4463147e-07
1.4465757e-07
1.4468297e-07
1.4470768e-07
1.4473171e-07
1.4475508e-07
1.447778e-07
1.4479988e-07
1.4482134e-07
1.4484219e-07
1.4486245e-07
1.4488211e-07
1.4490121e-07
1.4491971e-07
1.4493786e-07
1.4495477e-07
1.4497357e-07
1.4499167e-07
4.1201603e-07
3.9955812e-07
3.734823e-07
3.2513229e-07
2.9621903e-07
2.7982983e-07
2.6970919e-07
2.6290753e-07
2.5805872e-07
2.5445709e-07
2.5170255e-07
2.4954792e-07
2.4783191e-07
2.4644471e-07
2.4530908e-07
2.4436923e-07
2.4358404e-07
2.4292252e-07
2.4236117e-07
2.4188176e-07
2.4146998e-07
2.4111454e-07
2.4080637e-07
2.4053817e-07
2.40304e-07
2.4009906e-07
2.3991931e-07
2.3976139e-07
2.3962255e-07
2.3950041e-07
2.3939293e-07
2.3929843e-07
2.3921544e-07
2.391427e-07
2.3907913e-07
2.3902382e-07
2.3897593e-07
2.3893474e-07
2.388996e-07
2.3886995e-07
2.3884531e-07
2.3882523e-07
2.3880937e-07
2.3879717e-07
2.3878924e-07
2.3878225e-07
2.3878226e-07
2.3878755e-07
2.3879417e-07
2.3880039e-07
2.3880613e-07
2.3881367e-07
2.3882422e-07
2.3883674e-07
2.3885069e-07
2.3886607e-07
2.3888299e-07
2.3890147e-07
2.3892147e-07
2.3894288e-07
2.389656e-07
2.3898954e-07
2.390146e-07
2.3904073e-07
2.3906787e-07
2.3909596e-07
2.3912496e-07
2.3915485e-07
2.391856e-07
2.3921718e-07
2.3924959e-07
2.392828e-07
2.3931682e-07
2.3935163e-07
2.3938725e-07
2.3942367e-07
2.3946089e-07
2.3949894e-07
2.3953782e-07
2.3957755e-07
2.3961815e-07
2.3965965e-07
2.3970205e-07
2.397454e-07
2.397897e-07
2.39835e-07
2.3988131e-07
2.3992866e-07
2.3997707e-07
2.4002658e-07
2.4007719e-07
2.4012893e-07
2.4018181e-07
2.4023583e-07
2.40291e-07
2.4034731e-07
2.4040471e-07
2.4046344e-07
2.405234e-07
2.4058429e-07
2.4064577e-07
2.407075e-07
2.4076917e-07
2.4083051e-07
2.4089131e-07
2.4095137e-07
2.4101056e-07
2.4106877e-07
2.4112589e-07
2.4118188e-07
2.412367e-07
2.4129029e-07
2.4134266e-07
2.4139378e-07
2.4144366e-07
2.4149229e-07
2.415397e-07
2.4158588e-07
2.4163086e-07
2.4167465e-07
2.4171726e-07
2.4175873e-07
2.4179907e-07
2.418383e-07
2.4187645e-07
2.4191353e-07
2.4194957e-07
2.4198458e-07
2.420186e-07
2.4205164e-07
2.4208373e-07
2.4211483e-07
2.4214533e-07
2.4217376e-07
2.4220536e-07
2.4223576e-07
6.03054e-07
6.2637104e-07
5.8544571e-07
5.0944638e-07
4.6396199e-07
4.3816039e-07
4.222193e-07
4.1150182e-07
4.0385917e-07
3.9818075e-07
3.9383673e-07
3.904379e-07
3.8773028e-07
3.8554093e-07
3.8374816e-07
3.822641e-07
3.8102391e-07
3.7997882e-07
3.7909174e-07
3.7833393e-07
3.7768286e-07
3.771207e-07
3.7663317e-07
3.762087e-07
3.7583797e-07
3.7551339e-07
3.752286e-07
3.7497829e-07
3.7475811e-07
3.7456429e-07
3.7439365e-07
3.7424351e-07
3.7411155e-07
3.7399579e-07
3.7389453e-07
3.7380629e-07
3.737298e-07
3.7366388e-07
3.7360752e-07
3.7355984e-07
3.7352006e-07
3.7348748e-07
3.7346158e-07
3.7344147e-07
3.7342808e-07
3.7341621e-07
3.7341533e-07
3.7342273e-07
3.7343227e-07
3.7344124e-07
3.7344949e-07
3.7346058e-07
3.7347638e-07
3.7349529e-07
3.7351646e-07
3.7353989e-07
3.7356574e-07
3.7359405e-07
3.7362475e-07
3.7365767e-07
3.7369266e-07
3.7372956e-07
3.7376824e-07
3.7380859e-07
3.7385053e-07
3.7389397e-07
3.7393886e-07
3.7398513e-07
3.7403276e-07
3.740817e-07
3.7413194e-07
3.7418345e-07
3.7423623e-07
3.7429026e-07
3.7434555e-07
3.7440211e-07
3.7445994e-07
3.7451907e-07
3.7457951e-07
3.7464129e-07
3.7470444e-07
3.74769e-07
3.74835e-07
3.7490248e-07
3.7497148e-07
3.7504204e-07
3.7511421e-07
3.7518802e-07
3.7526351e-07
3.7534073e-07
3.754197e-07
3.7550045e-07
3.7558301e-07
3.7566737e-07
3.7575355e-07
3.7584156e-07
3.7593128e-07
3.7602313e-07
3.7611692e-07
3.7621219e-07
3.7630841e-07
3.7640505e-07
3.7650163e-07
3.7659773e-07
3.7669299e-07
3.7678712e-07
3.768799e-07
3.7697115e-07
3.7706074e-07
3.7714856e-07
3.7723455e-07
3.7731865e-07
3.7740083e-07
3.7748108e-07
3.7755938e-07
3.7763574e-07
3.7771018e-07
3.7778272e-07
3.7785338e-07
3.7792218e-07
3.7798914e-07
3.7805432e-07
3.7811772e-07
3.781794e-07
3.7823938e-07
3.7829769e-07
3.7835438e-07
3.7840946e-07
3.7846299e-07
3.7851497e-07
3.7856548e-07
3.7861443e-07
3.7866245e-07
3.7870722e-07
3.7875695e-07
3.7880478e-07
8.5038235e-07
9.3389909e-07
8.7280221e-07
7.5915525e-07
6.9107852e-07
6.5242931e-07
6.2853706e-07
6.1246701e-07
6.0100362e-07
5.9248381e-07
5.8596421e-07
5.8086172e-07
5.7679575e-07
5.7350714e-07
5.7081347e-07
5.6858302e-07
5.6671859e-07
5.6514701e-07
5.6381265e-07
5.6267243e-07
5.616925e-07
5.6084613e-07
5.6011184e-07
5.5947232e-07
5.5891354e-07
5.5842413e-07
5.5799451e-07
5.5761672e-07
5.5728424e-07
5.569914e-07
5.567334e-07
5.5650622e-07
5.5630639e-07
5.5613092e-07
5.5597725e-07
5.5584317e-07
5.5572674e-07
5.5562622e-07
5.5554008e-07
5.5546698e-07
5.5540577e-07
5.5535539e-07
5.5531505e-07
5.552834e-07
5.5526185e-07
5.5524264e-07
5.5523983e-07
5.5524939e-07
5.5526222e-07
5.5527428e-07
5.5528536e-07
5.5530065e-07
5.55323e-07
5.5534999e-07
5.553804e-07
5.5541419e-07
5.5545161e-07
5.5549273e-07
5.5553741e-07
5.5558543e-07
5.5563655e-07
5.5569053e-07
5.5574717e-07
5.5580633e-07
5.5586786e-07
5.5593165e-07
5.5599759e-07
5.5606562e-07
5.5613568e-07
5.5620771e-07
5.5628168e-07
5.5635755e-07
5.5643532e-07
5.5651498e-07
5.5659652e-07
5.5667996e-07
5.5676531e-07
5.568526e-07
5.5694187e-07
5.5703314e-07
5.5712647e-07
5.5722192e-07
5.5731953e-07
5.5741937e-07
5.5752148e-07
5.5762594e-07
5.5773282e-07
5.5784217e-07
5.5795405e-07
5.5806853e-07
5.5818564e-07
5.5830545e-07
5.5842796e-07
5.5855322e-07
5.586812e-07
5.5881196e-07
5.589453e-07
5.5908185e-07
5.5922135e-07
5.5936309e-07
5.595063e-07
5.5965018e-07
5.5979401e-07
5.5993715e-07
5.6007909e-07
5.6021939e-07
5.6035771e-07
5.6049378e-07
5.606274e-07
5.6075841e-07
5.6088671e-07
5.6101223e-07
5.611349e-07
5.6125471e-07
5.6137163e-07
5.6148568e-07
5.6159688e-07
5.6170526e-07
5.6181085e-07
5.6191367e-07
5.6201378e-07
5.6211122e-07
5.6220604e-07
5.6229828e-07
5.62388e-07
5.6247524e-07
5.6256006e-07
5.6264251e-07
5.6272263e-07
5.6280045e-07
5.6287609e-07
5.6294939e-07
5.6302132e-07
5.6308842e-07
5.6316287e-07
5.6323448e-07
1.1636392e-06
1.3386827e-06
1.2509806e-06
1.0875513e-06
9.8955829e-07
9.3387466e-07
8.9943079e-07
8.7625278e-07
8.5971297e-07
8.4741615e-07
8.3800325e-07
8.3063406e-07
8.2476004e-07
8.2000759e-07
8.1611373e-07
8.128885e-07
8.1019172e-07
8.0791782e-07
8.0598656e-07
8.0433575e-07
8.0291655e-07
8.0169035e-07
8.0062613e-07
7.9969889e-07
7.9888837e-07
7.9817816e-07
7.9755442e-07
7.9700565e-07
7.9652241e-07
7.9609652e-07
7.9572103e-07
7.9539014e-07
7.9509882e-07
7.9484273e-07
7.9461819e-07
7.9442201e-07
7.9425136e-07
7.9410373e-07
7.9397691e-07
7.9386895e-07
7.937782e-07
7.9370311e-07
7.9364253e-07
7.9359455e-07
7.9356113e-07
7.9353122e-07
7.9352482e-07
7.9353619e-07
7.9355237e-07
7.9356759e-07
7.935815e-07
7.9360149e-07
7.9363158e-07
7.9366839e-07
7.9371014e-07
7.9375677e-07
7.9380864e-07
7.9386583e-07
7.9392817e-07
7.9399532e-07
7.9406692e-07
7.9414266e-07
7.9422224e-07
7.9430544e-07
7.9439207e-07
7.9448193e-07
7.9457492e-07
7.9467091e-07
7.9476981e-07
7.9487157e-07
7.9497612e-07
7.9508342e-07
7.9519345e-07
7.953062e-07
7.9542166e-07
7.9553987e-07
7.9566083e-07
7.9578459e-07
7.959112e-07
7.9604071e-07
7.9617319e-07
7.9630872e-07
7.9644738e-07
7.9658926e-07
7.9673443e-07
7.9688299e-07
7.9703504e-07
7.9719068e-07
7.9734999e-07
7.9751305e-07
7.9767994e-07
7.9785072e-07
7.9802544e-07
7.9820414e-07
7.983868e-07
7.9857349e-07
7.9876394e-07
7.9895907e-07
7.9915848e-07
7.9936117e-07
7.9956603e-07
7.9977193e-07
7.9997782e-07
8.001828e-07
8.0038611e-07
8.0058713e-07
8.0078537e-07
8.0098044e-07
8.0117203e-07
8.0135994e-07
8.01544e-07
8.017241e-07
8.0190016e-07
8.0207214e-07
8.0224002e-07
8.0240381e-07
8.0256354e-07
8.0271924e-07
8.0287096e-07
8.0301874e-07
8.0316264e-07
8.0330273e-07
8.0343908e-07
8.0357175e-07
8.0370082e-07
8.0382634e-07
8.039484e-07
8.0406707e-07
8.041824e-07
8.0429447e-07
8.0440339e-07
8.0450898e-07
8.046126e-07
8.0470931e-07
8.0481652e-07
8.0491964e-07
1.5533766e-06
1.859206e-06
1.7372155e-06
1.5094517e-06
1.3727393e-06
1.2949781e-06
1.2468456e-06
1.2144396e-06
1.1913056e-06
1.1740999e-06
1.1609249e-06
1.1506069e-06
1.1423796e-06
1.135721e-06
1.1302636e-06
1.1257418e-06
1.1219596e-06
1.1187695e-06
1.1160592e-06
1.1137416e-06
1.1117485e-06
1.1100258e-06
1.1085301e-06
1.1072263e-06
1.1060862e-06
1.1050866e-06
1.1042083e-06
1.1034352e-06
1.1027539e-06
1.1021531e-06
1.101623e-06
1.1011555e-06
1.1007435e-06
1.1003809e-06
1.1000626e-06
1.099784e-06
1.0995413e-06
1.0993309e-06
1.0991497e-06
1.0989949e-06
1.0988643e-06
1.0987556e-06
1.0986673e-06
1.0985967e-06
1.0985464e-06
1.0985013e-06
1.0984888e-06
1.098501e-06
1.0985201e-06
1.0985381e-06
1.0985545e-06
1.0985793e-06
1.0986181e-06
1.0986664e-06
1.0987215e-06
1.0987836e-06
1.0988529e-06
1.0989297e-06
1.0990137e-06
1.0991044e-06
1.0992013e-06
1.099304e-06
1.099412e-06
1.0995251e-06
1.0996431e-06
1.0997655e-06
1.0998923e-06
1.1000233e-06
1.1001583e-06
1.1002974e-06
1.1004404e-06
1.1005871e-06
1.1007378e-06
1.1008922e-06
1.1010504e-06
1.1012124e-06
1.1013783e-06
1.1015481e-06
1.1017219e-06
1.1018997e-06
1.1020818e-06
1.102268e-06
1.1024587e-06
1.1026539e-06
1.1028537e-06
1.1030582e-06
1.1032676e-06
1.1034821e-06
1.1037017e-06
1.1039266e-06
1.1041569e-06
1.1043926e-06
1.1046339e-06
1.1048808e-06
1.1051333e-06
1.1053914e-06
1.1056549e-06
1.1059249e-06
1.106201e-06
1.1064818e-06
1.1067657e-06
1.1070511e-06
1.1073366e-06
1.1076209e-06
1.1079031e-06
1.1081821e-06
1.1084574e-06
1.1087283e-06
1.1089945e-06
1.1092556e-06
1.1095114e-06
1.1097618e-06
1.1100067e-06
1.1102459e-06
1.1104794e-06
1.1107074e-06
1.1109297e-06
1.1111464e-06
1.1113577e-06
1.1115635e-06
1.111764e-06
1.1119592e-06
1.1121492e-06
1.1123341e-06
1.112514e-06
1.1126891e-06
1.1128593e-06
1.1130248e-06
1.1131857e-06
1.1133421e-06
1.1134942e-06
1.1136416e-06
1.1137863e-06
1.1139214e-06
1.114071e-06
1.1142149e-06
2.031143e-06
2.516157e-06
2.3507888e-06
2.0414003e-06
1.8554834e-06
1.7496242e-06
1.6840526e-06
1.6398812e-06
1.6083345e-06
1.5848628e-06
1.5668829e-06
1.5527969e-06
1.5415611e-06
1.5324644e-06
1.525006e-06
1.5188241e-06
1.5136516e-06
1.5092873e-06
1.505578e-06
1.5024051e-06
1.4996753e-06
1.497315e-06
1.4952647e-06
1.4934767e-06
1.4919124e-06
1.4905404e-06
1.4893341e-06
1.4882715e-06
1.4873347e-06
1.486508e-06
1.4857779e-06
1.4851334e-06
1.4845649e-06
1.484064e-06
1.4836237e-06
1.4832378e-06
1.4829009e-06
1.4826082e-06
1.4823554e-06
1.4821389e-06
1.4819554e-06
1.4818019e-06
1.4816762e-06
1.4815748e-06
1.4815011e-06
1.4814347e-06
1.4814124e-06
1.4814238e-06
1.4814447e-06
1.4814645e-06
1.4814821e-06
1.4815114e-06
1.4815596e-06
1.4816207e-06
1.4816912e-06
1.4817711e-06
1.481861e-06
1.4819611e-06
1.4820709e-06
1.4821898e-06
1.4823173e-06
1.4824526e-06
1.4825952e-06
1.4827447e-06
1.4829008e-06
1.483063e-06
1.4832311e-06
1.483405e-06
1.4835844e-06
1.4837692e-06
1.4839594e-06
1.4841548e-06
1.4843554e-06
1.4845611e-06
1.4847721e-06
1.4849882e-06
1.4852097e-06
1.4854364e-06
1.4856686e-06
1.4859063e-06
1.4861497e-06
1.486399e-06
1.4866542e-06
1.4869156e-06
1.4871832e-06
1.4874574e-06
1.4877383e-06
1.4880261e-06
1.4883209e-06
1.4886229e-06
1.4889323e-06
1.4892492e-06
1.4895738e-06
1.489906e-06
1.4902458e-06
1.4905935e-06
1.4909486e-06
1.4913126e-06
1.491685e-06
1.4920639e-06
1.4924471e-06
1.4928326e-06
1.4932183e-06
1.4936026e-06
1.4939841e-06
1.4943615e-06
1.4947339e-06
1.4951005e-06
1.4954609e-06
1.4958144e-06
1.496161e-06
1.4965002e-06
1.496832e-06
1.4971563e-06
1.4974729e-06
1.497782e-06
1.4980836e-06
1.4983777e-06
1.4986644e-06
1.4989437e-06
1.4992159e-06
1.4994809e-06
1.499739e-06
1.4999902e-06
1.5002347e-06
1.5004726e-06
1.500704e-06
1.5009291e-06
1.5011479e-06
1.5013607e-06
1.5015675e-06
1.5017681e-06
1.5019651e-06
1.5021491e-06
1.5023527e-06
1.5025484e-06
2.6095682e-06
3.3327185e-06
3.1132987e-06
2.7018914e-06
2.4543714e-06
2.3132789e-06
2.2258158e-06
2.1668628e-06
2.1247398e-06
2.093386e-06
2.0693586e-06
2.0505274e-06
2.035501e-06
2.0233307e-06
2.0133485e-06
2.0050718e-06
1.9981438e-06
1.9922961e-06
1.9873241e-06
1.9830696e-06
1.9794077e-06
1.9762401e-06
1.9734873e-06
1.9710855e-06
1.9689831e-06
1.9671381e-06
1.9655151e-06
1.9640847e-06
1.9628227e-06
1.961708e-06
1.9607229e-06
1.9598525e-06
1.9590839e-06
1.9584059e-06
1.957809e-06
1.9572851e-06
1.9568269e-06
1.9564279e-06
1.9560824e-06
1.9557854e-06
1.9555326e-06
1.9553202e-06
1.955145e-06
1.9550022e-06
1.9548966e-06
1.9548009e-06
1.9547638e-06
1.9547714e-06
1.9547921e-06
1.9548116e-06
1.9548287e-06
1.9548612e-06
1.9549189e-06
1.9549937e-06
1.9550813e-06
1.9551814e-06
1.9552948e-06
1.9554217e-06
1.9555616e-06
1.9557138e-06
1.9558773e-06
1.9560512e-06
1.956235e-06
1.9564279e-06
1.9566295e-06
1.9568394e-06
1.9570572e-06
1.9572826e-06
1.9575154e-06
1.9577555e-06
1.9580026e-06
1.9582567e-06
1.9585178e-06
1.9587857e-06
1.9590606e-06
1.9593425e-06
1.9596313e-06
1.9599273e-06
1.9602305e-06
1.9605411e-06
1.9608594e-06
1.9611854e-06
1.9615194e-06
1.9618616e-06
1.9622123e-06
1.9625717e-06
1.9629401e-06
1.9633177e-06
1.9637047e-06
1.9641015e-06
1.9645081e-06
1.9649248e-06
1.9653517e-06
1.965789e-06
1.9662366e-06
1.9666947e-06
1.9671627e-06
1.9676429e-06
1.9681343e-06
1.9686345e-06
1.9691407e-06
1.9696501e-06
1.9701601e-06
1.9706683e-06
1.971173e-06
1.9716725e-06
1.9721656e-06
1.9726512e-06
1.9731285e-06
1.9735971e-06
1.9740565e-06
1.9745063e-06
1.9749464e-06
1.9753766e-06
1.9757968e-06
1.9762071e-06
1.9766074e-06
1.976998e-06
1.9773788e-06
1.97775e-06
1.9781116e-06
1.978464e-06
1.9788071e-06
1.9791412e-06
1.9794664e-06
1.9797829e-06
1.9800908e-06
1.9803904e-06
1.9806818e-06
1.980965e-06
1.9812406e-06
1.9815079e-06
1.9817702e-06
1.9820157e-06
1.9822868e-06
1.9825474e-06
3.30245e-06
4.3348885e-06
4.0489577e-06
3.5116179e-06
3.1879191e-06
3.0031851e-06
2.8885752e-06
2.8112758e-06
2.7560171e-06
2.7148674e-06
2.6833198e-06
2.6585848e-06
2.6388392e-06
2.6228404e-06
2.6097129e-06
2.5988238e-06
2.5897057e-06
2.5820062e-06
2.5754573e-06
2.5698509e-06
2.5650236e-06
2.5608459e-06
2.5572135e-06
2.5540428e-06
2.5512658e-06
2.5488275e-06
2.5466812e-06
2.5447884e-06
2.5431173e-06
2.5416401e-06
2.5403336e-06
2.5391781e-06
2.5381565e-06
2.5372543e-06
2.5364589e-06
2.5357596e-06
2.5351468e-06
2.534612e-06
2.5341476e-06
2.5337471e-06
2.5334049e-06
2.5331157e-06
2.5328756e-06
2.5326782e-06
2.5325294e-06
2.5323943e-06
2.5323354e-06
2.5323349e-06
2.5323519e-06
2.532368e-06
2.5323814e-06
2.532415e-06
2.5324815e-06
2.5325703e-06
2.532676e-06
2.5327981e-06
2.5329377e-06
2.533095e-06
2.5332694e-06
2.5334597e-06
2.5336649e-06
2.5338839e-06
2.5341156e-06
2.5343595e-06
2.5346147e-06
2.5348807e-06
2.5351571e-06
2.5354435e-06
2.5357396e-06
2.5360451e-06
2.53636e-06
2.536684e-06
2.5370171e-06
2.5373592e-06
2.5377104e-06
2.5380708e-06
2.5384403e-06
2.5388192e-06
2.5392076e-06
2.5396057e-06
2.5400138e-06
2.5404321e-06
2.540861e-06
2.5413006e-06
2.5417514e-06
2.5422136e-06
2.5426876e-06
2.5431737e-06
2.5436723e-06
2.5441837e-06
2.5447081e-06
2.5452459e-06
2.5457971e-06
2.546362e-06
2.5469405e-06
2.547533e-06
2.5481386e-06
2.5487603e-06
2.549397e-06
2.5500453e-06
2.5507017e-06
2.5513626e-06
2.5520245e-06
2.5526845e-06
2.5533401e-06
2.5539893e-06
2.5546302e-06
2.5552618e-06
2.5558828e-06
2.5564926e-06
2.5570905e-06
2.5576763e-06
2.5582494e-06
2.5588099e-06
2.5593575e-06
2.5598924e-06
2.5604144e-06
2.5609238e-06
2.5614206e-06
2.5619049e-06
2.562377e-06
2.5628369e-06
2.5632849e-06
2.5637213e-06
2.5641462e-06
2.5645598e-06
2.5649623e-06
2.565354e-06
2.565735e-06
2.5661055e-06
2.566466e-06
2.5668158e-06
2.5671592e-06
2.5674807e-06
2.5678354e-06
2.5681763e-06
4.1248386e-06
5.5518317e-06
5.184918e-06
4.4937433e-06
4.0768143e-06
3.8385782e-06
3.6906482e-06
3.5908094e-06
3.519401e-06
3.4662001e-06
3.4253953e-06
3.3933882e-06
3.3678266e-06
3.3471068e-06
3.3300984e-06
3.3159843e-06
3.3041608e-06
3.2941727e-06
3.2856735e-06
3.2783945e-06
3.2721243e-06
3.2666952e-06
3.2619724e-06
3.2578477e-06
3.2542332e-06
3.2510577e-06
3.2482609e-06
3.2457927e-06
3.2436119e-06
3.2416828e-06
3.239975e-06
3.238463e-06
3.2371249e-06
3.2359416e-06
3.2348969e-06
3.2339769e-06
3.2331691e-06
3.2324624e-06
3.2318472e-06
3.2313149e-06
3.2308581e-06
3.2304701e-06
3.2301458e-06
3.2298769e-06
3.229671e-06
3.2294833e-06
3.2293934e-06
3.2293784e-06
3.2293867e-06
3.2293947e-06
3.2293998e-06
3.2294309e-06
3.2295042e-06
3.2296064e-06
3.2297304e-06
3.2298758e-06
3.2300438e-06
3.2302346e-06
3.2304474e-06
3.2306809e-06
3.2309336e-06
3.231204e-06
3.2314909e-06
3.2317934e-06
3.2321107e-06
3.2324419e-06
3.2327864e-06
3.2331439e-06
3.2335139e-06
3.2338961e-06
3.2342903e-06
3.2346964e-06
3.2351141e-06
3.2355436e-06
3.2359847e-06
3.2364377e-06
3.2369025e-06
3.2373794e-06
3.2378687e-06
3.2383704e-06
3.2388851e-06
3.239413e-06
3.2399545e-06
3.2405101e-06
3.24108e-06
3.2416647e-06
3.2422648e-06
3.2428806e-06
3.2435126e-06
3.2441611e-06
3.2448266e-06
3.2455094e-06
3.2462098e-06
3.2469279e-06
3.2476639e-06
3.2484181e-06
3.2491893e-06
3.2499817e-06
3.2507934e-06
3.2516206e-06
3.2524585e-06
3.2533026e-06
3.2541483e-06
3.2549921e-06
3.2558305e-06
3.256661e-06
3.2574814e-06
3.25829e-06
3.2590854e-06
3.2598667e-06
3.2606331e-06
3.2613841e-06
3.2621192e-06
3.2628382e-06
3.2635409e-06
3.2642274e-06
3.2648977e-06
3.2655518e-06
3.26619e-06
3.2668124e-06
3.2674191e-06
3.2680104e-06
3.2685865e-06
3.2691478e-06
3.2696945e-06
3.2702267e-06
3.2707449e-06
3.2712491e-06
3.2717399e-06
3.2722172e-06
3.2726817e-06
3.2731326e-06
3.2735753e-06
3.27399e-06
3.274447e-06
3.2748862e-06
5.0931169e-06
7.0162617e-06
6.5516266e-06
5.674198e-06
5.1441739e-06
4.8409202e-06
4.652448e-06
4.5251577e-06
4.4340653e-06
4.3661659e-06
4.3140629e-06
4.2731752e-06
4.2405068e-06
4.2140147e-06
4.1922584e-06
4.1741966e-06
4.1590595e-06
4.1462666e-06
4.1353761e-06
4.1260449e-06
4.1180031e-06
4.1110366e-06
4.1049734e-06
4.099675e-06
4.0950295e-06
4.0909457e-06
4.0873467e-06
4.0841683e-06
4.081358e-06
4.07887e-06
4.0766653e-06
4.0747115e-06
4.0729804e-06
4.0714476e-06
4.0700925e-06
4.0688969e-06
4.0678452e-06
4.066923e-06
4.066118e-06
4.0654192e-06
4.0648171e-06
4.0643032e-06
4.0638708e-06
4.0635094e-06
4.0632283e-06
4.0629715e-06
4.0628383e-06
4.0628002e-06
4.0627925e-06
4.0627855e-06
4.0627757e-06
4.062799e-06
4.0628758e-06
4.0629894e-06
4.063131e-06
4.0632999e-06
4.0634976e-06
4.0637245e-06
4.0639794e-06
4.0642606e-06
4.0645662e-06
4.0648945e-06
4.0652438e-06
4.0656131e-06
4.066001e-06
4.0664068e-06
4.0668296e-06
4.0672688e-06
4.067724e-06
4.0681948e-06
4.0686809e-06
4.069182e-06
4.0696981e-06
4.0702291e-06
4.070775e-06
4.0713359e-06
4.0719121e-06
4.0725036e-06
4.0731108e-06
4.073734e-06
4.0743737e-06
4.0750304e-06
4.0757044e-06
4.0763963e-06
4.0771066e-06
4.0778359e-06
4.0785848e-06
4.0793539e-06
4.0801436e-06
4.0809547e-06
4.0817874e-06
4.0826424e-06
4.0835199e-06
4.0844203e-06
4.0853437e-06
4.0862904e-06
4.0872593e-06
4.0882552e-06
4.0892762e-06
4.0903172e-06
4.0913724e-06
4.0924358e-06
4.093502e-06
4.094566e-06
4.0956239e-06
4.0966722e-06
4.0977082e-06
4.0987297e-06
4.0997349e-06
4.1007226e-06
4.1016918e-06
4.1026418e-06
4.1035721e-06
4.1044822e-06
4.105372e-06
4.1062415e-06
4.1070907e-06
4.1079197e-06
4.1087287e-06
4.1095179e-06
4.1102874e-06
4.1110376e-06
4.1117688e-06
4.1124813e-06
4.1131753e-06
4.1138513e-06
4.1145096e-06
4.1151504e-06
4.1157741e-06
4.1163811e-06
4.1169718e-06
4.1175454e-06
4.1181086e-06
4.1186367e-06
4.1192178e-06
4.1197762e-06
6.2250732e-06
8.7648537e-06
8.183209e-06
7.0819993e-06
6.4158232e-06
6.0341524e-06
5.7967198e-06
5.6362444e-06
5.521338e-06
5.4356436e-06
5.3698533e-06
5.3182001e-06
5.2769114e-06
5.2434132e-06
5.2158909e-06
5.1930318e-06
5.1738656e-06
5.1576604e-06
5.1438587e-06
5.1320277e-06
5.1218266e-06
5.1129851e-06
5.1052858e-06
5.0985539e-06
5.0926482e-06
5.0874533e-06
5.0828721e-06
5.0788236e-06
5.0752411e-06
5.0720668e-06
5.0692514e-06
5.0667539e-06
5.0645385e-06
5.0625743e-06
5.0608352e-06
5.0592983e-06
5.0579436e-06
5.0567531e-06
5.0557111e-06
5.0548035e-06
5.0540186e-06
5.0533453e-06
5.0527752e-06
5.0522953e-06
5.0519166e-06
5.0515698e-06
5.0513776e-06
5.0513046e-06
5.0512708e-06
5.0512395e-06
5.0512058e-06
5.0512138e-06
5.0512886e-06
5.0514099e-06
5.0515668e-06
5.0517582e-06
5.0519859e-06
5.0522504e-06
5.0525502e-06
5.0528831e-06
5.0532468e-06
5.0536391e-06
5.054058e-06
5.0545019e-06
5.0549694e-06
5.0554593e-06
5.0559708e-06
5.0565029e-06
5.0570552e-06
5.0576272e-06
5.0582183e-06
5.0588285e-06
5.0594575e-06
5.0601053e-06
5.0607719e-06
5.0614575e-06
5.0621621e-06
5.0628863e-06
5.0636302e-06
5.0643944e-06
5.0651793e-06
5.0659857e-06
5.066814e-06
5.0676649e-06
5.0685391e-06
5.0694373e-06
5.0703603e-06
5.0713088e-06
5.0722836e-06
5.0732854e-06
5.0743147e-06
5.0753722e-06
5.0764584e-06
5.0775736e-06
5.0787181e-06
5.0798923e-06
5.0810948e-06
5.0823317e-06
5.0836007e-06
5.0848953e-06
5.0862082e-06
5.0875323e-06
5.0888604e-06
5.0901866e-06
5.0915058e-06
5.0928135e-06
5.0941065e-06
5.0953819e-06
5.0966375e-06
5.0978716e-06
5.0990831e-06
5.1002709e-06
5.1014345e-06
5.1025733e-06
5.103687e-06
5.1047756e-06
5.1058391e-06
5.1068776e-06
5.1078914e-06
5.1088806e-06
5.1098454e-06
5.1107863e-06
5.1117036e-06
5.1125976e-06
5.1134689e-06
5.1143176e-06
5.1151443e-06
5.1159493e-06
5.1167331e-06
5.117496e-06
5.1182387e-06
5.1189601e-06
5.1196685e-06
5.1203334e-06
5.121064e-06
5.1217658e-06
7.5399627e-06
1.0838687e-05
1.011788e-05
8.7495953e-06
7.9205947e-06
7.444967e-06
7.1487937e-06
6.9484624e-06
6.8049318e-06
6.6978322e-06
6.6155668e-06
6.550947e-06
6.4992685e-06
6.4573211e-06
6.4228406e-06
6.394189e-06
6.3701548e-06
6.3498243e-06
6.3325009e-06
6.3176441e-06
6.3048278e-06
6.2937137e-06
6.2840299e-06
6.2755581e-06
6.2681215e-06
6.261576e-06
6.2557999e-06
6.2506918e-06
6.2461681e-06
6.2421564e-06
6.2385951e-06
6.2354325e-06
6.232624e-06
6.2301307e-06
6.2279197e-06
6.2259626e-06
6.2242341e-06
6.2227117e-06
6.2213756e-06
6.2202082e-06
6.2191947e-06
6.2183213e-06
6.2175774e-06
6.2169466e-06
6.2164424e-06
6.2159797e-06
6.2157081e-06
6.2155847e-06
6.2155116e-06
6.2154434e-06
6.2153736e-06
6.2153558e-06
6.2154208e-06
6.215544e-06
6.2157118e-06
6.215923e-06
6.2161794e-06
6.2164817e-06
6.2168281e-06
6.2172159e-06
6.2176421e-06
6.2181039e-06
6.218599e-06
6.2191253e-06
6.2196811e-06
6.2202649e-06
6.2208756e-06
6.221512e-06
6.2221737e-06
6.2228598e-06
6.2235699e-06
6.2243038e-06
6.2250611e-06
6.2258419e-06
6.2266462e-06
6.2274742e-06
6.228326e-06
6.2292022e-06
6.2301031e-06
6.2310293e-06
6.2319814e-06
6.2329603e-06
6.2339668e-06
6.2350014e-06
6.2360653e-06
6.2371593e-06
6.2382843e-06
6.2394414e-06
6.2406314e-06
6.2418552e-06
6.2431137e-06
6.2444077e-06
6.2457377e-06
6.2471042e-06
6.2485076e-06
6.2499486e-06
6.2514253e-06
6.2529454e-06
6.2545059e-06
6.256099e-06
6.2577158e-06
6.2593471e-06
6.2609845e-06
6.2626204e-06
6.2642483e-06
6.265863e-06
6.2674601e-06
6.2690362e-06
6.2705884e-06
6.2721147e-06
6.2736136e-06
6.2750838e-06
6.2765243e-06
6.2779347e-06
6.2793145e-06
6.2806636e-06
6.281982e-06
6.2832699e-06
6.2845275e-06
6.2857549e-06
6.2869524e-06
6.2881206e-06
6.2892598e-06
6.2903704e-06
6.291453e-06
6.292508e-06
6.2935358e-06
6.294537e-06
6.2955121e-06
6.2964614e-06
6.2973859e-06
6.2982842e-06
6.2991664e-06
6.2999952e-06
6.3009045e-06
6.3017778e-06
9.0585528e-06
1.328371e-05
1.2398379e-05
1.071323e-05
9.6906459e-06
9.1030952e-06
8.7368536e-06
8.488929e-06
8.3111883e-06
8.1784875e-06
8.0765033e-06
7.9963537e-06
7.9322237e-06
7.8801439e-06
7.8373138e-06
7.8017068e-06
7.771824e-06
7.746534e-06
7.7249743e-06
7.7064752e-06
7.6905089e-06
7.6766556e-06
7.6645782e-06
7.6540061e-06
7.6447203e-06
7.636542e-06
7.6293202e-06
7.6229289e-06
7.6172645e-06
7.6122368e-06
7.6077693e-06
7.6037979e-06
7.6002669e-06
7.5971282e-06
7.5943408e-06
7.5918693e-06
7.5896823e-06
7.5877517e-06
7.5860529e-06
7.5845641e-06
7.5832667e-06
7.5821436e-06
7.5811816e-06
7.5803604e-06
7.5796963e-06
7.5790853e-06
7.578709e-06
7.5785151e-06
7.5783849e-06
7.5782632e-06
7.5781414e-06
7.5780839e-06
7.5781282e-06
7.5782446e-06
7.5784165e-06
7.5786423e-06
7.5789242e-06
7.5792628e-06
7.579656e-06
7.5801005e-06
7.5805924e-06
7.5811284e-06
7.5817057e-06
7.5823216e-06
7.582974e-06
7.5836611e-06
7.5843813e-06
7.5851336e-06
7.5859169e-06
7.5867306e-06
7.587574e-06
7.5884467e-06
7.5893485e-06
7.5902794e-06
7.5912393e-06
7.5922285e-06
7.5932473e-06
7.5942962e-06
7.5953758e-06
7.5964866e-06
7.5976297e-06
7.598806e-06
7.6000164e-06
7.6012619e-06
7.6025436e-06
7.6038627e-06
7.6052204e-06
7.6066179e-06
7.6080564e-06
7.609537e-06
7.6110608e-06
7.6126288e-06
7.6142417e-06
7.6159003e-06
7.6176049e-06
7.6193565e-06
7.6211528e-06
7.6230034e-06
7.6249047e-06
7.626847e-06
7.6288194e-06
7.6308109e-06
7.6328109e-06
7.6348102e-06
7.6368009e-06
7.6387763e-06
7.6407312e-06
7.6426611e-06
7.6445627e-06
7.6464333e-06
7.648271e-06
7.6500741e-06
7.6518416e-06
7.6535726e-06
7.6552667e-06
7.6569237e-06
7.6585435e-06
7.6601263e-06
7.6616723e-06
7.6631817e-06
7.6646548e-06
7.6660922e-06
7.6674944e-06
7.6688618e-06
7.6701951e-06
7.6714948e-06
7.6727615e-06
7.6739956e-06
7.6751979e-06
7.6763688e-06
7.6775094e-06
7.6786181e-06
7.679707e-06
7.680731e-06
7.6818528e-06
7.68293e-06
1.0803148e-05
1.6151235e-05
1.5072427e-05
1.3013327e-05
1.1761794e-05
1.1041611e-05
1.059222e-05
1.0287753e-05
1.0069335e-05
9.9061693e-06
9.7807038e-06
9.6820484e-06
9.603071e-06
9.5389012e-06
9.4861019e-06
9.4421853e-06
9.4053106e-06
9.3740879e-06
9.3474575e-06
9.324596e-06
9.3048544e-06
9.2877158e-06
9.2727655e-06
9.2596709e-06
9.2481623e-06
9.2380199e-06
9.2290576e-06
9.2211201e-06
9.2140797e-06
9.2078254e-06
9.2022626e-06
9.1973124e-06
9.192906e-06
9.1889841e-06
9.185496e-06
9.182398e-06
9.1796514e-06
9.1772215e-06
9.1750779e-06
9.1731936e-06
9.1715458e-06
9.1701132e-06
9.1688794e-06
9.1678197e-06
9.166953e-06
9.1661543e-06
9.1656412e-06
9.165351e-06
9.1651411e-06
9.1649445e-06
9.1647501e-06
9.1646348e-06
9.1646435e-06
9.1647408e-06
9.1649068e-06
9.1651392e-06
9.1654407e-06
9.1658118e-06
9.1662499e-06
9.1667509e-06
9.1673103e-06
9.1679239e-06
9.1685881e-06
9.1692998e-06
9.1700564e-06
9.1708555e-06
9.1716954e-06
9.1725746e-06
9.1734919e-06
9.1744466e-06
9.1754377e-06
9.1764649e-06
9.1775277e-06
9.1786263e-06
9.1797605e-06
9.1809307e-06
9.1821373e-06
9.1833809e-06
9.1846622e-06
9.185982e-06
9.1873414e-06
9.1887417e-06
9.1901839e-06
9.1916694e-06
9.1931996e-06
9.1947758e-06
9.1963995e-06
9.1980725e-06
9.199796e-06
9.2015716e-06
9.2034005e-06
9.205284e-06
9.2072232e-06
9.209219e-06
9.2112719e-06
9.213383e-06
9.2155497e-06
9.2177838e-06
9.2200809e-06
9.2224292e-06
9.2248157e-06
9.2272268e-06
9.2296497e-06
9.2320731e-06
9.2344874e-06
9.2368845e-06
9.2392578e-06
9.2416019e-06
9.2439125e-06
9.2461865e-06
9.2484214e-06
9.2506151e-06
9.2527662e-06
9.2548738e-06
9.256937e-06
9.2589558e-06
9.26093e-06
9.2628597e-06
9.2647451e-06
9.2665865e-06
9.2683842e-06
9.2701389e-06
9.271851e-06
9.2735213e-06
9.2751504e-06
9.2767389e-06
9.2782875e-06
9.2797968e-06
9.2812676e-06
9.2827004e-06
9.2840966e-06
9.285454e-06
9.2867877e-06
9.2880428e-06
9.289416e-06
9.290734e-06
1.2797586e-05
1.9498435e-05
1.8193198e-05
1.5694888e-05
1.4173864e-05
1.3297245e-05
1.2749642e-05
1.2378313e-05
1.2111751e-05
1.1912499e-05
1.17592e-05
1.1638593e-05
1.1541992e-05
1.1463462e-05
1.1398813e-05
1.1345014e-05
1.1299818e-05
1.1261531e-05
1.1228858e-05
1.1200796e-05
1.117655e-05
1.1155488e-05
1.1137105e-05
1.1120994e-05
1.1106826e-05
1.1094332e-05
1.1083283e-05
1.1073491e-05
1.1064799e-05
1.105707e-05
1.1050189e-05
1.104406e-05
1.1038598e-05
1.103373e-05
1.1029394e-05
1.1025537e-05
1.1022111e-05
1.1019073e-05
1.1016387e-05
1.1014018e-05
1.101194e-05
1.1010126e-05
1.1008555e-05
1.1007199e-05
1.1006078e-05
1.1005043e-05
1.1004353e-05
1.1003934e-05
1.1003616e-05
1.1003317e-05
1.1003024e-05
1.1002827e-05
1.1002781e-05
1.1002842e-05
1.1002988e-05
1.1003216e-05
1.1003528e-05
1.1003924e-05
1.1004403e-05
1.1004958e-05
1.1005584e-05
1.1006277e-05
1.1007031e-05
1.1007843e-05
1.1008711e-05
1.100963e-05
1.1010598e-05
1.1011615e-05
1.1012678e-05
1.1013787e-05
1.101494e-05
1.1016137e-05
1.1017378e-05
1.1018662e-05
1.101999e-05
1.1021362e-05
1.1022778e-05
1.1024239e-05
1.1025746e-05
1.1027301e-05
1.1028903e-05
1.1030556e-05
1.103226e-05
1.1034017e-05
1.1035828e-05
1.1037696e-05
1.1039623e-05
1.1041609e-05
1.1043657e-05
1.104577e-05
1.1047947e-05
1.1050192e-05
1.1052506e-05
1.1054888e-05
1.1057342e-05
1.1059867e-05
1.106246e-05
1.1065137e-05
1.1067891e-05
1.1070709e-05
1.1073575e-05
1.1076472e-05
1.1079386e-05
1.1082302e-05
1.1085208e-05
1.1088096e-05
1.1090956e-05
1.1093782e-05
1.109657e-05
1.1099314e-05
1.1102012e-05
1.1104661e-05
1.1107261e-05
1.1109808e-05
1.1112303e-05
1.1114745e-05
1.1117134e-05
1.1119469e-05
1.1121752e-05
1.1123982e-05
1.1126161e-05
1.1128287e-05
1.1130363e-05
1.1132389e-05
1.1134365e-05
1.1136293e-05
1.1138172e-05
1.1140005e-05
1.1141792e-05
1.1143532e-05
1.1145229e-05
1.114688e-05
1.1148502e-05
1.1150029e-05
1.1151698e-05
1.1153299e-05
1.5067206e-05
2.3388858e-05
2.1819797e-05
1.88079e-05
1.6971044e-05
1.5910711e-05
1.52476e-05
1.4797543e-05
1.4474238e-05
1.4232423e-05
1.4046268e-05
1.3899731e-05
1.3782298e-05
1.3686782e-05
1.3608109e-05
1.3542605e-05
1.3487548e-05
1.3440882e-05
1.3401039e-05
1.33668e-05
1.3337202e-05
1.3311477e-05
1.3289009e-05
1.3269307e-05
1.3251969e-05
1.3236669e-05
1.3223131e-05
1.3211123e-05
1.3200455e-05
1.3190962e-05
1.3182503e-05
1.3174959e-05
1.3168229e-05
1.3162223e-05
1.3156866e-05
1.3152092e-05
1.3147845e-05
1.3144071e-05
1.3140725e-05
1.3137767e-05
1.3135163e-05
1.3132881e-05
1.3130896e-05
1.3129171e-05
1.3127733e-05
1.3126404e-05
1.3125489e-05
1.31249e-05
1.3124436e-05
1.3124001e-05
1.3123576e-05
1.3123268e-05
1.3123141e-05
1.3123145e-05
1.3123252e-05
1.3123459e-05
1.3123768e-05
1.3124179e-05
1.312469e-05
1.3125294e-05
1.3125984e-05
1.3126754e-05
1.31276e-05
1.3128516e-05
1.3129498e-05
1.3130543e-05
1.3131648e-05
1.3132812e-05
1.3134032e-05
1.3135307e-05
1.3136636e-05
1.3138019e-05
1.3139454e-05
1.3140942e-05
1.3142483e-05
1.3144077e-05
1.3145724e-05
1.3147427e-05
1.3149186e-05
1.3151001e-05
1.3152876e-05
1.3154811e-05
1.3156809e-05
1.315887e-05
1.3160998e-05
1.3163195e-05
1.3165463e-05
1.3167804e-05
1.3170221e-05
1.3172715e-05
1.317529e-05
1.3177946e-05
1.3180686e-05
1.3183511e-05
1.3186422e-05
1.3189421e-05
1.3192504e-05
1.3195689e-05
1.3198969e-05
1.3202327e-05
1.3205745e-05
1.3209204e-05
1.3212684e-05
1.3216169e-05
1.3219644e-05
1.3223099e-05
1.3226523e-05
1.3229908e-05
1.3233248e-05
1.3236538e-05
1.3239774e-05
1.3242954e-05
1.3246073e-05
1.3249132e-05
1.3252129e-05
1.3255064e-05
1.3257935e-05
1.3260744e-05
1.326349e-05
1.3266174e-05
1.3268796e-05
1.3271357e-05
1.3273857e-05
1.3276298e-05
1.327868e-05
1.3281004e-05
1.3283271e-05
1.3285483e-05
1.3287639e-05
1.328974e-05
1.329179e-05
1.3293783e-05
1.3295743e-05
1.329759e-05
1.3299606e-05
1.3301539e-05
1.7638771e-05
2.7892926e-05
2.601773e-05
2.2407737e-05
2.0202241e-05
1.8927025e-05
1.8128607e-05
1.7586213e-05
1.7196296e-05
1.6904472e-05
1.6679685e-05
1.6502638e-05
1.6360676e-05
1.6245146e-05
1.6149937e-05
1.6070623e-05
1.6003923e-05
1.5947361e-05
1.5899042e-05
1.5857498e-05
1.5821564e-05
1.5790314e-05
1.5763005e-05
1.5739041e-05
1.5717941e-05
1.5699309e-05
1.568281e-05
1.5668166e-05
1.5655146e-05
1.5643549e-05
1.5633205e-05
1.5623972e-05
1.5615724e-05
1.5608355e-05
1.5601773e-05
1.5595899e-05
1.5590662e-05
1.5585999e-05
1.5581856e-05
1.5578184e-05
1.557494e-05
1.5572087e-05
1.5569594e-05
1.5567417e-05
1.5565586e-05
1.5563891e-05
1.5562691e-05
1.5561882e-05
1.5561228e-05
1.5560613e-05
1.5560015e-05
1.5559559e-05
1.5559319e-05
1.5559237e-05
1.555928e-05
1.5559444e-05
1.5559731e-05
1.5560142e-05
1.5560673e-05
1.5561316e-05
1.5562063e-05
1.5562907e-05
1.5563842e-05
1.5564861e-05
1.556596e-05
1.5567136e-05
1.5568384e-05
1.5569702e-05
1.5571088e-05
1.5572541e-05
1.5574059e-05
1.5575641e-05
1.5577287e-05
1.5578996e-05
1.5580769e-05
1.5582607e-05
1.5584509e-05
1.5586477e-05
1.5588513e-05
1.5590618e-05
1.5592794e-05
1.5595043e-05
1.5597367e-05
1.5599769e-05
1.5602252e-05
1.5604817e-05
1.5607469e-05
1.5610209e-05
1.561304e-05
1.5615966e-05
1.5618989e-05
1.5622112e-05
1.5625336e-05
1.5628663e-05
1.5632095e-05
1.5635634e-05
1.5639276e-05
1.5643041e-05
1.5646923e-05
1.5650901e-05
1.5654952e-05
1.5659055e-05
1.5663185e-05
1.5667325e-05
1.5671456e-05
1.5675565e-05
1.5679639e-05
1.5683669e-05
1.5687648e-05
1.5691568e-05
1.5695426e-05
1.5699218e-05
1.570294e-05
1.5706591e-05
1.571017e-05
1.5713675e-05
1.5717107e-05
1.5720464e-05
1.5723748e-05
1.5726959e-05
1.5730097e-05
1.5733162e-05
1.5736156e-05
1.573908e-05
1.5741934e-05
1.574472e-05
1.5747438e-05
1.575009e-05
1.5752677e-05
1.5755199e-05
1.5757659e-05
1.5760054e-05
1.5762408e-05
1.5764629e-05
1.5767049e-05
1.5769368e-05
2.0540349e-05
3.3088406e-05
3.0859361e-05
2.6555558e-05
2.3921427e-05
2.2395823e-05
2.14395e-05
2.0789213e-05
2.0321386e-05
1.9971021e-05
1.9700977e-05
1.9488161e-05
1.9317422e-05
1.9178396e-05
1.9063762e-05
1.8968213e-05
1.8887819e-05
1.8819606e-05
1.8761305e-05
1.871115e-05
1.8667745e-05
1.8629974e-05
1.8596946e-05
1.8567946e-05
1.8542396e-05
1.8519819e-05
1.8499814e-05
1.8482044e-05
1.8466232e-05
1.8452136e-05
1.8439552e-05
1.8428307e-05
1.8418252e-05
1.8409256e-05
1.840121e-05
1.8394017e-05
1.8387594e-05
1.8381864e-05
1.8376761e-05
1.8372226e-05
1.8368208e-05
1.8364661e-05
1.8361549e-05
1.8358818e-05
1.8356504e-05
1.8354358e-05
1.8352801e-05
1.835171e-05
1.8350808e-05
1.8349961e-05
1.834914e-05
1.8348488e-05
1.8348094e-05
1.834789e-05
1.8347837e-05
1.834793e-05
1.8348171e-05
1.8348561e-05
1.8349094e-05
1.8349761e-05
1.8350554e-05
1.8351463e-05
1.8352481e-05
1.83536e-05
1.8354816e-05
1.8356123e-05
1.8357517e-05
1.8358996e-05
1.8360556e-05
1.8362195e-05
1.8363913e-05
1.8365708e-05
1.8367579e-05
1.8369527e-05
1.8371551e-05
1.8373652e-05
1.8375831e-05
1.837809e-05
1.8380429e-05
1.8382851e-05
1.8385359e-05
1.8387955e-05
1.8390641e-05
1.839342e-05
1.8396297e-05
1.8399273e-05
1.8402352e-05
1.8405539e-05
1.8408836e-05
1.8412246e-05
1.8415774e-05
1.8419422e-05
1.8423192e-05
1.8427087e-05
1.8431109e-05
1.8435261e-05
1.8439537e-05
1.8443963e-05
1.844853e-05
1.8453215e-05
1.845799e-05
1.8462829e-05
1.8467705e-05
1.8472594e-05
1.8477477e-05
1.8482336e-05
1.8487157e-05
1.8491928e-05
1.849664e-05
1.8501286e-05
1.850586e-05
1.8510357e-05
1.8514775e-05
1.8519109e-05
1.8523359e-05
1.8527523e-05
1.8531601e-05
1.8535593e-05
1.8539499e-05
1.8543319e-05
1.8547053e-05
1.8550702e-05
1.8554268e-05
1.8557751e-05
1.8561153e-05
1.8564474e-05
1.8567716e-05
1.8570879e-05
1.8573966e-05
1.8576977e-05
1.8579915e-05
1.8582776e-05
1.8585588e-05
1.8588244e-05
1.8591134e-05
1.8593902e-05
2.3801136e-05
3.9060843e-05
3.6424316e-05
3.1318667e-05
2.8187973e-05
2.6371664e-05
2.5231723e-05
2.4455813e-05
2.3897184e-05
2.3478532e-05
2.3155654e-05
2.290105e-05
2.2696667e-05
2.2530153e-05
2.2392778e-05
2.227821e-05
2.2181762e-05
2.2099883e-05
2.2029864e-05
2.1969597e-05
2.191741e-05
2.187197e-05
2.183221e-05
2.1797279e-05
2.1766483e-05
2.1739253e-05
2.1715108e-05
2.1693645e-05
2.1674531e-05
2.1657478e-05
2.164224e-05
2.1628609e-05
2.1616407e-05
2.1605477e-05
2.1595687e-05
2.1586923e-05
2.1579083e-05
2.1572076e-05
2.1565821e-05
2.1560249e-05
2.1555298e-05
2.1550912e-05
2.1547049e-05
2.1543645e-05
2.1540738e-05
2.1538039e-05
2.1536037e-05
2.1534588e-05
2.153337e-05
2.1532226e-05
2.1531119e-05
2.1530215e-05
2.1529616e-05
2.1529245e-05
2.1529055e-05
2.152904e-05
2.1529203e-05
2.1529543e-05
2.1530054e-05
2.1530726e-05
2.1531548e-05
2.1532508e-05
2.1533598e-05
2.153481e-05
2.1536137e-05
2.1537573e-05
2.1539113e-05
2.1540754e-05
2.1542492e-05
2.1544325e-05
2.1546252e-05
2.1548271e-05
2.1550381e-05
2.1552582e-05
2.1554874e-05
2.1557259e-05
2.1559736e-05
2.1562309e-05
2.1564978e-05
2.1567746e-05
2.1570617e-05
2.1573592e-05
2.1576676e-05
2.1579872e-05
2.1583183e-05
2.1586614e-05
2.1590169e-05
2.1593852e-05
2.1597668e-05
2.160162e-05
2.1605713e-05
2.1609949e-05
2.1614334e-05
2.1618869e-05
2.1623556e-05
2.1628399e-05
2.1633394e-05
2.1638568e-05
2.1643913e-05
2.16494e-05
2.1654998e-05
2.1660676e-05
2.1666401e-05
2.1672146e-05
2.1677887e-05
2.1683603e-05
2.1689278e-05
2.1694898e-05
2.1700451e-05
2.1705928e-05
2.1711323e-05
2.171663e-05
2.1721845e-05
2.1726964e-05
2.1731986e-05
2.1736908e-05
2.174173e-05
2.1746452e-05
2.1751074e-05
2.1755596e-05
2.1760017e-05
2.1764341e-05
2.1768566e-05
2.1772695e-05
2.1776728e-05
2.1780668e-05
2.1784515e-05
2.178827e-05
2.1791935e-05
2.1795512e-05
2.1799002e-05
2.1802402e-05
2.1805745e-05
2.1808906e-05
2.181234e-05
2.1815627e-05
2.7451223e-05
4.5903909e-05
4.2799832e-05
3.6770837e-05
3.3066929e-05
3.0914293e-05
2.9561577e-05
2.8639903e-05
2.7975806e-05
2.7477768e-05
2.7093418e-05
2.679016e-05
2.6546576e-05
2.6348011e-05
2.61841e-05
2.6047327e-05
2.5932121e-05
2.5834267e-05
2.575054e-05
2.5678434e-05
2.561596e-05
2.5561528e-05
2.5513872e-05
2.5471978e-05
2.5435019e-05
2.5402319e-05
2.5373303e-05
2.5347491e-05
2.5324488e-05
2.5303946e-05
2.5285573e-05
2.5269122e-05
2.525438e-05
2.5241159e-05
2.5229301e-05
2.5218669e-05
2.5209143e-05
2.5200613e-05
2.5192983e-05
2.5186168e-05
2.5180097e-05
2.5174703e-05
2.5169932e-05
2.5165711e-05
2.5162083e-05
2.515871e-05
2.5156158e-05
2.515426e-05
2.5152642e-05
2.5151123e-05
2.5149654e-05
2.5148428e-05
2.5147562e-05
2.5146966e-05
2.5146589e-05
2.514642e-05
2.5146462e-05
2.5146716e-05
2.5147173e-05
2.5147822e-05
2.5148648e-05
2.514964e-05
2.5150786e-05
2.5152077e-05
2.5153505e-05
2.5155062e-05
2.5156744e-05
2.5158545e-05
2.5160462e-05
2.5162492e-05
2.5164633e-05
2.5166884e-05
2.5169243e-05
2.5171711e-05
2.5174287e-05
2.5176973e-05
2.5179769e-05
2.5182678e-05
2.5185703e-05
2.5188845e-05
2.5192109e-05
2.5195498e-05
2.5199016e-05
2.5202667e-05
2.5206457e-05
2.5210389e-05
2.5214469e-05
2.5218702e-05
2.5223093e-05
2.5227647e-05
2.5232369e-05
2.5237263e-05
2.5242334e-05
2.5247585e-05
2.5253019e-05
2.5258641e-05
2.5264444e-05
2.5270463e-05
2.5276686e-05
2.5283081e-05
2.5289612e-05
2.529624e-05
2.530293e-05
2.5309647e-05
2.5316365e-05
2.5323057e-05
2.5329706e-05
2.5336293e-05
2.5342805e-05
2.5349232e-05
2.5355566e-05
2.5361799e-05
2.5367926e-05
2.5373943e-05
2.5379848e-05
2.5385639e-05
2.5391314e-05
2.5396873e-05
2.5402317e-05
2.5407644e-05
2.5412856e-05
2.5417953e-05
2.5422936e-05
2.5427808e-05
2.5432569e-05
2.543722e-05
2.5441763e-05
2.54462e-05
2.5450531e-05
2.545476e-05
2.5458888e-05
2.546291e-05
2.5466866e-05
2.5470611e-05
2.5474672e-05
2.5478556e-05
3.1521293e-05
5.3719645e-05
5.008101e-05
4.299256e-05
3.862927e-05
3.6088866e-05
3.4490426e-05
3.3400188e-05
3.2613998e-05
3.2023975e-05
3.1568343e-05
3.1208618e-05
3.0919509e-05
3.0683694e-05
3.0488923e-05
3.0326309e-05
3.0189259e-05
3.0072787e-05
2.9973076e-05
2.9887157e-05
2.9812672e-05
2.9747734e-05
2.9690844e-05
2.9640801e-05
2.9596626e-05
2.9557517e-05
2.952279e-05
2.9491875e-05
2.9464301e-05
2.9439658e-05
2.9417597e-05
2.9397825e-05
2.9380086e-05
2.936416e-05
2.9349857e-05
2.9337015e-05
2.9325489e-05
2.931515e-05
2.9305882e-05
2.9297587e-05
2.9290177e-05
2.9283573e-05
2.9277712e-05
2.9272507e-05
2.9268004e-05
2.9263814e-05
2.9260586e-05
2.9258128e-05
2.9256011e-05
2.925402e-05
2.9252099e-05
2.9250466e-05
2.9249256e-05
2.9248367e-05
2.9247738e-05
2.9247357e-05
2.9247228e-05
2.9247348e-05
2.924771e-05
2.9248299e-05
2.9249098e-05
2.9250092e-05
2.925127e-05
2.925262e-05
2.9254132e-05
2.9255798e-05
2.9257611e-05
2.9259565e-05
2.9261657e-05
2.9263883e-05
2.926624e-05
2.9268727e-05
2.9271342e-05
2.9274086e-05
2.9276958e-05
2.927996e-05
2.9283094e-05
2.9286361e-05
2.9289764e-05
2.9293308e-05
2.9296995e-05
2.9300831e-05
2.930482e-05
2.9308967e-05
2.9313278e-05
2.9317758e-05
2.9322414e-05
2.9327252e-05
2.9332277e-05
2.9337497e-05
2.9342917e-05
2.9348542e-05
2.9354378e-05
2.9360428e-05
2.9366697e-05
2.937319e-05
2.9379899e-05
2.9386867e-05
2.9394078e-05
2.9401497e-05
2.940908e-05
2.9416783e-05
2.9424563e-05
2.9432382e-05
2.9440206e-05
2.9448006e-05
2.945576e-05
2.9463446e-05
2.9471049e-05
2.9478556e-05
2.9485958e-05
2.9493245e-05
2.9500413e-05
2.9507454e-05
2.9514367e-05
2.9521149e-05
2.9527799e-05
2.9534315e-05
2.9540697e-05
2.9546946e-05
2.9553062e-05
2.9559045e-05
2.9564897e-05
2.957062e-05
2.9576214e-05
2.9581681e-05
2.9587023e-05
2.9592242e-05
2.959734e-05
2.9602317e-05
2.9607178e-05
2.9611916e-05
2.9616576e-05
2.9620992e-05
2.9625775e-05
2.9630345e-05
3.6042247e-05
6.261857e-05
5.8370933e-05
5.0071204e-05
4.4952055e-05
4.1966104e-05
4.008485e-05
3.8800332e-05
3.7873269e-05
3.7177016e-05
3.663899e-05
3.621395e-05
3.587214e-05
3.5593174e-05
3.536263e-05
3.5170038e-05
3.5007633e-05
3.4869536e-05
3.4751246e-05
3.4649261e-05
3.4560797e-05
3.4483621e-05
3.4415969e-05
3.4356423e-05
3.4303826e-05
3.425723e-05
3.4215827e-05
3.4178943e-05
3.4146019e-05
3.4116571e-05
3.4090184e-05
3.4066512e-05
3.4045253e-05
3.4026143e-05
3.400896e-05
3.3993509e-05
3.3979621e-05
3.3967141e-05
3.3955933e-05
3.3945878e-05
3.3936874e-05
3.3928827e-05
3.3921661e-05
3.3915273e-05
3.3909716e-05
3.390454e-05
3.3900487e-05
3.3897339e-05
3.38946e-05
3.3892025e-05
3.3889543e-05
3.3887401e-05
3.3885754e-05
3.3884487e-05
3.3883529e-05
3.3882865e-05
3.3882498e-05
3.3882427e-05
3.3882641e-05
3.3883121e-05
3.3883851e-05
3.3884811e-05
3.3885988e-05
3.3887369e-05
3.388894e-05
3.3890693e-05
3.389262e-05
3.3894714e-05
3.3896969e-05
3.3899384e-05
3.3901953e-05
3.3904675e-05
3.3907549e-05
3.3910575e-05
3.3913752e-05
3.3917082e-05
3.3920567e-05
3.392421e-05
3.3928014e-05
3.3931983e-05
3.3936123e-05
3.3940437e-05
3.3944933e-05
3.3949615e-05
3.3954492e-05
3.3959568e-05
3.3964852e-05
3.3970352e-05
3.3976075e-05
3.3982027e-05
3.3988216e-05
3.3994649e-05
3.4001332e-05
3.400827e-05
3.4015467e-05
3.4022931e-05
3.4030654e-05
3.4038683e-05
3.4047003e-05
3.405557e-05
3.4064336e-05
3.4073249e-05
3.4082258e-05
3.4091319e-05
3.4100392e-05
3.4109444e-05
3.4118447e-05
3.4127378e-05
3.4136216e-05
3.4144948e-05
3.4153561e-05
3.4162046e-05
3.4170394e-05
3.41786e-05
3.4186659e-05
3.4194568e-05
3.4202327e-05
3.4209932e-05
3.4217385e-05
3.4224684e-05
3.423183e-05
3.4238824e-05
3.4245668e-05
3.4252362e-05
3.4258908e-05
3.4265308e-05
3.4271564e-05
3.4277677e-05
3.428365e-05
3.4289485e-05
3.4295185e-05
3.4300743e-05
3.4306211e-05
3.4311396e-05
3.4317006e-05
3.4322361e-05
4.1044751e-05
7.2719579e-05
6.7780619e-05
5.8101041e-05
5.2118483e-05
4.8622359e-05
4.6416707e-05
4.4909018e-05
4.3819954e-05
4.300142e-05
4.2368472e-05
4.1868125e-05
4.1465507e-05
4.1136716e-05
4.0864836e-05
4.0637582e-05
4.0445839e-05
4.0282704e-05
4.014289e-05
4.002228e-05
3.9917597e-05
3.9826214e-05
3.9746058e-05
3.9675463e-05
3.9613069e-05
3.9557757e-05
3.9508577e-05
3.9464732e-05
3.9425566e-05
3.9390506e-05
3.9359062e-05
3.9330827e-05
3.9305444e-05
3.9282602e-05
3.9262037e-05
3.924352e-05
3.922685e-05
3.9211846e-05
3.9198346e-05
3.9186209e-05
3.9175314e-05
3.9165551e-05
3.915683e-05
3.914903e-05
3.9142208e-05
3.9135847e-05
3.9130795e-05
3.91268e-05
3.9123296e-05
3.912e-05
3.9116826e-05
3.9114054e-05
3.911186e-05
3.9110112e-05
3.9108731e-05
3.9107697e-05
3.9107013e-05
3.9106677e-05
3.9106676e-05
3.9106989e-05
3.9107595e-05
3.9108473e-05
3.9109605e-05
3.9110977e-05
3.9112574e-05
3.9114384e-05
3.9116399e-05
3.911861e-05
3.9121012e-05
3.91236e-05
3.9126371e-05
3.9129321e-05
3.913245e-05
3.9135757e-05
3.9139242e-05
3.9142907e-05
3.9146755e-05
3.9150788e-05
3.915501e-05
3.9159427e-05
3.9164044e-05
3.9168867e-05
3.9173904e-05
3.917916e-05
3.9184645e-05
3.9190366e-05
3.9196332e-05
3.9202551e-05
3.9209034e-05
3.9215788e-05
3.9222821e-05
3.9230143e-05
3.923776e-05
3.9245679e-05
3.9253905e-05
3.9262447e-05
3.9271296e-05
3.9280508e-05
3.9290065e-05
3.9299918e-05
3.9310008e-05
3.9320277e-05
3.9330665e-05
3.9341122e-05
3.9351601e-05
3.9362063e-05
3.9372474e-05
3.9382807e-05
3.939304e-05
3.9403155e-05
3.9413138e-05
3.9422976e-05
3.9432661e-05
3.9442184e-05
3.9451542e-05
3.9460729e-05
3.9469745e-05
3.9478587e-05
3.9487254e-05
3.9495746e-05
3.9504063e-05
3.9512206e-05
3.9520177e-05
3.9527976e-05
3.9535606e-05
3.9543068e-05
3.9550364e-05
3.9557497e-05
3.9564469e-05
3.9571281e-05
3.9577938e-05
3.9584433e-05
3.9590823e-05
3.9596888e-05
3.9603442e-05
3.9609691e-05
4.6558712e-05
8.4149622e-05
7.8428761e-05
6.7183117e-05
6.0217823e-05
5.6139572e-05
5.3563101e-05
5.1799924e-05
5.0525186e-05
4.9566364e-05
4.882442e-05
4.8237531e-05
4.776498e-05
4.7378846e-05
4.7059358e-05
4.6792155e-05
4.6566578e-05
4.6374548e-05
4.6209877e-05
4.6067744e-05
4.5944306e-05
4.5836481e-05
4.5741845e-05
4.5658447e-05
4.5584692e-05
4.5519266e-05
4.5461055e-05
4.5409121e-05
4.5362695e-05
4.5321102e-05
4.5283769e-05
4.5250212e-05
4.5220015e-05
4.5192812e-05
4.516829e-05
4.5146181e-05
4.5126249e-05
4.5108279e-05
4.5092081e-05
4.507749e-05
4.5064363e-05
4.5052568e-05
4.5042001e-05
4.503252e-05
4.5024188e-05
4.5016413e-05
4.5010155e-05
4.5005129e-05
4.5000689e-05
4.4996512e-05
4.4992493e-05
4.4988945e-05
4.4986071e-05
4.498372e-05
4.4981802e-05
4.4980293e-05
4.4979195e-05
4.4978505e-05
4.4978207e-05
4.4978278e-05
4.4978692e-05
4.4979425e-05
4.4980457e-05
4.4981769e-05
4.4983346e-05
4.4985173e-05
4.4987239e-05
4.4989536e-05
4.4992057e-05
4.4994795e-05
4.4997748e-05
4.5000911e-05
4.5004283e-05
4.5007864e-05
4.5011655e-05
4.5015655e-05
4.501987e-05
4.5024302e-05
4.5028956e-05
4.5033838e-05
4.5038954e-05
4.5044313e-05
4.5049922e-05
4.5055789e-05
4.5061923e-05
4.5068335e-05
4.5075035e-05
4.5082033e-05
4.508934e-05
4.5096966e-05
4.5104921e-05
4.5113216e-05
4.5121858e-05
4.5130857e-05
4.5140217e-05
4.5149951e-05
4.5160047e-05
4.5170572e-05
4.5181504e-05
4.5192787e-05
4.5204355e-05
4.5216138e-05
4.522807e-05
4.5240089e-05
4.5252143e-05
4.5264186e-05
4.5276178e-05
4.5288088e-05
4.5299889e-05
4.5311561e-05
4.5323085e-05
4.5334448e-05
4.534564e-05
4.535665e-05
4.5367473e-05
4.5378104e-05
4.538854e-05
4.5398779e-05
4.540882e-05
4.5418662e-05
4.5428305e-05
4.5437749e-05
4.5446997e-05
4.5456049e-05
4.5464908e-05
4.5473575e-05
4.5482053e-05
4.5490343e-05
4.5498449e-05
4.5506373e-05
4.5514119e-05
4.5521678e-05
4.5529117e-05
4.5536185e-05
4.5543812e-05
4.5551076e-05
5.2612661e-05
9.7043088e-05
9.0441195e-05
7.7424919e-05
6.9345178e-05
6.4605076e-05
6.1606216e-05
5.9551566e-05
5.8064749e-05
5.6945525e-05
5.6078847e-05
5.5392838e-05
5.4840129e-05
5.4388218e-05
5.4014081e-05
5.3700989e-05
5.3436519e-05
5.3211252e-05
5.3017971e-05
5.285105e-05
5.2705993e-05
5.2579204e-05
5.2467854e-05
5.2369669e-05
5.2282783e-05
5.220566e-05
5.2136997e-05
5.2075696e-05
5.2020854e-05
5.1971683e-05
5.192751e-05
5.188777e-05
5.1851973e-05
5.181969e-05
5.1790555e-05
5.1764254e-05
5.1740509e-05
5.1719067e-05
5.1699707e-05
5.1682234e-05
5.1666479e-05
5.165229e-05
5.1639543e-05
5.1628071e-05
5.1617944e-05
5.1608485e-05
5.1600782e-05
5.159451e-05
5.1588934e-05
5.1583685e-05
5.157864e-05
5.1574147e-05
5.1570436e-05
5.1567336e-05
5.1564745e-05
5.1562634e-05
5.1561005e-05
5.1559852e-05
5.1559158e-05
5.1558895e-05
5.1559032e-05
5.1559543e-05
5.1560403e-05
5.1561592e-05
5.1563089e-05
5.1564879e-05
5.1566948e-05
5.1569287e-05
5.1571887e-05
5.1574743e-05
5.1577847e-05
5.1581199e-05
5.1584794e-05
5.1588633e-05
5.1592716e-05
5.1597046e-05
5.1601625e-05
5.1606458e-05
5.161155e-05
5.1616909e-05
5.1622542e-05
5.1628457e-05
5.1634665e-05
5.1641176e-05
5.1647999e-05
5.1655146e-05
5.1662631e-05
5.1670465e-05
5.167866e-05
5.168723e-05
5.1696186e-05
5.1705539e-05
5.1715301e-05
5.1725481e-05
5.1736087e-05
5.1747131e-05
5.1758603e-05
5.1770578e-05
5.1783033e-05
5.1795903e-05
5.1809112e-05
5.182258e-05
5.183623e-05
5.1849993e-05
5.1863805e-05
5.1877614e-05
5.1891375e-05
5.190505e-05
5.1918607e-05
5.1932023e-05
5.1945277e-05
5.1958352e-05
5.1971236e-05
5.1983917e-05
5.1996388e-05
5.2008643e-05
5.2020678e-05
5.2032492e-05
5.204408e-05
5.2055444e-05
5.2066582e-05
5.2077495e-05
5.2088184e-05
5.2098652e-05
5.2108899e-05
5.2118929e-05
5.2128742e-05
5.2138343e-05
5.2147733e-05
5.2156914e-05
5.2165894e-05
5.2174659e-05
5.2183288e-05
5.2191494e-05
5.2200338e-05
5.2208748e-05
5.9233077e-05
0.00011154084
0.00010395007
8.8939807e-05
7.9601057e-05
7.4111243e-05
7.0632993e-05
6.8247003e-05
6.6518798e-05
6.5216814e-05
6.4207882e-05
6.3408739e-05
6.2764464e-05
6.2237358e-05
6.1800703e-05
6.1435077e-05
6.1126052e-05
6.0862684e-05
6.0636583e-05
6.0441208e-05
6.0271318e-05
6.0122726e-05
5.9992151e-05
5.9876945e-05
5.9774934e-05
5.968433e-05
5.960361e-05
5.9531496e-05
5.9466934e-05
5.9409002e-05
5.9356915e-05
5.9310014e-05
5.9267726e-05
5.9229549e-05
5.9195055e-05
5.9163879e-05
5.9135692e-05
5.9110203e-05
5.9087149e-05
5.9066304e-05
5.9047471e-05
5.9030471e-05
5.9015157e-05
5.9001339e-05
5.8989087e-05
5.8977636e-05
5.8968209e-05
5.8960438e-05
5.8953492e-05
5.8946952e-05
5.8940669e-05
5.8935032e-05
5.8930297e-05
5.8926276e-05
5.8922851e-05
5.8919989e-05
5.8917689e-05
5.8915944e-05
5.8914733e-05
5.8914023e-05
5.8913781e-05
5.8913975e-05
5.8914574e-05
5.8915557e-05
5.89169e-05
5.8918583e-05
5.8920593e-05
5.8922916e-05
5.8925544e-05
5.8928468e-05
5.8931684e-05
5.8935186e-05
5.8938973e-05
5.8943043e-05
5.8947397e-05
5.8952039e-05
5.895697e-05
5.8962197e-05
5.8967727e-05
5.8973567e-05
5.8979726e-05
5.8986214e-05
5.8993043e-05
5.9000224e-05
5.900777e-05
5.9015694e-05
5.9024011e-05
5.9032736e-05
5.9041883e-05
5.9051468e-05
5.9061503e-05
5.9072003e-05
5.908298e-05
5.9094448e-05
5.9106413e-05
5.9118893e-05
5.9131874e-05
5.9145445e-05
5.9159579e-05
5.9174201e-05
5.9189225e-05
5.920456e-05
5.9220117e-05
5.9235815e-05
5.9251582e-05
5.9267357e-05
5.9283088e-05
5.9298731e-05
5.9314249e-05
5.9329613e-05
5.93448e-05
5.935979e-05
5.9374567e-05
5.9389119e-05
5.9403436e-05
5.9417511e-05
5.943134e-05
5.9444919e-05
5.9458245e-05
5.9471318e-05
5.9484136e-05
5.94967e-05
5.9509011e-05
5.9521071e-05
5.9532882e-05
5.9544446e-05
5.9555764e-05
5.9566841e-05
5.9577679e-05
5.958828e-05
5.9598651e-05
5.960878e-05
5.9618751e-05
5.9628243e-05
5.9638462e-05
5.9648164e-05
6.6443625e-05
0.00012778888
0.00011909262
0.00010184616
9.1090707e-05
8.4754916e-05
8.0734628e-05
7.7973363e-05
7.597141e-05
7.4461939e-05
7.3291354e-05
7.2363536e-05
7.1615036e-05
7.1002272e-05
7.0494347e-05
7.0068789e-05
6.97089e-05
6.9402006e-05
6.9138389e-05
6.8910466e-05
6.8712146e-05
6.8538578e-05
6.8385963e-05
6.8251231e-05
6.8131861e-05
6.8025772e-05
6.7931196e-05
6.7846644e-05
6.7770892e-05
6.7702869e-05
6.7641657e-05
6.7586492e-05
6.7536706e-05
6.7491715e-05
6.745102e-05
6.7414193e-05
6.7380855e-05
6.7350662e-05
6.7323313e-05
6.7298539e-05
6.7276113e-05
6.7255826e-05
6.7237506e-05
6.7220931e-05
6.7206179e-05
6.719238e-05
6.7180908e-05
6.7171346e-05
6.7162759e-05
6.715467e-05
6.7146903e-05
6.7139889e-05
6.7133916e-05
6.7128772e-05
6.7124324e-05
6.7120533e-05
6.7117396e-05
6.7114904e-05
6.7113031e-05
6.7111742e-05
6.7110995e-05
6.7110754e-05
6.7110986e-05
6.7111662e-05
6.7112757e-05
6.7114247e-05
6.7116117e-05
6.711835e-05
6.7120938e-05
6.7123869e-05
6.7127139e-05
6.7130741e-05
6.7134674e-05
6.7138936e-05
6.7143527e-05
6.7148451e-05
6.7153713e-05
6.7159317e-05
6.7165273e-05
6.7171588e-05
6.7178274e-05
6.7185342e-05
6.7192806e-05
6.7200679e-05
6.7208976e-05
6.7217713e-05
6.7226906e-05
6.7236573e-05
6.7246732e-05
6.7257399e-05
6.7268592e-05
6.7280326e-05
6.7292616e-05
6.7305478e-05
6.7318921e-05
6.7332964e-05
6.7347594e-05
6.7362912e-05
6.7378888e-05
6.7395437e-05
6.7412461e-05
6.7429855e-05
6.7447518e-05
6.7465357e-05
6.748329e-05
6.7501245e-05
6.7519162e-05
6.753699e-05
6.7554686e-05
6.7572217e-05
6.7589555e-05
6.7606678e-05
6.7623565e-05
6.7640203e-05
6.765658e-05
6.7672688e-05
6.768852e-05
6.7704073e-05
6.7719342e-05
6.7734327e-05
6.7749026e-05
6.7763439e-05
6.7777567e-05
6.7791412e-05
6.7804976e-05
6.781826e-05
6.7831268e-05
6.7844003e-05
6.7856467e-05
6.7868664e-05
6.7880599e-05
6.789226e-05
6.7903742e-05
6.7914683e-05
6.7926448e-05
6.7937598e-05
7.4264338e-05
0.00014593655
0.00013600963
0.0001162662
0.00010392319
9.6636614e-05
9.2005849e-05
8.8821179e-05
8.6509951e-05
8.47658e-05
8.3412196e-05
8.2338567e-05
8.1471864e-05
8.0761879e-05
8.0173001e-05
7.9679321e-05
7.9261574e-05
7.8905137e-05
7.8598788e-05
7.8333766e-05
7.8103017e-05
7.7900937e-05
7.7723147e-05
7.75661e-05
7.7426875e-05
7.7303064e-05
7.7192619e-05
7.7093814e-05
7.7005229e-05
7.6925622e-05
7.6853929e-05
7.6789263e-05
7.673085e-05
7.6678009e-05
7.6630163e-05
7.6586814e-05
7.6547521e-05
7.6511888e-05
7.6479559e-05
7.6450227e-05
7.6423625e-05
7.639951e-05
7.6377683e-05
7.6357888e-05
7.6340204e-05
7.6323652e-05
7.6309766e-05
7.6298077e-05
7.6287535e-05
7.6277601e-05
7.6268067e-05
7.6259408e-05
7.6251944e-05
7.6245442e-05
7.6239751e-05
7.6234824e-05
7.6230655e-05
7.6227233e-05
7.6224528e-05
7.6222498e-05
7.6221098e-05
7.6220282e-05
7.6220015e-05
7.6220262e-05
7.6220994e-05
7.6222185e-05
7.6223814e-05
7.6225866e-05
7.6228326e-05
7.6231185e-05
7.6234435e-05
7.6238071e-05
7.6242088e-05
7.6246487e-05
7.6251266e-05
7.6256431e-05
7.6261985e-05
7.6267937e-05
7.6274295e-05
7.6281069e-05
7.6288272e-05
7.6295918e-05
7.6304021e-05
7.6312598e-05
7.6321666e-05
7.6331243e-05
7.6341349e-05
7.6352005e-05
7.6363231e-05
7.6375046e-05
7.6387471e-05
7.6400525e-05
7.6414224e-05
7.6428588e-05
7.6443628e-05
7.6459366e-05
7.6475787e-05
7.6493009e-05
7.6510997e-05
7.6529656e-05
7.6548872e-05
7.6568528e-05
7.6588508e-05
7.6608705e-05
7.6629025e-05
7.6649386e-05
7.6669718e-05
7.6689962e-05
7.671007e-05
7.6730002e-05
7.6749725e-05
7.6769212e-05
7.6788442e-05
7.6807398e-05
7.6826063e-05
7.6844431e-05
7.6862492e-05
7.6880241e-05
7.6897675e-05
7.6914791e-05
7.6931586e-05
7.6948061e-05
7.6964216e-05
7.6980054e-05
7.6995576e-05
7.7010784e-05
7.702568e-05
7.7040269e-05
7.7054553e-05
7.7068534e-05
7.7082222e-05
7.70956e-05
7.7108775e-05
7.712134e-05
7.7134838e-05
7.7147606e-05
8.2710748e-05
0.00016613433
0.00015484331
0.00013232448
0.00011821017
0.00010985948
0.00010454396
0.00010088349
9.8224227e-05
9.6215672e-05
9.4655658e-05
9.3417433e-05
9.2417183e-05
9.159727e-05
9.0916788e-05
9.0345964e-05
8.9862653e-05
8.9450034e-05
8.9095194e-05
8.8788046e-05
8.8520441e-05
8.8285935e-05
8.8079497e-05
8.7897038e-05
8.7735191e-05
8.7591174e-05
8.7462623e-05
8.7347544e-05
8.7244296e-05
8.7151442e-05
8.7067756e-05
8.6992208e-05
8.6923904e-05
8.6862057e-05
8.6805997e-05
8.6755149e-05
8.6709003e-05
8.6667098e-05
8.6629024e-05
8.6594423e-05
8.6562987e-05
8.6534435e-05
8.6508535e-05
8.6484992e-05
8.6463889e-05
8.6444122e-05
8.6427403e-05
8.6413203e-05
8.6400347e-05
8.6388228e-05
8.63766e-05
8.6365987e-05
8.6356744e-05
8.6348612e-05
8.6341421e-05
8.6335117e-05
8.6329689e-05
8.6325124e-05
8.6321386e-05
8.6318428e-05
8.6316196e-05
8.631464e-05
8.6313716e-05
8.6313387e-05
8.6313619e-05
8.631438e-05
8.6315647e-05
8.6317401e-05
8.6319627e-05
8.6322314e-05
8.6325452e-05
8.6329034e-05
8.6333057e-05
8.6337519e-05
8.6342421e-05
8.6347767e-05
8.6353562e-05
8.6359816e-05
8.6366538e-05
8.637374e-05
8.6381437e-05
8.6389644e-05
8.639838e-05
8.6407662e-05
8.6417511e-05
8.6427947e-05
8.6438995e-05
8.6450678e-05
8.6463018e-05
8.6476041e-05
8.6489769e-05
8.6504223e-05
8.6519426e-05
8.6535398e-05
8.6552153e-05
8.6569718e-05
8.6588076e-05
8.6607362e-05
8.6627537e-05
8.6648493e-05
8.6670102e-05
8.6692231e-05
8.6714747e-05
8.673753e-05
8.6760471e-05
8.6783476e-05
8.6806465e-05
8.682937e-05
8.6852135e-05
8.6874714e-05
8.6897069e-05
8.6919169e-05
8.6940988e-05
8.6962506e-05
8.6983705e-05
8.7004574e-05
8.7025104e-05
8.7045289e-05
8.7065123e-05
8.7084603e-05
8.7103725e-05
8.712249e-05
8.7140899e-05
8.7158951e-05
8.7176651e-05
8.7193998e-05
8.7210997e-05
8.722765e-05
8.7243962e-05
8.7259934e-05
8.7275575e-05
8.7290869e-05
8.7305933e-05
8.7320312e-05
8.7335744e-05
8.735031e-05
9.1792983e-05
0.00018853111
0.00017573487
0.00015014601
0.00013406434
0.00012452793
0.00011844763
0.00011425472
0.00011120541
0.00010890017
0.0001071083
0.00010568501
0.00010453448
0.00010359076
0.00010280703
0.00010214919
0.00010159187
0.00010111579
0.00010070614
0.00010035134
0.00010004201
9.977077e-05
9.9531855e-05
9.9320572e-05
9.9133048e-05
9.8966081e-05
9.8816953e-05
9.8683365e-05
9.8563428e-05
9.8455488e-05
9.8358129e-05
9.8270167e-05
9.819057e-05
9.811843e-05
9.8052974e-05
9.7993538e-05
9.7939535e-05
9.7890431e-05
9.7845754e-05
9.7805091e-05
9.7768085e-05
9.7734411e-05
9.7703801e-05
9.7675918e-05
9.7650844e-05
9.7627344e-05
9.7607315e-05
9.7590166e-05
9.7574586e-05
9.7559894e-05
9.7545803e-05
9.7532884e-05
9.7521531e-05
9.7511456e-05
9.7502472e-05
9.7494512e-05
9.7487563e-05
9.7481607e-05
9.7476603e-05
9.7472496e-05
9.7469224e-05
9.7466731e-05
9.7464967e-05
9.7463887e-05
9.7463452e-05
9.7463627e-05
9.7464385e-05
9.7465703e-05
9.7467564e-05
9.7469955e-05
9.7472865e-05
9.7476286e-05
9.7480213e-05
9.7484646e-05
9.7489585e-05
9.7495034e-05
9.7500999e-05
9.7507492e-05
9.7514523e-05
9.7522106e-05
9.7530257e-05
9.7538996e-05
9.7548342e-05
9.7558317e-05
9.7568944e-05
9.7580247e-05
9.7592254e-05
9.7604991e-05
9.7618486e-05
9.7632767e-05
9.764786e-05
9.7663792e-05
9.7680587e-05
9.7698268e-05
9.7716856e-05
9.7736378e-05
9.7756817e-05
9.7778329e-05
9.7800869e-05
9.7824314e-05
9.7848522e-05
9.7873342e-05
9.7898622e-05
9.7924226e-05
9.795003e-05
9.7975927e-05
9.8001825e-05
9.8027647e-05
9.8053327e-05
9.8078813e-05
9.810406e-05
9.8129032e-05
9.81537e-05
9.8178039e-05
9.8202028e-05
9.8225656e-05
9.8248909e-05
9.8271782e-05
9.8294266e-05
9.8316357e-05
9.8338051e-05
9.8359349e-05
9.838025e-05
9.8400755e-05
9.8420865e-05
9.8440584e-05
9.8459912e-05
9.8478855e-05
9.8497416e-05
9.8515596e-05
9.8533407e-05
9.8550827e-05
9.8567991e-05
9.8584388e-05
9.8601968e-05
9.8618523e-05
0.00010151525
0.00021327063
0.00019882157
0.00016985394
0.00015159762
0.00014074606
0.0001338154
0.00012902928
0.00012554472
0.00012290799
0.00012085677
0.00011922628
0.00011790734
0.00011682476
0.00011592513
0.00011516954
0.00011452901
0.00011398154
0.00011351018
0.00011310169
0.00011274532
0.00011243262
0.00011215704
0.0001119132
0.00011169665
0.00011150372
0.0001113313
0.00011117674
0.00011103789
0.00011091284
0.00011079996
0.00011069789
0.00011060545
0.0001105216
0.00011044544
0.00011037621
0.00011031323
0.0001102559
0.00011020367
0.00011015606
0.00011011266
0.0001100731
0.00011003707
0.00011000419
0.00010997453
0.00010994671
0.00010992284
0.00010990224
0.00010988348
0.00010986577
0.0001098488
0.00010983317
0.00010981933
0.00010980696
0.00010979585
0.00010978591
0.00010977714
0.00010976951
0.00010976297
0.00010975746
0.00010975291
0.00010974925
0.00010974643
0.00010974439
0.00010974309
0.0001097425
0.00010974257
0.00010974329
0.00010974462
0.00010974657
0.00010974911
0.00010975224
0.00010975595
0.00010976023
0.0001097651
0.00010977055
0.0001097766
0.00010978324
0.00010979051
0.00010979841
0.00010980696
0.00010981618
0.0001098261
0.00010983673
0.00010984812
0.00010986028
0.00010987325
0.00010988706
0.00010990174
0.00010991732
0.00010993383
0.00010995131
0.00010996977
0.00010998926
0.00011000979
0.0001100314
0.00011005406
0.00011007796
0.00011010304
0.00011012917
0.00011015619
0.00011018392
0.00011021219
0.00011024086
0.00011026978
0.00011029882
0.00011032789
0.0001103569
0.00011038576
0.00011041442
0.00011044283
0.00011047095
0.00011049873
0.00011052616
0.00011055321
0.00011057987
0.00011060611
0.00011063193
0.00011065733
0.00011068229
0.00011070682
0.0001107309
0.00011075455
0.00011077775
0.00011080052
0.00011082286
0.00011084476
0.00011086622
0.00011088727
0.00011090789
0.0001109281
0.00011094787
0.00011096736
0.00011098599
0.00011100594
0.00011102469
0.00011187516
0.00024048766
0.00022423336
0.00019156698
0.00017091891
0.00015861566
0.00015074394
0.00014529991
0.00014133186
0.00013832638
0.00013598635
0.00013412487
0.00013261801
0.00013138034
0.00013035117
0.00012948624
0.00012875258
0.00012812512
0.00012758459
0.00012711587
0.00012670667
0.0001263474
0.00012603059
0.00012575011
0.00012550089
0.00012527872
0.00012508004
0.00012490184
0.00012474163
0.00012459725
0.00012446682
0.00012434879
0.00012424181
0.00012414468
0.00012405638
0.00012397603
0.00012390286
0.00012383617
0.00012377533
0.0001237198
0.0001236691
0.00012362281
0.00012358057
0.00012354194
0.00012350701
0.00012347423
0.00012344591
0.00012342132
0.00012339885
0.00012337764
0.00012335731
0.00012333853
0.00012332178
0.00012330671
0.00012329308
0.00012328081
0.00012326987
0.00012326024
0.00012325186
0.00012324465
0.00012323854
0.00012323345
0.00012322932
0.00012322608
0.0001232237
0.00012322212
0.0001232213
0.00012322121
0.00012322184
0.00012322317
0.00012322517
0.00012322784
0.00012323118
0.00012323518
0.00012323984
0.00012324517
0.00012325118
0.00012325788
0.00012326528
0.0001232734
0.00012328227
0.0001232919
0.00012330234
0.00012331359
0.0001233257
0.0001233387
0.00012335262
0.00012336749
0.00012338337
0.00012340027
0.00012341824
0.00012343732
0.00012345753
0.00012347891
0.00012350149
0.0001235253
0.00012355032
0.00012357676
0.00012360456
0.00012363357
0.0001236636
0.00012369446
0.00012372597
0.00012375795
0.00012379023
0.00012382269
0.0001238552
0.00012388765
0.00012391997
0.00012395209
0.00012398394
0.00012401548
0.00012404666
0.00012407746
0.00012410785
0.00012413781
0.00012416732
0.00012419637
0.00012422495
0.00012425306
0.00012428068
0.00012430782
0.00012433447
0.00012436064
0.00012438633
0.00012441153
0.00012443625
0.0001244605
0.00012448427
0.00012450757
0.00012453042
0.00012455278
0.00012457482
0.00012459591
0.00012461849
0.00012463963
0.00012286219
0.00027030481
0.00025208922
0.0002153964
0.00019213163
0.00017823407
0.00016932602
0.00016315583
0.0001586532
0.00015523945
0.00015257925
0.00015046143
0.00014874583
0.00014733575
0.00014616243
0.00014517573
0.00014433827
0.00014362161
0.00014300387
0.00014246788
0.00014199961
0.00014158824
0.00014122528
0.00014090377
0.00014061792
0.00014036295
0.00014013481
0.00013993005
0.00013974584
0.00013957972
0.00013942954
0.00013929354
0.00013917017
0.00013905806
0.00013895604
0.00013886313
0.00013877842
0.00013870112
0.00013863052
0.00013856599
0.000138507
0.00013845305
0.00013840373
0.00013835855
0.00013831758
0.00013827911
0.00013824569
0.00013821648
0.00013818972
0.00013816446
0.00013814025
0.00013811781
0.00013809767
0.00013807945
0.00013806289
0.00013804788
0.00013803439
0.00013802238
0.0001380118
0.00013800256
0.00013799458
0.00013798776
0.00013798203
0.00013797733
0.00013797359
0.00013797077
0.00013796882
0.0001379677
0.0001379674
0.0001379679
0.00013796916
0.00013797119
0.00013797398
0.00013797752
0.00013798182
0.00013798687
0.0001379927
0.00013799931
0.00013800672
0.00013801496
0.00013802404
0.000138034
0.00013804487
0.00013805667
0.00013806944
0.00013808323
0.00013809807
0.00013811399
0.00013813106
0.0001381493
0.00013816876
0.00013818947
0.00013821149
0.00013823483
0.00013825955
0.00013828567
0.00013831319
0.00013834232
0.000138373
0.00013840507
0.00013843833
0.00013847255
0.00013850752
0.00013854305
0.00013857896
0.00013861508
0.0001386513
0.00013868748
0.00013872354
0.00013875939
0.00013879496
0.00013883021
0.00013886508
0.00013889954
0.00013893355
0.0001389671
0.00013900016
0.00013903272
0.00013906477
0.0001390963
0.0001391273
0.00013915776
0.0001391877
0.0001392171
0.00013924596
0.0001392743
0.0001393021
0.00013932938
0.00013935614
0.00013938238
0.00013940811
0.00013943331
0.00013945815
0.00013948194
0.00013950738
0.00013953113
0.00013445625
0.00030282902
0.00028249315
0.00024144283
0.00021533095
0.00019969169
0.00018964822
0.00018268055
0.00017758978
0.00017372616
0.00017071273
0.00016831181
0.00016636543
0.00016476455
0.00016343159
0.0001623099
0.00016135729
0.00016054159
0.00015983807
0.00015922728
0.00015869327
0.00015822387
0.0001578095
0.00015744223
0.00015711552
0.00015682393
0.00015656287
0.00015632842
0.00015611736
0.0001559269
0.00015575459
0.00015559844
0.00015545668
0.00015532774
0.00015521031
0.00015510325
0.00015500555
0.0001549163
0.00015483469
0.00015475999
0.00015469161
0.00015462898
0.00015457163
0.000154519
0.00015447116
0.00015442622
0.00015438696
0.00015435246
0.00015432077
0.00015429084
0.00015426216
0.00015423552
0.00015421146
0.00015418959
0.00015416961
0.0001541514
0.00015413492
0.00015412013
0.00015410697
0.00015409532
0.0001540851
0.00015407621
0.00015406855
0.00015406206
0.00015405668
0.00015405233
0.00015404897
0.00015404656
0.00015404508
0.0001540445
0.0001540448
0.00015404596
0.00015404799
0.00015405087
0.0001540546
0.0001540592
0.00015406467
0.00015407104
0.00015407831
0.00015408652
0.00015409569
0.00015410586
0.00015411705
0.0001541293
0.00015414266
0.00015415717
0.00015417287
0.0001541898
0.00015420803
0.0001542276
0.00015424855
0.00015427093
0.00015429478
0.00015432016
0.00015434708
0.00015437562
0.00015440574
0.0001544377
0.00015447143
0.00015450674
0.00015454341
0.0001545812
0.00015461987
0.0001546592
0.00015469898
0.00015473904
0.00015477923
0.00015481941
0.00015485948
0.00015489935
0.00015493893
0.00015497818
0.00015501702
0.00015505543
0.00015509336
0.00015513078
0.00015516768
0.00015520404
0.00015523984
0.00015527507
0.00015530972
0.0001553438
0.00015537729
0.0001554102
0.00015544252
0.00015547426
0.00015550542
0.000155536
0.000155566
0.00015559544
0.00015562431
0.0001556526
0.00015568048
0.00015570722
0.00015573578
0.00015576236
0.00014662751
0.0003381467
0.00031553027
0.00026979279
0.00024060087
0.00022306932
0.00021178853
0.00020394961
0.00019821506
0.00019385825
0.00019045706
0.00018774499
0.00018554472
0.00018373374
0.0001822248
0.00018095421
0.00017987446
0.00017894934
0.00017815098
0.0001774574
0.00017685057
0.00017631685
0.00017584544
0.00017542739
0.0001750553
0.00017472303
0.00017442536
0.00017415787
0.00017391692
0.00017369933
0.00017350236
0.00017332371
0.0001731614
0.00017301366
0.00017287899
0.00017275609
0.00017264383
0.00017254116
0.00017244717
0.00017236105
0.0001722821
0.00017220968
0.00017214327
0.00017208223
0.00017202661
0.00017197434
0.00017192844
0.0001718879
0.00017185057
0.00017181531
0.00017178153
0.00017175006
0.0001717215
0.00017169542
0.00017167149
0.00017164958
0.00017162964
0.00017161161
0.00017159541
0.00017158094
0.00017156808
0.00017155673
0.00017154678
0.00017153815
0.00017153077
0.00017152457
0.00017151949
0.00017151549
0.00017151254
0.0001715106
0.00017150966
0.0001715097
0.00017151072
0.0001715127
0.00017151565
0.00017151958
0.0001715245
0.00017153042
0.00017153738
0.00017154539
0.00017155448
0.0001715647
0.00017157609
0.00017158867
0.00017160251
0.00017161764
0.00017163412
0.000171652
0.00017167135
0.0001716922
0.00017171463
0.00017173868
0.00017176439
0.00017179183
0.00017182103
0.00017185205
0.00017188488
0.00017191979
0.00017195671
0.00017199543
0.00017203571
0.00017207727
0.00017211985
0.00017216321
0.0001722071
0.00017225135
0.00017229578
0.00017234023
0.00017238459
0.00017242875
0.00017247263
0.00017251615
0.00017255926
0.0001726019
0.00017264403
0.00017268562
0.00017272664
0.00017276708
0.00017280692
0.00017284615
0.00017288474
0.00017292271
0.00017296004
0.00017299673
0.00017303279
0.0001730682
0.00017310298
0.00017313713
0.00017317065
0.00017320354
0.00017323582
0.00017326745
0.00017329864
0.00017332857
0.00017336052
0.00017339013
0.00015933575
0.00037631955
0.00035126287
0.00030051528
0.00026801111
0.00024843542
0.00023581373
0.00022702811
0.00022059262
0.00021569795
0.00021187329
0.00020882102
0.00020634284
0.00020430165
0.00020259972
0.00020116569
0.00019994626
0.00019890083
0.00019799811
0.00019721335
0.00019652625
0.00019592158
0.00019538723
0.0001949131
0.00019449087
0.0001941136
0.00019377542
0.00019347134
0.00019319727
0.0001929496
0.00019272524
0.00019252162
0.00019233647
0.00019216782
0.00019201394
0.0001918734
0.0001917449
0.00019162726
0.00019151944
0.00019142053
0.00019132974
0.00019124636
0.00019116977
0.00019109927
0.00019103489
0.00019097436
0.00019092094
0.00019087355
0.00019082982
0.0001907885
0.00019074891
0.00019071195
0.00019067826
0.00019064736
0.0001906189
0.00019059274
0.00019056879
0.00019054701
0.0001905273
0.00019050954
0.0001904936
0.00019047936
0.0001904667
0.00019045554
0.00019044579
0.00019043737
0.00019043021
0.00019042427
0.00019041952
0.00019041591
0.00019041343
0.00019041205
0.00019041178
0.00019041259
0.0001904145
0.00019041751
0.00019042163
0.00019042689
0.00019043331
0.00019044092
0.00019044975
0.00019045985
0.00019047126
0.00019048402
0.00019049819
0.00019051383
0.00019053098
0.00019054972
0.0001905701
0.00019059219
0.00019061605
0.00019064174
0.00019066931
0.00019069883
0.00019073034
0.00019076391
0.00019079952
0.00019083748
0.00019087772
0.00019092
0.00019096405
0.00019100957
0.00019105627
0.00019110387
0.00019115212
0.00019120079
0.0001912497
0.00019129869
0.0001913476
0.00019139633
0.00019144477
0.00019149285
0.0001915405
0.00019158765
0.00019163427
0.00019168031
0.00019172574
0.00019177055
0.00019181471
0.00019185821
0.00019190102
0.00019194316
0.00019198461
0.00019202536
0.00019206542
0.00019210479
0.00019214346
0.00019218145
0.00019221874
0.00019225536
0.0001922913
0.00019232653
0.00019236129
0.00019239465
0.00019243026
0.00019246311
0.00017253076
0.00041738097
0.00038972661
0.00033365832
0.00029761406
0.00027584325
0.00026177674
0.00025196822
0.00024477375
0.00023929567
0.00023501102
0.00023158873
0.00022880796
0.00022651583
0.00022460335
0.00022299082
0.00022161874
0.00022044172
0.00021942474
0.00021854008
0.00021776493
0.0002170824
0.00021647892
0.00021594317
0.0002154658
0.00021503902
0.00021465624
0.00021431185
0.00021400125
0.00021372039
0.0002134658
0.00021323458
0.00021302419
0.00021283238
0.00021265724
0.00021249713
0.00021235061
0.00021221634
0.00021209315
0.00021198
0.00021187602
0.0002117804
0.00021169245
0.00021161137
0.00021153718
0.00021146739
0.00021140553
0.0002113504
0.00021129944
0.00021125127
0.00021120512
0.00021116194
0.00021112243
0.00021108605
0.00021105244
0.00021102142
0.00021099289
0.00021096681
0.00021094305
0.00021092149
0.00021090197
0.00021088437
0.00021086855
0.00021085442
0.00021084187
0.00021083082
0.00021082119
0.00021081294
0.00021080601
0.00021080038
0.00021079601
0.00021079289
0.000210791
0.00021079034
0.00021079091
0.00021079271
0.00021079576
0.00021080009
0.00021080573
0.0002108127
0.00021082104
0.00021083081
0.00021084205
0.0002108548
0.00021086914
0.00021088512
0.00021090281
0.00021092228
0.00021094359
0.00021096682
0.00021099205
0.00021101932
0.00021104872
0.00021108031
0.00021111413
0.00021115028
0.00021118872
0.00021122982
0.00021127348
0.00021131944
0.00021136741
0.00021141706
0.00021146806
0.0002115201
0.00021157291
0.00021162624
0.00021167988
0.00021173363
0.00021178735
0.0002118409
0.00021189417
0.00021194707
0.00021199952
0.00021205146
0.00021210283
0.0002121536
0.00021220372
0.00021225317
0.00021230192
0.00021234996
0.00021239728
0.00021244386
0.00021248969
0.00021253478
0.00021257912
0.0002126227
0.00021266553
0.00021270762
0.00021274896
0.00021278955
0.00021282941
0.00021286851
0.00021290708
0.00021294413
0.00021298366
0.00021301994
0.00018618051
0.00046133135
0.00043092715
0.00036924582
0.00032944191
0.00030532815
0.00028971407
0.00027880668
0.00027079505
0.00026468768
0.0002599061
0.00025608358
0.0002529751
0.00025041094
0.00024826996
0.00024646355
0.0002449255
0.00024360528
0.00024246389
0.0002414703
0.00024059908
0.00023983155
0.00023915255
0.00023854944
0.00023801174
0.00023753077
0.00023709913
0.00023671056
0.00023635989
0.00023604261
0.00023575481
0.00023549324
0.00023525507
0.00023503777
0.0002348392
0.00023465752
0.00023449109
0.00023433845
0.00023419825
0.00023406935
0.00023395075
0.00023384155
0.00023374097
0.00023364812
0.00023356301
0.0002334829
0.0002334116
0.0002333478
0.00023328872
0.00023323285
0.00023317934
0.00023312917
0.00023308308
0.00023304052
0.00023300107
0.00023296454
0.00023293081
0.00023289982
0.00023287144
0.00023284551
0.00023282189
0.00023280041
0.00023278093
0.00023276335
0.00023274754
0.00023273341
0.00023272088
0.00023270989
0.00023270039
0.00023269233
0.0002326857
0.00023268046
0.0002326766
0.00023267412
0.00023267301
0.00023267328
0.00023267496
0.00023267806
0.00023268263
0.00023268869
0.00023269628
0.00023270547
0.0002327163
0.00023272883
0.00023274313
0.00023275927
0.00023277732
0.00023279736
0.00023281946
0.00023284372
0.0002328702
0.00023289898
0.00023293014
0.00023296375
0.00023299987
0.0002330386
0.0002330799
0.00023312418
0.00023317133
0.00023322108
0.00023327309
0.000233327
0.00023338246
0.00023343913
0.00023349669
0.00023355487
0.00023361344
0.00023367219
0.00023373094
0.00023378954
0.00023384788
0.00023390585
0.00023396336
0.00023402034
0.00023407672
0.00023413246
0.00023418753
0.00023424188
0.00023429549
0.00023434834
0.00023440041
0.00023445169
0.00023450218
0.00023455186
0.00023460073
0.00023464879
0.00023469603
0.00023474247
0.0002347881
0.00023483293
0.00023487696
0.00023492017
0.0002349628
0.00023500379
0.00023504749
0.00023508736
0.00020026813
0.00050813604
0.00047483756
0.00040727485
0.00036350388
0.00033690502
0.00031964337
0.00030756248
0.00029867615
0.00029189391
0.00028657856
0.00028232552
0.00027886412
0.00027600666
0.00027361906
0.0002716032
0.00026988568
0.00026841049
0.00026713435
0.00026602263
0.00026504714
0.00026418729
0.00026342622
0.00026274986
0.00026214653
0.00026160654
0.00026112167
0.00026068491
0.00026029053
0.00025993347
0.00025960937
0.00025931462
0.00025904605
0.00025880084
0.00025857658
0.00025837123
0.00025818296
0.00025801011
0.00025785121
0.00025770496
0.00025757025
0.00025744606
0.00025733153
0.00025722567
0.00025712845
0.0002570369
0.00025695512
0.00025688165
0.00025681351
0.00025674905
0.0002566873
0.00025662932
0.00025657587
0.00025652637
0.00025648036
0.00025643761
0.00025639801
0.00025636146
0.00025632783
0.00025629696
0.00025626865
0.00025624273
0.00025621906
0.0002561975
0.00025617792
0.00025616023
0.00025614432
0.00025613013
0.0002561176
0.00025610669
0.00025609737
0.0002560896
0.00025608338
0.00025607869
0.00025607553
0.00025607392
0.00025607387
0.00025607542
0.00025607859
0.00025608343
0.00025608998
0.0002560983
0.00025610845
0.0002561205
0.00025613453
0.0002561506
0.0002561688
0.00025618922
0.00025621194
0.00025623706
0.00025626466
0.00025629483
0.00025632766
0.00025636322
0.00025640158
0.00025644286
0.00025648701
0.00025653448
0.00025658517
0.00025663876
0.0002566949
0.00025675319
0.00025681324
0.00025687467
0.00025693714
0.00025700035
0.00025706404
0.00025712797
0.00025719195
0.00025725582
0.00025731945
0.0002573827
0.0002574455
0.00025750774
0.00025756937
0.00025763033
0.00025769057
0.00025775006
0.00025780877
0.00025786667
0.00025792375
0.00025797997
0.00025803535
0.00025808986
0.00025814351
0.00025819629
0.00025824819
0.00025829922
0.00025834939
0.00025839869
0.00025844713
0.00025849468
0.0002585416
0.00025858676
0.00025863487
0.0002586785
0.00021477186
0.00055772503
0.00052139646
0.00044771339
0.00039978408
0.00037056609
0.00035156125
0.00033823478
0.00032841774
0.00032091596
0.00031503055
0.00031031708
0.00030647776
0.00030330584
0.00030065357
0.00029841268
0.00029650218
0.00029486018
0.00029343888
0.00029219975
0.00029111169
0.00029015213
0.00028930237
0.00028854677
0.00028787241
0.0002872685
0.00028672594
0.00028623693
0.00028579509
0.00028539483
0.00028503129
0.00028470045
0.00028439878
0.00028412316
0.0002838709
0.00028363971
0.00028342758
0.00028323266
0.00028305329
0.00028288804
0.00028273566
0.00028259503
0.00028246517
0.000282345
0.00028223444
0.00028213029
0.00028203692
0.00028195274
0.00028187455
0.00028180054
0.00028172967
0.00028166301
0.00028160136
0.00028154411
0.00028149077
0.00028144107
0.00028139488
0.0002813521
0.00028131256
0.00028127609
0.00028124247
0.00028121152
0.00028118307
0.00028115698
0.0002811331
0.0002811113
0.0002810915
0.00028107361
0.00028105758
0.00028104334
0.00028103087
0.00028102014
0.00028101112
0.0002810038
0.00028099819
0.00028099429
0.00028099214
0.00028099175
0.00028099317
0.00028099644
0.00028100161
0.00028100875
0.00028101792
0.0002810292
0.00028104267
0.00028105841
0.00028107652
0.00028109709
0.00028112022
0.00028114601
0.00028117456
0.00028120596
0.00028124032
0.00028127771
0.00028131823
0.00028136198
0.00028140893
0.00028145958
0.00028151381
0.00028157127
0.00028163159
0.00028169433
0.00028175905
0.00028182535
0.00028189286
0.00028196124
0.00028203019
0.00028209947
0.00028216885
0.00028223817
0.00028230726
0.000282376
0.00028244427
0.00028251198
0.00028257906
0.00028264544
0.00028271108
0.00028277592
0.00028283995
0.00028290311
0.0002829654
0.0002830268
0.00028308729
0.00028314686
0.0002832055
0.00028326322
0.00028332
0.00028337585
0.00028343077
0.00028348476
0.00028353783
0.00028358994
0.00028364138
0.00028369091
0.00028374367
0.00028379115
0.00022966611
0.00061002662
0.00057052369
0.00049049894
0.00043823976
0.00040627915
0.00038544157
0.00037080112
0.00035999974
0.00035173537
0.00034524474
0.00034004171
0.00033580001
0.00033229291
0.00032935818
0.0003268769
0.00032476003
0.00032293951
0.0003213627
0.00031998688
0.00031877798
0.00031771131
0.00031676621
0.0003159254
0.00031517457
0.00031450182
0.00031389706
0.00031335169
0.00031285864
0.0003124117
0.00031200552
0.00031163564
0.00031129814
0.00031098957
0.00031070694
0.00031044772
0.00031020968
0.00030999075
0.00030978911
0.00030960316
0.00030943152
0.00030927294
0.00030912634
0.00030899051
0.00030886535
0.0003087474
0.00030864128
0.00030854531
0.00030845603
0.00030837151
0.00030829055
0.00030821432
0.0003081436
0.00030807776
0.00030801628
0.00030795885
0.00030790533
0.00030785558
0.00030780944
0.00030776669
0.00030772712
0.0003076905
0.00030765666
0.00030762543
0.00030759667
0.00030757021
0.00030754597
0.00030752385
0.00030750379
0.00030748572
0.00030746961
0.00030745542
0.00030744313
0.00030743274
0.00030742423
0.00030741762
0.00030741293
0.0003074102
0.00030740947
0.00030741079
0.00030741422
0.00030741982
0.00030742767
0.00030743785
0.00030745045
0.00030746556
0.00030748329
0.00030750375
0.00030752704
0.00030755327
0.00030758255
0.000307615
0.0003076507
0.00030768978
0.00030773231
0.00030777843
0.0003078281
0.00030788187
0.00030793959
0.00030800092
0.00030806542
0.00030813263
0.00030820209
0.00030827333
0.00030834595
0.00030841958
0.00030849391
0.00030856866
0.00030864358
0.00030871848
0.00030879318
0.00030886755
0.00030894146
0.00030901481
0.00030908751
0.00030915949
0.0003092307
0.00030930108
0.0003093706
0.00030943922
0.00030950692
0.00030957367
0.00030963946
0.00030970428
0.00030976812
0.00030983096
0.00030989282
0.00030995368
0.00031001356
0.00031007243
0.00031013033
0.0003101872
0.00031024335
0.00031029746
0.00031035507
0.00031040648
0.0002449215
0.00066508342
0.0006221954
0.00053556319
0.00047881212
0.00044399075
0.00042123416
0.00040521619
0.00039338011
0.00038431237
0.00037718301
0.00037146249
0.0003667949
0.00036293255
0.00035969812
0.00035696151
0.00035462523
0.00035261471
0.00035087225
0.00034935058
0.00034801268
0.0003468316
0.00034578459
0.00034485262
0.00034401994
0.00034327344
0.00034260201
0.00034199617
0.00034144813
0.00034095106
0.00034049904
0.00034008714
0.00033971107
0.000339367
0.00033905161
0.00033876214
0.0003384961
0.00033825123
0.00033802549
0.00033781712
0.0003376246
0.00033744654
0.00033728175
0.00033712889
0.00033698782
0.00033685483
0.00033673481
0.00033662592
0.00033652448
0.00033642842
0.00033633642
0.00033624967
0.00033616897
0.00033609368
0.00033602322
0.00033595726
0.00033589562
0.00033583815
0.00033578467
0.00033573495
0.00033568873
0.00033564578
0.0003356059
0.00033556892
0.00033553465
0.00033550294
0.00033547368
0.00033544676
0.00033542211
0.00033539968
0.0003353794
0.00033536124
0.00033534519
0.00033533122
0.00033531933
0.00033530954
0.00033530188
0.00033529637
0.00033529307
0.00033529202
0.00033529329
0.00033529696
0.00033530311
0.00033531183
0.00033532321
0.00033533736
0.0003353544
0.00033537444
0.00033539759
0.000335424
0.00033545376
0.00033548701
0.00033552386
0.00033556442
0.0003356088
0.00033565713
0.00033570939
0.00033576616
0.0003358273
0.00033589243
0.00033596108
0.00033603275
0.00033610693
0.00033618313
0.00033626091
0.00033633985
0.00033641962
0.00033649991
0.00033658045
0.00033666103
0.00033674145
0.00033682157
0.00033690124
0.00033698034
0.00033705879
0.00033713651
0.00033721342
0.00033728948
0.00033736465
0.00033743887
0.00033751213
0.0003375844
0.00033765565
0.00033772588
0.00033779507
0.00033786322
0.00033793032
0.00033799636
0.00033806135
0.00033812528
0.00033818818
0.00033824997
0.00033831101
0.00033836986
0.00033843249
0.00033848784
0.00026050489
0.00072287716
0.00067640809
0.00058293256
0.00052148744
0.00048366145
0.00045888297
0.0004414253
0.000428505
0.00041859363
0.00041079233
0.0004045266
0.00039940965
0.00039517204
0.00039162065
0.0003886137
0.00038604488
0.00038383281
0.00038191446
0.00038023791
0.00037876307
0.00037746046
0.00037630512
0.00037527619
0.00037435637
0.0003735313
0.0003727888
0.00037211844
0.0003715117
0.00037096106
0.00037046002
0.00037000317
0.00036958579
0.00036920367
0.00036885316
0.00036853121
0.0003682351
0.00036796232
0.00036771065
0.00036747813
0.00036726309
0.00036706401
0.00036687957
0.0003667083
0.00036655001
0.00036640072
0.00036626559
0.00036614265
0.00036602797
0.00036591934
0.00036581529
0.00036571706
0.00036562546
0.00036553982
0.00036545952
0.00036538419
0.00036531363
0.00036524767
0.00036518609
0.00036512866
0.00036507508
0.00036502511
0.00036497853
0.00036493512
0.00036489471
0.00036485713
0.00036482223
0.00036478992
0.00036476012
0.00036473274
0.00036470774
0.00036468508
0.00036466472
0.00036464666
0.00036463089
0.00036461743
0.00036460629
0.00036459754
0.0003645912
0.00036458734
0.00036458602
0.00036458734
0.00036459137
0.00036459823
0.00036460801
0.00036462083
0.00036463681
0.00036465609
0.0003646788
0.00036470506
0.00036473502
0.0003647688
0.00036480653
0.00036484834
0.00036489434
0.00036494469
0.00036499937
0.00036505899
0.00036512342
0.00036519224
0.00036526495
0.00036534102
0.00036541988
0.00036550101
0.00036558392
0.00036566818
0.0003657534
0.00036583925
0.00036592545
0.00036601175
0.00036609796
0.00036618388
0.00036626938
0.00036635433
0.00036643861
0.00036652215
0.00036660487
0.00036668671
0.00036676763
0.00036684757
0.0003669265
0.00036700439
0.00036708123
0.00036715699
0.00036723167
0.00036730524
0.00036737771
0.00036744906
0.00036751931
0.00036758843
0.00036765646
0.00036772332
0.00036778938
0.00036785312
0.00036792092
0.00036798016
0.00027637952
0.00078336525
0.00073311608
0.000632587
0.00056627164
0.0005253102
0.00049841226
0.00047943514
0.00046536778
0.00045456218
0.00044604746
0.00043920202
0.00043360669
0.00042896908
0.00042507946
0.00042178371
0.00041896622
0.00041653841
0.00041443163
0.00041259045
0.00041097058
0.00040953919
0.00040826897
0.00040713712
0.00040612477
0.00040521618
0.00040439808
0.00040365906
0.00040298978
0.00040238204
0.00040182871
0.00040132388
0.00040086236
0.00040043956
0.00040005146
0.00039969474
0.00039936639
0.00039906369
0.00039878417
0.0003985257
0.00039828645
0.00039806474
0.00039785912
0.00039766799
0.0003974911
0.0003973242
0.00039717273
0.00039703453
0.00039690546
0.00039678316
0.00039666602
0.00039655532
0.00039645184
0.0003963549
0.00039626386
0.00039617829
0.00039609796
0.00039602268
0.00039595221
0.00039588629
0.00039582461
0.00039576688
0.00039571287
0.00039566236
0.00039561514
0.00039557101
0.00039552984
0.00039549151
0.00039545592
0.000395423
0.00039539269
0.00039536494
0.00039533973
0.00039531703
0.00039529683
0.00039527916
0.00039526405
0.00039525153
0.00039524166
0.0003952345
0.00039523013
0.00039522864
0.00039523011
0.00039523467
0.00039524243
0.00039525352
0.00039526806
0.0003952862
0.00039530809
0.00039533387
0.00039536369
0.00039539769
0.00039543601
0.00039547879
0.00039552617
0.00039557829
0.00039563516
0.00039569744
0.00039576498
0.00039583734
0.00039591399
0.00039599433
0.00039607778
0.00039616377
0.00039625175
0.00039634128
0.00039643192
0.00039652333
0.00039661517
0.0003967072
0.00039679919
0.00039689095
0.00039698231
0.00039707314
0.0003971633
0.00039725272
0.0003973413
0.00039742899
0.00039751573
0.00039760146
0.00039768614
0.00039776975
0.00039785226
0.00039793365
0.00039801389
0.00039809299
0.00039817093
0.0003982477
0.0003983233
0.00039839773
0.000398471
0.00039854304
0.00039861423
0.00039868297
0.00039875607
0.00039881909
0.00029250512
0.00084648081
0.000792249
0.00068448433
0.0006131394
0.00056892034
0.00053981042
0.00051924119
0.00050396866
0.00049222146
0.00048295415
0.0004754962
0.00046939469
0.00046433329
0.00046008488
0.00045648245
0.00045340061
0.00045074321
0.00044843571
0.0004464184
0.0004446431
0.00044307358
0.00044168006
0.00044043767
0.00043932584
0.00043832743
0.00043742794
0.00043661494
0.00043587825
0.0004352089
0.00043459912
0.00043404244
0.00043353321
0.00043306639
0.0004326376
0.00043224319
0.00043187989
0.00043154471
0.00043123495
0.00043094827
0.00043068268
0.00043043633
0.00043020763
0.00042999485
0.00042979766
0.00042961153
0.00042944216
0.00042928724
0.00042914238
0.00042900507
0.00042887357
0.00042874917
0.00042863263
0.00042852328
0.0004284204
0.00042832354
0.00042823243
0.00042814685
0.00042806656
0.00042799124
0.00042792057
0.00042785423
0.00042779197
0.00042773354
0.00042767872
0.0004276273
0.00042757911
0.00042753403
0.00042749196
0.00042745281
0.00042741652
0.00042738303
0.00042735232
0.00042732435
0.00042729913
0.00042727666
0.00042725698
0.00042724015
0.0004272262
0.00042721521
0.00042720726
0.00042720245
0.00042720088
0.00042720267
0.00042720795
0.00042721685
0.00042722952
0.00042724611
0.00042726678
0.0004272917
0.00042732102
0.0004273549
0.00042739348
0.00042743694
0.0004274854
0.00042753904
0.00042759786
0.00042766258
0.00042773305
0.00042780878
0.0004278892
0.0004279737
0.00042806164
0.00042815239
0.00042824538
0.00042834013
0.00042843616
0.00042853309
0.00042863058
0.00042872834
0.00042882614
0.00042892375
0.00042902101
0.00042911775
0.00042921386
0.00042930921
0.00042940373
0.00042949734
0.00042958997
0.00042968158
0.00042977211
0.00042986153
0.00042994981
0.00043003692
0.00043012286
0.00043020759
0.00043029111
0.00043037342
0.0004304545
0.00043053436
0.00043061299
0.00043069035
0.0004307668
0.00043084067
0.00043091922
0.00043098601
0.00030883805
0.00091213217
0.0008537117
0.00073856104
0.00066204648
0.000614458
0.00058304946
0.00056081912
0.00054428561
0.00053155094
0.00052149286
0.00051339029
0.00050675527
0.00050124659
0.00049661905
0.00049269217
0.00048933034
0.00048642953
0.00048390901
0.00048170448
0.00047976378
0.00047804717
0.00047652224
0.00047516195
0.00047394395
0.00047284958
0.0004718631
0.00047097096
0.0004701621
0.00046942674
0.00046875645
0.00046814414
0.00046758368
0.00046706956
0.00046659701
0.00046616206
0.00046576112
0.00046539093
0.00046504855
0.00046473143
0.00046443738
0.00046416439
0.00046391073
0.0004636745
0.00046345529
0.00046324832
0.00046305951
0.00046288638
0.00046272431
0.00046257066
0.00046242351
0.00046228419
0.0004621534
0.00046203047
0.00046191466
0.00046180544
0.00046170253
0.00046160566
0.00046151457
0.00046142893
0.00046134836
0.00046127254
0.00046120117
0.00046113399
0.00046107077
0.00046101126
0.00046095529
0.00046090272
0.00046085344
0.00046080735
0.00046076438
0.00046072448
0.0004606876
0.00046065372
0.00046062282
0.00046059494
0.0004605701
0.00046054835
0.00046052974
0.00046051436
0.00046050228
0.00046049361
0.00046048847
0.00046048698
0.00046048928
0.00046049551
0.00046050585
0.00046052044
0.00046053947
0.0004605631
0.00046059152
0.00046062489
0.00046066338
0.00046070716
0.00046075637
0.00046081123
0.00046087171
0.00046093862
0.00046101176
0.00046109064
0.00046117465
0.00046126312
0.00046135538
0.00046145076
0.00046154864
0.00046164849
0.00046174982
0.00046185221
0.00046195528
0.00046205873
0.00046216229
0.00046226574
0.00046236888
0.00046247154
0.00046257358
0.00046267488
0.00046277535
0.0004628749
0.00046297347
0.00046307099
0.00046316741
0.00046326269
0.0004633568
0.00046344971
0.00046354139
0.00046363183
0.00046372101
0.00046380893
0.00046389558
0.00046398094
0.00046406504
0.00046414779
0.0004642296
0.00046430871
0.0004643928
0.00032533153
0.00098020259
0.00091738402
0.0007947318
0.00071292939
0.00066187183
0.00062808511
0.00060412913
0.00058628174
0.00057251574
0.00056163015
0.00055285184
0.00054565671
0.00053967781
0.00053465116
0.00053038232
0.00052672507
0.00052356717
0.00052082144
0.00051841867
0.00051630265
0.00051443001
0.00051276557
0.00051128002
0.00050994912
0.00050875263
0.00050767351
0.00050669704
0.0005058112
0.00050500541
0.00050427047
0.0005035987
0.00050298345
0.00050241871
0.0005018993
0.00050142088
0.00050097956
0.0005005718
0.00050019438
0.00049984453
0.00049951987
0.0004992182
0.00049893763
0.0004986761
0.00049843313
0.00049820366
0.00049799381
0.00049780094
0.00049762022
0.00049744883
0.00049728471
0.0004971292
0.00049698292
0.00049684524
0.00049671535
0.00049659268
0.00049647689
0.00049636771
0.00049626483
0.00049616789
0.00049607649
0.00049599026
0.0004959089
0.00049583212
0.00049575965
0.00049569124
0.00049562669
0.00049556585
0.0004955086
0.00049545482
0.00049540445
0.00049535742
0.00049531368
0.00049527321
0.00049523598
0.00049520203
0.00049517138
0.00049514409
0.00049512022
0.00049509985
0.00049508306
0.00049506996
0.00049506069
0.00049505537
0.00049505417
0.00049505723
0.00049506472
0.00049507683
0.00049509374
0.00049511564
0.00049514272
0.00049517516
0.00049521314
0.00049525686
0.00049530646
0.00049536218
0.000495424
0.00049549277
0.0004955683
0.00049565006
0.0004957374
0.00049582963
0.000495926
0.00049602581
0.00049612841
0.00049623322
0.0004963397
0.00049644741
0.00049655595
0.00049666499
0.00049677423
0.00049688344
0.00049699239
0.00049710091
0.00049720884
0.00049731606
0.00049742245
0.00049752793
0.00049763242
0.00049773585
0.00049783817
0.00049793932
0.00049803927
0.00049813798
0.00049823544
0.00049833162
0.0004984265
0.00049852007
0.00049861232
0.00049870325
0.00049879285
0.00049888106
0.00049896829
0.00049905269
0.00049914239
0.00034193587
0.0010505503
0.00098312102
0.00085288917
0.00076570483
0.00071109238
0.0006748563
0.00064911548
0.00062990496
0.00061506634
0.00060331832
0.00059383451
0.00058605369
0.00057958239
0.00057413726
0.00056950942
0.00056554167
0.00056211326
0.00055913032
0.00055651848
0.00055421735
0.00055217982
0.00055036785
0.0005487497
0.00054729921
0.00054599448
0.00054481707
0.00054375105
0.00054278344
0.00054190274
0.00054109903
0.00054036396
0.00053969032
0.00053907161
0.00053850218
0.00053797735
0.00053749289
0.00053704494
0.00053663003
0.00053624513
0.00053588765
0.00053555522
0.00053524577
0.00053495708
0.00053468856
0.00053443488
0.00053420237
0.0005339882
0.00053378733
0.00053359678
0.00053341433
0.00053324133
0.00053307831
0.00053292466
0.00053277952
0.00053264226
0.0005325125
0.00053238995
0.00053227425
0.00053216501
0.00053206181
0.00053196425
0.00053187198
0.00053178471
0.00053170213
0.00053162396
0.00053155001
0.00053148009
0.00053141407
0.00053135185
0.00053129332
0.00053123842
0.0005311871
0.00053113932
0.00053109508
0.00053105438
0.00053101726
0.00053098378
0.000530954
0.00053092801
0.00053090589
0.00053088777
0.00053087378
0.00053086407
0.0005308588
0.00053085813
0.00053086225
0.00053087136
0.00053088565
0.00053090532
0.00053093058
0.00053096163
0.00053099867
0.00053104189
0.00053109147
0.00053114766
0.00053121043
0.00053128072
0.00053135829
0.00053144262
0.000531533
0.00053162869
0.00053172891
0.00053183292
0.00053194001
0.00053204955
0.000532161
0.00053227386
0.0005323877
0.00053250217
0.00053261695
0.00053273178
0.00053284644
0.00053296071
0.00053307444
0.00053318748
0.00053329972
0.00053341105
0.0005335214
0.00053363069
0.00053373885
0.00053384583
0.00053395159
0.0005340561
0.00053415931
0.00053426122
0.00053436179
0.00053446101
0.00053455887
0.00053465537
0.00053475049
0.00053484418
0.00053493685
0.00053502657
0.00053512191
0.00035859872
0.0011230092
0.0010507535
0.00091290369
0.00082026956
0.00076203183
0.00072328469
0.00069570611
0.00067508753
0.00065913808
0.00064649503
0.0006362777
0.00062788693
0.00062090207
0.00061501988
0.00061001664
0.00060572382
0.00060201189
0.00059878006
0.0005959486
0.00059345279
0.00059124169
0.00058927427
0.00058751633
0.00058593963
0.00058452058
0.00058323929
0.00058207857
0.0005810244
0.00058006437
0.00057918775
0.00057838553
0.00057764992
0.00057697387
0.00057635129
0.00057577709
0.0005752467
0.00057475595
0.00057430106
0.00057387877
0.00057348627
0.00057312097
0.00057278064
0.00057246289
0.00057216701
0.0005718874
0.00057163058
0.00057139353
0.00057117099
0.00057095983
0.00057075767
0.00057056585
0.0005703848
0.00057021394
0.00057005235
0.00056989934
0.0005697545
0.00056961749
0.00056948792
0.00056936538
0.00056924938
0.00056913952
0.00056903541
0.00056893673
0.00056884314
0.00056875436
0.00056867015
0.00056859033
0.00056851474
0.00056844326
0.0005683758
0.00056831227
0.00056825263
0.00056819682
0.00056814483
0.00056809668
0.0005680524
0.00056801206
0.00056797571
0.00056794345
0.00056791537
0.0005678916
0.00056787228
0.00056785757
0.00056784764
0.00056784267
0.00056784286
0.00056784841
0.00056785953
0.00056787646
0.00056789939
0.00056792856
0.00056796416
0.00056800642
0.00056805553
0.00056811174
0.00056817505
0.00056824644
0.00056832568
0.0005684122
0.00056850526
0.00056860408
0.00056870784
0.00056881574
0.00056892703
0.00056904105
0.00056915721
0.00056927497
0.0005693939
0.00056951358
0.00056963371
0.00056975398
0.00056987416
0.00056999402
0.00057011339
0.00057023212
0.00057035007
0.00057046714
0.00057058324
0.00057069828
0.00057081219
0.00057092491
0.00057103641
0.00057114662
0.00057125553
0.0005713631
0.0005714693
0.00057157413
0.00057167756
0.00057177959
0.00057188021
0.00057197935
0.00057207743
0.00057217247
0.00057227343
0.00037526537
0.001197389
0.0011200893
0.00097462434
0.00087650046
0.00081458388
0.0007732746
0.00074381243
0.00072174584
0.00070465101
0.00069108302
0.00068010623
0.00067108288
0.00066356459
0.0006572278
0.00065183356
0.00064720177
0.00064319384
0.00063970191
0.00063664065
0.00063394089
0.0006315478
0.00062941726
0.00062751248
0.00062580313
0.00062426381
0.00062287316
0.00062161265
0.0006204672
0.00061942347
0.00061846987
0.00061759669
0.00061679554
0.00061605883
0.00061537996
0.00061475343
0.00061417435
0.00061363817
0.00061314085
0.00061267882
0.00061224907
0.0006118488
0.00061147559
0.00061112686
0.00061080181
0.00061049454
0.00061021175
0.00060995021
0.00060970446
0.00060947122
0.00060924795
0.00060903599
0.00060883559
0.00060864626
0.00060846701
0.0006082971
0.00060813604
0.00060798347
0.00060783897
0.00060770207
0.00060757228
0.00060744914
0.00060733223
0.0006072212
0.00060711571
0.00060701543
0.00060692009
0.00060682951
0.00060674352
0.00060666199
0.0006065848
0.00060651187
0.00060644313
0.00060637854
0.00060631808
0.00060626175
0.00060620961
0.0006061617
0.0006061181
0.0006060789
0.0006060442
0.00060601413
0.00060598884
0.0006059685
0.0006059533
0.00060594343
0.00060593909
0.0006059405
0.00060594789
0.00060596151
0.00060598157
0.00060600832
0.00060604197
0.00060608276
0.0006061309
0.00060618666
0.00060625004
0.00060632208
0.00060640255
0.00060649084
0.00060658618
0.00060668774
0.00060679466
0.00060690609
0.00060702124
0.00060713941
0.00060725996
0.00060738234
0.00060750605
0.00060763069
0.0006077559
0.00060788137
0.00060800684
0.00060813207
0.00060825687
0.00060838108
0.00060850456
0.00060862719
0.00060874886
0.00060886949
0.000608989
0.00060910733
0.00060922441
0.00060934022
0.0006094547
0.00060956782
0.00060967956
0.00060978989
0.00060989881
0.00061000628
0.00061011232
0.00061021684
0.00061032027
0.00061042056
0.00061052709
0.00039187907
0.0012734769
0.0011909143
0.0010378793
0.00093425497
0.00086862397
0.00082471305
0.00079332933
0.00076978041
0.00075150978
0.00073699012
0.00072523037
0.00071555371
0.00070748365
0.00070067595
0.00069487614
0.00068989229
0.00068557659
0.0006818139
0.00067851315
0.00067560059
0.00067301744
0.00067071637
0.00066865797
0.00066680971
0.00066514436
0.00066363901
0.00066227377
0.00066103245
0.00065990073
0.00065886615
0.00065791827
0.00065704809
0.00065624743
0.00065550918
0.00065482743
0.0006541969
0.00065361272
0.00065307049
0.00065256641
0.00065209721
0.00065165987
0.00065125178
0.00065087018
0.00065051413
0.00065017747
0.00064986705
0.0006495794
0.0006493089
0.00064905212
0.00064880632
0.00064857288
0.00064835183
0.00064814278
0.00064794465
0.00064775664
0.00064757822
0.00064740898
0.00064724847
0.00064709619
0.00064695158
0.00064681416
0.00064668349
0.00064655918
0.00064644086
0.00064632818
0.00064622084
0.00064611865
0.00064602142
0.00064592901
0.00064584128
0.00064575815
0.00064567955
0.00064560541
0.00064553572
0.00064547049
0.00064540976
0.00064535358
0.00064530202
0.00064525519
0.00064521318
0.00064517614
0.00064514423
0.00064511763
0.00064509652
0.00064508111
0.00064507162
0.00064506829
0.00064507136
0.00064508108
0.0006450977
0.00064512146
0.0006451526
0.00064519138
0.00064523801
0.0006452928
0.00064535574
0.00064542794
0.00064550915
0.00064559873
0.00064569589
0.00064579975
0.00064590939
0.00064602393
0.00064614255
0.00064626448
0.00064638905
0.00064651567
0.00064664383
0.00064677309
0.00064690306
0.00064703342
0.00064716388
0.0006472942
0.00064742417
0.0006475536
0.00064768235
0.0006478103
0.00064793732
0.00064806333
0.00064818823
0.00064831195
0.00064843445
0.00064855565
0.00064867553
0.00064879404
0.00064891116
0.00064902685
0.00064914111
0.0006492539
0.00064936522
0.000649475
0.00064958367
0.00064968911
0.00064980109
0.00040838123
0.001351039
0.0012629944
0.0011024772
0.00099337179
0.0009240098
0.00087747012
0.00084413548
0.00081907608
0.00079960388
0.00078410934
0.0007715459
0.00076119742
0.00075255903
0.00074526553
0.00073904677
0.00073369877
0.00072906434
0.00072502093
0.00072147159
0.0007183379
0.00071555702
0.0007130784
0.00071085991
0.00070886677
0.00070706985
0.00070544468
0.00070396994
0.00070262831
0.00070140445
0.00070028502
0.00069925882
0.0006983162
0.00069744838
0.00069664773
0.00069590792
0.00069522326
0.00069458852
0.00069399898
0.00069345055
0.00069293972
0.00069246324
0.00069201831
0.00069160195
0.00069121311
0.00069084534
0.00069050564
0.00069019029
0.00068989351
0.0006896117
0.00068934199
0.00042471174
0.0014298215
0.0013360775
0.0011682085
0.0010536719
0.00098058203
0.0009313996
0.00089609382
0.0008695025
0.00084880801
0.00083231931
0.00081893452
0.00080789818
0.00079867688
0.00079088437
0.00078423462
0.00077851151
0.00077354834
0.00076921507
0.00076540875
0.00076204617
0.00075906043
0.00075639769
0.00075401302
0.00075186936
0.00074993564
0.00074818577
0.00074659699
0.00074515081
0.00074383084
0.00074262284
0.00074151483
0.00074049648
0.00073955842
0.00073869246
0.00073789181
0.00073715042
0.00073646264
0.00073582345
0.00073522844
0.00073467386
0.00073415622
0.00073367251
0.00073321955
0.00073279614
0.00073239559
0.00073202499
0.00073168034
0.00073135576
0.0007310475
0.00073075248
0.00044080909
0.001509552
0.0014098954
0.0012348473
0.00111496
0.0010381654
0.0009863398
0.00094905236
0.00092091481
0.00089898274
0.00088148483
0.0008672644
0.00085552684
0.00084571027
0.00083740734
0.00083031611
0.00082420821
0.00081890739
0.00081427602
0.00081020512
0.0008066066
0.00080340947
0.00080055654
0.00079800006
0.00079570064
0.00079362523
0.00079174611
0.00079003902
0.00078848429
0.00078706448
0.00078576438
0.00078457123
0.00078347403
0.00078246278
0.0007815287
0.00078066458
0.00077986394
0.00077912075
0.00077842964
0.0007777859
0.00077718551
0.00077662475
0.00077610038
0.00077560903
0.00077514933
0.00077471435
0.00077431127
0.00077393579
0.00077358193
0.00077324578
0.0007729241
0.00045661039
0.001589941
0.0014841664
0.0013021531
0.0011770258
0.0010965699
0.0010421147
0.0010028451
0.00097315447
0.00094997529
0.00093145763
0.00091639088
0.00090394168
0.0008935199
0.00088469714
0.00087715558
0.00087065463
0.00086500845
0.00086007179
0.00085572959
0.00085188885
0.00084847447
0.00084542587
0.00084269247
0.00084023251
0.00083801093
0.00083599835
0.00083416901
0.00083250203
0.00083097886
0.00082958337
0.00082830198
0.00082712298
0.00082603575
0.00082503093
0.00082410083
0.00082323856
0.0008224377
0.00082169251
0.00082099797
0.00082034981
0.00081974404
0.00081917721
0.00081864574
0.00081814811
0.00081767711
0.00081724003
0.00081683221
0.00081644762
0.00081608221
0.00081573256
0.00047205133
0.0016706822
0.0015585976
0.0013698733
0.0012396457
0.0011555921
0.001098535
0.0010572931
0.0010260504
0.0010016206
0.00098207737
0.00096615742
0.00095298927
0.00094195488
0.00093260503
0.00092460611
0.00091770538
0.00091170743
0.00090645943
0.0009018402
0.00089775182
0.00089411506
0.00089086599
0.00088795112
0.00088532635
0.00088295459
0.00088080475
0.00087884957
0.00087706695
0.00087543723
0.00087394332
0.00087257081
0.0008713073
0.0008701415
0.00086906347
0.00086806505
0.00086713892
0.00086627825
0.00086547695
0.00086472968
0.00086403188
0.00086337932
0.00086276832
0.00086219509
0.00086165794
0.00086114942
0.00086067689
0.00086023527
0.00085981859
0.00085942259
0.00085904369
0.00048706594
0.0017514526
0.0016328867
0.0014377445
0.0013025845
0.0012150168
0.0011553998
0.0011122058
0.0010794199
0.0010537422
0.0010331726
0.0010163966
0.0010025054
0.00099085377
0.00098097184
0.00097251048
0.00096520488
0.00095885017
0.00095328597
0.00094838502
0.00094404451
0.00094018109
0.00093672743
0.00093362721
0.00093083392
0.00092830844
0.00092601801
0.00092393381
0.00092203253
0.00092029339
0.00091869833
0.0009172321
0.00091588159
0.00091463486
0.00091348138
0.00091241248
0.00091142043
0.00091049798
0.00090963868
0.00090883686
0.00090808769
0.00090738668
0.00090672991
0.00090611338
0.00090553521
0.00090498775
0.00090447841
0.00090400162
0.00090355152
0.00090312367
0.00090271432
0.00050158619
0.0018319115
0.0017067245
0.0015054951
0.0013655974
0.0012746183
0.0012124974
0.0011673823
0.0011330702
0.0011061536
0.001084562
0.0010669312
0.0010523164
0.0010400456
0.001029629
0.0010207021
0.0010129883
0.0010062733
0.0010003894
0.00099520317
0.00099060703
0.00098651351
0.00098285196
0.00097956317
0.00097659826
0.0009739161
0.00097148222
0.00096926628
0.00096724372
0.00096539264
0.00096369404
0.00096213177
0.00096069208
0.0009593623
0.00095813133
0.00095699002
0.00095593018
0.00095494416
0.00095402514
0.00095316711
0.00095236498
0.00095161398
0.00095090995
0.00095024869
0.00094962813
0.0009490404
0.00094849298
0.00094797974
0.00094749499
0.00094703411
0.00094659317
0.00051554158
0.0019116996
0.0017797961
0.0015728466
0.0014284308
0.001334162
0.0012696071
0.0012226123
0.0011867994
0.0011586594
0.0011360552
0.0011175751
0.0011022396
0.0010893508
0.0010783994
0.0010690061
0.0010608825
0.0010538054
0.0010475995
0.0010421257
0.0010372715
0.0010329454
0.0010290735
0.0010255936
0.0010224547
0.0010196135
0.0010170338
0.0010146839
0.0010125379
0.0010105727
0.0010087685
0.0010071083
0.0010055775
0.0010041628
0.0010028526
0.0010016372
0.0010005079
0.00099945671
0.00099847642
0.00099756071
0.00099670418
0.0009959018
0.00099514918
0.00099444189
0.00099377767
0.00099314846
0.00052885867
0.0019904376
0.0018517827
0.0016395154
0.0014908244
0.0013934055
0.0013265002
0.0012776778
0.0012403974
0.0012110562
0.0011874543
0.0011681348
0.001152085
0.0011385823
0.0011270986
0.0011172401
0.0011087072
0.0011012676
0.0010947391
0.0010889767
0.0010838631
0.0010793029
0.0010752189
0.0010715464
0.0010682317
0.0010652296
0.0010625025
0.0010600168
0.0010577456
0.0010556648
0.0010537533
0.0010519935
0.00105037
0.0010488689
0.001047478
0.0010461869
0.0010449868
0.0010438691
0.0010428262
0.0010418515
0.0010409393
0.0010400844
0.0010392819
0.0010385275
0.0010378185
0.0010371467
0.00054146072
0.0020677243
0.0019223634
0.0017052146
0.0015525122
0.0014520996
0.0013829411
0.0013323533
0.0012936473
0.0012631335
0.001238554
0.0012184096
0.0012016558
0.0011875465
0.0011755356
0.0011652154
0.0011562755
0.001148475
0.0011416246
0.0011355738
0.0011302006
0.0011254059
0.0011211093
0.0011172432
0.0011137518
0.0011105878
0.0011077121
0.0011050895
0.0011026919
0.0011004941
0.0010984742
0.0010966135
0.0010948961
0.0010933074
0.0010918345
0.0010904668
0.0010891946
0.0010880092
0.0010869027
0.0010858679
0.001084899
0.0010839903
0.0010831371
0.0010823345
0.0010815797
0.0010808644
0.00055326761
0.0021431361
0.0019912169
0.0017696554
0.0016132242
0.0015099903
0.0014386882
0.0013864078
0.001346326
0.0013146749
0.0012891436
0.001268193
0.0012507491
0.0012360437
0.0012235135
0.0012127376
0.0012033952
0.0011952369
0.0011880671
0.0011817295
0.0011760978
0.0011710693
0.0011665603
0.0011625006
0.0011588322
0.0011555061
0.0011524812
0.0011497211
0.0011471965
0.001144881
0.0011427518
0.0011407895
0.0011389774
0.0011373002
0.0011357445
0.0011342991
0.0011329541
0.0011317002
0.001130529
0.0011294333
0.0011284068
0.0011274437
0.0011265388
0.0011256872
0.0011248859
0.0011241263
0.00056419625
0.0022162278
0.0020580238
0.0018325494
0.0016726875
0.001566819
0.0014934954
0.0014396049
0.0013982053
0.0013654589
0.0013390067
0.0013172734
0.0012991573
0.0012838694
0.0012708305
0.0012596073
0.0012498688
0.001241358
0.0012338726
0.0012272513
0.0012213636
0.0012161029
0.0012113828
0.0012071306
0.0012032859
0.001199798
0.0011966242
0.0011937266
0.0011910748
0.0011886415
0.0011864028
0.0011843384
0.0011824311
0.001180665
0.001179026
0.0011775024
0.0011760839
0.0011747609
0.0011735245
0.0011723672
0.0011712825
0.0011702643
0.0011693072
0.0011684059
0.0011675573
0.0011667528
0.00057416161
0.0022865346
0.0021224704
0.0018936107
0.0017306287
0.0016223249
0.0015471132
0.0014917046
0.0014490532
0.0014152595
0.001387923
0.001365435
0.0013466683
0.0013308149
0.0013172807
0.0013056209
0.001295495
0.0012866386
0.0012788434
0.001271943
0.0012658029
0.0012603131
0.0012553844
0.0012509414
0.001246922
0.0012432734
0.0012399515
0.0012369172
0.0012341388
0.0012315879
0.0012292398
0.0012270736
0.0012250711
0.001223216
0.0012214934
0.0012198915
0.0012183993
0.0012170068
0.0012157049
0.0012144857
0.0012133424
0.0012122687
0.0012112588
0.0012103075
0.0012094113
0.0012085614
0.00058307873
0.0023535765
0.0021842528
0.0019525595
0.0017867763
0.0016762469
0.0015992906
0.0015424645
0.0014986347
0.0014638483
0.0014356691
0.0014124587
0.0013930669
0.0013766681
0.001362655
0.0013505717
0.0013400694
0.0013308762
0.0013227785
0.0013156051
0.0013092177
0.001303503
0.001298369
0.0012937383
0.0012895465
0.0012857392
0.001282271
0.0012791013
0.0012761974
0.0012735298
0.0012710732
0.0012688055
0.0012667084
0.0012647645
0.0012629588
0.0012612786
0.0012597128
0.0012582508
0.0012568834
0.0012556022
0.0012544002
0.0012532708
0.001252208
0.0012512064
0.0012502623
0.0012493668
0.00059086586
0.0024168645
0.0022430828
0.0020091261
0.001840864
0.0017283264
0.0016497775
0.0015916424
0.0015467144
0.0015109954
0.0014820201
0.001458124
0.0014381361
0.0014212153
0.0014067421
0.0013942511
0.0013833852
0.0013738663
0.0013654751
0.0013580363
0.0013514079
0.0013454737
0.0013401392
0.0013353246
0.0013309637
0.0013270006
0.0013233884
0.0013200854
0.0013170576
0.0013142749
0.001311711
0.0013093431
0.0013071521
0.0013051203
0.001303232
0.0013014741
0.0012998351
0.0012983041
0.0012968714
0.0012955284
0.0012942678
0.0012930828
0.0012919672
0.0012909153
0.0012899232
0.0012889821
0.00059744909
0.0024759087
0.0022986956
0.0020630564
0.0018926352
0.0017783107
0.0016983279
0.0016389984
0.0015930586
0.0015564723
0.0015267518
0.0015022106
0.0014816593
0.0014642428
0.0014493311
0.0014364502
0.0014252358
0.0014154036
0.0014067297
0.0013990347
0.0013921731
0.001386026
0.0013804966
0.001375503
0.0013709773
0.001366862
0.001363109
0.0013596753
0.0013565262
0.0013536305
0.001350961
0.0013484944
0.0013462111
0.0013440925
0.0013421227
0.001340288
0.0013385766
0.0013369772
0.0013354798
0.0013340755
0.0013327568
0.0013315165
0.0013303484
0.0013292464
0.0013282066
0.00132722
0.00060276554
0.0025302346
0.0023508587
0.0021141181
0.0019418483
0.0018259584
0.0017447039
0.0016842993
0.0016374387
0.0016000548
0.0015696438
0.0015445015
0.0015234224
0.0015055392
0.0014902129
0.0014769621
0.0014654161
0.001455285
0.0014463407
0.0014383999
0.0014313142
0.0014249621
0.0014192445
0.0014140777
0.0014093923
0.0014051293
0.0014012394
0.0013976785
0.0013944111
0.0013914049
0.0013886323
0.0013860692
0.0013836952
0.0013814916
0.0013794417
0.0013775315
0.0013757489
0.0013740821
0.0013725209
0.0013710561
0.0013696799
0.001368385
0.0013671649
0.0013660133
0.0013649262
0.0013638944
0.00060676061
0.0025794219
0.0023993837
0.0021621086
0.0019882834
0.0018710443
0.0017886811
0.0017273227
0.0016796358
0.0016415268
0.001610483
0.0015847863
0.0015632175
0.0015448989
0.0015291838
0.001515585
0.0015037258
0.0014933119
0.0014841108
0.001475936
0.0014686364
0.0014620881
0.0014561901
0.001450857
0.0014460177
0.0014416121
0.0014375899
0.0014339059
0.0014305237
0.0014274103
0.0014245374
0.0014218803
0.0014194181
0.0014171314
0.0014150033
0.0014130193
0.0014111668
0.001409434
0.0014078102
0.001406286
0.0014048533
0.0014035047
0.0014022333
0.0014010329
0.0013998991
0.0013988227
0.00060938511
0.0026231548
0.00244414
0.0022068646
0.0020317501
0.001913367
0.0018300544
0.0017678631
0.0017194451
0.0016806856
0.001649068
0.0016228654
0.001600847
0.0015821261
0.0015660496
0.0015521257
0.0015399734
0.0015292935
0.0015198505
0.0015114546
0.0015039523
0.0014972176
0.0014911478
0.0014856558
0.0014806694
0.0014761271
0.0014719778
0.0014681753
0.0014646824
0.0014614655
0.0014584956
0.0014557474
0.0014531997
0.0014508324
0.0014486282
0.0014465723
0.0014446519
0.0014428547
0.0014411697
0.0014395874
0.0014380995
0.0014366982
0.0014353766
0.0014341282
0.0014329485
0.0014318282
0.00061059693
0.0026612581
0.002485073
0.0022482731
0.0020720966
0.0019527564
0.0018686452
0.0018057378
0.0017566826
0.0017173469
0.0016852148
0.0016585553
0.0016361283
0.0016170391
0.0016006294
0.0015864046
0.0015739796
0.0015630518
0.0015533824
0.001544779
0.001537086
0.0015301755
0.0015239431
0.0015183005
0.0015131741
0.0015085016
0.0015042307
0.0015003147
0.0014967157
0.0014933994
0.0014903362
0.0014875003
0.0014848699
0.0014824247
0.001480147
0.0014780215
0.0014760352
0.0014741754
0.001472431
0.0014707921
0.0014692504
0.0014677978
0.0014664271
0.0014651318
0.0014639072
0.0014627441
0.00061036317
0.0026936467
0.0025222211
0.002286286
0.0021092208
0.0019890834
0.0019043096
0.001840795
0.0017911918
0.001751352
0.0017187632
0.0016916947
0.0016688995
0.0016494762
0.0016327619
0.0016182602
0.0016055834
0.0015944259
0.0015845459
0.0015757492
0.0015678778
0.0015608024
0.0015544171
0.0015486324
0.0015433737
0.0015385777
0.0015341913
0.0015301673
0.0015264668
0.0015230555
0.0015199029
0.0015169828
0.0015142731
0.001511753
0.0015094044
0.0015072118
0.0015051617
0.0015032415
0.0015014395
0.0014997458
0.0014981518
0.0014966493
0.0014952309
0.0014938899
0.0014926215
0.0014914165
0.00060866207
0.0027205967
0.0025557
0.0023209345
0.002143084
0.0020222709
0.0019369482
0.0018729228
0.0018228521
0.0017825751
0.0017495833
0.0017221511
0.0016990265
0.0016793021
0.0016623107
0.0016475556
0.0016346475
0.001623278
0.0016132033
0.0016042269
0.0015961895
0.0015889602
0.0015824318
0.0015765137
0.0015711305
0.0015662179
0.0015617222
0.0015575956
0.0015537987
0.0015502966
0.0015470587
0.0015440582
0.0015412725
0.0015386804
0.0015362638
0.0015340066
0.0015318951
0.0015299165
0.001528059
0.0015263123
0.0015246677
0.0015231168
0.0015216521
0.0015202668
0.0015189558
0.00151771
0.00060548481
0.0027422461
0.0025858737
0.0023523255
0.0021737245
0.0020523078
0.001966518
0.0019020595
0.0018515881
0.0018109322
0.001777585
0.0017498292
0.0017264098
0.0017064148
0.0016891721
0.0016741854
0.0016610649
0.0016495001
0.0016392453
0.0016301025
0.0016219108
0.001614538
0.0016078759
0.001601833
0.0015963329
0.0015913104
0.0015867115
0.0015824876
0.0015785991
0.0015750108
0.0015716915
0.0015686141
0.0015657556
0.0015630947
0.0015606127
0.0015582934
0.001556123
0.0015540881
0.0015521769
0.001550379
0.0015486855
0.0015470878
0.0015455782
0.0015441497
0.0015427974
0.0015415119
0.00060083668
0.0027584734
0.0026129239
0.0023807231
0.0022012498
0.0020792594
0.0019930456
0.0019282064
0.0018773819
0.001836392
0.0018027272
0.0017746802
0.0017509944
0.0017307544
0.0017132827
0.0016980833
0.001684767
0.0016730215
0.0016625996
0.0016533019
0.0016449662
0.0016374594
0.0016306721
0.001624512
0.0016189019
0.0016137759
0.0016090792
0.0016047632
0.0016007875
0.0015971169
0.0015937199
0.0015905689
0.0015876408
0.0015849138
0.001582369
0.00157999
0.0015777626
0.0015756735
0.0015737105
0.001571863
0.001570122
0.0015684789
0.0015669257
0.0015654554
0.0015640627
0.0015627385
0.0005947376
0.002769118
0.0026368847
0.0024063964
0.0022259002
0.0021032424
0.0020166307
0.0019514376
0.0019002845
0.0018589875
0.00182503
0.0017967133
0.0017727806
0.0017523137
0.0017346299
0.0017192324
0.0017057329
0.001693818
0.001683239
0.0016737954
0.0016653239
0.0016576905
0.0016507848
0.0016445137
0.0016387993
0.001633575
0.0016287854
0.0016243815
0.0016203223
0.0016165727
0.0016131011
0.0016098794
0.0016068841
0.0016040933
0.0016014878
0.001599051
0.0015967685
0.0015946267
0.0015926134
0.0015907177
0.0015889306
0.0015872431
0.0015856474
0.0015841362
0.0015827041
0.0015813421
0.00058722177
0.0027740282
0.0026577604
0.0024294006
0.0022479586
0.0021245511
0.0020374045
0.0019718683
0.0019204062
0.0018788216
0.0018445819
0.0018160047
0.0017918337
0.0017711491
0.0017532623
0.0017376753
0.0017240003
0.0017119226
0.0017011925
0.0016916083
0.0016830059
0.0016752503
0.0016682304
0.0016618522
0.0016560371
0.001650718
0.0016458387
0.0016413498
0.0016372097
0.0016333836
0.0016298394
0.0016265489
0.0016234882
0.0016206352
0.0016179704
0.0016154771
0.0016131406
0.0016109472
0.0016088845
0.0016069416
0.0016051091
0.001603378
0.0016017404
0.0016001888
0.0015987179
0.0015973185
0.00057833638
0.002773068
0.0026755522
0.0024497471
0.0022674903
0.0021433944
0.0020557386
0.0019897719
0.0019379215
0.0018960061
0.0018614967
0.0018326693
0.0018082687
0.0017873749
0.0017692923
0.0017535179
0.0017396693
0.0017274306
0.0017165509
0.0017068276
0.0016980957
0.0016902191
0.0016830861
0.001676602
0.0016706875
0.0016652747
0.0016603067
0.0016557338
0.0016515138
0.0016476121
0.0016439961
0.0016406374
0.0016375119
0.0016345972
0.0016318736
0.0016293242
0.001626934
0.0016246893
0.0016225774
0.0016205873
0.0016187095
0.0016169349
0.0016152554
0.0016136636
0.0016121538
0.001610717
0.00056813909
0.0027661553
0.0026902557
0.0024674405
0.0022845171
0.0021598316
0.0020717255
0.0020053607
0.0019531412
0.0019108804
0.0018760486
0.0018469256
0.0018222554
0.0018011174
0.0017828245
0.0017668678
0.0017528501
0.0017404542
0.0017294283
0.0017195688
0.0017107099
0.0017027147
0.0016954708
0.0016888827
0.0016828707
0.0016773661
0.0016723113
0.0016676554
0.001663355
0.001659377
0.0016556887
0.0016522613
0.0016490704
0.0016460934
0.0016433104
0.0016407043
0.0016382599
0.0016359633
0.0016338016
0.0016317639
0.0016298402
0.0016280216
0.0016262997
0.001624667
0.0016231178
0.0016216429
0.00055669394
0.0027532067
0.0027018616
0.0024824867
0.0022990556
0.0021738907
0.0020854065
0.002018702
0.0019661518
0.0019235653
0.0018884253
0.0018590152
0.0018340797
0.0018126974
0.0017941799
0.0017780153
0.0017638056
0.0017512321
0.0017400416
0.0017300292
0.0017210279
0.0017129001
0.0017055322
0.0016988283
0.0016927079
0.001687102
0.0016819527
0.0016772095
0.0016728295
0.001668776
0.001665016
0.0016615205
0.0016582647
0.0016552257
0.0016523837
0.0016497212
0.0016472228
0.0016448745
0.0016426633
0.0016405779
0.0016386086
0.0016367459
0.0016349817
0.0016333081
0.0016317194
0.0016302066
0.00054407795
0.0027341883
0.0027103885
0.0024948653
0.0023111248
0.0021855965
0.0020968136
0.0020298333
0.0019769967
0.0019341185
0.0018986973
0.0018690194
0.0018438317
0.0018222129
0.0018034749
0.0017871063
0.0017727072
0.0017599578
0.0017486035
0.0017384384
0.0017292944
0.0017210332
0.0017135404
0.0017067192
0.0017004885
0.001694779
0.0016895323
0.0016846969
0.0016802295
0.0016760933
0.0016722549
0.0016686848
0.0016653582
0.0016622518
0.0016593455
0.0016566215
0.0016540645
0.0016516599
0.0016493949
0.001647258
0.001645239
0.0016433287
0.0016415186
0.0016398009
0.0016381695
0.0016366156
0.00053041047
0.002709089
0.0027158653
0.0025045463
0.0023207473
0.0021949755
0.0021059783
0.0020387879
0.0019857133
0.0019425829
0.0019069105
0.001876987
0.0018515636
0.001829721
0.0018107741
0.0017942112
0.0017796305
0.0017667112
0.0017551979
0.0017448837
0.0017355999
0.0017272073
0.0017195908
0.0017126532
0.0017063127
0.0017004995
0.0016951546
0.0016902265
0.0016856716
0.0016814524
0.0016775351
0.0016738901
0.001670492
0.0016673176
0.0016643464
0.0016615605
0.0016589441
0.0016564827
0.0016541632
0.0016519739
0.0016499047
0.001647946
0.0016460893
0.0016443266
0.0016426519
0.0016410561
0.0005158307
0.0026779286
0.0027183133
0.0025115048
0.0023279493
0.0022020579
0.0021129337
0.0020456008
0.0019923401
0.0019489995
0.0019131078
0.0018829626
0.0018573222
0.0018352718
0.0018161298
0.0017993839
0.0017846307
0.0017715488
0.0017598824
0.001749424
0.0017400042
0.0017314834
0.0017237459
0.001716694
0.0017102456
0.0017043302
0.0016988889
0.0016938696
0.0016892284
0.0016849272
0.001680932
0.0016772128
0.001673744
0.0016705021
0.0016674663
0.0016646186
0.001661943
0.0016594249
0.001657051
0.0016548094
0.0016526898
0.0016506827
0.0016487792
0.0016469715
0.0016452531
0.0016436153
0.00050044768
0.0026407781
0.0027176962
0.0025157534
0.0023327603
0.0022068769
0.0021177155
0.0020503094
0.0019969176
0.0019534107
0.0019173326
0.0018869917
0.0018611553
0.0018389149
0.0018195928
0.0018026759
0.00178776
0.0017745237
0.0017627109
0.0017521139
0.001742563
0.0017339182
0.0017260633
0.0017189003
0.0017123467
0.0017063319
0.0017007965
0.0016956881
0.0016909624
0.0016865809
0.001682509
0.0016787167
0.0016751781
0.0016718694
0.0016687698
0.0016658609
0.0016631266
0.0016605522
0.0016581241
0.0016558304
0.0016536607
0.0016516052
0.001649655
0.0016478022
0.0016460403
0.0016443604
0.00048435093
0.0025978012
0.0027139117
0.0025173096
0.0023352131
0.0022094685
0.0021203615
0.0020529535
0.0019994881
0.0019558604
0.0019196307
0.0018891215
0.001863112
0.001840701
0.0018212147
0.0018041395
0.0017890714
0.0017756896
0.0017637381
0.0017530091
0.0017433328
0.0017345688
0.0017266009
0.0017193308
0.0017126757
0.0017065646
0.0017009379
0.0016957428
0.0016909347
0.0016864745
0.0016823276
0.0016784635
0.0016748563
0.0016714819
0.0016683192
0.0016653499
0.0016625577
0.0016599275
0.0016574457
0.0016551003
0.0016528808
0.0016507772
0.0016487807
0.001646883
0.0016450776
0.0016433557
0.0004676305
0.0025492176
0.002706819
0.0025161968
0.0023353431
0.0022098718
0.0021209117
0.0020535751
0.0020000957
0.001956394
0.0019200491
0.0018894012
0.0018632431
0.0018406819
0.0018210478
0.001803828
0.0017886194
0.0017751019
0.0017630201
0.0017521664
0.0017423711
0.0017334937
0.001725418
0.0017180453
0.0017112926
0.0017050889
0.001699374
0.0016940949
0.0016892067
0.0016846699
0.0016804497
0.0016765155
0.001672841
0.0016694021
0.0016661777
0.0016631489
0.0016602995
0.0016576143
0.0016550796
0.0016526831
0.0016504143
0.0016482632
0.0016462206
0.0016442784
0.0016424299
0.0016406662
0.0004503844
0.0024952841
0.0026962575
0.0025124395
0.0023331886
0.0022081288
0.0021194087
0.0020522181
0.001998786
0.0019550586
0.0019186366
0.0018878811
0.0018616
0.0018389101
0.0018191458
0.001801796
0.0017864592
0.0017728167
0.0017606139
0.0017496438
0.0017397366
0.0017307523
0.0017225744
0.0017151042
0.0017082584
0.0017019658
0.0016961662
0.0016908061
0.0016858404
0.0016812294
0.001676938
0.0016729356
0.0016691956
0.0016656938
0.0016624088
0.0016593219
0.0016564164
0.0016536772
0.0016510905
0.0016486438
0.0016463264
0.0016441283
0.0016420404
0.0016400541
0.001638163
0.001636358
0.00043272206
0.0024362654
0.0026820923
0.0025060333
0.0023287905
0.0022042842
0.0021158974
0.0020489285
0.0019956063
0.0019519027
0.0019154432
0.0018846124
0.0018582356
0.0018354392
0.0018155631
0.0017980988
0.0017826472
0.0017688913
0.0017565776
0.0017454998
0.0017354888
0.0017264045
0.0017181305
0.0017105682
0.0017036342
0.0016972571
0.0016913765
0.0016859387
0.0016808985
0.001676216
0.0016718559
0.0016677874
0.0016639838
0.0016604209
0.0016570771
0.0016539335
0.0016509733
0.0016481814
0.0016455436
0.0016430477
0.0016406828
0.0016384386
0.001636306
0.0016342766
0.0016323434
0.0016304978
0.00041476721
0.0023724194
0.0026642042
0.0024969674
0.0023221919
0.0021983857
0.0021104252
0.0020437544
0.0019906054
0.0019469762
0.0019105201
0.0018796479
0.0018532032
0.0018303235
0.0018103549
0.0017927925
0.0017772402
0.0017633833
0.0017509696
0.0017397937
0.0017296873
0.0017205104
0.001712147
0.0017044986
0.0016974815
0.0016910246
0.0016850672
0.0016795554
0.0016744441
0.001669693
0.0016652669
0.0016611349
0.00165727
0.001653648
0.0016502473
0.0016470487
0.0016440354
0.0016411922
0.0016385049
0.001635961
0.0016335496
0.0016312605
0.0016290842
0.0016270124
0.0016250381
0.0016231526
0.00039665906
0.0023039967
0.0026424653
0.0024852511
0.0023134379
0.002190484
0.0021030423
0.002036746
0.001983834
0.0019403306
0.0019039198
0.0018730409
0.0018465571
0.0018236182
0.0018035771
0.0017859339
0.0017702959
0.001756351
0.0017438488
0.001732585
0.0017223921
0.0017131307
0.001704685
0.0016969567
0.0016898622
0.0016833305
0.0016773007
0.0016717191
0.0016665403
0.001661724
0.001657235
0.0016530421
0.0016491186
0.0016454399
0.0016419843
0.0016387327
0.0016356683
0.0016327754
0.0016300401
0.0016274497
0.0016249932
0.0016226603
0.0016204416
0.0016183285
0.0016163141
0.0016143896
0.00037854776
0.0022312588
0.0026167565
0.0024708943
0.0023025758
0.0021806326
0.0020938015
0.0020279554
0.0019753444
0.0019320189
0.0018956963
0.001864846
0.0018383526
0.0018153791
0.0017952864
0.0017775803
0.0017618723
0.0017478532
0.0017352745
0.0017239335
0.0017136635
0.001704326
0.0016958055
0.001688004
0.0016808382
0.001674237
0.0016681397
0.0016624927
0.0016572504
0.0016523726
0.001647824
0.0016435734
0.001639594
0.0016358612
0.0016323532
0.0016290509
0.0016259372
0.0016229967
0.0016202151
0.0016175799
0.0016150798
0.0016127046
0.0016104448
0.0016082917
0.0016062384
0.001604276
0.00036058205
0.0021545153
0.0025869661
0.0024539088
0.0022896545
0.0021688882
0.0020827584
0.0020174375
0.001965191
0.0019220959
0.0018859046
0.001855119
0.001828646
0.001805663
0.0017855402
0.0017677899
0.001752028
0.0017379489
0.0017253063
0.0017138992
0.0017035621
0.0016941573
0.0016855698
0.0016777021
0.0016704713
0.0016638064
0.0016576469
0.0016519391
0.0016466376
0.0016417023
0.0016370977
0.0016327928
0.0016287606
0.0016249765
0.0016214188
0.0016180682
0.0016149077
0.0016119216
0.0016090957
0.0016064175
0.0016038756
0.0016014596
0.0015991602
0.0015969685
0.0015948776
0.0015928785
0.00034290392
0.0020741392
0.0025529887
0.0024343086
0.0022747249
0.0021553103
0.0020699719
0.0020052494
0.0019534302
0.0019106178
0.0018746015
0.0018439168
0.0018174945
0.0017945276
0.0017743968
0.0017566211
0.0017408222
0.0017266977
0.0017140042
0.0017025425
0.0016921485
0.0016826855
0.0016740392
0.0016661128
0.0016588236
0.0016521011
0.0016458848
0.0016401214
0.0016347654
0.0016297767
0.0016251201
0.0016207644
0.0016166828
0.0016128505
0.001609246
0.0016058497
0.0016026447
0.0015996154
0.0015967474
0.0015940282
0.0015914463
0.0015889914
0.001586654
0.0015844254
0.0015822983
0.001580264
0.00032564681
0.0019905573
0.002514724
0.0024121121
0.0022578395
0.0021399621
0.0020555038
0.0019914509
0.0019401206
0.0018976429
0.0018618451
0.0018312976
0.0018049566
0.0017820317
0.001761915
0.0017441336
0.0017283145
0.0017141596
0.0017014284
0.001689924
0.0016794837
0.0016699719
0.0016612754
0.0016532979
0.0016459574
0.0016391835
0.0016329163
0.0016271024
0.0016216967
0.0016166592
0.0016119547
0.0016075522
0.0016034246
0.0015995475
0.0015958991
0.00159246
0.0015892133
0.0015861431
0.0015832354
0.0015804773
0.0015778576
0.0015753657
0.0015729921
0.0015707282
0.0015685665
0.0015664985
0.00030888046
0.0019042433
0.0024720763
0.0023873446
0.0022390539
0.0021229102
0.0020394198
0.0019761049
0.0019253233
0.0018832316
0.0018476952
0.0018173212
0.0017910919
0.001768235
0.0017481549
0.0017303873
0.0017145653
0.0017003953
0.00168764
0.0016761047
0.0016656289
0.0016560781
0.0016473401
0.0016393194
0.0016319347
0.0016251161
0.0016188039
0.0016129452
0.0016074949
0.0016024132
0.0015976652
0.0015932198
0.00158905
0.0015851315
0.0015814425
0.0015779637
0.001574678
0.0015715697
0.0015686247
0.0015658301
0.0015631746
0.0015606478
0.00155824
0.0015559425
0.0015537481
0.0015516479
0.00029264081
0.0018157041
0.0024249905
0.00236003
0.0022184277
0.0021042266
0.0020217901
0.0019592779
0.0019091023
0.0018674466
0.0018322139
0.001802049
0.0017759616
0.0017531985
0.0017331775
0.0017154434
0.0016996357
0.0016854659
0.0016727
0.0016611462
0.0016506458
0.0016410658
0.0016322952
0.0016242395
0.001616818
0.0016099614
0.0016036104
0.0015977126
0.001592223
0.001587102
0.001582315
0.0015778308
0.0015736227
0.0015696665
0.0015659403
0.0015624249
0.0015591032
0.0015559595
0.0015529798
0.0015501512
0.0015474623
0.0015449026
0.0015424627
0.0015401337
0.0015379083
0.0015357777
0.0002769995
0.0017256612
0.0023734571
0.002330133
0.0021960268
0.0020839894
0.0020026906
0.001941041
0.0018915253
0.0018503537
0.0018154654
0.0017855444
0.0017596286
0.0017369848
0.0017170451
0.0016993639
0.0016835879
0.0016694335
0.0016566707
0.0016451105
0.0016345965
0.0016249973
0.0016162032
0.0016081206
0.0016006698
0.0015937821
0.0015873987
0.0015814675
0.001575944
0.0015707888
0.0015659674
0.0015614488
0.0015572065
0.0015532162
0.0015494563
0.0015459075
0.0015425529
0.0015393768
0.0015363651
0.001533505
0.0015307851
0.0015281949
0.001525725
0.0015233665
0.0015211121
0.001518953
0.00026203522
0.00163472
0.0023175389
0.0022976128
0.0021718551
0.0020622854
0.0019822049
0.0019214716
0.0018726647
0.0018320225
0.0017975175
0.0017678738
0.0017421583
0.0017196584
0.0016998215
0.0016822126
0.0016664851
0.0016523612
0.0016396148
0.0016280604
0.0016175438
0.0016079353
0.0015991267
0.0015910256
0.0015835531
0.0015766412
0.0015702318
0.0015642732
0.0015587213
0.0015535369
0.0015486858
0.0015441372
0.0015398647
0.0015358443
0.0015320543
0.0015284756
0.0015250912
0.0015218856
0.0015188447
0.0015159557
0.0015132073
0.001510589
0.0015080913
0.0015057054
0.001503424
0.0015012382
0.0002478101
0.001543245
0.0022573266
0.00226249
0.0021458798
0.0020391518
0.0019604198
0.0019006557
0.0018525998
0.0018125286
0.0017784425
0.0017491074
0.0017236193
0.0017012868
0.0016815733
0.0016640552
0.0016483926
0.0016343137
0.0016215969
0.00161006
0.0015995516
0.0015899437
0.0015811296
0.0015730181
0.0015655313
0.0015586022
0.0015521731
0.001546193
0.0015406181
0.0015354097
0.0015305337
0.0015259596
0.0015216611
0.0015176144
0.0015137979
0.0015101926
0.0015067817
0.0015035496
0.0015004824
0.0014975672
0.0014947928
0.0014921488
0.0014896256
0.0014872145
0.0014849082
0.0014826977
0.00023437122
0.0014516709
0.0021929269
0.0022247618
0.0021181361
0.0020146006
0.0019373712
0.0018786593
0.0018314191
0.0017919552
0.0017583195
0.0017293209
0.0017040852
0.0016819416
0.0016623704
0.0016449605
0.0016293784
0.0016153583
0.0016026834
0.0015911754
0.0015806855
0.0015710877
0.0015622768
0.0015541628
0.0015466692
0.0015397295
0.001533287
0.0015272912
0.0015216987
0.0015164713
0.0015115752
0.00150698
0.0015026597
0.0014985905
0.0014947512
0.0014911228
0.0014876885
0.001484433
0.0014813423
0.0014784037
0.0014756059
0.0014729385
0.0014703921
0.001467958
0.0014656288
0.0014633956
0.00022175128
0.0013604768
0.0021244622
0.0021844508
0.0020886359
0.001988682
0.0019130837
0.0018555123
0.0018091614
0.0017703637
0.0017372282
0.001708598
0.0016836366
0.0016617008
0.001642288
0.0016250023
0.0016095148
0.0015955662
0.0015829445
0.0015714755
0.0015610139
0.0015514353
0.0015426357
0.0015345269
0.0015270333
0.0015200896
0.0015136395
0.0015076335
0.0015020286
0.0014967871
0.0014918754
0.0014872635
0.0014829254
0.0014788376
0.001474979
0.0014713308
0.0014678764
0.0014646003
0.0014614889
0.0014585295
0.0014557108
0.0014530226
0.0014504553
0.0014480003
0.0014456503
0.0014433964
0.0002099687
0.0012701911
0.002052068
0.0021415942
0.0020573817
0.0019614441
0.0018876224
0.0018312576
0.0017858487
0.0017477824
0.001715202
0.0016869845
0.0016623342
0.0016406377
0.0016214091
0.0016042614
0.0015888807
0.0015750145
0.0015624559
0.0015510345
0.0015406097
0.0015310584
0.0015222778
0.001514181
0.0015066938
0.0014997518
0.0014932996
0.0014872884
0.0014816758
0.0014764246
0.0014715018
0.0014668772
0.0014625251
0.0014584223
0.0014545478
0.0014508831
0.0014474115
0.0014441178
0.0014409884
0.0014380108
0.0014351736
0.0014324667
0.0014298807
0.001427407
0.0014250382
0.0014227654
0.0001990275
0.0011813931
0.0019759779
0.0020961669
0.0020243655
0.0019329278
0.0018610475
0.0018059603
0.001761546
0.001724255
0.0016922675
0.0016645042
0.0016402056
0.0016187832
0.0015997685
0.0015827835
0.0015675316
0.0015537674
0.0015412893
0.0015299307
0.0015195524
0.0015100355
0.0015012802
0.0014932014
0.001485726
0.0014787907
0.001472341
0.0014663288
0.0014607124
0.0014554554
0.0014505254
0.0014458919
0.0014415293
0.0014374148
0.0014335275
0.0014298491
0.001426363
0.0014230543
0.0014199094
0.0014169158
0.0014140624
0.001411339
0.0014087362
0.0014062456
0.0014038598
0.0014015699
0.00018891709
0.0010947029
0.0018965025
0.0020481036
0.0019895688
0.001903166
0.0018334139
0.0017796815
0.0017363157
0.001699845
0.001668489
0.0016412124
0.0016172922
0.0015961667
0.0015773871
0.001560592
0.0015454929
0.0015318522
0.001519474
0.0015081954
0.0014978785
0.0014884094
0.0014796919
0.0014716424
0.0014641893
0.0014572705
0.0014508323
0.0014448273
0.0014392143
0.001433957
0.0014290233
0.001424384
0.0014200139
0.0014158904
0.001411993
0.0014083033
0.0014048052
0.0014014837
0.0013983253
0.0013953178
0.0013924499
0.0013897117
0.0013870939
0.001384588
0.0013821867
0.001379881
0.00017961151
0.0010106949
0.0018139816
0.0019973395
0.0019529627
0.0018721828
0.0018047702
0.0017524781
0.0017102167
0.0016746126
0.0016439276
0.0016171707
0.0015936562
0.001572851
0.001554327
0.0015377388
0.0015228075
0.0015093035
0.001497037
0.0014858497
0.0014756085
0.001466202
0.0014575356
0.0014495279
0.0014421087
0.001435217
0.0014288001
0.0014228114
0.0014172102
0.0014119604
0.0014070298
0.0014023913
0.0013980199
0.0013938932
0.0013899912
0.0013862955
0.0013827903
0.0013794606
0.0013762933
0.001373276
0.0013703978
0.0013676486
0.0013650194
0.0013625016
0.001360088
0.0013577698
0.0001710683
0.00092952262
0.0017287777
0.0019438113
0.0019145079
0.0018399931
0.0017751587
0.0017244021
0.001683304
0.001648614
0.0016186404
0.0015924369
0.0015693563
0.0015488954
0.0015306477
0.0015142839
0.0014995357
0.001486182
0.0014740394
0.0014629546
0.0014527989
0.0014434636
0.0014348565
0.0014268978
0.001419519
0.0014126606
0.0014062707
0.0014003038
0.0013947198
0.0013894836
0.0013845639
0.0013799333
0.0013755673
0.001371444
0.0013675433
0.0013638474
0.0013603404
0.0013570077
0.0013538362
0.0013508138
0.0013479296
0.0013451737
0.0013425371
0.0013400112
0.0013375891
0.0013352617
0.00016322707
0.00085106382
0.001641278
0.0018874566
0.0018741543
0.0018066026
0.0017446148
0.0016955007
0.0016556282
0.0016219014
0.0015926809
0.0015670655
0.0015444479
0.0015243557
0.0015064054
0.0014902839
0.0014757346
0.0014625452
0.001450539
0.001439568
0.0014295077
0.0014202526
0.0014117127
0.0014038105
0.0013964791
0.0013896602
0.0013833033
0.0013773637
0.0013718022
0.0013665845
0.0013616798
0.0013570612
0.0013527044
0.0013485878
0.0013446918
0.0013409987
0.0013374929
0.00133416
0.001330987
0.001327962
0.0013250742
0.0013223139
0.001319672
0.0013171401
0.0013147114
0.0013123769
0.00015600826
0.00077546889
0.0015521245
0.0018282087
0.0018318458
0.0017720072
0.0017131665
0.0016658158
0.0016272358
0.0015945234
0.0015660985
0.001541107
0.0015189823
0.0014992841
0.0014816527
0.0014657921
0.0014514578
0.001438447
0.0014265898
0.001415744
0.0014057895
0.0013966237
0.0013881594
0.0013803214
0.0013730443
0.0013662715
0.0013599536
0.0013540469
0.0013485132
0.0013433187
0.0013384336
0.001333831
0.0013294872
0.001325381
0.0013214931
0.0013178061
0.0013143045
0.0013109743
0.0013078025
0.0013047775
0.0013018887
0.0012991262
0.0012964813
0.0012939457
0.0012915125
0.0012891729
0.00014932482
0.00070308148
0.001462066
0.0017660492
0.0017875736
0.0017361932
0.0016808339
0.0016353838
0.0015981689
0.001566524
0.0015389391
0.0015146083
0.0014930074
0.0014737292
0.0014564389
0.0014408581
0.0014267555
0.0014139378
0.0014022427
0.0013915338
0.0013816953
0.0013726283
0.0013642482
0.0013564821
0.0013492666
0.0013425466
0.0013362738
0.0013304058
0.0013249051
0.0013197389
0.0013148777
0.0013102954
0.0013059687
0.0013018766
0.0012980003
0.0012943226
0.0012908284
0.0012875038
0.0012843362
0.0012813139
0.0012784264
0.0012756643
0.0012730188
0.0012704816
0.0012680462
0.0012657034
0.00014316789
0.00063418078
0.001371592
0.0017010434
0.0017413323
0.0016991377
0.0016476292
0.0016042354
0.0015684649
0.0015379436
0.0015112443
0.0014876125
0.0014665672
0.0014477359
0.0014308094
0.001415528
0.0014016741
0.0013890645
0.001377545
0.0013669849
0.0013572731
0.0013483144
0.0013400273
0.0013323412
0.0013251946
0.0013185341
0.0013123127
0.0013064891
0.0013010269
0.0012958939
0.0012910614
0.0012865038
0.0012821981
0.001278124
0.0012742629
0.0012705981
0.0012671145
0.0012637986
0.0012606379
0.001257621
0.0012547377
0.0012519784
0.0012493346
0.0012467982
0.0012443626
0.0012420189
0.00013753365
0.00056902644
0.0012811206
0.0016332698
0.0016931268
0.0016608083
0.0016135563
0.0015723955
0.0015381565
0.0015088181
0.0014830521
0.0014601588
0.0014397022
0.0014213455
0.0014048062
0.0013898445
0.0013762568
0.0013638709
0.0013525404
0.0013421412
0.0013325671
0.0013237267
0.0013155416
0.0013079436
0.0013008735
0.0012942794
0.0012881158
0.0012823427
0.0012769244
0.0012718297
0.0012670306
0.001262502
0.0012582217
0.0012541695
0.0012503273
0.0012466787
0.0012432091
0.001239905
0.0012367542
0.0012337457
0.0012308691
0.0012281152
0.0012254756
0.0012229423
0.0012205088
0.0012181663
0.0001324243
0.00050785872
0.001191218
0.0015628155
0.0016429793
0.0016211643
0.0015786103
0.0015398823
0.0015072719
0.0014791793
0.0014543964
0.0014322828
0.001412449
0.0013945956
0.001378468
0.0013638467
0.0013505433
0.0013383968
0.0013272696
0.0013170438
0.0013076185
0.0012989065
0.0012908325
0.0012833311
0.0012763452
0.0012698245
0.0012637253
0.0012580086
0.0012526399
0.0012475887
0.0012428279
0.001238333
0.0012340822
0.0012300559
0.0012262364
0.0012226077
0.0012191554
0.0012158663
0.0012127286
0.0012097311
0.0012068641
0.0012041182
0.0012014853
0.0011989575
0.0011965284
0.0011941891
0.00012784219
0.00045090048
0.0011025845
0.0014898559
0.0015908526
0.0015801568
0.0015427779
0.0015067076
0.0014758339
0.0014490551
0.0014253073
0.0014040162
0.0013848409
0.0013675205
0.0013518296
0.0013375703
0.0013245699
0.0013126792
0.0013017695
0.0012917301
0.0012824652
0.0012738919
0.0012659385
0.0012585422
0.0012516483
0.0012452084
0.0012391802
0.0012335261
0.0012282126
0.0012232104
0.0012184928
0.0012140361
0.0012098192
0.001205823
0.0012020301
0.0011984249
0.0011949934
0.0011917226
0.0011886009
0.0011856176
0.0011827628
0.0011800276
0.0011774039
0.001174884
0.0011724616
0.0011701279
0.00012377412
0.00039835582
0.0010159563
0.0014146588
0.0015366467
0.0015377297
0.0015060371
0.0014728763
0.0014438604
0.0014184686
0.001395811
0.0013753872
0.0013569073
0.0013401509
0.0013249229
0.0013110478
0.0012983697
0.0012867517
0.0012760744
0.0012662344
0.0012571417
0.0012487178
0.0012408946
0.0012336123
0.0012268184
0.0012204667
0.0012145163
0.0012089311
0.0012036788
0.0011987308
0.0011940615
0.001189648
0.0011854694
0.0011815074
0.0011777451
0.0011741671
0.0011707598
0.0011675107
0.0011644082
0.001161442
0.0011586024
0.0011558806
0.0011532687
0.0011507592
0.0011483458
0.0011460198
0.00012019172
0.00035041103
0.00093172077
0.0013375634
0.0014802603
0.0014938225
0.0014683577
0.0014383859
0.0014113638
0.001387439
0.0013659298
0.00134642
0.0013286744
0.0013125141
0.0012977761
0.0012843084
0.0012719725
0.0012606445
0.001250215
0.001240588
0.0012316796
0.0012234161
0.0012157331
0.0012085737
0.0012018881
0.0011956321
0.0011897665
0.0011842566
0.0011790714
0.0011741833
0.0011695676
0.0011652019
0.0011610663
0.0011571428
0.001153415
0.0011498681
0.0011464886
0.0011432645
0.0011401845
0.0011372384
0.0011344169
0.0011317113
0.0011291138
0.0011266171
0.0011242152
0.0011218994
0.00011706354
0.00030723761
0.00084950924
0.0012591961
0.0014216652
0.0014483727
0.0014297005
0.0014032264
0.0013783508
0.0013559807
0.0013356821
0.0013171357
0.0013001647
0.0012846342
0.0012704144
0.0012573781
0.001245405
0.001234385
0.0012242191
0.0012148192
0.0012061077
0.0011980158
0.001190483
0.0011834559
0.001176887
0.0011707344
0.0011649607
0.0011595328
0.0011544208
0.0011495983
0.0011450413
0.0011407285
0.0011366405
0.0011327598
0.0011290707
0.0011255587
0.0011222108
0.0011190151
0.0011159608
0.001113038
0.0011102375
0.0011075509
0.0011049706
0.0011024893
0.0011001013
0.0010977979
0.0001143595
0.00026899344
0.00076920534
0.0011801062
0.0013609286
0.00140132
0.0013900191
0.0013673802
0.0013448225
0.0013241038
0.0013050824
0.0012875512
0.0012713972
0.0012565316
0.0012428595
0.0012302796
0.0012186909
0.0012079976
0.0011981115
0.0011889532
0.0011804514
0.0011725427
0.0011651707
0.0011582853
0.0011518418
0.0011458006
0.0011401262
0.0011347869
0.0011297544
0.0011250032
0.0011205105
0.0011162556
0.0011122199
0.0011083865
0.0011047402
0.001101267
0.0010979544
0.0010947907
0.0010917656
0.0010888692
0.0010860927
0.0010834279
0.0010808675
0.0010784043
0.0010760326
0.0010737441
0.00011205312
0.00023556212
0.00069131537
0.0011006285
0.0012981492
0.0013526097
0.0013492601
0.0013308221
0.0013107734
0.0012918132
0.0012741409
0.0012576801
0.0012423877
0.0012282238
0.0012151302
0.0012030328
0.0011918508
0.0011815035
0.0011719143
0.0011630125
0.0011547338
0.0011470202
0.0011398197
0.0011330858
0.0011267766
0.0011208549
0.0011152872
0.0011100436
0.0011050969
0.0011004231
0.0010960001
0.0010918083
0.0010878297
0.0010840482
0.001080449
0.0010770187
0.0010737451
0.001070617
0.0010676243
0.0010647576
0.0010620082
0.0010593683
0.0010568305
0.001054388
0.0010520353
0.001049764
0.00011012486
0.00020666049
0.00061640846
0.0010212991
0.00123346
0.0013021977
0.0013073653
0.0012935189
0.0012761921
0.0012591093
0.001242864
0.0012275322
0.0012131484
0.001199725
0.0011872421
0.0011756544
0.0011649023
0.0011549212
0.0011456465
0.0011370167
0.0011289749
0.0011214688
0.0011144509
0.0011078785
0.0011017128
0.001095919
0.0010904658
0.0010853248
0.0010804706
0.0010758801
0.0010715326
0.0010674091
0.0010634926
0.0010597676
0.0010562199
0.0010528366
0.0010496059
0.0010465171
0.0010435603
0.0010407266
0.0010380074
0.0010353952
0.0010328829
0.0010304638
0.0010281326
0.0010258811
0.00010856349
0.00018194435
0.00054503268
0.00094280678
0.0011670159
0.0012500681
0.0012642741
0.0012554306
0.0012410603
0.0012259871
0.0012112538
0.0011971136
0.0011836881
0.0011710458
0.0011592076
0.0011481581
0.0011378604
0.0011282664
0.0011193244
0.0011109828
0.0011031922
0.0010959063
0.0010890826
0.001082682
0.0010766693
0.001071012
0.0010656811
0.0010606501
0.001055895
0.0010513941
0.0010471278
0.0010430782
0.0010392288
0.001035565
0.0010320732
0.0010287411
0.0010255573
0.0010225115
0.0010195942
0.0010167968
0.001014111
0.0010115296
0.0010090456
0.0010066527
0.0010043457
0.0010021165
0.00010727072
0.00016109665
0.00047771226
0.00086581406
0.0010991897
0.0011962157
0.0012199264
0.0012165105
0.0012053532
0.0011924362
0.0011793078
0.0011664265
0.0011540122
0.0011421941
0.0011310361
0.0011205548
0.0011107369
0.001101552
0.0010929619
0.0010849252
0.0010774005
0.0010703481
0.0010637304
0.0010575125
0.0010516623
0.0010461505
0.00104095
0.0010360365
0.0010313875
0.0010269827
0.0010228035
0.0010188332
0.0010150562
0.0010114584
0.0010080271
0.0010047504
0.0010016176
0.00099861858
0.00099574442
0.00099298667
0.0009903376
0.00098779002
0.0009853374
0.00098297346
0.00098069327
0.00097848893
0.00010624492
0.00014368434
0.00041492636
0.00079030119
0.0010305152
0.0011406833
0.0011742669
0.0011767066
0.0011690397
0.0011584408
0.0011470193
0.0011354694
0.0011241225
0.0011131741
0.001102734
0.0010928524
0.001083541
0.0010747882
0.0010665699
0.0010588555
0.0010516123
0.0010448071
0.0010384076
0.0010323835
0.0010267061
0.0010213488
0.0010162872
0.0010114988
0.001006963
0.0010026608
0.00099857495
0.0009946896
0.00099099022
0.00098746354
0.00098409738
0.00098088052
0.00097780268
0.00097485442
0.00097202704
0.00096931251
0.00096670341
0.00096419285
0.00096177455
0.00095944243
0.0009571918
0.00095501493
0.00010550632
0.00012923203
0.00035709941
0.00071605241
0.00096140383
0.0010835534
0.0011272516
0.0011359638
0.0011320823
0.0011239796
0.0011143768
0.0011042369
0.0010940175
0.001083987
0.0010743045
0.0010650559
0.0010562791
0.0010479825
0.0010401568
0.0010327831
0.0010258373
0.0010192936
0.0010131253
0.0010073064
0.0010018121
0.00099661888
0.00099170484
0.00098704959
0.00098263425
0.00097844145
0.00097445517
0.00097066068
0.00096704439
0.00096359385
0.00096029761
0.00095714507
0.00095412651
0.00095123294
0.00094845612
0.00094578838
0.00094322264
0.00094075231
0.00093837137
0.000936074
0.0009338557
0.00093170895
0.00010510681
0.00011719932
0.00030462357
0.00064332204
0.00089225481
0.0010249484
0.0010788553
0.0010942267
0.0010944384
0.0010890257
0.0010813642
0.0010727193
0.0010636919
0.0010546307
0.0010457479
0.0010371672
0.0010289548
0.0010211396
0.0010137285
0.0010067145
0.0010000831
0.00099381573
0.00098789183
0.00098229019
0.00097698986
0.00097197056
0.00096721302
0.00096269912
0.00095841186
0.00095433543
0.0009504552
0.00094675757
0.00094322998
0.00093986083
0.00093663941
0.0009335558
0.00093060083
0.00092776605
0.00092504363
0.00092242633
0.00091990741
0.00091748059
0.00091514014
0.00091288049
0.00091069737
0.00090858346
0.00010517281
0.00010694653
0.00025788587
0.00057261491
0.00082361019
0.00096512102
0.0010290814
0.0010514434
0.0010560611
0.0010535468
0.0010479605
0.0010409029
0.0010331367
0.0010250996
0.0010170612
0.0010091857
0.0010015688
0.00099426185
0.00098728826
0.00098065399
0.00097435455
0.00096837919
0.00096271362
0.0009573417
0.00095224659
0.0009474114
0.00094281969
0.00093845566
0.0009343043
0.00093035147
0.00092658396
0.00092298941
0.00091955628
0.0009162739
0.00091313234
0.00091012239
0.00090723547
0.00090446366
0.00090179961
0.00089923648
0.00089676791
0.00089438797
0.00089209121
0.00088987231
0.00088772725
0.00088564895
0.00010581138
9.805724e-05
0.00021701248
0.00050448305
0.00075595118
0.00090454176
0.00097797279
0.001007571
0.0010169016
0.0010175062
0.0010141402
0.00100877
0.0010023393
0.00099538479
0.0009882383
0.00098110737
0.00097411918
0.00096734861
0.00096083683
0.00095460342
0.0009486544
0.00094298738
0.00093759467
0.00093246549
0.00092758734
0.0009229469
0.00091853068
0.00091432537
0.00091031803
0.00090649628
0.0009028484
0.00089936332
0.00089603062
0.00089284057
0.00088978408
0.00088685265
0.00088403835
0.00088133382
0.00087873219
0.00087622707
0.00087381249
0.00087148286
0.00086923305
0.00086705802
0.00086495399
0.00086291413
0.00010693126
9.0482997e-05
0.00018202476
0.00043949764
0.00068894695
0.00084362935
0.00092561901
0.00096258359
0.00097691168
0.00098086311
0.00097987308
0.00097629858
0.00097128343
0.00096547404
0.00095927008
0.00095292553
0.00094660114
0.00094039675
0.0009343724
0.00092856205
0.00092298291
0.00091764137
0.00091253677
0.00090766397
0.00090301504
0.00089858045
0.0008943498
0.00089031241
0.00088645752
0.00088277461
0.00087925353
0.00087588456
0.00087265845
0.00086956647
0.0008666004
0.00086375252
0.00086101555
0.00085838273
0.00085584769
0.00085340452
0.00085104766
0.00084877188
0.00084657237
0.00084444439
0.00084238443
0.0008403859
0.00010827179
8.4233559e-05
0.00015287006
0.00037820384
0.00062243168
0.0007827176
0.00087216841
0.00091648197
0.00093604853
0.00094357475
0.00094512519
0.00094346259
0.00093994899
0.0009353516
0.0009301441
0.00092463039
0.00091900704
0.00091340041
0.00090789057
0.00090252676
0.00089733799
0.00089233999
0.00088753951
0.00088293739
0.00087853053
0.00087431338
0.00087027884
0.00086641896
0.0008627253
0.00085918931
0.00085580247
0.0008525565
0.00084944337
0.0008464554
0.00084358531
0.00084082615
0.00083817138
0.00083561484
0.00083315071
0.00083077355
0.00082847824
0.00082625994
0.00082411418
0.00082203653
0.00082002374
0.00081806953
0.00010956528
7.9308431e-05
0.00012911091
0.00032128715
0.00055683298
0.00072221306
0.00081802863
0.00086930526
0.00089428005
0.00090559859
0.0009098595
0.00091023242
0.00090831231
0.00090499834
0.00090084472
0.00089620915
0.00089132641
0.00088635104
0.00088138438
0.00087649194
0.00087171519
0.00086707976
0.00086260026
0.00085828385
0.00085413255
0.000850145
0.00084631759
0.00084264526
0.00083912201
0.00083574134
0.0008324965
0.00082938069
0.00082638717
0.0008235094
0.00082074102
0.00081807597
0.00081550844
0.00081303289
0.00081064411
0.00080833715
0.00080610735
0.00080395027
0.00080186181
0.00079983786
0.00079787544
0.0007959686
0.00011067675
7.570564e-05
0.00011008206
0.00026942923
0.00049268675
0.00066221887
0.00076362377
0.00082113936
0.00085159395
0.00086689607
0.00087403749
0.00087657533
0.00087634634
0.00087439179
0.00087135317
0.00086764601
0.0008635459
0.00085923733
0.00085484428
0.00085044949
0.00084610767
0.00084185492
0.00083771419
0.00083369933
0.00082981778
0.0008260726
0.00082246387
0.0008189896
0.00081564636
0.00081242981
0.00080933506
0.00080635688
0.00080348989
0.00080072873
0.00079806806
0.00079550269
0.00079302761
0.00079063796
0.00078832913
0.00078609671
0.00078393651
0.00078184453
0.00077981703
0.00077785024
0.0007759415
0.00077408516
0.00011161049
7.3144781e-05
9.5193805e-05
0.00022318552
0.00043062714
0.00060242606
0.00070921193
0.00077222476
0.00080800941
0.00082743784
0.0008376215
0.00084245654
0.00084402109
0.00084350639
0.00084164757
0.00083892216
0.00083564931
0.00083204529
0.00082825809
0.00082438882
0.0008205062
0.0008166574
0.00081287423
0.00080917763
0.00080558079
0.00080209144
0.00079871355
0.00079544838
0.00079229521
0.000789252
0.0007863158
0.00078348306
0.00078074983
0.00077811196
0.00077556523
0.00077310536
0.00077072815
0.0007684295
0.0007662054
0.00076405201
0.00076196565
0.00075994276
0.00075798
0.00075607398
0.00075422232
0.00075241973
0.00011237961
7.1381051e-05
8.3752259e-05
0.00018294844
0.00037136044
0.00054281261
0.00065509945
0.00072293002
0.00076358813
0.00078721213
0.00080057835
0.00080784087
0.0008113044
0.0008123138
0.00081170311
0.0008100159
0.00080761759
0.00080475817
0.00080161101
0.00079829682
0.00079489912
0.00079147681
0.00078807108
0.00078471043
0.00078141407
0.00077819474
0.00077506051
0.00077201606
0.00076906354
0.00076620335
0.00076343459
0.00076075546
0.00075816354
0.00075565598
0.00075322968
0.00075088137
0.00074860771
0.00074640533
0.00074427094
0.00074220126
0.00074019314
0.0007382435
0.00073634942
0.00073450787
0.00073271683
0.00073097135
0.00011299696
7.0382926e-05
7.4879599e-05
0.00014896986
0.00031562723
0.00048376121
0.0006013136
0.00067354905
0.00071852951
0.0007462368
0.00076288473
0.00077269529
0.00077816314
0.00078078351
0.0007814924
0.00078090277
0.00077942898
0.00077735653
0.00077488565
0.00077215787
0.00076927236
0.00076630042
0.00076329319
0.00076028718
0.00075730803
0.00075437371
0.00075149665
0.00074868516
0.00074594446
0.00074327747
0.00074068548
0.00073816855
0.00073572587
0.00073335596
0.00073105691
0.0007288265
0.00072666229
0.00072456174
0.00072252223
0.00072054113
0.00071861584
0.00071674377
0.00071492245
0.00071314925
0.00071142248
0.00070973759
0.00011347534
7.0237908e-05
6.7811792e-05
0.00012121431
0.00026414482
0.00042578611
0.00054752987
0.00062433789
0.00067316323
0.00070457141
0.00072453605
0.00073699308
0.00074456528
0.0007488839
0.00075098595
0.00075155588
0.00075105909
0.00074981836
0.00074806206
0.00074595384
0.00074360942
0.00074111315
0.00073852675
0.0007358952
0.00073325092
0.00073061747
0.00072801188
0.00072544631
0.00072292917
0.00072046612
0.00071806074
0.00071571506
0.00071342995
0.0007112054
0.00070904075
0.00070693488
0.00070488633
0.00070289339
0.00070095419
0.00069906677
0.00069722909
0.0006954391
0.0006936948
0.00069199397
0.00069033529
0.00068871461
0.00011383138
7.079097e-05
6.2197869e-05
9.9318823e-05
0.00021753201
0.00036952741
0.00049368572
0.0005755167
0.00062776455
0.00066245277
0.00068556041
0.00070072046
0.00071048316
0.00071658384
0.00072015312
0.00072194635
0.00072248124
0.00072211918
0.0007211178
0.00071966416
0.00071789142
0.00071589761
0.00071375567
0.00071151956
0.00070922889
0.00070691311
0.00070459412
0.00070228813
0.000700007
0.00069775924
0.00069555085
0.00069338595
0.0006912672
0.00068919612
0.00068717339
0.00068519906
0.00068327267
0.00068139342
0.00067956022
0.00067777179
0.00067602674
0.00067432355
0.00067266071
0.00067103646
0.00066944984
0.00066789715
0.00011408664
7.164528e-05
5.7966307e-05
8.2596748e-05
0.00017637731
0.00031573404
0.00044008781
0.00052676633
0.00058255432
0.00062018583
0.00064608735
0.0006638884
0.00067589898
0.00068385559
0.00068896355
0.00069204416
0.0006936669
0.00069423237
0.00069402814
0.00069326589
0.00069209712
0.00069063407
0.00068896162
0.00068714318
0.00068522593
0.00068324561
0.00068122923
0.00067919733
0.00067716537
0.00067514487
0.00067314444
0.0006711704
0.00066922728
0.00066731822
0.00066544534
0.0006636099
0.00066181254
0.00066005336
0.00065833213
0.00065664831
0.00065500114
0.0006533897
0.00065181299
0.00065026971
0.00064875932
0.00064727855
0.00011426445
7.2420255e-05
5.5151703e-05
7.008471e-05
0.0001411908
0.0002652285
0.00038718445
0.00047780583
0.00053770918
0.00057797761
0.00060637838
0.00062656262
0.00064081445
0.00065067951
0.00065738979
0.00066181962
0.00066458652
0.00066612963
0.00066676637
0.00066673393
0.00066620307
0.00066530058
0.00066412405
0.00066274675
0.00066122392
0.00065959789
0.00065790108
0.00065615861
0.00065438974
0.00065260921
0.00065082835
0.00064905581
0.00064729811
0.00064556013
0.00064384546
0.00064215669
0.00064049555
0.00063886319
0.00063726022
0.00063568689
0.00063414313
0.00063262863
0.00063114295
0.00062968527
0.00062825546
0.00062685077
0.00011438457
7.3073823e-05
5.3315203e-05
6.1000221e-05
0.00011220805
0.00021884208
0.0003355663
0.00042877091
0.00049296495
0.00053603026
0.00056667631
0.00058897155
0.00060526569
0.00061705268
0.00062541181
0.00063124578
0.000635211
0.00063778183
0.00063930428
0.00064004133
0.00064018378
0.00063987303
0.00063922025
0.00063830886
0.00063720261
0.00063595078
0.00063459149
0.0006331547
0.00063166368
0.00063013654
0.00062858753
0.00062702777
0.00062546587
0.00062390852
0.00062236091
0.000620827
0.00061930973
0.00061781128
0.00061633321
0.00061487658
0.00061344206
0.00061202998
0.00061064047
0.00060927324
0.00060792861
0.00060660432
0.00011446306
7.359831e-05
5.2256409e-05
5.4376796e-05
8.9389695e-05
0.00017733129
0.00028595271
0.0003799655
0.00044802327
0.00049447672
0.0005271685
0.00055135978
0.00056945653
0.00058300384
0.00059302523
0.00060030295
0.0006055142
0.00060916053
0.00061161314
0.00061315987
0.00061401212
0.00061432545
0.00061422555
0.00061380602
0.00061313971
0.00061228309
0.00061128025
0.00061016633
0.00060896876
0.00060770924
0.0006064051
0.00060507005
0.00060371491
0.00060234831
0.00060097713
0.00059960676
0.00059824142
0.0005968844
0.00059553824
0.00059420487
0.00059288574
0.00059158185
0.00059029394
0.00058902228
0.00058776766
0.00058652836
0.00011451255
7.3995941e-05
5.2018626e-05
4.9450618e-05
7.2179938e-05
0.00014126479
0.00023916218
0.00033184157
0.0004029239
0.0004529763
0.00048801233
0.00051388777
0.00053362338
0.00054872174
0.00056026504
0.00056898701
0.00057547762
0.00058024083
0.00058366542
0.00058606111
0.00058766
0.00058863038
0.00058911357
0.00058921289
0.00058901099
0.00058857162
0.00058794519
0.0005871723
0.00058628467
0.00058530779
0.0005842623
0.0005831646
0.00058202783
0.0005808627
0.00057967786
0.00057848022
0.00057727534
0.00057606768
0.00057486084
0.00057365768
0.00057246043
0.00057127083
0.00057009026
0.00056891958
0.00056776006
0.00056661056
0.00011454256
7.428218e-05
5.2308265e-05
4.589379e-05
5.9720461e-05
0.00011097215
0.00019606176
0.00028500169
0.00035789189
0.00041125371
0.000449139
0.00047673825
0.00049791623
0.00051442731
0.00052731172
0.000537353
0.00054509935
0.00055100655
0.00055543811
0.00055871847
0.00056109962
0.00056275974
0.00056385674
0.00056450259
0.00056479054
0.00056479137
0.00056456225
0.0005641495
0.00056358914
0.00056291076
0.0005621385
0.0005612915
0.00056038539
0.00055943306
0.00055844506
0.00055742989
0.0005563945
0.00055534462
0.00055428496
0.00055321934
0.00055215086
0.000551082
0.00055001482
0.00054895083
0.0005478918
0.0005468372
0.00011455996
7.4481009e-05
5.2688441e-05
4.3627917e-05
5.0900713e-05
8.6647606e-05
0.00015749206
0.00024018531
0.00031329185
0.00036938685
0.00041022841
0.00044001245
0.00046252136
0.0004802609
0.00049436636
0.00050557472
0.00051446234
0.00052146025
0.00052691909
0.00053111103
0.00053430609
0.00053668642
0.00053842746
0.00053964743
0.00054045125
0.00054091579
0.0005411057
0.00054107305
0.0005408581
0.00054049489
0.00054001123
0.00053942902
0.00053876651
0.00053803899
0.00053725897
0.00053643656
0.00053558021
0.00053469701
0.00053379285
0.00053287255
0.00053194012
0.00053099883
0.00053005147
0.0005291002
0.00052814737
0.00052719306
0.0001145695
7.4614964e-05
5.3030686e-05
4.2250611e-05
4.4789711e-05
6.8140305e-05
0.00012414797
0.0001982337
0.00026964142
0.0003275736
0.00037113265
0.00040338949
0.00042755215
0.00044640046
0.00046156228
0.00047382733
0.00048373648
0.00049171815
0.00049812828
0.00050323093
0.00050726232
0.00051038749
0.00051280025
0.00051462035
0.00051596582
0.00051691753
0.00051754863
0.00051791662
0.00051806584
0.00051803522
0.00051785628
0.00051755361
0.00051714833
0.00051665831
0.00051609801
0.00051547923
0.00051481203
0.00051410494
0.0005133651
0.00051259838
0.0005118097
0.0005110032
0.00051018245
0.00050935031
0.00050850973
0.00050766142
0.00011457438
7.4702618e-05
5.3306688e-05
4.1600134e-05
4.0584717e-05
5.476014e-05
9.6437839e-05
0.00016002573
0.00022761086
0.00028614503
0.00033195227
0.00036660787
0.00039278784
0.00041296308
0.00042907001
0.00044224463
0.00045306889
0.00046194876
0.00046920879
0.00047514695
0.00047996848
0.0004838506
0.00048695626
0.0004893979
0.00049130899
0.00049276982
0.00049386398
0.00049465318
0.00049518552
0.00049550544
0.00049564792
0.00049564007
0.00049550627
0.00049526712
0.00049493889
0.00049453516
0.00049406774
0.00049354675
0.00049298059
0.00049237618
0.0004917394
0.00049107534
0.0004903884
0.00048968219
0.00048896026
0.00048822401
0.00011457663
7.475841e-05
5.3510806e-05
4.1543897e-05
3.7729167e-05
4.5519685e-05
7.4378233e-05
0.00012637947
0.00018800062
0.00024558229
0.00029289344
0.0003297061
0.00035795249
0.00037978753
0.00039700401
0.00041099149
0.00042259678
0.00043227133
0.00044032044
0.00044700555
0.00045254072
0.00045712373
0.00046089146
0.00046396617
0.00046646194
0.00046844948
0.00047002681
0.00047125656
0.00047219032
0.00047287881
0.0004733595
0.00047366199
0.00047381437
0.00047384003
0.00047375669
0.00047357991
0.00047332345
0.0004729991
0.00047261649
0.00047218357
0.00047170729
0.00047119375
0.00047064824
0.00047007517
0.00046947871
0.00046886095
0.00011457752
7.4792962e-05
5.3654934e-05
4.1620593e-05
3.6022244e-05
3.9283196e-05
5.7822863e-05
9.793544e-05
0.00015168454
0.00020652147
0.00025429355
0.0002928167
0.00032299931
0.00034659797
0.00036521893
0.00038017322
0.00039247965
0.00040282627
0.00041156678
0.0004189315
0.00042512869
0.00043033851
0.0004347083
0.0004383712
0.00044142092
0.00044394285
0.00044601919
0.00044770488
0.00044905592
0.00045013007
0.00045096492
0.00045159278
0.00045204609
0.00045235079
0.0004525253
0.00045258764
0.00045255375
0.00045243709
0.00045224837
0.00045199652
0.00045168973
0.00045133521
0.00045093921
0.00045050695
0.00045004317
0.00044955066
0.00011457779
7.4813805e-05
5.3752855e-05
4.1735712e-05
3.5026883e-05
3.5230106e-05
4.6137728e-05
7.4996494e-05
0.00011951557
0.00016973707
0.0002166388
0.0002561829
0.00028801891
0.00031330724
0.00033344601
0.00034962511
0.00036280847
0.00037376146
0.00038309215
0.00039104278
0.0003978258
0.00040361541
0.00040854414
0.00041273517
0.00041628913
0.00041930752
0.00042185302
0.00042398705
0.00042576567
0.00042723982
0.0004284417
0.000429408
0.0004301762
0.00043077382
0.00043121856
0.00043153203
0.00043173245
0.00043183486
0.00043185056
0.00043178958
0.00043166157
0.00043147496
0.00043123697
0.00043095358
0.00043063004
0.0004302699
0.00011457785
7.4826111e-05
5.3817255e-05
4.1842584e-05
3.4691522e-05
3.260296e-05
3.8258748e-05
5.7422166e-05
9.2193428e-05
0.00013609
0.00018056921
0.00022018081
0.00025319666
0.00027998321
0.00030159085
0.00031909035
0.00033337352
0.00034514566
0.00035502325
0.00036348289
0.00037076047
0.00037705759
0.00038248558
0.00038716701
0.00039119538
0.00039466065
0.00039763243
0.00040018056
0.00040235992
0.00040421226
0.00040577701
0.00040709037
0.00040818511
0.00040908773
0.00040981275
0.00041038826
0.00041083427
0.00041116699
0.00041139733
0.00041153679
0.00041159687
0.00041158724
0.00041151601
0.0004113899
0.00041121436
0.00041099388
0.00011457789
7.4833304e-05
5.3858391e-05
4.1927933e-05
3.4596831e-05
3.1056891e-05
3.3132534e-05
4.4790269e-05
7.0121723e-05
0.00010642599
0.00014685897
0.00018533525
0.00021883602
0.00024677729
0.0002697106
0.00028849127
0.00030393396
0.00031671533
0.00032734522
0.00033635194
0.00034406913
0.0003507998
0.00035665129
0.00036176295
0.00036621515
0.00037009472
0.0003734694
0.00037639979
0.00037894282
0.00038114119
0.0003830429
0.00038468263
0.00038608688
0.00038728226
0.00038829173
0.00038913756
0.00038983884
0.00039041198
0.00039086541
0.00039121369
0.00039147062
0.00039164681
0.00039175105
0.00039179062
0.00039177064
0.00039169705
0.000114578
7.483756e-05
5.388401e-05
4.1990615e-05
3.4595456e-05
3.0175706e-05
3.0009664e-05
3.6228205e-05
5.3270732e-05
8.1431207e-05
0.00011635594
0.00015231976
0.00018537834
0.00021394754
0.00023793888
0.00025788209
0.00027444694
0.00028825211
0.00029979843
0.00030952875
0.00031782014
0.00032495305
0.00033117358
0.00033665006
0.00034146212
0.00034570523
0.00034943759
0.00035271848
0.00035560282
0.00035813074
0.00036034462
0.00036228195
0.00036397018
0.00036543665
0.00036671331
0.00036781522
0.00036875967
0.00036956291
0.00037023922
0.00037080189
0.0003712629
0.0003716326
0.00037192023
0.00037213317
0.0003722751
0.00037235489
0.00011457822
7.4840214e-05
5.3899662e-05
4.20341e-05
3.4624081e-05
2.9863057e-05
2.8083333e-05
3.071302e-05
4.1168677e-05
6.1469683e-05
8.9866193e-05
0.00012192486
0.00015341278
0.00018187954
0.00020650794
0.0002273897
0.00024496941
0.00025975922
0.00027221995
0.00028277695
0.00029178559
0.0002994732
0.00030613015
0.00031193756
0.00031706278
0.00032161469
0.00032564793
0.0003292353
0.00033242121
0.00033524512
0.00033774754
0.00033996504
0.0003419237
0.00034364963
0.00034517157
0.00034650858
0.00034767758
0.00034869482
0.00034958088
0.00035034704
0.00035100282
0.00035155801
0.00035202212
0.00035240372
0.00035271013
0.00035294805
0.00011457854
7.4842048e-05
5.3909147e-05
4.2062974e-05
3.4658061e-05
2.9738773e-05
2.7023714e-05
2.7366195e-05
3.3009312e-05
4.6466289e-05
6.799156e-05
9.4975474e-05
0.00012366277
0.00015110095
0.00017576946
0.00019723455
0.00021562955
0.000231301
0.00024463136
0.00025600417
0.00026575717
0.00027412176
0.00028134429
0.00028760824
0.00029309241
0.00029792491
0.00030222002
0.00030607034
0.00030950788
0.00031258633
0.0003153428
0.00031780848
0.00032001039
0.00032197456
0.00032372702
0.00032528694
0.00032667086
0.00032789529
0.00032897804
0.00032993227
0.00033076833
0.00033149618
0.00033212558
0.00033266622
0.00033312923
0.00033351848
0.00011457894
7.4843503e-05
5.3914962e-05
4.2081515e-05
3.4687645e-05
2.9700846e-05
2.6502916e-05
2.5417776e-05
2.7836022e-05
3.5903668e-05
5.0964745e-05
7.218851e-05
9.692824e-05
0.00012227801
0.00014621089
0.00016775095
0.00018664641
0.000203013
0.00021710806
0.00022924384
0.00023972079
0.00024876245
0.00025660538
0.00026343052
0.00026938461
0.00027460433
0.00027921817
0.00028331425
0.00028696865
0.00029027041
0.00029324301
0.00029591567
0.00029832743
0.00030050116
0.00030245822
0.00030421738
0.0003057965
0.00030721209
0.00030847975
0.00030961244
0.00031062072
0.00031151495
0.00031230508
0.00031300043
0.00031361029
0.00031414064
0.00011457942
7.4844821e-05
5.3918686e-05
4.2093165e-05
3.4710178e-05
2.9699161e-05
2.6257903e-05
2.4354059e-05
2.4745087e-05
2.8947287e-05
3.8556811e-05
5.3994693e-05
7.3966175e-05
9.6173977e-05
0.000118457
0.00013940375
0.00015834954
0.00017512078
0.00018979811
0.00020258674
0.00021372559
0.00022341399
0.00023186695
0.00023925728
0.0002457353
0.00025143138
0.00025645641
0.00026089097
0.00026484286
0.00026837131
0.00027153819
0.00027438985
0.00027698571
0.00027933817
0.0002814663
0.00028339503
0.00028514465
0.00028672919
0.00028816139
0.00028945392
0.0002906184
0.00029166563
0.00029260515
0.0002934456
0.0002941951
0.0002948603
0.00011457996
7.4846127e-05
5.3921279e-05
4.2100457e-05
3.4726091e-05
2.9709697e-05
2.6152761e-05
2.3807066e-05
2.2993669e-05
2.4651882e-05
3.0121412e-05
4.039287e-05
5.5316812e-05
7.3547493e-05
9.3237218e-05
0.00011279163
0.00013119521
0.00014795891
0.00016294045
0.00017619865
0.00018788201
0.0001981442
0.00020716516
0.00021510103
0.00022209562
0.00022827206
0.00023374338
0.00023859097
0.00024291513
0.0002467512
0.00025018578
0.00025327512
0.00025605555
0.00025856904
0.00026084446
0.00026292351
0.00026482123
0.000266549
0.0002681188
0.00026954763
0.00027084857
0.0002720311
0.00027310335
0.00027407313
0.00027494827
0.00027573607
0.00011458055
7.4847476e-05
5.3923305e-05
4.2105134e-05
3.4736842e-05
2.9722081e-05
2.6114053e-05
2.3541701e-05
2.2053636e-05
2.2151065e-05
2.4768764e-05
3.0922151e-05
4.1131225e-05
5.498796e-05
7.1295145e-05
8.861805e-05
0.00010576915
0.00012198608
0.00013688307
0.0001503382
0.00016237851
0.00017308659
0.00018259089
0.00019101887
0.00019849727
0.00020513811
0.00021104896
0.00021631103
0.00022101663
0.00022521622
0.00022898207
0.00023237108
0.0002354029
0.00023813815
0.00024061622
0.00024286013
0.00024489828
0.00024675272
0.0002484408
0.00024999133
0.00025141211
0.00025271082
0.00025389523
0.0002549735
0.00025595636
0.00025685163
0.00011458117
7.4848881e-05
5.3925077e-05
4.2108325e-05
3.4743977e-05
2.9732607e-05
2.6104289e-05
2.3421445e-05
2.15768e-05
2.0768338e-05
2.1587187e-05
2.4787197e-05
3.109298e-05
4.0732334e-05
5.3231101e-05
6.7605011e-05
8.2756726e-05
9.7785389e-05
0.00011209614
0.00012537406
0.00013749924
0.00014845701
0.00015830544
0.00016712823
0.00017502314
0.0001820841
0.00018840608
0.00019406632
0.00019914742
0.00020370712
0.00020780878
0.00021151021
0.00021484094
0.00021785072
0.00022058145
0.00022304428
0.00022527475
0.00022730328
0.00022915325
0.00023083712
0.00023237374
0.00023377748
0.00023506007
0.00023623244
0.00023731203
0.00023830266
0.00011458183
7.4850343e-05
5.3926751e-05
4.2110715e-05
3.4748762e-05
2.974052e-05
2.610556e-05
2.3371843e-05
2.1347568e-05
2.0038021e-05
1.9805708e-05
2.1077162e-05
2.4498739e-05
3.0557185e-05
3.9315728e-05
5.0338521e-05
6.2854926e-05
7.6029698e-05
8.9167727e-05
0.00010179489
0.00011363959
0.00012457061
0.00013455721
0.00014362258
0.00015182221
0.00015922231
0.00016589753
0.00017191504
0.00017734544
0.00018224644
0.0001866747
0.0001906847
0.0001943123
0.00019760057
0.0002005901
0.00020330289
0.00020576734
0.00020801235
0.00021006371
0.00021192432
0.00021361857
0.00021516605
0.00021658248
0.00021787945
0.00021906379
0.00022014772
0.00011458252
7.485186e-05
5.3928407e-05
4.2112692e-05
3.4752105e-05
2.974617e-05
2.6110006e-05
2.3354504e-05
2.124283e-05
1.9692133e-05
1.8846867e-05
1.8962743e-05
2.0466161e-05
2.382872e-05
2.9368328e-05
3.7081938e-05
4.661598e-05
5.7386478e-05
6.8760323e-05
8.0197998e-05
9.1311616e-05
0.00010185473
0.00011169741
0.00012078774
0.00012912538
0.00013673766
0.00014367017
0.00014997232
0.00015569894
0.00016090095
0.00016562749
0.00016992698
0.00017383709
0.00017739636
0.00018064224
0.00018360199
0.0001863016
0.00018876762
0.00019102571
0.00019308794
0.00019497248
0.00019669767
0.00019828025
0.00019973264
0.00020105555
0.00020226515
0.00011458323
7.4853435e-05
5.393008e-05
4.211447e-05
3.4754608e-05
2.9750179e-05
2.6114596e-05
2.3350678e-05
2.1198546e-05
1.9530455e-05
1.8365752e-05
1.782436e-05
1.8155684e-05
1.9697237e-05
2.2791899e-05
2.7653073e-05
3.4262218e-05
4.2355501e-05
5.1503521e-05
6.1232603e-05
7.1121926e-05
8.0847087e-05
9.0188809e-05
9.9015315e-05
0.00010726092
0.00011490339
0.00012195032
0.0001284247
0.00013436037
0.00013979485
0.00014476683
0.00014931594
0.00015347708
0.00015728428
0.00016077073
0.00016396461
0.00016689089
0.00016957386
0.00017203763
0.00017429895
0.0001763743
0.00017828037
0.00018003348
0.00018164759
0.00018312907
0.00018448922
0.00011458396
7.4855073e-05
5.393179e-05
4.2116163e-05
3.4756643e-05
2.9753112e-05
2.6118437e-05
2.33518e-05
2.118202e-05
1.9459077e-05
1.8136041e-05
1.7244257e-05
1.690565e-05
1.7326389e-05
1.8762008e-05
2.1460687e-05
2.5573119e-05
3.10882e-05
3.7823726e-05
4.547612e-05
5.3697072e-05
6.2158506e-05
7.0592841e-05
7.8804302e-05
8.6663698e-05
9.4094221e-05
0.00010105849
0.00010754523
0.00011356123
0.00011912421
0.00012425793
0.00012899006
0.00013334825
0.00013736032
0.00014105395
0.0001444549
0.00014758637
0.00015047034
0.00015312854
0.00015557907
0.00015783807
0.000159921
0.00016184311
0.00016361843
0.00016525665
0.00016676761
0.00011458472
7.4856771e-05
5.3933548e-05
4.2117836e-05
3.4758435e-05
2.9755391e-05
2.6121463e-05
2.3354291e-05
2.1177378e-05
1.943001e-05
1.8031966e-05
1.6963356e-05
1.6265293e-05
1.604356e-05
1.6457646e-05
1.7695805e-05
1.9937887e-05
2.3296255e-05
2.7773993e-05
3.3257038e-05
3.9540913e-05
4.6375706e-05
5.3511965e-05
6.0732198e-05
6.7865483e-05
7.4788131e-05
8.141806e-05
8.7705726e-05
9.362609e-05
9.917157e-05
0.00010434619
0.00010916181
0.00011363462
0.00011778343
0.00012162852
0.00012519044
0.00012848886
0.00013154262
0.00013437039
0.00013698925
0.00013941459
0.00014166073
0.00014374161
0.00014567045
0.00014745821
0.00014911445
0.0001145855
7.4858517e-05
5.3935357e-05
4.2119524e-05
3.4760116e-05
2.97573e-05
2.6123866e-05
2.3356846e-05
2.1177351e-05
1.9419722e-05
1.7987749e-05
1.6833949e-05
1.5953818e-05
1.5386837e-05
1.5216601e-05
1.5561189e-05
1.655661e-05
1.8333033e-05
2.0977209e-05
2.4505791e-05
2.8856861e-05
3.3900885e-05
3.9466746e-05
4.5371391e-05
5.1443894e-05
5.7539465e-05
6.3544803e-05
6.9376988e-05
7.4979439e-05
8.0316865e-05
8.5370083e-05
9.0131751e-05
9.4602796e-05
9.8789863e-05
0.00010270336
0.00010635612
0.00010976199
0.00011293522
0.00011589039
0.00011864181
0.00012120293
0.00012358646
0.00012580466
0.00012786934
0.00012979128
0.00013157967
)
;

boundaryField
{
    front
    {
        type            empty;
    }
    back
    {
        type            empty;
    }
    inlet
    {
        type            fixedValue;
        value           uniform 0.00015;
    }
    outlet
    {
        type            zeroGradient;
    }
    top
    {
        type            zeroGradient;
    }
    slipsurface
    {
        type            slip;
    }
    bottom
    {
        type            kqRWallFunction;
        value           nonuniform List<scalar> 
136
(
7.7894418e-10
3.3162051e-11
3.1008673e-11
2.7043992e-11
2.4681773e-11
2.334725e-11
2.2525036e-11
2.1973408e-11
2.1580686e-11
2.1289337e-11
2.1066777e-11
2.089289e-11
2.075456e-11
2.0642864e-11
2.0551529e-11
2.0476026e-11
2.0413018e-11
2.0359997e-11
2.0315057e-11
2.0276722e-11
2.0243837e-11
2.0215489e-11
2.0190946e-11
2.0169619e-11
2.0151028e-11
2.0134786e-11
2.0120567e-11
2.01081e-11
2.0097164e-11
2.0087567e-11
2.0079147e-11
2.0071767e-11
2.0065309e-11
2.0059674e-11
2.0054774e-11
2.0050535e-11
2.0046891e-11
2.0043784e-11
2.0041163e-11
2.0038982e-11
2.0037202e-11
2.0035787e-11
2.0034713e-11
2.0033931e-11
2.0033495e-11
2.0033124e-11
2.0033335e-11
2.0033979e-11
2.0034722e-11
2.0035419e-11
2.0036069e-11
2.0036866e-11
2.0037912e-11
2.0039117e-11
2.0040438e-11
2.0041873e-11
2.0043433e-11
2.004512e-11
2.0046931e-11
2.0048857e-11
2.005089e-11
2.0053021e-11
2.0055244e-11
2.0057554e-11
2.0059946e-11
2.0062415e-11
2.0064958e-11
2.0067574e-11
2.0070259e-11
2.0073013e-11
2.0075833e-11
2.0078719e-11
2.008167e-11
2.0084686e-11
2.0087767e-11
2.0090914e-11
2.0094126e-11
2.0097404e-11
2.010075e-11
2.0104164e-11
2.0107649e-11
2.0111206e-11
2.0114837e-11
2.0118543e-11
2.0122326e-11
2.0126188e-11
2.0130132e-11
2.013416e-11
2.0138272e-11
2.0142471e-11
2.0146759e-11
2.0151136e-11
2.0155603e-11
2.016016e-11
2.0164807e-11
2.0169545e-11
2.0174367e-11
2.0179294e-11
2.0184317e-11
2.0189411e-11
2.0194547e-11
2.0199699e-11
2.0204839e-11
2.0209946e-11
2.0215002e-11
2.0219992e-11
2.0224904e-11
2.022973e-11
2.0234462e-11
2.0239097e-11
2.0243629e-11
2.0248058e-11
2.0252382e-11
2.02566e-11
2.0260711e-11
2.0264718e-11
2.026862e-11
2.0272419e-11
2.0276116e-11
2.0279713e-11
2.0283212e-11
2.0286613e-11
2.028992e-11
2.0293134e-11
2.0296257e-11
2.029929e-11
2.0302236e-11
2.0305097e-11
2.0307874e-11
2.0310569e-11
2.0313186e-11
2.0315718e-11
2.0318202e-11
2.0320511e-11
2.0323089e-11
2.0325568e-11
)
;
    }
    procBoundary10to8
    {
        type            processor;
        value           nonuniform List<scalar> 
59
(
2.0327083e-11
6.0650509e-10
4.2161958e-09
1.5021084e-08
3.8125725e-08
7.931467e-08
1.4500291e-07
2.4225473e-07
3.7883477e-07
5.6327962e-07
8.0498498e-07
1.1143066e-06
1.5026739e-06
1.9827157e-06
2.5683979e-06
3.2751737e-06
4.1201444e-06
5.122232e-06
6.3023624e-06
7.6836564e-06
9.2916298e-06
1.1154396e-05
1.3302873e-05
1.5770982e-05
1.8595843e-05
2.1817951e-05
2.5481325e-05
2.9633629e-05
3.4326239e-05
3.9614253e-05
4.555642e-05
5.2214987e-05
5.9655418e-05
6.7946004e-05
7.715731e-05
8.7361472e-05
9.8631318e-05
0.0001110393
0.00012465626
0.00013954999
0.00015578366
0.00017341411
0.00019249
0.00021304998
0.00023512081
0.0002587156
0.00028383217
0.00031045166
0.00033853747
0.0003680345
0.00039887842
0.00043105057
0.00046446341
0.00046446341
0.00049921696
0.00053520041
0.00057235581
0.00061061322
0.00064989075
)
;
    }
    procBoundary10to11
    {
        type            processor;
        value           nonuniform List<scalar> 
201
(
0.00068908568
0.00068884267
0.00068861263
0.00068839441
0.00068818712
0.00068799021
0.00068780319
0.00068762559
0.00068745687
0.00068729643
0.00068714375
0.00068699835
0.00068685981
0.00068672774
0.00068660175
0.00068648154
0.00068636687
0.00068625756
0.00068615343
0.00068605436
0.00068596023
0.00068587097
0.00068578652
0.00068570685
0.00068563196
0.0006855619
0.00068549673
0.00068543651
0.00068538134
0.00068533134
0.00068528665
0.00068524744
0.0006852139
0.00068518623
0.00068516464
0.00068514937
0.00068514067
0.00068513879
0.00068514401
0.00068515657
0.00068517674
0.00068520479
0.00068524098
0.00068528554
0.00068533879
0.00068540074
0.00068547255
0.00068555397
0.00068564432
0.00068574278
0.00068584844
0.00068596032
0.0006860775
0.00068619911
0.00068632435
0.0006864525
0.00068658295
0.00068671515
0.00068684863
0.00068698298
0.00068711786
0.00068725296
0.00068738801
0.0006875228
0.00068765714
0.00068779085
0.00068792381
0.0006880559
0.000688187
0.00068831702
0.00068844589
0.00068857354
0.00068869991
0.00068882496
0.00068894864
0.00068907092
0.00068919177
0.00068931116
0.00068942908
0.00068954551
0.00068966038
0.00068977411
0.00068988454
0.00069000181
0.00068908568
0.00073047195
0.00077261804
0.00081539969
0.00085868279
0.00090232421
0.00099256169
0.00099201083
0.0009914903
0.00099099529
0.00094617275
0.00099052172
0.00099256169
0.0010365195
0.0010801958
0.0011234154
0.0011659991
0.0012077643
0.001248526
0.0012880975
0.0013262916
0.0013629226
0.001397808
0.0014307713
0.0014616456
0.0014902776
0.0015165315
0.001540295
0.0015614841
0.0015800509
0.0015959909
0.001609353
0.0016202421
0.0016287688
0.0016351379
0.0016395378
0.0016420562
0.0016427604
0.0016417149
0.001638985
0.0016346367
0.001628737
0.001621353
0.0016125521
0.0016024017
0.0015909686
0.0015783197
0.0015645214
0.0015496395
0.0015337397
0.0015168871
0.0014991463
0.0014805816
0.0014612574
0.0014412378
0.0014205883
0.001399376
0.0013776716
0.0013555477
0.0013330302
0.001310138
0.0012869285
0.0012634556
0.0012397696
0.0012159174
0.0011919428
0.0011678862
0.001143785
0.0011196735
0.0010955833
0.0010715429
0.0010475786
0.0010237139
0.00099996976
0.00097636513
0.00095291656
0.00092963856
0.00090654361
0.00088364229
0.00086094333
0.00083845374
0.00081617881
0.00079412223
0.00077228614
0.00075067113
0.00072927635
0.0007080995
0.00068713686
0.00066638332
0.00064583238
0.00062547616
0.0006053054
0.00058530943
0.0005654762
0.00054579222
0.00052624256
0.00050681079
0.00048747897
0.00046822755
0.00044903529
0.00042987925
0.00041073491
0.00039157676
0.0003723799
0.00035312389
0.00033383935
0.00031459704
0.00029544699
0.00027644253
0.00025766428
0.00023920764
0.00022113778
0.00020337132
0.0001857382
0.00016816171
0.0001506502
0.00013324571
)
;
    }
    procBoundary10to15
    {
        type            processor;
        value           nonuniform List<scalar> 
46
(
0.00011458631
7.48603e-05
5.3937214e-05
4.2121247e-05
3.4761761e-05
2.9759016e-05
2.612586e-05
2.3359107e-05
2.1178846e-05
1.9417219e-05
1.7970664e-05
1.6777659e-05
1.5809454e-05
1.5067718e-05
1.4584592e-05
1.4421983e-05
1.4664129e-05
1.5407991e-05
1.6745598e-05
1.8745962e-05
2.1434655e-05
2.4785472e-05
2.8723935e-05
3.3140431e-05
3.7907832e-05
4.2898054e-05
4.7994297e-05
5.3097828e-05
5.8130244e-05
6.3032778e-05
6.7763805e-05
7.2295773e-05
7.66122e-05
8.0705075e-05
8.4572603e-05
8.8217533e-05
9.1645663e-05
9.4864752e-05
9.788394e-05
0.00010071318
0.00010336263
0.00010584235
0.00010816231
0.00011033231
0.00011236181
0.0001142592
)
;
    }
}


// ************************************************************************* //
