#      distance             U_x             U_y             U_z wallShearStr... wallShearStr... wallShearStr...               p         epsilon               k             nut
              0       0.9992044               0               0               0               0               0    0.0041166258   0.00014416707   2.6431587e-05   4.3613915e-07
   0.0021021021      0.99917693               0               0               0               0               0    0.0041481922   0.00014339328   2.6274182e-05   4.3328691e-07
   0.0042042042      0.99914947               0               0               0               0               0    0.0041797585   0.00014261948   2.6116778e-05   4.3043467e-07
   0.0063063063      0.99912201               0               0               0               0               0    0.0042113249   0.00014184568   2.5959373e-05   4.2758243e-07
   0.0084084084      0.99909454               0               0               0               0               0    0.0042428912   0.00014107188   2.5801969e-05   4.2473019e-07
    0.010510511      0.99906708               0               0               0               0               0    0.0042744576   0.00014029808   2.5644564e-05   4.2187795e-07
    0.012612613      0.99903962               0               0               0               0               0    0.0043060239   0.00013952428    2.548716e-05   4.1902571e-07
    0.014714715      0.99901215               0               0               0               0               0    0.0043375903   0.00013875048   2.5329755e-05   4.1617347e-07
    0.016816817      0.99898211               0               0               0               0               0    0.0043719786   0.00013800585   2.5176669e-05   4.1337644e-07
    0.018918919      0.99894532               0               0               0               0               0     0.004413764   0.00013733766   2.5034902e-05   4.1072414e-07
    0.021021021      0.99890853               0               0               0               0               0    0.0044555494   0.00013666948   2.4893136e-05   4.0807183e-07
    0.023123123      0.99887174               0               0               0               0               0    0.0044973348    0.0001360013   2.4751369e-05   4.0541952e-07
    0.025225225      0.99883494               0               0               0               0               0    0.0045391201   0.00013533311   2.4609602e-05   4.0276722e-07
    0.027327327      0.99879815               0               0               0               0               0    0.0045809055   0.00013466493   2.4467835e-05   4.0011491e-07
    0.029429429      0.99876136               0               0               0               0               0    0.0046226909   0.00013399675   2.4326068e-05   3.9746261e-07
    0.031531532      0.99871901               0               0               0               0               0    0.0046700879   0.00013335789   2.4189782e-05   3.9490394e-07
    0.033633634      0.99866936               0               0               0               0               0    0.0047248704   0.00013275762   2.4060711e-05   3.9246852e-07
    0.035735736      0.99861971               0               0               0               0               0    0.0047796529   0.00013215735   2.3931639e-05    3.900331e-07
    0.037837838      0.99857005               0               0               0               0               0    0.0048344355   0.00013155709   2.3802568e-05   3.8759768e-07
     0.03993994       0.9985204               0               0               0               0               0     0.004889218   0.00013095682   2.3673496e-05   3.8516226e-07
    0.042042042      0.99847075               0               0               0               0               0    0.0049440005   0.00013035655   2.3544424e-05   3.8272684e-07
    0.044144144      0.99841134               0               0               0               0               0    0.0050094241   0.00012978803   2.3421417e-05   3.8039721e-07
    0.046246246      0.99834505               0               0               0               0               0    0.0050823734   0.00012924195   2.3302697e-05   3.7814238e-07
    0.048348348      0.99827875               0               0               0               0               0    0.0051553227   0.00012869587   2.3183978e-05   3.7588756e-07
     0.05045045      0.99821245               0               0               0               0               0     0.005228272    0.0001281498   2.3065259e-05   3.7363274e-07
    0.052552553      0.99814615               0               0               0               0               0    0.0053012213   0.00012760372    2.294654e-05   3.7137792e-07
    0.054654655      0.99806537               0               0               0               0               0    0.0053875641   0.00012708453   2.2832729e-05   3.6920536e-07
    0.056756757      0.99797464               0               0               0               0               0    0.0054831189   0.00012658384   2.2722295e-05   3.6708939e-07
    0.058858859      0.99788391               0               0               0               0               0    0.0055786737   0.00012608315   2.2611861e-05   3.6497342e-07
    0.060960961      0.99779317               0               0               0               0               0    0.0056742285   0.00012558246   2.2501427e-05   3.6285746e-07
    0.063063063      0.99769246               0               0               0               0               0    0.0057812671    0.0001250943   2.2393134e-05   3.6077513e-07
    0.065165165      0.99757127               0               0               0               0               0    0.0059118778   0.00012463188   2.2289236e-05   3.5876187e-07
    0.067267267      0.99745008               0               0               0               0               0    0.0060424886   0.00012416947   2.2185337e-05    3.567486e-07
    0.069369369      0.99732889               0               0               0               0               0    0.0061730994   0.00012370705   2.2081439e-05   3.5473534e-07
    0.071471471      0.99717277               0               0               0               0               0    0.0063314844   0.00012326617   2.1981147e-05   3.5277772e-07
    0.073573574      0.99700057               0               0               0               0               0    0.0065026539    0.0001228352   2.1882514e-05   3.5084572e-07
    0.075675676      0.99682838               0               0               0               0               0    0.0066738233   0.00012240423   2.1783881e-05   3.4891372e-07
    0.077777778       0.9966236               0               0               0               0               0    0.0068890422    0.0001219909   2.1687422e-05    3.470024e-07
     0.07987988      0.99639457               0               0               0               0               0    0.0071370369    0.0001215907   2.1592582e-05   3.4510648e-07
    0.081981982      0.99616555               0               0               0               0               0    0.0073850315    0.0001211905   2.1497741e-05   3.4321056e-07
    0.084084084       0.9958221               0               0               0               0               0    0.0077006556   0.00012080193   2.1407095e-05   3.4141713e-07
    0.086186186      0.99546813               0               0               0               0               0    0.0080224967   0.00012041444   2.1316834e-05   3.3963311e-07
    0.088288288      0.99505458               0               0               0               0               0    0.0084718138   0.00012007159   2.1224975e-05   3.3767489e-07
     0.09039039      0.99460836               0               0               0               0               0    0.0089910154   0.00011975322   2.1132239e-05   3.3562118e-07
    0.092492492      0.99385091               0  -1.3497609e-19               0               0               0     0.009592877   0.00011932189     2.10514e-05   3.3426269e-07
    0.094594595      0.99296823               0  -1.0920998e-17               0               0               0     0.010398654   0.00014176257   2.0950014e-05   3.2767521e-07
    0.096696697      0.99215382               0  -2.1838901e-16               0               0               0     0.014354207   0.00058965452   2.0375717e-05   2.1867404e-07
    0.098798799      0.73048767               0  -2.9359911e-16   -0.0021303818  -1.5245734e-05               0     0.016911115       8.9558074   0.00018292042   9.1131535e-08
      0.1009009      0.35329002               0   -2.090576e-16    -0.004884109  -2.9050967e-05  -6.2951182e-18     0.015755546        24.12193    0.0004601647   8.6944035e-09
       0.103003     0.020520411               0   -1.214285e-17   -0.0068480542   -2.933576e-05  -2.0983727e-17     0.010714171       40.755989   0.00076623206   5.0500361e-10
     0.10510511               0               0               0   -0.0061662803  -1.1753896e-05  -1.8813341e-17    0.0075400801       45.862101   0.00086177847               0
     0.10720721               0               0               0   -0.0055685844   -4.629971e-07  -1.1688184e-17    0.0055780659        47.75585   0.00089736319               0
     0.10930931               0               0               0   -0.0053541039  -2.6245222e-07    1.151907e-18    0.0052344312       46.002742   0.00086442115               0
     0.11141141               0               0               0   -0.0051887168  -2.0950165e-07   3.4555451e-19    0.0048960921       44.154811   0.00082969738               0
     0.11351351               0               0               0   -0.0050404527  -1.8887988e-07  -2.5854777e-18    0.0045736593       42.350225   0.00079578811               0
     0.11561562               0               0               0   -0.0049194496  -1.6709896e-07  -1.6574404e-18      0.00431519       40.824673   0.00076712205               0
     0.11771772               0               0               0   -0.0048098878  -1.4817411e-07  -8.4906806e-19    0.0040943363       39.436915   0.00074104507               0
     0.11981982               0               0               0   -0.0047115285  -1.3204578e-07  -1.5786585e-19    0.0039103141       38.184078   0.00071750323               0
     0.12192192               0               0               0   -0.0046260998  -1.1910167e-07               0    0.0037516908       37.097349   0.00069708253               0
     0.12402402               0               0               0   -0.0045444985  -1.0710007e-07               0    0.0036005854       36.059787   0.00067758568               0
     0.12612613               0               0               0   -0.0044753748  -9.8384049e-08               0    0.0034786287       35.187985   0.00066120469               0
     0.12822823               0               0               0   -0.0044077196  -9.0185896e-08               0    0.0033594519       34.335778   0.00064519237               0
     0.13033033               0               0               0   -0.0043477108  -8.4788191e-08               0    0.0032542337       33.585666   0.00063110128               0
     0.13243243               0               0               0   -0.0042888739  -8.0091404e-08               0    0.0031482651       32.851151   0.00061730426               0
     0.13453453               0               0               0   -0.0042336592  -7.7560927e-08               0    0.0030399775       32.164839   0.00060441613               0
     0.13663664               0               0               0   -0.0041789266  -7.5461116e-08               0    0.0029259476       31.485384   0.00059165749               0
     0.13873874               0               0               0   -0.0041253872  -7.4427417e-08               0    0.0027977028       30.822906   0.00057921941               0
     0.14084084               0               0               0   -0.0040720864   -7.337164e-08  -1.3542802e-19    0.0026634129       30.164696   0.00056686123               0
     0.14294294               0               0               0   -0.0040194277  -7.2256435e-08  -6.3537673e-19    0.0025128516       29.517976   0.00055471812               0
     0.14504505               0               0               0    -0.003967164  -7.0967682e-08   -1.039297e-18    0.0023605635       28.877442   0.00054269059               0
     0.14714715               0               0               0   -0.0039165614  -6.8948941e-08  -1.0392973e-18    0.0022010121       28.262924   0.00053114918               0
     0.14924925               0               0               0   -0.0038661451  -6.6889975e-08  -1.0160489e-18      0.00204195       27.651039   0.00051965705               0
     0.15135135               0               0               0    -0.003819313  -6.4057013e-08  -5.4545933e-19    0.0018923029       27.089799   0.00050911313               0
     0.15345345               0               0               0   -0.0037724808  -6.1224051e-08  -7.4869769e-20    0.0017426558       26.528559   0.00049856922               0
     0.15555556               0               0               0   -0.0037297503  -5.8146476e-08   2.8506698e-19    0.0016114082       26.022121   0.00048905294               0
     0.15765766               0               0               0   -0.0036877958  -5.5022622e-08   6.2406834e-19    0.0014836416       25.526052   0.00047973108               0
     0.15975976               0               0               0   -0.0036487114  -5.1997703e-08   7.7168646e-19    0.0013698139       25.067082    0.0004711056               0
     0.16186186               0               0               0   -0.0036118409  -4.9049094e-08    7.716867e-19    0.0012667375       24.636728   0.00046301725               0
     0.16396396               0               0               0   -0.0035759943  -4.6187069e-08    7.020403e-19    0.0011685948       24.219329   0.00045517223               0
     0.16606607               0               0               0   -0.0035438154   -4.363515e-08   3.8294653e-19    0.0010881227        23.84833    0.0004481987               0
     0.16816817               0               0               0   -0.0035116365   -4.108323e-08   6.3852761e-20    0.0010076506       23.477331   0.00044122518               0
     0.17027027               0               0               0   -0.0034827267  -3.8875197e-08  -8.4016924e-20   0.00094159785       23.147027   0.00043501629               0
     0.17237237               0               0               0   -0.0034546348  -3.6753192e-08  -1.8905207e-19   0.00087915231       22.826904   0.00042899869               0
     0.17447447               0               0               0   -0.0034276134   -3.474814e-08  -2.8949171e-19   0.00082089616       22.519932   0.00042322823               0
     0.17657658               0               0               0   -0.0034030058  -3.3006807e-08  -3.7956876e-19   0.00077208687       22.242615   0.00041801506               0
     0.17867868               0               0               0   -0.0033783982  -3.1265474e-08   -4.696458e-19   0.00072327757       21.965298   0.00041280189               0
     0.18078078               0               0               0   -0.0033559747  -2.9754885e-08  -4.2028675e-19   0.00068227243       21.714489   0.00040808695               0
     0.18288288               0               0               0   -0.0033343267  -2.8326223e-08  -3.2141977e-19    0.0006440382       21.473093   0.00040354892               0
     0.18498498               0               0               0   -0.0033129052  -2.6920151e-08  -2.1178318e-19   0.00060653774       21.234414   0.00039906195               0
     0.18708709               0               0               0     -0.00329378  -2.5743061e-08   7.0221649e-21   0.00057647516       21.023272   0.00039509258               0
     0.18918919               0               0               0   -0.0032746547  -2.4565971e-08   2.2582751e-19   0.00054641257        20.81213   0.00039112321               0
     0.19129129               0               0               0   -0.0032563079   -2.346175e-08   4.0766965e-19    0.0005186473       20.610217   0.00038732732               0
     0.19339339               0               0               0   -0.0032393434  -2.2486932e-08   5.2387117e-19   0.00049496166       20.424692   0.00038383947               0
      0.1954955               0               0               0    -0.003222379  -2.1512115e-08   6.4007269e-19   0.00047127601       20.239168   0.00038035163               0
      0.1975976               0               0               0   -0.0032064317  -2.0626598e-08   5.6846943e-19   0.00045038919       20.065568   0.00037708796               0
      0.1996997               0               0               0   -0.0031913274  -1.9815079e-08   3.4124222e-19    0.0004318216       19.901851   0.00037401005               0
      0.2018018               0               0               0   -0.0031762231  -1.9003561e-08   1.1401501e-19   0.00041325401       19.738133   0.00037093213               0
      0.2039039               0               0               0   -0.0031621597  -1.8277896e-08  -9.4025977e-20   0.00039734067       19.586488   0.00036808116               0
     0.20600601               0               0               0   -0.0031486642  -1.7599068e-08  -2.9159991e-19   0.00038287537       19.441429   0.00036535399               0
     0.20810811               0               0               0   -0.0031351686  -1.6920241e-08  -4.8917385e-19   0.00036841006       19.296369   0.00036262682               0
     0.21021021               0               0               0   -0.0031225927  -1.6312802e-08  -5.4490332e-19   0.00035604433       19.161866   0.00036009811               0
     0.21231231               0               0               0   -0.0031104944  -1.5742452e-08  -5.2693925e-19   0.00034476941       19.032848   0.00035767249               0
     0.21441441               0               0               0   -0.0030983961  -1.5172101e-08  -5.0897517e-19   0.00033349449       18.903829   0.00035524688               0
     0.21651652               0               0               0   -0.0030870013  -1.4653091e-08  -4.7300213e-19   0.00032366692       18.782812   0.00035297167               0
     0.21861862               0               0               0   -0.0030761215  -1.4171664e-08  -4.2384528e-19   0.00031489891       18.667651   0.00035080657               0
     0.22072072               0               0               0   -0.0030652417  -1.3690237e-08  -3.7468843e-19    0.0003061309        18.55249   0.00034864147               0
     0.22282282               0               0               0    -0.003054791  -1.3238197e-08  -3.2806086e-19   0.00029816473       18.442165   0.00034656728               0
     0.22492492               0               0               0   -0.0030449786  -1.2829879e-08  -2.8519658e-19   0.00029139163       18.339035   0.00034462836               0
     0.22702703               0               0               0   -0.0030351663  -1.2421562e-08  -2.4233231e-19   0.00028461853       18.235905   0.00034268944               0
     0.22912913               0               0               0   -0.0030254751  -1.2021043e-08  -2.0088598e-19   0.00027805069       18.134129   0.00034077598               0
     0.23123123               0               0               0   -0.0030166022  -1.1673185e-08  -1.6901434e-19   0.00027286889       18.041495   0.00033903438               0
     0.23333333               0               0               0   -0.0030077293  -1.1325326e-08   -1.371427e-19    0.0002676871       17.948862   0.00033729279               0
     0.23543544               0               0               0   -0.0029988563  -1.0977467e-08  -1.0527106e-19    0.0002625053       17.856229    0.0003355512               0
     0.23753754               0               0               0   -0.0029906105  -1.0667626e-08  -7.6298804e-20   0.00025831286       17.770544   0.00033394023               0
     0.23963964               0               0               0   -0.0029825675  -1.0370089e-08  -4.8264947e-20   0.00025444063       17.687108   0.00033237155               0
     0.24174174               0               0               0   -0.0029745246  -1.0072552e-08   -2.023109e-20   0.00025056839       17.603671   0.00033080286               0
     0.24384384               0               0               0   -0.0029666865  -9.7867402e-09               0   0.00024699523       17.522486    0.0003292765               0
     0.24594595               0               0               0   -0.0029593795  -9.5313294e-09               0   0.00024419747       17.447139   0.00032785989               0
     0.24804805               0               0               0   -0.0029520724  -9.2759186e-09               0   0.00024139972       17.371791   0.00032644327               0
     0.25015015               0               0               0   -0.0029447654  -9.0205079e-09               0   0.00023860197       17.296444   0.00032502666               0
     0.25225225               0               0               0   -0.0029379129  -8.7897013e-09               0   0.00023639482       17.226054   0.00032370325               0
     0.25435435               0               0               0   -0.0029312604   -8.569725e-09               0   0.00023444765       17.157847   0.00032242087               0
     0.25645646               0               0               0   -0.0029246079  -8.3497487e-09               0   0.00023250048       17.089639   0.00032113849               0
     0.25855856               0               0               0   -0.0029179556  -8.1297805e-09               0   0.00023055348       17.021434   0.00031985614               0
     0.26066066               0               0               0   -0.0029118871  -7.9397286e-09               0   0.00022926779       16.959551   0.00031869267               0
     0.26276276               0               0               0   -0.0029058186  -7.7496766e-09               0   0.00022798209       16.897668   0.00031752919               0
     0.26486486               0               0               0   -0.0028997501  -7.5596247e-09               0    0.0002266964       16.835785   0.00031636571               0
     0.26696697               0               0               0   -0.0028937823  -7.3742645e-09  -5.5493428e-21   0.00022551308       16.774984   0.00031522259               0
     0.26906907               0               0               0   -0.0028882363  -7.2085607e-09  -3.4347626e-20   0.00022475868       16.718722   0.00031416477               0
     0.27117117               0               0               0   -0.0028826903  -7.0428569e-09   -6.314591e-20   0.00022400428       16.662459   0.00031310696               0
     0.27327327               0               0               0   -0.0028771443   -6.877153e-09  -9.1944193e-20   0.00022324988       16.606196   0.00031204915               0
     0.27537538               0               0               0   -0.0028717241  -6.9343243e-09  -1.0920696e-19   0.00022260937       16.551277   0.00031101659               0
     0.27747748               0               0               0   -0.0028666471  -7.5997995e-09  -9.4985268e-20   0.00022227971       16.500025   0.00031005297               0
     0.27957958               0               0               0   -0.0028615701  -8.2652747e-09  -8.0763577e-20   0.00022195004       16.448773   0.00030908936               0
     0.28168168               0               0               0   -0.0028564932  -8.9307499e-09  -6.6541887e-20   0.00022162038        16.39752   0.00030812574               0
     0.28378378               0               0               0   -0.0028515103  -9.4202164e-09  -5.4548868e-20   0.00022136366       16.347267   0.00030718091               0
     0.28588589               0               0               0   -0.0028468553  -9.2964784e-09  -5.0320419e-20   0.00022136107       16.300494   0.00030630151               0
     0.28798799               0               0               0   -0.0028422002  -9.1727405e-09   -4.609197e-20   0.00022135847       16.253721   0.00030542211               0
     0.29009009               0               0               0   -0.0028375452  -9.0490026e-09  -4.1863521e-20   0.00022135588       16.206948   0.00030454271               0
     0.29219219               0               0               0   -0.0028329106  -8.8852406e-09  -3.8579533e-20   0.00022136683       16.160391   0.00030366736               0
     0.29429429               0               0               0    -0.002828636  -8.0150144e-09  -5.1966199e-20   0.00022161704       16.117634   0.00030286346               0
      0.2963964               0               0               0   -0.0028243615  -7.1447882e-09  -6.5352866e-20   0.00022186725       16.074876   0.00030205956               0
      0.2984985               0               0               0   -0.0028200869   -6.274562e-09  -7.8739533e-20   0.00022211746       16.032119   0.00030125566               0
      0.3006006               0               0               0   -0.0028158123  -5.4043358e-09    -9.21262e-20   0.00022236767       15.989362   0.00030045176               0
      0.3027027               0               0               0    -0.002811798  -5.1198136e-09  -6.5281247e-20   0.00022276238       15.949334   0.00029969917               0
      0.3048048               0               0               0   -0.0028078675   -5.024204e-09  -2.5460004e-20   0.00022320369       15.910187   0.00029896314               0
     0.30690691               0               0               0   -0.0028039371  -4.9285944e-09   1.4361239e-20     0.000223645       15.871039    0.0002982271               0
     0.30900901               0               0               0   -0.0028000066  -4.8329848e-09   5.4182481e-20   0.00022408631       15.831892   0.00029749107               0
     0.31111111               0               0               0    -0.002796178  -4.7412306e-09   8.0998277e-20   0.00022457433       15.793806     0.000296775               0
     0.31321321               0               0               0   -0.0027925593  -4.6574256e-09   8.0998326e-20   0.00022515868       15.757911    0.0002961001               0
     0.31531532               0               0               0   -0.0027889406  -4.5736206e-09   8.0998376e-20   0.00022574303       15.722015   0.00029542521               0
     0.31741742               0               0               0   -0.0027853219  -4.4898156e-09   8.0998425e-20   0.00022632738        15.68612   0.00029475031               0
     0.31951952               0               0               0   -0.0027817032  -4.4060106e-09   8.0998475e-20   0.00022691173       15.650224   0.00029407542               0
     0.32162162               0               0               0   -0.0027782998  -4.3298716e-09   6.7900252e-20   0.00022757383       15.616563   0.00029344254               0
     0.32372372               0               0               0   -0.0027749641  -4.2561404e-09   5.0688054e-20   0.00022826036       15.583604   0.00029282285               0
     0.32582583               0               0               0   -0.0027716284  -4.1824092e-09   3.3475856e-20   0.00022894689       15.550646   0.00029220316               0
     0.32792793               0               0               0   -0.0027682927  -4.1086781e-09   1.6263658e-20   0.00022963342       15.517687   0.00029158348               0
     0.33003003               0               0               0   -0.0027649712  -4.0354291e-09  -1.0888944e-21   0.00023032375       15.484874   0.00029096655               0
     0.33213213               0               0               0   -0.0027618929  -3.9704492e-09  -2.0847972e-20   0.00023107916       15.454572   0.00029039682               0
     0.33423423               0               0               0   -0.0027588146  -3.9054692e-09  -4.0607049e-20   0.00023183458       15.424271   0.00028982709               0
     0.33633634               0               0               0   -0.0027557363  -3.8404893e-09  -6.0366126e-20   0.00023258999       15.393969   0.00028925736               0
     0.33843844               0               0               0    -0.002752658  -3.7755093e-09  -8.0125203e-20   0.00023334541       15.363667   0.00028868763               0
     0.34054054               0               0               0   -0.0027496277  -3.7120865e-09  -9.7051177e-20   0.00023410941       15.333858   0.00028812717               0
     0.34264264               0               0               0   -0.0027467839   -3.654715e-09  -1.0296698e-19   0.00023490679       15.305966   0.00028760274               0
     0.34474474               0               0               0   -0.0027439402  -3.5973434e-09  -1.0888279e-19   0.00023570417       15.278073    0.0002870783               0
     0.34684685               0               0               0   -0.0027410965  -3.5399719e-09  -1.1479859e-19   0.00023650155        15.25018   0.00028655387               0
     0.34894895               0               0               0   -0.0027382528  -3.4826003e-09   -1.207144e-19   0.00023729893       15.222288   0.00028602943               0
     0.35105105               0               0               0   -0.0027354529  -3.4265896e-09  -1.2269136e-19   0.00023810046       15.194844   0.00028551344               0
     0.35315315               0               0               0   -0.0027328233  -3.3758502e-09  -1.0941066e-19   0.00023891808        15.16914   0.00028503014               0
     0.35525526               0               0               0   -0.0027301936  -3.3251108e-09  -9.6129965e-20   0.00023973569       15.143435   0.00028454685               0
     0.35735736               0               0               0    -0.002727564  -3.2743714e-09  -8.2849266e-20   0.00024055331       15.117731   0.00028406356               0
     0.35945946               0               0               0   -0.0027249343   -3.223632e-09  -6.9568566e-20   0.00024137092       15.092027   0.00028358027               0
     0.36156156               0               0               0   -0.0027223149  -3.1731946e-09    -5.69392e-20   0.00024218869       15.066426   0.00028309892               0
     0.36366366               0               0               0   -0.0027198809  -3.1282483e-09  -5.6155603e-20   0.00024300923       15.042713   0.00028265307               0
     0.36576577               0               0               0   -0.0027174469  -3.0833019e-09  -5.5372007e-20   0.00024382976          15.019   0.00028220722               0
     0.36786787               0               0               0   -0.0027150129  -3.0383556e-09   -5.458841e-20    0.0002446503       14.995287   0.00028176136               0
     0.36996997               0               0               0    -0.002712579  -2.9934093e-09  -5.3804813e-20   0.00024547084       14.971573   0.00028131551               0
     0.37207207               0               0               0    -0.002710145   -2.948463e-09  -5.3021216e-20   0.00024629137        14.94786   0.00028086965               0
     0.37417417               0               0               0   -0.0027078437  -2.9072732e-09  -4.9110098e-20   0.00024710326       14.925491   0.00028044907               0
     0.37627628               0               0               0   -0.0027055889  -2.8673982e-09  -4.4104331e-20   0.00024791212       14.903593   0.00028003733               0
     0.37837838               0               0               0   -0.0027033341  -2.8275232e-09  -3.9098565e-20   0.00024872099       14.881694    0.0002796256               0
     0.38048048               0               0               0   -0.0027010792  -2.7876482e-09  -3.4092798e-20   0.00024952985       14.859796   0.00027921386               0
     0.38258258               0               0               0   -0.0026988244  -2.7477732e-09  -2.9087031e-20   0.00025033871       14.837898   0.00027880213               0
     0.38468468               0               0               0   -0.0026966133  -2.7090827e-09   -2.628156e-20   0.00025114151        14.81644   0.00027839868               0
     0.38678679               0               0               0   -0.0026945227  -2.6736576e-09  -2.9542029e-20   0.00025192757       14.796198   0.00027801809               0
     0.38888889               0               0               0   -0.0026924321  -2.6382326e-09  -3.2802498e-20   0.00025271363       14.775957    0.0002776375               0
     0.39099099               0               0               0   -0.0026903415  -2.6028075e-09  -3.6062967e-20   0.00025349969       14.755715   0.00027725691               0
     0.39309309               0               0               0   -0.0026882508  -2.5673824e-09  -3.9323437e-20   0.00025428575       14.735473   0.00027687632               0
      0.3951952               0               0               0   -0.0026861602  -2.5319574e-09  -4.2583906e-20   0.00025507182       14.715232   0.00027649573               0
      0.3972973               0               0               0   -0.0026841636  -2.4989705e-09  -3.9447006e-20   0.00025583844       14.695934   0.00027613289               0
      0.3993994               0               0               0   -0.0026822237  -2.4674563e-09  -3.2445868e-20   0.00025659332       14.677206   0.00027578077               0
      0.4015015               0               0               0   -0.0026802839  -2.4359421e-09  -2.5444731e-20    0.0002573482       14.658479   0.00027542865               0
      0.4036036               0               0               0    -0.002678344   -2.404428e-09  -1.8443593e-20   0.00025810308       14.639752   0.00027507653               0
     0.40570571               0               0               0   -0.0026764041  -2.3729138e-09  -1.1442456e-20   0.00025885797       14.621024    0.0002747244               0
     0.40780781               0               0               0   -0.0026744642  -2.3413996e-09  -4.4413186e-21   0.00025961285       14.602297   0.00027437228               0
     0.40990991               0               0               0   -0.0026726362  -2.3126664e-09  -2.2922364e-21   0.00026033684       14.584688    0.0002740412               0
     0.41201201               0               0               0   -0.0026708349  -2.2845969e-09  -1.3011916e-21   0.00026105347       14.567347   0.00027371515               0
     0.41411411               0               0               0   -0.0026690335  -2.2565273e-09  -3.1014675e-22   0.00026177009       14.550005   0.00027338909               0
     0.41621622               0               0               0   -0.0026672322  -2.2284578e-09   6.8089806e-22   0.00026248672       14.532664   0.00027306303               0
     0.41831832               0               0               0   -0.0026654309  -2.2003883e-09   1.6719429e-21   0.00026320334       14.515323   0.00027273697               0
     0.42042042               0               0               0   -0.0026636295  -2.1723188e-09   2.6629877e-21   0.00026391996       14.497981   0.00027241091               0
     0.42252252               0               0               0   -0.0026619317  -2.1467187e-09  -2.5058161e-21   0.00026460117       14.481672   0.00027210426               0
     0.42462462               0               0               0   -0.0026602578  -2.1216885e-09  -9.0959074e-21   0.00026527419       14.465601   0.00027180209               0
     0.42672673               0               0               0   -0.0026585839  -2.0966582e-09  -1.5685999e-20   0.00026594722        14.44953   0.00027149992               0
     0.42882883               0               0               0     -0.00265691   -2.071628e-09   -2.227609e-20   0.00026662025        14.43346   0.00027119775               0
     0.43093093               0               0               0   -0.0026552362  -2.0465977e-09  -2.8866181e-20   0.00026729328       14.417389   0.00027089557               0
     0.43303303               0               0               0   -0.0026535623  -2.0215675e-09  -3.5456273e-20   0.00026796631       14.401318    0.0002705934               0
     0.43513514               0               0               0   -0.0026519627  -1.9982383e-09  -3.0839051e-20   0.00026860924       14.385985   0.00027030512               0
     0.43723724               0               0               0   -0.0026504062  -1.9758929e-09  -1.9739546e-20   0.00026923478        14.37108   0.00027002486               0
     0.43933934               0               0               0   -0.0026488497  -1.9535475e-09  -8.6400409e-21   0.00026986031       14.356175   0.00026974461               0
     0.44144144               0               0               0   -0.0026472932  -1.9312022e-09   2.4594641e-21   0.00027048584        14.34127   0.00026946436               0
     0.44354354               0               0               0   -0.0026457367  -1.9088568e-09   1.3558969e-20   0.00027111137       14.326365   0.00026918411               0
     0.44564565               0               0               0   -0.0026441801  -1.8865114e-09   2.4658474e-20    0.0002717369        14.31146   0.00026890385               0
     0.44774775               0               0               0   -0.0026426523  -1.8647953e-09   3.2819371e-20   0.00027234912       14.296839   0.00026862893               0
     0.44984985               0               0               0    -0.002641204  -1.8448265e-09     3.28194e-20   0.00027292434       14.283005   0.00026836882               0
     0.45195195               0               0               0   -0.0026397557  -1.8248577e-09   3.2819429e-20   0.00027349957        14.26917    0.0002681087               0
     0.45405405               0               0               0   -0.0026383074  -1.8048889e-09   3.2819458e-20    0.0002740748       14.255336   0.00026784858               0
     0.45615616               0               0               0   -0.0026368591  -1.7849201e-09   3.2819487e-20   0.00027465003       14.241502   0.00026758847               0
     0.45825826               0               0               0   -0.0026354108  -1.7649514e-09   3.2819515e-20   0.00027522525       14.227668   0.00026732835               0
     0.46036036               0               0               0   -0.0026339625  -1.7449826e-09   3.2819544e-20   0.00027580048       14.213834   0.00026706824               0
     0.46246246               0               0               0   -0.0026325842  -1.7264887e-09   2.6472264e-20   0.00027633918        14.20069   0.00026682109               0
     0.46456456               0               0               0   -0.0026312358  -1.7086262e-09   1.7408397e-20   0.00027686224       14.187841    0.0002665795               0
     0.46666667               0               0               0   -0.0026298873  -1.6907636e-09   8.3445311e-21    0.0002773853       14.174992    0.0002663379               0
     0.46876877               0               0               0   -0.0026285389   -1.672901e-09   -7.193353e-22   0.00027790837       14.162143   0.00026609631               0
     0.47087087               0               0               0   -0.0026271905  -1.6550384e-09  -9.7832017e-21   0.00027843143       14.149294   0.00026585471               0
     0.47297297               0               0               0    -0.002625842  -1.6371759e-09  -1.8847068e-20   0.00027895449       14.136445   0.00026561311               0
     0.47507508               0               0               0   -0.0026244936  -1.6193133e-09  -2.7910934e-20   0.00027947756       14.123596   0.00026537152               0
     0.47717718               0               0               0   -0.0026232314  -1.6031965e-09  -2.8507889e-20   0.00027995086       14.111595   0.00026514585               0
     0.47927928               0               0               0   -0.0026219752  -1.5872029e-09  -2.8507916e-20   0.00028042066       14.099652    0.0002649213               0
     0.48138138               0               0               0    -0.002620719  -1.5712092e-09  -2.8507943e-20   0.00028089045        14.08771   0.00026469676               0
     0.48348348               0               0               0   -0.0026194628  -1.5552155e-09  -2.8507969e-20   0.00028136025       14.075768   0.00026447221               0
     0.48558559               0               0               0   -0.0026182066  -1.5392218e-09  -2.8507996e-20   0.00028183005       14.063826   0.00026424766               0
     0.48768769               0               0               0   -0.0026169504  -1.5232282e-09  -2.8508022e-20   0.00028229984       14.051884   0.00026402312               0
     0.48978979               0               0               0   -0.0026156943  -1.5072345e-09  -2.8508049e-20   0.00028276964       14.039942   0.00026379857               0
     0.49189189               0               0               0   -0.0026145199  -1.4928358e-09  -2.4700275e-20   0.00028318783       14.028802   0.00026358911               0
     0.49399399               0               0               0    -0.002613349  -1.4785034e-09  -2.0734364e-20   0.00028360388       14.017695   0.00026338028               0
      0.4960961               0               0               0   -0.0026121781  -1.4641709e-09  -1.6768454e-20   0.00028401993       14.006589   0.00026317144               0
      0.4981982               0               0               0   -0.0026110072  -1.4498385e-09  -1.2802544e-20   0.00028443597       13.995482   0.00026296261               0
      0.5003003               0               0               0   -0.0026098363   -1.435506e-09  -8.8366334e-21   0.00028485202       13.984376   0.00026275377               0
      0.5024024               0               0               0   -0.0026086654  -1.4211736e-09   -4.870723e-21   0.00028526807       13.973269   0.00026254494               0
      0.5045045               0               0               0   -0.0026074945  -1.4068411e-09  -9.0481264e-22   0.00028568412       13.962163    0.0002623361               0
     0.50660661               0               0               0   -0.0026063845  -1.3936499e-09               0   0.00028605871       13.951651   0.00026213845               0
     0.50870871               0               0               0   -0.0026052925  -1.3807959e-09               0   0.00028642104       13.941315   0.00026194411               0
     0.51081081               0               0               0   -0.0026042004   -1.367942e-09               0   0.00028678338       13.930979   0.00026174977               0
     0.51291291               0               0               0   -0.0026031084   -1.355088e-09               0   0.00028714571       13.920643   0.00026155542               0
     0.51501502               0               0               0   -0.0026020164  -1.3422341e-09               0   0.00028750804       13.910307   0.00026136108               0
     0.51711712               0               0               0   -0.0026009244  -1.3293802e-09               0   0.00028787038       13.899972   0.00026116673               0
     0.51921922               0               0               0   -0.0025998324  -1.3165262e-09               0   0.00028823271       13.889636   0.00026097239               0
     0.52132132               0               0               0   -0.0025987668  -1.3041499e-09               0   0.00028857573       13.879558    0.0002607829               0
     0.52342342               0               0               0   -0.0025977479  -1.2926129e-09               0    0.0002888848       13.869934   0.00026060193               0
     0.52552553               0               0               0   -0.0025967289  -1.2810758e-09               0   0.00028919387       13.860309   0.00026042096               0
     0.52762763               0               0               0   -0.0025957099  -1.2695388e-09               0   0.00028950294       13.850685      0.00026024               0
     0.52972973               0               0               0   -0.0025946909  -1.2580017e-09               0   0.00028981202       13.841061   0.00026005903               0
     0.53183183               0               0               0   -0.0025936719  -1.2464646e-09               0   0.00029012109       13.831436   0.00025987806               0
     0.53393393               0               0               0   -0.0025926529  -1.2349276e-09               0   0.00029043016       13.821812    0.0002596971               0
     0.53603604               0               0               0   -0.0025916339  -1.2233905e-09               0   0.00029073923       13.812188   0.00025951613               0
     0.53813814               0               0               0   -0.0025906641  -1.2127057e-09               0   0.00029101022       13.803041   0.00025934413               0
     0.54024024               0               0               0   -0.0025897127  -1.2023424e-09               0   0.00029126683       13.794074   0.00025917552               0
     0.54234234               0               0               0   -0.0025887614  -1.1919792e-09               0   0.00029152344       13.785106   0.00025900692               0
     0.54444444               0               0               0   -0.0025878101   -1.181616e-09               0   0.00029178006       13.776139   0.00025883831               0
     0.54654655               0               0               0   -0.0025868588  -1.1712527e-09               0   0.00029203667       13.767172    0.0002586697               0
     0.54864865               0               0               0   -0.0025859074  -1.1608895e-09               0   0.00029229328       13.758205   0.00025850109               0
     0.55075075               0               0               0   -0.0025849561  -1.1505263e-09               0   0.00029254989       13.749238   0.00025833248               0
     0.55285285               0               0               0   -0.0025840048   -1.140163e-09               0    0.0002928065       13.740271   0.00025816387               0
     0.55495495               0               0               0   -0.0025831071  -1.1306954e-09               0   0.00029301919       13.731823   0.00025800503               0
     0.55705706               0               0               0   -0.0025822185  -1.1213801e-09               0    0.0002932244       13.723464   0.00025784785               0
     0.55915916               0               0               0   -0.0025813299  -1.1120648e-09               0   0.00029342961       13.715105   0.00025769066               0
     0.56126126               0               0               0   -0.0025804413  -1.1027494e-09               0   0.00029363482       13.706745   0.00025753348               0
     0.56336336               0               0               0   -0.0025795528  -1.0934341e-09               0   0.00029384003       13.698386    0.0002573763               0
     0.56546547               0               0               0   -0.0025786642  -1.0841188e-09               0   0.00029404524       13.690027   0.00025721912               0
     0.56756757               0               0               0   -0.0025777756  -1.0748035e-09               0   0.00029425045       13.681667   0.00025706193               0
     0.56966967               0               0               0    -0.002576887  -1.0654881e-09               0   0.00029445566       13.673308   0.00025690475               0
     0.57177177               0               0               0   -0.0025760416  -1.0568673e-09               0   0.00029462371       13.665366   0.00025675541               0
     0.57387387               0               0               0   -0.0025752112  -1.0484885e-09               0    0.0002947788       13.657569    0.0002566088               0
     0.57597598               0               0               0   -0.0025743808  -1.0401098e-09               0   0.00029493388       13.649772   0.00025646219               0
     0.57807808               0               0               0   -0.0025735504   -1.031731e-09               0   0.00029508897       13.641975   0.00025631558               0
     0.58018018               0               0               0   -0.0025727201  -1.0233523e-09               0   0.00029524405       13.634178   0.00025616897               0
     0.58228228               0               0               0   -0.0025718897  -1.0149736e-09               0   0.00029539914       13.626381   0.00025602236               0
     0.58438438               0               0               0   -0.0025710593  -1.0065948e-09               0   0.00029555422       13.618584   0.00025587575               0
     0.58648649               0               0               0   -0.0025702289   -9.982161e-10               0   0.00029570931       13.610787   0.00025572914               0
     0.58858859               0               0               0    -0.002569419  -9.9015465e-10               0   0.00029584593       13.603187   0.00025558624               0
     0.59069069               0               0               0   -0.0025686427  -9.8261309e-10               0    0.0002959523       13.595911   0.00025544942               0
     0.59279279               0               0               0   -0.0025678663  -9.7507153e-10               0   0.00029605867       13.588634    0.0002553126               0
     0.59489489               0               0               0     -0.00256709  -9.6752997e-10               0   0.00029616504       13.581358   0.00025517578               0
       0.596997               0               0               0   -0.0025663136   -9.599884e-10               0   0.00029627141       13.574081   0.00025503896               0
      0.5990991               0               0               0   -0.0025655373  -9.5244684e-10               0   0.00029637778       13.566805   0.00025490214               0
      0.6012012               0               0               0    -0.002564761  -9.4490528e-10               0   0.00029648414       13.559529   0.00025476532               0
      0.6033033               0               0               0   -0.0025639846  -9.3736372e-10               0   0.00029659051       13.552252    0.0002546285               0
     0.60540541               0               0               0   -0.0025632083  -9.2982215e-10               0   0.00029669688       13.544976   0.00025449168               0
     0.60750751               0               0               0     -0.00256247  -9.2285085e-10   -1.325641e-21   0.00029676766       13.538066   0.00025436175               0
     0.60960961               0               0               0   -0.0025617439  -9.1605998e-10  -3.0707135e-21   0.00029682717       13.531272     0.000254234               0
     0.61171171               0               0               0   -0.0025610177   -9.092691e-10  -4.8157861e-21   0.00029688669       13.524478   0.00025410625               0
     0.61381381               0               0               0   -0.0025602916  -9.0247823e-10  -6.5608586e-21    0.0002969462       13.517684    0.0002539785               0
     0.61591592               0               0               0   -0.0025595654  -8.9568735e-10  -8.3059312e-21   0.00029700572        13.51089   0.00025385075               0
     0.61801802               0               0               0   -0.0025588393  -8.8889648e-10  -1.0051004e-20   0.00029706523       13.504096     0.000253723               0
     0.62012012               0               0               0   -0.0025581131   -8.821056e-10  -1.1796076e-20   0.00029712475       13.497302   0.00025359525               0
     0.62222222               0               0               0   -0.0025573869  -8.7531473e-10  -1.3541149e-20   0.00029718426       13.490508    0.0002534675               0
     0.62432432               0               0               0   -0.0025566608  -8.6852385e-10  -1.5286221e-20   0.00029724378       13.483714   0.00025333976               0
     0.62642643               0               0               0   -0.0025559754  -8.6232165e-10   -1.758603e-20   0.00029726356       13.477312   0.00025321937               0
     0.62852853               0               0               0   -0.0025552959  -8.5620317e-10  -1.9964738e-20   0.00029727769       13.470965   0.00025310003               0
     0.63063063               0               0               0   -0.0025546164  -8.5008469e-10  -2.2343445e-20   0.00029729182       13.464618   0.00025298068               0
     0.63273273               0               0               0   -0.0025539369   -8.439662e-10  -2.4722152e-20   0.00029730595       13.458271   0.00025286134               0
     0.63483483               0               0               0   -0.0025532573  -8.3784772e-10   -2.710086e-20   0.00029732007       13.451925     0.000252742               0
     0.63693694               0               0               0   -0.0025525778  -8.3172924e-10  -2.9479567e-20    0.0002973342       13.445578   0.00025262266               0
     0.63903904               0               0               0   -0.0025518983  -8.2561076e-10  -3.1858274e-20   0.00029734833       13.439231   0.00025250332               0
     0.64114114               0               0               0   -0.0025512187  -8.1949228e-10  -3.4236982e-20   0.00029736246       13.432884   0.00025238398               0
     0.64324324               0               0               0   -0.0025505392   -8.133738e-10  -3.6615689e-20   0.00029737659       13.426538   0.00025226464               0
     0.64534535               0               0               0   -0.0025498908  -8.0768666e-10  -3.6105604e-20   0.00029735916       13.420489    0.0002521509               0
     0.64744745               0               0               0   -0.0025492546  -8.0216863e-10   -3.446302e-20   0.00029732936       13.414557   0.00025203936               0
     0.64954955               0               0               0   -0.0025486185  -7.9665059e-10  -3.2820436e-20   0.00029729956       13.408625   0.00025192782               0
     0.65165165               0               0               0   -0.0025479823  -7.9113256e-10  -3.1177851e-20   0.00029726975       13.402693   0.00025181628               0
     0.65375375               0               0               0   -0.0025473461  -7.8561452e-10  -2.9535267e-20   0.00029723995       13.396761   0.00025170474               0
     0.65585586               0               0               0     -0.00254671  -7.8009649e-10  -2.7892683e-20   0.00029721015        13.39083    0.0002515932               0
     0.65795796               0               0               0   -0.0025460738  -7.7457845e-10  -2.6250099e-20   0.00029718035       13.384898   0.00025148166               0
     0.66006006               0               0               0   -0.0025454376  -7.6906042e-10  -2.4607514e-20   0.00029715054       13.378966   0.00025137012               0
     0.66216216               0               0               0   -0.0025448015  -7.6354238e-10   -2.296493e-20   0.00029712074       13.373034   0.00025125857               0
     0.66426426               0               0               0   -0.0025441766  -7.5817555e-10  -2.1338889e-20   0.00029707932        13.36721   0.00025114906               0
     0.66636637               0               0               0   -0.0025435808  -7.5319763e-10  -1.9755402e-20   0.00029700801       13.361663   0.00025104476               0
     0.66846847               0               0               0    -0.002542985  -7.4821971e-10  -1.8171914e-20   0.00029693669       13.356116   0.00025094046               0
     0.67057057               0               0               0   -0.0025423891  -7.4324179e-10  -1.6588426e-20   0.00029686538        13.35057   0.00025083616               0
     0.67267267               0               0               0   -0.0025417933  -7.3826387e-10  -1.5004939e-20   0.00029679407       13.345023   0.00025073186               0
     0.67477477               0               0               0   -0.0025411975  -7.3328595e-10  -1.3421451e-20   0.00029672276       13.339476   0.00025062756               0
     0.67687688               0               0               0   -0.0025406017  -7.2830803e-10  -1.1837964e-20   0.00029665144       13.333929   0.00025052326               0
     0.67897898               0               0               0   -0.0025400059  -7.2333011e-10  -1.0254476e-20   0.00029658013       13.328383   0.00025041896               0
     0.68108108               0               0               0   -0.0025394101  -7.1835219e-10  -8.6709885e-21   0.00029650882       13.322836   0.00025031466               0
     0.68318318               0               0               0   -0.0025388143  -7.1337427e-10  -7.0875009e-21    0.0002964375       13.317289   0.00025021036               0
     0.68528529               0               0               0   -0.0025382392  -7.0866438e-10  -6.7063017e-21   0.00029634427        13.31194   0.00025010977               0
     0.68738739               0               0               0   -0.0025376809  -7.0417243e-10  -7.3027323e-21   0.00029623322       13.306751    0.0002500122               0
     0.68948949               0               0               0   -0.0025371227  -6.9968048e-10  -7.8991628e-21   0.00029612217       13.301562   0.00024991463               0
     0.69159159               0               0               0   -0.0025365644  -6.9518853e-10  -8.4955933e-21   0.00029601111       13.296372   0.00024981705               0
     0.69369369               0               0               0   -0.0025360061  -6.9069658e-10  -9.0920238e-21   0.00029590006       13.291183   0.00024971948               0
      0.6957958               0               0               0   -0.0025354479  -6.8620463e-10  -9.6884543e-21     0.000295789       13.285994    0.0002496219               0
      0.6978979               0               0               0   -0.0025348896  -6.8171268e-10  -1.0284885e-20   0.00029567795       13.280805   0.00024952433               0
            0.7               0               0               0   -0.0025343314  -6.7722074e-10  -1.0881315e-20    0.0002955669       13.275616   0.00024942676               0
      0.7021021               0               0               0   -0.0025337731  -6.7272879e-10  -1.1477746e-20   0.00029545584       13.270427   0.00024932918               0
      0.7042042               0               0               0   -0.0025332149  -6.6823684e-10  -1.2074176e-20   0.00029534479       13.265238   0.00024923161               0
     0.70630631               0               0               0   -0.0025326749  -6.6397332e-10  -1.2319038e-20   0.00029521375       13.260223   0.00024913731               0
     0.70840841               0               0               0   -0.0025321516   -6.599171e-10  -1.2244844e-20   0.00029506457       13.255366   0.00024904599               0
     0.71051051               0               0               0   -0.0025316283  -6.5586088e-10   -1.217065e-20   0.00029491539        13.25051   0.00024895466               0
     0.71261261               0               0               0    -0.002531105  -6.5180466e-10  -1.2096455e-20    0.0002947662       13.245653   0.00024886334               0
     0.71471471               0               0               0   -0.0025305818  -6.4774845e-10  -1.2022261e-20   0.00029461702       13.240796   0.00024877201               0
     0.71681682               0               0               0   -0.0025300585  -6.4369223e-10  -1.1948067e-20   0.00029446784       13.235939   0.00024868069               0
     0.71891892               0               0               0   -0.0025295352  -6.3963601e-10  -1.1873873e-20   0.00029431866       13.231083   0.00024858937               0
     0.72102102               0               0               0   -0.0025290119  -6.3557979e-10  -1.1799678e-20   0.00029416948       13.226226   0.00024849804               0
     0.72312312               0               0               0   -0.0025284886  -6.3152358e-10  -1.1725484e-20    0.0002940203       13.221369   0.00024840672               0
     0.72522523               0               0               0   -0.0025279653  -6.2746736e-10   -1.165129e-20   0.00029387112       13.216513   0.00024831539               0
     0.72732733               0               0               0   -0.0025274481  -6.2348512e-10  -1.1578432e-20   0.00029371512       13.211714   0.00024822517               0
     0.72942943               0               0               0   -0.0025269574  -6.1982053e-10  -1.1511314e-20   0.00029352987       13.207166   0.00024813965               0
     0.73153153               0               0               0   -0.0025264667  -6.1615595e-10  -1.1444195e-20   0.00029334461       13.202619   0.00024805414               0
     0.73363363               0               0               0    -0.002525976  -6.1249136e-10  -1.1377076e-20   0.00029315935       13.198071   0.00024796862               0
     0.73573574               0               0               0   -0.0025254853  -6.0882678e-10  -1.1309957e-20   0.00029297409       13.193523   0.00024788311               0
     0.73783784               0               0               0   -0.0025249945   -6.051622e-10  -1.1242839e-20   0.00029278884       13.188975    0.0002477976               0
     0.73993994               0               0               0   -0.0025245038  -6.0149761e-10   -1.117572e-20   0.00029260358       13.184428   0.00024771208               0
     0.74204204               0               0               0   -0.0025240131  -5.9783303e-10  -1.1108601e-20   0.00029241832        13.17988   0.00024762657               0
     0.74414414               0               0               0   -0.0025235224  -5.9416844e-10  -1.1041483e-20   0.00029223307       13.175332   0.00024754105               0
     0.74624625               0               0               0   -0.0025230317  -5.9050386e-10  -1.0974364e-20   0.00029204781       13.170785   0.00024745554               0
     0.74834835               0               0               0    -0.002522541  -5.8683927e-10  -1.0907245e-20   0.00029186255       13.166237   0.00024737003               0
     0.75045045               0               0               0   -0.0025220665  -5.8336353e-10  -1.0602217e-20   0.00029165896       13.161843   0.00024728741               0
     0.75255255               0               0               0   -0.0025216062  -5.8005124e-10  -1.0091247e-20   0.00029143949       13.157583    0.0002472073               0
     0.75465465               0               0               0   -0.0025211458  -5.7673895e-10  -9.5802775e-21   0.00029122003       13.153323   0.00024712719               0
     0.75675676               0               0               0   -0.0025206855  -5.7342667e-10  -9.0693078e-21   0.00029100056       13.149062   0.00024704708               0
     0.75885886               0               0               0   -0.0025202251  -5.7011438e-10   -8.558338e-21    0.0002907811       13.144802   0.00024696698               0
     0.76096096               0               0               0   -0.0025197648   -5.668021e-10  -8.0473682e-21   0.00029056163       13.140542   0.00024688687               0
     0.76306306               0               0               0   -0.0025193044  -5.6348981e-10  -7.5363984e-21   0.00029034217       13.136281   0.00024680676               0
     0.76516517               0               0               0   -0.0025188441  -5.6017752e-10  -7.0254286e-21    0.0002901227       13.132021   0.00024672665               0
     0.76726727               0               0               0   -0.0025183837  -5.5686524e-10  -6.5144588e-21   0.00028990324       13.127761   0.00024664654               0
     0.76936937               0               0               0   -0.0025179234  -5.5355295e-10   -6.003489e-21   0.00028968377       13.123501   0.00024656643               0
     0.77147147               0               0               0    -0.002517463  -5.5024066e-10  -5.4925192e-21   0.00028946431        13.11924   0.00024648632               0
     0.77357357               0               0               0   -0.0025170184   -5.471046e-10  -5.0069576e-21   0.00028922688       13.115129   0.00024640901               0
     0.77567568               0               0               0   -0.0025165864  -5.4410935e-10   -4.541698e-21    0.0002889751       13.111136   0.00024633393               0
     0.77777778               0               0               0   -0.0025161544  -5.4111409e-10  -4.0764385e-21   0.00028872332       13.107143   0.00024625885               0
     0.77987988               0               0               0   -0.0025157223  -5.3811884e-10   -3.611179e-21   0.00028847154       13.103151   0.00024618378               0
     0.78198198               0               0               0   -0.0025152903  -5.3512358e-10  -3.1459194e-21   0.00028821976       13.099158    0.0002461087               0
     0.78408408               0               0               0   -0.0025148583  -5.3212833e-10  -2.6806599e-21   0.00028796798       13.095165   0.00024603362               0
     0.78618619               0               0               0   -0.0025144262  -5.2913307e-10  -2.2154004e-21    0.0002877162       13.091173   0.00024595854               0
     0.78828829               0               0               0   -0.0025139942  -5.2613782e-10  -1.7501408e-21   0.00028746442        13.08718   0.00024588346               0
     0.79039039               0               0               0   -0.0025135621  -5.2314257e-10  -1.2848813e-21   0.00028721264       13.083187   0.00024580838               0
     0.79249249               0               0               0   -0.0025131301  -5.2014731e-10  -8.1962175e-22   0.00028696086       13.079194   0.00024573331               0
     0.79459459               0               0               0   -0.0025126981  -5.1715206e-10  -3.5436221e-22   0.00028670908       13.075202   0.00024565823               0
      0.7966967               0               0               0   -0.0025122723  -5.1422483e-10  -8.9138734e-23   0.00028645005       13.071268   0.00024558426               0
      0.7987988               0               0               0   -0.0025118667  -5.1151496e-10   -4.631121e-22   0.00028616782       13.067525   0.00024551387               0
      0.8009009               0               0               0   -0.0025114611   -5.088051e-10  -8.3708547e-22    0.0002858856       13.063781   0.00024544348               0
       0.803003               0               0               0   -0.0025110555  -5.0609523e-10  -1.2110588e-21   0.00028560337       13.060038   0.00024537308               0
     0.80510511               0               0               0   -0.0025106499  -5.0338537e-10  -1.5850322e-21   0.00028532114       13.056294   0.00024530269               0
     0.80720721               0               0               0   -0.0025102443  -5.0067551e-10  -1.9590056e-21   0.00028503892       13.052551   0.00024523229               0
     0.80930931               0               0               0   -0.0025098386  -4.9796564e-10  -2.3329789e-21   0.00028475669       13.048807    0.0002451619               0
     0.81141141               0               0               0    -0.002509433  -4.9525578e-10  -2.7069523e-21   0.00028447447       13.045063    0.0002450915               0
     0.81351351               0               0               0   -0.0025090274  -4.9254591e-10  -3.0809257e-21   0.00028419224        13.04132   0.00024502111               0
     0.81561562               0               0               0   -0.0025086218  -4.8983605e-10  -3.4548991e-21   0.00028391001       13.037576   0.00024495071               0
     0.81771772               0               0               0   -0.0025082162  -4.8712618e-10  -3.8288724e-21   0.00028362779       13.033833   0.00024488032               0
     0.81981982               0               0               0   -0.0025078106  -4.8441632e-10  -4.2028458e-21   0.00028334556       13.030089   0.00024480993               0
     0.82192192               0               0               0   -0.0025074191  -4.8185395e-10  -4.3624772e-21   0.00028304694       13.026479   0.00024474203               0
     0.82402402               0               0               0   -0.0025070381  -4.7940141e-10  -4.3624842e-21    0.0002827361       13.022967     0.000244676               0
     0.82612613               0               0               0   -0.0025066571  -4.7694887e-10  -4.3624912e-21   0.00028242526       13.019456   0.00024460997               0
     0.82822823               0               0               0   -0.0025062762  -4.7449634e-10  -4.3624982e-21   0.00028211442       13.015944   0.00024454394               0
     0.83033033               0               0               0   -0.0025058952   -4.720438e-10  -4.3625052e-21   0.00028180358       13.012432   0.00024447791               0
     0.83243243               0               0               0   -0.0025055142  -4.6959126e-10  -4.3625122e-21   0.00028149274       13.008921   0.00024441188               0
     0.83453453               0               0               0   -0.0025051333  -4.6713873e-10  -4.3625193e-21    0.0002811819       13.005409   0.00024434585               0
     0.83663664               0               0               0   -0.0025047523  -4.6468619e-10  -4.3625263e-21   0.00028087106       13.001898   0.00024427982               0
     0.83873874               0               0               0   -0.0025043714  -4.6223366e-10  -4.3625333e-21   0.00028056022       12.998386   0.00024421379               0
     0.84084084               0               0               0   -0.0025039904  -4.5978112e-10  -4.3625403e-21   0.00028024938       12.994875   0.00024414776               0
     0.84294294               0               0               0   -0.0025036094  -4.5732858e-10  -4.3625473e-21   0.00027993854       12.991363   0.00024408173               0
     0.84504505               0               0               0   -0.0025032285  -4.5487605e-10  -4.3625543e-21    0.0002796277       12.987852    0.0002440157               0
     0.84714715               0               0               0   -0.0025028602  -4.5255103e-10  -4.3400675e-21   0.00027930213       12.984459    0.0002439519               0
     0.84924925               0               0               0   -0.0025025022  -4.5033052e-10  -4.2991451e-21   0.00027896447       12.981164   0.00024388994               0
     0.85135135               0               0               0   -0.0025021443  -4.4811001e-10  -4.2582227e-21   0.00027862682       12.977869   0.00024382797               0
     0.85345345               0               0               0   -0.0025017863   -4.458895e-10  -4.2173004e-21   0.00027828917       12.974573   0.00024376601               0
     0.85555556               0               0               0   -0.0025014284  -4.4366899e-10   -4.176378e-21   0.00027795151       12.971278   0.00024370405               0
     0.85765766               0               0               0   -0.0025010704  -4.4144848e-10  -4.1354557e-21   0.00027761386       12.967983   0.00024364208               0
     0.85975976               0               0               0   -0.0025007125  -4.3922797e-10  -4.0945333e-21   0.00027727621       12.964688   0.00024358012               0
     0.86186186               0               0               0   -0.0025003545  -4.3700746e-10   -4.053611e-21   0.00027693855       12.961392   0.00024351816               0
     0.86396396               0               0               0   -0.0024999966  -4.3478694e-10  -4.0126886e-21    0.0002766009       12.958097   0.00024345619               0
     0.86606607               0               0               0   -0.0024996387  -4.3256643e-10  -3.9717663e-21   0.00027626325       12.954802   0.00024339423               0
     0.86816817               0               0               0   -0.0024992807  -4.3034592e-10  -3.9308439e-21   0.00027592559       12.951507   0.00024333227               0
     0.87027027               0               0               0   -0.0024989228  -4.2812541e-10  -3.8899215e-21   0.00027558794       12.948211    0.0002432703               0
     0.87237237               0               0               0   -0.0024985682  -4.2593764e-10  -3.8554088e-21   0.00027524636       12.944948   0.00024320893               0
     0.87447447               0               0               0   -0.0024982317  -4.2392613e-10  -3.8554154e-21   0.00027488366       12.941854   0.00024315076               0
     0.87657658               0               0               0   -0.0024978953  -4.2191463e-10   -3.855422e-21   0.00027452096       12.938761   0.00024309259               0
     0.87867868               0               0               0   -0.0024975588  -4.1990313e-10  -3.8554286e-21   0.00027415826       12.935667   0.00024303442               0
     0.88078078               0               0               0   -0.0024972224  -4.1789163e-10  -3.8554352e-21   0.00027379556       12.932574   0.00024297625               0
     0.88288288               0               0               0   -0.0024968859  -4.1588012e-10  -3.8554418e-21   0.00027343286        12.92948   0.00024291808               0
     0.88498498               0               0               0   -0.0024965495  -4.1386862e-10  -3.8554484e-21   0.00027307016       12.926387   0.00024285991               0
     0.88708709               0               0               0    -0.002496213  -4.1185712e-10  -3.8554549e-21   0.00027270746       12.923293   0.00024280174               0
     0.88918919               0               0               0   -0.0024958766  -4.0984562e-10  -3.8554615e-21   0.00027234476       12.920199   0.00024274357               0
     0.89129129               0               0               0   -0.0024955401  -4.0783412e-10  -3.8554681e-21   0.00027198206       12.917106    0.0002426854               0
     0.89339339               0               0               0   -0.0024952037  -4.0582261e-10  -3.8554747e-21   0.00027161936       12.914012   0.00024262722               0
      0.8954955               0               0               0   -0.0024948672  -4.0381111e-10  -3.8554813e-21   0.00027125666       12.910919   0.00024256905               0
      0.8975976               0               0               0   -0.0024945308  -4.0179961e-10  -3.8554879e-21   0.00027089396       12.907825   0.00024251088               0
      0.8996997               0               0               0    -0.002494202  -3.9986029e-10  -3.7433692e-21   0.00027052234       12.904804   0.00024245407               0
      0.9018018               0               0               0   -0.0024938857  -3.9803732e-10  -3.4505357e-21   0.00027013633       12.901898   0.00024239943               0
      0.9039039               0               0               0   -0.0024935693  -3.9621435e-10  -3.1577021e-21   0.00026975033       12.898993    0.0002423448               0
     0.90600601               0               0               0    -0.002493253  -3.9439138e-10  -2.8648686e-21   0.00026936433       12.896088   0.00024229017               0
     0.90810811               0               0               0   -0.0024929366  -3.9256841e-10   -2.572035e-21   0.00026897833       12.893182   0.00024223553               0
     0.91021021               0               0               0   -0.0024926202  -3.9074543e-10  -2.2792014e-21   0.00026859232       12.890277    0.0002421809               0
     0.91231231               0               0               0   -0.0024923039  -3.8892246e-10  -1.9863679e-21   0.00026820632       12.887372   0.00024212627               0
     0.91441441               0               0               0   -0.0024919875  -3.8709949e-10  -1.6935343e-21   0.00026782032       12.884466   0.00024207163               0
     0.91651652               0               0               0   -0.0024916712  -3.8527652e-10  -1.4007008e-21   0.00026743432       12.881561     0.000242017               0
     0.91861862               0               0               0   -0.0024913548  -3.8345355e-10  -1.1078672e-21   0.00026704831       12.878655   0.00024196237               0
     0.92072072               0               0               0   -0.0024910384  -3.8163057e-10  -8.1503368e-22   0.00026666231        12.87575   0.00024190773               0
     0.92282282               0               0               0   -0.0024907221   -3.798076e-10  -5.2220013e-22   0.00026627631       12.872845    0.0002418531               0
     0.92492492               0               0               0   -0.0024904057  -3.7798463e-10  -2.2936658e-22    0.0002658903       12.869939   0.00024179847               0
     0.92702703               0               0               0   -0.0024900934  -3.7619855e-10  -1.0259211e-22   0.00026549962       12.867072   0.00024174455               0
     0.92912913               0               0               0   -0.0024897958  -3.7454582e-10  -5.7594712e-22   0.00026509203       12.864342   0.00024169322               0
     0.93123123               0               0               0   -0.0024894983  -3.7289308e-10  -1.0493021e-21   0.00026468444       12.861613   0.00024164189               0
     0.93333333               0               0               0   -0.0024892007  -3.7124034e-10  -1.5226571e-21   0.00026427685       12.858883   0.00024159055               0
     0.93543544               0               0               0   -0.0024889031   -3.695876e-10  -1.9960121e-21   0.00026386925       12.856153   0.00024153922               0
     0.93753754               0               0               0   -0.0024886055  -3.6793486e-10  -2.4693671e-21   0.00026346166       12.853423   0.00024148789               0
     0.93963964               0               0               0    -0.002488308  -3.6628212e-10  -2.9427222e-21   0.00026305407       12.850693   0.00024143656               0
     0.94174174               0               0               0   -0.0024880104  -3.6462938e-10  -3.4160772e-21   0.00026264648       12.847964   0.00024138523               0
     0.94384384               0               0               0   -0.0024877128  -3.6297665e-10  -3.8894322e-21   0.00026223888       12.845234    0.0002413339               0
     0.94594595               0               0               0   -0.0024874152  -3.6132391e-10  -4.3627872e-21   0.00026183129       12.842504   0.00024128257               0
     0.94804805               0               0               0   -0.0024871176  -3.5967117e-10  -4.8361422e-21    0.0002614237       12.839774   0.00024123124               0
     0.95015015               0               0               0   -0.0024868201  -3.5801843e-10  -5.3094972e-21   0.00026101611       12.837044    0.0002411799               0
     0.95225225               0               0               0   -0.0024865225  -3.5636569e-10  -5.7828522e-21   0.00026060851       12.834315   0.00024112857               0
     0.95435435               0               0               0   -0.0024862249  -3.5471295e-10  -6.2562072e-21   0.00026020092       12.831585   0.00024107724               0
     0.95645646               0               0               0   -0.0024859387  -3.5315957e-10  -6.4237433e-21   0.00025978046       12.828961    0.0002410279               0
     0.95855856               0               0               0   -0.0024856587  -3.5166061e-10  -6.4237553e-21   0.00025935295       12.826395   0.00024097965               0
     0.96066066               0               0               0   -0.0024853786  -3.5016166e-10  -6.4237673e-21   0.00025892544       12.823829    0.0002409314               0
     0.96276276               0               0               0   -0.0024850986   -3.486627e-10  -6.4237793e-21   0.00025849793       12.821263   0.00024088316               0
     0.96486486               0               0               0   -0.0024848186  -3.4716374e-10  -6.4237913e-21   0.00025807042       12.818698   0.00024083491               0
     0.96696697               0               0               0   -0.0024845386  -3.4566478e-10  -6.4238034e-21   0.00025764291       12.816132   0.00024078666               0
     0.96906907               0               0               0   -0.0024842586  -3.4416583e-10  -6.4238154e-21    0.0002572154       12.813566   0.00024073841               0
     0.97117117               0               0               0   -0.0024839786  -3.4266687e-10  -6.4238274e-21   0.00025678789          12.811   0.00024069016               0
     0.97327327               0               0               0   -0.0024836986  -3.4116791e-10  -6.4238394e-21   0.00025636038       12.808434   0.00024064191               0
     0.97537538               0               0               0   -0.0024834185  -3.3966896e-10  -6.4238514e-21   0.00025593287       12.805868   0.00024059367               0
     0.97747748               0               0               0   -0.0024831385     -3.3817e-10  -6.4238634e-21   0.00025550536       12.803302   0.00024054542               0
     0.97957958               0               0               0   -0.0024828585  -3.3667104e-10  -6.4238754e-21   0.00025507785       12.800737   0.00024049717               0
     0.98168168               0               0               0   -0.0024825785  -3.3517208e-10  -6.4238874e-21   0.00025465034       12.798171   0.00024044892               0
     0.98378378               0               0               0   -0.0024822985  -3.3367313e-10  -6.4238994e-21   0.00025422283       12.795605   0.00024040067               0
     0.98588589               0               0               0   -0.0024820293   -3.322657e-10  -6.6509547e-21   0.00025378329        12.79314   0.00024035432               0
     0.98798799               0               0               0   -0.0024817657  -3.3090574e-10  -6.9957505e-21    0.0002533375       12.790727   0.00024030895               0
     0.99009009               0               0               0   -0.0024815021  -3.2954578e-10  -7.3405462e-21   0.00025289172       12.788314   0.00024026358               0
     0.99219219               0               0               0   -0.0024812386  -3.2818582e-10   -7.685342e-21   0.00025244593       12.785902   0.00024021821               0
     0.99429429               0               0               0    -0.002480975  -3.2682586e-10  -8.0301377e-21   0.00025200014       12.783489   0.00024017284               0
      0.9963964               0               0               0   -0.0024807114   -3.254659e-10  -8.3749335e-21   0.00025155436       12.781076   0.00024012748               0
      0.9984985               0               0               0   -0.0024804478  -3.2410594e-10  -8.7197292e-21   0.00025110857       12.778664   0.00024008211               0
      1.0006006               0               0               0   -0.0024801842  -3.2274598e-10   -9.064525e-21   0.00025066279       12.776251   0.00024003674               0
      1.0027027               0               0               0   -0.0024799206  -3.2138602e-10  -9.4093208e-21     0.000250217       12.773838   0.00023999137               0
      1.0048048               0               0               0   -0.0024796571  -3.2002606e-10  -9.7541165e-21   0.00024977121       12.771425     0.000239946               0
      1.0069069               0               0               0   -0.0024793935   -3.186661e-10  -1.0098912e-20   0.00024932543       12.769013   0.00023990063               0
       1.009009               0               0               0   -0.0024791299  -3.1730614e-10  -1.0443708e-20   0.00024887964         12.7666   0.00023985526               0
      1.0111111               0               0               0   -0.0024788663  -3.1594617e-10  -1.0788504e-20   0.00024843385       12.764187   0.00023980989               0
      1.0132132               0               0               0   -0.0024786027  -3.1458621e-10    -1.11333e-20   0.00024798807       12.761775   0.00023976453               0
      1.0153153               0               0               0   -0.0024783429  -3.1325652e-10  -1.1394935e-20   0.00024753826       12.759396   0.00023971981               0
      1.0174174               0               0               0   -0.0024780946  -3.1202205e-10  -1.1394958e-20   0.00024707582       12.757127   0.00023967713               0
      1.0195195               0               0               0   -0.0024778464  -3.1078758e-10   -1.139498e-20   0.00024661337       12.754857   0.00023963445               0
      1.0216216               0               0               0   -0.0024775982  -3.0955311e-10  -1.1395003e-20   0.00024615093       12.752587   0.00023959177               0
      1.0237237               0               0               0     -0.00247735  -3.0831864e-10  -1.1395025e-20   0.00024568848       12.750318    0.0002395491               0
      1.0258258               0               0               0   -0.0024771018  -3.0708417e-10  -1.1395048e-20   0.00024522604       12.748048   0.00023950642               0
      1.0279279               0               0               0   -0.0024768536   -3.058497e-10  -1.1395071e-20   0.00024476359       12.745779   0.00023946374               0
        1.03003               0               0               0   -0.0024766054  -3.0461523e-10  -1.1395093e-20   0.00024430115       12.743509   0.00023942106               0
      1.0321321               0               0               0   -0.0024763572  -3.0338076e-10  -1.1395116e-20    0.0002438387       12.741239   0.00023937839               0
      1.0342342               0               0               0   -0.0024761089  -3.0214629e-10  -1.1395139e-20   0.00024337626        12.73897   0.00023933571               0
      1.0363363               0               0               0   -0.0024758607  -3.0091182e-10  -1.1395161e-20   0.00024291381         12.7367   0.00023929303               0
      1.0384384               0               0               0   -0.0024756125  -2.9967735e-10  -1.1395184e-20   0.00024245137       12.734431   0.00023925036               0
      1.0405405               0               0               0   -0.0024753643  -2.9844288e-10  -1.1395206e-20   0.00024198892       12.732161   0.00023920768               0
      1.0426426               0               0               0   -0.0024751161  -2.9720841e-10  -1.1395229e-20   0.00024152647       12.729891     0.000239165               0
      1.0447447               0               0               0   -0.0024748679  -2.9597394e-10  -1.1395252e-20   0.00024106403       12.727622   0.00023912232               0
      1.0468468               0               0               0   -0.0024746252  -2.9478268e-10   -1.111184e-20   0.00024059585       12.725403    0.0002390806               0
      1.0489489               0               0               0   -0.0024743913  -2.9366163e-10  -1.0367867e-20   0.00024011834       12.723267   0.00023904044               0
      1.0510511               0               0               0   -0.0024741575  -2.9254058e-10  -9.6238946e-21   0.00023964083       12.721132   0.00023900028               0
      1.0531532               0               0               0   -0.0024739237  -2.9141953e-10   -8.879922e-21   0.00023916333       12.718996   0.00023896012               0
      1.0552553               0               0               0   -0.0024736899  -2.9029848e-10  -8.1359495e-21   0.00023868582        12.71686   0.00023891996               0
      1.0573574               0               0               0   -0.0024734561  -2.8917744e-10  -7.3919769e-21   0.00023820832       12.714724    0.0002388798               0
      1.0594595               0               0               0   -0.0024732223  -2.8805639e-10  -6.6480044e-21   0.00023773081       12.712589   0.00023883964               0
      1.0615616               0               0               0   -0.0024729885  -2.8693534e-10  -5.9040318e-21    0.0002372533       12.710453   0.00023879948               0
      1.0636637               0               0               0   -0.0024727547  -2.8581429e-10  -5.1600593e-21    0.0002367758       12.708317   0.00023875932               0
      1.0657658               0               0               0   -0.0024725208  -2.8469324e-10  -4.4160867e-21   0.00023629829       12.706181   0.00023871915               0
      1.0678679               0               0               0    -0.002472287  -2.8357219e-10  -3.6721141e-21   0.00023582079       12.704045   0.00023867899               0
        1.06997               0               0               0   -0.0024720532  -2.8245114e-10  -2.9281416e-21   0.00023534328        12.70191   0.00023863883               0
      1.0720721               0               0               0   -0.0024718194  -2.8133009e-10   -2.184169e-21   0.00023486577       12.699774   0.00023859867               0
      1.0741742               0               0               0   -0.0024715856  -2.8020904e-10  -1.4401965e-21   0.00023438827       12.697638   0.00023855851               0
      1.0762763               0               0               0   -0.0024713518  -2.7908799e-10  -6.9622394e-22   0.00023391076       12.695502   0.00023851835               0
      1.0783784               0               0               0   -0.0024711188  -2.7797353e-10               0   0.00023343239       12.693375   0.00023847834               0
      1.0804805               0               0               0   -0.0024708985  -2.7695513e-10               0   0.00023294141       12.691364   0.00023844053               0
      1.0825826               0               0               0   -0.0024706782  -2.7593672e-10               0   0.00023245043       12.689354   0.00023840272               0
      1.0846847               0               0               0   -0.0024704579  -2.7491832e-10               0   0.00023195945       12.687343   0.00023836491               0
      1.0867868               0               0               0   -0.0024702375  -2.7389992e-10               0   0.00023146846       12.685332   0.00023832711               0
      1.0888889               0               0               0   -0.0024700172  -2.7288151e-10               0   0.00023097748       12.683322    0.0002382893               0
       1.090991               0               0               0   -0.0024697969  -2.7186311e-10               0    0.0002304865       12.681311   0.00023825149               0
      1.0930931               0               0               0   -0.0024695765   -2.708447e-10               0   0.00022999552       12.679301   0.00023821368               0
      1.0951952               0               0               0   -0.0024693562   -2.698263e-10               0   0.00022950454        12.67729   0.00023817587               0
      1.0972973               0               0               0   -0.0024691359   -2.688079e-10               0   0.00022901356       12.675279   0.00023813807               0
      1.0993994               0               0               0   -0.0024689156  -2.6778949e-10               0   0.00022852258       12.673269   0.00023810026               0
      1.1015015               0               0               0   -0.0024686952  -2.6677109e-10               0    0.0002280316       12.671258   0.00023806245               0
      1.1036036               0               0               0   -0.0024684749  -2.6575268e-10               0   0.00022754062       12.669248   0.00023802464               0
      1.1057057               0               0               0   -0.0024682546  -2.6473428e-10               0   0.00022704963       12.667237   0.00023798683               0
      1.1078078               0               0               0   -0.0024680342  -2.6371588e-10               0   0.00022655865       12.665226   0.00023794902               0
      1.1099099               0               0               0   -0.0024678139  -2.6269747e-10               0   0.00022606767       12.663216   0.00023791122               0
       1.112012               0               0               0   -0.0024675971  -2.6170477e-10  -7.6562442e-23    0.0002255734       12.661238   0.00023787402               0
      1.1141141               0               0               0   -0.0024673894  -2.6077919e-10  -3.5313132e-22   0.00022507052       12.659344   0.00023783841               0
      1.1162162               0               0               0   -0.0024671817  -2.5985362e-10  -6.2970019e-22   0.00022456765       12.657451   0.00023780281               0
      1.1183183               0               0               0    -0.002466974  -2.5892805e-10  -9.0626907e-22   0.00022406477       12.655557    0.0002377672               0
      1.1204204               0               0               0   -0.0024667663  -2.5800248e-10  -1.1828379e-21   0.00022356189       12.653664    0.0002377316               0
      1.1225225               0               0               0   -0.0024665586   -2.570769e-10  -1.4594068e-21   0.00022305902        12.65177   0.00023769599               0
      1.1246246               0               0               0   -0.0024663509  -2.5615133e-10  -1.7359757e-21   0.00022255614       12.649876   0.00023766038               0
      1.1267267               0               0               0   -0.0024661432  -2.5522576e-10  -2.0125446e-21   0.00022205327       12.647983   0.00023762478               0
      1.1288288               0               0               0   -0.0024659355  -2.5430019e-10  -2.2891134e-21   0.00022155039       12.646089   0.00023758917               0
      1.1309309               0               0               0   -0.0024657279  -2.5337461e-10  -2.5656823e-21   0.00022104751       12.644196   0.00023755357               0
       1.133033               0               0               0   -0.0024655202  -2.5244904e-10  -2.8422512e-21   0.00022054464       12.642302   0.00023751796               0
      1.1351351               0               0               0   -0.0024653125  -2.5152347e-10  -3.1188201e-21   0.00022004176       12.640409   0.00023748236               0
      1.1372372               0               0               0   -0.0024651048   -2.505979e-10   -3.395389e-21   0.00021953889       12.638515   0.00023744675               0
      1.1393393               0               0               0   -0.0024648971  -2.4967232e-10  -3.6719578e-21   0.00021903601       12.636622   0.00023741114               0
      1.1414414               0               0               0   -0.0024646894  -2.4874675e-10  -3.9485267e-21   0.00021853313       12.634728   0.00023737554               0
      1.1435435               0               0               0   -0.0024644817  -2.4782118e-10  -4.2250956e-21   0.00021803026       12.632835   0.00023733993               0
      1.1456456               0               0               0   -0.0024642741  -2.4689598e-10  -4.5004328e-21   0.00021752734       12.630942   0.00023730434               0
      1.1477477               0               0               0   -0.0024640782  -2.4605447e-10  -4.5004429e-21   0.00021701414       12.629158   0.00023727079               0
      1.1498498               0               0               0   -0.0024638824  -2.4521297e-10   -4.500453e-21   0.00021650095       12.627374   0.00023723725               0
       1.151952               0               0               0   -0.0024636865  -2.4437146e-10  -4.5004631e-21   0.00021598776        12.62559    0.0002372037               0
      1.1540541               0               0               0   -0.0024634907  -2.4352995e-10  -4.5004732e-21   0.00021547456       12.623806   0.00023717016               0
      1.1561562               0               0               0   -0.0024632948  -2.4268845e-10  -4.5004832e-21   0.00021496137       12.622022   0.00023713661               0
      1.1582583               0               0               0    -0.002463099  -2.4184694e-10  -4.5004933e-21   0.00021444818       12.620238   0.00023710307               0
      1.1603604               0               0               0   -0.0024629031  -2.4100543e-10  -4.5005034e-21   0.00021393498       12.618455   0.00023706953               0
      1.1624625               0               0               0   -0.0024627073  -2.4016393e-10  -4.5005135e-21   0.00021342179       12.616671   0.00023703598               0
      1.1645646               0               0               0   -0.0024625114  -2.3932242e-10  -4.5005236e-21    0.0002129086       12.614887   0.00023700244               0
      1.1666667               0               0               0   -0.0024623156  -2.3848091e-10  -4.5005337e-21    0.0002123954       12.613103   0.00023696889               0
      1.1687688               0               0               0   -0.0024621197  -2.3763941e-10  -4.5005438e-21   0.00021188221       12.611319   0.00023693535               0
      1.1708709               0               0               0   -0.0024619239   -2.367979e-10  -4.5005539e-21   0.00021136902       12.609535    0.0002369018               0
       1.172973               0               0               0   -0.0024617281  -2.3595639e-10  -4.5005639e-21   0.00021085583       12.607751   0.00023686826               0
      1.1750751               0               0               0   -0.0024615322  -2.3511489e-10   -4.500574e-21   0.00021034263       12.605967   0.00023683472               0
      1.1771772               0               0               0   -0.0024613364  -2.3427338e-10  -4.5005841e-21   0.00020982944       12.604183   0.00023680117               0
      1.1792793               0               0               0   -0.0024611405  -2.3343187e-10  -4.5005942e-21   0.00020931625         12.6024   0.00023676763               0
      1.1813814               0               0               0   -0.0024609472  -2.3260805e-10  -4.4401646e-21   0.00020880103       12.600639   0.00023673453               0
      1.1834835               0               0               0   -0.0024607625  -2.3184273e-10  -4.1798274e-21   0.00020827912       12.598958   0.00023670292               0
      1.1855856               0               0               0   -0.0024605778  -2.3107741e-10  -3.9194903e-21   0.00020775722       12.597277    0.0002366713               0
      1.1876877               0               0               0    -0.002460393  -2.3031209e-10  -3.6591531e-21   0.00020723531       12.595596   0.00023663969               0
      1.1897898               0               0               0   -0.0024602083  -2.2954677e-10  -3.3988159e-21    0.0002067134       12.593915   0.00023660808               0
      1.1918919               0               0               0   -0.0024600235  -2.2878145e-10  -3.1384787e-21   0.00020619149       12.592233   0.00023657646               0
       1.193994               0               0               0   -0.0024598388  -2.2801613e-10  -2.8781416e-21   0.00020566959       12.590552   0.00023654485               0
      1.1960961               0               0               0    -0.002459654  -2.2725081e-10  -2.6178044e-21   0.00020514768       12.588871   0.00023651323               0
      1.1981982               0               0               0   -0.0024594693  -2.2648549e-10  -2.3574672e-21   0.00020462577        12.58719   0.00023648162               0
      1.2003003               0               0               0   -0.0024592846  -2.2572017e-10    -2.09713e-21   0.00020410387       12.585509   0.00023645001               0
      1.2024024               0               0               0   -0.0024590998  -2.2495485e-10  -1.8367929e-21   0.00020358196       12.583827   0.00023641839               0
      1.2045045               0               0               0   -0.0024589151  -2.2418953e-10  -1.5764557e-21   0.00020306005       12.582146   0.00023638678               0
      1.2066066               0               0               0   -0.0024587303  -2.2342421e-10  -1.3161185e-21   0.00020253814       12.580465   0.00023635516               0
      1.2087087               0               0               0   -0.0024585456  -2.2265889e-10  -1.0557813e-21   0.00020201624       12.578784   0.00023632355               0
      1.2108108               0               0               0   -0.0024583609  -2.2189357e-10  -7.9544417e-22   0.00020149433       12.577103   0.00023629194               0
      1.2129129               0               0               0   -0.0024581761  -2.2112825e-10  -5.3510699e-22   0.00020097242       12.575421   0.00023626032               0
       1.215015               0               0               0   -0.0024579914  -2.2036293e-10  -2.7476982e-22   0.00020045052        12.57374   0.00023622871               0
      1.2171171               0               0               0   -0.0024578066  -2.1959761e-10   -1.443264e-23   0.00019992861       12.572059   0.00023619709               0
      1.2192192               0               0               0   -0.0024576317  -2.1889742e-10  -2.0058161e-22       0.0001994       12.570469   0.00023616719               0
      1.2213213               0               0               0   -0.0024574574  -2.1820104e-10  -4.1293576e-22   0.00019887101       12.568884   0.00023613738               0
      1.2234234               0               0               0   -0.0024572831  -2.1750467e-10  -6.2528991e-22   0.00019834201       12.567299   0.00023610758               0
      1.2255255               0               0               0   -0.0024571087   -2.168083e-10  -8.3764406e-22   0.00019781301       12.565714   0.00023607777               0
      1.2276276               0               0               0   -0.0024569344  -2.1611193e-10  -1.0499982e-21   0.00019728401       12.564129   0.00023604797               0
      1.2297297               0               0               0   -0.0024567601  -2.1541556e-10  -1.2623524e-21   0.00019675502       12.562544   0.00023601816               0
      1.2318318               0               0               0   -0.0024565858  -2.1471919e-10  -1.4747065e-21   0.00019622602       12.560959   0.00023598836               0
      1.2339339               0               0               0   -0.0024564114  -2.1402282e-10  -1.6870607e-21   0.00019569702       12.559374   0.00023595855               0
       1.236036               0               0               0   -0.0024562371  -2.1332645e-10  -1.8994148e-21   0.00019516802       12.557788   0.00023592875               0
      1.2381381               0               0               0   -0.0024560628  -2.1263007e-10   -2.111769e-21   0.00019463902       12.556203   0.00023589894               0
      1.2402402               0               0               0   -0.0024558885   -2.119337e-10  -2.3241231e-21   0.00019411003       12.554618   0.00023586914               0
      1.2423423               0               0               0   -0.0024557141  -2.1123733e-10  -2.5364773e-21   0.00019358103       12.553033   0.00023583933               0
      1.2444444               0               0               0   -0.0024555398  -2.1054096e-10  -2.7488314e-21   0.00019305203       12.551448   0.00023580953               0
      1.2465465               0               0               0   -0.0024553655  -2.0984459e-10  -2.9611856e-21   0.00019252303       12.549863   0.00023577972               0
      1.2486486               0               0               0   -0.0024551912  -2.0914822e-10  -3.1735397e-21   0.00019199404       12.548278   0.00023574992               0
      1.2507508               0               0               0   -0.0024550168  -2.0845185e-10  -3.3858939e-21   0.00019146504       12.546693   0.00023572011               0
      1.2528529               0               0               0   -0.0024548425  -2.0775547e-10   -3.598248e-21   0.00019093604       12.545108   0.00023569031               0
       1.254955               0               0               0   -0.0024546694  -2.0706697e-10   -3.783877e-21   0.00019040636       12.543535   0.00023566072               0
      1.2570571               0               0               0   -0.0024545049  -2.0643308e-10  -3.7838863e-21   0.00018987196        12.54204   0.00023563261               0
      1.2591592               0               0               0   -0.0024543403   -2.057992e-10  -3.7838956e-21   0.00018933756       12.540545    0.0002356045               0
      1.2612613               0               0               0   -0.0024541758  -2.0516532e-10  -3.7839049e-21   0.00018880316        12.53905   0.00023557639               0
      1.2633634               0               0               0   -0.0024540112  -2.0453144e-10  -3.7839142e-21   0.00018826877       12.537555   0.00023554828               0
      1.2654655               0               0               0   -0.0024538467  -2.0389755e-10  -3.7839235e-21   0.00018773437        12.53606   0.00023552017               0
      1.2675676               0               0               0   -0.0024536821  -2.0326367e-10  -3.7839327e-21   0.00018719997       12.534565   0.00023549206               0
      1.2696697               0               0               0   -0.0024535176  -2.0262979e-10   -3.783942e-21   0.00018666557       12.533071   0.00023546395               0
      1.2717718               0               0               0    -0.002453353   -2.019959e-10  -3.7839513e-21   0.00018613117       12.531576   0.00023543584               0
      1.2738739               0               0               0   -0.0024531885  -2.0136202e-10  -3.7839606e-21   0.00018559677       12.530081   0.00023540773               0
       1.275976               0               0               0    -0.002453024  -2.0072814e-10  -3.7839699e-21   0.00018506237       12.528586   0.00023537962               0
      1.2780781               0               0               0   -0.0024528594  -2.0009426e-10  -3.7839792e-21   0.00018452797       12.527091   0.00023535151               0
      1.2801802               0               0               0   -0.0024526949  -1.9946037e-10  -3.7839884e-21   0.00018399357       12.525596    0.0002353234               0
      1.2822823               0               0               0   -0.0024525303  -1.9882649e-10  -3.7839977e-21   0.00018345917       12.524101   0.00023529529               0
      1.2843844               0               0               0   -0.0024523658  -1.9819261e-10   -3.784007e-21   0.00018292477       12.522606   0.00023526718               0
      1.2864865               0               0               0   -0.0024522012  -1.9755872e-10  -3.7840163e-21   0.00018239037       12.521112   0.00023523907               0
      1.2885886               0               0               0   -0.0024520367  -1.9692484e-10  -3.7840256e-21   0.00018185598       12.519617   0.00023521096               0
      1.2906907               0               0               0   -0.0024518721  -1.9629096e-10  -3.7840349e-21   0.00018132158       12.518122   0.00023518285               0
      1.2927928               0               0               0   -0.0024517076  -1.9565708e-10  -3.7840442e-21   0.00018078718       12.516627   0.00023515475               0
      1.2948949               0               0               0     -0.00245155  -1.9506626e-10  -3.6321841e-21   0.00018024998       12.515196   0.00023512784               0
       1.296997               0               0               0   -0.0024513946  -1.9448906e-10  -3.4322914e-21   0.00017971189       12.513786   0.00023510132               0
      1.2990991               0               0               0   -0.0024512393  -1.9391186e-10  -3.2323988e-21   0.00017917381       12.512376    0.0002350748               0
      1.3012012               0               0               0   -0.0024510839  -1.9333467e-10  -3.0325061e-21   0.00017863572       12.510965   0.00023504828               0
      1.3033033               0               0               0   -0.0024509285  -1.9275747e-10  -2.8326134e-21   0.00017809764       12.509555   0.00023502176               0
      1.3054054               0               0               0   -0.0024507732  -1.9218027e-10  -2.6327207e-21   0.00017755956       12.508145   0.00023499524               0
      1.3075075               0               0               0   -0.0024506178  -1.9160308e-10  -2.4328281e-21   0.00017702147       12.506734   0.00023496872               0
      1.3096096               0               0               0   -0.0024504624  -1.9102588e-10  -2.2329354e-21   0.00017648339       12.505324    0.0002349422               0
      1.3117117               0               0               0    -0.002450307  -1.9044868e-10  -2.0330427e-21    0.0001759453       12.503914   0.00023491568               0
      1.3138138               0               0               0   -0.0024501517  -1.8987148e-10    -1.83315e-21   0.00017540722       12.502503   0.00023488916               0
      1.3159159               0               0               0   -0.0024499963  -1.8929429e-10  -1.6332573e-21   0.00017486913       12.501093   0.00023486264               0
       1.318018               0               0               0   -0.0024498409  -1.8871709e-10  -1.4333647e-21   0.00017433105       12.499683   0.00023483612               0
      1.3201201               0               0               0   -0.0024496856  -1.8813989e-10   -1.233472e-21   0.00017379296       12.498272    0.0002348096               0
      1.3222222               0               0               0   -0.0024495302   -1.875627e-10  -1.0335793e-21   0.00017325488       12.496862   0.00023478308               0
      1.3243243               0               0               0   -0.0024493748   -1.869855e-10  -8.3368663e-22    0.0001727168       12.495452   0.00023475656               0
      1.3264264               0               0               0   -0.0024492195   -1.864083e-10  -6.3379395e-22   0.00017217871       12.494041   0.00023473004               0
      1.3285285               0               0               0   -0.0024490641  -1.8583111e-10  -4.3390128e-22   0.00017164063       12.492631   0.00023470352               0
      1.3306306               0               0               0   -0.0024489087  -1.8525391e-10   -2.340086e-22   0.00017110254       12.491221     0.000234677               0
      1.3327327               0               0               0   -0.0024487534  -1.8467671e-10  -3.4115921e-23   0.00017056446       12.489811   0.00023465048               0
      1.3348348               0               0               0   -0.0024486051  -1.8414216e-10               0   0.00017002499       12.488466    0.0002346252               0
      1.3369369               0               0               0   -0.0024484584  -1.8361639e-10               0   0.00016948524       12.487135   0.00023460017               0
       1.339039               0               0               0   -0.0024483116  -1.8309062e-10               0   0.00016894548       12.485804   0.00023457514               0
      1.3411411               0               0               0   -0.0024481649  -1.8256485e-10               0   0.00016840573       12.484473   0.00023455011               0
      1.3432432               0               0               0   -0.0024480181  -1.8203908e-10               0   0.00016786597       12.483142   0.00023452509               0
      1.3453453               0               0               0   -0.0024478714  -1.8151331e-10               0   0.00016732622       12.481811   0.00023450006               0
      1.3474474               0               0               0   -0.0024477246  -1.8098754e-10               0   0.00016678647        12.48048   0.00023447503               0
      1.3495495               0               0               0   -0.0024475779  -1.8046177e-10               0   0.00016624671       12.479149      0.00023445               0
      1.3516517               0               0               0   -0.0024474311    -1.79936e-10               0   0.00016570696       12.477818   0.00023442497               0
      1.3537538               0               0               0   -0.0024472844  -1.7941023e-10               0   0.00016516721       12.476487   0.00023439994               0
      1.3558559               0               0               0   -0.0024471377  -1.7888445e-10               0   0.00016462745       12.475156   0.00023437491               0
       1.357958               0               0               0   -0.0024469909  -1.7835868e-10               0    0.0001640877       12.473825   0.00023434989               0
      1.3600601               0               0               0   -0.0024468442  -1.7783291e-10               0   0.00016354794       12.472494   0.00023432486               0
      1.3621622               0               0               0   -0.0024466974  -1.7730714e-10               0   0.00016300819       12.471163   0.00023429983               0
      1.3642643               0               0               0   -0.0024465507  -1.7678137e-10               0   0.00016246844       12.469832    0.0002342748               0
      1.3663664               0               0               0   -0.0024464039   -1.762556e-10               0   0.00016192868       12.468501   0.00023424977               0
      1.3684685               0               0               0   -0.0024462572  -1.7572983e-10               0   0.00016138893        12.46717   0.00023422474               0
      1.3705706               0               0               0   -0.0024461104  -1.7520406e-10               0   0.00016084918       12.465838   0.00023419972               0
      1.3726727               0               0               0   -0.0024459637  -1.7467829e-10               0   0.00016030942       12.464507   0.00023417469               0
      1.3747748               0               0               0   -0.0024458195  -1.7416734e-10               0   0.00015976975         12.4632    0.0002341501               0
      1.3768769               0               0               0   -0.0024456808  -1.7368826e-10               0   0.00015923024       12.461943   0.00023412647               0
       1.378979               0               0               0   -0.0024455422  -1.7320919e-10               0   0.00015869074       12.460687   0.00023410284               0
      1.3810811               0               0               0   -0.0024454035  -1.7273011e-10               0   0.00015815123        12.45943   0.00023407921               0
      1.3831832               0               0               0   -0.0024452649  -1.7225104e-10               0   0.00015761173       12.458174   0.00023405559               0
      1.3852853               0               0               0   -0.0024451262  -1.7177197e-10               0   0.00015707223       12.456917   0.00023403196               0
      1.3873874               0               0               0   -0.0024449876  -1.7129289e-10               0   0.00015653272        12.45566   0.00023400833               0
      1.3894895               0               0               0   -0.0024448489  -1.7081382e-10               0   0.00015599322       12.454404    0.0002339847               0
      1.3915916               0               0               0   -0.0024447103  -1.7033475e-10               0   0.00015545371       12.453147   0.00023396107               0
      1.3936937               0               0               0   -0.0024445716  -1.6985567e-10               0   0.00015491421       12.451891   0.00023393744               0
      1.3957958               0               0               0    -0.002444433   -1.693766e-10               0    0.0001543747       12.450634   0.00023391381               0
      1.3978979               0               0               0   -0.0024442943  -1.6889752e-10               0    0.0001538352       12.449377   0.00023389018               0
            1.4               0               0               0   -0.0024441557  -1.6841845e-10               0   0.00015329569       12.448121   0.00023386655               0
      1.4021021               0               0               0    -0.002444017  -1.6793938e-10               0   0.00015275619       12.446864   0.00023384292               0
      1.4042042               0               0               0   -0.0024438784   -1.674603e-10               0   0.00015221669       12.445608   0.00023381929               0
      1.4063063               0               0               0   -0.0024437397  -1.6698123e-10               0   0.00015167718       12.444351   0.00023379566               0
      1.4084084               0               0               0   -0.0024436011  -1.6650215e-10               0   0.00015113768       12.443094   0.00023377203               0
      1.4105105               0               0               0   -0.0024434624  -1.6602308e-10               0   0.00015059817       12.441838    0.0002337484               0
      1.4126126               0               0               0   -0.0024433238  -1.6554401e-10               0   0.00015005867       12.440581   0.00023372477               0
      1.4147147               0               0               0   -0.0024431851  -1.6506493e-10               0   0.00014951916       12.439325   0.00023370115               0
      1.4168168               0               0               0   -0.0024430481  -1.6459461e-10  -4.2496442e-23   0.00014898026       12.438082   0.00023367779               0
      1.4189189               0               0               0    -0.002442917  -1.6415801e-10  -2.4887097e-22   0.00014844368       12.436896   0.00023365547               0
       1.421021               0               0               0    -0.002442786  -1.6372142e-10   -4.552455e-22   0.00014790709       12.435709   0.00023363315               0
      1.4231231               0               0               0   -0.0024426549  -1.6328483e-10  -6.6162003e-22   0.00014737051       12.434522   0.00023361084               0
      1.4252252               0               0               0   -0.0024425239  -1.6284824e-10  -8.6799456e-22   0.00014683393       12.433335   0.00023358852               0
      1.4273273               0               0               0   -0.0024423928  -1.6241164e-10  -1.0743691e-21   0.00014629734       12.432149   0.00023356621               0
      1.4294294               0               0               0   -0.0024422618  -1.6197505e-10  -1.2807436e-21   0.00014576076       12.430962   0.00023354389               0
      1.4315315               0               0               0   -0.0024421308  -1.6153846e-10  -1.4871181e-21   0.00014522418       12.429775   0.00023352157               0
      1.4336336               0               0               0   -0.0024419997  -1.6110187e-10  -1.6934927e-21   0.00014468759       12.428588   0.00023349926               0
      1.4357357               0               0               0   -0.0024418687  -1.6066527e-10  -1.8998672e-21   0.00014415101       12.427402   0.00023347694               0
      1.4378378               0               0               0   -0.0024417376  -1.6022868e-10  -2.1062417e-21   0.00014361443       12.426215   0.00023345463               0
      1.4399399               0               0               0   -0.0024416066  -1.5979209e-10  -2.3126163e-21   0.00014307784       12.425028   0.00023343231               0
       1.442042               0               0               0   -0.0024414756   -1.593555e-10  -2.5189908e-21   0.00014254126       12.423841   0.00023340999               0
      1.4441441               0               0               0   -0.0024413445   -1.589189e-10  -2.7253653e-21   0.00014200468       12.422655   0.00023338768               0
      1.4462462               0               0               0   -0.0024412135  -1.5848231e-10  -2.9317398e-21   0.00014146809       12.421468   0.00023336536               0
      1.4483483               0               0               0   -0.0024410824  -1.5804572e-10  -3.1381144e-21   0.00014093151       12.420281   0.00023334305               0
      1.4504505               0               0               0   -0.0024409514  -1.5760913e-10  -3.3444889e-21   0.00014039492       12.419094   0.00023332073               0
      1.4525526               0               0               0   -0.0024408203  -1.5717253e-10  -3.5508634e-21   0.00013985834       12.417908   0.00023329841               0
      1.4546547               0               0               0   -0.0024406893  -1.5673594e-10   -3.757238e-21   0.00013932176       12.416721    0.0002332761               0
      1.4567568               0               0               0   -0.0024405583  -1.5629935e-10  -3.9636125e-21   0.00013878517       12.415534   0.00023325378               0
      1.4588589               0               0               0   -0.0024404272  -1.5586276e-10   -4.169987e-21   0.00013824859       12.414347   0.00023323147               0
       1.460961               0               0               0   -0.0024402996  -1.5544454e-10  -4.2780061e-21   0.00013771433       12.413192   0.00023320974               0
      1.4630631               0               0               0   -0.0024401757  -1.5504649e-10  -4.2780183e-21   0.00013718261       12.412071   0.00023318866               0
      1.4651652               0               0               0   -0.0024400518  -1.5464845e-10  -4.2780305e-21    0.0001366509        12.41095   0.00023316757               0
      1.4672673               0               0               0   -0.0024399279  -1.5425041e-10  -4.2780427e-21   0.00013611919       12.409828   0.00023314649               0
      1.4693694               0               0               0    -0.002439804  -1.5385237e-10  -4.2780549e-21   0.00013558747       12.408707   0.00023312541               0
      1.4714715               0               0               0   -0.0024396801  -1.5345432e-10  -4.2780671e-21   0.00013505576       12.407586   0.00023310432               0
      1.4735736               0               0               0   -0.0024395562  -1.5305628e-10  -4.2780793e-21   0.00013452404       12.406465   0.00023308324               0
      1.4756757               0               0               0   -0.0024394323  -1.5265824e-10  -4.2780916e-21   0.00013399233       12.405344   0.00023306216               0
      1.4777778               0               0               0   -0.0024393085   -1.522602e-10  -4.2781038e-21   0.00013346061       12.404222   0.00023304108               0
      1.4798799               0               0               0   -0.0024391846  -1.5186215e-10   -4.278116e-21    0.0001329289       12.403101   0.00023301999               0
       1.481982               0               0               0   -0.0024390607  -1.5146411e-10  -4.2781282e-21   0.00013239719        12.40198   0.00023299891               0
      1.4840841               0               0               0   -0.0024389368  -1.5106607e-10  -4.2781404e-21   0.00013186547       12.400859   0.00023297783               0
      1.4861862               0               0               0   -0.0024388129  -1.5066803e-10  -4.2781526e-21   0.00013133376       12.399738   0.00023295674               0
      1.4882883               0               0               0    -0.002438689  -1.5026998e-10  -4.2781648e-21   0.00013080204       12.398617   0.00023293566               0
      1.4903904               0               0               0   -0.0024385651  -1.4987194e-10   -4.278177e-21   0.00013027033       12.397495   0.00023291458               0
      1.4924925               0               0               0   -0.0024384412   -1.494739e-10  -4.2781892e-21   0.00012973861       12.396374    0.0002328935               0
      1.4945946               0               0               0   -0.0024383173  -1.4907586e-10  -4.2782014e-21    0.0001292069       12.395253   0.00023287241               0
      1.4966967               0               0               0   -0.0024381934  -1.4867781e-10  -4.2782136e-21   0.00012867519       12.394132   0.00023285133               0
      1.4987988               0               0               0   -0.0024380695  -1.4827977e-10  -4.2782258e-21   0.00012814347       12.393011   0.00023283025               0
      1.5009009               0               0               0   -0.0024379456  -1.4788173e-10   -4.278238e-21   0.00012761176       12.391889   0.00023280916               0
       1.503003               0               0               0   -0.0024378217  -1.4748369e-10  -4.2782502e-21   0.00012708004       12.390768   0.00023278808               0
      1.5051051               0               0               0   -0.0024376986  -1.4708954e-10  -4.2439987e-21   0.00012654938       12.389654   0.00023276713               0
      1.5072072               0               0               0   -0.0024375814  -1.4672679e-10  -3.9338125e-21   0.00012602719       12.388594    0.0002327472               0
      1.5093093               0               0               0   -0.0024374643  -1.4636404e-10  -3.6236262e-21     0.000125505       12.387535   0.00023272728               0
      1.5114114               0               0               0   -0.0024373471  -1.4600128e-10    -3.31344e-21   0.00012498281       12.386475   0.00023270735               0
      1.5135135               0               0               0   -0.0024372299  -1.4563853e-10  -3.0032538e-21   0.00012446062       12.385416   0.00023268743               0
      1.5156156               0               0               0   -0.0024371128  -1.4527578e-10  -2.6930676e-21   0.00012393843       12.384356   0.00023266751               0
      1.5177177               0               0               0   -0.0024369956  -1.4491303e-10  -2.3828814e-21   0.00012341625       12.383297   0.00023264758               0
      1.5198198               0               0               0   -0.0024368784  -1.4455027e-10  -2.0726952e-21   0.00012289406       12.382237   0.00023262766               0
      1.5219219               0               0               0   -0.0024367613  -1.4418752e-10   -1.762509e-21   0.00012237187       12.381177   0.00023260773               0
       1.524024               0               0               0   -0.0024366441  -1.4382477e-10  -1.4523228e-21   0.00012184968       12.380118   0.00023258781               0
      1.5261261               0               0               0   -0.0024365269  -1.4346202e-10  -1.1421366e-21   0.00012132749       12.379058   0.00023256789               0
      1.5282282               0               0               0   -0.0024364098  -1.4309926e-10  -8.3195037e-22    0.0001208053       12.377999   0.00023254796               0
      1.5303303               0               0               0   -0.0024362926  -1.4273651e-10  -5.2176417e-22   0.00012028311       12.376939   0.00023252804               0
      1.5324324               0               0               0   -0.0024361754  -1.4237376e-10  -2.1157796e-22   0.00011976092        12.37588   0.00023250811               0
      1.5345345               0               0               0   -0.0024360583  -1.4201101e-10   9.8608249e-23   0.00011923873        12.37482   0.00023248819               0
      1.5366366               0               0               0   -0.0024359411  -1.4164825e-10   4.0879446e-22   0.00011871654       12.373761   0.00023246826               0
      1.5387387               0               0               0   -0.0024358239   -1.412855e-10   7.1898066e-22   0.00011819435       12.372701   0.00023244834               0
      1.5408408               0               0               0   -0.0024357068  -1.4092275e-10   1.0291669e-21   0.00011767216       12.371642   0.00023242842               0
      1.5429429               0               0               0   -0.0024355896     -1.4056e-10   1.3393531e-21   0.00011714997       12.370582   0.00023240849               0
       1.545045               0               0               0   -0.0024354724  -1.4019724e-10   1.6495393e-21   0.00011662778       12.369522   0.00023238857               0
      1.5471471               0               0               0   -0.0024353553  -1.3983449e-10   1.9597255e-21    0.0001161056       12.368463   0.00023236864               0
      1.5492492               0               0               0   -0.0024352381  -1.3947174e-10   2.2699117e-21   0.00011558341       12.367403   0.00023234872               0
      1.5513514               0               0               0   -0.0024351215  -1.3911179e-10   2.5621939e-21   0.00011506213       12.366349   0.00023232889               0
      1.5534535               0               0               0   -0.0024350106  -1.3878091e-10   2.6686478e-21   0.00011455037       12.365347   0.00023231005               0
      1.5555556               0               0               0   -0.0024348998  -1.3845003e-10   2.7751016e-21   0.00011403861       12.364345   0.00023229122               0
      1.5576577               0               0               0   -0.0024347889  -1.3811915e-10   2.8815554e-21   0.00011352685       12.363344   0.00023227238               0
      1.5597598               0               0               0   -0.0024346781  -1.3778828e-10   2.9880092e-21   0.00011301508       12.362342   0.00023225354               0
      1.5618619               0               0               0   -0.0024345672   -1.374574e-10    3.094463e-21   0.00011250332        12.36134   0.00023223471               0
       1.563964               0               0               0   -0.0024344564  -1.3712652e-10   3.2009168e-21   0.00011199156       12.360338   0.00023221587               0
      1.5660661               0               0               0   -0.0024343455  -1.3679564e-10   3.3073707e-21   0.00011147979       12.359336   0.00023219703               0
      1.5681682               0               0               0   -0.0024342347  -1.3646476e-10   3.4138245e-21   0.00011096803       12.358335   0.00023217819               0
      1.5702703               0               0               0   -0.0024341238  -1.3613389e-10   3.5202783e-21   0.00011045627       12.357333   0.00023215936               0
      1.5723724               0               0               0    -0.002434013  -1.3580301e-10   3.6267321e-21   0.00010994451       12.356331   0.00023214052               0
      1.5744745               0               0               0   -0.0024339021  -1.3547213e-10   3.7331859e-21   0.00010943274       12.355329   0.00023212168               0
      1.5765766               0               0               0   -0.0024337912  -1.3514125e-10   3.8396398e-21   0.00010892098       12.354328   0.00023210284               0
      1.5786787               0               0               0   -0.0024336804  -1.3481037e-10   3.9460936e-21   0.00010840922       12.353326   0.00023208401               0
      1.5807808               0               0               0   -0.0024335695   -1.344795e-10   4.0525474e-21   0.00010789746       12.352324   0.00023206517               0
      1.5828829               0               0               0   -0.0024334587  -1.3414862e-10   4.1590012e-21   0.00010738569       12.351322   0.00023204633               0
       1.584985               0               0               0   -0.0024333478  -1.3381774e-10    4.265455e-21   0.00010687393        12.35032    0.0002320275               0
      1.5870871               0               0               0    -0.002433237  -1.3348686e-10   4.3719088e-21   0.00010636217       12.349319   0.00023200866               0
      1.5891892               0               0               0   -0.0024331261  -1.3315599e-10   4.4783627e-21   0.00010585041       12.348317   0.00023198982               0
      1.5912913               0               0               0   -0.0024330153  -1.3282511e-10   4.5848165e-21   0.00010533864       12.347315   0.00023197098               0
      1.5933934               0               0               0   -0.0024329044  -1.3249423e-10   4.6912703e-21   0.00010482688       12.346313   0.00023195215               0
      1.5954955               0               0               0   -0.0024327936  -1.3216335e-10   4.7977241e-21   0.00010431512       12.345312   0.00023193331               0
      1.5975976               0               0               0   -0.0024326827  -1.3183247e-10   4.9041779e-21   0.00010380336        12.34431   0.00023191447               0
      1.5996997               0               0               0   -0.0024325742  -1.3151321e-10   4.9078238e-21   0.00010330005       12.343329   0.00023189603               0
      1.6018018               0               0               0   -0.0024324693   -1.312122e-10   4.7497963e-21   0.00010281004       12.342382   0.00023187822               0
      1.6039039               0               0               0   -0.0024323644   -1.309112e-10   4.5917688e-21   0.00010232004       12.341434    0.0002318604               0
       1.606006               0               0               0   -0.0024322595  -1.3061019e-10   4.4337413e-21   0.00010183003       12.340487   0.00023184259               0
      1.6081081               0               0               0   -0.0024321545  -1.3030918e-10   4.2757139e-21   0.00010134003        12.33954   0.00023182478               0
      1.6102102               0               0               0   -0.0024320496  -1.3000818e-10   4.1176864e-21   0.00010085002       12.338592   0.00023180696               0
      1.6123123               0               0               0   -0.0024319447  -1.2970717e-10   3.9596589e-21   0.00010036001       12.337645   0.00023178915               0
      1.6144144               0               0               0   -0.0024318398  -1.2940617e-10   3.8016314e-21   9.9870007e-05       12.336698   0.00023177133               0
      1.6165165               0               0               0   -0.0024317349  -1.2910516e-10    3.643604e-21   9.9380001e-05        12.33575   0.00023175352               0
      1.6186186               0               0               0     -0.00243163  -1.2880415e-10   3.4855765e-21   9.8889995e-05       12.334803    0.0002317357               0
      1.6207207               0               0               0   -0.0024315251  -1.2850315e-10    3.327549e-21   9.8399989e-05       12.333856   0.00023171789               0
      1.6228228               0               0               0   -0.0024314202  -1.2820214e-10   3.1695216e-21   9.7909983e-05       12.332908   0.00023170007               0
      1.6249249               0               0               0   -0.0024313153  -1.2790113e-10   3.0114941e-21   9.7419977e-05       12.331961   0.00023168226               0
       1.627027               0               0               0   -0.0024312104  -1.2760013e-10   2.8534666e-21   9.6929971e-05       12.331013   0.00023166445               0
      1.6291291               0               0               0   -0.0024311055  -1.2729912e-10   2.6954391e-21   9.6439965e-05       12.330066   0.00023164663               0
      1.6312312               0               0               0   -0.0024310006  -1.2699812e-10   2.5374117e-21   9.5949958e-05       12.329119   0.00023162882               0
      1.6333333               0               0               0   -0.0024308957  -1.2669711e-10   2.3793842e-21   9.5459952e-05       12.328171     0.000231611               0
      1.6354354               0               0               0   -0.0024307908   -1.263961e-10   2.2213567e-21   9.4969946e-05       12.327224   0.00023159319               0
      1.6375375               0               0               0   -0.0024306859   -1.260951e-10   2.0633292e-21    9.447994e-05       12.326277   0.00023157537               0
      1.6396396               0               0               0    -0.002430581  -1.2579409e-10   1.9053018e-21   9.3989934e-05       12.325329   0.00023155756               0
      1.6417417               0               0               0   -0.0024304761  -1.2549309e-10   1.7472743e-21   9.3499928e-05       12.324382   0.00023153975               0
      1.6438438               0               0               0   -0.0024303712  -1.2519208e-10   1.5892468e-21   9.3009922e-05       12.323435   0.00023152193               0
      1.6459459               0               0               0   -0.0024302663  -1.2489107e-10   1.4312193e-21   9.2519916e-05       12.322487   0.00023150412               0
       1.648048               0               0               0   -0.0024301614  -1.2459007e-10   1.2731919e-21    9.202991e-05        12.32154    0.0002314863               0
      1.6501502               0               0               0    -0.002430062  -1.2431505e-10   1.1725335e-21   9.1555657e-05       12.320643   0.00023146943               0
      1.6522523               0               0               0   -0.0024299626  -1.2404025e-10   1.0723275e-21   9.1081529e-05       12.319746   0.00023145257               0
      1.6543544               0               0               0   -0.0024298632  -1.2376544e-10   9.7212143e-22     9.06074e-05        12.31885   0.00023143571               0
      1.6564565               0               0               0   -0.0024297639  -1.2349063e-10   8.7191538e-22   9.0133272e-05       12.317953   0.00023141885               0
      1.6585586               0               0               0   -0.0024296645  -1.2321582e-10   7.7170933e-22   8.9659143e-05       12.317056   0.00023140199               0
      1.6606607               0               0               0   -0.0024295652  -1.2294101e-10   6.7150328e-22   8.9185015e-05        12.31616   0.00023138513               0
      1.6627628               0               0               0   -0.0024294658  -1.2266621e-10   5.7129723e-22   8.8710886e-05       12.315263   0.00023136827               0
      1.6648649               0               0               0   -0.0024293665   -1.223914e-10   4.7109118e-22   8.8236758e-05       12.314367   0.00023135141               0
       1.666967               0               0               0   -0.0024292671  -1.2211659e-10   3.7088513e-22   8.7762629e-05        12.31347   0.00023133455               0
      1.6690691               0               0               0   -0.0024291677  -1.2184178e-10   2.7067908e-22     8.72885e-05       12.312573   0.00023131769               0
      1.6711712               0               0               0   -0.0024290684  -1.2156697e-10   1.7047303e-22   8.6814372e-05       12.311677   0.00023130083               0
      1.6732733               0               0               0    -0.002428969  -1.2129217e-10   7.0266977e-23   8.6340243e-05        12.31078   0.00023128397               0
      1.6753754               0               0               0   -0.0024288697  -1.2101736e-10  -2.9939074e-23   8.5866115e-05       12.309884   0.00023126711               0
      1.6774775               0               0               0   -0.0024287703  -1.2074255e-10  -1.3014512e-22   8.5391986e-05       12.308987   0.00023125025               0
      1.6795796               0               0               0    -0.002428671  -1.2046774e-10  -2.3035117e-22   8.4917858e-05        12.30809   0.00023123339               0
      1.6816817               0               0               0   -0.0024285716  -1.2019293e-10  -3.3055723e-22   8.4443729e-05       12.307194   0.00023121653               0
      1.6837838               0               0               0   -0.0024284722  -1.1991813e-10  -4.3076328e-22   8.3969601e-05       12.306297   0.00023119967               0
      1.6858859               0               0               0   -0.0024283729  -1.1964332e-10  -5.3096933e-22   8.3495472e-05         12.3054   0.00023118281               0
       1.687988               0               0               0   -0.0024282735  -1.1936851e-10  -6.3117538e-22   8.3021344e-05       12.304504   0.00023116595               0
      1.6900901               0               0               0   -0.0024281742   -1.190937e-10  -7.3138143e-22   8.2547215e-05       12.303607   0.00023114909               0
      1.6921922               0               0               0   -0.0024280748  -1.1881889e-10  -8.3158748e-22   8.2073087e-05       12.302711   0.00023113223               0
      1.6942943               0               0               0   -0.0024279754  -1.1854408e-10  -9.3179353e-22   8.1598958e-05       12.301814   0.00023111537               0
      1.6963964               0               0               0   -0.0024278761  -1.1826928e-10  -1.0319996e-21    8.112483e-05       12.300917   0.00023109851               0
      1.6984985               0               0               0   -0.0024277767  -1.1799447e-10  -1.1322056e-21   8.0650701e-05       12.300021   0.00023108165               0
      1.7006006               0               0               0    -0.002427682  -1.1774445e-10  -1.1404947e-21   8.0223304e-05       12.299167   0.00023106559               0
      1.7027027               0               0               0   -0.0024275879  -1.1749792e-10  -1.1358735e-21   7.9802471e-05       12.298318   0.00023104964               0
      1.7048048               0               0               0   -0.0024274939  -1.1725138e-10  -1.1312523e-21   7.9381639e-05        12.29747   0.00023103368               0
      1.7069069               0               0               0   -0.0024273998  -1.1700485e-10  -1.1266311e-21   7.8960806e-05       12.296621   0.00023101773               0
       1.709009               0               0               0   -0.0024273057  -1.1675831e-10    -1.12201e-21   7.8539973e-05       12.295773   0.00023100178               0
      1.7111111               0               0               0   -0.0024272116  -1.1651178e-10  -1.1173888e-21    7.811914e-05       12.294925   0.00023098582               0
      1.7132132               0               0               0   -0.0024271176  -1.1626525e-10  -1.1127676e-21   7.7698307e-05       12.294076   0.00023096987               0
      1.7153153               0               0               0   -0.0024270235  -1.1601871e-10  -1.1081464e-21   7.7277474e-05       12.293228   0.00023095392               0
      1.7174174               0               0               0   -0.0024269294  -1.1577218e-10  -1.1035253e-21   7.6856641e-05       12.292379   0.00023093796               0
      1.7195195               0               0               0   -0.0024268354  -1.1552564e-10  -1.0989041e-21   7.6435808e-05       12.291531   0.00023092201               0
      1.7216216               0               0               0   -0.0024267413  -1.1527911e-10  -1.0942829e-21   7.6014975e-05       12.290683   0.00023090606               0
      1.7237237               0               0               0   -0.0024266472  -1.1503257e-10  -1.0896617e-21   7.5594142e-05       12.289834    0.0002308901               0
      1.7258258               0               0               0   -0.0024265531  -1.1478604e-10  -1.0850406e-21   7.5173309e-05       12.288986   0.00023087415               0
      1.7279279               0               0               0   -0.0024264591  -1.1453951e-10  -1.0804194e-21   7.4752476e-05       12.288137    0.0002308582               0
        1.73003               0               0               0    -0.002426365  -1.1429297e-10  -1.0757982e-21   7.4331643e-05       12.287289   0.00023084224               0
      1.7321321               0               0               0   -0.0024262709  -1.1404644e-10   -1.071177e-21    7.391081e-05       12.286441   0.00023082629               0
      1.7342342               0               0               0   -0.0024261768   -1.137999e-10  -1.0665559e-21   7.3489977e-05       12.285592   0.00023081034               0
      1.7363363               0               0               0   -0.0024260828  -1.1355337e-10  -1.0619347e-21   7.3069144e-05       12.284744   0.00023079438               0
      1.7384384               0               0               0   -0.0024259887  -1.1330683e-10  -1.0573135e-21   7.2648311e-05       12.283895   0.00023077843               0
      1.7405405               0               0               0   -0.0024258946   -1.130603e-10  -1.0526923e-21   7.2227478e-05       12.283047   0.00023076248               0
      1.7426426               0               0               0   -0.0024258006  -1.1281377e-10  -1.0480712e-21   7.1806645e-05       12.282199   0.00023074652               0
      1.7447447               0               0               0   -0.0024257065  -1.1256723e-10    -1.04345e-21   7.1385812e-05        12.28135   0.00023073057               0
      1.7468468               0               0               0   -0.0024256124   -1.123207e-10  -1.0388288e-21   7.0964979e-05       12.280502   0.00023071462               0
      1.7489489               0               0               0   -0.0024255183  -1.1207416e-10  -1.0342076e-21   7.0544146e-05       12.279653   0.00023069866               0
      1.7510511               0               0               0   -0.0024254244  -1.1182804e-10  -1.0304666e-21   7.0123609e-05       12.278806   0.00023068273               0
      1.7531532               0               0               0    -0.002425335  -1.1160131e-10  -1.0685155e-21    6.971711e-05       12.278001   0.00023066759               0
      1.7552553               0               0               0   -0.0024252456  -1.1137459e-10  -1.1065644e-21   6.9310611e-05       12.277196   0.00023065245               0
      1.7573574               0               0               0   -0.0024251563  -1.1114787e-10  -1.1446133e-21   6.8904112e-05       12.276391   0.00023063731               0
      1.7594595               0               0               0   -0.0024250669  -1.1092115e-10  -1.1826623e-21   6.8497614e-05       12.275586   0.00023062217               0
      1.7615616               0               0               0   -0.0024249775  -1.1069442e-10  -1.2207112e-21   6.8091115e-05       12.274781   0.00023060703               0
      1.7636637               0               0               0   -0.0024248882   -1.104677e-10  -1.2587601e-21   6.7684616e-05       12.273975   0.00023059189               0
      1.7657658               0               0               0   -0.0024247988  -1.1024098e-10   -1.296809e-21   6.7278117e-05        12.27317   0.00023057676               0
      1.7678679               0               0               0   -0.0024247094  -1.1001426e-10  -1.3348579e-21   6.6871618e-05       12.272365   0.00023056162               0
        1.76997               0               0               0   -0.0024246201  -1.0978753e-10  -1.3729068e-21   6.6465119e-05        12.27156   0.00023054648               0
      1.7720721               0               0               0   -0.0024245307  -1.0956081e-10  -1.4109558e-21    6.605862e-05       12.270755   0.00023053134               0
      1.7741742               0               0               0   -0.0024244413  -1.0933409e-10  -1.4490047e-21   6.5652121e-05        12.26995    0.0002305162               0
      1.7762763               0               0               0    -0.002424352  -1.0910737e-10  -1.4870536e-21   6.5245622e-05       12.269145   0.00023050106               0
      1.7783784               0               0               0   -0.0024242626  -1.0888064e-10  -1.5251025e-21   6.4839123e-05        12.26834   0.00023048592               0
      1.7804805               0               0               0   -0.0024241732  -1.0865392e-10  -1.5631514e-21   6.4432625e-05       12.267535   0.00023047079               0
      1.7825826               0               0               0   -0.0024240839   -1.084272e-10  -1.6012004e-21   6.4026126e-05        12.26673   0.00023045565               0
      1.7846847               0               0               0   -0.0024239945  -1.0820047e-10  -1.6392493e-21   6.3619627e-05       12.265925   0.00023044051               0
      1.7867868               0               0               0   -0.0024239051  -1.0797375e-10  -1.6772982e-21   6.3213128e-05        12.26512   0.00023042537               0
      1.7888889               0               0               0   -0.0024238158  -1.0774703e-10  -1.7153471e-21   6.2806629e-05       12.264315   0.00023041023               0
       1.790991               0               0               0   -0.0024237264  -1.0752031e-10   -1.753396e-21    6.240013e-05        12.26351   0.00023039509               0
      1.7930931               0               0               0    -0.002423637  -1.0729358e-10  -1.7914449e-21   6.1993631e-05       12.262705   0.00023037995               0
      1.7951952               0               0               0   -0.0024235477  -1.0706686e-10  -1.8294939e-21   6.1587132e-05         12.2619   0.00023036481               0
      1.7972973               0               0               0   -0.0024234583  -1.0684014e-10  -1.8675428e-21   6.1180633e-05       12.261095   0.00023034968               0
      1.7993994               0               0               0   -0.0024233689  -1.0661342e-10  -1.9055917e-21   6.0774134e-05       12.260289   0.00023033454               0
      1.8015015               0               0               0   -0.0024232796  -1.0638669e-10  -1.9436406e-21   6.0367636e-05       12.259484    0.0002303194               0
      1.8036036               0               0               0   -0.0024231902  -1.0615997e-10  -1.9816895e-21   5.9961137e-05       12.258679   0.00023030426               0
      1.8057057               0               0               0   -0.0024231028  -1.0594742e-10  -2.0030585e-21   5.9606052e-05       12.257892   0.00023028945               0
      1.8078078               0               0               0   -0.0024230182  -1.0575607e-10  -1.9994875e-21   5.9327841e-05        12.25713   0.00023027513               0
      1.8099099               0               0               0   -0.0024229336  -1.0556471e-10  -1.9959165e-21   5.9049631e-05       12.256369   0.00023026081               0
       1.812012               0               0               0    -0.002422849  -1.0537336e-10  -1.9923455e-21    5.877142e-05       12.255608    0.0002302465               0
      1.8141141               0               0               0   -0.0024227645    -1.05182e-10  -1.9887745e-21   5.8493209e-05       12.254846   0.00023023218               0
      1.8162162               0               0               0   -0.0024226799  -1.0499065e-10  -1.9852035e-21   5.8214999e-05       12.254085   0.00023021786               0
      1.8183183               0               0               0   -0.0024225953  -1.0479929e-10  -1.9816324e-21   5.7936788e-05       12.253323   0.00023020354               0
      1.8204204               0               0               0   -0.0024225108  -1.0460794e-10  -1.9780614e-21   5.7658578e-05       12.252562   0.00023018922               0
      1.8225225               0               0               0   -0.0024224262  -1.0441658e-10  -1.9744904e-21   5.7380367e-05         12.2518    0.0002301749               0
      1.8246246               0               0               0   -0.0024223416  -1.0422523e-10  -1.9709194e-21   5.7102157e-05       12.251039   0.00023016058               0
      1.8267267               0               0               0    -0.002422257  -1.0403387e-10  -1.9673484e-21   5.6823946e-05       12.250278   0.00023014627               0
      1.8288288               0               0               0   -0.0024221725  -1.0384252e-10  -1.9637774e-21   5.6545736e-05       12.249516   0.00023013195               0
      1.8309309               0               0               0   -0.0024220879  -1.0365116e-10  -1.9602063e-21   5.6267525e-05       12.248755   0.00023011763               0
       1.833033               0               0               0   -0.0024220033  -1.0345981e-10  -1.9566353e-21   5.5989315e-05       12.247993   0.00023010331               0
      1.8351351               0               0               0   -0.0024219187  -1.0326845e-10  -1.9530643e-21   5.5711104e-05       12.247232   0.00023008899               0
      1.8372372               0               0               0   -0.0024218342   -1.030771e-10  -1.9494933e-21   5.5432894e-05        12.24647   0.00023007467               0
      1.8393393               0               0               0   -0.0024217496  -1.0288574e-10  -1.9459223e-21   5.5154683e-05       12.245709   0.00023006036               0
      1.8414414               0               0               0    -0.002421665  -1.0269439e-10  -1.9423513e-21   5.4876473e-05       12.244948   0.00023004604               0
      1.8435435               0               0               0   -0.0024215805  -1.0250303e-10  -1.9387802e-21   5.4598262e-05       12.244186   0.00023003172               0
      1.8456456               0               0               0   -0.0024214959  -1.0231168e-10  -1.9352092e-21   5.4320052e-05       12.243425    0.0002300174               0
      1.8477477               0               0               0   -0.0024214113  -1.0212032e-10  -1.9316382e-21   5.4041841e-05       12.242663   0.00023000308               0
      1.8498498               0               0               0   -0.0024213267  -1.0192897e-10  -1.9280672e-21   5.3763631e-05       12.241902   0.00022998876               0
       1.851952               0               0               0   -0.0024212422  -1.0173761e-10  -1.9244962e-21    5.348542e-05        12.24114   0.00022997445               0
      1.8540541               0               0               0   -0.0024211576  -1.0154626e-10  -1.9209252e-21    5.320721e-05       12.240379   0.00022996013               0
      1.8561562               0               0               0    -0.002421073  -1.0135491e-10  -1.9173541e-21   5.2928999e-05       12.239618   0.00022994581               0
      1.8582583               0               0               0   -0.0024209884  -1.0116355e-10  -1.9137831e-21   5.2650789e-05       12.238856   0.00022993149               0
      1.8603604               0               0               0   -0.0024209039   -1.009722e-10  -1.9102121e-21   5.2372578e-05       12.238095   0.00022991717               0
      1.8624625               0               0               0   -0.0024208227  -1.0258111e-10  -1.9038562e-21    5.183786e-05       12.237364   0.00022990344               0
      1.8645646               0               0               0   -0.0024207415  -1.0420125e-10  -1.8974828e-21   5.1301544e-05       12.236634   0.00022988971               0
      1.8666667               0               0               0   -0.0024206603  -1.0582139e-10  -1.8911095e-21   5.0765227e-05       12.235904   0.00022987597               0
      1.8687688               0               0               0   -0.0024205791  -1.0744153e-10  -1.8847362e-21    5.022891e-05       12.235174   0.00022986224               0
      1.8708709               0               0               0    -0.002420498  -1.0906168e-10  -1.8783629e-21   4.9692593e-05       12.234443   0.00022984851               0
       1.872973               0               0               0   -0.0024204168  -1.1068182e-10  -1.8719896e-21   4.9156276e-05       12.233713   0.00022983478               0
      1.8750751               0               0               0   -0.0024203356  -1.1230196e-10  -1.8656162e-21    4.861996e-05       12.232983   0.00022982105               0
      1.8771772               0               0               0   -0.0024202544   -1.139221e-10  -1.8592429e-21   4.8083643e-05       12.232253   0.00022980732               0
      1.8792793               0               0               0   -0.0024201733  -1.1554224e-10  -1.8528696e-21   4.7547326e-05       12.231523   0.00022979359               0
      1.8813814               0               0               0   -0.0024200921  -1.1716238e-10  -1.8464963e-21   4.7011009e-05       12.230792   0.00022977986               0
      1.8834835               0               0               0   -0.0024200109  -1.1878252e-10   -1.840123e-21   4.6474692e-05       12.230062   0.00022976612               0
      1.8855856               0               0               0   -0.0024199297  -1.2040266e-10  -1.8337497e-21   4.5938375e-05       12.229332   0.00022975239               0
      1.8876877               0               0               0   -0.0024198486   -1.220228e-10  -1.8273763e-21   4.5402059e-05       12.228602   0.00022973866               0
      1.8897898               0               0               0   -0.0024197674  -1.2364294e-10   -1.821003e-21   4.4865742e-05       12.227872   0.00022972493               0
      1.8918919               0               0               0   -0.0024196862  -1.2526308e-10  -1.8146297e-21   4.4329425e-05       12.227141    0.0002297112               0
       1.893994               0               0               0    -0.002419605  -1.2688322e-10  -1.8082564e-21   4.3793108e-05       12.226411   0.00022969747               0
      1.8960961               0               0               0   -0.0024195238  -1.2850336e-10  -1.8018831e-21   4.3256791e-05       12.225681   0.00022968374               0
      1.8981982               0               0               0   -0.0024194427   -1.301235e-10  -1.7955097e-21   4.2720475e-05       12.224951      0.00022967               0
      1.9003003               0               0               0   -0.0024193615  -1.3174364e-10  -1.7891364e-21   4.2184158e-05       12.224221   0.00022965627               0
      1.9024024               0               0               0   -0.0024192803  -1.3336378e-10  -1.7827631e-21   4.1647841e-05        12.22349   0.00022964254               0
      1.9045045               0               0               0   -0.0024191991  -1.3498392e-10  -1.7763898e-21   4.1111524e-05        12.22276   0.00022962881               0
      1.9066066               0               0               0    -0.002419118  -1.3660407e-10  -1.7700165e-21   4.0575207e-05        12.22203   0.00022961508               0
      1.9087087               0               0               0   -0.0024190368  -1.3822421e-10  -1.7636432e-21    4.003889e-05         12.2213   0.00022960135               0
      1.9108108               0               0               0   -0.0024189556  -1.3984435e-10  -1.7572698e-21   3.9502574e-05        12.22057   0.00022958762               0
      1.9129129               0               0               0   -0.0024188744  -1.4146449e-10  -1.7508965e-21   3.8966257e-05       12.219839   0.00022957388               0
       1.915015               0               0               0   -0.0024187933  -1.4308463e-10  -1.7445232e-21    3.842994e-05       12.219109   0.00022956015               0
      1.9171171               0               0               0   -0.0024187121  -1.4470477e-10  -1.7381499e-21   3.7893623e-05       12.218379   0.00022954642               0
      1.9192192               0               0               0   -0.0024186368   -1.451716e-10  -1.7107537e-21   3.9106668e-05       12.217702   0.00022953369               0
      1.9213213               0               0               0   -0.0024185632  -1.4530468e-10  -1.6772735e-21   4.0825973e-05       12.217041   0.00022952126               0
      1.9234234               0               0               0   -0.0024184896  -1.4543775e-10  -1.6437933e-21   4.2545278e-05       12.216379   0.00022950882               0
      1.9255255               0               0               0    -0.002418416  -1.4557082e-10  -1.6103131e-21   4.4264583e-05       12.215718   0.00022949638               0
      1.9276276               0               0               0   -0.0024183424   -1.457039e-10  -1.5768329e-21   4.5983888e-05       12.215056   0.00022948394               0
      1.9297297               0               0               0   -0.0024182688  -1.4583697e-10  -1.5433527e-21   4.7703193e-05       12.214395   0.00022947151               0
      1.9318318               0               0               0   -0.0024181953  -1.4597004e-10  -1.5098726e-21   4.9422498e-05       12.213733   0.00022945907               0
      1.9339339               0               0               0   -0.0024181217  -1.4610312e-10  -1.4763924e-21   5.1141803e-05       12.213072   0.00022944663               0
       1.936036               0               0               0   -0.0024180481  -1.4623619e-10  -1.4429122e-21   5.2861108e-05       12.212411   0.00022943419               0
      1.9381381               0               0               0   -0.0024179745  -1.4636926e-10   -1.409432e-21   5.4580413e-05       12.211749   0.00022942175               0
      1.9402402               0               0               0   -0.0024179009  -1.4650234e-10  -1.3759518e-21   5.6299718e-05       12.211088   0.00022940932               0
      1.9423423               0               0               0   -0.0024178273  -1.4663541e-10  -1.3424716e-21   5.8019023e-05       12.210426   0.00022939688               0
      1.9444444               0               0               0   -0.0024177537  -1.4676848e-10  -1.3089914e-21   5.9738328e-05       12.209765   0.00022938444               0
      1.9465465               0               0               0   -0.0024176801  -1.4690156e-10  -1.2755113e-21   6.1457633e-05       12.209103     0.000229372               0
      1.9486486               0               0               0   -0.0024176066  -1.4703463e-10  -1.2420311e-21   6.3176939e-05       12.208442   0.00022935957               0
      1.9507508               0               0               0    -0.002417533   -1.471677e-10  -1.2085509e-21   6.4896244e-05       12.207781   0.00022934713               0
      1.9528529               0               0               0   -0.0024174594  -1.4730078e-10  -1.1750707e-21   6.6615549e-05       12.207119   0.00022933469               0
       1.954955               0               0               0   -0.0024173858  -1.4743385e-10  -1.1415905e-21   6.8334854e-05       12.206458   0.00022932225               0
      1.9570571               0               0               0   -0.0024173122  -1.4756692e-10  -1.1081103e-21   7.0054159e-05       12.205796   0.00022930982               0
      1.9591592               0               0               0   -0.0024172386      -1.477e-10  -1.0746302e-21   7.1773464e-05       12.205135   0.00022929738               0
      1.9612613               0               0               0    -0.002417165  -1.4783307e-10    -1.04115e-21   7.3492769e-05       12.204473   0.00022928494               0
      1.9633634               0               0               0   -0.0024170914  -1.4796614e-10  -1.0076698e-21   7.5212074e-05       12.203812    0.0002292725               0
      1.9654655               0               0               0   -0.0024170179  -1.4809922e-10   -9.741896e-22   7.6931379e-05       12.203151   0.00022926007               0
      1.9675676               0               0               0   -0.0024169443  -1.4823229e-10  -9.4070942e-22   7.8650684e-05       12.202489   0.00022924763               0
      1.9696697               0               0               0   -0.0024168707  -1.4836536e-10  -9.0722923e-22   8.0369989e-05       12.201828   0.00022923519               0
      1.9717718               0               0               0   -0.0024167971  -1.4849844e-10  -8.7374905e-22   8.2089294e-05       12.201166   0.00022922275               0
      1.9738739               0               0               0   -0.0024167235  -1.4863151e-10  -8.4026886e-22   8.3808599e-05       12.200505   0.00022921032               0
       1.975976               0               0               0   -0.0024166499  -1.4876458e-10  -8.0678868e-22   8.5527904e-05       12.199843   0.00022919788               0
      1.9780781               0               0               0   -0.0024165656  -1.4820728e-10  -7.7748465e-22   8.3321731e-05       12.199085   0.00022918362               0
      1.9801802               0               0               0   -0.0024164771  -1.4738295e-10  -7.4979585e-22   7.9597283e-05       12.198289   0.00022916865               0
      1.9822823               0               0               0   -0.0024163886  -1.4655862e-10  -7.2210704e-22   7.5872834e-05       12.197493   0.00022915368               0
      1.9843844               0               0               0   -0.0024163002  -1.4573429e-10  -6.9441824e-22   7.2148386e-05       12.196697   0.00022913871               0
      1.9864865               0               0               0   -0.0024162117  -1.4490996e-10  -6.6672944e-22   6.8423938e-05       12.195901   0.00022912374               0
      1.9885886               0               0               0   -0.0024161232  -1.4408563e-10  -6.3904064e-22   6.4699489e-05       12.195105   0.00022910877               0
      1.9906907               0               0               0   -0.0024160347   -1.432613e-10  -6.1135184e-22   6.0975041e-05       12.194309   0.00022909381               0
      1.9927928               0               0               0   -0.0024159462  -1.4243697e-10  -5.8366304e-22   5.7250592e-05       12.193513   0.00022907884               0
      1.9948949               0               0               0   -0.0024158577  -1.4161264e-10  -5.5597423e-22   5.3526144e-05       12.192717   0.00022906387               0
       1.996997               0               0               0   -0.0024157693  -1.4078831e-10  -5.2828543e-22   4.9801696e-05       12.191921    0.0002290489               0
      1.9990991               0               0               0   -0.0024156808  -1.3996398e-10  -5.0059663e-22   4.6077247e-05       12.191125   0.00022903393               0
      2.0012012               0               0               0   -0.0024155923  -1.3913965e-10  -4.7290783e-22   4.2352799e-05       12.190329   0.00022901897               0
      2.0033033               0               0               0   -0.0024155038  -1.3831533e-10  -4.4521903e-22   3.8628351e-05       12.189533     0.000229004               0
      2.0054054               0               0               0   -0.0024154153    -1.37491e-10  -4.1753023e-22   3.4903902e-05       12.188737   0.00022898903               0
      2.0075075               0               0               0   -0.0024153269  -1.3666667e-10  -3.8984143e-22   3.1179454e-05       12.187941   0.00022897406               0
      2.0096096               0               0               0   -0.0024152384  -1.3584234e-10  -3.6215262e-22   2.7455005e-05       12.187145   0.00022895909               0
      2.0117117               0               0               0   -0.0024151499  -1.3501801e-10  -3.3446382e-22   2.3730557e-05       12.186349   0.00022894413               0
      2.0138138               0               0               0   -0.0024150614  -1.3419368e-10  -3.0677502e-22   2.0006109e-05       12.185553   0.00022892916               0
      2.0159159               0               0               0   -0.0024149729  -1.3336935e-10  -2.7908622e-22    1.628166e-05       12.184757   0.00022891419               0
       2.018018               0               0               0   -0.0024148845  -1.3254502e-10  -2.5139742e-22   1.2557212e-05       12.183961   0.00022889922               0
      2.0201201               0               0               0    -0.002414796  -1.3172069e-10  -2.2370862e-22   8.8327636e-06       12.183165   0.00022888425               0
      2.0222222               0               0               0   -0.0024147075  -1.3089636e-10  -1.9601981e-22   5.1083152e-06       12.182369   0.00022886929               0
      2.0243243               0               0               0    -0.002414619  -1.3007203e-10  -1.6833101e-22   1.3838668e-06       12.181573   0.00022885432               0
      2.0264264               0               0               0   -0.0024145305   -1.292477e-10  -1.4064221e-22  -2.3405815e-06       12.180777   0.00022883935               0
      2.0285285               0               0               0    -0.002414442  -1.2842337e-10  -1.1295341e-22  -6.0650299e-06       12.179981   0.00022882438               0
      2.0306306               0               0               0   -0.0024143536  -1.2759904e-10  -8.5264608e-23  -9.7894783e-06       12.179185   0.00022880941               0
      2.0327327               0               0               0   -0.0024142651  -1.2677472e-10  -5.7575807e-23  -1.3513927e-05       12.178389   0.00022879444               0
      2.0348348               0               0               0   -0.0024141766  -1.2595039e-10  -2.9887005e-23  -1.7238375e-05       12.177593   0.00022877948               0
      2.0369369               0               0               0   -0.0024140881  -1.2512606e-10  -2.1982037e-24  -2.0962823e-05       12.176797   0.00022876451               0
       2.039039   0.00044688583   1.3350429e-11   2.4846501e-25   -0.0023814269  -1.2352838e-10   3.1036293e-24   -2.367612e-05       12.176252   0.00022875425   5.2207062e-12
      2.0411411    0.0010022037   2.9940196e-11   5.5721739e-25   -0.0023408622  -1.2174306e-10   2.9735042e-24  -2.6144072e-05       12.175767   0.00022874513   1.1708161e-11
      2.0432432    0.0015575216   4.6529963e-11   8.6596977e-25   -0.0023002975  -1.1995774e-10   2.8433791e-24  -2.8612024e-05       12.175282   0.00022873602   1.8195616e-11
      2.0453453    0.0021128395    6.311973e-11   1.1747221e-24   -0.0022597328  -1.1817242e-10    2.713254e-24  -3.1079976e-05       12.174797    0.0002287269    2.468307e-11
      2.0474474    0.0026681574   7.9709497e-11   1.4834745e-24   -0.0022191681  -1.1638709e-10   2.5831289e-24  -3.3547928e-05       12.174312   0.00022871778   3.1170525e-11
      2.0495495    0.0032234753   9.6299264e-11   1.7922269e-24   -0.0021786035  -1.1460177e-10   2.4530038e-24   -3.601588e-05       12.173828   0.00022870866    3.765798e-11
      2.0516517    0.0037787932   1.1288903e-10   2.1009793e-24   -0.0021380388  -1.1281645e-10   2.3228786e-24  -3.8483832e-05       12.173343   0.00022869955   4.4145434e-11
      2.0537538     0.004334111    1.294788e-10   2.4097317e-24   -0.0020974741  -1.1103113e-10   2.1927535e-24  -4.0951784e-05       12.172858   0.00022869043   5.0632889e-11
      2.0558559    0.0048894289   1.4606856e-10   2.7184841e-24   -0.0020569094  -1.0924581e-10   2.0626284e-24  -4.3419736e-05       12.172373   0.00022868131   5.7120344e-11
       2.057958    0.0054447468   1.6265833e-10   3.0272364e-24   -0.0020163447  -1.0746049e-10   1.9325033e-24  -4.5887688e-05       12.171888    0.0002286722   6.3607798e-11
      2.0600601    0.0060000647    1.792481e-10   3.3359888e-24     -0.00197578  -1.0567516e-10   1.8023782e-24   -4.835564e-05       12.171404   0.00022866308   7.0095253e-11
      2.0621622    0.0065553826   1.9583787e-10   3.6447412e-24   -0.0019352154  -1.0388984e-10   1.6722531e-24  -5.0823592e-05       12.170919   0.00022865396   7.6582708e-11
      2.0642643    0.0071107005   2.1242763e-10   3.9534936e-24   -0.0018946507  -1.0210452e-10    1.542128e-24  -5.3291544e-05       12.170434   0.00022864485   8.3070162e-11
      2.0663664    0.0076660184    2.290174e-10    4.262246e-24    -0.001854086   -1.003192e-10   1.4120029e-24  -5.5759496e-05       12.169949   0.00022863573   8.9557617e-11
      2.0684685    0.0082213362   2.4560717e-10   4.5709983e-24   -0.0018135213  -9.8533878e-11   1.2818778e-24  -5.8227448e-05       12.169464   0.00022862661   9.6045072e-11
      2.0705706    0.0087766541   2.6219693e-10   4.8797507e-24   -0.0017729566  -9.6748556e-11   1.1517527e-24    -6.06954e-05       12.168979    0.0002286175   1.0253253e-10
      2.0726727     0.009331972    2.787867e-10   5.1885031e-24   -0.0017323919  -9.4963235e-11   1.0216275e-24  -6.3163352e-05       12.168495   0.00022860838   1.0901998e-10
      2.0747748    0.0098872899   2.9537647e-10   5.4972555e-24   -0.0016918272  -9.3177913e-11   8.9150243e-25  -6.5631304e-05        12.16801   0.00022859926   1.1550744e-10
      2.0768769     0.010442608   3.1196623e-10   5.8060079e-24   -0.0016512626  -9.1392591e-11   7.6137732e-25  -6.8099256e-05       12.167525   0.00022859015   1.2199489e-10
       2.078979     0.010997926     3.28556e-10   6.1147602e-24   -0.0016106979   -8.960727e-11   6.3125221e-25  -7.0567208e-05        12.16704   0.00022858103   1.2848234e-10
      2.0810811     0.011553244   3.4514577e-10   6.4235126e-24   -0.0015701332  -8.7821948e-11    5.011271e-25   -7.303516e-05       12.166555   0.00022857191    1.349698e-10
      2.0831832     0.012108561   3.6173554e-10    6.732265e-24   -0.0015295685  -8.6036627e-11   3.7100199e-25  -7.5503112e-05       12.166071   0.00022856279   1.4145725e-10
      2.0852853     0.012663879    3.783253e-10   7.0410174e-24   -0.0014890038  -8.4251305e-11   2.4087688e-25  -7.7971064e-05       12.165586   0.00022855368   1.4794471e-10
      2.0873874     0.013219197   3.9491507e-10   7.3497698e-24   -0.0014484391  -8.2465984e-11   1.1075177e-25  -8.0439016e-05       12.165101   0.00022854456   1.5443216e-10
      2.0894895     0.013774515   4.1150484e-10   7.6585221e-24   -0.0014078745  -8.0680662e-11  -1.9373346e-26  -8.2906968e-05       12.164616   0.00022853544   1.6091962e-10
      2.0915916     0.014329833    4.280946e-10   7.9672745e-24   -0.0013673098   -7.889534e-11  -1.4949846e-25   -8.537492e-05       12.164131   0.00022852633   1.6740707e-10
      2.0936937     0.014885151   4.4468437e-10   8.2760269e-24   -0.0013267451  -7.7110019e-11  -2.7962357e-25  -8.7842871e-05       12.163646   0.00022851721   1.7389453e-10
      2.0957958     0.015440469   4.6127414e-10   8.5847793e-24   -0.0012861804  -7.5324697e-11  -4.0974868e-25  -9.0310823e-05       12.163162   0.00022850809   1.8038198e-10
      2.0978979     0.015995787    4.778639e-10   8.8935317e-24   -0.0012456157  -7.3539376e-11  -5.3987379e-25  -9.2778775e-05       12.162677   0.00022849898   1.8686944e-10
            2.1     0.016551105   4.9445367e-10    9.202284e-24    -0.001205051  -7.1754054e-11   -6.699989e-25  -9.5246727e-05       12.162192   0.00022848986   1.9335689e-10
