/*--------------------------------*- C++ -*----------------------------------*\
  =========                 |
  \\      /  F ield         | OpenFOAM: The Open Source CFD Toolbox
   \\    /   O peration     | Website:  https://openfoam.org
    \\  /    A nd           | Version:  12
     \\/     M anipulation  |
\*---------------------------------------------------------------------------*/
FoamFile
{
    format      ascii;
    class       volVectorField;
    location    "1400";
    object      U;
}
// * * * * * * * * * * * * * * * * * * * * * * * * * * * * * * * * * * * * * //

dimensions      [0 1 -1 0 0 0 0];

internalField   nonuniform List<vector> 
12972
(
(1.0018292 0.00045714305 0)
(1.00183 0.00045647027 0)
(1.0018308 0.00045579848 0)
(1.0018315 0.00045512787 0)
(1.0018323 0.0004544588 0)
(1.0018331 0.00045379131 0)
(1.0018338 0.00045312532 0)
(1.0018346 0.00045246072 0)
(1.0018354 0.00045179752 0)
(1.0018361 0.00045113572 0)
(1.0018369 0.0004504753 0)
(1.0018376 0.00044981622 0)
(1.0018384 0.00044915847 0)
(1.0018392 0.00044850202 0)
(1.0018399 0.00044784686 0)
(1.0018407 0.00044719295 0)
(1.0018414 0.00044654029 0)
(1.0018422 0.00044588884 0)
(1.0018429 0.00044523859 0)
(1.0018437 0.00044458952 0)
(1.0018444 0.0004439416 0)
(1.0018452 0.00044329482 0)
(1.0018459 0.00044264915 0)
(1.0018467 0.00044200459 0)
(1.0018474 0.00044136109 0)
(1.0018482 0.00044071866 0)
(1.0018489 0.00044007727 0)
(1.0018497 0.00043943689 0)
(1.0018504 0.00043879752 0)
(1.0018511 0.00043815912 0)
(1.0018519 0.0004375217 0)
(1.0018526 0.00043688522 0)
(1.0018534 0.00043624966 0)
(1.0018541 0.00043561502 0)
(1.0018549 0.00043498127 0)
(1.0018556 0.0004343484 0)
(1.0018563 0.00043371639 0)
(1.0018571 0.00043308522 0)
(1.0018578 0.00043245487 0)
(1.0018586 0.00043182534 0)
(1.0018593 0.00043119659 0)
(1.00186 0.00043056862 0)
(1.0018608 0.00042994142 0)
(1.0018615 0.00042931495 0)
(1.0018622 0.00042868921 0)
(1.001863 0.00042806419 0)
(1.0018637 0.00042743986 0)
(1.0018644 0.00042681621 0)
(1.0018652 0.00042619323 0)
(1.0018659 0.0004255709 0)
(1.0018666 0.0004249492 0)
(1.0018674 0.00042432813 0)
(1.0018681 0.00042370766 0)
(1.0018688 0.00042308778 0)
(1.0018696 0.00042246847 0)
(1.0018703 0.00042184973 0)
(1.001871 0.00042123154 0)
(1.0018718 0.00042061388 0)
(1.0018725 0.00041999673 0)
(1.0018732 0.00041938009 0)
(1.001874 0.00041876394 0)
(1.0018747 0.00041814827 0)
(1.0018754 0.00041753306 0)
(1.0018762 0.0004169183 0)
(1.0018769 0.00041630397 0)
(1.0018776 0.00041569006 0)
(1.0018784 0.00041507656 0)
(1.0018791 0.00041446345 0)
(1.0018798 0.00041385073 0)
(1.0018806 0.00041323837 0)
(1.0018813 0.00041262636 0)
(1.001882 0.00041201469 0)
(1.0018827 0.00041140335 0)
(1.0018835 0.00041079233 0)
(1.0018842 0.00041018161 0)
(1.0018849 0.00040957117 0)
(1.0018857 0.00040896101 0)
(1.0018864 0.00040835111 0)
(1.0018871 0.00040774145 0)
(1.0018879 0.00040713204 0)
(1.0018886 0.00040652284 0)
(1.0018893 0.00040591386 0)
(1.0018901 0.00040530507 0)
(1.0018908 0.00040469647 0)
(1.0018915 0.00040408804 0)
(1.0018923 0.00040347977 0)
(1.001893 0.00040287165 0)
(1.0018937 0.00040226366 0)
(1.0018945 0.00040165579 0)
(1.0018952 0.00040104803 0)
(1.0018959 0.00040044037 0)
(1.0018967 0.00039983279 0)
(1.0018974 0.00039922529 0)
(1.0018982 0.00039861784 0)
(1.0018989 0.00039801044 0)
(1.0018996 0.00039740307 0)
(1.0019004 0.00039679573 0)
(1.0019011 0.0003961884 0)
(1.0019018 0.00039558106 0)
(1.0019026 0.00039497371 0)
(1.0019033 0.00039436633 0)
(1.0019041 0.00039375891 0)
(1.0019048 0.00039315144 0)
(1.0019056 0.00039254391 0)
(1.0019063 0.0003919363 0)
(1.001907 0.00039132861 0)
(1.0019078 0.00039072081 0)
(1.0019085 0.0003901129 0)
(1.0019093 0.00038950487 0)
(1.00191 0.0003888967 0)
(1.0019108 0.00038828839 0)
(1.0019115 0.00038767991 0)
(1.0019123 0.00038707126 0)
(1.001913 0.00038646243 0)
(1.0019138 0.0003858534 0)
(1.0019145 0.00038524417 0)
(1.0019153 0.00038463471 0)
(1.001916 0.00038402502 0)
(1.0019168 0.00038341508 0)
(1.0019175 0.00038280489 0)
(1.0019183 0.00038219443 0)
(1.0019191 0.00038158369 0)
(1.0019198 0.00038097266 0)
(1.0019206 0.00038036132 0)
(1.0019213 0.00037974966 0)
(1.0019221 0.00037913767 0)
(1.0019229 0.00037852534 0)
(1.0019236 0.00037791265 0)
(1.0019244 0.00037729959 0)
(1.0019251 0.00037668615 0)
(1.0019259 0.00037607232 0)
(1.0019267 0.00037545808 0)
(1.0019275 0.00037484342 0)
(1.0019282 0.00037422833 0)
(1.001929 0.00037361283 0)
(1.0019298 0.00037299687 0)
(1.0019305 0.00037238058 0)
(1.0019313 0.00037176376 0)
(1.0017735 0.00045563823 0)
(1.0017743 0.00045496841 0)
(1.001775 0.00045430005 0)
(1.0017758 0.00045363306 0)
(1.0017766 0.00045296741 0)
(1.0017773 0.00045230314 0)
(1.0017781 0.00045164026 0)
(1.0017789 0.00045097876 0)
(1.0017797 0.0004503186 0)
(1.0017804 0.00044965979 0)
(1.0017812 0.00044900229 0)
(1.0017819 0.0004483461 0)
(1.0017827 0.00044769119 0)
(1.0017835 0.00044703753 0)
(1.0017842 0.00044638512 0)
(1.001785 0.00044573393 0)
(1.0017858 0.00044508393 0)
(1.0017865 0.00044443512 0)
(1.0017873 0.00044378747 0)
(1.001788 0.00044314095 0)
(1.0017888 0.00044249556 0)
(1.0017895 0.00044185127 0)
(1.0017903 0.00044120805 0)
(1.001791 0.00044056591 0)
(1.0017918 0.00043992481 0)
(1.0017925 0.00043928473 0)
(1.0017933 0.00043864566 0)
(1.001794 0.00043800758 0)
(1.0017948 0.00043737048 0)
(1.0017955 0.00043673433 0)
(1.0017963 0.00043609911 0)
(1.001797 0.00043546481 0)
(1.0017978 0.00043483142 0)
(1.0017985 0.00043419891 0)
(1.0017993 0.00043356727 0)
(1.0018 0.00043293648 0)
(1.0018008 0.00043230653 0)
(1.0018015 0.00043167739 0)
(1.0018022 0.00043104906 0)
(1.001803 0.00043042151 0)
(1.0018037 0.00042979473 0)
(1.0018045 0.00042916871 0)
(1.0018052 0.00042854343 0)
(1.0018059 0.00042791887 0)
(1.0018067 0.00042729502 0)
(1.0018074 0.00042667186 0)
(1.0018082 0.00042604938 0)
(1.0018089 0.00042542756 0)
(1.0018096 0.00042480639 0)
(1.0018104 0.00042418585 0)
(1.0018111 0.00042356594 0)
(1.0018118 0.00042294662 0)
(1.0018126 0.00042232789 0)
(1.0018133 0.00042170974 0)
(1.0018141 0.00042109215 0)
(1.0018148 0.00042047511 0)
(1.0018155 0.0004198586 0)
(1.0018163 0.00041924261 0)
(1.001817 0.00041862712 0)
(1.0018177 0.00041801213 0)
(1.0018185 0.00041739761 0)
(1.0018192 0.00041678356 0)
(1.0018199 0.00041616995 0)
(1.0018207 0.00041555678 0)
(1.0018214 0.00041494404 0)
(1.0018221 0.0004143317 0)
(1.0018229 0.00041371976 0)
(1.0018236 0.00041310821 0)
(1.0018243 0.00041249702 0)
(1.0018251 0.0004118862 0)
(1.0018258 0.00041127571 0)
(1.0018265 0.00041066556 0)
(1.0018273 0.00041005572 0)
(1.001828 0.0004094462 0)
(1.0018288 0.00040883696 0)
(1.0018295 0.000408228 0)
(1.0018302 0.00040761931 0)
(1.001831 0.00040701088 0)
(1.0018317 0.00040640269 0)
(1.0018324 0.00040579472 0)
(1.0018332 0.00040518698 0)
(1.0018339 0.00040457943 0)
(1.0018346 0.00040397208 0)
(1.0018354 0.00040336491 0)
(1.0018361 0.0004027579 0)
(1.0018368 0.00040215105 0)
(1.0018376 0.00040154435 0)
(1.0018383 0.00040093777 0)
(1.0018391 0.00040033131 0)
(1.0018398 0.00039972495 0)
(1.0018405 0.00039911868 0)
(1.0018413 0.0003985125 0)
(1.001842 0.00039790639 0)
(1.0018428 0.00039730033 0)
(1.0018435 0.00039669432 0)
(1.0018442 0.00039608833 0)
(1.001845 0.00039548237 0)
(1.0018457 0.00039487642 0)
(1.0018465 0.00039427046 0)
(1.0018472 0.00039366449 0)
(1.0018479 0.00039305848 0)
(1.0018487 0.00039245244 0)
(1.0018494 0.00039184634 0)
(1.0018502 0.00039124018 0)
(1.0018509 0.00039063395 0)
(1.0018517 0.00039002762 0)
(1.0018524 0.0003894212 0)
(1.0018532 0.00038881466 0)
(1.0018539 0.000388208 0)
(1.0018547 0.00038760121 0)
(1.0018554 0.00038699426 0)
(1.0018562 0.00038638716 0)
(1.0018569 0.00038577989 0)
(1.0018577 0.00038517243 0)
(1.0018584 0.00038456477 0)
(1.0018592 0.00038395691 0)
(1.0018599 0.00038334883 0)
(1.0018607 0.00038274052 0)
(1.0018614 0.00038213197 0)
(1.0018622 0.00038152315 0)
(1.001863 0.00038091408 0)
(1.0018637 0.00038030472 0)
(1.0018645 0.00037969507 0)
(1.0018652 0.00037908512 0)
(1.001866 0.00037847484 0)
(1.0018668 0.00037786424 0)
(1.0018675 0.0003772533 0)
(1.0018683 0.00037664201 0)
(1.0018691 0.00037603034 0)
(1.0018698 0.0003754183 0)
(1.0018706 0.00037480586 0)
(1.0018714 0.00037419302 0)
(1.0018721 0.00037357976 0)
(1.0018729 0.00037296607 0)
(1.0018737 0.00037235195 0)
(1.0018745 0.00037173738 0)
(1.0018752 0.00037112237 0)
(1.001876 0.00037050687 0)
(1.0017195 0.00045451264 0)
(1.0017203 0.00045385048 0)
(1.0017211 0.00045318978 0)
(1.0017218 0.00045253046 0)
(1.0017226 0.00045187247 0)
(1.0017234 0.00045121581 0)
(1.0017242 0.0004505605 0)
(1.0017249 0.00044990653 0)
(1.0017257 0.00044925388 0)
(1.0017265 0.00044860252 0)
(1.0017273 0.00044795243 0)
(1.001728 0.00044730361 0)
(1.0017288 0.00044665603 0)
(1.0017296 0.00044600967 0)
(1.0017303 0.00044536452 0)
(1.0017311 0.00044472054 0)
(1.0017318 0.00044407774 0)
(1.0017326 0.00044343607 0)
(1.0017334 0.00044279554 0)
(1.0017341 0.00044215611 0)
(1.0017349 0.00044151777 0)
(1.0017357 0.0004408805 0)
(1.0017364 0.00044024428 0)
(1.0017372 0.0004396091 0)
(1.0017379 0.00043897493 0)
(1.0017387 0.00043834176 0)
(1.0017394 0.00043770957 0)
(1.0017402 0.00043707835 0)
(1.0017409 0.00043644806 0)
(1.0017417 0.00043581871 0)
(1.0017424 0.00043519026 0)
(1.0017432 0.00043456271 0)
(1.0017439 0.00043393603 0)
(1.0017447 0.00043331021 0)
(1.0017454 0.00043268524 0)
(1.0017462 0.00043206109 0)
(1.0017469 0.00043143775 0)
(1.0017477 0.0004308152 0)
(1.0017484 0.00043019344 0)
(1.0017492 0.00042957243 0)
(1.0017499 0.00042895218 0)
(1.0017507 0.00042833265 0)
(1.0017514 0.00042771384 0)
(1.0017521 0.00042709572 0)
(1.0017529 0.0004264783 0)
(1.0017536 0.00042586154 0)
(1.0017544 0.00042524544 0)
(1.0017551 0.00042462997 0)
(1.0017559 0.00042401513 0)
(1.0017566 0.00042340091 0)
(1.0017573 0.00042278727 0)
(1.0017581 0.00042217422 0)
(1.0017588 0.00042156174 0)
(1.0017596 0.0004209498 0)
(1.0017603 0.00042033841 0)
(1.001761 0.00041972754 0)
(1.0017618 0.00041911718 0)
(1.0017625 0.00041850732 0)
(1.0017633 0.00041789793 0)
(1.001764 0.00041728902 0)
(1.0017647 0.00041668057 0)
(1.0017655 0.00041607255 0)
(1.0017662 0.00041546496 0)
(1.0017669 0.00041485779 0)
(1.0017677 0.00041425102 0)
(1.0017684 0.00041364463 0)
(1.0017692 0.00041303862 0)
(1.0017699 0.00041243297 0)
(1.0017706 0.00041182767 0)
(1.0017714 0.0004112227 0)
(1.0017721 0.00041061806 0)
(1.0017728 0.00041001372 0)
(1.0017736 0.00040940968 0)
(1.0017743 0.00040880593 0)
(1.0017751 0.00040820244 0)
(1.0017758 0.00040759922 0)
(1.0017765 0.00040699623 0)
(1.0017773 0.00040639348 0)
(1.001778 0.00040579095 0)
(1.0017788 0.00040518863 0)
(1.0017795 0.0004045865 0)
(1.0017802 0.00040398455 0)
(1.001781 0.00040338277 0)
(1.0017817 0.00040278115 0)
(1.0017824 0.00040217968 0)
(1.0017832 0.00040157833 0)
(1.0017839 0.00040097711 0)
(1.0017847 0.00040037599 0)
(1.0017854 0.00039977497 0)
(1.0017861 0.00039917403 0)
(1.0017869 0.00039857316 0)
(1.0017876 0.00039797235 0)
(1.0017884 0.00039737159 0)
(1.0017891 0.00039677086 0)
(1.0017899 0.00039617015 0)
(1.0017906 0.00039556945 0)
(1.0017913 0.00039496875 0)
(1.0017921 0.00039436803 0)
(1.0017928 0.00039376729 0)
(1.0017936 0.0003931665 0)
(1.0017943 0.00039256567 0)
(1.0017951 0.00039196477 0)
(1.0017958 0.0003913638 0)
(1.0017966 0.00039076275 0)
(1.0017973 0.00039016159 0)
(1.0017981 0.00038956032 0)
(1.0017988 0.00038895893 0)
(1.0017996 0.0003883574 0)
(1.0018003 0.00038775573 0)
(1.0018011 0.00038715389 0)
(1.0018018 0.00038655189 0)
(1.0018026 0.0003859497 0)
(1.0018033 0.00038534732 0)
(1.0018041 0.00038474473 0)
(1.0018048 0.00038414192 0)
(1.0018056 0.00038353889 0)
(1.0018064 0.0003829356 0)
(1.0018071 0.00038233207 0)
(1.0018079 0.00038172826 0)
(1.0018086 0.00038112418 0)
(1.0018094 0.0003805198 0)
(1.0018102 0.00037991512 0)
(1.0018109 0.00037931013 0)
(1.0018117 0.0003787048 0)
(1.0018124 0.00037809913 0)
(1.0018132 0.00037749311 0)
(1.001814 0.00037688672 0)
(1.0018147 0.00037627996 0)
(1.0018155 0.00037567279 0)
(1.0018163 0.00037506523 0)
(1.0018171 0.00037445724 0)
(1.0018178 0.00037384882 0)
(1.0018186 0.00037323995 0)
(1.0018194 0.00037263063 0)
(1.0018202 0.00037202083 0)
(1.0018209 0.00037141054 0)
(1.0018217 0.00037079973 0)
(1.0018225 0.00037018836 0)
(1.0016671 0.00045299339 0)
(1.0016679 0.00045233543 0)
(1.0016687 0.00045167891 0)
(1.0016695 0.00045102375 0)
(1.0016703 0.00045036991 0)
(1.001671 0.00044971737 0)
(1.0016718 0.00044906612 0)
(1.0016726 0.00044841615 0)
(1.0016734 0.00044776744 0)
(1.0016742 0.00044711998 0)
(1.0016749 0.00044647374 0)
(1.0016757 0.00044582871 0)
(1.0016765 0.00044518487 0)
(1.0016773 0.0004445422 0)
(1.001678 0.0004439007 0)
(1.0016788 0.00044326033 0)
(1.0016796 0.00044262108 0)
(1.0016803 0.00044198294 0)
(1.0016811 0.00044134588 0)
(1.0016819 0.00044070988 0)
(1.0016826 0.00044007494 0)
(1.0016834 0.00043944102 0)
(1.0016841 0.00043880812 0)
(1.0016849 0.00043817622 0)
(1.0016857 0.00043754529 0)
(1.0016864 0.00043691533 0)
(1.0016872 0.00043628631 0)
(1.0016879 0.00043565822 0)
(1.0016887 0.00043503103 0)
(1.0016895 0.00043440475 0)
(1.0016902 0.00043377934 0)
(1.001691 0.00043315479 0)
(1.0016917 0.00043253108 0)
(1.0016925 0.0004319082 0)
(1.0016932 0.00043128614 0)
(1.001694 0.00043066487 0)
(1.0016947 0.00043004438 0)
(1.0016955 0.00042942466 0)
(1.0016962 0.00042880569 0)
(1.001697 0.00042818745 0)
(1.0016977 0.00042756993 0)
(1.0016985 0.00042695311 0)
(1.0016992 0.00042633699 0)
(1.0017 0.00042572154 0)
(1.0017007 0.00042510674 0)
(1.0017015 0.0004244926 0)
(1.0017022 0.00042387908 0)
(1.001703 0.00042326618 0)
(1.0017037 0.00042265387 0)
(1.0017044 0.00042204216 0)
(1.0017052 0.00042143102 0)
(1.0017059 0.00042082044 0)
(1.0017067 0.0004202104 0)
(1.0017074 0.00041960089 0)
(1.0017082 0.0004189919 0)
(1.0017089 0.00041838341 0)
(1.0017097 0.00041777542 0)
(1.0017104 0.0004171679 0)
(1.0017111 0.00041656084 0)
(1.0017119 0.00041595423 0)
(1.0017126 0.00041534806 0)
(1.0017134 0.00041474231 0)
(1.0017141 0.00041413697 0)
(1.0017148 0.00041353203 0)
(1.0017156 0.00041292747 0)
(1.0017163 0.00041232328 0)
(1.0017171 0.00041171945 0)
(1.0017178 0.00041111596 0)
(1.0017186 0.0004105128 0)
(1.0017193 0.00040990997 0)
(1.00172 0.00040930744 0)
(1.0017208 0.0004087052 0)
(1.0017215 0.00040810325 0)
(1.0017223 0.00040750156 0)
(1.001723 0.00040690013 0)
(1.0017237 0.00040629895 0)
(1.0017245 0.00040569799 0)
(1.0017252 0.00040509725 0)
(1.001726 0.00040449673 0)
(1.0017267 0.00040389639 0)
(1.0017274 0.00040329624 0)
(1.0017282 0.00040269625 0)
(1.0017289 0.00040209643 0)
(1.0017297 0.00040149674 0)
(1.0017304 0.0004008972 0)
(1.0017312 0.00040029777 0)
(1.0017319 0.00039969845 0)
(1.0017326 0.00039909923 0)
(1.0017334 0.00039850009 0)
(1.0017341 0.00039790103 0)
(1.0017349 0.00039730202 0)
(1.0017356 0.00039670307 0)
(1.0017364 0.00039610415 0)
(1.0017371 0.00039550526 0)
(1.0017379 0.00039490637 0)
(1.0017386 0.00039430749 0)
(1.0017393 0.0003937086 0)
(1.0017401 0.00039310969 0)
(1.0017408 0.00039251074 0)
(1.0017416 0.00039191174 0)
(1.0017423 0.00039131269 0)
(1.0017431 0.00039071357 0)
(1.0017438 0.00039011436 0)
(1.0017446 0.00038951506 0)
(1.0017453 0.00038891565 0)
(1.0017461 0.00038831613 0)
(1.0017468 0.00038771647 0)
(1.0017476 0.00038711668 0)
(1.0017484 0.00038651673 0)
(1.0017491 0.00038591662 0)
(1.0017499 0.00038531633 0)
(1.0017506 0.00038471585 0)
(1.0017514 0.00038411517 0)
(1.0017521 0.00038351428 0)
(1.0017529 0.00038291317 0)
(1.0017536 0.00038231182 0)
(1.0017544 0.00038171022 0)
(1.0017552 0.00038110836 0)
(1.0017559 0.00038050623 0)
(1.0017567 0.00037990381 0)
(1.0017575 0.0003793011 0)
(1.0017582 0.00037869808 0)
(1.001759 0.00037809474 0)
(1.0017598 0.00037749107 0)
(1.0017605 0.00037688705 0)
(1.0017613 0.00037628267 0)
(1.0017621 0.00037567792 0)
(1.0017628 0.00037507279 0)
(1.0017636 0.00037446726 0)
(1.0017644 0.00037386131 0)
(1.0017651 0.00037325495 0)
(1.0017659 0.00037264814 0)
(1.0017667 0.00037204088 0)
(1.0017675 0.00037143316 0)
(1.0017683 0.00037082495 0)
(1.001769 0.00037021623 0)
(1.0017698 0.00036960697 0)
(1.0017706 0.00036899715 0)
(1.0016164 0.00045169626 0)
(1.0016172 0.00045104621 0)
(1.001618 0.00045039755 0)
(1.0016188 0.00044975022 0)
(1.0016196 0.00044910418 0)
(1.0016203 0.00044845938 0)
(1.0016211 0.00044781583 0)
(1.0016219 0.00044717351 0)
(1.0016227 0.00044653241 0)
(1.0016235 0.0004458925 0)
(1.0016243 0.00044525378 0)
(1.001625 0.00044461623 0)
(1.0016258 0.00044397983 0)
(1.0016266 0.00044334455 0)
(1.0016274 0.0004427104 0)
(1.0016281 0.00044207734 0)
(1.0016289 0.00044144537 0)
(1.0016297 0.00044081446 0)
(1.0016305 0.0004401846 0)
(1.0016312 0.00043955577 0)
(1.001632 0.00043892795 0)
(1.0016328 0.00043830113 0)
(1.0016335 0.00043767529 0)
(1.0016343 0.00043705041 0)
(1.0016351 0.00043642648 0)
(1.0016358 0.00043580348 0)
(1.0016366 0.00043518139 0)
(1.0016373 0.0004345602 0)
(1.0016381 0.00043393988 0)
(1.0016389 0.00043332044 0)
(1.0016396 0.00043270184 0)
(1.0016404 0.00043208407 0)
(1.0016411 0.00043146712 0)
(1.0016419 0.00043085097 0)
(1.0016427 0.0004302356 0)
(1.0016434 0.000429621 0)
(1.0016442 0.00042900716 0)
(1.0016449 0.00042839406 0)
(1.0016457 0.00042778168 0)
(1.0016464 0.00042717001 0)
(1.0016472 0.00042655904 0)
(1.0016479 0.00042594874 0)
(1.0016487 0.00042533911 0)
(1.0016494 0.00042473012 0)
(1.0016502 0.00042412177 0)
(1.0016509 0.00042351405 0)
(1.0016517 0.00042290693 0)
(1.0016524 0.0004223004 0)
(1.0016532 0.00042169445 0)
(1.0016539 0.00042108906 0)
(1.0016547 0.00042048422 0)
(1.0016554 0.00041987992 0)
(1.0016562 0.00041927614 0)
(1.0016569 0.00041867287 0)
(1.0016577 0.0004180701 0)
(1.0016584 0.00041746781 0)
(1.0016592 0.00041686598 0)
(1.0016599 0.00041626461 0)
(1.0016607 0.00041566368 0)
(1.0016614 0.00041506318 0)
(1.0016622 0.00041446309 0)
(1.0016629 0.00041386341 0)
(1.0016636 0.00041326411 0)
(1.0016644 0.00041266519 0)
(1.0016651 0.00041206663 0)
(1.0016659 0.00041146842 0)
(1.0016666 0.00041087054 0)
(1.0016674 0.000410273 0)
(1.0016681 0.00040967576 0)
(1.0016689 0.00040907882 0)
(1.0016696 0.00040848216 0)
(1.0016703 0.00040788578 0)
(1.0016711 0.00040728967 0)
(1.0016718 0.0004066938 0)
(1.0016726 0.00040609816 0)
(1.0016733 0.00040550275 0)
(1.0016741 0.00040490755 0)
(1.0016748 0.00040431255 0)
(1.0016756 0.00040371773 0)
(1.0016763 0.00040312309 0)
(1.001677 0.00040252861 0)
(1.0016778 0.00040193428 0)
(1.0016785 0.00040134009 0)
(1.0016793 0.00040074602 0)
(1.00168 0.00040015207 0)
(1.0016808 0.00039955821 0)
(1.0016815 0.00039896445 0)
(1.0016823 0.00039837076 0)
(1.001683 0.00039777714 0)
(1.0016838 0.00039718357 0)
(1.0016845 0.00039659004 0)
(1.0016853 0.00039599654 0)
(1.001686 0.00039540306 0)
(1.0016867 0.00039480958 0)
(1.0016875 0.00039421609 0)
(1.0016882 0.00039362259 0)
(1.001689 0.00039302905 0)
(1.0016897 0.00039243547 0)
(1.0016905 0.00039184184 0)
(1.0016912 0.00039124814 0)
(1.001692 0.00039065436 0)
(1.0016928 0.0003900605 0)
(1.0016935 0.00038946653 0)
(1.0016943 0.00038887244 0)
(1.001695 0.00038827823 0)
(1.0016958 0.00038768388 0)
(1.0016965 0.00038708939 0)
(1.0016973 0.00038649473 0)
(1.001698 0.0003858999 0)
(1.0016988 0.00038530488 0)
(1.0016995 0.00038470967 0)
(1.0017003 0.00038411424 0)
(1.0017011 0.0003835186 0)
(1.0017018 0.00038292272 0)
(1.0017026 0.0003823266 0)
(1.0017033 0.00038173023 0)
(1.0017041 0.00038113358 0)
(1.0017049 0.00038053665 0)
(1.0017056 0.00037993944 0)
(1.0017064 0.00037934191 0)
(1.0017072 0.00037874407 0)
(1.0017079 0.0003781459 0)
(1.0017087 0.00037754738 0)
(1.0017095 0.00037694851 0)
(1.0017102 0.00037634928 0)
(1.001711 0.00037574966 0)
(1.0017118 0.00037514965 0)
(1.0017126 0.00037454924 0)
(1.0017133 0.0003739484 0)
(1.0017141 0.00037334713 0)
(1.0017149 0.00037274541 0)
(1.0017157 0.00037214323 0)
(1.0017164 0.00037154057 0)
(1.0017172 0.00037093742 0)
(1.001718 0.00037033376 0)
(1.0017188 0.00036972956 0)
(1.0017196 0.0003691248 0)
(1.0017204 0.00036851945 0)
(1.0015672 0.00045013084 0)
(1.001568 0.00044948597 0)
(1.0015688 0.00044884243 0)
(1.0015696 0.00044820019 0)
(1.0015704 0.00044755917 0)
(1.0015712 0.00044691935 0)
(1.0015719 0.00044628072 0)
(1.0015727 0.00044564328 0)
(1.0015735 0.000445007 0)
(1.0015743 0.00044437187 0)
(1.0015751 0.00044373787 0)
(1.0015759 0.00044310498 0)
(1.0015767 0.0004424732 0)
(1.0015774 0.0004418425 0)
(1.0015782 0.00044121287 0)
(1.001579 0.00044058429 0)
(1.0015798 0.00043995675 0)
(1.0015806 0.00043933022 0)
(1.0015813 0.0004387047 0)
(1.0015821 0.00043808016 0)
(1.0015829 0.00043745659 0)
(1.0015836 0.00043683398 0)
(1.0015844 0.0004362123 0)
(1.0015852 0.00043559155 0)
(1.001586 0.0004349717 0)
(1.0015867 0.00043435274 0)
(1.0015875 0.00043373466 0)
(1.0015883 0.00043311743 0)
(1.001589 0.00043250105 0)
(1.0015898 0.00043188549 0)
(1.0015906 0.00043127074 0)
(1.0015913 0.00043065679 0)
(1.0015921 0.00043004363 0)
(1.0015928 0.00042943122 0)
(1.0015936 0.00042881957 0)
(1.0015944 0.00042820865 0)
(1.0015951 0.00042759846 0)
(1.0015959 0.00042698897 0)
(1.0015966 0.00042638017 0)
(1.0015974 0.00042577205 0)
(1.0015982 0.00042516459 0)
(1.0015989 0.00042455778 0)
(1.0015997 0.00042395161 0)
(1.0016004 0.00042334605 0)
(1.0016012 0.0004227411 0)
(1.0016019 0.00042213674 0)
(1.0016027 0.00042153296 0)
(1.0016034 0.00042092974 0)
(1.0016042 0.00042032707 0)
(1.0016049 0.00041972494 0)
(1.0016057 0.00041912333 0)
(1.0016065 0.00041852223 0)
(1.0016072 0.00041792162 0)
(1.001608 0.0004173215 0)
(1.0016087 0.00041672185 0)
(1.0016095 0.00041612266 0)
(1.0016102 0.0004155239 0)
(1.001611 0.00041492558 0)
(1.0016117 0.00041432767 0)
(1.0016125 0.00041373017 0)
(1.0016132 0.00041313306 0)
(1.001614 0.00041253633 0)
(1.0016147 0.00041193996 0)
(1.0016154 0.00041134395 0)
(1.0016162 0.00041074827 0)
(1.0016169 0.00041015293 0)
(1.0016177 0.0004095579 0)
(1.0016184 0.00040896317 0)
(1.0016192 0.00040836873 0)
(1.0016199 0.00040777457 0)
(1.0016207 0.00040718068 0)
(1.0016214 0.00040658704 0)
(1.0016222 0.00040599364 0)
(1.0016229 0.00040540047 0)
(1.0016237 0.00040480751 0)
(1.0016244 0.00040421476 0)
(1.0016252 0.00040362221 0)
(1.0016259 0.00040302983 0)
(1.0016267 0.00040243762 0)
(1.0016274 0.00040184557 0)
(1.0016282 0.00040125366 0)
(1.0016289 0.00040066188 0)
(1.0016297 0.00040007023 0)
(1.0016304 0.00039947868 0)
(1.0016312 0.00039888723 0)
(1.0016319 0.00039829587 0)
(1.0016327 0.00039770457 0)
(1.0016334 0.00039711334 0)
(1.0016342 0.00039652216 0)
(1.0016349 0.00039593102 0)
(1.0016357 0.0003953399 0)
(1.0016364 0.00039474879 0)
(1.0016372 0.00039415769 0)
(1.0016379 0.00039356658 0)
(1.0016387 0.00039297545 0)
(1.0016394 0.00039238429 0)
(1.0016402 0.00039179308 0)
(1.0016409 0.00039120181 0)
(1.0016417 0.00039061048 0)
(1.0016424 0.00039001907 0)
(1.0016432 0.00038942756 0)
(1.0016439 0.00038883596 0)
(1.0016447 0.00038824424 0)
(1.0016454 0.00038765239 0)
(1.0016462 0.00038706041 0)
(1.001647 0.00038646827 0)
(1.0016477 0.00038587598 0)
(1.0016485 0.00038528351 0)
(1.0016492 0.00038469086 0)
(1.00165 0.00038409801 0)
(1.0016508 0.00038350496 0)
(1.0016515 0.00038291168 0)
(1.0016523 0.00038231818 0)
(1.001653 0.00038172443 0)
(1.0016538 0.00038113043 0)
(1.0016546 0.00038053616 0)
(1.0016553 0.00037994161 0)
(1.0016561 0.00037934677 0)
(1.0016569 0.00037875163 0)
(1.0016576 0.00037815617 0)
(1.0016584 0.00037756039 0)
(1.0016592 0.00037696427 0)
(1.00166 0.00037636779 0)
(1.0016607 0.00037577096 0)
(1.0016615 0.00037517374 0)
(1.0016623 0.00037457614 0)
(1.001663 0.00037397813 0)
(1.0016638 0.00037337971 0)
(1.0016646 0.00037278086 0)
(1.0016654 0.00037218157 0)
(1.0016662 0.00037158182 0)
(1.0016669 0.0003709816 0)
(1.0016677 0.00037038089 0)
(1.0016685 0.00036977967 0)
(1.0016693 0.00036917794 0)
(1.0016701 0.00036857566 0)
(1.0016709 0.00036797282 0)
(1.0016716 0.00036736939 0)
(1.0015195 0.00044867499 0)
(1.0015203 0.00044803829 0)
(1.0015211 0.00044740287 0)
(1.0015219 0.00044676868 0)
(1.0015227 0.00044613568 0)
(1.0015235 0.00044550382 0)
(1.0015243 0.0004448731 0)
(1.0015251 0.00044424352 0)
(1.0015259 0.00044361505 0)
(1.0015267 0.00044298768 0)
(1.0015274 0.0004423614 0)
(1.0015282 0.00044173618 0)
(1.001529 0.00044111202 0)
(1.0015298 0.0004404889 0)
(1.0015306 0.0004398668 0)
(1.0015314 0.00043924571 0)
(1.0015322 0.00043862561 0)
(1.0015329 0.00043800649 0)
(1.0015337 0.00043738832 0)
(1.0015345 0.00043677111 0)
(1.0015353 0.00043615483 0)
(1.0015361 0.00043553946 0)
(1.0015368 0.00043492499 0)
(1.0015376 0.00043431141 0)
(1.0015384 0.00043369869 0)
(1.0015392 0.00043308683 0)
(1.0015399 0.00043247581 0)
(1.0015407 0.00043186561 0)
(1.0015415 0.00043125623 0)
(1.0015422 0.00043064763 0)
(1.001543 0.00043003982 0)
(1.0015438 0.00042943277 0)
(1.0015445 0.00042882646 0)
(1.0015453 0.0004282209 0)
(1.0015461 0.00042761605 0)
(1.0015468 0.00042701191 0)
(1.0015476 0.00042640846 0)
(1.0015484 0.00042580569 0)
(1.0015491 0.00042520358 0)
(1.0015499 0.00042460212 0)
(1.0015506 0.0004240013 0)
(1.0015514 0.0004234011 0)
(1.0015522 0.0004228015 0)
(1.0015529 0.0004222025 0)
(1.0015537 0.00042160407 0)
(1.0015544 0.00042100621 0)
(1.0015552 0.00042040891 0)
(1.001556 0.00041981214 0)
(1.0015567 0.0004192159 0)
(1.0015575 0.00041862016 0)
(1.0015582 0.00041802493 0)
(1.001559 0.00041743018 0)
(1.0015597 0.00041683591 0)
(1.0015605 0.00041624209 0)
(1.0015613 0.00041564872 0)
(1.001562 0.00041505579 0)
(1.0015628 0.00041446327 0)
(1.0015635 0.00041387116 0)
(1.0015643 0.00041327944 0)
(1.001565 0.00041268811 0)
(1.0015658 0.00041209715 0)
(1.0015665 0.00041150654 0)
(1.0015673 0.00041091627 0)
(1.001568 0.00041032634 0)
(1.0015688 0.00040973673 0)
(1.0015695 0.00040914742 0)
(1.0015703 0.00040855841 0)
(1.001571 0.00040796968 0)
(1.0015718 0.00040738122 0)
(1.0015725 0.00040679301 0)
(1.0015733 0.00040620505 0)
(1.001574 0.00040561733 0)
(1.0015748 0.00040502982 0)
(1.0015755 0.00040444253 0)
(1.0015763 0.00040385543 0)
(1.0015771 0.00040326851 0)
(1.0015778 0.00040268177 0)
(1.0015786 0.00040209518 0)
(1.0015793 0.00040150875 0)
(1.0015801 0.00040092245 0)
(1.0015808 0.00040033628 0)
(1.0015816 0.00039975022 0)
(1.0015823 0.00039916427 0)
(1.0015831 0.0003985784 0)
(1.0015838 0.00039799261 0)
(1.0015846 0.00039740688 0)
(1.0015853 0.00039682121 0)
(1.0015861 0.00039623558 0)
(1.0015868 0.00039564998 0)
(1.0015876 0.0003950644 0)
(1.0015883 0.00039447883 0)
(1.0015891 0.00039389326 0)
(1.0015898 0.00039330766 0)
(1.0015906 0.00039272204 0)
(1.0015914 0.00039213638 0)
(1.0015921 0.00039155067 0)
(1.0015929 0.0003909649 0)
(1.0015936 0.00039037905 0)
(1.0015944 0.00038979311 0)
(1.0015951 0.00038920708 0)
(1.0015959 0.00038862094 0)
(1.0015967 0.00038803467 0)
(1.0015974 0.00038744828 0)
(1.0015982 0.00038686174 0)
(1.0015989 0.00038627504 0)
(1.0015997 0.00038568817 0)
(1.0016005 0.00038510113 0)
(1.0016012 0.0003845139 0)
(1.001602 0.00038392646 0)
(1.0016027 0.00038333881 0)
(1.0016035 0.00038275093 0)
(1.0016043 0.00038216281 0)
(1.001605 0.00038157445 0)
(1.0016058 0.00038098582 0)
(1.0016066 0.00038039692 0)
(1.0016073 0.00037980773 0)
(1.0016081 0.00037921825 0)
(1.0016089 0.00037862846 0)
(1.0016096 0.00037803834 0)
(1.0016104 0.0003774479 0)
(1.0016112 0.0003768571 0)
(1.001612 0.00037626595 0)
(1.0016127 0.00037567443 0)
(1.0016135 0.00037508253 0)
(1.0016143 0.00037449023 0)
(1.0016151 0.00037389752 0)
(1.0016158 0.00037330439 0)
(1.0016166 0.00037271082 0)
(1.0016174 0.0003721168 0)
(1.0016182 0.00037152233 0)
(1.001619 0.00037092737 0)
(1.0016197 0.00037033192 0)
(1.0016205 0.00036973597 0)
(1.0016213 0.00036913949 0)
(1.0016221 0.00036854247 0)
(1.0016229 0.00036794489 0)
(1.0016237 0.00036734673 0)
(1.0016245 0.00036674798 0)
(1.0014732 0.00044703615 0)
(1.001474 0.00044640557 0)
(1.0014748 0.00044577621 0)
(1.0014756 0.00044514802 0)
(1.0014764 0.00044452095 0)
(1.0014772 0.00044389498 0)
(1.001478 0.00044327008 0)
(1.0014788 0.00044264627 0)
(1.0014796 0.00044202351 0)
(1.0014804 0.0004414018 0)
(1.0014812 0.00044078112 0)
(1.001482 0.00044016145 0)
(1.0014828 0.00043954279 0)
(1.0014836 0.00043892511 0)
(1.0014844 0.0004383084 0)
(1.0014852 0.00043769265 0)
(1.001486 0.00043707784 0)
(1.0014867 0.00043646396 0)
(1.0014875 0.000435851 0)
(1.0014883 0.00043523893 0)
(1.0014891 0.00043462774 0)
(1.0014899 0.00043401743 0)
(1.0014907 0.00043340797 0)
(1.0014914 0.00043279935 0)
(1.0014922 0.00043219155 0)
(1.001493 0.00043158456 0)
(1.0014938 0.00043097837 0)
(1.0014945 0.00043037297 0)
(1.0014953 0.00042976833 0)
(1.0014961 0.00042916444 0)
(1.0014969 0.00042856129 0)
(1.0014976 0.00042795887 0)
(1.0014984 0.00042735715 0)
(1.0014992 0.00042675614 0)
(1.0014999 0.0004261558 0)
(1.0015007 0.00042555614 0)
(1.0015015 0.00042495713 0)
(1.0015023 0.00042435876 0)
(1.001503 0.00042376101 0)
(1.0015038 0.00042316388 0)
(1.0015046 0.00042256735 0)
(1.0015053 0.00042197141 0)
(1.0015061 0.00042137604 0)
(1.0015068 0.00042078123 0)
(1.0015076 0.00042018696 0)
(1.0015084 0.00041959323 0)
(1.0015091 0.00041900001 0)
(1.0015099 0.00041840731 0)
(1.0015107 0.0004178151 0)
(1.0015114 0.00041722336 0)
(1.0015122 0.0004166321 0)
(1.0015129 0.00041604129 0)
(1.0015137 0.00041545092 0)
(1.0015145 0.00041486099 0)
(1.0015152 0.00041427147 0)
(1.001516 0.00041368235 0)
(1.0015167 0.00041309362 0)
(1.0015175 0.00041250528 0)
(1.0015182 0.0004119173 0)
(1.001519 0.00041132967 0)
(1.0015198 0.00041074239 0)
(1.0015205 0.00041015544 0)
(1.0015213 0.0004095688 0)
(1.001522 0.00040898247 0)
(1.0015228 0.00040839643 0)
(1.0015235 0.00040781067 0)
(1.0015243 0.00040722519 0)
(1.0015251 0.00040663996 0)
(1.0015258 0.00040605497 0)
(1.0015266 0.00040547022 0)
(1.0015273 0.00040488568 0)
(1.0015281 0.00040430136 0)
(1.0015288 0.00040371723 0)
(1.0015296 0.00040313329 0)
(1.0015303 0.00040254953 0)
(1.0015311 0.00040196592 0)
(1.0015318 0.00040138247 0)
(1.0015326 0.00040079915 0)
(1.0015334 0.00040021596 0)
(1.0015341 0.00039963288 0)
(1.0015349 0.00039904991 0)
(1.0015356 0.00039846703 0)
(1.0015364 0.00039788424 0)
(1.0015371 0.00039730151 0)
(1.0015379 0.00039671883 0)
(1.0015386 0.00039613621 0)
(1.0015394 0.00039555361 0)
(1.0015402 0.00039497104 0)
(1.0015409 0.00039438848 0)
(1.0015417 0.00039380592 0)
(1.0015424 0.00039322335 0)
(1.0015432 0.00039264076 0)
(1.0015439 0.00039205813 0)
(1.0015447 0.00039147545 0)
(1.0015455 0.00039089272 0)
(1.0015462 0.00039030992 0)
(1.001547 0.00038972704 0)
(1.0015477 0.00038914406 0)
(1.0015485 0.00038856099 0)
(1.0015493 0.00038797779 0)
(1.00155 0.00038739447 0)
(1.0015508 0.00038681102 0)
(1.0015515 0.00038622741 0)
(1.0015523 0.00038564365 0)
(1.0015531 0.00038505971 0)
(1.0015538 0.00038447559 0)
(1.0015546 0.00038389127 0)
(1.0015554 0.00038330675 0)
(1.0015561 0.00038272201 0)
(1.0015569 0.00038213704 0)
(1.0015577 0.00038155183 0)
(1.0015584 0.00038096637 0)
(1.0015592 0.00038038064 0)
(1.00156 0.00037979463 0)
(1.0015607 0.00037920834 0)
(1.0015615 0.00037862175 0)
(1.0015623 0.00037803485 0)
(1.0015631 0.00037744762 0)
(1.0015638 0.00037686006 0)
(1.0015646 0.00037627216 0)
(1.0015654 0.00037568389 0)
(1.0015661 0.00037509525 0)
(1.0015669 0.00037450623 0)
(1.0015677 0.00037391681 0)
(1.0015685 0.00037332699 0)
(1.0015693 0.00037273674 0)
(1.00157 0.00037214605 0)
(1.0015708 0.00037155492 0)
(1.0015716 0.00037096333 0)
(1.0015724 0.00037037126 0)
(1.0015732 0.0003697787 0)
(1.001574 0.00036918564 0)
(1.0015747 0.00036859206 0)
(1.0015755 0.00036799795 0)
(1.0015763 0.00036740328 0)
(1.0015771 0.00036680804 0)
(1.0015779 0.00036621222 0)
(1.0015787 0.0003656158 0)
(1.0014283 0.00044542949 0)
(1.0014291 0.00044480739 0)
(1.0014299 0.00044418644 0)
(1.0014307 0.00044356661 0)
(1.0014315 0.00044294784 0)
(1.0014324 0.0004423301 0)
(1.0014332 0.0004417134 0)
(1.001434 0.00044109772 0)
(1.0014348 0.00044048305 0)
(1.0014356 0.00043986937 0)
(1.0014364 0.00043925667 0)
(1.0014372 0.00043864493 0)
(1.001438 0.00043803415 0)
(1.0014388 0.0004374243 0)
(1.0014396 0.00043681538 0)
(1.0014404 0.00043620737 0)
(1.0014411 0.00043560026 0)
(1.0014419 0.00043499402 0)
(1.0014427 0.00043438866 0)
(1.0014435 0.00043378415 0)
(1.0014443 0.00043318048 0)
(1.0014451 0.00043257764 0)
(1.0014459 0.00043197561 0)
(1.0014467 0.00043137438 0)
(1.0014474 0.00043077394 0)
(1.0014482 0.00043017427 0)
(1.001449 0.00042957535 0)
(1.0014498 0.00042897718 0)
(1.0014506 0.00042837974 0)
(1.0014514 0.00042778302 0)
(1.0014521 0.000427187 0)
(1.0014529 0.00042659166 0)
(1.0014537 0.00042599701 0)
(1.0014545 0.00042540301 0)
(1.0014552 0.00042480967 0)
(1.001456 0.00042421696 0)
(1.0014568 0.00042362487 0)
(1.0014576 0.00042303339 0)
(1.0014583 0.00042244251 0)
(1.0014591 0.00042185221 0)
(1.0014599 0.00042126248 0)
(1.0014606 0.0004206733 0)
(1.0014614 0.00042008467 0)
(1.0014622 0.00041949657 0)
(1.0014629 0.00041890898 0)
(1.0014637 0.0004183219 0)
(1.0014645 0.00041773532 0)
(1.0014652 0.00041714921 0)
(1.001466 0.00041656356 0)
(1.0014668 0.00041597837 0)
(1.0014675 0.00041539362 0)
(1.0014683 0.0004148093 0)
(1.0014691 0.0004142254 0)
(1.0014698 0.0004136419 0)
(1.0014706 0.00041305879 0)
(1.0014713 0.00041247606 0)
(1.0014721 0.0004118937 0)
(1.0014729 0.00041131169 0)
(1.0014736 0.00041073003 0)
(1.0014744 0.00041014869 0)
(1.0014752 0.00040956767 0)
(1.0014759 0.00040898696 0)
(1.0014767 0.00040840655 0)
(1.0014774 0.00040782641 0)
(1.0014782 0.00040724655 0)
(1.001479 0.00040666694 0)
(1.0014797 0.00040608758 0)
(1.0014805 0.00040550846 0)
(1.0014812 0.00040492955 0)
(1.001482 0.00040435086 0)
(1.0014828 0.00040377237 0)
(1.0014835 0.00040319407 0)
(1.0014843 0.00040261594 0)
(1.001485 0.00040203797 0)
(1.0014858 0.00040146016 0)
(1.0014865 0.00040088249 0)
(1.0014873 0.00040030495 0)
(1.0014881 0.00039972753 0)
(1.0014888 0.00039915022 0)
(1.0014896 0.000398573 0)
(1.0014903 0.00039799586 0)
(1.0014911 0.00039741879 0)
(1.0014919 0.00039684179 0)
(1.0014926 0.00039626484 0)
(1.0014934 0.00039568792 0)
(1.0014941 0.00039511103 0)
(1.0014949 0.00039453415 0)
(1.0014957 0.00039395728 0)
(1.0014964 0.0003933804 0)
(1.0014972 0.0003928035 0)
(1.0014979 0.00039222657 0)
(1.0014987 0.0003916496 0)
(1.0014995 0.00039107257 0)
(1.0015002 0.00039049548 0)
(1.001501 0.00038991831 0)
(1.0015017 0.00038934106 0)
(1.0015025 0.00038876371 0)
(1.0015033 0.00038818624 0)
(1.001504 0.00038760866 0)
(1.0015048 0.00038703094 0)
(1.0015056 0.00038645308 0)
(1.0015063 0.00038587507 0)
(1.0015071 0.00038529688 0)
(1.0015079 0.00038471852 0)
(1.0015086 0.00038413997 0)
(1.0015094 0.00038356121 0)
(1.0015102 0.00038298225 0)
(1.0015109 0.00038240306 0)
(1.0015117 0.00038182363 0)
(1.0015125 0.00038124396 0)
(1.0015132 0.00038066402 0)
(1.001514 0.00038008382 0)
(1.0015148 0.00037950334 0)
(1.0015156 0.00037892256 0)
(1.0015163 0.00037834148 0)
(1.0015171 0.00037776008 0)
(1.0015179 0.00037717835 0)
(1.0015186 0.00037659628 0)
(1.0015194 0.00037601385 0)
(1.0015202 0.00037543106 0)
(1.001521 0.0003748479 0)
(1.0015218 0.00037426434 0)
(1.0015225 0.00037368039 0)
(1.0015233 0.00037309602 0)
(1.0015241 0.00037251122 0)
(1.0015249 0.00037192599 0)
(1.0015257 0.0003713403 0)
(1.0015264 0.00037075414 0)
(1.0015272 0.0003701675 0)
(1.001528 0.00036958038 0)
(1.0015288 0.00036899274 0)
(1.0015296 0.00036840458 0)
(1.0015304 0.00036781589 0)
(1.0015312 0.00036722665 0)
(1.001532 0.00036663683 0)
(1.0015328 0.00036604644 0)
(1.0015336 0.00036545544 0)
(1.0015344 0.00036486383 0)
(1.0013847 0.00044369379 0)
(1.0013856 0.00044307875 0)
(1.0013864 0.00044246479 0)
(1.0013872 0.00044185188 0)
(1.001388 0.00044123997 0)
(1.0013888 0.00044062903 0)
(1.0013896 0.00044001906 0)
(1.0013904 0.00043941005 0)
(1.0013912 0.00043880199 0)
(1.001392 0.00043819486 0)
(1.0013929 0.00043758865 0)
(1.0013937 0.00043698335 0)
(1.0013945 0.00043637894 0)
(1.0013953 0.00043577542 0)
(1.0013961 0.00043517276 0)
(1.0013969 0.00043457096 0)
(1.0013977 0.00043396999 0)
(1.0013985 0.00043336986 0)
(1.0013992 0.00043277055 0)
(1.0014 0.00043217204 0)
(1.0014008 0.00043157432 0)
(1.0014016 0.00043097737 0)
(1.0014024 0.00043038119 0)
(1.0014032 0.00042978576 0)
(1.001404 0.00042919106 0)
(1.0014048 0.00042859709 0)
(1.0014056 0.00042800384 0)
(1.0014064 0.00042741127 0)
(1.0014071 0.0004268194 0)
(1.0014079 0.0004262282 0)
(1.0014087 0.00042563765 0)
(1.0014095 0.00042504775 0)
(1.0014103 0.00042445849 0)
(1.0014111 0.00042386984 0)
(1.0014118 0.0004232818 0)
(1.0014126 0.00042269436 0)
(1.0014134 0.00042210749 0)
(1.0014142 0.0004215212 0)
(1.0014149 0.00042093546 0)
(1.0014157 0.00042035026 0)
(1.0014165 0.0004197656 0)
(1.0014173 0.00041918145 0)
(1.001418 0.00041859781 0)
(1.0014188 0.00041801466 0)
(1.0014196 0.000417432 0)
(1.0014204 0.0004168498 0)
(1.0014211 0.00041626806 0)
(1.0014219 0.00041568676 0)
(1.0014227 0.00041510589 0)
(1.0014234 0.00041452544 0)
(1.0014242 0.0004139454 0)
(1.001425 0.00041336575 0)
(1.0014257 0.00041278649 0)
(1.0014265 0.0004122076 0)
(1.0014273 0.00041162906 0)
(1.001428 0.00041105088 0)
(1.0014288 0.00041047303 0)
(1.0014296 0.0004098955 0)
(1.0014303 0.00040931828 0)
(1.0014311 0.00040874136 0)
(1.0014319 0.00040816473 0)
(1.0014326 0.00040758838 0)
(1.0014334 0.00040701229 0)
(1.0014342 0.00040643645 0)
(1.0014349 0.00040586086 0)
(1.0014357 0.00040528549 0)
(1.0014365 0.00040471034 0)
(1.0014372 0.0004041354 0)
(1.001438 0.00040356066 0)
(1.0014387 0.00040298609 0)
(1.0014395 0.0004024117 0)
(1.0014403 0.00040183747 0)
(1.001441 0.00040126339 0)
(1.0014418 0.00040068945 0)
(1.0014426 0.00040011564 0)
(1.0014433 0.00039954194 0)
(1.0014441 0.00039896834 0)
(1.0014448 0.00039839484 0)
(1.0014456 0.00039782141 0)
(1.0014464 0.00039724806 0)
(1.0014471 0.00039667477 0)
(1.0014479 0.00039610152 0)
(1.0014487 0.00039552831 0)
(1.0014494 0.00039495513 0)
(1.0014502 0.00039438196 0)
(1.0014509 0.0003938088 0)
(1.0014517 0.00039323562 0)
(1.0014525 0.00039266243 0)
(1.0014532 0.0003920892 0)
(1.001454 0.00039151594 0)
(1.0014548 0.00039094262 0)
(1.0014555 0.00039036924 0)
(1.0014563 0.00038979578 0)
(1.0014571 0.00038922224 0)
(1.0014578 0.0003886486 0)
(1.0014586 0.00038807485 0)
(1.0014594 0.00038750098 0)
(1.0014601 0.00038692698 0)
(1.0014609 0.00038635284 0)
(1.0014617 0.00038577854 0)
(1.0014624 0.00038520408 0)
(1.0014632 0.00038462945 0)
(1.001464 0.00038405463 0)
(1.0014647 0.00038347961 0)
(1.0014655 0.00038290438 0)
(1.0014663 0.00038232893 0)
(1.001467 0.00038175325 0)
(1.0014678 0.00038117733 0)
(1.0014686 0.00038060115 0)
(1.0014694 0.00038002471 0)
(1.0014701 0.00037944799 0)
(1.0014709 0.00037887098 0)
(1.0014717 0.00037829368 0)
(1.0014725 0.00037771606 0)
(1.0014732 0.00037713811 0)
(1.001474 0.00037655984 0)
(1.0014748 0.00037598121 0)
(1.0014756 0.00037540223 0)
(1.0014763 0.00037482288 0)
(1.0014771 0.00037424315 0)
(1.0014779 0.00037366302 0)
(1.0014787 0.00037308249 0)
(1.0014795 0.00037250154 0)
(1.0014803 0.00037192016 0)
(1.001481 0.00037133833 0)
(1.0014818 0.00037075605 0)
(1.0014826 0.00037017331 0)
(1.0014834 0.00036959008 0)
(1.0014842 0.00036900635 0)
(1.001485 0.00036842212 0)
(1.0014858 0.00036783736 0)
(1.0014866 0.00036725207 0)
(1.0014874 0.00036666623 0)
(1.0014881 0.00036607982 0)
(1.0014889 0.00036549283 0)
(1.0014897 0.00036490525 0)
(1.0014905 0.00036431706 0)
(1.0014913 0.00036372824 0)
(1.0013424 0.00044193965 0)
(1.0013433 0.00044133345 0)
(1.0013441 0.00044072827 0)
(1.0013449 0.00044012407 0)
(1.0013457 0.00043952082 0)
(1.0013466 0.00043891848 0)
(1.0013474 0.00043831705 0)
(1.0013482 0.00043771652 0)
(1.001349 0.00043711689 0)
(1.0013498 0.00043651814 0)
(1.0013506 0.00043592025 0)
(1.0013514 0.00043532321 0)
(1.0013522 0.00043472702 0)
(1.0013531 0.00043413165 0)
(1.0013539 0.00043353711 0)
(1.0013547 0.00043294337 0)
(1.0013555 0.00043235042 0)
(1.0013563 0.00043175825 0)
(1.0013571 0.00043116685 0)
(1.0013579 0.00043057621 0)
(1.0013587 0.00042998632 0)
(1.0013595 0.00042939715 0)
(1.0013603 0.0004288087 0)
(1.001361 0.00042822096 0)
(1.0013618 0.00042763391 0)
(1.0013626 0.00042704755 0)
(1.0013634 0.00042646185 0)
(1.0013642 0.00042587681 0)
(1.001365 0.00042529242 0)
(1.0013658 0.00042470865 0)
(1.0013666 0.00042412551 0)
(1.0013674 0.00042354297 0)
(1.0013682 0.00042296103 0)
(1.0013689 0.00042237967 0)
(1.0013697 0.00042179888 0)
(1.0013705 0.00042121865 0)
(1.0013713 0.00042063897 0)
(1.0013721 0.00042005982 0)
(1.0013729 0.00041948119 0)
(1.0013736 0.00041890306 0)
(1.0013744 0.00041832544 0)
(1.0013752 0.0004177483 0)
(1.001376 0.00041717164 0)
(1.0013767 0.00041659543 0)
(1.0013775 0.00041601967 0)
(1.0013783 0.00041544435 0)
(1.0013791 0.00041486946 0)
(1.0013798 0.00041429498 0)
(1.0013806 0.0004137209 0)
(1.0013814 0.00041314721 0)
(1.0013822 0.00041257389 0)
(1.0013829 0.00041200094 0)
(1.0013837 0.00041142835 0)
(1.0013845 0.0004108561 0)
(1.0013853 0.00041028418 0)
(1.001386 0.00040971258 0)
(1.0013868 0.00040914129 0)
(1.0013876 0.00040857029 0)
(1.0013883 0.00040799958 0)
(1.0013891 0.00040742914 0)
(1.0013899 0.00040685896 0)
(1.0013906 0.00040628904 0)
(1.0013914 0.00040571935 0)
(1.0013922 0.00040514989 0)
(1.001393 0.00040458065 0)
(1.0013937 0.00040401161 0)
(1.0013945 0.00040344276 0)
(1.0013953 0.0004028741 0)
(1.001396 0.00040230561 0)
(1.0013968 0.00040173728 0)
(1.0013976 0.00040116909 0)
(1.0013983 0.00040060105 0)
(1.0013991 0.00040003313 0)
(1.0013999 0.00039946533 0)
(1.0014006 0.00039889763 0)
(1.0014014 0.00039833002 0)
(1.0014022 0.0003977625 0)
(1.0014029 0.00039719504 0)
(1.0014037 0.00039662765 0)
(1.0014045 0.0003960603 0)
(1.0014052 0.000395493 0)
(1.001406 0.00039492571 0)
(1.0014068 0.00039435845 0)
(1.0014075 0.00039379119 0)
(1.0014083 0.00039322392 0)
(1.0014091 0.00039265663 0)
(1.0014098 0.00039208932 0)
(1.0014106 0.00039152197 0)
(1.0014114 0.00039095456 0)
(1.0014121 0.0003903871 0)
(1.0014129 0.00038981956 0)
(1.0014137 0.00038925194 0)
(1.0014144 0.00038868422 0)
(1.0014152 0.0003881164 0)
(1.001416 0.00038754846 0)
(1.0014167 0.0003869804 0)
(1.0014175 0.00038641219 0)
(1.0014183 0.00038584384 0)
(1.001419 0.00038527532 0)
(1.0014198 0.00038470664 0)
(1.0014206 0.00038413777 0)
(1.0014214 0.0003835687 0)
(1.0014221 0.00038299943 0)
(1.0014229 0.00038242995 0)
(1.0014237 0.00038186024 0)
(1.0014245 0.00038129028 0)
(1.0014252 0.00038072008 0)
(1.001426 0.00038014962 0)
(1.0014268 0.00037957889 0)
(1.0014276 0.00037900787 0)
(1.0014283 0.00037843656 0)
(1.0014291 0.00037786494 0)
(1.0014299 0.000377293 0)
(1.0014307 0.00037672074 0)
(1.0014314 0.00037614813 0)
(1.0014322 0.00037557517 0)
(1.001433 0.00037500185 0)
(1.0014338 0.00037442815 0)
(1.0014346 0.00037385406 0)
(1.0014354 0.00037327958 0)
(1.0014361 0.00037270468 0)
(1.0014369 0.00037212936 0)
(1.0014377 0.00037155361 0)
(1.0014385 0.0003709774 0)
(1.0014393 0.00037040074 0)
(1.0014401 0.0003698236 0)
(1.0014409 0.00036924598 0)
(1.0014417 0.00036866786 0)
(1.0014424 0.00036808922 0)
(1.0014432 0.00036751006 0)
(1.001444 0.00036693037 0)
(1.0014448 0.00036635012 0)
(1.0014456 0.0003657693 0)
(1.0014464 0.0003651879 0)
(1.0014472 0.00036460591 0)
(1.001448 0.00036402331 0)
(1.0014488 0.00036344008 0)
(1.0014496 0.00036285622 0)
(1.0013014 0.00044008709 0)
(1.0013022 0.00043948888 0)
(1.001303 0.00043889161 0)
(1.0013039 0.00043829526 0)
(1.0013047 0.00043769978 0)
(1.0013055 0.00043710514 0)
(1.0013063 0.00043651135 0)
(1.0013072 0.0004359184 0)
(1.001308 0.00043532627 0)
(1.0013088 0.00043473496 0)
(1.0013096 0.00043414445 0)
(1.0013104 0.00043355473 0)
(1.0013112 0.00043296579 0)
(1.0013121 0.00043237762 0)
(1.0013129 0.0004317902 0)
(1.0013137 0.00043120354 0)
(1.0013145 0.00043061761 0)
(1.0013153 0.0004300324 0)
(1.0013161 0.0004294479 0)
(1.0013169 0.00042886411 0)
(1.0013177 0.000428281 0)
(1.0013185 0.00042769857 0)
(1.0013193 0.0004271168 0)
(1.0013201 0.00042653569 0)
(1.0013209 0.00042595523 0)
(1.0013217 0.00042537539 0)
(1.0013225 0.00042479617 0)
(1.0013233 0.00042421756 0)
(1.0013241 0.00042363954 0)
(1.0013249 0.0004230621 0)
(1.0013257 0.00042248524 0)
(1.0013265 0.00042190894 0)
(1.0013273 0.00042133318 0)
(1.0013281 0.00042075797 0)
(1.0013288 0.00042018327 0)
(1.0013296 0.00041960909 0)
(1.0013304 0.00041903542 0)
(1.0013312 0.00041846223 0)
(1.001332 0.00041788952 0)
(1.0013328 0.00041731727 0)
(1.0013336 0.00041674548 0)
(1.0013343 0.00041617414 0)
(1.0013351 0.00041560323 0)
(1.0013359 0.00041503273 0)
(1.0013367 0.00041446265 0)
(1.0013375 0.00041389296 0)
(1.0013382 0.00041332366 0)
(1.001339 0.00041275473 0)
(1.0013398 0.00041218617 0)
(1.0013406 0.00041161796 0)
(1.0013414 0.00041105009 0)
(1.0013421 0.00041048255 0)
(1.0013429 0.00040991532 0)
(1.0013437 0.0004093484 0)
(1.0013445 0.00040878178 0)
(1.0013452 0.00040821544 0)
(1.001346 0.00040764938 0)
(1.0013468 0.00040708357 0)
(1.0013476 0.00040651802 0)
(1.0013483 0.00040595271 0)
(1.0013491 0.00040538762 0)
(1.0013499 0.00040482275 0)
(1.0013507 0.00040425809 0)
(1.0013514 0.00040369362 0)
(1.0013522 0.00040312934 0)
(1.001353 0.00040256523 0)
(1.0013537 0.00040200129 0)
(1.0013545 0.00040143749 0)
(1.0013553 0.00040087383 0)
(1.0013561 0.00040031031 0)
(1.0013568 0.0003997469 0)
(1.0013576 0.0003991836 0)
(1.0013584 0.0003986204 0)
(1.0013591 0.00039805729 0)
(1.0013599 0.00039749424 0)
(1.0013607 0.00039693127 0)
(1.0013615 0.00039636834 0)
(1.0013622 0.00039580546 0)
(1.001363 0.00039524262 0)
(1.0013638 0.00039467979 0)
(1.0013645 0.00039411697 0)
(1.0013653 0.00039355415 0)
(1.0013661 0.00039299132 0)
(1.0013668 0.00039242847 0)
(1.0013676 0.00039186559 0)
(1.0013684 0.00039130266 0)
(1.0013692 0.00039073968 0)
(1.0013699 0.00039017663 0)
(1.0013707 0.00038961351 0)
(1.0013715 0.0003890503 0)
(1.0013722 0.00038848699 0)
(1.001373 0.00038792358 0)
(1.0013738 0.00038736005 0)
(1.0013746 0.00038679638 0)
(1.0013753 0.00038623258 0)
(1.0013761 0.00038566862 0)
(1.0013769 0.0003851045 0)
(1.0013777 0.00038454021 0)
(1.0013784 0.00038397574 0)
(1.0013792 0.00038341107 0)
(1.00138 0.00038284619 0)
(1.0013808 0.0003822811 0)
(1.0013815 0.00038171578 0)
(1.0013823 0.00038115022 0)
(1.0013831 0.00038058441 0)
(1.0013839 0.00038001835 0)
(1.0013846 0.00037945201 0)
(1.0013854 0.00037888539 0)
(1.0013862 0.00037831847 0)
(1.001387 0.00037775125 0)
(1.0013878 0.00037718371 0)
(1.0013885 0.00037661585 0)
(1.0013893 0.00037604765 0)
(1.0013901 0.0003754791 0)
(1.0013909 0.00037491019 0)
(1.0013917 0.0003743409 0)
(1.0013925 0.00037377123 0)
(1.0013932 0.00037320117 0)
(1.001394 0.0003726307 0)
(1.0013948 0.00037205981 0)
(1.0013956 0.00037148849 0)
(1.0013964 0.00037091673 0)
(1.0013972 0.00037034451 0)
(1.001398 0.00036977182 0)
(1.0013988 0.00036919866 0)
(1.0013995 0.000368625 0)
(1.0014003 0.00036805084 0)
(1.0014011 0.00036747617 0)
(1.0014019 0.00036690096 0)
(1.0014027 0.00036632521 0)
(1.0014035 0.00036574891 0)
(1.0014043 0.00036517203 0)
(1.0014051 0.00036459457 0)
(1.0014059 0.00036401652 0)
(1.0014067 0.00036343785 0)
(1.0014075 0.00036285856 0)
(1.0014083 0.00036227863 0)
(1.0014091 0.00036169806 0)
(1.0012615 0.00043818465 0)
(1.0012624 0.00043759572 0)
(1.0012632 0.00043700768 0)
(1.001264 0.00043642048 0)
(1.0012649 0.00043583409 0)
(1.0012657 0.00043524849 0)
(1.0012665 0.00043466367 0)
(1.0012673 0.00043407963 0)
(1.0012682 0.00043349635 0)
(1.001269 0.00043291383 0)
(1.0012698 0.00043233206 0)
(1.0012706 0.00043175102 0)
(1.0012714 0.00043117071 0)
(1.0012723 0.00043059111 0)
(1.0012731 0.00043001222 0)
(1.0012739 0.00042943401 0)
(1.0012747 0.0004288565 0)
(1.0012755 0.00042827965 0)
(1.0012763 0.00042770346 0)
(1.0012771 0.00042712793 0)
(1.001278 0.00042655303 0)
(1.0012788 0.00042597876 0)
(1.0012796 0.00042540511 0)
(1.0012804 0.00042483207 0)
(1.0012812 0.00042425962 0)
(1.001282 0.00042368776 0)
(1.0012828 0.00042311647 0)
(1.0012836 0.00042254574 0)
(1.0012844 0.00042197556 0)
(1.0012852 0.00042140592 0)
(1.001286 0.00042083682 0)
(1.0012868 0.00042026823 0)
(1.0012876 0.00041970014 0)
(1.0012884 0.00041913256 0)
(1.0012892 0.00041856545 0)
(1.0012899 0.00041799882 0)
(1.0012907 0.00041743266 0)
(1.0012915 0.00041686694 0)
(1.0012923 0.00041630167 0)
(1.0012931 0.00041573682 0)
(1.0012939 0.00041517239 0)
(1.0012947 0.00041460837 0)
(1.0012955 0.00041404475 0)
(1.0012963 0.0004134815 0)
(1.001297 0.00041291864 0)
(1.0012978 0.00041235613 0)
(1.0012986 0.00041179398 0)
(1.0012994 0.00041123217 0)
(1.0013002 0.00041067069 0)
(1.001301 0.00041010952 0)
(1.0013017 0.00040954867 0)
(1.0013025 0.00040898811 0)
(1.0013033 0.00040842784 0)
(1.0013041 0.00040786784 0)
(1.0013049 0.00040730811 0)
(1.0013056 0.00040674863 0)
(1.0013064 0.00040618939 0)
(1.0013072 0.00040563039 0)
(1.001308 0.00040507161 0)
(1.0013088 0.00040451304 0)
(1.0013095 0.00040395466 0)
(1.0013103 0.00040339648 0)
(1.0013111 0.00040283847 0)
(1.0013119 0.00040228064 0)
(1.0013126 0.00040172296 0)
(1.0013134 0.00040116542 0)
(1.0013142 0.00040060802 0)
(1.001315 0.00040005075 0)
(1.0013158 0.00039949359 0)
(1.0013165 0.00039893653 0)
(1.0013173 0.00039837956 0)
(1.0013181 0.00039782268 0)
(1.0013189 0.00039726587 0)
(1.0013196 0.00039670912 0)
(1.0013204 0.00039615242 0)
(1.0013212 0.00039559577 0)
(1.001322 0.00039503914 0)
(1.0013227 0.00039448252 0)
(1.0013235 0.00039392592 0)
(1.0013243 0.00039336932 0)
(1.001325 0.0003928127 0)
(1.0013258 0.00039225606 0)
(1.0013266 0.00039169938 0)
(1.0013274 0.00039114266 0)
(1.0013281 0.00039058588 0)
(1.0013289 0.00039002904 0)
(1.0013297 0.00038947212 0)
(1.0013305 0.00038891512 0)
(1.0013312 0.00038835801 0)
(1.001332 0.0003878008 0)
(1.0013328 0.00038724347 0)
(1.0013336 0.00038668601 0)
(1.0013343 0.00038612841 0)
(1.0013351 0.00038557066 0)
(1.0013359 0.00038501275 0)
(1.0013367 0.00038445467 0)
(1.0013375 0.0003838964 0)
(1.0013382 0.00038333794 0)
(1.001339 0.00038277928 0)
(1.0013398 0.0003822204 0)
(1.0013406 0.00038166129 0)
(1.0013413 0.00038110195 0)
(1.0013421 0.00038054236 0)
(1.0013429 0.00037998252 0)
(1.0013437 0.0003794224 0)
(1.0013445 0.00037886201 0)
(1.0013453 0.00037830132 0)
(1.001346 0.00037774034 0)
(1.0013468 0.00037717904 0)
(1.0013476 0.00037661741 0)
(1.0013484 0.00037605545 0)
(1.0013492 0.00037549315 0)
(1.00135 0.00037493049 0)
(1.0013507 0.00037436746 0)
(1.0013515 0.00037380405 0)
(1.0013523 0.00037324025 0)
(1.0013531 0.00037267605 0)
(1.0013539 0.00037211144 0)
(1.0013547 0.0003715464 0)
(1.0013555 0.00037098092 0)
(1.0013563 0.000370415 0)
(1.0013571 0.00036984861 0)
(1.0013578 0.00036928175 0)
(1.0013586 0.00036871441 0)
(1.0013594 0.00036814657 0)
(1.0013602 0.00036757822 0)
(1.001361 0.00036700934 0)
(1.0013618 0.00036643994 0)
(1.0013626 0.00036586999 0)
(1.0013634 0.00036529948 0)
(1.0013642 0.00036472839 0)
(1.001365 0.00036415672 0)
(1.0013658 0.00036358445 0)
(1.0013666 0.00036301157 0)
(1.0013674 0.00036243806 0)
(1.0013682 0.00036186391 0)
(1.001369 0.00036128911 0)
(1.0013699 0.00036071364 0)
(1.0012228 0.00043619824 0)
(1.0012236 0.0004356182 0)
(1.0012245 0.00043503897 0)
(1.0012253 0.00043446051 0)
(1.0012261 0.00043388279 0)
(1.001227 0.00043330578 0)
(1.0012278 0.00043272949 0)
(1.0012286 0.00043215391 0)
(1.0012295 0.00043157902 0)
(1.0012303 0.00043100482 0)
(1.0012311 0.0004304313 0)
(1.001232 0.00042985844 0)
(1.0012328 0.00042928625 0)
(1.0012336 0.00042871471 0)
(1.0012344 0.0004281438 0)
(1.0012352 0.00042757353 0)
(1.0012361 0.00042700388 0)
(1.0012369 0.00042643484 0)
(1.0012377 0.0004258664 0)
(1.0012385 0.00042529855 0)
(1.0012393 0.00042473128 0)
(1.0012401 0.00042416458 0)
(1.0012409 0.00042359844 0)
(1.0012418 0.00042303285 0)
(1.0012426 0.0004224678 0)
(1.0012434 0.00042190328 0)
(1.0012442 0.00042133928 0)
(1.001245 0.00042077579 0)
(1.0012458 0.00042021279 0)
(1.0012466 0.00041965029 0)
(1.0012474 0.00041908826 0)
(1.0012482 0.0004185267 0)
(1.001249 0.00041796559 0)
(1.0012498 0.00041740494 0)
(1.0012506 0.00041684471 0)
(1.0012514 0.00041628492 0)
(1.0012522 0.00041572553 0)
(1.001253 0.00041516655 0)
(1.0012538 0.00041460797 0)
(1.0012546 0.00041404977 0)
(1.0012554 0.00041349194 0)
(1.0012562 0.00041293447 0)
(1.001257 0.00041237735 0)
(1.0012577 0.00041182058 0)
(1.0012585 0.00041126413 0)
(1.0012593 0.00041070801 0)
(1.0012601 0.00041015219 0)
(1.0012609 0.00040959667 0)
(1.0012617 0.00040904144 0)
(1.0012625 0.00040848649 0)
(1.0012633 0.00040793181 0)
(1.001264 0.00040737739 0)
(1.0012648 0.00040682321 0)
(1.0012656 0.00040626926 0)
(1.0012664 0.00040571555 0)
(1.0012672 0.00040516204 0)
(1.001268 0.00040460875 0)
(1.0012688 0.00040405565 0)
(1.0012695 0.00040350273 0)
(1.0012703 0.00040294998 0)
(1.0012711 0.0004023974 0)
(1.0012719 0.00040184497 0)
(1.0012727 0.00040129269 0)
(1.0012734 0.00040074054 0)
(1.0012742 0.0004001885 0)
(1.001275 0.00039963659 0)
(1.0012758 0.00039908477 0)
(1.0012766 0.00039853304 0)
(1.0012773 0.00039798139 0)
(1.0012781 0.00039742982 0)
(1.0012789 0.0003968783 0)
(1.0012797 0.00039632684 0)
(1.0012805 0.00039577541 0)
(1.0012812 0.00039522401 0)
(1.001282 0.00039467263 0)
(1.0012828 0.00039412126 0)
(1.0012836 0.00039356989 0)
(1.0012844 0.00039301851 0)
(1.0012851 0.0003924671 0)
(1.0012859 0.00039191566 0)
(1.0012867 0.00039136418 0)
(1.0012875 0.00039081265 0)
(1.0012883 0.00039026105 0)
(1.001289 0.00038970938 0)
(1.0012898 0.00038915762 0)
(1.0012906 0.00038860577 0)
(1.0012914 0.00038805381 0)
(1.0012921 0.00038750174 0)
(1.0012929 0.00038694955 0)
(1.0012937 0.00038639722 0)
(1.0012945 0.00038584474 0)
(1.0012953 0.0003852921 0)
(1.001296 0.0003847393 0)
(1.0012968 0.00038418632 0)
(1.0012976 0.00038363316 0)
(1.0012984 0.00038307979 0)
(1.0012992 0.00038252622 0)
(1.0012999 0.00038197243 0)
(1.0013007 0.0003814184 0)
(1.0013015 0.00038086414 0)
(1.0013023 0.00038030963 0)
(1.0013031 0.00037975485 0)
(1.0013039 0.00037919981 0)
(1.0013046 0.00037864448 0)
(1.0013054 0.00037808886 0)
(1.0013062 0.00037753293 0)
(1.001307 0.00037697669 0)
(1.0013078 0.00037642012 0)
(1.0013086 0.00037586322 0)
(1.0013094 0.00037530597 0)
(1.0013101 0.00037474836 0)
(1.0013109 0.00037419039 0)
(1.0013117 0.00037363203 0)
(1.0013125 0.00037307328 0)
(1.0013133 0.00037251413 0)
(1.0013141 0.00037195457 0)
(1.0013149 0.00037139458 0)
(1.0013157 0.00037083416 0)
(1.0013165 0.00037027329 0)
(1.0013173 0.00036971196 0)
(1.0013181 0.00036915016 0)
(1.0013189 0.00036858788 0)
(1.0013196 0.00036802511 0)
(1.0013204 0.00036746183 0)
(1.0013212 0.00036689803 0)
(1.001322 0.0003663337 0)
(1.0013228 0.00036576883 0)
(1.0013236 0.0003652034 0)
(1.0013244 0.00036463741 0)
(1.0013252 0.00036407084 0)
(1.0013261 0.00036350368 0)
(1.0013269 0.00036293591 0)
(1.0013277 0.00036236753 0)
(1.0013285 0.00036179851 0)
(1.0013293 0.00036122885 0)
(1.0013301 0.00036065853 0)
(1.0013309 0.00036008754 0)
(1.0013317 0.00035951587 0)
(1.0011852 0.00043414312 0)
(1.001186 0.0004335729 0)
(1.0011869 0.00043300342 0)
(1.0011877 0.00043243465 0)
(1.0011885 0.00043186654 0)
(1.0011894 0.00043129909 0)
(1.0011902 0.00043073229 0)
(1.0011911 0.00043016613 0)
(1.0011919 0.0004296006 0)
(1.0011927 0.00042903571 0)
(1.0011936 0.00042847143 0)
(1.0011944 0.00042790776 0)
(1.0011952 0.00042734469 0)
(1.001196 0.00042678221 0)
(1.0011969 0.00042622032 0)
(1.0011977 0.000425659 0)
(1.0011985 0.00042509824 0)
(1.0011993 0.00042453804 0)
(1.0012002 0.00042397839 0)
(1.001201 0.00042341927 0)
(1.0012018 0.00042286069 0)
(1.0012026 0.00042230261 0)
(1.0012034 0.00042174505 0)
(1.0012042 0.00042118799 0)
(1.0012051 0.00042063142 0)
(1.0012059 0.00042007532 0)
(1.0012067 0.0004195197 0)
(1.0012075 0.00041896454 0)
(1.0012083 0.00041840983 0)
(1.0012091 0.00041785556 0)
(1.0012099 0.00041730172 0)
(1.0012107 0.0004167483 0)
(1.0012115 0.00041619529 0)
(1.0012123 0.00041564269 0)
(1.0012131 0.00041509048 0)
(1.0012139 0.00041453865 0)
(1.0012147 0.00041398719 0)
(1.0012155 0.00041343609 0)
(1.0012163 0.00041288535 0)
(1.0012171 0.00041233494 0)
(1.0012179 0.00041178487 0)
(1.0012187 0.00041123512 0)
(1.0012195 0.00041068569 0)
(1.0012203 0.00041013655 0)
(1.0012211 0.00040958771 0)
(1.0012219 0.00040903915 0)
(1.0012227 0.00040849086 0)
(1.0012235 0.00040794283 0)
(1.0012243 0.00040739506 0)
(1.0012251 0.00040684753 0)
(1.0012259 0.00040630022 0)
(1.0012267 0.00040575314 0)
(1.0012275 0.00040520628 0)
(1.0012283 0.00040465961 0)
(1.001229 0.00040411314 0)
(1.0012298 0.00040356684 0)
(1.0012306 0.00040302072 0)
(1.0012314 0.00040247476 0)
(1.0012322 0.00040192896 0)
(1.001233 0.00040138329 0)
(1.0012338 0.00040083776 0)
(1.0012346 0.00040029235 0)
(1.0012353 0.00039974704 0)
(1.0012361 0.00039920185 0)
(1.0012369 0.00039865674 0)
(1.0012377 0.00039811171 0)
(1.0012385 0.00039756676 0)
(1.0012393 0.00039702187 0)
(1.00124 0.00039647703 0)
(1.0012408 0.00039593223 0)
(1.0012416 0.00039538746 0)
(1.0012424 0.00039484272 0)
(1.0012432 0.00039429798 0)
(1.001244 0.00039375325 0)
(1.0012447 0.00039320851 0)
(1.0012455 0.00039266375 0)
(1.0012463 0.00039211896 0)
(1.0012471 0.00039157414 0)
(1.0012479 0.00039102926 0)
(1.0012487 0.00039048433 0)
(1.0012494 0.00038993933 0)
(1.0012502 0.00038939425 0)
(1.001251 0.00038884908 0)
(1.0012518 0.00038830381 0)
(1.0012526 0.00038775843 0)
(1.0012534 0.00038721294 0)
(1.0012541 0.00038666731 0)
(1.0012549 0.00038612155 0)
(1.0012557 0.00038557563 0)
(1.0012565 0.00038502956 0)
(1.0012573 0.00038448332 0)
(1.0012581 0.0003839369 0)
(1.0012588 0.00038339029 0)
(1.0012596 0.00038284347 0)
(1.0012604 0.00038229645 0)
(1.0012612 0.00038174921 0)
(1.001262 0.00038120173 0)
(1.0012628 0.00038065402 0)
(1.0012636 0.00038010605 0)
(1.0012643 0.00037955782 0)
(1.0012651 0.00037900931 0)
(1.0012659 0.00037846053 0)
(1.0012667 0.00037791145 0)
(1.0012675 0.00037736207 0)
(1.0012683 0.00037681237 0)
(1.0012691 0.00037626235 0)
(1.0012699 0.00037571199 0)
(1.0012706 0.00037516129 0)
(1.0012714 0.00037461023 0)
(1.0012722 0.00037405881 0)
(1.001273 0.000373507 0)
(1.0012738 0.00037295481 0)
(1.0012746 0.00037240221 0)
(1.0012754 0.00037184921 0)
(1.0012762 0.00037129578 0)
(1.001277 0.00037074192 0)
(1.0012778 0.00037018762 0)
(1.0012786 0.00036963286 0)
(1.0012794 0.00036907763 0)
(1.0012802 0.00036852193 0)
(1.001281 0.00036796574 0)
(1.0012818 0.00036740904 0)
(1.0012826 0.00036685184 0)
(1.0012834 0.00036629411 0)
(1.0012842 0.00036573584 0)
(1.001285 0.00036517703 0)
(1.0012858 0.00036461765 0)
(1.0012866 0.0003640577 0)
(1.0012874 0.00036349717 0)
(1.0012882 0.00036293604 0)
(1.001289 0.00036237431 0)
(1.0012898 0.00036181194 0)
(1.0012906 0.00036124895 0)
(1.0012914 0.0003606853 0)
(1.0012922 0.000360121 0)
(1.001293 0.00035955602 0)
(1.0012939 0.00035899036 0)
(1.0012947 0.00035842399 0)
(1.0011486 0.00043200821 0)
(1.0011494 0.00043144776 0)
(1.0011503 0.00043088797 0)
(1.0011511 0.0004303288 0)
(1.001152 0.00042977023 0)
(1.0011528 0.00042921224 0)
(1.0011537 0.00042865483 0)
(1.0011545 0.00042809798 0)
(1.0011553 0.0004275417 0)
(1.0011562 0.00042698598 0)
(1.001157 0.00042643081 0)
(1.0011579 0.00042587617 0)
(1.0011587 0.00042532207 0)
(1.0011595 0.00042476849 0)
(1.0011604 0.00042421543 0)
(1.0011612 0.00042366287 0)
(1.001162 0.00042311082 0)
(1.0011628 0.00042255926 0)
(1.0011637 0.00042200818 0)
(1.0011645 0.00042145757 0)
(1.0011653 0.00042090743 0)
(1.0011661 0.00042035775 0)
(1.001167 0.00041980851 0)
(1.0011678 0.00041925972 0)
(1.0011686 0.00041871135 0)
(1.0011694 0.00041816341 0)
(1.0011702 0.00041761588 0)
(1.0011711 0.00041706875 0)
(1.0011719 0.00041652202 0)
(1.0011727 0.00041597567 0)
(1.0011735 0.0004154297 0)
(1.0011743 0.0004148841 0)
(1.0011751 0.00041433885 0)
(1.0011759 0.00041379396 0)
(1.0011767 0.0004132494 0)
(1.0011775 0.00041270518 0)
(1.0011783 0.00041216127 0)
(1.0011792 0.00041161768 0)
(1.00118 0.00041107439 0)
(1.0011808 0.00041053139 0)
(1.0011816 0.00040998867 0)
(1.0011824 0.00040944623 0)
(1.0011832 0.00040890405 0)
(1.001184 0.00040836213 0)
(1.0011848 0.00040782046 0)
(1.0011856 0.00040727901 0)
(1.0011864 0.0004067378 0)
(1.0011872 0.0004061968 0)
(1.001188 0.00040565602 0)
(1.0011888 0.00040511542 0)
(1.0011896 0.00040457502 0)
(1.0011903 0.0004040348 0)
(1.0011911 0.00040349474 0)
(1.0011919 0.00040295485 0)
(1.0011927 0.0004024151 0)
(1.0011935 0.0004018755 0)
(1.0011943 0.00040133602 0)
(1.0011951 0.00040079667 0)
(1.0011959 0.00040025743 0)
(1.0011967 0.00039971829 0)
(1.0011975 0.00039917925 0)
(1.0011983 0.00039864029 0)
(1.0011991 0.0003981014 0)
(1.0011999 0.00039756257 0)
(1.0012006 0.0003970238 0)
(1.0012014 0.00039648507 0)
(1.0012022 0.00039594638 0)
(1.001203 0.00039540772 0)
(1.0012038 0.00039486906 0)
(1.0012046 0.00039433042 0)
(1.0012054 0.00039379177 0)
(1.0012062 0.00039325311 0)
(1.0012069 0.00039271442 0)
(1.0012077 0.0003921757 0)
(1.0012085 0.00039163694 0)
(1.0012093 0.00039109813 0)
(1.0012101 0.00039055926 0)
(1.0012109 0.00039002031 0)
(1.0012117 0.00038948128 0)
(1.0012125 0.00038894216 0)
(1.0012132 0.00038840294 0)
(1.001214 0.00038786361 0)
(1.0012148 0.00038732416 0)
(1.0012156 0.00038678458 0)
(1.0012164 0.00038624486 0)
(1.0012172 0.00038570499 0)
(1.001218 0.00038516496 0)
(1.0012188 0.00038462476 0)
(1.0012195 0.00038408438 0)
(1.0012203 0.00038354381 0)
(1.0012211 0.00038300304 0)
(1.0012219 0.00038246206 0)
(1.0012227 0.00038192086 0)
(1.0012235 0.00038137944 0)
(1.0012243 0.00038083777 0)
(1.0012251 0.00038029586 0)
(1.0012258 0.00037975369 0)
(1.0012266 0.00037921124 0)
(1.0012274 0.00037866852 0)
(1.0012282 0.00037812551 0)
(1.001229 0.0003775822 0)
(1.0012298 0.00037703857 0)
(1.0012306 0.00037649463 0)
(1.0012314 0.00037595036 0)
(1.0012322 0.00037540575 0)
(1.001233 0.00037486078 0)
(1.0012338 0.00037431546 0)
(1.0012345 0.00037376976 0)
(1.0012353 0.00037322368 0)
(1.0012361 0.0003726772 0)
(1.0012369 0.00037213033 0)
(1.0012377 0.00037158304 0)
(1.0012385 0.00037103532 0)
(1.0012393 0.00037048717 0)
(1.0012401 0.00036993857 0)
(1.0012409 0.00036938952 0)
(1.0012417 0.00036883999 0)
(1.0012425 0.00036828999 0)
(1.0012433 0.0003677395 0)
(1.0012441 0.0003671885 0)
(1.0012449 0.00036663699 0)
(1.0012457 0.00036608496 0)
(1.0012465 0.00036553239 0)
(1.0012473 0.00036497928 0)
(1.0012481 0.0003644256 0)
(1.0012489 0.00036387136 0)
(1.0012497 0.00036331653 0)
(1.0012506 0.00036276111 0)
(1.0012514 0.00036220508 0)
(1.0012522 0.00036164843 0)
(1.001253 0.00036109115 0)
(1.0012538 0.00036053323 0)
(1.0012546 0.00035997466 0)
(1.0012554 0.00035941541 0)
(1.0012562 0.00035885548 0)
(1.0012571 0.00035829486 0)
(1.0012579 0.00035773354 0)
(1.0012587 0.00035717149 0)
(1.001113 0.00042979329 0)
(1.0011139 0.00042924328 0)
(1.0011147 0.00042869386 0)
(1.0011156 0.00042814499 0)
(1.0011164 0.00042759665 0)
(1.0011173 0.00042704882 0)
(1.0011181 0.00042650149 0)
(1.001119 0.00042595468 0)
(1.0011198 0.00042540836 0)
(1.0011207 0.00042486253 0)
(1.0011215 0.00042431719 0)
(1.0011224 0.00042377232 0)
(1.0011232 0.00042322793 0)
(1.001124 0.00042268399 0)
(1.0011249 0.00042214051 0)
(1.0011257 0.00042159748 0)
(1.0011265 0.00042105489 0)
(1.0011274 0.00042051273 0)
(1.0011282 0.000419971 0)
(1.001129 0.00041942968 0)
(1.0011299 0.00041888877 0)
(1.0011307 0.00041834827 0)
(1.0011315 0.00041780815 0)
(1.0011323 0.00041726842 0)
(1.0011332 0.00041672907 0)
(1.001134 0.00041619009 0)
(1.0011348 0.00041565146 0)
(1.0011356 0.00041511319 0)
(1.0011365 0.00041457526 0)
(1.0011373 0.00041403767 0)
(1.0011381 0.0004135004 0)
(1.0011389 0.00041296345 0)
(1.0011397 0.00041242681 0)
(1.0011405 0.00041189047 0)
(1.0011413 0.00041135443 0)
(1.0011422 0.00041081866 0)
(1.001143 0.00041028317 0)
(1.0011438 0.00040974795 0)
(1.0011446 0.00040921298 0)
(1.0011454 0.00040867826 0)
(1.0011462 0.00040814378 0)
(1.001147 0.00040760953 0)
(1.0011478 0.00040707551 0)
(1.0011486 0.00040654169 0)
(1.0011494 0.00040600808 0)
(1.0011502 0.00040547466 0)
(1.001151 0.00040494143 0)
(1.0011518 0.00040440837 0)
(1.0011526 0.00040387549 0)
(1.0011534 0.00040334276 0)
(1.0011542 0.00040281018 0)
(1.001155 0.00040227774 0)
(1.0011558 0.00040174543 0)
(1.0011566 0.00040121324 0)
(1.0011574 0.00040068117 0)
(1.0011582 0.0004001492 0)
(1.001159 0.00039961732 0)
(1.0011598 0.00039908553 0)
(1.0011606 0.00039855381 0)
(1.0011614 0.00039802216 0)
(1.0011622 0.00039749057 0)
(1.001163 0.00039695903 0)
(1.0011638 0.00039642753 0)
(1.0011646 0.00039589606 0)
(1.0011654 0.00039536461 0)
(1.0011662 0.00039483316 0)
(1.001167 0.00039430173 0)
(1.0011678 0.00039377028 0)
(1.0011686 0.00039323882 0)
(1.0011694 0.00039270733 0)
(1.0011702 0.00039217581 0)
(1.0011709 0.00039164424 0)
(1.0011717 0.00039111262 0)
(1.0011725 0.00039058093 0)
(1.0011733 0.00039004918 0)
(1.0011741 0.00038951734 0)
(1.0011749 0.00038898541 0)
(1.0011757 0.00038845338 0)
(1.0011765 0.00038792124 0)
(1.0011773 0.00038738897 0)
(1.0011781 0.00038685658 0)
(1.0011789 0.00038632405 0)
(1.0011796 0.00038579138 0)
(1.0011804 0.00038525854 0)
(1.0011812 0.00038472554 0)
(1.001182 0.00038419236 0)
(1.0011828 0.00038365899 0)
(1.0011836 0.00038312543 0)
(1.0011844 0.00038259166 0)
(1.0011852 0.00038205768 0)
(1.001186 0.00038152347 0)
(1.0011868 0.00038098902 0)
(1.0011876 0.00038045434 0)
(1.0011884 0.00037991939 0)
(1.0011891 0.00037938419 0)
(1.0011899 0.00037884871 0)
(1.0011907 0.00037831294 0)
(1.0011915 0.00037777688 0)
(1.0011923 0.00037724052 0)
(1.0011931 0.00037670385 0)
(1.0011939 0.00037616685 0)
(1.0011947 0.00037562951 0)
(1.0011955 0.00037509184 0)
(1.0011963 0.00037455381 0)
(1.0011971 0.00037401541 0)
(1.0011979 0.00037347665 0)
(1.0011987 0.00037293749 0)
(1.0011995 0.00037239795 0)
(1.0012003 0.000371858 0)
(1.0012011 0.00037131763 0)
(1.0012019 0.00037077684 0)
(1.0012027 0.00037023561 0)
(1.0012035 0.00036969393 0)
(1.0012043 0.0003691518 0)
(1.0012051 0.0003686092 0)
(1.0012059 0.00036806612 0)
(1.0012067 0.00036752255 0)
(1.0012075 0.00036697849 0)
(1.0012083 0.00036643391 0)
(1.0012091 0.0003658888 0)
(1.0012099 0.00036534317 0)
(1.0012107 0.00036479699 0)
(1.0012115 0.00036425025 0)
(1.0012123 0.00036370295 0)
(1.0012131 0.00036315507 0)
(1.0012139 0.00036260659 0)
(1.0012147 0.00036205752 0)
(1.0012156 0.00036150783 0)
(1.0012164 0.00036095752 0)
(1.0012172 0.00036040656 0)
(1.001218 0.00035985496 0)
(1.0012188 0.0003593027 0)
(1.0012196 0.00035874976 0)
(1.0012205 0.00035819614 0)
(1.0012213 0.00035764181 0)
(1.0012221 0.00035708678 0)
(1.0012229 0.00035653102 0)
(1.0012237 0.00035597453 0)
(1.0010784 0.00042749688 0)
(1.0010793 0.00042695749 0)
(1.0010801 0.0004264186 0)
(1.001081 0.00042588018 0)
(1.0010819 0.00042534222 0)
(1.0010827 0.00042480469 0)
(1.0010836 0.0004242676 0)
(1.0010844 0.00042373094 0)
(1.0010853 0.0004231947 0)
(1.0010861 0.00042265888 0)
(1.001087 0.00042212347 0)
(1.0010878 0.00042158847 0)
(1.0010887 0.00042105387 0)
(1.0010895 0.00042051966 0)
(1.0010904 0.00041998583 0)
(1.0010912 0.00041945239 0)
(1.001092 0.00041891932 0)
(1.0010929 0.00041838661 0)
(1.0010937 0.00041785426 0)
(1.0010945 0.00041732227 0)
(1.0010954 0.00041679062 0)
(1.0010962 0.0004162593 0)
(1.001097 0.00041572832 0)
(1.0010979 0.00041519766 0)
(1.0010987 0.00041466731 0)
(1.0010995 0.00041413727 0)
(1.0011004 0.00041360753 0)
(1.0011012 0.00041307808 0)
(1.001102 0.00041254892 0)
(1.0011028 0.00041202003 0)
(1.0011036 0.00041149142 0)
(1.0011045 0.00041096306 0)
(1.0011053 0.00041043495 0)
(1.0011061 0.0004099071 0)
(1.0011069 0.00040937947 0)
(1.0011077 0.00040885208 0)
(1.0011086 0.00040832491 0)
(1.0011094 0.00040779795 0)
(1.0011102 0.00040727119 0)
(1.001111 0.00040674463 0)
(1.0011118 0.00040621826 0)
(1.0011126 0.00040569207 0)
(1.0011134 0.00040516604 0)
(1.0011142 0.00040464019 0)
(1.0011151 0.00040411448 0)
(1.0011159 0.00040358892 0)
(1.0011167 0.0004030635 0)
(1.0011175 0.0004025382 0)
(1.0011183 0.00040201303 0)
(1.0011191 0.00040148797 0)
(1.0011199 0.00040096301 0)
(1.0011207 0.00040043814 0)
(1.0011215 0.00039991337 0)
(1.0011223 0.00039938866 0)
(1.0011231 0.00039886403 0)
(1.0011239 0.00039833946 0)
(1.0011247 0.00039781493 0)
(1.0011255 0.00039729045 0)
(1.0011263 0.00039676601 0)
(1.0011271 0.00039624158 0)
(1.0011279 0.00039571718 0)
(1.0011287 0.00039519278 0)
(1.0011295 0.00039466838 0)
(1.0011303 0.00039414396 0)
(1.0011311 0.00039361953 0)
(1.0011319 0.00039309507 0)
(1.0011327 0.00039257058 0)
(1.0011335 0.00039204603 0)
(1.0011343 0.00039152144 0)
(1.0011351 0.00039099677 0)
(1.0011359 0.00039047204 0)
(1.0011367 0.00038994722 0)
(1.0011375 0.00038942231 0)
(1.0011383 0.00038889731 0)
(1.0011391 0.00038837219 0)
(1.0011399 0.00038784695 0)
(1.0011407 0.00038732159 0)
(1.0011415 0.00038679609 0)
(1.0011423 0.00038627044 0)
(1.0011431 0.00038574464 0)
(1.0011439 0.00038521868 0)
(1.0011446 0.00038469254 0)
(1.0011454 0.00038416622 0)
(1.0011462 0.00038363971 0)
(1.001147 0.000383113 0)
(1.0011478 0.00038258608 0)
(1.0011486 0.00038205894 0)
(1.0011494 0.00038153157 0)
(1.0011502 0.00038100396 0)
(1.001151 0.00038047611 0)
(1.0011518 0.000379948 0)
(1.0011526 0.00037941962 0)
(1.0011534 0.00037889096 0)
(1.0011542 0.00037836202 0)
(1.001155 0.00037783279 0)
(1.0011558 0.00037730325 0)
(1.0011566 0.00037677339 0)
(1.0011574 0.00037624322 0)
(1.0011582 0.0003757127 0)
(1.001159 0.00037518185 0)
(1.0011598 0.00037465064 0)
(1.0011606 0.00037411907 0)
(1.0011614 0.00037358713 0)
(1.0011622 0.00037305481 0)
(1.001163 0.00037252209 0)
(1.0011638 0.00037198897 0)
(1.0011646 0.00037145544 0)
(1.0011654 0.00037092148 0)
(1.0011662 0.0003703871 0)
(1.001167 0.00036985227 0)
(1.0011678 0.00036931698 0)
(1.0011686 0.00036878124 0)
(1.0011694 0.00036824502 0)
(1.0011702 0.00036770832 0)
(1.001171 0.00036717112 0)
(1.0011718 0.00036663342 0)
(1.0011726 0.0003660952 0)
(1.0011734 0.00036555645 0)
(1.0011742 0.00036501717 0)
(1.001175 0.00036447734 0)
(1.0011758 0.00036393695 0)
(1.0011767 0.00036339599 0)
(1.0011775 0.00036285446 0)
(1.0011783 0.00036231233 0)
(1.0011791 0.00036176959 0)
(1.0011799 0.00036122624 0)
(1.0011807 0.00036068227 0)
(1.0011815 0.00036013765 0)
(1.0011824 0.00035959239 0)
(1.0011832 0.00035904647 0)
(1.001184 0.00035849987 0)
(1.0011848 0.00035795259 0)
(1.0011856 0.00035740462 0)
(1.0011864 0.00035685593 0)
(1.0011873 0.00035630652 0)
(1.0011881 0.00035575638 0)
(1.0011889 0.0003552055 0)
(1.0011897 0.00035465386 0)
(1.0010448 0.00042511312 0)
(1.0010456 0.00042458485 0)
(1.0010465 0.00042405702 0)
(1.0010474 0.00042352959 0)
(1.0010482 0.00042300254 0)
(1.0010491 0.00042247585 0)
(1.00105 0.00042194953 0)
(1.0010508 0.00042142357 0)
(1.0010517 0.00042089796 0)
(1.0010525 0.0004203727 0)
(1.0010534 0.00041984779 0)
(1.0010542 0.00041932322 0)
(1.0010551 0.00041879897 0)
(1.0010559 0.00041827506 0)
(1.0010568 0.00041775147 0)
(1.0010576 0.00041722819 0)
(1.0010585 0.00041670522 0)
(1.0010593 0.00041618256 0)
(1.0010601 0.00041566019 0)
(1.001061 0.00041513811 0)
(1.0010618 0.00041461632 0)
(1.0010627 0.0004140948 0)
(1.0010635 0.00041357356 0)
(1.0010643 0.00041305258 0)
(1.0010652 0.00041253185 0)
(1.001066 0.00041201138 0)
(1.0010668 0.00041149115 0)
(1.0010677 0.00041097115 0)
(1.0010685 0.00041045139 0)
(1.0010693 0.00040993185 0)
(1.0010701 0.00040941252 0)
(1.001071 0.0004088934 0)
(1.0010718 0.00040837448 0)
(1.0010726 0.00040785576 0)
(1.0010734 0.00040733722 0)
(1.0010743 0.00040681885 0)
(1.0010751 0.00040630066 0)
(1.0010759 0.00040578263 0)
(1.0010767 0.00040526476 0)
(1.0010775 0.00040474703 0)
(1.0010784 0.00040422944 0)
(1.0010792 0.00040371199 0)
(1.00108 0.00040319466 0)
(1.0010808 0.00040267744 0)
(1.0010816 0.00040216034 0)
(1.0010824 0.00040164333 0)
(1.0010832 0.00040112642 0)
(1.0010841 0.00040060959 0)
(1.0010849 0.00040009284 0)
(1.0010857 0.00039957615 0)
(1.0010865 0.00039905953 0)
(1.0010873 0.00039854296 0)
(1.0010881 0.00039802643 0)
(1.0010889 0.00039750994 0)
(1.0010897 0.00039699347 0)
(1.0010905 0.00039647703 0)
(1.0010913 0.00039596059 0)
(1.0010921 0.00039544416 0)
(1.0010929 0.00039492773 0)
(1.0010938 0.00039441128 0)
(1.0010946 0.0003938948 0)
(1.0010954 0.0003933783 0)
(1.0010962 0.00039286176 0)
(1.001097 0.00039234517 0)
(1.0010978 0.00039182852 0)
(1.0010986 0.00039131181 0)
(1.0010994 0.00039079502 0)
(1.0011002 0.00039027816 0)
(1.001101 0.0003897612 0)
(1.0011018 0.00038924414 0)
(1.0011026 0.00038872698 0)
(1.0011034 0.0003882097 0)
(1.0011042 0.0003876923 0)
(1.001105 0.00038717476 0)
(1.0011058 0.00038665708 0)
(1.0011066 0.00038613925 0)
(1.0011074 0.00038562126 0)
(1.0011082 0.0003851031 0)
(1.001109 0.00038458476 0)
(1.0011098 0.00038406624 0)
(1.0011106 0.00038354752 0)
(1.0011114 0.0003830286 0)
(1.0011122 0.00038250946 0)
(1.001113 0.0003819901 0)
(1.0011138 0.00038147052 0)
(1.0011146 0.00038095069 0)
(1.0011154 0.00038043061 0)
(1.0011162 0.00037991027 0)
(1.001117 0.00037938967 0)
(1.0011178 0.00037886879 0)
(1.0011186 0.00037834763 0)
(1.0011194 0.00037782617 0)
(1.0011202 0.00037730441 0)
(1.001121 0.00037678233 0)
(1.0011218 0.00037625993 0)
(1.0011226 0.0003757372 0)
(1.0011234 0.00037521413 0)
(1.0011242 0.00037469071 0)
(1.001125 0.00037416693 0)
(1.0011258 0.00037364278 0)
(1.0011266 0.00037311825 0)
(1.0011274 0.00037259333 0)
(1.0011282 0.00037206801 0)
(1.001129 0.00037154229 0)
(1.0011298 0.00037101614 0)
(1.0011306 0.00037048957 0)
(1.0011314 0.00036996256 0)
(1.0011322 0.00036943511 0)
(1.001133 0.0003689072 0)
(1.0011338 0.00036837882 0)
(1.0011346 0.00036784996 0)
(1.0011354 0.00036732062 0)
(1.0011362 0.00036679078 0)
(1.0011371 0.00036626043 0)
(1.0011379 0.00036572956 0)
(1.0011387 0.00036519817 0)
(1.0011395 0.00036466624 0)
(1.0011403 0.00036413375 0)
(1.0011411 0.00036360071 0)
(1.0011419 0.0003630671 0)
(1.0011427 0.0003625329 0)
(1.0011435 0.00036199812 0)
(1.0011444 0.00036146273 0)
(1.0011452 0.00036092673 0)
(1.001146 0.0003603901 0)
(1.0011468 0.00035985284 0)
(1.0011476 0.00035931493 0)
(1.0011485 0.00035877636 0)
(1.0011493 0.00035823712 0)
(1.0011501 0.0003576972 0)
(1.0011509 0.00035715658 0)
(1.0011517 0.00035661526 0)
(1.0011526 0.00035607323 0)
(1.0011534 0.00035553046 0)
(1.0011542 0.00035498696 0)
(1.001155 0.0003544427 0)
(1.0011559 0.00035389768 0)
(1.0011567 0.00035335188 0)
(1.001012 0.00042264323 0)
(1.0010129 0.00042212641 0)
(1.0010138 0.00042160994 0)
(1.0010146 0.00042109379 0)
(1.0010155 0.00042057795 0)
(1.0010164 0.00042006239 0)
(1.0010172 0.00041954711 0)
(1.0010181 0.00041903213 0)
(1.001019 0.00041851742 0)
(1.0010198 0.00041800299 0)
(1.0010207 0.00041748883 0)
(1.0010215 0.00041697493 0)
(1.0010224 0.0004164613 0)
(1.0010232 0.00041594792 0)
(1.0010241 0.00041543479 0)
(1.0010249 0.00041492191 0)
(1.0010258 0.00041440927 0)
(1.0010266 0.00041389686 0)
(1.0010275 0.00041338468 0)
(1.0010283 0.00041287272 0)
(1.0010292 0.00041236098 0)
(1.00103 0.00041184946 0)
(1.0010309 0.00041133813 0)
(1.0010317 0.00041082701 0)
(1.0010325 0.00041031608 0)
(1.0010334 0.00040980534 0)
(1.0010342 0.00040929478 0)
(1.001035 0.00040878439 0)
(1.0010359 0.00040827417 0)
(1.0010367 0.00040776411 0)
(1.0010375 0.00040725421 0)
(1.0010384 0.00040674445 0)
(1.0010392 0.00040623484 0)
(1.00104 0.00040572536 0)
(1.0010409 0.00040521601 0)
(1.0010417 0.00040470678 0)
(1.0010425 0.00040419766 0)
(1.0010433 0.00040368866 0)
(1.0010442 0.00040317975 0)
(1.001045 0.00040267093 0)
(1.0010458 0.0004021622 0)
(1.0010466 0.00040165355 0)
(1.0010474 0.00040114496 0)
(1.0010483 0.00040063645 0)
(1.0010491 0.00040012798 0)
(1.0010499 0.00039961957 0)
(1.0010507 0.0003991112 0)
(1.0010515 0.00039860286 0)
(1.0010524 0.00039809455 0)
(1.0010532 0.00039758626 0)
(1.001054 0.00039707798 0)
(1.0010548 0.00039656971 0)
(1.0010556 0.00039606143 0)
(1.0010564 0.00039555313 0)
(1.0010572 0.00039504482 0)
(1.001058 0.00039453648 0)
(1.0010589 0.00039402811 0)
(1.0010597 0.00039351969 0)
(1.0010605 0.00039301123 0)
(1.0010613 0.0003925027 0)
(1.0010621 0.00039199411 0)
(1.0010629 0.00039148544 0)
(1.0010637 0.00039097669 0)
(1.0010645 0.00039046785 0)
(1.0010653 0.00038995891 0)
(1.0010661 0.00038944986 0)
(1.0010669 0.0003889407 0)
(1.0010677 0.00038843142 0)
(1.0010686 0.000387922 0)
(1.0010694 0.00038741244 0)
(1.0010702 0.00038690274 0)
(1.001071 0.00038639288 0)
(1.0010718 0.00038588286 0)
(1.0010726 0.00038537266 0)
(1.0010734 0.00038486228 0)
(1.0010742 0.00038435171 0)
(1.001075 0.00038384095 0)
(1.0010758 0.00038332997 0)
(1.0010766 0.00038281879 0)
(1.0010774 0.00038230738 0)
(1.0010782 0.00038179573 0)
(1.001079 0.00038128385 0)
(1.0010798 0.00038077172 0)
(1.0010806 0.00038025933 0)
(1.0010814 0.00037974667 0)
(1.0010822 0.00037923374 0)
(1.001083 0.00037872052 0)
(1.0010838 0.00037820701 0)
(1.0010846 0.0003776932 0)
(1.0010854 0.00037717908 0)
(1.0010862 0.00037666463 0)
(1.001087 0.00037614986 0)
(1.0010878 0.00037563476 0)
(1.0010887 0.0003751193 0)
(1.0010895 0.00037460349 0)
(1.0010903 0.00037408732 0)
(1.0010911 0.00037357077 0)
(1.0010919 0.00037305385 0)
(1.0010927 0.00037253652 0)
(1.0010935 0.0003720188 0)
(1.0010943 0.00037150067 0)
(1.0010951 0.00037098212 0)
(1.0010959 0.00037046313 0)
(1.0010967 0.00036994371 0)
(1.0010975 0.00036942384 0)
(1.0010983 0.00036890352 0)
(1.0010991 0.00036838272 0)
(1.0010999 0.00036786145 0)
(1.0011008 0.00036733969 0)
(1.0011016 0.00036681744 0)
(1.0011024 0.00036629468 0)
(1.0011032 0.0003657714 0)
(1.001104 0.0003652476 0)
(1.0011048 0.00036472326 0)
(1.0011056 0.00036419838 0)
(1.0011064 0.00036367294 0)
(1.0011073 0.00036314693 0)
(1.0011081 0.00036262034 0)
(1.0011089 0.00036209317 0)
(1.0011097 0.0003615654 0)
(1.0011105 0.00036103702 0)
(1.0011113 0.00036050803 0)
(1.0011122 0.0003599784 0)
(1.001113 0.00035944814 0)
(1.0011138 0.00035891722 0)
(1.0011146 0.00035838564 0)
(1.0011154 0.00035785339 0)
(1.0011163 0.00035732045 0)
(1.0011171 0.00035678682 0)
(1.0011179 0.00035625248 0)
(1.0011187 0.00035571742 0)
(1.0011196 0.00035518164 0)
(1.0011204 0.00035464511 0)
(1.0011212 0.00035410783 0)
(1.0011221 0.00035356978 0)
(1.0011229 0.00035303096 0)
(1.0011237 0.00035249135 0)
(1.0011245 0.00035195094 0)
(1.0009801 0.00042008037 0)
(1.000981 0.00041957543 0)
(1.0009819 0.00041907076 0)
(1.0009828 0.00041856634 0)
(1.0009836 0.00041806215 0)
(1.0009845 0.00041755816 0)
(1.0009854 0.00041705439 0)
(1.0009863 0.00041655084 0)
(1.0009871 0.00041604749 0)
(1.000988 0.00041554435 0)
(1.0009888 0.0004150414 0)
(1.0009897 0.00041453865 0)
(1.0009906 0.00041403609 0)
(1.0009914 0.00041353372 0)
(1.0009923 0.00041303153 0)
(1.0009931 0.00041252952 0)
(1.000994 0.00041202769 0)
(1.0009948 0.00041152602 0)
(1.0009957 0.00041102451 0)
(1.0009965 0.00041052316 0)
(1.0009974 0.00041002197 0)
(1.0009982 0.00040952092 0)
(1.0009991 0.00040902002 0)
(1.0009999 0.00040851925 0)
(1.0010008 0.00040801862 0)
(1.0010016 0.00040751811 0)
(1.0010025 0.00040701773 0)
(1.0010033 0.00040651745 0)
(1.0010041 0.00040601729 0)
(1.001005 0.00040551723 0)
(1.0010058 0.00040501727 0)
(1.0010066 0.0004045174 0)
(1.0010075 0.00040401761 0)
(1.0010083 0.00040351791 0)
(1.0010091 0.00040301827 0)
(1.00101 0.00040251871 0)
(1.0010108 0.0004020192 0)
(1.0010116 0.00040151974 0)
(1.0010125 0.00040102034 0)
(1.0010133 0.00040052097 0)
(1.0010141 0.00040002164 0)
(1.0010149 0.00039952234 0)
(1.0010158 0.00039902305 0)
(1.0010166 0.00039852378 0)
(1.0010174 0.00039802452 0)
(1.0010182 0.00039752526 0)
(1.0010191 0.00039702599 0)
(1.0010199 0.0003965267 0)
(1.0010207 0.0003960274 0)
(1.0010215 0.00039552807 0)
(1.0010223 0.0003950287 0)
(1.0010232 0.00039452929 0)
(1.001024 0.00039402983 0)
(1.0010248 0.00039353032 0)
(1.0010256 0.00039303074 0)
(1.0010264 0.00039253109 0)
(1.0010272 0.00039203136 0)
(1.0010281 0.00039153155 0)
(1.0010289 0.00039103164 0)
(1.0010297 0.00039053163 0)
(1.0010305 0.00039003152 0)
(1.0010313 0.00038953128 0)
(1.0010321 0.00038903093 0)
(1.0010329 0.00038853044 0)
(1.0010337 0.00038802981 0)
(1.0010346 0.00038752904 0)
(1.0010354 0.00038702811 0)
(1.0010362 0.00038652703 0)
(1.001037 0.00038602577 0)
(1.0010378 0.00038552433 0)
(1.0010386 0.00038502271 0)
(1.0010394 0.00038452089 0)
(1.0010402 0.00038401888 0)
(1.001041 0.00038351665 0)
(1.0010418 0.00038301421 0)
(1.0010427 0.00038251154 0)
(1.0010435 0.00038200864 0)
(1.0010443 0.00038150549 0)
(1.0010451 0.0003810021 0)
(1.0010459 0.00038049845 0)
(1.0010467 0.00037999453 0)
(1.0010475 0.00037949033 0)
(1.0010483 0.00037898586 0)
(1.0010491 0.00037848109 0)
(1.0010499 0.00037797602 0)
(1.0010507 0.00037747065 0)
(1.0010515 0.00037696496 0)
(1.0010523 0.00037645894 0)
(1.0010532 0.00037595259 0)
(1.001054 0.0003754459 0)
(1.0010548 0.00037493886 0)
(1.0010556 0.00037443146 0)
(1.0010564 0.00037392369 0)
(1.0010572 0.00037341554 0)
(1.001058 0.00037290701 0)
(1.0010588 0.00037239808 0)
(1.0010596 0.00037188875 0)
(1.0010604 0.00037137901 0)
(1.0010612 0.00037086885 0)
(1.0010621 0.00037035825 0)
(1.0010629 0.00036984722 0)
(1.0010637 0.00036933574 0)
(1.0010645 0.0003688238 0)
(1.0010653 0.0003683114 0)
(1.0010661 0.00036779852 0)
(1.0010669 0.00036728515 0)
(1.0010677 0.00036677129 0)
(1.0010685 0.00036625693 0)
(1.0010694 0.00036574205 0)
(1.0010702 0.00036522665 0)
(1.001071 0.00036471071 0)
(1.0010718 0.00036419424 0)
(1.0010726 0.00036367721 0)
(1.0010734 0.00036315962 0)
(1.0010743 0.00036264145 0)
(1.0010751 0.00036212271 0)
(1.0010759 0.00036160337 0)
(1.0010767 0.00036108344 0)
(1.0010775 0.00036056289 0)
(1.0010784 0.00036004172 0)
(1.0010792 0.00035951991 0)
(1.00108 0.00035899746 0)
(1.0010808 0.00035847436 0)
(1.0010816 0.0003579506 0)
(1.0010825 0.00035742616 0)
(1.0010833 0.00035690103 0)
(1.0010841 0.00035637521 0)
(1.0010849 0.00035584868 0)
(1.0010858 0.00035532143 0)
(1.0010866 0.00035479346 0)
(1.0010874 0.00035426474 0)
(1.0010883 0.00035373527 0)
(1.0010891 0.00035320504 0)
(1.0010899 0.00035267404 0)
(1.0010908 0.00035214224 0)
(1.0010916 0.00035160965 0)
(1.0010924 0.00035107625 0)
(1.0010933 0.00035054204 0)
(1.0009491 0.00041742557 0)
(1.00095 0.0004169329 0)
(1.0009509 0.00041644041 0)
(1.0009517 0.00041594809 0)
(1.0009526 0.00041545592 0)
(1.0009535 0.00041496388 0)
(1.0009544 0.00041447197 0)
(1.0009552 0.0004139802 0)
(1.0009561 0.00041348857 0)
(1.000957 0.00041299706 0)
(1.0009578 0.00041250568 0)
(1.0009587 0.00041201441 0)
(1.0009596 0.00041152327 0)
(1.0009604 0.00041103224 0)
(1.0009613 0.00041054132 0)
(1.0009622 0.0004100505 0)
(1.000963 0.00040955979 0)
(1.0009639 0.00040906917 0)
(1.0009647 0.00040857865 0)
(1.0009656 0.00040808822 0)
(1.0009664 0.00040759787 0)
(1.0009673 0.00040710761 0)
(1.0009681 0.00040661742 0)
(1.000969 0.00040612729 0)
(1.0009698 0.00040563724 0)
(1.0009707 0.00040514725 0)
(1.0009715 0.00040465731 0)
(1.0009724 0.00040416742 0)
(1.0009732 0.00040367758 0)
(1.0009741 0.00040318778 0)
(1.0009749 0.00040269801 0)
(1.0009757 0.00040220828 0)
(1.0009766 0.00040171856 0)
(1.0009774 0.00040122887 0)
(1.0009783 0.00040073919 0)
(1.0009791 0.00040024952 0)
(1.0009799 0.00039975984 0)
(1.0009808 0.00039927017 0)
(1.0009816 0.00039878048 0)
(1.0009824 0.00039829078 0)
(1.0009833 0.00039780105 0)
(1.0009841 0.00039731129 0)
(1.0009849 0.0003968215 0)
(1.0009858 0.00039633167 0)
(1.0009866 0.00039584179 0)
(1.0009874 0.00039535186 0)
(1.0009882 0.00039486187 0)
(1.0009891 0.00039437181 0)
(1.0009899 0.00039388168 0)
(1.0009907 0.00039339147 0)
(1.0009915 0.00039290117 0)
(1.0009924 0.00039241078 0)
(1.0009932 0.00039192029 0)
(1.000994 0.00039142969 0)
(1.0009948 0.00039093898 0)
(1.0009956 0.00039044815 0)
(1.0009965 0.00038995719 0)
(1.0009973 0.0003894661 0)
(1.0009981 0.00038897487 0)
(1.0009989 0.00038848349 0)
(1.0009997 0.00038799196 0)
(1.0010005 0.00038750026 0)
(1.0010014 0.00038700839 0)
(1.0010022 0.00038651635 0)
(1.001003 0.00038602412 0)
(1.0010038 0.0003855317 0)
(1.0010046 0.00038503908 0)
(1.0010054 0.00038454626 0)
(1.0010063 0.00038405323 0)
(1.0010071 0.00038355997 0)
(1.0010079 0.00038306648 0)
(1.0010087 0.00038257276 0)
(1.0010095 0.0003820788 0)
(1.0010103 0.00038158458 0)
(1.0010111 0.00038109011 0)
(1.001012 0.00038059537 0)
(1.0010128 0.00038010035 0)
(1.0010136 0.00037960506 0)
(1.0010144 0.00037910947 0)
(1.0010152 0.00037861359 0)
(1.001016 0.0003781174 0)
(1.0010168 0.0003776209 0)
(1.0010176 0.00037712407 0)
(1.0010184 0.00037662692 0)
(1.0010193 0.00037612943 0)
(1.0010201 0.0003756316 0)
(1.0010209 0.00037513341 0)
(1.0010217 0.00037463485 0)
(1.0010225 0.00037413593 0)
(1.0010233 0.00037363663 0)
(1.0010241 0.00037313695 0)
(1.0010249 0.00037263686 0)
(1.0010258 0.00037213638 0)
(1.0010266 0.00037163548 0)
(1.0010274 0.00037113416 0)
(1.0010282 0.00037063242 0)
(1.001029 0.00037013023 0)
(1.0010298 0.0003696276 0)
(1.0010306 0.00036912451 0)
(1.0010315 0.00036862096 0)
(1.0010323 0.00036811694 0)
(1.0010331 0.00036761244 0)
(1.0010339 0.00036710744 0)
(1.0010347 0.00036660195 0)
(1.0010355 0.00036609595 0)
(1.0010363 0.00036558943 0)
(1.0010372 0.00036508238 0)
(1.001038 0.0003645748 0)
(1.0010388 0.00036406668 0)
(1.0010396 0.000363558 0)
(1.0010404 0.00036304875 0)
(1.0010413 0.00036253893 0)
(1.0010421 0.00036202853 0)
(1.0010429 0.00036151754 0)
(1.0010437 0.00036100595 0)
(1.0010445 0.00036049374 0)
(1.0010454 0.00035998091 0)
(1.0010462 0.00035946746 0)
(1.001047 0.00035895336 0)
(1.0010478 0.0003584386 0)
(1.0010487 0.00035792319 0)
(1.0010495 0.00035740711 0)
(1.0010503 0.00035689034 0)
(1.0010511 0.00035637288 0)
(1.001052 0.00035585472 0)
(1.0010528 0.00035533585 0)
(1.0010536 0.00035481625 0)
(1.0010545 0.00035429592 0)
(1.0010553 0.00035377484 0)
(1.0010561 0.00035325301 0)
(1.0010569 0.00035273041 0)
(1.0010578 0.00035220703 0)
(1.0010586 0.00035168286 0)
(1.0010595 0.0003511579 0)
(1.0010603 0.00035063212 0)
(1.0010611 0.00035010551 0)
(1.001062 0.00034957808 0)
(1.0010628 0.0003490498 0)
(1.0009189 0.00041467277 0)
(1.0009198 0.00041419276 0)
(1.0009206 0.00041371286 0)
(1.0009215 0.00041323305 0)
(1.0009224 0.0004127533 0)
(1.0009233 0.00041227361 0)
(1.0009242 0.00041179399 0)
(1.000925 0.00041131442 0)
(1.0009259 0.00041083491 0)
(1.0009268 0.00041035545 0)
(1.0009277 0.00040987605 0)
(1.0009285 0.00040939669 0)
(1.0009294 0.00040891738 0)
(1.0009303 0.00040843811 0)
(1.0009311 0.00040795888 0)
(1.000932 0.00040747968 0)
(1.0009329 0.00040700052 0)
(1.0009337 0.00040652138 0)
(1.0009346 0.00040604228 0)
(1.0009354 0.00040556319 0)
(1.0009363 0.00040508412 0)
(1.0009372 0.00040460506 0)
(1.000938 0.00040412602 0)
(1.0009389 0.00040364698 0)
(1.0009397 0.00040316794 0)
(1.0009406 0.0004026889 0)
(1.0009414 0.00040220985 0)
(1.0009423 0.00040173078 0)
(1.0009431 0.00040125171 0)
(1.000944 0.00040077261 0)
(1.0009448 0.00040029348 0)
(1.0009457 0.00039981433 0)
(1.0009465 0.00039933514 0)
(1.0009473 0.00039885591 0)
(1.0009482 0.00039837663 0)
(1.000949 0.00039789731 0)
(1.0009499 0.00039741792 0)
(1.0009507 0.00039693848 0)
(1.0009515 0.00039645897 0)
(1.0009524 0.00039597939 0)
(1.0009532 0.00039549973 0)
(1.000954 0.00039501998 0)
(1.0009549 0.00039454015 0)
(1.0009557 0.00039406022 0)
(1.0009565 0.0003935802 0)
(1.0009574 0.00039310007 0)
(1.0009582 0.00039261982 0)
(1.000959 0.00039213946 0)
(1.0009599 0.00039165897 0)
(1.0009607 0.00039117836 0)
(1.0009615 0.00039069761 0)
(1.0009623 0.00039021671 0)
(1.0009632 0.00038973567 0)
(1.000964 0.00038925447 0)
(1.0009648 0.00038877312 0)
(1.0009656 0.00038829159 0)
(1.0009665 0.00038780989 0)
(1.0009673 0.00038732801 0)
(1.0009681 0.00038684595 0)
(1.0009689 0.00038636369 0)
(1.0009698 0.00038588123 0)
(1.0009706 0.00038539856 0)
(1.0009714 0.00038491568 0)
(1.0009722 0.00038443258 0)
(1.000973 0.00038394925 0)
(1.0009739 0.00038346569 0)
(1.0009747 0.00038298189 0)
(1.0009755 0.00038249784 0)
(1.0009763 0.00038201354 0)
(1.0009771 0.00038152897 0)
(1.000978 0.00038104413 0)
(1.0009788 0.00038055902 0)
(1.0009796 0.00038007362 0)
(1.0009804 0.00037958794 0)
(1.0009812 0.00037910195 0)
(1.000982 0.00037861566 0)
(1.0009829 0.00037812906 0)
(1.0009837 0.00037764214 0)
(1.0009845 0.00037715489 0)
(1.0009853 0.0003766673 0)
(1.0009861 0.00037617938 0)
(1.0009869 0.0003756911 0)
(1.0009878 0.00037520246 0)
(1.0009886 0.00037471346 0)
(1.0009894 0.00037422408 0)
(1.0009902 0.00037373433 0)
(1.000991 0.00037324418 0)
(1.0009918 0.00037275364 0)
(1.0009927 0.0003722627 0)
(1.0009935 0.00037177134 0)
(1.0009943 0.00037127956 0)
(1.0009951 0.00037078735 0)
(1.0009959 0.0003702947 0)
(1.0009967 0.00036980161 0)
(1.0009976 0.00036930806 0)
(1.0009984 0.00036881406 0)
(1.0009992 0.00036831958 0)
(1.001 0.00036782463 0)
(1.0010008 0.00036732918 0)
(1.0010017 0.00036683325 0)
(1.0010025 0.00036633681 0)
(1.0010033 0.00036583985 0)
(1.0010041 0.00036534238 0)
(1.0010049 0.00036484437 0)
(1.0010057 0.00036434583 0)
(1.0010066 0.00036384674 0)
(1.0010074 0.00036334709 0)
(1.0010082 0.00036284688 0)
(1.001009 0.0003623461 0)
(1.0010099 0.00036184473 0)
(1.0010107 0.00036134276 0)
(1.0010115 0.0003608402 0)
(1.0010123 0.00036033702 0)
(1.0010131 0.00035983323 0)
(1.001014 0.0003593288 0)
(1.0010148 0.00035882374 0)
(1.0010156 0.00035831803 0)
(1.0010165 0.00035781165 0)
(1.0010173 0.00035730461 0)
(1.0010181 0.00035679689 0)
(1.0010189 0.00035628849 0)
(1.0010198 0.00035577938 0)
(1.0010206 0.00035526957 0)
(1.0010214 0.00035475904 0)
(1.0010223 0.00035424778 0)
(1.0010231 0.00035373578 0)
(1.0010239 0.00035322304 0)
(1.0010248 0.00035270953 0)
(1.0010256 0.00035219525 0)
(1.0010264 0.0003516802 0)
(1.0010273 0.00035116435 0)
(1.0010281 0.0003506477 0)
(1.0010289 0.00035013023 0)
(1.0010298 0.00034961195 0)
(1.0010306 0.00034909282 0)
(1.0010315 0.00034857285 0)
(1.0010323 0.00034805203 0)
(1.0010332 0.00034753033 0)
(1.0008894 0.00041182197 0)
(1.0008903 0.00041135503 0)
(1.0008912 0.00041088813 0)
(1.0008921 0.00041042123 0)
(1.000893 0.00040995431 0)
(1.0008938 0.00040948738 0)
(1.0008947 0.00040902042 0)
(1.0008956 0.00040855345 0)
(1.0008965 0.00040808646 0)
(1.0008974 0.00040761945 0)
(1.0008982 0.00040715241 0)
(1.0008991 0.00040668534 0)
(1.0009 0.00040621824 0)
(1.0009009 0.00040575111 0)
(1.0009017 0.00040528395 0)
(1.0009026 0.00040481675 0)
(1.0009035 0.00040434951 0)
(1.0009043 0.00040388222 0)
(1.0009052 0.00040341489 0)
(1.0009061 0.00040294751 0)
(1.0009069 0.00040248008 0)
(1.0009078 0.0004020126 0)
(1.0009086 0.00040154505 0)
(1.0009095 0.00040107744 0)
(1.0009104 0.00040060977 0)
(1.0009112 0.00040014202 0)
(1.0009121 0.0003996742 0)
(1.0009129 0.0003992063 0)
(1.0009138 0.00039873832 0)
(1.0009146 0.00039827026 0)
(1.0009155 0.00039780211 0)
(1.0009163 0.00039733386 0)
(1.0009172 0.00039686551 0)
(1.000918 0.00039639706 0)
(1.0009189 0.0003959285 0)
(1.0009197 0.00039545983 0)
(1.0009206 0.00039499104 0)
(1.0009214 0.00039452214 0)
(1.0009222 0.0003940531 0)
(1.0009231 0.00039358394 0)
(1.0009239 0.00039311463 0)
(1.0009248 0.00039264519 0)
(1.0009256 0.0003921756 0)
(1.0009264 0.00039170586 0)
(1.0009273 0.00039123596 0)
(1.0009281 0.00039076591 0)
(1.0009289 0.00039029568 0)
(1.0009298 0.00038982528 0)
(1.0009306 0.0003893547 0)
(1.0009314 0.00038888394 0)
(1.0009323 0.00038841299 0)
(1.0009331 0.00038794184 0)
(1.0009339 0.00038747049 0)
(1.0009348 0.00038699894 0)
(1.0009356 0.00038652717 0)
(1.0009364 0.00038605518 0)
(1.0009373 0.00038558297 0)
(1.0009381 0.00038511053 0)
(1.0009389 0.00038463785 0)
(1.0009397 0.00038416493 0)
(1.0009406 0.00038369176 0)
(1.0009414 0.00038321834 0)
(1.0009422 0.00038274465 0)
(1.000943 0.0003822707 0)
(1.0009439 0.00038179647 0)
(1.0009447 0.00038132196 0)
(1.0009455 0.00038084716 0)
(1.0009463 0.00038037207 0)
(1.0009472 0.00037989667 0)
(1.000948 0.00037942097 0)
(1.0009488 0.00037894496 0)
(1.0009496 0.00037846863 0)
(1.0009505 0.00037799196 0)
(1.0009513 0.00037751497 0)
(1.0009521 0.00037703763 0)
(1.0009529 0.00037655994 0)
(1.0009537 0.0003760819 0)
(1.0009546 0.0003756035 0)
(1.0009554 0.00037512472 0)
(1.0009562 0.00037464557 0)
(1.000957 0.00037416604 0)
(1.0009578 0.00037368611 0)
(1.0009587 0.00037320579 0)
(1.0009595 0.00037272506 0)
(1.0009603 0.00037224392 0)
(1.0009611 0.00037176235 0)
(1.0009619 0.00037128036 0)
(1.0009628 0.00037079793 0)
(1.0009636 0.00037031506 0)
(1.0009644 0.00036983174 0)
(1.0009652 0.00036934795 0)
(1.000966 0.00036886371 0)
(1.0009669 0.00036837898 0)
(1.0009677 0.00036789378 0)
(1.0009685 0.00036740808 0)
(1.0009693 0.00036692189 0)
(1.0009701 0.00036643519 0)
(1.000971 0.00036594797 0)
(1.0009718 0.00036546023 0)
(1.0009726 0.00036497196 0)
(1.0009734 0.00036448316 0)
(1.0009743 0.0003639938 0)
(1.0009751 0.00036350389 0)
(1.0009759 0.00036301341 0)
(1.0009767 0.00036252236 0)
(1.0009776 0.00036203073 0)
(1.0009784 0.00036153851 0)
(1.0009792 0.00036104569 0)
(1.00098 0.00036055227 0)
(1.0009809 0.00036005822 0)
(1.0009817 0.00035956356 0)
(1.0009825 0.00035906825 0)
(1.0009833 0.00035857231 0)
(1.0009842 0.00035807571 0)
(1.000985 0.00035757845 0)
(1.0009858 0.00035708052 0)
(1.0009867 0.0003565819 0)
(1.0009875 0.0003560826 0)
(1.0009883 0.0003555826 0)
(1.0009892 0.00035508189 0)
(1.00099 0.00035458046 0)
(1.0009908 0.00035407831 0)
(1.0009917 0.00035357541 0)
(1.0009925 0.00035307177 0)
(1.0009933 0.00035256737 0)
(1.0009942 0.0003520622 0)
(1.000995 0.00035155626 0)
(1.0009958 0.00035104952 0)
(1.0009967 0.00035054199 0)
(1.0009975 0.00035003365 0)
(1.0009984 0.00034952449 0)
(1.0009992 0.00034901449 0)
(1.001 0.00034850366 0)
(1.0010009 0.00034799198 0)
(1.0010017 0.00034747943 0)
(1.0010026 0.00034696601 0)
(1.0010034 0.0003464517 0)
(1.0010043 0.00034593651 0)
(1.0008607 0.00040886823 0)
(1.0008616 0.00040841476 0)
(1.0008625 0.00040796124 0)
(1.0008634 0.00040750764 0)
(1.0008643 0.00040705395 0)
(1.0008652 0.00040660017 0)
(1.000866 0.00040614628 0)
(1.0008669 0.0004056923 0)
(1.0008678 0.00040523823 0)
(1.0008687 0.00040478405 0)
(1.0008696 0.00040432978 0)
(1.0008705 0.0004038754 0)
(1.0008713 0.00040342091 0)
(1.0008722 0.00040296633 0)
(1.0008731 0.00040251163 0)
(1.000874 0.00040205682 0)
(1.0008748 0.0004016019 0)
(1.0008757 0.00040114687 0)
(1.0008766 0.00040069172 0)
(1.0008774 0.00040023645 0)
(1.0008783 0.00039978106 0)
(1.0008792 0.00039932554 0)
(1.00088 0.0003988699 0)
(1.0008809 0.00039841413 0)
(1.0008818 0.00039795822 0)
(1.0008826 0.00039750218 0)
(1.0008835 0.00039704599 0)
(1.0008843 0.00039658967 0)
(1.0008852 0.0003961332 0)
(1.000886 0.00039567657 0)
(1.0008869 0.0003952198 0)
(1.0008878 0.00039476286 0)
(1.0008886 0.00039430577 0)
(1.0008895 0.00039384851 0)
(1.0008903 0.00039339108 0)
(1.0008912 0.00039293348 0)
(1.000892 0.0003924757 0)
(1.0008928 0.00039201774 0)
(1.0008937 0.0003915596 0)
(1.0008945 0.00039110127 0)
(1.0008954 0.00039064274 0)
(1.0008962 0.00039018401 0)
(1.0008971 0.00038972508 0)
(1.0008979 0.00038926595 0)
(1.0008988 0.0003888066 0)
(1.0008996 0.00038834703 0)
(1.0009004 0.00038788724 0)
(1.0009013 0.00038742722 0)
(1.0009021 0.00038696697 0)
(1.0009029 0.00038650649 0)
(1.0009038 0.00038604576 0)
(1.0009046 0.00038558478 0)
(1.0009055 0.00038512356 0)
(1.0009063 0.00038466207 0)
(1.0009071 0.00038420032 0)
(1.000908 0.0003837383 0)
(1.0009088 0.00038327601 0)
(1.0009096 0.00038281343 0)
(1.0009104 0.00038235057 0)
(1.0009113 0.00038188742 0)
(1.0009121 0.00038142398 0)
(1.0009129 0.00038096023 0)
(1.0009138 0.00038049617 0)
(1.0009146 0.00038003179 0)
(1.0009154 0.0003795671 0)
(1.0009163 0.00037910208 0)
(1.0009171 0.00037863672 0)
(1.0009179 0.00037817103 0)
(1.0009187 0.00037770499 0)
(1.0009196 0.0003772386 0)
(1.0009204 0.00037677185 0)
(1.0009212 0.00037630474 0)
(1.000922 0.00037583725 0)
(1.0009229 0.00037536939 0)
(1.0009237 0.00037490115 0)
(1.0009245 0.00037443251 0)
(1.0009253 0.00037396348 0)
(1.0009262 0.00037349405 0)
(1.000927 0.0003730242 0)
(1.0009278 0.00037255394 0)
(1.0009286 0.00037208325 0)
(1.0009295 0.00037161214 0)
(1.0009303 0.00037114058 0)
(1.0009311 0.00037066858 0)
(1.0009319 0.00037019613 0)
(1.0009328 0.00036972322 0)
(1.0009336 0.00036924984 0)
(1.0009344 0.00036877599 0)
(1.0009352 0.00036830165 0)
(1.0009361 0.00036782683 0)
(1.0009369 0.00036735151 0)
(1.0009377 0.00036687569 0)
(1.0009385 0.00036639936 0)
(1.0009394 0.00036592251 0)
(1.0009402 0.00036544514 0)
(1.000941 0.00036496723 0)
(1.0009418 0.00036448878 0)
(1.0009427 0.00036400978 0)
(1.0009435 0.00036353022 0)
(1.0009443 0.0003630501 0)
(1.0009451 0.00036256941 0)
(1.000946 0.00036208813 0)
(1.0009468 0.00036160627 0)
(1.0009476 0.00036112381 0)
(1.0009485 0.00036064074 0)
(1.0009493 0.00036015706 0)
(1.0009501 0.00035967275 0)
(1.0009509 0.00035918782 0)
(1.0009518 0.00035870224 0)
(1.0009526 0.00035821602 0)
(1.0009534 0.00035772914 0)
(1.0009543 0.00035724159 0)
(1.0009551 0.00035675337 0)
(1.0009559 0.00035626447 0)
(1.0009568 0.00035577488 0)
(1.0009576 0.00035528458 0)
(1.0009584 0.00035479358 0)
(1.0009593 0.00035430185 0)
(1.0009601 0.0003538094 0)
(1.0009609 0.00035331621 0)
(1.0009618 0.00035282227 0)
(1.0009626 0.00035232757 0)
(1.0009634 0.00035183211 0)
(1.0009643 0.00035133587 0)
(1.0009651 0.00035083885 0)
(1.000966 0.00035034103 0)
(1.0009668 0.00034984241 0)
(1.0009677 0.00034934297 0)
(1.0009685 0.0003488427 0)
(1.0009693 0.0003483416 0)
(1.0009702 0.00034783965 0)
(1.000971 0.00034733684 0)
(1.0009719 0.00034683317 0)
(1.0009727 0.00034632862 0)
(1.0009736 0.00034582318 0)
(1.0009744 0.00034531685 0)
(1.0009753 0.0003448096 0)
(1.0009761 0.00034430144 0)
(1.0008327 0.00040581059 0)
(1.0008336 0.000405371 0)
(1.0008345 0.00040493128 0)
(1.0008354 0.0004044914 0)
(1.0008363 0.00040405135 0)
(1.0008372 0.00040361112 0)
(1.0008381 0.00040317072 0)
(1.000839 0.00040273014 0)
(1.0008399 0.00040228938 0)
(1.0008408 0.00040184845 0)
(1.0008416 0.00040140734 0)
(1.0008425 0.00040096605 0)
(1.0008434 0.00040052458 0)
(1.0008443 0.00040008293 0)
(1.0008452 0.0003996411 0)
(1.000846 0.00039919908 0)
(1.0008469 0.00039875688 0)
(1.0008478 0.00039831449 0)
(1.0008487 0.00039787191 0)
(1.0008495 0.00039742914 0)
(1.0008504 0.00039698618 0)
(1.0008513 0.00039654302 0)
(1.0008521 0.00039609966 0)
(1.000853 0.00039565611 0)
(1.0008539 0.00039521235 0)
(1.0008547 0.00039476838 0)
(1.0008556 0.00039432421 0)
(1.0008565 0.00039387983 0)
(1.0008573 0.00039343523 0)
(1.0008582 0.00039299042 0)
(1.000859 0.00039254539 0)
(1.0008599 0.00039210014 0)
(1.0008607 0.00039165466 0)
(1.0008616 0.00039120895 0)
(1.0008625 0.00039076301 0)
(1.0008633 0.00039031683 0)
(1.0008642 0.00038987041 0)
(1.000865 0.00038942375 0)
(1.0008659 0.00038897685 0)
(1.0008667 0.00038852969 0)
(1.0008676 0.00038808228 0)
(1.0008684 0.00038763461 0)
(1.0008693 0.00038718668 0)
(1.0008701 0.00038673848 0)
(1.0008709 0.00038629 0)
(1.0008718 0.00038584126 0)
(1.0008726 0.00038539223 0)
(1.0008735 0.00038494292 0)
(1.0008743 0.00038449332 0)
(1.0008752 0.00038404343 0)
(1.000876 0.00038359324 0)
(1.0008768 0.00038314275 0)
(1.0008777 0.00038269195 0)
(1.0008785 0.00038224083 0)
(1.0008794 0.0003817894 0)
(1.0008802 0.00038133765 0)
(1.000881 0.00038088557 0)
(1.0008819 0.00038043316 0)
(1.0008827 0.00037998041 0)
(1.0008835 0.00037952732 0)
(1.0008844 0.00037907388 0)
(1.0008852 0.00037862008 0)
(1.000886 0.00037816593 0)
(1.0008869 0.00037771141 0)
(1.0008877 0.00037725652 0)
(1.0008885 0.00037680126 0)
(1.0008894 0.00037634561 0)
(1.0008902 0.00037588958 0)
(1.000891 0.00037543316 0)
(1.0008919 0.00037497633 0)
(1.0008927 0.0003745191 0)
(1.0008935 0.00037406146 0)
(1.0008944 0.0003736034 0)
(1.0008952 0.00037314492 0)
(1.000896 0.00037268601 0)
(1.0008968 0.00037222667 0)
(1.0008977 0.00037176688 0)
(1.0008985 0.00037130665 0)
(1.0008993 0.00037084596 0)
(1.0009002 0.00037038481 0)
(1.000901 0.00036992319 0)
(1.0009018 0.0003694611 0)
(1.0009026 0.00036899853 0)
(1.0009035 0.00036853547 0)
(1.0009043 0.00036807191 0)
(1.0009051 0.00036760786 0)
(1.000906 0.00036714329 0)
(1.0009068 0.00036667822 0)
(1.0009076 0.00036621262 0)
(1.0009084 0.00036574649 0)
(1.0009093 0.00036527983 0)
(1.0009101 0.00036481262 0)
(1.0009109 0.00036434486 0)
(1.0009118 0.00036387655 0)
(1.0009126 0.00036340767 0)
(1.0009134 0.00036293822 0)
(1.0009142 0.00036246819 0)
(1.0009151 0.00036199757 0)
(1.0009159 0.00036152636 0)
(1.0009167 0.00036105454 0)
(1.0009176 0.00036058212 0)
(1.0009184 0.00036010907 0)
(1.0009192 0.0003596354 0)
(1.0009201 0.0003591611 0)
(1.0009209 0.00035868615 0)
(1.0009217 0.00035821056 0)
(1.0009226 0.0003577343 0)
(1.0009234 0.00035725738 0)
(1.0009242 0.00035677979 0)
(1.0009251 0.00035630151 0)
(1.0009259 0.00035582254 0)
(1.0009267 0.00035534287 0)
(1.0009276 0.0003548625 0)
(1.0009284 0.0003543814 0)
(1.0009292 0.00035389958 0)
(1.0009301 0.00035341703 0)
(1.0009309 0.00035293373 0)
(1.0009317 0.00035244968 0)
(1.0009326 0.00035196487 0)
(1.0009334 0.00035147929 0)
(1.0009343 0.00035099293 0)
(1.0009351 0.00035050578 0)
(1.000936 0.00035001784 0)
(1.0009368 0.00034952908 0)
(1.0009376 0.00034903951 0)
(1.0009385 0.00034854911 0)
(1.0009393 0.00034805788 0)
(1.0009402 0.0003475658 0)
(1.000941 0.00034707286 0)
(1.0009419 0.00034657906 0)
(1.0009427 0.00034608438 0)
(1.0009436 0.00034558881 0)
(1.0009444 0.00034509235 0)
(1.0009453 0.00034459498 0)
(1.0009461 0.0003440967 0)
(1.000947 0.00034359748 0)
(1.0009478 0.00034309733 0)
(1.0009487 0.00034259623 0)
(1.0008054 0.00040264509 0)
(1.0008063 0.00040221978 0)
(1.0008072 0.00040179424 0)
(1.0008081 0.00040136847 0)
(1.000809 0.00040094244 0)
(1.0008099 0.00040051616 0)
(1.0008108 0.00040008962 0)
(1.0008117 0.00039966283 0)
(1.0008126 0.00039923578 0)
(1.0008135 0.00039880848 0)
(1.0008144 0.00039838093 0)
(1.0008153 0.00039795312 0)
(1.0008162 0.00039752506 0)
(1.000817 0.00039709674 0)
(1.0008179 0.00039666816 0)
(1.0008188 0.00039623932 0)
(1.0008197 0.00039581022 0)
(1.0008206 0.00039538087 0)
(1.0008214 0.00039495125 0)
(1.0008223 0.00039452137 0)
(1.0008232 0.00039409123 0)
(1.0008241 0.00039366081 0)
(1.0008249 0.00039323014 0)
(1.0008258 0.00039279919 0)
(1.0008267 0.00039236797 0)
(1.0008275 0.00039193647 0)
(1.0008284 0.0003915047 0)
(1.0008293 0.00039107266 0)
(1.0008301 0.00039064033 0)
(1.000831 0.00039020772 0)
(1.0008319 0.00038977482 0)
(1.0008327 0.00038934164 0)
(1.0008336 0.00038890817 0)
(1.0008344 0.0003884744 0)
(1.0008353 0.00038804034 0)
(1.0008362 0.00038760598 0)
(1.000837 0.00038717132 0)
(1.0008379 0.00038673635 0)
(1.0008387 0.00038630107 0)
(1.0008396 0.00038586548 0)
(1.0008404 0.00038542958 0)
(1.0008413 0.00038499336 0)
(1.0008421 0.00038455682 0)
(1.000843 0.00038411995 0)
(1.0008438 0.00038368275 0)
(1.0008447 0.00038324522 0)
(1.0008455 0.00038280735 0)
(1.0008464 0.00038236914 0)
(1.0008472 0.00038193058 0)
(1.0008481 0.00038149168 0)
(1.0008489 0.00038105242 0)
(1.0008498 0.00038061281 0)
(1.0008506 0.00038017283 0)
(1.0008514 0.00037973249 0)
(1.0008523 0.00037929178 0)
(1.0008531 0.00037885069 0)
(1.000854 0.00037840922 0)
(1.0008548 0.00037796736 0)
(1.0008556 0.00037752512 0)
(1.0008565 0.00037708249 0)
(1.0008573 0.00037663945 0)
(1.0008582 0.00037619601 0)
(1.000859 0.00037575216 0)
(1.0008598 0.0003753079 0)
(1.0008607 0.00037486322 0)
(1.0008615 0.00037441811 0)
(1.0008623 0.00037397258 0)
(1.0008632 0.0003735266 0)
(1.000864 0.00037308019 0)
(1.0008648 0.00037263334 0)
(1.0008657 0.00037218603 0)
(1.0008665 0.00037173826 0)
(1.0008673 0.00037129003 0)
(1.0008682 0.00037084134 0)
(1.000869 0.00037039217 0)
(1.0008698 0.00036994251 0)
(1.0008707 0.00036949238 0)
(1.0008715 0.00036904175 0)
(1.0008723 0.00036859062 0)
(1.0008732 0.00036813899 0)
(1.000874 0.00036768685 0)
(1.0008748 0.00036723419 0)
(1.0008757 0.00036678101 0)
(1.0008765 0.0003663273 0)
(1.0008773 0.00036587306 0)
(1.0008782 0.00036541827 0)
(1.000879 0.00036496293 0)
(1.0008798 0.00036450704 0)
(1.0008807 0.00036405059 0)
(1.0008815 0.00036359357 0)
(1.0008823 0.00036313598 0)
(1.0008832 0.0003626778 0)
(1.000884 0.00036221903 0)
(1.0008848 0.00036175967 0)
(1.0008857 0.0003612997 0)
(1.0008865 0.00036083913 0)
(1.0008873 0.00036037793 0)
(1.0008882 0.00035991611 0)
(1.000889 0.00035945366 0)
(1.0008898 0.00035899057 0)
(1.0008907 0.00035852684 0)
(1.0008915 0.00035806245 0)
(1.0008923 0.0003575974 0)
(1.0008932 0.00035713168 0)
(1.000894 0.00035666528 0)
(1.0008948 0.0003561982 0)
(1.0008957 0.00035573042 0)
(1.0008965 0.00035526194 0)
(1.0008974 0.00035479276 0)
(1.0008982 0.00035432286 0)
(1.000899 0.00035385223 0)
(1.0008999 0.00035338087 0)
(1.0009007 0.00035290877 0)
(1.0009016 0.00035243592 0)
(1.0009024 0.00035196231 0)
(1.0009032 0.00035148793 0)
(1.0009041 0.00035101278 0)
(1.0009049 0.00035053685 0)
(1.0009058 0.00035006012 0)
(1.0009066 0.00034958259 0)
(1.0009075 0.00034910425 0)
(1.0009083 0.00034862509 0)
(1.0009091 0.0003481451 0)
(1.00091 0.00034766427 0)
(1.0009108 0.00034718259 0)
(1.0009117 0.00034670006 0)
(1.0009125 0.00034621667 0)
(1.0009134 0.00034573239 0)
(1.0009142 0.00034524724 0)
(1.0009151 0.00034476118 0)
(1.0009159 0.00034427422 0)
(1.0009168 0.00034378635 0)
(1.0009176 0.00034329755 0)
(1.0009185 0.00034280782 0)
(1.0009194 0.00034231714 0)
(1.0009202 0.00034182551 0)
(1.0009211 0.00034133291 0)
(1.0009219 0.00034083934 0)
(1.0007788 0.00039937016 0)
(1.0007797 0.00039895952 0)
(1.0007807 0.00039854857 0)
(1.0007816 0.00039813731 0)
(1.0007825 0.00039772572 0)
(1.0007834 0.00039731379 0)
(1.0007843 0.00039690152 0)
(1.0007851 0.00039648892 0)
(1.000786 0.00039607599 0)
(1.0007869 0.00039566272 0)
(1.0007878 0.00039524913 0)
(1.0007887 0.0003948352 0)
(1.0007896 0.00039442094 0)
(1.0007905 0.00039400635 0)
(1.0007914 0.00039359142 0)
(1.0007923 0.00039317617 0)
(1.0007931 0.00039276058 0)
(1.000794 0.00039234465 0)
(1.0007949 0.00039192839 0)
(1.0007958 0.00039151179 0)
(1.0007967 0.00039109486 0)
(1.0007975 0.00039067759 0)
(1.0007984 0.00039025998 0)
(1.0007993 0.00038984203 0)
(1.0008002 0.00038942374 0)
(1.000801 0.00038900511 0)
(1.0008019 0.00038858613 0)
(1.0008028 0.0003881668 0)
(1.0008036 0.00038774713 0)
(1.0008045 0.00038732711 0)
(1.0008054 0.00038690673 0)
(1.0008062 0.000386486 0)
(1.0008071 0.00038606491 0)
(1.000808 0.00038564347 0)
(1.0008088 0.00038522166 0)
(1.0008097 0.00038479949 0)
(1.0008105 0.00038437696 0)
(1.0008114 0.00038395405 0)
(1.0008123 0.00038353078 0)
(1.0008131 0.00038310713 0)
(1.000814 0.0003826831 0)
(1.0008148 0.00038225869 0)
(1.0008157 0.0003818339 0)
(1.0008165 0.00038140873 0)
(1.0008174 0.00038098316 0)
(1.0008182 0.0003805572 0)
(1.0008191 0.00038013085 0)
(1.0008199 0.00037970409 0)
(1.0008208 0.00037927694 0)
(1.0008216 0.00037884937 0)
(1.0008225 0.00037842139 0)
(1.0008233 0.00037799301 0)
(1.0008242 0.0003775642 0)
(1.000825 0.00037713497 0)
(1.0008259 0.00037670531 0)
(1.0008267 0.00037627522 0)
(1.0008276 0.0003758447 0)
(1.0008284 0.00037541374 0)
(1.0008292 0.00037498234 0)
(1.0008301 0.00037455049 0)
(1.0008309 0.00037411818 0)
(1.0008318 0.00037368542 0)
(1.0008326 0.0003732522 0)
(1.0008335 0.00037281852 0)
(1.0008343 0.00037238436 0)
(1.0008351 0.00037194973 0)
(1.000836 0.00037151462 0)
(1.0008368 0.00037107902 0)
(1.0008377 0.00037064293 0)
(1.0008385 0.00037020635 0)
(1.0008393 0.00036976927 0)
(1.0008402 0.00036933168 0)
(1.000841 0.00036889358 0)
(1.0008418 0.00036845496 0)
(1.0008427 0.00036801582 0)
(1.0008435 0.00036757616 0)
(1.0008444 0.00036713596 0)
(1.0008452 0.00036669523 0)
(1.000846 0.00036625395 0)
(1.0008469 0.00036581212 0)
(1.0008477 0.00036536973 0)
(1.0008485 0.00036492679 0)
(1.0008494 0.00036448327 0)
(1.0008502 0.00036403919 0)
(1.000851 0.00036359452 0)
(1.0008519 0.00036314927 0)
(1.0008527 0.00036270343 0)
(1.0008536 0.00036225698 0)
(1.0008544 0.00036180994 0)
(1.0008552 0.00036136228 0)
(1.0008561 0.00036091401 0)
(1.0008569 0.00036046511 0)
(1.0008577 0.00036001558 0)
(1.0008586 0.00035956542 0)
(1.0008594 0.00035911461 0)
(1.0008602 0.00035866315 0)
(1.0008611 0.00035821103 0)
(1.0008619 0.00035775825 0)
(1.0008628 0.0003573048 0)
(1.0008636 0.00035685066 0)
(1.0008644 0.00035639585 0)
(1.0008653 0.00035594034 0)
(1.0008661 0.00035548413 0)
(1.000867 0.00035502721 0)
(1.0008678 0.00035456958 0)
(1.0008686 0.00035411122 0)
(1.0008695 0.00035365213 0)
(1.0008703 0.00035319231 0)
(1.0008712 0.00035273174 0)
(1.000872 0.00035227042 0)
(1.0008728 0.00035180834 0)
(1.0008737 0.00035134548 0)
(1.0008745 0.00035088185 0)
(1.0008754 0.00035041744 0)
(1.0008762 0.00034995223 0)
(1.0008771 0.00034948622 0)
(1.0008779 0.0003490194 0)
(1.0008787 0.00034855176 0)
(1.0008796 0.00034808329 0)
(1.0008804 0.00034761399 0)
(1.0008813 0.00034714384 0)
(1.0008821 0.00034667284 0)
(1.000883 0.00034620097 0)
(1.0008838 0.00034572824 0)
(1.0008847 0.00034525463 0)
(1.0008855 0.00034478012 0)
(1.0008864 0.00034430472 0)
(1.0008873 0.00034382841 0)
(1.0008881 0.00034335118 0)
(1.000889 0.00034287303 0)
(1.0008898 0.00034239394 0)
(1.0008907 0.0003419139 0)
(1.0008915 0.00034143291 0)
(1.0008924 0.00034095096 0)
(1.0008933 0.00034046802 0)
(1.0008941 0.0003399841 0)
(1.000895 0.00033949919 0)
(1.0008958 0.00033901327 0)
(1.0007529 0.00039598257 0)
(1.0007538 0.00039558699 0)
(1.0007547 0.00039519102 0)
(1.0007556 0.00039479465 0)
(1.0007565 0.00039439787 0)
(1.0007574 0.00039400067 0)
(1.0007583 0.00039360305 0)
(1.0007592 0.00039320503 0)
(1.0007601 0.00039280659 0)
(1.000761 0.00039240775 0)
(1.0007619 0.00039200849 0)
(1.0007628 0.00039160883 0)
(1.0007637 0.00039120875 0)
(1.0007646 0.00039080827 0)
(1.0007655 0.00039040739 0)
(1.0007664 0.00039000609 0)
(1.0007672 0.00038960439 0)
(1.0007681 0.00038920228 0)
(1.000769 0.00038879976 0)
(1.0007699 0.00038839683 0)
(1.0007708 0.00038799349 0)
(1.0007717 0.00038758974 0)
(1.0007725 0.00038718559 0)
(1.0007734 0.00038678102 0)
(1.0007743 0.00038637604 0)
(1.0007752 0.00038597065 0)
(1.000776 0.00038556484 0)
(1.0007769 0.00038515862 0)
(1.0007778 0.00038475198 0)
(1.0007786 0.00038434493 0)
(1.0007795 0.00038393745 0)
(1.0007804 0.00038352956 0)
(1.0007813 0.00038312124 0)
(1.0007821 0.0003827125 0)
(1.000783 0.00038230333 0)
(1.0007838 0.00038189373 0)
(1.0007847 0.00038148371 0)
(1.0007856 0.00038107325 0)
(1.0007864 0.00038066235 0)
(1.0007873 0.00038025102 0)
(1.0007882 0.00037983925 0)
(1.000789 0.00037942704 0)
(1.0007899 0.00037901439 0)
(1.0007907 0.00037860129 0)
(1.0007916 0.00037818773 0)
(1.0007924 0.00037777373 0)
(1.0007933 0.00037735927 0)
(1.0007941 0.00037694435 0)
(1.000795 0.00037652897 0)
(1.0007958 0.00037611313 0)
(1.0007967 0.00037569681 0)
(1.0007976 0.00037528003 0)
(1.0007984 0.00037486277 0)
(1.0007993 0.00037444503 0)
(1.0008001 0.00037402681 0)
(1.0008009 0.00037360811 0)
(1.0008018 0.00037318891 0)
(1.0008026 0.00037276923 0)
(1.0008035 0.00037234904 0)
(1.0008043 0.00037192836 0)
(1.0008052 0.00037150717 0)
(1.000806 0.00037108547 0)
(1.0008069 0.00037066325 0)
(1.0008077 0.00037024053 0)
(1.0008086 0.00036981727 0)
(1.0008094 0.0003693935 0)
(1.0008102 0.00036896919 0)
(1.0008111 0.00036854434 0)
(1.0008119 0.00036811896 0)
(1.0008128 0.00036769303 0)
(1.0008136 0.00036726656 0)
(1.0008145 0.00036683953 0)
(1.0008153 0.00036641194 0)
(1.0008161 0.00036598378 0)
(1.000817 0.00036555506 0)
(1.0008178 0.00036512576 0)
(1.0008187 0.00036469588 0)
(1.0008195 0.00036426542 0)
(1.0008203 0.00036383437 0)
(1.0008212 0.00036340273 0)
(1.000822 0.00036297048 0)
(1.0008229 0.00036253763 0)
(1.0008237 0.00036210416 0)
(1.0008245 0.00036167008 0)
(1.0008254 0.00036123537 0)
(1.0008262 0.00036080004 0)
(1.0008271 0.00036036407 0)
(1.0008279 0.00035992746 0)
(1.0008287 0.0003594902 0)
(1.0008296 0.0003590523 0)
(1.0008304 0.00035861373 0)
(1.0008313 0.00035817449 0)
(1.0008321 0.00035773459 0)
(1.0008329 0.00035729401 0)
(1.0008338 0.00035685274 0)
(1.0008346 0.00035641078 0)
(1.0008355 0.00035596812 0)
(1.0008363 0.00035552477 0)
(1.0008372 0.0003550807 0)
(1.000838 0.00035463591 0)
(1.0008388 0.0003541904 0)
(1.0008397 0.00035374415 0)
(1.0008405 0.00035329717 0)
(1.0008414 0.00035284944 0)
(1.0008422 0.00035240096 0)
(1.000843 0.00035195172 0)
(1.0008439 0.00035150172 0)
(1.0008447 0.00035105094 0)
(1.0008456 0.00035059937 0)
(1.0008464 0.00035014702 0)
(1.0008473 0.00034969387 0)
(1.0008481 0.00034923992 0)
(1.000849 0.00034878515 0)
(1.0008498 0.00034832956 0)
(1.0008507 0.00034787315 0)
(1.0008515 0.0003474159 0)
(1.0008524 0.0003469578 0)
(1.0008532 0.00034649885 0)
(1.0008541 0.00034603904 0)
(1.0008549 0.00034557836 0)
(1.0008558 0.0003451168 0)
(1.0008566 0.00034465436 0)
(1.0008575 0.00034419102 0)
(1.0008583 0.00034372678 0)
(1.0008592 0.00034326162 0)
(1.00086 0.00034279555 0)
(1.0008609 0.00034232854 0)
(1.0008618 0.00034186059 0)
(1.0008626 0.0003413917 0)
(1.0008635 0.00034092185 0)
(1.0008643 0.00034045103 0)
(1.0008652 0.00033997923 0)
(1.0008661 0.00033950645 0)
(1.0008669 0.00033903267 0)
(1.0008678 0.00033855788 0)
(1.0008686 0.00033808209 0)
(1.0008695 0.00033760526 0)
(1.0008704 0.0003371274 0)
(1.0007276 0.00039248047 0)
(1.0007285 0.00039210033 0)
(1.0007294 0.00039171972 0)
(1.0007303 0.00039133864 0)
(1.0007312 0.00039095706 0)
(1.0007321 0.00039057498 0)
(1.000733 0.00039019241 0)
(1.0007339 0.00038980935 0)
(1.0007348 0.0003894258 0)
(1.0007357 0.00038904176 0)
(1.0007366 0.00038865724 0)
(1.0007375 0.00038827223 0)
(1.0007384 0.00038788673 0)
(1.0007393 0.00038750076 0)
(1.0007402 0.0003871143 0)
(1.0007411 0.00038672735 0)
(1.000742 0.00038633993 0)
(1.0007429 0.00038595202 0)
(1.0007438 0.00038556363 0)
(1.0007446 0.00038517476 0)
(1.0007455 0.0003847854 0)
(1.0007464 0.00038439557 0)
(1.0007473 0.00038400525 0)
(1.0007482 0.00038361446 0)
(1.000749 0.00038322318 0)
(1.0007499 0.00038283141 0)
(1.0007508 0.00038243917 0)
(1.0007517 0.00038204643 0)
(1.0007525 0.00038165322 0)
(1.0007534 0.00038125952 0)
(1.0007543 0.00038086533 0)
(1.0007552 0.00038047065 0)
(1.000756 0.00038007548 0)
(1.0007569 0.00037967983 0)
(1.0007578 0.00037928368 0)
(1.0007586 0.00037888703 0)
(1.0007595 0.0003784899 0)
(1.0007604 0.00037809226 0)
(1.0007612 0.00037769413 0)
(1.0007621 0.00037729549 0)
(1.000763 0.00037689636 0)
(1.0007638 0.00037649672 0)
(1.0007647 0.00037609657 0)
(1.0007655 0.00037569592 0)
(1.0007664 0.00037529475 0)
(1.0007673 0.00037489307 0)
(1.0007681 0.00037449087 0)
(1.000769 0.00037408816 0)
(1.0007698 0.00037368492 0)
(1.0007707 0.00037328116 0)
(1.0007715 0.00037287688 0)
(1.0007724 0.00037247206 0)
(1.0007732 0.00037206671 0)
(1.0007741 0.00037166083 0)
(1.000775 0.00037125441 0)
(1.0007758 0.00037084744 0)
(1.0007767 0.00037043993 0)
(1.0007775 0.00037003187 0)
(1.0007784 0.00036962326 0)
(1.0007792 0.00036921409 0)
(1.0007801 0.00036880437 0)
(1.0007809 0.00036839408 0)
(1.0007818 0.00036798322 0)
(1.0007826 0.00036757179 0)
(1.0007834 0.00036715979 0)
(1.0007843 0.00036674721 0)
(1.0007851 0.00036633405 0)
(1.000786 0.0003659203 0)
(1.0007868 0.00036550596 0)
(1.0007877 0.00036509102 0)
(1.0007885 0.00036467548 0)
(1.0007894 0.00036425934 0)
(1.0007902 0.00036384259 0)
(1.0007911 0.00036342523 0)
(1.0007919 0.00036300725 0)
(1.0007927 0.00036258864 0)
(1.0007936 0.00036216941 0)
(1.0007944 0.00036174955 0)
(1.0007953 0.00036132905 0)
(1.0007961 0.0003609079 0)
(1.000797 0.00036048611 0)
(1.0007978 0.00036006366 0)
(1.0007987 0.00035964056 0)
(1.0007995 0.00035921679 0)
(1.0008003 0.00035879236 0)
(1.0008012 0.00035836725 0)
(1.000802 0.00035794146 0)
(1.0008029 0.00035751499 0)
(1.0008037 0.00035708782 0)
(1.0008046 0.00035665996 0)
(1.0008054 0.00035623139 0)
(1.0008062 0.00035580212 0)
(1.0008071 0.00035537213 0)
(1.0008079 0.00035494142 0)
(1.0008088 0.00035450999 0)
(1.0008096 0.00035407782 0)
(1.0008105 0.00035364491 0)
(1.0008113 0.00035321125 0)
(1.0008122 0.00035277685 0)
(1.000813 0.00035234168 0)
(1.0008138 0.00035190575 0)
(1.0008147 0.00035146905 0)
(1.0008155 0.00035103157 0)
(1.0008164 0.00035059331 0)
(1.0008172 0.00035015425 0)
(1.0008181 0.00034971439 0)
(1.0008189 0.00034927373 0)
(1.0008198 0.00034883226 0)
(1.0008206 0.00034838996 0)
(1.0008215 0.00034794684 0)
(1.0008223 0.00034750288 0)
(1.0008232 0.00034705808 0)
(1.000824 0.00034661242 0)
(1.0008249 0.00034616592 0)
(1.0008257 0.00034571854 0)
(1.0008266 0.00034527029 0)
(1.0008274 0.00034482116 0)
(1.0008283 0.00034437115 0)
(1.0008291 0.00034392023 0)
(1.00083 0.00034346841 0)
(1.0008309 0.00034301568 0)
(1.0008317 0.00034256202 0)
(1.0008326 0.00034210744 0)
(1.0008334 0.00034165192 0)
(1.0008343 0.00034119545 0)
(1.0008351 0.00034073802 0)
(1.000836 0.00034027963 0)
(1.0008369 0.00033982027 0)
(1.0008377 0.00033935992 0)
(1.0008386 0.00033889859 0)
(1.0008395 0.00033843625 0)
(1.0008403 0.0003379729 0)
(1.0008412 0.00033750854 0)
(1.0008421 0.00033704314 0)
(1.0008429 0.00033657671 0)
(1.0008438 0.00033610924 0)
(1.0008447 0.0003356407 0)
(1.0008455 0.0003351711 0)
(1.0007029 0.00038886121 0)
(1.0007038 0.00038849688 0)
(1.0007047 0.00038813201 0)
(1.0007056 0.00038776657 0)
(1.0007065 0.00038740056 0)
(1.0007075 0.00038703398 0)
(1.0007084 0.00038666682 0)
(1.0007093 0.00038629909 0)
(1.0007102 0.0003859308 0)
(1.0007111 0.00038556194 0)
(1.000712 0.00038519252 0)
(1.0007129 0.00038482253 0)
(1.0007138 0.00038445199 0)
(1.0007147 0.00038408088 0)
(1.0007155 0.00038370922 0)
(1.0007164 0.000383337 0)
(1.0007173 0.00038296422 0)
(1.0007182 0.00038259089 0)
(1.0007191 0.000382217 0)
(1.00072 0.00038184256 0)
(1.0007209 0.00038146757 0)
(1.0007218 0.00038109202 0)
(1.0007227 0.00038071592 0)
(1.0007235 0.00038033926 0)
(1.0007244 0.00037996205 0)
(1.0007253 0.00037958429 0)
(1.0007262 0.00037920598 0)
(1.0007271 0.00037882711 0)
(1.0007279 0.00037844769 0)
(1.0007288 0.00037806771 0)
(1.0007297 0.00037768718 0)
(1.0007306 0.0003773061 0)
(1.0007314 0.00037692446 0)
(1.0007323 0.00037654226 0)
(1.0007332 0.0003761595 0)
(1.000734 0.00037577618 0)
(1.0007349 0.00037539231 0)
(1.0007358 0.00037500787 0)
(1.0007366 0.00037462287 0)
(1.0007375 0.00037423731 0)
(1.0007384 0.00037385118 0)
(1.0007392 0.00037346448 0)
(1.0007401 0.00037307721 0)
(1.000741 0.00037268938 0)
(1.0007418 0.00037230097 0)
(1.0007427 0.00037191199 0)
(1.0007435 0.00037152243 0)
(1.0007444 0.00037113229 0)
(1.0007453 0.00037074157 0)
(1.0007461 0.00037035027 0)
(1.000747 0.00036995838 0)
(1.0007478 0.0003695659 0)
(1.0007487 0.00036917284 0)
(1.0007496 0.00036877918 0)
(1.0007504 0.00036838492 0)
(1.0007513 0.00036799007 0)
(1.0007521 0.00036759461 0)
(1.000753 0.00036719855 0)
(1.0007538 0.00036680189 0)
(1.0007547 0.00036640461 0)
(1.0007555 0.00036600671 0)
(1.0007564 0.0003656082 0)
(1.0007572 0.00036520907 0)
(1.0007581 0.00036480932 0)
(1.0007589 0.00036440894 0)
(1.0007598 0.00036400792 0)
(1.0007606 0.00036360627 0)
(1.0007615 0.00036320399 0)
(1.0007623 0.00036280106 0)
(1.0007632 0.00036239748 0)
(1.000764 0.00036199325 0)
(1.0007649 0.00036158837 0)
(1.0007657 0.00036118283 0)
(1.0007666 0.00036077662 0)
(1.0007674 0.00036036975 0)
(1.0007683 0.00035996221 0)
(1.0007691 0.00035955399 0)
(1.00077 0.00035914509 0)
(1.0007708 0.00035873551 0)
(1.0007717 0.00035832523 0)
(1.0007725 0.00035791426 0)
(1.0007734 0.00035750259 0)
(1.0007742 0.00035709022 0)
(1.000775 0.00035667714 0)
(1.0007759 0.00035626334 0)
(1.0007767 0.00035584882 0)
(1.0007776 0.00035543358 0)
(1.0007784 0.00035501761 0)
(1.0007793 0.0003546009 0)
(1.0007801 0.00035418345 0)
(1.000781 0.00035376526 0)
(1.0007818 0.00035334631 0)
(1.0007827 0.00035292661 0)
(1.0007835 0.00035250614 0)
(1.0007844 0.0003520849 0)
(1.0007852 0.00035166289 0)
(1.0007861 0.00035124009 0)
(1.0007869 0.00035081651 0)
(1.0007878 0.00035039214 0)
(1.0007886 0.00034996696 0)
(1.0007895 0.00034954099 0)
(1.0007903 0.00034911419 0)
(1.0007912 0.00034868658 0)
(1.000792 0.00034825815 0)
(1.0007929 0.00034782888 0)
(1.0007937 0.00034739878 0)
(1.0007946 0.00034696782 0)
(1.0007954 0.00034653602 0)
(1.0007963 0.00034610336 0)
(1.0007971 0.00034566983 0)
(1.000798 0.00034523543 0)
(1.0007988 0.00034480015 0)
(1.0007997 0.00034436399 0)
(1.0008005 0.00034392692 0)
(1.0008014 0.00034348896 0)
(1.0008022 0.00034305008 0)
(1.0008031 0.00034261029 0)
(1.000804 0.00034216958 0)
(1.0008048 0.00034172793 0)
(1.0008057 0.00034128534 0)
(1.0008065 0.0003408418 0)
(1.0008074 0.0003403973 0)
(1.0008083 0.00033995184 0)
(1.0008091 0.00033950541 0)
(1.00081 0.000339058 0)
(1.0008108 0.00033860959 0)
(1.0008117 0.00033816019 0)
(1.0008126 0.00033770978 0)
(1.0008134 0.00033725836 0)
(1.0008143 0.00033680591 0)
(1.0008152 0.00033635243 0)
(1.000816 0.00033589791 0)
(1.0008169 0.00033544233 0)
(1.0008178 0.0003349857 0)
(1.0008187 0.00033452799 0)
(1.0008195 0.00033406921 0)
(1.0008204 0.00033360934 0)
(1.0008213 0.00033314837 0)
(1.0006788 0.00038512293 0)
(1.0006797 0.00038477478 0)
(1.0006806 0.000384426 0)
(1.0006816 0.00038407658 0)
(1.0006825 0.00038372651 0)
(1.0006834 0.00038337578 0)
(1.0006843 0.0003830244 0)
(1.0006852 0.00038267238 0)
(1.0006861 0.00038231971 0)
(1.000687 0.0003819664 0)
(1.0006879 0.00038161245 0)
(1.0006888 0.00038125786 0)
(1.0006897 0.00038090264 0)
(1.0006906 0.00038054678 0)
(1.0006915 0.00038019029 0)
(1.0006924 0.00037983316 0)
(1.0006933 0.00037947541 0)
(1.0006942 0.00037911703 0)
(1.0006951 0.00037875802 0)
(1.0006959 0.00037839838 0)
(1.0006968 0.00037803811 0)
(1.0006977 0.00037767723 0)
(1.0006986 0.00037731571 0)
(1.0006995 0.00037695357 0)
(1.0007004 0.00037659081 0)
(1.0007013 0.00037622743 0)
(1.0007021 0.00037586342 0)
(1.000703 0.00037549879 0)
(1.0007039 0.00037513354 0)
(1.0007048 0.00037476767 0)
(1.0007057 0.00037440117 0)
(1.0007065 0.00037403405 0)
(1.0007074 0.00037366631 0)
(1.0007083 0.00037329794 0)
(1.0007092 0.00037292895 0)
(1.00071 0.00037255933 0)
(1.0007109 0.00037218909 0)
(1.0007118 0.00037181823 0)
(1.0007126 0.00037144673 0)
(1.0007135 0.00037107461 0)
(1.0007144 0.00037070186 0)
(1.0007152 0.00037032848 0)
(1.0007161 0.00036995447 0)
(1.000717 0.00036957982 0)
(1.0007178 0.00036920454 0)
(1.0007187 0.00036882862 0)
(1.0007196 0.00036845207 0)
(1.0007204 0.00036807488 0)
(1.0007213 0.00036769704 0)
(1.0007221 0.00036731857 0)
(1.000723 0.00036693944 0)
(1.0007239 0.00036655967 0)
(1.0007247 0.00036617926 0)
(1.0007256 0.00036579819 0)
(1.0007264 0.00036541646 0)
(1.0007273 0.00036503408 0)
(1.0007282 0.00036465104 0)
(1.000729 0.00036426734 0)
(1.0007299 0.00036388298 0)
(1.0007307 0.00036349795 0)
(1.0007316 0.00036311225 0)
(1.0007324 0.00036272588 0)
(1.0007333 0.00036233883 0)
(1.0007341 0.0003619511 0)
(1.000735 0.00036156269 0)
(1.0007359 0.0003611736 0)
(1.0007367 0.00036078382 0)
(1.0007376 0.00036039335 0)
(1.0007384 0.00036000218 0)
(1.0007393 0.00035961031 0)
(1.0007401 0.00035921774 0)
(1.000741 0.00035882447 0)
(1.0007418 0.00035843048 0)
(1.0007427 0.00035803578 0)
(1.0007435 0.00035764037 0)
(1.0007444 0.00035724423 0)
(1.0007452 0.00035684736 0)
(1.0007461 0.00035644977 0)
(1.0007469 0.00035605144 0)
(1.0007478 0.00035565237 0)
(1.0007486 0.00035525256 0)
(1.0007495 0.00035485201 0)
(1.0007503 0.0003544507 0)
(1.0007512 0.00035404863 0)
(1.000752 0.0003536458 0)
(1.0007529 0.00035324221 0)
(1.0007537 0.00035283784 0)
(1.0007546 0.0003524327 0)
(1.0007554 0.00035202677 0)
(1.0007563 0.00035162006 0)
(1.0007571 0.00035121256 0)
(1.000758 0.00035080426 0)
(1.0007588 0.00035039516 0)
(1.0007597 0.00034998526 0)
(1.0007605 0.00034957453 0)
(1.0007614 0.00034916299 0)
(1.0007622 0.00034875063 0)
(1.0007631 0.00034833743 0)
(1.0007639 0.0003479234 0)
(1.0007648 0.00034750853 0)
(1.0007656 0.00034709281 0)
(1.0007665 0.00034667623 0)
(1.0007673 0.0003462588 0)
(1.0007682 0.0003458405 0)
(1.0007691 0.00034542132 0)
(1.0007699 0.00034500127 0)
(1.0007708 0.00034458033 0)
(1.0007716 0.0003441585 0)
(1.0007725 0.00034373577 0)
(1.0007733 0.00034331213 0)
(1.0007742 0.00034288758 0)
(1.000775 0.00034246211 0)
(1.0007759 0.00034203572 0)
(1.0007768 0.00034160839 0)
(1.0007776 0.00034118012 0)
(1.0007785 0.00034075091 0)
(1.0007793 0.00034032073 0)
(1.0007802 0.0003398896 0)
(1.0007811 0.00033945749 0)
(1.0007819 0.00033902441 0)
(1.0007828 0.00033859034 0)
(1.0007836 0.00033815528 0)
(1.0007845 0.00033771922 0)
(1.0007854 0.00033728215 0)
(1.0007862 0.00033684406 0)
(1.0007871 0.00033640495 0)
(1.000788 0.0003359648 0)
(1.0007888 0.00033552361 0)
(1.0007897 0.00033508137 0)
(1.0007906 0.00033463807 0)
(1.0007915 0.0003341937 0)
(1.0007923 0.00033374826 0)
(1.0007932 0.00033330173 0)
(1.0007941 0.00033285411 0)
(1.000795 0.00033240538 0)
(1.0007958 0.00033195555 0)
(1.0007967 0.00033150459 0)
(1.0007976 0.0003310525 0)
(1.0006553 0.00038126348 0)
(1.0006562 0.00038093185 0)
(1.0006572 0.00038059952 0)
(1.0006581 0.00038026646 0)
(1.000659 0.00037993267 0)
(1.0006599 0.00037959814 0)
(1.0006608 0.00037926289 0)
(1.0006617 0.00037892692 0)
(1.0006626 0.00037859023 0)
(1.0006635 0.00037825281 0)
(1.0006644 0.00037791469 0)
(1.0006653 0.00037757585 0)
(1.0006662 0.00037723629 0)
(1.0006671 0.00037689603 0)
(1.000668 0.00037655506 0)
(1.0006689 0.00037621339 0)
(1.0006698 0.00037587101 0)
(1.0006707 0.00037552793 0)
(1.0006716 0.00037518415 0)
(1.0006725 0.00037483968 0)
(1.0006734 0.0003744945 0)
(1.0006743 0.00037414863 0)
(1.0006751 0.00037380206 0)
(1.000676 0.0003734548 0)
(1.0006769 0.00037310684 0)
(1.0006778 0.00037275819 0)
(1.0006787 0.00037240885 0)
(1.0006796 0.00037205882 0)
(1.0006804 0.0003717081 0)
(1.0006813 0.00037135668 0)
(1.0006822 0.00037100458 0)
(1.0006831 0.00037065179 0)
(1.000684 0.0003702983 0)
(1.0006848 0.00036994413 0)
(1.0006857 0.00036958927 0)
(1.0006866 0.00036923371 0)
(1.0006875 0.00036887747 0)
(1.0006883 0.00036852053 0)
(1.0006892 0.00036816291 0)
(1.0006901 0.00036780459 0)
(1.0006909 0.00036744558 0)
(1.0006918 0.00036708588 0)
(1.0006927 0.00036672548 0)
(1.0006935 0.00036636438 0)
(1.0006944 0.0003660026 0)
(1.0006953 0.00036564011 0)
(1.0006961 0.00036527692 0)
(1.000697 0.00036491304 0)
(1.0006979 0.00036454845 0)
(1.0006987 0.00036418316 0)
(1.0006996 0.00036381717 0)
(1.0007005 0.00036345047 0)
(1.0007013 0.00036308306 0)
(1.0007022 0.00036271494 0)
(1.0007031 0.00036234611 0)
(1.0007039 0.00036197657 0)
(1.0007048 0.00036160631 0)
(1.0007056 0.00036123533 0)
(1.0007065 0.00036086363 0)
(1.0007073 0.00036049121 0)
(1.0007082 0.00036011807 0)
(1.0007091 0.0003597442 0)
(1.0007099 0.00035936959 0)
(1.0007108 0.00035899426 0)
(1.0007116 0.00035861818 0)
(1.0007125 0.00035824137 0)
(1.0007133 0.00035786382 0)
(1.0007142 0.00035748552 0)
(1.0007151 0.00035710648 0)
(1.0007159 0.00035672668 0)
(1.0007168 0.00035634613 0)
(1.0007176 0.00035596482 0)
(1.0007185 0.00035558276 0)
(1.0007193 0.00035519992 0)
(1.0007202 0.00035481632 0)
(1.000721 0.00035443195 0)
(1.0007219 0.0003540468 0)
(1.0007227 0.00035366087 0)
(1.0007236 0.00035327416 0)
(1.0007244 0.00035288666 0)
(1.0007253 0.00035249836 0)
(1.0007262 0.00035210928 0)
(1.000727 0.00035171939 0)
(1.0007279 0.0003513287 0)
(1.0007287 0.0003509372 0)
(1.0007296 0.00035054489 0)
(1.0007304 0.00035015175 0)
(1.0007313 0.0003497578 0)
(1.0007321 0.00034936302 0)
(1.000733 0.00034896741 0)
(1.0007338 0.00034857096 0)
(1.0007347 0.00034817367 0)
(1.0007355 0.00034777553 0)
(1.0007364 0.00034737654 0)
(1.0007372 0.00034697669 0)
(1.0007381 0.00034657598 0)
(1.000739 0.0003461744 0)
(1.0007398 0.00034577195 0)
(1.0007407 0.00034536862 0)
(1.0007415 0.0003449644 0)
(1.0007424 0.0003445593 0)
(1.0007432 0.00034415329 0)
(1.0007441 0.00034374639 0)
(1.0007449 0.00034333858 0)
(1.0007458 0.00034292985 0)
(1.0007467 0.00034252021 0)
(1.0007475 0.00034210964 0)
(1.0007484 0.00034169813 0)
(1.0007492 0.00034128569 0)
(1.0007501 0.0003408723 0)
(1.000751 0.00034045796 0)
(1.0007518 0.00034004266 0)
(1.0007527 0.00033962639 0)
(1.0007535 0.00033920916 0)
(1.0007544 0.00033879094 0)
(1.0007553 0.00033837174 0)
(1.0007561 0.00033795154 0)
(1.000757 0.00033753035 0)
(1.0007579 0.00033710814 0)
(1.0007587 0.00033668492 0)
(1.0007596 0.00033626068 0)
(1.0007605 0.00033583541 0)
(1.0007613 0.0003354091 0)
(1.0007622 0.00033498175 0)
(1.0007631 0.00033455334 0)
(1.0007639 0.00033412387 0)
(1.0007648 0.00033369333 0)
(1.0007657 0.00033326172 0)
(1.0007665 0.00033282902 0)
(1.0007674 0.00033239523 0)
(1.0007683 0.00033196033 0)
(1.0007692 0.00033152432 0)
(1.00077 0.0003310872 0)
(1.0007709 0.00033064894 0)
(1.0007718 0.00033020955 0)
(1.0007727 0.00032976902 0)
(1.0007736 0.00032932732 0)
(1.0007744 0.00032888447 0)
(1.0006324 0.00037728121 0)
(1.0006333 0.00037696643 0)
(1.0006342 0.00037665087 0)
(1.0006351 0.0003763345 0)
(1.000636 0.00037601733 0)
(1.000637 0.00037569935 0)
(1.0006379 0.00037538056 0)
(1.0006388 0.00037506098 0)
(1.0006397 0.0003747406 0)
(1.0006406 0.00037441943 0)
(1.0006415 0.00037409746 0)
(1.0006424 0.00037377471 0)
(1.0006433 0.00037345118 0)
(1.0006442 0.00037312686 0)
(1.0006451 0.00037280176 0)
(1.000646 0.00037247588 0)
(1.0006469 0.00037214923 0)
(1.0006478 0.0003718218 0)
(1.0006487 0.0003714936 0)
(1.0006496 0.00037116463 0)
(1.0006505 0.00037083489 0)
(1.0006513 0.00037050439 0)
(1.0006522 0.00037017312 0)
(1.0006531 0.00036984108 0)
(1.000654 0.00036950828 0)
(1.0006549 0.00036917472 0)
(1.0006558 0.0003688404 0)
(1.0006567 0.00036850532 0)
(1.0006575 0.00036816948 0)
(1.0006584 0.00036783289 0)
(1.0006593 0.00036749553 0)
(1.0006602 0.00036715742 0)
(1.0006611 0.00036681856 0)
(1.0006619 0.00036647893 0)
(1.0006628 0.00036613856 0)
(1.0006637 0.00036579742 0)
(1.0006646 0.00036545553 0)
(1.0006654 0.00036511289 0)
(1.0006663 0.00036476949 0)
(1.0006672 0.00036442533 0)
(1.0006681 0.00036408042 0)
(1.0006689 0.00036373476 0)
(1.0006698 0.00036338833 0)
(1.0006707 0.00036304115 0)
(1.0006715 0.00036269321 0)
(1.0006724 0.00036234451 0)
(1.0006733 0.00036199505 0)
(1.0006741 0.00036164483 0)
(1.000675 0.00036129385 0)
(1.0006759 0.00036094211 0)
(1.0006767 0.0003605896 0)
(1.0006776 0.00036023633 0)
(1.0006785 0.00035988229 0)
(1.0006793 0.00035952748 0)
(1.0006802 0.0003591719 0)
(1.0006811 0.00035881556 0)
(1.0006819 0.00035845843 0)
(1.0006828 0.00035810054 0)
(1.0006836 0.00035774186 0)
(1.0006845 0.00035738241 0)
(1.0006854 0.00035702217 0)
(1.0006862 0.00035666116 0)
(1.0006871 0.00035629935 0)
(1.0006879 0.00035593676 0)
(1.0006888 0.00035557338 0)
(1.0006897 0.00035520921 0)
(1.0006905 0.00035484424 0)
(1.0006914 0.00035447847 0)
(1.0006922 0.0003541119 0)
(1.0006931 0.00035374452 0)
(1.000694 0.00035337634 0)
(1.0006948 0.00035300735 0)
(1.0006957 0.00035263755 0)
(1.0006965 0.00035226693 0)
(1.0006974 0.00035189549 0)
(1.0006982 0.00035152323 0)
(1.0006991 0.00035115015 0)
(1.0007 0.00035077623 0)
(1.0007008 0.00035040148 0)
(1.0007017 0.00035002589 0)
(1.0007025 0.00034964946 0)
(1.0007034 0.00034927219 0)
(1.0007042 0.00034889407 0)
(1.0007051 0.00034851509 0)
(1.0007059 0.00034813526 0)
(1.0007068 0.00034775457 0)
(1.0007077 0.00034737301 0)
(1.0007085 0.00034699059 0)
(1.0007094 0.00034660729 0)
(1.0007102 0.00034622311 0)
(1.0007111 0.00034583805 0)
(1.0007119 0.0003454521 0)
(1.0007128 0.00034506525 0)
(1.0007136 0.00034467751 0)
(1.0007145 0.00034428887 0)
(1.0007154 0.00034389932 0)
(1.0007162 0.00034350886 0)
(1.0007171 0.00034311748 0)
(1.0007179 0.00034272518 0)
(1.0007188 0.00034233195 0)
(1.0007197 0.00034193778 0)
(1.0007205 0.00034154268 0)
(1.0007214 0.00034114663 0)
(1.0007222 0.00034074963 0)
(1.0007231 0.00034035168 0)
(1.000724 0.00033995276 0)
(1.0007248 0.00033955288 0)
(1.0007257 0.00033915202 0)
(1.0007265 0.00033875018 0)
(1.0007274 0.00033834735 0)
(1.0007283 0.00033794353 0)
(1.0007291 0.00033753872 0)
(1.00073 0.00033713289 0)
(1.0007309 0.00033672606 0)
(1.0007317 0.0003363182 0)
(1.0007326 0.00033590932 0)
(1.0007335 0.00033549941 0)
(1.0007343 0.00033508846 0)
(1.0007352 0.00033467646 0)
(1.0007361 0.00033426341 0)
(1.0007369 0.0003338493 0)
(1.0007378 0.00033343412 0)
(1.0007387 0.00033301786 0)
(1.0007395 0.00033260053 0)
(1.0007404 0.0003321821 0)
(1.0007413 0.00033176257 0)
(1.0007422 0.00033134194 0)
(1.000743 0.00033092019 0)
(1.0007439 0.00033049732 0)
(1.0007448 0.00033007332 0)
(1.0007457 0.00032964819 0)
(1.0007465 0.00032922191 0)
(1.0007474 0.00032879447 0)
(1.0007483 0.00032836587 0)
(1.0007492 0.0003279361 0)
(1.0007501 0.00032750514 0)
(1.000751 0.000327073 0)
(1.0007518 0.00032663966 0)
(1.00061 0.00037317446 0)
(1.0006109 0.00037287684 0)
(1.0006119 0.00037257836 0)
(1.0006128 0.000372279 0)
(1.0006137 0.00037197876 0)
(1.0006146 0.00037167763 0)
(1.0006155 0.00037137563 0)
(1.0006164 0.00037107275 0)
(1.0006173 0.000370769 0)
(1.0006182 0.00037046439 0)
(1.0006191 0.00037015891 0)
(1.00062 0.00036985257 0)
(1.0006209 0.00036954537 0)
(1.0006218 0.00036923732 0)
(1.0006227 0.00036892842 0)
(1.0006236 0.00036861866 0)
(1.0006245 0.00036830806 0)
(1.0006254 0.00036799661 0)
(1.0006263 0.00036768432 0)
(1.0006272 0.00036737119 0)
(1.0006281 0.00036705722 0)
(1.000629 0.00036674241 0)
(1.0006299 0.00036642677 0)
(1.0006308 0.0003661103 0)
(1.0006316 0.00036579299 0)
(1.0006325 0.00036547486 0)
(1.0006334 0.00036515589 0)
(1.0006343 0.0003648361 0)
(1.0006352 0.00036451549 0)
(1.0006361 0.00036419405 0)
(1.000637 0.00036387178 0)
(1.0006378 0.00036354869 0)
(1.0006387 0.00036322478 0)
(1.0006396 0.00036290005 0)
(1.0006405 0.0003625745 0)
(1.0006413 0.00036224813 0)
(1.0006422 0.00036192094 0)
(1.0006431 0.00036159293 0)
(1.000644 0.0003612641 0)
(1.0006449 0.00036093445 0)
(1.0006457 0.00036060398 0)
(1.0006466 0.0003602727 0)
(1.0006475 0.00035994059 0)
(1.0006483 0.00035960767 0)
(1.0006492 0.00035927393 0)
(1.0006501 0.00035893936 0)
(1.000651 0.00035860398 0)
(1.0006518 0.00035826778 0)
(1.0006527 0.00035793075 0)
(1.0006536 0.0003575929 0)
(1.0006544 0.00035725423 0)
(1.0006553 0.00035691473 0)
(1.0006562 0.00035657441 0)
(1.000657 0.00035623326 0)
(1.0006579 0.00035589129 0)
(1.0006588 0.00035554848 0)
(1.0006596 0.00035520485 0)
(1.0006605 0.00035486038 0)
(1.0006613 0.00035451508 0)
(1.0006622 0.00035416895 0)
(1.0006631 0.00035382197 0)
(1.0006639 0.00035347416 0)
(1.0006648 0.00035312551 0)
(1.0006657 0.00035277602 0)
(1.0006665 0.00035242568 0)
(1.0006674 0.00035207449 0)
(1.0006682 0.00035172245 0)
(1.0006691 0.00035136957 0)
(1.00067 0.00035101582 0)
(1.0006708 0.00035066123 0)
(1.0006717 0.00035030577 0)
(1.0006725 0.00034994945 0)
(1.0006734 0.00034959226 0)
(1.0006743 0.00034923421 0)
(1.0006751 0.00034887529 0)
(1.000676 0.00034851549 0)
(1.0006768 0.00034815482 0)
(1.0006777 0.00034779327 0)
(1.0006785 0.00034743083 0)
(1.0006794 0.00034706751 0)
(1.0006803 0.00034670329 0)
(1.0006811 0.00034633819 0)
(1.000682 0.00034597218 0)
(1.0006828 0.00034560528 0)
(1.0006837 0.00034523747 0)
(1.0006846 0.00034486875 0)
(1.0006854 0.00034449912 0)
(1.0006863 0.00034412857 0)
(1.0006871 0.0003437571 0)
(1.000688 0.00034338471 0)
(1.0006888 0.00034301138 0)
(1.0006897 0.00034263712 0)
(1.0006906 0.00034226193 0)
(1.0006914 0.00034188579 0)
(1.0006923 0.00034150871 0)
(1.0006931 0.00034113067 0)
(1.000694 0.00034075167 0)
(1.0006949 0.00034037172 0)
(1.0006957 0.00033999079 0)
(1.0006966 0.0003396089 0)
(1.0006974 0.00033922602 0)
(1.0006983 0.00033884217 0)
(1.0006992 0.00033845733 0)
(1.0007 0.00033807149 0)
(1.0007009 0.00033768466 0)
(1.0007018 0.00033729682 0)
(1.0007026 0.00033690797 0)
(1.0007035 0.00033651811 0)
(1.0007044 0.00033612722 0)
(1.0007052 0.00033573531 0)
(1.0007061 0.00033534236 0)
(1.000707 0.00033494838 0)
(1.0007078 0.00033455334 0)
(1.0007087 0.00033415726 0)
(1.0007096 0.00033376012 0)
(1.0007104 0.00033336191 0)
(1.0007113 0.00033296263 0)
(1.0007122 0.00033256227 0)
(1.000713 0.00033216083 0)
(1.0007139 0.00033175829 0)
(1.0007148 0.00033135466 0)
(1.0007157 0.00033094992 0)
(1.0007165 0.00033054407 0)
(1.0007174 0.00033013709 0)
(1.0007183 0.00032972899 0)
(1.0007192 0.00032931975 0)
(1.00072 0.00032890937 0)
(1.0007209 0.00032849784 0)
(1.0007218 0.00032808516 0)
(1.0007227 0.0003276713 0)
(1.0007235 0.00032725627 0)
(1.0007244 0.00032684006 0)
(1.0007253 0.00032642266 0)
(1.0007262 0.00032600406 0)
(1.0007271 0.00032558426 0)
(1.000728 0.00032516324 0)
(1.0007289 0.00032474099 0)
(1.0007297 0.00032431752 0)
(1.0005882 0.00036894194 0)
(1.0005891 0.00036866177 0)
(1.00059 0.00036838066 0)
(1.0005909 0.0003680986 0)
(1.0005918 0.00036781558 0)
(1.0005928 0.0003675316 0)
(1.0005937 0.00036724667 0)
(1.0005946 0.0003669608 0)
(1.0005955 0.00036667399 0)
(1.0005964 0.00036638623 0)
(1.0005973 0.00036609754 0)
(1.0005982 0.00036580792 0)
(1.0005991 0.00036551737 0)
(1.0006 0.00036522589 0)
(1.0006009 0.00036493349 0)
(1.0006018 0.00036464017 0)
(1.0006027 0.00036434593 0)
(1.0006036 0.00036405077 0)
(1.0006045 0.00036375471 0)
(1.0006054 0.00036345773 0)
(1.0006063 0.00036315985 0)
(1.0006072 0.00036286106 0)
(1.000608 0.00036256137 0)
(1.0006089 0.00036226078 0)
(1.0006098 0.00036195929 0)
(1.0006107 0.0003616569 0)
(1.0006116 0.00036135362 0)
(1.0006125 0.00036104944 0)
(1.0006134 0.00036074437 0)
(1.0006142 0.00036043841 0)
(1.0006151 0.00036013156 0)
(1.000616 0.00035982383 0)
(1.0006169 0.00035951521 0)
(1.0006178 0.0003592057 0)
(1.0006187 0.0003588953 0)
(1.0006195 0.00035858403 0)
(1.0006204 0.00035827187 0)
(1.0006213 0.00035795882 0)
(1.0006222 0.0003576449 0)
(1.000623 0.0003573301 0)
(1.0006239 0.00035701441 0)
(1.0006248 0.00035669784 0)
(1.0006257 0.00035638039 0)
(1.0006265 0.00035606207 0)
(1.0006274 0.00035574286 0)
(1.0006283 0.00035542277 0)
(1.0006291 0.0003551018 0)
(1.00063 0.00035477995 0)
(1.0006309 0.00035445722 0)
(1.0006318 0.00035413361 0)
(1.0006326 0.00035380911 0)
(1.0006335 0.00035348373 0)
(1.0006344 0.00035315747 0)
(1.0006352 0.00035283033 0)
(1.0006361 0.00035250229 0)
(1.000637 0.00035217338 0)
(1.0006378 0.00035184357 0)
(1.0006387 0.00035151288 0)
(1.0006396 0.00035118129 0)
(1.0006404 0.00035084882 0)
(1.0006413 0.00035051545 0)
(1.0006421 0.00035018119 0)
(1.000643 0.00034984603 0)
(1.0006439 0.00034950998 0)
(1.0006447 0.00034917303 0)
(1.0006456 0.00034883517 0)
(1.0006465 0.00034849641 0)
(1.0006473 0.00034815675 0)
(1.0006482 0.00034781618 0)
(1.000649 0.0003474747 0)
(1.0006499 0.00034713231 0)
(1.0006508 0.000346789 0)
(1.0006516 0.00034644478 0)
(1.0006525 0.00034609963 0)
(1.0006534 0.00034575357 0)
(1.0006542 0.00034540658 0)
(1.0006551 0.00034505866 0)
(1.0006559 0.00034470982 0)
(1.0006568 0.00034436004 0)
(1.0006577 0.00034400932 0)
(1.0006585 0.00034365766 0)
(1.0006594 0.00034330506 0)
(1.0006602 0.00034295152 0)
(1.0006611 0.00034259702 0)
(1.000662 0.00034224157 0)
(1.0006628 0.00034188516 0)
(1.0006637 0.0003415278 0)
(1.0006645 0.00034116947 0)
(1.0006654 0.00034081017 0)
(1.0006663 0.0003404499 0)
(1.0006671 0.00034008865 0)
(1.000668 0.00033972642 0)
(1.0006688 0.00033936321 0)
(1.0006697 0.00033899901 0)
(1.0006706 0.00033863382 0)
(1.0006714 0.00033826763 0)
(1.0006723 0.00033790043 0)
(1.0006732 0.00033753223 0)
(1.000674 0.00033716302 0)
(1.0006749 0.0003367928 0)
(1.0006757 0.00033642155 0)
(1.0006766 0.00033604927 0)
(1.0006775 0.00033567597 0)
(1.0006783 0.00033530162 0)
(1.0006792 0.00033492624 0)
(1.0006801 0.00033454981 0)
(1.0006809 0.00033417232 0)
(1.0006818 0.00033379378 0)
(1.0006827 0.00033341418 0)
(1.0006835 0.0003330335 0)
(1.0006844 0.00033265175 0)
(1.0006853 0.00033226892 0)
(1.0006862 0.00033188501 0)
(1.000687 0.0003315 0)
(1.0006879 0.00033111389 0)
(1.0006888 0.00033072667 0)
(1.0006896 0.00033033835 0)
(1.0006905 0.0003299489 0)
(1.0006914 0.00032955833 0)
(1.0006923 0.00032916663 0)
(1.0006931 0.00032877379 0)
(1.000694 0.00032837981 0)
(1.0006949 0.00032798467 0)
(1.0006958 0.00032758838 0)
(1.0006966 0.00032719092 0)
(1.0006975 0.00032679228 0)
(1.0006984 0.00032639247 0)
(1.0006993 0.00032599146 0)
(1.0007002 0.00032558926 0)
(1.000701 0.00032518586 0)
(1.0007019 0.00032478125 0)
(1.0007028 0.00032437542 0)
(1.0007037 0.00032396836 0)
(1.0007046 0.00032356007 0)
(1.0007055 0.00032315053 0)
(1.0007064 0.00032273975 0)
(1.0007073 0.0003223277 0)
(1.0007081 0.00032191439 0)
(1.0005669 0.00036458254 0)
(1.0005678 0.00036432008 0)
(1.0005687 0.0003640566 0)
(1.0005696 0.00036379211 0)
(1.0005705 0.00036352658 0)
(1.0005715 0.00036326003 0)
(1.0005724 0.00036299245 0)
(1.0005733 0.00036272386 0)
(1.0005742 0.00036245425 0)
(1.0005751 0.00036218363 0)
(1.000576 0.00036191201 0)
(1.0005769 0.00036163938 0)
(1.0005778 0.00036136576 0)
(1.0005787 0.00036109114 0)
(1.0005796 0.00036081553 0)
(1.0005805 0.00036053893 0)
(1.0005814 0.00036026134 0)
(1.0005823 0.00035998277 0)
(1.0005832 0.00035970322 0)
(1.0005841 0.0003594227 0)
(1.000585 0.0003591412 0)
(1.0005858 0.00035885873 0)
(1.0005867 0.00035857528 0)
(1.0005876 0.00035829087 0)
(1.0005885 0.0003580055 0)
(1.0005894 0.00035771916 0)
(1.0005903 0.00035743187 0)
(1.0005912 0.00035714361 0)
(1.0005921 0.0003568544 0)
(1.0005929 0.00035656423 0)
(1.0005938 0.00035627311 0)
(1.0005947 0.00035598103 0)
(1.0005956 0.00035568801 0)
(1.0005965 0.00035539404 0)
(1.0005973 0.00035509912 0)
(1.0005982 0.00035480325 0)
(1.0005991 0.00035450644 0)
(1.0006 0.00035420868 0)
(1.0006009 0.00035390998 0)
(1.0006017 0.00035361033 0)
(1.0006026 0.00035330975 0)
(1.0006035 0.00035300822 0)
(1.0006044 0.00035270575 0)
(1.0006052 0.00035240234 0)
(1.0006061 0.00035209799 0)
(1.000607 0.0003517927 0)
(1.0006078 0.00035148647 0)
(1.0006087 0.0003511793 0)
(1.0006096 0.00035087119 0)
(1.0006105 0.00035056214 0)
(1.0006113 0.00035025215 0)
(1.0006122 0.00034994122 0)
(1.0006131 0.00034962935 0)
(1.0006139 0.00034931654 0)
(1.0006148 0.00034900278 0)
(1.0006157 0.00034868808 0)
(1.0006165 0.00034837244 0)
(1.0006174 0.00034805585 0)
(1.0006183 0.00034773832 0)
(1.0006191 0.00034741984 0)
(1.00062 0.00034710041 0)
(1.0006209 0.00034678003 0)
(1.0006217 0.0003464587 0)
(1.0006226 0.00034613643 0)
(1.0006235 0.00034581319 0)
(1.0006243 0.00034548901 0)
(1.0006252 0.00034516386 0)
(1.0006261 0.00034483776 0)
(1.0006269 0.0003445107 0)
(1.0006278 0.00034418268 0)
(1.0006286 0.00034385369 0)
(1.0006295 0.00034352373 0)
(1.0006304 0.00034319281 0)
(1.0006312 0.00034286092 0)
(1.0006321 0.00034252805 0)
(1.000633 0.00034219421 0)
(1.0006338 0.00034185939 0)
(1.0006347 0.00034152359 0)
(1.0006355 0.00034118681 0)
(1.0006364 0.00034084904 0)
(1.0006373 0.00034051028 0)
(1.0006381 0.00034017053 0)
(1.000639 0.00033982978 0)
(1.0006399 0.00033948804 0)
(1.0006407 0.00033914529 0)
(1.0006416 0.00033880154 0)
(1.0006424 0.00033845678 0)
(1.0006433 0.00033811101 0)
(1.0006442 0.00033776422 0)
(1.000645 0.00033741642 0)
(1.0006459 0.00033706759 0)
(1.0006468 0.00033671774 0)
(1.0006476 0.00033636685 0)
(1.0006485 0.00033601493 0)
(1.0006493 0.00033566197 0)
(1.0006502 0.00033530797 0)
(1.0006511 0.00033495292 0)
(1.0006519 0.00033459682 0)
(1.0006528 0.00033423967 0)
(1.0006537 0.00033388145 0)
(1.0006545 0.00033352217 0)
(1.0006554 0.00033316182 0)
(1.0006563 0.00033280039 0)
(1.0006571 0.00033243789 0)
(1.000658 0.0003320743 0)
(1.0006589 0.00033170962 0)
(1.0006597 0.00033134384 0)
(1.0006606 0.00033097697 0)
(1.0006615 0.00033060899 0)
(1.0006624 0.0003302399 0)
(1.0006632 0.00032986969 0)
(1.0006641 0.00032949836 0)
(1.000665 0.0003291259 0)
(1.0006658 0.00032875231 0)
(1.0006667 0.00032837758 0)
(1.0006676 0.0003280017 0)
(1.0006685 0.00032762467 0)
(1.0006693 0.00032724648 0)
(1.0006702 0.00032686713 0)
(1.0006711 0.00032648661 0)
(1.000672 0.00032610491 0)
(1.0006729 0.00032572202 0)
(1.0006737 0.00032533795 0)
(1.0006746 0.00032495268 0)
(1.0006755 0.0003245662 0)
(1.0006764 0.00032417851 0)
(1.0006773 0.0003237896 0)
(1.0006781 0.00032339947 0)
(1.000679 0.00032300811 0)
(1.0006799 0.0003226155 0)
(1.0006808 0.00032222165 0)
(1.0006817 0.00032182654 0)
(1.0006826 0.00032143017 0)
(1.0006835 0.00032103252 0)
(1.0006844 0.0003206336 0)
(1.0006853 0.00032023339 0)
(1.0006861 0.00031983189 0)
(1.000687 0.00031942908 0)
(1.0005461 0.00036009545 0)
(1.000547 0.00035985094 0)
(1.0005479 0.00035960533 0)
(1.0005489 0.00035935864 0)
(1.0005498 0.00035911085 0)
(1.0005507 0.00035886196 0)
(1.0005516 0.00035861198 0)
(1.0005525 0.00035836091 0)
(1.0005534 0.00035810876 0)
(1.0005543 0.00035785554 0)
(1.0005552 0.00035760124 0)
(1.0005561 0.00035734587 0)
(1.000557 0.00035708943 0)
(1.0005579 0.00035683193 0)
(1.0005588 0.00035657337 0)
(1.0005597 0.00035631376 0)
(1.0005606 0.00035605309 0)
(1.0005615 0.00035579138 0)
(1.0005624 0.00035552862 0)
(1.0005633 0.00035526481 0)
(1.0005642 0.00035499997 0)
(1.000565 0.00035473409 0)
(1.0005659 0.00035446717 0)
(1.0005668 0.00035419922 0)
(1.0005677 0.00035393025 0)
(1.0005686 0.00035366024 0)
(1.0005695 0.00035338922 0)
(1.0005704 0.00035311717 0)
(1.0005713 0.0003528441 0)
(1.0005721 0.00035257001 0)
(1.000573 0.0003522949 0)
(1.0005739 0.00035201878 0)
(1.0005748 0.00035174165 0)
(1.0005757 0.00035146351 0)
(1.0005765 0.00035118436 0)
(1.0005774 0.0003509042 0)
(1.0005783 0.00035062303 0)
(1.0005792 0.00035034086 0)
(1.0005801 0.00035005768 0)
(1.0005809 0.0003497735 0)
(1.0005818 0.00034948832 0)
(1.0005827 0.00034920214 0)
(1.0005836 0.00034891495 0)
(1.0005844 0.00034862677 0)
(1.0005853 0.00034833759 0)
(1.0005862 0.0003480474 0)
(1.000587 0.00034775622 0)
(1.0005879 0.00034746405 0)
(1.0005888 0.00034717087 0)
(1.0005897 0.0003468767 0)
(1.0005905 0.00034658152 0)
(1.0005914 0.00034628535 0)
(1.0005923 0.00034598819 0)
(1.0005931 0.00034569002 0)
(1.000594 0.00034539086 0)
(1.0005949 0.00034509069 0)
(1.0005957 0.00034478953 0)
(1.0005966 0.00034448737 0)
(1.0005975 0.00034418421 0)
(1.0005983 0.00034388004 0)
(1.0005992 0.00034357487 0)
(1.0006001 0.0003432687 0)
(1.0006009 0.00034296153 0)
(1.0006018 0.00034265335 0)
(1.0006027 0.00034234416 0)
(1.0006035 0.00034203397 0)
(1.0006044 0.00034172276 0)
(1.0006053 0.00034141055 0)
(1.0006061 0.00034109732 0)
(1.000607 0.00034078308 0)
(1.0006079 0.00034046782 0)
(1.0006087 0.00034015154 0)
(1.0006096 0.00033983425 0)
(1.0006105 0.00033951593 0)
(1.0006113 0.00033919659 0)
(1.0006122 0.00033887622 0)
(1.000613 0.00033855483 0)
(1.0006139 0.0003382324 0)
(1.0006148 0.00033790895 0)
(1.0006156 0.00033758445 0)
(1.0006165 0.00033725892 0)
(1.0006174 0.00033693235 0)
(1.0006182 0.00033660473 0)
(1.0006191 0.00033627606 0)
(1.00062 0.00033594635 0)
(1.0006208 0.00033561558 0)
(1.0006217 0.00033528376 0)
(1.0006225 0.00033495088 0)
(1.0006234 0.00033461694 0)
(1.0006243 0.00033428193 0)
(1.0006251 0.00033394585 0)
(1.000626 0.0003336087 0)
(1.0006269 0.00033327047 0)
(1.0006277 0.00033293116 0)
(1.0006286 0.00033259076 0)
(1.0006295 0.00033224928 0)
(1.0006303 0.00033190671 0)
(1.0006312 0.00033156304 0)
(1.0006321 0.00033121827 0)
(1.0006329 0.00033087239 0)
(1.0006338 0.00033052541 0)
(1.0006347 0.00033017731 0)
(1.0006355 0.00032982809 0)
(1.0006364 0.00032947775 0)
(1.0006373 0.00032912628 0)
(1.0006382 0.00032877368 0)
(1.000639 0.00032841994 0)
(1.0006399 0.00032806506 0)
(1.0006408 0.00032770903 0)
(1.0006416 0.00032735184 0)
(1.0006425 0.0003269935 0)
(1.0006434 0.00032663399 0)
(1.0006443 0.00032627332 0)
(1.0006451 0.00032591147 0)
(1.000646 0.00032554844 0)
(1.0006469 0.00032518422 0)
(1.0006478 0.00032481881 0)
(1.0006487 0.0003244522 0)
(1.0006495 0.00032408439 0)
(1.0006504 0.00032371537 0)
(1.0006513 0.00032334513 0)
(1.0006522 0.00032297366 0)
(1.0006531 0.00032260097 0)
(1.0006539 0.00032222704 0)
(1.0006548 0.00032185187 0)
(1.0006557 0.00032147544 0)
(1.0006566 0.00032109776 0)
(1.0006575 0.00032071882 0)
(1.0006584 0.00032033861 0)
(1.0006593 0.00031995711 0)
(1.0006601 0.00031957433 0)
(1.000661 0.00031919026 0)
(1.0006619 0.00031880489 0)
(1.0006628 0.00031841821 0)
(1.0006637 0.00031803022 0)
(1.0006646 0.0003176409 0)
(1.0006655 0.00031725025 0)
(1.0006664 0.00031685826 0)
(1.0005259 0.00035548021 0)
(1.0005268 0.00035525384 0)
(1.0005277 0.00035502632 0)
(1.0005286 0.00035479764 0)
(1.0005295 0.0003545678 0)
(1.0005304 0.00035433679 0)
(1.0005313 0.00035410462 0)
(1.0005322 0.0003538713 0)
(1.0005331 0.00035363683 0)
(1.000534 0.00035340122 0)
(1.0005349 0.00035316447 0)
(1.0005358 0.00035292659 0)
(1.0005367 0.00035268757 0)
(1.0005376 0.00035244742 0)
(1.0005385 0.00035220616 0)
(1.0005394 0.00035196377 0)
(1.0005403 0.00035172026 0)
(1.0005412 0.00035147564 0)
(1.0005421 0.00035122992 0)
(1.000543 0.00035098308 0)
(1.0005439 0.00035073515 0)
(1.0005447 0.00035048611 0)
(1.0005456 0.00035023597 0)
(1.0005465 0.00034998474 0)
(1.0005474 0.00034973242 0)
(1.0005483 0.00034947901 0)
(1.0005492 0.00034922452 0)
(1.0005501 0.00034896894 0)
(1.0005509 0.00034871228 0)
(1.0005518 0.00034845453 0)
(1.0005527 0.00034819572 0)
(1.0005536 0.00034793582 0)
(1.0005545 0.00034767486 0)
(1.0005554 0.00034741282 0)
(1.0005562 0.00034714971 0)
(1.0005571 0.00034688553 0)
(1.000558 0.00034662029 0)
(1.0005589 0.00034635399 0)
(1.0005597 0.00034608662 0)
(1.0005606 0.00034581819 0)
(1.0005615 0.00034554869 0)
(1.0005624 0.00034527814 0)
(1.0005632 0.00034500653 0)
(1.0005641 0.00034473386 0)
(1.000565 0.00034446014 0)
(1.0005659 0.00034418536 0)
(1.0005667 0.00034390952 0)
(1.0005676 0.00034363263 0)
(1.0005685 0.00034335468 0)
(1.0005693 0.00034307568 0)
(1.0005702 0.00034279563 0)
(1.0005711 0.00034251452 0)
(1.000572 0.00034223236 0)
(1.0005728 0.00034194914 0)
(1.0005737 0.00034166487 0)
(1.0005746 0.00034137955 0)
(1.0005754 0.00034109317 0)
(1.0005763 0.00034080574 0)
(1.0005772 0.00034051726 0)
(1.000578 0.00034022772 0)
(1.0005789 0.00033993712 0)
(1.0005798 0.00033964547 0)
(1.0005806 0.00033935276 0)
(1.0005815 0.00033905899 0)
(1.0005824 0.00033876416 0)
(1.0005832 0.00033846827 0)
(1.0005841 0.00033817132 0)
(1.000585 0.00033787331 0)
(1.0005858 0.00033757423 0)
(1.0005867 0.00033727409 0)
(1.0005876 0.00033697288 0)
(1.0005884 0.0003366706 0)
(1.0005893 0.00033636726 0)
(1.0005902 0.00033606284 0)
(1.000591 0.00033575734 0)
(1.0005919 0.00033545077 0)
(1.0005927 0.00033514313 0)
(1.0005936 0.0003348344 0)
(1.0005945 0.00033452459 0)
(1.0005953 0.0003342137 0)
(1.0005962 0.00033390171 0)
(1.0005971 0.00033358864 0)
(1.0005979 0.00033327448 0)
(1.0005988 0.00033295923 0)
(1.0005997 0.00033264287 0)
(1.0006005 0.00033232542 0)
(1.0006014 0.00033200686 0)
(1.0006023 0.0003316872 0)
(1.0006031 0.00033136643 0)
(1.000604 0.00033104454 0)
(1.0006049 0.00033072154 0)
(1.0006057 0.00033039742 0)
(1.0006066 0.00033007218 0)
(1.0006075 0.00032974581 0)
(1.0006083 0.00032941832 0)
(1.0006092 0.00032908969 0)
(1.0006101 0.00032875992 0)
(1.0006109 0.00032842901 0)
(1.0006118 0.00032809696 0)
(1.0006127 0.00032776375 0)
(1.0006135 0.0003274294 0)
(1.0006144 0.00032709389 0)
(1.0006153 0.00032675721 0)
(1.0006162 0.00032641937 0)
(1.000617 0.00032608036 0)
(1.0006179 0.00032574017 0)
(1.0006188 0.0003253988 0)
(1.0006196 0.00032505625 0)
(1.0006205 0.00032471251 0)
(1.0006214 0.00032436757 0)
(1.0006223 0.00032402143 0)
(1.0006231 0.00032367409 0)
(1.000624 0.00032332553 0)
(1.0006249 0.00032297576 0)
(1.0006258 0.00032262477 0)
(1.0006267 0.00032227255 0)
(1.0006275 0.0003219191 0)
(1.0006284 0.00032156441 0)
(1.0006293 0.00032120847 0)
(1.0006302 0.00032085129 0)
(1.0006311 0.00032049285 0)
(1.0006319 0.00032013314 0)
(1.0006328 0.00031977217 0)
(1.0006337 0.00031940992 0)
(1.0006346 0.00031904639 0)
(1.0006355 0.00031868157 0)
(1.0006364 0.00031831546 0)
(1.0006373 0.00031794804 0)
(1.0006382 0.00031757932 0)
(1.000639 0.00031720928 0)
(1.0006399 0.00031683792 0)
(1.0006408 0.00031646522 0)
(1.0006417 0.00031609119 0)
(1.0006426 0.00031571581 0)
(1.0006435 0.00031533909 0)
(1.0006444 0.000314961 0)
(1.0006453 0.00031458154 0)
(1.0006462 0.00031420071 0)
(1.0005061 0.00035073659 0)
(1.000507 0.00035052854 0)
(1.0005079 0.00035031927 0)
(1.0005088 0.00035010878 0)
(1.0005097 0.00034989706 0)
(1.0005106 0.00034968411 0)
(1.0005115 0.00034946994 0)
(1.0005124 0.00034925455 0)
(1.0005133 0.00034903796 0)
(1.0005142 0.00034882015 0)
(1.0005151 0.00034860115 0)
(1.000516 0.00034838094 0)
(1.0005169 0.00034815955 0)
(1.0005178 0.00034793696 0)
(1.0005187 0.00034771319 0)
(1.0005196 0.00034748823 0)
(1.0005205 0.0003472621 0)
(1.0005214 0.00034703479 0)
(1.0005223 0.00034680631 0)
(1.0005232 0.00034657667 0)
(1.000524 0.00034634586 0)
(1.0005249 0.00034611388 0)
(1.0005258 0.00034588076 0)
(1.0005267 0.00034564647 0)
(1.0005276 0.00034541104 0)
(1.0005285 0.00034517445 0)
(1.0005294 0.00034493672 0)
(1.0005302 0.00034469784 0)
(1.0005311 0.00034445783 0)
(1.000532 0.00034421668 0)
(1.0005329 0.00034397439 0)
(1.0005338 0.00034373096 0)
(1.0005346 0.00034348641 0)
(1.0005355 0.00034324072 0)
(1.0005364 0.00034299391 0)
(1.0005373 0.00034274597 0)
(1.0005382 0.00034249691 0)
(1.000539 0.00034224672 0)
(1.0005399 0.00034199542 0)
(1.0005408 0.00034174299 0)
(1.0005417 0.00034148945 0)
(1.0005425 0.00034123479 0)
(1.0005434 0.00034097902 0)
(1.0005443 0.00034072213 0)
(1.0005451 0.00034046413 0)
(1.000546 0.00034020502 0)
(1.0005469 0.00033994479 0)
(1.0005478 0.00033968346 0)
(1.0005486 0.00033942102 0)
(1.0005495 0.00033915746 0)
(1.0005504 0.0003388928 0)
(1.0005512 0.00033862704 0)
(1.0005521 0.00033836016 0)
(1.000553 0.00033809218 0)
(1.0005539 0.00033782308 0)
(1.0005547 0.00033755289 0)
(1.0005556 0.00033728158 0)
(1.0005565 0.00033700917 0)
(1.0005573 0.00033673565 0)
(1.0005582 0.00033646102 0)
(1.0005591 0.00033618528 0)
(1.0005599 0.00033590844 0)
(1.0005608 0.00033563048 0)
(1.0005617 0.00033535142 0)
(1.0005625 0.00033507124 0)
(1.0005634 0.00033478995 0)
(1.0005643 0.00033450755 0)
(1.0005651 0.00033422404 0)
(1.000566 0.00033393941 0)
(1.0005669 0.00033365366 0)
(1.0005677 0.0003333668 0)
(1.0005686 0.00033307882 0)
(1.0005694 0.00033278972 0)
(1.0005703 0.0003324995 0)
(1.0005712 0.00033220816 0)
(1.000572 0.00033191569 0)
(1.0005729 0.00033162209 0)
(1.0005738 0.00033132737 0)
(1.0005746 0.00033103151 0)
(1.0005755 0.00033073452 0)
(1.0005764 0.0003304364 0)
(1.0005772 0.00033013714 0)
(1.0005781 0.00032983674 0)
(1.000579 0.0003295352 0)
(1.0005798 0.00032923251 0)
(1.0005807 0.00032892868 0)
(1.0005816 0.0003286237 0)
(1.0005824 0.00032831756 0)
(1.0005833 0.00032801027 0)
(1.0005842 0.00032770183 0)
(1.000585 0.00032739222 0)
(1.0005859 0.00032708144 0)
(1.0005868 0.0003267695 0)
(1.0005876 0.00032645639 0)
(1.0005885 0.0003261421 0)
(1.0005894 0.00032582663 0)
(1.0005903 0.00032550999 0)
(1.0005911 0.00032519215 0)
(1.000592 0.00032487313 0)
(1.0005929 0.00032455292 0)
(1.0005937 0.00032423151 0)
(1.0005946 0.0003239089 0)
(1.0005955 0.00032358508 0)
(1.0005964 0.00032326005 0)
(1.0005972 0.00032293381 0)
(1.0005981 0.00032260635 0)
(1.000599 0.00032227767 0)
(1.0005998 0.00032194776 0)
(1.0006007 0.00032161662 0)
(1.0006016 0.00032128425 0)
(1.0006025 0.00032095063 0)
(1.0006034 0.00032061576 0)
(1.0006042 0.00032027964 0)
(1.0006051 0.00031994227 0)
(1.000606 0.00031960363 0)
(1.0006069 0.00031926373 0)
(1.0006078 0.00031892255 0)
(1.0006086 0.00031858009 0)
(1.0006095 0.00031823635 0)
(1.0006104 0.00031789132 0)
(1.0006113 0.00031754499 0)
(1.0006122 0.00031719737 0)
(1.0006131 0.00031684843 0)
(1.0006139 0.00031649818 0)
(1.0006148 0.0003161466 0)
(1.0006157 0.0003157937 0)
(1.0006166 0.00031543947 0)
(1.0006175 0.0003150839 0)
(1.0006184 0.00031472698 0)
(1.0006193 0.0003143687 0)
(1.0006202 0.00031400907 0)
(1.0006211 0.00031364806 0)
(1.000622 0.00031328569 0)
(1.0006229 0.00031292193 0)
(1.0006238 0.00031255678 0)
(1.0006247 0.00031219023 0)
(1.0006256 0.00031182228 0)
(1.0006265 0.00031145292 0)
(1.0004868 0.00034586487 0)
(1.0004877 0.00034567527 0)
(1.0004886 0.0003454844 0)
(1.0004895 0.00034529224 0)
(1.0004904 0.00034509878 0)
(1.0004913 0.00034490404 0)
(1.0004922 0.00034470802 0)
(1.0004931 0.00034451072 0)
(1.000494 0.00034431215 0)
(1.0004949 0.00034411232 0)
(1.0004958 0.00034391122 0)
(1.0004967 0.00034370887 0)
(1.0004976 0.00034350526 0)
(1.0004985 0.0003433004 0)
(1.0004994 0.0003430943 0)
(1.0005003 0.00034288696 0)
(1.0005012 0.00034267838 0)
(1.0005021 0.00034246857 0)
(1.0005029 0.00034225752 0)
(1.0005038 0.00034204526 0)
(1.0005047 0.00034183177 0)
(1.0005056 0.00034161706 0)
(1.0005065 0.00034140113 0)
(1.0005074 0.00034118399 0)
(1.0005083 0.00034096564 0)
(1.0005091 0.00034074609 0)
(1.00051 0.00034052533 0)
(1.0005109 0.00034030338 0)
(1.0005118 0.00034008022 0)
(1.0005127 0.00033985587 0)
(1.0005135 0.00033963033 0)
(1.0005144 0.00033940359 0)
(1.0005153 0.00033917567 0)
(1.0005162 0.00033894656 0)
(1.000517 0.00033871627 0)
(1.0005179 0.0003384848 0)
(1.0005188 0.00033825215 0)
(1.0005197 0.00033801832 0)
(1.0005205 0.00033778331 0)
(1.0005214 0.00033754714 0)
(1.0005223 0.00033730978 0)
(1.0005232 0.00033707126 0)
(1.000524 0.00033683157 0)
(1.0005249 0.00033659071 0)
(1.0005258 0.00033634869 0)
(1.0005267 0.00033610549 0)
(1.0005275 0.00033586114 0)
(1.0005284 0.00033561562 0)
(1.0005293 0.00033536893 0)
(1.0005301 0.00033512109 0)
(1.000531 0.00033487208 0)
(1.0005319 0.00033462191 0)
(1.0005327 0.00033437059 0)
(1.0005336 0.0003341181 0)
(1.0005345 0.00033386445 0)
(1.0005353 0.00033360965 0)
(1.0005362 0.00033335368 0)
(1.0005371 0.00033309656 0)
(1.0005379 0.00033283827 0)
(1.0005388 0.00033257883 0)
(1.0005397 0.00033231823 0)
(1.0005405 0.00033205647 0)
(1.0005414 0.00033179355 0)
(1.0005423 0.00033152947 0)
(1.0005431 0.00033126423 0)
(1.000544 0.00033099783 0)
(1.0005449 0.00033073026 0)
(1.0005457 0.00033046153 0)
(1.0005466 0.00033019164 0)
(1.0005475 0.00032992058 0)
(1.0005483 0.00032964836 0)
(1.0005492 0.00032937497 0)
(1.0005501 0.00032910041 0)
(1.0005509 0.00032882468 0)
(1.0005518 0.00032854778 0)
(1.0005527 0.00032826971 0)
(1.0005535 0.00032799046 0)
(1.0005544 0.00032771003 0)
(1.0005553 0.00032742843 0)
(1.0005561 0.00032714565 0)
(1.000557 0.00032686169 0)
(1.0005579 0.00032657654 0)
(1.0005587 0.00032629021 0)
(1.0005596 0.00032600269 0)
(1.0005605 0.00032571398 0)
(1.0005613 0.00032542407 0)
(1.0005622 0.00032513297 0)
(1.0005631 0.00032484068 0)
(1.0005639 0.00032454718 0)
(1.0005648 0.00032425248 0)
(1.0005657 0.00032395657 0)
(1.0005665 0.00032365945 0)
(1.0005674 0.00032336112 0)
(1.0005683 0.00032306158 0)
(1.0005691 0.00032276082 0)
(1.00057 0.00032245883 0)
(1.0005709 0.00032215562 0)
(1.0005718 0.00032185118 0)
(1.0005726 0.00032154551 0)
(1.0005735 0.0003212386 0)
(1.0005744 0.00032093046 0)
(1.0005752 0.00032062107 0)
(1.0005761 0.00032031043 0)
(1.000577 0.00031999854 0)
(1.0005779 0.00031968539 0)
(1.0005787 0.00031937098 0)
(1.0005796 0.00031905531 0)
(1.0005805 0.00031873837 0)
(1.0005814 0.00031842016 0)
(1.0005822 0.00031810067 0)
(1.0005831 0.0003177799 0)
(1.000584 0.00031745783 0)
(1.0005849 0.00031713448 0)
(1.0005858 0.00031680983 0)
(1.0005866 0.00031648388 0)
(1.0005875 0.00031615661 0)
(1.0005884 0.00031582804 0)
(1.0005893 0.00031549815 0)
(1.0005902 0.00031516693 0)
(1.0005911 0.00031483438 0)
(1.0005919 0.0003145005 0)
(1.0005928 0.00031416528 0)
(1.0005937 0.00031382871 0)
(1.0005946 0.00031349078 0)
(1.0005955 0.0003131515 0)
(1.0005964 0.00031281086 0)
(1.0005973 0.00031246884 0)
(1.0005982 0.00031212544 0)
(1.0005991 0.00031178066 0)
(1.0006 0.00031143448 0)
(1.0006009 0.00031108691 0)
(1.0006018 0.00031073794 0)
(1.0006026 0.00031038755 0)
(1.0006035 0.00031003574 0)
(1.0006044 0.00030968251 0)
(1.0006053 0.00030932784 0)
(1.0006063 0.00030897174 0)
(1.0006072 0.00030861418 0)
(1.0004681 0.00034086549 0)
(1.000469 0.00034069444 0)
(1.0004699 0.00034052205 0)
(1.0004708 0.00034034831 0)
(1.0004717 0.00034017323 0)
(1.0004725 0.0003399968 0)
(1.0004734 0.00033981904 0)
(1.0004743 0.00033963994 0)
(1.0004752 0.00033945952 0)
(1.0004761 0.00033927777 0)
(1.000477 0.00033909471 0)
(1.0004779 0.00033891033 0)
(1.0004788 0.00033872464 0)
(1.0004797 0.00033853764 0)
(1.0004806 0.00033834935 0)
(1.0004814 0.00033815976 0)
(1.0004823 0.00033796887 0)
(1.0004832 0.0003377767 0)
(1.0004841 0.00033758324 0)
(1.000485 0.0003373885 0)
(1.0004859 0.00033719248 0)
(1.0004868 0.00033699519 0)
(1.0004876 0.00033679663 0)
(1.0004885 0.0003365968 0)
(1.0004894 0.00033639571 0)
(1.0004903 0.00033619335 0)
(1.0004912 0.00033598974 0)
(1.000492 0.00033578487 0)
(1.0004929 0.00033557876 0)
(1.0004938 0.00033537139 0)
(1.0004947 0.00033516277 0)
(1.0004955 0.00033495291 0)
(1.0004964 0.00033474181 0)
(1.0004973 0.00033452947 0)
(1.0004982 0.0003343159 0)
(1.000499 0.00033410109 0)
(1.0004999 0.00033388504 0)
(1.0005008 0.00033366777 0)
(1.0005016 0.00033344927 0)
(1.0005025 0.00033322954 0)
(1.0005034 0.00033300858 0)
(1.0005043 0.00033278641 0)
(1.0005051 0.00033256301 0)
(1.000506 0.00033233839 0)
(1.0005069 0.00033211255 0)
(1.0005077 0.0003318855 0)
(1.0005086 0.00033165723 0)
(1.0005095 0.00033142774 0)
(1.0005103 0.00033119704 0)
(1.0005112 0.00033096513 0)
(1.0005121 0.000330732 0)
(1.0005129 0.00033049767 0)
(1.0005138 0.00033026212 0)
(1.0005147 0.00033002536 0)
(1.0005156 0.00032978739 0)
(1.0005164 0.00032954822 0)
(1.0005173 0.00032930783 0)
(1.0005181 0.00032906624 0)
(1.000519 0.00032882344 0)
(1.0005199 0.00032857943 0)
(1.0005207 0.00032833421 0)
(1.0005216 0.00032808778 0)
(1.0005225 0.00032784014 0)
(1.0005233 0.0003275913 0)
(1.0005242 0.00032734124 0)
(1.0005251 0.00032708997 0)
(1.0005259 0.0003268375 0)
(1.0005268 0.00032658381 0)
(1.0005277 0.00032632891 0)
(1.0005285 0.0003260728 0)
(1.0005294 0.00032581548 0)
(1.0005303 0.00032555694 0)
(1.0005311 0.00032529718 0)
(1.000532 0.00032503621 0)
(1.0005329 0.00032477402 0)
(1.0005337 0.00032451061 0)
(1.0005346 0.00032424598 0)
(1.0005355 0.00032398013 0)
(1.0005363 0.00032371305 0)
(1.0005372 0.00032344475 0)
(1.0005381 0.00032317522 0)
(1.0005389 0.00032290446 0)
(1.0005398 0.00032263247 0)
(1.0005407 0.00032235925 0)
(1.0005415 0.00032208479 0)
(1.0005424 0.00032180909 0)
(1.0005433 0.00032153215 0)
(1.0005441 0.00032125397 0)
(1.000545 0.00032097455 0)
(1.0005459 0.00032069388 0)
(1.0005467 0.00032041195 0)
(1.0005476 0.00032012878 0)
(1.0005485 0.00031984435 0)
(1.0005493 0.00031955866 0)
(1.0005502 0.0003192717 0)
(1.0005511 0.00031898349 0)
(1.0005519 0.000318694 0)
(1.0005528 0.00031840324 0)
(1.0005537 0.00031811121 0)
(1.0005546 0.0003178179 0)
(1.0005554 0.00031752331 0)
(1.0005563 0.00031722743 0)
(1.0005572 0.00031693026 0)
(1.0005581 0.0003166318 0)
(1.0005589 0.00031633204 0)
(1.0005598 0.00031603098 0)
(1.0005607 0.00031572861 0)
(1.0005616 0.00031542494 0)
(1.0005624 0.00031511995 0)
(1.0005633 0.00031481364 0)
(1.0005642 0.00031450601 0)
(1.0005651 0.00031419705 0)
(1.000566 0.00031388675 0)
(1.0005668 0.00031357512 0)
(1.0005677 0.00031326215 0)
(1.0005686 0.00031294783 0)
(1.0005695 0.00031263216 0)
(1.0005704 0.00031231513 0)
(1.0005713 0.00031199673 0)
(1.0005721 0.00031167697 0)
(1.000573 0.00031135583 0)
(1.0005739 0.00031103332 0)
(1.0005748 0.00031070941 0)
(1.0005757 0.00031038412 0)
(1.0005766 0.00031005743 0)
(1.0005775 0.00030972934 0)
(1.0005784 0.00030939983 0)
(1.0005793 0.00030906891 0)
(1.0005802 0.00030873657 0)
(1.0005811 0.0003084028 0)
(1.000582 0.0003080676 0)
(1.0005829 0.00030773095 0)
(1.0005838 0.00030739285 0)
(1.0005847 0.0003070533 0)
(1.0005856 0.00030671229 0)
(1.0005865 0.0003063698 0)
(1.0005874 0.00030602584 0)
(1.0005883 0.0003056804 0)
(1.0004498 0.00033573961 0)
(1.0004507 0.00033558715 0)
(1.0004516 0.00033543331 0)
(1.0004524 0.00033527806 0)
(1.0004533 0.00033512142 0)
(1.0004542 0.00033496337 0)
(1.0004551 0.00033480394 0)
(1.000456 0.00033464312 0)
(1.0004569 0.00033448092 0)
(1.0004578 0.00033431735 0)
(1.0004587 0.0003341524 0)
(1.0004596 0.00033398609 0)
(1.0004604 0.00033381842 0)
(1.0004613 0.00033364939 0)
(1.0004622 0.000333479 0)
(1.0004631 0.00033330727 0)
(1.000464 0.00033313419 0)
(1.0004648 0.00033295977 0)
(1.0004657 0.00033278402 0)
(1.0004666 0.00033260693 0)
(1.0004675 0.00033242851 0)
(1.0004684 0.00033224876 0)
(1.0004692 0.0003320677 0)
(1.0004701 0.00033188531 0)
(1.000471 0.00033170161 0)
(1.0004719 0.0003315166 0)
(1.0004727 0.00033133027 0)
(1.0004736 0.00033114264 0)
(1.0004745 0.00033095371 0)
(1.0004754 0.00033076348 0)
(1.0004762 0.00033057195 0)
(1.0004771 0.00033037913 0)
(1.000478 0.00033018501 0)
(1.0004789 0.0003299896 0)
(1.0004797 0.00032979291 0)
(1.0004806 0.00032959493 0)
(1.0004815 0.00032939567 0)
(1.0004823 0.00032919513 0)
(1.0004832 0.00032899331 0)
(1.0004841 0.00032879022 0)
(1.0004849 0.00032858585 0)
(1.0004858 0.0003283802 0)
(1.0004867 0.00032817329 0)
(1.0004875 0.0003279651 0)
(1.0004884 0.00032775565 0)
(1.0004893 0.00032754493 0)
(1.0004901 0.00032733295 0)
(1.000491 0.0003271197 0)
(1.0004919 0.00032690519 0)
(1.0004927 0.00032668942 0)
(1.0004936 0.00032647239 0)
(1.0004945 0.0003262541 0)
(1.0004953 0.00032603455 0)
(1.0004962 0.00032581374 0)
(1.0004971 0.00032559167 0)
(1.0004979 0.00032536834 0)
(1.0004988 0.00032514376 0)
(1.0004997 0.00032491793 0)
(1.0005005 0.00032469083 0)
(1.0005014 0.00032446249 0)
(1.0005023 0.00032423288 0)
(1.0005031 0.00032400202 0)
(1.000504 0.00032376991 0)
(1.0005049 0.00032353654 0)
(1.0005057 0.00032330191 0)
(1.0005066 0.00032306603 0)
(1.0005074 0.00032282889 0)
(1.0005083 0.00032259049 0)
(1.0005092 0.00032235084 0)
(1.00051 0.00032210992 0)
(1.0005109 0.00032186775 0)
(1.0005118 0.00032162432 0)
(1.0005126 0.00032137962 0)
(1.0005135 0.00032113367 0)
(1.0005144 0.00032088645 0)
(1.0005152 0.00032063797 0)
(1.0005161 0.00032038822 0)
(1.0005169 0.0003201372 0)
(1.0005178 0.00031988492 0)
(1.0005187 0.00031963136 0)
(1.0005195 0.00031937654 0)
(1.0005204 0.00031912044 0)
(1.0005213 0.00031886306 0)
(1.0005221 0.00031860441 0)
(1.000523 0.00031834448 0)
(1.0005239 0.00031808327 0)
(1.0005247 0.00031782078 0)
(1.0005256 0.00031755699 0)
(1.0005265 0.00031729193 0)
(1.0005273 0.00031702557 0)
(1.0005282 0.00031675792 0)
(1.0005291 0.00031648897 0)
(1.00053 0.00031621872 0)
(1.0005308 0.00031594718 0)
(1.0005317 0.00031567433 0)
(1.0005326 0.00031540017 0)
(1.0005334 0.0003151247 0)
(1.0005343 0.00031484792 0)
(1.0005352 0.00031456982 0)
(1.000536 0.00031429041 0)
(1.0005369 0.00031400967 0)
(1.0005378 0.0003137276 0)
(1.0005387 0.00031344421 0)
(1.0005395 0.00031315947 0)
(1.0005404 0.00031287341 0)
(1.0005413 0.000312586 0)
(1.0005422 0.00031229724 0)
(1.0005431 0.00031200713 0)
(1.0005439 0.00031171567 0)
(1.0005448 0.00031142285 0)
(1.0005457 0.00031112867 0)
(1.0005466 0.00031083312 0)
(1.0005475 0.0003105362 0)
(1.0005483 0.00031023791 0)
(1.0005492 0.00030993823 0)
(1.0005501 0.00030963716 0)
(1.000551 0.00030933471 0)
(1.0005519 0.00030903085 0)
(1.0005528 0.0003087256 0)
(1.0005536 0.00030841894 0)
(1.0005545 0.00030811087 0)
(1.0005554 0.00030780138 0)
(1.0005563 0.00030749046 0)
(1.0005572 0.00030717812 0)
(1.0005581 0.00030686434 0)
(1.000559 0.00030654913 0)
(1.0005599 0.00030623246 0)
(1.0005608 0.00030591434 0)
(1.0005617 0.00030559477 0)
(1.0005626 0.00030527372 0)
(1.0005635 0.00030495121 0)
(1.0005644 0.00030462722 0)
(1.0005653 0.00030430174 0)
(1.0005662 0.00030397477 0)
(1.0005671 0.00030364631 0)
(1.000568 0.00030331634 0)
(1.0005689 0.00030298485 0)
(1.0005698 0.00030265185 0)
(1.000432 0.00033048835 0)
(1.0004328 0.0003303545 0)
(1.0004337 0.0003302192 0)
(1.0004346 0.00033008245 0)
(1.0004355 0.00032994426 0)
(1.0004364 0.00032980462 0)
(1.0004373 0.00032966354 0)
(1.0004381 0.00032952102 0)
(1.000439 0.00032937708 0)
(1.0004399 0.00032923171 0)
(1.0004408 0.00032908493 0)
(1.0004417 0.00032893672 0)
(1.0004426 0.00032878711 0)
(1.0004434 0.00032863609 0)
(1.0004443 0.00032848367 0)
(1.0004452 0.00032832985 0)
(1.0004461 0.00032817464 0)
(1.0004469 0.00032801804 0)
(1.0004478 0.00032786006 0)
(1.0004487 0.00032770069 0)
(1.0004496 0.00032753995 0)
(1.0004504 0.00032737783 0)
(1.0004513 0.00032721434 0)
(1.0004522 0.00032704948 0)
(1.0004531 0.00032688326 0)
(1.0004539 0.00032671568 0)
(1.0004548 0.00032654675 0)
(1.0004557 0.00032637646 0)
(1.0004565 0.00032620481 0)
(1.0004574 0.00032603183 0)
(1.0004583 0.00032585749 0)
(1.0004591 0.00032568181 0)
(1.00046 0.0003255048 0)
(1.0004609 0.00032532644 0)
(1.0004617 0.00032514676 0)
(1.0004626 0.00032496574 0)
(1.0004635 0.00032478339 0)
(1.0004643 0.00032459971 0)
(1.0004652 0.00032441471 0)
(1.0004661 0.00032422838 0)
(1.0004669 0.00032404073 0)
(1.0004678 0.00032385177 0)
(1.0004687 0.00032366148 0)
(1.0004695 0.00032346988 0)
(1.0004704 0.00032327696 0)
(1.0004713 0.00032308274 0)
(1.0004721 0.0003228872 0)
(1.000473 0.00032269035 0)
(1.0004739 0.00032249219 0)
(1.0004747 0.00032229272 0)
(1.0004756 0.00032209195 0)
(1.0004764 0.00032188987 0)
(1.0004773 0.00032168649 0)
(1.0004782 0.0003214818 0)
(1.000479 0.00032127581 0)
(1.0004799 0.00032106852 0)
(1.0004808 0.00032085992 0)
(1.0004816 0.00032065002 0)
(1.0004825 0.00032043883 0)
(1.0004833 0.00032022633 0)
(1.0004842 0.00032001253 0)
(1.0004851 0.00031979743 0)
(1.0004859 0.00031958103 0)
(1.0004868 0.00031936334 0)
(1.0004877 0.00031914434 0)
(1.0004885 0.00031892404 0)
(1.0004894 0.00031870243 0)
(1.0004902 0.00031847953 0)
(1.0004911 0.00031825533 0)
(1.000492 0.00031802982 0)
(1.0004928 0.00031780301 0)
(1.0004937 0.0003175749 0)
(1.0004946 0.00031734548 0)
(1.0004954 0.00031711476 0)
(1.0004963 0.00031688273 0)
(1.0004971 0.00031664939 0)
(1.000498 0.00031641475 0)
(1.0004989 0.00031617879 0)
(1.0004997 0.00031594152 0)
(1.0005006 0.00031570294 0)
(1.0005015 0.00031546305 0)
(1.0005023 0.00031522184 0)
(1.0005032 0.00031497931 0)
(1.0005041 0.00031473547 0)
(1.0005049 0.0003144903 0)
(1.0005058 0.00031424381 0)
(1.0005067 0.000313996 0)
(1.0005075 0.00031374685 0)
(1.0005084 0.00031349638 0)
(1.0005093 0.00031324458 0)
(1.0005101 0.00031299144 0)
(1.000511 0.00031273697 0)
(1.0005119 0.00031248115 0)
(1.0005127 0.000312224 0)
(1.0005136 0.0003119655 0)
(1.0005145 0.00031170565 0)
(1.0005153 0.00031144445 0)
(1.0005162 0.0003111819 0)
(1.0005171 0.00031091799 0)
(1.000518 0.00031065272 0)
(1.0005188 0.00031038609 0)
(1.0005197 0.00031011809 0)
(1.0005206 0.00030984873 0)
(1.0005215 0.00030957799 0)
(1.0005223 0.00030930587 0)
(1.0005232 0.00030903237 0)
(1.0005241 0.00030875748 0)
(1.000525 0.00030848121 0)
(1.0005258 0.00030820354 0)
(1.0005267 0.00030792448 0)
(1.0005276 0.00030764401 0)
(1.0005285 0.00030736214 0)
(1.0005294 0.00030707886 0)
(1.0005302 0.00030679417 0)
(1.0005311 0.00030650805 0)
(1.000532 0.00030622051 0)
(1.0005329 0.00030593154 0)
(1.0005338 0.00030564114 0)
(1.0005347 0.0003053493 0)
(1.0005356 0.00030505601 0)
(1.0005364 0.00030476128 0)
(1.0005373 0.00030446509 0)
(1.0005382 0.00030416744 0)
(1.0005391 0.00030386832 0)
(1.00054 0.00030356773 0)
(1.0005409 0.00030326567 0)
(1.0005418 0.00030296212 0)
(1.0005427 0.00030265708 0)
(1.0005436 0.00030235055 0)
(1.0005445 0.00030204251 0)
(1.0005454 0.00030173297 0)
(1.0005463 0.00030142192 0)
(1.0005472 0.00030110934 0)
(1.0005481 0.00030079523 0)
(1.000549 0.0003004796 0)
(1.0005499 0.00030016242 0)
(1.0005508 0.00029984369 0)
(1.0005517 0.00029952341 0)
(1.0004146 0.00032511392 0)
(1.0004155 0.00032499862 0)
(1.0004164 0.00032488184 0)
(1.0004172 0.00032476356 0)
(1.0004181 0.0003246438 0)
(1.000419 0.00032452254 0)
(1.0004199 0.0003243998 0)
(1.0004208 0.00032427558 0)
(1.0004216 0.00032414989 0)
(1.0004225 0.00032402273 0)
(1.0004234 0.0003238941 0)
(1.0004243 0.00032376402 0)
(1.0004251 0.00032363248 0)
(1.000426 0.00032349949 0)
(1.0004269 0.00032336506 0)
(1.0004277 0.00032322918 0)
(1.0004286 0.00032309187 0)
(1.0004295 0.00032295312 0)
(1.0004304 0.00032281294 0)
(1.0004312 0.00032267134 0)
(1.0004321 0.00032252832 0)
(1.000433 0.00032238388 0)
(1.0004338 0.00032223802 0)
(1.0004347 0.00032209075 0)
(1.0004356 0.00032194208 0)
(1.0004364 0.000321792 0)
(1.0004373 0.00032164052 0)
(1.0004382 0.00032148764 0)
(1.000439 0.00032133337 0)
(1.0004399 0.0003211777 0)
(1.0004408 0.00032102065 0)
(1.0004416 0.00032086221 0)
(1.0004425 0.00032070238 0)
(1.0004434 0.00032054118 0)
(1.0004442 0.00032037859 0)
(1.0004451 0.00032021464 0)
(1.0004459 0.0003200493 0)
(1.0004468 0.0003198826 0)
(1.0004477 0.00031971453 0)
(1.0004485 0.00031954509 0)
(1.0004494 0.00031937429 0)
(1.0004502 0.00031920212 0)
(1.0004511 0.00031902859 0)
(1.000452 0.0003188537 0)
(1.0004528 0.00031867746 0)
(1.0004537 0.00031849986 0)
(1.0004546 0.0003183209 0)
(1.0004554 0.00031814059 0)
(1.0004563 0.00031795893 0)
(1.0004571 0.00031777592 0)
(1.000458 0.00031759156 0)
(1.0004589 0.00031740585 0)
(1.0004597 0.00031721879 0)
(1.0004606 0.00031703039 0)
(1.0004614 0.00031684064 0)
(1.0004623 0.00031664955 0)
(1.0004631 0.00031645711 0)
(1.000464 0.00031626333 0)
(1.0004649 0.0003160682 0)
(1.0004657 0.00031587173 0)
(1.0004666 0.00031567392 0)
(1.0004674 0.00031547477 0)
(1.0004683 0.00031527428 0)
(1.0004692 0.00031507244 0)
(1.00047 0.00031486926 0)
(1.0004709 0.00031466474 0)
(1.0004717 0.00031445887 0)
(1.0004726 0.00031425167 0)
(1.0004735 0.00031404311 0)
(1.0004743 0.00031383322 0)
(1.0004752 0.00031362198 0)
(1.000476 0.0003134094 0)
(1.0004769 0.00031319547 0)
(1.0004778 0.00031298019 0)
(1.0004786 0.00031276357 0)
(1.0004795 0.0003125456 0)
(1.0004803 0.00031232628 0)
(1.0004812 0.00031210561 0)
(1.0004821 0.00031188359 0)
(1.0004829 0.00031166021 0)
(1.0004838 0.00031143548 0)
(1.0004847 0.0003112094 0)
(1.0004855 0.00031098195 0)
(1.0004864 0.00031075315 0)
(1.0004873 0.00031052299 0)
(1.0004881 0.00031029146 0)
(1.000489 0.00031005857 0)
(1.0004898 0.00030982431 0)
(1.0004907 0.00030958868 0)
(1.0004916 0.00030935168 0)
(1.0004924 0.00030911331 0)
(1.0004933 0.00030887357 0)
(1.0004942 0.00030863244 0)
(1.0004951 0.00030838993 0)
(1.0004959 0.00030814604 0)
(1.0004968 0.00030790077 0)
(1.0004977 0.0003076541 0)
(1.0004985 0.00030740604 0)
(1.0004994 0.00030715659 0)
(1.0005003 0.00030690574 0)
(1.0005011 0.00030665349 0)
(1.000502 0.00030639983 0)
(1.0005029 0.00030614477 0)
(1.0005038 0.00030588829 0)
(1.0005046 0.0003056304 0)
(1.0005055 0.00030537109 0)
(1.0005064 0.00030511036 0)
(1.0005073 0.0003048482 0)
(1.0005081 0.00030458461 0)
(1.000509 0.00030431959 0)
(1.0005099 0.00030405313 0)
(1.0005108 0.00030378522 0)
(1.0005117 0.00030351587 0)
(1.0005125 0.00030324507 0)
(1.0005134 0.00030297281 0)
(1.0005143 0.00030269909 0)
(1.0005152 0.0003024239 0)
(1.0005161 0.00030214725 0)
(1.000517 0.00030186912 0)
(1.0005179 0.0003015895 0)
(1.0005187 0.00030130841 0)
(1.0005196 0.00030102582 0)
(1.0005205 0.00030074174 0)
(1.0005214 0.00030045615 0)
(1.0005223 0.00030016906 0)
(1.0005232 0.00029988046 0)
(1.0005241 0.00029959033 0)
(1.000525 0.00029929869 0)
(1.0005259 0.00029900551 0)
(1.0005268 0.00029871079 0)
(1.0005277 0.00029841454 0)
(1.0005286 0.00029811673 0)
(1.0005295 0.00029781737 0)
(1.0005304 0.00029751645 0)
(1.0005313 0.00029721396 0)
(1.0005322 0.00029690989 0)
(1.0005331 0.00029660425 0)
(1.000534 0.00029629701 0)
(1.0003977 0.00031961809 0)
(1.0003986 0.00031952125 0)
(1.0003995 0.00031942289 0)
(1.0004003 0.000319323 0)
(1.0004012 0.00031922157 0)
(1.0004021 0.00031911862 0)
(1.000403 0.00031901414 0)
(1.0004038 0.00031890815 0)
(1.0004047 0.00031880064 0)
(1.0004056 0.00031869162 0)
(1.0004064 0.0003185811 0)
(1.0004073 0.00031846908 0)
(1.0004082 0.00031835557 0)
(1.000409 0.00031824057 0)
(1.0004099 0.00031812408 0)
(1.0004108 0.00031800611 0)
(1.0004116 0.00031788666 0)
(1.0004125 0.00031776574 0)
(1.0004134 0.00031764335 0)
(1.0004142 0.00031751949 0)
(1.0004151 0.00031739417 0)
(1.0004159 0.0003172674 0)
(1.0004168 0.00031713917 0)
(1.0004177 0.00031700948 0)
(1.0004185 0.00031687835 0)
(1.0004194 0.00031674578 0)
(1.0004202 0.00031661176 0)
(1.0004211 0.00031647631 0)
(1.000422 0.00031633942 0)
(1.0004228 0.0003162011 0)
(1.0004237 0.00031606135 0)
(1.0004245 0.00031592018 0)
(1.0004254 0.00031577758 0)
(1.0004263 0.00031563356 0)
(1.0004271 0.00031548812 0)
(1.000428 0.00031534127 0)
(1.0004288 0.000315193 0)
(1.0004297 0.00031504332 0)
(1.0004306 0.00031489223 0)
(1.0004314 0.00031473974 0)
(1.0004323 0.00031458584 0)
(1.0004331 0.00031443053 0)
(1.000434 0.00031427383 0)
(1.0004348 0.00031411573 0)
(1.0004357 0.00031395623 0)
(1.0004365 0.00031379533 0)
(1.0004374 0.00031363304 0)
(1.0004383 0.00031346935 0)
(1.0004391 0.00031330428 0)
(1.00044 0.00031313781 0)
(1.0004408 0.00031296995 0)
(1.0004417 0.00031280071 0)
(1.0004425 0.00031263008 0)
(1.0004434 0.00031245806 0)
(1.0004443 0.00031228466 0)
(1.0004451 0.00031210987 0)
(1.000446 0.0003119337 0)
(1.0004468 0.00031175615 0)
(1.0004477 0.00031157721 0)
(1.0004485 0.00031139689 0)
(1.0004494 0.00031121519 0)
(1.0004502 0.0003110321 0)
(1.0004511 0.00031084764 0)
(1.000452 0.00031066179 0)
(1.0004528 0.00031047457 0)
(1.0004537 0.00031028596 0)
(1.0004545 0.00031009597 0)
(1.0004554 0.0003099046 0)
(1.0004562 0.00030971184 0)
(1.0004571 0.0003095177 0)
(1.000458 0.00030932218 0)
(1.0004588 0.00030912528 0)
(1.0004597 0.00030892699 0)
(1.0004605 0.00030872732 0)
(1.0004614 0.00030852626 0)
(1.0004622 0.00030832382 0)
(1.0004631 0.00030811998 0)
(1.000464 0.00030791476 0)
(1.0004648 0.00030770815 0)
(1.0004657 0.00030750014 0)
(1.0004665 0.00030729075 0)
(1.0004674 0.00030707996 0)
(1.0004683 0.00030686777 0)
(1.0004691 0.00030665419 0)
(1.00047 0.00030643921 0)
(1.0004709 0.00030622283 0)
(1.0004717 0.00030600504 0)
(1.0004726 0.00030578585 0)
(1.0004734 0.00030556526 0)
(1.0004743 0.00030534325 0)
(1.0004752 0.00030511984 0)
(1.000476 0.00030489501 0)
(1.0004769 0.00030466876 0)
(1.0004778 0.0003044411 0)
(1.0004786 0.00030421202 0)
(1.0004795 0.00030398151 0)
(1.0004804 0.00030374958 0)
(1.0004812 0.00030351622 0)
(1.0004821 0.00030328143 0)
(1.000483 0.0003030452 0)
(1.0004839 0.00030280754 0)
(1.0004847 0.00030256843 0)
(1.0004856 0.00030232788 0)
(1.0004865 0.00030208588 0)
(1.0004874 0.00030184243 0)
(1.0004882 0.00030159753 0)
(1.0004891 0.00030135116 0)
(1.00049 0.00030110334 0)
(1.0004909 0.00030085404 0)
(1.0004917 0.00030060328 0)
(1.0004926 0.00030035105 0)
(1.0004935 0.00030009733 0)
(1.0004944 0.00029984213 0)
(1.0004953 0.00029958545 0)
(1.0004961 0.00029932727 0)
(1.000497 0.0002990676 0)
(1.0004979 0.00029880643 0)
(1.0004988 0.00029854375 0)
(1.0004997 0.00029827956 0)
(1.0005006 0.00029801386 0)
(1.0005014 0.00029774664 0)
(1.0005023 0.00029747789 0)
(1.0005032 0.00029720761 0)
(1.0005041 0.00029693579 0)
(1.000505 0.00029666243 0)
(1.0005059 0.00029638753 0)
(1.0005068 0.00029611107 0)
(1.0005077 0.00029583306 0)
(1.0005086 0.00029555348 0)
(1.0005095 0.00029527233 0)
(1.0005104 0.0002949896 0)
(1.0005113 0.00029470529 0)
(1.0005122 0.00029441939 0)
(1.0005131 0.0002941319 0)
(1.000514 0.0002938428 0)
(1.0005149 0.0002935521 0)
(1.0005158 0.00029325978 0)
(1.0005167 0.00029296584 0)
(1.0003813 0.00031400429 0)
(1.0003822 0.00031392578 0)
(1.000383 0.00031384571 0)
(1.0003839 0.00031376407 0)
(1.0003848 0.00031368087 0)
(1.0003856 0.0003135961 0)
(1.0003865 0.00031350978 0)
(1.0003873 0.0003134219 0)
(1.0003882 0.00031333248 0)
(1.0003891 0.00031324151 0)
(1.0003899 0.00031314901 0)
(1.0003908 0.00031305497 0)
(1.0003916 0.0003129594 0)
(1.0003925 0.00031286231 0)
(1.0003934 0.0003127637 0)
(1.0003942 0.00031266357 0)
(1.0003951 0.00031256193 0)
(1.0003959 0.00031245878 0)
(1.0003968 0.00031235412 0)
(1.0003977 0.00031224797 0)
(1.0003985 0.00031214031 0)
(1.0003994 0.00031203117 0)
(1.0004002 0.00031192053 0)
(1.0004011 0.00031180841 0)
(1.0004019 0.0003116948 0)
(1.0004028 0.00031157972 0)
(1.0004036 0.00031146315 0)
(1.0004045 0.00031134512 0)
(1.0004053 0.00031122561 0)
(1.0004062 0.00031110464 0)
(1.0004071 0.0003109822 0)
(1.0004079 0.0003108583 0)
(1.0004088 0.00031073294 0)
(1.0004096 0.00031060612 0)
(1.0004105 0.00031047785 0)
(1.0004113 0.00031034812 0)
(1.0004122 0.00031021695 0)
(1.000413 0.00031008433 0)
(1.0004139 0.00030995027 0)
(1.0004147 0.00030981476 0)
(1.0004156 0.00030967781 0)
(1.0004164 0.00030953942 0)
(1.0004173 0.0003093996 0)
(1.0004181 0.00030925834 0)
(1.000419 0.00030911564 0)
(1.0004198 0.00030897152 0)
(1.0004207 0.00030882596 0)
(1.0004215 0.00030867897 0)
(1.0004224 0.00030853056 0)
(1.0004232 0.00030838072 0)
(1.0004241 0.00030822945 0)
(1.0004249 0.00030807676 0)
(1.0004258 0.00030792265 0)
(1.0004266 0.00030776712 0)
(1.0004275 0.00030761016 0)
(1.0004283 0.00030745178 0)
(1.0004292 0.00030729199 0)
(1.0004301 0.00030713077 0)
(1.0004309 0.00030696814 0)
(1.0004318 0.00030680408 0)
(1.0004326 0.00030663861 0)
(1.0004335 0.00030647173 0)
(1.0004343 0.00030630342 0)
(1.0004352 0.0003061337 0)
(1.000436 0.00030596256 0)
(1.0004369 0.00030579 0)
(1.0004377 0.00030561603 0)
(1.0004386 0.00030544063 0)
(1.0004394 0.00030526382 0)
(1.0004403 0.00030508559 0)
(1.0004411 0.00030490595 0)
(1.000442 0.00030472488 0)
(1.0004429 0.00030454239 0)
(1.0004437 0.00030435849 0)
(1.0004446 0.00030417316 0)
(1.0004454 0.00030398641 0)
(1.0004463 0.00030379823 0)
(1.0004471 0.00030360863 0)
(1.000448 0.00030341761 0)
(1.0004488 0.00030322516 0)
(1.0004497 0.00030303128 0)
(1.0004506 0.00030283597 0)
(1.0004514 0.00030263924 0)
(1.0004523 0.00030244107 0)
(1.0004531 0.00030224146 0)
(1.000454 0.00030204042 0)
(1.0004549 0.00030183794 0)
(1.0004557 0.00030163403 0)
(1.0004566 0.00030142867 0)
(1.0004574 0.00030122187 0)
(1.0004583 0.00030101362 0)
(1.0004592 0.00030080392 0)
(1.00046 0.00030059278 0)
(1.0004609 0.00030038018 0)
(1.0004618 0.00030016612 0)
(1.0004626 0.00029995061 0)
(1.0004635 0.00029973364 0)
(1.0004644 0.00029951521 0)
(1.0004652 0.0002992953 0)
(1.0004661 0.00029907393 0)
(1.000467 0.00029885109 0)
(1.0004678 0.00029862677 0)
(1.0004687 0.00029840098 0)
(1.0004696 0.0002981737 0)
(1.0004705 0.00029794494 0)
(1.0004713 0.00029771468 0)
(1.0004722 0.00029748294 0)
(1.0004731 0.0002972497 0)
(1.000474 0.00029701496 0)
(1.0004748 0.00029677871 0)
(1.0004757 0.00029654096 0)
(1.0004766 0.00029630169 0)
(1.0004775 0.00029606091 0)
(1.0004783 0.00029581861 0)
(1.0004792 0.00029557479 0)
(1.0004801 0.00029532943 0)
(1.000481 0.00029508254 0)
(1.0004819 0.00029483412 0)
(1.0004828 0.00029458415 0)
(1.0004836 0.00029433263 0)
(1.0004845 0.00029407955 0)
(1.0004854 0.00029382492 0)
(1.0004863 0.00029356873 0)
(1.0004872 0.00029331097 0)
(1.0004881 0.00029305163 0)
(1.000489 0.00029279072 0)
(1.0004899 0.00029252822 0)
(1.0004908 0.00029226413 0)
(1.0004917 0.00029199844 0)
(1.0004926 0.00029173115 0)
(1.0004935 0.00029146225 0)
(1.0004944 0.00029119173 0)
(1.0004953 0.0002909196 0)
(1.0004962 0.00029064584 0)
(1.0004971 0.00029037044 0)
(1.000498 0.0002900934 0)
(1.0004989 0.00028981472 0)
(1.0004998 0.00028953438 0)
(1.0003653 0.00030827486 0)
(1.0003662 0.00030821446 0)
(1.0003671 0.00030815247 0)
(1.0003679 0.00030808889 0)
(1.0003688 0.00030802371 0)
(1.0003696 0.00030795694 0)
(1.0003705 0.00030788858 0)
(1.0003713 0.00030781864 0)
(1.0003722 0.00030774713 0)
(1.000373 0.00030767404 0)
(1.0003739 0.00030759939 0)
(1.0003747 0.00030752317 0)
(1.0003756 0.0003074454 0)
(1.0003764 0.00030736607 0)
(1.0003773 0.00030728518 0)
(1.0003781 0.00030720275 0)
(1.000379 0.00030711878 0)
(1.0003798 0.00030703327 0)
(1.0003807 0.00030694623 0)
(1.0003815 0.00030685765 0)
(1.0003824 0.00030676755 0)
(1.0003832 0.00030667592 0)
(1.0003841 0.00030658277 0)
(1.0003849 0.0003064881 0)
(1.0003858 0.00030639192 0)
(1.0003866 0.00030629423 0)
(1.0003875 0.00030619503 0)
(1.0003883 0.00030609432 0)
(1.0003892 0.00030599212 0)
(1.00039 0.00030588841 0)
(1.0003909 0.00030578321 0)
(1.0003917 0.00030567651 0)
(1.0003925 0.00030556833 0)
(1.0003934 0.00030545865 0)
(1.0003942 0.00030534749 0)
(1.0003951 0.00030523484 0)
(1.0003959 0.00030512072 0)
(1.0003968 0.00030500511 0)
(1.0003976 0.00030488803 0)
(1.0003985 0.00030476947 0)
(1.0003993 0.00030464944 0)
(1.0004002 0.00030452794 0)
(1.000401 0.00030440497 0)
(1.0004019 0.00030428053 0)
(1.0004027 0.00030415463 0)
(1.0004035 0.00030402726 0)
(1.0004044 0.00030389843 0)
(1.0004052 0.00030376814 0)
(1.0004061 0.00030363638 0)
(1.0004069 0.00030350317 0)
(1.0004078 0.0003033685 0)
(1.0004086 0.00030323238 0)
(1.0004095 0.00030309479 0)
(1.0004103 0.00030295576 0)
(1.0004112 0.00030281527 0)
(1.000412 0.00030267332 0)
(1.0004129 0.00030252993 0)
(1.0004137 0.00030238508 0)
(1.0004145 0.00030223878 0)
(1.0004154 0.00030209103 0)
(1.0004162 0.00030194183 0)
(1.0004171 0.00030179118 0)
(1.0004179 0.00030163908 0)
(1.0004188 0.00030148553 0)
(1.0004196 0.00030133052 0)
(1.0004205 0.00030117407 0)
(1.0004213 0.00030101617 0)
(1.0004222 0.00030085682 0)
(1.000423 0.00030069602 0)
(1.0004239 0.00030053377 0)
(1.0004247 0.00030037006 0)
(1.0004256 0.0003002049 0)
(1.0004264 0.00030003829 0)
(1.0004273 0.00029987023 0)
(1.0004281 0.00029970072 0)
(1.000429 0.00029952974 0)
(1.0004298 0.00029935732 0)
(1.0004307 0.00029918343 0)
(1.0004316 0.00029900809 0)
(1.0004324 0.00029883129 0)
(1.0004333 0.00029865302 0)
(1.0004341 0.0002984733 0)
(1.000435 0.00029829211 0)
(1.0004358 0.00029810946 0)
(1.0004367 0.00029792534 0)
(1.0004375 0.00029773975 0)
(1.0004384 0.00029755269 0)
(1.0004393 0.00029736416 0)
(1.0004401 0.00029717416 0)
(1.000441 0.00029698268 0)
(1.0004418 0.00029678972 0)
(1.0004427 0.00029659529 0)
(1.0004436 0.00029639937 0)
(1.0004444 0.00029620196 0)
(1.0004453 0.00029600307 0)
(1.0004461 0.00029580268 0)
(1.000447 0.00029560081 0)
(1.0004479 0.00029539744 0)
(1.0004487 0.00029519257 0)
(1.0004496 0.0002949862 0)
(1.0004505 0.00029477832 0)
(1.0004513 0.00029456894 0)
(1.0004522 0.00029435804 0)
(1.0004531 0.00029414564 0)
(1.0004539 0.00029393171 0)
(1.0004548 0.00029371627 0)
(1.0004557 0.0002934993 0)
(1.0004566 0.0002932808 0)
(1.0004574 0.00029306077 0)
(1.0004583 0.0002928392 0)
(1.0004592 0.0002926161 0)
(1.0004601 0.00029239145 0)
(1.0004609 0.00029216525 0)
(1.0004618 0.00029193751 0)
(1.0004627 0.0002917082 0)
(1.0004636 0.00029147734 0)
(1.0004645 0.0002912449 0)
(1.0004653 0.0002910109 0)
(1.0004662 0.00029077533 0)
(1.0004671 0.00029053817 0)
(1.000468 0.00029029943 0)
(1.0004689 0.0002900591 0)
(1.0004698 0.00028981718 0)
(1.0004707 0.00028957366 0)
(1.0004716 0.00028932853 0)
(1.0004725 0.00028908179 0)
(1.0004733 0.00028883344 0)
(1.0004742 0.00028858346 0)
(1.0004751 0.00028833185 0)
(1.000476 0.00028807861 0)
(1.0004769 0.00028782374 0)
(1.0004778 0.00028756721 0)
(1.0004787 0.00028730904 0)
(1.0004796 0.00028704921 0)
(1.0004805 0.00028678771 0)
(1.0004814 0.00028652454 0)
(1.0004824 0.00028625969 0)
(1.0004833 0.00028599317 0)
(1.0003498 0.00030243469 0)
(1.0003507 0.00030239216 0)
(1.0003515 0.00030234802 0)
(1.0003524 0.00030230227 0)
(1.0003532 0.0003022549 0)
(1.0003541 0.00030220591 0)
(1.0003549 0.00030215531 0)
(1.0003557 0.0003021031 0)
(1.0003566 0.0003020493 0)
(1.0003574 0.0003019939 0)
(1.0003583 0.00030193691 0)
(1.0003591 0.00030187833 0)
(1.00036 0.00030181817 0)
(1.0003608 0.00030175643 0)
(1.0003616 0.00030169311 0)
(1.0003625 0.00030162822 0)
(1.0003633 0.00030156177 0)
(1.0003642 0.00030149375 0)
(1.000365 0.00030142417 0)
(1.0003658 0.00030135303 0)
(1.0003667 0.00030128034 0)
(1.0003675 0.0003012061 0)
(1.0003684 0.00030113032 0)
(1.0003692 0.00030105299 0)
(1.00037 0.00030097412 0)
(1.0003709 0.00030089372 0)
(1.0003717 0.00030081178 0)
(1.0003726 0.00030072831 0)
(1.0003734 0.00030064331 0)
(1.0003742 0.00030055678 0)
(1.0003751 0.00030046874 0)
(1.0003759 0.00030037917 0)
(1.0003768 0.00030028808 0)
(1.0003776 0.00030019548 0)
(1.0003784 0.00030010137 0)
(1.0003793 0.00030000575 0)
(1.0003801 0.00029990862 0)
(1.000381 0.00029980998 0)
(1.0003818 0.00029970984 0)
(1.0003826 0.00029960819 0)
(1.0003835 0.00029950505 0)
(1.0003843 0.0002994004 0)
(1.0003852 0.00029929426 0)
(1.000386 0.00029918663 0)
(1.0003868 0.0002990775 0)
(1.0003877 0.00029896688 0)
(1.0003885 0.00029885477 0)
(1.0003894 0.00029874117 0)
(1.0003902 0.00029862608 0)
(1.000391 0.0002985095 0)
(1.0003919 0.00029839144 0)
(1.0003927 0.00029827189 0)
(1.0003936 0.00029815086 0)
(1.0003944 0.00029802835 0)
(1.0003952 0.00029790435 0)
(1.0003961 0.00029777887 0)
(1.0003969 0.00029765192 0)
(1.0003978 0.00029752348 0)
(1.0003986 0.00029739356 0)
(1.0003994 0.00029726216 0)
(1.0004003 0.00029712928 0)
(1.0004011 0.00029699493 0)
(1.000402 0.00029685909 0)
(1.0004028 0.00029672178 0)
(1.0004037 0.00029658299 0)
(1.0004045 0.00029644272 0)
(1.0004053 0.00029630097 0)
(1.0004062 0.00029615774 0)
(1.000407 0.00029601303 0)
(1.0004079 0.00029586684 0)
(1.0004087 0.00029571917 0)
(1.0004096 0.00029557002 0)
(1.0004104 0.00029541939 0)
(1.0004113 0.00029526728 0)
(1.0004121 0.00029511368 0)
(1.000413 0.0002949586 0)
(1.0004138 0.00029480204 0)
(1.0004147 0.00029464399 0)
(1.0004155 0.00029448445 0)
(1.0004164 0.00029432342 0)
(1.0004172 0.0002941609 0)
(1.0004181 0.0002939969 0)
(1.0004189 0.0002938314 0)
(1.0004198 0.0002936644 0)
(1.0004206 0.00029349591 0)
(1.0004215 0.00029332592 0)
(1.0004223 0.00029315444 0)
(1.0004232 0.00029298145 0)
(1.000424 0.00029280696 0)
(1.0004249 0.00029263096 0)
(1.0004258 0.00029245346 0)
(1.0004266 0.00029227445 0)
(1.0004275 0.00029209392 0)
(1.0004283 0.00029191188 0)
(1.0004292 0.00029172833 0)
(1.00043 0.00029154325 0)
(1.0004309 0.00029135666 0)
(1.0004318 0.00029116853 0)
(1.0004326 0.00029097889 0)
(1.0004335 0.00029078771 0)
(1.0004344 0.00029059499 0)
(1.0004352 0.00029040075 0)
(1.0004361 0.00029020496 0)
(1.000437 0.00029000762 0)
(1.0004378 0.00028980875 0)
(1.0004387 0.00028960832 0)
(1.0004396 0.00028940634 0)
(1.0004404 0.0002892028 0)
(1.0004413 0.0002889977 0)
(1.0004422 0.00028879104 0)
(1.0004431 0.0002885828 0)
(1.0004439 0.000288373 0)
(1.0004448 0.00028816162 0)
(1.0004457 0.00028794865 0)
(1.0004466 0.00028773411 0)
(1.0004474 0.00028751797 0)
(1.0004483 0.00028730024 0)
(1.0004492 0.00028708091 0)
(1.0004501 0.00028685997 0)
(1.000451 0.00028663743 0)
(1.0004518 0.00028641328 0)
(1.0004527 0.0002861875 0)
(1.0004536 0.00028596011 0)
(1.0004545 0.00028573108 0)
(1.0004554 0.00028550042 0)
(1.0004563 0.00028526812 0)
(1.0004572 0.00028503418 0)
(1.0004581 0.00028479859 0)
(1.000459 0.00028456134 0)
(1.0004599 0.00028432243 0)
(1.0004608 0.00028408185 0)
(1.0004617 0.0002838396 0)
(1.0004626 0.00028359566 0)
(1.0004635 0.00028335004 0)
(1.0004644 0.00028310273 0)
(1.0004653 0.00028285372 0)
(1.0004662 0.000282603 0)
(1.0004671 0.00028235058 0)
(1.0003348 0.00029648637 0)
(1.0003356 0.00029646139 0)
(1.0003364 0.00029643477 0)
(1.0003373 0.00029640653 0)
(1.0003381 0.00029637664 0)
(1.0003389 0.00029634512 0)
(1.0003398 0.00029631198 0)
(1.0003406 0.00029627721 0)
(1.0003414 0.00029624082 0)
(1.0003423 0.00029620282 0)
(1.0003431 0.00029616321 0)
(1.0003439 0.000296122 0)
(1.0003448 0.00029607918 0)
(1.0003456 0.00029603476 0)
(1.0003464 0.00029598875 0)
(1.0003473 0.00029594114 0)
(1.0003481 0.00029589195 0)
(1.0003489 0.00029584118 0)
(1.0003498 0.00029578882 0)
(1.0003506 0.00029573489 0)
(1.0003514 0.00029567939 0)
(1.0003523 0.00029562231 0)
(1.0003531 0.00029556367 0)
(1.0003539 0.00029550346 0)
(1.0003548 0.0002954417 0)
(1.0003556 0.00029537837 0)
(1.0003564 0.00029531349 0)
(1.0003573 0.00029524706 0)
(1.0003581 0.00029517908 0)
(1.0003589 0.00029510955 0)
(1.0003597 0.00029503847 0)
(1.0003606 0.00029496586 0)
(1.0003614 0.0002948917 0)
(1.0003622 0.00029481601 0)
(1.0003631 0.00029473878 0)
(1.0003639 0.00029466001 0)
(1.0003647 0.00029457972 0)
(1.0003656 0.0002944979 0)
(1.0003664 0.00029441455 0)
(1.0003672 0.00029432968 0)
(1.0003681 0.00029424328 0)
(1.0003689 0.00029415536 0)
(1.0003697 0.00029406592 0)
(1.0003706 0.00029397496 0)
(1.0003714 0.00029388249 0)
(1.0003722 0.0002937885 0)
(1.0003731 0.00029369299 0)
(1.0003739 0.00029359597 0)
(1.0003747 0.00029349744 0)
(1.0003756 0.0002933974 0)
(1.0003764 0.00029329585 0)
(1.0003772 0.00029319279 0)
(1.0003781 0.00029308822 0)
(1.0003789 0.00029298215 0)
(1.0003797 0.00029287457 0)
(1.0003806 0.00029276548 0)
(1.0003814 0.00029265488 0)
(1.0003822 0.00029254279 0)
(1.0003831 0.00029242918 0)
(1.0003839 0.00029231408 0)
(1.0003847 0.00029219746 0)
(1.0003856 0.00029207935 0)
(1.0003864 0.00029195973 0)
(1.0003872 0.00029183861 0)
(1.0003881 0.00029171598 0)
(1.0003889 0.00029159185 0)
(1.0003898 0.00029146622 0)
(1.0003906 0.00029133908 0)
(1.0003914 0.00029121043 0)
(1.0003923 0.00029108028 0)
(1.0003931 0.00029094863 0)
(1.000394 0.00029081546 0)
(1.0003948 0.0002906808 0)
(1.0003956 0.00029054462 0)
(1.0003965 0.00029040693 0)
(1.0003973 0.00029026774 0)
(1.0003982 0.00029012703 0)
(1.000399 0.00028998481 0)
(1.0003999 0.00028984108 0)
(1.0004007 0.00028969583 0)
(1.0004016 0.00028954907 0)
(1.0004024 0.00028940079 0)
(1.0004033 0.00028925099 0)
(1.0004041 0.00028909968 0)
(1.0004049 0.00028894684 0)
(1.0004058 0.00028879247 0)
(1.0004066 0.00028863658 0)
(1.0004075 0.00028847917 0)
(1.0004083 0.00028832022 0)
(1.0004092 0.00028815975 0)
(1.0004101 0.00028799773 0)
(1.0004109 0.00028783419 0)
(1.0004118 0.0002876691 0)
(1.0004126 0.00028750248 0)
(1.0004135 0.00028733431 0)
(1.0004143 0.0002871646 0)
(1.0004152 0.00028699333 0)
(1.000416 0.00028682052 0)
(1.0004169 0.00028664615 0)
(1.0004178 0.00028647023 0)
(1.0004186 0.00028629274 0)
(1.0004195 0.00028611369 0)
(1.0004204 0.00028593308 0)
(1.0004212 0.0002857509 0)
(1.0004221 0.00028556714 0)
(1.0004229 0.00028538181 0)
(1.0004238 0.00028519489 0)
(1.0004247 0.0002850064 0)
(1.0004255 0.00028481631 0)
(1.0004264 0.00028462463 0)
(1.0004273 0.00028443136 0)
(1.0004282 0.00028423649 0)
(1.000429 0.00028404002 0)
(1.0004299 0.00028384194 0)
(1.0004308 0.00028364224 0)
(1.0004317 0.00028344093 0)
(1.0004325 0.000283238 0)
(1.0004334 0.00028303345 0)
(1.0004343 0.00028282726 0)
(1.0004352 0.00028261944 0)
(1.0004361 0.00028240998 0)
(1.0004369 0.00028219887 0)
(1.0004378 0.00028198611 0)
(1.0004387 0.0002817717 0)
(1.0004396 0.00028155563 0)
(1.0004405 0.00028133789 0)
(1.0004414 0.00028111848 0)
(1.0004423 0.00028089739 0)
(1.0004432 0.00028067462 0)
(1.0004441 0.00028045017 0)
(1.000445 0.00028022401 0)
(1.0004458 0.00027999616 0)
(1.0004467 0.0002797666 0)
(1.0004476 0.00027953533 0)
(1.0004485 0.00027930233 0)
(1.0004495 0.00027906762 0)
(1.0004504 0.00027883116 0)
(1.0004513 0.00027859298 0)
(1.0003202 0.00029043669 0)
(1.000321 0.0002904289 0)
(1.0003218 0.00029041948 0)
(1.0003226 0.0002904084 0)
(1.0003235 0.00029039568 0)
(1.0003243 0.00029038132 0)
(1.0003251 0.00029036532 0)
(1.0003259 0.00029034768 0)
(1.0003267 0.00029032841 0)
(1.0003276 0.00029030752 0)
(1.0003284 0.000290285 0)
(1.0003292 0.00029026086 0)
(1.00033 0.00029023511 0)
(1.0003309 0.00029020775 0)
(1.0003317 0.00029017878 0)
(1.0003325 0.0002901482 0)
(1.0003333 0.00029011602 0)
(1.0003341 0.00029008225 0)
(1.000335 0.00029004688 0)
(1.0003358 0.00029000992 0)
(1.0003366 0.00028997137 0)
(1.0003374 0.00028993124 0)
(1.0003383 0.00028988953 0)
(1.0003391 0.00028984623 0)
(1.0003399 0.00028980136 0)
(1.0003407 0.00028975492 0)
(1.0003415 0.0002897069 0)
(1.0003424 0.00028965732 0)
(1.0003432 0.00028960617 0)
(1.000344 0.00028955346 0)
(1.0003448 0.00028949919 0)
(1.0003456 0.00028944335 0)
(1.0003465 0.00028938597 0)
(1.0003473 0.00028932702 0)
(1.0003481 0.00028926653 0)
(1.0003489 0.00028920449 0)
(1.0003498 0.00028914089 0)
(1.0003506 0.00028907576 0)
(1.0003514 0.00028900907 0)
(1.0003522 0.00028894085 0)
(1.0003531 0.00028887108 0)
(1.0003539 0.00028879977 0)
(1.0003547 0.00028872693 0)
(1.0003555 0.00028865254 0)
(1.0003564 0.00028857663 0)
(1.0003572 0.00028849917 0)
(1.000358 0.00028842019 0)
(1.0003588 0.00028833967 0)
(1.0003597 0.00028825763 0)
(1.0003605 0.00028817405 0)
(1.0003613 0.00028808894 0)
(1.0003621 0.00028800231 0)
(1.000363 0.00028791415 0)
(1.0003638 0.00028782446 0)
(1.0003646 0.00028773325 0)
(1.0003654 0.00028764051 0)
(1.0003663 0.00028754624 0)
(1.0003671 0.00028745045 0)
(1.0003679 0.00028735314 0)
(1.0003688 0.0002872543 0)
(1.0003696 0.00028715393 0)
(1.0003704 0.00028705205 0)
(1.0003712 0.00028694863 0)
(1.0003721 0.0002868437 0)
(1.0003729 0.00028673724 0)
(1.0003737 0.00028662925 0)
(1.0003746 0.00028651974 0)
(1.0003754 0.00028640871 0)
(1.0003762 0.00028629615 0)
(1.0003771 0.00028618206 0)
(1.0003779 0.00028606645 0)
(1.0003787 0.00028594931 0)
(1.0003796 0.00028583064 0)
(1.0003804 0.00028571044 0)
(1.0003813 0.00028558871 0)
(1.0003821 0.00028546545 0)
(1.0003829 0.00028534065 0)
(1.0003838 0.00028521433 0)
(1.0003846 0.00028508647 0)
(1.0003855 0.00028495707 0)
(1.0003863 0.00028482613 0)
(1.0003871 0.00028469366 0)
(1.000388 0.00028455965 0)
(1.0003888 0.00028442409 0)
(1.0003897 0.00028428699 0)
(1.0003905 0.00028414834 0)
(1.0003914 0.00028400815 0)
(1.0003922 0.00028386641 0)
(1.000393 0.00028372311 0)
(1.0003939 0.00028357826 0)
(1.0003947 0.00028343186 0)
(1.0003956 0.00028328389 0)
(1.0003964 0.00028313437 0)
(1.0003973 0.00028298328 0)
(1.0003981 0.00028283063 0)
(1.000399 0.00028267641 0)
(1.0003998 0.00028252062 0)
(1.0004007 0.00028236325 0)
(1.0004016 0.00028220431 0)
(1.0004024 0.00028204379 0)
(1.0004033 0.00028188168 0)
(1.0004041 0.00028171799 0)
(1.000405 0.00028155271 0)
(1.0004058 0.00028138584 0)
(1.0004067 0.00028121737 0)
(1.0004076 0.0002810473 0)
(1.0004084 0.00028087563 0)
(1.0004093 0.00028070235 0)
(1.0004102 0.00028052746 0)
(1.000411 0.00028035096 0)
(1.0004119 0.00028017283 0)
(1.0004128 0.00027999309 0)
(1.0004136 0.00027981172 0)
(1.0004145 0.00027962872 0)
(1.0004154 0.00027944408 0)
(1.0004162 0.0002792578 0)
(1.0004171 0.00027906988 0)
(1.000418 0.00027888031 0)
(1.0004189 0.00027868909 0)
(1.0004198 0.0002784962 0)
(1.0004206 0.00027830166 0)
(1.0004215 0.00027810544 0)
(1.0004224 0.00027790756 0)
(1.0004233 0.00027770799 0)
(1.0004242 0.00027750674 0)
(1.0004251 0.0002773038 0)
(1.0004259 0.00027709917 0)
(1.0004268 0.00027689283 0)
(1.0004277 0.00027668479 0)
(1.0004286 0.00027647504 0)
(1.0004295 0.00027626356 0)
(1.0004304 0.00027605037 0)
(1.0004313 0.00027583544 0)
(1.0004322 0.00027561878 0)
(1.0004331 0.00027540037 0)
(1.000434 0.00027518022 0)
(1.0004349 0.00027495831 0)
(1.0004358 0.00027473463 0)
(1.000306 0.00028428796 0)
(1.0003068 0.00028429692 0)
(1.0003076 0.00028430423 0)
(1.0003084 0.00028430988 0)
(1.0003092 0.00028431389 0)
(1.0003101 0.00028431624 0)
(1.0003109 0.00028431695 0)
(1.0003117 0.00028431602 0)
(1.0003125 0.00028431345 0)
(1.0003133 0.00028430925 0)
(1.0003141 0.00028430342 0)
(1.0003149 0.00028429596 0)
(1.0003157 0.00028428688 0)
(1.0003165 0.00028427618 0)
(1.0003174 0.00028426386 0)
(1.0003182 0.00028424993 0)
(1.000319 0.0002842344 0)
(1.0003198 0.00028421725 0)
(1.0003206 0.0002841985 0)
(1.0003214 0.00028417816 0)
(1.0003222 0.00028415621 0)
(1.000323 0.00028413267 0)
(1.0003238 0.00028410754 0)
(1.0003246 0.00028408082 0)
(1.0003255 0.00028405251 0)
(1.0003263 0.00028402262 0)
(1.0003271 0.00028399114 0)
(1.0003279 0.00028395809 0)
(1.0003287 0.00028392346 0)
(1.0003295 0.00028388726 0)
(1.0003303 0.00028384948 0)
(1.0003311 0.00028381014 0)
(1.000332 0.00028376922 0)
(1.0003328 0.00028372674 0)
(1.0003336 0.0002836827 0)
(1.0003344 0.00028363709 0)
(1.0003352 0.00028358992 0)
(1.000336 0.00028354119 0)
(1.0003368 0.00028349091 0)
(1.0003377 0.00028343907 0)
(1.0003385 0.00028338568 0)
(1.0003393 0.00028333073 0)
(1.0003401 0.00028327423 0)
(1.0003409 0.00028321618 0)
(1.0003417 0.00028315658 0)
(1.0003425 0.00028309543 0)
(1.0003434 0.00028303274 0)
(1.0003442 0.0002829685 0)
(1.000345 0.00028290271 0)
(1.0003458 0.00028283538 0)
(1.0003466 0.00028276651 0)
(1.0003475 0.00028269609 0)
(1.0003483 0.00028262413 0)
(1.0003491 0.00028255063 0)
(1.0003499 0.00028247559 0)
(1.0003507 0.00028239901 0)
(1.0003516 0.00028232088 0)
(1.0003524 0.00028224122 0)
(1.0003532 0.00028216001 0)
(1.000354 0.00028207726 0)
(1.0003548 0.00028199298 0)
(1.0003557 0.00028190715 0)
(1.0003565 0.00028181978 0)
(1.0003573 0.00028173088 0)
(1.0003581 0.00028164043 0)
(1.000359 0.00028154844 0)
(1.0003598 0.0002814549 0)
(1.0003606 0.00028135983 0)
(1.0003614 0.00028126321 0)
(1.0003623 0.00028116505 0)
(1.0003631 0.00028106535 0)
(1.0003639 0.0002809641 0)
(1.0003648 0.0002808613 0)
(1.0003656 0.00028075696 0)
(1.0003664 0.00028065107 0)
(1.0003672 0.00028054363 0)
(1.0003681 0.00028043463 0)
(1.0003689 0.00028032409 0)
(1.0003697 0.000280212 0)
(1.0003706 0.00028009835 0)
(1.0003714 0.00027998314 0)
(1.0003723 0.00027986638 0)
(1.0003731 0.00027974806 0)
(1.0003739 0.00027962818 0)
(1.0003748 0.00027950673 0)
(1.0003756 0.00027938372 0)
(1.0003764 0.00027925915 0)
(1.0003773 0.000279133 0)
(1.0003781 0.00027900529 0)
(1.000379 0.000278876 0)
(1.0003798 0.00027874514 0)
(1.0003807 0.0002786127 0)
(1.0003815 0.00027847868 0)
(1.0003823 0.00027834307 0)
(1.0003832 0.00027820588 0)
(1.000384 0.00027806711 0)
(1.0003849 0.00027792674 0)
(1.0003857 0.00027778478 0)
(1.0003866 0.00027764122 0)
(1.0003874 0.00027749606 0)
(1.0003883 0.0002773493 0)
(1.0003891 0.00027720094 0)
(1.00039 0.00027705096 0)
(1.0003909 0.00027689937 0)
(1.0003917 0.00027674617 0)
(1.0003926 0.00027659135 0)
(1.0003934 0.0002764349 0)
(1.0003943 0.00027627682 0)
(1.0003951 0.00027611712 0)
(1.000396 0.00027595578 0)
(1.0003969 0.0002757928 0)
(1.0003977 0.00027562818 0)
(1.0003986 0.00027546191 0)
(1.0003995 0.00027529398 0)
(1.0004003 0.00027512441 0)
(1.0004012 0.00027495317 0)
(1.0004021 0.00027478026 0)
(1.0004029 0.00027460569 0)
(1.0004038 0.00027442944 0)
(1.0004047 0.00027425152 0)
(1.0004056 0.00027407191 0)
(1.0004065 0.0002738906 0)
(1.0004073 0.00027370761 0)
(1.0004082 0.00027352291 0)
(1.0004091 0.00027333651 0)
(1.00041 0.0002731484 0)
(1.0004109 0.00027295857 0)
(1.0004117 0.00027276702 0)
(1.0004126 0.00027257375 0)
(1.0004135 0.00027237873 0)
(1.0004144 0.00027218198 0)
(1.0004153 0.00027198349 0)
(1.0004162 0.00027178324 0)
(1.0004171 0.00027158123 0)
(1.000418 0.00027137746 0)
(1.0004189 0.00027117192 0)
(1.0004198 0.0002709646 0)
(1.0004207 0.00027075549 0)
(1.0002923 0.00027804943 0)
(1.0002931 0.00027807469 0)
(1.0002939 0.00027809829 0)
(1.0002947 0.00027812025 0)
(1.0002955 0.00027814056 0)
(1.0002963 0.00027815922 0)
(1.0002971 0.00027817623 0)
(1.0002979 0.00027819161 0)
(1.0002987 0.00027820534 0)
(1.0002995 0.00027821745 0)
(1.0003003 0.00027822792 0)
(1.0003011 0.00027823676 0)
(1.0003019 0.00027824398 0)
(1.0003027 0.00027824958 0)
(1.0003035 0.00027825357 0)
(1.0003042 0.00027825593 0)
(1.000305 0.00027825669 0)
(1.0003058 0.00027825584 0)
(1.0003066 0.00027825338 0)
(1.0003074 0.00027824932 0)
(1.0003082 0.00027824365 0)
(1.000309 0.00027823639 0)
(1.0003098 0.00027822754 0)
(1.0003106 0.00027821709 0)
(1.0003114 0.00027820505 0)
(1.0003122 0.00027819142 0)
(1.000313 0.0002781762 0)
(1.0003139 0.00027815941 0)
(1.0003147 0.00027814103 0)
(1.0003155 0.00027812107 0)
(1.0003163 0.00027809953 0)
(1.0003171 0.00027807642 0)
(1.0003179 0.00027805173 0)
(1.0003187 0.00027802547 0)
(1.0003195 0.00027799764 0)
(1.0003203 0.00027796824 0)
(1.0003211 0.00027793728 0)
(1.0003219 0.00027790475 0)
(1.0003227 0.00027787065 0)
(1.0003235 0.00027783499 0)
(1.0003243 0.00027779777 0)
(1.0003251 0.00027775899 0)
(1.0003259 0.00027771865 0)
(1.0003267 0.00027767675 0)
(1.0003275 0.00027763329 0)
(1.0003283 0.00027758828 0)
(1.0003291 0.00027754171 0)
(1.0003299 0.00027749358 0)
(1.0003308 0.00027744391 0)
(1.0003316 0.00027739267 0)
(1.0003324 0.00027733989 0)
(1.0003332 0.00027728555 0)
(1.000334 0.00027722966 0)
(1.0003348 0.00027717222 0)
(1.0003356 0.00027711323 0)
(1.0003364 0.00027705269 0)
(1.0003372 0.00027699059 0)
(1.000338 0.00027692695 0)
(1.0003389 0.00027686175 0)
(1.0003397 0.00027679501 0)
(1.0003405 0.00027672671 0)
(1.0003413 0.00027665686 0)
(1.0003421 0.00027658546 0)
(1.0003429 0.0002765125 0)
(1.0003438 0.000276438 0)
(1.0003446 0.00027636194 0)
(1.0003454 0.00027628433 0)
(1.0003462 0.00027620516 0)
(1.000347 0.00027612444 0)
(1.0003478 0.00027604217 0)
(1.0003487 0.00027595833 0)
(1.0003495 0.00027587294 0)
(1.0003503 0.00027578599 0)
(1.0003511 0.00027569749 0)
(1.000352 0.00027560742 0)
(1.0003528 0.00027551579 0)
(1.0003536 0.00027542259 0)
(1.0003544 0.00027532783 0)
(1.0003553 0.00027523151 0)
(1.0003561 0.00027513362 0)
(1.0003569 0.00027503416 0)
(1.0003577 0.00027493312 0)
(1.0003586 0.00027483052 0)
(1.0003594 0.00027472634 0)
(1.0003602 0.00027462058 0)
(1.0003611 0.00027451325 0)
(1.0003619 0.00027440433 0)
(1.0003627 0.00027429383 0)
(1.0003636 0.00027418175 0)
(1.0003644 0.00027406808 0)
(1.0003652 0.00027395282 0)
(1.0003661 0.00027383597 0)
(1.0003669 0.00027371752 0)
(1.0003678 0.00027359748 0)
(1.0003686 0.00027347583 0)
(1.0003694 0.00027335259 0)
(1.0003703 0.00027322773 0)
(1.0003711 0.00027310127 0)
(1.000372 0.0002729732 0)
(1.0003728 0.00027284351 0)
(1.0003737 0.0002727122 0)
(1.0003745 0.00027257927 0)
(1.0003754 0.00027244472 0)
(1.0003762 0.00027230854 0)
(1.0003771 0.00027217072 0)
(1.0003779 0.00027203127 0)
(1.0003788 0.00027189019 0)
(1.0003796 0.00027174745 0)
(1.0003805 0.00027160307 0)
(1.0003814 0.00027145704 0)
(1.0003822 0.00027130936 0)
(1.0003831 0.00027116001 0)
(1.0003839 0.000271009 0)
(1.0003848 0.00027085633 0)
(1.0003857 0.00027070198 0)
(1.0003865 0.00027054595 0)
(1.0003874 0.00027038824 0)
(1.0003883 0.00027022885 0)
(1.0003891 0.00027006776 0)
(1.00039 0.00026990498 0)
(1.0003909 0.00026974049 0)
(1.0003917 0.0002695743 0)
(1.0003926 0.0002694064 0)
(1.0003935 0.00026923678 0)
(1.0003944 0.00026906544 0)
(1.0003953 0.00026889237 0)
(1.0003961 0.00026871756 0)
(1.000397 0.00026854102 0)
(1.0003979 0.00026836273 0)
(1.0003988 0.00026818269 0)
(1.0003997 0.00026800089 0)
(1.0004006 0.00026781733 0)
(1.0004014 0.000267632 0)
(1.0004023 0.0002674449 0)
(1.0004032 0.00026725601 0)
(1.0004041 0.00026706533 0)
(1.000405 0.00026687286 0)
(1.0004059 0.00026667859 0)
(1.000279 0.00027172229 0)
(1.0002798 0.00027176326 0)
(1.0002806 0.00027180259 0)
(1.0002813 0.00027184027 0)
(1.0002821 0.00027187631 0)
(1.0002829 0.00027191071 0)
(1.0002837 0.00027194346 0)
(1.0002845 0.00027197458 0)
(1.0002853 0.00027200407 0)
(1.0002861 0.00027203193 0)
(1.0002868 0.00027205817 0)
(1.0002876 0.00027208278 0)
(1.0002884 0.00027210577 0)
(1.0002892 0.00027212715 0)
(1.00029 0.00027214691 0)
(1.0002908 0.00027216506 0)
(1.0002916 0.0002721816 0)
(1.0002923 0.00027219654 0)
(1.0002931 0.00027220987 0)
(1.0002939 0.0002722216 0)
(1.0002947 0.00027223173 0)
(1.0002955 0.00027224027 0)
(1.0002963 0.00027224721 0)
(1.0002971 0.00027225256 0)
(1.0002979 0.00027225633 0)
(1.0002986 0.0002722585 0)
(1.0002994 0.00027225909 0)
(1.0003002 0.00027225809 0)
(1.000301 0.00027225551 0)
(1.0003018 0.00027225136 0)
(1.0003026 0.00027224562 0)
(1.0003034 0.00027223831 0)
(1.0003042 0.00027222942 0)
(1.000305 0.00027221896 0)
(1.0003058 0.00027220693 0)
(1.0003066 0.00027219333 0)
(1.0003074 0.00027217815 0)
(1.0003081 0.00027216141 0)
(1.0003089 0.00027214311 0)
(1.0003097 0.00027212323 0)
(1.0003105 0.0002721018 0)
(1.0003113 0.0002720788 0)
(1.0003121 0.00027205423 0)
(1.0003129 0.00027202811 0)
(1.0003137 0.00027200042 0)
(1.0003145 0.00027197117 0)
(1.0003153 0.00027194037 0)
(1.0003161 0.000271908 0)
(1.0003169 0.00027187408 0)
(1.0003177 0.0002718386 0)
(1.0003185 0.00027180156 0)
(1.0003193 0.00027176296 0)
(1.0003201 0.0002717228 0)
(1.0003209 0.00027168109 0)
(1.0003217 0.00027163782 0)
(1.0003225 0.000271593 0)
(1.0003233 0.00027154662 0)
(1.0003241 0.00027149868 0)
(1.0003249 0.00027144918 0)
(1.0003257 0.00027139813 0)
(1.0003265 0.00027134552 0)
(1.0003273 0.00027129135 0)
(1.0003282 0.00027123562 0)
(1.000329 0.00027117833 0)
(1.0003298 0.00027111949 0)
(1.0003306 0.00027105908 0)
(1.0003314 0.00027099711 0)
(1.0003322 0.00027093358 0)
(1.000333 0.00027086849 0)
(1.0003338 0.00027080183 0)
(1.0003346 0.00027073361 0)
(1.0003354 0.00027066382 0)
(1.0003363 0.00027059247 0)
(1.0003371 0.00027051955 0)
(1.0003379 0.00027044506 0)
(1.0003387 0.00027036899 0)
(1.0003395 0.00027029136 0)
(1.0003403 0.00027021215 0)
(1.0003412 0.00027013136 0)
(1.000342 0.000270049 0)
(1.0003428 0.00026996506 0)
(1.0003436 0.00026987954 0)
(1.0003445 0.00026979243 0)
(1.0003453 0.00026970374 0)
(1.0003461 0.00026961347 0)
(1.0003469 0.0002695216 0)
(1.0003478 0.00026942815 0)
(1.0003486 0.0002693331 0)
(1.0003494 0.00026923645 0)
(1.0003502 0.00026913821 0)
(1.0003511 0.00026903836 0)
(1.0003519 0.00026893692 0)
(1.0003527 0.00026883386 0)
(1.0003536 0.0002687292 0)
(1.0003544 0.00026862293 0)
(1.0003552 0.00026851504 0)
(1.0003561 0.00026840553 0)
(1.0003569 0.0002682944 0)
(1.0003578 0.00026818165 0)
(1.0003586 0.00026806727 0)
(1.0003594 0.00026795126 0)
(1.0003603 0.00026783362 0)
(1.0003611 0.00026771434 0)
(1.000362 0.00026759342 0)
(1.0003628 0.00026747085 0)
(1.0003637 0.00026734664 0)
(1.0003645 0.00026722077 0)
(1.0003654 0.00026709325 0)
(1.0003662 0.00026696406 0)
(1.0003671 0.00026683322 0)
(1.0003679 0.0002667007 0)
(1.0003688 0.00026656651 0)
(1.0003696 0.00026643064 0)
(1.0003705 0.00026629309 0)
(1.0003713 0.00026615386 0)
(1.0003722 0.00026601293 0)
(1.0003731 0.00026587031 0)
(1.0003739 0.00026572599 0)
(1.0003748 0.00026557996 0)
(1.0003757 0.00026543222 0)
(1.0003765 0.00026528277 0)
(1.0003774 0.00026513159 0)
(1.0003783 0.00026497869 0)
(1.0003791 0.00026482406 0)
(1.00038 0.00026466769 0)
(1.0003809 0.00026450958 0)
(1.0003818 0.00026434972 0)
(1.0003826 0.0002641881 0)
(1.0003835 0.00026402472 0)
(1.0003844 0.00026385958 0)
(1.0003853 0.00026369267 0)
(1.0003862 0.00026352398 0)
(1.0003871 0.0002633535 0)
(1.0003879 0.00026318123 0)
(1.0003888 0.00026300716 0)
(1.0003897 0.00026283129 0)
(1.0003906 0.00026265361 0)
(1.0003915 0.00026247411 0)
(1.0002661 0.00026531919 0)
(1.0002669 0.00026537534 0)
(1.0002677 0.00026542987 0)
(1.0002684 0.00026548276 0)
(1.0002692 0.00026553402 0)
(1.00027 0.00026558366 0)
(1.0002708 0.00026563166 0)
(1.0002715 0.00026567805 0)
(1.0002723 0.00026572281 0)
(1.0002731 0.00026576596 0)
(1.0002738 0.00026580749 0)
(1.0002746 0.00026584741 0)
(1.0002754 0.00026588572 0)
(1.0002762 0.00026592243 0)
(1.0002769 0.00026595753 0)
(1.0002777 0.00026599103 0)
(1.0002785 0.00026602293 0)
(1.0002793 0.00026605323 0)
(1.00028 0.00026608194 0)
(1.0002808 0.00026610906 0)
(1.0002816 0.00026613459 0)
(1.0002824 0.00026615852 0)
(1.0002831 0.00026618088 0)
(1.0002839 0.00026620165 0)
(1.0002847 0.00026622083 0)
(1.0002855 0.00026623844 0)
(1.0002862 0.00026625447 0)
(1.000287 0.00026626892 0)
(1.0002878 0.00026628179 0)
(1.0002886 0.00026629309 0)
(1.0002894 0.00026630282 0)
(1.0002901 0.00026631098 0)
(1.0002909 0.00026631757 0)
(1.0002917 0.00026632259 0)
(1.0002925 0.00026632604 0)
(1.0002933 0.00026632793 0)
(1.000294 0.00026632825 0)
(1.0002948 0.00026632701 0)
(1.0002956 0.00026632421 0)
(1.0002964 0.00026631984 0)
(1.0002972 0.00026631391 0)
(1.000298 0.00026630642 0)
(1.0002987 0.00026629738 0)
(1.0002995 0.00026628677 0)
(1.0003003 0.0002662746 0)
(1.0003011 0.00026626088 0)
(1.0003019 0.0002662456 0)
(1.0003027 0.00026622876 0)
(1.0003035 0.00026621037 0)
(1.0003043 0.00026619041 0)
(1.000305 0.00026616891 0)
(1.0003058 0.00026614584 0)
(1.0003066 0.00026612122 0)
(1.0003074 0.00026609504 0)
(1.0003082 0.00026606731 0)
(1.000309 0.00026603802 0)
(1.0003098 0.00026600717 0)
(1.0003106 0.00026597477 0)
(1.0003114 0.00026594081 0)
(1.0003122 0.00026590529 0)
(1.000313 0.00026586821 0)
(1.0003138 0.00026582957 0)
(1.0003146 0.00026578937 0)
(1.0003154 0.00026574762 0)
(1.0003162 0.0002657043 0)
(1.000317 0.00026565942 0)
(1.0003178 0.00026561297 0)
(1.0003186 0.00026556496 0)
(1.0003194 0.00026551539 0)
(1.0003202 0.00026546425 0)
(1.000321 0.00026541155 0)
(1.0003218 0.00026535727 0)
(1.0003226 0.00026530143 0)
(1.0003234 0.00026524401 0)
(1.0003242 0.00026518503 0)
(1.000325 0.00026512446 0)
(1.0003258 0.00026506232 0)
(1.0003266 0.00026499861 0)
(1.0003274 0.00026493331 0)
(1.0003283 0.00026486644 0)
(1.0003291 0.00026479798 0)
(1.0003299 0.00026472793 0)
(1.0003307 0.0002646563 0)
(1.0003315 0.00026458308 0)
(1.0003323 0.00026450826 0)
(1.0003332 0.00026443185 0)
(1.000334 0.00026435385 0)
(1.0003348 0.00026427425 0)
(1.0003356 0.00026419304 0)
(1.0003364 0.00026411024 0)
(1.0003373 0.00026402582 0)
(1.0003381 0.0002639398 0)
(1.0003389 0.00026385216 0)
(1.0003397 0.00026376291 0)
(1.0003406 0.00026367205 0)
(1.0003414 0.00026357956 0)
(1.0003422 0.00026348544 0)
(1.0003431 0.0002633897 0)
(1.0003439 0.00026329233 0)
(1.0003447 0.00026319333 0)
(1.0003456 0.00026309268 0)
(1.0003464 0.0002629904 0)
(1.0003472 0.00026288647 0)
(1.0003481 0.00026278089 0)
(1.0003489 0.00026267366 0)
(1.0003497 0.00026256478 0)
(1.0003506 0.00026245423 0)
(1.0003514 0.00026234202 0)
(1.0003523 0.00026222814 0)
(1.0003531 0.00026211259 0)
(1.000354 0.00026199536 0)
(1.0003548 0.00026187645 0)
(1.0003557 0.00026175586 0)
(1.0003565 0.00026163357 0)
(1.0003574 0.00026150959 0)
(1.0003582 0.00026138391 0)
(1.0003591 0.00026125653 0)
(1.0003599 0.00026112743 0)
(1.0003608 0.00026099662 0)
(1.0003617 0.00026086409 0)
(1.0003625 0.00026072984 0)
(1.0003634 0.00026059385 0)
(1.0003643 0.00026045613 0)
(1.0003651 0.00026031667 0)
(1.000366 0.00026017546 0)
(1.0003669 0.0002600325 0)
(1.0003677 0.00025988778 0)
(1.0003686 0.00025974129 0)
(1.0003695 0.00025959304 0)
(1.0003704 0.000259443 0)
(1.0003712 0.00025929119 0)
(1.0003721 0.00025913758 0)
(1.000373 0.00025898218 0)
(1.0003739 0.00025882498 0)
(1.0003748 0.00025866597 0)
(1.0003757 0.00025850515 0)
(1.0003765 0.0002583425 0)
(1.0003774 0.00025817802 0)
(1.0002537 0.00025883879 0)
(1.0002545 0.0002589094 0)
(1.0002552 0.0002589784 0)
(1.000256 0.00025904579 0)
(1.0002567 0.00025911157 0)
(1.0002575 0.00025917574 0)
(1.0002582 0.00025923829 0)
(1.000259 0.00025929924 0)
(1.0002598 0.00025935859 0)
(1.0002605 0.00025941634 0)
(1.0002613 0.00025947249 0)
(1.000262 0.00025952704 0)
(1.0002628 0.00025958001 0)
(1.0002636 0.00025963138 0)
(1.0002643 0.00025968116 0)
(1.0002651 0.00025972935 0)
(1.0002658 0.00025977596 0)
(1.0002666 0.00025982099 0)
(1.0002674 0.00025986444 0)
(1.0002681 0.00025990631 0)
(1.0002689 0.0002599466 0)
(1.0002696 0.00025998532 0)
(1.0002704 0.00026002246 0)
(1.0002712 0.00026005803 0)
(1.0002719 0.00026009203 0)
(1.0002727 0.00026012447 0)
(1.0002735 0.00026015533 0)
(1.0002742 0.00026018463 0)
(1.000275 0.00026021237 0)
(1.0002758 0.00026023854 0)
(1.0002765 0.00026026316 0)
(1.0002773 0.00026028621 0)
(1.0002781 0.0002603077 0)
(1.0002788 0.00026032763 0)
(1.0002796 0.00026034601 0)
(1.0002804 0.00026036282 0)
(1.0002811 0.00026037809 0)
(1.0002819 0.00026039179 0)
(1.0002827 0.00026040395 0)
(1.0002834 0.00026041454 0)
(1.0002842 0.00026042359 0)
(1.000285 0.00026043108 0)
(1.0002858 0.00026043702 0)
(1.0002865 0.00026044141 0)
(1.0002873 0.00026044425 0)
(1.0002881 0.00026044554 0)
(1.0002889 0.00026044527 0)
(1.0002896 0.00026044346 0)
(1.0002904 0.00026044009 0)
(1.0002912 0.00026043517 0)
(1.000292 0.0002604287 0)
(1.0002928 0.00026042068 0)
(1.0002935 0.00026041111 0)
(1.0002943 0.00026039999 0)
(1.0002951 0.00026038732 0)
(1.0002959 0.00026037309 0)
(1.0002967 0.00026035731 0)
(1.0002974 0.00026033998 0)
(1.0002982 0.0002603211 0)
(1.000299 0.00026030066 0)
(1.0002998 0.00026027866 0)
(1.0003006 0.00026025511 0)
(1.0003014 0.00026023 0)
(1.0003022 0.00026020334 0)
(1.000303 0.00026017512 0)
(1.0003038 0.00026014533 0)
(1.0003045 0.00026011399 0)
(1.0003053 0.00026008108 0)
(1.0003061 0.00026004661 0)
(1.0003069 0.00026001058 0)
(1.0003077 0.00025997298 0)
(1.0003085 0.00025993381 0)
(1.0003093 0.00025989308 0)
(1.0003101 0.00025985077 0)
(1.0003109 0.00025980689 0)
(1.0003117 0.00025976144 0)
(1.0003125 0.00025971441 0)
(1.0003133 0.00025966581 0)
(1.0003141 0.00025961562 0)
(1.0003149 0.00025956385 0)
(1.0003157 0.0002595105 0)
(1.0003165 0.00025945557 0)
(1.0003173 0.00025939904 0)
(1.0003181 0.00025934093 0)
(1.0003189 0.00025928122 0)
(1.0003198 0.00025921992 0)
(1.0003206 0.00025915702 0)
(1.0003214 0.00025909252 0)
(1.0003222 0.00025902641 0)
(1.000323 0.0002589587 0)
(1.0003238 0.00025888939 0)
(1.0003246 0.00025881846 0)
(1.0003255 0.00025874591 0)
(1.0003263 0.00025867175 0)
(1.0003271 0.00025859597 0)
(1.0003279 0.00025851856 0)
(1.0003287 0.00025843952 0)
(1.0003296 0.00025835886 0)
(1.0003304 0.00025827656 0)
(1.0003312 0.00025819262 0)
(1.000332 0.00025810704 0)
(1.0003329 0.00025801982 0)
(1.0003337 0.00025793095 0)
(1.0003345 0.00025784042 0)
(1.0003354 0.00025774824 0)
(1.0003362 0.0002576544 0)
(1.000337 0.00025755889 0)
(1.0003379 0.00025746172 0)
(1.0003387 0.00025736287 0)
(1.0003395 0.00025726234 0)
(1.0003404 0.00025716013 0)
(1.0003412 0.00025705624 0)
(1.0003421 0.00025695065 0)
(1.0003429 0.00025684337 0)
(1.0003438 0.00025673438 0)
(1.0003446 0.00025662369 0)
(1.0003455 0.00025651129 0)
(1.0003463 0.00025639718 0)
(1.0003472 0.00025628134 0)
(1.000348 0.00025616377 0)
(1.0003489 0.00025604448 0)
(1.0003497 0.00025592345 0)
(1.0003506 0.00025580067 0)
(1.0003515 0.00025567615 0)
(1.0003523 0.00025554987 0)
(1.0003532 0.00025542183 0)
(1.0003541 0.00025529203 0)
(1.0003549 0.00025516045 0)
(1.0003558 0.0002550271 0)
(1.0003567 0.00025489196 0)
(1.0003575 0.00025475503 0)
(1.0003584 0.00025461631 0)
(1.0003593 0.00025447578 0)
(1.0003602 0.00025433344 0)
(1.0003611 0.00025418928 0)
(1.0003619 0.0002540433 0)
(1.0003628 0.00025389549 0)
(1.0003637 0.00025374584 0)
(1.0002417 0.00025229862 0)
(1.0002425 0.0002523831 0)
(1.0002432 0.000252466 0)
(1.0002439 0.00025254731 0)
(1.0002447 0.00025262703 0)
(1.0002454 0.00025270516 0)
(1.0002462 0.00025278171 0)
(1.0002469 0.00025285668 0)
(1.0002476 0.00025293007 0)
(1.0002484 0.00025300188 0)
(1.0002491 0.00025307212 0)
(1.0002499 0.00025314078 0)
(1.0002506 0.00025320787 0)
(1.0002514 0.0002532734 0)
(1.0002521 0.00025333736 0)
(1.0002529 0.00025339975 0)
(1.0002536 0.00025346058 0)
(1.0002543 0.00025351984 0)
(1.0002551 0.00025357755 0)
(1.0002558 0.0002536337 0)
(1.0002566 0.00025368829 0)
(1.0002573 0.00025374133 0)
(1.0002581 0.00025379281 0)
(1.0002588 0.00025384275 0)
(1.0002596 0.00025389112 0)
(1.0002603 0.00025393795 0)
(1.0002611 0.00025398323 0)
(1.0002618 0.00025402697 0)
(1.0002626 0.00025406915 0)
(1.0002633 0.00025410979 0)
(1.0002641 0.00025414889 0)
(1.0002648 0.00025418644 0)
(1.0002656 0.00025422245 0)
(1.0002664 0.00025425692 0)
(1.0002671 0.00025428984 0)
(1.0002679 0.00025432122 0)
(1.0002686 0.00025435107 0)
(1.0002694 0.00025437937 0)
(1.0002701 0.00025440613 0)
(1.0002709 0.00025443136 0)
(1.0002717 0.00025445505 0)
(1.0002724 0.00025447719 0)
(1.0002732 0.0002544978 0)
(1.0002739 0.00025451687 0)
(1.0002747 0.00025453441 0)
(1.0002755 0.0002545504 0)
(1.0002762 0.00025456486 0)
(1.000277 0.00025457778 0)
(1.0002778 0.00025458916 0)
(1.0002785 0.000254599 0)
(1.0002793 0.0002546073 0)
(1.0002801 0.00025461406 0)
(1.0002808 0.00025461929 0)
(1.0002816 0.00025462297 0)
(1.0002824 0.00025462511 0)
(1.0002832 0.00025462572 0)
(1.0002839 0.00025462477 0)
(1.0002847 0.00025462229 0)
(1.0002855 0.00025461826 0)
(1.0002862 0.00025461269 0)
(1.000287 0.00025460558 0)
(1.0002878 0.00025459691 0)
(1.0002886 0.0002545867 0)
(1.0002894 0.00025457495 0)
(1.0002901 0.00025456164 0)
(1.0002909 0.00025454678 0)
(1.0002917 0.00025453037 0)
(1.0002925 0.0002545124 0)
(1.0002933 0.00025449288 0)
(1.000294 0.0002544718 0)
(1.0002948 0.00025444917 0)
(1.0002956 0.00025442497 0)
(1.0002964 0.00025439921 0)
(1.0002972 0.00025437189 0)
(1.000298 0.00025434301 0)
(1.0002988 0.00025431255 0)
(1.0002996 0.00025428053 0)
(1.0003004 0.00025424694 0)
(1.0003011 0.00025421177 0)
(1.0003019 0.00025417503 0)
(1.0003027 0.00025413671 0)
(1.0003035 0.0002540968 0)
(1.0003043 0.00025405532 0)
(1.0003051 0.00025401225 0)
(1.0003059 0.00025396759 0)
(1.0003067 0.00025392135 0)
(1.0003075 0.0002538735 0)
(1.0003083 0.00025382407 0)
(1.0003091 0.00025377303 0)
(1.0003099 0.00025372039 0)
(1.0003107 0.00025366615 0)
(1.0003116 0.0002536103 0)
(1.0003124 0.00025355284 0)
(1.0003132 0.00025349376 0)
(1.000314 0.00025343307 0)
(1.0003148 0.00025337076 0)
(1.0003156 0.00025330682 0)
(1.0003164 0.00025324125 0)
(1.0003172 0.00025317405 0)
(1.0003181 0.00025310522 0)
(1.0003189 0.00025303475 0)
(1.0003197 0.00025296263 0)
(1.0003205 0.00025288887 0)
(1.0003214 0.00025281345 0)
(1.0003222 0.00025273638 0)
(1.000323 0.00025265766 0)
(1.0003238 0.00025257726 0)
(1.0003247 0.0002524952 0)
(1.0003255 0.00025241147 0)
(1.0003263 0.00025232606 0)
(1.0003272 0.00025223897 0)
(1.000328 0.0002521502 0)
(1.0003288 0.00025205973 0)
(1.0003297 0.00025196756 0)
(1.0003305 0.0002518737 0)
(1.0003314 0.00025177813 0)
(1.0003322 0.00025168085 0)
(1.000333 0.00025158185 0)
(1.0003339 0.00025148113 0)
(1.0003347 0.00025137868 0)
(1.0003356 0.0002512745 0)
(1.0003364 0.00025116859 0)
(1.0003373 0.00025106092 0)
(1.0003381 0.00025095151 0)
(1.000339 0.00025084035 0)
(1.0003399 0.00025072742 0)
(1.0003407 0.00025061272 0)
(1.0003416 0.00025049625 0)
(1.0003424 0.000250378 0)
(1.0003433 0.00025025797 0)
(1.0003442 0.00025013614 0)
(1.0003451 0.00025001251 0)
(1.0003459 0.00024988708 0)
(1.0003468 0.00024975983 0)
(1.0003477 0.00024963076 0)
(1.0003485 0.00024949987 0)
(1.0003494 0.00024936714 0)
(1.0003503 0.00024923258 0)
(1.0002302 0.00024569262 0)
(1.0002309 0.00024579011 0)
(1.0002316 0.00024588604 0)
(1.0002323 0.00024598041 0)
(1.0002331 0.00024607322 0)
(1.0002338 0.00024616448 0)
(1.0002345 0.00024625418 0)
(1.0002352 0.00024634232 0)
(1.000236 0.00024642892 0)
(1.0002367 0.00024651396 0)
(1.0002374 0.00024659746 0)
(1.0002381 0.00024667942 0)
(1.0002389 0.00024675983 0)
(1.0002396 0.00024683869 0)
(1.0002403 0.00024691602 0)
(1.0002411 0.00024699181 0)
(1.0002418 0.00024706605 0)
(1.0002425 0.00024713877 0)
(1.0002432 0.00024720994 0)
(1.000244 0.00024727959 0)
(1.0002447 0.0002473477 0)
(1.0002454 0.00024741428 0)
(1.0002462 0.00024747933 0)
(1.0002469 0.00024754285 0)
(1.0002477 0.00024760484 0)
(1.0002484 0.00024766531 0)
(1.0002491 0.00024772424 0)
(1.0002499 0.00024778166 0)
(1.0002506 0.00024783754 0)
(1.0002513 0.00024789191 0)
(1.0002521 0.00024794475 0)
(1.0002528 0.00024799607 0)
(1.0002536 0.00024804586 0)
(1.0002543 0.00024809413 0)
(1.000255 0.00024814089 0)
(1.0002558 0.00024818612 0)
(1.0002565 0.00024822983 0)
(1.0002573 0.00024827202 0)
(1.000258 0.00024831268 0)
(1.0002588 0.00024835183 0)
(1.0002595 0.00024838946 0)
(1.0002603 0.00024842557 0)
(1.000261 0.00024846016 0)
(1.0002618 0.00024849322 0)
(1.0002625 0.00024852477 0)
(1.0002633 0.0002485548 0)
(1.000264 0.0002485833 0)
(1.0002648 0.00024861028 0)
(1.0002655 0.00024863575 0)
(1.0002663 0.00024865968 0)
(1.000267 0.0002486821 0)
(1.0002678 0.00024870299 0)
(1.0002685 0.00024872236 0)
(1.0002693 0.0002487402 0)
(1.0002701 0.00024875652 0)
(1.0002708 0.00024877131 0)
(1.0002716 0.00024878458 0)
(1.0002723 0.00024879631 0)
(1.0002731 0.00024880652 0)
(1.0002739 0.00024881519 0)
(1.0002746 0.00024882234 0)
(1.0002754 0.00024882795 0)
(1.0002762 0.00024883202 0)
(1.0002769 0.00024883456 0)
(1.0002777 0.00024883557 0)
(1.0002785 0.00024883503 0)
(1.0002792 0.00024883295 0)
(1.00028 0.00024882934 0)
(1.0002808 0.00024882418 0)
(1.0002816 0.00024881747 0)
(1.0002823 0.00024880922 0)
(1.0002831 0.00024879942 0)
(1.0002839 0.00024878806 0)
(1.0002847 0.00024877516 0)
(1.0002854 0.0002487607 0)
(1.0002862 0.00024874468 0)
(1.000287 0.00024872711 0)
(1.0002878 0.00024870797 0)
(1.0002886 0.00024868727 0)
(1.0002893 0.000248665 0)
(1.0002901 0.00024864116 0)
(1.0002909 0.00024861576 0)
(1.0002917 0.00024858877 0)
(1.0002925 0.00024856021 0)
(1.0002933 0.00024853008 0)
(1.0002941 0.00024849836 0)
(1.0002949 0.00024846505 0)
(1.0002957 0.00024843016 0)
(1.0002965 0.00024839367 0)
(1.0002973 0.00024835559 0)
(1.0002981 0.00024831592 0)
(1.0002988 0.00024827464 0)
(1.0002996 0.00024823176 0)
(1.0003005 0.00024818727 0)
(1.0003013 0.00024814117 0)
(1.0003021 0.00024809345 0)
(1.0003029 0.00024804412 0)
(1.0003037 0.00024799317 0)
(1.0003045 0.00024794058 0)
(1.0003053 0.00024788637 0)
(1.0003061 0.00024783053 0)
(1.0003069 0.00024777305 0)
(1.0003077 0.00024771392 0)
(1.0003085 0.00024765315 0)
(1.0003094 0.00024759073 0)
(1.0003102 0.00024752665 0)
(1.000311 0.00024746092 0)
(1.0003118 0.00024739352 0)
(1.0003126 0.00024732445 0)
(1.0003135 0.00024725371 0)
(1.0003143 0.00024718129 0)
(1.0003151 0.00024710719 0)
(1.000316 0.0002470314 0)
(1.0003168 0.00024695392 0)
(1.0003176 0.00024687474 0)
(1.0003184 0.00024679386 0)
(1.0003193 0.00024671127 0)
(1.0003201 0.00024662696 0)
(1.000321 0.00024654094 0)
(1.0003218 0.00024645319 0)
(1.0003226 0.00024636371 0)
(1.0003235 0.00024627249 0)
(1.0003243 0.00024617953 0)
(1.0003252 0.00024608483 0)
(1.000326 0.00024598836 0)
(1.0003269 0.00024589014 0)
(1.0003277 0.00024579016 0)
(1.0003286 0.0002456884 0)
(1.0003295 0.00024558486 0)
(1.0003303 0.00024547953 0)
(1.0003312 0.00024537241 0)
(1.000332 0.0002452635 0)
(1.0003329 0.00024515277 0)
(1.0003338 0.00024504024 0)
(1.0003346 0.00024492588 0)
(1.0003355 0.0002448097 0)
(1.0003364 0.00024469168 0)
(1.0003373 0.00024457182 0)
(1.000219 0.00023904561 0)
(1.0002197 0.00023915547 0)
(1.0002204 0.00023926382 0)
(1.0002211 0.00023937064 0)
(1.0002218 0.00023947594 0)
(1.0002225 0.00023957972 0)
(1.0002233 0.00023968198 0)
(1.000224 0.00023978272 0)
(1.0002247 0.00023988194 0)
(1.0002254 0.00023997965 0)
(1.0002261 0.00024007584 0)
(1.0002268 0.00024017053 0)
(1.0002275 0.0002402637 0)
(1.0002282 0.00024035536 0)
(1.0002289 0.00024044552 0)
(1.0002297 0.00024053417 0)
(1.0002304 0.00024062131 0)
(1.0002311 0.00024070695 0)
(1.0002318 0.00024079108 0)
(1.0002325 0.00024087372 0)
(1.0002332 0.00024095485 0)
(1.000234 0.00024103448 0)
(1.0002347 0.00024111261 0)
(1.0002354 0.00024118924 0)
(1.0002361 0.00024126437 0)
(1.0002368 0.000241338 0)
(1.0002376 0.00024141014 0)
(1.0002383 0.00024148078 0)
(1.000239 0.00024154992 0)
(1.0002397 0.00024161757 0)
(1.0002405 0.00024168372 0)
(1.0002412 0.00024174838 0)
(1.0002419 0.00024181154 0)
(1.0002426 0.00024187321 0)
(1.0002434 0.00024193338 0)
(1.0002441 0.00024199206 0)
(1.0002448 0.00024204924 0)
(1.0002456 0.00024210493 0)
(1.0002463 0.00024215912 0)
(1.000247 0.00024221182 0)
(1.0002478 0.00024226303 0)
(1.0002485 0.00024231274 0)
(1.0002492 0.00024236095 0)
(1.00025 0.00024240767 0)
(1.0002507 0.00024245289 0)
(1.0002514 0.00024249661 0)
(1.0002522 0.00024253884 0)
(1.0002529 0.00024257957 0)
(1.0002537 0.0002426188 0)
(1.0002544 0.00024265653 0)
(1.0002551 0.00024269276 0)
(1.0002559 0.00024272749 0)
(1.0002566 0.00024276071 0)
(1.0002574 0.00024279244 0)
(1.0002581 0.00024282266 0)
(1.0002589 0.00024285137 0)
(1.0002596 0.00024287858 0)
(1.0002604 0.00024290428 0)
(1.0002611 0.00024292847 0)
(1.0002619 0.00024295116 0)
(1.0002626 0.00024297233 0)
(1.0002634 0.00024299199 0)
(1.0002641 0.00024301013 0)
(1.0002649 0.00024302676 0)
(1.0002656 0.00024304186 0)
(1.0002664 0.00024305545 0)
(1.0002672 0.00024306752 0)
(1.0002679 0.00024307807 0)
(1.0002687 0.00024308709 0)
(1.0002694 0.00024309458 0)
(1.0002702 0.00024310055 0)
(1.000271 0.00024310498 0)
(1.0002717 0.00024310788 0)
(1.0002725 0.00024310925 0)
(1.0002733 0.00024310908 0)
(1.000274 0.00024310736 0)
(1.0002748 0.00024310411 0)
(1.0002756 0.00024309931 0)
(1.0002763 0.00024309296 0)
(1.0002771 0.00024308507 0)
(1.0002779 0.00024307562 0)
(1.0002787 0.00024306461 0)
(1.0002794 0.00024305204 0)
(1.0002802 0.00024303792 0)
(1.000281 0.00024302223 0)
(1.0002818 0.00024300497 0)
(1.0002826 0.00024298614 0)
(1.0002833 0.00024296574 0)
(1.0002841 0.00024294376 0)
(1.0002849 0.0002429202 0)
(1.0002857 0.00024289506 0)
(1.0002865 0.00024286833 0)
(1.0002873 0.00024284001 0)
(1.0002881 0.0002428101 0)
(1.0002889 0.00024277858 0)
(1.0002897 0.00024274547 0)
(1.0002905 0.00024271075 0)
(1.0002913 0.00024267442 0)
(1.0002921 0.00024263648 0)
(1.0002929 0.00024259692 0)
(1.0002937 0.00024255574 0)
(1.0002945 0.00024251293 0)
(1.0002953 0.00024246849 0)
(1.0002961 0.00024242242 0)
(1.0002969 0.0002423747 0)
(1.0002977 0.00024232535 0)
(1.0002985 0.00024227434 0)
(1.0002993 0.00024222168 0)
(1.0003001 0.00024216737 0)
(1.000301 0.00024211139 0)
(1.0003018 0.00024205375 0)
(1.0003026 0.00024199443 0)
(1.0003034 0.00024193343 0)
(1.0003042 0.00024187075 0)
(1.0003051 0.00024180638 0)
(1.0003059 0.00024174032 0)
(1.0003067 0.00024167256 0)
(1.0003075 0.0002416031 0)
(1.0003084 0.00024153192 0)
(1.0003092 0.00024145903 0)
(1.00031 0.00024138441 0)
(1.0003109 0.00024130807 0)
(1.0003117 0.00024122999 0)
(1.0003126 0.00024115018 0)
(1.0003134 0.00024106862 0)
(1.0003142 0.0002409853 0)
(1.0003151 0.00024090023 0)
(1.0003159 0.00024081339 0)
(1.0003168 0.00024072477 0)
(1.0003176 0.00024063438 0)
(1.0003185 0.00024054221 0)
(1.0003193 0.00024044824 0)
(1.0003202 0.00024035247 0)
(1.0003211 0.00024025489 0)
(1.0003219 0.00024015551 0)
(1.0003228 0.0002400543 0)
(1.0003237 0.00023995126 0)
(1.0003245 0.00023984638 0)
(1.0002083 0.0002323434 0)
(1.000209 0.00023246463 0)
(1.0002097 0.00023258438 0)
(1.0002103 0.00023270265 0)
(1.000211 0.00023281944 0)
(1.0002117 0.00023293474 0)
(1.0002124 0.00023304856 0)
(1.0002131 0.0002331609 0)
(1.0002138 0.00023327177 0)
(1.0002145 0.00023338115 0)
(1.0002152 0.00023348906 0)
(1.0002159 0.0002335955 0)
(1.0002166 0.00023370046 0)
(1.0002173 0.00023380395 0)
(1.000218 0.00023390597 0)
(1.0002187 0.00023400651 0)
(1.0002194 0.00023410559 0)
(1.0002201 0.0002342032 0)
(1.0002208 0.00023429933 0)
(1.0002215 0.000234394 0)
(1.0002222 0.00023448721 0)
(1.0002229 0.00023457894 0)
(1.0002236 0.00023466921 0)
(1.0002243 0.00023475801 0)
(1.000225 0.00023484535 0)
(1.0002257 0.00023493123 0)
(1.0002264 0.00023501563 0)
(1.0002271 0.00023509858 0)
(1.0002278 0.00023518006 0)
(1.0002285 0.00023526007 0)
(1.0002293 0.00023533862 0)
(1.00023 0.00023541571 0)
(1.0002307 0.00023549133 0)
(1.0002314 0.00023556549 0)
(1.0002321 0.00023563818 0)
(1.0002328 0.00023570941 0)
(1.0002335 0.00023577918 0)
(1.0002343 0.00023584748 0)
(1.000235 0.00023591431 0)
(1.0002357 0.00023597968 0)
(1.0002364 0.00023604358 0)
(1.0002371 0.00023610601 0)
(1.0002379 0.00023616698 0)
(1.0002386 0.00023622648 0)
(1.0002393 0.00023628451 0)
(1.00024 0.00023634107 0)
(1.0002407 0.00023639616 0)
(1.0002415 0.00023644978 0)
(1.0002422 0.00023650192 0)
(1.0002429 0.0002365526 0)
(1.0002437 0.0002366018 0)
(1.0002444 0.00023664952 0)
(1.0002451 0.00023669577 0)
(1.0002458 0.00023674054 0)
(1.0002466 0.00023678383 0)
(1.0002473 0.00023682563 0)
(1.000248 0.00023686596 0)
(1.0002488 0.00023690481 0)
(1.0002495 0.00023694217 0)
(1.0002503 0.00023697804 0)
(1.000251 0.00023701243 0)
(1.0002517 0.00023704532 0)
(1.0002525 0.00023707673 0)
(1.0002532 0.00023710664 0)
(1.000254 0.00023713505 0)
(1.0002547 0.00023716197 0)
(1.0002555 0.00023718739 0)
(1.0002562 0.00023721131 0)
(1.000257 0.00023723373 0)
(1.0002577 0.00023725464 0)
(1.0002585 0.00023727404 0)
(1.0002592 0.00023729193 0)
(1.00026 0.00023730831 0)
(1.0002607 0.00023732318 0)
(1.0002615 0.00023733652 0)
(1.0002622 0.00023734835 0)
(1.000263 0.00023735866 0)
(1.0002637 0.00023736744 0)
(1.0002645 0.00023737469 0)
(1.0002653 0.00023738041 0)
(1.000266 0.0002373846 0)
(1.0002668 0.00023738725 0)
(1.0002676 0.00023738836 0)
(1.0002683 0.00023738792 0)
(1.0002691 0.00023738594 0)
(1.0002699 0.00023738242 0)
(1.0002706 0.00023737734 0)
(1.0002714 0.0002373707 0)
(1.0002722 0.0002373625 0)
(1.000273 0.00023735274 0)
(1.0002737 0.00023734141 0)
(1.0002745 0.00023732852 0)
(1.0002753 0.00023731405 0)
(1.0002761 0.000237298 0)
(1.0002769 0.00023728037 0)
(1.0002777 0.00023726115 0)
(1.0002784 0.00023724034 0)
(1.0002792 0.00023721794 0)
(1.00028 0.00023719394 0)
(1.0002808 0.00023716834 0)
(1.0002816 0.00023714113 0)
(1.0002824 0.00023711231 0)
(1.0002832 0.00023708187 0)
(1.000284 0.00023704982 0)
(1.0002848 0.00023701614 0)
(1.0002856 0.00023698083 0)
(1.0002864 0.00023694388 0)
(1.0002872 0.0002369053 0)
(1.000288 0.00023686507 0)
(1.0002888 0.00023682319 0)
(1.0002896 0.00023677965 0)
(1.0002904 0.00023673446 0)
(1.0002912 0.0002366876 0)
(1.000292 0.00023663907 0)
(1.0002929 0.00023658887 0)
(1.0002937 0.00023653698 0)
(1.0002945 0.00023648341 0)
(1.0002953 0.00023642814 0)
(1.0002961 0.00023637117 0)
(1.000297 0.0002363125 0)
(1.0002978 0.00023625212 0)
(1.0002986 0.00023619002 0)
(1.0002995 0.00023612619 0)
(1.0003003 0.00023606064 0)
(1.0003011 0.00023599335 0)
(1.000302 0.00023592432 0)
(1.0003028 0.00023585354 0)
(1.0003036 0.00023578101 0)
(1.0003045 0.00023570671 0)
(1.0003053 0.00023563065 0)
(1.0003062 0.0002355528 0)
(1.000307 0.00023547318 0)
(1.0003079 0.00023539176 0)
(1.0003087 0.00023530855 0)
(1.0003096 0.00023522353 0)
(1.0003104 0.00023513669 0)
(1.0003113 0.00023504804 0)
(1.0003122 0.00023495756 0)
(1.000198 0.00022562186 0)
(1.0001986 0.00022575384 0)
(1.0001993 0.00022588439 0)
(1.0002 0.0002260135 0)
(1.0002006 0.00022614118 0)
(1.0002013 0.00022626741 0)
(1.000202 0.00022639221 0)
(1.0002027 0.00022651558 0)
(1.0002033 0.00022663751 0)
(1.000204 0.00022675801 0)
(1.0002047 0.00022687708 0)
(1.0002054 0.00022699471 0)
(1.0002061 0.00022711092 0)
(1.0002067 0.00022722569 0)
(1.0002074 0.00022733904 0)
(1.0002081 0.00022745096 0)
(1.0002088 0.00022756145 0)
(1.0002095 0.00022767051 0)
(1.0002102 0.00022777814 0)
(1.0002108 0.00022788435 0)
(1.0002115 0.00022798913 0)
(1.0002122 0.00022809248 0)
(1.0002129 0.00022819441 0)
(1.0002136 0.00022829491 0)
(1.0002143 0.00022839399 0)
(1.000215 0.00022849164 0)
(1.0002157 0.00022858787 0)
(1.0002164 0.00022868267 0)
(1.000217 0.00022877604 0)
(1.0002177 0.00022886799 0)
(1.0002184 0.00022895851 0)
(1.0002191 0.0002290476 0)
(1.0002198 0.00022913527 0)
(1.0002205 0.00022922152 0)
(1.0002212 0.00022930633 0)
(1.0002219 0.00022938972 0)
(1.0002226 0.00022947167 0)
(1.0002233 0.0002295522 0)
(1.000224 0.0002296313 0)
(1.0002247 0.00022970897 0)
(1.0002254 0.00022978521 0)
(1.0002261 0.00022986001 0)
(1.0002269 0.00022993339 0)
(1.0002276 0.00023000533 0)
(1.0002283 0.00023007583 0)
(1.000229 0.0002301449 0)
(1.0002297 0.00023021254 0)
(1.0002304 0.00023027873 0)
(1.0002311 0.00023034349 0)
(1.0002318 0.0002304068 0)
(1.0002325 0.00023046868 0)
(1.0002333 0.00023052911 0)
(1.000234 0.0002305881 0)
(1.0002347 0.00023064564 0)
(1.0002354 0.00023070174 0)
(1.0002361 0.00023075639 0)
(1.0002369 0.00023080958 0)
(1.0002376 0.00023086133 0)
(1.0002383 0.00023091162 0)
(1.000239 0.00023096045 0)
(1.0002398 0.00023100783 0)
(1.0002405 0.00023105375 0)
(1.0002412 0.00023109821 0)
(1.0002419 0.0002311412 0)
(1.0002427 0.00023118273 0)
(1.0002434 0.00023122279 0)
(1.0002441 0.00023126138 0)
(1.0002449 0.0002312985 0)
(1.0002456 0.00023133414 0)
(1.0002463 0.00023136831 0)
(1.0002471 0.00023140099 0)
(1.0002478 0.0002314322 0)
(1.0002486 0.00023146192 0)
(1.0002493 0.00023149015 0)
(1.00025 0.0002315169 0)
(1.0002508 0.00023154215 0)
(1.0002515 0.0002315659 0)
(1.0002523 0.00023158816 0)
(1.000253 0.00023160891 0)
(1.0002538 0.00023162816 0)
(1.0002545 0.00023164591 0)
(1.0002553 0.00023166214 0)
(1.000256 0.00023167686 0)
(1.0002568 0.00023169006 0)
(1.0002576 0.00023170174 0)
(1.0002583 0.00023171189 0)
(1.0002591 0.00023172052 0)
(1.0002598 0.00023172761 0)
(1.0002606 0.00023173317 0)
(1.0002614 0.0002317372 0)
(1.0002621 0.00023173968 0)
(1.0002629 0.00023174061 0)
(1.0002637 0.00023173999 0)
(1.0002644 0.00023173782 0)
(1.0002652 0.00023173409 0)
(1.000266 0.00023172879 0)
(1.0002668 0.00023172193 0)
(1.0002675 0.0002317135 0)
(1.0002683 0.00023170349 0)
(1.0002691 0.0002316919 0)
(1.0002699 0.00023167873 0)
(1.0002707 0.00023166397 0)
(1.0002714 0.00023164761 0)
(1.0002722 0.00023162966 0)
(1.000273 0.0002316101 0)
(1.0002738 0.00023158894 0)
(1.0002746 0.00023156616 0)
(1.0002754 0.00023154176 0)
(1.0002762 0.00023151573 0)
(1.000277 0.00023148808 0)
(1.0002778 0.0002314588 0)
(1.0002786 0.00023142787 0)
(1.0002794 0.0002313953 0)
(1.0002802 0.00023136108 0)
(1.000281 0.0002313252 0)
(1.0002818 0.00023128766 0)
(1.0002826 0.00023124845 0)
(1.0002834 0.00023120756 0)
(1.0002842 0.000231165 0)
(1.0002851 0.00023112075 0)
(1.0002859 0.00023107481 0)
(1.0002867 0.00023102716 0)
(1.0002875 0.00023097782 0)
(1.0002883 0.00023092676 0)
(1.0002892 0.00023087399 0)
(1.00029 0.00023081948 0)
(1.0002908 0.00023076325 0)
(1.0002917 0.00023070528 0)
(1.0002925 0.00023064557 0)
(1.0002933 0.0002305841 0)
(1.0002942 0.00023052087 0)
(1.000295 0.00023045588 0)
(1.0002958 0.00023038911 0)
(1.0002967 0.00023032056 0)
(1.0002975 0.00023025022 0)
(1.0002984 0.00023017808 0)
(1.0002992 0.00023010414 0)
(1.0003001 0.00023002839 0)
(1.0001881 0.00021885352 0)
(1.0001887 0.00021899508 0)
(1.0001894 0.00021913526 0)
(1.00019 0.00021927404 0)
(1.0001907 0.00021941144 0)
(1.0001913 0.00021954745 0)
(1.000192 0.00021968206 0)
(1.0001926 0.00021981529 0)
(1.0001933 0.00021994714 0)
(1.000194 0.00022007759 0)
(1.0001946 0.00022020666 0)
(1.0001953 0.00022033435 0)
(1.0001959 0.00022046065 0)
(1.0001966 0.00022058556 0)
(1.0001973 0.00022070909 0)
(1.0001979 0.00022083124 0)
(1.0001986 0.000220952 0)
(1.0001993 0.00022107138 0)
(1.0001999 0.00022118937 0)
(1.0002006 0.00022130599 0)
(1.0002013 0.00022142121 0)
(1.0002019 0.00022153506 0)
(1.0002026 0.00022164752 0)
(1.0002033 0.0002217586 0)
(1.000204 0.00022186829 0)
(1.0002046 0.0002219766 0)
(1.0002053 0.00022208352 0)
(1.000206 0.00022218906 0)
(1.0002067 0.00022229322 0)
(1.0002073 0.00022239599 0)
(1.000208 0.00022249738 0)
(1.0002087 0.00022259737 0)
(1.0002094 0.00022269599 0)
(1.0002101 0.00022279321 0)
(1.0002108 0.00022288904 0)
(1.0002114 0.00022298349 0)
(1.0002121 0.00022307655 0)
(1.0002128 0.00022316822 0)
(1.0002135 0.00022325849 0)
(1.0002142 0.00022334737 0)
(1.0002149 0.00022343486 0)
(1.0002156 0.00022352096 0)
(1.0002163 0.00022360566 0)
(1.0002169 0.00022368896 0)
(1.0002176 0.00022377087 0)
(1.0002183 0.00022385137 0)
(1.000219 0.00022393048 0)
(1.0002197 0.00022400818 0)
(1.0002204 0.00022408448 0)
(1.0002211 0.00022415938 0)
(1.0002218 0.00022423287 0)
(1.0002225 0.00022430495 0)
(1.0002232 0.00022437563 0)
(1.0002239 0.00022444489 0)
(1.0002246 0.00022451274 0)
(1.0002253 0.00022457917 0)
(1.0002261 0.00022464419 0)
(1.0002268 0.00022470779 0)
(1.0002275 0.00022476997 0)
(1.0002282 0.00022483073 0)
(1.0002289 0.00022489006 0)
(1.0002296 0.00022494796 0)
(1.0002303 0.00022500444 0)
(1.000231 0.00022505949 0)
(1.0002318 0.0002251131 0)
(1.0002325 0.00022516527 0)
(1.0002332 0.00022521601 0)
(1.0002339 0.00022526531 0)
(1.0002346 0.00022531316 0)
(1.0002354 0.00022535957 0)
(1.0002361 0.00022540453 0)
(1.0002368 0.00022544803 0)
(1.0002375 0.00022549009 0)
(1.0002383 0.00022553068 0)
(1.000239 0.00022556982 0)
(1.0002397 0.00022560749 0)
(1.0002405 0.00022564369 0)
(1.0002412 0.00022567843 0)
(1.0002419 0.00022571169 0)
(1.0002427 0.00022574348 0)
(1.0002434 0.00022577379 0)
(1.0002442 0.00022580261 0)
(1.0002449 0.00022582995 0)
(1.0002456 0.0002258558 0)
(1.0002464 0.00022588016 0)
(1.0002471 0.00022590302 0)
(1.0002479 0.00022592438 0)
(1.0002486 0.00022594423 0)
(1.0002494 0.00022596258 0)
(1.0002501 0.00022597942 0)
(1.0002509 0.00022599473 0)
(1.0002517 0.00022600853 0)
(1.0002524 0.00022602081 0)
(1.0002532 0.00022603155 0)
(1.0002539 0.00022604076 0)
(1.0002547 0.00022604844 0)
(1.0002555 0.00022605457 0)
(1.0002562 0.00022605916 0)
(1.000257 0.00022606219 0)
(1.0002578 0.00022606367 0)
(1.0002585 0.00022606359 0)
(1.0002593 0.00022606195 0)
(1.0002601 0.00022605873 0)
(1.0002608 0.00022605394 0)
(1.0002616 0.00022604757 0)
(1.0002624 0.00022603962 0)
(1.0002632 0.00022603007 0)
(1.000264 0.00022601893 0)
(1.0002648 0.00022600619 0)
(1.0002655 0.00022599184 0)
(1.0002663 0.00022597588 0)
(1.0002671 0.00022595831 0)
(1.0002679 0.00022593911 0)
(1.0002687 0.00022591828 0)
(1.0002695 0.00022589581 0)
(1.0002703 0.00022587171 0)
(1.0002711 0.00022584595 0)
(1.0002719 0.00022581855 0)
(1.0002727 0.00022578949 0)
(1.0002735 0.00022575876 0)
(1.0002743 0.00022572635 0)
(1.0002751 0.00022569228 0)
(1.0002759 0.00022565651 0)
(1.0002768 0.00022561906 0)
(1.0002776 0.0002255799 0)
(1.0002784 0.00022553904 0)
(1.0002792 0.00022549647 0)
(1.00028 0.00022545218 0)
(1.0002809 0.00022540616 0)
(1.0002817 0.00022535842 0)
(1.0002825 0.00022530893 0)
(1.0002833 0.00022525769 0)
(1.0002842 0.00022520469 0)
(1.000285 0.00022514994 0)
(1.0002859 0.00022509341 0)
(1.0002867 0.0002250351 0)
(1.0002875 0.00022497501 0)
(1.0002884 0.00022491312 0)
(1.0001785 0.00021209117 0)
(1.0001792 0.00021224175 0)
(1.0001798 0.00021239101 0)
(1.0001804 0.00021253893 0)
(1.0001811 0.00021268551 0)
(1.0001817 0.00021283076 0)
(1.0001824 0.00021297468 0)
(1.000183 0.00021311726 0)
(1.0001836 0.0002132585 0)
(1.0001843 0.00021339841 0)
(1.0001849 0.00021353699 0)
(1.0001856 0.00021367423 0)
(1.0001862 0.00021381014 0)
(1.0001869 0.00021394471 0)
(1.0001875 0.00021407796 0)
(1.0001882 0.00021420987 0)
(1.0001888 0.00021434044 0)
(1.0001895 0.00021446968 0)
(1.0001901 0.00021459759 0)
(1.0001908 0.00021472417 0)
(1.0001914 0.00021484941 0)
(1.0001921 0.00021497331 0)
(1.0001927 0.00021509589 0)
(1.0001934 0.00021521712 0)
(1.000194 0.00021533703 0)
(1.0001947 0.00021545559 0)
(1.0001953 0.00021557282 0)
(1.000196 0.00021568872 0)
(1.0001967 0.00021580327 0)
(1.0001973 0.00021591649 0)
(1.000198 0.00021602837 0)
(1.0001987 0.00021613891 0)
(1.0001993 0.0002162481 0)
(1.0002 0.00021635596 0)
(1.0002007 0.00021646248 0)
(1.0002013 0.00021656765 0)
(1.000202 0.00021667148 0)
(1.0002027 0.00021677396 0)
(1.0002033 0.00021687509 0)
(1.000204 0.00021697488 0)
(1.0002047 0.00021707332 0)
(1.0002054 0.00021717041 0)
(1.000206 0.00021726615 0)
(1.0002067 0.00021736054 0)
(1.0002074 0.00021745357 0)
(1.0002081 0.00021754524 0)
(1.0002087 0.00021763556 0)
(1.0002094 0.00021772452 0)
(1.0002101 0.00021781212 0)
(1.0002108 0.00021789836 0)
(1.0002115 0.00021798323 0)
(1.0002122 0.00021806674 0)
(1.0002129 0.00021814888 0)
(1.0002135 0.00021822965 0)
(1.0002142 0.00021830905 0)
(1.0002149 0.00021838707 0)
(1.0002156 0.00021846372 0)
(1.0002163 0.00021853899 0)
(1.000217 0.00021861288 0)
(1.0002177 0.00021868539 0)
(1.0002184 0.00021875652 0)
(1.0002191 0.00021882626 0)
(1.0002198 0.00021889461 0)
(1.0002205 0.00021896157 0)
(1.0002212 0.00021902713 0)
(1.0002219 0.0002190913 0)
(1.0002226 0.00021915406 0)
(1.0002233 0.00021921543 0)
(1.000224 0.00021927539 0)
(1.0002247 0.00021933394 0)
(1.0002255 0.00021939108 0)
(1.0002262 0.00021944681 0)
(1.0002269 0.00021950112 0)
(1.0002276 0.00021955401 0)
(1.0002283 0.00021960548 0)
(1.000229 0.00021965552 0)
(1.0002298 0.00021970413 0)
(1.0002305 0.00021975131 0)
(1.0002312 0.00021979705 0)
(1.0002319 0.00021984136 0)
(1.0002327 0.00021988422 0)
(1.0002334 0.00021992563 0)
(1.0002341 0.00021996559 0)
(1.0002348 0.0002200041 0)
(1.0002356 0.00022004115 0)
(1.0002363 0.00022007674 0)
(1.000237 0.00022011087 0)
(1.0002378 0.00022014352 0)
(1.0002385 0.0002201747 0)
(1.0002393 0.0002202044 0)
(1.00024 0.00022023262 0)
(1.0002407 0.00022025935 0)
(1.0002415 0.0002202846 0)
(1.0002422 0.00022030835 0)
(1.000243 0.00022033059 0)
(1.0002437 0.00022035134 0)
(1.0002445 0.00022037057 0)
(1.0002452 0.00022038829 0)
(1.000246 0.0002204045 0)
(1.0002468 0.00022041918 0)
(1.0002475 0.00022043233 0)
(1.0002483 0.00022044395 0)
(1.000249 0.00022045403 0)
(1.0002498 0.00022046257 0)
(1.0002506 0.00022046956 0)
(1.0002513 0.000220475 0)
(1.0002521 0.00022047887 0)
(1.0002529 0.00022048119 0)
(1.0002536 0.00022048193 0)
(1.0002544 0.00022048109 0)
(1.0002552 0.00022047868 0)
(1.000256 0.00022047468 0)
(1.0002568 0.00022046908 0)
(1.0002575 0.00022046189 0)
(1.0002583 0.00022045309 0)
(1.0002591 0.00022044268 0)
(1.0002599 0.00022043065 0)
(1.0002607 0.000220417 0)
(1.0002615 0.00022040172 0)
(1.0002623 0.0002203848 0)
(1.0002631 0.00022036624 0)
(1.0002639 0.00022034603 0)
(1.0002647 0.00022032416 0)
(1.0002655 0.00022030063 0)
(1.0002663 0.00022027543 0)
(1.0002671 0.00022024855 0)
(1.0002679 0.00022021999 0)
(1.0002687 0.00022018974 0)
(1.0002695 0.00022015778 0)
(1.0002704 0.00022012412 0)
(1.0002712 0.00022008875 0)
(1.000272 0.00022005166 0)
(1.0002728 0.00022001284 0)
(1.0002737 0.00021997228 0)
(1.0002745 0.00021992997 0)
(1.0002753 0.00021988592 0)
(1.0002761 0.0002198401 0)
(1.000277 0.00021979251 0)
(1.0001694 0.00020528627 0)
(1.00017 0.00020544453 0)
(1.0001707 0.00020560151 0)
(1.0001713 0.00020575721 0)
(1.0001719 0.00020591164 0)
(1.0001725 0.00020606477 0)
(1.0001731 0.00020621663 0)
(1.0001738 0.00020636721 0)
(1.0001744 0.0002065165 0)
(1.000175 0.00020666451 0)
(1.0001756 0.00020681125 0)
(1.0001763 0.0002069567 0)
(1.0001769 0.00020710087 0)
(1.0001775 0.00020724376 0)
(1.0001782 0.00020738536 0)
(1.0001788 0.00020752569 0)
(1.0001794 0.00020766473 0)
(1.00018 0.00020780249 0)
(1.0001807 0.00020793897 0)
(1.0001813 0.00020807417 0)
(1.0001819 0.00020820808 0)
(1.0001826 0.00020834071 0)
(1.0001832 0.00020847205 0)
(1.0001839 0.0002086021 0)
(1.0001845 0.00020873087 0)
(1.0001851 0.00020885836 0)
(1.0001858 0.00020898455 0)
(1.0001864 0.00020910946 0)
(1.0001871 0.00020923308 0)
(1.0001877 0.00020935541 0)
(1.0001884 0.00020947645 0)
(1.000189 0.00020959619 0)
(1.0001897 0.00020971465 0)
(1.0001903 0.00020983181 0)
(1.000191 0.00020994767 0)
(1.0001916 0.00021006224 0)
(1.0001923 0.0002101755 0)
(1.0001929 0.00021028747 0)
(1.0001936 0.00021039814 0)
(1.0001942 0.00021050751 0)
(1.0001949 0.00021061558 0)
(1.0001955 0.00021072234 0)
(1.0001962 0.00021082779 0)
(1.0001969 0.00021093193 0)
(1.0001975 0.00021103477 0)
(1.0001982 0.00021113629 0)
(1.0001989 0.00021123651 0)
(1.0001995 0.0002113354 0)
(1.0002002 0.00021143298 0)
(1.0002009 0.00021152924 0)
(1.0002015 0.00021162419 0)
(1.0002022 0.0002117178 0)
(1.0002029 0.0002118101 0)
(1.0002036 0.00021190106 0)
(1.0002042 0.0002119907 0)
(1.0002049 0.00021207901 0)
(1.0002056 0.00021216598 0)
(1.0002063 0.00021225162 0)
(1.0002069 0.00021233592 0)
(1.0002076 0.00021241888 0)
(1.0002083 0.00021250049 0)
(1.000209 0.00021258076 0)
(1.0002097 0.00021265968 0)
(1.0002104 0.00021273725 0)
(1.0002111 0.00021281347 0)
(1.0002117 0.00021288833 0)
(1.0002124 0.00021296183 0)
(1.0002131 0.00021303397 0)
(1.0002138 0.00021310474 0)
(1.0002145 0.00021317414 0)
(1.0002152 0.00021324218 0)
(1.0002159 0.00021330883 0)
(1.0002166 0.00021337411 0)
(1.0002173 0.00021343801 0)
(1.000218 0.00021350052 0)
(1.0002187 0.00021356165 0)
(1.0002194 0.00021362139 0)
(1.0002201 0.00021367972 0)
(1.0002209 0.00021373667 0)
(1.0002216 0.00021379221 0)
(1.0002223 0.00021384634 0)
(1.000223 0.00021389906 0)
(1.0002237 0.00021395037 0)
(1.0002244 0.00021400026 0)
(1.0002251 0.00021404874 0)
(1.0002259 0.00021409578 0)
(1.0002266 0.0002141414 0)
(1.0002273 0.00021418558 0)
(1.000228 0.00021422832 0)
(1.0002288 0.00021426963 0)
(1.0002295 0.00021430948 0)
(1.0002302 0.00021434789 0)
(1.000231 0.00021438484 0)
(1.0002317 0.00021442033 0)
(1.0002324 0.00021445435 0)
(1.0002332 0.0002144869 0)
(1.0002339 0.00021451798 0)
(1.0002346 0.00021454758 0)
(1.0002354 0.0002145757 0)
(1.0002361 0.00021460233 0)
(1.0002369 0.00021462746 0)
(1.0002376 0.00021465109 0)
(1.0002384 0.00021467322 0)
(1.0002391 0.00021469384 0)
(1.0002399 0.00021471294 0)
(1.0002406 0.00021473052 0)
(1.0002414 0.00021474658 0)
(1.0002422 0.0002147611 0)
(1.0002429 0.00021477409 0)
(1.0002437 0.00021478553 0)
(1.0002445 0.00021479542 0)
(1.0002452 0.00021480376 0)
(1.000246 0.00021481053 0)
(1.0002468 0.00021481574 0)
(1.0002475 0.00021481937 0)
(1.0002483 0.00021482143 0)
(1.0002491 0.00021482189 0)
(1.0002499 0.00021482077 0)
(1.0002507 0.00021481804 0)
(1.0002514 0.00021481371 0)
(1.0002522 0.00021480776 0)
(1.000253 0.0002148002 0)
(1.0002538 0.00021479101 0)
(1.0002546 0.00021478018 0)
(1.0002554 0.00021476772 0)
(1.0002562 0.0002147536 0)
(1.000257 0.00021473783 0)
(1.0002578 0.0002147204 0)
(1.0002586 0.0002147013 0)
(1.0002594 0.00021468052 0)
(1.0002602 0.00021465806 0)
(1.000261 0.0002146339 0)
(1.0002618 0.00021460804 0)
(1.0002627 0.00021458047 0)
(1.0002635 0.00021455119 0)
(1.0002643 0.00021452018 0)
(1.0002651 0.00021448744 0)
(1.0002659 0.00021445295 0)
(1.0001607 0.0001985175 0)
(1.0001613 0.00019868301 0)
(1.0001619 0.00019884731 0)
(1.0001625 0.00019901038 0)
(1.0001631 0.00019917224 0)
(1.0001637 0.00019933288 0)
(1.0001643 0.00019949229 0)
(1.0001649 0.00019965048 0)
(1.0001655 0.00019980745 0)
(1.0001661 0.0001999632 0)
(1.0001667 0.00020011772 0)
(1.0001673 0.00020027103 0)
(1.0001679 0.00020042311 0)
(1.0001685 0.00020057396 0)
(1.0001692 0.0002007236 0)
(1.0001698 0.000200872 0)
(1.0001704 0.00020101919 0)
(1.000171 0.00020116515 0)
(1.0001716 0.00020130988 0)
(1.0001722 0.00020145339 0)
(1.0001728 0.00020159567 0)
(1.0001735 0.00020173672 0)
(1.0001741 0.00020187654 0)
(1.0001747 0.00020201513 0)
(1.0001753 0.0002021525 0)
(1.000176 0.00020228863 0)
(1.0001766 0.00020242353 0)
(1.0001772 0.00020255719 0)
(1.0001778 0.00020268962 0)
(1.0001785 0.00020282082 0)
(1.0001791 0.00020295078 0)
(1.0001797 0.0002030795 0)
(1.0001803 0.00020320698 0)
(1.000181 0.00020333323 0)
(1.0001816 0.00020345823 0)
(1.0001823 0.00020358198 0)
(1.0001829 0.0002037045 0)
(1.0001835 0.00020382576 0)
(1.0001842 0.00020394578 0)
(1.0001848 0.00020406455 0)
(1.0001854 0.00020418207 0)
(1.0001861 0.00020429833 0)
(1.0001867 0.00020441335 0)
(1.0001874 0.0002045271 0)
(1.000188 0.0002046396 0)
(1.0001887 0.00020475084 0)
(1.0001893 0.00020486081 0)
(1.00019 0.00020496953 0)
(1.0001906 0.00020507697 0)
(1.0001913 0.00020518315 0)
(1.0001919 0.00020528806 0)
(1.0001926 0.0002053917 0)
(1.0001932 0.00020549406 0)
(1.0001939 0.00020559514 0)
(1.0001946 0.00020569495 0)
(1.0001952 0.00020579347 0)
(1.0001959 0.00020589071 0)
(1.0001965 0.00020598666 0)
(1.0001972 0.00020608133 0)
(1.0001979 0.0002061747 0)
(1.0001985 0.00020626678 0)
(1.0001992 0.00020635755 0)
(1.0001999 0.00020644703 0)
(1.0002006 0.00020653521 0)
(1.0002012 0.00020662208 0)
(1.0002019 0.00020670764 0)
(1.0002026 0.00020679189 0)
(1.0002033 0.00020687483 0)
(1.0002039 0.00020695644 0)
(1.0002046 0.00020703674 0)
(1.0002053 0.00020711571 0)
(1.000206 0.00020719335 0)
(1.0002067 0.00020726966 0)
(1.0002074 0.00020734464 0)
(1.0002081 0.00020741828 0)
(1.0002087 0.00020749057 0)
(1.0002094 0.00020756152 0)
(1.0002101 0.00020763112 0)
(1.0002108 0.00020769937 0)
(1.0002115 0.00020776626 0)
(1.0002122 0.00020783179 0)
(1.0002129 0.00020789596 0)
(1.0002136 0.00020795876 0)
(1.0002143 0.00020802018 0)
(1.000215 0.00020808023 0)
(1.0002157 0.0002081389 0)
(1.0002165 0.00020819618 0)
(1.0002172 0.00020825207 0)
(1.0002179 0.00020830657 0)
(1.0002186 0.00020835967 0)
(1.0002193 0.00020841136 0)
(1.00022 0.00020846165 0)
(1.0002207 0.00020851053 0)
(1.0002215 0.00020855799 0)
(1.0002222 0.00020860402 0)
(1.0002229 0.00020864863 0)
(1.0002236 0.00020869181 0)
(1.0002244 0.00020873355 0)
(1.0002251 0.00020877385 0)
(1.0002258 0.0002088127 0)
(1.0002266 0.0002088501 0)
(1.0002273 0.00020888605 0)
(1.000228 0.00020892052 0)
(1.0002288 0.00020895354 0)
(1.0002295 0.00020898507 0)
(1.0002303 0.00020901513 0)
(1.000231 0.0002090437 0)
(1.0002318 0.00020907078 0)
(1.0002325 0.00020909636 0)
(1.0002333 0.00020912044 0)
(1.000234 0.00020914301 0)
(1.0002348 0.00020916407 0)
(1.0002355 0.0002091836 0)
(1.0002363 0.00020920161 0)
(1.000237 0.00020921808 0)
(1.0002378 0.00020923301 0)
(1.0002386 0.00020924639 0)
(1.0002393 0.00020925822 0)
(1.0002401 0.00020926849 0)
(1.0002409 0.0002092772 0)
(1.0002417 0.00020928432 0)
(1.0002424 0.00020928987 0)
(1.0002432 0.00020929383 0)
(1.000244 0.0002092962 0)
(1.0002448 0.00020929696 0)
(1.0002456 0.00020929611 0)
(1.0002464 0.00020929365 0)
(1.0002472 0.00020928956 0)
(1.000248 0.00020928383 0)
(1.0002487 0.00020927647 0)
(1.0002495 0.00020926746 0)
(1.0002503 0.0002092568 0)
(1.0002512 0.00020924447 0)
(1.000252 0.00020923046 0)
(1.0002528 0.00020921478 0)
(1.0002536 0.00020919741 0)
(1.0002544 0.00020917835 0)
(1.0002552 0.00020915757 0)
(1.0001524 0.00019170372 0)
(1.0001529 0.00019187492 0)
(1.0001535 0.00019204495 0)
(1.0001541 0.00019221382 0)
(1.0001547 0.00019238154 0)
(1.0001553 0.00019254808 0)
(1.0001559 0.00019271347 0)
(1.0001564 0.00019287769 0)
(1.000157 0.00019304075 0)
(1.0001576 0.00019320264 0)
(1.0001582 0.00019336337 0)
(1.0001588 0.00019352294 0)
(1.0001594 0.00019368134 0)
(1.00016 0.00019383857 0)
(1.0001606 0.00019399463 0)
(1.0001612 0.00019414953 0)
(1.0001618 0.00019430326 0)
(1.0001624 0.00019445582 0)
(1.000163 0.00019460721 0)
(1.0001636 0.00019475743 0)
(1.0001642 0.00019490648 0)
(1.0001648 0.00019505436 0)
(1.0001654 0.00019520106 0)
(1.000166 0.00019534659 0)
(1.0001666 0.00019549094 0)
(1.0001672 0.00019563411 0)
(1.0001678 0.00019577611 0)
(1.0001684 0.00019591693 0)
(1.000169 0.00019605657 0)
(1.0001696 0.00019619502 0)
(1.0001702 0.00019633229 0)
(1.0001708 0.00019646838 0)
(1.0001715 0.00019660328 0)
(1.0001721 0.000196737 0)
(1.0001727 0.00019686953 0)
(1.0001733 0.00019700086 0)
(1.0001739 0.000197131 0)
(1.0001746 0.00019725995 0)
(1.0001752 0.00019738771 0)
(1.0001758 0.00019751427 0)
(1.0001764 0.00019763962 0)
(1.000177 0.00019776378 0)
(1.0001777 0.00019788673 0)
(1.0001783 0.00019800848 0)
(1.0001789 0.00019812902 0)
(1.0001796 0.00019824836 0)
(1.0001802 0.00019836648 0)
(1.0001808 0.00019848338 0)
(1.0001815 0.00019859908 0)
(1.0001821 0.00019871355 0)
(1.0001827 0.00019882681 0)
(1.0001834 0.00019893884 0)
(1.000184 0.00019904965 0)
(1.0001847 0.00019915922 0)
(1.0001853 0.00019926757 0)
(1.000186 0.00019937469 0)
(1.0001866 0.00019948057 0)
(1.0001873 0.00019958522 0)
(1.0001879 0.00019968862 0)
(1.0001886 0.00019979078 0)
(1.0001892 0.00019989169 0)
(1.0001899 0.00019999136 0)
(1.0001905 0.00020008977 0)
(1.0001912 0.00020018692 0)
(1.0001918 0.00020028282 0)
(1.0001925 0.00020037746 0)
(1.0001932 0.00020047083 0)
(1.0001938 0.00020056293 0)
(1.0001945 0.00020065377 0)
(1.0001951 0.00020074333 0)
(1.0001958 0.00020083161 0)
(1.0001965 0.0002009186 0)
(1.0001972 0.00020100432 0)
(1.0001978 0.00020108874 0)
(1.0001985 0.00020117188 0)
(1.0001992 0.00020125371 0)
(1.0001999 0.00020133425 0)
(1.0002005 0.00020141348 0)
(1.0002012 0.00020149141 0)
(1.0002019 0.00020156802 0)
(1.0002026 0.00020164332 0)
(1.0002033 0.0002017173 0)
(1.000204 0.00020178995 0)
(1.0002046 0.00020186128 0)
(1.0002053 0.00020193127 0)
(1.000206 0.00020199993 0)
(1.0002067 0.00020206725 0)
(1.0002074 0.00020213322 0)
(1.0002081 0.00020219784 0)
(1.0002088 0.00020226111 0)
(1.0002095 0.00020232301 0)
(1.0002102 0.00020238355 0)
(1.0002109 0.00020244273 0)
(1.0002116 0.00020250053 0)
(1.0002124 0.00020255695 0)
(1.0002131 0.00020261198 0)
(1.0002138 0.00020266563 0)
(1.0002145 0.00020271788 0)
(1.0002152 0.00020276873 0)
(1.0002159 0.00020281818 0)
(1.0002166 0.00020286622 0)
(1.0002174 0.00020291284 0)
(1.0002181 0.00020295804 0)
(1.0002188 0.00020300182 0)
(1.0002196 0.00020304416 0)
(1.0002203 0.00020308506 0)
(1.000221 0.00020312452 0)
(1.0002217 0.00020316253 0)
(1.0002225 0.00020319908 0)
(1.0002232 0.00020323417 0)
(1.000224 0.00020326779 0)
(1.0002247 0.00020329994 0)
(1.0002255 0.0002033306 0)
(1.0002262 0.00020335978 0)
(1.000227 0.00020338747 0)
(1.0002277 0.00020341365 0)
(1.0002285 0.00020343833 0)
(1.0002292 0.00020346149 0)
(1.00023 0.00020348313 0)
(1.0002307 0.00020350324 0)
(1.0002315 0.00020352182 0)
(1.0002323 0.00020353886 0)
(1.000233 0.00020355435 0)
(1.0002338 0.00020356828 0)
(1.0002346 0.00020358065 0)
(1.0002354 0.00020359144 0)
(1.0002361 0.00020360066 0)
(1.0002369 0.00020360829 0)
(1.0002377 0.00020361433 0)
(1.0002385 0.00020361876 0)
(1.0002393 0.00020362159 0)
(1.0002401 0.00020362279 0)
(1.0002408 0.00020362238 0)
(1.0002416 0.00020362032 0)
(1.0002424 0.00020361662 0)
(1.0002432 0.00020361128 0)
(1.000244 0.00020360427 0)
(1.0002448 0.00020359559 0)
(1.0001444 0.00018496303 0)
(1.0001449 0.00018513971 0)
(1.0001455 0.0001853153 0)
(1.0001461 0.0001854898 0)
(1.0001466 0.00018566319 0)
(1.0001472 0.00018583549 0)
(1.0001478 0.00018600669 0)
(1.0001483 0.00018617679 0)
(1.0001489 0.00018634578 0)
(1.0001495 0.00018651368 0)
(1.00015 0.00018668048 0)
(1.0001506 0.00018684617 0)
(1.0001512 0.00018701077 0)
(1.0001517 0.00018717426 0)
(1.0001523 0.00018733664 0)
(1.0001529 0.00018749792 0)
(1.0001535 0.0001876581 0)
(1.0001541 0.00018781716 0)
(1.0001546 0.00018797512 0)
(1.0001552 0.00018813197 0)
(1.0001558 0.00018828772 0)
(1.0001564 0.00018844235 0)
(1.000157 0.00018859586 0)
(1.0001576 0.00018874827 0)
(1.0001581 0.00018889956 0)
(1.0001587 0.00018904973 0)
(1.0001593 0.00018919879 0)
(1.0001599 0.00018934673 0)
(1.0001605 0.00018949355 0)
(1.0001611 0.00018963924 0)
(1.0001617 0.00018978382 0)
(1.0001623 0.00018992727 0)
(1.0001629 0.00019006959 0)
(1.0001635 0.00019021079 0)
(1.0001641 0.00019035085 0)
(1.0001647 0.00019048979 0)
(1.0001653 0.00019062759 0)
(1.0001659 0.00019076426 0)
(1.0001665 0.00019089979 0)
(1.0001671 0.00019103418 0)
(1.0001677 0.00019116743 0)
(1.0001683 0.00019129954 0)
(1.0001689 0.0001914305 0)
(1.0001695 0.00019156032 0)
(1.0001702 0.00019168899 0)
(1.0001708 0.00019181651 0)
(1.0001714 0.00019194287 0)
(1.000172 0.00019206808 0)
(1.0001726 0.00019219213 0)
(1.0001732 0.00019231502 0)
(1.0001739 0.00019243674 0)
(1.0001745 0.00019255731 0)
(1.0001751 0.0001926767 0)
(1.0001757 0.00019279492 0)
(1.0001764 0.00019291197 0)
(1.000177 0.00019302784 0)
(1.0001776 0.00019314253 0)
(1.0001783 0.00019325605 0)
(1.0001789 0.00019336837 0)
(1.0001795 0.00019347951 0)
(1.0001802 0.00019358946 0)
(1.0001808 0.00019369822 0)
(1.0001815 0.00019380578 0)
(1.0001821 0.00019391213 0)
(1.0001827 0.00019401729 0)
(1.0001834 0.00019412124 0)
(1.000184 0.00019422398 0)
(1.0001847 0.00019432551 0)
(1.0001853 0.00019442582 0)
(1.000186 0.00019452491 0)
(1.0001866 0.00019462277 0)
(1.0001873 0.00019471941 0)
(1.0001879 0.00019481482 0)
(1.0001886 0.00019490899 0)
(1.0001893 0.00019500193 0)
(1.0001899 0.00019509362 0)
(1.0001906 0.00019518407 0)
(1.0001912 0.00019527327 0)
(1.0001919 0.00019536121 0)
(1.0001926 0.0001954479 0)
(1.0001932 0.00019553332 0)
(1.0001939 0.00019561747 0)
(1.0001946 0.00019570036 0)
(1.0001953 0.00019578197 0)
(1.0001959 0.0001958623 0)
(1.0001966 0.00019594135 0)
(1.0001973 0.0001960191 0)
(1.000198 0.00019609557 0)
(1.0001987 0.00019617074 0)
(1.0001994 0.0001962446 0)
(1.0002 0.00019631716 0)
(1.0002007 0.0001963884 0)
(1.0002014 0.00019645833 0)
(1.0002021 0.00019652693 0)
(1.0002028 0.00019659421 0)
(1.0002035 0.00019666015 0)
(1.0002042 0.00019672476 0)
(1.0002049 0.00019678802 0)
(1.0002056 0.00019684994 0)
(1.0002063 0.0001969105 0)
(1.000207 0.0001969697 0)
(1.0002077 0.00019702754 0)
(1.0002084 0.00019708401 0)
(1.0002092 0.0001971391 0)
(1.0002099 0.0001971928 0)
(1.0002106 0.00019724512 0)
(1.0002113 0.00019729605 0)
(1.000212 0.00019734558 0)
(1.0002128 0.0001973937 0)
(1.0002135 0.0001974404 0)
(1.0002142 0.00019748569 0)
(1.0002149 0.00019752955 0)
(1.0002157 0.00019757199 0)
(1.0002164 0.00019761298 0)
(1.0002171 0.00019765253 0)
(1.0002179 0.00019769063 0)
(1.0002186 0.00019772727 0)
(1.0002194 0.00019776244 0)
(1.0002201 0.00019779614 0)
(1.0002209 0.00019782837 0)
(1.0002216 0.0001978591 0)
(1.0002224 0.00019788835 0)
(1.0002231 0.00019791609 0)
(1.0002239 0.00019794233 0)
(1.0002246 0.00019796704 0)
(1.0002254 0.00019799024 0)
(1.0002262 0.00019801191 0)
(1.0002269 0.00019803203 0)
(1.0002277 0.00019805061 0)
(1.0002285 0.00019806764 0)
(1.0002293 0.0001980831 0)
(1.00023 0.00019809699 0)
(1.0002308 0.00019810931 0)
(1.0002316 0.00019812003 0)
(1.0002324 0.00019812916 0)
(1.0002332 0.00019813669 0)
(1.000234 0.0001981426 0)
(1.0002348 0.00019814689 0)
(1.0001368 0.00017816457 0)
(1.0001373 0.00017834488 0)
(1.0001379 0.00017852416 0)
(1.0001384 0.0001787024 0)
(1.000139 0.00017887961 0)
(1.0001395 0.00017905578 0)
(1.0001401 0.00017923091 0)
(1.0001406 0.000179405 0)
(1.0001412 0.00017957806 0)
(1.0001417 0.00017975007 0)
(1.0001423 0.00017992105 0)
(1.0001428 0.00018009098 0)
(1.0001434 0.00018025987 0)
(1.0001439 0.00018042771 0)
(1.0001445 0.00018059451 0)
(1.0001451 0.00018076027 0)
(1.0001456 0.00018092498 0)
(1.0001462 0.00018108864 0)
(1.0001467 0.00018125125 0)
(1.0001473 0.00018141282 0)
(1.0001479 0.00018157333 0)
(1.0001484 0.00018173279 0)
(1.000149 0.0001818912 0)
(1.0001496 0.00018204855 0)
(1.0001501 0.00018220484 0)
(1.0001507 0.00018236008 0)
(1.0001513 0.00018251426 0)
(1.0001519 0.00018266737 0)
(1.0001524 0.00018281943 0)
(1.000153 0.00018297042 0)
(1.0001536 0.00018312035 0)
(1.0001542 0.0001832692 0)
(1.0001547 0.00018341699 0)
(1.0001553 0.00018356371 0)
(1.0001559 0.00018370936 0)
(1.0001565 0.00018385393 0)
(1.0001571 0.00018399742 0)
(1.0001577 0.00018413984 0)
(1.0001583 0.00018428118 0)
(1.0001588 0.00018442143 0)
(1.0001594 0.0001845606 0)
(1.00016 0.00018469868 0)
(1.0001606 0.00018483568 0)
(1.0001612 0.00018497158 0)
(1.0001618 0.00018510639 0)
(1.0001624 0.0001852401 0)
(1.000163 0.00018537272 0)
(1.0001636 0.00018550424 0)
(1.0001642 0.00018563465 0)
(1.0001648 0.00018576395 0)
(1.0001654 0.00018589215 0)
(1.000166 0.00018601924 0)
(1.0001666 0.00018614521 0)
(1.0001673 0.00018627007 0)
(1.0001679 0.00018639381 0)
(1.0001685 0.00018651642 0)
(1.0001691 0.00018663792 0)
(1.0001697 0.00018675828 0)
(1.0001703 0.00018687751 0)
(1.0001709 0.00018699561 0)
(1.0001716 0.00018711257 0)
(1.0001722 0.0001872284 0)
(1.0001728 0.00018734308 0)
(1.0001734 0.00018745661 0)
(1.0001741 0.00018756899 0)
(1.0001747 0.00018768022 0)
(1.0001753 0.00018779029 0)
(1.000176 0.00018789921 0)
(1.0001766 0.00018800695 0)
(1.0001772 0.00018811354 0)
(1.0001779 0.00018821895 0)
(1.0001785 0.00018832318 0)
(1.0001791 0.00018842624 0)
(1.0001798 0.00018852811 0)
(1.0001804 0.0001886288 0)
(1.0001811 0.0001887283 0)
(1.0001817 0.00018882661 0)
(1.0001824 0.00018892371 0)
(1.000183 0.00018901962 0)
(1.0001837 0.00018911431 0)
(1.0001843 0.0001892078 0)
(1.000185 0.00018930007 0)
(1.0001856 0.00018939112 0)
(1.0001863 0.00018948095 0)
(1.000187 0.00018956955 0)
(1.0001876 0.00018965691 0)
(1.0001883 0.00018974304 0)
(1.000189 0.00018982793 0)
(1.0001896 0.00018991157 0)
(1.0001903 0.00018999395 0)
(1.000191 0.00019007508 0)
(1.0001917 0.00019015495 0)
(1.0001923 0.00019023355 0)
(1.000193 0.00019031088 0)
(1.0001937 0.00019038693 0)
(1.0001944 0.0001904617 0)
(1.0001951 0.00019053518 0)
(1.0001957 0.00019060737 0)
(1.0001964 0.00019067826 0)
(1.0001971 0.00019074784 0)
(1.0001978 0.00019081612 0)
(1.0001985 0.00019088308 0)
(1.0001992 0.00019094872 0)
(1.0001999 0.00019101303 0)
(1.0002006 0.00019107601 0)
(1.0002013 0.00019113765 0)
(1.000202 0.00019119794 0)
(1.0002027 0.00019125688 0)
(1.0002034 0.00019131447 0)
(1.0002042 0.00019137069 0)
(1.0002049 0.00019142554 0)
(1.0002056 0.00019147902 0)
(1.0002063 0.00019153111 0)
(1.000207 0.00019158181 0)
(1.0002077 0.00019163112 0)
(1.0002085 0.00019167902 0)
(1.0002092 0.00019172551 0)
(1.0002099 0.00019177059 0)
(1.0002107 0.00019181424 0)
(1.0002114 0.00019185646 0)
(1.0002121 0.00019189724 0)
(1.0002129 0.00019193658 0)
(1.0002136 0.00019197446 0)
(1.0002144 0.00019201088 0)
(1.0002151 0.00019204584 0)
(1.0002159 0.00019207932 0)
(1.0002166 0.00019211131 0)
(1.0002174 0.00019214181 0)
(1.0002181 0.00019217082 0)
(1.0002189 0.00019219831 0)
(1.0002197 0.00019222429 0)
(1.0002204 0.00019224875 0)
(1.0002212 0.00019227167 0)
(1.000222 0.00019229305 0)
(1.0002227 0.00019231289 0)
(1.0002235 0.00019233116 0)
(1.0002243 0.00019234787 0)
(1.0002251 0.000192363 0)
(1.0001295 0.00017148615 0)
(1.00013 0.00017167024 0)
(1.0001306 0.00017185337 0)
(1.0001311 0.00017203553 0)
(1.0001316 0.00017221672 0)
(1.0001322 0.00017239694 0)
(1.0001327 0.00017257619 0)
(1.0001332 0.00017275447 0)
(1.0001337 0.00017293178 0)
(1.0001343 0.00017310811 0)
(1.0001348 0.00017328346 0)
(1.0001354 0.00017345785 0)
(1.0001359 0.00017363125 0)
(1.0001364 0.00017380368 0)
(1.000137 0.00017397513 0)
(1.0001375 0.0001741456 0)
(1.000138 0.00017431508 0)
(1.0001386 0.00017448359 0)
(1.0001391 0.00017465111 0)
(1.0001397 0.00017481765 0)
(1.0001402 0.0001749832 0)
(1.0001408 0.00017514777 0)
(1.0001413 0.00017531134 0)
(1.0001419 0.00017547393 0)
(1.0001424 0.00017563552 0)
(1.000143 0.00017579612 0)
(1.0001435 0.00017595573 0)
(1.0001441 0.00017611434 0)
(1.0001446 0.00017627195 0)
(1.0001452 0.00017642856 0)
(1.0001458 0.00017658417 0)
(1.0001463 0.00017673877 0)
(1.0001469 0.00017689238 0)
(1.0001475 0.00017704497 0)
(1.000148 0.00017719655 0)
(1.0001486 0.00017734713 0)
(1.0001492 0.00017749669 0)
(1.0001497 0.00017764524 0)
(1.0001503 0.00017779276 0)
(1.0001509 0.00017793927 0)
(1.0001514 0.00017808476 0)
(1.000152 0.00017822923 0)
(1.0001526 0.00017837266 0)
(1.0001532 0.00017851507 0)
(1.0001538 0.00017865645 0)
(1.0001543 0.0001787968 0)
(1.0001549 0.00017893611 0)
(1.0001555 0.00017907438 0)
(1.0001561 0.00017921161 0)
(1.0001567 0.0001793478 0)
(1.0001573 0.00017948294 0)
(1.0001579 0.00017961703 0)
(1.0001584 0.00017975007 0)
(1.000159 0.00017988206 0)
(1.0001596 0.00018001299 0)
(1.0001602 0.00018014286 0)
(1.0001608 0.00018027167 0)
(1.0001614 0.00018039941 0)
(1.000162 0.00018052608 0)
(1.0001626 0.00018065167 0)
(1.0001632 0.0001807762 0)
(1.0001638 0.00018089964 0)
(1.0001645 0.000181022 0)
(1.0001651 0.00018114328 0)
(1.0001657 0.00018126347 0)
(1.0001663 0.00018138256 0)
(1.0001669 0.00018150056 0)
(1.0001675 0.00018161746 0)
(1.0001681 0.00018173326 0)
(1.0001688 0.00018184795 0)
(1.0001694 0.00018196153 0)
(1.00017 0.00018207399 0)
(1.0001706 0.00018218534 0)
(1.0001712 0.00018229557 0)
(1.0001719 0.00018240466 0)
(1.0001725 0.00018251263 0)
(1.0001731 0.00018261947 0)
(1.0001738 0.00018272517 0)
(1.0001744 0.00018282972 0)
(1.000175 0.00018293313 0)
(1.0001757 0.00018303539 0)
(1.0001763 0.00018313649 0)
(1.000177 0.00018323643 0)
(1.0001776 0.00018333521 0)
(1.0001783 0.00018343282 0)
(1.0001789 0.00018352926 0)
(1.0001796 0.00018362451 0)
(1.0001802 0.00018371859 0)
(1.0001809 0.00018381148 0)
(1.0001815 0.00018390317 0)
(1.0001822 0.00018399367 0)
(1.0001828 0.00018408296 0)
(1.0001835 0.00018417105 0)
(1.0001842 0.00018425792 0)
(1.0001848 0.00018434357 0)
(1.0001855 0.000184428 0)
(1.0001862 0.00018451121 0)
(1.0001868 0.00018459317 0)
(1.0001875 0.0001846739 0)
(1.0001882 0.00018475338 0)
(1.0001889 0.00018483162 0)
(1.0001896 0.00018490859 0)
(1.0001902 0.0001849843 0)
(1.0001909 0.00018505874 0)
(1.0001916 0.00018513191 0)
(1.0001923 0.0001852038 0)
(1.000193 0.0001852744 0)
(1.0001937 0.00018534371 0)
(1.0001944 0.00018541172 0)
(1.0001951 0.00018547842 0)
(1.0001958 0.00018554381 0)
(1.0001965 0.00018560788 0)
(1.0001972 0.00018567063 0)
(1.0001979 0.00018573205 0)
(1.0001986 0.00018579213 0)
(1.0001993 0.00018585086 0)
(1.0002 0.00018590824 0)
(1.0002008 0.00018596426 0)
(1.0002015 0.00018601891 0)
(1.0002022 0.00018607219 0)
(1.0002029 0.00018612409 0)
(1.0002036 0.0001861746 0)
(1.0002044 0.00018622371 0)
(1.0002051 0.00018627142 0)
(1.0002058 0.00018631772 0)
(1.0002066 0.00018636261 0)
(1.0002073 0.00018640606 0)
(1.0002081 0.00018644808 0)
(1.0002088 0.00018648866 0)
(1.0002096 0.00018652779 0)
(1.0002103 0.00018656545 0)
(1.0002111 0.00018660165 0)
(1.0002118 0.00018663638 0)
(1.0002126 0.00018666962 0)
(1.0002133 0.00018670137 0)
(1.0002141 0.00018673162 0)
(1.0002149 0.00018676035 0)
(1.0002156 0.00018678757 0)
(1.0001227 0.00016472197 0)
(1.0001232 0.0001649076 0)
(1.0001237 0.00016509234 0)
(1.0001242 0.00016527617 0)
(1.0001247 0.00016545909 0)
(1.0001252 0.00016564111 0)
(1.0001257 0.00016582221 0)
(1.0001262 0.0001660024 0)
(1.0001268 0.00016618168 0)
(1.0001273 0.00016636005 0)
(1.0001278 0.00016653751 0)
(1.0001283 0.00016671405 0)
(1.0001288 0.00016688967 0)
(1.0001294 0.00016706438 0)
(1.0001299 0.00016723817 0)
(1.0001304 0.00016741104 0)
(1.0001309 0.00016758299 0)
(1.0001314 0.00016775401 0)
(1.000132 0.00016792412 0)
(1.0001325 0.0001680933 0)
(1.000133 0.00016826155 0)
(1.0001336 0.00016842888 0)
(1.0001341 0.00016859528 0)
(1.0001346 0.00016876074 0)
(1.0001352 0.00016892528 0)
(1.0001357 0.00016908888 0)
(1.0001362 0.00016925155 0)
(1.0001368 0.00016941327 0)
(1.0001373 0.00016957407 0)
(1.0001379 0.00016973392 0)
(1.0001384 0.00016989282 0)
(1.0001389 0.00017005079 0)
(1.0001395 0.0001702078 0)
(1.00014 0.00017036387 0)
(1.0001406 0.00017051899 0)
(1.0001411 0.00017067316 0)
(1.0001417 0.00017082637 0)
(1.0001422 0.00017097863 0)
(1.0001428 0.00017112993 0)
(1.0001433 0.00017128026 0)
(1.0001439 0.00017142964 0)
(1.0001445 0.00017157805 0)
(1.000145 0.00017172549 0)
(1.0001456 0.00017187196 0)
(1.0001461 0.00017201746 0)
(1.0001467 0.00017216198 0)
(1.0001473 0.00017230553 0)
(1.0001478 0.00017244809 0)
(1.0001484 0.00017258968 0)
(1.000149 0.00017273027 0)
(1.0001496 0.00017286988 0)
(1.0001501 0.0001730085 0)
(1.0001507 0.00017314612 0)
(1.0001513 0.00017328275 0)
(1.0001519 0.00017341838 0)
(1.0001524 0.000173553 0)
(1.000153 0.00017368662 0)
(1.0001536 0.00017381923 0)
(1.0001542 0.00017395083 0)
(1.0001548 0.00017408142 0)
(1.0001554 0.00017421098 0)
(1.000156 0.00017433953 0)
(1.0001565 0.00017446704 0)
(1.0001571 0.00017459353 0)
(1.0001577 0.00017471899 0)
(1.0001583 0.00017484342 0)
(1.0001589 0.0001749668 0)
(1.0001595 0.00017508914 0)
(1.0001601 0.00017521044 0)
(1.0001607 0.00017533068 0)
(1.0001613 0.00017544988 0)
(1.0001619 0.00017556801 0)
(1.0001626 0.00017568509 0)
(1.0001632 0.00017580109 0)
(1.0001638 0.00017591603 0)
(1.0001644 0.0001760299 0)
(1.000165 0.00017614269 0)
(1.0001656 0.00017625439 0)
(1.0001662 0.00017636501 0)
(1.0001669 0.00017647454 0)
(1.0001675 0.00017658298 0)
(1.0001681 0.00017669032 0)
(1.0001687 0.00017679655 0)
(1.0001694 0.00017690167 0)
(1.00017 0.00017700569 0)
(1.0001706 0.00017710858 0)
(1.0001713 0.00017721036 0)
(1.0001719 0.000177311 0)
(1.0001726 0.00017741052 0)
(1.0001732 0.00017750889 0)
(1.0001738 0.00017760613 0)
(1.0001745 0.00017770222 0)
(1.0001751 0.00017779716 0)
(1.0001758 0.00017789094 0)
(1.0001764 0.00017798356 0)
(1.0001771 0.00017807501 0)
(1.0001777 0.00017816529 0)
(1.0001784 0.00017825438 0)
(1.0001791 0.0001783423 0)
(1.0001797 0.00017842902 0)
(1.0001804 0.00017851455 0)
(1.000181 0.00017859888 0)
(1.0001817 0.000178682 0)
(1.0001824 0.00017876391 0)
(1.0001831 0.0001788446 0)
(1.0001837 0.00017892406 0)
(1.0001844 0.0001790023 0)
(1.0001851 0.00017907929 0)
(1.0001858 0.00017915504 0)
(1.0001865 0.00017922955 0)
(1.0001871 0.00017930279 0)
(1.0001878 0.00017937477 0)
(1.0001885 0.00017944548 0)
(1.0001892 0.00017951492 0)
(1.0001899 0.00017958307 0)
(1.0001906 0.00017964994 0)
(1.0001913 0.0001797155 0)
(1.000192 0.00017977976 0)
(1.0001927 0.00017984271 0)
(1.0001934 0.00017990434 0)
(1.0001941 0.00017996465 0)
(1.0001949 0.00018002362 0)
(1.0001956 0.00018008125 0)
(1.0001963 0.00018013753 0)
(1.000197 0.00018019246 0)
(1.0001977 0.00018024603 0)
(1.0001985 0.00018029822 0)
(1.0001992 0.00018034903 0)
(1.0001999 0.00018039846 0)
(1.0002007 0.00018044649 0)
(1.0002014 0.00018049311 0)
(1.0002021 0.00018053832 0)
(1.0002029 0.00018058212 0)
(1.0002036 0.00018062448 0)
(1.0002044 0.00018066541 0)
(1.0002051 0.00018070489 0)
(1.0002059 0.00018074291 0)
(1.0002066 0.00018077947 0)
(1.0001161 0.00015813948 0)
(1.0001166 0.00015832731 0)
(1.0001171 0.0001585143 0)
(1.0001175 0.00015870045 0)
(1.000118 0.00015888577 0)
(1.0001185 0.00015907024 0)
(1.000119 0.00015925387 0)
(1.0001195 0.00015943666 0)
(1.00012 0.0001596186 0)
(1.0001205 0.00015979969 0)
(1.000121 0.00015997994 0)
(1.0001215 0.00016015934 0)
(1.000122 0.0001603379 0)
(1.0001225 0.0001605156 0)
(1.000123 0.00016069245 0)
(1.0001235 0.00016086845 0)
(1.000124 0.00016104359 0)
(1.0001245 0.00016121788 0)
(1.000125 0.00016139132 0)
(1.0001256 0.00016156389 0)
(1.0001261 0.00016173561 0)
(1.0001266 0.00016190646 0)
(1.0001271 0.00016207645 0)
(1.0001276 0.00016224558 0)
(1.0001281 0.00016241384 0)
(1.0001286 0.00016258123 0)
(1.0001292 0.00016274776 0)
(1.0001297 0.00016291341 0)
(1.0001302 0.00016307819 0)
(1.0001307 0.0001632421 0)
(1.0001313 0.00016340513 0)
(1.0001318 0.00016356728 0)
(1.0001323 0.00016372856 0)
(1.0001328 0.00016388895 0)
(1.0001334 0.00016404845 0)
(1.0001339 0.00016420707 0)
(1.0001344 0.0001643648 0)
(1.000135 0.00016452164 0)
(1.0001355 0.00016467759 0)
(1.000136 0.00016483264 0)
(1.0001366 0.00016498679 0)
(1.0001371 0.00016514004 0)
(1.0001377 0.0001652924 0)
(1.0001382 0.00016544384 0)
(1.0001388 0.00016559438 0)
(1.0001393 0.00016574401 0)
(1.0001399 0.00016589273 0)
(1.0001404 0.00016604053 0)
(1.000141 0.00016618742 0)
(1.0001415 0.00016633339 0)
(1.0001421 0.00016647843 0)
(1.0001426 0.00016662255 0)
(1.0001432 0.00016676573 0)
(1.0001437 0.00016690799 0)
(1.0001443 0.00016704931 0)
(1.0001449 0.0001671897 0)
(1.0001454 0.00016732914 0)
(1.000146 0.00016746764 0)
(1.0001466 0.00016760519 0)
(1.0001471 0.0001677418 0)
(1.0001477 0.00016787745 0)
(1.0001483 0.00016801214 0)
(1.0001489 0.00016814587 0)
(1.0001494 0.00016827864 0)
(1.00015 0.00016841045 0)
(1.0001506 0.00016854128 0)
(1.0001512 0.00016867114 0)
(1.0001518 0.00016880002 0)
(1.0001523 0.00016892792 0)
(1.0001529 0.00016905484 0)
(1.0001535 0.00016918076 0)
(1.0001541 0.0001693057 0)
(1.0001547 0.00016942964 0)
(1.0001553 0.00016955257 0)
(1.0001559 0.00016967451 0)
(1.0001565 0.00016979543 0)
(1.0001571 0.00016991534 0)
(1.0001577 0.00017003424 0)
(1.0001583 0.00017015211 0)
(1.0001589 0.00017026896 0)
(1.0001595 0.00017038478 0)
(1.0001601 0.00017049957 0)
(1.0001607 0.00017061331 0)
(1.0001614 0.00017072602 0)
(1.000162 0.00017083767 0)
(1.0001626 0.00017094828 0)
(1.0001632 0.00017105782 0)
(1.0001638 0.00017116631 0)
(1.0001645 0.00017127372 0)
(1.0001651 0.00017138007 0)
(1.0001657 0.00017148534 0)
(1.0001663 0.00017158952 0)
(1.000167 0.00017169262 0)
(1.0001676 0.00017179463 0)
(1.0001682 0.00017189554 0)
(1.0001689 0.00017199535 0)
(1.0001695 0.00017209405 0)
(1.0001702 0.00017219163 0)
(1.0001708 0.0001722881 0)
(1.0001715 0.00017238344 0)
(1.0001721 0.00017247765 0)
(1.0001728 0.00017257073 0)
(1.0001734 0.00017266266 0)
(1.0001741 0.00017275344 0)
(1.0001747 0.00017284308 0)
(1.0001754 0.00017293155 0)
(1.000176 0.00017301885 0)
(1.0001767 0.00017310498 0)
(1.0001774 0.00017318994 0)
(1.000178 0.0001732737 0)
(1.0001787 0.00017335628 0)
(1.0001794 0.00017343766 0)
(1.0001801 0.00017351783 0)
(1.0001808 0.0001735968 0)
(1.0001814 0.00017367454 0)
(1.0001821 0.00017375106 0)
(1.0001828 0.00017382635 0)
(1.0001835 0.0001739004 0)
(1.0001842 0.0001739732 0)
(1.0001849 0.00017404475 0)
(1.0001856 0.00017411504 0)
(1.0001863 0.00017418406 0)
(1.000187 0.0001742518 0)
(1.0001877 0.00017431826 0)
(1.0001884 0.00017438343 0)
(1.0001891 0.00017444731 0)
(1.0001898 0.00017450987 0)
(1.0001905 0.00017457113 0)
(1.0001912 0.00017463106 0)
(1.000192 0.00017468966 0)
(1.0001927 0.00017474692 0)
(1.0001934 0.00017480283 0)
(1.0001941 0.00017485739 0)
(1.0001949 0.00017491058 0)
(1.0001956 0.00017496241 0)
(1.0001964 0.00017501285 0)
(1.0001971 0.0001750619 0)
(1.0001978 0.00017510955 0)
(1.0001099 0.0001514214 0)
(1.0001104 0.00015160867 0)
(1.0001109 0.00015179517 0)
(1.0001114 0.00015198089 0)
(1.0001118 0.00015216583 0)
(1.0001123 0.00015234999 0)
(1.0001128 0.00015253336 0)
(1.0001133 0.00015271595 0)
(1.0001137 0.00015289776 0)
(1.0001142 0.00015307878 0)
(1.0001147 0.00015325901 0)
(1.0001152 0.00015343846 0)
(1.0001157 0.00015361711 0)
(1.0001161 0.00015379498 0)
(1.0001166 0.00015397205 0)
(1.0001171 0.00015414833 0)
(1.0001176 0.00015432382 0)
(1.0001181 0.00015449851 0)
(1.0001186 0.0001546724 0)
(1.0001191 0.0001548455 0)
(1.0001196 0.00015501779 0)
(1.0001201 0.00015518929 0)
(1.0001206 0.00015535997 0)
(1.0001211 0.00015552986 0)
(1.0001216 0.00015569894 0)
(1.0001221 0.00015586721 0)
(1.0001226 0.00015603467 0)
(1.0001231 0.00015620131 0)
(1.0001236 0.00015636715 0)
(1.0001241 0.00015653217 0)
(1.0001246 0.00015669637 0)
(1.0001251 0.00015685975 0)
(1.0001256 0.00015702231 0)
(1.0001261 0.00015718405 0)
(1.0001266 0.00015734497 0)
(1.0001272 0.00015750505 0)
(1.0001277 0.00015766431 0)
(1.0001282 0.00015782273 0)
(1.0001287 0.00015798032 0)
(1.0001292 0.00015813708 0)
(1.0001298 0.00015829299 0)
(1.0001303 0.00015844807 0)
(1.0001308 0.0001586023 0)
(1.0001313 0.00015875569 0)
(1.0001319 0.00015890822 0)
(1.0001324 0.00015905991 0)
(1.0001329 0.00015921075 0)
(1.0001335 0.00015936072 0)
(1.000134 0.00015950984 0)
(1.0001345 0.0001596581 0)
(1.0001351 0.0001598055 0)
(1.0001356 0.00015995202 0)
(1.0001362 0.00016009768 0)
(1.0001367 0.00016024247 0)
(1.0001373 0.00016038638 0)
(1.0001378 0.00016052941 0)
(1.0001383 0.00016067156 0)
(1.0001389 0.00016081282 0)
(1.0001394 0.0001609532 0)
(1.00014 0.00016109269 0)
(1.0001406 0.00016123128 0)
(1.0001411 0.00016136898 0)
(1.0001417 0.00016150577 0)
(1.0001422 0.00016164166 0)
(1.0001428 0.00016177664 0)
(1.0001434 0.00016191071 0)
(1.0001439 0.00016204387 0)
(1.0001445 0.00016217611 0)
(1.0001451 0.00016230742 0)
(1.0001456 0.00016243781 0)
(1.0001462 0.00016256727 0)
(1.0001468 0.0001626958 0)
(1.0001474 0.00016282339 0)
(1.0001479 0.00016295004 0)
(1.0001485 0.00016307575 0)
(1.0001491 0.0001632005 0)
(1.0001497 0.0001633243 0)
(1.0001503 0.00016344715 0)
(1.0001509 0.00016356903 0)
(1.0001515 0.00016368995 0)
(1.000152 0.0001638099 0)
(1.0001526 0.00016392887 0)
(1.0001532 0.00016404687 0)
(1.0001538 0.00016416388 0)
(1.0001544 0.0001642799 0)
(1.000155 0.00016439493 0)
(1.0001556 0.00016450896 0)
(1.0001562 0.00016462199 0)
(1.0001569 0.00016473401 0)
(1.0001575 0.00016484503 0)
(1.0001581 0.00016495502 0)
(1.0001587 0.00016506399 0)
(1.0001593 0.00016517194 0)
(1.0001599 0.00016527885 0)
(1.0001605 0.00016538473 0)
(1.0001612 0.00016548956 0)
(1.0001618 0.00016559335 0)
(1.0001624 0.00016569608 0)
(1.0001631 0.00016579775 0)
(1.0001637 0.00016589836 0)
(1.0001643 0.0001659979 0)
(1.000165 0.00016609636 0)
(1.0001656 0.00016619374 0)
(1.0001662 0.00016629004 0)
(1.0001669 0.00016638524 0)
(1.0001675 0.00016647934 0)
(1.0001682 0.00016657233 0)
(1.0001688 0.00016666422 0)
(1.0001695 0.00016675498 0)
(1.0001701 0.00016684463 0)
(1.0001708 0.00016693314 0)
(1.0001714 0.00016702051 0)
(1.0001721 0.00016710674 0)
(1.0001728 0.00016719182 0)
(1.0001734 0.00016727574 0)
(1.0001741 0.0001673585 0)
(1.0001748 0.00016744009 0)
(1.0001755 0.0001675205 0)
(1.0001761 0.00016759973 0)
(1.0001768 0.00016767776 0)
(1.0001775 0.0001677546 0)
(1.0001782 0.00016783022 0)
(1.0001789 0.00016790464 0)
(1.0001796 0.00016797783 0)
(1.0001803 0.0001680498 0)
(1.0001809 0.00016812052 0)
(1.0001816 0.00016819001 0)
(1.0001823 0.00016825824 0)
(1.0001831 0.00016832521 0)
(1.0001838 0.00016839091 0)
(1.0001845 0.00016845534 0)
(1.0001852 0.00016851848 0)
(1.0001859 0.00016858033 0)
(1.0001866 0.00016864087 0)
(1.0001873 0.00016870011 0)
(1.0001881 0.00016875803 0)
(1.0001888 0.00016881462 0)
(1.0001895 0.00016886987 0)
(1.000104 0.00014496831 0)
(1.0001044 0.00014515634 0)
(1.0001049 0.00014534366 0)
(1.0001053 0.00014553027 0)
(1.0001058 0.00014571617 0)
(1.0001062 0.00014590134 0)
(1.0001067 0.00014608581 0)
(1.0001072 0.00014626955 0)
(1.0001076 0.00014645258 0)
(1.0001081 0.00014663489 0)
(1.0001085 0.00014681647 0)
(1.000109 0.00014699733 0)
(1.0001095 0.00014717747 0)
(1.0001099 0.00014735689 0)
(1.0001104 0.00014753558 0)
(1.0001109 0.00014771354 0)
(1.0001114 0.00014789078 0)
(1.0001118 0.00014806728 0)
(1.0001123 0.00014824305 0)
(1.0001128 0.00014841809 0)
(1.0001133 0.0001485924 0)
(1.0001137 0.00014876597 0)
(1.0001142 0.0001489388 0)
(1.0001147 0.0001491109 0)
(1.0001152 0.00014928225 0)
(1.0001157 0.00014945286 0)
(1.0001161 0.00014962273 0)
(1.0001166 0.00014979185 0)
(1.0001171 0.00014996023 0)
(1.0001176 0.00015012785 0)
(1.0001181 0.00015029472 0)
(1.0001186 0.00015046084 0)
(1.0001191 0.00015062621 0)
(1.0001196 0.00015079082 0)
(1.0001201 0.00015095466 0)
(1.0001206 0.00015111775 0)
(1.0001211 0.00015128008 0)
(1.0001216 0.00015144163 0)
(1.0001221 0.00015160243 0)
(1.0001226 0.00015176245 0)
(1.0001231 0.00015192169 0)
(1.0001236 0.00015208017 0)
(1.0001241 0.00015223786 0)
(1.0001246 0.00015239478 0)
(1.0001251 0.00015255092 0)
(1.0001256 0.00015270627 0)
(1.0001262 0.00015286083 0)
(1.0001267 0.00015301461 0)
(1.0001272 0.00015316759 0)
(1.0001277 0.00015331978 0)
(1.0001282 0.00015347117 0)
(1.0001288 0.00015362176 0)
(1.0001293 0.00015377155 0)
(1.0001298 0.00015392053 0)
(1.0001303 0.0001540687 0)
(1.0001309 0.00015421606 0)
(1.0001314 0.00015436261 0)
(1.0001319 0.00015450834 0)
(1.0001325 0.00015465324 0)
(1.000133 0.00015479733 0)
(1.0001336 0.00015494058 0)
(1.0001341 0.00015508301 0)
(1.0001346 0.0001552246 0)
(1.0001352 0.00015536535 0)
(1.0001357 0.00015550527 0)
(1.0001363 0.00015564434 0)
(1.0001368 0.00015578256 0)
(1.0001374 0.00015591993 0)
(1.0001379 0.00015605645 0)
(1.0001385 0.00015619211 0)
(1.000139 0.0001563269 0)
(1.0001396 0.00015646083 0)
(1.0001402 0.00015659389 0)
(1.0001407 0.00015672608 0)
(1.0001413 0.00015685739 0)
(1.0001419 0.00015698782 0)
(1.0001424 0.00015711737 0)
(1.000143 0.00015724602 0)
(1.0001436 0.00015737378 0)
(1.0001441 0.00015750064 0)
(1.0001447 0.00015762661 0)
(1.0001453 0.00015775166 0)
(1.0001459 0.0001578758 0)
(1.0001465 0.00015799903 0)
(1.000147 0.00015812134 0)
(1.0001476 0.00015824273 0)
(1.0001482 0.00015836318 0)
(1.0001488 0.0001584827 0)
(1.0001494 0.00015860129 0)
(1.00015 0.00015871893 0)
(1.0001506 0.00015883562 0)
(1.0001512 0.00015895136 0)
(1.0001518 0.00015906614 0)
(1.0001524 0.00015917996 0)
(1.000153 0.00015929281 0)
(1.0001536 0.00015940469 0)
(1.0001542 0.00015951559 0)
(1.0001548 0.0001596255 0)
(1.0001554 0.00015973442 0)
(1.0001561 0.00015984235 0)
(1.0001567 0.00015994928 0)
(1.0001573 0.00016005521 0)
(1.0001579 0.00016016012 0)
(1.0001586 0.00016026401 0)
(1.0001592 0.00016036688 0)
(1.0001598 0.00016046872 0)
(1.0001604 0.00016056953 0)
(1.0001611 0.00016066929 0)
(1.0001617 0.000160768 0)
(1.0001624 0.00016086567 0)
(1.000163 0.00016096227 0)
(1.0001636 0.0001610578 0)
(1.0001643 0.00016115227 0)
(1.0001649 0.00016124565 0)
(1.0001656 0.00016133795 0)
(1.0001663 0.00016142915 0)
(1.0001669 0.00016151925 0)
(1.0001676 0.00016160825 0)
(1.0001682 0.00016169613 0)
(1.0001689 0.0001617829 0)
(1.0001696 0.00016186853 0)
(1.0001702 0.00016195303 0)
(1.0001709 0.00016203639 0)
(1.0001716 0.0001621186 0)
(1.0001723 0.00016219965 0)
(1.000173 0.00016227954 0)
(1.0001736 0.00016235825 0)
(1.0001743 0.00016243578 0)
(1.000175 0.00016251213 0)
(1.0001757 0.00016258728 0)
(1.0001764 0.00016266122 0)
(1.0001771 0.00016273395 0)
(1.0001778 0.00016280547 0)
(1.0001785 0.00016287575 0)
(1.0001792 0.00016294479 0)
(1.0001799 0.00016301259 0)
(1.0001806 0.00016307914 0)
(1.0001814 0.00016314442 0)
(1.0000985 0.00013829858 0)
(1.0000989 0.00013848394 0)
(1.0000994 0.00013866864 0)
(1.0000998 0.00013885269 0)
(1.0001003 0.00013903609 0)
(1.0001007 0.00013921882 0)
(1.0001011 0.00013940089 0)
(1.0001016 0.0001395823 0)
(1.000102 0.00013976305 0)
(1.0001025 0.00013994314 0)
(1.0001029 0.00014012256 0)
(1.0001034 0.00014030132 0)
(1.0001038 0.00014047941 0)
(1.0001043 0.00014065684 0)
(1.0001047 0.00014083359 0)
(1.0001052 0.00014100967 0)
(1.0001056 0.00014118509 0)
(1.0001061 0.00014135983 0)
(1.0001065 0.00014153389 0)
(1.000107 0.00014170728 0)
(1.0001075 0.00014187999 0)
(1.0001079 0.00014205203 0)
(1.0001084 0.00014222338 0)
(1.0001089 0.00014239405 0)
(1.0001093 0.00014256404 0)
(1.0001098 0.00014273334 0)
(1.0001103 0.00014290195 0)
(1.0001107 0.00014306988 0)
(1.0001112 0.00014323712 0)
(1.0001117 0.00014340366 0)
(1.0001121 0.00014356951 0)
(1.0001126 0.00014373467 0)
(1.0001131 0.00014389912 0)
(1.0001136 0.00014406288 0)
(1.0001141 0.00014422594 0)
(1.0001145 0.00014438829 0)
(1.000115 0.00014454994 0)
(1.0001155 0.00014471087 0)
(1.000116 0.0001448711 0)
(1.0001165 0.00014503062 0)
(1.000117 0.00014518942 0)
(1.0001175 0.0001453475 0)
(1.000118 0.00014550487 0)
(1.0001185 0.00014566151 0)
(1.0001189 0.00014581743 0)
(1.0001194 0.00014597263 0)
(1.0001199 0.00014612709 0)
(1.0001204 0.00014628083 0)
(1.0001209 0.00014643383 0)
(1.0001215 0.00014658609 0)
(1.000122 0.00014673762 0)
(1.0001225 0.0001468884 0)
(1.000123 0.00014703844 0)
(1.0001235 0.00014718773 0)
(1.000124 0.00014733627 0)
(1.0001245 0.00014748406 0)
(1.000125 0.00014763109 0)
(1.0001255 0.00014777736 0)
(1.0001261 0.00014792287 0)
(1.0001266 0.00014806762 0)
(1.0001271 0.0001482116 0)
(1.0001276 0.00014835481 0)
(1.0001282 0.00014849724 0)
(1.0001287 0.00014863889 0)
(1.0001292 0.00014877977 0)
(1.0001297 0.00014891986 0)
(1.0001303 0.00014905916 0)
(1.0001308 0.00014919767 0)
(1.0001314 0.00014933538 0)
(1.0001319 0.0001494723 0)
(1.0001324 0.00014960842 0)
(1.000133 0.00014974373 0)
(1.0001335 0.00014987823 0)
(1.0001341 0.00015001192 0)
(1.0001346 0.00015014479 0)
(1.0001352 0.00015027684 0)
(1.0001357 0.00015040806 0)
(1.0001363 0.00015053846 0)
(1.0001368 0.00015066802 0)
(1.0001374 0.00015079675 0)
(1.000138 0.00015092464 0)
(1.0001385 0.00015105168 0)
(1.0001391 0.00015117787 0)
(1.0001396 0.00015130321 0)
(1.0001402 0.00015142769 0)
(1.0001408 0.0001515513 0)
(1.0001414 0.00015167405 0)
(1.0001419 0.00015179593 0)
(1.0001425 0.00015191693 0)
(1.0001431 0.00015203705 0)
(1.0001437 0.00015215629 0)
(1.0001443 0.00015227463 0)
(1.0001448 0.00015239208 0)
(1.0001454 0.00015250863 0)
(1.000146 0.00015262428 0)
(1.0001466 0.00015273901 0)
(1.0001472 0.00015285283 0)
(1.0001478 0.00015296572 0)
(1.0001484 0.00015307769 0)
(1.000149 0.00015318873 0)
(1.0001496 0.00015329883 0)
(1.0001502 0.00015340799 0)
(1.0001508 0.0001535162 0)
(1.0001514 0.00015362346 0)
(1.000152 0.00015372976 0)
(1.0001527 0.00015383509 0)
(1.0001533 0.00015393946 0)
(1.0001539 0.00015404284 0)
(1.0001545 0.00015414524 0)
(1.0001551 0.00015424666 0)
(1.0001558 0.00015434708 0)
(1.0001564 0.00015444649 0)
(1.000157 0.0001545449 0)
(1.0001577 0.0001546423 0)
(1.0001583 0.00015473868 0)
(1.0001589 0.00015483402 0)
(1.0001596 0.00015492834 0)
(1.0001602 0.00015502161 0)
(1.0001609 0.00015511384 0)
(1.0001615 0.00015520501 0)
(1.0001622 0.00015529512 0)
(1.0001628 0.00015538417 0)
(1.0001635 0.00015547213 0)
(1.0001642 0.00015555902 0)
(1.0001648 0.00015564482 0)
(1.0001655 0.00015572951 0)
(1.0001662 0.00015581311 0)
(1.0001668 0.00015589559 0)
(1.0001675 0.00015597695 0)
(1.0001682 0.00015605718 0)
(1.0001689 0.00015613628 0)
(1.0001696 0.00015621423 0)
(1.0001702 0.00015629103 0)
(1.0001709 0.00015636667 0)
(1.0001716 0.00015644115 0)
(1.0001723 0.00015651444 0)
(1.000173 0.00015658655 0)
(1.0001737 0.00015665747 0)
(1.0000931 0.00013200921 0)
(1.0000935 0.00013219411 0)
(1.0000939 0.00013237842 0)
(1.0000944 0.00013256214 0)
(1.0000948 0.00013274526 0)
(1.0000952 0.00013292779 0)
(1.0000956 0.00013310972 0)
(1.0000961 0.00013329105 0)
(1.0000965 0.00013347178 0)
(1.0000969 0.00013365191 0)
(1.0000973 0.00013383145 0)
(1.0000978 0.00013401038 0)
(1.0000982 0.0001341887 0)
(1.0000986 0.00013436643 0)
(1.0000991 0.00013454354 0)
(1.0000995 0.00013472005 0)
(1.0001 0.00013489596 0)
(1.0001004 0.00013507125 0)
(1.0001008 0.00013524593 0)
(1.0001013 0.00013542 0)
(1.0001017 0.00013559346 0)
(1.0001022 0.0001357663 0)
(1.0001026 0.00013593852 0)
(1.0001031 0.00013611013 0)
(1.0001035 0.00013628112 0)
(1.000104 0.00013645149 0)
(1.0001044 0.00013662123 0)
(1.0001049 0.00013679035 0)
(1.0001053 0.00013695884 0)
(1.0001058 0.00013712671 0)
(1.0001062 0.00013729394 0)
(1.0001067 0.00013746055 0)
(1.0001072 0.00013762652 0)
(1.0001076 0.00013779186 0)
(1.0001081 0.00013795655 0)
(1.0001086 0.00013812061 0)
(1.000109 0.00013828403 0)
(1.0001095 0.00013844681 0)
(1.00011 0.00013860894 0)
(1.0001104 0.00013877042 0)
(1.0001109 0.00013893126 0)
(1.0001114 0.00013909144 0)
(1.0001119 0.00013925097 0)
(1.0001123 0.00013940984 0)
(1.0001128 0.00013956806 0)
(1.0001133 0.00013972561 0)
(1.0001138 0.0001398825 0)
(1.0001143 0.00014003873 0)
(1.0001147 0.00014019428 0)
(1.0001152 0.00014034917 0)
(1.0001157 0.00014050338 0)
(1.0001162 0.00014065692 0)
(1.0001167 0.00014080978 0)
(1.0001172 0.00014096196 0)
(1.0001177 0.00014111345 0)
(1.0001182 0.00014126426 0)
(1.0001187 0.00014141438 0)
(1.0001192 0.0001415638 0)
(1.0001197 0.00014171253 0)
(1.0001202 0.00014186057 0)
(1.0001207 0.0001420079 0)
(1.0001212 0.00014215453 0)
(1.0001217 0.00014230045 0)
(1.0001222 0.00014244565 0)
(1.0001228 0.00014259015 0)
(1.0001233 0.00014273393 0)
(1.0001238 0.00014287699 0)
(1.0001243 0.00014301932 0)
(1.0001248 0.00014316093 0)
(1.0001254 0.00014330181 0)
(1.0001259 0.00014344196 0)
(1.0001264 0.00014358136 0)
(1.0001269 0.00014372003 0)
(1.0001275 0.00014385795 0)
(1.000128 0.00014399512 0)
(1.0001285 0.00014413155 0)
(1.0001291 0.00014426721 0)
(1.0001296 0.00014440212 0)
(1.0001302 0.00014453626 0)
(1.0001307 0.00014466964 0)
(1.0001312 0.00014480224 0)
(1.0001318 0.00014493407 0)
(1.0001323 0.00014506511 0)
(1.0001329 0.00014519538 0)
(1.0001334 0.00014532485 0)
(1.000134 0.00014545354 0)
(1.0001346 0.00014558142 0)
(1.0001351 0.00014570851 0)
(1.0001357 0.00014583479 0)
(1.0001362 0.00014596026 0)
(1.0001368 0.00014608491 0)
(1.0001374 0.00014620874 0)
(1.0001379 0.00014633175 0)
(1.0001385 0.00014645393 0)
(1.0001391 0.00014657528 0)
(1.0001397 0.00014669579 0)
(1.0001403 0.00014681545 0)
(1.0001408 0.00014693427 0)
(1.0001414 0.00014705223 0)
(1.000142 0.00014716933 0)
(1.0001426 0.00014728556 0)
(1.0001432 0.00014740093 0)
(1.0001438 0.00014751542 0)
(1.0001444 0.00014762903 0)
(1.000145 0.00014774175 0)
(1.0001456 0.00014785358 0)
(1.0001462 0.00014796452 0)
(1.0001468 0.00014807455 0)
(1.0001474 0.00014818367 0)
(1.000148 0.00014829188 0)
(1.0001486 0.00014839916 0)
(1.0001492 0.00014850552 0)
(1.0001498 0.00014861094 0)
(1.0001505 0.00014871543 0)
(1.0001511 0.00014881897 0)
(1.0001517 0.00014892155 0)
(1.0001523 0.00014902318 0)
(1.000153 0.00014912384 0)
(1.0001536 0.00014922353 0)
(1.0001542 0.00014932224 0)
(1.0001549 0.00014941997 0)
(1.0001555 0.0001495167 0)
(1.0001562 0.00014961243 0)
(1.0001568 0.00014970716 0)
(1.0001575 0.00014980088 0)
(1.0001581 0.00014989357 0)
(1.0001588 0.00014998523 0)
(1.0001594 0.00015007586 0)
(1.0001601 0.00015016545 0)
(1.0001608 0.00015025399 0)
(1.0001614 0.00015034146 0)
(1.0001621 0.00015042787 0)
(1.0001628 0.00015051321 0)
(1.0001634 0.00015059747 0)
(1.0001641 0.00015068063 0)
(1.0001648 0.0001507627 0)
(1.0001655 0.00015084366 0)
(1.0001662 0.0001509235 0)
(1.0000883 0.00012537732 0)
(1.0000887 0.00012555739 0)
(1.0000891 0.00012573692 0)
(1.0000895 0.00012591591 0)
(1.0000899 0.00012609436 0)
(1.0000903 0.00012627227 0)
(1.0000907 0.00012644963 0)
(1.0000912 0.00012662644 0)
(1.0000916 0.00012680271 0)
(1.000092 0.00012697843 0)
(1.0000924 0.0001271536 0)
(1.0000928 0.00012732822 0)
(1.0000932 0.00012750229 0)
(1.0000936 0.00012767581 0)
(1.0000941 0.00012784878 0)
(1.0000945 0.00012802119 0)
(1.0000949 0.00012819305 0)
(1.0000953 0.00012836435 0)
(1.0000958 0.0001285351 0)
(1.0000962 0.00012870528 0)
(1.0000966 0.00012887491 0)
(1.000097 0.00012904397 0)
(1.0000975 0.00012921247 0)
(1.0000979 0.00012938041 0)
(1.0000983 0.00012954778 0)
(1.0000988 0.00012971458 0)
(1.0000992 0.00012988081 0)
(1.0000996 0.00013004647 0)
(1.0001001 0.00013021157 0)
(1.0001005 0.00013037608 0)
(1.000101 0.00013054002 0)
(1.0001014 0.00013070339 0)
(1.0001019 0.00013086617 0)
(1.0001023 0.00013102838 0)
(1.0001028 0.00013119 0)
(1.0001032 0.00013135104 0)
(1.0001037 0.00013151149 0)
(1.0001041 0.00013167135 0)
(1.0001046 0.00013183063 0)
(1.000105 0.00013198931 0)
(1.0001055 0.0001321474 0)
(1.0001059 0.00013230489 0)
(1.0001064 0.00013246178 0)
(1.0001069 0.00013261807 0)
(1.0001073 0.00013277376 0)
(1.0001078 0.00013292884 0)
(1.0001083 0.00013308332 0)
(1.0001087 0.00013323719 0)
(1.0001092 0.00013339045 0)
(1.0001097 0.00013354309 0)
(1.0001101 0.00013369511 0)
(1.0001106 0.00013384652 0)
(1.0001111 0.0001339973 0)
(1.0001116 0.00013414746 0)
(1.000112 0.00013429699 0)
(1.0001125 0.0001344459 0)
(1.000113 0.00013459417 0)
(1.0001135 0.00013474181 0)
(1.000114 0.00013488881 0)
(1.0001145 0.00013503516 0)
(1.000115 0.00013518088 0)
(1.0001155 0.00013532595 0)
(1.000116 0.00013547037 0)
(1.0001165 0.00013561414 0)
(1.0001169 0.00013575725 0)
(1.0001174 0.00013589971 0)
(1.000118 0.0001360415 0)
(1.0001185 0.00013618263 0)
(1.000119 0.00013632309 0)
(1.0001195 0.00013646288 0)
(1.00012 0.000136602 0)
(1.0001205 0.00013674044 0)
(1.000121 0.00013687819 0)
(1.0001215 0.00013701527 0)
(1.000122 0.00013715165 0)
(1.0001226 0.00013728735 0)
(1.0001231 0.00013742234 0)
(1.0001236 0.00013755664 0)
(1.0001241 0.00013769024 0)
(1.0001247 0.00013782313 0)
(1.0001252 0.00013795531 0)
(1.0001257 0.00013808678 0)
(1.0001262 0.00013821753 0)
(1.0001268 0.00013834755 0)
(1.0001273 0.00013847685 0)
(1.0001279 0.00013860542 0)
(1.0001284 0.00013873326 0)
(1.0001289 0.00013886036 0)
(1.0001295 0.00013898671 0)
(1.00013 0.00013911232 0)
(1.0001306 0.00013923718 0)
(1.0001311 0.00013936128 0)
(1.0001317 0.00013948462 0)
(1.0001323 0.00013960719 0)
(1.0001328 0.000139729 0)
(1.0001334 0.00013985003 0)
(1.0001339 0.00013997028 0)
(1.0001345 0.00014008975 0)
(1.0001351 0.00014020843 0)
(1.0001356 0.00014032631 0)
(1.0001362 0.0001404434 0)
(1.0001368 0.00014055968 0)
(1.0001374 0.00014067515 0)
(1.000138 0.00014078981 0)
(1.0001385 0.00014090365 0)
(1.0001391 0.00014101667 0)
(1.0001397 0.00014112885 0)
(1.0001403 0.0001412402 0)
(1.0001409 0.00014135071 0)
(1.0001415 0.00014146037 0)
(1.0001421 0.00014156917 0)
(1.0001427 0.00014167712 0)
(1.0001433 0.00014178421 0)
(1.0001439 0.00014189042 0)
(1.0001445 0.00014199576 0)
(1.0001451 0.00014210021 0)
(1.0001457 0.00014220378 0)
(1.0001463 0.00014230645 0)
(1.000147 0.00014240822 0)
(1.0001476 0.00014250908 0)
(1.0001482 0.00014260903 0)
(1.0001488 0.00014270805 0)
(1.0001495 0.00014280615 0)
(1.0001501 0.00014290331 0)
(1.0001507 0.00014299954 0)
(1.0001514 0.00014309481 0)
(1.000152 0.00014318913 0)
(1.0001527 0.00014328249 0)
(1.0001533 0.00014337488 0)
(1.000154 0.00014346629 0)
(1.0001546 0.00014355671 0)
(1.0001553 0.00014364615 0)
(1.0001559 0.00014373458 0)
(1.0001566 0.00014382201 0)
(1.0001572 0.00014390842 0)
(1.0001579 0.00014399381 0)
(1.0001586 0.00014407817 0)
(1.0001593 0.00014416149 0)
(1.0000834 0.00011928905 0)
(1.0000838 0.0001194677 0)
(1.0000842 0.00011964587 0)
(1.0000846 0.00011982356 0)
(1.000085 0.00012000076 0)
(1.0000854 0.00012017748 0)
(1.0000858 0.00012035372 0)
(1.0000861 0.00012052946 0)
(1.0000865 0.00012070472 0)
(1.0000869 0.00012087949 0)
(1.0000873 0.00012105377 0)
(1.0000877 0.00012122756 0)
(1.0000881 0.00012140086 0)
(1.0000885 0.00012157367 0)
(1.0000889 0.00012174599 0)
(1.0000894 0.00012191781 0)
(1.0000898 0.00012208913 0)
(1.0000902 0.00012225996 0)
(1.0000906 0.00012243029 0)
(1.000091 0.00012260012 0)
(1.0000914 0.00012276945 0)
(1.0000918 0.00012293828 0)
(1.0000922 0.00012310661 0)
(1.0000926 0.00012327443 0)
(1.0000931 0.00012344174 0)
(1.0000935 0.00012360855 0)
(1.0000939 0.00012377486 0)
(1.0000943 0.00012394065 0)
(1.0000947 0.00012410593 0)
(1.0000952 0.00012427069 0)
(1.0000956 0.00012443495 0)
(1.000096 0.00012459869 0)
(1.0000965 0.0001247619 0)
(1.0000969 0.00012492461 0)
(1.0000973 0.00012508678 0)
(1.0000978 0.00012524844 0)
(1.0000982 0.00012540957 0)
(1.0000986 0.00012557018 0)
(1.0000991 0.00012573026 0)
(1.0000995 0.0001258898 0)
(1.0000999 0.00012604882 0)
(1.0001004 0.0001262073 0)
(1.0001008 0.00012636525 0)
(1.0001013 0.00012652266 0)
(1.0001017 0.00012667952 0)
(1.0001022 0.00012683585 0)
(1.0001026 0.00012699163 0)
(1.0001031 0.00012714687 0)
(1.0001035 0.00012730156 0)
(1.000104 0.00012745569 0)
(1.0001045 0.00012760928 0)
(1.0001049 0.00012776231 0)
(1.0001054 0.00012791478 0)
(1.0001058 0.00012806669 0)
(1.0001063 0.00012821803 0)
(1.0001068 0.00012836882 0)
(1.0001072 0.00012851903 0)
(1.0001077 0.00012866868 0)
(1.0001082 0.00012881775 0)
(1.0001087 0.00012896625 0)
(1.0001091 0.00012911416 0)
(1.0001096 0.0001292615 0)
(1.0001101 0.00012940826 0)
(1.0001106 0.00012955443 0)
(1.0001111 0.0001297 0)
(1.0001115 0.00012984499 0)
(1.000112 0.00012998938 0)
(1.0001125 0.00013013317 0)
(1.000113 0.00013027637 0)
(1.0001135 0.00013041895 0)
(1.000114 0.00013056093 0)
(1.0001145 0.0001307023 0)
(1.000115 0.00013084306 0)
(1.0001155 0.0001309832 0)
(1.000116 0.00013112272 0)
(1.0001165 0.00013126161 0)
(1.000117 0.00013139988 0)
(1.0001175 0.00013153751 0)
(1.000118 0.00013167451 0)
(1.0001185 0.00013181088 0)
(1.000119 0.0001319466 0)
(1.0001196 0.00013208168 0)
(1.0001201 0.0001322161 0)
(1.0001206 0.00013234988 0)
(1.0001211 0.000132483 0)
(1.0001217 0.00013261546 0)
(1.0001222 0.00013274725 0)
(1.0001227 0.00013287837 0)
(1.0001232 0.00013300883 0)
(1.0001238 0.0001331386 0)
(1.0001243 0.0001332677 0)
(1.0001248 0.00013339611 0)
(1.0001254 0.00013352383 0)
(1.0001259 0.00013365085 0)
(1.0001265 0.00013377718 0)
(1.000127 0.00013390281 0)
(1.0001276 0.00013402773 0)
(1.0001281 0.00013415193 0)
(1.0001287 0.00013427542 0)
(1.0001292 0.00013439819 0)
(1.0001298 0.00013452023 0)
(1.0001304 0.00013464154 0)
(1.0001309 0.00013476212 0)
(1.0001315 0.00013488196 0)
(1.0001321 0.00013500104 0)
(1.0001326 0.00013511938 0)
(1.0001332 0.00013523696 0)
(1.0001338 0.00013535378 0)
(1.0001344 0.00013546984 0)
(1.0001349 0.00013558512 0)
(1.0001355 0.00013569962 0)
(1.0001361 0.00013581334 0)
(1.0001367 0.00013592627 0)
(1.0001373 0.00013603841 0)
(1.0001379 0.00013614975 0)
(1.0001385 0.00013626028 0)
(1.0001391 0.00013636999 0)
(1.0001397 0.00013647889 0)
(1.0001403 0.00013658697 0)
(1.0001409 0.00013669421 0)
(1.0001415 0.00013680062 0)
(1.0001421 0.00013690619 0)
(1.0001427 0.0001370109 0)
(1.0001433 0.00013711476 0)
(1.000144 0.00013721776 0)
(1.0001446 0.00013731988 0)
(1.0001452 0.00013742114 0)
(1.0001458 0.0001375215 0)
(1.0001465 0.00013762098 0)
(1.0001471 0.00013771957 0)
(1.0001478 0.00013781724 0)
(1.0001484 0.00013791401 0)
(1.000149 0.00013800986 0)
(1.0001497 0.00013810478 0)
(1.0001503 0.00013819877 0)
(1.000151 0.00013829182 0)
(1.0001517 0.00013838392 0)
(1.0001523 0.00013847506 0)
(1.0000793 0.00011266782 0)
(1.0000796 0.00011283941 0)
(1.00008 0.00011301057 0)
(1.0000804 0.00011318129 0)
(1.0000808 0.00011335157 0)
(1.0000811 0.00011352141 0)
(1.0000815 0.00011369082 0)
(1.0000819 0.00011385979 0)
(1.0000823 0.00011402831 0)
(1.0000827 0.0001141964 0)
(1.000083 0.00011436404 0)
(1.0000834 0.00011453124 0)
(1.0000838 0.000114698 0)
(1.0000842 0.00011486431 0)
(1.0000846 0.00011503018 0)
(1.000085 0.0001151956 0)
(1.0000854 0.00011536057 0)
(1.0000858 0.0001155251 0)
(1.0000862 0.00011568917 0)
(1.0000866 0.0001158528 0)
(1.000087 0.00011601597 0)
(1.0000874 0.00011617869 0)
(1.0000878 0.00011634096 0)
(1.0000882 0.00011650277 0)
(1.0000886 0.00011666413 0)
(1.000089 0.00011682503 0)
(1.0000894 0.00011698547 0)
(1.0000898 0.00011714545 0)
(1.0000902 0.00011730497 0)
(1.0000906 0.00011746403 0)
(1.000091 0.00011762262 0)
(1.0000914 0.00011778075 0)
(1.0000918 0.00011793841 0)
(1.0000922 0.0001180956 0)
(1.0000927 0.00011825232 0)
(1.0000931 0.00011840857 0)
(1.0000935 0.00011856434 0)
(1.0000939 0.00011871964 0)
(1.0000944 0.00011887447 0)
(1.0000948 0.00011902881 0)
(1.0000952 0.00011918268 0)
(1.0000956 0.00011933607 0)
(1.0000961 0.00011948897 0)
(1.0000965 0.00011964138 0)
(1.0000969 0.00011979331 0)
(1.0000974 0.00011994475 0)
(1.0000978 0.0001200957 0)
(1.0000982 0.00012024615 0)
(1.0000987 0.00012039611 0)
(1.0000991 0.00012054557 0)
(1.0000996 0.00012069454 0)
(1.0001 0.000120843 0)
(1.0001005 0.00012099096 0)
(1.0001009 0.00012113841 0)
(1.0001013 0.00012128535 0)
(1.0001018 0.00012143179 0)
(1.0001023 0.00012157771 0)
(1.0001027 0.00012172312 0)
(1.0001032 0.00012186801 0)
(1.0001036 0.00012201238 0)
(1.0001041 0.00012215623 0)
(1.0001045 0.00012229955 0)
(1.000105 0.00012244234 0)
(1.0001055 0.00012258461 0)
(1.0001059 0.00012272634 0)
(1.0001064 0.00012286754 0)
(1.0001069 0.0001230082 0)
(1.0001074 0.00012314832 0)
(1.0001078 0.0001232879 0)
(1.0001083 0.00012342693 0)
(1.0001088 0.00012356541 0)
(1.0001093 0.00012370334 0)
(1.0001098 0.00012384071 0)
(1.0001102 0.00012397753 0)
(1.0001107 0.00012411378 0)
(1.0001112 0.00012424947 0)
(1.0001117 0.0001243846 0)
(1.0001122 0.00012451915 0)
(1.0001127 0.00012465313 0)
(1.0001132 0.00012478653 0)
(1.0001137 0.00012491935 0)
(1.0001142 0.00012505159 0)
(1.0001147 0.00012518324 0)
(1.0001152 0.00012531429 0)
(1.0001157 0.00012544476 0)
(1.0001162 0.00012557462 0)
(1.0001167 0.00012570389 0)
(1.0001172 0.00012583255 0)
(1.0001178 0.0001259606 0)
(1.0001183 0.00012608803 0)
(1.0001188 0.00012621485 0)
(1.0001193 0.00012634105 0)
(1.0001199 0.00012646662 0)
(1.0001204 0.00012659157 0)
(1.0001209 0.00012671588 0)
(1.0001214 0.00012683956 0)
(1.000122 0.00012696259 0)
(1.0001225 0.00012708498 0)
(1.0001231 0.00012720672 0)
(1.0001236 0.00012732781 0)
(1.0001241 0.00012744823 0)
(1.0001247 0.000127568 0)
(1.0001252 0.00012768709 0)
(1.0001258 0.00012780552 0)
(1.0001263 0.00012792326 0)
(1.0001269 0.00012804033 0)
(1.0001274 0.00012815671 0)
(1.000128 0.00012827239 0)
(1.0001286 0.00012838738 0)
(1.0001291 0.00012850167 0)
(1.0001297 0.00012861526 0)
(1.0001303 0.00012872813 0)
(1.0001309 0.00012884028 0)
(1.0001314 0.00012895171 0)
(1.000132 0.00012906242 0)
(1.0001326 0.00012917239 0)
(1.0001332 0.00012928163 0)
(1.0001338 0.00012939012 0)
(1.0001344 0.00012949786 0)
(1.0001349 0.00012960484 0)
(1.0001355 0.00012971107 0)
(1.0001361 0.00012981652 0)
(1.0001367 0.00012992121 0)
(1.0001373 0.00013002511 0)
(1.0001379 0.00013012823 0)
(1.0001386 0.00013023056 0)
(1.0001392 0.00013033209 0)
(1.0001398 0.00013043282 0)
(1.0001404 0.00013053273 0)
(1.000141 0.00013063183 0)
(1.0001416 0.00013073011 0)
(1.0001423 0.00013082755 0)
(1.0001429 0.00013092416 0)
(1.0001435 0.00013101992 0)
(1.0001442 0.00013111483 0)
(1.0001448 0.00013120888 0)
(1.0001455 0.00013130207 0)
(1.0001461 0.00013139438 0)
(1.0000748 0.00010682377 0)
(1.0000752 0.00010699326 0)
(1.0000755 0.00010716236 0)
(1.0000759 0.00010733109 0)
(1.0000763 0.00010749943 0)
(1.0000766 0.00010766738 0)
(1.000077 0.00010783495 0)
(1.0000773 0.00010800213 0)
(1.0000777 0.00010816892 0)
(1.0000781 0.00010833533 0)
(1.0000784 0.00010850135 0)
(1.0000788 0.00010866698 0)
(1.0000792 0.00010883222 0)
(1.0000796 0.00010899707 0)
(1.0000799 0.00010916153 0)
(1.0000803 0.00010932559 0)
(1.0000807 0.00010948926 0)
(1.0000811 0.00010965254 0)
(1.0000814 0.00010981543 0)
(1.0000818 0.00010997792 0)
(1.0000822 0.00011014001 0)
(1.0000826 0.0001103017 0)
(1.000083 0.000110463 0)
(1.0000834 0.00011062389 0)
(1.0000838 0.00011078439 0)
(1.0000841 0.00011094448 0)
(1.0000845 0.00011110417 0)
(1.0000849 0.00011126346 0)
(1.0000853 0.00011142234 0)
(1.0000857 0.00011158081 0)
(1.0000861 0.00011173888 0)
(1.0000865 0.00011189654 0)
(1.0000869 0.00011205379 0)
(1.0000873 0.00011221062 0)
(1.0000877 0.00011236704 0)
(1.0000881 0.00011252305 0)
(1.0000885 0.00011267864 0)
(1.0000889 0.00011283382 0)
(1.0000893 0.00011298857 0)
(1.0000898 0.00011314291 0)
(1.0000902 0.00011329682 0)
(1.0000906 0.00011345031 0)
(1.000091 0.00011360337 0)
(1.0000914 0.00011375601 0)
(1.0000918 0.00011390822 0)
(1.0000923 0.00011406 0)
(1.0000927 0.00011421134 0)
(1.0000931 0.00011436225 0)
(1.0000935 0.00011451273 0)
(1.0000939 0.00011466277 0)
(1.0000944 0.00011481237 0)
(1.0000948 0.00011496153 0)
(1.0000952 0.00011511024 0)
(1.0000957 0.00011525851 0)
(1.0000961 0.00011540633 0)
(1.0000965 0.0001155537 0)
(1.000097 0.00011570062 0)
(1.0000974 0.00011584709 0)
(1.0000979 0.0001159931 0)
(1.0000983 0.00011613865 0)
(1.0000988 0.00011628374 0)
(1.0000992 0.00011642837 0)
(1.0000997 0.00011657254 0)
(1.0001001 0.00011671623 0)
(1.0001006 0.00011685946 0)
(1.000101 0.00011700221 0)
(1.0001015 0.00011714449 0)
(1.0001019 0.00011728629 0)
(1.0001024 0.00011742761 0)
(1.0001029 0.00011756845 0)
(1.0001033 0.00011770881 0)
(1.0001038 0.00011784867 0)
(1.0001043 0.00011798805 0)
(1.0001047 0.00011812693 0)
(1.0001052 0.00011826531 0)
(1.0001057 0.0001184032 0)
(1.0001062 0.00011854058 0)
(1.0001066 0.00011867746 0)
(1.0001071 0.00011881383 0)
(1.0001076 0.00011894968 0)
(1.0001081 0.00011908503 0)
(1.0001086 0.00011921985 0)
(1.0001091 0.00011935416 0)
(1.0001096 0.00011948794 0)
(1.00011 0.00011962119 0)
(1.0001105 0.00011975391 0)
(1.000111 0.0001198861 0)
(1.0001115 0.00012001775 0)
(1.000112 0.00012014885 0)
(1.0001126 0.00012027942 0)
(1.0001131 0.00012040943 0)
(1.0001136 0.00012053889 0)
(1.0001141 0.0001206678 0)
(1.0001146 0.00012079615 0)
(1.0001151 0.00012092393 0)
(1.0001156 0.00012105115 0)
(1.0001161 0.00012117779 0)
(1.0001167 0.00012130386 0)
(1.0001172 0.00012142935 0)
(1.0001177 0.00012155425 0)
(1.0001183 0.00012167857 0)
(1.0001188 0.0001218023 0)
(1.0001193 0.00012192543 0)
(1.0001199 0.00012204796 0)
(1.0001204 0.00012216988 0)
(1.0001209 0.00012229119 0)
(1.0001215 0.00012241189 0)
(1.000122 0.00012253198 0)
(1.0001226 0.00012265143 0)
(1.0001231 0.00012277026 0)
(1.0001237 0.00012288846 0)
(1.0001242 0.00012300602 0)
(1.0001248 0.00012312293 0)
(1.0001254 0.0001232392 0)
(1.0001259 0.00012335482 0)
(1.0001265 0.00012346978 0)
(1.0001271 0.00012358407 0)
(1.0001276 0.0001236977 0)
(1.0001282 0.00012381065 0)
(1.0001288 0.00012392292 0)
(1.0001294 0.00012403451 0)
(1.00013 0.00012414541 0)
(1.0001306 0.00012425561 0)
(1.0001311 0.00012436511 0)
(1.0001317 0.00012447391 0)
(1.0001323 0.00012458199 0)
(1.0001329 0.00012468935 0)
(1.0001335 0.00012479599 0)
(1.0001341 0.00012490189 0)
(1.0001348 0.00012500706 0)
(1.0001354 0.00012511148 0)
(1.000136 0.00012521516 0)
(1.0001366 0.00012531807 0)
(1.0001372 0.00012542023 0)
(1.0001378 0.00012552161 0)
(1.0001385 0.00012562222 0)
(1.0001391 0.00012572205 0)
(1.0001397 0.00012582109 0)
(1.0000713 0.00010016453 0)
(1.0000717 0.0001003246 0)
(1.000072 0.00010048432 0)
(1.0000723 0.00010064371 0)
(1.0000727 0.00010080275 0)
(1.000073 0.00010096144 0)
(1.0000734 0.0001011198 0)
(1.0000737 0.0001012778 0)
(1.0000741 0.00010143547 0)
(1.0000745 0.00010159278 0)
(1.0000748 0.00010174976 0)
(1.0000752 0.00010190638 0)
(1.0000755 0.00010206266 0)
(1.0000759 0.00010221859 0)
(1.0000762 0.00010237417 0)
(1.0000766 0.00010252941 0)
(1.000077 0.00010268429 0)
(1.0000773 0.00010283883 0)
(1.0000777 0.00010299301 0)
(1.0000781 0.00010314685 0)
(1.0000784 0.00010330033 0)
(1.0000788 0.00010345345 0)
(1.0000792 0.00010360623 0)
(1.0000795 0.00010375865 0)
(1.0000799 0.00010391071 0)
(1.0000803 0.00010406242 0)
(1.0000807 0.00010421377 0)
(1.000081 0.00010436476 0)
(1.0000814 0.00010451539 0)
(1.0000818 0.00010466566 0)
(1.0000822 0.00010481557 0)
(1.0000826 0.00010496512 0)
(1.000083 0.0001051143 0)
(1.0000833 0.00010526312 0)
(1.0000837 0.00010541158 0)
(1.0000841 0.00010555966 0)
(1.0000845 0.00010570738 0)
(1.0000849 0.00010585473 0)
(1.0000853 0.00010600171 0)
(1.0000857 0.00010614832 0)
(1.0000861 0.00010629455 0)
(1.0000865 0.00010644041 0)
(1.0000869 0.00010658589 0)
(1.0000873 0.000106731 0)
(1.0000877 0.00010687572 0)
(1.0000881 0.00010702007 0)
(1.0000885 0.00010716403 0)
(1.0000889 0.00010730761 0)
(1.0000893 0.00010745081 0)
(1.0000898 0.00010759362 0)
(1.0000902 0.00010773604 0)
(1.0000906 0.00010787806 0)
(1.000091 0.0001080197 0)
(1.0000914 0.00010816095 0)
(1.0000918 0.0001083018 0)
(1.0000923 0.00010844225 0)
(1.0000927 0.0001085823 0)
(1.0000931 0.00010872195 0)
(1.0000936 0.0001088612 0)
(1.000094 0.00010900005 0)
(1.0000944 0.00010913849 0)
(1.0000948 0.00010927652 0)
(1.0000953 0.00010941413 0)
(1.0000957 0.00010955134 0)
(1.0000962 0.00010968813 0)
(1.0000966 0.00010982451 0)
(1.000097 0.00010996046 0)
(1.0000975 0.00011009599 0)
(1.0000979 0.0001102311 0)
(1.0000984 0.00011036579 0)
(1.0000988 0.00011050004 0)
(1.0000993 0.00011063387 0)
(1.0000997 0.00011076726 0)
(1.0001002 0.00011090021 0)
(1.0001007 0.00011103273 0)
(1.0001011 0.00011116481 0)
(1.0001016 0.00011129644 0)
(1.000102 0.00011142763 0)
(1.0001025 0.00011155837 0)
(1.000103 0.00011168865 0)
(1.0001034 0.00011181849 0)
(1.0001039 0.00011194787 0)
(1.0001044 0.00011207678 0)
(1.0001049 0.00011220524 0)
(1.0001053 0.00011233323 0)
(1.0001058 0.00011246075 0)
(1.0001063 0.0001125878 0)
(1.0001068 0.00011271438 0)
(1.0001073 0.00011284048 0)
(1.0001078 0.0001129661 0)
(1.0001083 0.00011309123 0)
(1.0001088 0.00011321588 0)
(1.0001093 0.00011334004 0)
(1.0001098 0.00011346371 0)
(1.0001103 0.00011358687 0)
(1.0001108 0.00011370954 0)
(1.0001113 0.00011383171 0)
(1.0001118 0.00011395337 0)
(1.0001123 0.00011407452 0)
(1.0001128 0.00011419515 0)
(1.0001133 0.00011431527 0)
(1.0001138 0.00011443486 0)
(1.0001144 0.00011455393 0)
(1.0001149 0.00011467247 0)
(1.0001154 0.00011479048 0)
(1.0001159 0.00011490795 0)
(1.0001165 0.00011502488 0)
(1.000117 0.00011514127 0)
(1.0001175 0.0001152571 0)
(1.0001181 0.00011537239 0)
(1.0001186 0.00011548711 0)
(1.0001191 0.00011560128 0)
(1.0001197 0.00011571488 0)
(1.0001202 0.00011582791 0)
(1.0001208 0.00011594036 0)
(1.0001213 0.00011605224 0)
(1.0001219 0.00011616353 0)
(1.0001225 0.00011627424 0)
(1.000123 0.00011638435 0)
(1.0001236 0.00011649386 0)
(1.0001242 0.00011660277 0)
(1.0001247 0.00011671108 0)
(1.0001253 0.00011681877 0)
(1.0001259 0.00011692584 0)
(1.0001265 0.00011703229 0)
(1.000127 0.00011713811 0)
(1.0001276 0.0001172433 0)
(1.0001282 0.00011734785 0)
(1.0001288 0.00011745176 0)
(1.0001294 0.00011755502 0)
(1.00013 0.00011765762 0)
(1.0001306 0.00011775956 0)
(1.0001312 0.00011786084 0)
(1.0001318 0.00011796144 0)
(1.0001324 0.00011806136 0)
(1.000133 0.0001181606 0)
(1.0001336 0.00011825915 0)
(1.0001342 0.000118357 0)
(1.0000672 9.4618599e-05 0)
(1.0000675 9.4776161e-05 0)
(1.0000679 9.4933428e-05 0)
(1.0000682 9.5090397e-05 0)
(1.0000685 9.5247069e-05 0)
(1.0000689 9.5403442e-05 0)
(1.0000692 9.5559518e-05 0)
(1.0000695 9.5715295e-05 0)
(1.0000699 9.5870774e-05 0)
(1.0000702 9.6025954e-05 0)
(1.0000706 9.6180835e-05 0)
(1.0000709 9.6335417e-05 0)
(1.0000713 9.6489698e-05 0)
(1.0000716 9.664368e-05 0)
(1.0000719 9.6797361e-05 0)
(1.0000723 9.6950741e-05 0)
(1.0000726 9.710382e-05 0)
(1.000073 9.7256596e-05 0)
(1.0000734 9.740907e-05 0)
(1.0000737 9.7561242e-05 0)
(1.0000741 9.7713109e-05 0)
(1.0000744 9.7864673e-05 0)
(1.0000748 9.8015932e-05 0)
(1.0000751 9.8166885e-05 0)
(1.0000755 9.8317532e-05 0)
(1.0000759 9.8467873e-05 0)
(1.0000762 9.8617906e-05 0)
(1.0000766 9.8767631e-05 0)
(1.000077 9.8917047e-05 0)
(1.0000773 9.9066153e-05 0)
(1.0000777 9.9214948e-05 0)
(1.0000781 9.9363432e-05 0)
(1.0000784 9.9511603e-05 0)
(1.0000788 9.9659461e-05 0)
(1.0000792 9.9807005e-05 0)
(1.0000796 9.9954233e-05 0)
(1.0000799 0.00010010114 0)
(1.0000803 0.00010024774 0)
(1.0000807 0.00010039402 0)
(1.0000811 0.00010053997 0)
(1.0000815 0.00010068561 0)
(1.0000819 0.00010083092 0)
(1.0000822 0.00010097591 0)
(1.0000826 0.00010112058 0)
(1.000083 0.00010126492 0)
(1.0000834 0.00010140893 0)
(1.0000838 0.00010155262 0)
(1.0000842 0.00010169598 0)
(1.0000846 0.000101839 0)
(1.000085 0.0001019817 0)
(1.0000854 0.00010212405 0)
(1.0000858 0.00010226608 0)
(1.0000862 0.00010240777 0)
(1.0000866 0.00010254912 0)
(1.000087 0.00010269012 0)
(1.0000874 0.00010283079 0)
(1.0000879 0.00010297112 0)
(1.0000883 0.0001031111 0)
(1.0000887 0.00010325073 0)
(1.0000891 0.00010339001 0)
(1.0000895 0.00010352895 0)
(1.0000899 0.00010366753 0)
(1.0000904 0.00010380576 0)
(1.0000908 0.00010394363 0)
(1.0000912 0.00010408115 0)
(1.0000916 0.0001042183 0)
(1.0000921 0.00010435509 0)
(1.0000925 0.00010449152 0)
(1.0000929 0.00010462759 0)
(1.0000934 0.00010476328 0)
(1.0000938 0.00010489861 0)
(1.0000943 0.00010503357 0)
(1.0000947 0.00010516814 0)
(1.0000951 0.00010530235 0)
(1.0000956 0.00010543617 0)
(1.000096 0.00010556961 0)
(1.0000965 0.00010570267 0)
(1.0000969 0.00010583535 0)
(1.0000974 0.00010596763 0)
(1.0000978 0.00010609952 0)
(1.0000983 0.00010623102 0)
(1.0000988 0.00010636213 0)
(1.0000992 0.00010649283 0)
(1.0000997 0.00010662313 0)
(1.0001002 0.00010675303 0)
(1.0001006 0.00010688253 0)
(1.0001011 0.00010701161 0)
(1.0001016 0.00010714028 0)
(1.000102 0.00010726854 0)
(1.0001025 0.00010739637 0)
(1.000103 0.00010752379 0)
(1.0001035 0.00010765078 0)
(1.000104 0.00010777735 0)
(1.0001045 0.00010790349 0)
(1.0001049 0.00010802919 0)
(1.0001054 0.00010815446 0)
(1.0001059 0.00010827929 0)
(1.0001064 0.00010840368 0)
(1.0001069 0.00010852762 0)
(1.0001074 0.00010865111 0)
(1.0001079 0.00010877415 0)
(1.0001084 0.00010889673 0)
(1.0001089 0.00010901886 0)
(1.0001095 0.00010914052 0)
(1.00011 0.00010926172 0)
(1.0001105 0.00010938245 0)
(1.000111 0.0001095027 0)
(1.0001115 0.00010962248 0)
(1.000112 0.00010974177 0)
(1.0001126 0.00010986058 0)
(1.0001131 0.00010997891 0)
(1.0001136 0.00011009674 0)
(1.0001142 0.00011021407 0)
(1.0001147 0.00011033091 0)
(1.0001152 0.00011044724 0)
(1.0001158 0.00011056306 0)
(1.0001163 0.00011067836 0)
(1.0001169 0.00011079315 0)
(1.0001174 0.00011090742 0)
(1.000118 0.00011102116 0)
(1.0001185 0.00011113437 0)
(1.0001191 0.00011124705 0)
(1.0001196 0.00011135919 0)
(1.0001202 0.00011147078 0)
(1.0001208 0.00011158182 0)
(1.0001213 0.00011169231 0)
(1.0001219 0.00011180224 0)
(1.0001225 0.0001119116 0)
(1.0001231 0.0001120204 0)
(1.0001237 0.00011212862 0)
(1.0001242 0.00011223626 0)
(1.0001248 0.00011234332 0)
(1.0001254 0.00011244979 0)
(1.000126 0.00011255567 0)
(1.0001266 0.00011266094 0)
(1.0001272 0.00011276561 0)
(1.0001278 0.00011286967 0)
(1.0001284 0.00011297311 0)
(1.0000644 8.7842407e-05 0)
(1.0000647 8.7987945e-05 0)
(1.000065 8.8133224e-05 0)
(1.0000653 8.8278243e-05 0)
(1.0000656 8.8423002e-05 0)
(1.000066 8.85675e-05 0)
(1.0000663 8.8711739e-05 0)
(1.0000666 8.8855718e-05 0)
(1.0000669 8.8999437e-05 0)
(1.0000673 8.9142896e-05 0)
(1.0000676 8.9286095e-05 0)
(1.0000679 8.9429034e-05 0)
(1.0000683 8.9571713e-05 0)
(1.0000686 8.9714132e-05 0)
(1.0000689 8.9856291e-05 0)
(1.0000693 8.9998189e-05 0)
(1.0000696 9.0139827e-05 0)
(1.0000699 9.0281204e-05 0)
(1.0000703 9.042232e-05 0)
(1.0000706 9.0563176e-05 0)
(1.000071 9.0703769e-05 0)
(1.0000713 9.0844101e-05 0)
(1.0000716 9.0984171e-05 0)
(1.000072 9.1123979e-05 0)
(1.0000723 9.1263524e-05 0)
(1.0000727 9.1402805e-05 0)
(1.000073 9.1541824e-05 0)
(1.0000734 9.1680578e-05 0)
(1.0000737 9.1819068e-05 0)
(1.0000741 9.1957293e-05 0)
(1.0000745 9.2095252e-05 0)
(1.0000748 9.2232946e-05 0)
(1.0000752 9.2370373e-05 0)
(1.0000755 9.2507533e-05 0)
(1.0000759 9.2644425e-05 0)
(1.0000763 9.2781049e-05 0)
(1.0000766 9.2917403e-05 0)
(1.000077 9.3053488e-05 0)
(1.0000774 9.3189302e-05 0)
(1.0000777 9.3324845e-05 0)
(1.0000781 9.3460116e-05 0)
(1.0000785 9.3595114e-05 0)
(1.0000789 9.3729838e-05 0)
(1.0000792 9.3864288e-05 0)
(1.0000796 9.3998462e-05 0)
(1.00008 9.4132359e-05 0)
(1.0000804 9.4265979e-05 0)
(1.0000808 9.439932e-05 0)
(1.0000811 9.4532381e-05 0)
(1.0000815 9.4665162e-05 0)
(1.0000819 9.4797661e-05 0)
(1.0000823 9.4929877e-05 0)
(1.0000827 9.5061809e-05 0)
(1.0000831 9.5193455e-05 0)
(1.0000835 9.5324815e-05 0)
(1.0000839 9.5455886e-05 0)
(1.0000843 9.5586669e-05 0)
(1.0000847 9.5717161e-05 0)
(1.0000851 9.584736e-05 0)
(1.0000855 9.5977266e-05 0)
(1.0000859 9.6106877e-05 0)
(1.0000863 9.6236192e-05 0)
(1.0000867 9.6365208e-05 0)
(1.0000871 9.6493925e-05 0)
(1.0000875 9.6622341e-05 0)
(1.0000879 9.6750453e-05 0)
(1.0000884 9.6878261e-05 0)
(1.0000888 9.7005763e-05 0)
(1.0000892 9.7132956e-05 0)
(1.0000896 9.7259839e-05 0)
(1.00009 9.7386411e-05 0)
(1.0000905 9.7512668e-05 0)
(1.0000909 9.763861e-05 0)
(1.0000913 9.7764235e-05 0)
(1.0000918 9.7889539e-05 0)
(1.0000922 9.8014523e-05 0)
(1.0000926 9.8139182e-05 0)
(1.0000931 9.8263516e-05 0)
(1.0000935 9.8387522e-05 0)
(1.0000939 9.8511197e-05 0)
(1.0000944 9.8634541e-05 0)
(1.0000948 9.875755e-05 0)
(1.0000953 9.8880222e-05 0)
(1.0000957 9.9002556e-05 0)
(1.0000962 9.9124548e-05 0)
(1.0000966 9.9246196e-05 0)
(1.0000971 9.9367499e-05 0)
(1.0000976 9.9488453e-05 0)
(1.000098 9.9609056e-05 0)
(1.0000985 9.9729307e-05 0)
(1.0000989 9.9849201e-05 0)
(1.0000994 9.9968738e-05 0)
(1.0000999 0.00010008791 0)
(1.0001004 0.00010020673 0)
(1.0001008 0.00010032518 0)
(1.0001013 0.00010044325 0)
(1.0001018 0.00010056096 0)
(1.0001023 0.0001006783 0)
(1.0001028 0.00010079526 0)
(1.0001032 0.00010091184 0)
(1.0001037 0.00010102804 0)
(1.0001042 0.00010114386 0)
(1.0001047 0.00010125929 0)
(1.0001052 0.00010137434 0)
(1.0001057 0.00010148899 0)
(1.0001062 0.00010160325 0)
(1.0001067 0.00010171711 0)
(1.0001072 0.00010183058 0)
(1.0001077 0.00010194364 0)
(1.0001082 0.0001020563 0)
(1.0001088 0.00010216855 0)
(1.0001093 0.00010228039 0)
(1.0001098 0.00010239182 0)
(1.0001103 0.00010250283 0)
(1.0001108 0.00010261343 0)
(1.0001114 0.0001027236 0)
(1.0001119 0.00010283335 0)
(1.0001124 0.00010294267 0)
(1.000113 0.00010305156 0)
(1.0001135 0.00010316002 0)
(1.000114 0.00010326804 0)
(1.0001146 0.00010337562 0)
(1.0001151 0.00010348276 0)
(1.0001157 0.00010358945 0)
(1.0001162 0.00010369568 0)
(1.0001168 0.00010380146 0)
(1.0001173 0.00010390678 0)
(1.0001179 0.00010401164 0)
(1.0001185 0.00010411603 0)
(1.000119 0.00010421995 0)
(1.0001196 0.00010432339 0)
(1.0001202 0.00010442635 0)
(1.0001208 0.00010452883 0)
(1.0001213 0.00010463081 0)
(1.0001219 0.0001047323 0)
(1.0001225 0.00010483329 0)
(1.0001231 0.00010493377 0)
(1.0001237 0.00010503374 0)
(1.0000605 8.2664124e-05 0)
(1.0000608 8.2806861e-05 0)
(1.0000611 8.2949375e-05 0)
(1.0000614 8.3091664e-05 0)
(1.0000617 8.323373e-05 0)
(1.000062 8.3375573e-05 0)
(1.0000624 8.3517193e-05 0)
(1.0000627 8.3658591e-05 0)
(1.000063 8.3799768e-05 0)
(1.0000633 8.3940723e-05 0)
(1.0000636 8.4081457e-05 0)
(1.0000639 8.4221971e-05 0)
(1.0000643 8.4362265e-05 0)
(1.0000646 8.4502338e-05 0)
(1.0000649 8.4642193e-05 0)
(1.0000652 8.4781827e-05 0)
(1.0000655 8.4921243e-05 0)
(1.0000659 8.506044e-05 0)
(1.0000662 8.5199418e-05 0)
(1.0000665 8.5338177e-05 0)
(1.0000669 8.5476718e-05 0)
(1.0000672 8.5615041e-05 0)
(1.0000675 8.5753146e-05 0)
(1.0000679 8.5891032e-05 0)
(1.0000682 8.60287e-05 0)
(1.0000685 8.616615e-05 0)
(1.0000689 8.6303381e-05 0)
(1.0000692 8.6440395e-05 0)
(1.0000696 8.657719e-05 0)
(1.0000699 8.6713766e-05 0)
(1.0000703 8.6850124e-05 0)
(1.0000706 8.6986263e-05 0)
(1.000071 8.7122183e-05 0)
(1.0000713 8.7257884e-05 0)
(1.0000717 8.7393365e-05 0)
(1.000072 8.7528626e-05 0)
(1.0000724 8.7663667e-05 0)
(1.0000727 8.7798488e-05 0)
(1.0000731 8.7933087e-05 0)
(1.0000734 8.8067465e-05 0)
(1.0000738 8.8201621e-05 0)
(1.0000742 8.8335554e-05 0)
(1.0000745 8.8469265e-05 0)
(1.0000749 8.8602751e-05 0)
(1.0000753 8.8736013e-05 0)
(1.0000756 8.886905e-05 0)
(1.000076 8.9001861e-05 0)
(1.0000764 8.9134446e-05 0)
(1.0000767 8.9266802e-05 0)
(1.0000771 8.9398931e-05 0)
(1.0000775 8.953083e-05 0)
(1.0000779 8.9662498e-05 0)
(1.0000783 8.9793936e-05 0)
(1.0000786 8.992514e-05 0)
(1.000079 9.0056112e-05 0)
(1.0000794 9.0186848e-05 0)
(1.0000798 9.0317349e-05 0)
(1.0000802 9.0447612e-05 0)
(1.0000806 9.0577636e-05 0)
(1.000081 9.0707421e-05 0)
(1.0000814 9.0836965e-05 0)
(1.0000818 9.0966266e-05 0)
(1.0000822 9.1095322e-05 0)
(1.0000826 9.1224133e-05 0)
(1.000083 9.1352697e-05 0)
(1.0000834 9.1481012e-05 0)
(1.0000838 9.1609076e-05 0)
(1.0000842 9.1736888e-05 0)
(1.0000846 9.1864446e-05 0)
(1.000085 9.1991748e-05 0)
(1.0000854 9.2118793e-05 0)
(1.0000858 9.2245578e-05 0)
(1.0000862 9.2372102e-05 0)
(1.0000867 9.2498363e-05 0)
(1.0000871 9.2624358e-05 0)
(1.0000875 9.2750087e-05 0)
(1.0000879 9.2875546e-05 0)
(1.0000884 9.3000734e-05 0)
(1.0000888 9.3125648e-05 0)
(1.0000892 9.3250287e-05 0)
(1.0000897 9.3374648e-05 0)
(1.0000901 9.349873e-05 0)
(1.0000905 9.3622529e-05 0)
(1.000091 9.3746045e-05 0)
(1.0000914 9.3869273e-05 0)
(1.0000919 9.3992213e-05 0)
(1.0000923 9.4114862e-05 0)
(1.0000927 9.4237218e-05 0)
(1.0000932 9.4359277e-05 0)
(1.0000936 9.4481039e-05 0)
(1.0000941 9.4602501e-05 0)
(1.0000946 9.4723659e-05 0)
(1.000095 9.4844513e-05 0)
(1.0000955 9.4965058e-05 0)
(1.0000959 9.5085294e-05 0)
(1.0000964 9.5205217e-05 0)
(1.0000969 9.5324826e-05 0)
(1.0000974 9.5444117e-05 0)
(1.0000978 9.5563089e-05 0)
(1.0000983 9.5681738e-05 0)
(1.0000988 9.5800063e-05 0)
(1.0000993 9.5918061e-05 0)
(1.0000997 9.603573e-05 0)
(1.0001002 9.6153066e-05 0)
(1.0001007 9.6270068e-05 0)
(1.0001012 9.6386734e-05 0)
(1.0001017 9.6503061e-05 0)
(1.0001022 9.6619047e-05 0)
(1.0001027 9.6734689e-05 0)
(1.0001032 9.6849986e-05 0)
(1.0001037 9.6964934e-05 0)
(1.0001042 9.7079532e-05 0)
(1.0001047 9.7193778e-05 0)
(1.0001052 9.7307665e-05 0)
(1.0001057 9.7421191e-05 0)
(1.0001063 9.7534352e-05 0)
(1.0001068 9.7647143e-05 0)
(1.0001073 9.7759561e-05 0)
(1.0001078 9.7871601e-05 0)
(1.0001084 9.7983261e-05 0)
(1.0001089 9.8094537e-05 0)
(1.0001094 9.8205425e-05 0)
(1.00011 9.8315922e-05 0)
(1.0001105 9.8426025e-05 0)
(1.0001111 9.8535731e-05 0)
(1.0001116 9.8645036e-05 0)
(1.0001121 9.8753938e-05 0)
(1.0001127 9.8862432e-05 0)
(1.0001133 9.8970518e-05 0)
(1.0001138 9.907819e-05 0)
(1.0001144 9.9185446e-05 0)
(1.0001149 9.9292284e-05 0)
(1.0001155 9.9398699e-05 0)
(1.0001161 9.9504689e-05 0)
(1.0001166 9.961025e-05 0)
(1.0001172 9.9715378e-05 0)
(1.0001178 9.982007e-05 0)
(1.0001184 9.9924322e-05 0)
(1.0000583 7.5667222e-05 0)
(1.0000586 7.5795287e-05 0)
(1.0000589 7.5923164e-05 0)
(1.0000592 7.6050855e-05 0)
(1.0000595 7.6178362e-05 0)
(1.0000598 7.6305686e-05 0)
(1.0000601 7.6432827e-05 0)
(1.0000604 7.6559786e-05 0)
(1.0000607 7.6686565e-05 0)
(1.000061 7.6813162e-05 0)
(1.0000613 7.6939579e-05 0)
(1.0000616 7.7065817e-05 0)
(1.0000619 7.7191875e-05 0)
(1.0000622 7.7317755e-05 0)
(1.0000626 7.7443457e-05 0)
(1.0000629 7.7568981e-05 0)
(1.0000632 7.7694329e-05 0)
(1.0000635 7.78195e-05 0)
(1.0000638 7.7944494e-05 0)
(1.0000641 7.8069313e-05 0)
(1.0000645 7.8193957e-05 0)
(1.0000648 7.8318425e-05 0)
(1.0000651 7.844272e-05 0)
(1.0000654 7.856684e-05 0)
(1.0000657 7.8690787e-05 0)
(1.0000661 7.881456e-05 0)
(1.0000664 7.8938161e-05 0)
(1.0000667 7.9061589e-05 0)
(1.0000671 7.9184845e-05 0)
(1.0000674 7.9307929e-05 0)
(1.0000677 7.9430842e-05 0)
(1.0000681 7.9553583e-05 0)
(1.0000684 7.9676154e-05 0)
(1.0000687 7.9798554e-05 0)
(1.0000691 7.9920783e-05 0)
(1.0000694 8.0042842e-05 0)
(1.0000698 8.0164731e-05 0)
(1.0000701 8.028645e-05 0)
(1.0000704 8.0407999e-05 0)
(1.0000708 8.0529377e-05 0)
(1.0000711 8.0650586e-05 0)
(1.0000715 8.0771624e-05 0)
(1.0000718 8.0892491e-05 0)
(1.0000722 8.1013187e-05 0)
(1.0000726 8.1133712e-05 0)
(1.0000729 8.1254066e-05 0)
(1.0000733 8.1374247e-05 0)
(1.0000736 8.1494255e-05 0)
(1.000074 8.161409e-05 0)
(1.0000743 8.1733751e-05 0)
(1.0000747 8.1853237e-05 0)
(1.0000751 8.1972547e-05 0)
(1.0000754 8.2091681e-05 0)
(1.0000758 8.2210636e-05 0)
(1.0000762 8.2329413e-05 0)
(1.0000766 8.244801e-05 0)
(1.0000769 8.2566426e-05 0)
(1.0000773 8.268466e-05 0)
(1.0000777 8.2802709e-05 0)
(1.0000781 8.2920574e-05 0)
(1.0000785 8.3038251e-05 0)
(1.0000788 8.3155741e-05 0)
(1.0000792 8.327304e-05 0)
(1.0000796 8.3390148e-05 0)
(1.00008 8.3507062e-05 0)
(1.0000804 8.3623782e-05 0)
(1.0000808 8.3740304e-05 0)
(1.0000812 8.3856628e-05 0)
(1.0000816 8.397275e-05 0)
(1.000082 8.408867e-05 0)
(1.0000824 8.4204385e-05 0)
(1.0000828 8.4319893e-05 0)
(1.0000832 8.4435191e-05 0)
(1.0000836 8.4550278e-05 0)
(1.000084 8.4665151e-05 0)
(1.0000844 8.4779808e-05 0)
(1.0000848 8.4894247e-05 0)
(1.0000852 8.5008466e-05 0)
(1.0000856 8.5122461e-05 0)
(1.0000861 8.5236231e-05 0)
(1.0000865 8.5349774e-05 0)
(1.0000869 8.5463086e-05 0)
(1.0000873 8.5576166e-05 0)
(1.0000878 8.5689011e-05 0)
(1.0000882 8.5801619e-05 0)
(1.0000886 8.5913988e-05 0)
(1.0000891 8.6026114e-05 0)
(1.0000895 8.6137997e-05 0)
(1.0000899 8.6249633e-05 0)
(1.0000904 8.636102e-05 0)
(1.0000908 8.6472157e-05 0)
(1.0000912 8.658304e-05 0)
(1.0000917 8.6693668e-05 0)
(1.0000921 8.6804039e-05 0)
(1.0000926 8.691415e-05 0)
(1.000093 8.7024e-05 0)
(1.0000935 8.7133587e-05 0)
(1.000094 8.7242909e-05 0)
(1.0000944 8.7351965e-05 0)
(1.0000949 8.7460752e-05 0)
(1.0000953 8.7569269e-05 0)
(1.0000958 8.7677515e-05 0)
(1.0000963 8.7785489e-05 0)
(1.0000968 8.7893189e-05 0)
(1.0000972 8.8000614e-05 0)
(1.0000977 8.8107763e-05 0)
(1.0000982 8.8214636e-05 0)
(1.0000987 8.8321231e-05 0)
(1.0000992 8.8427549e-05 0)
(1.0000996 8.8533589e-05 0)
(1.0001001 8.863935e-05 0)
(1.0001006 8.8744832e-05 0)
(1.0001011 8.8850037e-05 0)
(1.0001016 8.8954964e-05 0)
(1.0001021 8.9059614e-05 0)
(1.0001026 8.9163988e-05 0)
(1.0001031 8.9268088e-05 0)
(1.0001036 8.9371914e-05 0)
(1.0001041 8.9475471e-05 0)
(1.0001047 8.9578759e-05 0)
(1.0001052 8.9681786e-05 0)
(1.0001057 8.9784555e-05 0)
(1.0001062 8.9887072e-05 0)
(1.0001067 8.9989339e-05 0)
(1.0001073 9.0091353e-05 0)
(1.0001078 9.0193112e-05 0)
(1.0001083 9.0294613e-05 0)
(1.0001089 9.0395856e-05 0)
(1.0001094 9.049684e-05 0)
(1.00011 9.0597564e-05 0)
(1.0001105 9.0698024e-05 0)
(1.0001111 9.0798216e-05 0)
(1.0001116 9.0898136e-05 0)
(1.0001122 9.0997781e-05 0)
(1.0001127 9.1097146e-05 0)
(1.0001133 9.1196228e-05 0)
(1.0001138 9.1295022e-05 0)
(1.0001144 9.1393525e-05 0)
(1.0000546 7.0975692e-05 0)
(1.0000549 7.1101068e-05 0)
(1.0000551 7.1226287e-05 0)
(1.0000554 7.1351347e-05 0)
(1.0000557 7.1476248e-05 0)
(1.000056 7.1600991e-05 0)
(1.0000563 7.1725577e-05 0)
(1.0000566 7.1850006e-05 0)
(1.0000569 7.197428e-05 0)
(1.0000572 7.20984e-05 0)
(1.0000575 7.2222365e-05 0)
(1.0000578 7.2346177e-05 0)
(1.0000581 7.2469836e-05 0)
(1.0000584 7.2593343e-05 0)
(1.0000587 7.27167e-05 0)
(1.000059 7.2839905e-05 0)
(1.0000593 7.2962961e-05 0)
(1.0000596 7.3085867e-05 0)
(1.0000599 7.3208625e-05 0)
(1.0000602 7.3331234e-05 0)
(1.0000605 7.3453696e-05 0)
(1.0000608 7.3576011e-05 0)
(1.0000612 7.3698179e-05 0)
(1.0000615 7.3820201e-05 0)
(1.0000618 7.3942078e-05 0)
(1.0000621 7.406381e-05 0)
(1.0000624 7.4185398e-05 0)
(1.0000627 7.4306841e-05 0)
(1.0000631 7.4428141e-05 0)
(1.0000634 7.4549298e-05 0)
(1.0000637 7.4670312e-05 0)
(1.000064 7.4791184e-05 0)
(1.0000644 7.4911914e-05 0)
(1.0000647 7.5032503e-05 0)
(1.000065 7.5152951e-05 0)
(1.0000654 7.5273258e-05 0)
(1.0000657 7.5393425e-05 0)
(1.000066 7.5513452e-05 0)
(1.0000664 7.5633339e-05 0)
(1.0000667 7.5753088e-05 0)
(1.000067 7.5872697e-05 0)
(1.0000674 7.5992168e-05 0)
(1.0000677 7.61115e-05 0)
(1.0000681 7.6230694e-05 0)
(1.0000684 7.634975e-05 0)
(1.0000688 7.6468667e-05 0)
(1.0000691 7.6587447e-05 0)
(1.0000695 7.6706089e-05 0)
(1.0000698 7.6824593e-05 0)
(1.0000702 7.6942958e-05 0)
(1.0000705 7.7061186e-05 0)
(1.0000709 7.7179276e-05 0)
(1.0000713 7.7297228e-05 0)
(1.0000716 7.741504e-05 0)
(1.000072 7.7532715e-05 0)
(1.0000723 7.765025e-05 0)
(1.0000727 7.7767645e-05 0)
(1.0000731 7.7884901e-05 0)
(1.0000735 7.8002017e-05 0)
(1.0000738 7.8118992e-05 0)
(1.0000742 7.8235826e-05 0)
(1.0000746 7.8352519e-05 0)
(1.000075 7.8469069e-05 0)
(1.0000753 7.8585476e-05 0)
(1.0000757 7.8701739e-05 0)
(1.0000761 7.8817858e-05 0)
(1.0000765 7.8933832e-05 0)
(1.0000769 7.904966e-05 0)
(1.0000773 7.9165341e-05 0)
(1.0000776 7.9280874e-05 0)
(1.000078 7.9396259e-05 0)
(1.0000784 7.9511494e-05 0)
(1.0000788 7.9626578e-05 0)
(1.0000792 7.974151e-05 0)
(1.0000796 7.9856289e-05 0)
(1.00008 7.9970914e-05 0)
(1.0000804 8.0085383e-05 0)
(1.0000808 8.0199696e-05 0)
(1.0000812 8.031385e-05 0)
(1.0000817 8.0427846e-05 0)
(1.0000821 8.0541678e-05 0)
(1.0000825 8.0655349e-05 0)
(1.0000829 8.0768861e-05 0)
(1.0000833 8.088221e-05 0)
(1.0000837 8.0995382e-05 0)
(1.0000842 8.1108378e-05 0)
(1.0000846 8.1221213e-05 0)
(1.000085 8.1333885e-05 0)
(1.0000854 8.1446383e-05 0)
(1.0000859 8.1558702e-05 0)
(1.0000863 8.1670843e-05 0)
(1.0000867 8.1782804e-05 0)
(1.0000872 8.1894584e-05 0)
(1.0000876 8.2006179e-05 0)
(1.0000881 8.2117588e-05 0)
(1.0000885 8.2228809e-05 0)
(1.000089 8.2339841e-05 0)
(1.0000894 8.2450683e-05 0)
(1.0000899 8.2561329e-05 0)
(1.0000903 8.2671769e-05 0)
(1.0000908 8.2782049e-05 0)
(1.0000912 8.289222e-05 0)
(1.0000917 8.3002133e-05 0)
(1.0000921 8.3111649e-05 0)
(1.0000926 8.322094e-05 0)
(1.0000931 8.3330152e-05 0)
(1.0000936 8.3439237e-05 0)
(1.000094 8.3548153e-05 0)
(1.0000945 8.3656845e-05 0)
(1.000095 8.3765133e-05 0)
(1.0000955 8.3873055e-05 2.2265701e-26)
(1.000096 8.3978868e-05 0)
(1.0000964 8.4085224e-05 0)
(1.0000969 8.4191246e-05 0)
(1.0000974 8.4297095e-05 0)
(1.0000979 8.4402721e-05 6.7371866e-23)
(1.0000984 8.450809e-05 1.5951883e-22)
(1.0000989 8.4613179e-05 0)
(1.0000994 8.4717974e-05 0)
(1.0000999 8.4822468e-05 1.1409841e-22)
(1.0001005 8.4926667e-05 2.4879397e-22)
(1.000101 8.5030583e-05 0)
(1.0001015 8.513422e-05 2.8551598e-22)
(1.000102 8.5237578e-05 0)
(1.0001025 8.5340646e-05 0)
(1.0001031 8.5443409e-05 0)
(1.0001036 8.5545855e-05 1.7045679e-22)
(1.0001041 8.5647979e-05 0)
(1.0001046 8.5749777e-05 0)
(1.0001052 8.5851224e-05 0)
(1.0001057 8.5952333e-05 0)
(1.0001063 8.6053161e-05 0)
(1.0001068 8.6153667e-05 0)
(1.0001074 8.6253771e-05 0)
(1.0001079 8.6353546e-05 0)
(1.0001085 8.645301e-05 0)
(1.000109 8.655191e-05 0)
(1.0001096 8.6650609e-05 0)
(1.0000531 6.3603672e-05 0)
(1.0000534 6.3711158e-05 1.2688692e-21)
(1.0000537 6.3818564e-05 1.2839023e-21)
(1.0000539 6.3925878e-05 0)
(1.0000542 6.4033082e-05 0)
(1.0000545 6.4140175e-05 0)
(1.0000548 6.4247155e-05 2.0152758e-21)
(1.0000551 6.4354025e-05 0)
(1.0000553 6.4460783e-05 0)
(1.0000556 6.4567427e-05 0)
(1.0000559 6.4673958e-05 0)
(1.0000562 6.4780374e-05 -1.4153027e-21)
(1.0000565 6.4886673e-05 0)
(1.0000568 6.4992857e-05 0)
(1.0000571 6.5098925e-05 0)
(1.0000574 6.5204877e-05 0)
(1.0000577 6.5310713e-05 0)
(1.0000579 6.5416433e-05 2.2436767e-21)
(1.0000582 6.5522038e-05 0)
(1.0000585 6.5627528e-05 0)
(1.0000588 6.5732903e-05 0)
(1.0000591 6.5838163e-05 7.7236931e-22)
(1.0000594 6.5943308e-05 0)
(1.0000597 6.604834e-05 0)
(1.0000601 6.6153258e-05 0)
(1.0000604 6.6258063e-05 0)
(1.0000607 6.6362756e-05 7.9925818e-22)
(1.000061 6.6467337e-05 0)
(1.0000613 6.6571806e-05 0)
(1.0000616 6.6676162e-05 0)
(1.0000619 6.6780406e-05 0)
(1.0000622 6.6884543e-05 0)
(1.0000625 6.698858e-05 0)
(1.0000629 6.7092523e-05 0)
(1.0000632 6.7196379e-05 0)
(1.0000635 6.7300155e-05 0)
(1.0000638 6.740386e-05 0)
(1.0000641 6.7507499e-05 0)
(1.0000645 6.761108e-05 0)
(1.0000648 6.7714609e-05 0)
(1.0000651 6.7818091e-05 0)
(1.0000655 6.7921533e-05 0)
(1.0000658 6.8024938e-05 0)
(1.0000661 6.8128312e-05 0)
(1.0000665 6.8231659e-05 0)
(1.0000668 6.8334981e-05 8.3317011e-22)
(1.0000671 6.8438282e-05 0)
(1.0000675 6.8541565e-05 -1.660189e-21)
(1.0000678 6.8644829e-05 0)
(1.0000682 6.8748078e-05 0)
(1.0000685 6.8851313e-05 0)
(1.0000689 6.8954534e-05 0)
(1.0000692 6.9057742e-05 0)
(1.0000696 6.9160938e-05 0)
(1.0000699 6.926412e-05 0)
(1.0000703 6.936729e-05 0)
(1.0000706 6.9470444e-05 0)
(1.000071 6.9573584e-05 0)
(1.0000713 6.9676706e-05 0)
(1.0000717 6.977981e-05 7.9666608e-22)
(1.000072 6.9882893e-05 7.9329869e-22)
(1.0000724 6.9985953e-05 0)
(1.0000728 7.0088988e-05 0)
(1.0000731 7.0191994e-05 0)
(1.0000735 7.029497e-05 7.7996085e-22)
(1.0000739 7.0397912e-05 0)
(1.0000743 7.0500817e-05 0)
(1.0000746 7.0603681e-05 -1.5411526e-21)
(1.000075 7.0706503e-05 0)
(1.0000754 7.0809278e-05 0)
(1.0000758 7.0912005e-05 2.2868063e-21)
(1.0000762 7.101468e-05 0)
(1.0000765 7.1117299e-05 -1.5152403e-21)
(1.0000769 7.1219857e-05 0)
(1.0000773 7.1322349e-05 0)
(1.0000777 7.142477e-05 1.5047684e-21)
(1.0000781 7.1527115e-05 0)
(1.0000785 7.1629376e-05 -1.5004448e-21)
(1.0000789 7.1731546e-05 1.4991291e-21)
(1.0000793 7.1833618e-05 0)
(1.0000797 7.1935584e-05 0)
(1.0000801 7.2037438e-05 0)
(1.0000805 7.2139174e-05 0)
(1.0000809 7.2240785e-05 -1.5012856e-21)
(1.0000813 7.2342265e-05 0)
(1.0000817 7.2443607e-05 0)
(1.0000821 7.2544803e-05 0)
(1.0000825 7.2645847e-05 -1.5139663e-21)
(1.000083 7.2746731e-05 0)
(1.0000834 7.2847447e-05 0)
(1.0000838 7.2947989e-05 7.6491549e-22)
(1.0000842 7.3048352e-05 7.6814612e-22)
(1.0000846 7.314853e-05 7.7166887e-22)
(1.0000851 7.3248516e-05 0)
(1.0000855 7.3348304e-05 1.5591672e-21)
(1.0000859 7.3447886e-05 0)
(1.0000864 7.3547255e-05 0)
(1.0000868 7.3646405e-05 0)
(1.0000872 7.3745321e-05 0)
(1.0000877 7.3843994e-05 0)
(1.0000881 7.3942419e-05 0)
(1.0000886 7.404059e-05 8.150579e-22)
(1.000089 7.4138492e-05 -1.6414572e-21)
(1.0000895 7.4236118e-05 0)
(1.0000899 7.4333469e-05 8.321718e-22)
(1.0000904 7.4430546e-05 0)
(1.0000908 7.4527345e-05 8.4358357e-22)
(1.0000913 7.4623859e-05 0)
(1.0000918 7.4720083e-05 8.5480224e-22)
(1.0000922 7.4816068e-05 0)
(1.0000927 7.4911801e-05 0)
(1.0000932 7.5007105e-05 0)
(1.0000936 7.5102008e-05 1.7530001e-21)
(1.0000941 7.5196779e-05 0)
(1.0000946 7.5291413e-05 8.8707131e-22)
(1.0000951 7.5385711e-05 1.7844297e-21)
(1.0000956 7.5479595e-05 8.9719783e-22)
(1.0000961 7.5573053e-05 9.0196646e-22)
(1.0000966 7.5666109e-05 0)
(1.000097 7.5757753e-05 0)
(1.0000975 7.5844389e-05 0)
(1.000098 7.5929087e-05 8.6160178e-22)
(1.0000985 7.6015696e-05 8.2802678e-22)
(1.0000991 7.6104171e-05 1.5885187e-21)
(1.0000996 7.6193844e-05 0)
(1.0001001 7.6282858e-05 0)
(1.0001006 7.6371412e-05 0)
(1.0001011 7.6459751e-05 0)
(1.0001016 7.6548295e-05 -1.2465858e-21)
(1.0001022 7.6638211e-05 0)
(1.0001027 7.672878e-05 0)
(1.0001032 7.681923e-05 -1.0399642e-21)
(1.0001037 7.6909784e-05 0)
(1.0001043 7.7000338e-05 0)
(1.0001048 7.7090732e-05 -8.3271495e-22)
(1.0001054 7.7180943e-05 0)
(1.0001059 7.727105e-05 0)
(1.0001065 7.736098e-05 0)
(1.0000496 5.944e-05 -2.5871024e-21)
(1.0000498 5.9543793e-05 0)
(1.0000501 5.9647538e-05 0)
(1.0000504 5.9751225e-05 0)
(1.0000507 5.985484e-05 -2.6717206e-21)
(1.0000509 5.9958378e-05 0)
(1.0000512 6.0061838e-05 2.7140179e-21)
(1.0000515 6.0165223e-05 2.7350933e-21)
(1.0000518 6.0268531e-05 0)
(1.0000521 6.0371762e-05 0)
(1.0000523 6.0474915e-05 0)
(1.0000526 6.0577989e-05 0)
(1.0000529 6.0680986e-05 0)
(1.0000532 6.0783904e-05 0)
(1.0000535 6.0886743e-05 0)
(1.0000538 6.0989505e-05 0)
(1.0000541 6.1092189e-05 0)
(1.0000543 6.1194796e-05 -1.4708701e-21)
(1.0000546 6.1297326e-05 2.9617379e-21)
(1.0000549 6.139978e-05 0)
(1.0000552 6.1502157e-05 0)
(1.0000555 6.1604459e-05 0)
(1.0000558 6.1706685e-05 0)
(1.0000561 6.1808837e-05 -1.5292588e-21)
(1.0000564 6.1910915e-05 -1.5385186e-21)
(1.0000567 6.201292e-05 0)
(1.000057 6.2114854e-05 0)
(1.0000573 6.2216717e-05 0)
(1.0000576 6.2318509e-05 0)
(1.0000579 6.2420232e-05 0)
(1.0000583 6.2521884e-05 0)
(1.0000586 6.2623473e-05 0)
(1.0000589 6.2725006e-05 0)
(1.0000592 6.2826489e-05 3.2220712e-21)
(1.0000595 6.2927931e-05 0)
(1.0000598 6.302934e-05 -1.6235649e-21)
(1.0000601 6.3130722e-05 0)
(1.0000605 6.3232086e-05 0)
(1.0000608 6.3333439e-05 0)
(1.0000611 6.3434786e-05 0)
(1.0000614 6.3536135e-05 3.2969991e-21)
(1.0000618 6.3637492e-05 3.3048305e-21)
(1.0000621 6.373886e-05 -1.6559887e-21)
(1.0000624 6.3840246e-05 0)
(1.0000628 6.3941654e-05 0)
(1.0000631 6.4043087e-05 0)
(1.0000634 6.4144548e-05 0)
(1.0000638 6.4246039e-05 0)
(1.0000641 6.4347561e-05 0)
(1.0000644 6.4449117e-05 -1.6722366e-21)
(1.0000648 6.4550707e-05 3.3468462e-21)
(1.0000651 6.4652333e-05 0)
(1.0000655 6.4753994e-05 0)
(1.0000658 6.4855692e-05 0)
(1.0000662 6.4957427e-05 0)
(1.0000665 6.5059197e-05 0)
(1.0000669 6.5161002e-05 0)
(1.0000672 6.5262841e-05 3.3510473e-21)
(1.0000676 6.5364711e-05 0)
(1.0000679 6.5466612e-05 0)
(1.0000683 6.5568541e-05 0)
(1.0000686 6.5670495e-05 3.3462988e-21)
(1.000069 6.5772473e-05 -5.0169024e-21)
(1.0000694 6.5874471e-05 0)
(1.0000697 6.5976486e-05 3.340796e-21)
(1.0000701 6.6078515e-05 0)
(1.0000705 6.6180555e-05 0)
(1.0000708 6.6282601e-05 0)
(1.0000712 6.6384651e-05 0)
(1.0000716 6.6486702e-05 0)
(1.000072 6.6588751e-05 0)
(1.0000724 6.6690793e-05 -1.6630782e-21)
(1.0000727 6.6792826e-05 0)
(1.0000731 6.6894845e-05 -1.661343e-21)
(1.0000735 6.6996844e-05 0)
(1.0000739 6.7098819e-05 0)
(1.0000743 6.7200765e-05 -1.6594878e-21)
(1.0000747 6.7302674e-05 0)
(1.0000751 6.7404538e-05 0)
(1.0000754 6.7506352e-05 0)
(1.0000758 6.7608107e-05 0)
(1.0000762 6.7709798e-05 0)
(1.0000766 6.7811419e-05 0)
(1.000077 6.7912963e-05 0)
(1.0000774 6.8014426e-05 0)
(1.0000779 6.8115803e-05 0)
(1.0000783 6.8217085e-05 0)
(1.0000787 6.8318267e-05 0)
(1.0000791 6.8419343e-05 0)
(1.0000795 6.8520307e-05 -1.6653253e-21)
(1.0000799 6.8621154e-05 0)
(1.0000803 6.8721881e-05 0)
(1.0000808 6.8822483e-05 0)
(1.0000812 6.8922956e-05 0)
(1.0000816 6.9023295e-05 0)
(1.000082 6.9123495e-05 0)
(1.0000825 6.9223547e-05 -1.6785583e-21)
(1.0000829 6.9323446e-05 0)
(1.0000833 6.9423016e-05 0)
(1.0000838 6.9521909e-05 -1.6861459e-21)
(1.0000842 6.9621502e-05 0)
(1.0000846 6.9721829e-05 -1.6915299e-21)
(1.0000851 6.9821842e-05 0)
(1.0000855 6.9921685e-05 -3.3938788e-21)
(1.000086 7.0021313e-05 -1.6995972e-21)
(1.0000864 7.0120696e-05 -3.4043933e-21)
(1.0000869 7.0219809e-05 -3.4094366e-21)
(1.0000873 7.0318625e-05 0)
(1.0000878 7.0417117e-05 -3.418903e-21)
(1.0000882 7.0515271e-05 0)
(1.0000887 7.061313e-05 0)
(1.0000892 7.0710664e-05 0)
(1.0000896 7.0807669e-05 -1.7174803e-21)
(1.0000901 7.0904196e-05 0)
(1.0000906 7.1000545e-05 0)
(1.0000911 7.1096665e-05 0)
(1.0000915 7.1192311e-05 -3.4463711e-21)
(1.000092 7.1287434e-05 0)
(1.0000925 7.1382044e-05 0)
(1.000093 7.1476161e-05 0)
(1.0000935 7.1568806e-05 0)
(1.000094 7.1656478e-05 0)
(1.0000945 7.174217e-05 0)
(1.000095 7.1829635e-05 0)
(1.0000955 7.191884e-05 0)
(1.000096 7.2009151e-05 -3.1125549e-21)
(1.0000965 7.2098764e-05 3.0363287e-21)
(1.000097 7.2187974e-05 0)
(1.0000975 7.2277361e-05 0)
(1.000098 7.2366758e-05 0)
(1.0000985 7.2456144e-05 -2.7229731e-21)
(1.000099 7.2545508e-05 2.6427889e-21)
(1.0000996 7.2634865e-05 0)
(1.0001001 7.2724226e-05 0)
(1.0001006 7.281352e-05 2.3988285e-21)
(1.0001012 7.2902686e-05 0)
(1.0001017 7.2992146e-05 0)
(1.0001022 7.308191e-05 0)
(1.0000493 5.0911003e-05 0)
(1.0000496 5.0997128e-05 0)
(1.0000499 5.1083533e-05 0)
(1.0000501 5.1169832e-05 4.7758958e-21)
(1.0000504 5.1255901e-05 -7.1474967e-21)
(1.0000507 5.1341862e-05 0)
(1.0000509 5.1427809e-05 -2.3720239e-21)
(1.0000512 5.1513731e-05 0)
(1.0000515 5.1599599e-05 0)
(1.0000517 5.1685406e-05 -2.3562327e-21)
(1.000052 5.1771159e-05 0)
(1.0000523 5.1856862e-05 -2.3459621e-21)
(1.0000526 5.1942513e-05 0)
(1.0000528 5.2028109e-05 -2.3358209e-21)
(1.0000531 5.2113651e-05 0)
(1.0000534 5.2199137e-05 0)
(1.0000537 5.2284568e-05 -2.3209527e-21)
(1.000054 5.2369943e-05 0)
(1.0000542 5.2455264e-05 0)
(1.0000545 5.2540532e-05 0)
(1.0000548 5.2625748e-05 0)
(1.0000551 5.2710914e-05 0)
(1.0000554 5.2796032e-05 0)
(1.0000557 5.2881105e-05 0)
(1.000056 5.2966135e-05 0)
(1.0000563 5.3051125e-05 0)
(1.0000566 5.3136078e-05 0)
(1.0000569 5.3221195e-05 0)
(1.0000571 5.3306943e-05 0)
(1.0000574 5.3391842e-05 0)
(1.0000577 5.3475275e-05 0)
(1.000058 5.3558483e-05 0)
(1.0000583 5.3641746e-05 0)
(1.0000586 5.3725037e-05 0)
(1.000059 5.3808411e-05 4.4711375e-21)
(1.0000593 5.3891912e-05 0)
(1.0000596 5.3975573e-05 0)
(1.0000599 5.4059421e-05 -2.2207985e-21)
(1.0000602 5.4143476e-05 0)
(1.0000605 5.4227752e-05 0)
(1.0000608 5.4312258e-05 0)
(1.0000611 5.4397001e-05 0)
(1.0000614 5.4481984e-05 0)
(1.0000618 5.4567207e-05 -2.1903487e-21)
(1.0000621 5.4652665e-05 -6.5554274e-21)
(1.0000624 5.4738361e-05 -6.5396792e-21)
(1.0000627 5.4824291e-05 0)
(1.0000631 5.4910446e-05 4.3384948e-21)
(1.0000634 5.499682e-05 0)
(1.0000637 5.5083408e-05 0)
(1.000064 5.5170207e-05 0)
(1.0000644 5.5257207e-05 -6.4414857e-21)
(1.0000647 5.5344403e-05 0)
(1.000065 5.5431787e-05 0)
(1.0000654 5.5519353e-05 0)
(1.0000657 5.5607094e-05 -6.370779e-21)
(1.000066 5.5695004e-05 4.2348226e-21)
(1.0000664 5.5783076e-05 0)
(1.0000667 5.5871305e-05 0)
(1.0000671 5.5959684e-05 0)
(1.0000674 5.6048209e-05 0)
(1.0000678 5.6136874e-05 4.1688013e-21)
(1.0000681 5.6225674e-05 0)
(1.0000685 5.6314604e-05 0)
(1.0000688 5.6403661e-05 4.1253093e-21)
(1.0000692 5.6492846e-05 0)
(1.0000695 5.6582152e-05 0)
(1.0000699 5.6671568e-05 0)
(1.0000702 5.6761094e-05 4.0619677e-21)
(1.0000706 5.6850736e-05 0)
(1.000071 5.6940492e-05 0)
(1.0000713 5.703038e-05 4.0100532e-21)
(1.0000717 5.7120463e-05 3.991858e-21)
(1.0000721 5.7210485e-05 3.9731799e-21)
(1.0000724 5.7300202e-05 0)
(1.0000728 5.7390125e-05 0)
(1.0000732 5.7480639e-05 3.9139506e-21)
(1.0000736 5.7571489e-05 0)
(1.0000739 5.7662524e-05 0)
(1.0000743 5.7753753e-05 0)
(1.0000747 5.7845149e-05 0)
(1.0000751 5.7936685e-05 -1.9014467e-21)
(1.0000755 5.8028337e-05 0)
(1.0000759 5.8120081e-05 0)
(1.0000762 5.8211892e-05 0)
(1.0000766 5.8303751e-05 0)
(1.000077 5.8395637e-05 0)
(1.0000774 5.8487532e-05 0)
(1.0000778 5.8579421e-05 0)
(1.0000782 5.8671301e-05 0)
(1.0000786 5.8763142e-05 0)
(1.000079 5.8854903e-05 -3.5246803e-21)
(1.0000794 5.8946606e-05 -3.4924452e-21)
(1.0000798 5.9038275e-05 0)
(1.0000803 5.9129876e-05 3.4256232e-21)
(1.0000807 5.9221371e-05 -1.6955123e-21)
(1.0000811 5.9312763e-05 3.3556115e-21)
(1.0000815 5.9404059e-05 -3.3193576e-21)
(1.0000819 5.9495251e-05 0)
(1.0000823 5.9586335e-05 0)
(1.0000828 5.9677308e-05 0)
(1.0000832 5.9768164e-05 3.1654021e-21)
(1.0000836 5.9858902e-05 -3.1246147e-21)
(1.000084 5.9949521e-05 0)
(1.0000845 6.0040017e-05 0)
(1.0000849 6.0130389e-05 0)
(1.0000853 6.0220649e-05 -1.4761369e-21)
(1.0000858 6.0310804e-05 -1.4534521e-21)
(1.0000862 6.0400838e-05 0)
(1.0000867 6.0490747e-05 0)
(1.0000871 6.0580548e-05 2.7654698e-21)
(1.0000876 6.0670253e-05 0)
(1.000088 6.0759854e-05 0)
(1.0000885 6.084935e-05 0)
(1.0000889 6.0938749e-05 0)
(1.0000894 6.1028055e-05 0)
(1.0000899 6.1117267e-05 0)
(1.0000903 6.1206387e-05 0)
(1.0000908 6.1295413e-05 2.3542816e-21)
(1.0000913 6.1384344e-05 0)
(1.0000917 6.1473183e-05 2.2455796e-21)
(1.0000922 6.1561931e-05 -2.1907954e-21)
(1.0000927 6.1650592e-05 0)
(1.0000932 6.1739179e-05 0)
(1.0000936 6.1827713e-05 0)
(1.0000941 6.1916216e-05 0)
(1.0000946 6.2004676e-05 0)
(1.0000951 6.209292e-05 0)
(1.0000956 6.2181906e-05 0)
(1.0000961 6.2271165e-05 -1.7404021e-21)
(1.0000966 6.235858e-05 0)
(1.0000971 6.2444928e-05 1.6246808e-21)
(1.0000976 6.2531378e-05 0)
(1.0000981 6.2617832e-05 0)
(1.0000986 6.2704664e-05 0)
(1.0000992 6.2792362e-05 0)
(1.0000997 6.2881862e-05 1.3359506e-21)
(1.0001002 6.2979794e-05 0)
(1.0000464 4.7460374e-05 -5.4894801e-21)
(1.0000467 4.754433e-05 0)
(1.0000469 4.7628309e-05 2.7251146e-21)
(1.0000472 4.7712623e-05 8.1415914e-21)
(1.0000475 4.7796859e-05 0)
(1.0000477 4.788087e-05 0)
(1.000048 4.7964784e-05 2.6829971e-21)
(1.0000483 4.8048685e-05 0)
(1.0000485 4.8132564e-05 2.6631488e-21)
(1.0000488 4.8216395e-05 0)
(1.0000491 4.8300169e-05 0)
(1.0000493 4.8383895e-05 2.6337944e-21)
(1.0000496 4.8467574e-05 0)
(1.0000499 4.8551206e-05 0)
(1.0000502 4.863479e-05 -5.209708e-21)
(1.0000504 4.8718323e-05 -5.1905756e-21)
(1.0000507 4.8801805e-05 2.5857633e-21)
(1.000051 4.8885234e-05 0)
(1.0000513 4.8968611e-05 -5.1336769e-21)
(1.0000515 4.9051934e-05 7.6723154e-21)
(1.0000518 4.9135205e-05 0)
(1.0000521 4.9218422e-05 2.5387598e-21)
(1.0000524 4.930159e-05 0)
(1.0000527 4.9384708e-05 0)
(1.000053 4.9467779e-05 0)
(1.0000533 4.9550806e-05 0)
(1.0000535 4.9633792e-05 -4.9852488e-21)
(1.0000538 4.9716739e-05 0)
(1.0000541 4.9799844e-05 0)
(1.0000544 4.9883562e-05 -4.9302966e-21)
(1.0000547 4.9966453e-05 0)
(1.000055 5.0047918e-05 0)
(1.0000553 5.0129167e-05 0)
(1.0000556 5.0210475e-05 0)
(1.0000559 5.0291818e-05 0)
(1.0000562 5.0373249e-05 0)
(1.0000565 5.0454812e-05 0)
(1.0000568 5.0536542e-05 0)
(1.0000571 5.0618466e-05 -4.7638827e-21)
(1.0000574 5.0700606e-05 0)
(1.0000577 5.0782972e-05 0)
(1.000058 5.0865576e-05 -4.7072561e-21)
(1.0000584 5.0948429e-05 0)
(1.0000587 5.1031532e-05 0)
(1.000059 5.1114882e-05 0)
(1.0000593 5.1198478e-05 2.3153598e-21)
(1.0000596 5.1282319e-05 0)
(1.0000599 5.1366402e-05 0)
(1.0000602 5.1450722e-05 0)
(1.0000606 5.1535273e-05 0)
(1.0000609 5.162005e-05 0)
(1.0000612 5.1705049e-05 0)
(1.0000615 5.1790264e-05 4.4941523e-21)
(1.0000619 5.1875688e-05 0)
(1.0000622 5.1961317e-05 2.2271434e-21)
(1.0000625 5.2047145e-05 -4.4341518e-21)
(1.0000628 5.2133165e-05 0)
(1.0000632 5.2219374e-05 0)
(1.0000635 5.2305766e-05 4.372781e-21)
(1.0000639 5.2392338e-05 0)
(1.0000642 5.2479084e-05 0)
(1.0000645 5.2566e-05 -4.3096017e-21)
(1.0000649 5.2653083e-05 0)
(1.0000652 5.2740328e-05 0)
(1.0000656 5.2827731e-05 0)
(1.0000659 5.2915292e-05 0)
(1.0000663 5.3003012e-05 0)
(1.0000666 5.3090888e-05 0)
(1.000067 5.3178909e-05 4.1531329e-21)
(1.0000673 5.3267133e-05 0)
(1.0000677 5.3355657e-05 -4.10555e-21)
(1.000068 5.344392e-05 0)
(1.0000684 5.3531831e-05 4.0565008e-21)
(1.0000687 5.362035e-05 0)
(1.0000691 5.3709591e-05 0)
(1.0000695 5.3799147e-05 1.9900385e-21)
(1.0000698 5.3888971e-05 0)
(1.0000702 5.3979051e-05 0)
(1.0000706 5.4069356e-05 1.9499423e-21)
(1.000071 5.4159855e-05 -3.8722116e-21)
(1.0000713 5.4250519e-05 0)
(1.0000717 5.4341319e-05 1.907652e-21)
(1.0000721 5.4432232e-05 3.7860201e-21)
(1.0000725 5.4523235e-05 -3.7561345e-21)
(1.0000729 5.4614309e-05 3.7256136e-21)
(1.0000732 5.4705434e-05 1.8472205e-21)
(1.0000736 5.4796593e-05 0)
(1.000074 5.4887774e-05 -3.6300624e-21)
(1.0000744 5.4978962e-05 0)
(1.0000748 5.5070149e-05 0)
(1.0000752 5.5161322e-05 0)
(1.0000756 5.5252472e-05 0)
(1.000076 5.5343601e-05 1.7282369e-21)
(1.0000764 5.5434697e-05 0)
(1.0000768 5.5525724e-05 0)
(1.0000772 5.5616678e-05 -3.3436148e-21)
(1.0000776 5.5707607e-05 0)
(1.000078 5.5798512e-05 0)
(1.0000784 5.5889339e-05 1.6123365e-21)
(1.0000789 5.5980077e-05 0)
(1.0000793 5.6070756e-05 0)
(1.0000797 5.6161382e-05 0)
(1.0000801 5.6251928e-05 3.0565924e-21)
(1.0000805 5.6342385e-05 0)
(1.000081 5.6432826e-05 0)
(1.0000814 5.6523289e-05 0)
(1.0000818 5.6613652e-05 0)
(1.0000823 5.6703849e-05 0)
(1.0000827 5.6793974e-05 0)
(1.0000832 5.6884087e-05 0)
(1.0000836 5.697418e-05 2.6855898e-21)
(1.000084 5.7064255e-05 0)
(1.0000845 5.7154327e-05 0)
(1.0000849 5.7244408e-05 2.5349881e-21)
(1.0000854 5.7334508e-05 0)
(1.0000858 5.7424637e-05 0)
(1.0000863 5.7514802e-05 0)
(1.0000868 5.760501e-05 0)
(1.0000872 5.7695267e-05 -2.2729117e-21)
(1.0000877 5.7785574e-05 -2.2192217e-21)
(1.0000882 5.7875931e-05 0)
(1.0000886 5.7966344e-05 0)
(1.0000891 5.8056812e-05 0)
(1.0000896 5.8147331e-05 0)
(1.0000901 5.8237897e-05 0)
(1.0000906 5.8328515e-05 0)
(1.000091 5.8419221e-05 0)
(1.0000915 5.8510017e-05 0)
(1.000092 5.8600599e-05 0)
(1.0000925 5.8691818e-05 1.6817281e-21)
(1.000093 5.8783443e-05 0)
(1.0000935 5.8874017e-05 1.5780538e-21)
(1.000094 5.896755e-05 0)
(1.0000945 5.9068304e-05 0)
(1.000095 5.9164702e-05 -1.2195429e-21)
(1.0000956 5.9259689e-05 0)
(1.0000961 5.9353835e-05 0)
(1.0000966 5.9445608e-05 0)
(1.0000472 3.898715e-05 0)
(1.0000475 3.9046127e-05 2.8698724e-21)
(1.0000477 3.9104973e-05 0)
(1.000048 3.9164068e-05 0)
(1.0000482 3.9223378e-05 -5.7268538e-21)
(1.0000485 3.9282832e-05 0)
(1.0000487 3.9342407e-05 0)
(1.000049 3.9402136e-05 0)
(1.0000492 3.9462035e-05 -5.7017709e-21)
(1.0000495 3.9522123e-05 0)
(1.0000498 3.9582558e-05 0)
(1.00005 3.9643236e-05 0)
(1.0000503 3.9703792e-05 -5.6638617e-21)
(1.0000505 3.9764415e-05 -5.6525155e-21)
(1.0000508 3.9825462e-05 0)
(1.0000511 3.9886867e-05 -5.6277302e-21)
(1.0000513 3.9948551e-05 0)
(1.0000516 4.0010533e-05 0)
(1.0000519 4.0072812e-05 0)
(1.0000521 4.0135381e-05 0)
(1.0000524 4.0198232e-05 0)
(1.0000527 4.0261353e-05 2.7690147e-21)
(1.0000529 4.0324729e-05 2.7605598e-21)
(1.0000532 4.0388347e-05 0)
(1.0000535 4.0452191e-05 -5.4859165e-21)
(1.0000538 4.0516244e-05 0)
(1.000054 4.0580492e-05 0)
(1.0000543 4.0644919e-05 2.7151388e-21)
(1.0000546 4.070951e-05 0)
(1.0000549 4.0774251e-05 0)
(1.0000551 4.0839124e-05 0)
(1.0000554 4.0904119e-05 0)
(1.0000557 4.0969224e-05 0)
(1.000056 4.103442e-05 0)
(1.0000563 4.1099691e-05 0)
(1.0000566 4.1165038e-05 0)
(1.0000569 4.1230461e-05 0)
(1.0000571 4.1295946e-05 2.6156592e-21)
(1.0000574 4.1361484e-05 0)
(1.0000577 4.1427073e-05 0)
(1.000058 4.149271e-05 0)
(1.0000583 4.1558394e-05 0)
(1.0000586 4.1624126e-05 0)
(1.0000589 4.1689908e-05 2.5524952e-21)
(1.0000592 4.1755742e-05 5.0833401e-21)
(1.0000595 4.1821631e-05 0)
(1.0000598 4.1887581e-05 -5.0394812e-21)
(1.0000601 4.1953594e-05 0)
(1.0000604 4.2019677e-05 2.4974373e-21)
(1.0000607 4.2085834e-05 -4.9722963e-21)
(1.000061 4.2152071e-05 0)
(1.0000614 4.2218393e-05 0)
(1.0000617 4.2284804e-05 0)
(1.000062 4.2351308e-05 0)
(1.0000623 4.2417911e-05 -4.856777e-21)
(1.0000626 4.2484615e-05 0)
(1.0000629 4.2547791e-05 -4.7790289e-21)
(1.0000632 4.2608906e-05 0)
(1.0000636 4.2670059e-05 4.6334283e-21)
(1.0000639 4.2731258e-05 0)
(1.0000642 4.2792506e-05 0)
(1.0000645 4.2853808e-05 2.2047211e-21)
(1.0000649 4.2915171e-05 0)
(1.0000652 4.2976602e-05 -4.2566641e-21)
(1.0000655 4.3038106e-05 2.0896664e-21)
(1.0000659 4.3099688e-05 0)
(1.0000662 4.316135e-05 0)
(1.0000665 4.3223099e-05 0)
(1.0000669 4.3284943e-05 1.932302e-21)
(1.0000672 4.3346884e-05 3.7847305e-21)
(1.0000676 4.3408912e-05 0)
(1.0000679 4.3471028e-05 -3.6236781e-21)
(1.0000683 4.3533249e-05 3.5425297e-21)
(1.0000686 4.3595584e-05 0)
(1.0000689 4.3658031e-05 0)
(1.0000693 4.3720599e-05 0)
(1.0000697 4.3783298e-05 0)
(1.00007 4.3846114e-05 -3.1325128e-21)
(1.0000704 4.3909045e-05 0)
(1.0000707 4.3972131e-05 0)
(1.0000711 4.4035395e-05 1.4429641e-21)
(1.0000715 4.4098806e-05 2.8042005e-21)
(1.0000718 4.4162342e-05 0)
(1.0000722 4.4226027e-05 0)
(1.0000726 4.428989e-05 0)
(1.0000729 4.4353929e-05 0)
(1.0000733 4.4418128e-05 0)
(1.0000737 4.448248e-05 0)
(1.0000741 4.4546993e-05 0)
(1.0000744 4.4611662e-05 -2.1728258e-21)
(1.0000748 4.4676433e-05 -2.0974061e-21)
(1.0000752 4.4741379e-05 0)
(1.0000756 4.4806765e-05 0)
(1.000076 4.4872367e-05 0)
(1.0000764 4.4937775e-05 0)
(1.0000768 4.5003145e-05 8.6626434e-22)
(1.0000772 4.5068656e-05 -1.6622599e-21)
(1.0000776 4.5134312e-05 -1.593103e-21)
(1.000078 4.5200147e-05 0)
(1.0000784 4.5266186e-05 0)
(1.0000788 4.5332455e-05 0)
(1.0000792 4.539897e-05 0)
(1.0000796 4.5465745e-05 0)
(1.00008 4.5532787e-05 -1.2081605e-21)
(1.0000804 4.5600098e-05 -1.1498341e-21)
(1.0000808 4.5667675e-05 0)
(1.0000813 4.5735508e-05 -1.0384806e-21)
(1.0000817 4.580359e-05 0)
(1.0000821 4.5871908e-05 0)
(1.0000825 4.5940448e-05 0)
(1.000083 4.6009193e-05 0)
(1.0000834 4.6078128e-05 0)
(1.0000838 4.6147236e-05 0)
(1.0000843 4.6216499e-05 0)
(1.0000847 4.6285899e-05 0)
(1.0000852 4.635542e-05 0)
(1.0000856 4.6425046e-05 0)
(1.0000861 4.6494761e-05 0)
(1.0000865 4.6564552e-05 0)
(1.000087 4.6634405e-05 0)
(1.0000874 4.670431e-05 0)
(1.0000879 4.6774257e-05 0)
(1.0000883 4.6844234e-05 0)
(1.0000888 4.6914227e-05 -2.7562365e-22)
(1.0000893 4.6984219e-05 -2.3196563e-22)
(1.0000897 4.7054192e-05 0)
(1.0000902 4.7124133e-05 1.4134262e-22)
(1.0000907 4.7194029e-05 0)
(1.0000912 4.7263869e-05 0)
(1.0000916 4.7333589e-05 0)
(1.0000921 4.7403115e-05 5.9022268e-23)
(1.0000926 4.74728e-05 0)
(1.0000931 4.7548131e-05 0)
(1.0000936 4.7627834e-05 -1.0017893e-22)
(1.0000941 4.7707362e-05 7.3862557e-23)
(1.0000946 4.7787119e-05 0)
(1.0000951 4.7867151e-05 -2.1510279e-23)
(1.0000956 4.794765e-05 5.0304786e-24)
(1.0000445 3.6506163e-05 0)
(1.0000447 3.6567297e-05 -2.5455422e-21)
(1.000045 3.6628312e-05 -2.5453765e-21)
(1.0000452 3.6689219e-05 0)
(1.0000455 3.6750307e-05 -2.5424902e-21)
(1.0000457 3.6811521e-05 0)
(1.000046 3.6872776e-05 0)
(1.0000462 3.6934045e-05 -2.5375192e-21)
(1.0000465 3.6995346e-05 -2.5349844e-21)
(1.0000467 3.7056697e-05 5.0641466e-21)
(1.000047 3.7118101e-05 -2.528803e-21)
(1.0000472 3.7179553e-05 0)
(1.0000475 3.7241053e-05 0)
(1.0000478 3.7302602e-05 0)
(1.000048 3.7364199e-05 0)
(1.0000483 3.7425848e-05 0)
(1.0000485 3.7487547e-05 -7.5034197e-21)
(1.0000488 3.7549298e-05 0)
(1.0000491 3.7611102e-05 4.978009e-21)
(1.0000493 3.7672957e-05 0)
(1.0000496 3.7734865e-05 -2.4755249e-21)
(1.0000499 3.7796827e-05 0)
(1.0000501 3.7858843e-05 -7.3823549e-21)
(1.0000504 3.7920915e-05 -2.4529745e-21)
(1.0000507 3.7983042e-05 0)
(1.000051 3.8045224e-05 0)
(1.0000512 3.8107466e-05 -2.427927e-21)
(1.0000515 3.8169773e-05 0)
(1.0000518 3.8232148e-05 0)
(1.0000521 3.8294593e-05 0)
(1.0000523 3.8356543e-05 0)
(1.0000526 3.8415435e-05 0)
(1.0000529 3.847433e-05 0)
(1.0000532 3.8533228e-05 0)
(1.0000535 3.8592119e-05 -4.5780106e-21)
(1.0000538 3.8650997e-05 -2.2628669e-21)
(1.0000541 3.8709869e-05 0)
(1.0000544 3.8768742e-05 4.4185716e-21)
(1.0000546 3.8827609e-05 0)
(1.0000549 3.8886464e-05 0)
(1.0000552 3.8945307e-05 0)
(1.0000555 3.9004136e-05 4.1933679e-21)
(1.0000558 3.9062951e-05 0)
(1.0000561 3.9121751e-05 0)
(1.0000564 3.9180538e-05 0)
(1.0000567 3.9239314e-05 -3.9520144e-21)
(1.000057 3.9298085e-05 0)
(1.0000573 3.9356853e-05 0)
(1.0000577 3.9415624e-05 0)
(1.000058 3.9474404e-05 0)
(1.0000583 3.95332e-05 3.6260036e-21)
(1.0000586 3.9592017e-05 0)
(1.0000589 3.9650863e-05 -1.7441176e-21)
(1.0000592 3.9709744e-05 0)
(1.0000595 3.9768667e-05 -1.673271e-21)
(1.0000598 3.9827637e-05 0)
(1.0000602 3.9886662e-05 -1.6005845e-21)
(1.0000605 3.9945748e-05 -3.1271878e-21)
(1.0000608 4.00049e-05 0)
(1.0000611 4.0064122e-05 2.9768019e-21)
(1.0000615 4.0123419e-05 0)
(1.0000618 4.0182794e-05 2.8233416e-21)
(1.0000621 4.024225e-05 -2.7455127e-21)
(1.0000625 4.0301792e-05 0)
(1.0000628 4.0361426e-05 -1.2939017e-21)
(1.0000631 4.0421156e-05 -1.2539964e-21)
(1.0000635 4.0480984e-05 2.4275947e-21)
(1.0000638 4.0540915e-05 2.3466528e-21)
(1.0000641 4.0600954e-05 0)
(1.0000645 4.0661104e-05 0)
(1.0000648 4.0721365e-05 2.1009244e-21)
(1.0000652 4.0781739e-05 -1.0090644e-21)
(1.0000655 4.0842227e-05 0)
(1.0000659 4.0902835e-05 1.8513459e-21)
(1.0000662 4.0963567e-05 0)
(1.0000666 4.1024427e-05 -1.6832314e-21)
(1.0000669 4.1085428e-05 0)
(1.0000673 4.1146578e-05 -7.5715595e-22)
(1.0000676 4.1207864e-05 0)
(1.000068 4.1269284e-05 -1.3452753e-21)
(1.0000684 4.1330879e-05 -1.2609411e-21)
(1.0000687 4.139267e-05 -5.8842974e-22)
(1.0000691 4.1454628e-05 0)
(1.0000695 4.1516734e-05 -5.0496777e-22)
(1.0000698 4.1579011e-05 -9.2732681e-22)
(1.0000702 4.1641487e-05 -4.2270861e-22)
(1.0000706 4.170416e-05 -3.8214812e-22)
(1.000071 4.1767016e-05 0)
(1.0000713 4.1830051e-05 0)
(1.0000717 4.1893269e-05 -2.6313762e-22)
(1.0000721 4.1956659e-05 0)
(1.0000725 4.2020177e-05 0)
(1.0000729 4.2083913e-05 0)
(1.0000733 4.2148111e-05 0)
(1.0000737 4.2212538e-05 0)
(1.0000741 4.2276804e-05 0)
(1.0000745 4.2341069e-05 0)
(1.0000749 4.2405516e-05 0)
(1.0000753 4.2470141e-05 0)
(1.0000757 4.2534975e-05 0)
(1.0000761 4.2600044e-05 -2.6460346e-22)
(1.0000765 4.2665372e-05 0)
(1.0000769 4.2730977e-05 0)
(1.0000773 4.2796872e-05 -4.489944e-22)
(1.0000777 4.2863065e-05 0)
(1.0000782 4.2929559e-05 0)
(1.0000786 4.299635e-05 0)
(1.000079 4.3063431e-05 0)
(1.0000794 4.3130793e-05 0)
(1.0000798 4.3198425e-05 -7.6243955e-22)
(1.0000803 4.3266312e-05 0)
(1.0000807 4.3334437e-05 0)
(1.0000811 4.3402782e-05 0)
(1.0000816 4.3471329e-05 -9.3111726e-22)
(1.000082 4.354006e-05 0)
(1.0000825 4.3608953e-05 0)
(1.0000829 4.367799e-05 0)
(1.0000834 4.3747151e-05 1.0733432e-21)
(1.0000838 4.3816418e-05 0)
(1.0000843 4.3885775e-05 0)
(1.0000847 4.3955203e-05 0)
(1.0000852 4.4024689e-05 0)
(1.0000856 4.4094218e-05 0)
(1.0000861 4.4163775e-05 -1.2541437e-21)
(1.0000866 4.4233339e-05 0)
(1.000087 4.4302889e-05 0)
(1.0000875 4.4372404e-05 0)
(1.000088 4.4441865e-05 0)
(1.0000885 4.4511258e-05 0)
(1.0000889 4.4580565e-05 0)
(1.0000894 4.4649713e-05 0)
(1.0000899 4.4718619e-05 0)
(1.0000904 4.4787634e-05 0)
(1.0000909 4.4862103e-05 -1.5022945e-21)
(1.0000914 4.4940784e-05 0)
(1.0000919 4.5019256e-05 0)
(1.0000924 4.5097914e-05 0)
(1.0000929 4.5176792e-05 -1.3016193e-21)
(1.0000464 2.5805823e-05 0)
(1.0000466 2.5844857e-05 0)
(1.0000469 2.5884188e-05 0)
(1.0000471 2.5923411e-05 0)
(1.0000473 2.5962586e-05 2.7108783e-21)
(1.0000476 2.6001804e-05 0)
(1.0000478 2.6041098e-05 0)
(1.0000481 2.6080468e-05 0)
(1.0000483 2.6119917e-05 0)
(1.0000485 2.6159462e-05 0)
(1.0000488 2.6199122e-05 0)
(1.000049 2.6238914e-05 0)
(1.0000493 2.6278854e-05 0)
(1.0000495 2.6318953e-05 0)
(1.0000498 2.6359225e-05 0)
(1.00005 2.639968e-05 0)
(1.0000503 2.6440326e-05 -4.1061961e-21)
(1.0000505 2.648117e-05 0)
(1.0000508 2.6522216e-05 0)
(1.0000511 2.6563468e-05 0)
(1.0000513 2.660493e-05 2.7523736e-21)
(1.0000516 2.6646603e-05 0)
(1.0000518 2.6688508e-05 2.7578844e-21)
(1.0000521 2.673099e-05 0)
(1.0000524 2.6774449e-05 0)
(1.0000526 2.6816419e-05 0)
(1.0000529 2.6857028e-05 0)
(1.0000532 2.6898114e-05 0)
(1.0000534 2.6939384e-05 0)
(1.0000537 2.6980899e-05 -1.3769793e-21)
(1.000054 2.7022703e-05 0)
(1.0000542 2.7064827e-05 -1.3718064e-21)
(1.0000545 2.7107294e-05 -2.7367401e-21)
(1.0000548 2.7150115e-05 0)
(1.0000551 2.7193295e-05 -1.359814e-21)
(1.0000553 2.7236833e-05 0)
(1.0000556 2.7280724e-05 0)
(1.0000559 2.7324958e-05 -1.3429496e-21)
(1.0000562 2.7369522e-05 0)
(1.0000565 2.74144e-05 0)
(1.0000567 2.7459576e-05 0)
(1.000057 2.750503e-05 0)
(1.0000573 2.7550745e-05 0)
(1.0000576 2.7596702e-05 -1.2969321e-21)
(1.0000579 2.7642885e-05 0)
(1.0000582 2.7689275e-05 2.5575819e-21)
(1.0000585 2.7735858e-05 0)
(1.0000588 2.7782618e-05 -1.2596084e-21)
(1.0000591 2.7829541e-05 -1.2496859e-21)
(1.0000594 2.7876614e-05 0)
(1.0000597 2.7923825e-05 0)
(1.00006 2.7971163e-05 -1.2188517e-21)
(1.0000603 2.8018618e-05 0)
(1.0000606 2.8066182e-05 -1.1975971e-21)
(1.0000609 2.8113846e-05 0)
(1.0000612 2.8161603e-05 0)
(1.0000615 2.8209448e-05 0)
(1.0000618 2.8257375e-05 -1.1540091e-21)
(1.0000621 2.8305379e-05 -2.2859542e-21)
(1.0000624 2.8353455e-05 0)
(1.0000627 2.8401599e-05 0)
(1.0000631 2.8449808e-05 0)
(1.0000634 2.8498078e-05 0)
(1.0000637 2.8546408e-05 0)
(1.000064 2.8594797e-05 -1.0769874e-21)
(1.0000643 2.8643247e-05 0)
(1.0000647 2.8691758e-05 0)
(1.000065 2.8740334e-05 0)
(1.0000653 2.8788977e-05 -2.0683598e-21)
(1.0000656 2.8837688e-05 0)
(1.000066 2.8886458e-05 -1.0133244e-21)
(1.0000663 2.8935269e-05 0)
(1.0000666 2.8984254e-05 0)
(1.000067 2.9033433e-05 0)
(1.0000673 2.9082581e-05 0)
(1.0000677 2.9131678e-05 0)
(1.000068 2.9180836e-05 0)
(1.0000683 2.9230083e-05 0)
(1.0000687 2.9279428e-05 1.868623e-21)
(1.000069 2.9333464e-05 0)
(1.0000694 2.9391151e-05 0)
(1.0000697 2.9448919e-05 0)
(1.0000701 2.9506766e-05 1.5684177e-21)
(1.0000705 2.9564686e-05 1.4880697e-21)
(1.0000708 2.9622675e-05 0)
(1.0000712 2.9680724e-05 0)
(1.0000715 2.9738826e-05 0)
(1.0000719 2.9796969e-05 1.1763422e-21)
(1.0000723 2.9855142e-05 0)
(1.0000726 2.991333e-05 0)
(1.000073 2.9971521e-05 9.5528997e-22)
(1.0000734 3.0029698e-05 0)
(1.0000737 3.0087846e-05 0)
(1.0000741 3.0145948e-05 0)
(1.0000745 3.0203987e-05 0)
(1.0000749 3.0261775e-05 0)
(1.0000753 3.0317754e-05 0)
(1.0000757 3.0370028e-05 0)
(1.000076 3.0424474e-05 0)
(1.0000764 3.0479674e-05 0)
(1.0000768 3.0535493e-05 0)
(1.0000772 3.0591875e-05 0)
(1.0000776 3.064879e-05 0)
(1.000078 3.070606e-05 0)
(1.0000784 3.0763516e-05 4.765261e-22)
(1.0000788 3.0821151e-05 4.7635594e-22)
(1.0000792 3.0878953e-05 0)
(1.0000796 3.0936878e-05 0)
(1.00008 3.0994897e-05 0)
(1.0000805 3.1052986e-05 0)
(1.0000809 3.1111128e-05 0)
(1.0000813 3.1169309e-05 -5.272594e-22)
(1.0000817 3.1227518e-05 0)
(1.0000821 3.1285746e-05 0)
(1.0000826 3.1343988e-05 0)
(1.000083 3.1402239e-05 0)
(1.0000834 3.1460497e-05 -6.3214785e-22)
(1.0000839 3.1518754e-05 0)
(1.0000843 3.157699e-05 0)
(1.0000847 3.1635214e-05 0)
(1.0000852 3.1693455e-05 0)
(1.0000856 3.1751652e-05 0)
(1.0000861 3.1809793e-05 0)
(1.0000865 3.1868097e-05 8.5800974e-22)
(1.000087 3.1926494e-05 -8.9697181e-22)
(1.0000874 3.1984661e-05 0)
(1.0000879 3.2042383e-05 0)
(1.0000883 3.2099902e-05 0)
(1.0000888 3.2157845e-05 0)
(1.0000892 3.2215986e-05 0)
(1.0000897 3.2273759e-05 0)
(1.0000902 3.2331127e-05 0)
(1.0000907 3.2390394e-05 0)
(1.0000911 3.2457985e-05 0)
(1.0000916 3.2525766e-05 0)
(1.0000921 3.259365e-05 0)
(1.0000926 3.2662093e-05 0)
(1.0000931 3.2732355e-05 0)
(1.0000447 2.4244368e-05 0)
(1.000045 2.4282252e-05 0)
(1.0000452 2.4320284e-05 8.4672376e-22)
(1.0000454 2.4358555e-05 8.4649234e-22)
(1.0000457 2.4396718e-05 0)
(1.0000459 2.4434845e-05 8.4781549e-22)
(1.0000462 2.4473014e-05 8.4931964e-22)
(1.0000464 2.4511254e-05 0)
(1.0000466 2.4549569e-05 0)
(1.0000469 2.4587961e-05 0)
(1.0000471 2.4626446e-05 8.5766212e-22)
(1.0000474 2.4665043e-05 8.6037233e-22)
(1.0000476 2.470377e-05 0)
(1.0000479 2.4742639e-05 0)
(1.0000481 2.4781665e-05 0)
(1.0000484 2.4820859e-05 0)
(1.0000486 2.4860231e-05 0)
(1.0000489 2.489979e-05 0)
(1.0000492 2.4939543e-05 0)
(1.0000494 2.4979493e-05 8.8484597e-22)
(1.0000497 2.5019645e-05 0)
(1.0000499 2.5060001e-05 1.7803726e-21)
(1.0000502 2.5100565e-05 0)
(1.0000504 2.5141356e-05 0)
(1.0000507 2.518271e-05 0)
(1.000051 2.522502e-05 8.9755058e-22)
(1.0000512 2.5265883e-05 0)
(1.0000515 2.5305418e-05 1.7976604e-21)
(1.0000518 2.5345413e-05 0)
(1.000052 2.5385582e-05 -1.7962102e-21)
(1.0000523 2.5425985e-05 0)
(1.0000526 2.5466664e-05 1.7905138e-21)
(1.0000529 2.5507652e-05 1.7860595e-21)
(1.0000531 2.5548969e-05 0)
(1.0000534 2.5590627e-05 0)
(1.0000537 2.5632633e-05 0)
(1.000054 2.5674985e-05 0)
(1.0000542 2.5717679e-05 1.7486249e-21)
(1.0000545 2.5760706e-05 8.6919383e-22)
(1.0000548 2.5804054e-05 0)
(1.0000551 2.5847709e-05 1.7156036e-21)
(1.0000554 2.5891655e-05 0)
(1.0000557 2.5935874e-05 0)
(1.0000559 2.5980348e-05 0)
(1.0000562 2.6025061e-05 0)
(1.0000565 2.6069997e-05 -1.6484202e-21)
(1.0000568 2.6115139e-05 1.6337589e-21)
(1.0000571 2.6160473e-05 0)
(1.0000574 2.6205983e-05 8.0183725e-22)
(1.0000577 2.6251656e-05 -1.5883516e-21)
(1.000058 2.629748e-05 0)
(1.0000583 2.6343443e-05 7.7868605e-22)
(1.0000586 2.6389535e-05 1.5417963e-21)
(1.0000589 2.6435747e-05 0)
(1.0000592 2.6482068e-05 0)
(1.0000595 2.6528493e-05 0)
(1.0000598 2.6575014e-05 0)
(1.0000601 2.6621625e-05 0)
(1.0000605 2.6668321e-05 1.4492496e-21)
(1.0000608 2.6715097e-05 -1.4342455e-21)
(1.0000611 2.6761947e-05 0)
(1.0000614 2.6808868e-05 7.0243445e-22)
(1.0000617 2.6855855e-05 1.3905606e-21)
(1.000062 2.6902907e-05 0)
(1.0000624 2.695002e-05 0)
(1.0000627 2.6997194e-05 1.3494801e-21)
(1.000063 2.704443e-05 0)
(1.0000633 2.7091729e-05 0)
(1.0000637 2.7139093e-05 0)
(1.000064 2.7186523e-05 0)
(1.0000643 2.7234021e-05 6.4401415e-22)
(1.0000647 2.7281577e-05 1.2768585e-21)
(1.000065 2.7329174e-05 6.3304015e-22)
(1.0000653 2.737694e-05 6.2784812e-22)
(1.0000657 2.7424894e-05 0)
(1.000066 2.7472819e-05 0)
(1.0000664 2.7520692e-05 -1.2268659e-21)
(1.0000667 2.7568622e-05 0)
(1.000067 2.7616635e-05 -1.2094733e-21)
(1.0000674 2.7664739e-05 0)
(1.0000677 2.7717407e-05 1.1593916e-21)
(1.0000681 2.7773627e-05 0)
(1.0000684 2.782992e-05 0)
(1.0000688 2.7886283e-05 0)
(1.0000692 2.7942712e-05 0)
(1.0000695 2.79992e-05 0)
(1.0000699 2.805574e-05 0)
(1.0000702 2.8112322e-05 0)
(1.0000706 2.8168935e-05 0)
(1.000071 2.8225567e-05 0)
(1.0000714 2.8282205e-05 0)
(1.0000717 2.8338833e-05 0)
(1.0000721 2.8395438e-05 0)
(1.0000725 2.8452001e-05 3.5685406e-22)
(1.0000729 2.8508505e-05 0)
(1.0000732 2.8564932e-05 -2.5487147e-22)
(1.0000736 2.8621098e-05 0)
(1.000074 2.8675482e-05 0)
(1.0000744 2.8726232e-05 0)
(1.0000748 2.8779086e-05 0)
(1.0000752 2.8832666e-05 0)
(1.0000756 2.8886846e-05 0)
(1.000076 2.8941572e-05 0)
(1.0000764 2.8996818e-05 -1.6653796e-22)
(1.0000768 2.9052414e-05 0)
(1.0000772 2.9108197e-05 -1.843357e-22)
(1.0000776 2.9164158e-05 -1.9674558e-22)
(1.000078 2.9220289e-05 0)
(1.0000784 2.9276546e-05 0)
(1.0000788 2.9332901e-05 0)
(1.0000792 2.9389333e-05 0)
(1.0000796 2.9445825e-05 -2.9356821e-22)
(1.00008 2.9502363e-05 0)
(1.0000805 2.9558936e-05 -3.4781302e-22)
(1.0000809 2.9615538e-05 3.7803764e-22)
(1.0000813 2.9672161e-05 0)
(1.0000817 2.9728801e-05 -4.4435088e-22)
(1.0000822 2.9785457e-05 0)
(1.0000826 2.984212e-05 0)
(1.000083 2.9898772e-05 -5.5751782e-22)
(1.0000835 2.995542e-05 0)
(1.0000839 3.0012092e-05 0)
(1.0000844 3.0068728e-05 -6.8587661e-22)
(1.0000848 3.0125317e-05 0)
(1.0000853 3.0182073e-05 0)
(1.0000857 3.0238925e-05 0)
(1.0000862 3.0295562e-05 0)
(1.0000866 3.035177e-05 0)
(1.0000871 3.0407779e-05 0)
(1.0000876 3.0464204e-05 0)
(1.000088 3.0520826e-05 0)
(1.0000885 3.0577093e-05 0)
(1.000089 3.0632965e-05 0)
(1.0000895 3.0690684e-05 0)
(1.0000899 3.0756513e-05 0)
(1.0000904 3.0822517e-05 0)
(1.0000909 3.0888613e-05 0)
(1.0000914 3.095525e-05 -1.1777127e-21)
(1.0000501 1.2630226e-05 0)
(1.0000503 1.2646144e-05 0)
(1.0000505 1.2662216e-05 0)
(1.0000508 1.2678413e-05 0)
(1.000051 1.2694741e-05 0)
(1.0000512 1.2711189e-05 0)
(1.0000515 1.2727755e-05 -9.3592624e-23)
(1.0000517 1.2744446e-05 0)
(1.0000519 1.2761264e-05 -9.3557258e-23)
(1.0000522 1.2778208e-05 0)
(1.0000524 1.2795281e-05 0)
(1.0000526 1.2812484e-05 0)
(1.0000529 1.2829819e-05 0)
(1.0000531 1.2847288e-05 -9.3052349e-23)
(1.0000533 1.2864891e-05 -9.2870455e-23)
(1.0000536 1.2882631e-05 -9.2661842e-23)
(1.0000538 1.290051e-05 0)
(1.0000541 1.2918529e-05 0)
(1.0000543 1.2936689e-05 -9.1891979e-23)
(1.0000545 1.2954994e-05 0)
(1.0000548 1.2973443e-05 -9.1283063e-23)
(1.000055 1.299204e-05 -1.8191746e-22)
(1.0000553 1.3010786e-05 -9.0625662e-23)
(1.0000555 1.3029682e-05 0)
(1.0000558 1.3048732e-05 0)
(1.000056 1.3067938e-05 0)
(1.0000563 1.3087298e-05 -8.9255424e-23)
(1.0000565 1.3106813e-05 0)
(1.0000568 1.3126486e-05 -1.7727571e-22)
(1.000057 1.3146316e-05 0)
(1.0000573 1.3166307e-05 0)
(1.0000576 1.3186461e-05 0)
(1.0000578 1.3206779e-05 -8.7938019e-23)
(1.0000581 1.3227263e-05 -8.7932078e-23)
(1.0000583 1.3247916e-05 1.7602678e-22)
(1.0000586 1.3268739e-05 0)
(1.0000589 1.3289736e-05 0)
(1.0000591 1.3310908e-05 -8.8874972e-23)
(1.0000594 1.3332257e-05 0)
(1.0000597 1.3353786e-05 0)
(1.0000599 1.3375497e-05 0)
(1.0000602 1.3397392e-05 0)
(1.0000605 1.3419474e-05 0)
(1.0000608 1.3441745e-05 0)
(1.000061 1.3464208e-05 0)
(1.0000613 1.3486865e-05 1.9423371e-22)
(1.0000616 1.3509717e-05 0)
(1.0000619 1.3532769e-05 -1.0079321e-22)
(1.0000621 1.3556021e-05 -1.0289608e-22)
(1.0000624 1.3579477e-05 0)
(1.0000627 1.3603139e-05 -1.0764235e-22)
(1.000063 1.362701e-05 -1.1028855e-22)
(1.0000633 1.3651092e-05 0)
(1.0000636 1.3675387e-05 0)
(1.0000639 1.3699899e-05 0)
(1.0000641 1.3724629e-05 2.4540084e-22)
(1.0000644 1.3749582e-05 0)
(1.0000647 1.3774758e-05 0)
(1.000065 1.3800161e-05 0)
(1.0000653 1.3825794e-05 0)
(1.0000656 1.3851659e-05 2.8446646e-22)
(1.0000659 1.3877759e-05 -2.9330202e-22)
(1.0000662 1.3904097e-05 0)
(1.0000665 1.3930676e-05 0)
(1.0000668 1.3957499e-05 0)
(1.0000671 1.3984568e-05 0)
(1.0000674 1.4011888e-05 -3.4216007e-22)
(1.0000678 1.403946e-05 0)
(1.0000681 1.4067288e-05 0)
(1.0000684 1.4095375e-05 0)
(1.0000687 1.4123724e-05 0)
(1.000069 1.4152338e-05 0)
(1.0000693 1.4181221e-05 0)
(1.0000697 1.4210376e-05 0)
(1.00007 1.4239807e-05 0)
(1.0000703 1.4269517e-05 0)
(1.0000706 1.4299508e-05 0)
(1.0000709 1.4329785e-05 0)
(1.0000713 1.4360351e-05 -4.8401582e-22)
(1.0000716 1.439121e-05 0)
(1.0000719 1.4422365e-05 0)
(1.0000723 1.445382e-05 0)
(1.0000726 1.4485579e-05 -5.3581117e-22)
(1.0000729 1.4517646e-05 0)
(1.0000733 1.4550024e-05 0)
(1.0000736 1.4582718e-05 0)
(1.000074 1.4615731e-05 0)
(1.0000743 1.4649069e-05 0)
(1.0000747 1.4682734e-05 0)
(1.000075 1.4716732e-05 0)
(1.0000754 1.4751067e-05 0)
(1.0000757 1.4785743e-05 0)
(1.0000761 1.4820764e-05 0)
(1.0000764 1.4856135e-05 0)
(1.0000768 1.4891861e-05 0)
(1.0000771 1.4927946e-05 0)
(1.0000775 1.4964394e-05 0)
(1.0000779 1.5001208e-05 0)
(1.0000782 1.5038394e-05 0)
(1.0000786 1.5075964e-05 0)
(1.000079 1.5113925e-05 0)
(1.0000793 1.5152283e-05 -7.7260624e-22)
(1.0000797 1.5191046e-05 0)
(1.0000801 1.5230222e-05 0)
(1.0000805 1.5269816e-05 -8.0367935e-22)
(1.0000809 1.5309837e-05 0)
(1.0000812 1.535029e-05 0)
(1.0000816 1.5391182e-05 0)
(1.000082 1.543252e-05 -8.3972009e-22)
(1.0000824 1.547431e-05 0)
(1.0000828 1.551656e-05 0)
(1.0000832 1.5559276e-05 0)
(1.0000836 1.5602466e-05 0)
(1.000084 1.5646135e-05 -8.7480412e-22)
(1.0000844 1.5690291e-05 0)
(1.0000848 1.5734941e-05 -8.8545958e-22)
(1.0000852 1.5780092e-05 0)
(1.0000856 1.5825751e-05 0)
(1.000086 1.5871926e-05 -8.975997e-22)
(1.0000864 1.5918623e-05 0)
(1.0000869 1.5965849e-05 0)
(1.0000873 1.6013613e-05 0)
(1.0000877 1.6061922e-05 0)
(1.0000881 1.6110783e-05 0)
(1.0000886 1.6160204e-05 0)
(1.000089 1.6210194e-05 0)
(1.0000894 1.626076e-05 0)
(1.0000899 1.6311908e-05 0)
(1.0000903 1.6363645e-05 0)
(1.0000907 1.6415982e-05 0)
(1.0000912 1.6468927e-05 0)
(1.0000916 1.6522488e-05 0)
(1.0000921 1.6576673e-05 0)
(1.0000925 1.6631487e-05 0)
(1.000093 1.6686938e-05 -4.3816854e-22)
(1.0000935 1.6743039e-05 -1.3048065e-21)
(1.0000939 1.6799787e-05 0)
(1.0000944 1.6857178e-05 0)
)
;

boundaryField
{
    front
    {
        type            empty;
    }
    back
    {
        type            empty;
    }
    inlet
    {
        type            fixedValue;
        value           nonuniform List<vector> 0();
    }
    outlet
    {
        type            zeroGradient;
    }
    top
    {
        type            zeroGradient;
    }
    slipsurface
    {
        type            slip;
    }
    bottom
    {
        type            fixedValue;
        value           nonuniform List<vector> 0();
    }
    procBoundary3to1
    {
        type            processor;
        value           nonuniform List<vector> 
94
(
(1.0018284 0.00045781722 0)
(1.0017727 0.00045630957 0)
(1.0017187 0.00045517629 0)
(1.0016663 0.00045365277 0)
(1.0016156 0.00045234768 0)
(1.0015664 0.00045077701 0)
(1.0015187 0.00044931293 0)
(1.0014724 0.00044766791 0)
(1.0014275 0.00044605271 0)
(1.0013839 0.00044430988 0)
(1.0013416 0.00044254683 0)
(1.0013006 0.00044068622 0)
(1.0012607 0.00043877443 0)
(1.0012219 0.00043677905 0)
(1.0011843 0.00043471404 0)
(1.0011477 0.00043256929 0)
(1.0011122 0.00043034386 0)
(1.0010776 0.00042803676 0)
(1.0010439 0.00042564178 0)
(1.0010111 0.00042316037 0)
(1.0009793 0.00042058555 0)
(1.0009482 0.00041791841 0)
(1.000918 0.00041515286 0)
(1.0008885 0.00041228891 0)
(1.0008598 0.00040932161 0)
(1.0008318 0.00040625001 0)
(1.0008045 0.00040307016 0)
(1.0007779 0.00039978047 0)
(1.000752 0.00039637774 0)
(1.0007267 0.00039286011 0)
(1.000702 0.00038922496 0)
(1.0006779 0.00038547042 0)
(1.0006544 0.00038159438 0)
(1.0006315 0.00037759518 0)
(1.0006091 0.00037347119 0)
(1.0005873 0.00036922114 0)
(1.000566 0.00036484396 0)
(1.0005452 0.00036033886 0)
(1.000525 0.0003557054 0)
(1.0005052 0.0003509434 0)
(1.0004859 0.00034605316 0)
(1.0004672 0.00034103518 0)
(1.0004489 0.00033589065 0)
(1.0004311 0.00033062075 0)
(1.0004137 0.00032522771 0)
(1.0003969 0.00031971338 0)
(1.0003804 0.00031408123 0)
(1.0003645 0.00030833365 0)
(1.000349 0.00030247558 0)
(1.0003339 0.00029650971 0)
(1.0003193 0.00029044281 0)
(1.0003052 0.00028427734 0)
(1.0002915 0.00027802251 0)
(1.0002782 0.00027167967 0)
(1.0002654 0.0002652614 0)
(1.000253 0.00025876656 0)
(1.000241 0.00025221254 0)
(1.0002294 0.00024559358 0)
(1.0002183 0.00023893422 0)
(1.0002076 0.00023222069 0)
(1.0001973 0.00022548844 0)
(1.0001874 0.00021871057 0)
(1.0001779 0.00021193924 0)
(1.0001688 0.00020512673 0)
(1.0001601 0.00019835076 0)
(1.0001518 0.00019153137 0)
(1.0001438 0.00018478525 0)
(1.0001363 0.00017798323 0)
(1.000129 0.00017130108 0)
(1.0001222 0.00016453542 0)
(1.0001156 0.00015795081 0)
(1.0001095 0.00015123335 0)
(1.0001035 0.00014477956 0)
(1.0000981 0.00013811256 0)
(1.0000927 0.00013182372 0)
(1.0000879 0.00012519671 0)
(1.000083 0.00011910991 0)
(1.0000789 0.00011249579 0)
(1.0000745 0.0001066539 0)
(1.000071 0.00010000412 0)
(1.0000669 9.4460741e-05 0)
(1.000064 8.769661e-05 0)
(1.0000602 8.2521164e-05 0)
(1.000058 7.5538971e-05 0)
(1.0000543 7.0850158e-05 0)
(1.0000528 6.3496089e-05 0)
(1.0000493 5.9336145e-05 0)
(1.0000491 5.0824891e-05 0)
(1.0000462 4.737622e-05 0)
(1.000047 3.8928082e-05 0)
(1.0000442 3.6445119e-05 -2.5450233e-21)
(1.0000461 2.5766939e-05 -1.3620369e-21)
(1.0000445 2.4206511e-05 0)
(1.0000499 1.2614424e-05 0)
)
;
    }
    procBoundary3to2
    {
        type            processor;
        value           nonuniform List<vector> 
138
(
(1.0018867 0.00045807851 0)
(1.0018874 0.00045739955 0)
(1.0018882 0.0004567203 0)
(1.001889 0.00045604152 0)
(1.0018897 0.00045536439 0)
(1.0018905 0.00045468915 0)
(1.0018913 0.00045401555 0)
(1.001892 0.0004533434 0)
(1.0018928 0.00045267269 0)
(1.0018935 0.00045200344 0)
(1.0018943 0.00045133561 0)
(1.001895 0.00045066918 0)
(1.0018958 0.00045000411 0)
(1.0018966 0.00044934038 0)
(1.0018973 0.00044867796 0)
(1.0018981 0.00044801684 0)
(1.0018988 0.00044735699 0)
(1.0018996 0.00044669839 0)
(1.0019003 0.00044604102 0)
(1.0019011 0.00044538485 0)
(1.0019018 0.00044472987 0)
(1.0019025 0.00044407605 0)
(1.0019033 0.00044342338 0)
(1.001904 0.00044277183 0)
(1.0019048 0.00044212138 0)
(1.0019055 0.00044147202 0)
(1.0019063 0.00044082373 0)
(1.001907 0.00044017648 0)
(1.0019077 0.00043953026 0)
(1.0019085 0.00043888505 0)
(1.0019092 0.00043824082 0)
(1.00191 0.00043759757 0)
(1.0019107 0.00043695528 0)
(1.0019114 0.00043631392 0)
(1.0019122 0.00043567348 0)
(1.0019129 0.00043503394 0)
(1.0019136 0.00043439529 0)
(1.0019144 0.0004337575 0)
(1.0019151 0.00043312057 0)
(1.0019159 0.00043248446 0)
(1.0019166 0.00043184918 0)
(1.0019173 0.0004312147 0)
(1.0019181 0.000430581 0)
(1.0019188 0.00042994807 0)
(1.0019195 0.00042931589 0)
(1.0019203 0.00042868445 0)
(1.001921 0.00042805373 0)
(1.0019217 0.00042742372 0)
(1.0019224 0.0004267944 0)
(1.0019232 0.00042616575 0)
(1.0019239 0.00042553776 0)
(1.0019246 0.00042491042 0)
(1.0019254 0.00042428371 0)
(1.0019261 0.00042365762 0)
(1.0019268 0.00042303213 0)
(1.0019276 0.00042240722 0)
(1.0019283 0.00042178289 0)
(1.001929 0.00042115911 0)
(1.0019297 0.00042053588 0)
(1.0019305 0.00041991317 0)
(1.0019312 0.00041929099 0)
(1.0019319 0.0004186693 0)
(1.0019327 0.0004180481 0)
(1.0019334 0.00041742738 0)
(1.0019341 0.00041680711 0)
(1.0019348 0.0004161873 0)
(1.0019356 0.00041556791 0)
(1.0019363 0.00041494894 0)
(1.001937 0.00041433038 0)
(1.0019378 0.00041371222 0)
(1.0019385 0.00041309443 0)
(1.0019392 0.00041247701 0)
(1.0019399 0.00041185994 0)
(1.0019407 0.00041124321 0)
(1.0019414 0.0004106268 0)
(1.0019421 0.00041001071 0)
(1.0019429 0.00040939492 0)
(1.0019436 0.00040877942 0)
(1.0019443 0.0004081642 0)
(1.001945 0.00040754923 0)
(1.0019458 0.00040693451 0)
(1.0019465 0.00040632003 0)
(1.0019472 0.00040570578 0)
(1.001948 0.00040509173 0)
(1.0019487 0.00040447788 0)
(1.0019494 0.00040386422 0)
(1.0019502 0.00040325073 0)
(1.0019509 0.00040263741 0)
(1.0019516 0.00040202423 0)
(1.0019524 0.00040141118 0)
(1.0019531 0.00040079826 0)
(1.0019538 0.00040018545 0)
(1.0019546 0.00039957274 0)
(1.0019553 0.00039896011 0)
(1.001956 0.00039834756 0)
(1.0019568 0.00039773506 0)
(1.0019575 0.00039712262 0)
(1.0019582 0.00039651021 0)
(1.001959 0.00039589783 0)
(1.0019597 0.00039528546 0)
(1.0019605 0.00039467309 0)
(1.0019612 0.00039406071 0)
(1.0019619 0.0003934483 0)
(1.0019627 0.00039283585 0)
(1.0019634 0.00039222336 0)
(1.0019642 0.00039161081 0)
(1.0019649 0.00039099818 0)
(1.0019656 0.00039038547 0)
(1.0019664 0.00038977266 0)
(1.0019671 0.00038915974 0)
(1.0019679 0.00038854671 0)
(1.0019686 0.00038793354 0)
(1.0019694 0.00038732022 0)
(1.0019701 0.00038670675 0)
(1.0019709 0.00038609311 0)
(1.0019716 0.00038547929 0)
(1.0019724 0.00038486527 0)
(1.0019731 0.00038425106 0)
(1.0019739 0.00038363662 0)
(1.0019746 0.00038302196 0)
(1.0019754 0.00038240706 0)
(1.0019761 0.0003817919 0)
(1.0019769 0.00038117648 0)
(1.0019776 0.00038056078 0)
(1.0019784 0.0003799448 0)
(1.0019792 0.00037932851 0)
(1.0019799 0.00037871191 0)
(1.0019807 0.00037809498 0)
(1.0019815 0.00037747771 0)
(1.0019822 0.00037686008 0)
(1.001983 0.0003762421 0)
(1.0019837 0.00037562373 0)
(1.0019845 0.00037500498 0)
(1.0019853 0.00037438583 0)
(1.0019861 0.00037376629 0)
(1.0019868 0.00037314633 0)
(1.0019876 0.00037252606 0)
(1.0019884 0.00037190529 0)
)
;
    }
    procBoundary3to10
    {
        type            processor;
        value           nonuniform List<vector> 
94
(
(1.0019321 0.0003711472 0)
(1.0018768 0.00036989086 0)
(1.0018233 0.00036957633 0)
(1.0017714 0.00036838669 0)
(1.0017211 0.00036791347 0)
(1.0016724 0.00036676534 0)
(1.0016252 0.00036614859 0)
(1.0015795 0.00036501874 0)
(1.0015351 0.00036427158 0)
(1.0014921 0.00036313878 0)
(1.0014504 0.00036227169 0)
(1.0014099 0.0003611168 0)
(1.0013707 0.00036013749 0)
(1.0013325 0.00035894349 0)
(1.0012955 0.00035785691 0)
(1.0012595 0.00035660871 0)
(1.0012246 0.00035541728 0)
(1.0011906 0.00035410144 0)
(1.0011575 0.00035280529 0)
(1.0011254 0.00035140972 0)
(1.0010941 0.00035000698 0)
(1.0010637 0.00034852065 0)
(1.001034 0.00034700775 0)
(1.0010051 0.00034542039 0)
(1.000977 0.00034379233 0)
(1.0009495 0.00034209417 0)
(1.0009228 0.00034034478 0)
(1.0008967 0.00033852633 0)
(1.0008712 0.0003366485 0)
(1.0008464 0.00033470042 0)
(1.0008221 0.00033268629 0)
(1.0007985 0.00033059926 0)
(1.0007753 0.00032844044 0)
(1.0007527 0.00032620511 0)
(1.0007306 0.0003238928 0)
(1.000709 0.00032149979 0)
(1.0006879 0.00031902496 0)
(1.0006673 0.00031646492 0)
(1.0006471 0.00031381849 0)
(1.0006274 0.00031108214 0)
(1.0006081 0.00030825517 0)
(1.0005892 0.00030533346 0)
(1.0005707 0.00030231731 0)
(1.0005526 0.00029920156 0)
(1.0005349 0.00029598817 0)
(1.0005176 0.00029267027 0)
(1.0005007 0.00028925238 0)
(1.0004842 0.00028572494 0)
(1.000468 0.00028209643 0)
(1.0004522 0.00027835304 0)
(1.0004367 0.00027450919 0)
(1.0004216 0.0002705446 0)
(1.0004068 0.0002664825 0)
(1.0003924 0.00026229278 0)
(1.0003783 0.00025801171 0)
(1.0003646 0.00025359435 0)
(1.0003512 0.00024909616 0)
(1.0003381 0.00024445011 0)
(1.0003254 0.00023973967 0)
(1.000313 0.00023486525 0)
(1.0003009 0.00022995082 0)
(1.0002892 0.00022484943 0)
(1.0002778 0.00021974315 0)
(1.0002668 0.00021441672 0)
(1.000256 0.00020913509 0)
(1.0002456 0.00020358524 0)
(1.0002356 0.00019814955 0)
(1.0002259 0.00019237655 0)
(1.0002164 0.00018681326 0)
(1.0002074 0.00018081455 0)
(1.0001986 0.0001751558 0)
(1.0001902 0.00016892378 0)
(1.0001821 0.00016320843 0)
(1.0001744 0.00015672719 0)
(1.0001669 0.00015100222 0)
(1.0001599 0.00014424377 0)
(1.000153 0.00013856524 0)
(1.0001468 0.00013148582 0)
(1.0001404 0.00012591932 0)
(1.0001349 0.00011845414 0)
(1.000129 0.00011307593 0)
(1.0001243 0.0001051332 0)
(1.000119 0.00010002813 0)
(1.000115 9.1491728e-05 0)
(1.0001102 8.6750807e-05 0)
(1.000107 7.7451356e-05 0)
(1.0001028 7.3171002e-05 0)
(1.0001007 6.3073424e-05 0)
(1.0000971 5.9535024e-05 0)
(1.0000961 4.8028234e-05 -3.2976721e-23)
(1.0000934 4.5256046e-05 -1.2483275e-21)
(1.0000936 3.2799875e-05 0)
(1.0000919 3.1023631e-05 0)
(1.0000948 1.6915188e-05 0)
)
;
    }
}


// ************************************************************************* //
