/*--------------------------------*- C++ -*----------------------------------*\
  =========                 |
  \\      /  F ield         | OpenFOAM: The Open Source CFD Toolbox
   \\    /   O peration     | Website:  https://openfoam.org
    \\  /    A nd           | Version:  12
     \\/     M anipulation  |
\*---------------------------------------------------------------------------*/
FoamFile
{
    format      ascii;
    class       volScalarField;
    location    "1400";
    object      p;
}
// * * * * * * * * * * * * * * * * * * * * * * * * * * * * * * * * * * * * * //

dimensions      [0 2 -2 0 0 0 0];

internalField   nonuniform List<scalar> 
12965
(
0.00034823092
0.00034755557
0.00034687665
0.00034619847
0.00034551767
0.00034483389
0.00034414815
0.00034346103
0.00034277234
0.00034208177
0.00034139063
0.00034070053
0.00034000939
0.00033931193
0.00033860553
0.00033791493
0.00033723539
0.00033655158
0.00033587847
0.00033515175
0.00033442819
0.0003337522
0.00033306272
0.00033237491
0.00033168552
0.00033098679
0.00033028522
0.00032955023
0.00032879907
0.000328102
0.00032742067
0.0003266597
0.00032583109
0.00032501549
0.00032423059
0.00032346721
0.00032271655
0.00032197308
0.00032123318
0.00032049431
0.00031975481
0.00031901362
0.00031827011
0.00031752396
0.00031677501
0.00031602321
0.00031526857
0.00031451112
0.00031375092
0.00031298801
0.00031222242
0.00031145418
0.00031068332
0.00030990984
0.00030913375
0.00030835504
0.00030757371
0.00030678974
0.00030600312
0.00030521382
0.00030442182
0.0003036271
0.00030282964
0.0003020294
0.00030122635
0.00030042047
0.00029961172
0.00029880007
0.0002979855
0.00029716796
0.00029634743
0.00029552387
0.00029469724
0.00029386751
0.00029303464
0.0002921986
0.00029135935
0.00029051685
0.00028967106
0.00028882194
0.00028796945
0.00028711355
0.0002862542
0.00028539136
0.00028452499
0.00028365503
0.00028278145
0.00028190421
0.00028102324
0.00028013852
0.00027924998
0.00027835759
0.0002774613
0.00027656105
0.00027565679
0.00027474848
0.00027383605
0.00027291946
0.00027199866
0.00027107358
0.00027014417
0.00026921038
0.00026827214
0.00026732939
0.00026638208
0.00026543015
0.00026447353
0.00026351216
0.00026254597
0.0002615749
0.00026059887
0.00025961783
0.0002586317
0.00025764042
0.0002566439
0.00025564207
0.00025463486
0.0002536222
0.00025260399
0.00025158017
0.00025055064
0.00024951534
0.00024847417
0.00024742705
0.00024637389
0.0002453146
0.00024424909
0.00024317725
0.00024209901
0.00024101425
0.00023992288
0.0002388248
0.0002377199
0.00023660807
0.00023548921
0.0002343632
0.00023322994
0.0002320893
0.00023094117
0.00022978543
0.00022862195
0.00022745062
0.00022627132
0.00022508392
0.00022388833
0.00022268444
0.00022147216
0.00022025148
0.00021902232
0.00021778474
0.00021653858
0.00021528266
0.00021401586
0.00021273838
0.00021145117
0.00021015115
0.00020884656
0.00020751641
0.00034823097
0.00034755562
0.0003468767
0.00034619852
0.00034551772
0.00034483394
0.0003441482
0.00034346107
0.00034277238
0.00034208181
0.00034139067
0.00034070058
0.00034000943
0.00033931198
0.00033860557
0.00033791498
0.00033723544
0.00033655162
0.00033587851
0.0003351518
0.00033442823
0.00033375225
0.00033306276
0.00033237495
0.00033168556
0.00033098684
0.00033028526
0.00032955028
0.00032879912
0.00032810204
0.00032742071
0.00032665974
0.00032583113
0.00032501553
0.00032423064
0.00032346725
0.00032271659
0.00032197313
0.00032123322
0.00032049436
0.00031975485
0.00031901366
0.00031827015
0.000317524
0.00031677505
0.00031602325
0.00031526861
0.00031451116
0.00031375096
0.00031298805
0.00031222245
0.00031145422
0.00031068335
0.00030990987
0.00030913378
0.00030835508
0.00030757375
0.00030678978
0.00030600315
0.00030521385
0.00030442186
0.00030362714
0.00030282968
0.00030202944
0.00030122639
0.00030042051
0.00029961176
0.00029880011
0.00029798553
0.000297168
0.00029634747
0.0002955239
0.00029469727
0.00029386754
0.00029303468
0.00029219864
0.00029135939
0.00029051689
0.00028967109
0.00028882197
0.00028796948
0.00028711358
0.00028625423
0.00028539139
0.00028452502
0.00028365506
0.00028278149
0.00028190424
0.00028102327
0.00028013855
0.00027925001
0.00027835762
0.00027746133
0.00027656108
0.00027565682
0.00027474851
0.00027383608
0.00027291949
0.00027199869
0.00027107361
0.0002701442
0.0002692104
0.00026827216
0.00026732942
0.00026638211
0.00026543018
0.00026447356
0.00026351218
0.000262546
0.00026157492
0.0002605989
0.00025961786
0.00025863173
0.00025764044
0.00025664393
0.0002556421
0.00025463489
0.00025362222
0.00025260402
0.00025158019
0.00025055067
0.00024951537
0.0002484742
0.00024742708
0.00024637392
0.00024531463
0.00024424911
0.00024317728
0.00024209903
0.00024101427
0.0002399229
0.00023882482
0.00023771992
0.0002366081
0.00023548923
0.00023436323
0.00023322996
0.00023208932
0.00023094119
0.00022978545
0.00022862197
0.00022745064
0.00022627134
0.00022508394
0.00022388835
0.00022268446
0.00022147218
0.0002202515
0.00021902234
0.00021778476
0.0002165386
0.00021528268
0.00021401587
0.0002127384
0.00021145119
0.00021015117
0.00020884658
0.00020751643
0.00034823103
0.00034755567
0.00034687676
0.00034619857
0.00034551778
0.000344834
0.00034414825
0.00034346113
0.00034277244
0.00034208187
0.00034139073
0.00034070063
0.00034000949
0.00033931204
0.00033860563
0.00033791503
0.00033723549
0.00033655168
0.00033587856
0.00033515185
0.00033442829
0.0003337523
0.00033306281
0.000332375
0.00033168561
0.00033098689
0.00033028531
0.00032955033
0.00032879917
0.00032810209
0.00032742076
0.00032665979
0.00032583118
0.00032501558
0.00032423069
0.0003234673
0.00032271664
0.00032197317
0.00032123327
0.0003204944
0.0003197549
0.00031901371
0.0003182702
0.00031752405
0.00031677509
0.0003160233
0.00031526865
0.00031451121
0.00031375101
0.00031298809
0.0003122225
0.00031145426
0.0003106834
0.00030990992
0.00030913383
0.00030835512
0.00030757379
0.00030678982
0.0003060032
0.0003052139
0.0003044219
0.00030362718
0.00030282972
0.00030202948
0.00030122643
0.00030042055
0.0002996118
0.00029880015
0.00029798558
0.00029716804
0.00029634751
0.00029552394
0.00029469731
0.00029386758
0.00029303472
0.00029219868
0.00029135943
0.00029051693
0.00028967113
0.00028882201
0.00028796952
0.00028711362
0.00028625427
0.00028539143
0.00028452506
0.0002836551
0.00028278152
0.00028190428
0.00028102331
0.00028013858
0.00027925005
0.00027835766
0.00027746136
0.00027656111
0.00027565686
0.00027474854
0.00027383612
0.00027291953
0.00027199872
0.00027107364
0.00027014424
0.00026921044
0.0002682722
0.00026732945
0.00026638214
0.00026543021
0.00026447359
0.00026351222
0.00026254603
0.00026157495
0.00026059893
0.00025961789
0.00025863176
0.00025764048
0.00025664396
0.00025564213
0.00025463492
0.00025362225
0.00025260405
0.00025158022
0.0002505507
0.0002495154
0.00024847423
0.00024742711
0.00024637395
0.00024531466
0.00024424914
0.00024317731
0.00024209906
0.0002410143
0.00023992293
0.00023882485
0.00023771995
0.00023660812
0.00023548926
0.00023436325
0.00023322999
0.00023208935
0.00023094122
0.00022978547
0.000228622
0.00022745067
0.00022627136
0.00022508397
0.00022388837
0.00022268448
0.0002214722
0.00022025152
0.00021902236
0.00021778478
0.00021653863
0.0002152827
0.0002140159
0.00021273842
0.00021145121
0.00021015119
0.00020884661
0.00020751645
0.00034823109
0.00034755573
0.00034687681
0.00034619863
0.00034551783
0.00034483405
0.00034414831
0.00034346118
0.00034277249
0.00034208192
0.00034139078
0.00034070068
0.00034000954
0.00033931209
0.00033860568
0.00033791508
0.00033723554
0.00033655173
0.00033587861
0.0003351519
0.00033442834
0.00033375235
0.00033306286
0.00033237505
0.00033168566
0.00033098694
0.00033028536
0.00032955037
0.00032879922
0.00032810214
0.00032742081
0.00032665984
0.00032583123
0.00032501563
0.00032423073
0.00032346734
0.00032271669
0.00032197322
0.00032123331
0.00032049445
0.00031975495
0.00031901375
0.00031827024
0.00031752409
0.00031677514
0.00031602334
0.0003152687
0.00031451125
0.00031375105
0.00031298813
0.00031222254
0.00031145431
0.00031068344
0.00030990996
0.00030913387
0.00030835516
0.00030757383
0.00030678986
0.00030600324
0.00030521394
0.00030442194
0.00030362723
0.00030282976
0.00030202952
0.00030122647
0.00030042059
0.00029961184
0.00029880019
0.00029798561
0.00029716808
0.00029634754
0.00029552398
0.00029469735
0.00029386762
0.00029303476
0.00029219871
0.00029135946
0.00029051696
0.00028967117
0.00028882205
0.00028796956
0.00028711366
0.00028625431
0.00028539147
0.00028452509
0.00028365514
0.00028278156
0.00028190431
0.00028102335
0.00028013862
0.00027925008
0.00027835769
0.0002774614
0.00027656115
0.00027565689
0.00027474858
0.00027383615
0.00027291956
0.00027199876
0.00027107368
0.00027014427
0.00026921047
0.00026827223
0.00026732948
0.00026638218
0.00026543024
0.00026447362
0.00026351225
0.00026254606
0.00026157499
0.00026059896
0.00025961792
0.00025863179
0.0002576405
0.00025664399
0.00025564216
0.00025463495
0.00025362228
0.00025260407
0.00025158025
0.00025055073
0.00024951542
0.00024847426
0.00024742714
0.00024637397
0.00024531468
0.00024424917
0.00024317733
0.00024209909
0.00024101433
0.00023992296
0.00023882488
0.00023771997
0.00023660815
0.00023548929
0.00023436328
0.00023323001
0.00023208937
0.00023094124
0.0002297855
0.00022862202
0.00022745069
0.00022627139
0.00022508399
0.0002238884
0.0002226845
0.00022147222
0.00022025155
0.00021902239
0.0002177848
0.00021653865
0.00021528272
0.00021401592
0.00021273844
0.00021145124
0.00021015121
0.00020884663
0.00020751647
0.00034823114
0.00034755578
0.00034687687
0.00034619868
0.00034551788
0.0003448341
0.00034414836
0.00034346123
0.00034277254
0.00034208197
0.00034139083
0.00034070073
0.00034000959
0.00033931214
0.00033860573
0.00033791513
0.00033723559
0.00033655178
0.00033587866
0.00033515195
0.00033442838
0.0003337524
0.00033306291
0.0003323751
0.00033168571
0.00033098698
0.00033028541
0.00032955042
0.00032879926
0.00032810219
0.00032742085
0.00032665989
0.00032583127
0.00032501568
0.00032423078
0.00032346739
0.00032271673
0.00032197327
0.00032123336
0.00032049449
0.00031975499
0.00031901379
0.00031827029
0.00031752413
0.00031677518
0.00031602338
0.00031526874
0.0003145113
0.00031375109
0.00031298818
0.00031222259
0.00031145435
0.00031068348
0.00030991
0.00030913391
0.0003083552
0.00030757387
0.0003067899
0.00030600328
0.00030521398
0.00030442198
0.00030362727
0.0003028298
0.00030202956
0.00030122651
0.00030042063
0.00029961188
0.00029880023
0.00029798565
0.00029716812
0.00029634758
0.00029552402
0.00029469739
0.00029386766
0.00029303479
0.00029219875
0.0002913595
0.000290517
0.00028967121
0.00028882209
0.00028796959
0.00028711369
0.00028625434
0.0002853915
0.00028452513
0.00028365517
0.00028278159
0.00028190434
0.00028102338
0.00028013865
0.00027925012
0.00027835773
0.00027746143
0.00027656118
0.00027565692
0.00027474861
0.00027383618
0.00027291959
0.00027199879
0.00027107371
0.0002701443
0.0002692105
0.00026827226
0.00026732952
0.00026638221
0.00026543027
0.00026447365
0.00026351228
0.00026254609
0.00026157501
0.00026059899
0.00025961795
0.00025863182
0.00025764053
0.00025664401
0.00025564219
0.00025463498
0.00025362231
0.0002526041
0.00025158028
0.00025055076
0.00024951545
0.00024847428
0.00024742716
0.000246374
0.00024531471
0.00024424919
0.00024317736
0.00024209911
0.00024101435
0.00023992298
0.0002388249
0.00023772
0.00023660817
0.00023548931
0.0002343633
0.00023323004
0.0002320894
0.00023094127
0.00022978552
0.00022862204
0.00022745071
0.00022627141
0.00022508402
0.00022388842
0.00022268453
0.00022147225
0.00022025157
0.00021902241
0.00021778482
0.00021653867
0.00021528274
0.00021401594
0.00021273846
0.00021145126
0.00021015123
0.00020884665
0.00020751649
0.00034823119
0.00034755583
0.00034687692
0.00034619873
0.00034551794
0.00034483416
0.00034414841
0.00034346129
0.00034277259
0.00034208203
0.00034139088
0.00034070078
0.00034000964
0.00033931219
0.00033860578
0.00033791518
0.00033723564
0.00033655183
0.00033587871
0.000335152
0.00033442843
0.00033375245
0.00033306296
0.00033237515
0.00033168576
0.00033098703
0.00033028546
0.00032955047
0.00032879931
0.00032810223
0.0003274209
0.00032665993
0.00032583132
0.00032501572
0.00032423083
0.00032346744
0.00032271678
0.00032197331
0.0003212334
0.00032049454
0.00031975504
0.00031901384
0.00031827033
0.00031752418
0.00031677523
0.00031602343
0.00031526879
0.00031451134
0.00031375114
0.00031298822
0.00031222263
0.00031145439
0.00031068353
0.00030991005
0.00030913395
0.00030835525
0.00030757391
0.00030678994
0.00030600332
0.00030521402
0.00030442202
0.0003036273
0.00030282984
0.0003020296
0.00030122655
0.00030042067
0.00029961191
0.00029880027
0.00029798569
0.00029716815
0.00029634762
0.00029552406
0.00029469743
0.0002938677
0.00029303483
0.00029219879
0.00029135954
0.00029051704
0.00028967124
0.00028882212
0.00028796963
0.00028711373
0.00028625438
0.00028539154
0.00028452516
0.00028365521
0.00028278163
0.00028190438
0.00028102341
0.00028013869
0.00027925015
0.00027835776
0.00027746147
0.00027656121
0.00027565696
0.00027474864
0.00027383622
0.00027291963
0.00027199882
0.00027107374
0.00027014433
0.00026921053
0.00026827229
0.00026732955
0.00026638224
0.0002654303
0.00026447368
0.00026351231
0.00026254612
0.00026157504
0.00026059902
0.00025961798
0.00025863185
0.00025764056
0.00025664404
0.00025564222
0.00025463501
0.00025362234
0.00025260413
0.00025158031
0.00025055078
0.00024951548
0.00024847431
0.00024742719
0.00024637403
0.00024531474
0.00024424922
0.00024317738
0.00024209914
0.00024101438
0.00023992301
0.00023882493
0.00023772002
0.0002366082
0.00023548934
0.00023436333
0.00023323006
0.00023208942
0.00023094129
0.00022978555
0.00022862207
0.00022745074
0.00022627143
0.00022508404
0.00022388844
0.00022268455
0.00022147227
0.00022025159
0.00021902243
0.00021778484
0.00021653869
0.00021528276
0.00021401596
0.00021273848
0.00021145128
0.00021015125
0.00020884667
0.00020751651
0.00034823125
0.00034755589
0.00034687697
0.00034619879
0.00034551799
0.00034483421
0.00034414846
0.00034346134
0.00034277265
0.00034208208
0.00034139094
0.00034070084
0.00034000969
0.00033931224
0.00033860583
0.00033791523
0.00033723569
0.00033655188
0.00033587876
0.00033515205
0.00033442848
0.0003337525
0.00033306301
0.0003323752
0.00033168581
0.00033098708
0.00033028551
0.00032955052
0.00032879936
0.00032810228
0.00032742095
0.00032665998
0.00032583136
0.00032501577
0.00032423087
0.00032346748
0.00032271682
0.00032197336
0.00032123345
0.00032049458
0.00031975508
0.00031901388
0.00031827037
0.00031752422
0.00031677527
0.00031602347
0.00031526883
0.00031451138
0.00031375118
0.00031298826
0.00031222267
0.00031145443
0.00031068357
0.00030991009
0.000309134
0.00030835529
0.00030757395
0.00030678998
0.00030600336
0.00030521406
0.00030442206
0.00030362735
0.00030282988
0.00030202964
0.00030122659
0.0003004207
0.00029961195
0.00029880031
0.00029798573
0.00029716819
0.00029634766
0.00029552409
0.00029469747
0.00029386773
0.00029303487
0.00029219883
0.00029135957
0.00029051707
0.00028967128
0.00028882216
0.00028796967
0.00028711376
0.00028625441
0.00028539157
0.0002845252
0.00028365524
0.00028278166
0.00028190441
0.00028102345
0.00028013872
0.00027925019
0.00027835779
0.0002774615
0.00027656125
0.00027565699
0.00027474867
0.00027383625
0.00027291966
0.00027199885
0.00027107377
0.00027014436
0.00026921057
0.00026827232
0.00026732958
0.00026638227
0.00026543033
0.00026447371
0.00026351234
0.00026254615
0.00026157507
0.00026059905
0.00025961801
0.00025863188
0.00025764059
0.00025664407
0.00025564224
0.00025463503
0.00025362237
0.00025260416
0.00025158033
0.00025055081
0.00024951551
0.00024847434
0.00024742722
0.00024637406
0.00024531476
0.00024424924
0.00024317741
0.00024209916
0.0002410144
0.00023992303
0.00023882495
0.00023772005
0.00023660822
0.00023548936
0.00023436335
0.00023323009
0.00023208945
0.00023094131
0.00022978557
0.00022862209
0.00022745076
0.00022627146
0.00022508406
0.00022388846
0.00022268457
0.00022147229
0.00022025161
0.00021902245
0.00021778487
0.00021653871
0.00021528278
0.00021401598
0.00021273851
0.0002114513
0.00021015128
0.00020884669
0.00020751653
0.0003482313
0.00034755594
0.00034687703
0.00034619884
0.00034551804
0.00034483426
0.00034414852
0.00034346139
0.0003427727
0.00034208213
0.00034139099
0.00034070089
0.00034000974
0.00033931229
0.00033860588
0.00033791528
0.00033723574
0.00033655193
0.00033587881
0.0003351521
0.00033442853
0.00033375255
0.00033306306
0.00033237525
0.00033168585
0.00033098713
0.00033028555
0.00032955057
0.00032879941
0.00032810233
0.000327421
0.00032666002
0.00032583141
0.00032501582
0.00032423092
0.00032346753
0.00032271687
0.0003219734
0.00032123349
0.00032049463
0.00031975513
0.00031901393
0.00031827042
0.00031752427
0.00031677531
0.00031602351
0.00031526887
0.00031451143
0.00031375122
0.00031298831
0.00031222271
0.00031145447
0.00031068361
0.00030991013
0.00030913404
0.00030835533
0.000307574
0.00030679003
0.0003060034
0.0003052141
0.0003044221
0.00030362739
0.00030282992
0.00030202968
0.00030122663
0.00030042074
0.00029961199
0.00029880035
0.00029798577
0.00029716823
0.0002963477
0.00029552413
0.0002946975
0.00029386777
0.0002930349
0.00029219886
0.00029135961
0.00029051711
0.00028967132
0.00028882219
0.0002879697
0.0002871138
0.00028625445
0.00028539161
0.00028452523
0.00028365528
0.0002827817
0.00028190445
0.00028102348
0.00028013876
0.00027925022
0.00027835783
0.00027746153
0.00027656128
0.00027565702
0.00027474871
0.00027383628
0.00027291969
0.00027199888
0.0002710738
0.00027014439
0.0002692106
0.00026827235
0.00026732961
0.0002663823
0.00026543037
0.00026447374
0.00026351237
0.00026254618
0.0002615751
0.00026059908
0.00025961804
0.00025863191
0.00025764062
0.0002566441
0.00025564227
0.00025463506
0.00025362239
0.00025260419
0.00025158036
0.00025055084
0.00024951553
0.00024847437
0.00024742724
0.00024637408
0.00024531479
0.00024424927
0.00024317744
0.00024209919
0.00024101443
0.00023992306
0.00023882498
0.00023772008
0.00023660825
0.00023548939
0.00023436338
0.00023323011
0.00023208947
0.00023094134
0.00022978559
0.00022862212
0.00022745078
0.00022627148
0.00022508408
0.00022388849
0.00022268459
0.00022147231
0.00022025163
0.00021902247
0.00021778489
0.00021653874
0.00021528281
0.000214016
0.00021273853
0.00021145132
0.0002101513
0.00020884671
0.00020751655
0.00034823135
0.000347556
0.00034687708
0.00034619889
0.0003455181
0.00034483432
0.00034414857
0.00034346144
0.00034277275
0.00034208218
0.00034139104
0.00034070094
0.0003400098
0.00033931234
0.00033860593
0.00033791533
0.00033723579
0.00033655198
0.00033587886
0.00033515215
0.00033442858
0.0003337526
0.00033306311
0.0003323753
0.0003316859
0.00033098718
0.0003302856
0.00032955061
0.00032879946
0.00032810238
0.00032742104
0.00032666007
0.00032583146
0.00032501586
0.00032423097
0.00032346758
0.00032271692
0.00032197345
0.00032123354
0.00032049468
0.00031975517
0.00031901397
0.00031827046
0.00031752431
0.00031677536
0.00031602356
0.00031526892
0.00031451147
0.00031375127
0.00031298835
0.00031222276
0.00031145452
0.00031068365
0.00030991017
0.00030913408
0.00030835537
0.00030757404
0.00030679007
0.00030600344
0.00030521414
0.00030442214
0.00030362743
0.00030282996
0.00030202972
0.00030122667
0.00030042078
0.00029961203
0.00029880039
0.00029798581
0.00029716827
0.00029634774
0.00029552417
0.00029469754
0.00029386781
0.00029303494
0.0002921989
0.00029135965
0.00029051715
0.00028967135
0.00028882223
0.00028796974
0.00028711384
0.00028625449
0.00028539164
0.00028452527
0.00028365531
0.00028278173
0.00028190448
0.00028102352
0.00028013879
0.00027925025
0.00027835786
0.00027746157
0.00027656132
0.00027565706
0.00027474874
0.00027383631
0.00027291972
0.00027199892
0.00027107384
0.00027014443
0.00026921063
0.00026827239
0.00026732964
0.00026638233
0.0002654304
0.00026447377
0.0002635124
0.00026254621
0.00026157514
0.00026059911
0.00025961807
0.00025863194
0.00025764065
0.00025664413
0.0002556423
0.00025463509
0.00025362242
0.00025260422
0.00025158039
0.00025055087
0.00024951556
0.00024847439
0.00024742727
0.00024637411
0.00024531482
0.0002442493
0.00024317746
0.00024209922
0.00024101446
0.00023992309
0.000238825
0.0002377201
0.00023660827
0.00023548941
0.0002343634
0.00023323014
0.00023208949
0.00023094136
0.00022978562
0.00022862214
0.00022745081
0.0002262715
0.00022508411
0.00022388851
0.00022268462
0.00022147234
0.00022025166
0.0002190225
0.00021778491
0.00021653876
0.00021528283
0.00021401603
0.00021273855
0.00021145134
0.00021015132
0.00020884673
0.00020751657
0.00034823141
0.00034755605
0.00034687714
0.00034619895
0.00034551815
0.00034483437
0.00034414862
0.0003434615
0.00034277281
0.00034208224
0.00034139109
0.00034070099
0.00034000985
0.0003393124
0.00033860599
0.00033791538
0.00033723584
0.00033655203
0.00033587891
0.0003351522
0.00033442863
0.00033375265
0.00033306316
0.00033237534
0.00033168595
0.00033098723
0.00033028565
0.00032955066
0.00032879951
0.00032810243
0.00032742109
0.00032666012
0.00032583151
0.00032501591
0.00032423101
0.00032346762
0.00032271696
0.0003219735
0.00032123359
0.00032049472
0.00031975522
0.00031901402
0.00031827051
0.00031752436
0.0003167754
0.0003160236
0.00031526896
0.00031451151
0.00031375131
0.00031298839
0.0003122228
0.00031145456
0.0003106837
0.00030991022
0.00030913412
0.00030835541
0.00030757408
0.00030679011
0.00030600348
0.00030521418
0.00030442219
0.00030362747
0.00030283
0.00030202976
0.00030122671
0.00030042082
0.00029961207
0.00029880042
0.00029798585
0.00029716831
0.00029634778
0.00029552421
0.00029469758
0.00029386785
0.00029303498
0.00029219894
0.00029135969
0.00029051718
0.00028967139
0.00028882227
0.00028796978
0.00028711387
0.00028625452
0.00028539168
0.0002845253
0.00028365535
0.00028278177
0.00028190452
0.00028102355
0.00028013882
0.00027925029
0.0002783579
0.0002774616
0.00027656135
0.00027565709
0.00027474877
0.00027383635
0.00027291976
0.00027199895
0.00027107387
0.00027014446
0.00026921066
0.00026827242
0.00026732967
0.00026638236
0.00026543043
0.00026447381
0.00026351243
0.00026254624
0.00026157517
0.00026059914
0.0002596181
0.00025863197
0.00025764068
0.00025664416
0.00025564233
0.00025463512
0.00025362245
0.00025260424
0.00025158042
0.00025055089
0.00024951559
0.00024847442
0.0002474273
0.00024637414
0.00024531484
0.00024424933
0.00024317749
0.00024209924
0.00024101448
0.00023992311
0.00023882503
0.00023772013
0.0002366083
0.00023548944
0.00023436343
0.00023323016
0.00023208952
0.00023094139
0.00022978564
0.00022862216
0.00022745083
0.00022627153
0.00022508413
0.00022388853
0.00022268464
0.00022147236
0.00022025168
0.00021902252
0.00021778493
0.00021653878
0.00021528285
0.00021401605
0.00021273857
0.00021145136
0.00021015134
0.00020884675
0.00020751659
0.00034823146
0.00034755611
0.00034687719
0.000346199
0.00034551821
0.00034483442
0.00034414868
0.00034346155
0.00034277286
0.00034208229
0.00034139115
0.00034070104
0.0003400099
0.00033931245
0.00033860604
0.00033791544
0.0003372359
0.00033655208
0.00033587896
0.00033515225
0.00033442869
0.0003337527
0.00033306321
0.00033237539
0.000331686
0.00033098728
0.0003302857
0.00032955071
0.00032879955
0.00032810247
0.00032742114
0.00032666017
0.00032583155
0.00032501596
0.00032423106
0.00032346767
0.00032271701
0.00032197354
0.00032123363
0.00032049477
0.00031975526
0.00031901407
0.00031827056
0.0003175244
0.00031677545
0.00031602365
0.00031526901
0.00031451156
0.00031375136
0.00031298844
0.00031222284
0.0003114546
0.00031068374
0.00030991026
0.00030913417
0.00030835546
0.00030757412
0.00030679015
0.00030600353
0.00030521422
0.00030442223
0.00030362751
0.00030283004
0.0003020298
0.00030122675
0.00030042086
0.00029961211
0.00029880046
0.00029798589
0.00029716835
0.00029634781
0.00029552425
0.00029469762
0.00029386789
0.00029303502
0.00029219898
0.00029135972
0.00029051722
0.00028967143
0.00028882231
0.00028796981
0.00028711391
0.00028625456
0.00028539172
0.00028452534
0.00028365538
0.0002827818
0.00028190455
0.00028102359
0.00028013886
0.00027925032
0.00027835793
0.00027746164
0.00027656138
0.00027565713
0.00027474881
0.00027383638
0.00027291979
0.00027199898
0.0002710739
0.00027014449
0.00026921069
0.00026827245
0.00026732971
0.0002663824
0.00026543046
0.00026447384
0.00026351246
0.00026254627
0.0002615752
0.00026059917
0.00025961813
0.000258632
0.00025764071
0.00025664419
0.00025564236
0.00025463515
0.00025362248
0.00025260427
0.00025158045
0.00025055092
0.00024951562
0.00024847445
0.00024742733
0.00024637416
0.00024531487
0.00024424935
0.00024317752
0.00024209927
0.00024101451
0.00023992314
0.00023882506
0.00023772015
0.00023660832
0.00023548946
0.00023436345
0.00023323019
0.00023208954
0.00023094141
0.00022978567
0.00022862219
0.00022745086
0.00022627155
0.00022508415
0.00022388856
0.00022268466
0.00022147238
0.0002202517
0.00021902254
0.00021778496
0.0002165388
0.00021528287
0.00021401607
0.00021273859
0.00021145138
0.00021015136
0.00020884677
0.00020751661
0.00034823152
0.00034755616
0.00034687725
0.00034619906
0.00034551826
0.00034483448
0.00034414873
0.00034346161
0.00034277291
0.00034208234
0.0003413912
0.0003407011
0.00034000995
0.0003393125
0.00033860609
0.00033791549
0.00033723595
0.00033655213
0.00033587902
0.0003351523
0.00033442874
0.00033375275
0.00033306326
0.00033237545
0.00033168605
0.00033098733
0.00033028575
0.00032955076
0.0003287996
0.00032810252
0.00032742119
0.00032666022
0.0003258316
0.00032501601
0.00032423111
0.00032346772
0.00032271706
0.00032197359
0.00032123368
0.00032049482
0.00031975531
0.00031901411
0.0003182706
0.00031752445
0.0003167755
0.00031602369
0.00031526905
0.0003145116
0.0003137514
0.00031298848
0.00031222289
0.00031145465
0.00031068378
0.0003099103
0.00030913421
0.0003083555
0.00030757417
0.00030679019
0.00030600357
0.00030521427
0.00030442227
0.00030362755
0.00030283008
0.00030202984
0.00030122679
0.00030042091
0.00029961215
0.00029880051
0.00029798593
0.00029716839
0.00029634785
0.00029552429
0.00029469766
0.00029386793
0.00029303506
0.00029219902
0.00029135976
0.00029051726
0.00028967147
0.00028882234
0.00028796985
0.00028711395
0.0002862546
0.00028539175
0.00028452538
0.00028365542
0.00028278184
0.00028190459
0.00028102362
0.0002801389
0.00027925036
0.00027835797
0.00027746167
0.00027656142
0.00027565716
0.00027474884
0.00027383642
0.00027291982
0.00027199902
0.00027107394
0.00027014453
0.00026921073
0.00026827248
0.00026732974
0.00026638243
0.00026543049
0.00026447387
0.00026351249
0.0002625463
0.00026157523
0.0002605992
0.00025961816
0.00025863203
0.00025764074
0.00025664422
0.00025564239
0.00025463518
0.00025362251
0.0002526043
0.00025158048
0.00025055095
0.00024951565
0.00024847448
0.00024742736
0.00024637419
0.0002453149
0.00024424938
0.00024317754
0.0002420993
0.00024101454
0.00023992317
0.00023882508
0.00023772018
0.00023660835
0.00023548949
0.00023436348
0.00023323021
0.00023208957
0.00023094144
0.00022978569
0.00022862221
0.00022745088
0.00022627157
0.00022508418
0.00022388858
0.00022268469
0.00022147241
0.00022025173
0.00021902256
0.00021778498
0.00021653882
0.00021528289
0.00021401609
0.00021273861
0.0002114514
0.00021015138
0.00020884679
0.00020751663
0.00034823158
0.00034755622
0.0003468773
0.00034619911
0.00034551832
0.00034483454
0.00034414879
0.00034346166
0.00034277297
0.0003420824
0.00034139125
0.00034070115
0.00034001001
0.00033931255
0.00033860615
0.00033791554
0.000337236
0.00033655218
0.00033587907
0.00033515235
0.00033442879
0.0003337528
0.00033306331
0.0003323755
0.0003316861
0.00033098738
0.0003302858
0.00032955081
0.00032879966
0.00032810257
0.00032742124
0.00032666026
0.00032583165
0.00032501606
0.00032423116
0.00032346777
0.00032271711
0.00032197364
0.00032123373
0.00032049486
0.00031975536
0.00031901416
0.00031827065
0.00031752449
0.00031677554
0.00031602374
0.0003152691
0.00031451165
0.00031375145
0.00031298853
0.00031222293
0.00031145469
0.00031068383
0.00030991035
0.00030913425
0.00030835554
0.00030757421
0.00030679024
0.00030600361
0.00030521431
0.00030442231
0.00030362759
0.00030283013
0.00030202988
0.00030122683
0.00030042095
0.0002996122
0.00029880055
0.00029798597
0.00029716843
0.00029634789
0.00029552433
0.0002946977
0.00029386797
0.0002930351
0.00029219905
0.0002913598
0.0002905173
0.00028967151
0.00028882238
0.00028796989
0.00028711399
0.00028625463
0.00028539179
0.00028452541
0.00028365546
0.00028278188
0.00028190463
0.00028102366
0.00028013893
0.00027925039
0.000278358
0.00027746171
0.00027656145
0.00027565719
0.00027474888
0.00027383645
0.00027291986
0.00027199905
0.00027107397
0.00027014456
0.00026921076
0.00026827252
0.00026732977
0.00026638246
0.00026543052
0.0002644739
0.00026351253
0.00026254633
0.00026157526
0.00026059923
0.00025961819
0.00025863206
0.00025764077
0.00025664425
0.00025564242
0.00025463521
0.00025362254
0.00025260433
0.00025158051
0.00025055098
0.00024951568
0.00024847451
0.00024742738
0.00024637422
0.00024531493
0.00024424941
0.00024317757
0.00024209932
0.00024101456
0.00023992319
0.00023882511
0.00023772021
0.00023660838
0.00023548951
0.0002343635
0.00023323024
0.0002320896
0.00023094146
0.00022978572
0.00022862224
0.0002274509
0.0002262716
0.0002250842
0.0002238886
0.00022268471
0.00022147243
0.00022025175
0.00021902259
0.000217785
0.00021653885
0.00021528292
0.00021401611
0.00021273864
0.00021145143
0.0002101514
0.00020884681
0.00034823163
0.00034755628
0.00034687736
0.00034619917
0.00034551837
0.00034483459
0.00034414884
0.00034346172
0.00034277302
0.00034208245
0.00034139131
0.00034070121
0.00034001006
0.00033931261
0.0003386062
0.0003379156
0.00033723605
0.00033655224
0.00033587912
0.00033515241
0.00033442884
0.00033375285
0.00033306336
0.00033237555
0.00033168616
0.00033098743
0.00033028585
0.00032955086
0.00032879971
0.00032810262
0.00032742129
0.00032666031
0.0003258317
0.00032501611
0.00032423121
0.00032346782
0.00032271715
0.00032197369
0.00032123378
0.00032049491
0.00031975541
0.00031901421
0.0003182707
0.00031752454
0.00031677559
0.00031602379
0.00031526914
0.0003145117
0.00031375149
0.00031298857
0.00031222298
0.00031145474
0.00031068387
0.00030991039
0.0003091343
0.00030835559
0.00030757425
0.00030679028
0.00030600365
0.00030521435
0.00030442235
0.00030362764
0.00030283017
0.00030202992
0.00030122687
0.00030042099
0.00029961224
0.00029880059
0.00029798601
0.00029716847
0.00029634794
0.00029552437
0.00029469774
0.00029386801
0.00029303514
0.00029219909
0.00029135984
0.00029051734
0.00028967154
0.00028882242
0.00028796993
0.00028711402
0.00028625467
0.00028539183
0.00028452545
0.0002836555
0.00028278191
0.00028190466
0.0002810237
0.00028013897
0.00027925043
0.00027835804
0.00027746174
0.00027656149
0.00027565723
0.00027474891
0.00027383648
0.00027291989
0.00027199909
0.000271074
0.00027014459
0.00026921079
0.00026827255
0.0002673298
0.00026638249
0.00026543056
0.00026447393
0.00026351256
0.00026254637
0.00026157529
0.00026059927
0.00025961822
0.00025863209
0.0002576408
0.00025664428
0.00025564245
0.00025463524
0.00025362257
0.00025260436
0.00025158054
0.00025055101
0.00024951571
0.00024847454
0.00024742741
0.00024637425
0.00024531495
0.00024424944
0.0002431776
0.00024209935
0.00024101459
0.00023992322
0.00023882514
0.00023772023
0.0002366084
0.00023548954
0.00023436353
0.00023323026
0.00023208962
0.00023094149
0.00022978574
0.00022862226
0.00022745093
0.00022627162
0.00022508423
0.00022388863
0.00022268474
0.00022147245
0.00022025177
0.00021902261
0.00021778502
0.00021653887
0.00021528294
0.00021401614
0.00021273866
0.00021145145
0.00021015143
0.00020884683
0.00034823169
0.00034755633
0.00034687742
0.00034619923
0.00034551843
0.00034483465
0.0003441489
0.00034346177
0.00034277308
0.00034208251
0.00034139136
0.00034070126
0.00034001012
0.00033931266
0.00033860625
0.00033791565
0.00033723611
0.00033655229
0.00033587917
0.00033515246
0.0003344289
0.00033375291
0.00033306341
0.0003323756
0.00033168621
0.00033098748
0.0003302859
0.00032955092
0.00032879976
0.00032810268
0.00032742134
0.00032666036
0.00032583175
0.00032501616
0.00032423126
0.00032346787
0.0003227172
0.00032197374
0.00032123383
0.00032049496
0.00031975545
0.00031901425
0.00031827074
0.00031752459
0.00031677564
0.00031602383
0.00031526919
0.00031451174
0.00031375154
0.00031298862
0.00031222302
0.00031145478
0.00031068392
0.00030991044
0.00030913434
0.00030835563
0.0003075743
0.00030679033
0.0003060037
0.0003052144
0.0003044224
0.00030362768
0.00030283021
0.00030202997
0.00030122692
0.00030042103
0.00029961228
0.00029880063
0.00029798605
0.00029716851
0.00029634798
0.00029552441
0.00029469778
0.00029386805
0.00029303518
0.00029219913
0.00029135988
0.00029051738
0.00028967158
0.00028882246
0.00028796997
0.00028711406
0.00028625471
0.00028539187
0.00028452549
0.00028365553
0.00028278195
0.0002819047
0.00028102373
0.000280139
0.00027925047
0.00027835808
0.00027746178
0.00027656152
0.00027565727
0.00027474895
0.00027383652
0.00027291993
0.00027199912
0.00027107404
0.00027014463
0.00026921083
0.00026827258
0.00026732984
0.00026638253
0.00026543059
0.00026447397
0.00026351259
0.0002625464
0.00026157532
0.0002605993
0.00025961825
0.00025863212
0.00025764083
0.00025664431
0.00025564248
0.00025463527
0.0002536226
0.00025260439
0.00025158057
0.00025055104
0.00024951574
0.00024847456
0.00024742744
0.00024637428
0.00024531498
0.00024424947
0.00024317763
0.00024209938
0.00024101462
0.00023992325
0.00023882516
0.00023772026
0.00023660843
0.00023548957
0.00023436356
0.00023323029
0.00023208965
0.00023094151
0.00022978577
0.00022862229
0.00022745096
0.00022627165
0.00022508425
0.00022388865
0.00022268476
0.00022147248
0.0002202518
0.00021902263
0.00021778505
0.00021653889
0.00021528296
0.00021401616
0.00021273868
0.00021145147
0.00021015145
0.00020884686
0.00034823175
0.00034755639
0.00034687748
0.00034619929
0.00034551849
0.00034483471
0.00034414896
0.00034346183
0.00034277314
0.00034208256
0.00034139142
0.00034070132
0.00034001017
0.00033931272
0.00033860631
0.0003379157
0.00033723616
0.00033655234
0.00033587923
0.00033515251
0.00033442895
0.00033375296
0.00033306347
0.00033237565
0.00033168626
0.00033098753
0.00033028595
0.00032955097
0.00032879981
0.00032810273
0.00032742139
0.00032666041
0.0003258318
0.00032501621
0.00032423131
0.00032346792
0.00032271725
0.00032197379
0.00032123387
0.00032049501
0.0003197555
0.0003190143
0.00031827079
0.00031752464
0.00031677568
0.00031602388
0.00031526924
0.00031451179
0.00031375158
0.00031298867
0.00031222307
0.00031145483
0.00031068396
0.00030991048
0.00030913439
0.00030835568
0.00030757434
0.00030679037
0.00030600374
0.00030521444
0.00030442244
0.00030362772
0.00030283026
0.00030203001
0.00030122696
0.00030042107
0.00029961232
0.00029880067
0.00029798609
0.00029716855
0.00029634802
0.00029552445
0.00029469782
0.00029386809
0.00029303522
0.00029219918
0.00029135992
0.00029051742
0.00028967162
0.0002888225
0.00028797
0.0002871141
0.00028625475
0.00028539191
0.00028452553
0.00028365557
0.00028278199
0.00028190474
0.00028102377
0.00028013904
0.0002792505
0.00027835811
0.00027746181
0.00027656156
0.0002756573
0.00027474898
0.00027383656
0.00027291996
0.00027199916
0.00027107407
0.00027014466
0.00026921086
0.00026827262
0.00026732987
0.00026638256
0.00026543062
0.000264474
0.00026351262
0.00026254643
0.00026157536
0.00026059933
0.00025961829
0.00025863216
0.00025764087
0.00025664434
0.00025564251
0.0002546353
0.00025362263
0.00025260442
0.0002515806
0.00025055107
0.00024951577
0.00024847459
0.00024742747
0.00024637431
0.00024531501
0.00024424949
0.00024317766
0.00024209941
0.00024101465
0.00023992328
0.00023882519
0.00023772029
0.00023660846
0.00023548959
0.00023436358
0.00023323032
0.00023208967
0.00023094154
0.00022978579
0.00022862231
0.00022745098
0.00022627167
0.00022508428
0.00022388868
0.00022268478
0.0002214725
0.00022025182
0.00021902266
0.00021778507
0.00021653892
0.00021528299
0.00021401618
0.0002127387
0.00021145149
0.00021015147
0.00020884688
0.00034823181
0.00034755645
0.00034687754
0.00034619935
0.00034551855
0.00034483476
0.00034414902
0.00034346189
0.00034277319
0.00034208262
0.00034139148
0.00034070137
0.00034001023
0.00033931278
0.00033860637
0.00033791576
0.00033723622
0.0003365524
0.00033587928
0.00033515257
0.000334429
0.00033375301
0.00033306352
0.00033237571
0.00033168631
0.00033098759
0.00033028601
0.00032955102
0.00032879986
0.00032810278
0.00032742144
0.00032666047
0.00032583185
0.00032501626
0.00032423136
0.00032346797
0.0003227173
0.00032197384
0.00032123393
0.00032049506
0.00031975555
0.00031901435
0.00031827084
0.00031752469
0.00031677573
0.00031602393
0.00031526929
0.00031451184
0.00031375163
0.00031298871
0.00031222312
0.00031145488
0.00031068401
0.00030991053
0.00030913443
0.00030835572
0.00030757439
0.00030679042
0.00030600379
0.00030521449
0.00030442249
0.00030362777
0.0003028303
0.00030203005
0.000301227
0.00030042112
0.00029961236
0.00029880072
0.00029798614
0.0002971686
0.00029634806
0.00029552449
0.00029469786
0.00029386813
0.00029303526
0.00029219922
0.00029135996
0.00029051746
0.00028967166
0.00028882254
0.00028797004
0.00028711414
0.00028625479
0.00028539195
0.00028452557
0.00028365561
0.00028278203
0.00028190478
0.00028102381
0.00028013908
0.00027925054
0.00027835815
0.00027746185
0.0002765616
0.00027565734
0.00027474902
0.00027383659
0.00027292
0.00027199919
0.00027107411
0.0002701447
0.0002692109
0.00026827265
0.00026732991
0.00026638259
0.00026543066
0.00026447403
0.00026351266
0.00026254647
0.00026157539
0.00026059936
0.00025961832
0.00025863219
0.0002576409
0.00025664438
0.00025564255
0.00025463533
0.00025362266
0.00025260445
0.00025158063
0.0002505511
0.0002495158
0.00024847462
0.0002474275
0.00024637434
0.00024531504
0.00024424952
0.00024317769
0.00024209944
0.00024101468
0.0002399233
0.00023882522
0.00023772032
0.00023660849
0.00023548962
0.00023436361
0.00023323034
0.0002320897
0.00023094157
0.00022978582
0.00022862234
0.00022745101
0.0002262717
0.0002250843
0.0002238887
0.00022268481
0.00022147253
0.00022025185
0.00021902268
0.0002177851
0.00021653894
0.00021528301
0.00021401621
0.00021273873
0.00021145152
0.00021015149
0.0002088469
0.00034823187
0.00034755651
0.0003468776
0.00034619941
0.00034551861
0.00034483482
0.00034414907
0.00034346195
0.00034277325
0.00034208268
0.00034139154
0.00034070143
0.00034001029
0.00033931283
0.00033860642
0.00033791582
0.00033723628
0.00033655245
0.00033587934
0.00033515262
0.00033442906
0.00033375307
0.00033306358
0.00033237576
0.00033168637
0.00033098764
0.00033028606
0.00032955107
0.00032879992
0.00032810283
0.00032742149
0.00032666052
0.0003258319
0.00032501631
0.00032423141
0.00032346802
0.00032271736
0.00032197389
0.00032123398
0.00032049511
0.0003197556
0.0003190144
0.00031827089
0.00031752474
0.00031677578
0.00031602398
0.00031526933
0.00031451189
0.00031375168
0.00031298876
0.00031222317
0.00031145492
0.00031068406
0.00030991058
0.00030913448
0.00030835577
0.00030757444
0.00030679046
0.00030600383
0.00030521453
0.00030442253
0.00030362781
0.00030283034
0.0003020301
0.00030122705
0.00030042116
0.00029961241
0.00029880076
0.00029798618
0.00029716864
0.0002963481
0.00029552454
0.00029469791
0.00029386817
0.0002930353
0.00029219926
0.00029136
0.0002905175
0.0002896717
0.00028882258
0.00028797009
0.00028711418
0.00028625483
0.00028539198
0.00028452561
0.00028365565
0.00028278207
0.00028190482
0.00028102385
0.00028013912
0.00027925058
0.00027835819
0.00027746189
0.00027656164
0.00027565738
0.00027474906
0.00027383663
0.00027292004
0.00027199923
0.00027107415
0.00027014473
0.00026921093
0.00026827269
0.00026732994
0.00026638263
0.00026543069
0.00026447407
0.00026351269
0.0002625465
0.00026157542
0.0002605994
0.00025961835
0.00025863222
0.00025764093
0.00025664441
0.00025564258
0.00025463537
0.0002536227
0.00025260449
0.00025158066
0.00025055113
0.00024951583
0.00024847466
0.00024742753
0.00024637437
0.00024531507
0.00024424955
0.00024317772
0.00024209947
0.00024101471
0.00023992333
0.00023882525
0.00023772034
0.00023660851
0.00023548965
0.00023436364
0.00023323037
0.00023208973
0.00023094159
0.00022978585
0.00022862237
0.00022745103
0.00022627173
0.00022508433
0.00022388873
0.00022268484
0.00022147255
0.00022025187
0.00021902271
0.00021778512
0.00021653897
0.00021528303
0.00021401623
0.00021273875
0.00021145154
0.00021015152
0.00020884692
0.00034823193
0.00034755657
0.00034687766
0.00034619947
0.00034551867
0.00034483488
0.00034414913
0.00034346201
0.00034277331
0.00034208274
0.00034139159
0.00034070149
0.00034001035
0.00033931289
0.00033860648
0.00033791587
0.00033723633
0.00033655251
0.0003358794
0.00033515268
0.00033442912
0.00033375313
0.00033306363
0.00033237582
0.00033168642
0.00033098769
0.00033028612
0.00032955113
0.00032879997
0.00032810289
0.00032742155
0.00032666057
0.00032583196
0.00032501636
0.00032423146
0.00032346807
0.00032271741
0.00032197394
0.00032123403
0.00032049516
0.00031975566
0.00031901445
0.00031827094
0.00031752479
0.00031677583
0.00031602403
0.00031526938
0.00031451194
0.00031375173
0.00031298881
0.00031222321
0.00031145497
0.00031068411
0.00030991062
0.00030913453
0.00030835582
0.00030757448
0.00030679051
0.00030600388
0.00030521458
0.00030442258
0.00030362786
0.00030283039
0.00030203014
0.00030122709
0.00030042121
0.00029961245
0.0002988008
0.00029798622
0.00029716868
0.00029634815
0.00029552458
0.00029469795
0.00029386821
0.00029303534
0.0002921993
0.00029136005
0.00029051754
0.00028967175
0.00028882262
0.00028797013
0.00028711422
0.00028625487
0.00028539203
0.00028452565
0.00028365569
0.00028278211
0.00028190486
0.00028102389
0.00028013916
0.00027925062
0.00027835823
0.00027746193
0.00027656167
0.00027565741
0.00027474909
0.00027383667
0.00027292007
0.00027199926
0.00027107418
0.00027014477
0.00026921097
0.00026827272
0.00026732998
0.00026638267
0.00026543073
0.0002644741
0.00026351273
0.00026254653
0.00026157546
0.00026059943
0.00025961839
0.00025863225
0.00025764096
0.00025664444
0.00025564261
0.0002546354
0.00025362273
0.00025260452
0.00025158069
0.00025055116
0.00024951586
0.00024847469
0.00024742756
0.0002463744
0.0002453151
0.00024424958
0.00024317775
0.0002420995
0.00024101474
0.00023992336
0.00023882528
0.00023772037
0.00023660854
0.00023548968
0.00023436367
0.0002332304
0.00023208976
0.00023094162
0.00022978587
0.00022862239
0.00022745106
0.00022627175
0.00022508436
0.00022388876
0.00022268486
0.00022147258
0.0002202519
0.00021902273
0.00021778515
0.00021653899
0.00021528306
0.00021401625
0.00021273878
0.00021145156
0.00021015154
0.00020884695
0.00034823199
0.00034755664
0.00034687772
0.00034619953
0.00034551873
0.00034483495
0.0003441492
0.00034346207
0.00034277337
0.0003420828
0.00034139165
0.00034070155
0.00034001041
0.00033931295
0.00033860654
0.00033791593
0.00033723639
0.00033655257
0.00033587945
0.00033515274
0.00033442917
0.00033375318
0.00033306369
0.00033237587
0.00033168648
0.00033098775
0.00033028617
0.00032955118
0.00032880003
0.00032810294
0.0003274216
0.00032666062
0.00032583201
0.00032501642
0.00032423152
0.00032346813
0.00032271746
0.00032197399
0.00032123408
0.00032049521
0.00031975571
0.00031901451
0.00031827099
0.00031752484
0.00031677588
0.00031602408
0.00031526943
0.00031451199
0.00031375178
0.00031298886
0.00031222326
0.00031145502
0.00031068415
0.00030991067
0.00030913458
0.00030835587
0.00030757453
0.00030679056
0.00030600393
0.00030521463
0.00030442263
0.00030362791
0.00030283044
0.00030203019
0.00030122714
0.00030042125
0.0002996125
0.00029880085
0.00029798627
0.00029716873
0.00029634819
0.00029552462
0.00029469799
0.00029386826
0.00029303539
0.00029219934
0.00029136009
0.00029051758
0.00028967179
0.00028882266
0.00028797017
0.00028711426
0.00028625491
0.00028539207
0.00028452569
0.00028365573
0.00028278215
0.0002819049
0.00028102393
0.0002801392
0.00027925066
0.00027835826
0.00027746197
0.00027656171
0.00027565745
0.00027474913
0.0002738367
0.00027292011
0.0002719993
0.00027107422
0.00027014481
0.00026921101
0.00026827276
0.00026733001
0.0002663827
0.00026543076
0.00026447414
0.00026351276
0.00026254657
0.00026157549
0.00026059947
0.00025961842
0.00025863229
0.000257641
0.00025664447
0.00025564264
0.00025463543
0.00025362276
0.00025260455
0.00025158072
0.0002505512
0.00024951589
0.00024847472
0.00024742759
0.00024637443
0.00024531513
0.00024424961
0.00024317778
0.00024209953
0.00024101477
0.00023992339
0.00023882531
0.0002377204
0.00023660857
0.00023548971
0.0002343637
0.00023323043
0.00023208978
0.00023094165
0.0002297859
0.00022862242
0.00022745109
0.00022627178
0.00022508438
0.00022388878
0.00022268489
0.0002214726
0.00022025192
0.00021902276
0.00021778517
0.00021653902
0.00021528308
0.00021401628
0.0002127388
0.00021145159
0.00021015156
0.00020884697
0.00034823206
0.0003475567
0.00034687778
0.00034619959
0.00034551879
0.00034483501
0.00034414926
0.00034346213
0.00034277343
0.00034208286
0.00034139172
0.00034070161
0.00034001047
0.00033931301
0.0003386066
0.00033791599
0.00033723645
0.00033655263
0.00033587951
0.0003351528
0.00033442923
0.00033375324
0.00033306375
0.00033237593
0.00033168654
0.00033098781
0.00033028623
0.00032955124
0.00032880008
0.000328103
0.00032742166
0.00032666068
0.00032583207
0.00032501647
0.00032423157
0.00032346818
0.00032271752
0.00032197405
0.00032123413
0.00032049527
0.00031975576
0.00031901456
0.00031827105
0.00031752489
0.00031677593
0.00031602413
0.00031526949
0.00031451204
0.00031375183
0.00031298891
0.00031222331
0.00031145507
0.0003106842
0.00030991072
0.00030913463
0.00030835591
0.00030757458
0.00030679061
0.00030600398
0.00030521467
0.00030442267
0.00030362795
0.00030283048
0.00030203024
0.00030122719
0.0003004213
0.00029961255
0.00029880089
0.00029798631
0.00029716877
0.00029634824
0.00029552467
0.00029469804
0.0002938683
0.00029303543
0.00029219939
0.00029136013
0.00029051763
0.00028967183
0.00028882271
0.00028797021
0.00028711431
0.00028625495
0.00028539211
0.00028452573
0.00028365577
0.00028278219
0.00028190494
0.00028102397
0.00028013924
0.0002792507
0.0002783583
0.00027746201
0.00027656175
0.00027565749
0.00027474917
0.00027383674
0.00027292015
0.00027199934
0.00027107426
0.00027014484
0.00026921104
0.0002682728
0.00026733005
0.00026638274
0.0002654308
0.00026447417
0.0002635128
0.0002625466
0.00026157553
0.0002605995
0.00025961846
0.00025863232
0.00025764103
0.00025664451
0.00025564268
0.00025463547
0.00025362279
0.00025260458
0.00025158076
0.00025055123
0.00024951592
0.00024847475
0.00024742763
0.00024637446
0.00024531517
0.00024424965
0.00024317781
0.00024209956
0.0002410148
0.00023992342
0.00023882534
0.00023772043
0.0002366086
0.00023548974
0.00023436372
0.00023323046
0.00023208981
0.00023094168
0.00022978593
0.00022862245
0.00022745111
0.00022627181
0.00022508441
0.00022388881
0.00022268491
0.00022147263
0.00022025195
0.00021902278
0.0002177852
0.00021653904
0.00021528311
0.0002140163
0.00021273882
0.00021145161
0.00021015159
0.000208847
0.00034823212
0.00034755677
0.00034687785
0.00034619965
0.00034551886
0.00034483507
0.00034414932
0.00034346219
0.0003427735
0.00034208292
0.00034139178
0.00034070167
0.00034001053
0.00033931307
0.00033860666
0.00033791605
0.00033723651
0.00033655269
0.00033587957
0.00033515286
0.00033442929
0.0003337533
0.0003330638
0.00033237599
0.00033168659
0.00033098786
0.00033028629
0.0003295513
0.00032880014
0.00032810306
0.00032742171
0.00032666073
0.00032583212
0.00032501653
0.00032423163
0.00032346824
0.00032271757
0.0003219741
0.00032123419
0.00032049532
0.00031975581
0.00031901461
0.0003182711
0.00031752494
0.00031677599
0.00031602418
0.00031526954
0.00031451209
0.00031375188
0.00031298896
0.00031222337
0.00031145512
0.00031068426
0.00030991077
0.00030913468
0.00030835596
0.00030757463
0.00030679065
0.00030600403
0.00030521472
0.00030442272
0.000303628
0.00030283053
0.00030203029
0.00030122723
0.00030042135
0.00029961259
0.00029880094
0.00029798636
0.00029716882
0.00029634828
0.00029552472
0.00029469808
0.00029386835
0.00029303548
0.00029219943
0.00029136018
0.00029051767
0.00028967188
0.00028882275
0.00028797025
0.00028711435
0.000286255
0.00028539215
0.00028452577
0.00028365581
0.00028278223
0.00028190498
0.00028102401
0.00028013928
0.00027925074
0.00027835835
0.00027746205
0.00027656179
0.00027565753
0.00027474921
0.00027383678
0.00027292019
0.00027199938
0.0002710743
0.00027014488
0.00026921108
0.00026827284
0.00026733009
0.00026638278
0.00026543084
0.00026447421
0.00026351283
0.00026254664
0.00026157556
0.00026059954
0.00025961849
0.00025863236
0.00025764107
0.00025664454
0.00025564271
0.0002546355
0.00025362283
0.00025260462
0.00025158079
0.00025055126
0.00024951596
0.00024847478
0.00024742766
0.00024637449
0.0002453152
0.00024424968
0.00024317784
0.00024209959
0.00024101483
0.00023992345
0.00023882537
0.00023772046
0.00023660863
0.00023548977
0.00023436375
0.00023323048
0.00023208984
0.00023094171
0.00022978596
0.00022862248
0.00022745114
0.00022627183
0.00022508444
0.00022388884
0.00022268494
0.00022147266
0.00022025197
0.00021902281
0.00021778522
0.00021653907
0.00021528314
0.00021401633
0.00021273885
0.00021145164
0.00021015161
0.00020884702
0.00034823219
0.00034755683
0.00034687791
0.00034619972
0.00034551892
0.00034483514
0.00034414938
0.00034346226
0.00034277356
0.00034208299
0.00034139184
0.00034070174
0.00034001059
0.00033931314
0.00033860672
0.00033791611
0.00033723657
0.00033655275
0.00033587963
0.00033515292
0.00033442935
0.00033375336
0.00033306386
0.00033237605
0.00033168665
0.00033098792
0.00033028634
0.00032955136
0.0003288002
0.00032810312
0.00032742177
0.00032666079
0.00032583218
0.00032501659
0.00032423169
0.00032346829
0.00032271763
0.00032197416
0.00032123424
0.00032049538
0.00031975587
0.00031901467
0.00031827115
0.000317525
0.00031677604
0.00031602424
0.00031526959
0.00031451214
0.00031375193
0.00031298901
0.00031222342
0.00031145518
0.00031068431
0.00030991082
0.00030913473
0.00030835602
0.00030757468
0.0003067907
0.00030600408
0.00030521477
0.00030442277
0.00030362805
0.00030283058
0.00030203033
0.00030122728
0.00030042139
0.00029961264
0.00029880099
0.00029798641
0.00029716887
0.00029634833
0.00029552476
0.00029469813
0.00029386839
0.00029303552
0.00029219948
0.00029136022
0.00029051772
0.00028967192
0.00028882279
0.0002879703
0.00028711439
0.00028625504
0.00028539219
0.00028452581
0.00028365586
0.00028278227
0.00028190502
0.00028102405
0.00028013932
0.00027925078
0.00027835839
0.00027746209
0.00027656183
0.00027565757
0.00027474925
0.00027383682
0.00027292023
0.00027199942
0.00027107433
0.00027014492
0.00026921112
0.00026827287
0.00026733013
0.00026638281
0.00026543088
0.00026447425
0.00026351287
0.00026254668
0.0002615756
0.00026059957
0.00025961853
0.00025863239
0.0002576411
0.00025664458
0.00025564275
0.00025463554
0.00025362286
0.00025260465
0.00025158082
0.0002505513
0.00024951599
0.00024847482
0.00024742769
0.00024637453
0.00024531523
0.00024424971
0.00024317787
0.00024209962
0.00024101486
0.00023992349
0.0002388254
0.00023772049
0.00023660866
0.0002354898
0.00023436378
0.00023323051
0.00023208987
0.00023094174
0.00022978599
0.00022862251
0.00022745117
0.00022627186
0.00022508447
0.00022388886
0.00022268497
0.00022147269
0.000220252
0.00021902284
0.00021778525
0.00021653909
0.00021528316
0.00021401636
0.00021273888
0.00021145166
0.00021015164
0.00020884705
0.00034823226
0.0003475569
0.00034687798
0.00034619979
0.00034551899
0.0003448352
0.00034414945
0.00034346232
0.00034277363
0.00034208305
0.00034139191
0.0003407018
0.00034001065
0.0003393132
0.00033860679
0.00033791618
0.00033723663
0.00033655281
0.00033587969
0.00033515298
0.00033442941
0.00033375342
0.00033306392
0.00033237611
0.00033168671
0.00033098798
0.0003302864
0.00032955142
0.00032880026
0.00032810317
0.00032742183
0.00032666085
0.00032583224
0.00032501664
0.00032423174
0.00032346835
0.00032271769
0.00032197421
0.0003212343
0.00032049543
0.00031975593
0.00031901472
0.00031827121
0.00031752505
0.0003167761
0.00031602429
0.00031526965
0.0003145122
0.00031375199
0.00031298907
0.00031222347
0.00031145523
0.00031068436
0.00030991088
0.00030913478
0.00030835607
0.00030757473
0.00030679076
0.00030600413
0.00030521482
0.00030442282
0.0003036281
0.00030283063
0.00030203038
0.00030122733
0.00030042144
0.00029961269
0.00029880104
0.00029798646
0.00029716891
0.00029634838
0.00029552481
0.00029469818
0.00029386844
0.00029303557
0.00029219952
0.00029136027
0.00029051776
0.00028967197
0.00028882284
0.00028797034
0.00028711444
0.00028625508
0.00028539224
0.00028452586
0.0002836559
0.00028278232
0.00028190506
0.00028102409
0.00028013936
0.00027925082
0.00027835843
0.00027746213
0.00027656187
0.00027565761
0.00027474929
0.00027383686
0.00027292027
0.00027199946
0.00027107437
0.00027014496
0.00026921116
0.00026827291
0.00026733016
0.00026638285
0.00026543091
0.00026447429
0.00026351291
0.00026254672
0.00026157564
0.00026059961
0.00025961856
0.00025863243
0.00025764114
0.00025664462
0.00025564278
0.00025463557
0.0002536229
0.00025260469
0.00025158086
0.00025055133
0.00024951602
0.00024847485
0.00024742773
0.00024637456
0.00024531526
0.00024424974
0.0002431779
0.00024209965
0.00024101489
0.00023992352
0.00023882543
0.00023772052
0.00023660869
0.00023548983
0.00023436382
0.00023323055
0.0002320899
0.00023094177
0.00022978602
0.00022862254
0.0002274512
0.00022627189
0.00022508449
0.00022388889
0.000222685
0.00022147271
0.00022025203
0.00021902287
0.00021778528
0.00021653912
0.00021528319
0.00021401638
0.0002127389
0.00021145169
0.00021015166
0.00020884707
0.00034823232
0.00034755697
0.00034687805
0.00034619985
0.00034551905
0.00034483527
0.00034414952
0.00034346239
0.00034277369
0.00034208312
0.00034139197
0.00034070187
0.00034001072
0.00033931327
0.00033860685
0.00033791624
0.0003372367
0.00033655288
0.00033587976
0.00033515304
0.00033442948
0.00033375348
0.00033306399
0.00033237617
0.00033168678
0.00033098804
0.00033028647
0.00032955148
0.00032880032
0.00032810324
0.00032742189
0.00032666091
0.0003258323
0.0003250167
0.0003242318
0.00032346841
0.00032271774
0.00032197427
0.00032123436
0.00032049549
0.00031975598
0.00031901478
0.00031827127
0.00031752511
0.00031677615
0.00031602435
0.0003152697
0.00031451225
0.00031375204
0.00031298912
0.00031222353
0.00031145528
0.00031068441
0.00030991093
0.00030913483
0.00030835612
0.00030757478
0.00030679081
0.00030600418
0.00030521487
0.00030442287
0.00030362815
0.00030283068
0.00030203043
0.00030122738
0.00030042149
0.00029961274
0.00029880109
0.00029798651
0.00029716896
0.00029634843
0.00029552486
0.00029469822
0.00029386849
0.00029303562
0.00029219957
0.00029136032
0.00029051781
0.00028967201
0.00028882289
0.00028797039
0.00028711448
0.00028625513
0.00028539228
0.0002845259
0.00028365594
0.00028278236
0.00028190511
0.00028102414
0.00028013941
0.00027925087
0.00027835847
0.00027746217
0.00027656192
0.00027565765
0.00027474933
0.0002738369
0.00027292031
0.0002719995
0.00027107442
0.000270145
0.0002692112
0.00026827295
0.0002673302
0.00026638289
0.00026543095
0.00026447433
0.00026351295
0.00026254675
0.00026157568
0.00026059965
0.0002596186
0.00025863247
0.00025764118
0.00025664465
0.00025564282
0.00025463561
0.00025362293
0.00025260472
0.00025158089
0.00025055137
0.00024951606
0.00024847489
0.00024742776
0.00024637459
0.0002453153
0.00024424978
0.00024317794
0.00024209969
0.00024101492
0.00023992355
0.00023882546
0.00023772056
0.00023660873
0.00023548986
0.00023436385
0.00023323058
0.00023208993
0.0002309418
0.00022978605
0.00022862257
0.00022745123
0.00022627192
0.00022508452
0.00022388892
0.00022268503
0.00022147274
0.00022025206
0.00021902289
0.00021778531
0.00021653915
0.00021528322
0.00021401641
0.00021273893
0.00021145172
0.00021015169
0.0002088471
0.00034823239
0.00034755704
0.00034687812
0.00034619992
0.00034551912
0.00034483534
0.00034414959
0.00034346246
0.00034277376
0.00034208319
0.00034139204
0.00034070193
0.00034001079
0.00033931333
0.00033860692
0.00033791631
0.00033723676
0.00033655294
0.00033587982
0.00033515311
0.00033442954
0.00033375355
0.00033306405
0.00033237623
0.00033168684
0.00033098811
0.00033028653
0.00032955154
0.00032880038
0.0003281033
0.00032742195
0.00032666097
0.00032583236
0.00032501676
0.00032423186
0.00032346847
0.0003227178
0.00032197433
0.00032123442
0.00032049555
0.00031975604
0.00031901484
0.00031827132
0.00031752517
0.00031677621
0.0003160244
0.00031526976
0.00031451231
0.0003137521
0.00031298918
0.00031222358
0.00031145534
0.00031068447
0.00030991098
0.00030913489
0.00030835617
0.00030757484
0.00030679086
0.00030600423
0.00030521493
0.00030442293
0.0003036282
0.00030283073
0.00030203049
0.00030122743
0.00030042154
0.00029961279
0.00029880114
0.00029798656
0.00029716901
0.00029634848
0.00029552491
0.00029469827
0.00029386854
0.00029303567
0.00029219962
0.00029136036
0.00029051786
0.00028967206
0.00028882293
0.00028797044
0.00028711453
0.00028625518
0.00028539233
0.00028452595
0.00028365599
0.00028278241
0.00028190515
0.00028102418
0.00028013945
0.00027925091
0.00027835852
0.00027746222
0.00027656196
0.0002756577
0.00027474938
0.00027383695
0.00027292035
0.00027199954
0.00027107446
0.00027014504
0.00026921124
0.00026827299
0.00026733025
0.00026638293
0.00026543099
0.00026447437
0.00026351299
0.00026254679
0.00026157572
0.00026059969
0.00025961864
0.00025863251
0.00025764121
0.00025664469
0.00025564286
0.00025463564
0.00025362297
0.00025260476
0.00025158093
0.0002505514
0.00024951609
0.00024847492
0.0002474278
0.00024637463
0.00024531533
0.00024424981
0.00024317797
0.00024209972
0.00024101496
0.00023992358
0.0002388255
0.00023772059
0.00023660876
0.00023548989
0.00023436388
0.00023323061
0.00023208996
0.00023094183
0.00022978608
0.0002286226
0.00022745126
0.00022627195
0.00022508455
0.00022388895
0.00022268506
0.00022147277
0.00022025209
0.00021902292
0.00021778533
0.00021653918
0.00021528324
0.00021401644
0.00021273896
0.00021145174
0.00021015172
0.00020884713
0.00034823247
0.00034755711
0.00034687819
0.00034619999
0.00034551919
0.00034483541
0.00034414966
0.00034346253
0.00034277383
0.00034208326
0.00034139211
0.000340702
0.00034001085
0.0003393134
0.00033860699
0.00033791637
0.00033723683
0.00033655301
0.00033587989
0.00033515317
0.00033442961
0.00033375361
0.00033306412
0.0003323763
0.0003316869
0.00033098817
0.00033028659
0.0003295516
0.00032880045
0.00032810336
0.00032742201
0.00032666103
0.00032583242
0.00032501683
0.00032423193
0.00032346853
0.00032271786
0.00032197439
0.00032123448
0.00032049561
0.0003197561
0.0003190149
0.00031827138
0.00031752522
0.00031677627
0.00031602446
0.00031526982
0.00031451237
0.00031375216
0.00031298923
0.00031222364
0.00031145539
0.00031068452
0.00030991104
0.00030913494
0.00030835623
0.00030757489
0.00030679092
0.00030600429
0.00030521498
0.00030442298
0.00030362826
0.00030283079
0.00030203054
0.00030122749
0.0003004216
0.00029961284
0.00029880119
0.00029798661
0.00029716906
0.00029634853
0.00029552496
0.00029469832
0.00029386859
0.00029303572
0.00029219967
0.00029136041
0.00029051791
0.00028967211
0.00028882298
0.00028797048
0.00028711458
0.00028625522
0.00028539238
0.000284526
0.00028365604
0.00028278245
0.0002819052
0.00028102423
0.0002801395
0.00027925096
0.00027835856
0.00027746226
0.000276562
0.00027565774
0.00027474942
0.00027383699
0.0002729204
0.00027199958
0.0002710745
0.00027014509
0.00026921128
0.00026827304
0.00026733029
0.00026638297
0.00026543103
0.00026447441
0.00026351303
0.00026254683
0.00026157576
0.00026059973
0.00025961868
0.00025863255
0.00025764125
0.00025664473
0.0002556429
0.00025463568
0.00025362301
0.0002526048
0.00025158097
0.00025055144
0.00024951613
0.00024847496
0.00024742783
0.00024637467
0.00024531537
0.00024424985
0.00024317801
0.00024209975
0.00024101499
0.00023992362
0.00023882553
0.00023772062
0.00023660879
0.00023548992
0.00023436391
0.00023323064
0.00023209
0.00023094186
0.00022978611
0.00022862263
0.00022745129
0.00022627198
0.00022508458
0.00022388898
0.00022268509
0.0002214728
0.00022025212
0.00021902295
0.00021778536
0.00021653921
0.00021528327
0.00021401647
0.00021273898
0.00021145177
0.00021015175
0.00020884715
0.00034823254
0.00034755718
0.00034687826
0.00034620007
0.00034551927
0.00034483548
0.00034414973
0.0003434626
0.0003427739
0.00034208333
0.00034139218
0.00034070207
0.00034001092
0.00033931347
0.00033860705
0.00033791644
0.0003372369
0.00033655307
0.00033587996
0.00033515324
0.00033442968
0.00033375368
0.00033306418
0.00033237637
0.00033168697
0.00033098824
0.00033028666
0.00032955167
0.00032880051
0.00032810343
0.00032742207
0.00032666109
0.00032583248
0.00032501689
0.00032423199
0.00032346859
0.00032271793
0.00032197446
0.00032123454
0.00032049567
0.00031975616
0.00031901496
0.00031827144
0.00031752528
0.00031677633
0.00031602452
0.00031526988
0.00031451242
0.00031375222
0.00031298929
0.0003122237
0.00031145545
0.00031068458
0.0003099111
0.000309135
0.00030835629
0.00030757495
0.00030679097
0.00030600434
0.00030521504
0.00030442303
0.00030362831
0.00030283084
0.00030203059
0.00030122754
0.00030042165
0.00029961289
0.00029880124
0.00029798666
0.00029716912
0.00029634858
0.00029552501
0.00029469837
0.00029386864
0.00029303577
0.00029219972
0.00029136046
0.00029051796
0.00028967216
0.00028882303
0.00028797053
0.00028711463
0.00028625527
0.00028539243
0.00028452604
0.00028365608
0.0002827825
0.00028190525
0.00028102428
0.00028013954
0.000279251
0.00027835861
0.00027746231
0.00027656205
0.00027565779
0.00027474947
0.00027383703
0.00027292044
0.00027199963
0.00027107454
0.00027014513
0.00026921133
0.00026827308
0.00026733033
0.00026638302
0.00026543108
0.00026447445
0.00026351307
0.00026254687
0.0002615758
0.00026059977
0.00025961872
0.00025863259
0.00025764129
0.00025664477
0.00025564294
0.00025463572
0.00025362305
0.00025260484
0.00025158101
0.00025055148
0.00024951617
0.00024847499
0.00024742787
0.0002463747
0.0002453154
0.00024424988
0.00024317804
0.00024209979
0.00024101503
0.00023992365
0.00023882556
0.00023772066
0.00023660883
0.00023548996
0.00023436395
0.00023323067
0.00023209003
0.00023094189
0.00022978614
0.00022862266
0.00022745132
0.00022627202
0.00022508462
0.00022388901
0.00022268512
0.00022147283
0.00022025215
0.00021902298
0.00021778539
0.00021653923
0.0002152833
0.00021401649
0.00021273901
0.0002114518
0.00021015177
0.00020884718
0.00034823261
0.00034755726
0.00034687833
0.00034620014
0.00034551934
0.00034483555
0.0003441498
0.00034346267
0.00034277397
0.0003420834
0.00034139225
0.00034070214
0.00034001099
0.00033931354
0.00033860713
0.00033791651
0.00033723697
0.00033655314
0.00033588002
0.00033515331
0.00033442974
0.00033375375
0.00033306425
0.00033237643
0.00033168704
0.0003309883
0.00033028672
0.00032955174
0.00032880058
0.00032810349
0.00032742214
0.00032666116
0.00032583255
0.00032501695
0.00032423205
0.00032346866
0.00032271799
0.00032197452
0.0003212346
0.00032049573
0.00031975622
0.00031901502
0.0003182715
0.00031752535
0.00031677639
0.00031602458
0.00031526994
0.00031451248
0.00031375228
0.00031298935
0.00031222375
0.00031145551
0.00031068464
0.00030991115
0.00030913506
0.00030835634
0.00030757501
0.00030679103
0.0003060044
0.00030521509
0.00030442309
0.00030362837
0.0003028309
0.00030203065
0.00030122759
0.00030042171
0.00029961295
0.0002988013
0.00029798671
0.00029716917
0.00029634863
0.00029552506
0.00029469843
0.00029386869
0.00029303582
0.00029219977
0.00029136051
0.00029051801
0.00028967221
0.00028882308
0.00028797058
0.00028711468
0.00028625532
0.00028539247
0.00028452609
0.00028365613
0.00028278255
0.00028190529
0.00028102432
0.00028013959
0.00027925105
0.00027835865
0.00027746235
0.0002765621
0.00027565783
0.00027474951
0.00027383708
0.00027292049
0.00027199967
0.00027107459
0.00027014517
0.00026921137
0.00026827312
0.00026733037
0.00026638306
0.00026543112
0.00026447449
0.00026351311
0.00026254692
0.00026157584
0.00026059981
0.00025961876
0.00025863263
0.00025764133
0.00025664481
0.00025564298
0.00025463576
0.00025362309
0.00025260487
0.00025158104
0.00025055152
0.00024951621
0.00024847503
0.00024742791
0.00024637474
0.00024531544
0.00024424992
0.00024317808
0.00024209983
0.00024101506
0.00023992369
0.0002388256
0.00023772069
0.00023660886
0.00023548999
0.00023436398
0.00023323071
0.00023209006
0.00023094193
0.00022978618
0.00022862269
0.00022745136
0.00022627205
0.00022508465
0.00022388905
0.00022268515
0.00022147286
0.00022025218
0.00021902301
0.00021778542
0.00021653927
0.00021528333
0.00021401652
0.00021273904
0.00021145183
0.0002101518
0.00020884721
0.00034823269
0.00034755733
0.00034687841
0.00034620022
0.00034551942
0.00034483563
0.00034414988
0.00034346275
0.00034277405
0.00034208347
0.00034139232
0.00034070222
0.00034001107
0.00033931361
0.0003386072
0.00033791658
0.00033723704
0.00033655322
0.0003358801
0.00033515338
0.00033442982
0.00033375382
0.00033306432
0.0003323765
0.00033168711
0.00033098837
0.00033028679
0.0003295518
0.00032880065
0.00032810356
0.00032742221
0.00032666122
0.00032583261
0.00032501702
0.00032423212
0.00032346872
0.00032271806
0.00032197458
0.00032123467
0.0003204958
0.00031975629
0.00031901508
0.00031827157
0.00031752541
0.00031677645
0.00031602465
0.00031527
0.00031451255
0.00031375234
0.00031298941
0.00031222382
0.00031145557
0.0003106847
0.00030991121
0.00030913512
0.0003083564
0.00030757506
0.00030679109
0.00030600446
0.00030521515
0.00030442315
0.00030362843
0.00030283095
0.00030203071
0.00030122765
0.00030042176
0.00029961301
0.00029880135
0.00029798677
0.00029716923
0.00029634869
0.00029552512
0.00029469848
0.00029386874
0.00029303587
0.00029219982
0.00029136057
0.00029051806
0.00028967226
0.00028882313
0.00028797064
0.00028711473
0.00028625537
0.00028539253
0.00028452614
0.00028365618
0.0002827826
0.00028190534
0.00028102437
0.00028013964
0.0002792511
0.0002783587
0.0002774624
0.00027656214
0.00027565788
0.00027474956
0.00027383713
0.00027292053
0.00027199972
0.00027107463
0.00027014522
0.00026921142
0.00026827317
0.00026733042
0.0002663831
0.00026543116
0.00026447453
0.00026351316
0.00026254696
0.00026157588
0.00026059985
0.0002596188
0.00025863267
0.00025764138
0.00025664485
0.00025564302
0.0002546358
0.00025362313
0.00025260491
0.00025158108
0.00025055156
0.00024951625
0.00024847507
0.00024742795
0.00024637478
0.00024531548
0.00024424996
0.00024317812
0.00024209986
0.0002410151
0.00023992373
0.00023882564
0.00023772073
0.0002366089
0.00023549003
0.00023436402
0.00023323074
0.0002320901
0.00023094196
0.00022978621
0.00022862273
0.00022745139
0.00022627208
0.00022508468
0.00022388908
0.00022268518
0.0002214729
0.00022025221
0.00021902304
0.00021778545
0.0002165393
0.00021528336
0.00021401655
0.00021273907
0.00021145186
0.00021015183
0.00020884724
0.00034755741
0.00034687849
0.00034620029
0.00034551949
0.00034483571
0.00034414995
0.00034346282
0.00034277412
0.00034208355
0.0003413924
0.00034070229
0.00034001114
0.00033931369
0.00033860727
0.00033791666
0.00033723711
0.00033655329
0.00033588017
0.00033515345
0.00033442989
0.00033375389
0.00033306439
0.00033237657
0.00033168718
0.00033098844
0.00033028686
0.00032955187
0.00032880072
0.00032810363
0.00032742228
0.00032666129
0.00032583268
0.00032501709
0.00032423219
0.00032346879
0.00032271812
0.00032197465
0.00032123473
0.00032049586
0.00031975635
0.00031901515
0.00031827163
0.00031752547
0.00031677652
0.00031602471
0.00031527006
0.00031451261
0.0003137524
0.00031298948
0.00031222388
0.00031145563
0.00031068476
0.00030991128
0.00030913518
0.00030835646
0.00030757512
0.00030679115
0.00030600452
0.00030521521
0.00030442321
0.00030362848
0.00030283101
0.00030203076
0.00030122771
0.00030042182
0.00029961306
0.00029880141
0.00029798683
0.00029716928
0.00029634874
0.00029552517
0.00029469854
0.0002938688
0.00029303593
0.00029219988
0.00029136062
0.00029051811
0.00028967231
0.00028882319
0.00028797069
0.00028711478
0.00028625542
0.00028539258
0.0002845262
0.00028365623
0.00028278265
0.00028190539
0.00028102442
0.00028013969
0.00027925115
0.00027835875
0.00027746245
0.00027656219
0.00027565793
0.00027474961
0.00027383717
0.00027292058
0.00027199977
0.00027107468
0.00027014527
0.00026921146
0.00026827321
0.00026733046
0.00026638315
0.00026543121
0.00026447458
0.0002635132
0.000262547
0.00026157592
0.00026059989
0.00025961885
0.00025863271
0.00025764142
0.00025664489
0.00025564306
0.00025463584
0.00025362317
0.00025260496
0.00025158113
0.0002505516
0.00024951629
0.00024847511
0.00024742799
0.00024637482
0.00024531552
0.00024425
0.00024317816
0.0002420999
0.00024101514
0.00023992376
0.00023882567
0.00023772077
0.00023660893
0.00023549006
0.00023436405
0.00023323078
0.00023209013
0.000230942
0.00022978625
0.00022862276
0.00022745143
0.00022627211
0.00022508471
0.00022388911
0.00022268521
0.00022147293
0.00022025224
0.00021902308
0.00021778549
0.00021653933
0.00021528339
0.00021401659
0.0002127391
0.00021145189
0.00021015186
0.00020884727
0.00034687857
0.00034620037
0.00034551957
0.00034483579
0.00034415003
0.0003434629
0.0003427742
0.00034208363
0.00034139248
0.00034070237
0.00034001122
0.00033931376
0.00033860735
0.00033791673
0.00033723719
0.00033655336
0.00033588024
0.00033515353
0.00033442996
0.00033375396
0.00033306446
0.00033237665
0.00033168725
0.00033098852
0.00033028693
0.00032955195
0.00032880079
0.0003281037
0.00032742235
0.00032666136
0.00032583275
0.00032501716
0.00032423226
0.00032346886
0.00032271819
0.00032197472
0.0003212348
0.00032049593
0.00031975642
0.00031901522
0.0003182717
0.00031752554
0.00031677658
0.00031602477
0.00031527013
0.00031451267
0.00031375246
0.00031298954
0.00031222394
0.0003114557
0.00031068483
0.00030991134
0.00030913524
0.00030835653
0.00030757519
0.00030679121
0.00030600458
0.00030521527
0.00030442327
0.00030362854
0.00030283107
0.00030203082
0.00030122777
0.00030042188
0.00029961312
0.00029880147
0.00029798688
0.00029716934
0.0002963488
0.00029552523
0.00029469859
0.00029386886
0.00029303598
0.00029219993
0.00029136068
0.00029051817
0.00028967237
0.00028882324
0.00028797074
0.00028711483
0.00028625548
0.00028539263
0.00028452625
0.00028365629
0.0002827827
0.00028190545
0.00028102447
0.00028013974
0.0002792512
0.0002783588
0.0002774625
0.00027656224
0.00027565798
0.00027474966
0.00027383722
0.00027292063
0.00027199981
0.00027107473
0.00027014531
0.00026921151
0.00026827326
0.00026733051
0.00026638319
0.00026543125
0.00026447463
0.00026351325
0.00026254705
0.00026157597
0.00026059994
0.00025961889
0.00025863276
0.00025764146
0.00025664494
0.0002556431
0.00025463589
0.00025362321
0.000252605
0.00025158117
0.00025055164
0.00024951633
0.00024847515
0.00024742803
0.00024637486
0.00024531556
0.00024425004
0.00024317819
0.00024209994
0.00024101518
0.0002399238
0.00023882571
0.0002377208
0.00023660897
0.0002354901
0.00023436409
0.00023323082
0.00023209017
0.00023094203
0.00022978628
0.0002286228
0.00022745146
0.00022627215
0.00022508475
0.00022388915
0.00022268525
0.00022147296
0.00022025228
0.00021902311
0.00021778552
0.00021653936
0.00021528343
0.00021401662
0.00021273914
0.00021145192
0.00021015189
0.0002088473
0.00034687865
0.00034620046
0.00034551965
0.00034483587
0.00034415011
0.00034346298
0.00034277428
0.00034208371
0.00034139256
0.00034070245
0.0003400113
0.00033931384
0.00033860743
0.00033791681
0.00033723727
0.00033655344
0.00033588032
0.0003351536
0.00033443004
0.00033375404
0.00033306454
0.00033237672
0.00033168732
0.00033098859
0.00033028701
0.00032955202
0.00032880086
0.00032810377
0.00032742242
0.00032666143
0.00032583282
0.00032501723
0.00032423233
0.00032346893
0.00032271826
0.00032197479
0.00032123487
0.000320496
0.00031975649
0.00031901528
0.00031827177
0.00031752561
0.00031677665
0.00031602484
0.00031527019
0.00031451274
0.00031375253
0.00031298961
0.00031222401
0.00031145576
0.00031068489
0.0003099114
0.0003091353
0.00030835659
0.00030757525
0.00030679127
0.00030600464
0.00030521533
0.00030442333
0.00030362861
0.00030283113
0.00030203088
0.00030122783
0.00030042194
0.00029961318
0.00029880153
0.00029798694
0.0002971694
0.00029634886
0.00029552529
0.00029469865
0.00029386891
0.00029303604
0.00029219999
0.00029136073
0.00029051822
0.00028967243
0.0002888233
0.0002879708
0.00028711489
0.00028625553
0.00028539268
0.0002845263
0.00028365634
0.00028278276
0.0002819055
0.00028102453
0.00028013979
0.00027925125
0.00027835885
0.00027746255
0.00027656229
0.00027565803
0.00027474971
0.00027383727
0.00027292068
0.00027199986
0.00027107478
0.00027014536
0.00026921156
0.00026827331
0.00026733056
0.00026638324
0.0002654313
0.00026447467
0.00026351329
0.0002625471
0.00026157602
0.00026059999
0.00025961894
0.0002586328
0.00025764151
0.00025664498
0.00025564315
0.00025463593
0.00025362325
0.00025260504
0.00025158121
0.00025055168
0.00024951637
0.00024847519
0.00024742807
0.0002463749
0.0002453156
0.00024425008
0.00024317824
0.00024209998
0.00024101522
0.00023992384
0.00023882575
0.00023772084
0.00023660901
0.00023549014
0.00023436413
0.00023323085
0.00023209021
0.00023094207
0.00022978632
0.00022862283
0.0002274515
0.00022627219
0.00022508478
0.00022388918
0.00022268528
0.000221473
0.00022025231
0.00021902314
0.00021778555
0.00021653939
0.00021528346
0.00021401665
0.00021273917
0.00021145195
0.00021015192
0.00020884733
0.00034687874
0.00034620054
0.00034551974
0.00034483595
0.0003441502
0.00034346306
0.00034277436
0.00034208379
0.00034139264
0.00034070253
0.00034001138
0.00033931392
0.00033860751
0.00033791689
0.00033723735
0.00033655352
0.0003358804
0.00033515368
0.00033443012
0.00033375412
0.00033306462
0.0003323768
0.0003316874
0.00033098867
0.00033028708
0.00032955209
0.00032880094
0.00032810385
0.00032742249
0.00032666151
0.00032583289
0.0003250173
0.0003242324
0.000323469
0.00032271834
0.00032197486
0.00032123494
0.00032049607
0.00031975656
0.00031901536
0.00031827184
0.00031752568
0.00031677672
0.00031602491
0.00031527026
0.00031451281
0.0003137526
0.00031298967
0.00031222407
0.00031145583
0.00031068496
0.00030991147
0.00030913537
0.00030835666
0.00030757532
0.00030679134
0.00030600471
0.0003052154
0.00030442339
0.00030362867
0.0003028312
0.00030203095
0.00030122789
0.000300422
0.00029961324
0.00029880159
0.000297987
0.00029716946
0.00029634892
0.00029552535
0.00029469871
0.00029386897
0.0002930361
0.00029220005
0.00029136079
0.00029051828
0.00028967248
0.00028882335
0.00028797085
0.00028711495
0.00028625559
0.00028539274
0.00028452636
0.0002836564
0.00028278281
0.00028190555
0.00028102458
0.00028013985
0.0002792513
0.00027835891
0.0002774626
0.00027656235
0.00027565808
0.00027474976
0.00027383733
0.00027292073
0.00027199992
0.00027107483
0.00027014541
0.00026921161
0.00026827336
0.00026733061
0.00026638329
0.00026543135
0.00026447472
0.00026351334
0.00026254714
0.00026157606
0.00026060003
0.00025961898
0.00025863285
0.00025764155
0.00025664503
0.00025564319
0.00025463598
0.0002536233
0.00025260509
0.00025158125
0.00025055172
0.00024951641
0.00024847524
0.00024742811
0.00024637494
0.00024531564
0.00024425012
0.00024317828
0.00024210002
0.00024101526
0.00023992388
0.00023882579
0.00023772088
0.00023660905
0.00023549018
0.00023436417
0.00023323089
0.00023209025
0.00023094211
0.00022978636
0.00022862287
0.00022745153
0.00022627222
0.00022508482
0.00022388922
0.00022268532
0.00022147303
0.00022025235
0.00021902318
0.00021778559
0.00021653943
0.00021528349
0.00021401668
0.0002127392
0.00021145199
0.00021015196
0.00020884736
0.00034687882
0.00034620063
0.00034551982
0.00034483604
0.00034415028
0.00034346315
0.00034277445
0.00034208387
0.00034139272
0.00034070261
0.00034001146
0.00033931401
0.00033860759
0.00033791697
0.00033723743
0.0003365536
0.00033588048
0.00033515376
0.0003344302
0.0003337542
0.00033306469
0.00033237688
0.00033168748
0.00033098874
0.00033028716
0.00032955217
0.00032880102
0.00032810393
0.00032742257
0.00032666158
0.00032583297
0.00032501738
0.00032423248
0.00032346908
0.00032271841
0.00032197494
0.00032123502
0.00032049615
0.00031975663
0.00031901543
0.00031827191
0.00031752575
0.00031677679
0.00031602498
0.00031527033
0.00031451288
0.00031375267
0.00031298974
0.00031222414
0.0003114559
0.00031068503
0.00030991154
0.00030913544
0.00030835672
0.00030757538
0.0003067914
0.00030600477
0.00030521546
0.00030442346
0.00030362873
0.00030283126
0.00030203101
0.00030122796
0.00030042206
0.00029961331
0.00029880165
0.00029798707
0.00029716952
0.00029634898
0.00029552541
0.00029469877
0.00029386903
0.00029303616
0.00029220011
0.00029136085
0.00029051834
0.00028967254
0.00028882341
0.00028797091
0.000287115
0.00028625565
0.0002853928
0.00028452641
0.00028365645
0.00028278287
0.00028190561
0.00028102464
0.0002801399
0.00027925136
0.00027835896
0.00027746266
0.0002765624
0.00027565814
0.00027474981
0.00027383738
0.00027292078
0.00027199997
0.00027107488
0.00027014546
0.00026921166
0.00026827341
0.00026733066
0.00026638334
0.0002654314
0.00026447477
0.00026351339
0.00026254719
0.00026157611
0.00026060008
0.00025961903
0.0002586329
0.0002576416
0.00025664507
0.00025564324
0.00025463602
0.00025362335
0.00025260513
0.0002515813
0.00025055177
0.00024951646
0.00024847528
0.00024742815
0.00024637499
0.00024531568
0.00024425016
0.00024317832
0.00024210006
0.0002410153
0.00023992392
0.00023882583
0.00023772092
0.00023660909
0.00023549022
0.00023436421
0.00023323093
0.00023209028
0.00023094215
0.00022978639
0.00022862291
0.00022745157
0.00022627226
0.00022508486
0.00022388925
0.00022268536
0.00022147307
0.00022025238
0.00021902321
0.00021778562
0.00021653946
0.00021528353
0.00021401672
0.00021273924
0.00021145202
0.00021015199
0.0002088474
0.00034687891
0.00034620072
0.00034551991
0.00034483612
0.00034415037
0.00034346324
0.00034277454
0.00034208396
0.00034139281
0.0003407027
0.00034001155
0.00033931409
0.00033860767
0.00033791706
0.00033723751
0.00033655368
0.00033588056
0.00033515385
0.00033443028
0.00033375428
0.00033306478
0.00033237696
0.00033168756
0.00033098882
0.00033028724
0.00032955225
0.0003288011
0.00032810401
0.00032742265
0.00032666166
0.00032583305
0.00032501746
0.00032423255
0.00032346916
0.00032271849
0.00032197501
0.00032123509
0.00032049622
0.00031975671
0.0003190155
0.00031827198
0.00031752582
0.00031677686
0.00031602505
0.00031527041
0.00031451295
0.00031375274
0.00031298981
0.00031222421
0.00031145597
0.0003106851
0.00030991161
0.00030913551
0.00030835679
0.00030757545
0.00030679147
0.00030600484
0.00030521553
0.00030442353
0.0003036288
0.00030283133
0.00030203108
0.00030122802
0.00030042213
0.00029961337
0.00029880172
0.00029798713
0.00029716959
0.00029634904
0.00029552547
0.00029469884
0.0002938691
0.00029303622
0.00029220017
0.00029136091
0.0002905184
0.0002896726
0.00028882347
0.00028797097
0.00028711506
0.00028625571
0.00028539286
0.00028452647
0.00028365651
0.00028278292
0.00028190567
0.00028102469
0.00028013996
0.00027925142
0.00027835902
0.00027746271
0.00027656246
0.00027565819
0.00027474987
0.00027383743
0.00027292084
0.00027200002
0.00027107493
0.00027014552
0.00026921171
0.00026827346
0.00026733071
0.00026638339
0.00026543145
0.00026447482
0.00026351344
0.00026254724
0.00026157616
0.00026060013
0.00025961908
0.00025863294
0.00025764165
0.00025664512
0.00025564329
0.00025463607
0.00025362339
0.00025260518
0.00025158135
0.00025055181
0.0002495165
0.00024847533
0.0002474282
0.00024637503
0.00024531573
0.00024425021
0.00024317836
0.00024210011
0.00024101534
0.00023992397
0.00023882588
0.00023772097
0.00023660913
0.00023549026
0.00023436425
0.00023323097
0.00023209032
0.00023094219
0.00022978643
0.00022862295
0.00022745161
0.0002262723
0.0002250849
0.00022388929
0.00022268539
0.00022147311
0.00022025242
0.00021902325
0.00021778566
0.0002165395
0.00021528356
0.00021401675
0.00021273927
0.00021145206
0.00021015203
0.00020884743
0.000346879
0.00034620081
0.00034552
0.00034483621
0.00034415046
0.00034346333
0.00034277462
0.00034208405
0.0003413929
0.00034070279
0.00034001163
0.00033931418
0.00033860776
0.00033791714
0.0003372376
0.00033655377
0.00033588065
0.00033515393
0.00033443036
0.00033375436
0.00033306486
0.00033237704
0.00033168764
0.00033098891
0.00033028732
0.00032955233
0.00032880118
0.00032810409
0.00032742273
0.00032666174
0.00032583313
0.00032501754
0.00032423263
0.00032346923
0.00032271857
0.00032197509
0.00032123517
0.0003204963
0.00031975679
0.00031901558
0.00031827206
0.0003175259
0.00031677694
0.00031602513
0.00031527048
0.00031451303
0.00031375281
0.00031298989
0.00031222429
0.00031145604
0.00031068517
0.00030991168
0.00030913558
0.00030835686
0.00030757552
0.00030679154
0.00030600491
0.0003052156
0.0003044236
0.00030362887
0.0003028314
0.00030203115
0.00030122809
0.0003004222
0.00029961344
0.00029880178
0.0002979872
0.00029716965
0.00029634911
0.00029552554
0.0002946989
0.00029386916
0.00029303629
0.00029220024
0.00029136098
0.00029051847
0.00028967267
0.00028882354
0.00028797104
0.00028711513
0.00028625577
0.00028539292
0.00028452653
0.00028365657
0.00028278298
0.00028190573
0.00028102475
0.00028014002
0.00027925147
0.00027835908
0.00027746277
0.00027656251
0.00027565825
0.00027474992
0.00027383749
0.00027292089
0.00027200008
0.00027107499
0.00027014557
0.00026921177
0.00026827352
0.00026733076
0.00026638345
0.0002654315
0.00026447487
0.00026351349
0.00026254729
0.00026157621
0.00026060018
0.00025961913
0.00025863299
0.0002576417
0.00025664517
0.00025564334
0.00025463612
0.00025362344
0.00025260523
0.00025158139
0.00025055186
0.00024951655
0.00024847537
0.00024742825
0.00024637508
0.00024531578
0.00024425025
0.00024317841
0.00024210015
0.00024101539
0.00023992401
0.00023882592
0.00023772101
0.00023660917
0.0002354903
0.00023436429
0.00023323101
0.00023209037
0.00023094223
0.00022978648
0.00022862299
0.00022745165
0.00022627234
0.00022508494
0.00022388933
0.00022268543
0.00022147314
0.00022025246
0.00021902329
0.0002177857
0.00021653954
0.0002152836
0.00021401679
0.00021273931
0.00021145209
0.00021015206
0.00020884747
0.0003468791
0.0003462009
0.0003455201
0.00034483631
0.00034415055
0.00034346342
0.00034277472
0.00034208414
0.00034139299
0.00034070288
0.00034001172
0.00033931427
0.00033860785
0.00033791723
0.00033723768
0.00033655386
0.00033588073
0.00033515402
0.00033443045
0.00033375445
0.00033306495
0.00033237713
0.00033168773
0.00033098899
0.00033028741
0.00032955242
0.00032880126
0.00032810417
0.00032742281
0.00032666182
0.00032583321
0.00032501762
0.00032423271
0.00032346932
0.00032271865
0.00032197517
0.00032123525
0.00032049638
0.00031975686
0.00031901566
0.00031827214
0.00031752598
0.00031677702
0.00031602521
0.00031527056
0.0003145131
0.00031375289
0.00031298996
0.00031222436
0.00031145612
0.00031068524
0.00030991175
0.00030913565
0.00030835694
0.00030757559
0.00030679162
0.00030600498
0.00030521567
0.00030442367
0.00030362894
0.00030283147
0.00030203122
0.00030122816
0.00030042227
0.00029961351
0.00029880185
0.00029798727
0.00029716972
0.00029634918
0.0002955256
0.00029469897
0.00029386923
0.00029303635
0.0002922003
0.00029136104
0.00029051853
0.00028967273
0.0002888236
0.0002879711
0.00028711519
0.00028625583
0.00028539298
0.0002845266
0.00028365663
0.00028278305
0.00028190579
0.00028102481
0.00028014008
0.00027925153
0.00027835913
0.00027746283
0.00027656257
0.00027565831
0.00027474998
0.00027383755
0.00027292095
0.00027200013
0.00027107505
0.00027014563
0.00026921182
0.00026827357
0.00026733082
0.0002663835
0.00026543156
0.00026447493
0.00026351355
0.00026254735
0.00026157627
0.00026060023
0.00025961918
0.00025863305
0.00025764175
0.00025664522
0.00025564339
0.00025463617
0.00025362349
0.00025260528
0.00025158144
0.00025055191
0.0002495166
0.00024847542
0.00024742829
0.00024637512
0.00024531582
0.0002442503
0.00024317845
0.0002421002
0.00024101543
0.00023992405
0.00023882596
0.00023772105
0.00023660922
0.00023549035
0.00023436433
0.00023323106
0.00023209041
0.00023094227
0.00022978652
0.00022862303
0.00022745169
0.00022627238
0.00022508498
0.00022388937
0.00022268547
0.00022147318
0.0002202525
0.00021902333
0.00021778574
0.00021653957
0.00021528364
0.00021401683
0.00021273934
0.00021145213
0.0002101521
0.0002088475
0.00034687919
0.000346201
0.00034552019
0.0003448364
0.00034415065
0.00034346351
0.00034277481
0.00034208423
0.00034139308
0.00034070297
0.00034001182
0.00033931436
0.00033860794
0.00033791732
0.00033723778
0.00033655395
0.00033588082
0.00033515411
0.00033443054
0.00033375454
0.00033306503
0.00033237721
0.00033168781
0.00033098908
0.00033028749
0.0003295525
0.00032880135
0.00032810426
0.00032742289
0.00032666191
0.00032583329
0.0003250177
0.0003242328
0.0003234694
0.00032271873
0.00032197525
0.00032123533
0.00032049646
0.00031975695
0.00031901574
0.00031827222
0.00031752606
0.0003167771
0.00031602529
0.00031527063
0.00031451318
0.00031375297
0.00031299004
0.00031222444
0.00031145619
0.00031068532
0.00030991183
0.00030913573
0.00030835701
0.00030757567
0.00030679169
0.00030600506
0.00030521575
0.00030442374
0.00030362901
0.00030283154
0.00030203129
0.00030122823
0.00030042234
0.00029961358
0.00029880192
0.00029798734
0.00029716979
0.00029634925
0.00029552567
0.00029469903
0.0002938693
0.00029303642
0.00029220037
0.00029136111
0.0002905186
0.0002896728
0.00028882366
0.00028797116
0.00028711525
0.00028625589
0.00028539304
0.00028452666
0.0002836567
0.00028278311
0.00028190585
0.00028102488
0.00028014014
0.0002792516
0.0002783592
0.00027746289
0.00027656263
0.00027565837
0.00027475004
0.00027383761
0.00027292101
0.00027200019
0.0002710751
0.00027014569
0.00026921188
0.00026827363
0.00026733087
0.00026638356
0.00026543161
0.00026447498
0.0002635136
0.0002625474
0.00026157632
0.00026060029
0.00025961924
0.0002586331
0.0002576418
0.00025664527
0.00025564344
0.00025463622
0.00025362354
0.00025260533
0.00025158149
0.00025055196
0.00024951665
0.00024847547
0.00024742834
0.00024637517
0.00024531587
0.00024425035
0.0002431785
0.00024210025
0.00024101548
0.0002399241
0.00023882601
0.0002377211
0.00023660926
0.00023549039
0.00023436438
0.0002332311
0.00023209045
0.00023094231
0.00022978656
0.00022862307
0.00022745173
0.00022627242
0.00022508502
0.00022388941
0.00022268551
0.00022147322
0.00022025254
0.00021902337
0.00021778578
0.00021653961
0.00021528368
0.00021401687
0.00021273938
0.00021145217
0.00021015214
0.00020884754
0.00034687929
0.0003462011
0.00034552029
0.0003448365
0.00034415074
0.00034346361
0.00034277491
0.00034208433
0.00034139318
0.00034070306
0.00034001191
0.00033931446
0.00033860804
0.00033791742
0.00033723787
0.00033655404
0.00033588092
0.0003351542
0.00033443063
0.00033375463
0.00033306512
0.0003323773
0.0003316879
0.00033098917
0.00033028758
0.00032955259
0.00032880144
0.00032810435
0.00032742298
0.00032666199
0.00032583338
0.00032501779
0.00032423288
0.00032346949
0.00032271881
0.00032197534
0.00032123542
0.00032049654
0.00031975703
0.00031901582
0.0003182723
0.00031752614
0.00031677718
0.00031602537
0.00031527072
0.00031451326
0.00031375305
0.00031299012
0.00031222452
0.00031145627
0.0003106854
0.00030991191
0.00030913581
0.00030835709
0.00030757575
0.00030679177
0.00030600513
0.00030521582
0.00030442382
0.00030362909
0.00030283161
0.00030203136
0.0003012283
0.00030042241
0.00029961365
0.00029880199
0.00029798741
0.00029716986
0.00029634932
0.00029552574
0.00029469911
0.00029386937
0.00029303649
0.00029220044
0.00029136118
0.00029051867
0.00028967286
0.00028882373
0.00028797123
0.00028711532
0.00028625596
0.00028539311
0.00028452673
0.00028365676
0.00028278317
0.00028190591
0.00028102494
0.0002801402
0.00027925166
0.00027835926
0.00027746295
0.00027656269
0.00027565843
0.0002747501
0.00027383767
0.00027292107
0.00027200025
0.00027107516
0.00027014574
0.00026921194
0.00026827369
0.00026733093
0.00026638361
0.00026543167
0.00026447504
0.00026351366
0.00026254746
0.00026157638
0.00026060034
0.00025961929
0.00025863315
0.00025764186
0.00025664533
0.00025564349
0.00025463627
0.0002536236
0.00025260538
0.00025158155
0.00025055201
0.0002495167
0.00024847552
0.00024742839
0.00024637522
0.00024531592
0.00024425039
0.00024317855
0.00024210029
0.00024101553
0.00023992415
0.00023882606
0.00023772115
0.00023660931
0.00023549044
0.00023436442
0.00023323115
0.0002320905
0.00023094236
0.0002297866
0.00022862312
0.00022745178
0.00022627247
0.00022508506
0.00022388946
0.00022268556
0.00022147327
0.00022025258
0.00021902341
0.00021778582
0.00021653965
0.00021528372
0.00021401691
0.00021273942
0.0002114522
0.00021015217
0.00020884758
0.0003468794
0.0003462012
0.00034552039
0.0003448366
0.00034415085
0.00034346371
0.00034277501
0.00034208443
0.00034139328
0.00034070316
0.00034001201
0.00033931456
0.00033860814
0.00033791751
0.00033723797
0.00033655413
0.00033588101
0.0003351543
0.00033443073
0.00033375472
0.00033306522
0.0003323774
0.000331688
0.00033098926
0.00033028767
0.00032955269
0.00032880153
0.00032810444
0.00032742307
0.00032666208
0.00032583347
0.00032501788
0.00032423297
0.00032346957
0.0003227189
0.00032197543
0.00032123551
0.00032049663
0.00031975712
0.00031901591
0.00031827239
0.00031752622
0.00031677726
0.00031602545
0.0003152708
0.00031451334
0.00031375313
0.0003129902
0.0003122246
0.00031145635
0.00031068548
0.00030991199
0.00030913589
0.00030835717
0.00030757583
0.00030679184
0.00030600521
0.0003052159
0.00030442389
0.00030362917
0.00030283169
0.00030203144
0.00030122838
0.00030042249
0.00029961373
0.00029880207
0.00029798748
0.00029716993
0.00029634939
0.00029552582
0.00029469918
0.00029386944
0.00029303656
0.00029220051
0.00029136125
0.00029051874
0.00028967293
0.0002888238
0.0002879713
0.00028711539
0.00028625603
0.00028539318
0.00028452679
0.00028365683
0.00028278324
0.00028190598
0.00028102501
0.00028014027
0.00027925172
0.00027835932
0.00027746302
0.00027656276
0.00027565849
0.00027475016
0.00027383773
0.00027292113
0.00027200031
0.00027107522
0.00027014581
0.000269212
0.00026827375
0.00026733099
0.00026638367
0.00026543173
0.0002644751
0.00026351372
0.00026254752
0.00026157643
0.0002606004
0.00025961935
0.00025863321
0.00025764191
0.00025664538
0.00025564355
0.00025463633
0.00025362365
0.00025260543
0.0002515816
0.00025055207
0.00024951675
0.00024847557
0.00024742844
0.00024637527
0.00024531597
0.00024425045
0.0002431786
0.00024210034
0.00024101558
0.0002399242
0.00023882611
0.0002377212
0.00023660936
0.00023549049
0.00023436447
0.00023323119
0.00023209055
0.0002309424
0.00022978665
0.00022862316
0.00022745182
0.00022627251
0.00022508511
0.0002238895
0.0002226856
0.00022147331
0.00022025262
0.00021902345
0.00021778586
0.0002165397
0.00021528376
0.00021401695
0.00021273946
0.00021145225
0.00021015221
0.00020884762
0.0003468795
0.0003462013
0.0003455205
0.00034483671
0.00034415095
0.00034346382
0.00034277511
0.00034208453
0.00034139338
0.00034070327
0.00034001211
0.00033931466
0.00033860824
0.00033791761
0.00033723806
0.00033655423
0.00033588111
0.00033515439
0.00033443083
0.00033375482
0.00033306532
0.00033237749
0.00033168809
0.00033098936
0.00033028777
0.00032955278
0.00032880163
0.00032810453
0.00032742316
0.00032666217
0.00032583356
0.00032501797
0.00032423307
0.00032346967
0.00032271899
0.00032197552
0.00032123559
0.00032049672
0.0003197572
0.000319016
0.00031827247
0.00031752631
0.00031677735
0.00031602554
0.00031527089
0.00031451343
0.00031375322
0.00031299029
0.00031222468
0.00031145644
0.00031068556
0.00030991207
0.00030913597
0.00030835725
0.00030757591
0.00030679193
0.00030600529
0.00030521598
0.00030442397
0.00030362925
0.00030283177
0.00030203152
0.00030122846
0.00030042256
0.0002996138
0.00029880214
0.00029798756
0.00029717001
0.00029634947
0.00029552589
0.00029469925
0.00029386951
0.00029303663
0.00029220058
0.00029136132
0.00029051881
0.00028967301
0.00028882387
0.00028797137
0.00028711546
0.0002862561
0.00028539325
0.00028452686
0.0002836569
0.00028278331
0.00028190605
0.00028102507
0.00028014034
0.00027925179
0.00027835939
0.00027746308
0.00027656282
0.00027565856
0.00027475023
0.00027383779
0.00027292119
0.00027200038
0.00027107529
0.00027014587
0.00026921206
0.00026827381
0.00026733105
0.00026638374
0.00026543179
0.00026447516
0.00026351378
0.00026254758
0.00026157649
0.00026060046
0.00025961941
0.00025863327
0.00025764197
0.00025664544
0.0002556436
0.00025463638
0.00025362371
0.00025260549
0.00025158165
0.00025055212
0.00024951681
0.00024847563
0.0002474285
0.00024637533
0.00024531602
0.0002442505
0.00024317865
0.0002421004
0.00024101563
0.00023992425
0.00023882616
0.00023772125
0.00023660941
0.00023549054
0.00023436452
0.00023323124
0.00023209059
0.00023094245
0.0002297867
0.00022862321
0.00022745187
0.00022627256
0.00022508515
0.00022388955
0.00022268564
0.00022147335
0.00022025267
0.0002190235
0.0002177859
0.00021653974
0.0002152838
0.00021401699
0.0002127395
0.00021145229
0.00021015225
0.00020884766
0.00034687961
0.00034620141
0.00034552061
0.00034483682
0.00034415106
0.00034346392
0.00034277522
0.00034208464
0.00034139348
0.00034070337
0.00034001222
0.00033931476
0.00033860834
0.00033791772
0.00033723817
0.00033655434
0.00033588121
0.0003351545
0.00033443093
0.00033375492
0.00033306541
0.00033237759
0.00033168819
0.00033098945
0.00033028787
0.00032955288
0.00032880172
0.00032810463
0.00032742326
0.00032666227
0.00032583366
0.00032501806
0.00032423316
0.00032346976
0.00032271909
0.00032197561
0.00032123569
0.00032049681
0.0003197573
0.00031901609
0.00031827256
0.0003175264
0.00031677744
0.00031602563
0.00031527097
0.00031451352
0.0003137533
0.00031299037
0.00031222477
0.00031145652
0.00031068565
0.00030991216
0.00030913605
0.00030835733
0.00030757599
0.00030679201
0.00030600537
0.00030521606
0.00030442406
0.00030362933
0.00030283185
0.0003020316
0.00030122854
0.00030042264
0.00029961388
0.00029880222
0.00029798764
0.00029717009
0.00029634954
0.00029552597
0.00029469933
0.00029386959
0.00029303671
0.00029220066
0.0002913614
0.00029051888
0.00028967308
0.00028882395
0.00028797145
0.00028711553
0.00028625617
0.00028539332
0.00028452693
0.00028365697
0.00028278338
0.00028190612
0.00028102514
0.00028014041
0.00027925186
0.00027835946
0.00027746315
0.00027656289
0.00027565862
0.0002747503
0.00027383786
0.00027292126
0.00027200044
0.00027107535
0.00027014593
0.00026921213
0.00026827387
0.00026733112
0.0002663838
0.00026543185
0.00026447522
0.00026351384
0.00026254764
0.00026157655
0.00026060052
0.00025961947
0.00025863333
0.00025764203
0.0002566455
0.00025564366
0.00025463644
0.00025362376
0.00025260555
0.00025158171
0.00025055218
0.00024951686
0.00024847568
0.00024742855
0.00024637538
0.00024531608
0.00024425055
0.00024317871
0.00024210045
0.00024101568
0.0002399243
0.00023882621
0.0002377213
0.00023660946
0.00023549059
0.00023436457
0.00023323129
0.00023209064
0.0002309425
0.00022978675
0.00022862326
0.00022745192
0.0002262726
0.0002250852
0.00022388959
0.00022268569
0.0002214734
0.00022025271
0.00021902354
0.00021778595
0.00021653978
0.00021528385
0.00021401703
0.00021273955
0.00021145233
0.0002101523
0.0002088477
0.00034687972
0.00034620153
0.00034552072
0.00034483693
0.00034415117
0.00034346403
0.00034277533
0.00034208475
0.00034139359
0.00034070348
0.00034001232
0.00033931487
0.00033860845
0.00033791782
0.00033723827
0.00033655444
0.00033588131
0.0003351546
0.00033443103
0.00033375502
0.00033306552
0.0003323777
0.00033168829
0.00033098955
0.00033028797
0.00032955298
0.00032880182
0.00032810473
0.00032742336
0.00032666237
0.00032583375
0.00032501816
0.00032423326
0.00032346986
0.00032271918
0.0003219757
0.00032123578
0.00032049691
0.00031975739
0.00031901618
0.00031827266
0.00031752649
0.00031677753
0.00031602572
0.00031527107
0.00031451361
0.00031375339
0.00031299046
0.00031222486
0.00031145661
0.00031068574
0.00030991224
0.00030913614
0.00030835742
0.00030757608
0.0003067921
0.00030600546
0.00030521615
0.00030442414
0.00030362941
0.00030283193
0.00030203168
0.00030122862
0.00030042273
0.00029961396
0.00029880231
0.00029798772
0.00029717017
0.00029634962
0.00029552605
0.00029469941
0.00029386967
0.00029303679
0.00029220074
0.00029136147
0.00029051896
0.00028967316
0.00028882402
0.00028797152
0.00028711561
0.00028625625
0.0002853934
0.00028452701
0.00028365704
0.00028278345
0.00028190619
0.00028102522
0.00028014048
0.00027925193
0.00027835953
0.00027746322
0.00027656296
0.00027565869
0.00027475037
0.00027383793
0.00027292133
0.00027200051
0.00027107542
0.000270146
0.00026921219
0.00026827394
0.00026733118
0.00026638386
0.00026543192
0.00026447529
0.0002635139
0.0002625477
0.00026157662
0.00026060058
0.00025961953
0.00025863339
0.00025764209
0.00025664556
0.00025564372
0.0002546365
0.00025362382
0.00025260561
0.00025158177
0.00025055224
0.00024951692
0.00024847574
0.00024742861
0.00024637544
0.00024531613
0.00024425061
0.00024317876
0.0002421005
0.00024101574
0.00023992436
0.00023882626
0.00023772135
0.00023660951
0.00023549064
0.00023436462
0.00023323134
0.00023209069
0.00023094255
0.0002297868
0.00022862331
0.00022745197
0.00022627265
0.00022508525
0.00022388964
0.00022268574
0.00022147345
0.00022025276
0.00021902359
0.00021778599
0.00021653983
0.00021528389
0.00021401708
0.00021273959
0.00021145237
0.00021015234
0.00020884774
0.00034620164
0.00034552083
0.00034483704
0.00034415128
0.00034346415
0.00034277544
0.00034208486
0.0003413937
0.00034070359
0.00034001243
0.00033931498
0.00033860856
0.00033791793
0.00033723838
0.00033655455
0.00033588142
0.00033515471
0.00033443114
0.00033375513
0.00033306562
0.0003323778
0.0003316884
0.00033098966
0.00033028807
0.00032955308
0.00032880193
0.00032810483
0.00032742346
0.00032666247
0.00032583385
0.00032501826
0.00032423336
0.00032346996
0.00032271928
0.0003219758
0.00032123588
0.000320497
0.00031975749
0.00031901628
0.00031827275
0.00031752659
0.00031677763
0.00031602581
0.00031527116
0.0003145137
0.00031375349
0.00031299056
0.00031222495
0.0003114567
0.00031068583
0.00030991233
0.00030913623
0.00030835751
0.00030757617
0.00030679218
0.00030600555
0.00030521624
0.00030442423
0.0003036295
0.00030283202
0.00030203177
0.00030122871
0.00030042281
0.00029961405
0.00029880239
0.0002979878
0.00029717025
0.00029634971
0.00029552613
0.00029469949
0.00029386975
0.00029303687
0.00029220082
0.00029136155
0.00029051904
0.00028967324
0.0002888241
0.0002879716
0.00028711569
0.00028625632
0.00028539347
0.00028452708
0.00028365712
0.00028278353
0.00028190627
0.00028102529
0.00028014055
0.000279252
0.0002783596
0.0002774633
0.00027656303
0.00027565876
0.00027475044
0.000273838
0.0002729214
0.00027200058
0.00027107549
0.00027014607
0.00026921226
0.00026827401
0.00026733125
0.00026638393
0.00026543199
0.00026447535
0.00026351397
0.00026254777
0.00026157668
0.00026060065
0.00025961959
0.00025863345
0.00025764215
0.00025664562
0.00025564378
0.00025463656
0.00025362388
0.00025260567
0.00025158183
0.0002505523
0.00024951698
0.0002484758
0.00024742867
0.0002463755
0.00024531619
0.00024425066
0.00024317882
0.00024210056
0.00024101579
0.00023992441
0.00023882632
0.0002377214
0.00023660957
0.00023549069
0.00023436467
0.0002332314
0.00023209075
0.0002309426
0.00022978685
0.00022862336
0.00022745202
0.0002262727
0.0002250853
0.00022388969
0.00022268579
0.0002214735
0.00022025281
0.00021902364
0.00021778604
0.00021653988
0.00021528394
0.00021401712
0.00021273964
0.00021145242
0.00021015239
0.00020884779
0.00034620176
0.00034552095
0.00034483716
0.0003441514
0.00034346426
0.00034277556
0.00034208498
0.00034139382
0.0003407037
0.00034001255
0.00033931509
0.00033860867
0.00033791804
0.00033723849
0.00033655466
0.00033588153
0.00033515482
0.00033443125
0.00033375524
0.00033306573
0.00033237791
0.00033168851
0.00033098977
0.00033028818
0.00032955319
0.00032880203
0.00032810494
0.00032742357
0.00032666257
0.00032583396
0.00032501837
0.00032423346
0.00032347006
0.00032271939
0.00032197591
0.00032123598
0.0003204971
0.00031975759
0.00031901638
0.00031827285
0.00031752669
0.00031677772
0.00031602591
0.00031527126
0.0003145138
0.00031375358
0.00031299065
0.00031222505
0.0003114568
0.00031068592
0.00030991243
0.00030913632
0.0003083576
0.00030757626
0.00030679228
0.00030600564
0.00030521633
0.00030442432
0.00030362959
0.00030283211
0.00030203186
0.0003012288
0.0003004229
0.00029961414
0.00029880248
0.00029798789
0.00029717034
0.00029634979
0.00029552622
0.00029469958
0.00029386983
0.00029303695
0.0002922009
0.00029136164
0.00029051912
0.00028967332
0.00028882418
0.00028797168
0.00028711577
0.0002862564
0.00028539355
0.00028452716
0.0002836572
0.00028278361
0.00028190634
0.00028102537
0.00028014063
0.00027925208
0.00027835968
0.00027746337
0.00027656311
0.00027565884
0.00027475051
0.00027383807
0.00027292147
0.00027200065
0.00027107556
0.00027014614
0.00026921233
0.00026827408
0.00026733132
0.000266384
0.00026543205
0.00026447542
0.00026351404
0.00026254783
0.00026157675
0.00026060071
0.00025961966
0.00025863352
0.00025764222
0.00025664569
0.00025564385
0.00025463663
0.00025362395
0.00025260573
0.00025158189
0.00025055236
0.00024951704
0.00024847586
0.00024742873
0.00024637556
0.00024531625
0.00024425072
0.00024317888
0.00024210062
0.00024101585
0.00023992447
0.00023882637
0.00023772146
0.00023660962
0.00023549075
0.00023436473
0.00023323145
0.0002320908
0.00023094266
0.0002297869
0.00022862341
0.00022745207
0.00022627276
0.00022508535
0.00022388974
0.00022268584
0.00022147355
0.00022025286
0.00021902368
0.00021778609
0.00021653992
0.00021528399
0.00021401717
0.00021273968
0.00021145247
0.00021015243
0.00020884783
0.00034552108
0.00034483728
0.00034415152
0.00034346438
0.00034277568
0.0003420851
0.00034139394
0.00034070382
0.00034001267
0.00033931521
0.00033860879
0.00033791816
0.00033723861
0.00033655477
0.00033588165
0.00033515493
0.00033443136
0.00033375535
0.00033306584
0.00033237802
0.00033168862
0.00033098988
0.00033028829
0.0003295533
0.00032880214
0.00032810505
0.00032742367
0.00032666268
0.00032583406
0.00032501847
0.00032423357
0.00032347017
0.00032271949
0.00032197601
0.00032123609
0.00032049721
0.00031975769
0.00031901648
0.00031827296
0.00031752679
0.00031677783
0.00031602601
0.00031527136
0.0003145139
0.00031375368
0.00031299075
0.00031222515
0.0003114569
0.00031068602
0.00030991253
0.00030913642
0.0003083577
0.00030757635
0.00030679237
0.00030600573
0.00030521642
0.00030442441
0.00030362968
0.0003028322
0.00030203195
0.00030122889
0.00030042299
0.00029961423
0.00029880257
0.00029798798
0.00029717043
0.00029634988
0.0002955263
0.00029469966
0.00029386992
0.00029303704
0.00029220099
0.00029136172
0.00029051921
0.0002896734
0.00028882427
0.00028797176
0.00028711585
0.00028625649
0.00028539363
0.00028452724
0.00028365728
0.00028278369
0.00028190642
0.00028102545
0.00028014071
0.00027925216
0.00027835976
0.00027746345
0.00027656318
0.00027565892
0.00027475059
0.00027383815
0.00027292155
0.00027200073
0.00027107564
0.00027014621
0.0002692124
0.00026827415
0.00026733139
0.00026638407
0.00026543213
0.00026447549
0.00026351411
0.0002625479
0.00026157682
0.00026060078
0.00025961973
0.00025863359
0.00025764229
0.00025664575
0.00025564392
0.00025463669
0.00025362401
0.00025260579
0.00025158196
0.00025055242
0.00024951711
0.00024847593
0.00024742879
0.00024637562
0.00024531631
0.00024425079
0.00024317894
0.00024210068
0.00024101591
0.00023992453
0.00023882643
0.00023772152
0.00023660968
0.00023549081
0.00023436479
0.00023323151
0.00023209086
0.00023094271
0.00022978696
0.00022862347
0.00022745213
0.00022627281
0.0002250854
0.00022388979
0.00022268589
0.0002214736
0.00022025291
0.00021902374
0.00021778614
0.00021653997
0.00021528403
0.00021401722
0.00021273973
0.00021145251
0.00021015248
0.00020884788
0.0003455212
0.00034483741
0.00034415165
0.00034346451
0.0003427758
0.00034208522
0.00034139406
0.00034070395
0.00034001279
0.00033931533
0.00033860891
0.00033791828
0.00033723873
0.00033655489
0.00033588177
0.00033515505
0.00033443148
0.00033375547
0.00033306596
0.00033237814
0.00033168873
0.00033098999
0.0003302884
0.00032955341
0.00032880226
0.00032810516
0.00032742379
0.00032666279
0.00032583417
0.00032501858
0.00032423368
0.00032347028
0.0003227196
0.00032197612
0.0003212362
0.00032049732
0.0003197578
0.00031901659
0.00031827306
0.00031752689
0.00031677793
0.00031602612
0.00031527146
0.000314514
0.00031375378
0.00031299085
0.00031222525
0.000311457
0.00031068612
0.00030991262
0.00030913652
0.0003083578
0.00030757645
0.00030679247
0.00030600583
0.00030521652
0.00030442451
0.00030362978
0.0003028323
0.00030203204
0.00030122898
0.00030042308
0.00029961432
0.00029880266
0.00029798807
0.00029717052
0.00029634997
0.00029552639
0.00029469975
0.00029387001
0.00029303713
0.00029220107
0.00029136181
0.00029051929
0.00028967349
0.00028882435
0.00028797185
0.00028711593
0.00028625657
0.00028539372
0.00028452733
0.00028365736
0.00028278377
0.00028190651
0.00028102553
0.00028014079
0.00027925224
0.00027835984
0.00027746353
0.00027656326
0.00027565899
0.00027475066
0.00027383823
0.00027292162
0.0002720008
0.00027107571
0.00027014629
0.00026921248
0.00026827423
0.00026733147
0.00026638415
0.0002654322
0.00026447556
0.00026351418
0.00026254797
0.00026157689
0.00026060085
0.0002596198
0.00025863366
0.00025764236
0.00025664582
0.00025564398
0.00025463676
0.00025362408
0.00025260586
0.00025158202
0.00025055249
0.00024951717
0.00024847599
0.00024742886
0.00024637568
0.00024531638
0.00024425085
0.000243179
0.00024210074
0.00024101597
0.00023992459
0.00023882649
0.00023772158
0.00023660974
0.00023549087
0.00023436485
0.00023323157
0.00023209091
0.00023094277
0.00022978701
0.00022862352
0.00022745218
0.00022627286
0.00022508546
0.00022388985
0.00022268594
0.00022147365
0.00022025296
0.00021902379
0.00021778619
0.00021654003
0.00021528409
0.00021401727
0.00021273978
0.00021145256
0.00021015253
0.00020884793
0.00034415178
0.00034346464
0.00034277593
0.00034208535
0.00034139419
0.00034070407
0.00034001292
0.00033931546
0.00033860903
0.0003379184
0.00033723885
0.00033655502
0.00033588189
0.00033515517
0.0003344316
0.00033375559
0.00033306608
0.00033237826
0.00033168885
0.00033099011
0.00033028852
0.00032955353
0.00032880238
0.00032810528
0.0003274239
0.0003266629
0.00032583429
0.0003250187
0.00032423379
0.00032347039
0.00032271971
0.00032197623
0.00032123631
0.00032049743
0.00031975791
0.0003190167
0.00031827317
0.000317527
0.00031677804
0.00031602622
0.00031527157
0.00031451411
0.00031375389
0.00031299096
0.00031222535
0.0003114571
0.00031068622
0.00030991273
0.00030913662
0.0003083579
0.00030757655
0.00030679257
0.00030600593
0.00030521662
0.00030442461
0.00030362987
0.0003028324
0.00030203214
0.00030122908
0.00030042318
0.00029961442
0.00029880275
0.00029798816
0.00029717061
0.00029635007
0.00029552649
0.00029469984
0.0002938701
0.00029303722
0.00029220116
0.0002913619
0.00029051938
0.00028967358
0.00028882444
0.00028797194
0.00028711602
0.00028625666
0.0002853938
0.00028452741
0.00028365745
0.00028278385
0.00028190659
0.00028102561
0.00028014087
0.00027925232
0.00027835992
0.00027746361
0.00027656335
0.00027565908
0.00027475075
0.00027383831
0.0002729217
0.00027200088
0.00027107579
0.00027014637
0.00026921256
0.0002682743
0.00026733154
0.00026638422
0.00026543227
0.00026447564
0.00026351425
0.00026254805
0.00026157696
0.00026060093
0.00025961987
0.00025863373
0.00025764243
0.00025664589
0.00025564405
0.00025463683
0.00025362415
0.00025260593
0.00025158209
0.00025055256
0.00024951724
0.00024847606
0.00024742892
0.00024637575
0.00024531644
0.00024425091
0.00024317907
0.00024210081
0.00024101603
0.00023992465
0.00023882656
0.00023772164
0.0002366098
0.00023549093
0.00023436491
0.00023323163
0.00023209097
0.00023094283
0.00022978707
0.00022862358
0.00022745224
0.00022627292
0.00022508551
0.0002238899
0.000222686
0.00022147371
0.00022025302
0.00021902384
0.00021778625
0.00021654008
0.00021528414
0.00021401732
0.00021273984
0.00021145262
0.00021015258
0.00020884798
0.00034346477
0.00034277606
0.00034208548
0.00034139432
0.0003407042
0.00034001305
0.00033931559
0.00033860916
0.00033791853
0.00033723898
0.00033655514
0.00033588201
0.0003351553
0.00033443173
0.00033375572
0.0003330662
0.00033237838
0.00033168897
0.00033099023
0.00033028864
0.00032955365
0.0003288025
0.0003281054
0.00032742402
0.00032666302
0.00032583441
0.00032501882
0.00032423391
0.00032347051
0.00032271983
0.00032197635
0.00032123642
0.00032049754
0.00031975802
0.00031901681
0.00031827328
0.00031752712
0.00031677815
0.00031602633
0.00031527168
0.00031451422
0.000313754
0.00031299107
0.00031222546
0.00031145721
0.00031068633
0.00030991283
0.00030913673
0.00030835801
0.00030757666
0.00030679267
0.00030600603
0.00030521672
0.00030442471
0.00030362998
0.0003028325
0.00030203224
0.00030122918
0.00030042328
0.00029961451
0.00029880285
0.00029798826
0.00029717071
0.00029635016
0.00029552658
0.00029469994
0.0002938702
0.00029303731
0.00029220126
0.00029136199
0.00029051948
0.00028967367
0.00028882453
0.00028797203
0.00028711611
0.00028625675
0.00028539389
0.0002845275
0.00028365754
0.00028278394
0.00028190668
0.0002810257
0.00028014096
0.00027925241
0.00027836
0.0002774637
0.00027656343
0.00027565916
0.00027475083
0.00027383839
0.00027292179
0.00027200097
0.00027107587
0.00027014645
0.00026921264
0.00026827438
0.00026733162
0.0002663843
0.00026543235
0.00026447572
0.00026351433
0.00026254813
0.00026157704
0.000260601
0.00025961995
0.0002586338
0.0002576425
0.00025664597
0.00025564413
0.0002546369
0.00025362422
0.000252606
0.00025158216
0.00025055263
0.00024951731
0.00024847613
0.00024742899
0.00024637582
0.00024531651
0.00024425098
0.00024317913
0.00024210087
0.0002410161
0.00023992472
0.00023882662
0.00023772171
0.00023660987
0.00023549099
0.00023436497
0.00023323169
0.00023209104
0.00023094289
0.00022978713
0.00022862364
0.0002274523
0.00022627298
0.00022508557
0.00022388996
0.00022268606
0.00022147376
0.00022025307
0.0002190239
0.0002177863
0.00021654013
0.00021528419
0.00021401738
0.00021273989
0.00021145267
0.00021015263
0.00020884803
0.0003427762
0.00034208562
0.00034139446
0.00034070434
0.00034001318
0.00033931572
0.0003386093
0.00033791866
0.00033723911
0.00033655527
0.00033588214
0.00033515543
0.00033443186
0.00033375585
0.00033306633
0.00033237851
0.0003316891
0.00033099036
0.00033028877
0.00032955378
0.00032880262
0.00032810552
0.00032742414
0.00032666314
0.00032583453
0.00032501894
0.00032423403
0.00032347063
0.00032271995
0.00032197647
0.00032123654
0.00032049766
0.00031975814
0.00031901693
0.0003182734
0.00031752723
0.00031677826
0.00031602645
0.00031527179
0.00031451433
0.00031375411
0.00031299118
0.00031222557
0.00031145732
0.00031068644
0.00030991294
0.00030913684
0.00030835811
0.00030757677
0.00030679278
0.00030600614
0.00030521683
0.00030442481
0.00030363008
0.0003028326
0.00030203234
0.00030122928
0.00030042338
0.00029961462
0.00029880295
0.00029798836
0.00029717081
0.00029635026
0.00029552668
0.00029470004
0.00029387029
0.00029303741
0.00029220136
0.00029136209
0.00029051957
0.00028967377
0.00028882463
0.00028797212
0.00028711621
0.00028625684
0.00028539399
0.0002845276
0.00028365763
0.00028278403
0.00028190677
0.00028102579
0.00028014105
0.0002792525
0.00027836009
0.00027746378
0.00027656352
0.00027565925
0.00027475091
0.00027383847
0.00027292187
0.00027200105
0.00027107596
0.00027014653
0.00026921272
0.00026827446
0.0002673317
0.00026638438
0.00026543243
0.0002644758
0.00026351441
0.0002625482
0.00026157712
0.00026060108
0.00025962002
0.00025863388
0.00025764258
0.00025664604
0.0002556442
0.00025463698
0.0002536243
0.00025260607
0.00025158224
0.0002505527
0.00024951738
0.0002484762
0.00024742906
0.00024637589
0.00024531658
0.00024425105
0.0002431792
0.00024210094
0.00024101617
0.00023992478
0.00023882669
0.00023772177
0.00023660993
0.00023549106
0.00023436503
0.00023323175
0.0002320911
0.00023094295
0.0002297872
0.0002286237
0.00022745236
0.00022627304
0.00022508563
0.00022389002
0.00022268612
0.00022147382
0.00022025313
0.00021902396
0.00021778636
0.00021654019
0.00021528425
0.00021401743
0.00021273994
0.00021145272
0.00021015269
0.00020884809
0.00034208576
0.0003413946
0.00034070448
0.00034001332
0.00033931586
0.00033860943
0.0003379188
0.00033723925
0.00033655541
0.00033588228
0.00033515556
0.00033443199
0.00033375598
0.00033306646
0.00033237864
0.00033168923
0.00033099049
0.0003302889
0.00032955391
0.00032880275
0.00032810565
0.00032742427
0.00032666327
0.00032583465
0.00032501906
0.00032423416
0.00032347075
0.00032272007
0.00032197659
0.00032123666
0.00032049778
0.00031975826
0.00031901705
0.00031827352
0.00031752735
0.00031677838
0.00031602657
0.00031527191
0.00031451445
0.00031375423
0.0003129913
0.00031222569
0.00031145743
0.00031068655
0.00030991306
0.00030913695
0.00030835823
0.00030757688
0.00030679289
0.00030600625
0.00030521694
0.00030442492
0.00030363019
0.00030283271
0.00030203245
0.00030122939
0.00030042349
0.00029961472
0.00029880306
0.00029798847
0.00029717091
0.00029635037
0.00029552679
0.00029470014
0.0002938704
0.00029303751
0.00029220146
0.00029136219
0.00029051967
0.00028967387
0.00028882473
0.00028797222
0.0002871163
0.00028625694
0.00028539408
0.00028452769
0.00028365772
0.00028278413
0.00028190686
0.00028102588
0.00028014114
0.00027925259
0.00027836018
0.00027746387
0.00027656361
0.00027565934
0.000274751
0.00027383856
0.00027292196
0.00027200114
0.00027107604
0.00027014662
0.00026921281
0.00026827455
0.00026733179
0.00026638447
0.00026543252
0.00026447588
0.00026351449
0.00026254829
0.0002615772
0.00026060116
0.0002596201
0.00025863396
0.00025764266
0.00025664612
0.00025564428
0.00025463706
0.00025362437
0.00025260615
0.00025158231
0.00025055277
0.00024951746
0.00024847627
0.00024742914
0.00024637596
0.00024531665
0.00024425112
0.00024317927
0.00024210101
0.00024101624
0.00023992485
0.00023882676
0.00023772184
0.00023661
0.00023549112
0.0002343651
0.00023323182
0.00023209117
0.00023094302
0.00022978726
0.00022862377
0.00022745242
0.0002262731
0.0002250857
0.00022389008
0.00022268618
0.00022147388
0.00022025319
0.00021902402
0.00021778642
0.00021654025
0.00021528431
0.00021401749
0.00021274
0.00021145278
0.00021015274
0.00020884814
0.00034139474
0.00034070462
0.00034001346
0.000339316
0.00033860958
0.00033791894
0.00033723939
0.00033655555
0.00033588242
0.0003351557
0.00033443213
0.00033375612
0.0003330666
0.00033237877
0.00033168937
0.00033099062
0.00033028903
0.00032955404
0.00032880289
0.00032810579
0.0003274244
0.0003266634
0.00032583478
0.00032501919
0.00032423429
0.00032347088
0.0003227202
0.00032197672
0.00032123679
0.00032049791
0.00031975839
0.00031901717
0.00031827364
0.00031752747
0.00031677851
0.00031602669
0.00031527203
0.00031451457
0.00031375435
0.00031299141
0.00031222581
0.00031145755
0.00031068667
0.00030991317
0.00030913707
0.00030835834
0.00030757699
0.00030679301
0.00030600637
0.00030521705
0.00030442504
0.0003036303
0.00030283282
0.00030203256
0.0003012295
0.0003004236
0.00029961483
0.00029880317
0.00029798858
0.00029717102
0.00029635047
0.00029552689
0.00029470025
0.0002938705
0.00029303762
0.00029220156
0.00029136229
0.00029051977
0.00028967397
0.00028882483
0.00028797232
0.0002871164
0.00028625704
0.00028539418
0.00028452779
0.00028365782
0.00028278422
0.00028190696
0.00028102598
0.00028014124
0.00027925268
0.00027836028
0.00027746397
0.0002765637
0.00027565943
0.0002747511
0.00027383865
0.00027292205
0.00027200123
0.00027107613
0.00027014671
0.00026921289
0.00026827464
0.00026733188
0.00026638455
0.0002654326
0.00026447596
0.00026351458
0.00026254837
0.00026157728
0.00026060124
0.00025962019
0.00025863404
0.00025764274
0.0002566462
0.00025564436
0.00025463714
0.00025362445
0.00025260623
0.00025158239
0.00025055285
0.00024951753
0.00024847635
0.00024742921
0.00024637604
0.00024531673
0.0002442512
0.00024317935
0.00024210108
0.00024101631
0.00023992493
0.00023882683
0.00023772191
0.00023661007
0.00023549119
0.00023436517
0.00023323189
0.00023209123
0.00023094309
0.00022978733
0.00022862384
0.00022745249
0.00022627317
0.00022508576
0.00022389015
0.00022268624
0.00022147395
0.00022025325
0.00021902408
0.00021778648
0.00021654031
0.00021528437
0.00021401755
0.00021274006
0.00021145284
0.0002101528
0.0002088482
0.00034139489
0.00034070477
0.00034001361
0.00033931615
0.00033860972
0.00033791909
0.00033723953
0.00033655569
0.00033588256
0.00033515585
0.00033443227
0.00033375626
0.00033306674
0.00033237891
0.00033168951
0.00033099076
0.00033028917
0.00032955418
0.00032880302
0.00032810592
0.00032742454
0.00032666354
0.00032583492
0.00032501933
0.00032423442
0.00032347101
0.00032272034
0.00032197685
0.00032123692
0.00032049804
0.00031975852
0.0003190173
0.00031827377
0.0003175276
0.00031677863
0.00031602681
0.00031527216
0.00031451469
0.00031375447
0.00031299154
0.00031222593
0.00031145767
0.00031068679
0.0003099133
0.00030913719
0.00030835846
0.00030757711
0.00030679313
0.00030600648
0.00030521717
0.00030442515
0.00030363042
0.00030283294
0.00030203268
0.00030122961
0.00030042371
0.00029961494
0.00029880328
0.00029798869
0.00029717113
0.00029635058
0.000295527
0.00029470036
0.00029387061
0.00029303772
0.00029220167
0.0002913624
0.00029051988
0.00028967407
0.00028882493
0.00028797243
0.00028711651
0.00028625714
0.00028539428
0.00028452789
0.00028365792
0.00028278432
0.00028190706
0.00028102608
0.00028014133
0.00027925278
0.00027836038
0.00027746406
0.0002765638
0.00027565952
0.00027475119
0.00027383875
0.00027292214
0.00027200132
0.00027107622
0.0002701468
0.00026921299
0.00026827473
0.00026733197
0.00026638464
0.00026543269
0.00026447605
0.00026351466
0.00026254846
0.00026157737
0.00026060133
0.00025962027
0.00025863413
0.00025764282
0.00025664629
0.00025564444
0.00025463722
0.00025362453
0.00025260631
0.00025158247
0.00025055293
0.00024951761
0.00024847643
0.00024742929
0.00024637611
0.0002453168
0.00024425127
0.00024317942
0.00024210116
0.00024101639
0.000239925
0.0002388269
0.00023772198
0.00023661014
0.00023549126
0.00023436524
0.00023323196
0.0002320913
0.00023094316
0.0002297874
0.0002286239
0.00022745256
0.00022627324
0.00022508583
0.00022389022
0.00022268631
0.00022147401
0.00022025332
0.00021902414
0.00021778654
0.00021654037
0.00021528443
0.00021401761
0.00021274012
0.0002114529
0.00021015286
0.00020884826
0.00034139504
0.00034070492
0.00034001376
0.0003393163
0.00033860987
0.00033791924
0.00033723968
0.00033655584
0.00033588271
0.00033515599
0.00033443242
0.0003337564
0.00033306689
0.00033237906
0.00033168965
0.00033099091
0.00033028931
0.00032955432
0.00032880317
0.00032810607
0.00032742468
0.00032666367
0.00032583506
0.00032501947
0.00032423456
0.00032347115
0.00032272047
0.00032197699
0.00032123706
0.00032049817
0.00031975865
0.00031901743
0.00031827391
0.00031752773
0.00031677876
0.00031602695
0.00031527229
0.00031451482
0.0003137546
0.00031299167
0.00031222606
0.0003114578
0.00031068692
0.00030991342
0.00030913731
0.00030835859
0.00030757724
0.00030679325
0.00030600661
0.00030521729
0.00030442527
0.00030363054
0.00030283306
0.0003020328
0.00030122973
0.00030042383
0.00029961506
0.0002988034
0.0002979888
0.00029717125
0.0002963507
0.00029552712
0.00029470047
0.00029387072
0.00029303784
0.00029220178
0.00029136251
0.00029051999
0.00028967418
0.00028882504
0.00028797253
0.00028711661
0.00028625725
0.00028539439
0.000284528
0.00028365802
0.00028278443
0.00028190716
0.00028102618
0.00028014144
0.00027925288
0.00027836048
0.00027746416
0.0002765639
0.00027565962
0.00027475129
0.00027383885
0.00027292224
0.00027200142
0.00027107632
0.00027014689
0.00026921308
0.00026827482
0.00026733206
0.00026638473
0.00026543278
0.00026447614
0.00026351475
0.00026254855
0.00026157746
0.00026060142
0.00025962036
0.00025863421
0.00025764291
0.00025664637
0.00025564453
0.0002546373
0.00025362462
0.00025260639
0.00025158255
0.00025055301
0.00024951769
0.00024847651
0.00024742937
0.00024637619
0.00024531688
0.00024425135
0.0002431795
0.00024210124
0.00024101646
0.00023992508
0.00023882698
0.00023772206
0.00023661022
0.00023549134
0.00023436531
0.00023323203
0.00023209138
0.00023094323
0.00022978747
0.00022862397
0.00022745263
0.00022627331
0.0002250859
0.00022389028
0.00022268638
0.00022147408
0.00022025338
0.00021902421
0.00021778661
0.00021654044
0.0002152845
0.00021401768
0.00021274019
0.00021145296
0.00021015292
0.00020884832
0.0003413952
0.00034070508
0.00034001392
0.00033931646
0.00033861003
0.00033791939
0.00033723984
0.000336556
0.00033588286
0.00033515615
0.00033443257
0.00033375656
0.00033306704
0.00033237921
0.0003316898
0.00033099106
0.00033028946
0.00032955447
0.00032880331
0.00032810621
0.00032742483
0.00032666382
0.0003258352
0.00032501961
0.0003242347
0.00032347129
0.00032272061
0.00032197713
0.0003212372
0.00032049831
0.00031975879
0.00031901757
0.00031827404
0.00031752787
0.0003167789
0.00031602708
0.00031527242
0.00031451496
0.00031375473
0.0003129918
0.00031222619
0.00031145793
0.00031068705
0.00030991355
0.00030913744
0.00030835871
0.00030757736
0.00030679337
0.00030600673
0.00030521741
0.0003044254
0.00030363066
0.00030283318
0.00030203292
0.00030122985
0.00030042395
0.00029961518
0.00029880352
0.00029798892
0.00029717137
0.00029635081
0.00029552723
0.00029470059
0.00029387084
0.00029303795
0.00029220189
0.00029136262
0.0002905201
0.00028967429
0.00028882515
0.00028797264
0.00028711673
0.00028625736
0.0002853945
0.0002845281
0.00028365813
0.00028278454
0.00028190727
0.00028102629
0.00028014154
0.00027925299
0.00027836058
0.00027746427
0.000276564
0.00027565972
0.00027475139
0.00027383895
0.00027292234
0.00027200152
0.00027107642
0.00027014699
0.00026921318
0.00026827492
0.00026733216
0.00026638483
0.00026543288
0.00026447624
0.00026351485
0.00026254864
0.00026157755
0.00026060151
0.00025962045
0.0002586343
0.000257643
0.00025664646
0.00025564462
0.00025463739
0.00025362471
0.00025260648
0.00025158264
0.0002505531
0.00024951778
0.00024847659
0.00024742946
0.00024637628
0.00024531697
0.00024425143
0.00024317958
0.00024210132
0.00024101654
0.00023992516
0.00023882706
0.00023772214
0.00023661029
0.00023549142
0.00023436539
0.00023323211
0.00023209145
0.0002309433
0.00022978754
0.00022862405
0.0002274527
0.00022627338
0.00022508597
0.00022389035
0.00022268645
0.00022147415
0.00022025345
0.00021902428
0.00021778668
0.00021654051
0.00021528456
0.00021401774
0.00021274025
0.00021145303
0.00021015299
0.00020884839
0.00034139537
0.00034070525
0.00034001408
0.00033931663
0.00033861019
0.00033791955
0.00033724
0.00033655616
0.00033588302
0.00033515631
0.00033443273
0.00033375671
0.0003330672
0.00033237937
0.00033168996
0.00033099121
0.00033028961
0.00032955462
0.00032880347
0.00032810636
0.00032742498
0.00032666397
0.00032583535
0.00032501976
0.00032423485
0.00032347144
0.00032272076
0.00032197727
0.00032123734
0.00032049846
0.00031975893
0.00031901771
0.00031827418
0.00031752801
0.00031677904
0.00031602722
0.00031527256
0.00031451509
0.00031375487
0.00031299194
0.00031222632
0.00031145807
0.00031068718
0.00030991368
0.00030913757
0.00030835885
0.00030757749
0.00030679351
0.00030600686
0.00030521754
0.00030442553
0.00030363079
0.00030283331
0.00030203305
0.00030122998
0.00030042408
0.00029961531
0.00029880364
0.00029798904
0.00029717149
0.00029635094
0.00029552735
0.00029470071
0.00029387096
0.00029303807
0.00029220201
0.00029136274
0.00029052022
0.00028967441
0.00028882527
0.00028797276
0.00028711684
0.00028625747
0.00028539461
0.00028452822
0.00028365824
0.00028278465
0.00028190738
0.0002810264
0.00028014165
0.0002792531
0.00027836069
0.00027746437
0.00027656411
0.00027565983
0.0002747515
0.00027383905
0.00027292244
0.00027200162
0.00027107652
0.00027014709
0.00026921328
0.00026827502
0.00026733226
0.00026638493
0.00026543298
0.00026447634
0.00026351495
0.00026254874
0.00026157765
0.0002606016
0.00025962054
0.0002586344
0.00025764309
0.00025664655
0.00025564471
0.00025463748
0.0002536248
0.00025260657
0.00025158273
0.00025055319
0.00024951787
0.00024847668
0.00024742954
0.00024637636
0.00024531705
0.00024425152
0.00024317967
0.0002421014
0.00024101663
0.00023992524
0.00023882714
0.00023772222
0.00023661037
0.00023549149
0.00023436547
0.00023323219
0.00023209153
0.00023094338
0.00022978762
0.00022862412
0.00022745278
0.00022627345
0.00022508604
0.00022389043
0.00022268652
0.00022147422
0.00022025353
0.00021902435
0.00021778675
0.00021654058
0.00021528463
0.00021401781
0.00021274032
0.00021145309
0.00021015305
0.00020884845
0.00034139554
0.00034070542
0.00034001425
0.00033931679
0.00033861036
0.00033791972
0.00033724016
0.00033655632
0.00033588319
0.00033515647
0.00033443289
0.00033375688
0.00033306736
0.00033237953
0.00033169012
0.00033099137
0.00033028977
0.00032955478
0.00032880362
0.00032810652
0.00032742513
0.00032666412
0.0003258355
0.00032501991
0.000324235
0.00032347159
0.00032272091
0.00032197742
0.00032123749
0.00032049861
0.00031975908
0.00031901786
0.00031827433
0.00031752816
0.00031677918
0.00031602736
0.0003152727
0.00031451524
0.00031375501
0.00031299208
0.00031222646
0.00031145821
0.00031068732
0.00030991382
0.00030913771
0.00030835898
0.00030757763
0.00030679364
0.000306007
0.00030521768
0.00030442566
0.00030363092
0.00030283344
0.00030203318
0.00030123011
0.0003004242
0.00029961543
0.00029880377
0.00029798917
0.00029717161
0.00029635106
0.00029552748
0.00029470083
0.00029387108
0.00029303819
0.00029220213
0.00029136286
0.00029052034
0.00028967453
0.00028882539
0.00028797288
0.00028711696
0.00028625759
0.00028539473
0.00028452833
0.00028365836
0.00028278476
0.00028190749
0.00028102651
0.00028014176
0.00027925321
0.0002783608
0.00027746448
0.00027656421
0.00027565994
0.0002747516
0.00027383916
0.00027292255
0.00027200173
0.00027107663
0.0002701472
0.00026921338
0.00026827512
0.00026733236
0.00026638503
0.00026543308
0.00026447644
0.00026351505
0.00026254884
0.00026157774
0.0002606017
0.00025962064
0.00025863449
0.00025764319
0.00025664665
0.0002556448
0.00025463758
0.00025362489
0.00025260666
0.00025158282
0.00025055328
0.00024951796
0.00024847677
0.00024742963
0.00024637645
0.00024531714
0.00024425161
0.00024317975
0.00024210149
0.00024101671
0.00023992532
0.00023882722
0.0002377223
0.00023661046
0.00023549158
0.00023436555
0.00023323227
0.00023209161
0.00023094346
0.0002297877
0.0002286242
0.00022745285
0.00022627353
0.00022508612
0.0002238905
0.00022268659
0.0002214743
0.0002202536
0.00021902442
0.00021778682
0.00021654065
0.0002152847
0.00021401788
0.00021274039
0.00021145316
0.00021015312
0.00020884852
0.00034070559
0.00034001443
0.00033931697
0.00033861054
0.00033791989
0.00033724034
0.00033655649
0.00033588336
0.00033515664
0.00033443306
0.00033375704
0.00033306752
0.00033237969
0.00033169028
0.00033099153
0.00033028994
0.00032955494
0.00032880379
0.00032810668
0.00032742529
0.00032666428
0.00032583566
0.00032502007
0.00032423516
0.00032347175
0.00032272107
0.00032197758
0.00032123765
0.00032049876
0.00031975923
0.00031901801
0.00031827448
0.00031752831
0.00031677933
0.00031602751
0.00031527285
0.00031451538
0.00031375516
0.00031299222
0.00031222661
0.00031145835
0.00031068747
0.00030991397
0.00030913785
0.00030835912
0.00030757777
0.00030679378
0.00030600713
0.00030521781
0.0003044258
0.00030363106
0.00030283357
0.00030203331
0.00030123024
0.00030042434
0.00029961557
0.0002988039
0.0002979893
0.00029717175
0.00029635119
0.00029552761
0.00029470096
0.00029387121
0.00029303832
0.00029220226
0.00029136299
0.00029052047
0.00028967465
0.00028882551
0.000287973
0.00028711708
0.00028625771
0.00028539485
0.00028452845
0.00028365848
0.00028278488
0.00028190761
0.00028102663
0.00028014188
0.00027925332
0.00027836091
0.0002774646
0.00027656433
0.00027566005
0.00027475172
0.00027383927
0.00027292266
0.00027200184
0.00027107674
0.00027014731
0.00026921349
0.00026827523
0.00026733247
0.00026638514
0.00026543318
0.00026447654
0.00026351515
0.00026254894
0.00026157785
0.0002606018
0.00025962074
0.00025863459
0.00025764329
0.00025664675
0.0002556449
0.00025463767
0.00025362499
0.00025260676
0.00025158292
0.00025055337
0.00024951805
0.00024847686
0.00024742972
0.00024637654
0.00024531723
0.0002442517
0.00024317984
0.00024210158
0.0002410168
0.00023992541
0.00023882731
0.00023772239
0.00023661054
0.00023549166
0.00023436564
0.00023323235
0.00023209169
0.00023094354
0.00022978778
0.00022862428
0.00022745293
0.00022627361
0.0002250862
0.00022389058
0.00022268667
0.00022147437
0.00022025368
0.0002190245
0.00021778689
0.00021654072
0.00021528478
0.00021401796
0.00021274046
0.00021145323
0.00021015319
0.00020884859
0.00034070577
0.00034001461
0.00033931715
0.00033861071
0.00033792007
0.00033724051
0.00033655667
0.00033588353
0.00033515681
0.00033443324
0.00033375722
0.0003330677
0.00033237986
0.00033169045
0.0003309917
0.00033029011
0.00032955511
0.00032880396
0.00032810685
0.00032742546
0.00032666445
0.00032583582
0.00032502023
0.00032423532
0.00032347191
0.00032272123
0.00032197774
0.00032123781
0.00032049892
0.00031975939
0.00031901817
0.00031827464
0.00031752846
0.00031677949
0.00031602767
0.000315273
0.00031451554
0.00031375531
0.00031299237
0.00031222676
0.0003114585
0.00031068761
0.00030991411
0.000309138
0.00030835927
0.00030757792
0.00030679393
0.00030600728
0.00030521796
0.00030442594
0.0003036312
0.00030283371
0.00030203345
0.00030123038
0.00030042448
0.00029961571
0.00029880404
0.00029798944
0.00029717188
0.00029635133
0.00029552774
0.00029470109
0.00029387134
0.00029303845
0.00029220239
0.00029136312
0.0002905206
0.00028967478
0.00028882564
0.00028797313
0.00028711721
0.00028625784
0.00028539497
0.00028452858
0.0002836586
0.000282785
0.00028190773
0.00028102675
0.000280142
0.00027925344
0.00027836103
0.00027746472
0.00027656445
0.00027566017
0.00027475183
0.00027383939
0.00027292278
0.00027200195
0.00027107685
0.00027014742
0.0002692136
0.00026827534
0.00026733258
0.00026638525
0.00026543329
0.00026447665
0.00026351526
0.00026254905
0.00026157795
0.00026060191
0.00025962085
0.0002586347
0.00025764339
0.00025664685
0.000255645
0.00025463777
0.00025362509
0.00025260686
0.00025158302
0.00025055347
0.00024951815
0.00024847696
0.00024742982
0.00024637664
0.00024531733
0.00024425179
0.00024317994
0.00024210167
0.00024101689
0.0002399255
0.0002388274
0.00023772248
0.00023661063
0.00023549175
0.00023436572
0.00023323244
0.00023209178
0.00023094363
0.00022978786
0.00022862437
0.00022745302
0.00022627369
0.00022508628
0.00022389066
0.00022268675
0.00022147445
0.00022025375
0.00021902458
0.00021778697
0.0002165408
0.00021528485
0.00021401803
0.00021274054
0.00021145331
0.00021015327
0.00020884866
0.0003386109
0.00033792026
0.0003372407
0.00033655685
0.00033588372
0.000335157
0.00033443342
0.0003337574
0.00033306787
0.00033238004
0.00033169063
0.00033099188
0.00033029028
0.00032955528
0.00032880413
0.00032810703
0.00032742563
0.00032666462
0.00032583599
0.0003250204
0.00032423549
0.00032347208
0.0003227214
0.00032197791
0.00032123797
0.00032049908
0.00031975956
0.00031901833
0.0003182748
0.00031752862
0.00031677965
0.00031602783
0.00031527316
0.0003145157
0.00031375547
0.00031299253
0.00031222692
0.00031145865
0.00031068777
0.00030991427
0.00030913815
0.00030835942
0.00030757807
0.00030679407
0.00030600743
0.00030521811
0.00030442609
0.00030363135
0.00030283386
0.0003020336
0.00030123053
0.00030042462
0.00029961585
0.00029880418
0.00029798958
0.00029717202
0.00029635147
0.00029552788
0.00029470123
0.00029387148
0.00029303859
0.00029220253
0.00029136325
0.00029052073
0.00028967492
0.00028882577
0.00028797326
0.00028711734
0.00028625797
0.0002853951
0.00028452871
0.00028365873
0.00028278513
0.00028190786
0.00028102687
0.00028014212
0.00027925357
0.00027836116
0.00027746484
0.00027656457
0.00027566029
0.00027475195
0.0002738395
0.00027292289
0.00027200207
0.00027107697
0.00027014754
0.00026921372
0.00026827545
0.00026733269
0.00026638536
0.0002654334
0.00026447676
0.00026351537
0.00026254916
0.00026157806
0.00026060202
0.00025962096
0.00025863481
0.0002576435
0.00025664696
0.00025564511
0.00025463788
0.00025362519
0.00025260696
0.00025158312
0.00025055357
0.00024951825
0.00024847706
0.00024742992
0.00024637674
0.00024531742
0.00024425189
0.00024318003
0.00024210176
0.00024101699
0.0002399256
0.00023882749
0.00023772257
0.00023661072
0.00023549184
0.00023436581
0.00023323253
0.00023209187
0.00023094371
0.00022978795
0.00022862445
0.0002274531
0.00022627378
0.00022508636
0.00022389075
0.00022268683
0.00022147453
0.00022025384
0.00021902466
0.00021778705
0.00021654088
0.00021528493
0.00021401811
0.00021274061
0.00021145339
0.00021015334
0.00020884874
0.00033861109
0.00033792045
0.00033724089
0.00033655704
0.0003358839
0.00033515718
0.0003344336
0.00033375758
0.00033306806
0.00033238023
0.00033169081
0.00033099206
0.00033029046
0.00032955547
0.00032880431
0.00032810721
0.00032742581
0.00032666479
0.00032583617
0.00032502058
0.00032423567
0.00032347226
0.00032272157
0.00032197808
0.00032123814
0.00032049925
0.00031975973
0.0003190185
0.00031827497
0.00031752879
0.00031677982
0.00031602799
0.00031527333
0.00031451586
0.00031375563
0.00031299269
0.00031222708
0.00031145881
0.00031068793
0.00030991442
0.00030913831
0.00030835958
0.00030757822
0.00030679423
0.00030600758
0.00030521826
0.00030442624
0.0003036315
0.00030283401
0.00030203375
0.00030123068
0.00030042477
0.000299616
0.00029880433
0.00029798973
0.00029717217
0.00029635161
0.00029552802
0.00029470137
0.00029387162
0.00029303873
0.00029220267
0.00029136339
0.00029052087
0.00028967505
0.00028882591
0.0002879734
0.00028711747
0.0002862581
0.00028539524
0.00028452884
0.00028365886
0.00028278526
0.00028190799
0.000281027
0.00028014225
0.0002792537
0.00027836128
0.00027746497
0.00027656469
0.00027566041
0.00027475208
0.00027383963
0.00027292302
0.00027200219
0.00027107709
0.00027014766
0.00026921384
0.00026827557
0.00026733281
0.00026638548
0.00026543352
0.00026447688
0.00026351548
0.00026254927
0.00026157818
0.00026060213
0.00025962107
0.00025863492
0.00025764361
0.00025664707
0.00025564522
0.00025463799
0.0002536253
0.00025260707
0.00025158322
0.00025055368
0.00024951835
0.00024847716
0.00024743002
0.00024637684
0.00024531752
0.00024425199
0.00024318013
0.00024210186
0.00024101708
0.00023992569
0.00023882759
0.00023772267
0.00023661082
0.00023549194
0.00023436591
0.00023323262
0.00023209196
0.00023094381
0.00022978804
0.00022862454
0.00022745319
0.00022627387
0.00022508645
0.00022389083
0.00022268692
0.00022147462
0.00022025392
0.00021902474
0.00021778714
0.00021654096
0.00021528501
0.00021401819
0.00021274069
0.00021145347
0.00021015342
0.00020884882
0.00033861129
0.00033792064
0.00033724108
0.00033655724
0.0003358841
0.00033515738
0.0003344338
0.00033375777
0.00033306825
0.00033238042
0.000331691
0.00033099225
0.00033029065
0.00032955565
0.0003288045
0.00032810739
0.000327426
0.00032666498
0.00032583635
0.00032502076
0.00032423585
0.00032347244
0.00032272175
0.00032197826
0.00032123832
0.00032049943
0.0003197599
0.00031901868
0.00031827514
0.00031752896
0.00031677999
0.00031602816
0.0003152735
0.00031451603
0.0003137558
0.00031299286
0.00031222724
0.00031145898
0.00031068809
0.00030991459
0.00030913847
0.00030835974
0.00030757838
0.00030679439
0.00030600774
0.00030521842
0.0003044264
0.00030363166
0.00030283417
0.0003020339
0.00030123083
0.00030042492
0.00029961615
0.00029880448
0.00029798988
0.00029717232
0.00029635176
0.00029552817
0.00029470152
0.00029387177
0.00029303888
0.00029220281
0.00029136354
0.00029052101
0.0002896752
0.00028882605
0.00028797354
0.00028711761
0.00028625824
0.00028539537
0.00028452898
0.000283659
0.0002827854
0.00028190812
0.00028102714
0.00028014239
0.00027925383
0.00027836141
0.0002774651
0.00027656482
0.00027566054
0.0002747522
0.00027383976
0.00027292314
0.00027200231
0.00027107721
0.00027014778
0.00026921396
0.0002682757
0.00026733293
0.0002663856
0.00026543364
0.000264477
0.0002635156
0.00026254939
0.00026157829
0.00026060225
0.00025962118
0.00025863503
0.00025764372
0.00025664718
0.00025564533
0.0002546381
0.00025362541
0.00025260718
0.00025158333
0.00025055379
0.00024951846
0.00024847727
0.00024743013
0.00024637694
0.00024531763
0.00024425209
0.00024318023
0.00024210196
0.00024101718
0.00023992579
0.00023882769
0.00023772277
0.00023661092
0.00023549203
0.000234366
0.00023323272
0.00023209205
0.0002309439
0.00022978813
0.00022862464
0.00022745328
0.00022627396
0.00022508654
0.00022389092
0.00022268701
0.00022147471
0.00022025401
0.00021902483
0.00021778722
0.00021654105
0.0002152851
0.00021401827
0.00021274078
0.00021145355
0.0002101535
0.0002088489
0.00033861149
0.00033792085
0.00033724129
0.00033655744
0.0003358843
0.00033515758
0.000334434
0.00033375797
0.00033306845
0.00033238061
0.0003316912
0.00033099245
0.00033029084
0.00032955584
0.00032880469
0.00032810758
0.00032742619
0.00032666516
0.00032583654
0.00032502094
0.00032423604
0.00032347262
0.00032272194
0.00032197844
0.0003212385
0.00032049961
0.00031976008
0.00031901886
0.00031827532
0.00031752914
0.00031678017
0.00031602834
0.00031527367
0.0003145162
0.00031375597
0.00031299303
0.00031222741
0.00031145915
0.00031068826
0.00030991476
0.00030913864
0.00030835991
0.00030757855
0.00030679456
0.00030600791
0.00030521858
0.00030442656
0.00030363182
0.00030283433
0.00030203406
0.00030123099
0.00030042508
0.00029961631
0.00029880463
0.00029799003
0.00029717247
0.00029635191
0.00029552833
0.00029470167
0.00029387192
0.00029303903
0.00029220296
0.00029136369
0.00029052116
0.00028967534
0.0002888262
0.00028797368
0.00028711776
0.00028625838
0.00028539552
0.00028452912
0.00028365914
0.00028278554
0.00028190826
0.00028102728
0.00028014252
0.00027925396
0.00027836155
0.00027746523
0.00027656496
0.00027566068
0.00027475234
0.00027383989
0.00027292327
0.00027200244
0.00027107734
0.00027014791
0.00026921409
0.00026827582
0.00026733305
0.00026638572
0.00026543377
0.00026447712
0.00026351572
0.00026254951
0.00026157841
0.00026060237
0.0002596213
0.00025863515
0.00025764384
0.0002566473
0.00025564545
0.00025463821
0.00025362552
0.00025260729
0.00025158344
0.0002505539
0.00024951857
0.00024847738
0.00024743024
0.00024637705
0.00024531774
0.0002442522
0.00024318034
0.00024210207
0.00024101729
0.0002399259
0.00023882779
0.00023772287
0.00023661102
0.00023549213
0.0002343661
0.00023323281
0.00023209215
0.000230944
0.00022978823
0.00022862473
0.00022745338
0.00022627405
0.00022508664
0.00022389102
0.0002226871
0.0002214748
0.0002202541
0.00021902492
0.00021778731
0.00021654113
0.00021528518
0.00021401836
0.00021274086
0.00021145363
0.00021015359
0.00020884898
0.0003386117
0.00033792106
0.0003372415
0.00033655765
0.00033588451
0.00033515779
0.0003344342
0.00033375818
0.00033306865
0.00033238082
0.0003316914
0.00033099265
0.00033029104
0.00032955604
0.00032880489
0.00032810778
0.00032742639
0.00032666536
0.00032583673
0.00032502114
0.00032423623
0.00032347282
0.00032272213
0.00032197863
0.00032123869
0.0003204998
0.00031976027
0.00031901904
0.00031827551
0.00031752933
0.00031678035
0.00031602852
0.00031527385
0.00031451638
0.00031375615
0.00031299321
0.00031222759
0.00031145933
0.00031068844
0.00030991493
0.00030913881
0.00030836008
0.00030757872
0.00030679473
0.00030600808
0.00030521875
0.00030442673
0.00030363199
0.0003028345
0.00030203423
0.00030123115
0.00030042524
0.00029961647
0.0002988048
0.0002979902
0.00029717263
0.00029635207
0.00029552848
0.00029470183
0.00029387207
0.00029303918
0.00029220312
0.00029136384
0.00029052131
0.0002896755
0.00028882635
0.00028797383
0.00028711791
0.00028625853
0.00028539567
0.00028452927
0.00028365929
0.00028278568
0.00028190841
0.00028102742
0.00028014267
0.00027925411
0.00027836169
0.00027746537
0.0002765651
0.00027566081
0.00027475247
0.00027384002
0.00027292341
0.00027200258
0.00027107748
0.00027014804
0.00026921422
0.00026827595
0.00026733319
0.00026638585
0.00026543389
0.00026447725
0.00026351585
0.00026254964
0.00026157854
0.00026060249
0.00025962143
0.00025863527
0.00025764396
0.00025664742
0.00025564557
0.00025463833
0.00025362564
0.00025260741
0.00025158356
0.00025055401
0.00024951869
0.00024847749
0.00024743035
0.00024637716
0.00024531785
0.00024425231
0.00024318045
0.00024210218
0.0002410174
0.000239926
0.0002388279
0.00023772297
0.00023661112
0.00023549224
0.00023436621
0.00023323292
0.00023209225
0.0002309441
0.00022978833
0.00022862483
0.00022745348
0.00022627415
0.00022508673
0.00022389111
0.0002226872
0.00022147489
0.00022025419
0.00021902501
0.0002177874
0.00021654123
0.00021528527
0.00021401845
0.00021274095
0.00021145372
0.00021015368
0.00020884907
0.00033861192
0.00033792128
0.00033724171
0.00033655786
0.00033588472
0.000335158
0.00033443442
0.00033375839
0.00033306886
0.00033238103
0.00033169161
0.00033099286
0.00033029125
0.00032955625
0.0003288051
0.00032810799
0.00032742659
0.00032666556
0.00032583693
0.00032502134
0.00032423643
0.00032347302
0.00032272233
0.00032197883
0.00032123889
0.0003205
0.00031976046
0.00031901924
0.0003182757
0.00031752952
0.00031678054
0.00031602871
0.00031527404
0.00031451657
0.00031375634
0.0003129934
0.00031222778
0.00031145951
0.00031068862
0.00030991511
0.000309139
0.00030836026
0.0003075789
0.0003067949
0.00030600825
0.00030521893
0.0003044269
0.00030363216
0.00030283467
0.0003020344
0.00030123133
0.00030042541
0.00029961664
0.00029880496
0.00029799036
0.0002971728
0.00029635224
0.00029552865
0.00029470199
0.00029387224
0.00029303934
0.00029220328
0.000291364
0.00029052147
0.00028967565
0.00028882651
0.00028797399
0.00028711806
0.00028625869
0.00028539582
0.00028452942
0.00028365944
0.00028278583
0.00028190856
0.00028102757
0.00028014281
0.00027925425
0.00027836184
0.00027746552
0.00027656524
0.00027566096
0.00027475262
0.00027384017
0.00027292355
0.00027200272
0.00027107761
0.00027014818
0.00026921436
0.00026827609
0.00026733332
0.00026638599
0.00026543403
0.00026447738
0.00026351598
0.00026254977
0.00026157867
0.00026060262
0.00025962155
0.0002586354
0.00025764409
0.00025664754
0.00025564569
0.00025463846
0.00025362576
0.00025260753
0.00025158368
0.00025055413
0.00024951881
0.00024847761
0.00024743047
0.00024637728
0.00024531796
0.00024425242
0.00024318056
0.00024210229
0.00024101751
0.00023992612
0.00023882801
0.00023772308
0.00023661123
0.00023549235
0.00023436631
0.00023323302
0.00023209236
0.0002309442
0.00022978844
0.00022862493
0.00022745358
0.00022627425
0.00022508683
0.00022389121
0.0002226873
0.00022147499
0.00022025429
0.00021902511
0.0002177875
0.00021654132
0.00021528537
0.00021401854
0.00021274104
0.00021145381
0.00021015377
0.00020884916
0.00033861215
0.0003379215
0.00033724194
0.00033655809
0.00033588495
0.00033515822
0.00033443464
0.00033375861
0.00033306908
0.00033238124
0.00033169183
0.00033099307
0.00033029147
0.00032955647
0.00032880531
0.0003281082
0.0003274268
0.00032666577
0.00032583714
0.00032502155
0.00032423664
0.00032347322
0.00032272253
0.00032197903
0.00032123909
0.0003205002
0.00031976067
0.00031901944
0.0003182759
0.00031752972
0.00031678074
0.00031602891
0.00031527424
0.00031451676
0.00031375653
0.00031299359
0.00031222797
0.0003114597
0.00031068881
0.0003099153
0.00030913918
0.00030836045
0.00030757909
0.00030679509
0.00030600844
0.00030521911
0.00030442708
0.00030363234
0.00030283485
0.00030203458
0.0003012315
0.00030042559
0.00029961681
0.00029880514
0.00029799054
0.00029717297
0.00029635241
0.00029552882
0.00029470216
0.00029387241
0.00029303951
0.00029220344
0.00029136416
0.00029052164
0.00028967582
0.00028882667
0.00028797415
0.00028711822
0.00028625885
0.00028539598
0.00028452957
0.00028365959
0.00028278599
0.00028190871
0.00028102772
0.00028014297
0.00027925441
0.00027836199
0.00027746567
0.00027656539
0.00027566111
0.00027475276
0.00027384031
0.0002729237
0.00027200286
0.00027107776
0.00027014832
0.0002692145
0.00026827623
0.00026733346
0.00026638613
0.00026543416
0.00026447752
0.00026351612
0.0002625499
0.0002615788
0.00026060275
0.00025962169
0.00025863553
0.00025764422
0.00025664767
0.00025564582
0.00025463858
0.00025362589
0.00025260766
0.00025158381
0.00025055426
0.00024951893
0.00024847773
0.00024743059
0.0002463774
0.00024531808
0.00024425254
0.00024318068
0.00024210241
0.00024101763
0.00023992623
0.00023882812
0.0002377232
0.00023661134
0.00023549246
0.00023436642
0.00023323313
0.00023209247
0.00023094431
0.00022978854
0.00022862504
0.00022745368
0.00022627436
0.00022508694
0.00022389131
0.0002226874
0.00022147509
0.00022025439
0.0002190252
0.0002177876
0.00021654142
0.00021528547
0.00021401864
0.00021274114
0.00021145391
0.00021015386
0.00020884925
0.00033861239
0.00033792174
0.00033724217
0.00033655832
0.00033588518
0.00033515845
0.00033443487
0.00033375884
0.00033306931
0.00033238147
0.00033169205
0.0003309933
0.00033029169
0.00032955669
0.00032880553
0.00032810843
0.00032742702
0.00032666599
0.00032583736
0.00032502176
0.00032423685
0.00032347344
0.00032272275
0.00032197925
0.00032123931
0.00032050041
0.00031976087
0.00031901964
0.0003182761
0.00031752992
0.00031678094
0.00031602911
0.00031527444
0.00031451696
0.00031375673
0.00031299379
0.00031222816
0.0003114599
0.000310689
0.0003099155
0.00030913938
0.00030836064
0.00030757928
0.00030679528
0.00030600863
0.0003052193
0.00030442727
0.00030363253
0.00030283503
0.00030203476
0.00030123168
0.00030042577
0.00029961699
0.00029880532
0.00029799071
0.00029717315
0.00029635259
0.000295529
0.00029470234
0.00029387258
0.00029303968
0.00029220361
0.00029136434
0.00029052181
0.00028967599
0.00028882684
0.00028797432
0.00028711839
0.00028625901
0.00028539614
0.00028452974
0.00028365976
0.00028278615
0.00028190887
0.00028102788
0.00028014313
0.00027925456
0.00027836214
0.00027746582
0.00027656554
0.00027566126
0.00027475292
0.00027384046
0.00027292385
0.00027200301
0.00027107791
0.00027014847
0.00026921465
0.00026827638
0.0002673336
0.00026638627
0.00026543431
0.00026447766
0.00026351626
0.00026255004
0.00026157894
0.00026060289
0.00025962182
0.00025863567
0.00025764435
0.00025664781
0.00025564595
0.00025463872
0.00025362602
0.00025260779
0.00025158394
0.00025055439
0.00024951906
0.00024847786
0.00024743071
0.00024637753
0.00024531821
0.00024425266
0.0002431808
0.00024210253
0.00024101775
0.00023992635
0.00023882824
0.00023772331
0.00023661146
0.00023549257
0.00023436654
0.00023323325
0.00023209258
0.00023094442
0.00022978865
0.00022862515
0.00022745379
0.00022627446
0.00022508704
0.00022389142
0.0002226875
0.0002214752
0.00022025449
0.00021902531
0.0002177877
0.00021654152
0.00021528557
0.00021401874
0.00021274124
0.000211454
0.00021015396
0.00020884935
0.00033861263
0.00033792198
0.00033724241
0.00033655856
0.00033588542
0.00033515869
0.00033443511
0.00033375908
0.00033306955
0.0003323817
0.00033169229
0.00033099353
0.00033029192
0.00032955692
0.00032880576
0.00032810865
0.00032742725
0.00032666621
0.00032583758
0.00032502198
0.00032423707
0.00032347366
0.00032272297
0.00032197947
0.00032123952
0.00032050063
0.00031976109
0.00031901986
0.00031827632
0.00031753013
0.00031678115
0.00031602932
0.00031527465
0.00031451717
0.00031375694
0.00031299399
0.00031222837
0.0003114601
0.00031068921
0.0003099157
0.00030913958
0.00030836084
0.00030757948
0.00030679548
0.00030600882
0.00030521949
0.00030442747
0.00030363272
0.00030283522
0.00030203495
0.00030123187
0.00030042596
0.00029961718
0.0002988055
0.0002979909
0.00029717333
0.00029635277
0.00029552918
0.00029470252
0.00029387276
0.00029303986
0.00029220379
0.00029136451
0.00029052198
0.00028967616
0.00028882701
0.00028797449
0.00028711856
0.00028625918
0.00028539631
0.00028452991
0.00028365992
0.00028278632
0.00028190904
0.00028102804
0.00028014329
0.00027925473
0.00027836231
0.00027746598
0.0002765657
0.00027566142
0.00027475307
0.00027384062
0.000272924
0.00027200317
0.00027107806
0.00027014862
0.0002692148
0.00026827653
0.00026733375
0.00026638642
0.00026543446
0.00026447781
0.0002635164
0.00026255019
0.00026157908
0.00026060303
0.00025962196
0.00025863581
0.00025764449
0.00025664794
0.00025564609
0.00025463885
0.00025362616
0.00025260792
0.00025158407
0.00025055452
0.00024951919
0.00024847799
0.00024743084
0.00024637766
0.00024531834
0.00024425279
0.00024318093
0.00024210266
0.00024101787
0.00023992647
0.00023882836
0.00023772344
0.00023661158
0.00023549269
0.00023436666
0.00023323336
0.0002320927
0.00023094454
0.00022978877
0.00022862526
0.00022745391
0.00022627458
0.00022508715
0.00022389153
0.00022268761
0.00022147531
0.0002202546
0.00021902541
0.0002177878
0.00021654162
0.00021528567
0.00021401884
0.00021274134
0.0002114541
0.00021015406
0.00020884945
0.00033861288
0.00033792223
0.00033724266
0.00033655881
0.00033588567
0.00033515894
0.00033443535
0.00033375932
0.00033306979
0.00033238195
0.00033169253
0.00033099377
0.00033029216
0.00032955715
0.000328806
0.00032810889
0.00032742749
0.00032666645
0.00032583781
0.00032502221
0.0003242373
0.00032347389
0.00032272319
0.00032197969
0.00032123975
0.00032050085
0.00031976131
0.00031902008
0.00031827654
0.00031753035
0.00031678137
0.00031602954
0.00031527486
0.00031451739
0.00031375715
0.0003129942
0.00031222858
0.00031146031
0.00031068942
0.0003099159
0.00030913978
0.00030836104
0.00030757968
0.00030679568
0.00030600902
0.00030521969
0.00030442767
0.00030363292
0.00030283542
0.00030203515
0.00030123207
0.00030042616
0.00029961738
0.0002988057
0.00029799109
0.00029717352
0.00029635296
0.00029552937
0.00029470271
0.00029387295
0.00029304005
0.00029220398
0.0002913647
0.00029052216
0.00028967634
0.00028882719
0.00028797467
0.00028711874
0.00028625936
0.00028539649
0.00028453008
0.0002836601
0.00028278649
0.00028190921
0.00028102822
0.00028014346
0.00027925489
0.00027836247
0.00027746615
0.00027656587
0.00027566158
0.00027475324
0.00027384078
0.00027292416
0.00027200333
0.00027107822
0.00027014878
0.00026921495
0.00026827668
0.00026733391
0.00026638657
0.00026543461
0.00026447796
0.00026351655
0.00026255034
0.00026157923
0.00026060318
0.00025962211
0.00025863595
0.00025764464
0.00025664809
0.00025564623
0.00025463899
0.0002536263
0.00025260806
0.00025158421
0.00025055466
0.00024951933
0.00024847813
0.00024743098
0.00024637779
0.00024531847
0.00024425292
0.00024318106
0.00024210279
0.000241018
0.0002399266
0.00023882849
0.00023772356
0.00023661171
0.00023549282
0.00023436678
0.00023323349
0.00023209282
0.00023094466
0.00022978889
0.00022862538
0.00022745402
0.00022627469
0.00022508727
0.00022389165
0.00022268773
0.00022147542
0.00022025471
0.00021902552
0.00021778791
0.00021654173
0.00021528578
0.00021401895
0.00021274144
0.00021145421
0.00021015416
0.00020884955
0.00033861314
0.00033792249
0.00033724292
0.00033655907
0.00033588592
0.00033515919
0.00033443561
0.00033375957
0.00033307004
0.0003323822
0.00033169278
0.00033099402
0.00033029241
0.0003295574
0.00032880624
0.00032810914
0.00032742773
0.00032666669
0.00032583805
0.00032502245
0.00032423754
0.00032347412
0.00032272343
0.00032197993
0.00032123998
0.00032050108
0.00031976154
0.00031902031
0.00031827677
0.00031753058
0.00031678159
0.00031602976
0.00031527509
0.00031451761
0.00031375737
0.00031299442
0.0003122288
0.00031146053
0.00031068963
0.00030991612
0.00030914
0.00030836126
0.00030757989
0.00030679589
0.00030600923
0.0003052199
0.00030442787
0.00030363312
0.00030283563
0.00030203535
0.00030123227
0.00030042636
0.00029961758
0.0002988059
0.00029799129
0.00029717372
0.00029635316
0.00029552956
0.0002947029
0.00029387314
0.00029304024
0.00029220417
0.00029136488
0.00029052235
0.00028967653
0.00028882738
0.00028797485
0.00028711892
0.00028625954
0.00028539667
0.00028453026
0.00028366028
0.00028278667
0.00028190939
0.00028102839
0.00028014363
0.00027925507
0.00027836265
0.00027746632
0.00027656604
0.00027566175
0.00027475341
0.00027384095
0.00027292433
0.00027200349
0.00027107838
0.00027014894
0.00026921512
0.00026827684
0.00026733407
0.00026638673
0.00026543477
0.00026447811
0.00026351671
0.00026255049
0.00026157939
0.00026060333
0.00025962226
0.0002586361
0.00025764479
0.00025664824
0.00025564638
0.00025463914
0.00025362644
0.00025260821
0.00025158435
0.0002505548
0.00024951947
0.00024847827
0.00024743112
0.00024637793
0.00024531861
0.00024425306
0.0002431812
0.00024210292
0.00024101813
0.00023992673
0.00023882862
0.00023772369
0.00023661184
0.00023549294
0.00023436691
0.00023323361
0.00023209294
0.00023094478
0.00022978901
0.0002286255
0.00022745414
0.00022627481
0.00022508739
0.00022389176
0.00022268784
0.00022147553
0.00022025483
0.00021902564
0.00021778803
0.00021654184
0.00021528589
0.00021401906
0.00021274155
0.00021145432
0.00021015427
0.00020884966
0.00033861341
0.00033792276
0.00033724319
0.00033655933
0.00033588619
0.00033515946
0.00033443587
0.00033375984
0.0003330703
0.00033238245
0.00033169303
0.00033099427
0.00033029266
0.00032955765
0.00032880649
0.00032810939
0.00032742798
0.00032666694
0.00032583829
0.0003250227
0.00032423779
0.00032347437
0.00032272367
0.00032198017
0.00032124022
0.00032050132
0.00031976178
0.00031902055
0.000318277
0.00031753081
0.00031678183
0.00031602999
0.00031527532
0.00031451784
0.0003137576
0.00031299465
0.00031222903
0.00031146075
0.00031068986
0.00030991634
0.00030914022
0.00030836148
0.00030758011
0.00030679611
0.00030600945
0.00030522012
0.00030442809
0.00030363334
0.00030283584
0.00030203556
0.00030123248
0.00030042657
0.00029961778
0.0002988061
0.00029799149
0.00029717392
0.00029635336
0.00029552976
0.0002947031
0.00029387334
0.00029304044
0.00029220436
0.00029136508
0.00029052255
0.00028967672
0.00028882757
0.00028797504
0.00028711911
0.00028625973
0.00028539686
0.00028453045
0.00028366046
0.00028278685
0.00028190957
0.00028102857
0.00028014381
0.00027925525
0.00027836283
0.0002774665
0.00027656622
0.00027566193
0.00027475358
0.00027384112
0.0002729245
0.00027200366
0.00027107855
0.00027014911
0.00026921528
0.00026827701
0.00026733424
0.0002663869
0.00026543493
0.00026447828
0.00026351687
0.00026255065
0.00026157955
0.00026060349
0.00025962242
0.00025863626
0.00025764494
0.00025664839
0.00025564653
0.00025463929
0.00025362659
0.00025260836
0.0002515845
0.00025055495
0.00024951961
0.00024847841
0.00024743126
0.00024637807
0.00024531875
0.0002442532
0.00024318134
0.00024210306
0.00024101827
0.00023992687
0.00023882876
0.00023772383
0.00023661197
0.00023549308
0.00023436704
0.00023323374
0.00023209307
0.00023094491
0.00022978914
0.00022862563
0.00022745427
0.00022627494
0.00022508751
0.00022389189
0.00022268796
0.00022147565
0.00022025495
0.00021902576
0.00021778814
0.00021654196
0.000215286
0.00021401917
0.00021274167
0.00021145443
0.00021015438
0.00020884977
0.00033861369
0.00033792304
0.00033724347
0.00033655961
0.00033588646
0.00033515973
0.00033443614
0.00033376011
0.00033307057
0.00033238272
0.0003316933
0.00033099454
0.00033029293
0.00032955792
0.00032880676
0.00032810965
0.00032742824
0.0003266672
0.00032583855
0.00032502295
0.00032423804
0.00032347462
0.00032272393
0.00032198042
0.00032124047
0.00032050157
0.00031976203
0.00031902079
0.00031827725
0.00031753106
0.00031678207
0.00031603023
0.00031527556
0.00031451808
0.00031375784
0.00031299489
0.00031222926
0.00031146099
0.00031069009
0.00030991657
0.00030914045
0.00030836171
0.00030758034
0.00030679633
0.00030600967
0.00030522034
0.00030442831
0.00030363356
0.00030283606
0.00030203578
0.0003012327
0.00030042678
0.000299618
0.00029880632
0.00029799171
0.00029717414
0.00029635357
0.00029552997
0.00029470331
0.00029387354
0.00029304064
0.00029220457
0.00029136528
0.00029052275
0.00028967692
0.00028882777
0.00028797524
0.00028711931
0.00028625993
0.00028539705
0.00028453064
0.00028366065
0.00028278704
0.00028190976
0.00028102876
0.000280144
0.00027925543
0.00027836301
0.00027746668
0.0002765664
0.00027566211
0.00027475376
0.0002738413
0.00027292468
0.00027200384
0.00027107873
0.00027014929
0.00026921546
0.00026827718
0.00026733441
0.00026638707
0.0002654351
0.00026447845
0.00026351704
0.00026255082
0.00026157971
0.00026060366
0.00025962258
0.00025863642
0.0002576451
0.00025664855
0.00025564669
0.00025463945
0.00025362675
0.00025260851
0.00025158466
0.0002505551
0.00024951976
0.00024847856
0.00024743141
0.00024637822
0.0002453189
0.00024425335
0.00024318148
0.0002421032
0.00024101841
0.00023992701
0.0002388289
0.00023772397
0.00023661211
0.00023549321
0.00023436718
0.00023323388
0.00023209321
0.00023094504
0.00022978927
0.00022862576
0.0002274544
0.00022627506
0.00022508764
0.00022389201
0.00022268809
0.00022147578
0.00022025507
0.00021902588
0.00021778826
0.00021654208
0.00021528612
0.00021401929
0.00021274178
0.00021145455
0.00021015449
0.00020884988
0.00033861398
0.00033792333
0.00033724375
0.0003365599
0.00033588675
0.00033516001
0.00033443642
0.00033376039
0.00033307085
0.000332383
0.00033169358
0.00033099482
0.0003302932
0.00032955819
0.00032880703
0.00032810992
0.00032742851
0.00032666746
0.00032583881
0.00032502322
0.0003242383
0.00032347488
0.00032272419
0.00032198068
0.00032124073
0.00032050183
0.00031976229
0.00031902105
0.0003182775
0.00031753131
0.00031678232
0.00031603048
0.00031527581
0.00031451832
0.00031375808
0.00031299513
0.0003122295
0.00031146123
0.00031069033
0.00030991681
0.00030914068
0.00030836194
0.00030758057
0.00030679657
0.00030600991
0.00030522057
0.00030442854
0.00030363379
0.00030283629
0.00030203601
0.00030123293
0.00030042701
0.00029961822
0.00029880654
0.00029799193
0.00029717435
0.00029635379
0.00029553019
0.00029470352
0.00029387376
0.00029304086
0.00029220478
0.00029136549
0.00029052296
0.00028967713
0.00028882797
0.00028797545
0.00028711951
0.00028626013
0.00028539725
0.00028453084
0.00028366085
0.00028278724
0.00028190996
0.00028102896
0.0002801442
0.00027925563
0.0002783632
0.00027746687
0.00027656659
0.0002756623
0.00027475395
0.00027384149
0.00027292487
0.00027200403
0.00027107891
0.00027014947
0.00026921564
0.00026827736
0.00026733458
0.00026638724
0.00026543527
0.00026447862
0.00026351721
0.00026255099
0.00026157988
0.00026060383
0.00025962275
0.00025863659
0.00025764527
0.00025664872
0.00025564686
0.00025463961
0.00025362691
0.00025260867
0.00025158481
0.00025055526
0.00024951992
0.00024847872
0.00024743157
0.00024637837
0.00024531905
0.0002442535
0.00024318163
0.00024210335
0.00024101856
0.00023992716
0.00023882904
0.00023772411
0.00023661225
0.00023549336
0.00023436732
0.00023323402
0.00023209335
0.00023094518
0.00022978941
0.0002286259
0.00022745453
0.0002262752
0.00022508777
0.00022389214
0.00022268822
0.00022147591
0.0002202552
0.00021902601
0.00021778839
0.00021654221
0.00021528625
0.00021401941
0.0002127419
0.00021145467
0.00021015461
0.00020885
0.00033861428
0.00033792363
0.00033724405
0.00033656019
0.00033588704
0.00033516031
0.00033443671
0.00033376068
0.00033307114
0.00033238329
0.00033169386
0.0003309951
0.00033029349
0.00032955847
0.00032880731
0.00032811021
0.0003274288
0.00032666774
0.00032583909
0.00032502349
0.00032423858
0.00032347516
0.00032272446
0.00032198095
0.000321241
0.00032050209
0.00031976255
0.00031902131
0.00031827776
0.00031753157
0.00031678258
0.00031603074
0.00031527606
0.00031451858
0.00031375834
0.00031299538
0.00031222975
0.00031146148
0.00031069058
0.00030991706
0.00030914093
0.00030836219
0.00030758082
0.00030679681
0.00030601015
0.00030522081
0.00030442878
0.00030363402
0.00030283652
0.00030203624
0.00030123316
0.00030042724
0.00029961845
0.00029880677
0.00029799215
0.00029717458
0.00029635401
0.00029553041
0.00029470375
0.00029387398
0.00029304108
0.000292205
0.00029136571
0.00029052317
0.00028967735
0.00028882819
0.00028797566
0.00028711972
0.00028626034
0.00028539746
0.00028453105
0.00028366106
0.00028278745
0.00028191016
0.00028102916
0.0002801444
0.00027925583
0.0002783634
0.00027746707
0.00027656679
0.00027566249
0.00027475414
0.00027384168
0.00027292506
0.00027200422
0.0002710791
0.00027014966
0.00026921582
0.00026827755
0.00026733477
0.00026638743
0.00026543546
0.0002644788
0.00026351739
0.00026255117
0.00026158006
0.000260604
0.00025962293
0.00025863676
0.00025764544
0.00025664889
0.00025564702
0.00025463978
0.00025362708
0.00025260884
0.00025158498
0.00025055542
0.00024952008
0.00024847888
0.00024743173
0.00024637853
0.00024531921
0.00024425365
0.00024318179
0.00024210351
0.00024101871
0.00023992731
0.0002388292
0.00023772426
0.0002366124
0.0002354935
0.00023436746
0.00023323416
0.00023209349
0.00023094533
0.00022978955
0.00022862604
0.00022745467
0.00022627534
0.00022508791
0.00022389228
0.00022268835
0.00022147604
0.00022025533
0.00021902614
0.00021778852
0.00021654233
0.00021528637
0.00021401954
0.00021274203
0.00021145479
0.00021015474
0.00020885012
0.00033861459
0.00033792394
0.00033724436
0.0003365605
0.00033588735
0.00033516061
0.00033443702
0.00033376098
0.00033307144
0.00033238359
0.00033169416
0.0003309954
0.00033029378
0.00032955876
0.0003288076
0.0003281105
0.00032742909
0.00032666803
0.00032583937
0.00032502377
0.00032423886
0.00032347544
0.00032272474
0.00032198123
0.00032124128
0.00032050237
0.00031976282
0.00031902158
0.00031827803
0.00031753184
0.00031678285
0.00031603101
0.00031527633
0.00031451884
0.0003137586
0.00031299564
0.00031223001
0.00031146174
0.00031069083
0.00030991732
0.00030914119
0.00030836244
0.00030758107
0.00030679706
0.0003060104
0.00030522106
0.00030442902
0.00030363427
0.00030283677
0.00030203649
0.0003012334
0.00030042748
0.00029961869
0.000298807
0.00029799239
0.00029717481
0.00029635424
0.00029553064
0.00029470398
0.00029387421
0.0002930413
0.00029220523
0.00029136594
0.0002905234
0.00028967757
0.00028882841
0.00028797588
0.00028711994
0.00028626056
0.00028539768
0.00028453126
0.00028366127
0.00028278766
0.00028191037
0.00028102937
0.00028014461
0.00027925603
0.00027836361
0.00027746728
0.00027656699
0.00027566269
0.00027475434
0.00027384188
0.00027292526
0.00027200441
0.0002710793
0.00027014985
0.00026921602
0.00026827774
0.00026733496
0.00026638761
0.00026543564
0.00026447899
0.00026351758
0.00026255135
0.00026158024
0.00026060418
0.00025962311
0.00025863694
0.00025764562
0.00025664906
0.0002556472
0.00025463996
0.00025362725
0.00025260901
0.00025158515
0.00025055559
0.00024952025
0.00024847905
0.00024743189
0.0002463787
0.00024531937
0.00024425382
0.00024318195
0.00024210367
0.00024101887
0.00023992747
0.00023882935
0.00023772441
0.00023661255
0.00023549366
0.00023436761
0.00023323431
0.00023209364
0.00023094547
0.00022978969
0.00022862618
0.00022745482
0.00022627548
0.00022508805
0.00022389242
0.00022268849
0.00022147618
0.00022025547
0.00021902627
0.00021778865
0.00021654247
0.00021528651
0.00021401967
0.00021274216
0.00021145492
0.00021015486
0.00020885025
0.00033724467
0.00033656081
0.00033588766
0.00033516092
0.00033443733
0.00033376129
0.00033307175
0.00033238389
0.00033169447
0.0003309957
0.00033029408
0.00032955906
0.0003288079
0.0003281108
0.00032742939
0.00032666832
0.00032583966
0.00032502406
0.00032423915
0.00032347573
0.00032272503
0.00032198152
0.00032124156
0.00032050266
0.00031976311
0.00031902187
0.00031827831
0.00031753212
0.00031678313
0.00031603129
0.0003152766
0.00031451912
0.00031375887
0.00031299592
0.00031223028
0.000311462
0.0003106911
0.00030991758
0.00030914145
0.0003083627
0.00030758133
0.00030679732
0.00030601065
0.00030522132
0.00030442928
0.00030363452
0.00030283702
0.00030203674
0.00030123365
0.00030042773
0.00029961894
0.00029880725
0.00029799263
0.00029717506
0.00029635449
0.00029553088
0.00029470421
0.00029387445
0.00029304154
0.00029220546
0.00029136617
0.00029052363
0.0002896778
0.00028882864
0.00028797611
0.00028712017
0.00028626078
0.0002853979
0.00028453149
0.00028366149
0.00028278788
0.00028191059
0.00028102959
0.00028014482
0.00027925625
0.00027836382
0.00027746749
0.0002765672
0.0002756629
0.00027475455
0.00027384209
0.00027292546
0.00027200462
0.0002710795
0.00027015005
0.00026921622
0.00026827794
0.00026733516
0.00026638781
0.00026543584
0.00026447918
0.00026351777
0.00026255154
0.00026158043
0.00026060437
0.00025962329
0.00025863713
0.0002576458
0.00025664925
0.00025564738
0.00025464014
0.00025362743
0.00025260919
0.00025158533
0.00025055577
0.00024952043
0.00024847922
0.00024743206
0.00024637887
0.00024531954
0.00024425398
0.00024318211
0.00024210383
0.00024101904
0.00023992763
0.00023882951
0.00023772458
0.00023661271
0.00023549381
0.00023436777
0.00023323447
0.00023209379
0.00023094563
0.00022978985
0.00022862633
0.00022745497
0.00022627563
0.0002250882
0.00022389257
0.00022268864
0.00022147632
0.00022025561
0.00021902641
0.00021778879
0.00021654261
0.00021528664
0.00021401981
0.00021274229
0.00021145505
0.000210155
0.00020885038
0.000337245
0.00033656114
0.00033588799
0.00033516125
0.00033443765
0.00033376161
0.00033307207
0.00033238421
0.00033169478
0.00033099602
0.0003302944
0.00032955938
0.00032880821
0.00032811111
0.0003274297
0.00032666863
0.00032583997
0.00032502436
0.00032423945
0.00032347603
0.00032272533
0.00032198182
0.00032124186
0.00032050295
0.0003197634
0.00031902216
0.00031827861
0.00031753241
0.00031678341
0.00031603157
0.00031527689
0.0003145194
0.00031375915
0.0003129962
0.00031223056
0.00031146228
0.00031069138
0.00030991785
0.00030914172
0.00030836297
0.0003075816
0.00030679759
0.00030601092
0.00030522158
0.00030442954
0.00030363479
0.00030283728
0.000302037
0.00030123391
0.00030042798
0.00029961919
0.0002988075
0.00029799289
0.00029717531
0.00029635474
0.00029553113
0.00029470446
0.00029387469
0.00029304178
0.0002922057
0.00029136641
0.00029052387
0.00028967804
0.00028882888
0.00028797634
0.0002871204
0.00028626101
0.00028539813
0.00028453172
0.00028366172
0.00028278811
0.00028191082
0.00028102981
0.00028014505
0.00027925647
0.00027836404
0.00027746771
0.00027656742
0.00027566312
0.00027475477
0.0002738423
0.00027292567
0.00027200483
0.00027107971
0.00027015026
0.00026921642
0.00026827814
0.00026733536
0.00026638801
0.00026543604
0.00026447938
0.00026351797
0.00026255174
0.00026158063
0.00026060457
0.00025962349
0.00025863732
0.00025764599
0.00025664944
0.00025564757
0.00025464032
0.00025362762
0.00025260937
0.00025158551
0.00025055595
0.00024952061
0.0002484794
0.00024743224
0.00024637904
0.00024531971
0.00024425416
0.00024318229
0.000242104
0.00024101921
0.0002399278
0.00023882968
0.00023772474
0.00023661288
0.00023549398
0.00023436793
0.00023323463
0.00023209395
0.00023094578
0.00022979
0.00022862649
0.00022745512
0.00022627578
0.00022508835
0.00022389272
0.00022268879
0.00022147647
0.00022025576
0.00021902656
0.00021778894
0.00021654275
0.00021528678
0.00021401995
0.00021274243
0.00021145519
0.00021015513
0.00020885051
0.00033724534
0.00033656148
0.00033588833
0.00033516158
0.00033443799
0.00033376195
0.0003330724
0.00033238454
0.00033169511
0.00033099635
0.00033029472
0.0003295597
0.00032880853
0.00032811144
0.00032743002
0.00032666895
0.00032584028
0.00032502468
0.00032423977
0.00032347634
0.00032272564
0.00032198213
0.00032124217
0.00032050326
0.00031976371
0.00031902246
0.00031827891
0.00031753271
0.00031678371
0.00031603187
0.00031527718
0.00031451969
0.00031375945
0.00031299649
0.00031223085
0.00031146257
0.00031069166
0.00030991814
0.000309142
0.00030836325
0.00030758188
0.00030679787
0.0003060112
0.00030522186
0.00030442982
0.00030363506
0.00030283755
0.00030203726
0.00030123417
0.00030042825
0.00029961946
0.00029880777
0.00029799315
0.00029717557
0.00029635499
0.00029553139
0.00029470472
0.00029387495
0.00029304204
0.00029220595
0.00029136666
0.00029052412
0.00028967828
0.00028882912
0.00028797659
0.00028712065
0.00028626125
0.00028539837
0.00028453196
0.00028366196
0.00028278834
0.00028191105
0.00028103004
0.00028014528
0.0002792567
0.00027836427
0.00027746793
0.00027656764
0.00027566334
0.00027475499
0.00027384252
0.00027292589
0.00027200505
0.00027107993
0.00027015048
0.00026921664
0.00026827836
0.00026733557
0.00026638822
0.00026543625
0.00026447959
0.00026351817
0.00026255194
0.00026158083
0.00026060477
0.00025962369
0.00025863752
0.00025764619
0.00025664963
0.00025564777
0.00025464052
0.00025362781
0.00025260956
0.0002515857
0.00025055614
0.00024952079
0.00024847959
0.00024743243
0.00024637923
0.00024531989
0.00024425434
0.00024318247
0.00024210418
0.00024101938
0.00023992797
0.00023882985
0.00023772491
0.00023661305
0.00023549415
0.0002343681
0.0002332348
0.00023209412
0.00023094595
0.00022979017
0.00022862665
0.00022745528
0.00022627594
0.00022508851
0.00022389287
0.00022268894
0.00022147662
0.00022025591
0.00021902671
0.00021778909
0.0002165429
0.00021528693
0.00021402009
0.00021274258
0.00021145533
0.00021015527
0.00020885065
0.00033724569
0.00033656183
0.00033588868
0.00033516193
0.00033443833
0.00033376229
0.00033307274
0.00033238488
0.00033169545
0.00033099669
0.00033029506
0.00032956003
0.00032880887
0.00032811177
0.00032743036
0.00032666928
0.00032584061
0.000325025
0.00032424009
0.00032347667
0.00032272596
0.00032198245
0.00032124249
0.00032050357
0.00031976402
0.00031902278
0.00031827922
0.00031753302
0.00031678402
0.00031603217
0.00031527749
0.00031452
0.00031375975
0.00031299679
0.00031223115
0.00031146287
0.00031069196
0.00030991843
0.0003091423
0.00030836354
0.00030758217
0.00030679815
0.00030601148
0.00030522214
0.0003044301
0.00030363534
0.00030283783
0.00030203754
0.00030123445
0.00030042852
0.00029961973
0.00029880804
0.00029799342
0.00029717584
0.00029635526
0.00029553165
0.00029470498
0.00029387521
0.0002930423
0.00029220621
0.00029136692
0.00029052437
0.00028967854
0.00028882938
0.00028797684
0.0002871209
0.0002862615
0.00028539862
0.0002845322
0.00028366221
0.00028278858
0.00028191129
0.00028103029
0.00028014552
0.00027925694
0.00027836451
0.00027746817
0.00027656788
0.00027566358
0.00027475522
0.00027384275
0.00027292612
0.00027200527
0.00027108015
0.0002701507
0.00026921686
0.00026827858
0.00026733579
0.00026638844
0.00026543647
0.0002644798
0.00026351839
0.00026255216
0.00026158104
0.00026060498
0.00025962389
0.00025863772
0.0002576464
0.00025664983
0.00025564797
0.00025464072
0.00025362801
0.00025260976
0.00025158589
0.00025055633
0.00024952099
0.00024847978
0.00024743262
0.00024637941
0.00024532008
0.00024425452
0.00024318265
0.00024210436
0.00024101956
0.00023992816
0.00023883003
0.00023772509
0.00023661322
0.00023549432
0.00023436827
0.00023323497
0.00023209429
0.00023094612
0.00022979033
0.00022862682
0.00022745545
0.0002262761
0.00022508867
0.00022389303
0.0002226891
0.00022147678
0.00022025606
0.00021902687
0.00021778924
0.00021654305
0.00021528708
0.00021402024
0.00021274273
0.00021145548
0.00021015542
0.0002088508
0.00033724605
0.0003365622
0.00033588904
0.00033516229
0.00033443869
0.00033376265
0.0003330731
0.00033238524
0.00033169581
0.00033099704
0.00033029541
0.00032956038
0.00032880921
0.00032811212
0.00032743071
0.00032666962
0.00032584094
0.00032502534
0.00032424043
0.000323477
0.0003227263
0.00032198278
0.00032124282
0.0003205039
0.00031976435
0.0003190231
0.00031827954
0.00031753334
0.00031678434
0.00031603249
0.0003152778
0.00031452031
0.00031376006
0.0003129971
0.00031223146
0.00031146317
0.00031069226
0.00030991874
0.0003091426
0.00030836385
0.00030758247
0.00030679845
0.00030601178
0.00030522243
0.00030443039
0.00030363563
0.00030283812
0.00030203783
0.00030123474
0.00030042881
0.00029962001
0.00029880832
0.0002979937
0.00029717612
0.00029635554
0.00029553193
0.00029470526
0.00029387548
0.00029304257
0.00029220648
0.00029136719
0.00029052464
0.0002896788
0.00028882964
0.0002879771
0.00028712116
0.00028626176
0.00028539888
0.00028453246
0.00028366246
0.00028278884
0.00028191154
0.00028103053
0.00028014576
0.00027925718
0.00027836475
0.00027746841
0.00027656812
0.00027566382
0.00027475546
0.00027384299
0.00027292636
0.00027200551
0.00027108038
0.00027015093
0.00026921709
0.00026827881
0.00026733602
0.00026638867
0.00026543669
0.00026448002
0.00026351861
0.00026255237
0.00026158126
0.00026060519
0.00025962411
0.00025863794
0.00025764661
0.00025665004
0.00025564818
0.00025464092
0.00025362821
0.00025260996
0.0002515861
0.00025055653
0.00024952119
0.00024847998
0.00024743281
0.00024637961
0.00024532028
0.00024425472
0.00024318284
0.00024210455
0.00024101975
0.00023992834
0.00023883022
0.00023772527
0.00023661341
0.0002354945
0.00023436845
0.00023323515
0.00023209447
0.00023094629
0.00022979051
0.00022862699
0.00022745562
0.00022627627
0.00022508884
0.0002238932
0.00022268927
0.00022147695
0.00022025623
0.00021902703
0.0002177894
0.00021654321
0.00021528724
0.0002140204
0.00021274288
0.00021145563
0.00021015557
0.00020885095
0.00033724643
0.00033656257
0.00033588942
0.00033516266
0.00033443906
0.00033376302
0.00033307347
0.0003323856
0.00033169617
0.0003309974
0.00033029577
0.00032956074
0.00032880957
0.00032811248
0.00032743106
0.00032666998
0.00032584129
0.00032502568
0.00032424077
0.00032347735
0.00032272664
0.00032198312
0.00032124316
0.00032050424
0.00031976469
0.00031902344
0.00031827988
0.00031753367
0.00031678467
0.00031603282
0.00031527813
0.00031452064
0.00031376038
0.00031299742
0.00031223178
0.00031146349
0.00031069258
0.00030991905
0.00030914291
0.00030836416
0.00030758278
0.00030679876
0.00030601209
0.00030522274
0.0003044307
0.00030363593
0.00030283842
0.00030203813
0.00030123503
0.0003004291
0.00029962031
0.00029880861
0.00029799399
0.00029717641
0.00029635583
0.00029553222
0.00029470554
0.00029387576
0.00029304285
0.00029220676
0.00029136746
0.00029052492
0.00028967908
0.00028882991
0.00028797737
0.00028712143
0.00028626203
0.00028539914
0.00028453272
0.00028366272
0.0002827891
0.0002819118
0.00028103079
0.00028014602
0.00027925744
0.000278365
0.00027746866
0.00027656837
0.00027566406
0.0002747557
0.00027384323
0.0002729266
0.00027200575
0.00027108062
0.00027015117
0.00026921733
0.00026827904
0.00026733625
0.0002663889
0.00026543692
0.00026448025
0.00026351884
0.0002625526
0.00026158148
0.00026060542
0.00025962433
0.00025863816
0.00025764683
0.00025665026
0.00025564839
0.00025464114
0.00025362843
0.00025261018
0.00025158631
0.00025055674
0.00024952139
0.00024848018
0.00024743302
0.00024637981
0.00024532048
0.00024425492
0.00024318304
0.00024210475
0.00024101995
0.00023992854
0.00023883041
0.00023772547
0.0002366136
0.00023549469
0.00023436864
0.00023323533
0.00023209465
0.00023094648
0.00022979069
0.00022862717
0.0002274558
0.00022627645
0.00022508901
0.00022389337
0.00022268944
0.00022147712
0.0002202564
0.00021902719
0.00021778957
0.00021654337
0.0002152874
0.00021402056
0.00021274304
0.00021145579
0.00021015573
0.00020885111
0.00033516305
0.00033443945
0.00033376341
0.00033307385
0.00033238598
0.00033169655
0.00033099778
0.00033029615
0.00032956111
0.00032880994
0.00032811285
0.00032743144
0.00032667034
0.00032584165
0.00032502604
0.00032424113
0.00032347771
0.000322727
0.00032198348
0.00032124351
0.00032050459
0.00031976504
0.00031902378
0.00031828022
0.00031753402
0.00031678501
0.00031603316
0.00031527847
0.00031452097
0.00031376072
0.00031299775
0.00031223211
0.00031146382
0.00031069291
0.00030991938
0.00030914324
0.00030836448
0.0003075831
0.00030679908
0.0003060124
0.00030522306
0.00030443101
0.00030363624
0.00030283873
0.00030203844
0.00030123534
0.00030042941
0.00029962061
0.00029880891
0.00029799429
0.0002971767
0.00029635612
0.00029553251
0.00029470583
0.00029387605
0.00029304314
0.00029220705
0.00029136775
0.0002905252
0.00028967936
0.00028883019
0.00028797765
0.0002871217
0.00028626231
0.00028539942
0.000284533
0.00028366299
0.00028278937
0.00028191207
0.00028103106
0.00028014628
0.0002792577
0.00027836527
0.00027746892
0.00027656863
0.00027566432
0.00027475596
0.00027384349
0.00027292685
0.000272006
0.00027108087
0.00027015142
0.00026921757
0.00026827929
0.00026733649
0.00026638914
0.00026543716
0.00026448049
0.00026351907
0.00026255284
0.00026158172
0.00026060565
0.00025962456
0.00025863839
0.00025764705
0.00025665049
0.00025564862
0.00025464136
0.00025362865
0.00025261039
0.00025158653
0.00025055696
0.00024952161
0.00024848039
0.00024743323
0.00024638002
0.00024532068
0.00024425512
0.00024318324
0.00024210495
0.00024102015
0.00023992874
0.00023883061
0.00023772566
0.00023661379
0.00023549489
0.00023436883
0.00023323552
0.00023209484
0.00023094666
0.00022979088
0.00022862735
0.00022745598
0.00022627663
0.00022508919
0.00022389355
0.00022268962
0.00022147729
0.00022025657
0.00021902737
0.00021778974
0.00021654354
0.00021528757
0.00021402073
0.00021274321
0.00021145596
0.00021015589
0.00020885127
0.00033516344
0.00033443984
0.00033376381
0.00033307425
0.00033238638
0.00033169694
0.00033099817
0.00033029654
0.00032956149
0.00032881032
0.00032811324
0.00032743182
0.00032667072
0.00032584203
0.00032502641
0.0003242415
0.00032347808
0.00032272737
0.00032198385
0.00032124388
0.00032050496
0.0003197654
0.00031902414
0.00031828058
0.00031753437
0.00031678537
0.00031603351
0.00031527882
0.00031452132
0.00031376107
0.0003129981
0.00031223245
0.00031146416
0.00031069325
0.00030991972
0.00030914357
0.00030836481
0.00030758343
0.00030679941
0.00030601273
0.00030522338
0.00030443134
0.00030363657
0.00030283905
0.00030203876
0.00030123566
0.00030042973
0.00029962092
0.00029880923
0.0002979946
0.00029717701
0.00029635643
0.00029553282
0.00029470614
0.00029387636
0.00029304344
0.00029220735
0.00029136805
0.0002905255
0.00028967966
0.00028883048
0.00028797794
0.00028712199
0.00028626259
0.0002853997
0.00028453328
0.00028366328
0.00028278965
0.00028191235
0.00028103134
0.00028014656
0.00027925798
0.00027836554
0.00027746919
0.00027656889
0.00027566459
0.00027475622
0.00027384375
0.00027292711
0.00027200626
0.00027108113
0.00027015167
0.00026921783
0.00026827954
0.00026733675
0.00026638939
0.00026543741
0.00026448074
0.00026351932
0.00026255308
0.00026158196
0.00026060589
0.0002596248
0.00025863862
0.00025764729
0.00025665072
0.00025564885
0.00025464159
0.00025362888
0.00025261062
0.00025158675
0.00025055718
0.00024952183
0.00024848061
0.00024743345
0.00024638024
0.0002453209
0.00024425534
0.00024318346
0.00024210516
0.00024102036
0.00023992894
0.00023883082
0.00023772587
0.00023661399
0.00023549509
0.00023436903
0.00023323572
0.00023209504
0.00023094686
0.00022979107
0.00022862755
0.00022745617
0.00022627682
0.00022508938
0.00022389374
0.0002226898
0.00022147748
0.00022025675
0.00021902755
0.00021778992
0.00021654372
0.00021528775
0.0002140209
0.00021274338
0.00021145613
0.00021015606
0.00020885143
0.00033516385
0.00033444025
0.00033376422
0.00033307465
0.00033238678
0.00033169735
0.00033099857
0.00033029694
0.00032956189
0.00032881072
0.00032811364
0.00032743222
0.00032667112
0.00032584241
0.0003250268
0.00032424189
0.00032347846
0.00032272775
0.00032198423
0.00032124426
0.00032050534
0.00031976577
0.00031902452
0.00031828095
0.00031753474
0.00031678573
0.00031603388
0.00031527918
0.00031452168
0.00031376143
0.00031299845
0.00031223281
0.00031146452
0.0003106936
0.00030992007
0.00030914392
0.00030836516
0.00030758377
0.00030679975
0.00030601307
0.00030522372
0.00030443167
0.0003036369
0.00030283938
0.00030203909
0.00030123599
0.00030043005
0.00029962125
0.00029880955
0.00029799492
0.00029717733
0.00029635675
0.00029553313
0.00029470645
0.00029387667
0.00029304375
0.00029220766
0.00029136836
0.0002905258
0.00028967996
0.00028883079
0.00028797824
0.00028712229
0.00028626289
0.0002854
0.00028453357
0.00028366357
0.00028278994
0.00028191264
0.00028103162
0.00028014684
0.00027925826
0.00027836582
0.00027746947
0.00027656917
0.00027566486
0.0002747565
0.00027384402
0.00027292738
0.00027200653
0.0002710814
0.00027015194
0.00026921809
0.0002682798
0.00026733701
0.00026638965
0.00026543766
0.00026448099
0.00026351957
0.00026255333
0.00026158221
0.00026060614
0.00025962505
0.00025863887
0.00025764753
0.00025665096
0.00025564909
0.00025464183
0.00025362911
0.00025261086
0.00025158698
0.00025055741
0.00024952206
0.00024848084
0.00024743367
0.00024638046
0.00024532112
0.00024425556
0.00024318368
0.00024210538
0.00024102058
0.00023992916
0.00023883103
0.00023772608
0.0002366142
0.00023549529
0.00023436924
0.00023323593
0.00023209524
0.00023094706
0.00022979127
0.00022862774
0.00022745637
0.00022627702
0.00022508957
0.00022389393
0.00022268999
0.00022147767
0.00022025694
0.00021902773
0.0002177901
0.0002165439
0.00021528793
0.00021402108
0.00021274356
0.0002114563
0.00021015624
0.00020885161
0.00033516428
0.00033444068
0.00033376464
0.00033307508
0.0003323872
0.00033169776
0.00033099899
0.00033029735
0.0003295623
0.00032881113
0.00032811405
0.00032743264
0.00032667152
0.00032584281
0.0003250272
0.00032424229
0.00032347886
0.00032272815
0.00032198462
0.00032124465
0.00032050572
0.00031976616
0.0003190249
0.00031828133
0.00031753512
0.00031678611
0.00031603426
0.00031527956
0.00031452206
0.0003137618
0.00031299882
0.00031223318
0.00031146488
0.00031069396
0.00030992043
0.00030914428
0.00030836552
0.00030758413
0.00030680011
0.00030601343
0.00030522407
0.00030443202
0.00030363725
0.00030283973
0.00030203943
0.00030123633
0.00030043039
0.00029962159
0.00029880989
0.00029799526
0.00029717766
0.00029635708
0.00029553346
0.00029470678
0.00029387699
0.00029304407
0.00029220798
0.00029136867
0.00029052612
0.00028968027
0.0002888311
0.00028797855
0.0002871226
0.0002862632
0.0002854003
0.00028453387
0.00028366387
0.00028279024
0.00028191294
0.00028103192
0.00028014714
0.00027925855
0.00027836611
0.00027746976
0.00027656946
0.00027566515
0.00027475678
0.0002738443
0.00027292766
0.0002720068
0.00027108167
0.00027015221
0.00026921836
0.00026828007
0.00026733728
0.00026638992
0.00026543793
0.00026448126
0.00026351983
0.00026255359
0.00026158247
0.00026060639
0.0002596253
0.00025863912
0.00025764778
0.00025665121
0.00025564933
0.00025464208
0.00025362936
0.0002526111
0.00025158722
0.00025055765
0.0002495223
0.00024848108
0.00024743391
0.0002463807
0.00024532135
0.00024425579
0.0002431839
0.00024210561
0.0002410208
0.00023992938
0.00023883125
0.0002377263
0.00023661442
0.00023549551
0.00023436945
0.00023323614
0.00023209545
0.00023094727
0.00022979148
0.00022862795
0.00022745657
0.00022627722
0.00022508977
0.00022389413
0.00022269019
0.00022147786
0.00022025713
0.00021902793
0.00021779029
0.00021654409
0.00021528812
0.00021402127
0.00021274374
0.00021145649
0.00021015642
0.00020885179
)
;

boundaryField
{
    front
    {
        type            empty;
    }
    back
    {
        type            empty;
    }
    inlet
    {
        type            zeroGradient;
    }
    outlet
    {
        type            fixedValue;
        value           nonuniform List<scalar> 0();
    }
    top
    {
        type            zeroGradient;
    }
    slipsurface
    {
        type            slip;
    }
    bottom
    {
        type            zeroGradient;
    }
    procBoundary14to4
    {
        type            processor;
        value           nonuniform List<scalar> 
105
(
0.00034890435
0.0003489044
0.00034890446
0.00034890451
0.00034890456
0.00034890462
0.00034890467
0.00034890473
0.00034890478
0.00034890484
0.00034890489
0.00034890495
0.000348905
0.00034890506
0.00034890512
0.00034890518
0.00034890524
0.0003489053
0.00034890536
0.00034890542
0.00034890549
0.00034890555
0.00034890562
0.00034890569
0.00034890576
0.00034890583
0.0003489059
0.00034890597
0.00034890605
0.00034890612
0.00034823277
0.00034823277
0.00034755749
0.00034755749
0.00034755758
0.00034755766
0.00034755775
0.00034755784
0.00034755793
0.00034755802
0.00034755812
0.00034755822
0.00034755832
0.00034755843
0.00034755854
0.00034755865
0.00034687984
0.00034687984
0.00034687996
0.00034620188
0.00034620188
0.00034620201
0.00034552133
0.00034483754
0.00034483754
0.00034415191
0.00034415191
0.00034346491
0.00034346491
0.00034277634
0.00034277634
0.0003420859
0.0003420859
0.00034208605
0.0003420862
0.00034208636
0.00034208653
0.0003420867
0.00034139571
0.00034139571
0.00034139589
0.00034070596
0.0003400148
0.00033931734
0.00033931734
0.00033931753
0.00033931773
0.00033931793
0.00033931815
0.00033931837
0.00033931859
0.00033931883
0.00033931907
0.00033931933
0.00033931959
0.00033931986
0.00033932014
0.00033932043
0.00033932073
0.00033932104
0.00033861491
0.00033792426
0.00033792426
0.00033792459
0.00033792493
0.00033792529
0.00033792565
0.00033792604
0.00033724682
0.00033656296
0.0003358898
0.0003358898
0.0003358902
0.00033589062
0.00033589105
)
;
    }
    procBoundary14to13
    {
        type            processor;
        value           nonuniform List<scalar> 
87
(
0.00020607845
0.00020607847
0.00020607849
0.00020607851
0.00020607853
0.00020607855
0.00020607857
0.00020607859
0.00020607862
0.00020607864
0.00020607866
0.00020607868
0.00020751666
0.00020751666
0.00020751668
0.0002075167
0.00020751672
0.00020751674
0.00020751677
0.00020751679
0.00020751681
0.00020751684
0.00020751686
0.00020751689
0.00020751691
0.00020751694
0.00020751696
0.00020751699
0.00020751702
0.00020751705
0.00020751708
0.00020751711
0.00020751714
0.00020751717
0.0002075172
0.00020751723
0.00020751727
0.0002075173
0.00020751734
0.00020751738
0.00020751741
0.00020751745
0.00020751749
0.00020751753
0.00020751758
0.00020751762
0.00020751767
0.00020751771
0.00020751776
0.00020751781
0.00020751787
0.00020751792
0.00020751797
0.00020751803
0.00020751809
0.00020751815
0.00020751821
0.00020751828
0.00020751835
0.00020751842
0.00020751849
0.00020751856
0.00020751864
0.00020751872
0.0002075188
0.00020751889
0.00020751898
0.00020751907
0.00020751917
0.00020751926
0.00020751937
0.00020751947
0.00020751958
0.00020751969
0.00020751981
0.00020751993
0.00020752006
0.00020752019
0.00020752032
0.00020752046
0.00020752061
0.00020752076
0.00020752091
0.00020752107
0.00020752124
0.00020752141
0.00020752159
)
;
    }
    procBoundary14to15
    {
        type            processor;
        value           nonuniform List<scalar> 
138
(
0.00033516472
0.00033444112
0.00033376508
0.00033307552
0.00033238764
0.0003316982
0.00033099942
0.00033029778
0.00032956273
0.00032881155
0.00032811448
0.00032743307
0.00032667194
0.00032584323
0.00032502761
0.0003242427
0.00032347927
0.00032272856
0.00032198503
0.00032124506
0.00032050613
0.00031976656
0.0003190253
0.00031828173
0.00031753552
0.00031678651
0.00031603465
0.00031527995
0.00031452244
0.00031376218
0.00031299921
0.00031223356
0.00031146526
0.00031069434
0.0003099208
0.00030914465
0.00030836589
0.0003075845
0.00030680047
0.00030601379
0.00030522443
0.00030443238
0.00030363761
0.00030284008
0.00030203979
0.00030123668
0.00030043074
0.00029962194
0.00029881023
0.0002979956
0.00029717801
0.00029635742
0.0002955338
0.00029470711
0.00029387733
0.00029304441
0.00029220831
0.000291369
0.00029052645
0.0002896806
0.00028883142
0.00028797888
0.00028712292
0.00028626352
0.00028540062
0.00028453419
0.00028366418
0.00028279055
0.00028191324
0.00028103222
0.00028014744
0.00027925885
0.00027836641
0.00027747006
0.00027656976
0.00027566544
0.00027475707
0.00027384459
0.00027292795
0.00027200709
0.00027108196
0.0002701525
0.00026921865
0.00026828035
0.00026733755
0.00026639019
0.0002654382
0.00026448153
0.0002635201
0.00026255386
0.00026158273
0.00026060666
0.00025962556
0.00025863938
0.00025764804
0.00025665147
0.00025564959
0.00025464233
0.00025362961
0.00025261135
0.00025158747
0.0002505579
0.00024952254
0.00024848132
0.00024743415
0.00024638094
0.00024532159
0.00024425602
0.00024318414
0.00024210584
0.00024102103
0.00023992961
0.00023883148
0.00023772652
0.00023661465
0.00023549573
0.00023436967
0.00023323636
0.00023209567
0.00023094748
0.00022979169
0.00022862816
0.00022745678
0.00022627743
0.00022508998
0.00022389434
0.00022269039
0.00022147806
0.00022025733
0.00021902812
0.00021779049
0.00021654429
0.00021528831
0.00021402146
0.00021274393
0.00021145668
0.0002101566
0.00020885197
)
;
    }
}


// ************************************************************************* //
