/*--------------------------------*- C++ -*----------------------------------*\
  =========                 |
  \\      /  F ield         | OpenFOAM: The Open Source CFD Toolbox
   \\    /   O peration     | Website:  https://openfoam.org
    \\  /    A nd           | Version:  12
     \\/     M anipulation  |
\*---------------------------------------------------------------------------*/
FoamFile
{
    format      ascii;
    class       volScalarField;
    location    "1500";
    object      epsilon;
}
// * * * * * * * * * * * * * * * * * * * * * * * * * * * * * * * * * * * * * //

dimensions      [0 2 -3 0 0 0 0];

internalField   nonuniform List<scalar> 
28200
(
0.0012696704
9.500744e-11
1.1816765e-11
1.1816765e-11
1.1816765e-11
1.1816765e-11
1.1816765e-11
1.1816765e-11
1.1816765e-11
1.1816765e-11
1.1816765e-11
1.1816765e-11
1.1816765e-11
1.1816765e-11
1.1816765e-11
1.1816765e-11
1.1816765e-11
1.1816765e-11
1.1816765e-11
1.1816765e-11
1.1816765e-11
1.1816765e-11
1.1816765e-11
1.1816765e-11
1.1816765e-11
1.1816765e-11
1.1816765e-11
1.1816765e-11
1.1816765e-11
1.1816765e-11
1.1816765e-11
1.1816765e-11
1.1816765e-11
1.1816765e-11
1.1816765e-11
1.1816765e-11
1.1816765e-11
1.1816765e-11
1.1816765e-11
1.1816765e-11
1.1816765e-11
1.1816765e-11
1.1816765e-11
1.1816765e-11
1.1816765e-11
1.1816765e-11
1.1816765e-11
1.1816765e-11
1.1816765e-11
1.1816765e-11
1.1816765e-11
1.1816765e-11
1.1816765e-11
1.1816765e-11
1.1816765e-11
1.1816765e-11
1.1816765e-11
1.1816765e-11
1.1816765e-11
1.1816765e-11
1.1816765e-11
1.1816765e-11
1.1816765e-11
1.1816765e-11
1.1816765e-11
1.1816765e-11
1.1816765e-11
1.1816765e-11
1.1816765e-11
1.1816765e-11
1.1816765e-11
1.1816765e-11
1.1816765e-11
1.1816765e-11
1.1816765e-11
1.1816765e-11
1.1816765e-11
1.1816765e-11
1.1816765e-11
1.1816765e-11
1.1816765e-11
1.1816765e-11
1.1816765e-11
1.1816765e-11
1.1816765e-11
1.1816765e-11
1.1816765e-11
1.1816765e-11
1.1816765e-11
1.1816765e-11
1.1816765e-11
1.1816765e-11
1.1816765e-11
1.1816765e-11
1.1816765e-11
1.1816765e-11
1.1816765e-11
1.1816765e-11
1.1816765e-11
1.1816765e-11
1.7978568
0.5002714
0.213175
0.13244983
0.095744674
0.07406691
0.05964734
0.049387996
0.041745175
0.035854998
0.031193529
0.027424884
0.024323975
0.021734535
0.019544852
0.017673065
0.016057896
0.014652667
0.013420962
0.012334536
0.011370604
0.010510895
0.009740547
0.0090473537
0.0084212072
0.0078536716
0.007337658
0.0068671703
0.0064371032
0.006043083
0.0056813402
0.0053486048
0.0050420252
0.0047591005
0.0044976257
0.0042556483
0.0040314315
0.0038234246
0.0036302381
0.0034506233
0.003283455
0.0031277165
0.0029824878
0.0028469341
0.0027202971
0.0026018868
0.0024910743
0.0023872858
0.0022899972
0.002198729
0.0021130423
0.0020325348
0.0019568373
0.0018856112
0.0018185448
0.0017553517
0.0016957682
0.0016395511
0.0015864763
0.001536337
0.001488942
0.0014441146
0.0014016914
0.001361521
0.0013234632
0.001287388
0.0012531745
0.0012207108
0.0011898926
0.0011606229
0.0011328116
0.0011063746
0.0010812334
0.0010573151
0.0010345513
0.0010128783
0.00099223642
0.00097256991
0.00095382654
0.00093595735
0.00091891646
0.0009026608
0.00088714993
0.00087234584
0.0008582128
0.00084471712
0.00083182716
0.00081951284
0.00080774617
0.00079649983
0.00078574949
0.0007754688
0.00076563878
0.00075622862
0.00074723277
0.00073859802
0.00073037479
0.00072236239
0.00071508479
0.00070431633
2.4485218
0.85366891
0.38115932
0.24025257
0.17548225
0.13682905
0.11088548
0.092289546
0.078349907
0.06754949
0.058962328
0.051991378
0.046234519
0.041411302
0.037320426
0.033813827
0.030780298
0.028134862
0.025811036
0.023757106
0.021931263
0.020299899
0.018835613
0.017515859
0.01632193
0.015238184
0.014251456
0.013350591
0.012526079
0.011769758
0.011074586
0.010434444
0.0098439912
0.0092985351
0.0087939336
0.0083265142
0.0078930055
0.007490483
0.0071163231
0.0067681644
0.0064438768
0.006141533
0.0058593869
0.0055958521
0.0053494861
0.0051189745
0.0049031183
0.0047008222
0.0045110845
0.0043329882
0.0041656927
0.0040084269
0.0038604829
0.00372121
0.0035900096
0.0034663306
0.0033496652
0.0032395452
0.0031355383
0.0030372453
0.0029442971
0.0028563524
0.002773095
0.0026942322
0.0026194922
0.0025486232
0.0024813912
0.0024175786
0.0023569832
0.0022994168
0.0022447041
0.0021926815
0.0021431967
0.0020961074
0.0020512806
0.0020085923
0.0019679261
0.0019291733
0.0018922321
0.0018570068
0.001823408
0.0017913515
0.0017607583
0.0017315541
0.001703669
0.0016770372
0.0016515967
0.0016272887
0.0016040583
0.001581852
0.0015606222
0.0015403172
0.0015208997
0.0015023094
0.0014845353
0.001467473
0.0014512215
0.001435386
0.001421
0.0013997113
2.3376756
1.0572256
0.49840057
0.31852422
0.23507728
0.18485543
0.15084322
0.12627309
0.10773191
0.093282649
0.081735531
0.072318897
0.064510283
0.057943566
0.052354814
0.047549119
0.043379558
0.039733482
0.036522489
0.033677589
0.031142884
0.028873307
0.026832026
0.024988669
0.023317981
0.021798801
0.020413286
0.01914629
0.017984876
0.016917926
0.01593583
0.015030226
0.014193801
0.013420124
0.012703507
0.0120389
0.011421796
0.010848164
0.010314376
0.0098171671
0.0093535841
0.0089209525
0.0085168449
0.0081390534
0.0077855668
0.0074545502
0.0071443274
0.0068533651
0.0065802592
0.0063237225
0.0060825739
0.0058557284
0.0056421887
0.005441037
0.0052514282
0.0050725835
0.0049037842
0.0047443671
0.0045937193
0.0044512744
0.0043165079
0.0041889346
0.0040681045
0.0039536006
0.0038450356
0.0037420502
0.0036443102
0.0035515048
0.0034633449
0.0033795609
0.0032999019
0.0032241335
0.0031520373
0.0030834091
0.003018058
0.0029558056
0.0028964848
0.0028399391
0.0027860219
0.0027345957
0.0026855313
0.0026387075
0.0025940104
0.0025513326
0.0025105734
0.0024716374
0.0024344353
0.0023988819
0.0023648979
0.0023324058
0.0023013367
0.0022716155
0.0022431885
0.0022159679
0.0021899379
0.0021649468
0.0021411387
0.002117939
0.0020968568
0.0020656545
1.9441559
1.1421109
0.57411558
0.37125912
0.27647382
0.21913621
0.18000813
0.15153886
0.12991992
0.11297861
0.09937322
0.088228859
0.07895033
0.071118707
0.064430763
0.058661747
0.053641656
0.049239714
0.045353027
0.041901007
0.038818246
0.036051848
0.03355849
0.031302367
0.029253643
0.027387273
0.025682095
0.024120118
0.022685946
0.021366328
0.020149794
0.019026346
0.017987228
0.017024728
0.016132015
0.015303015
0.0145323
0.013815003
0.013146743
0.012523565
0.011941891
0.011398473
0.010890358
0.010414857
0.0099695168
0.0095520952
0.009160541
0.0087929755
0.0084476755
0.0081230592
0.007817673
0.0075301801
0.0072593499
0.0070040486
0.0067632307
0.0065359318
0.006321261
0.0061183948
0.0059265719
0.0057450873
0.0055732882
0.0054105694
0.0052563698
0.0051101682
0.0049714806
0.0048398573
0.0047148798
0.0045961585
0.0044833305
0.0043760576
0.0042740242
0.0041769358
0.0040845174
0.0039965117
0.0039126782
0.0038327917
0.0037566416
0.00368403
0.0036147718
0.0035486928
0.0034856298
0.0034254292
0.0033679466
0.003313046
0.0032605996
0.0032104864
0.0031625928
0.0031168106
0.0030730391
0.0030311797
0.0029911445
0.0029528381
0.002916192
0.0028810943
0.0028475248
0.0028152899
0.0027845735
0.0027546411
0.0027274305
0.0026871517
1.505254
1.1374437
0.618517
0.40466853
0.30351068
0.24224327
0.20019191
0.16940437
0.14589346
0.12737741
0.11244091
0.10015681
0.089891665
0.081197907
0.073750409
0.067307391
0.06168541
0.05674294
0.052368378
0.048474011
0.044988561
0.041854219
0.039023542
0.036457246
0.034122532
0.03199182
0.030041768
0.028252496
0.02660697
0.025090509
0.023690381
0.02239548
0.021196065
0.020083541
0.019050288
0.018089521
0.017195167
0.016361771
0.015584418
0.014858664
0.014180481
0.013546207
0.012952511
0.01239635
0.011874947
0.011385759
0.010926457
0.010494902
0.010089133
0.0097073456
0.0093478788
0.0090092038
0.0086899112
0.0083887008
0.0081043723
0.0078358166
0.0075820085
0.0073419992
0.0071149101
0.0068999272
0.0066962956
0.0065033149
0.0063203348
0.006146751
0.0059820018
0.0058255642
0.0056769517
0.0055357107
0.0054014184
0.0052736803
0.0051521282
0.005036418
0.0049262281
0.0048212576
0.0047212249
0.0046258662
0.0045349343
0.0044481971
0.0043654373
0.0042864502
0.0042110439
0.0041390377
0.0040702615
0.0040045552
0.0039417679
0.0038817572
0.0038243889
0.0037695352
0.0037170771
0.003666898
0.0036188941
0.0035729524
0.0035289917
0.0034868794
0.0034465915
0.0034078987
0.0033710184
0.003335079
0.0033023931
0.0032540012
1.1187502
1.0716923
0.6390392
0.42414901
0.3199491
0.2568878
0.21343376
0.18144833
0.15690064
0.13748198
0.12175512
0.10877459
0.097891964
0.08864745
0.080705983
0.073817656
0.067792348
0.06248299
0.057773411
0.053571983
0.049804207
0.046409491
0.043338026
0.040548497
0.038006356
0.035682503
0.033552277
0.031594645
0.029791562
0.028127454
0.026588805
0.025163806
0.023842089
0.022614498
0.021472904
0.02041006
0.019419472
0.0184953
0.017632274
0.016825624
0.01607102
0.015364519
0.01470253
0.01408177
0.013499235
0.012952172
0.012438057
0.011954569
0.011499574
0.011071109
0.010667364
0.01028667
0.0099274866
0.0095883917
0.0092680702
0.0089653059
0.0086789727
0.0084080278
0.0081515042
0.0079085051
0.0076781978
0.0074598092
0.0072526205
0.0070559631
0.006869215
0.0066917967
0.0065231681
0.0063628259
0.0062103
0.0060651516
0.0059269709
0.0057953743
0.0056700032
0.005550522
0.0054366161
0.0053279906
0.0052243691
0.0051254919
0.0050311154
0.0049410103
0.0048549613
0.0047727655
0.0046942322
0.0046191812
0.004547443
0.0044788573
0.0044132729
0.0043505462
0.0042905427
0.0042331311
0.0041781941
0.0041256045
0.00407527
0.0040270414
0.0039808907
0.0039365595
0.0038942919
0.0038531036
0.0038156249
0.0037601274
0.80990113
0.96884967
0.63913505
0.43349723
0.32876478
0.26533631
0.22151385
0.18910316
0.1641145
0.14426632
0.12813371
0.11477542
0.10354341
0.093976629
0.085738015
0.078575493
0.072296803
0.066752858
0.06182573
0.057422074
0.053465985
0.049895565
0.04665986
0.043716538
0.041030152
0.038570808
0.036313134
0.034235471
0.032319215
0.030548293
0.028908742
0.027388353
0.025976397
0.024663389
0.023440903
0.022301417
0.021238184
0.020245132
0.019316776
0.018448142
0.017634713
0.016872371
0.016157358
0.015486236
0.014855854
0.014263324
0.01370599
0.013181409
0.012687334
0.012221691
0.011782569
0.011368202
0.01097696
0.010607333
0.010257926
0.0099274465
0.0096146964
0.0093185649
0.0090380212
0.0087721081
0.0085199362
0.0082806783
0.0080535652
0.0078378806
0.0076329572
0.007438173
0.007252948
0.0070767407
0.0069090452
0.0067493891
0.0065973302
0.0064524552
0.0063143767
0.006182732
0.006057181
0.0059374046
0.0058231035
0.0057139963
0.0056098189
0.0055103225
0.0054152733
0.005324451
0.005237648
0.0051546685
0.0050753281
0.0049994519
0.0049268755
0.004857442
0.0047910049
0.0047274209
0.0046665617
0.0046082885
0.0045525001
0.0044990338
0.0044478581
0.0043986916
0.0043517984
0.0043061053
0.0042645038
0.0042028903
0.57532962
0.84575407
0.62275196
0.43501223
0.33203662
0.26927125
0.22580538
0.19351048
0.16849735
0.14855051
0.13228191
0.11877038
0.10737901
0.097652933
0.089258554
0.081945641
0.075522859
0.069841468
0.06478367
0.060255884
0.056182017
0.052499864
0.049158146
0.046114205
0.043332273
0.04078215
0.038438179
0.036278431
0.034284053
0.032438747
0.03072834
0.02914043
0.027664114
0.026289744
0.025008744
0.02381345
0.022696987
0.02165316
0.020676365
0.019761521
0.018904004
0.018099598
0.017344449
0.016635029
0.015968102
0.015340694
0.014750072
0.014193718
0.013669311
0.01317471
0.012707937
0.012267164
0.0118507
0.01145698
0.011084553
0.010732076
0.010398301
0.010082072
0.0097823121
0.0094980233
0.0092282757
0.0089722043
0.0087290036
0.0084979232
0.0082782633
0.0080693711
0.0078706372
0.0076814924
0.0075014045
0.0073298759
0.0071664409
0.0070106634
0.0068621348
0.0067204719
0.0065853154
0.0064563279
0.0063331926
0.0062156115
0.0061033048
0.0059960087
0.0058934752
0.0057954704
0.0057017739
0.0056121776
0.0055264852
0.0054445109
0.0053660795
0.005291024
0.0052191883
0.0051504195
0.0050845808
0.005021524
0.004961141
0.0049032584
0.0048478414
0.0047945915
0.0047437861
0.0046942857
0.0046491899
0.0045823895
0.40254858
0.71612478
0.59210143
0.42986204
0.33107412
0.26984233
0.22728534
0.19550876
0.17077566
0.15096883
0.13475711
0.12125209
0.10983626
0.10006666
0.091617107
0.084242161
0.077753589
0.072004665
0.066879033
0.0622839
0.058143817
0.054396956
0.050992271
0.047887242
0.045046173
0.042438891
0.040039733
0.037826744
0.035781036
0.033886262
0.032128203
0.030494407
0.028973919
0.027557044
0.026235154
0.02500054
0.023846279
0.022766127
0.021754437
0.02080608
0.019916388
0.019081099
0.018296315
0.017558464
0.016864265
0.016210703
0.015595003
0.015014604
0.014467145
0.013950446
0.013462491
0.013001414
0.012565488
0.012153113
0.011762804
0.011393186
0.011042979
0.010710996
0.010396133
0.010097362
0.0098137276
0.0095443386
0.009288365
0.0090450328
0.0088136198
0.0085934516
0.0083838982
0.0081843708
0.0079943184
0.0078132256
0.0076406096
0.0074760179
0.0073190263
0.0071692368
0.0070262759
0.0068897927
0.0067594573
0.0066349598
0.0065160082
0.0064023277
0.0062936595
0.0061897596
0.0060903977
0.0059953564
0.0059044304
0.0058174256
0.0057341584
0.0056544541
0.0055781491
0.0055050832
0.0054351129
0.005368083
0.0053038797
0.0052423216
0.0051833705
0.0051267162
0.0050726434
0.0050199666
0.0049719453
0.0049007988
0.27790446
0.58996423
0.54951274
0.41853173
0.32660298
0.26777718
0.22660415
0.19567573
0.17146463
0.15198241
0.13597349
0.12259376
0.11125256
0.10152364
0.09309168
0.085718368
0.079220325
0.07345414
0.06830589
0.063684349
0.059515319
0.055737842
0.052301507
0.049164261
0.046290756
0.043651074
0.041219742
0.038974947
0.036897903
0.034972346
0.033184112
0.031520797
0.029971481
0.028526492
0.027177226
0.025915985
0.024735855
0.023630598
0.022594569
0.021622636
0.020710127
0.019852771
0.019046663
0.018288217
0.01757414
0.016901402
0.016267211
0.015668989
0.01510436
0.014571123
0.014067243
0.013590837
0.013140159
0.012713587
0.012309621
0.011926865
0.011564022
0.011219885
0.010893334
0.010583324
0.010288881
0.010009098
0.0097431307
0.0094901882
0.0092495337
0.0090204785
0.008802379
0.0085946327
0.008396676
0.008207981
0.008028053
0.0078564281
0.0076926712
0.0075363737
0.0073871519
0.0072446452
0.0071085146
0.0069784409
0.0068541239
0.0067352804
0.0066216438
0.0065129624
0.0064089988
0.0063095287
0.0062143401
0.0061232324
0.006036016
0.0059525103
0.0058725459
0.0057959574
0.005722596
0.0056523012
0.0055849545
0.0055203692
0.0054585036
0.0053990401
0.0053422653
0.0052869662
0.005236519
0.0051617653
0.18940014
0.47398305
0.49771572
0.40122809
0.31894851
0.26349453
0.22416593
0.19438567
0.17090925
0.15190876
0.13622311
0.12306417
0.11187537
0.10225203
0.093892812
0.086568804
0.080103045
0.074356596
0.069218828
0.064600739
0.060429883
0.056646575
0.053201356
0.050052898
0.047166408
0.044512398
0.04206573
0.039804852
0.037711187
0.035768637
0.033963174
0.032282506
0.030715804
0.029253477
0.027886984
0.026608686
0.025411716
0.024289875
0.023237552
0.022249644
0.0213215
0.020448869
0.019627859
0.018854895
0.018126691
0.017440223
0.016792698
0.016181543
0.015604375
0.015058992
0.014543356
0.014055575
0.013593896
0.013156693
0.012742455
0.012349777
0.011977354
0.011623972
0.011288497
0.010969878
0.010667131
0.010379339
0.010105647
0.0098452563
0.0095974208
0.0093614427
0.0091366692
0.0089224895
0.0087183316
0.0085236593
0.0083379701
0.0081607922
0.0079916831
0.007830227
0.0076760332
0.0075287344
0.0073879849
0.0072534594
0.0071248514
0.007001872
0.0068842489
0.0067717249
0.0066640574
0.0065610171
0.0064623871
0.0063679621
0.0062775481
0.00619096
0.0061080243
0.0060285715
0.0059524489
0.0058794923
0.0058095794
0.00574252
0.0056782686
0.0056165044
0.0055575111
0.0055000637
0.0054476182
0.0053698898
0.12740908
0.37204698
0.43980462
0.37819967
0.3082003
0.25720121
0.22020011
0.19186387
0.16932609
0.15095418
0.13570131
0.12284749
0.11187795
0.10241452
0.094173192
0.086936694
0.080536091
0.074838058
0.069736093
0.065144058
0.060991725
0.057221051
0.053783819
0.050639651
0.047754492
0.045099432
0.042649786
0.040384364
0.038284879
0.036335469
0.034522301
0.032833245
0.031257608
0.029785915
0.028409727
0.027121489
0.025914408
0.024782354
0.023719768
0.022721597
0.021783234
0.020900462
0.020069419
0.019286558
0.018548614
0.01785258
0.017195679
0.016575348
0.015989215
0.015435085
0.014910922
0.014414841
0.013945088
0.013500039
0.013078181
0.012678109
0.012298515
0.01193818
0.011595971
0.011270829
0.010961767
0.010667865
0.010388261
0.010122152
0.0098687874
0.0096274636
0.0093975231
0.0091783497
0.0089693662
0.0087700316
0.0085798381
0.0083983091
0.0082249973
0.0080594819
0.0079013678
0.0077502829
0.0076058773
0.0074678211
0.0073358038
0.0072095324
0.0070887307
0.0069731376
0.0068625067
0.0067566052
0.0066552127
0.0065581205
0.0064651314
0.0063760571
0.0062907211
0.0062089509
0.006130591
0.0060554745
0.005983476
0.0059144035
0.0058482075
0.0057845671
0.005723759
0.0056645596
0.0056104738
0.0055302998
0.084602377
0.28563283
0.37900659
0.34995331
0.29435645
0.24897129
0.2148194
0.18823224
0.1668396
0.14924299
0.13453041
0.12206281
0.11137537
0.10212171
0.094038699
0.08692313
0.08061579
0.074990186
0.069944819
0.065397076
0.061279433
0.057535867
0.054119688
0.050991695
0.048118751
0.045472662
0.043029313
0.040767967
0.038670703
0.036721958
0.034908143
0.033217333
0.031639011
0.030163849
0.028783535
0.027490624
0.026278421
0.025140877
0.024072508
0.023068326
0.022123777
0.021234697
0.020397265
0.01960797
0.01886358
0.018161115
0.017497823
0.016871159
0.016278769
0.015718472
0.015188243
0.014686207
0.014210619
0.013759859
0.01333242
0.0129269
0.012541993
0.012176482
0.011829234
0.01149919
0.011185364
0.010886832
0.010602733
0.010332262
0.010074664
0.0098292354
0.0095953151
0.0093722845
0.0091595636
0.0089566084
0.0087629082
0.0085779837
0.0084013842
0.0082326864
0.0080714918
0.0079174257
0.0077701351
0.0076292873
0.0074945691
0.0073656846
0.0072423549
0.0071243163
0.0070113199
0.0069031302
0.0067995246
0.0067002919
0.0066052325
0.0065141561
0.0064268838
0.0063432411
0.0062630703
0.0061862028
0.0061125107
0.0060418013
0.005974021
0.0059088514
0.0058465588
0.005785932
0.0057304991
0.0056483128
0.05557372
0.21444021
0.31839892
0.317358
0.27744634
0.23881181
0.20806516
0.18354544
0.16351144
0.14684161
0.13277983
0.12078105
0.11043885
0.10144426
0.09355882
0.086595997
0.080408135
0.074876891
0.069906717
0.065419252
0.061350193
0.057645945
0.054261655
0.051159542
0.048307571
0.045678418
0.043248652
0.040998088
0.038909246
0.036966923
0.035157829
0.033470288
0.031893988
0.030419782
0.029039509
0.027745858
0.026532247
0.025392729
0.024321908
0.023314872
0.022367137
0.021474597
0.020633483
0.019840331
0.019091948
0.018385389
0.017717932
0.01708706
0.016490439
0.015925908
0.015391461
0.014885234
0.014405496
0.013950637
0.013519157
0.013109663
0.012720852
0.012351515
0.012000519
0.011666811
0.011349404
0.011047378
0.010759871
0.010486078
0.010225247
0.0099766703
0.0097396878
0.0095136799
0.0092980653
0.0090922988
0.0088958683
0.0087082927
0.0085291201
0.0083579252
0.008194308
0.0080378917
0.0078883217
0.0077452636
0.0076084021
0.0074774398
0.0073520957
0.0072321047
0.0071172159
0.0070071923
0.0069018093
0.0068008544
0.0067041261
0.0066114327
0.0065225937
0.0064374332
0.0063557917
0.0062774999
0.0062024276
0.0061303824
0.0060613062
0.0059948855
0.0059313732
0.0058695795
0.0058130353
0.0057291844
0.036354439
0.15729297
0.26068598
0.2816378
0.25762682
0.22671951
0.1999433
0.17781885
0.15936347
0.14377778
0.13048227
0.11903869
0.1091076
0.10042319
0.092775616
0.085997817
0.079955659
0.074540376
0.069663404
0.065251423
0.061243928
0.057590191
0.054247546
0.05117989
0.048356501
0.045751086
0.043341032
0.041106807
0.039031456
0.037100207
0.035300121
0.033619815
0.032049226
0.030579413
0.029202397
0.027911019
0.026698833
0.025560009
0.024489252
0.023481741
0.02253307
0.021639201
0.02079643
0.020001342
0.019250794
0.01854188
0.017871915
0.017238413
0.016639067
0.016071742
0.01553445
0.015025346
0.014542714
0.014084957
0.013650587
0.013238219
0.01284656
0.012474407
0.012120633
0.011784189
0.011464093
0.011159427
0.010869333
0.010593006
0.010329696
0.010078697
0.0098393495
0.0096110333
0.0093931677
0.0091852071
0.0089866392
0.0087969825
0.008615784
0.008442618
0.0082770834
0.0081188026
0.0079674199
0.0078225998
0.0076840261
0.0075514
0.0074244396
0.0073028785
0.0071864647
0.0070749601
0.006968139
0.0068657876
0.0067677035
0.0066736938
0.0065835769
0.006497176
0.0064143305
0.0063348703
0.0062586635
0.0061855188
0.0061153733
0.0060479203
0.0059833967
0.005920641
0.0058631717
0.0057779298
0.023747134
0.1128687
0.20802199
0.24427661
0.23524535
0.21273062
0.190454
0.17105065
0.15439573
0.14005549
0.12764638
0.11684878
0.10739834
0.099078169
0.091711049
0.085152241
0.079283212
0.074006291
0.06924101
0.06491994
0.060987002
0.057394827
0.054103305
0.051078312
0.048290665
0.045715285
0.043330522
0.041117612
0.039060223
0.037144084
0.035356673
0.033686951
0.032125143
0.030662551
0.029291406
0.028004727
0.026796223
0.025660197
0.024591474
0.023585336
0.022637465
0.021743905
0.020901019
0.020105455
0.019354123
0.018644165
0.017972935
0.017337985
0.016737041
0.016167993
0.015628879
0.015117874
0.014633281
0.014173517
0.01373711
0.013322686
0.012928962
0.012554742
0.012198909
0.01186042
0.011538297
0.011231627
0.010939555
0.010661282
0.010396056
0.010143177
0.0099019845
0.0096718607
0.0094522255
0.0092425339
0.009042274
0.0088509645
0.0086681524
0.0084934117
0.0083263413
0.0081665631
0.0080137208
0.0078674786
0.0077275195
0.0075935442
0.0074652701
0.0073424301
0.0072247714
0.0071120552
0.007004055
0.0069005564
0.0068013561
0.0067062606
0.0066150874
0.0065276593
0.0064438144
0.0063633828
0.0062862308
0.0062121686
0.0061411287
0.006072812
0.0060074381
0.0059438791
0.0058856288
0.0057992071
0.015506174
0.079378042
0.16185289
0.20686841
0.21086342
0.19696274
0.17961739
0.16323974
0.14860068
0.13566685
0.12426677
0.11420943
0.10531279
0.097414141
0.090372819
0.084069262
0.07840264
0.07328795
0.068653984
0.064440111
0.060595353
0.057076225
0.053845588
0.050871613
0.048126913
0.045587822
0.043233816
0.04104703
0.039011857
0.037114617
0.035343271
0.033687183
0.032136911
0.030684043
0.029321049
0.028041157
0.026838252
0.025706792
0.024641738
0.023638487
0.022692826
0.021800888
0.020959115
0.020164226
0.01941319
0.018703204
0.01803167
0.017396178
0.016794493
0.016224535
0.01568437
0.015172198
0.014686342
0.014225239
0.013787431
0.013371557
0.012976347
0.012600617
0.012243258
0.011903232
0.011579571
0.011271366
0.010977768
0.01069798
0.010431256
0.010176896
0.0099342432
0.0097026817
0.0094816327
0.0092705527
0.0090689305
0.0088762855
0.0086921654
0.0085161444
0.0083478215
0.0081868188
0.0080327799
0.0078853688
0.0077442682
0.0076091786
0.0074798169
0.0073559158
0.007237222
0.0071234961
0.0070145114
0.0069100528
0.0068099166
0.0067139087
0.0066218462
0.0065335514
0.0064488618
0.0063676076
0.0062896534
0.0062148116
0.0061430097
0.0060739573
0.006007855
0.0059436131
0.0058846917
0.0057972504
0.010130061
0.054813126
0.12287521
0.17093996
0.18523621
0.17964501
0.16749626
0.15440089
0.14197497
0.13060166
0.12033206
0.11111072
0.10284352
0.095426471
0.088758973
0.082749338
0.0773165
0.072389692
0.067908158
0.063819
0.060077048
0.056643263
0.053483912
0.050569809
0.047875638
0.045379369
0.04306178
0.040906047
0.038897408
0.037022866
0.035270947
0.033631478
0.032095408
0.030654652
0.029301957
0.02803079
0.026835242
0.025709946
0.024650017
0.023650987
0.022708759
0.02181957
0.02097995
0.020186699
0.019436854
0.018727672
0.018056609
0.017421302
0.016819557
0.016249329
0.015708716
0.015195946
0.014709364
0.01424743
0.013808703
0.013391839
0.012995581
0.012618756
0.012260267
0.011919085
0.011594248
0.011284856
0.010990064
0.01070908
0.010441163
0.010185616
0.0099417853
0.0097090574
0.0094868556
0.0092746381
0.0090718952
0.0088781473
0.0086929432
0.0085158576
0.0083464901
0.0081844631
0.0080294205
0.0078810263
0.0077389635
0.0076029322
0.0074726495
0.0073478476
0.0072282733
0.0071136868
0.0070038611
0.0068985808
0.006797642
0.0067008501
0.0066080219
0.0065189796
0.00643356
0.0063515936
0.0062729436
0.0061974246
0.0061249592
0.0060552663
0.0059885269
0.0059236917
0.0058641818
0.0057758396
0.0066275107
0.037227782
0.091115229
0.13778455
0.15925107
0.1611315
0.1542148
0.14457792
0.13452936
0.12485543
0.11583146
0.10754022
0.099978783
0.093105122
0.086861559
0.081186655
0.076020994
0.071309547
0.067003175
0.063057646
0.05943433
0.056099201
0.053022395
0.050177738
0.047542276
0.045095852
0.042820738
0.040701311
0.038723776
0.03687593
0.035146945
0.033527187
0.032008052
0.030581834
0.0292416
0.027981089
0.026794626
0.025677049
0.024623645
0.023630102
0.022692454
0.021807056
0.02097054
0.020179794
0.019431935
0.018724287
0.018054369
0.017419869
0.016818638
0.016248675
0.015708111
0.015195206
0.014708334
0.014245976
0.013806713
0.013389218
0.012992252
0.012614655
0.01225534
0.01191329
0.011587552
0.011277234
0.010981497
0.010699556
0.010430673
0.010174157
0.0099293563
0.0096956617
0.0094724987
0.0092593275
0.0090556405
0.0088609596
0.0086748347
0.0084968417
0.0083265808
0.0081636752
0.0080077692
0.0078585272
0.0077156323
0.007578785
0.0074477022
0.0073221163
0.0072017739
0.0070864353
0.0069758731
0.0068698719
0.0067682274
0.0066707452
0.0065772415
0.0064875387
0.0064014728
0.006318875
0.0062396069
0.0061634858
0.0060904291
0.0060201656
0.0059528558
0.005887493
0.0058274559
0.0057382995
0.0043459907
0.024918731
0.066086085
0.10834124
0.1338364
0.14189364
0.13997136
0.13385483
0.12629721
0.1184363
0.1107605
0.10348778
0.096706497
0.090438073
0.084669623
0.079371765
0.074508327
0.070041356
0.065934415
0.062152834
0.058665234
0.055443183
0.052461153
0.049696354
0.047128506
0.044739574
0.042513526
0.040436107
0.038494632
0.036677799
0.034975526
0.033378793
0.031879512
0.030470407
0.029144912
0.027897079
0.0267215
0.025613244
0.024567799
0.023581025
0.022649109
0.021768537
0.020936058
0.02014866
0.01940355
0.018698131
0.018029986
0.017396868
0.016796677
0.01622746
0.015687388
0.015174756
0.01468797
0.014225536
0.01378606
0.013368236
0.012970842
0.012592734
0.012232839
0.011890152
0.011563731
0.011252692
0.010956204
0.010673489
0.010403814
0.010146494
0.009900881
0.0096663696
0.0094423884
0.0092284005
0.0090239002
0.0088284115
0.0086414858
0.0084627005
0.0082916568
0.0081279788
0.0079713115
0.0078213198
0.0076776874
0.0075401149
0.0074083197
0.0072820341
0.0071610049
0.0070449923
0.0069337691
0.0068271197
0.0067248398
0.0066267348
0.0065326208
0.0064423201
0.0063556685
0.0062724977
0.0061926677
0.0061159987
0.006042403
0.0059716193
0.0059037876
0.0058379448
0.0057774253
0.0056875168
0.0028599193
0.016478602
0.046966564
0.083139762
0.10985971
0.12249028
0.12504234
0.12236409
0.11734169
0.111371
0.10512598
0.098949634
0.093017723
0.087414275
0.082171727
0.07729378
0.07276864
0.068576496
0.064694551
0.061098501
0.05776489
0.054671433
0.051797395
0.049123753
0.046633209
0.044310107
0.042140326
0.040111153
0.038211156
0.036430061
0.034758628
0.03318854
0.031712292
0.0303231
0.029014816
0.027781846
0.026619089
0.025521874
0.024485916
0.023507273
0.022582304
0.021707644
0.020880172
0.020096994
0.019355415
0.018652926
0.01798719
0.017356024
0.016757391
0.016189388
0.015650234
0.015138263
0.014651915
0.014189729
0.013750336
0.013332455
0.012934884
0.012556496
0.012196235
0.011853109
0.011526189
0.011214599
0.010917521
0.010634181
0.010363856
0.010105864
0.0098595637
0.0096243533
0.0093996655
0.0091849663
0.008979753
0.0087835518
0.0085959162
0.0084164251
0.0082446813
0.0080803099
0.0079229568
0.0077722879
0.0076279874
0.0074897564
0.0073573126
0.0072303887
0.0071087317
0.006992102
0.0068802725
0.0067730275
0.0066701628
0.0065714837
0.0064768064
0.0063859532
0.0062987594
0.0062150574
0.0061347062
0.0060575282
0.0059834311
0.0059121636
0.0058438449
0.0057775562
0.0057165873
0.0056259707
0.0018905527
0.010790153
0.032770681
0.062312496
0.088035511
0.10351892
0.1097745
0.11029066
0.10776115
0.1037098
0.098950389
0.093932166
0.088909797
0.084026279
0.079358185
0.074942287
0.070791666
0.066905339
0.063274842
0.059886902
0.05672657
0.053778211
0.051026316
0.048455994
0.046053233
0.043805014
0.041699341
0.039725224
0.037872637
0.036132457
0.034496396
0.032956927
0.031507206
0.030141006
0.028852649
0.027636944
0.026489132
0.025404841
0.024380043
0.023411017
0.022494316
0.021626745
0.020805332
0.02002731
0.019290099
0.01859129
0.017928633
0.017300023
0.016703489
0.016137187
0.015599388
0.015088472
0.01460292
0.014141304
0.013702288
0.013284616
0.01288711
0.012508663
0.012148238
0.011804858
0.011477609
0.011165626
0.010868101
0.01058427
0.010313417
0.010054868
0.0098079875
0.0095721777
0.0093468763
0.0091315531
0.0089257087
0.0087288721
0.0085405992
0.008360471
0.008188092
0.0080230887
0.0078651084
0.0077138179
0.0075689022
0.0074300631
0.007297019
0.007169503
0.0070472624
0.0069300578
0.0068176623
0.0067098606
0.0066064483
0.006507231
0.0064120247
0.006320652
0.0062329479
0.0061487454
0.0060679023
0.0059902437
0.0059156725
0.0058439476
0.0057751673
0.005708457
0.0056470634
0.0055557699
0.0012565917
0.0070108234
0.022490561
0.045660231
0.068860548
0.085555784
0.094564717
0.097870126
0.097691925
0.095530309
0.092275518
0.088455186
0.08438919
0.080272666
0.076223115
0.072309088
0.068568223
0.065018533
0.061666256
0.058509598
0.055542572
0.052756614
0.05014182
0.047687761
0.045384004
0.043220412
0.041187325
0.039275656
0.037476938
0.035783329
0.034187603
0.032683115
0.031263763
0.029923944
0.028658508
0.027462717
0.026332198
0.025262913
0.024251123
0.023293355
0.022386383
0.021527201
0.020713004
0.019941171
0.019209249
0.018514943
0.0178561
0.017230702
0.016636854
0.01607278
0.015536809
0.015027373
0.014542997
0.014082296
0.013643965
0.01322678
0.01282959
0.012451312
0.012090929
0.011747483
0.011420073
0.011107852
0.010810021
0.010525829
0.010254567
0.0099955694
0.0097482078
0.0095118907
0.0092860606
0.0090701922
0.0088637896
0.0086663856
0.0084775387
0.0082968324
0.0081238735
0.0079582902
0.0077997314
0.0076478651
0.0075023775
0.0073629714
0.0072293656
0.0071012942
0.0069785048
0.0068607585
0.0067478288
0.0066395004
0.0065355693
0.0064358413
0.0063401323
0.0062482653
0.0061600749
0.0060753951
0.0059940822
0.0059159644
0.0058409396
0.0057687769
0.0056995542
0.0056324404
0.005570641
0.0054786931
0.00084158326
0.0045306402
0.015205504
0.032751902
0.05258636
0.069095941
0.079828615
0.085379603
0.087307744
0.086939368
0.085165202
0.082554713
0.079474059
0.076160286
0.072766364
0.069389837
0.066091607
0.062908197
0.059860493
0.056958349
0.054205006
0.051599271
0.04913714
0.046812932
0.044620044
0.04255145
0.040600023
0.038758754
0.037020881
0.035379977
0.033829986
0.032365242
0.030980466
0.029670747
0.028431527
0.02725857
0.026147936
0.02509596
0.024099224
0.023154537
0.022258916
0.021409567
0.020603874
0.019839378
0.01911377
0.018424882
0.01777067
0.017149214
0.016558706
0.015997444
0.015463825
0.014956337
0.014473558
0.014014146
0.013576839
0.013160446
0.012763846
0.012385984
0.012025865
0.011682553
0.011355165
0.011042869
0.010744881
0.010460462
0.010188913
0.0099295782
0.0096818372
0.0094451055
0.0092188318
0.0090024958
0.0087956066
0.0085977007
0.0084083404
0.0082271121
0.0080536251
0.0078875099
0.0077284173
0.0075760169
0.0074299963
0.0072900594
0.0071559262
0.0070273314
0.0069040233
0.0067857638
0.0066723266
0.0065634969
0.0064590711
0.0063588552
0.0062626653
0.0061703245
0.0060816676
0.0059965292
0.0059147646
0.0058362046
0.0057607427
0.0056881579
0.005618508
0.0055510048
0.0054888154
0.0053962303
0.00057064613
0.0029219917
0.010141455
0.023030674
0.039230307
0.054505143
0.065962317
0.073121118
0.076814723
0.07807272
0.077706719
0.076285019
0.0741964
0.071706279
0.068995304
0.066185604
0.063358927
0.060569061
0.057850965
0.055225952
0.052706517
0.050298971
0.048005398
0.045825068
0.043755411
0.041792704
0.039932533
0.038170122
0.036500559
0.034918951
0.033420523
0.032000683
0.030655054
0.029379493
0.028170092
0.027023173
0.025935276
0.024903146
0.023923726
0.022994136
0.022111664
0.021273756
0.020477999
0.01972212
0.019003971
0.018321522
0.017672856
0.01705616
0.016469724
0.015911929
0.015381247
0.014876233
0.014395522
0.013937823
0.013501919
0.013086658
0.012690955
0.012313783
0.011954175
0.01161122
0.011284054
0.010971864
0.010673883
0.010389384
0.010117682
0.0098581313
0.0096101208
0.0093730744
0.0091464477
0.0089297269
0.0087224265
0.0085240877
0.008334277
0.0081525845
0.0079786225
0.0078120243
0.0076524429
0.0074995501
0.007353035
0.0072126031
0.0070779756
0.0069488882
0.0068250904
0.0067063445
0.0065924251
0.0064831179
0.0063782197
0.0062775368
0.0061808857
0.00608809
0.0059989842
0.005913404
0.0058312036
0.0057522167
0.0056763322
0.0056033389
0.0055332753
0.0054653946
0.0054028293
0.0053096215
0.00039462464
0.0018921043
0.0066843687
0.015903522
0.028617275
0.041992435
0.053303894
0.061398657
0.066441449
0.069091664
0.070010465
0.069719656
0.068603614
0.066939772
0.064926461
0.062704341
0.060372397
0.057999586
0.055633754
0.053307063
0.051040991
0.048849275
0.046740129
0.044717871
0.042784103
0.040938543
0.039179631
0.037504962
0.035911598
0.034396293
0.032955655
0.031586257
0.030284706
0.029047693
0.027872024
0.026754633
0.025692586
0.024683086
0.023723468
0.022811196
0.02194386
0.021119168
0.020334938
0.0195891
0.018879683
0.018204815
0.017562716
0.016951696
0.016370152
0.015816559
0.015289474
0.014787526
0.014309413
0.013853905
0.013419832
0.013006088
0.012611625
0.012235455
0.011876639
0.011534291
0.011207574
0.010895695
0.010597904
0.010313492
0.010041788
0.0097821574
0.0095340007
0.0092967511
0.0090698729
0.0088528593
0.0086452313
0.0084465359
0.0082563443
0.008074251
0.007899872
0.0077328439
0.0075728226
0.007419482
0.0072725136
0.0071316247
0.0069965381
0.0068669907
0.0067427333
0.0066235291
0.0065091535
0.006399393
0.0062940451
0.0061929165
0.0060958242
0.0060025922
0.0059130553
0.0058270499
0.0057444295
0.0056650304
0.0055887375
0.005515349
0.0054448847
0.005376638
0.0053137106
0.0052198938
0.00028091393
0.0012346149
0.004366121
0.010805937
0.020438837
0.031607299
0.04210167
0.0504918
0.056424441
0.060176377
0.062207469
0.062951123
0.06275925
0.061903083
0.060586858
0.058962205
0.057140557
0.05520304
0.053208553
0.051199012
0.049204255
0.047245118
0.0453358
0.043485642
0.041700451
0.039983466
0.038336074
0.036758339
0.0352494
0.033807755
0.032431487
0.031118413
0.0298662
0.028672441
0.027534718
0.026450626
0.025417808
0.024433963
0.023496859
0.022604338
0.021754319
0.020944798
0.020173851
0.019439627
0.018740355
0.018074335
0.017439941
0.016835619
0.016259884
0.015711318
0.01518857
0.014690352
0.014215436
0.013762655
0.013330896
0.012919103
0.012526274
0.012151457
0.01179375
0.011452296
0.011126286
0.01081495
0.01051756
0.010233424
0.009961889
0.0097023336
0.0094541711
0.0092168457
0.0089898312
0.0087726296
0.0085647693
0.0083658038
0.0081753102
0.007992888
0.0078181577
0.0076507597
0.0074903533
0.0073366154
0.00718924
0.0070479366
0.00691243
0.0067824588
0.0066577751
0.0065381435
0.0064233404
0.0063131534
0.0062073805
0.0061058294
0.0060083175
0.0059146696
0.0058247205
0.0057383077
0.005655284
0.0055754887
0.0054988023
0.0054250327
0.0053541814
0.0052855805
0.0052223053
0.0051278943
0.0002079053
0.00081382828
0.0028354455
0.0072409649
0.014315716
0.023259069
0.032495348
0.040630187
0.046990231
0.051515883
0.054444447
0.056088876
0.056742656
0.05665225
0.056014955
0.054984644
0.053679352
0.052188523
0.050579594
0.048902619
0.047194789
0.04548342
0.043788341
0.042123727
0.040499513
0.038922445
0.03739689
0.035925438
0.034509369
0.033149002
0.031843963
0.030593387
0.029396065
0.028250557
0.027155269
0.026108516
0.025108559
0.024153636
0.023241984
0.022371856
0.02154153
0.020749319
0.019993576
0.019272697
0.018585126
0.017929355
0.017303927
0.016707436
0.01613853
0.015595909
0.015078325
0.014584581
0.014113532
0.013664081
0.013235181
0.01282583
0.012435076
0.012062011
0.011705772
0.011365537
0.011040527
0.010729999
0.010433248
0.010149606
0.0098784346
0.0096191317
0.009371124
0.0091338685
0.0089068501
0.0086895806
0.0084815972
0.008282461
0.008091756
0.0079090875
0.0077340812
0.0075663822
0.0074056537
0.0072515763
0.0071038469
0.0069621778
0.006826296
0.0066959422
0.0065708704
0.0064508467
0.0063356489
0.0062250656
0.0061188959
0.0060169485
0.0059190415
0.0058250004
0.0057346605
0.0056478604
0.0055644523
0.0054842782
0.0054072152
0.00533308
0.0052618571
0.0051929152
0.005129308
0.005034319
0.00016126367
0.00054420812
0.0018398333
0.0047975233
0.0098523733
0.016751862
0.024512968
0.031973381
0.038336399
0.043295304
0.046876367
0.049255437
0.050647291
0.051256645
0.051260994
0.050807109
0.050013012
0.048971868
0.047756503
0.046422984
0.045014432
0.043563713
0.042095687
0.040628993
0.039177473
0.037751272
0.036357685
0.035001826
0.033687141
0.032415807
0.031189046
0.030007361
0.028870721
0.027778702
0.026730588
0.025725456
0.024762228
0.02383972
0.022956674
0.022111787
0.021303725
0.020531143
0.019792698
0.019087053
0.018412887
0.017768901
0.017153825
0.016566416
0.016005468
0.015469809
0.014958306
0.014469866
0.014003431
0.013557985
0.013132551
0.012726192
0.01233801
0.011967146
0.01161278
0.011274131
0.010950452
0.010641031
0.010345192
0.010062288
0.0097917044
0.0095328561
0.0092851867
0.0090481676
0.0088212966
0.0086040969
0.0083961156
0.0081969229
0.0080061105
0.0078232906
0.0076480951
0.0074801744
0.0073191966
0.0071648462
0.007016824
0.0068748453
0.00673864
0.0066079515
0.0064825355
0.0063621603
0.0062466053
0.0061356607
0.0060291267
0.0059268131
0.005828539
0.005734131
0.0056434248
0.0055562604
0.0054724894
0.0053919569
0.0053145363
0.0052400533
0.0051684761
0.0050992083
0.0050352865
0.0049397388
0.0001315383
0.00037204233
0.0011992004
0.0031523408
0.0066775486
0.011826172
0.018083056
0.024599911
0.030614561
0.035681737
0.039656893
0.04258058
0.044577534
0.045797498
0.046386585
0.046475263
0.046174586
0.045576334
0.044755051
0.043770216
0.042669064
0.041488758
0.040258328
0.039000308
0.037732074
0.036466929
0.03521496
0.033983729
0.032778818
0.031604262
0.030462894
0.029356615
0.02828661
0.027253505
0.026257503
0.025298481
0.02437606
0.023489669
0.022638586
0.021821982
0.021038941
0.020288487
0.0195696
0.018881235
0.018222325
0.0175918
0.016988591
0.016411634
0.015859882
0.015332306
0.014827898
0.014345676
0.013884684
0.013443992
0.013022703
0.012619949
0.012234893
0.011866732
0.011514695
0.011178042
0.010856067
0.010548092
0.01025347
0.0099715831
0.0097018391
0.0094436745
0.0091965515
0.0089599582
0.0087334069
0.0085164339
0.0083085979
0.008109479
0.0079186782
0.0077358157
0.0075605305
0.0073924792
0.0072313355
0.0070767887
0.0069285439
0.0067863204
0.0066498512
0.0065188826
0.0063931733
0.0062724935
0.0061566247
0.0060453589
0.005938498
0.005835853
0.0057372442
0.0056424995
0.0055514553
0.0054639529
0.0053798439
0.005298976
0.00522122
0.0051464096
0.0050744979
0.0050049215
0.0049407049
0.0048446207
0.00011256487
0.00026300127
0.0007878074
0.0020622068
0.0044688419
0.0081987214
0.013058091
0.0185073
0.023918321
0.028810658
0.032927533
0.036193828
0.038643944
0.040365171
0.041463353
0.042044522
0.042206035
0.042033005
0.041597706
0.040960053
0.040169231
0.039265135
0.038279857
0.037239038
0.036163045
0.03506797
0.033966445
0.032868323
0.031781226
0.030710994
0.029662052
0.028637699
0.027640343
0.026671686
0.025732874
0.02482461
0.023947245
0.023100848
0.022285266
0.021500166
0.020745076
0.020019414
0.019322509
0.018653623
0.018011968
0.017396717
0.016807018
0.016242005
0.015700801
0.015182533
0.014686331
0.014211334
0.013756696
0.013321586
0.012905191
0.012506721
0.012125407
0.011760508
0.011411305
0.011077109
0.010757255
0.010451104
0.010158044
0.0098774854
0.0096088648
0.0093516419
0.0091053004
0.0088693467
0.0086433101
0.0084267415
0.0082192128
0.0080203159
0.007829662
0.0076468807
0.0074716191
0.007303541
0.0071423265
0.0069876708
0.0068392839
0.0066968894
0.0065602244
0.0064290388
0.0063030941
0.0061821634
0.0060660306
0.0059544898
0.0058473447
0.0057444083
0.0056455019
0.0055504551
0.0054591052
0.0053712951
0.0052868766
0.0052057
0.0051276336
0.0050525191
0.0049802956
0.0049104306
0.0048459411
0.0047493464
0.00010038423
0.00019463286
0.00052414358
0.0013527754
0.0029630148
0.0055944966
0.0092434918
0.01362248
0.018278436
0.022775077
0.026806819
0.030215864
0.032957173
0.035055188
0.036570567
0.037578803
0.038157727
0.038380781
0.03831391
0.038014295
0.037530648
0.036903776
0.036167482
0.035349524
0.034472547
0.033554918
0.032611452
0.031654041
0.030692178
0.029733401
0.028783655
0.0278476
0.026928853
0.026030189
0.025153704
0.024300942
0.023473003
0.022670616
0.021894216
0.021143993
0.020419941
0.01972189
0.019049539
0.01840248
0.017780217
0.017182186
0.01660777
0.016056312
0.015527122
0.015019494
0.014532707
0.014066035
0.01361875
0.013190128
0.012779451
0.012386013
0.012009121
0.011648101
0.011302294
0.010971064
0.010653795
0.010349889
0.010058773
0.009779892
0.009512712
0.0092567198
0.009011423
0.0087763491
0.0085510462
0.008335082
0.0081280433
0.0079295354
0.0077391812
0.0075566209
0.0073815109
0.0072135236
0.0070523463
0.0068976807
0.0067492428
0.0066067614
0.006469978
0.0063386468
0.0062125327
0.0060914123
0.0059750721
0.0058633087
0.0057559283
0.0056527457
0.0055535841
0.0054582746
0.0053666558
0.0052785725
0.0051938766
0.0051124215
0.0050340733
0.0049586814
0.0048861718
0.0048160407
0.0047513031
0.0046542276
9.2496023e-05
0.00015207206
0.00035660041
0.00089360857
0.0019551108
0.0037682328
0.0064262209
0.0098198086
0.013665965
0.017619362
0.021381079
0.024749778
0.027620967
0.029963152
0.031791716
0.0331484
0.034087263
0.034665837
0.034939978
0.034960978
0.034774535
0.034420374
0.03393247
0.033339531
0.032665598
0.031930658
0.03115123
0.030340895
0.029510766
0.028669902
0.027825648
0.026983944
0.026149565
0.025326328
0.024517267
0.023724767
0.022950677
0.022196399
0.02146297
0.020751117
0.020061316
0.019393828
0.018748738
0.018125985
0.017525383
0.016946647
0.016389408
0.015853233
0.015337634
0.014842083
0.014366021
0.013908867
0.013470021
0.013048876
0.012644816
0.01225723
0.011885506
0.011529043
0.01118725
0.010859549
0.010545375
0.010244181
0.0099554341
0.0096786171
0.0094132303
0.0091587904
0.0089148316
0.0086809053
0.0084565808
0.0082414446
0.0080351003
0.0078371683
0.0076472851
0.0074651028
0.0072902885
0.007122524
0.0069615052
0.0068069414
0.0066585552
0.0065160815
0.0063792671
0.0062478707
0.0061216619
0.0060004205
0.0058839368
0.0057720103
0.0056644495
0.0055610719
0.0054617027
0.0053661751
0.005274329
0.0051860113
0.0051010745
0.005019375
0.0049407771
0.0048651377
0.0047923708
0.0047219993
0.0046570408
0.0045595186
8.7353848e-05
0.00012555277
0.0002517734
0.00059617865
0.0012939401
0.002515056
0.0043983572
0.0069425544
0.010002489
0.013338896
0.01669835
0.019873327
0.022724966
0.025178916
0.027210181
0.028826978
0.030057531
0.030940494
0.031518535
0.031834198
0.031927695
0.031835623
0.03159048
0.031220617
0.030750453
0.030200813
0.029589324
0.028930804
0.028237656
0.027520205
0.026787023
0.026045197
0.025300571
0.024557945
0.023821251
0.023093687
0.022377843
0.021675792
0.020989171
0.020319255
0.019667009
0.019033139
0.018418129
0.017822276
0.017245722
0.01668847
0.016150418
0.015631367
0.015131042
0.014649109
0.01418518
0.013738829
0.013309596
0.012896998
0.012500534
0.01211969
0.011753947
0.011402784
0.011065681
0.010742125
0.01043161
0.01013364
0.0098477297
0.0095734037
0.0093101997
0.0090576678
0.008815372
0.0085828904
0.0083598158
0.0081457561
0.0079403337
0.0077431861
0.0075539647
0.0073723354
0.0071979774
0.0070305834
0.0068698588
0.0067155216
0.006567302
0.0064249418
0.0062881941
0.006156823
0.0060306027
0.0059093178
0.0057927621
0.0056807387
0.0055730594
0.0054695442
0.0053700209
0.0052743248
0.0051822981
0.0050937894
0.0050086524
0.0049267467
0.004847935
0.0047720814
0.0046990895
0.0046285062
0.0045633568
0.0044654261
8.3931722e-05
0.00010882041
0.00018717452
0.00040444291
0.0008626829
0.0016721003
0.0029733924
0.0048237143
0.0071750338
0.0098855445
0.012766555
0.015633422
0.018338207
0.020780566
0.022904286
0.024687819
0.026134034
0.027261424
0.028097412
0.028673516
0.02902228
0.02917523
0.029161726
0.029008392
0.028738914
0.028374071
0.027931898
0.027427911
0.026875378
0.026285579
0.025668063
0.025030889
0.024380835
0.023723586
0.023063901
0.022405749
0.021752425
0.021106651
0.020470659
0.019846264
0.019234924
0.018637792
0.01805576
0.017489494
0.01693947
0.016405995
0.01588924
0.015389255
0.01490599
0.014439312
0.013989018
0.013554846
0.013136486
0.01273359
0.012345776
0.011972639
0.011613758
0.0112687
0.010937023
0.010618285
0.010312043
0.010017859
0.0097352982
0.0094639318
0.0092033389
0.0089531066
0.008712832
0.0084821228
0.0082605981
0.0080478895
0.0078436408
0.0076475082
0.0074591604
0.0072782783
0.007104555
0.0069376953
0.0067774156
0.0066234437
0.0064755186
0.0063333899
0.0061968176
0.0060655722
0.0059394335
0.005818191
0.005701643
0.0055895968
0.0054818675
0.0053782786
0.0052786606
0.0051828516
0.0050906958
0.0050020445
0.0049167527
0.0048346829
0.0047556973
0.0046796668
0.0046064854
0.0045357222
0.0044704145
0.0043721182
8.1559606e-05
9.8018092e-05
0.00014752431
0.00028258265
0.00058064402
0.001117899
0.0019946487
0.0033028792
0.0050526201
0.0071777362
0.0095562856
0.012043807
0.014504286
0.01682893
0.0189422
0.020799563
0.02238158
0.023687234
0.024727976
0.025522884
0.026095167
0.026469612
0.026670909
0.026722608
0.026646521
0.026462434
0.026188017
0.025838865
0.025428618
0.024969119
0.024470597
0.023941844
0.023390395
0.022822685
0.022244197
0.021659592
0.02107282
0.020487213
0.01990557
0.01933023
0.018763134
0.018205879
0.017659765
0.01712583
0.01660489
0.016097563
0.015604301
0.015125413
0.014661081
0.014211386
0.013776317
0.013355787
0.012949644
0.012557682
0.012179648
0.011815256
0.011464188
0.011126104
0.010800651
0.01048746
0.01018616
0.0098963727
0.0096177206
0.0093498256
0.0090923122
0.0088448084
0.0086069477
0.0083783705
0.0081587255
0.0079476703
0.0077448723
0.0075500091
0.0073627682
0.0071828478
0.0070099562
0.0068438119
0.0066841438
0.0065306908
0.0063832016
0.0062414348
0.0061051584
0.00597415
0.0058481957
0.0057270908
0.0056106389
0.0054986517
0.0053909485
0.0052873565
0.0051877096
0.005091849
0.0049996213
0.0049108808
0.004825484
0.0047432969
0.0046641813
0.0045880147
0.004514683
0.0044437751
0.0043783448
0.00427973
7.986056e-05
9.085011e-05
0.00012286277
0.00020654135
0.00039694539
0.00075386556
0.0013367615
0.0022377292
0.0035015013
0.0051130672
0.0070076406
0.0090863933
0.011239005
0.0133634
0.015377271
0.017221836
0.018860574
0.020275521
0.021462923
0.022429072
0.023186903
0.023753255
0.024146878
0.024387037
0.02449258
0.024481346
0.024369837
0.024173052
0.023904452
0.023575997
0.023198234
0.022780407
0.022330579
0.021855758
0.021362018
0.020854606
0.020338045
0.019816218
0.019292446
0.018769562
0.018249966
0.017735687
0.017228423
0.016729581
0.016240316
0.01576156
0.01529405
0.014838359
0.014394911
0.013964004
0.01354583
0.013140483
0.012747977
0.012368258
0.012001209
0.011646669
0.01130443
0.010974257
0.010655884
0.010349028
0.010053391
0.0097686623
0.0094945258
0.0092306585
0.0089767344
0.0087324265
0.0084974083
0.0082713564
0.0080539516
0.0078448808
0.0076438374
0.0074505225
0.0072646449
0.0070859217
0.0069140784
0.0067488489
0.0065899759
0.0064372107
0.0062903133
0.0061490522
0.0060132044
0.0058825555
0.0057568992
0.005636037
0.0055197783
0.0054079403
0.005300347
0.0051968297
0.0050972264
0.0050013815
0.004909145
0.0048203738
0.004734927
0.0046526739
0.0045734765
0.0044972186
0.0044237794
0.0043527653
0.0042872509
0.0041883698
7.8630004e-05
8.5962505e-05
0.00010712027
0.00015961992
0.00027909021
0.00051360619
0.00090358806
0.0015095073
0.0023969294
0.0035810528
0.0050397504
0.0067160207
0.0085309442
0.010399734
0.012244435
0.014001263
0.015623237
0.01707961
0.018353633
0.01943964
0.020340223
0.021063678
0.021621957
0.022029081
0.022299981
0.022449669
0.022492684
0.022442741
0.02231254
0.022113668
0.021856586
0.021550657
0.021204207
0.020824601
0.020418331
0.019991095
0.019547883
0.019093043
0.018630357
0.018163099
0.017694098
0.017225784
0.016760235
0.016299215
0.015844211
0.015396465
0.014957001
0.014526654
0.014106093
0.013695843
0.013296298
0.012907743
0.012530365
0.012164267
0.011809477
0.011465962
0.011133636
0.010812369
0.010501995
0.010202318
0.009913119
0.0096341624
0.0093651964
0.0091059581
0.0088561756
0.0086155706
0.0083838605
0.0081607614
0.0079459896
0.007739264
0.0075403069
0.0073488451
0.0071646111
0.0069873429
0.006816785
0.0066526887
0.006494812
0.00634292
0.0061967853
0.0060561877
0.0059209142
0.0057907596
0.0056655256
0.0055450213
0.0054290628
0.0053174729
0.0052100814
0.0051067243
0.0050072439
0.0049114887
0.0048193121
0.0047305747
0.0046451379
0.0045628748
0.0044836481
0.0044073479
0.0043338479
0.0042627699
0.0041972129
0.0040981224
7.7750073e-05
8.2576599e-05
9.6764141e-05
0.00013050624
0.0002049929
0.00035599169
0.00061676434
0.0010247903
0.0016306673
0.0024739842
0.003561212
0.004867769
0.0063449154
0.0079302674
0.0095582656
0.011168392
0.012710181
0.014145258
0.015447274
0.016600539
0.017598163
0.018440023
0.019130936
0.019679088
0.020094779
0.020389451
0.020574968
0.020663107
0.020665221
0.020592017
0.020453436
0.020258598
0.020015787
0.019732477
0.01941537
0.01907045
0.018703039
0.018317846
0.017919026
0.017510231
0.01709466
0.016675107
0.016254001
0.015833441
0.01541523
0.015000908
0.014591778
0.014188938
0.0137933
0.013405613
0.013026481
0.012656383
0.012295683
0.011944644
0.011603447
0.011272194
0.010950923
0.010639619
0.010338218
0.010046618
0.0097646875
0.0094922661
0.0092291735
0.0089752111
0.0087301652
0.0084938103
0.0082659117
0.0080462283
0.0078345155
0.0076305268
0.0074340162
0.0072447393
0.0070624539
0.0068869217
0.0067179081
0.0065551833
0.0063985225
0.0062477064
0.0061025213
0.0059627596
0.0058282198
0.0056987066
0.0055740313
0.005454011
0.0053384694
0.0052272361
0.0051201468
0.0050170433
0.0049177725
0.0048221878
0.0047301464
0.0046415128
0.0045561514
0.0044739393
0.0043947408
0.0043184516
0.0042449414
0.0041738454
0.0041082904
0.0040090527
7.7145051e-05
8.0225079e-05
8.977416e-05
0.00011204511
0.00015902691
0.00025445644
0.00042619039
0.000702301
0.0011137774
0.0016946016
0.0024797085
0.0034654864
0.0046276958
0.0059265286
0.0073130257
0.0087360194
0.010147791
0.011507708
0.012783924
0.013953537
0.015001885
0.0159213
0.016709721
0.017369356
0.017905489
0.018325472
0.018637921
0.018852106
0.01897749
0.019023408
0.018998845
0.018912293
0.018771669
0.018584276
0.018356797
0.018095308
0.017805301
0.017491715
0.017158973
0.016811015
0.016451346
0.016083068
0.015708917
0.015331292
0.01495229
0.014573727
0.014197176
0.013823983
0.013455301
0.013092099
0.012735193
0.012385252
0.01204282
0.011708329
0.011382109
0.011064407
0.010755389
0.010455157
0.010163758
0.0098811881
0.0096074049
0.0093423315
0.0090858624
0.0088378675
0.008598196
0.008366679
0.0081431334
0.0079273647
0.0077191703
0.007518342
0.007324668
0.0071379351
0.0069579295
0.0067844383
0.0066172501
0.006456156
0.0063009503
0.0061514305
0.0060073985
0.0058686609
0.0057350284
0.0056063174
0.0054823493
0.0053629506
0.0052479532
0.0051371946
0.0050305171
0.0049277688
0.0048288023
0.004733476
0.0046416516
0.004553198
0.0044679833
0.0043858887
0.0043067804
0.0042305601
0.0041570945
0.0040860305
0.0040205254
0.0039212079
7.6755157e-05
7.8603138e-05
8.4967673e-05
9.9993115e-05
0.0001303972
0.00019042781
0.00030100428
0.00048606066
0.00076799256
0.0011593693
0.0017095797
0.002430096
0.0033150235
0.0043438604
0.0054847653
0.0066992036
0.0079468094
0.0091894673
0.010394028
0.011533685
0.012588371
0.013544402
0.0143937
0.015132849
0.015762115
0.016284531
0.016705105
0.017030163
0.01726683
0.017422626
0.017505165
0.017521935
0.017480151
0.017386653
0.017247852
0.0170697
0.016857679
0.016616805
0.016351639
0.016066308
0.015764535
0.015449658
0.015124665
0.014792212
0.014454648
0.014114044
0.013772216
0.013430746
0.013091013
0.012754203
0.012421331
0.01209326
0.011770713
0.011454288
0.01114447
0.01084165
0.010546127
0.010258125
0.0099778042
0.0097052637
0.0094405553
0.009183689
0.0089346386
0.0086933469
0.0084597294
0.0082336781
0.0080150651
0.007803746
0.0075995638
0.0074023512
0.0072119341
0.0070281328
0.0068507646
0.0066796443
0.0065145859
0.0063554034
0.0062019118
0.0060539277
0.00591127
0.0057737605
0.0056412242
0.0055134899
0.0053903905
0.0052717629
0.0051574484
0.0050472929
0.0049411464
0.0048388639
0.0047403044
0.004645332
0.0045538135
0.0044656228
0.004380632
0.0042987268
0.0042197761
0.0041436872
0.0040703255
0.0039993475
0.0039339435
0.0038346193
7.6522291e-05
7.7490924e-05
8.1634107e-05
9.1906159e-05
0.00011217158
0.00015049128
0.00022055404
0.00034180931
0.00053418339
0.00080342402
0.0011765666
0.0016863875
0.0023386829
0.0031272492
0.0040351507
0.0050370326
0.0061023916
0.0071991459
0.0082965271
0.0093671334
0.010388198
0.011342035
0.012215925
0.013001664
0.013694915
0.014294497
0.014801699
0.015219667
0.015552872
0.015806667
0.015986937
0.016099823
0.016151514
0.016148098
0.016095451
0.015999174
0.015864541
0.015696473
0.015499526
0.015277892
0.015035406
0.014775561
0.014501523
0.014216147
0.013921991
0.013621339
0.01331622
0.013008431
0.012699557
0.012390985
0.012083926
0.011779424
0.011478377
0.011181547
0.010889577
0.010602998
0.010322245
0.010047669
0.0097795421
0.0095180719
0.009263408
0.0090156505
0.0087748562
0.0085410444
0.0083142008
0.0080942818
0.0078812182
0.0076749194
0.0074752768
0.0072821677
0.007095458
0.0069150049
0.0067406586
0.0065722645
0.006409664
0.0062526963
0.006101199
0.0059550094
0.0058139651
0.0056779049
0.0055466692
0.0054201009
0.0052980453
0.005180351
0.0050668696
0.0049574564
0.0048519701
0.0047502734
0.0046522322
0.0045577173
0.0044666011
0.004378763
0.0042940796
0.0042124416
0.0041337213
0.0040578315
0.0039846377
0.0039138041
0.0038485562
0.0037493041
7.6400761e-05
7.6730453e-05
7.9331584e-05
8.6364464e-05
0.00010020895
0.00012536563
0.00016985302
0.00024747652
0.00037599697
0.00056263273
0.00081981925
0.0011678752
0.0016326585
0.0022174077
0.0029164008
0.0037158885
0.0045956584
0.0055315821
0.0064979351
0.0074695649
0.0084236572
0.0093407617
0.010205252
0.011005371
0.011732979
0.012383125
0.012953564
0.013444252
0.013856864
0.014194366
0.014460648
0.01466022
0.014797963
0.014878935
0.01490823
0.014890865
0.014831701
0.014735385
0.014606307
0.014448586
0.014266055
0.01406226
0.013840465
0.013603649
0.013354522
0.013095533
0.012828885
0.012556557
0.012280315
0.012001729
0.011722184
0.011442901
0.01116494
0.010889224
0.010616545
0.010347577
0.01008289
0.0098229576
0.0095681708
0.0093188449
0.0090752303
0.0088375198
0.0086058565
0.0083803389
0.0081610264
0.0079479429
0.0077410813
0.0075404077
0.0073458656
0.0071573793
0.006974858
0.006798198
0.0066272856
0.0064619987
0.0063022086
0.0061477815
0.00599858
0.0058544637
0.0057152908
0.0055809186
0.0054512044
0.0053260064
0.005205184
0.0050885983
0.0049761126
0.0048675924
0.004762906
0.0046619248
0.0045645226
0.0044705772
0.0043799675
0.0042925788
0.0042082931
0.0041270064
0.004048595
0.0039729774
0.0039000202
0.0038293941
0.0037643609
0.003665266
7.6368589e-05
7.622644e-05
7.7758827e-05
8.2514484e-05
9.2122519e-05
0.00010914724
0.00013801034
0.00018724637
0.00027077766
0.00039803656
0.00057762444
0.00081889445
0.0011376455
0.0015562142
0.002076536
0.0026936946
0.0033965489
0.004169274
0.0049925592
0.0058454956
0.0067074624
0.0075593985
0.0083846337
0.0091693488
0.0099027014
0.01057673
0.011186123
0.011727883
0.012200954
0.012605855
0.012944338
0.013219086
0.01343345
0.013591233
0.013696515
0.013753515
0.013766478
0.01373959
0.013676914
0.013582348
0.013459597
0.013312147
0.013143262
0.012955968
0.012753053
0.012537074
0.01231036
0.012075031
0.011833
0.011585991
0.011335548
0.011083043
0.010829692
0.010576564
0.010324595
0.010074597
0.0098272684
0.0095832084
0.0093429231
0.0091068371
0.0088753021
0.0086486059
0.0084269792
0.0082106027
0.0079996115
0.0077941
0.007594126
0.0073997152
0.0072108659
0.0070275525
0.00684973
0.0066773366
0.0065102969
0.0063485239
0.0061919209
0.0060403836
0.005893801
0.0057520573
0.0056150329
0.0054826053
0.0053546503
0.0052310429
0.0051116577
0.0049963698
0.004885055
0.0047775904
0.004673855
0.0045737294
0.0044770962
0.004383841
0.0042938502
0.0042070156
0.0041232249
0.0040423803
0.0039643624
0.0038890956
0.0038164491
0.0037460986
0.0036813426
0.0035824964
7.6406332e-05
7.5924134e-05
7.6700957e-05
7.9824114e-05
8.6530428e-05
9.8337203e-05
0.00011766236
0.00014928325
0.00020258047
0.00028685533
0.00041077415
0.00058077825
0.00080320531
0.0010908436
0.0014641687
0.0019244813
0.0024675274
0.0030849385
0.0037638636
0.0044885895
0.0052422523
0.006007961
0.0067697489
0.0075132851
0.008226297
0.0088987963
0.0095231196
0.010093794
0.010607307
0.011061849
0.011457039
0.011793654
0.012073382
0.012298604
0.012472203
0.012597412
0.012677676
0.012716546
0.012717593
0.012684347
0.012620248
0.012528606
0.012412578
0.012275145
0.012119096
0.011947025
0.011761331
0.011564222
0.011357722
0.011143674
0.010923748
0.01069945
0.010472127
0.010242985
0.010013089
0.0097833801
0.0095546819
0.0093277115
0.0091030887
0.0088813454
0.0086629344
0.0084482382
0.0082375767
0.0080312133
0.007829361
0.0076321865
0.0074398147
0.0072523337
0.0070697987
0.0068922371
0.0067196518
0.0065520257
0.0063893239
0.0062314968
0.0060784819
0.0059302063
0.0057865877
0.0056475365
0.0055129572
0.0053827493
0.0052568085
0.005135028
0.0050172993
0.0049035124
0.0047935572
0.0046873233
0.0045847011
0.0044855819
0.0043898579
0.0042974233
0.0042081725
0.0041220044
0.0040388138
0.0039585086
0.0038809753
0.003806144
0.0037338877
0.0036638858
0.0035994742
0.0035009748
7.650131e-05
7.5773168e-05
7.599614e-05
7.7960756e-05
8.2608024e-05
9.0918992e-05
0.00010425521
0.00012515929
0.00015924385
0.00021368007
0.0002967644
0.00041540425
0.00057372536
0.00077585063
0.0010322312
0.0013626029
0.0017675803
0.0022448345
0.0027868178
0.0033829786
0.0040209951
0.004687347
0.0053681745
0.0060500366
0.0067205017
0.0073686485
0.0079853521
0.0085633329
0.0090970915
0.00958279
0.010018076
0.010401874
0.010734183
0.011015878
0.011248528
0.011434239
0.011575504
0.011675082
0.011735904
0.011760988
0.011753376
0.01171608
0.011652041
0.011564094
0.011454943
0.011327144
0.011183096
0.011025043
0.010855067
0.010675088
0.010486871
0.010292021
0.010092
0.0098881225
0.009681572
0.0094734044
0.0092645578
0.0090558607
0.0088480407
0.0086417331
0.0084374893
0.0082357853
0.008037029
0.0078415672
0.0076496911
0.0074616408
0.0072776101
0.0070977508
0.0069221775
0.0067509723
0.0065841887
0.006421856
0.0062639823
0.0061105572
0.0059615548
0.0058169353
0.0056766473
0.0055406292
0.0054088111
0.0052811164
0.0051574622
0.0050377617
0.0049219241
0.0048098562
0.0047014628
0.0045966474
0.0044953129
0.0043973622
0.0043026978
0.0042112237
0.0041228429
0.0040374626
0.0039549846
0.0038753239
0.0037983729
0.0037240679
0.0036522871
0.0035827127
0.0035187166
0.0034206697
7.6638561e-05
7.5749427e-05
7.554442e-05
7.6676106e-05
7.9838662e-05
8.5716639e-05
9.5128904e-05
0.00010941671
0.00013171953
0.00016666668
0.00022081644
0.00030123142
0.0004129677
0.00055839386
0.00073991317
0.00096607193
0.0012559274
0.0016123879
0.0020309006
0.0025054248
0.0030282772
0.0035898287
0.0041792308
0.0047849974
0.0053956297
0.0060003403
0.0065895008
0.0071548154
0.0076894155
0.0081878945
0.0086462411
0.0090617188
0.0094327283
0.0097586566
0.010039722
0.010276822
0.010471392
0.010625284
0.010740658
0.010819894
0.010865512
0.010880108
0.010866296
0.010826664
0.010763739
0.010679956
0.010577645
0.010459017
0.010326159
0.010181021
0.010025418
0.0098610234
0.0096893767
0.0095118831
0.0093298201
0.0091443424
0.0089564885
0.0087671875
0.0085772662
0.008387457
0.0081984048
0.0080106757
0.0078247634
0.0076410967
0.007460044
0.0072819193
0.0071069854
0.0069354592
0.0067675159
0.0066032939
0.006442899
0.0062864088
0.0061338761
0.0059853319
0.0058407885
0.0057002413
0.0055636712
0.0054310467
0.0053023254
0.0051774558
0.0050563783
0.0049390271
0.0048253311
0.0047152148
0.0046085995
0.0045054035
0.0044055435
0.0043089347
0.0042154913
0.0041251278
0.0040377567
0.0039532939
0.0038716494
0.0037927455
0.0037164818
0.0036428007
0.0035715867
0.0035025241
0.0034390199
0.0033415383
7.6811696e-05
7.5821861e-05
7.5291841e-05
7.5808825e-05
7.7876417e-05
8.2019898e-05
8.8746309e-05
9.8790917e-05
0.00011387183
0.00013667912
0.00017155619
0.00022438764
0.00030089365
0.00040465212
0.00053673564
0.00069831681
0.00089498824
0.0011517044
0.0014633204
0.0018280159
0.0022423153
0.0027003223
0.0031945638
0.0037160997
0.0042551237
0.0048018918
0.0053471832
0.0058824969
0.0064002928
0.0068941698
0.0073588968
0.0077903915
0.0081856689
0.0085427513
0.0088605562
0.0091387703
0.0093777278
0.0095782976
0.0097417816
0.0098698198
0.0099643051
0.010027308
0.010061015
0.010067669
0.010049524
0.010008813
0.0099477159
0.0098683476
0.0097727348
0.0096628046
0.009540374
0.0094071437
0.0092646965
0.0091144961
0.0089578892
0.0087961076
0.0086302725
0.0084613988
0.0082904007
0.0081180978
0.0079452218
0.0077724226
0.0076002758
0.0074292886
0.0072599051
0.0070925112
0.0069274385
0.0067649688
0.0066053385
0.0064487432
0.0062953423
0.0061452629
0.0059986041
0.0058554399
0.0057158222
0.0055797833
0.0054473384
0.0053184873
0.0051932168
0.005071502
0.0049533083
0.0048385924
0.0047273041
0.0046193871
0.0045147801
0.0044134178
0.0043152314
0.00422015
0.0041281001
0.0040390075
0.0039527953
0.003869389
0.0037887074
0.0037106809
0.0036352168
0.0035622639
0.0034917144
0.0034232543
0.0033603231
0.0032635276
7.7024116e-05
7.5971797e-05
7.5200238e-05
7.5251869e-05
7.6499246e-05
7.9379319e-05
8.4197815e-05
9.1393463e-05
0.00010191525
0.00011726023
0.00013998158
0.00017413007
0.00022477481
0.00029647131
0.00039167379
0.00051077893
0.00065191985
0.00083093717
0.0010519458
0.0013210078
0.0016374143
0.0019982751
0.0023994206
0.0028344856
0.0032956885
0.0037750021
0.0042643628
0.0047557848
0.0052417514
0.0057154936
0.0061710793
0.0066034932
0.0070086806
0.0073835242
0.0077257845
0.0080340154
0.0083074745
0.0085460346
0.0087500952
0.0089204923
0.009058413
0.0091653178
0.0092428725
0.0092928852
0.0093172533
0.0093179205
0.0092968441
0.0092559675
0.0091971949
0.0091223708
0.0090332632
0.0089315526
0.0088188252
0.0086965677
0.0085661657
0.0084289021
0.0082859585
0.0081384171
0.0079872641
0.0078333941
0.0076776144
0.0075206513
0.0073631553
0.0072057071
0.0070488222
0.0068929559
0.0067385064
0.0065858195
0.0064351922
0.0062868774
0.0061410883
0.0059980026
0.0058577666
0.0057204982
0.0055862904
0.0054552138
0.005327319
0.0052026389
0.0050811906
0.0049629777
0.0048479915
0.0047362128
0.0046276136
0.0045221581
0.0044198038
0.0043205027
0.004224202
0.0041308453
0.0040403725
0.0039527219
0.003867828
0.0037856265
0.003706046
0.0036290254
0.0035544807
0.0034823677
0.0034125872
0.0033448263
0.0032825548
0.0031865744
7.7281631e-05
7.6187045e-05
7.5258636e-05
7.4924838e-05
7.5555092e-05
7.7485711e-05
8.0923423e-05
8.6121757e-05
9.3636014e-05
0.00010429832
0.00011952409
0.00014175443
0.00017462385
0.00022241281
0.00028870991
0.00037545449
0.00048055993
0.00061049894
0.00076758192
0.0009555248
0.0011865349
0.0014599179
0.0017744806
0.0021257964
0.002508025
0.0029153033
0.0033412136
0.0037788034
0.0042211925
0.0046618529
0.0050946848
0.0055142071
0.0059156878
0.0062951782
0.0066495106
0.0069762633
0.0072737152
0.0075407942
0.0077770093
0.0079823742
0.0081573277
0.008302662
0.0084194548
0.0085090048
0.008572775
0.008612346
0.0086293771
0.0086255718
0.0086026461
0.008562301
0.0085062006
0.0084359552
0.0083531094
0.0082591336
0.0081554173
0.0080432643
0.0079238906
0.0077984232
0.0076679012
0.0075332779
0.0073954236
0.0072551292
0.0071131115
0.0069700173
0.0068264278
0.0066828627
0.0065397837
0.0063975976
0.0062566605
0.0061172818
0.005979728
0.0058442273
0.0057109736
0.0055801295
0.0054518298
0.0053261841
0.0052032798
0.0050831838
0.004965945
0.0048515966
0.004740157
0.0046316326
0.0045260188
0.0044233014
0.0043234578
0.0042264586
0.004132268
0.0040408451
0.0039521446
0.0038661178
0.0037827115
0.0037018727
0.0036235405
0.003547663
0.0034741657
0.0034030115
0.0033341113
0.003267153
0.0032056334
0.0031106054
7.7586954e-05
7.6458321e-05
7.5419605e-05
7.479376e-05
7.4949584e-05
7.6138643e-05
7.8558653e-05
8.2309282e-05
8.7747418e-05
9.5350083e-05
0.00010589115
0.00012074164
0.00014215399
0.00017330762
0.00021775315
0.00027859544
0.00035582373
0.00045250519
0.00056927986
0.00070520955
0.00086361808
0.0010605955
0.0012980466
0.0015719331
0.0018780881
0.0022131628
0.0025724945
0.0029503911
0.003341097
0.0037388423
0.0041378327
0.00453259
0.0049181337
0.005290045
0.0056445209
0.0059783883
0.0062891153
0.0065748014
0.0068341375
0.0070663465
0.0072711206
0.0074485612
0.0075991182
0.0077235291
0.0078227636
0.0078979758
0.0079504622
0.0079816221
0.0079929205
0.0079858554
0.0079619305
0.007922634
0.0078694221
0.0078037059
0.0077268403
0.0076401162
0.0075447538
0.0074418991
0.0073326215
0.0072179136
0.0070986918
0.0069757985
0.0068500046
0.0067220133
0.0065924637
0.0064619333
0.0063309417
0.0061999531
0.0060693795
0.0059395842
0.0058108861
0.0056835628
0.0055578554
0.0054339709
0.0053120864
0.0051923511
0.0050748896
0.0049598038
0.0048471753
0.0047370676
0.0046295279
0.0045245887
0.0044222701
0.0043225807
0.0042255191
0.0041310752
0.0040392313
0.0039499634
0.0038632414
0.0037790309
0.0036972919
0.0036179833
0.0035410555
0.0034664669
0.0033941528
0.0033240841
0.0032561826
0.0031901373
0.0031294674
0.0030355381
7.7940007e-05
7.67801e-05
7.5662668e-05
7.4831984e-05
7.4599642e-05
7.5213771e-05
7.6846676e-05
7.9535566e-05
8.3481666e-05
8.8991799e-05
9.6494e-05
0.00010674051
0.00012102231
0.00014135865
0.00017045752
0.00021146074
0.00026597797
0.00033665239
0.00042455786
0.00052802198
0.0006449177
0.00077694729
0.0009484201
0.0011530516
0.0013887021
0.0016549683
0.0019484259
0.0022645641
0.0025991446
0.0029475074
0.0033044939
0.0036650529
0.0040243738
0.0043779401
0.0047216378
0.0050518136
0.0053653485
0.0056596911
0.0059328428
0.0061833209
0.0064101184
0.0066126645
0.0067907768
0.0069446084
0.0070745995
0.0071814333
0.0072659925
0.0073293178
0.007372567
0.0073969793
0.0074038445
0.0073944774
0.0073701975
0.0073323121
0.0072821011
0.0072208053
0.0071496165
0.00706967
0.0069820399
0.0068877356
0.0067877
0.0066828099
0.0065738764
0.0064616469
0.0063468077
0.0062299858
0.0061117515
0.0059926203
0.0058730556
0.0057534714
0.0056342357
0.0055156741
0.0053980733
0.0052816841
0.0051667252
0.0050533855
0.0049418268
0.0048321864
0.0047245792
0.0046190998
0.0045158247
0.0044148139
0.0043161127
0.0042197535
0.004125757
0.0040341338
0.0039448851
0.0038580045
0.0037734781
0.0036912869
0.0036114048
0.0035338036
0.0034584457
0.0033853003
0.0033143136
0.0032454648
0.0031786876
0.0031136725
0.0030539563
0.0029612809
7.833914e-05
7.7148647e-05
7.5972287e-05
7.4993722e-05
7.4458176e-05
7.4624684e-05
7.562477e-05
7.7514548e-05
8.0361276e-05
8.4378678e-05
8.9817819e-05
9.7092805e-05
0.00010692403
0.00012049158
0.00013954513
0.00016650864
0.00020344938
0.00025308924
0.00031745354
0.00039631159
0.00048754306
0.0005859197
0.00070676636
0.00084944785
0.0010213158
0.0012247981
0.0014559911
0.0017114075
0.0019887678
0.0022845864
0.0025944535
0.0029141104
0.0032392718
0.003565657
0.0038891599
0.0042059314
0.0045125267
0.0048059673
0.0050837429
0.0053437974
0.0055845175
0.0058047219
0.0060036289
0.0061808178
0.0063361921
0.0064699427
0.0065825068
0.0066745262
0.0067468068
0.0068002814
0.0068359771
0.0068549875
0.0068584492
0.0068475214
0.0068233675
0.0067871402
0.0067399675
0.0066829425
0.0066171151
0.0065434863
0.0064630034
0.0063765578
0.0062849837
0.0061890583
0.0060895024
0.0059869815
0.0058821075
0.0057754395
0.005667486
0.0055587066
0.0054495146
0.0053402802
0.0052313334
0.0051229672
0.0050154405
0.0049089809
0.0048037874
0.0047000322
0.0045978637
0.004497408
0.0043987713
0.0043020414
0.00420729
0.0041145738
0.0040239366
0.0039354102
0.0038490158
0.0037647653
0.0036826622
0.0036027033
0.0035248775
0.0034491701
0.0033755564
0.0033040172
0.0032345102
0.0031670236
0.0031015036
0.0030376428
0.0029789905
0.0028877333
7.8781891e-05
7.7560346e-05
7.6337837e-05
7.5251785e-05
7.4496437e-05
7.4293938e-05
7.4792592e-05
7.6045129e-05
7.8076738e-05
8.0990301e-05
8.4966064e-05
9.023528e-05
9.7200787e-05
0.00010653355
0.00011927052
0.00013699345
0.00016142563
0.00019496832
0.00024007334
0.00029797087
0.00036838932
0.00044650748
0.00053817228
0.00064313024
0.00075782634
0.00090642321
0.0010805038
0.0012782879
0.0015001166
0.0017431608
0.0020036407
0.0022784539
0.0025640664
0.0028566762
0.0031524574
0.0034476262
0.0037386871
0.0040224856
0.0042962089
0.0045573948
0.0048039564
0.0050342037
0.0052468269
0.0054408774
0.0056157467
0.0057711401
0.0059070403
0.0060236693
0.0061214511
0.0062009762
0.0062629698
0.006308263
0.0063377675
0.006352453
0.0063533267
0.0063414144
0.0063177449
0.0062833358
0.0062391827
0.0061862504
0.0061254658
0.0060577131
0.0059838303
0.0059046071
0.0058207838
0.0057330517
0.0056420529
0.0055483805
0.0054525801
0.0053551499
0.0052565433
0.0051571704
0.0050574012
0.0049575679
0.0048579675
0.0047588649
0.0046604946
0.0045630635
0.0044667526
0.0043717195
0.0042781001
0.0041860105
0.0040955487
0.0040067968
0.0039198218
0.0038346776
0.0037514059
0.0036700379
0.0035905952
0.0035130911
0.00343753
0.0033639118
0.0032922255
0.0032224637
0.0031545969
0.0030886221
0.0030244997
0.0029619246
0.0029044525
0.0028147872
7.9265391e-05
7.8011732e-05
7.6752179e-05
7.5588054e-05
7.46704e-05
7.4173793e-05
7.4275057e-05
7.5003351e-05
7.6405937e-05
7.8491733e-05
8.1389735e-05
8.5243215e-05
9.028096e-05
9.6886226e-05
0.00010565722
0.00011754002
0.00013369995
0.00015589296
0.00018631345
0.00022683752
0.00027870705
0.00033960882
0.00041161843
0.00049470799
0.00058144681
0.00068610927
0.00080715553
0.00095123033
0.0011213964
0.0013136754
0.0015248069
0.0017533783
0.001996558
0.0022511466
0.0025137899
0.0027809652
0.0030493985
0.0033160108
0.0035779031
0.0038323918
0.0040770763
0.0043098925
0.0045291077
0.0047333246
0.0049214808
0.0050928327
0.0052469254
0.005383562
0.0055027732
0.0056047872
0.0056900006
0.0057589508
0.0058122901
0.0058507629
0.0058751834
0.0058864151
0.0058853525
0.0058729045
0.0058499814
0.0058174831
0.0057762898
0.0057272547
0.0056711978
0.0056089022
0.0055411111
0.0054685261
0.0053918064
0.0053115678
0.0052283825
0.0051427795
0.0050552446
0.0049662225
0.0048761181
0.0047852987
0.0046940966
0.0046028109
0.0045117102
0.0044210339
0.0043309951
0.004241782
0.0041535597
0.0040664722
0.0039806444
0.0038961833
0.0038131798
0.0037317103
0.0036518377
0.0035736128
0.0034970756
0.003422257
0.0033491777
0.0032778524
0.0032082846
0.0031404795
0.0030744207
0.0030101152
0.0029475378
0.0028863865
0.0028302174
0.0027423267
7.978657e-05
7.8499806e-05
7.7210291e-05
7.5989169e-05
7.4950565e-05
7.4237068e-05
7.4001123e-05
7.4308738e-05
7.5196497e-05
7.6658325e-05
7.8738078e-05
8.1552122e-05
8.5233695e-05
9.0005647e-05
9.6215866e-05
0.00010441416
0.0001153141
0.00013003691
0.0001501741
0.00017748128
0.00021378407
0.00025883083
0.00031395029
0.00037997807
0.00045128502
0.00053240173
0.00062248827
0.00071646571
0.00084060879
0.00098521469
0.0011484745
0.0013315602
0.0015316334
0.001746182
0.0019723989
0.002207112
0.0024475433
0.0026909062
0.002934409
0.0031753238
0.0034111071
0.0036394775
0.0038584065
0.0040661574
0.0042613027
0.0044427159
0.0046095474
0.0047612056
0.004897338
0.0050178091
0.005122676
0.0052121639
0.0052866424
0.0053466028
0.0053926363
0.0054254123
0.0054456592
0.0054541463
0.005451668
0.0054390305
0.0054170403
0.0053864944
0.0053481724
0.0053028298
0.0052511938
0.0051939596
0.0051317882
0.0050653048
0.0049950968
0.0049217133
0.0048456645
0.0047674218
0.0046874188
0.0046060531
0.0045236874
0.004440652
0.004357246
0.0042737398
0.0041903762
0.0041073726
0.0040249224
0.0039431971
0.0038623475
0.0037825057
0.0037037866
0.0036262889
0.0035500969
0.0034752816
0.003401902
0.0033300067
0.0032596332
0.0031908119
0.003123561
0.0030578992
0.0029938238
0.0029313519
0.0028704736
0.0028108912
0.0027561536
0.0026702294
8.0342289e-05
7.9022004e-05
7.7708172e-05
7.644503e-05
7.5316661e-05
7.4437033e-05
7.3932725e-05
7.3898651e-05
7.4356664e-05
7.5320468e-05
7.6777301e-05
7.8803049e-05
8.1491272e-05
8.4974857e-05
8.9460712e-05
9.5270028e-05
0.00010282687
0.00011279808
0.00012619343
0.00014429692
0.00016877928
0.00020039826
0.00024052976
0.00029074586
0.00034840238
0.00041446531
0.00048827626
0.00056108501
0.0006483791
0.00074678149
0.00086404141
0.0010041967
0.0011621067
0.001336485
0.0015249054
0.0017245007
0.0019333266
0.0021490113
0.0023690079
0.0025906867
0.0028115262
0.0030291893
0.0032414879
0.0034464747
0.0036424719
0.0038280612
0.0040020641
0.0041635417
0.0043117901
0.0044463288
0.0045668826
0.0046733623
0.0047658442
0.0048445501
0.0049098264
0.0049621244
0.0050019795
0.0050299937
0.0050468178
0.005053137
0.0050496578
0.0050370959
0.0050161666
0.0049875764
0.0049520162
0.0049101568
0.0048626445
0.0048100987
0.0047531088
0.0046922323
0.0046279932
0.0045608809
0.0044913504
0.0044198225
0.0043466852
0.0042722951
0.0041969783
0.0041210322
0.0040447272
0.0039683077
0.0038919939
0.003815983
0.0037404511
0.0036655549
0.0035914324
0.0035182049
0.0034459778
0.0033748423
0.0033048767
0.0032361476
0.0031687097
0.0031026094
0.0030378803
0.0029745548
0.0029126443
0.002852177
0.0027931583
0.0027352959
0.0026821245
0.0025983673
8.0929413e-05
7.9576129e-05
7.824203e-05
7.6947751e-05
7.5753031e-05
7.4747042e-05
7.4039416e-05
7.3711133e-05
7.3821217e-05
7.4365576e-05
7.5342213e-05
7.6757828e-05
7.8693289e-05
8.1233977e-05
8.4506288e-05
8.8701545e-05
9.4073948e-05
0.00010101257
0.00011011634
0.00012220197
0.00013848683
0.00015991638
0.0001878107
0.00022398443
0.00026798393
0.00032032633
0.00038121489
0.00044403737
0.00051372052
0.00058860552
0.00066114228
0.00076261404
0.00087978579
0.0010153052
0.001166015
0.0013292742
0.0015045479
0.0016897507
0.0018826527
0.0020807991
0.002281838
0.0024835244
0.0026836327
0.0028801469
0.0030712691
0.0032553977
0.003431108
0.0035971798
0.0037526096
0.0038966112
0.0040286035
0.0041481977
0.0042551816
0.004349504
0.0044312567
0.004500657
0.0045580288
0.0046037844
0.0046384078
0.0046624391
0.00467646
0.0046810813
0.004676931
0.0046646446
0.0046448564
0.0046181933
0.0045852696
0.0045466825
0.0045030089
0.0044548015
0.0044025862
0.0043468604
0.004288091
0.0042267146
0.0041631378
0.0040977373
0.0040308613
0.0039628305
0.0038939387
0.0038244547
0.0037546228
0.0036846643
0.0036147792
0.0035451471
0.0034759287
0.0034072669
0.0033392881
0.0032721035
0.0032058102
0.0031404932
0.0030762244
0.0030130666
0.0029510689
0.0028902778
0.0028307194
0.0027724329
0.0027154402
0.0026594548
0.0026079895
0.002526608
8.1544861e-05
8.0160212e-05
7.8808464e-05
7.7491039e-05
7.6247503e-05
7.5146051e-05
7.4279216e-05
7.3721548e-05
7.353132e-05
7.3725946e-05
7.4307665e-05
7.5252459e-05
7.6601274e-05
7.8427464e-05
8.0810466e-05
8.3866846e-05
8.7752692e-05
9.2697794e-05
9.9050694e-05
0.00010729769
0.00011822487
0.00013259308
0.00015144584
0.00017638989
0.00020805523
0.00024726597
0.00029503548
0.00034797313
0.0004069947
0.00047126707
0.00052978142
0.00060139531
0.00067652122
0.00077581606
0.00088948738
0.0010159503
0.0011571643
0.0013105074
0.0014741823
0.0016458695
0.0018235244
0.0020051032
0.0021884259
0.0023715561
0.0025527099
0.0027302163
0.0029024924
0.0030681152
0.0032258492
0.0033746597
0.003513704
0.0036423259
0.0037600458
0.0038665504
0.0039616799
0.0040454134
0.0041178531
0.0041792081
0.0042297782
0.0042699389
0.0043001267
0.0043208259
0.0043325561
0.0043358606
0.0043312971
0.0043194297
0.0043008223
0.0042760334
0.0042456114
0.00421009
0.0041699843
0.0041257877
0.0040779691
0.0040269717
0.0039732124
0.0039170815
0.0038589432
0.0037991359
0.0037379729
0.0036757432
0.0036127121
0.0035491225
0.0034851957
0.0034211328
0.0033571156
0.0032933078
0.0032298557
0.0031668899
0.0031045261
0.0030428672
0.0029820024
0.0029220107
0.002862957
0.0028049022
0.0027478872
0.0026919625
0.0026371665
0.0025832199
0.0025336056
0.0024548157
8.2185639e-05
8.0772333e-05
7.9404658e-05
7.8069821e-05
7.6790547e-05
7.5617454e-05
7.462679e-05
7.3884919e-05
7.3448804e-05
7.3349272e-05
7.3593243e-05
7.4163249e-05
7.5050997e-05
7.6320152e-05
7.8028256e-05
8.0248297e-05
8.3078595e-05
8.6658357e-05
9.1192291e-05
9.6965069e-05
0.0001044593
0.00011419293
0.00012687456
0.00014368952
0.0001655351
0.00019340201
0.00022867544
0.00027032778
0.00031860752
0.00037368436
0.00042750674
0.00048710738
0.00054526529
0.00061398454
0.00068920596
0.00077824941
0.00088620779
0.0010072636
0.0011408104
0.0012843024
0.0014362118
0.0015947127
0.0017576891
0.0019234495
0.0020903417
0.002256731
0.0024209533
0.0025814646
0.0027368733
0.002885967
0.0030277
0.0031611966
0.0032857456
0.0034007979
0.003505958
0.0036009754
0.0036857317
0.003760228
0.0038245708
0.0038789582
0.0039236662
0.0039590355
0.0039854588
0.0040033687
0.0040132277
0.0040155184
0.0040107369
0.0039993861
0.0039819698
0.0039589878
0.0039309307
0.0038982753
0.0038614809
0.0038209874
0.0037772129
0.0037305532
0.0036813812
0.0036300471
0.003576878
0.0035221785
0.0034662311
0.0034092965
0.0033516146
0.0032934057
0.0032348707
0.0031761923
0.0031175354
0.003059049
0.0030008668
0.0029431089
0.0028858814
0.0028292792
0.0027733831
0.002718268
0.0026639899
0.002610611
0.002558186
0.0025064439
0.0024588294
0.0023828532
8.2848857e-05
8.1410481e-05
8.0028185e-05
7.8679966e-05
7.7374636e-05
7.6148126e-05
7.5061825e-05
7.4173799e-05
7.3539351e-05
7.3187844e-05
7.314758e-05
7.3399978e-05
7.3925575e-05
7.4750329e-05
7.5931088e-05
7.7515285e-05
7.9566287e-05
8.2170748e-05
8.5451506e-05
8.9576888e-05
9.4841253e-05
0.00010157645
0.00011022384
0.00012155976
0.00013634818
0.00015547287
0.00018026663
0.0002109489
0.00024800888
0.00029237019
0.00033970882
0.00039222918
0.00044523039
0.00050210711
0.00056053853
0.00061026694
0.00068726408
0.00077545982
0.00087893684
0.00099326272
0.0011180962
0.0012515717
0.0013915984
0.0015369505
0.001686166
0.0018377372
0.0019899616
0.0021412496
0.0022901267
0.0024352796
0.0025755268
0.0027098326
0.0028373027
0.0029571913
0.0030688967
0.0031719592
0.0032660526
0.0033509762
0.003426643
0.0034930692
0.0035503615
0.0035987056
0.0036383535
0.003669612
0.0036928319
0.0037083985
0.0037167235
0.0037182379
0.0037133855
0.0037026173
0.0036863848
0.0036651352
0.0036393064
0.0036093233
0.0035755957
0.0035385156
0.0034984569
0.0034557741
0.0034108018
0.0033638548
0.0033152276
0.0032651947
0.0032140111
0.003161913
0.0031091178
0.003055825
0.0030022166
0.0029484581
0.0028947001
0.0028410788
0.0027877167
0.0027347242
0.0026821971
0.0026302247
0.0025788775
0.0025282295
0.0024783518
0.0024289823
0.0023835192
0.0023105837
8.353174e-05
8.207248e-05
8.067682e-05
7.9318046e-05
7.799376e-05
7.6727657e-05
7.5567993e-05
7.4564702e-05
7.3769153e-05
7.3213518e-05
7.2922092e-05
7.2905818e-05
7.3131916e-05
7.360275e-05
7.4361709e-05
7.5448108e-05
7.6903965e-05
7.8784523e-05
8.1165311e-05
8.4147985e-05
8.791486e-05
9.2677255e-05
9.8701969e-05
0.00010646688
0.00011650825
0.00012947442
0.00014640885
0.00016795596
0.00019481293
0.00022821806
0.00026647742
0.00031053537
0.00035807394
0.00040942747
0.00046330929
0.00050630626
0.00055997043
0.00061085462
0.0006854653
0.00076948285
0.00086668826
0.00097384992
0.0010890223
0.001211771
0.0013407256
0.0014746089
0.0016116456
0.0017502654
0.0018889629
0.0020264024
0.0021613314
0.0022926202
0.0024192466
0.0025403174
0.0026550644
0.002762851
0.0028631671
0.0029556264
0.0030399586
0.0031160023
0.0031836943
0.0032430603
0.0032942039
0.0033372956
0.0033725625
0.003400279
0.0034207584
0.0034343454
0.0034414094
0.003442338
0.00343753
0.0034273896
0.0034123205
0.0033927217
0.0033689834
0.0033414843
0.0033105904
0.0032766523
0.0032400053
0.0032009677
0.0031598404
0.0031169067
0.0030724322
0.0030266653
0.0029798368
0.00293216
0.0028838314
0.0028350315
0.0027859256
0.0027366652
0.0026873875
0.0026382176
0.0025892661
0.0025406357
0.0024924114
0.0024446784
0.0023975242
0.0023506963
0.0023075376
0.0022378729
8.423163e-05
8.2755971e-05
8.1348402e-05
7.9981136e-05
7.8643048e-05
7.7347735e-05
7.6132153e-05
7.5038505e-05
7.411301e-05
7.3388779e-05
7.289194e-05
7.2634999e-05
7.2604665e-05
7.2791216e-05
7.3208055e-05
7.3895229e-05
7.4883361e-05
7.6208491e-05
7.7918161e-05
8.0075205e-05
8.2795078e-05
8.6214773e-05
9.0496828e-05
9.5929982e-05
0.00010286123
0.00011171606
0.00012321048
0.00013797682
0.00015669554
0.00018055475
0.00020928569
0.0002436833
0.0002830821
0.00032747954
0.00037676395
0.00042127419
0.00046912184
0.00051045544
0.0005612289
0.00061016757
0.00068006108
0.0007594476
0.00084812243
0.00094668282
0.0010533919
0.0011674791
0.0012868648
0.0014100746
0.0015355731
0.0016620797
0.0017883192
0.0019131345
0.0020354294
0.0021542178
0.0022686105
0.0023778349
0.0024812293
0.0025782487
0.0026684587
0.0027515334
0.0028272478
0.0028954707
0.0029561558
0.003009333
0.0030550983
0.0030936061
0.0031250605
0.0031497084
0.0031678321
0.003179743
0.0031857744
0.0031862746
0.0031816012
0.0031721149
0.0031581757
0.0031401389
0.0031183528
0.003093156
0.0030648759
0.0030338276
0.0030003119
0.0029646152
0.0029270086
0.0028877481
0.0028470738
0.0028052098
0.002762364
0.002718729
0.0026744831
0.0026297908
0.0025848028
0.0025396576
0.0024944792
0.0024493835
0.0024044688
0.0023598314
0.0023155747
0.002271456
0.0022307546
0.0021645914
8.4945976e-05
8.3458438e-05
8.2040761e-05
8.0666645e-05
7.9318458e-05
7.800165e-05
7.6743693e-05
7.5579641e-05
7.4550058e-05
7.3687426e-05
7.3018068e-05
7.2557547e-05
7.2302805e-05
7.2247453e-05
7.2387874e-05
7.2748538e-05
7.3360199e-05
7.4247016e-05
7.5439632e-05
7.6977735e-05
7.8936015e-05
8.1405409e-05
8.4487617e-05
8.8358523e-05
9.323766e-05
9.9391516e-05
0.00010727738
0.00011737194
0.00013020312
0.00014671017
0.00016720142
0.00019247314
0.00022274546
0.00025832898
0.00029994958
0.00034224569
0.00038773883
0.00043014696
0.00047527013
0.00051421278
0.00056000612
0.00060693862
0.00066735366
0.00074033042
0.00082286874
0.00091565469
0.0010154742
0.0011211742
0.0012310532
0.0013439911
0.0014586902
0.0015740335
0.0016888891
0.0018022335
0.0019131003
0.0020206258
0.0021240345
0.0022226562
0.0023159192
0.0024033552
0.0024845927
0.0025593547
0.0026274511
0.0026887729
0.0027432842
0.0027910148
0.0028320535
0.002866541
0.0028946633
0.0029166451
0.0029327428
0.0029432375
0.0029484289
0.0029486286
0.0029441553
0.0029353307
0.0029224756
0.0029059075
0.002885938
0.0028628707
0.0028369995
0.0028086073
0.0027779652
0.0027453317
0.0027109517
0.0026750556
0.0026378594
0.0025995647
0.00256036
0.0025204205
0.0024799085
0.0024389741
0.0023977536
0.0023563745
0.0023149478
0.0022735801
0.0022323896
0.0021911442
0.0021530506
0.0020906179
8.5672321e-05
8.417726e-05
8.2751685e-05
8.1372184e-05
8.0016543e-05
7.8683906e-05
7.7393994e-05
7.6175414e-05
7.5063024e-05
7.4087503e-05
7.3274676e-05
7.2641784e-05
7.2192822e-05
7.1925299e-05
7.1836059e-05
7.1928436e-05
7.2231194e-05
7.2763868e-05
7.3546936e-05
7.4605968e-05
7.5990137e-05
7.7761077e-05
7.9984474e-05
8.2769707e-05
8.6256745e-05
9.0612088e-05
9.6120673e-05
0.00010310522
0.00011192425
0.00012323089
0.00013744723
0.00015527502
0.00017726316
0.00020396211
0.00023645448
0.00027235361
0.00031259948
0.00035378745
0.00039776559
0.00043856392
0.0004795928
0.00051710378
0.00054779477
0.00059251409
0.00064788904
0.00071837459
0.00079681622
0.00088339097
0.00097565398
0.0010729098
0.001173705
0.0012770582
0.0013817951
0.0014869121
0.0015913942
0.0016943328
0.0017948731
0.0018922575
0.0019858076
0.0020749406
0.0021591606
0.0022380627
0.0023113257
0.002378711
0.0024400548
0.0024952647
0.0025443123
0.0025872289
0.002624098
0.0026550506
0.0026802575
0.0026999233
0.0027142796
0.0027235788
0.0027280883
0.002728086
0.002723856
0.0027156855
0.0027038614
0.0026886681
0.0026703849
0.0026492847
0.0026256319
0.0025996821
0.0025716795
0.0025418564
0.0025104326
0.0024776153
0.0024435997
0.002408569
0.0023726946
0.0023361363
0.0022990406
0.0022615451
0.0022237725
0.0021858384
0.002147875
0.0021096606
0.0020743204
0.0020158422
8.6408286e-05
8.490977e-05
8.3478908e-05
8.2095457e-05
8.0734251e-05
7.9389905e-05
7.8075996e-05
7.6815436e-05
7.5637612e-05
7.4570609e-05
7.3639148e-05
7.2861283e-05
7.224537e-05
7.179269e-05
7.1503358e-05
7.1374797e-05
7.1420147e-05
7.1661064e-05
7.2112097e-05
7.279009e-05
7.3727852e-05
7.4967792e-05
7.655358e-05
7.8554894e-05
8.1062808e-05
8.4183724e-05
8.809633e-05
9.3011272e-05
9.9156714e-05
0.00010695376
0.00011675716
0.00012910121
0.00014454273
0.00016367097
0.00018756955
0.00021550527
0.00024818592
0.00028399342
0.00032393365
0.00036473097
0.00040644675
0.00044678575
0.00047568336
0.00050697024
0.00052814041
0.0005762402
0.00063044948
0.00069661585
0.00076925492
0.00084908477
0.00093392596
0.0010231861
0.0011155145
0.0012100125
0.0013056019
0.0014013768
0.0014964236
0.0015899349
0.0016811531
0.0017694122
0.0018541165
0.0019347564
0.0020108977
0.002082187
0.0021483435
0.0022091598
0.0022644946
0.0023142706
0.0023584681
0.0023971205
0.0024303079
0.0024581516
0.0024808075
0.0024984602
0.002511317
0.002519603
0.0025235569
0.0025234265
0.0025194658
0.0025119319
0.0025010821
0.0024871716
0.0024704519
0.0024511692
0.0024295617
0.0024058584
0.002380278
0.0023530292
0.0023243101
0.002294309
0.0022632031
0.0022311592
0.0021983323
0.0021648681
0.0021308988
0.0020965483
0.0020619611
0.0020269257
0.0019944772
0.0019401686
8.7151553e-05
8.5653313e-05
8.4220125e-05
8.2834183e-05
8.1468777e-05
8.0115706e-05
7.8783846e-05
7.7491161e-05
7.6261977e-05
7.5121329e-05
7.4092345e-05
7.3193196e-05
7.2434817e-05
7.1821623e-05
7.135629e-05
7.1038461e-05
7.0869288e-05
7.0866072e-05
7.1042642e-05
7.1410532e-05
7.1991868e-05
7.2816098e-05
7.3912921e-05
7.5327757e-05
7.7121256e-05
7.9363701e-05
8.2169726e-05
8.5676731e-05
9.0027281e-05
9.5484147e-05
0.00010230205
0.00011084871
0.00012156081
0.00013493109
0.00015185455
0.00017234822
0.00019704221
0.00022562637
0.00025880611
0.00029507689
0.00033432669
0.00037564474
0.0004104711
0.00044407973
0.00046477287
0.00049555654
0.00051698552
0.0005621987
0.00061209086
0.000672964
0.00073968135
0.00081300448
0.00089084851
0.00097265734
0.0010571517
0.0011435028
0.0012307161
0.0013179744
0.0014044531
0.0014894344
0.0015722437
0.0016522924
0.0017290534
0.0018020775
0.0018709824
0.001935458
0.0019952595
0.0020502073
0.0021001814
0.0021451187
0.0021850073
0.0022198817
0.0022498173
0.0022749247
0.0022953442
0.002311241
0.0023228
0.0023302222
0.0023337208
0.0023335178
0.0023298407
0.0023229202
0.0023129881
0.0023002748
0.0022850063
0.0022674027
0.0022476769
0.002226034
0.0022026715
0.0021777783
0.0021515345
0.0021241111
0.0020956684
0.0020663582
0.0020363205
0.0020056852
0.0019746078
0.0019428863
0.0019134568
0.0018635203
8.7899839e-05
8.6405304e-05
8.4973005e-05
8.3586027e-05
8.2217444e-05
8.0857836e-05
7.9512609e-05
7.8195501e-05
7.6926276e-05
7.5726738e-05
7.4618077e-05
7.361802e-05
7.2738887e-05
7.1987447e-05
7.1368332e-05
7.0883485e-05
7.053315e-05
7.0323743e-05
7.0269826e-05
7.038046e-05
7.067076e-05
7.1161262e-05
7.1872483e-05
7.2834633e-05
7.4089005e-05
7.5683653e-05
7.7694254e-05
8.0211788e-05
8.332617e-05
8.7201004e-05
9.2009588e-05
9.7992321e-05
0.0001054526
0.0001147473
0.00012652983
0.00014106093
0.00015889528
0.00018020106
0.00020574729
0.00023528671
0.00026880858
0.00030617065
0.0003424151
0.00037894633
0.00040808716
0.00043942016
0.00045926386
0.00048736702
0.00050564833
0.00054659935
0.00059179459
0.00064742617
0.00070848909
0.00077569866
0.0008470222
0.00092193052
0.00099920444
0.001078083
0.001157645
0.0012371544
0.0013158626
0.0013931278
0.0014683454
0.0015409925
0.0016106009
0.0016767751
0.0017391785
0.0017975408
0.0018516488
0.0019013485
0.001946538
0.0019871659
0.0020232253
0.0020547499
0.0020818084
0.0021045006
0.0021229518
0.0021373096
0.0021477394
0.0021544212
0.0021575458
0.0021573125
0.0021539267
0.0021475965
0.0021385298
0.002126932
0.0021130046
0.0020969445
0.0020789436
0.0020591878
0.0020378562
0.0020151203
0.001991143
0.0019660796
0.0019400751
0.0019132637
0.0018858099
0.0018575201
0.0018312227
0.0017858432
8.8650889e-05
8.7163269e-05
8.5735198e-05
8.4348562e-05
8.2977636e-05
8.1613152e-05
8.0258044e-05
7.8922507e-05
7.7622289e-05
7.6375988e-05
7.5202644e-05
7.4119117e-05
7.3138292e-05
7.2268543e-05
7.1515954e-05
7.0884177e-05
7.0375266e-05
6.9991203e-05
6.9741224e-05
6.9635038e-05
6.9683178e-05
6.9899991e-05
7.0299781e-05
7.0902986e-05
7.1738286e-05
7.2839592e-05
7.4258319e-05
7.6055895e-05
7.829036e-05
8.1065201e-05
8.4497648e-05
8.8742875e-05
9.4000638e-05
0.00010051022
0.00010871325
0.00011888408
0.0001314588
0.00014674407
0.00016540623
0.0001877149
0.00021410878
0.00024503461
0.00027778662
0.00031245421
0.00034523643
0.00037971622
0.00040784392
0.00043711694
0.00045409875
0.00047806019
0.00049253389
0.00052910539
0.00056975457
0.00062042959
0.00067619583
0.00073771642
0.00080299603
0.00087154125
0.00094218217
0.0010142258
0.0010868109
0.0011592712
0.0012309233
0.0013011924
0.0013695364
0.0014354922
0.0014986454
0.0015586481
0.0016152049
0.0016680795
0.0017170864
0.0017620926
0.0018030105
0.0018397972
0.0018724485
0.0019009957
0.0019255009
0.001946053
0.0019627649
0.0019757685
0.0019852119
0.0019912568
0.0019940761
0.0019938495
0.0019907606
0.0019849943
0.0019767353
0.0019661673
0.0019534718
0.0019388273
0.0019224077
0.0019043816
0.0018849109
0.0018641513
0.0018422502
0.0018193436
0.0017956027
0.0017708411
0.0017477707
0.0017071104
8.940245e-05
8.7924887e-05
8.6504324e-05
8.5119241e-05
8.3746749e-05
8.2378734e-05
8.1016428e-05
7.9667118e-05
7.8343099e-05
7.7059938e-05
7.5834442e-05
7.4682298e-05
7.361638e-05
7.2646026e-05
7.1778334e-05
7.1018188e-05
7.0369024e-05
6.9833646e-05
6.9415901e-05
6.9124637e-05
6.89681e-05
6.8956386e-05
6.9099504e-05
6.9411481e-05
6.9912597e-05
7.0627441e-05
7.1591874e-05
7.2848178e-05
7.4434885e-05
7.64191e-05
7.8881398e-05
8.1923045e-05
8.567369e-05
9.0288994e-05
9.6056038e-05
0.00010319066
0.0001120023
0.0001227782
0.00013603894
0.00015219595
0.00017173127
0.00019541157
0.00022214027
0.00025196214
0.00028286195
0.00031619368
0.00034833368
0.00038167523
0.00040788663
0.00043391913
0.00044728393
0.00046685679
0.00047759419
0.00051001212
0.00054640094
0.00059246272
0.00064330271
0.00069956218
0.00075926286
0.00082196308
0.00088652355
0.00095231265
0.0010185214
0.001084549
0.0011497738
0.0012136846
0.0012757965
0.0013357
0.0013930269
0.001447471
0.0014987713
0.0015467204
0.0015911555
0.0016319605
0.0016690594
0.0017024153
0.0017320256
0.0017579185
0.0017801502
0.0017988008
0.0018139709
0.0018257796
0.0018343617
0.0018398633
0.0018424377
0.0018422439
0.0018394445
0.0018342048
0.0018266914
0.0018170705
0.0018055069
0.001792162
0.0017771932
0.0017607532
0.0017429888
0.0017240352
0.0017040673
0.0016829049
0.0016631342
0.0016273268
9.0152274e-05
8.8688015e-05
8.7277926e-05
8.5895407e-05
8.4522195e-05
8.3151819e-05
8.178441e-05
8.0424947e-05
7.9082826e-05
7.777085e-05
7.6503619e-05
7.5295451e-05
7.41588e-05
7.3103446e-05
7.2137126e-05
7.1265571e-05
7.0493196e-05
6.9823921e-05
6.9261261e-05
6.8810393e-05
6.8478625e-05
6.8273197e-05
6.8201128e-05
6.8272166e-05
6.8500889e-05
6.8905537e-05
6.9511712e-05
7.0349031e-05
7.1443822e-05
7.2840839e-05
7.4596742e-05
7.6779087e-05
7.9472619e-05
8.2778605e-05
8.6881759e-05
9.1934878e-05
9.8143745e-05
0.00010572739
0.000115058
0.00012651437
0.00014052753
0.00015780896
0.00017804993
0.00020155362
0.00022748462
0.00025667619
0.0002873853
0.0003202956
0.00035149052
0.00038284133
0.0004063838
0.00042878375
0.00043849686
0.00045390842
0.00046117157
0.00048975958
0.00052219103
0.00056400148
0.00061027943
0.00066170073
0.00071626261
0.00077358118
0.00083254336
0.00089258134
0.00095294207
0.0010130901
0.0010724606
0.0011305981
0.0011870657
0.0012415001
0.0012935721
0.0013430105
0.0013895831
0.0014331072
0.0014734392
0.0015104772
0.0015441546
0.0015744388
0.0016013288
0.0016248501
0.0016450529
0.0016620102
0.0016758147
0.0016865737
0.0016944056
0.0016994383
0.0017018075
0.0017016555
0.0016991291
0.001694378
0.0016875531
0.0016788049
0.0016682822
0.0016561312
0.0016424948
0.0016275045
0.0016113361
0.0015938134
0.0015773887
0.0015465341
9.0898109e-05
8.9450687e-05
8.8053399e-05
8.6674361e-05
8.5301407e-05
8.3929737e-05
8.2558902e-05
8.1192121e-05
7.9836407e-05
7.8502132e-05
7.7201788e-05
7.5948224e-05
7.4753191e-05
7.3626505e-05
7.2576219e-05
7.1608606e-05
7.0728735e-05
6.9941272e-05
6.9250726e-05
6.8661245e-05
6.8177895e-05
6.7806207e-05
6.7551128e-05
6.7419519e-05
6.7422031e-05
6.7572452e-05
6.7889438e-05
6.839407e-05
6.9104845e-05
7.005247e-05
7.1277689e-05
7.2826698e-05
7.4755819e-05
7.7132043e-05
8.0075159e-05
8.3689517e-05
8.8108079e-05
9.3483633e-05
0.00010006684
0.00010814905
0.00011806772
0.00013038258
0.00014512246
0.00016260129
0.00018261793
0.00020596
0.00023203435
0.00026131798
0.00029178656
0.00032368754
0.0003532785
0.00038215451
0.00040282978
0.00042168785
0.00042799148
0.00043964375
0.00044369535
0.00046881904
0.00049757637
0.00053550919
0.00057756648
0.00062450694
0.00067429405
0.00072661686
0.00078040243
0.00083515125
0.00089016097
0.0009449513
0.00099900223
0.0010519068
0.0011032682
0.0011527619
0.0012000918
0.0012450174
0.0012873323
0.0013268751
0.0013635188
0.0013971723
0.0014277785
0.0014553083
0.0014797603
0.0015011598
0.0015195545
0.0015350092
0.0015476038
0.0015574308
0.0015645951
0.0015692113
0.0015714025
0.0015712974
0.0015690289
0.0015647324
0.0015585443
0.0015506006
0.0015410369
0.0015299778
0.0015175966
0.0015037197
0.0014906566
0.0014648145
9.1637712e-05
9.0211072e-05
8.8827893e-05
8.7453506e-05
8.608185e-05
8.4709871e-05
8.3336997e-05
8.1965146e-05
8.0599421e-05
7.9248112e-05
7.7921771e-05
7.6631749e-05
7.5388907e-05
7.4202792e-05
7.3081509e-05
7.2031615e-05
7.1058586e-05
7.0167545e-05
6.936361e-05
6.8651905e-05
6.8036357e-05
6.7520521e-05
6.710794e-05
6.6803519e-05
6.6615171e-05
6.6553494e-05
6.6632334e-05
6.6866931e-05
6.7270624e-05
6.7865059e-05
6.8680103e-05
6.9748089e-05
7.1107187e-05
7.2802769e-05
7.4913886e-05
7.7511579e-05
8.0681575e-05
8.4526978e-05
8.921159e-05
9.4941666e-05
0.00010196071
0.0001106696
0.00012119807
0.00013382182
0.00014859497
0.00016611698
0.00018644597
0.00021013698
0.00023640933
0.00026539376
0.00029505733
0.00032545309
0.00035313294
0.00037945322
0.00039735284
0.00041297415
0.00041619133
0.00042459487
0.00042561004
0.00044768821
0.00047301678
0.00050734689
0.00054543094
0.00058815664
0.00063348236
0.00068117905
0.00073020795
0.0007801229
0.00083025617
0.00088017742
0.00092940242
0.00097756496
0.0010243029
0.001069327
0.001112372
0.0011532242
0.0011917002
0.001227655
0.0012609787
0.0012915891
0.0013194347
0.0013444927
0.0013667647
0.0013862713
0.0014030507
0.0014171577
0.0014286628
0.00143765
0.0014442145
0.0014484603
0.0014504984
0.0014504454
0.0014484213
0.0014445485
0.0014389513
0.0014317446
0.001423096
0.001412832
0.0014031114
0.0013822954
9.2368885e-05
9.0967354e-05
8.9598444e-05
8.8230343e-05
8.6860969e-05
8.5489615e-05
8.4115911e-05
8.2740809e-05
8.136794e-05
8.0003865e-05
7.8657391e-05
7.7338405e-05
7.6056769e-05
7.4821542e-05
7.3640664e-05
7.2520776e-05
7.1467555e-05
7.0486369e-05
6.9582659e-05
6.8762055e-05
6.80299e-05
6.7388054e-05
6.6838601e-05
6.638511e-05
6.6033571e-05
6.5792252e-05
6.5671613e-05
6.5682844e-05
6.5835806e-05
6.6146142e-05
6.6636085e-05
6.7328734e-05
6.8250466e-05
6.9432777e-05
7.0928959e-05
7.278797e-05
7.5065873e-05
7.7832005e-05
8.1192633e-05
8.5288977e-05
9.0289852e-05
9.646746e-05
0.00010395227
0.0001129562
0.00012360855
0.00013635943
0.00015145032
0.00016938353
0.00019011982
0.00021391792
0.00023994261
0.00026816911
0.00029666641
0.00032536398
0.00035106962
0.0003749586
0.00039029534
0.00040312762
0.00040368388
0.00040940328
0.00040743895
0.00042672244
0.0004487406
0.00047961197
0.0005139292
0.00055272064
0.00059393366
0.00063739615
0.00068208054
0.00072759554
0.00077329461
0.0008187902
0.00086362989
0.00090748733
0.00095003335
0.00099101068
0.0010301811
0.0010673517
0.0011023642
0.0011350858
0.0011654182
0.0011932923
0.0012186639
0.0012415084
0.001261822
0.0012796201
0.0012949372
0.0013078238
0.0013183446
0.0013265758
0.0013326033
0.0013365208
0.0013384291
0.001338433
0.0013366427
0.0013331597
0.0013281424
0.0013214161
0.0013149805
0.0012991525
9.3089498e-05
9.1717558e-05
9.0362462e-05
8.9002154e-05
8.7636094e-05
8.6266364e-05
8.4892938e-05
8.3516103e-05
8.213842e-05
8.0765057e-05
7.940329e-05
7.8061616e-05
7.6748849e-05
7.5473413e-05
7.4242921e-05
7.3063928e-05
7.1942157e-05
7.0883056e-05
6.9892184e-05
6.897535e-05
6.8138781e-05
6.7385803e-05
6.671647e-05
6.6133177e-05
6.5640547e-05
6.5245133e-05
6.4954973e-05
6.4778428e-05
6.4722958e-05
6.4800124e-05
6.5026678e-05
6.5419424e-05
6.5996927e-05
6.6781563e-05
6.7810062e-05
6.9116791e-05
7.0739237e-05
7.2724533e-05
7.5142114e-05
7.8088174e-05
8.1678572e-05
8.6093789e-05
9.1435539e-05
9.7852319e-05
0.00010547006
0.00011461365
0.00012554453
0.00013867962
0.00015419355
0.00017240483
0.00019322086
0.00021674699
0.00024216911
0.00026938305
0.00029655378
0.00032353982
0.00034732554
0.00036904352
0.00038216655
0.00039279185
0.00039105863
0.00039444543
0.00038937559
0.00040588776
0.00042469552
0.00045230401
0.00048314664
0.00051834292
0.0005557963
0.00059541007
0.00063613913
0.0006776434
0.00071929726
0.00076075942
0.00080160966
0.00084155727
0.00088030263
0.00091761133
0.0009532799
0.00098712708
0.0010190123
0.001048823
0.0010764704
0.0011018856
0.0011250236
0.0011458607
0.0011643951
0.0011806425
0.0011946355
0.0012064198
0.0012160536
0.0012236053
0.001229153
0.0012327812
0.0012345825
0.0012346423
0.0012331064
0.0012297969
0.0012265474
0.0012156128
9.3797499e-05
9.2459416e-05
9.111783e-05
8.9765974e-05
8.8404453e-05
8.703751e-05
8.5665429e-05
8.4288172e-05
8.2907612e-05
8.1527829e-05
8.0154779e-05
7.8795673e-05
7.7458278e-05
7.6150293e-05
7.4878884e-05
7.3650393e-05
7.247046e-05
7.134449e-05
7.0278016e-05
6.9276838e-05
6.8347145e-05
6.7494631e-05
6.6719635e-05
6.602246e-05
6.5406737e-05
6.4877739e-05
6.444176e-05
6.4105171e-05
6.3873737e-05
6.3756179e-05
6.3765248e-05
6.3913366e-05
6.4213833e-05
6.4682881e-05
6.5346373e-05
6.6228922e-05
6.7356225e-05
6.8760816e-05
7.0488738e-05
7.2606166e-05
7.5193284e-05
7.836932e-05
8.2206204e-05
8.680239e-05
9.2256557e-05
9.8794148e-05
0.00010663451
0.00011609717
0.00012740199
0.00014085407
0.00015657233
0.00017477893
0.00019536481
0.00021836265
0.00024297577
0.00026906424
0.00029486381
0.00032024565
0.00034229283
0.00036225244
0.00037354387
0.00038235974
0.00037838435
0.00037943125
0.00037120928
0.00038505991
0.00040092421
0.00042557392
0.0004532447
0.00048520648
0.00051923938
0.00055533603
0.00059243947
0.00063027244
0.00066823369
0.00070602212
0.00074324585
0.0007796373
0.00081494555
0.00084893804
0.00088143812
0.00091229123
0.0009413654
0.00096854933
0.00099375962
0.0010169355
0.0010380394
0.0010570526
0.0010739745
0.0010888193
0.0011016157
0.0011124049
0.0011212399
0.0011281825
0.0011333048
0.0011366735
0.0011384187
0.001138358
0.0011381519
0.0011319552
9.449092e-05
9.3190354e-05
9.1862367e-05
9.0518918e-05
8.9163313e-05
8.7800457e-05
8.6430766e-05
8.505427e-05
8.3672498e-05
8.2288703e-05
8.0907717e-05
7.953559e-05
7.8179081e-05
7.6845121e-05
7.5540351e-05
7.4270799e-05
7.3041929e-05
7.1859004e-05
7.0727429e-05
6.9652871e-05
6.8641314e-05
6.7699018e-05
6.6829805e-05
6.6032101e-05
6.5308206e-05
6.4662404e-05
6.4099726e-05
6.3625136e-05
6.3243186e-05
6.2960572e-05
6.2787094e-05
6.2732081e-05
6.2805227e-05
6.3018527e-05
6.3390562e-05
6.393931e-05
6.4682814e-05
6.5643877e-05
6.6853582e-05
6.8358218e-05
7.0214253e-05
7.2501127e-05
7.5267757e-05
7.8577707e-05
8.2501809e-05
8.7192768e-05
9.2815583e-05
9.9600909e-05
0.0001077433
0.00011749481
0.00012903173
0.00014259721
0.00015828191
0.00017626674
0.00019641291
0.0002187271
0.00024242567
0.00026738054
0.0002918828
0.00031590962
0.00033646231
0.00035495081
0.00036449806
0.00037151125
0.00036521593
0.00036407952
0.00035291519
0.0003643919
0.00037758106
0.00039966948
0.00042445863
0.00045345925
0.00048433489
0.00051719526
0.00055097901
0.00058545996
0.00062005678
0.00065449023
0.00068844291
0.00072161697
0.00075380672
0.0007848121
0.00081445847
0.00084259338
0.00086909983
0.00089388244
0.00091687045
0.00093801105
0.00095727112
0.00097463302
0.00099009559
0.0010036714
0.0010153871
0.0010252798
0.0010333992
0.001039791
0.0010445667
0.0010475386
0.0010501888
0.0010485111
9.5167884e-05
9.3907544e-05
9.2593517e-05
9.1258265e-05
8.9910118e-05
8.8552641e-05
8.7186358e-05
8.5811743e-05
8.4430248e-05
8.3044504e-05
8.1658405e-05
8.0276977e-05
7.8906034e-05
7.7551736e-05
7.6220151e-05
7.4916925e-05
7.3647271e-05
7.2416244e-05
7.1229043e-05
7.0091121e-05
6.9008186e-05
6.79862e-05
6.7031487e-05
6.6144615e-05
6.5325116e-05
6.457648e-05
6.390281e-05
6.3308074e-05
6.2795941e-05
6.2371642e-05
6.2042785e-05
6.1816494e-05
6.1699963e-05
6.1702205e-05
6.183682e-05
6.2117175e-05
6.2556225e-05
6.3170164e-05
6.3980371e-05
6.5019842e-05
6.6329153e-05
6.7962016e-05
6.9951308e-05
7.2337766e-05
7.5170573e-05
7.8552472e-05
8.2601641e-05
8.7478707e-05
9.3333527e-05
0.00010035538
0.00010870827
0.00011860572
0.00013019963
0.00014370395
0.00015918015
0.00017678853
0.00019637021
0.0002179341
0.00024071525
0.00026465014
0.00028799753
0.00031083865
0.00032992268
0.00034688132
0.0003545715
0.00035975176
0.00035140108
0.00034854105
0.00033459861
0.00034429024
0.00035501171
0.00037475943
0.00039685268
0.00042311163
0.00045109244
0.00048099462
0.00051174836
0.00054315006
0.00057474905
0.00060614433
0.00063711286
0.00066739176
0.00069676234
0.00072502939
0.00075204833
0.00077769098
0.00080185616
0.00082445776
0.0008454316
0.00086472859
0.00088231821
0.00089818427
0.00091232654
0.00092475632
0.0009354997
0.00094457985
0.00095208747
0.00095782895
0.00096310376
0.00096566161
9.5826609e-05
9.4607951e-05
9.3308392e-05
9.1982035e-05
9.0642558e-05
8.9291522e-05
8.7929638e-05
8.6558015e-05
8.5178182e-05
8.3792305e-05
8.240351e-05
8.1015939e-05
7.9634544e-05
7.8264739e-05
7.6912001e-05
7.5581551e-05
7.4278296e-05
7.3007035e-05
7.1772712e-05
7.0580511e-05
6.943582e-05
6.834423e-05
6.7312262e-05
6.6345156e-05
6.5440768e-05
6.4601122e-05
6.3829589e-05
6.3129428e-05
6.2503659e-05
6.1956443e-05
6.1493759e-05
6.112115e-05
6.0844063e-05
6.0669371e-05
6.0607197e-05
6.0667646e-05
6.0860197e-05
6.1196479e-05
6.1691473e-05
6.2369144e-05
6.3259219e-05
6.4398633e-05
6.5809511e-05
6.7518058e-05
6.9558241e-05
7.1999664e-05
7.492561e-05
7.8446343e-05
8.267003e-05
8.7730732e-05
9.3757264e-05
0.00010091529
0.00010935195
0.00011926208
0.00013077583
0.00014408837
0.00015924009
0.000176388
0.00019536583
0.0002162136
0.00023814151
0.00026112983
0.00028329961
0.00030484366
0.00032229979
0.00033770841
0.00034359236
0.0003473187
0.0003372088
0.00033306531
0.00031678459
0.00032490399
0.00033323533
0.00035080534
0.00037043746
0.00039419489
0.00041953101
0.00044668642
0.00047485551
0.00050345454
0.00053227617
0.00056094287
0.00058919185
0.00061677341
0.00064352296
0.0006692764
0.00069390487
0.00071728781
0.00073933186
0.00075995684
0.00077910432
0.00079672968
0.00081280635
0.00082731956
0.00084027121
0.0008516612
0.00086155767
0.00086976155
0.00087738715
0.00088383357
9.6465401e-05
9.5288401e-05
9.40039e-05
9.2688535e-05
9.1358377e-05
9.0014584e-05
8.8658091e-05
8.7290599e-05
8.5913755e-05
8.4529385e-05
8.3139995e-05
8.1748986e-05
8.0360544e-05
7.8979379e-05
7.7610382e-05
7.6258328e-05
7.4927784e-05
7.362326e-05
7.234941e-05
7.1111118e-05
6.9913436e-05
6.8761564e-05
6.766154e-05
6.6620944e-05
6.5640925e-05
6.4720414e-05
6.3862167e-05
6.3068926e-05
6.2343224e-05
6.1688441e-05
6.1109352e-05
6.0610368e-05
6.0195701e-05
5.9870668e-05
5.9642924e-05
5.9520211e-05
5.9509584e-05
5.9619473e-05
5.9860569e-05
6.0250586e-05
6.0811677e-05
6.156968e-05
6.2539579e-05
6.3738397e-05
6.518979e-05
6.6941648e-05
6.9052795e-05
7.1599033e-05
7.4656346e-05
7.8316816e-05
8.2673592e-05
8.7845902e-05
9.3951907e-05
0.00010114651
0.00010956323
0.00011938368
0.00013072169
0.00014376548
0.00015854569
0.00017523081
0.00019362614
0.00021377598
0.00023479749
0.00025670234
0.00027751191
0.00029765994
0.00031353595
0.00032756899
0.0003319221
0.00033425748
0.00032324725
0.00031808117
0.00029939073
0.00030608193
0.0003122702
0.00032786842
0.00034525057
0.00036662918
0.00039004591
0.00041462011
0.00044027097
0.00046636245
0.00049260932
0.00051866485
0.00054435764
0.00056947003
0.00059384807
0.00061732949
0.00063979353
0.00066112726
0.00068124632
0.0007000777
0.00071756982
0.00073368194
0.00074839216
0.00076167696
0.00077358097
0.00078390071
0.00079356487
0.00080349276
9.7082641e-05
9.5945651e-05
9.4676882e-05
9.3374812e-05
9.2055066e-05
9.0719353e-05
8.9369276e-05
8.8007096e-05
8.6634545e-05
8.5253191e-05
8.3865069e-05
8.2472967e-05
8.1080406e-05
7.9691449e-05
7.8310426e-05
7.6941661e-05
7.5589363e-05
7.4257733e-05
7.2951118e-05
7.1674084e-05
7.0431338e-05
6.9227702e-05
6.8068696e-05
6.696176e-05
6.5913311e-05
6.4920729e-05
6.3985381e-05
6.3109575e-05
6.2295478e-05
6.1545902e-05
6.0864747e-05
6.0255611e-05
5.9721835e-05
5.9267586e-05
5.8898733e-05
5.8621284e-05
5.8440566e-05
5.8362742e-05
5.8395577e-05
5.855238e-05
5.8849899e-05
5.9306501e-05
5.9932424e-05
6.0738855e-05
6.1742519e-05
6.2977024e-05
6.448441e-05
6.6317374e-05
6.8528981e-05
7.1181768e-05
7.4340415e-05
7.8087116e-05
8.250836e-05
8.7717651e-05
9.3825716e-05
0.0001009799
0.00010930361
0.00011897308
0.00013009442
0.00014285759
0.00015727071
0.00017348492
0.00019123523
0.00021055004
0.00023048412
0.00025116924
0.00027059155
0.00028943814
0.00030390405
0.00031659552
0.00031991747
0.00032149087
0.00030921265
0.00030317048
0.00028251206
0.00028793444
0.00029215351
0.00030575971
0.00032247418
0.00034123506
0.00036241978
0.00038472111
0.00040795813
0.00043154665
0.00045535093
0.00047904088
0.00050244563
0.00052533717
0.00054756954
0.00056898888
0.00058948693
0.00060896012
0.00062733357
0.00064454021
0.00066053546
0.00067527255
0.00068877233
0.0007008287
0.00071218649
0.00072513453
9.7676765e-05
9.6576481e-05
9.5324227e-05
9.4037566e-05
9.2729992e-05
9.14034e-05
9.0060855e-05
8.8705213e-05
8.7338242e-05
8.5961324e-05
8.4576146e-05
8.3185009e-05
8.1790865e-05
8.0397202e-05
7.900782e-05
7.7626603e-05
7.62574e-05
7.4904092e-05
7.3570714e-05
7.2261508e-05
7.0980842e-05
6.9733168e-05
6.8523516e-05
6.7358594e-05
6.6247184e-05
6.5190261e-05
6.4186202e-05
6.3236925e-05
6.2344303e-05
6.1510743e-05
6.0739524e-05
6.0033667e-05
5.9395891e-05
5.8829509e-05
5.8339077e-05
5.7929306e-05
5.7604275e-05
5.7368524e-05
5.7227799e-05
5.719224e-05
5.7274665e-05
5.7488323e-05
5.7840275e-05
5.8337961e-05
5.8993417e-05
5.983073e-05
6.088043e-05
6.2179742e-05
6.3765926e-05
6.5681484e-05
6.7970567e-05
7.0688642e-05
7.3896059e-05
7.7672133e-05
8.2099816e-05
8.7289171e-05
9.3345964e-05
0.00010041521
0.00010861609
0.00011812378
0.00012902728
0.00014149578
0.00015548344
0.00017110213
0.00018804446
0.00020638188
0.00022516099
0.00024465833
0.00026278952
0.00028038959
0.00029365848
0.00030536384
0.00030761485
0.00030851667
0.00029524529
0.00028867746
0.00026613069
0.00027001931
0.00027635338
0.00028616447
0.00030100497
0.00031764736
0.00033656212
0.00035645527
0.00037740219
0.00039877722
0.00042043617
0.00044201484
0.00046335153
0.00048422536
0.00050450725
0.0005240538
0.00054276869
0.00056055563
0.00057734889
0.0005930781
0.0006077406
0.00062112992
0.00063381114
0.00064927216
9.8246235e-05
9.7177802e-05
9.5943021e-05
9.4674488e-05
9.33807e-05
9.2064377e-05
9.0730601e-05
8.9382768e-05
8.8022647e-05
8.6651511e-05
8.5270812e-05
8.3882471e-05
8.2488966e-05
8.1093275e-05
7.969872e-05
7.8308764e-05
7.6926903e-05
7.5556698e-05
7.4201876e-05
7.2866357e-05
7.1554178e-05
7.0269443e-05
6.9016727e-05
6.7802023e-05
6.6633822e-05
6.5518693e-05
6.4453303e-05
6.3438526e-05
6.2475945e-05
6.1567693e-05
6.0716622e-05
5.9925349e-05
5.9196144e-05
5.8531679e-05
5.7935532e-05
5.7411434e-05
5.6962548e-05
5.6592252e-05
5.6304869e-05
5.610823e-05
5.6012245e-05
5.60266e-05
5.6156207e-05
5.6406079e-05
5.6785038e-05
5.7310705e-05
5.8005639e-05
5.8896595e-05
6.001002e-05
6.1375e-05
6.3021535e-05
6.4986764e-05
6.7311867e-05
7.0050961e-05
7.3263069e-05
7.7026569e-05
8.1422831e-05
8.6562041e-05
9.2548702e-05
9.9526802e-05
0.00010760321
0.00011693445
0.00012756915
0.00013964075
0.0001530661
0.00016795791
0.0001840104
0.00020136636
0.00021903204
0.00023737994
0.00025432247
0.00027085878
0.00028294944
0.00029371678
0.00029505661
0.00029550729
0.0002814707
0.00027362963
0.00026065327
0.00025509879
0.00026059727
0.00026806715
0.00028075931
0.00029500263
0.00031181449
0.00032967504
0.00034867349
0.00036809757
0.00038782103
0.0004074797
0.00042693583
0.00044597768
0.00046449088
0.00048233943
0.00049943835
0.00051569069
0.00053107084
0.00054537398
0.00055899165
0.00057642308
9.8789496e-05
9.7746788e-05
9.6531489e-05
9.5283903e-05
9.4004943e-05
9.2700086e-05
9.1376427e-05
9.0037691e-05
8.8685665e-05
8.73216e-05
8.5946804e-05
8.456291e-05
8.3172005e-05
8.1776632e-05
8.0379682e-05
7.898423e-05
7.7593433e-05
7.6210543e-05
7.4838984e-05
7.3482367e-05
7.2144411e-05
7.0828891e-05
6.9539968e-05
6.8282985e-05
6.7065453e-05
6.5896853e-05
6.4776731e-05
6.3703525e-05
6.2678523e-05
6.1703684e-05
6.0781585e-05
5.991456e-05
5.9104552e-05
5.8353746e-05
5.7664987e-05
5.7041256e-05
5.6485038e-05
5.5998875e-05
5.558608e-05
5.5252768e-05
5.5006673e-05
5.4854963e-05
5.4801088e-05
5.4848472e-05
5.50037e-05
5.5279918e-05
5.5694071e-05
5.626573e-05
5.7013898e-05
5.795866e-05
5.9120427e-05
6.0524049e-05
6.2197407e-05
6.4177128e-05
6.6504274e-05
6.9233391e-05
7.2423809e-05
7.6155393e-05
8.0509984e-05
8.5597258e-05
9.1513143e-05
9.8386741e-05
0.00010629592
0.00011536898
0.00012562513
0.00013718994
0.0001499735
0.00016412121
0.00017928742
0.0001956798
0.00021227875
0.0002295667
0.00024533975
0.0002608312
0.00027180717
0.00028177111
0.00028240307
0.00028197567
0.0002736849
0.00026205168
0.00025200679
0.00024168165
0.00024533163
0.00025010125
0.00026094202
0.00027331342
0.00028842955
0.0003045372
0.00032178509
0.00033943493
0.00035740011
0.00037531825
0.00039307087
0.00041045143
0.00042735979
0.00044366173
0.00045930926
0.00047410004
0.00048825891
0.00050709403
9.9304924e-05
9.8281145e-05
9.7089845e-05
9.5864304e-05
9.460066e-05
9.330855e-05
9.1996401e-05
9.0668024e-05
8.93253e-05
8.7969545e-05
8.6601988e-05
8.5224047e-05
8.3837494e-05
8.2444507e-05
8.10476e-05
7.9649494e-05
7.825303e-05
7.6861168e-05
7.5477039e-05
7.4103961e-05
7.2745352e-05
7.140468e-05
7.0085728e-05
6.8793262e-05
6.7533864e-05
6.631693e-05
6.5147675e-05
6.4022349e-05
6.2941645e-05
6.190739e-05
6.0922e-05
5.9987609e-05
5.9105918e-05
5.8278738e-05
5.7508358e-05
5.6797186e-05
5.61472e-05
5.5560343e-05
5.5039198e-05
5.4588597e-05
5.4214619e-05
5.3922639e-05
5.3715103e-05
5.3594389e-05
5.35655e-05
5.3638423e-05
5.3826088e-05
5.4143041e-05
5.4603105e-05
5.5220273e-05
5.6008466e-05
5.6984348e-05
5.8166795e-05
5.9580647e-05
6.1254332e-05
6.3225604e-05
6.5536739e-05
6.8244267e-05
7.1408648e-05
7.5109454e-05
7.9422418e-05
8.4445946e-05
9.0255784e-05
9.6960706e-05
0.00010461754
0.00011334556
0.00012315509
0.00013418451
0.00014631711
0.00015972468
0.00017402043
0.00018948874
0.00020502955
0.0002212613
0.00023589159
0.00025040333
0.000260386
0.00026919525
0.00027238309
0.00027071718
0.00026503324
0.00025245614
0.00024151098
0.00022736864
0.00022969133
0.00023255963
0.00024204904
0.0002528702
0.00026647718
0.00028099579
0.00029666028
0.00031270889
0.00032908575
0.00034542591
0.00036163057
0.00037749686
0.00039295661
0.00040780641
0.00042210918
0.00044176686
9.9790771e-05
9.877958e-05
9.7618826e-05
9.6414411e-05
9.5166127e-05
9.3888065e-05
9.2588741e-05
9.127191e-05
8.9939654e-05
8.8593403e-05
8.7234347e-05
8.5863746e-05
8.4483127e-05
8.3094365e-05
8.1699651e-05
8.0301395e-05
7.8902145e-05
7.7504587e-05
7.6111582e-05
7.4726166e-05
7.3351478e-05
7.1990701e-05
7.0647275e-05
6.9325454e-05
6.8031007e-05
6.6772157e-05
6.5558223e-05
6.4386485e-05
6.325613e-05
6.2168885e-05
6.1127081e-05
6.0132704e-05
5.9187268e-05
5.8292296e-05
5.7449654e-05
5.6661311e-05
5.5928868e-05
5.5253837e-05
5.463827e-05
5.4086026e-05
5.3601925e-05
5.3190044e-05
5.2852145e-05
5.2589912e-05
5.2407214e-05
5.2311766e-05
5.2313578e-05
5.2423623e-05
5.2652068e-05
5.3008729e-05
5.3503113e-05
5.4146419e-05
5.4951476e-05
5.5935268e-05
5.7117598e-05
5.8524754e-05
6.0186721e-05
6.2143209e-05
6.4437626e-05
6.7126094e-05
7.0264449e-05
7.3923815e-05
7.8166104e-05
8.3075959e-05
8.871525e-05
9.5185697e-05
0.00010253645
0.00011089025
0.00012023834
0.00013072657
0.00014220828
0.00015488851
0.00016831175
0.00018285039
0.00019734109
0.00021254815
0.00022612009
0.0002394128
0.00024999482
0.00025775204
0.00026241829
0.00026111633
0.00025559637
0.00024099855
0.00022935601
0.00021289823
0.00021450363
0.00021590386
0.00022421389
0.00023364732
0.00024590641
0.00025900697
0.00027325069
0.00028784937
0.0003027804
0.00031768212
0.0003324797
0.00034695355
0.0003610003
0.00038088841
0.00010024513
9.9242068e-05
9.811767e-05
9.6932995e-05
9.5700078e-05
9.4437187e-05
9.3151788e-05
9.1847589e-05
9.0526922e-05
8.9191325e-05
8.7841967e-05
8.6479994e-05
8.5106748e-05
8.3723863e-05
8.2333257e-05
8.0937067e-05
7.9537581e-05
7.8137232e-05
7.6738628e-05
7.5344545e-05
7.3957861e-05
7.2581497e-05
7.1218583e-05
6.9872921e-05
6.8549573e-05
6.7255625e-05
6.600121e-05
6.4788298e-05
6.3613786e-05
6.2479377e-05
6.138735e-05
6.0339567e-05
5.9337388e-05
5.8382115e-05
5.7475294e-05
5.6618557e-05
5.5813226e-05
5.5060507e-05
5.4362064e-05
5.372101e-05
5.3141202e-05
5.2625773e-05
5.2176022e-05
5.1793172e-05
5.1480268e-05
5.1243365e-05
5.1090316e-05
5.1029511e-05
5.10685e-05
5.1214201e-05
5.1473097e-05
5.1852714e-05
5.2361824e-05
5.3012179e-05
5.3817757e-05
5.4797099e-05
5.5971597e-05
5.7369209e-05
5.9020742e-05
6.0965235e-05
6.3242357e-05
6.5901834e-05
6.899007e-05
7.2569219e-05
7.6692635e-05
8.1440434e-05
8.686911e-05
9.3080282e-05
0.00010010952
0.00010807891
0.00011695763
0.00012690298
0.00013772479
0.00014966571
0.00016221331
0.00017583475
0.00018933256
0.00020337148
0.00021668506
0.00022888506
0.00023973131
0.0002477504
0.00025247346
0.00025008771
0.00024406925
0.00022856876
0.00021716818
0.00019898303
0.00019998494
0.00020012031
0.00020741294
0.00021564233
0.00022671156
0.00023853261
0.00025148011
0.00026476002
0.0002783604
0.00029199533
0.00030536755
0.0003248704
0.00010066597
9.9669498e-05
9.8584101e-05
9.7418254e-05
9.6201619e-05
9.4954615e-05
9.3683959e-05
9.239339e-05
9.1085389e-05
8.9761551e-05
8.8423026e-05
8.7070887e-05
8.5706338e-05
8.4330826e-05
8.2946045e-05
8.1553899e-05
8.0156446e-05
7.8755889e-05
7.7354605e-05
7.5955129e-05
7.4560099e-05
7.3172194e-05
7.1794264e-05
7.0429714e-05
6.9082996e-05
6.776021e-05
6.6470489e-05
6.5220897e-05
6.400724e-05
6.2831009e-05
6.1694396e-05
6.0599141e-05
5.9546473e-05
5.8537523e-05
5.7573597e-05
5.6656071e-05
5.5786062e-05
5.4964564e-05
5.4192954e-05
5.3473774e-05
5.2810141e-05
5.2204503e-05
5.1657843e-05
5.1171084e-05
5.0746666e-05
5.0389413e-05
5.0105562e-05
4.9901609e-05
4.9783207e-05
4.9755242e-05
4.9822105e-05
4.9988844e-05
5.0261501e-05
5.0648333e-05
5.1159375e-05
5.1807926e-05
5.2609416e-05
5.358367e-05
5.4752502e-05
5.614293e-05
5.7782606e-05
5.9705671e-05
6.194533e-05
6.4545616e-05
6.754793e-05
7.1011941e-05
7.4987718e-05
7.9554368e-05
8.4759013e-05
9.069997e-05
9.7396773e-05
0.00010497314
0.00011336967
0.00012275689
0.0001329087
0.00014411057
0.00015581841
0.00016844052
0.00018135628
0.00019432219
0.00020727497
0.00021935345
0.00022991243
0.00023691664
0.00024088755
0.00023781003
0.00023218479
0.00021627537
0.00020520383
0.00018559939
0.00018615129
0.00018526188
0.00019169538
0.00019884857
0.00020882848
0.00021949714
0.00023121825
0.00024346804
0.00025567952
0.00027411088
0.00010105124
0.00010006295
9.9015062e-05
9.7868072e-05
9.6669493e-05
9.5438944e-05
9.4183725e-05
9.2907732e-05
9.1613433e-05
9.0302407e-05
8.8975791e-05
8.7634614e-05
8.6279989e-05
8.4913219e-05
8.353582e-05
8.2149497e-05
8.0756109e-05
7.9357656e-05
7.7956301e-05
7.6554362e-05
7.5154254e-05
7.3758435e-05
7.2369502e-05
7.0990511e-05
6.9625387e-05
6.8279399e-05
6.6960302e-05
6.5677966e-05
6.4429808e-05
6.3216704e-05
6.2040691e-05
6.0903375e-05
5.9805866e-05
5.8749162e-05
5.7734396e-05
5.6762753e-05
5.5835206e-05
5.49526e-05
5.4116105e-05
5.3327825e-05
5.2590306e-05
5.1905499e-05
5.1274181e-05
5.069708e-05
5.0176188e-05
4.9715404e-05
4.9319742e-05
4.8994292e-05
4.8743319e-05
4.8570264e-05
4.8478074e-05
4.8470113e-05
4.8550582e-05
4.8725389e-05
4.9001883e-05
4.9389779e-05
4.9900345e-05
5.0547764e-05
5.1347504e-05
5.2318258e-05
5.3479129e-05
5.4853368e-05
5.6464189e-05
5.834219e-05
6.051781e-05
6.3033931e-05
6.5930134e-05
6.9265105e-05
7.3082625e-05
7.7458289e-05
8.2427863e-05
8.8087689e-05
9.4438193e-05
0.0001016056
0.00010950676
0.0001183293
0.00012782965
0.000138245
0.00014932744
0.00016100996
0.00017331336
0.00018590067
0.00019836524
0.00020943313
0.00021900336
0.00022506094
0.00022884442
0.000225452
0.00022023025
0.0002040755
0.00019350735
0.00017288492
0.00017313851
0.00017135529
0.0001769951
0.00018321307
0.00019208379
0.00020219518
0.00021257143
0.00022905734
0.00010139894
0.00010042309
9.9407394e-05
9.8280637e-05
9.7101717e-05
9.5888541e-05
9.4649598e-05
9.3389122e-05
9.2109512e-05
9.0812295e-05
8.9498605e-05
8.8169453e-05
8.6825896e-05
8.5469132e-05
8.4100538e-05
8.2721655e-05
8.1334169e-05
7.9939899e-05
7.8540819e-05
7.7139048e-05
7.5736796e-05
7.4336321e-05
7.2939992e-05
7.1550555e-05
7.0171481e-05
6.8807339e-05
6.7464654e-05
6.6153663e-05
6.4875403e-05
6.3630043e-05
6.2419443e-05
6.1245044e-05
6.0107842e-05
5.9008742e-05
5.7948749e-05
5.6928916e-05
5.5950113e-05
5.5013092e-05
5.4118871e-05
5.326922e-05
5.2466248e-05
5.1711545e-05
5.1005758e-05
5.0349494e-05
4.9744414e-05
4.9193714e-05
4.8701474e-05
4.8271726e-05
4.7907713e-05
4.7611847e-05
4.7386068e-05
4.7232604e-05
4.7154411e-05
4.7155806e-05
4.7242292e-05
4.7421092e-05
4.7700534e-05
4.8090846e-05
4.8603024e-05
4.925001e-05
5.0044953e-05
5.1003653e-05
5.2142182e-05
5.3481643e-05
5.5043826e-05
5.6858945e-05
5.89565e-05
6.1378606e-05
6.4160671e-05
6.7358452e-05
7.1007881e-05
7.5181782e-05
7.9903216e-05
8.5267055e-05
9.1257716e-05
9.8006721e-05
0.00010541992
0.00011364917
0.0001226096
0.00013227007
0.00014271293
0.00015393264
0.00016571268
0.00017737452
0.00018879102
0.00019878925
0.00020772831
0.00021308906
0.00021670271
0.00021303735
0.00020828307
0.00019227015
0.00018235398
0.00016090045
0.00016085307
0.00015838829
0.0001630152
0.00016972824
0.00017712672
0.00019034903
0.00010170734
0.0001007497
9.9758723e-05
9.8654354e-05
9.7496329e-05
9.6301751e-05
9.5080143e-05
9.3836148e-05
9.257216e-05
9.1289689e-05
8.9989882e-05
8.8673759e-05
8.7342346e-05
8.5996767e-05
8.4638292e-05
8.3268331e-05
8.188842e-05
8.0500222e-05
7.9105539e-05
7.770631e-05
7.6304561e-05
7.4902362e-05
7.3501881e-05
7.2105591e-05
7.0716568e-05
6.9338792e-05
6.7977764e-05
6.6642662e-05
6.5338444e-05
6.4065171e-05
6.2824485e-05
6.1617618e-05
6.0445461e-05
5.930885e-05
5.8208713e-05
5.7146009e-05
5.6121547e-05
5.513602e-05
5.4190342e-05
5.3286026e-05
5.2424851e-05
5.1608149e-05
5.083649e-05
5.011041e-05
4.9431326e-05
4.8801896e-05
4.822548e-05
4.7705312e-05
4.7243874e-05
4.6842846e-05
4.6503469e-05
4.6227207e-05
4.6016178e-05
4.5873616e-05
4.5803731e-05
4.5811987e-05
4.5904601e-05
4.6088996e-05
4.6372992e-05
4.6765555e-05
4.727572e-05
4.7914234e-05
4.8692197e-05
4.9624163e-05
5.0725559e-05
5.2017494e-05
5.3521296e-05
5.5266596e-05
5.7280094e-05
5.9601651e-05
6.2261308e-05
6.5312313e-05
6.8782238e-05
7.2741514e-05
7.7202485e-05
8.2260526e-05
8.7892548e-05
9.420491e-05
0.00010118841
0.00010883923
0.00011724336
0.00012646315
0.00013644222
0.00014689217
0.00015773333
0.00016835272
0.00017891761
0.00018804047
0.00019638419
0.00020107604
0.00020458008
0.00020087926
0.00019671966
0.0001809754
0.00017167485
0.00014974279
0.0001486874
0.00014929906
0.00015145595
0.00015911122
0.00010197499
0.00010104157
0.00010006817
9.8987843e-05
9.7851751e-05
9.6677114e-05
9.5474021e-05
9.4247464e-05
9.2999975e-05
9.1733124e-05
9.0448105e-05
8.9145961e-05
8.7827707e-05
8.6494424e-05
8.5147297e-05
8.3787629e-05
8.2416834e-05
8.1036435e-05
7.9648082e-05
7.8253551e-05
7.6854699e-05
7.545343e-05
7.4051725e-05
7.2651817e-05
7.1256442e-05
6.9869079e-05
6.8494401e-05
6.7140019e-05
6.581378e-05
6.4516719e-05
6.3250183e-05
6.2015156e-05
6.0812431e-05
5.9642808e-05
5.8507169e-05
5.740642e-05
5.6341334e-05
5.5312579e-05
5.4320997e-05
5.3367911e-05
5.245485e-05
5.1582963e-05
5.0752782e-05
4.996481e-05
4.9220283e-05
4.8521447e-05
4.7871103e-05
4.7271879e-05
4.6725691e-05
4.6233697e-05
4.5796664e-05
4.5415544e-05
4.5091896e-05
4.482821e-05
4.4627781e-05
4.44948e-05
4.443395e-05
4.4450629e-05
4.4550397e-05
4.4739453e-05
4.5023996e-05
4.5411349e-05
4.5909189e-05
4.6527593e-05
4.7277455e-05
4.8173505e-05
4.9230943e-05
5.0470417e-05
5.1911319e-05
5.3581584e-05
5.5504221e-05
5.7717099e-05
6.0244792e-05
6.3138365e-05
6.6418355e-05
7.0154188e-05
7.4353031e-05
7.9093135e-05
8.4397072e-05
9.0278824e-05
9.6814403e-05
0.00010408404
0.00011210491
0.00012074227
0.00012997022
0.00013951692
0.00014951351
0.00015923375
0.00016900117
0.00017727881
0.00018509636
0.00018929563
0.00019281155
0.00018914101
0.00018550402
0.00017020572
0.00016042297
0.00014835678
0.00014000651
0.00013757458
0.00010220076
0.00010129631
0.00010033633
9.9280233e-05
9.8166879e-05
9.7013462e-05
9.5830002e-05
9.4621784e-05
9.3391609e-05
9.2141196e-05
9.0871817e-05
8.9584555e-05
8.8280431e-05
8.6960496e-05
8.5625876e-05
8.4277788e-05
8.2917539e-05
8.1546533e-05
8.0166285e-05
7.8778421e-05
7.7384648e-05
7.5986715e-05
7.4586436e-05
7.3185833e-05
7.1787346e-05
7.0394027e-05
6.9009876e-05
6.7640989e-05
6.629663e-05
6.4979748e-05
6.3691371e-05
6.2432222e-05
6.1203019e-05
6.0004552e-05
5.8837687e-05
5.7703307e-05
5.6602176e-05
5.5534956e-05
5.4502448e-05
5.3505833e-05
5.2546455e-05
5.1625338e-05
5.0743004e-05
4.9899948e-05
4.9097274e-05
4.8336911e-05
4.7621227e-05
4.6952387e-05
4.6331887e-05
4.5760519e-05
4.523873e-05
4.4767143e-05
4.4346944e-05
4.3980113e-05
4.3669277e-05
4.34177e-05
4.3228919e-05
4.3106866e-05
4.3055474e-05
4.3079015e-05
4.3181727e-05
4.3368608e-05
4.3644983e-05
4.4017867e-05
4.4494966e-05
4.5086582e-05
4.5803488e-05
4.6660029e-05
4.7670017e-05
4.8852811e-05
5.0225232e-05
5.1813698e-05
5.3637627e-05
5.5733204e-05
5.8120462e-05
6.084929e-05
6.3936754e-05
6.7440908e-05
7.1393827e-05
7.5817903e-05
8.0776602e-05
8.634743e-05
9.2576414e-05
9.9413247e-05
0.00010686248
0.00011479639
0.00012330639
0.00013204923
0.00014125412
0.00015010993
0.00015915228
0.00016672969
0.00017413789
0.00017790827
0.00018137935
0.00017782345
0.00017394111
0.00016506219
0.00015420516
0.00013046716
0.00010238383
0.00010151076
0.0001005639
9.9531288e-05
9.8441215e-05
9.730991e-05
9.6146961e-05
9.4957872e-05
9.3745761e-05
9.2512552e-05
9.1259623e-05
8.9988106e-05
8.8699043e-05
8.7393466e-05
8.6072458e-05
8.4737166e-05
8.3388808e-05
8.202868e-05
8.0658178e-05
7.9278794e-05
7.7892095e-05
7.6499692e-05
7.5103247e-05
7.3704597e-05
7.2305922e-05
7.0909911e-05
6.9520013e-05
6.8141015e-05
6.6782547e-05
6.54497e-05
6.4143288e-05
6.2863819e-05
6.1611968e-05
6.0388542e-05
5.9194419e-05
5.8030481e-05
5.6897501e-05
5.5796157e-05
5.4727228e-05
5.3691796e-05
5.269107e-05
5.1725992e-05
5.0797091e-05
4.9904877e-05
4.9050356e-05
4.8235214e-05
4.7461486e-05
4.6730981e-05
4.6044886e-05
4.5403742e-05
4.480779e-05
4.4257446e-05
4.3753657e-05
4.3298041e-05
4.2892741e-05
4.254032e-05
4.2243459e-05
4.2005014e-05
4.1827745e-05
4.1714576e-05
4.166839e-05
4.1692599e-05
4.1790909e-05
4.1968226e-05
4.2230016e-05
4.2583511e-05
4.3036335e-05
4.3598457e-05
4.4279621e-05
4.5093174e-05
4.6051101e-05
4.7171617e-05
4.8469153e-05
4.9968906e-05
5.1687397e-05
5.3659878e-05
5.5904134e-05
5.8462634e-05
6.1366387e-05
6.4639154e-05
6.8331908e-05
7.2511321e-05
7.7229843e-05
8.2481114e-05
8.8286635e-05
9.4596066e-05
0.00010147775
0.00010876737
0.00011659857
0.00012456844
0.00013304346
0.00014115953
0.00014958787
0.00015653123
0.0001635055
0.00016691759
0.00016978944
0.00016928207
0.00016610228
0.00014837225
0.00010252355
0.00010168165
0.00010075052
9.9741075e-05
9.8674532e-05
9.7565715e-05
9.6423847e-05
9.525454e-05
9.4061177e-05
9.2845894e-05
9.1610187e-05
9.0355249e-05
8.9082146e-05
8.7791904e-05
8.6485572e-05
8.5164238e-05
8.3829043e-05
8.248119e-05
8.1121964e-05
7.9752738e-05
7.8374953e-05
7.6990089e-05
7.5599678e-05
7.4205387e-05
7.2809172e-05
7.1413409e-05
7.002109e-05
6.8635934e-05
6.7267423e-05
6.5922366e-05
6.4601535e-05
6.3305332e-05
6.2034436e-05
6.0789692e-05
5.9572012e-05
5.8382298e-05
5.7221349e-05
5.608987e-05
5.4988639e-05
5.391867e-05
5.2881076e-05
5.1876749e-05
5.0906242e-05
4.9970089e-05
4.9069231e-05
4.8205168e-05
4.7379675e-05
4.6594293e-05
4.5849984e-05
4.514712e-05
4.4485821e-05
4.3866384e-05
4.3289601e-05
4.275684e-05
4.2269874e-05
4.1830736e-05
4.1441462e-05
4.1104108e-05
4.0820595e-05
4.0592901e-05
4.0422974e-05
4.0313142e-05
4.0265985e-05
4.0284949e-05
4.0373917e-05
4.0537983e-05
4.078254e-05
4.1114525e-05
4.1540776e-05
4.2070479e-05
4.271205e-05
4.3477969e-05
4.4378603e-05
4.5431299e-05
4.6648647e-05
4.8055206e-05
4.9666079e-05
5.1511721e-05
5.3617988e-05
5.6006025e-05
5.8715261e-05
6.1799187e-05
6.5305963e-05
6.9249159e-05
7.3657829e-05
7.8522534e-05
8.3898477e-05
8.9713763e-05
9.6051874e-05
0.00010271528
0.00010991142
0.00011721605
0.00012505384
0.00013249787
0.00014031817
0.00014668941
0.0001528865
0.00015745438
0.00016072686
0.000156749
0.00010261936
0.00010180635
0.00010089496
9.9909417e-05
9.8866411e-05
9.7780095e-05
9.665964e-05
9.5510641e-05
9.4336648e-05
9.3139975e-05
9.1922236e-05
9.0684687e-05
8.9428422e-05
8.8154467e-05
8.6863843e-05
8.5557589e-05
8.4236774e-05
8.2902517e-05
8.1556006e-05
8.0198503e-05
7.8831334e-05
7.7455864e-05
7.60735e-05
7.4685764e-05
7.3294414e-05
7.1901557e-05
7.0509799e-05
6.9122027e-05
6.7747486e-05
6.6393848e-05
6.5062036e-05
6.3752489e-05
6.2465944e-05
6.1203308e-05
5.9965543e-05
5.8753587e-05
5.7568278e-05
5.6410361e-05
5.5280623e-05
5.4180039e-05
5.3109657e-05
5.2070342e-05
5.1062683e-05
5.0087243e-05
4.9144925e-05
4.8237088e-05
4.7365304e-05
4.6530915e-05
4.5734722e-05
4.4976993e-05
4.4257784e-05
4.3577334e-05
4.2936341e-05
4.2335993e-05
4.1777782e-05
4.1263333e-05
4.0794187e-05
4.0371817e-05
3.9997534e-05
3.9672663e-05
3.9398507e-05
3.9176648e-05
3.9008883e-05
3.8897636e-05
3.8845666e-05
3.8856563e-05
3.8934138e-05
3.9083219e-05
3.9308586e-05
3.9616555e-05
4.0012981e-05
4.0506387e-05
4.110407e-05
4.1817898e-05
4.265706e-05
4.3638509e-05
4.4773946e-05
4.6084838e-05
4.7591122e-05
4.930984e-05
5.127046e-05
5.3513821e-05
5.6079573e-05
5.8987678e-05
6.2268135e-05
6.5931169e-05
7.0023083e-05
7.4519513e-05
7.9477907e-05
8.4806508e-05
9.0629057e-05
9.6741293e-05
0.00010338084
0.00011008397
0.00011730547
0.00012413525
0.0001311501
0.00013775737
0.00014374002
0.00014855839
0.00010267063
0.00010188356
0.00010099577
0.00010003543
9.9015927e-05
9.7952131e-05
9.6853325e-05
9.5725069e-05
9.4571015e-05
9.3393608e-05
9.2194562e-05
9.0975198e-05
8.9736637e-05
8.8479907e-05
8.7206002e-05
8.5915914e-05
8.4610651e-05
8.3291253e-05
8.1958817e-05
8.0614506e-05
7.925954e-05
7.7895177e-05
7.6522715e-05
7.5143544e-05
7.3759253e-05
7.2371712e-05
7.0983197e-05
6.9596027e-05
6.82193e-05
6.6860543e-05
6.5521006e-05
6.4201323e-05
6.2902338e-05
6.1625043e-05
6.0370463e-05
5.9139585e-05
5.7933296e-05
5.6752385e-05
5.5597666e-05
5.4470092e-05
5.337067e-05
5.2300258e-05
5.1259484e-05
5.0248952e-05
4.9269539e-05
4.8322503e-05
4.7409262e-05
4.6531006e-05
4.5688428e-05
4.488174e-05
4.4110976e-05
4.3376359e-05
4.2678533e-05
4.2018554e-05
4.1397698e-05
4.0817272e-05
4.0278442e-05
3.9782249e-05
3.9329576e-05
3.8921294e-05
3.8558264e-05
3.8241558e-05
3.7972425e-05
3.7752568e-05
3.758394e-05
3.7469067e-05
3.741063e-05
3.7411986e-05
3.7476455e-05
3.7608369e-05
3.7811772e-05
3.8092467e-05
3.8455521e-05
3.8909023e-05
3.9459515e-05
4.0118631e-05
4.0895011e-05
4.1803601e-05
4.2859092e-05
4.407441e-05
4.5470987e-05
4.707889e-05
4.8928615e-05
5.1039727e-05
5.3439235e-05
5.6144741e-05
5.919479e-05
6.2588085e-05
6.6367481e-05
7.0495871e-05
7.5053058e-05
7.9946081e-05
8.531416e-05
9.0927639e-05
9.7034248e-05
0.00010318479
0.00010968298
0.00011635608
0.00012278668
0.00013140426
0.00010267669
0.00010191346
0.00010105148
0.00010011756
9.9121749e-05
9.8080779e-05
9.7003874e-05
9.5896754e-05
9.4763176e-05
9.3605671e-05
9.2426034e-05
9.1225643e-05
9.0005646e-05
8.8767068e-05
8.7510878e-05
8.623802e-05
8.4949443e-05
8.3646115e-05
8.2329048e-05
8.0999313e-05
7.9658035e-05
7.8306375e-05
7.694553e-05
7.5576775e-05
7.4201548e-05
7.2821518e-05
7.1438678e-05
7.0055137e-05
6.8679759e-05
6.7319115e-05
6.5974929e-05
6.4648142e-05
6.3339756e-05
6.205086e-05
6.0782555e-05
5.9535886e-05
5.8311793e-05
5.7111122e-05
5.5934717e-05
5.4783526e-05
5.3658536e-05
5.256061e-05
5.149042e-05
5.0448612e-05
4.9436058e-05
4.8453936e-05
4.7503551e-05
4.6585983e-05
4.5701857e-05
4.4851362e-05
4.4034543e-05
4.3251632e-05
4.2503248e-05
4.1790348e-05
4.1114039e-05
4.0475382e-05
3.9875258e-05
3.9314394e-05
3.8793374e-05
3.8312759e-05
3.7873115e-05
3.7475164e-05
3.711977e-05
3.6808123e-05
3.6541599e-05
3.6321961e-05
3.6151085e-05
3.6031286e-05
3.5964854e-05
3.5954741e-05
3.6003714e-05
3.6115707e-05
3.6294197e-05
3.6544679e-05
3.6871735e-05
3.7283323e-05
3.778564e-05
3.8389013e-05
3.9103974e-05
3.9939966e-05
4.0912284e-05
4.20425e-05
4.3353027e-05
4.4860322e-05
4.6586729e-05
4.8550692e-05
5.0783285e-05
5.3292806e-05
5.6112357e-05
5.9232117e-05
6.2707661e-05
6.6502396e-05
7.0703574e-05
7.5201406e-05
8.0136201e-05
8.5289438e-05
9.0806462e-05
9.667418e-05
0.00010246848
0.00011166245
0.00010263681
0.0001018969
0.0001010611
0.00010015422
9.9182641e-05
9.8164926e-05
9.7110243e-05
9.6024668e-05
9.4912092e-05
9.3775116e-05
9.2615601e-05
9.1434974e-05
9.0234401e-05
8.9014901e-05
8.7777409e-05
8.6522826e-05
8.5252038e-05
8.3965946e-05
8.2665483e-05
8.1351637e-05
8.0025443e-05
7.8687975e-05
7.734034e-05
7.5983709e-05
7.461939e-05
7.324888e-05
7.1873967e-05
7.049702e-05
6.9126052e-05
6.7766481e-05
6.6420533e-05
6.508951e-05
6.3774599e-05
6.2477001e-05
6.1197897e-05
5.9938398e-05
5.8699505e-05
5.7482119e-05
5.6287126e-05
5.5115478e-05
5.3968159e-05
5.2846045e-05
5.1749854e-05
5.068028e-05
4.9638194e-05
4.8624725e-05
4.764109e-05
4.6688294e-05
4.5766922e-05
4.4877169e-05
4.401911e-05
4.3193008e-05
4.2399469e-05
4.1639382e-05
4.0913715e-05
4.0223342e-05
3.9568929e-05
3.8950981e-05
3.8369876e-05
3.7825971e-05
3.7319637e-05
3.6851359e-05
3.6421732e-05
3.6031582e-05
3.5681863e-05
3.5373799e-05
3.5108679e-05
3.4888084e-05
3.4713569e-05
3.4587125e-05
3.4510617e-05
3.4486691e-05
3.4517703e-05
3.4607364e-05
3.4758841e-05
3.4977558e-05
3.526788e-05
3.5636901e-05
3.6092045e-05
3.6640051e-05
3.72917e-05
3.8062206e-05
3.8967543e-05
4.0020495e-05
4.1238587e-05
4.2638163e-05
4.4243372e-05
4.6065061e-05
4.8128682e-05
5.0436786e-05
5.3030004e-05
5.5899351e-05
5.9103464e-05
6.2594197e-05
6.6456249e-05
7.0587784e-05
7.5061137e-05
7.9922293e-05
8.4768771e-05
9.3042622e-05
0.00010255039
0.00010183412
0.00010102437
0.00010014423
9.919769e-05
9.82035e-05
9.7171416e-05
9.6107838e-05
9.5016798e-05
9.3900982e-05
9.276231e-05
9.1602245e-05
9.0421964e-05
8.9222465e-05
8.8004649e-05
8.6769365e-05
8.5517442e-05
8.4249712e-05
8.2967037e-05
8.1670326e-05
8.0360534e-05
7.9038654e-05
7.7705713e-05
7.6362791e-05
7.5011086e-05
7.3651963e-05
7.2287197e-05
7.0919636e-05
6.9555612e-05
6.8199788e-05
6.6854776e-05
6.5522223e-05
6.4203511e-05
6.289996e-05
6.1612835e-05
6.0343316e-05
5.9092467e-05
5.786125e-05
5.6650593e-05
5.5461466e-05
5.4294857e-05
5.3151663e-05
5.2032652e-05
5.093856e-05
4.9870275e-05
4.8828886e-05
4.7815551e-05
4.6831226e-05
4.5876478e-05
4.4951529e-05
4.4056499e-05
4.319169e-05
4.235771e-05
4.1555393e-05
4.0785603e-05
4.0049067e-05
3.9346295e-05
3.8677639e-05
3.8043339e-05
3.7443627e-05
3.6878746e-05
3.6349027e-05
3.5854876e-05
3.539686e-05
3.4975633e-05
3.4592024e-05
3.4246905e-05
3.3941332e-05
3.3676335e-05
3.3453233e-05
3.3273256e-05
3.3138156e-05
3.3049499e-05
3.3009772e-05
3.3021129e-05
3.3087249e-05
3.3211156e-05
3.3397702e-05
3.3652056e-05
3.3978952e-05
3.4385934e-05
3.4883609e-05
3.5483128e-05
3.619398e-05
3.7029464e-05
3.8002925e-05
3.9132544e-05
4.042848e-05
4.1909858e-05
4.358371e-05
4.5480209e-05
4.7602635e-05
4.9992396e-05
5.2632355e-05
5.5577586e-05
5.8785377e-05
6.2295619e-05
6.6171882e-05
7.0059052e-05
7.7007597e-05
0.00010241698
0.00010172498
0.00010094125
0.00010008695
9.9166183e-05
9.8195632e-05
9.7186494e-05
9.6145374e-05
9.5076418e-05
9.3982406e-05
9.2865314e-05
9.1726627e-05
9.0567512e-05
8.938894e-05
8.8191768e-05
8.6976792e-05
8.5744781e-05
8.4496502e-05
8.323275e-05
8.195436e-05
8.0662215e-05
7.9357238e-05
7.8040379e-05
7.6712649e-05
7.5375162e-05
7.4029262e-05
7.267694e-05
7.1320986e-05
6.9966065e-05
6.8616398e-05
6.7274831e-05
6.5943295e-05
6.4623359e-05
6.3316463e-05
6.2023956e-05
6.0747088e-05
5.9486988e-05
5.8244677e-05
5.702113e-05
5.5817341e-05
5.4634309e-05
5.347296e-05
5.2334106e-05
5.1218532e-05
5.0127142e-05
4.9061006e-05
4.802124e-05
4.7008769e-05
4.6024164e-05
4.5067683e-05
4.4139506e-05
4.3239977e-05
4.2369714e-05
4.1529512e-05
4.0720152e-05
3.9942251e-05
3.9196207e-05
3.8482271e-05
3.7800602e-05
3.7151356e-05
3.6534703e-05
3.5950871e-05
3.540014e-05
3.4882893e-05
3.4399567e-05
3.3950712e-05
3.3536897e-05
3.3158804e-05
3.2817091e-05
3.2512603e-05
3.2246119e-05
3.2018776e-05
3.1831581e-05
3.1686176e-05
3.1583995e-05
3.1527513e-05
3.1518787e-05
3.1561115e-05
3.1658055e-05
3.1812893e-05
3.2030879e-05
3.231935e-05
3.2685974e-05
3.3137609e-05
3.3684157e-05
3.4336035e-05
3.5106619e-05
3.600424e-05
3.70429e-05
3.8230297e-05
3.9588704e-05
4.1125691e-05
4.2871111e-05
4.4822435e-05
4.7017711e-05
4.944348e-05
5.2125293e-05
5.512702e-05
5.8152839e-05
6.3745351e-05
0.00010223631
0.00010156918
0.00010081159
9.99822e-05
9.9087296e-05
9.8140594e-05
9.7154707e-05
9.613649e-05
9.5090183e-05
9.4018646e-05
9.2923896e-05
9.1807418e-05
9.0670353e-05
8.9513632e-05
8.8338063e-05
8.7144385e-05
8.5933305e-05
8.470553e-05
8.3461788e-05
8.220285e-05
8.0929533e-05
7.9642699e-05
7.834324e-05
7.7032122e-05
7.5710465e-05
7.4379708e-05
7.3041861e-05
7.1699136e-05
7.0355201e-05
6.9013867e-05
6.7678068e-05
6.6349942e-05
6.5031221e-05
6.3723453e-05
6.2428074e-05
6.11464e-05
5.9879623e-05
5.8628824e-05
5.7395024e-05
5.6179248e-05
5.4982512e-05
5.380577e-05
5.2649881e-05
5.1515677e-05
5.0404082e-05
4.9316157e-05
4.8252992e-05
4.7215498e-05
4.6204263e-05
4.5219594e-05
4.4261731e-05
4.3331067e-05
4.2428235e-05
4.1553999e-05
4.0709078e-05
3.9894008e-05
3.9109115e-05
3.8354586e-05
3.7630537e-05
3.6937089e-05
3.6274371e-05
3.5642551e-05
3.5041825e-05
3.447245e-05
3.3934707e-05
3.3428949e-05
3.2955527e-05
3.251486e-05
3.2107339e-05
3.1733478e-05
3.1393739e-05
3.1088828e-05
3.0819363e-05
3.0586399e-05
3.0390862e-05
3.0234389e-05
3.0118348e-05
3.0044955e-05
3.0016629e-05
3.0035619e-05
3.0105558e-05
3.0231489e-05
3.0418622e-05
3.067183e-05
3.0998411e-05
3.1406294e-05
3.1905172e-05
3.2501419e-05
3.3205079e-05
3.4022948e-05
3.4971234e-05
3.6057978e-05
3.7304686e-05
3.8714794e-05
4.031548e-05
4.2106756e-05
4.410725e-05
4.6373693e-05
4.8671609e-05
5.3032887e-05
0.0001020083
0.00010136645
0.00010063499
9.9829936e-05
9.8960125e-05
9.8037662e-05
9.7075385e-05
9.6080522e-05
9.5057454e-05
9.4009098e-05
9.2937479e-05
9.1844057e-05
9.0729933e-05
8.9595985e-05
8.8442964e-05
8.7271551e-05
8.608239e-05
8.4876132e-05
8.3653443e-05
8.241504e-05
8.1161681e-05
7.9894189e-05
7.8613429e-05
7.7320389e-05
7.601621e-05
7.4702311e-05
7.3380358e-05
7.2052238e-05
7.0720963e-05
6.9389934e-05
6.806205e-05
6.6739574e-05
6.5424367e-05
6.4118076e-05
6.282221e-05
6.1538152e-05
6.0267153e-05
5.9010351e-05
5.7768815e-05
5.6543599e-05
5.5335745e-05
5.4146234e-05
5.297597e-05
5.1825829e-05
5.0696761e-05
4.9589825e-05
4.8506097e-05
4.7446487e-05
4.6411609e-05
4.5401825e-05
4.4417441e-05
4.34589e-05
4.2526849e-05
4.1622033e-05
4.0745126e-05
3.9896607e-05
3.9076757e-05
3.8285731e-05
3.7523632e-05
3.679057e-05
3.6086661e-05
3.5412042e-05
3.4766854e-05
3.4151269e-05
3.3565463e-05
3.3009649e-05
3.2484027e-05
3.198883e-05
3.1524261e-05
3.1090602e-05
3.0688095e-05
3.0317145e-05
2.99781e-05
2.9671607e-05
2.9398231e-05
2.9159027e-05
2.8954875e-05
2.8787234e-05
2.8657719e-05
2.8567841e-05
2.8520095e-05
2.8517917e-05
2.8564808e-05
2.8664191e-05
2.8821414e-05
2.9042425e-05
2.9334182e-05
2.9701376e-05
3.0151117e-05
3.0688861e-05
3.1326237e-05
3.2070208e-05
3.2936091e-05
3.3929014e-05
3.5068571e-05
3.636003e-05
3.7817901e-05
3.9488744e-05
4.1195292e-05
4.4506318e-05
0.000101733
0.00010111649
0.00010041082
9.9629774e-05
9.878406e-05
9.7886162e-05
9.6947937e-05
9.597694e-05
9.4977749e-05
9.3953316e-05
9.2905643e-05
9.1836138e-05
9.0745845e-05
8.963558e-05
8.8506032e-05
8.7357823e-05
8.6191538e-05
8.5007774e-05
8.3807145e-05
8.2590328e-05
8.1358046e-05
8.0111113e-05
7.885038e-05
7.7576838e-05
7.6291533e-05
7.499569e-05
7.3690795e-05
7.2378536e-05
7.1061437e-05
6.9742502e-05
6.8424512e-05
6.710978e-05
6.5800255e-05
6.4497664e-05
6.3203582e-05
6.1919447e-05
6.0646569e-05
5.9386137e-05
5.8139268e-05
5.6907048e-05
5.5690541e-05
5.449076e-05
5.3308651e-05
5.2145131e-05
5.1001178e-05
4.9877855e-05
4.8776234e-05
4.7697232e-05
4.6641497e-05
4.5609452e-05
4.4601468e-05
4.3618035e-05
4.2659822e-05
4.1727559e-05
4.0821888e-05
3.9943255e-05
3.9091917e-05
3.826802e-05
3.7471675e-05
3.6702999e-05
3.5962115e-05
3.5249146e-05
3.4564204e-05
3.3907409e-05
3.3278865e-05
3.2678691e-05
3.2106982e-05
3.1563845e-05
3.1049353e-05
3.0563629e-05
3.0106761e-05
2.9678949e-05
2.928035e-05
2.891133e-05
2.8572202e-05
2.8263615e-05
2.7986097e-05
2.7740586e-05
2.7528125e-05
2.7349701e-05
2.7207006e-05
2.7102354e-05
2.7038063e-05
2.7016513e-05
2.704161e-05
2.7117771e-05
2.7249964e-05
2.7441564e-05
2.769757e-05
2.8022157e-05
2.8423573e-05
2.8907297e-05
2.9484081e-05
3.0158863e-05
3.094572e-05
3.1851141e-05
3.2886636e-05
3.4087912e-05
3.5327581e-05
3.7778516e-05
0.00010141044
0.00010081875
0.00010013826
9.9380974e-05
9.8558831e-05
9.7685577e-05
9.6771896e-05
9.5825376e-05
9.4850763e-05
9.3851035e-05
9.282814e-05
9.1783415e-05
9.0717831e-05
8.9632137e-05
8.8526961e-05
8.7402863e-05
8.6260376e-05
8.5100055e-05
8.3922475e-05
8.2728295e-05
8.1518206e-05
8.0293007e-05
7.9053494e-05
7.7800543e-05
7.6535123e-05
7.5258357e-05
7.3971596e-05
7.2676371e-05
7.1374836e-05
7.0069627e-05
6.8763356e-05
6.7458321e-05
6.615652e-05
6.4859734e-05
6.356959e-05
6.2287579e-05
6.1015058e-05
5.9753267e-05
5.8503363e-05
5.7266466e-05
5.6043665e-05
5.4836003e-05
5.3644462e-05
5.2470002e-05
5.1313626e-05
5.0176408e-05
4.9059421e-05
4.7963596e-05
4.6889623e-05
4.5837984e-05
4.4809114e-05
4.3803556e-05
4.2821994e-05
4.1865155e-05
4.0933659e-05
4.0027935e-05
3.9148235e-05
3.8294715e-05
3.7467506e-05
3.6666748e-05
3.5892579e-05
3.5145126e-05
3.4424492e-05
3.3730762e-05
3.3064001e-05
3.2424265e-05
3.1811584e-05
3.1225977e-05
3.0667434e-05
3.0135968e-05
2.9631566e-05
2.9154287e-05
2.8704159e-05
2.8281354e-05
2.7886006e-05
2.7518484e-05
2.7179072e-05
2.6868334e-05
2.6586918e-05
2.6335435e-05
2.6115007e-05
2.5927166e-05
2.5773416e-05
2.5655389e-05
2.5575928e-05
2.5538286e-05
2.5545994e-05
2.5601448e-05
2.5708157e-05
2.5869238e-05
2.6090494e-05
2.6375999e-05
2.6733207e-05
2.7166202e-05
2.7685024e-05
2.8295622e-05
2.900714e-05
2.9845112e-05
3.0723671e-05
3.2490604e-05
0.00010104026
0.00010047238
9.9816411e-05
9.9082778e-05
9.8284266e-05
9.7435664e-05
9.6547023e-05
9.5625665e-05
9.4676391e-05
9.3702176e-05
9.2704895e-05
9.1685797e-05
9.0645772e-05
8.9585502e-05
8.8505552e-05
8.7406429e-05
8.6288624e-05
8.5152662e-05
8.3999088e-05
8.2828538e-05
8.1641647e-05
8.0439122e-05
7.9221709e-05
7.7990237e-05
7.6745612e-05
7.5488878e-05
7.4221271e-05
7.2944189e-05
7.1659498e-05
7.0369512e-05
6.9076642e-05
6.7783124e-05
6.6490961e-05
6.520197e-05
6.3917813e-05
6.2640021e-05
6.1369992e-05
6.0109011e-05
5.8858274e-05
5.761893e-05
5.6392095e-05
5.5178837e-05
5.3980176e-05
5.2797107e-05
5.163066e-05
5.0481922e-05
4.9351973e-05
4.8241763e-05
4.7152025e-05
4.6083302e-05
4.5036094e-05
4.4010989e-05
4.3008693e-05
4.2029932e-05
4.1075317e-05
4.0145273e-05
3.9240061e-05
3.8359858e-05
3.7504827e-05
3.6675139e-05
3.5870958e-05
3.5092424e-05
3.4339642e-05
3.3612684e-05
3.2911594e-05
3.2236393e-05
3.1587071e-05
3.0963594e-05
3.03659e-05
2.9793932e-05
2.924761e-05
2.87269e-05
2.8231745e-05
2.7762186e-05
2.7318235e-05
2.6900065e-05
2.6507786e-05
2.6141708e-05
2.5802197e-05
2.5489597e-05
2.5204627e-05
2.4948272e-05
2.4721476e-05
2.4525338e-05
2.4361911e-05
2.4233574e-05
2.4142821e-05
2.4091338e-05
2.4081594e-05
2.4115883e-05
2.4198266e-05
2.4331665e-05
2.4521189e-05
2.4769968e-05
2.5085117e-05
2.5471449e-05
2.5936261e-05
2.6496277e-05
2.7099135e-05
2.8333331e-05
0.00010062184
0.00010007653
9.9444619e-05
9.8734685e-05
9.7960247e-05
9.7136492e-05
9.627337e-05
9.5377886e-05
9.4454742e-05
9.350685e-05
9.2535994e-05
9.1543325e-05
9.0529652e-05
8.9495589e-05
8.844165e-05
8.7368297e-05
8.6275994e-05
8.5165238e-05
8.4036525e-05
8.2890396e-05
8.172745e-05
8.0548359e-05
7.9353838e-05
7.8144665e-05
7.6921698e-05
7.5685904e-05
7.4438422e-05
7.3180535e-05
7.1913881e-05
7.0640494e-05
6.9362578e-05
6.8082268e-05
6.6801543e-05
6.5522224e-05
6.4245996e-05
6.2974417e-05
6.1708919e-05
6.0450823e-05
5.920136e-05
5.7961707e-05
5.6733004e-05
5.5516344e-05
5.4312779e-05
5.3123336e-05
5.1949072e-05
5.0791086e-05
4.9650471e-05
4.8528199e-05
4.7425046e-05
4.6341616e-05
4.5278471e-05
4.4236243e-05
4.3215662e-05
4.2217455e-05
4.1242236e-05
4.0290434e-05
3.9362331e-05
3.8458137e-05
3.757805e-05
3.672228e-05
3.5891021e-05
3.5084436e-05
3.430264e-05
3.3545708e-05
3.2813676e-05
3.2106553e-05
3.1424307e-05
3.0766878e-05
3.0134175e-05
2.95261e-05
2.8942534e-05
2.8383385e-05
2.7848541e-05
2.7337955e-05
2.6851559e-05
2.6389391e-05
2.5951445e-05
2.553785e-05
2.5148777e-05
2.4784383e-05
2.4445097e-05
2.4131525e-05
2.3844225e-05
2.3583916e-05
2.3352066e-05
2.3150394e-05
2.2980645e-05
2.2843998e-05
2.2742197e-05
2.2676916e-05
2.2650985e-05
2.2666439e-05
2.2726747e-05
2.2834201e-05
2.2993825e-05
2.3209235e-05
2.3486339e-05
2.3834626e-05
2.4228234e-05
2.5052985e-05
0.00010015566
9.9631313e-05
9.9022832e-05
9.8336667e-05
9.7586898e-05
9.6788389e-05
9.5951291e-05
9.5082376e-05
9.4186133e-05
9.3265335e-05
9.2321643e-05
9.1356113e-05
9.0369478e-05
8.93623e-05
8.8335061e-05
8.7288191e-05
8.6222122e-05
8.5137243e-05
8.4034004e-05
8.291293e-05
8.1774598e-05
8.0619646e-05
7.9448755e-05
7.8262662e-05
7.706217e-05
7.5848184e-05
7.4621752e-05
7.3384058e-05
7.2136556e-05
7.0881042e-05
6.9619515e-05
6.8353988e-05
6.7086384e-05
6.5818506e-05
6.4552046e-05
6.3288576e-05
6.2029553e-05
6.0776326e-05
5.9530156e-05
5.8292244e-05
5.7063751e-05
5.5845795e-05
5.4639453e-05
5.3445783e-05
5.2265865e-05
5.1100814e-05
4.9951733e-05
4.881962e-05
4.7705294e-05
4.660942e-05
4.5532616e-05
4.447556e-05
4.3439e-05
4.2423677e-05
4.1430208e-05
4.045904e-05
3.9510482e-05
3.8584781e-05
3.7682179e-05
3.6802925e-05
3.594725e-05
3.5115342e-05
3.4307337e-05
3.3523321e-05
3.2763337e-05
3.2027394e-05
3.1315456e-05
3.0627457e-05
2.9963292e-05
2.9322846e-05
2.870598e-05
2.8112569e-05
2.7542471e-05
2.6995584e-05
2.6471786e-05
2.5971028e-05
2.5493223e-05
2.503838e-05
2.4606532e-05
2.4197707e-05
2.3812129e-05
2.3450138e-05
2.3112031e-05
2.2798253e-05
2.2509838e-05
2.2248006e-05
2.2013964e-05
2.1808525e-05
2.1632926e-05
2.1488382e-05
2.1376853e-05
2.129972e-05
2.1259313e-05
2.125726e-05
2.1297103e-05
2.1381405e-05
2.1515079e-05
2.1701871e-05
2.1936635e-05
2.2448711e-05
9.9643076e-05
9.9137995e-05
9.8551838e-05
9.7889321e-05
9.716468e-05
9.6391937e-05
9.5581411e-05
9.4739715e-05
9.3871064e-05
9.2978018e-05
9.2062096e-05
9.1124264e-05
9.0165215e-05
8.9185496e-05
8.8185568e-05
8.7165768e-05
8.6126423e-05
8.5067917e-05
8.3990692e-05
8.2895254e-05
8.1782155e-05
8.0652001e-05
7.9505437e-05
7.8343159e-05
7.7165922e-05
7.5974569e-05
7.4770069e-05
7.3553514e-05
7.2326211e-05
7.1089752e-05
6.9845943e-05
6.8596661e-05
6.7343751e-05
6.6088982e-05
6.4834028e-05
6.3580468e-05
6.2329771e-05
6.1083308e-05
5.9842363e-05
5.8608158e-05
5.7381871e-05
5.6164641e-05
5.4957567e-05
5.3761735e-05
5.2578244e-05
5.1408224e-05
5.0252792e-05
4.9112969e-05
4.7989619e-05
4.6883462e-05
4.5795172e-05
4.4725467e-05
4.3675122e-05
4.2644885e-05
4.1635389e-05
4.0647102e-05
3.9680368e-05
3.8735477e-05
3.7812715e-05
3.6912372e-05
3.6034719e-05
3.5179973e-05
3.4348297e-05
3.3539796e-05
3.275453e-05
3.1992518e-05
3.1253735e-05
3.0538119e-05
2.9845569e-05
2.9175968e-05
2.8529172e-05
2.7905043e-05
2.7303424e-05
2.6724182e-05
2.6167164e-05
2.5632266e-05
2.5119349e-05
2.462834e-05
2.4159183e-05
2.3711814e-05
2.3286314e-05
2.288284e-05
2.250151e-05
2.2142575e-05
2.1806742e-05
2.149486e-05
2.1207744e-05
2.0945944e-05
2.0710339e-05
2.0501804e-05
2.0321685e-05
2.017089e-05
2.0050964e-05
1.9963034e-05
1.9909595e-05
1.9892361e-05
1.9915551e-05
1.9978445e-05
2.0092018e-05
2.036544e-05
9.9085145e-05
9.8598197e-05
9.8033113e-05
9.7393872e-05
9.669447e-05
9.5948004e-05
9.5164587e-05
9.4350662e-05
9.3510137e-05
9.2645312e-05
9.1757565e-05
9.0847833e-05
8.9916823e-05
8.896507e-05
8.7992868e-05
8.7000488e-05
8.5988262e-05
8.4956573e-05
8.3905852e-05
8.2836583e-05
8.1749291e-05
8.0644549e-05
7.9522967e-05
7.8385199e-05
7.7231955e-05
7.6064019e-05
7.4882288e-05
7.368777e-05
7.2481647e-05
7.1265342e-05
7.0040483e-05
6.8808806e-05
6.7572062e-05
6.6331964e-05
6.5090159e-05
6.3848215e-05
6.2607607e-05
6.1369716e-05
6.0135843e-05
5.8907228e-05
5.7685062e-05
5.64705e-05
5.5264663e-05
5.4068655e-05
5.2883595e-05
5.1710625e-05
5.0550877e-05
4.9405396e-05
4.8275084e-05
4.7160718e-05
4.6063022e-05
4.4982754e-05
4.392071e-05
4.2877658e-05
4.1854244e-05
4.0850967e-05
3.9868207e-05
3.89063e-05
3.7965578e-05
3.7046375e-05
3.6148998e-05
3.5273702e-05
3.4420676e-05
3.3590054e-05
3.2781918e-05
3.1996307e-05
3.1233216e-05
3.0492597e-05
2.9774366e-05
2.9078414e-05
2.8404604e-05
2.7752799e-05
2.7122841e-05
2.6514583e-05
2.5927859e-05
2.5362529e-05
2.4818427e-05
2.4295427e-05
2.3793414e-05
2.3312265e-05
2.2851963e-05
2.2412536e-05
2.1993984e-05
2.1596421e-05
2.1220311e-05
2.0866221e-05
2.0534683e-05
2.022606e-05
1.9940969e-05
1.9680038e-05
1.9444174e-05
1.923395e-05
1.9050373e-05
1.8894197e-05
1.8767184e-05
1.8670384e-05
1.860755e-05
1.8574526e-05
1.8594832e-05
1.8685326e-05
9.848263e-05
9.8013352e-05
9.746842e-05
9.6851965e-05
9.6177648e-05
9.545775e-05
9.4701842e-05
9.3916059e-05
9.3103955e-05
9.2267569e-05
9.1408223e-05
9.0526907e-05
8.9624326e-05
8.8700793e-05
8.7756545e-05
8.6791872e-05
8.5807108e-05
8.4802633e-05
8.377886e-05
8.2736247e-05
8.1675292e-05
8.0596534e-05
7.9500545e-05
7.8387941e-05
7.7259384e-05
7.6115606e-05
7.4957434e-05
7.3785801e-05
7.2601784e-05
7.1406658e-05
7.0201892e-05
6.8989082e-05
6.7769874e-05
6.6545913e-05
6.5318804e-05
6.4090092e-05
6.2861245e-05
6.1633648e-05
6.0408614e-05
5.9187391e-05
5.7971183e-05
5.6761156e-05
5.5558446e-05
5.4364175e-05
5.3179477e-05
5.2005505e-05
5.0843402e-05
4.9694237e-05
4.8558952e-05
4.743837e-05
4.6333265e-05
4.5244434e-05
4.4172695e-05
4.3118832e-05
4.2083515e-05
4.1067273e-05
4.0070528e-05
3.9093661e-05
3.813705e-05
3.7201074e-05
3.6286079e-05
3.5392355e-05
3.4520127e-05
3.3669555e-05
3.2840752e-05
3.2033785e-05
3.1248674e-05
3.0485396e-05
2.9743888e-05
2.902406e-05
2.8325793e-05
2.764896e-05
2.6993411e-05
2.6358999e-05
2.5745555e-05
2.5152924e-05
2.4580927e-05
2.4029408e-05
2.3498215e-05
2.2987189e-05
2.2496246e-05
2.2025331e-05
2.1574364e-05
2.1143362e-05
2.0732609e-05
2.0342463e-05
1.9973251e-05
1.9625195e-05
1.9298729e-05
1.899429e-05
1.8712476e-05
1.8453624e-05
1.821837e-05
1.80072e-05
1.7821359e-05
1.7661384e-05
1.7530733e-05
1.7422604e-05
1.7370331e-05
1.7319506e-05
9.7836145e-05
9.7384552e-05
9.6859422e-05
9.6265346e-05
9.5615841e-05
9.4922499e-05
9.4194244e-05
9.3436707e-05
9.2653026e-05
9.1845088e-05
9.1014291e-05
9.0161657e-05
8.9287617e-05
8.8392405e-05
8.7476285e-05
8.6539557e-05
8.5582555e-05
8.4605643e-05
8.3609215e-05
8.2593702e-05
8.1559569e-05
8.0507321e-05
7.9437494e-05
7.8350662e-05
7.7247444e-05
7.6128519e-05
7.4994651e-05
7.3846703e-05
7.2685657e-05
7.1512666e-05
7.0329053e-05
6.9136281e-05
6.7935886e-05
6.6729433e-05
6.5518474e-05
6.4304518e-05
6.3089019e-05
6.1873356e-05
6.0658844e-05
5.9446737e-05
5.8238246e-05
5.7034545e-05
5.583678e-05
5.4646087e-05
5.3463611e-05
5.2290514e-05
5.112795e-05
4.9977008e-05
4.8838665e-05
4.7713789e-05
4.6603201e-05
4.5507731e-05
4.4428221e-05
4.3365474e-05
4.2320184e-05
4.1292915e-05
4.0284131e-05
3.9294259e-05
3.8323724e-05
3.7372946e-05
3.6442312e-05
3.553215e-05
3.4642718e-05
3.3774213e-05
3.2926778e-05
3.2100513e-05
3.129547e-05
3.0511655e-05
2.9749036e-05
2.9007546e-05
2.8287091e-05
2.7587562e-05
2.6908826e-05
2.6250743e-05
2.5613154e-05
2.49959e-05
2.4398801e-05
2.3821686e-05
2.3264385e-05
2.2726719e-05
2.2208562e-05
2.1709805e-05
2.1230319e-05
2.0770051e-05
2.0329155e-05
1.9907833e-05
1.9506264e-05
1.9124569e-05
1.8763043e-05
1.8421981e-05
1.8101762e-05
1.7802556e-05
1.7524748e-05
1.7268627e-05
1.7035071e-05
1.6824236e-05
1.6639389e-05
1.6471696e-05
1.6362218e-05
1.6201077e-05
9.7146104e-05
9.6712565e-05
9.6207444e-05
9.5635561e-05
9.5010545e-05
9.4343523e-05
9.3642772e-05
9.291327e-05
9.2157774e-05
9.1378215e-05
9.0576094e-05
8.9752127e-05
8.8906598e-05
8.8039762e-05
8.7151898e-05
8.6243311e-05
8.5314323e-05
8.4365279e-05
8.3396548e-05
8.2408531e-05
8.1401661e-05
8.0376404e-05
7.9333262e-05
7.8272766e-05
7.7195491e-05
7.6102068e-05
7.4993201e-05
7.3869685e-05
7.2732422e-05
7.1582454e-05
7.0420979e-05
6.9249331e-05
6.8068935e-05
6.688127e-05
6.5687823e-05
6.449006e-05
6.3289408e-05
6.2087234e-05
6.0884847e-05
5.9683502e-05
5.8484411e-05
5.7288753e-05
5.609768e-05
5.4912336e-05
5.3733875e-05
5.2563464e-05
5.1402265e-05
5.0251386e-05
4.9111834e-05
4.7984521e-05
4.6870307e-05
4.5770054e-05
4.4684629e-05
4.3614855e-05
4.2561451e-05
4.1525016e-05
4.0506058e-05
3.950505e-05
3.8522462e-05
3.7558755e-05
3.6614357e-05
3.5689633e-05
3.4784879e-05
3.3900326e-05
3.3036155e-05
3.2192501e-05
3.136945e-05
3.0567046e-05
2.9785286e-05
2.9024137e-05
2.8283534e-05
2.7563389e-05
2.6863595e-05
2.6184027e-05
2.552454e-05
2.4884982e-05
2.4265181e-05
2.3664964e-05
2.3084156e-05
2.252257e-05
2.1980057e-05
2.1456474e-05
2.0951664e-05
2.0465528e-05
1.9998125e-05
1.9549544e-05
1.9119856e-05
1.8709109e-05
1.8317494e-05
1.7945198e-05
1.7592443e-05
1.7259286e-05
1.6945938e-05
1.6652548e-05
1.6379734e-05
1.612736e-05
1.5898587e-05
1.5682998e-05
1.5527813e-05
1.5279496e-05
9.6412731e-05
9.5997935e-05
9.5513411e-05
9.4963761e-05
9.4362945e-05
9.3721872e-05
9.3048213e-05
9.2346273e-05
9.1618635e-05
9.0867408e-05
9.0093848e-05
8.9298385e-05
8.8481294e-05
8.7642847e-05
8.678333e-05
8.5903037e-05
8.5002271e-05
8.4081354e-05
8.3140625e-05
8.2180454e-05
8.1201239e-05
8.0203409e-05
7.9187426e-05
7.8153782e-05
7.7103009e-05
7.6035688e-05
7.4952469e-05
7.3854083e-05
7.2741357e-05
7.1615238e-05
7.0476811e-05
6.932729e-05
6.8167994e-05
6.7000307e-05
6.5825646e-05
6.4645425e-05
6.3461035e-05
6.2273822e-05
6.1085083e-05
5.9896068e-05
5.8707985e-05
5.7522013e-05
5.6339307e-05
5.5161015e-05
5.3988293e-05
5.2822313e-05
5.1664242e-05
5.0515204e-05
4.9376232e-05
4.8248274e-05
4.7132229e-05
4.6028989e-05
4.4939442e-05
4.3864432e-05
4.2804707e-05
4.17609e-05
4.0733564e-05
3.9723214e-05
3.8730365e-05
3.7755519e-05
3.6799143e-05
3.586164e-05
3.4943344e-05
3.4044524e-05
3.3165398e-05
3.230614e-05
3.1466875e-05
3.0647682e-05
2.9848598e-05
2.9069623e-05
2.8310724e-05
2.7571844e-05
2.6852901e-05
2.6153792e-05
2.5474394e-05
2.4814569e-05
2.4174157e-05
2.3552995e-05
2.2950911e-05
2.2367721e-05
2.1803264e-05
2.1257382e-05
2.0729902e-05
2.0220699e-05
1.9729763e-05
1.9257101e-05
1.880271e-05
1.8366584e-05
1.7948834e-05
1.7549567e-05
1.7168892e-05
1.6806789e-05
1.6463349e-05
1.6138623e-05
1.5833042e-05
1.554625e-05
1.5281358e-05
1.5026703e-05
1.4834472e-05
1.4516335e-05
9.5636276e-05
9.5241129e-05
9.4777919e-05
9.4250692e-05
9.3673871e-05
9.3058326e-05
9.2411164e-05
9.1736211e-05
9.1036157e-05
9.0313077e-05
8.9567785e-05
8.8800621e-05
8.8011864e-05
8.7201789e-05
8.6370669e-05
8.5518778e-05
8.4646398e-05
8.375382e-05
8.2841353e-05
8.190933e-05
8.0958114e-05
7.9988097e-05
7.8999699e-05
7.7993374e-05
7.696961e-05
7.5928942e-05
7.4871967e-05
7.3799354e-05
7.2711863e-05
7.1610356e-05
7.0495816e-05
6.936935e-05
6.8232169e-05
6.7085565e-05
6.5930876e-05
6.476946e-05
6.3602662e-05
6.24318e-05
6.1258152e-05
6.0082957e-05
5.8907415e-05
5.77327e-05
5.6559965e-05
5.5390357e-05
5.4225033e-05
5.3065166e-05
5.1911924e-05
5.0766441e-05
4.9629776e-05
4.8502908e-05
4.7386769e-05
4.6282278e-05
4.5190346e-05
4.4111836e-05
4.3047523e-05
4.1998078e-05
4.0964094e-05
3.9946132e-05
3.8944745e-05
3.7960478e-05
3.6993835e-05
3.6045257e-05
3.5115115e-05
3.4203719e-05
3.3311325e-05
3.2438147e-05
3.158435e-05
3.0750054e-05
2.9935334e-05
2.9140227e-05
2.8364737e-05
2.7608839e-05
2.687248e-05
2.6155586e-05
2.5458056e-05
2.4779773e-05
2.4120597e-05
2.3480379e-05
2.2858958e-05
2.2256159e-05
2.1671823e-05
2.1105786e-05
2.0557872e-05
2.002794e-05
1.9515934e-05
1.9021804e-05
1.8545495e-05
1.8086963e-05
1.7646259e-05
1.7223429e-05
1.6818501e-05
1.6431403e-05
1.6062148e-05
1.5710713e-05
1.5377397e-05
1.506168e-05
1.4766654e-05
1.4479668e-05
1.4256976e-05
1.3882119e-05
9.4817421e-05
9.4442728e-05
9.4001404e-05
9.3496842e-05
9.2943917e-05
9.2353471e-05
9.1732153e-05
9.1083669e-05
9.0410937e-05
8.9715617e-05
8.8998261e-05
8.8259174e-05
8.7498622e-05
8.6716864e-05
8.5914151e-05
8.5090732e-05
8.4246856e-05
8.3382783e-05
8.2498786e-05
8.1595164e-05
8.0672241e-05
7.973037e-05
7.8769933e-05
7.7791342e-05
7.6795043e-05
7.5781525e-05
7.4751334e-05
7.3705084e-05
7.2643469e-05
7.1567274e-05
7.0477393e-05
6.9374832e-05
6.8260701e-05
6.71362e-05
6.6002586e-05
6.4861151e-05
6.3713191e-05
6.2559987e-05
6.1402794e-05
6.0242831e-05
5.9081287e-05
5.7919326e-05
5.6758095e-05
5.5598737e-05
5.4442405e-05
5.3290266e-05
5.2143492e-05
5.1003221e-05
4.9870531e-05
4.874643e-05
4.7631877e-05
4.6527817e-05
4.543518e-05
4.4354851e-05
4.3287632e-05
4.2234227e-05
4.1195271e-05
4.0171366e-05
3.9163105e-05
3.8171072e-05
3.7195807e-05
3.6237788e-05
3.5297427e-05
3.4375071e-05
3.3471017e-05
3.2585519e-05
3.1718784e-05
3.0870972e-05
3.00422e-05
2.9232545e-05
2.8442046e-05
2.7670716e-05
2.6918533e-05
2.6185454e-05
2.5471405e-05
2.4776295e-05
2.4100005e-05
2.3442407e-05
2.2803357e-05
2.2182697e-05
2.1580272e-05
2.0995925e-05
2.0429482e-05
1.9880799e-05
1.9349788e-05
1.8836365e-05
1.8340437e-05
1.7861935e-05
1.7400865e-05
1.6957225e-05
1.653099e-05
1.6122051e-05
1.573037e-05
1.5355872e-05
1.4998761e-05
1.4658393e-05
1.433787e-05
1.4023738e-05
1.3775635e-05
1.3354021e-05
9.3957538e-05
9.3603605e-05
9.3184348e-05
9.27027e-05
9.217364e-05
9.1607871e-05
9.1011792e-05
9.0389366e-05
8.9743552e-05
8.9075553e-05
8.8385794e-05
8.7674543e-05
8.6942039e-05
8.6188511e-05
8.5414177e-05
8.4619251e-05
8.380395e-05
8.2968497e-05
8.211313e-05
8.1238108e-05
8.0343719e-05
7.9430275e-05
7.8498118e-05
7.7547621e-05
7.6579188e-05
7.5593262e-05
7.4590342e-05
7.3570986e-05
7.2535828e-05
7.1485585e-05
7.0421066e-05
6.9343187e-05
6.8252964e-05
6.7151503e-05
6.6039982e-05
6.491962e-05
6.379166e-05
6.2657341e-05
6.1517885e-05
6.037449e-05
5.9228325e-05
5.8080542e-05
5.6932277e-05
5.5784665e-05
5.463885e-05
5.3495994e-05
5.2357262e-05
5.1223799e-05
5.0096696e-05
4.8976981e-05
4.7865641e-05
4.6763641e-05
4.567193e-05
4.4591412e-05
4.3522915e-05
4.2467178e-05
4.1424874e-05
4.0396643e-05
3.9383119e-05
3.8384918e-05
3.7402619e-05
3.6436738e-05
3.5487722e-05
3.4555958e-05
3.3641785e-05
3.2745496e-05
3.1867341e-05
3.1007522e-05
3.0166197e-05
2.9343484e-05
2.8539462e-05
2.7754179e-05
2.698765e-05
2.6239862e-05
2.5510774e-05
2.4800321e-05
2.4108413e-05
2.3434943e-05
2.2779789e-05
2.2142812e-05
2.1523873e-05
2.0922824e-05
2.0339502e-05
1.9773764e-05
1.9225506e-05
1.8694621e-05
1.8180996e-05
1.7684544e-05
1.7205238e-05
1.6743041e-05
1.629789e-05
1.5869656e-05
1.5458264e-05
1.5063604e-05
1.4685814e-05
1.4324157e-05
1.398176e-05
1.3644508e-05
1.3374906e-05
1.2914172e-05
9.3058547e-05
9.2725042e-05
9.2327578e-05
9.1868996e-05
9.1363748e-05
9.0822229e-05
9.025087e-05
8.9654109e-05
8.9034711e-05
8.8393589e-05
8.7731081e-05
8.7047408e-05
8.6342765e-05
8.561734e-05
8.4871311e-05
8.4104854e-05
8.3318148e-05
8.2511378e-05
8.1684744e-05
8.0838468e-05
7.9972797e-05
7.9088004e-05
7.8184392e-05
7.7262292e-05
7.6322067e-05
7.5364118e-05
7.4388895e-05
7.3396907e-05
7.2388728e-05
7.136501e-05
7.032649e-05
6.9273998e-05
6.8208462e-05
6.7130899e-05
6.6042404e-05
6.4944125e-05
6.3837245e-05
6.2722955e-05
6.1602439e-05
6.0476866e-05
5.9347386e-05
5.8215131e-05
5.7081223e-05
5.5946783e-05
5.4812945e-05
5.368086e-05
5.2551686e-05
5.1426566e-05
5.0306602e-05
4.9192839e-05
4.8086284e-05
4.6987921e-05
4.5898716e-05
4.4819591e-05
4.3751398e-05
4.2694908e-05
4.165083e-05
4.0619843e-05
3.9602614e-05
3.8599796e-05
3.7612002e-05
3.6639782e-05
3.5683623e-05
3.474395e-05
3.3821141e-05
3.2915532e-05
3.2027413e-05
3.1157028e-05
3.030458e-05
2.9470224e-05
2.8654082e-05
2.7856239e-05
2.7076748e-05
2.6315629e-05
2.5572874e-05
2.4848448e-05
2.414229e-05
2.345432e-05
2.2784441e-05
2.2132537e-05
2.1498486e-05
2.0882156e-05
2.02834e-05
1.9702083e-05
1.9138092e-05
1.8591311e-05
1.8061618e-05
1.7548913e-05
1.7053146e-05
1.6574256e-05
1.6112154e-05
1.56667e-05
1.5237798e-05
1.4825312e-05
1.4429334e-05
1.4049057e-05
1.3687646e-05
1.333043e-05
1.3042386e-05
1.2548438e-05
9.2122563e-05
9.1808673e-05
9.1432493e-05
9.099683e-05
9.0515184e-05
8.9997476e-05
8.9450385e-05
8.8878825e-05
8.8285325e-05
8.7670637e-05
8.7035021e-05
8.6378638e-05
8.5701632e-05
8.5004139e-05
8.4286293e-05
8.3548228e-05
8.2790082e-05
8.2012001e-05
8.1214147e-05
8.0396702e-05
7.9559874e-05
7.8703897e-05
7.7829032e-05
7.6935573e-05
7.602384e-05
7.5094192e-05
7.4147033e-05
7.3182823e-05
7.2202081e-05
7.12054e-05
7.0193447e-05
6.9166975e-05
6.8126829e-05
6.7073942e-05
6.6009326e-05
6.4934057e-05
6.3849253e-05
6.2756053e-05
6.1655599e-05
6.0549027e-05
5.9437461e-05
5.8322008e-05
5.7203774e-05
5.6083864e-05
5.4963395e-05
5.3843504e-05
5.2725339e-05
5.1610039e-05
5.0498708e-05
4.9392406e-05
4.8292156e-05
4.7198957e-05
4.6113788e-05
4.503759e-05
4.3971235e-05
4.2915526e-05
4.1871204e-05
4.0838984e-05
3.9819566e-05
3.8813636e-05
3.7821838e-05
3.6844759e-05
3.5882921e-05
3.4936789e-05
3.400678e-05
3.3093269e-05
3.2196588e-05
3.1317025e-05
3.0454821e-05
2.9610177e-05
2.8783252e-05
2.7974172e-05
2.7183027e-05
2.6409873e-05
2.5654735e-05
2.4917612e-05
2.4198474e-05
2.3497269e-05
2.2813927e-05
2.2148358e-05
2.1500462e-05
2.0870126e-05
2.0257221e-05
1.9661625e-05
1.9083226e-05
1.8521908e-05
1.7977543e-05
1.745003e-05
1.6939302e-05
1.6445281e-05
1.5967863e-05
1.5506904e-05
1.5062294e-05
1.4633881e-05
1.4221728e-05
1.3824972e-05
1.3446829e-05
1.3072147e-05
1.2768076e-05
1.2245519e-05
9.1151688e-05
9.0856344e-05
9.0500818e-05
9.0087597e-05
8.9629149e-05
8.9134796e-05
8.8611538e-05
8.8064662e-05
8.749654e-05
8.6907829e-05
8.6298719e-05
8.5669302e-05
8.5019661e-05
8.4349878e-05
8.3660038e-05
8.2950231e-05
8.2220551e-05
8.1471105e-05
8.0702015e-05
7.9913425e-05
7.9105502e-05
7.8278441e-05
7.7432465e-05
7.6567825e-05
7.5684804e-05
7.4783718e-05
7.3864928e-05
7.2928843e-05
7.1975934e-05
7.1006735e-05
7.0021848e-05
6.9021958e-05
6.800783e-05
6.6980318e-05
6.5940353e-05
6.4888938e-05
6.3827124e-05
6.2755994e-05
6.1676644e-05
6.0590172e-05
5.949767e-05
5.840022e-05
5.7298905e-05
5.619481e-05
5.5089033e-05
5.3982694e-05
5.2876926e-05
5.1772859e-05
5.0671598e-05
4.9574211e-05
4.8481731e-05
4.7395171e-05
4.6315521e-05
4.5243736e-05
4.4180709e-05
4.3127268e-05
4.2084189e-05
4.1052216e-05
4.0032081e-05
3.9024501e-05
3.803015e-05
3.704965e-05
3.6083557e-05
3.5132373e-05
3.4196555e-05
3.3276517e-05
3.2372631e-05
3.1485228e-05
3.061459e-05
2.9760958e-05
2.8924534e-05
2.8105481e-05
2.7303929e-05
2.6519969e-05
2.5753665e-05
2.5005046e-05
2.4274115e-05
2.3560853e-05
2.2865217e-05
2.2187145e-05
2.1526562e-05
2.0883376e-05
2.0257481e-05
1.9648769e-05
1.9057138e-05
1.8482474e-05
1.7924657e-05
1.7383583e-05
1.6859178e-05
1.6351354e-05
1.5859998e-05
1.5384966e-05
1.4926144e-05
1.4483368e-05
1.4056684e-05
1.3645189e-05
1.3252151e-05
1.2862001e-05
1.2543827e-05
1.1996287e-05
9.0147908e-05
8.9869985e-05
8.9534314e-05
8.9142852e-05
8.8707066e-05
8.8235621e-05
8.7735755e-05
8.721302e-05
8.6669743e-05
8.6106527e-05
8.5523493e-05
8.4920667e-05
8.4298064e-05
8.365571e-05
8.2993637e-05
8.2311889e-05
8.1610516e-05
8.0889585e-05
8.0149179e-05
7.9389401e-05
7.8610379e-05
7.781227e-05
7.6995257e-05
7.6159552e-05
7.5305398e-05
7.443307e-05
7.3542886e-05
7.263521e-05
7.1710461e-05
7.0769121e-05
6.9811733e-05
6.8838914e-05
6.7851358e-05
6.6849842e-05
6.583522e-05
6.4808421e-05
6.3770429e-05
6.2722267e-05
6.1664982e-05
6.0599628e-05
5.9527264e-05
5.8448941e-05
5.7365716e-05
5.6278649e-05
5.5188818e-05
5.4097321e-05
5.3005273e-05
5.1913792e-05
5.0823978e-05
4.9736902e-05
4.8653605e-05
4.7575108e-05
4.6502409e-05
4.5436476e-05
4.437822e-05
4.3328494e-05
4.22881e-05
4.1257813e-05
4.0238393e-05
3.9230585e-05
3.8235093e-05
3.725257e-05
3.6283607e-05
3.5328741e-05
3.4388467e-05
3.3463237e-05
3.2553465e-05
3.1659519e-05
3.0781725e-05
2.9920363e-05
2.9075676e-05
2.8247867e-05
2.7437103e-05
2.6643516e-05
2.5867201e-05
2.5108226e-05
2.4366626e-05
2.3642415e-05
2.2935579e-05
2.2246087e-05
2.1573888e-05
2.0918916e-05
2.0281089e-05
1.9660317e-05
1.9056511e-05
1.8469566e-05
1.7899373e-05
1.7345831e-05
1.6808864e-05
1.628838e-05
1.5784263e-05
1.5296373e-05
1.4824595e-05
1.4368762e-05
1.3928907e-05
1.35041e-05
1.3097666e-05
1.2693662e-05
1.2362937e-05
1.1793292e-05
8.9113071e-05
8.8851497e-05
8.8534734e-05
8.8164258e-05
8.7750567e-05
8.7301618e-05
8.6824697e-05
8.632555e-05
8.5806555e-05
8.5268305e-05
8.4710865e-05
8.4134192e-05
8.3538236e-05
8.2922962e-05
8.2288349e-05
8.1634393e-05
8.09611e-05
8.0268496e-05
7.9556623e-05
7.8825545e-05
7.8075352e-05
7.7306162e-05
7.6518118e-05
7.5711394e-05
7.4886193e-05
7.4042751e-05
7.3181344e-05
7.2302292e-05
7.1405966e-05
7.0492795e-05
6.9563267e-05
6.8617937e-05
6.7657432e-05
6.6682455e-05
6.5693789e-05
6.4692288e-05
6.3678867e-05
6.265449e-05
6.1620148e-05
6.0576853e-05
5.952562e-05
5.8467472e-05
5.7403431e-05
5.6334534e-05
5.5261832e-05
5.4186399e-05
5.3109329e-05
5.2031723e-05
5.0954673e-05
4.9879247e-05
4.8806489e-05
4.7737426e-05
4.6673062e-05
4.5614372e-05
4.4562286e-05
4.3517675e-05
4.2481367e-05
4.1454164e-05
4.0436852e-05
3.94302e-05
3.8434941e-05
3.7451758e-05
3.6481273e-05
3.5524061e-05
3.4580649e-05
3.3651529e-05
3.2737152e-05
3.1837927e-05
3.0954217e-05
3.0086346e-05
2.9234594e-05
2.8399205e-05
2.7580385e-05
2.6778301e-05
2.5993087e-05
2.5224847e-05
2.4473649e-05
2.373954e-05
2.3022539e-05
2.2322644e-05
2.1639833e-05
2.0974066e-05
2.0325284e-05
1.9693422e-05
1.9078404e-05
1.8480143e-05
1.7898539e-05
1.7333502e-05
1.6784956e-05
1.6252811e-05
1.5736952e-05
1.5237248e-05
1.4753586e-05
1.4285798e-05
1.3833913e-05
1.339698e-05
1.2978385e-05
1.2561846e-05
1.2219833e-05
1.1630396e-05
8.8048951e-05
8.7802703e-05
8.750384e-05
8.7153602e-05
8.6761497e-05
8.6334672e-05
8.588025e-05
8.5404118e-05
8.4908802e-05
8.4394931e-05
8.3862536e-05
8.3311509e-05
8.2741737e-05
8.2153122e-05
8.1545591e-05
8.0919087e-05
8.0273575e-05
7.9609036e-05
7.8925474e-05
7.8222913e-05
7.7501406e-05
7.676103e-05
7.6001891e-05
7.5224124e-05
7.4427894e-05
7.3613399e-05
7.2780871e-05
7.1930589e-05
7.1062877e-05
7.0178115e-05
6.9276739e-05
6.8359244e-05
6.7426194e-05
6.6478225e-05
6.5516047e-05
6.4540444e-05
6.3552264e-05
6.2552406e-05
6.1541806e-05
6.0521427e-05
5.9492243e-05
5.8455237e-05
5.7411402e-05
5.6361742e-05
5.530728e-05
5.4249064e-05
5.3188162e-05
5.2125656e-05
5.1062623e-05
5.0000127e-05
4.893921e-05
4.7880899e-05
4.6826201e-05
4.57761e-05
4.4731534e-05
4.3693395e-05
4.2662533e-05
4.1639771e-05
4.0625919e-05
3.9621771e-05
3.8628084e-05
3.7645568e-05
3.6674878e-05
3.571662e-05
3.4771357e-05
3.3839616e-05
3.2921885e-05
3.2018611e-05
3.1130196e-05
3.0257003e-05
2.9399353e-05
2.8557526e-05
2.7731767e-05
2.6922283e-05
2.6129244e-05
2.5352787e-05
2.459302e-05
2.3850021e-05
2.3123841e-05
2.241451e-05
2.1722035e-05
2.1046404e-05
2.0387584e-05
1.9745533e-05
1.9120195e-05
1.8511499e-05
1.7919363e-05
1.7343708e-05
1.6784464e-05
1.6241544e-05
1.5714841e-05
1.5204234e-05
1.4709613e-05
1.4230814e-05
1.3767868e-05
1.3319809e-05
1.2890085e-05
1.2462103e-05
1.2109845e-05
1.1502491e-05
8.69573e-05
8.6725366e-05
8.6443409e-05
8.6112826e-05
8.5741904e-05
8.5336857e-05
8.4904474e-05
8.4450756e-05
8.3978466e-05
8.3488327e-05
8.2980359e-05
8.2454401e-05
8.1910275e-05
8.1347824e-05
8.076692e-05
8.0167455e-05
7.9549349e-05
7.8912542e-05
7.8256995e-05
7.7582697e-05
7.6889658e-05
7.6177921e-05
7.5447551e-05
7.4698647e-05
7.3931335e-05
7.3145774e-05
7.2342159e-05
7.1520723e-05
7.0681748e-05
6.9825566e-05
6.8952561e-05
6.8063175e-05
6.7157911e-05
6.623734e-05
6.5302106e-05
6.4352922e-05
6.3390569e-05
6.2415882e-05
6.1429742e-05
6.0433057e-05
5.9426757e-05
5.8411787e-05
5.73891e-05
5.635967e-05
5.5324487e-05
5.4284569e-05
5.3240957e-05
5.2194709e-05
5.1146886e-05
5.009854e-05
4.9050707e-05
4.8004411e-05
4.6960661e-05
4.5920442e-05
4.4884702e-05
4.3854347e-05
4.2830245e-05
4.1813241e-05
4.0804165e-05
3.980383e-05
3.8813017e-05
3.7832463e-05
3.6862851e-05
3.5904818e-05
3.4958959e-05
3.4025837e-05
3.3105973e-05
3.2199852e-05
3.1307915e-05
3.043056e-05
2.9568147e-05
2.8720996e-05
2.7889388e-05
2.7073569e-05
2.6273745e-05
2.5490091e-05
2.4722748e-05
2.3971829e-05
2.3237418e-05
2.2519578e-05
2.1818343e-05
2.1133733e-05
2.0465741e-05
1.9814349e-05
1.9179524e-05
1.8561215e-05
1.7959357e-05
1.7373887e-05
1.6804743e-05
1.6251847e-05
1.5715101e-05
1.5194395e-05
1.4689629e-05
1.4200641e-05
1.372747e-05
1.326914e-05
1.2829163e-05
1.2390652e-05
1.2029018e-05
1.1405289e-05
8.5839871e-05
8.5621138e-05
8.5355359e-05
8.5044057e-05
8.4693987e-05
8.4310357e-05
8.389953e-05
8.3467588e-05
8.3017627e-05
8.2550518e-05
8.2066296e-05
8.156476e-05
8.1045673e-05
8.0508819e-05
7.9954014e-05
7.9381102e-05
7.8789955e-05
7.8180471e-05
7.7552573e-05
7.6906207e-05
7.624135e-05
7.5558002e-05
7.4856195e-05
7.4135988e-05
7.339747e-05
7.2640762e-05
7.186602e-05
7.1073437e-05
7.0263251e-05
6.9435748e-05
6.8591264e-05
6.7730187e-05
6.6852965e-05
6.5960108e-05
6.5052194e-05
6.4129871e-05
6.3193852e-05
6.224491e-05
6.1283864e-05
6.0311571e-05
5.9328912e-05
5.8336789e-05
5.7336118e-05
5.6327834e-05
5.5312895e-05
5.4292285e-05
5.3267016e-05
5.2238118e-05
5.1206632e-05
5.0173592e-05
4.9140028e-05
4.8106955e-05
4.707538e-05
4.6046287e-05
4.502063e-05
4.3999326e-05
4.2983258e-05
4.1973287e-05
4.0970261e-05
3.9975012e-05
3.8988342e-05
3.801101e-05
3.7043727e-05
3.6087158e-05
3.5141931e-05
3.4208638e-05
3.3287837e-05
3.2380045e-05
3.148574e-05
3.0605357e-05
2.9739293e-05
2.8887906e-05
2.8051514e-05
2.7230398e-05
2.6424805e-05
2.5634943e-05
2.486099e-05
2.4103091e-05
2.3361367e-05
2.263591e-05
2.1926787e-05
2.1234045e-05
2.0557708e-05
1.9897782e-05
1.9254258e-05
1.8627107e-05
1.8016285e-05
1.7421745e-05
1.6843437e-05
1.6281294e-05
1.5735232e-05
1.5205152e-05
1.4690963e-05
1.4192514e-05
1.370985e-05
1.324199e-05
1.2792511e-05
1.2344251e-05
1.1973978e-05
1.1335155e-05
8.4698449e-05
8.4491797e-05
8.4241858e-05
8.3949537e-05
8.3619964e-05
8.325734e-05
8.286757e-05
8.2456755e-05
8.2028398e-05
8.1583579e-05
8.1122374e-05
8.0644555e-05
8.0149837e-05
7.9637947e-05
7.9108646e-05
7.8561731e-05
7.7997026e-05
7.7414388e-05
7.6813699e-05
7.6194868e-05
7.5557831e-05
7.4902555e-05
7.4229031e-05
7.3537284e-05
7.2827366e-05
7.209936e-05
7.1353382e-05
7.0589588e-05
6.9808173e-05
6.9009378e-05
6.8193491e-05
6.7360853e-05
6.6511856e-05
6.5646953e-05
6.476666e-05
6.3871561e-05
6.2962303e-05
6.2039596e-05
6.11042e-05
6.0156915e-05
5.9198574e-05
5.8230032e-05
5.7252165e-05
5.6265868e-05
5.5272063e-05
5.4271699e-05
5.3265755e-05
5.225523e-05
5.1241141e-05
5.0224504e-05
4.9206332e-05
4.8187633e-05
4.7169405e-05
4.6152629e-05
4.5138262e-05
4.4127228e-05
4.3120422e-05
4.2118718e-05
4.1122979e-05
4.0134052e-05
3.9152756e-05
3.8179874e-05
3.7216139e-05
3.6262244e-05
3.5318846e-05
3.4386567e-05
3.3465995e-05
3.2557683e-05
3.1662142e-05
3.0779842e-05
2.9911216e-05
2.9056658e-05
2.8216524e-05
2.739113e-05
2.658076e-05
2.5785657e-05
2.5006035e-05
2.4242075e-05
2.3493929e-05
2.2761722e-05
2.2045553e-05
2.1345499e-05
2.0661612e-05
1.9993926e-05
1.9342456e-05
1.8707196e-05
1.8088125e-05
1.7485215e-05
1.6898431e-05
1.6327718e-05
1.5773007e-05
1.5234212e-05
1.4711257e-05
1.4203998e-05
1.3712493e-05
1.3235757e-05
1.2777433e-05
1.2320097e-05
1.1941818e-05
1.1288983e-05
8.3534889e-05
8.3339449e-05
8.3105112e-05
8.283142e-05
8.2521896e-05
8.2179827e-05
8.1810634e-05
8.1420329e-05
8.101286e-05
8.0589576e-05
8.0150631e-05
7.9695789e-05
7.9224721e-05
7.8737108e-05
7.8232659e-05
7.7711122e-05
7.7172279e-05
7.6615944e-05
7.6041959e-05
7.5450195e-05
7.4840552e-05
7.4212959e-05
7.3567372e-05
7.290378e-05
7.2222197e-05
7.1522671e-05
7.0805281e-05
7.0070142e-05
6.9317409e-05
6.854728e-05
6.7759999e-05
6.6955857e-05
6.6135195e-05
6.5298412e-05
6.4445964e-05
6.3578373e-05
6.2696225e-05
6.1800165e-05
6.0890893e-05
5.9969154e-05
5.9035727e-05
5.8091421e-05
5.7137067e-05
5.6173521e-05
5.5201665e-05
5.4222411e-05
5.3236701e-05
5.2245504e-05
5.1249805e-05
5.02506e-05
4.9248884e-05
4.8245649e-05
4.7241884e-05
4.6238564e-05
4.5236644e-05
4.4237052e-05
4.324069e-05
4.2248443e-05
4.1261185e-05
4.0279777e-05
3.9305052e-05
3.8337812e-05
3.7378813e-05
3.6428772e-05
3.5488372e-05
3.4558264e-05
3.3639065e-05
3.2731359e-05
3.183569e-05
3.0952562e-05
3.0082442e-05
2.9225759e-05
2.8382904e-05
2.755423e-05
2.6740055e-05
2.594066e-05
2.5156293e-05
2.4387167e-05
2.3633471e-05
2.289536e-05
2.2172967e-05
2.1466396e-05
2.0775731e-05
2.0101032e-05
1.9442341e-05
1.8799677e-05
1.8173041e-05
1.7562427e-05
1.6967814e-05
1.6389166e-05
1.5826429e-05
1.5279532e-05
1.4748413e-05
1.4232938e-05
1.373318e-05
1.3248154e-05
1.2781568e-05
1.2315748e-05
1.1930013e-05
1.1264095e-05
8.2351132e-05
8.2166348e-05
8.1947199e-05
8.1691574e-05
8.1401544e-05
8.1079584e-05
8.0730566e-05
8.036025e-05
7.9973006e-05
7.9570526e-05
7.9153084e-05
7.8720458e-05
7.8272294e-05
7.780823e-05
7.7327934e-05
7.6831108e-05
7.6317491e-05
7.5786857e-05
7.523901e-05
7.4673784e-05
7.4091044e-05
7.3490682e-05
7.287262e-05
7.223681e-05
7.1583232e-05
7.0911898e-05
7.0222849e-05
6.9516164e-05
6.8791957e-05
6.8050384e-05
6.7291646e-05
6.6515986e-05
6.5723699e-05
6.4915128e-05
6.4090675e-05
6.3250802e-05
6.2396033e-05
6.1526952e-05
6.0644199e-05
5.9748461e-05
5.8840466e-05
5.7920971e-05
5.6990763e-05
5.6050655e-05
5.5101487e-05
5.4144132e-05
5.3179494e-05
5.2208507e-05
5.1232124e-05
5.0251315e-05
4.9267052e-05
4.8280313e-05
4.729207e-05
4.6303289e-05
4.5314919e-05
4.432789e-05
4.3343107e-05
4.2361464e-05
4.1383841e-05
4.0411109e-05
3.9444115e-05
3.8483675e-05
3.7530566e-05
3.6585528e-05
3.5649267e-05
3.472246e-05
3.3805752e-05
3.2899755e-05
3.2005044e-05
3.1122156e-05
3.0251589e-05
2.9393807e-05
2.8549235e-05
2.7718262e-05
2.6901239e-05
2.6098483e-05
2.5310275e-05
2.4536866e-05
2.3778474e-05
2.3035288e-05
2.2307473e-05
2.1595163e-05
2.0898472e-05
2.0217489e-05
1.9552281e-05
1.8902894e-05
1.8269353e-05
1.7651673e-05
1.7049852e-05
1.6463873e-05
1.5893696e-05
1.5339272e-05
1.4800549e-05
1.4277409e-05
1.3769939e-05
1.3277155e-05
1.2802835e-05
1.2329058e-05
1.1936357e-05
1.1258169e-05
8.1149153e-05
8.0974602e-05
8.0769831e-05
8.0531478e-05
8.026035e-05
7.9958115e-05
7.9628979e-05
7.9278288e-05
7.8910704e-05
7.8528353e-05
7.8131684e-05
7.7720521e-05
7.7294504e-05
7.6853244e-05
7.639637e-05
7.5923546e-05
7.5434475e-05
7.4928891e-05
7.4406564e-05
7.3867293e-05
7.3310907e-05
7.2737264e-05
7.2146254e-05
7.1537792e-05
7.0911826e-05
7.026833e-05
6.9607313e-05
6.8928814e-05
6.8232909e-05
6.7519716e-05
6.6789389e-05
6.6042131e-05
6.5278186e-05
6.4497848e-05
6.3701466e-05
6.2889445e-05
6.2062248e-05
6.1220401e-05
6.0364483e-05
5.9495125e-05
5.8612998e-05
5.7718812e-05
5.6813304e-05
5.5897242e-05
5.4971425e-05
5.4036683e-05
5.3093881e-05
5.2143914e-05
5.1187703e-05
5.0226186e-05
4.9260312e-05
4.8291035e-05
4.7319313e-05
4.6346097e-05
4.5372329e-05
4.4398933e-05
4.3426817e-05
4.2456876e-05
4.1489998e-05
4.0527059e-05
3.9568917e-05
3.86164e-05
3.7670304e-05
3.6731386e-05
3.5800375e-05
3.4877971e-05
3.3964845e-05
3.3061637e-05
3.2168948e-05
3.1287346e-05
3.0417362e-05
2.955949e-05
2.8714188e-05
2.7881879e-05
2.706295e-05
2.6257749e-05
2.5466593e-05
2.4689765e-05
2.3927518e-05
2.3180073e-05
2.2447624e-05
2.1730339e-05
2.1028361e-05
2.0341805e-05
1.9670768e-05
1.9015321e-05
1.8375516e-05
1.7751389e-05
1.7142959e-05
1.6550227e-05
1.5973174e-05
1.5411767e-05
1.4865971e-05
1.4335681e-05
1.3821003e-05
1.3320955e-05
1.2839381e-05
1.2358127e-05
1.1958901e-05
1.1269155e-05
7.9930604e-05
7.9765761e-05
7.9574372e-05
7.9352435e-05
7.9099605e-05
7.881675e-05
7.8507299e-05
7.8176029e-05
7.7827681e-05
7.7464871e-05
7.7088299e-05
7.6697877e-05
7.6293262e-05
7.5874053e-05
7.5439855e-05
7.4990303e-05
7.4525064e-05
7.4043843e-05
7.3546374e-05
7.3032426e-05
7.2501795e-05
7.1954307e-05
7.1389819e-05
7.0808214e-05
7.0209406e-05
6.9593337e-05
6.8959979e-05
6.8309336e-05
6.7641447e-05
6.695639e-05
6.6254279e-05
6.5535272e-05
6.4799569e-05
6.4047416e-05
6.3279109e-05
6.2495e-05
6.1695494e-05
6.0881059e-05
6.0052215e-05
5.9209535e-05
5.8353637e-05
5.7485177e-05
5.6604844e-05
5.5713361e-05
5.4811481e-05
5.3899991e-05
5.2979715e-05
5.2051507e-05
5.1116252e-05
5.0174855e-05
4.9228237e-05
4.8277328e-05
4.7323064e-05
4.6366381e-05
4.5408209e-05
4.4449464e-05
4.3491051e-05
4.2533866e-05
4.1578798e-05
4.0626727e-05
3.9678518e-05
3.8735011e-05
3.7797013e-05
3.6865301e-05
3.5940621e-05
3.5023696e-05
3.4115219e-05
3.3215853e-05
3.2326228e-05
3.1446939e-05
3.0578546e-05
2.9721574e-05
2.8876514e-05
2.8043819e-05
2.7223909e-05
2.6417166e-05
2.5623941e-05
2.4844549e-05
2.4079276e-05
2.3328374e-05
2.259207e-05
2.1870562e-05
2.1164021e-05
2.0472594e-05
1.9796403e-05
1.9135548e-05
1.8490105e-05
1.7860135e-05
1.7245677e-05
1.6646754e-05
1.6063367e-05
1.5495501e-05
1.4943138e-05
1.4406189e-05
1.3884779e-05
1.3377928e-05
1.2889551e-05
1.2401264e-05
1.1995916e-05
1.1295264e-05
7.8696379e-05
7.8541214e-05
7.8362579e-05
7.8156012e-05
7.792071e-05
7.7656815e-05
7.7366869e-05
7.7054921e-05
7.6725531e-05
7.6381782e-05
7.6024705e-05
7.5654348e-05
7.5270418e-05
7.4872522e-05
7.4460254e-05
7.4033229e-05
7.3591091e-05
7.3133516e-05
7.2660211e-05
7.2170916e-05
7.1665399e-05
7.1143456e-05
7.0604912e-05
7.0049622e-05
6.9477466e-05
6.8888354e-05
6.8282225e-05
6.765905e-05
6.701883e-05
6.6361604e-05
6.5687448e-05
6.4996479e-05
6.4288851e-05
6.3564766e-05
6.282447e-05
6.2068261e-05
6.1296492e-05
6.0509572e-05
5.9707964e-05
5.8892185e-05
5.8062797e-05
5.7220404e-05
5.6365645e-05
5.5499195e-05
5.4621762e-05
5.3734088e-05
5.2836952e-05
5.1931168e-05
5.1017582e-05
5.0097064e-05
4.9170503e-05
4.8238801e-05
4.7302872e-05
4.636363e-05
4.542199e-05
4.4478859e-05
4.3535134e-05
4.2591709e-05
4.164947e-05
4.0709298e-05
3.9772064e-05
3.8838613e-05
3.7909765e-05
3.698631e-05
3.6069012e-05
3.5158611e-05
3.4255821e-05
3.3361328e-05
3.2475786e-05
3.1599816e-05
3.0734004e-05
2.9878906e-05
2.9035041e-05
2.8202894e-05
2.7382917e-05
2.6575523e-05
2.5781096e-05
2.4999983e-05
2.4232502e-05
2.3478937e-05
2.2739545e-05
2.2014556e-05
2.130417e-05
2.0608563e-05
1.9927885e-05
1.9262262e-05
1.8611798e-05
1.7976577e-05
1.7356662e-05
1.6752097e-05
1.6162903e-05
1.5589086e-05
1.5030646e-05
1.448751e-05
1.3959822e-05
1.344661e-05
1.2951853e-05
1.2456948e-05
1.2045853e-05
1.1334893e-05
7.7448098e-05
7.7303302e-05
7.7136665e-05
7.6944178e-05
7.6725377e-05
7.6479809e-05
7.6209071e-05
7.5916346e-05
7.5605753e-05
7.5280692e-05
7.4942586e-05
7.4591679e-05
7.4227759e-05
7.3850463e-05
7.3459391e-05
7.3054152e-05
7.2634373e-05
7.2199712e-05
7.1749854e-05
7.1284515e-05
7.0803436e-05
7.0306389e-05
6.9793171e-05
6.9263607e-05
6.8717548e-05
6.8154875e-05
6.7575494e-05
6.6979341e-05
6.6366386e-05
6.5736629e-05
6.5090108e-05
6.44269e-05
6.3747118e-05
6.3050919e-05
6.2338501e-05
6.1610113e-05
6.0866054e-05
6.010668e-05
5.9332397e-05
5.8543666e-05
5.7740994e-05
5.6924931e-05
5.6096068e-05
5.5255029e-05
5.4402475e-05
5.3539104e-05
5.266565e-05
5.1782882e-05
5.0891607e-05
4.9992655e-05
4.9086883e-05
4.8175162e-05
4.7258378e-05
4.6337424e-05
4.5413196e-05
4.4486585e-05
4.355848e-05
4.2629767e-05
4.1701328e-05
4.0774043e-05
3.9848781e-05
3.8926394e-05
3.800771e-05
3.709353e-05
3.6184632e-05
3.5281771e-05
3.438568e-05
3.3497064e-05
3.2616599e-05
3.1744931e-05
3.0882672e-05
3.0030402e-05
2.9188671e-05
2.8357992e-05
2.7538846e-05
2.6731681e-05
2.5936907e-05
2.5154907e-05
2.4386026e-05
2.3630583e-05
2.2888864e-05
2.2161128e-05
2.1447606e-05
2.0748503e-05
2.0063996e-05
1.939424e-05
1.8739364e-05
1.8099478e-05
1.7474667e-05
1.6864998e-05
1.6270516e-05
1.5691245e-05
1.5127204e-05
1.457834e-05
1.4044814e-05
1.3525664e-05
1.3024935e-05
1.2523808e-05
1.2107319e-05
1.138661e-05
7.618942e-05
7.6054766e-05
7.58988e-05
7.5719135e-05
7.5515648e-05
7.5287502e-05
7.5035447e-05
7.4761728e-05
7.4469804e-05
7.4163137e-05
7.3843557e-05
7.3511545e-05
7.3167006e-05
7.2809631e-05
7.2439044e-05
7.205486e-05
7.1656702e-05
7.1244217e-05
7.0817076e-05
7.0374974e-05
6.9917635e-05
6.9444806e-05
6.895626e-05
6.8451796e-05
6.793124e-05
6.7394441e-05
6.6841278e-05
6.6271655e-05
6.5685507e-05
6.5082801e-05
6.4463539e-05
6.3827758e-05
6.3175531e-05
6.2506972e-05
6.1822235e-05
6.1121522e-05
6.040508e-05
5.9673212e-05
5.892627e-05
5.816466e-05
5.7388834e-05
5.6599291e-05
5.5796568e-05
5.4981243e-05
5.4153927e-05
5.3315271e-05
5.2465964e-05
5.1606731e-05
5.0738335e-05
4.9861567e-05
4.8977247e-05
4.8086213e-05
4.7189321e-05
4.6287439e-05
4.538144e-05
4.4472199e-05
4.3560591e-05
4.2647491e-05
4.1733774e-05
4.0820314e-05
3.990798e-05
3.8997623e-05
3.8090077e-05
3.7186153e-05
3.6286638e-05
3.5392302e-05
3.4503892e-05
3.3622132e-05
3.2747716e-05
3.1881311e-05
3.1023554e-05
3.017505e-05
2.9336374e-05
2.8508067e-05
2.7690639e-05
2.6884567e-05
2.6090293e-05
2.5308227e-05
2.4538748e-05
2.3782203e-05
2.3038909e-05
2.2309155e-05
2.1593201e-05
2.089128e-05
2.0203599e-05
1.9530338e-05
1.8871654e-05
1.8227681e-05
1.7598532e-05
1.6984293e-05
1.6385032e-05
1.5800797e-05
1.5231625e-05
1.467748e-05
1.4138547e-05
1.3613869e-05
1.3107561e-05
1.2600595e-05
1.2179049e-05
1.1449124e-05
7.4923099e-05
7.4797262e-05
7.4651036e-05
7.4483141e-05
7.4293747e-05
7.408191e-05
7.3847749e-05
7.3592609e-05
7.3319157e-05
7.3030631e-05
7.2729184e-05
7.2415565e-05
7.2089823e-05
7.1751728e-05
7.1400943e-05
7.1037103e-05
7.0659838e-05
7.0268794e-05
6.9863634e-05
6.9444043e-05
6.9009726e-05
6.8560415e-05
6.8095861e-05
6.7615841e-05
6.7120156e-05
6.660863e-05
6.6081113e-05
6.5537481e-05
6.4977637e-05
6.4401515e-05
6.3809082e-05
6.3200339e-05
6.2575319e-05
6.1934097e-05
6.1276783e-05
6.0603533e-05
5.9914548e-05
5.9210078e-05
5.8490424e-05
5.7755936e-05
5.7007015e-05
5.6244106e-05
5.5467696e-05
5.4678311e-05
5.3876516e-05
5.3062914e-05
5.2238146e-05
5.1402892e-05
5.0557871e-05
4.9703833e-05
4.8841557e-05
4.7971848e-05
4.709553e-05
4.6213439e-05
4.5326426e-05
4.4435345e-05
4.3541054e-05
4.2644414e-05
4.174629e-05
4.0847547e-05
3.9949048e-05
3.9051645e-05
3.8156173e-05
3.7263447e-05
3.6374265e-05
3.5489406e-05
3.4609629e-05
3.3735674e-05
3.2868252e-05
3.2008049e-05
3.1155723e-05
3.0311902e-05
2.9477184e-05
2.8652139e-05
2.7837302e-05
2.7033177e-05
2.6240236e-05
2.5458919e-05
2.4689633e-05
2.3932755e-05
2.3188633e-05
2.2457583e-05
2.1739895e-05
2.103583e-05
2.0345623e-05
1.9669482e-05
1.9007591e-05
1.8360108e-05
1.7727171e-05
1.7108892e-05
1.650536e-05
1.5916644e-05
1.5342804e-05
1.4783821e-05
1.4239905e-05
1.3710104e-05
1.3198601e-05
1.2686167e-05
1.2259893e-05
1.1521263e-05
7.3649535e-05
7.3531865e-05
7.3395072e-05
7.3238226e-05
7.3061866e-05
7.2865176e-05
7.2647914e-05
7.2410694e-05
7.2155361e-05
7.1884698e-05
7.1601016e-05
7.1305324e-05
7.0997834e-05
7.067841e-05
7.0346773e-05
7.0002588e-05
6.9645505e-05
6.9275177e-05
6.8891266e-05
6.8493453e-05
6.8081434e-05
6.7654926e-05
6.7213665e-05
6.6757409e-05
6.6285936e-05
6.5799049e-05
6.5296571e-05
6.4778351e-05
6.4244264e-05
6.3694213e-05
6.3128132e-05
6.2545986e-05
6.1947773e-05
6.1333527e-05
6.070332e-05
6.0057263e-05
5.9395512e-05
5.8718267e-05
5.8025778e-05
5.7318346e-05
5.6596318e-05
5.5860086e-05
5.5110087e-05
5.4346797e-05
5.3570732e-05
5.2782447e-05
5.1982536e-05
5.1171633e-05
5.035041e-05
4.9519576e-05
4.8679868e-05
4.7832054e-05
4.6976922e-05
4.6115278e-05
4.5247946e-05
4.4375754e-05
4.3499543e-05
4.2620155e-05
4.1738441e-05
4.0855257e-05
3.9971455e-05
3.9087884e-05
3.8205378e-05
3.7324755e-05
3.6446818e-05
3.5572353e-05
3.470213e-05
3.38369e-05
3.2977391e-05
3.2124303e-05
3.1278315e-05
3.0440074e-05
2.9610201e-05
2.8789289e-05
2.79779e-05
2.7176563e-05
2.6385779e-05
2.5606014e-05
2.4837704e-05
2.4081256e-05
2.3337044e-05
2.2605416e-05
2.1886687e-05
2.1181148e-05
2.0489062e-05
1.9810663e-05
1.9146162e-05
1.8495744e-05
1.7859571e-05
1.7237778e-05
1.6630479e-05
1.6037765e-05
1.5459716e-05
1.4896336e-05
1.4347854e-05
1.381333e-05
1.3297011e-05
1.2779476e-05
1.2348792e-05
1.1601958e-05
7.2369706e-05
7.2259947e-05
7.2132343e-05
7.1986156e-05
7.1822041e-05
7.1639431e-05
7.1437988e-05
7.1217831e-05
7.0980076e-05
7.0726914e-05
7.0460612e-05
7.0182393e-05
6.9892632e-05
6.9591299e-05
6.9278181e-05
6.8952985e-05
6.8615391e-05
6.8265067e-05
6.7901683e-05
6.752492e-05
6.7134471e-05
6.6730045e-05
6.6311365e-05
6.5878174e-05
6.5430233e-05
6.4967323e-05
6.4489246e-05
6.3995827e-05
6.3486913e-05
6.2962379e-05
6.2422128e-05
6.1866092e-05
6.1294235e-05
6.0706555e-05
6.0103084e-05
5.9483892e-05
5.884909e-05
5.8198835e-05
5.7533328e-05
5.6852818e-05
5.6157601e-05
5.5448019e-05
5.4724459e-05
5.3987347e-05
5.3237149e-05
5.2474373e-05
5.1699564e-05
5.091331e-05
5.0116238e-05
4.9309009e-05
4.8492323e-05
4.7666903e-05
4.6833504e-05
4.5992898e-05
4.5145876e-05
4.4293242e-05
4.3435813e-05
4.2574412e-05
4.1709873e-05
4.0843037e-05
3.9974745e-05
3.9105839e-05
3.8237149e-05
3.7369491e-05
3.6503673e-05
3.5640484e-05
3.4780703e-05
3.3925089e-05
3.3074381e-05
3.2229297e-05
3.1390528e-05
3.0558743e-05
2.9734582e-05
2.8918659e-05
2.811156e-05
2.731384e-05
2.6526023e-05
2.5748603e-05
2.4982044e-05
2.4226779e-05
2.3483212e-05
2.2751716e-05
2.2032636e-05
2.132629e-05
2.0632967e-05
1.9952931e-05
1.9286416e-05
1.8633636e-05
1.7994775e-05
1.7369994e-05
1.6759432e-05
1.6163201e-05
1.5581403e-05
1.5014063e-05
1.4461433e-05
1.3922583e-05
1.3401826e-05
1.2879553e-05
1.2444773e-05
1.1690228e-05
7.1085847e-05
7.0983133e-05
7.0864429e-05
7.0728583e-05
7.057613e-05
7.0406706e-05
7.0220027e-05
7.0015964e-05
6.9795065e-05
6.9558919e-05
6.9309563e-05
6.9048349e-05
6.8775801e-05
6.8491993e-05
6.8196784e-05
6.7889934e-05
6.7571154e-05
6.7240137e-05
6.6896568e-05
6.6540135e-05
6.6170532e-05
6.5787463e-05
6.5390645e-05
6.497981e-05
6.4554703e-05
6.411509e-05
6.3660752e-05
6.3191493e-05
6.2707136e-05
6.2207529e-05
6.1692548e-05
6.1162093e-05
6.0616096e-05
6.0054521e-05
5.9477364e-05
5.8884655e-05
5.8276466e-05
5.7652907e-05
5.7014134e-05
5.6360348e-05
5.5691797e-05
5.5008772e-05
5.4311609e-05
5.3600687e-05
5.2876423e-05
5.2139275e-05
5.1389743e-05
5.0628365e-05
4.9855723e-05
4.9072433e-05
4.8279149e-05
4.7476556e-05
4.6665368e-05
4.5846322e-05
4.5020177e-05
4.4187708e-05
4.3349704e-05
4.2506967e-05
4.1660311e-05
4.0810559e-05
3.9958541e-05
3.9105084e-05
3.8251013e-05
3.7397142e-05
3.6544276e-05
3.5693209e-05
3.4844721e-05
3.399958e-05
3.3158535e-05
3.2322315e-05
3.1491624e-05
3.0667148e-05
2.9849545e-05
2.9039448e-05
2.8237465e-05
2.7444174e-05
2.6660122e-05
2.588583e-05
2.5121787e-05
2.4368452e-05
2.3626255e-05
2.2895598e-05
2.2176852e-05
2.1470362e-05
2.0776444e-05
2.0095387e-05
1.9427455e-05
1.8772883e-05
1.8131884e-05
1.7504642e-05
1.689132e-05
1.6292053e-05
1.5706967e-05
1.5136105e-05
1.4579744e-05
1.4036965e-05
1.3512145e-05
1.2985497e-05
1.2546933e-05
1.1785168e-05
6.9799731e-05
6.9703162e-05
6.9592922e-05
6.9467091e-05
6.9325856e-05
6.9168898e-05
6.8996031e-05
6.8807061e-05
6.8602173e-05
6.8382421e-05
6.8149501e-05
6.7904789e-05
6.7648925e-05
6.7382079e-05
6.7104182e-05
6.6815046e-05
6.6514424e-05
6.6202034e-05
6.5877582e-05
6.5540768e-05
6.5191292e-05
6.4828859e-05
6.4453183e-05
6.4063986e-05
6.3661006e-05
6.3243993e-05
6.2812713e-05
6.2366949e-05
6.1906505e-05
6.1431205e-05
6.0940898e-05
6.0435457e-05
5.9914784e-05
5.9378811e-05
5.8827498e-05
5.8260842e-05
5.7678872e-05
5.708166e-05
5.6469317e-05
5.5841998e-05
5.5199903e-05
5.4543276e-05
5.3872404e-05
5.3187617e-05
5.2489284e-05
5.1777816e-05
5.1053664e-05
5.031732e-05
4.9569316e-05
4.8810226e-05
4.8040658e-05
4.7261254e-05
4.6472688e-05
4.5675659e-05
4.4870892e-05
4.4059129e-05
4.3241133e-05
4.2417678e-05
4.1589558e-05
4.0757573e-05
3.9922537e-05
3.9085266e-05
3.8246572e-05
3.7407264e-05
3.6568144e-05
3.5730003e-05
3.4893626e-05
3.4059782e-05
3.3229229e-05
3.2402703e-05
3.1580922e-05
3.0764584e-05
2.9954363e-05
2.915091e-05
2.8354852e-05
2.7566787e-05
2.6787286e-05
2.6016892e-05
2.5256119e-05
2.4505452e-05
2.3765345e-05
2.3036227e-05
2.2318495e-05
2.161252e-05
2.0918644e-05
2.0237184e-05
1.9568428e-05
1.8912637e-05
1.8270049e-05
1.7640873e-05
1.7025296e-05
1.6423476e-05
1.5835561e-05
1.5261617e-05
1.4701944e-05
1.4155635e-05
1.3627128e-05
1.3096469e-05
1.2654431e-05
1.1885937e-05
6.8512331e-05
6.8421581e-05
6.8319371e-05
6.8203269e-05
6.8072886e-05
6.79278e-05
6.7767906e-05
6.7593064e-05
6.7403272e-05
6.7199177e-05
6.6982098e-05
6.6753333e-05
6.6513598e-05
6.6263142e-05
6.6001961e-05
6.5729919e-05
6.5446808e-05
6.5152379e-05
6.484636e-05
6.4528466e-05
6.4198408e-05
6.3855894e-05
6.350064e-05
6.3132364e-05
6.2750795e-05
6.2355675e-05
6.1946756e-05
6.1523805e-05
6.1086607e-05
6.0634967e-05
6.0168709e-05
5.9687681e-05
5.9191759e-05
5.8680843e-05
5.8154864e-05
5.7613782e-05
5.7057592e-05
5.6486325e-05
5.5900053e-05
5.5298886e-05
5.468298e-05
5.405253e-05
5.3407779e-05
5.2749006e-05
5.2076536e-05
5.139073e-05
5.0691994e-05
4.9980771e-05
4.9257547e-05
4.8522849e-05
4.777724e-05
4.7021318e-05
4.6255717e-05
4.5481096e-05
4.4698142e-05
4.3907566e-05
4.3110096e-05
4.2306483e-05
4.1497491e-05
4.0683901e-05
3.9866506e-05
3.9046104e-05
3.8223497e-05
3.7399483e-05
3.6574858e-05
3.5750409e-05
3.492692e-05
3.4105163e-05
3.3285898e-05
3.2469868e-05
3.1657801e-05
3.0850404e-05
3.0048367e-05
2.9252354e-05
2.846301e-05
2.7680953e-05
2.6906773e-05
2.6141035e-05
2.5384276e-05
2.4637004e-05
2.3899699e-05
2.3172814e-05
2.2456771e-05
2.1751966e-05
2.1058769e-05
2.037752e-05
1.9708532e-05
1.9052095e-05
1.8408467e-05
1.7777886e-05
1.7160559e-05
1.655667e-05
1.596639e-05
1.5389805e-05
1.4827241e-05
1.4277801e-05
1.3745988e-05
1.3211683e-05
1.2766484e-05
1.1991754e-05
6.7224499e-05
6.7139772e-05
6.7045449e-05
6.6938797e-05
6.6818881e-05
6.6685123e-05
6.6537459e-05
6.6375845e-05
6.6200224e-05
6.601097e-05
6.5809052e-05
6.5595623e-05
6.5371426e-05
6.5136769e-05
6.4891702e-05
6.4636135e-05
6.4369899e-05
6.4092776e-05
6.3804517e-05
6.3504855e-05
6.3193514e-05
6.287021e-05
6.2534662e-05
6.2186588e-05
6.1825714e-05
6.1451773e-05
6.1064506e-05
6.0663671e-05
6.0249035e-05
5.9820385e-05
5.9377525e-05
5.8920282e-05
5.8448504e-05
5.7962066e-05
5.7460869e-05
5.6944842e-05
5.6413946e-05
5.5868177e-05
5.5307565e-05
5.4732183e-05
5.414214e-05
5.353759e-05
5.2918727e-05
5.2285787e-05
5.1639046e-05
5.0978821e-05
5.0305469e-05
4.9619388e-05
4.8921017e-05
4.8210834e-05
4.748936e-05
4.6757147e-05
4.6014786e-05
4.5262897e-05
4.4502127e-05
4.3733151e-05
4.2956667e-05
4.2173392e-05
4.1384065e-05
4.058944e-05
3.9790289e-05
3.898739e-05
3.8181529e-05
3.7373493e-05
3.6564068e-05
3.5754035e-05
3.4944173e-05
3.4135254e-05
3.3328038e-05
3.2523274e-05
3.1721695e-05
3.0924017e-05
3.013094e-05
2.9343142e-05
2.8561282e-05
2.7785995e-05
2.701789e-05
2.6257552e-05
2.5505539e-05
2.4762381e-05
2.4028581e-05
2.3304615e-05
2.259093e-05
2.1887948e-05
2.119606e-05
2.0515634e-05
1.9847008e-05
1.9190494e-05
1.8546378e-05
1.7914919e-05
1.7296351e-05
1.669088e-05
1.60987e-05
1.5519919e-05
1.4954887e-05
1.4402721e-05
1.3867982e-05
1.3330401e-05
1.2882353e-05
1.2101887e-05
6.5937655e-05
6.5859423e-05
6.5772978e-05
6.5675425e-05
6.556551e-05
6.5442527e-05
6.5306403e-05
6.5157185e-05
6.4994834e-05
6.4819567e-05
6.4632071e-05
6.4433315e-05
6.4224027e-05
6.4004553e-05
6.3774986e-05
6.3535273e-05
6.3285278e-05
6.3024812e-05
6.2753648e-05
6.2471541e-05
6.2178226e-05
6.1873431e-05
6.1556879e-05
6.1228292e-05
6.0887393e-05
6.0533912e-05
6.0167585e-05
5.9788156e-05
5.9395382e-05
5.8989035e-05
5.8568902e-05
5.8134788e-05
5.768652e-05
5.7223949e-05
5.6746948e-05
5.6255419e-05
5.5749291e-05
5.5228525e-05
5.4693118e-05
5.4143101e-05
5.3578545e-05
5.299956e-05
5.2406298e-05
5.1798948e-05
5.1177744e-05
5.0542955e-05
4.9894892e-05
4.9233908e-05
4.8560395e-05
4.7874787e-05
4.7177555e-05
4.6469211e-05
4.5750299e-05
4.5021399e-05
4.4283119e-05
4.3536095e-05
4.2780991e-05
4.2018491e-05
4.1249304e-05
4.0474158e-05
3.9693798e-05
3.8908982e-05
3.8120477e-05
3.7329055e-05
3.6535488e-05
3.5740551e-05
3.4945015e-05
3.4149648e-05
3.3355208e-05
3.2562445e-05
3.1772097e-05
3.0984886e-05
3.0201519e-05
2.9422687e-05
2.864906e-05
2.7881287e-05
2.7119995e-05
2.6365786e-05
2.5619237e-05
2.4880899e-05
2.4151297e-05
2.3430929e-05
2.2720266e-05
2.2019751e-05
2.1329802e-05
2.0650808e-05
1.9983134e-05
1.9327114e-05
1.868306e-05
1.8051254e-05
1.7431955e-05
1.682539e-05
1.6231778e-05
1.5651248e-05
1.5084175e-05
1.452969e-05
1.3992411e-05
1.3451928e-05
1.3001347e-05
1.221565e-05
6.4654069e-05
6.4582626e-05
6.4503853e-05
6.441491e-05
6.4314429e-05
6.4201621e-05
6.4076367e-05
6.3938767e-05
6.378883e-05
6.3626697e-05
6.3452846e-05
6.3268058e-05
6.3073018e-05
6.2868089e-05
6.2653393e-05
6.2428905e-05
6.2194517e-05
6.1950061e-05
6.1695337e-05
6.1430113e-05
6.1154141e-05
6.086716e-05
6.05689e-05
6.0259088e-05
5.9937448e-05
5.9603708e-05
5.92576e-05
5.8898861e-05
5.8527239e-05
5.8142493e-05
5.7744395e-05
5.7332735e-05
5.6907319e-05
5.6467975e-05
5.6014554e-05
5.5546931e-05
5.5065007e-05
5.4568712e-05
5.4058008e-05
5.3532893e-05
5.2993398e-05
5.2439593e-05
5.1871588e-05
5.1289532e-05
5.0693611e-05
5.0084053e-05
4.9461123e-05
4.8825129e-05
4.8176417e-05
4.7515376e-05
4.6842431e-05
4.6158048e-05
4.546273e-05
4.4757011e-05
4.4041461e-05
4.3316677e-05
4.2583285e-05
4.1841936e-05
4.1093306e-05
4.0338094e-05
3.9577017e-05
3.881081e-05
3.8040218e-05
3.7265995e-05
3.64889e-05
3.5709694e-05
3.4929139e-05
3.4147996e-05
3.3367021e-05
3.2586961e-05
3.1808555e-05
3.1032529e-05
3.0259596e-05
2.9490455e-05
2.8725786e-05
2.7966251e-05
2.721249e-05
2.6465122e-05
2.5724742e-05
2.4991918e-05
2.4267197e-05
2.3551097e-05
2.284411e-05
2.2146703e-05
2.1459316e-05
2.0782361e-05
2.0116227e-05
1.9461271e-05
1.8817829e-05
1.8186207e-05
1.7566687e-05
1.695952e-05
1.6364945e-05
1.5783118e-05
1.5214435e-05
1.4658041e-05
1.4118612e-05
1.3575605e-05
1.3122809e-05
1.2332395e-05
6.3376578e-05
6.3311606e-05
6.3239937e-05
6.3158951e-05
6.306724e-05
6.2963951e-05
6.2848891e-05
6.2722173e-05
6.2583845e-05
6.2434017e-05
6.2273027e-05
6.2101485e-05
6.1920009e-05
6.1728967e-05
6.1528497e-05
6.1318597e-05
6.1099176e-05
6.0870088e-05
6.0631148e-05
6.0382143e-05
6.0122837e-05
5.9852981e-05
5.9572314e-05
5.9280569e-05
5.8977473e-05
5.8662754e-05
5.8336143e-05
5.7997374e-05
5.7646185e-05
5.7282327e-05
5.690556e-05
5.6515659e-05
5.6112415e-05
5.5695636e-05
5.5265152e-05
5.4820813e-05
5.4362495e-05
5.3890101e-05
5.3403563e-05
5.2902842e-05
5.2387936e-05
5.1858879e-05
5.1315738e-05
5.0758623e-05
5.0187679e-05
4.960309e-05
4.9005078e-05
4.8393907e-05
4.7769877e-05
4.7133332e-05
4.6484654e-05
4.5824263e-05
4.5152617e-05
4.4470209e-05
4.3777566e-05
4.3075245e-05
4.2363835e-05
4.1643951e-05
4.0916235e-05
4.0181354e-05
3.9439995e-05
3.8692868e-05
3.7940694e-05
3.7184206e-05
3.6424145e-05
3.5661259e-05
3.4896297e-05
3.4130011e-05
3.336315e-05
3.2596458e-05
3.1830671e-05
3.1066517e-05
3.0304712e-05
2.954596e-05
2.879095e-05
2.8040354e-05
2.7294824e-05
2.6554992e-05
2.5821469e-05
2.5094841e-05
2.4375671e-05
2.3664498e-05
2.2961835e-05
2.2268169e-05
2.1583962e-05
2.0909649e-05
2.0245639e-05
1.9592316e-05
1.8950036e-05
1.8319129e-05
1.7699899e-05
1.7092622e-05
1.649756e-05
1.5914889e-05
1.5345029e-05
1.4787142e-05
1.4245956e-05
1.3700809e-05
1.3246119e-05
1.2451509e-05
6.2107706e-05
6.2048285e-05
6.1982906e-05
6.1909135e-05
6.1825461e-05
6.1730983e-05
6.1625428e-05
6.1508884e-05
6.1381412e-05
6.1243106e-05
6.109421e-05
6.0935191e-05
6.0766587e-05
6.0588761e-05
6.0401864e-05
6.0205906e-05
6.0000808e-05
5.9786441e-05
5.9562632e-05
5.9329183e-05
5.9085871e-05
5.8832457e-05
5.8568689e-05
5.8294306e-05
5.8009042e-05
5.7712627e-05
5.7404791e-05
5.7085265e-05
5.6753784e-05
5.6410093e-05
5.6053941e-05
5.5685092e-05
5.5303323e-05
5.4908425e-05
5.450021e-05
5.4078508e-05
5.3643171e-05
5.3194076e-05
5.2731127e-05
5.2254256e-05
5.1763427e-05
5.1258639e-05
5.0739923e-05
5.020735e-05
4.9661023e-05
4.9101087e-05
4.8527722e-05
4.7941148e-05
4.7341622e-05
4.6729444e-05
4.6104951e-05
4.546852e-05
4.4820563e-05
4.4161531e-05
4.3491909e-05
4.2812213e-05
4.2122994e-05
4.1424827e-05
4.0718321e-05
4.0004109e-05
3.9282848e-05
3.8555216e-05
3.782191e-05
3.7083641e-05
3.6341129e-05
3.5595105e-05
3.4846304e-05
3.4095464e-05
3.3343327e-05
3.2590628e-05
3.1838102e-05
3.1086473e-05
3.033646e-05
2.9588768e-05
2.8844093e-05
2.8103113e-05
2.7366491e-05
2.663487e-05
2.5908876e-05
2.5189109e-05
2.4476149e-05
2.3770552e-05
2.307285e-05
2.238355e-05
2.1703135e-05
2.1032061e-05
2.0370758e-05
1.9719633e-05
1.9079063e-05
1.8449402e-05
1.7830977e-05
1.7224084e-05
1.6629009e-05
1.604595e-05
1.5475353e-05
1.4916391e-05
1.4373846e-05
1.3826946e-05
1.3370689e-05
1.2572414e-05
6.0848549e-05
6.0794031e-05
6.0734214e-05
6.0666887e-05
6.0590477e-05
6.0504071e-05
6.0407328e-05
6.0300279e-05
6.0182964e-05
6.0055452e-05
5.9917919e-05
5.9770718e-05
5.9614303e-05
5.9449024e-05
5.927504e-05
5.909237e-05
5.8900948e-05
5.8700652e-05
5.8491322e-05
5.8272768e-05
5.8044779e-05
5.7807126e-05
5.7559567e-05
5.7301847e-05
5.7033705e-05
5.6754876e-05
5.6465092e-05
5.6164083e-05
5.5851583e-05
5.552733e-05
5.5191069e-05
5.4842553e-05
5.4481548e-05
5.4107832e-05
5.3721199e-05
5.3321463e-05
5.2908454e-05
5.2482028e-05
5.2042062e-05
5.1588461e-05
5.112116e-05
5.0640123e-05
5.0145349e-05
4.963687e-05
4.9114754e-05
4.8579105e-05
4.8030063e-05
4.7467806e-05
4.6892551e-05
4.6304552e-05
4.5704104e-05
4.5091539e-05
4.4467227e-05
4.3831576e-05
4.3185027e-05
4.2528057e-05
4.1861174e-05
4.1184919e-05
4.049986e-05
3.9806596e-05
3.9105753e-05
3.8397976e-05
3.7683936e-05
3.6964317e-05
3.6239818e-05
3.551115e-05
3.477903e-05
3.4044182e-05
3.3307336e-05
3.256922e-05
3.1830558e-05
3.1092074e-05
3.0354483e-05
2.9618493e-05
2.8884799e-05
2.8154088e-05
2.7427029e-05
2.6704276e-05
2.5986463e-05
2.5274206e-05
2.4568099e-05
2.3868714e-05
2.3176601e-05
2.2492284e-05
2.1816265e-05
2.1149021e-05
2.0491003e-05
1.9842638e-05
1.9204326e-05
1.8576441e-05
1.7959332e-05
1.735332e-05
1.675871e-05
1.6175723e-05
1.5604827e-05
1.5045213e-05
1.4501712e-05
1.3953454e-05
1.3495957e-05
1.2694556e-05
5.9599597e-05
5.9549856e-05
5.9495062e-05
5.943343e-05
5.936351e-05
5.9284446e-05
5.919584e-05
5.9097643e-05
5.898984e-05
5.8872454e-05
5.8745605e-05
5.8609551e-05
5.8464662e-05
5.8311268e-05
5.814954e-05
5.7979507e-05
5.7801109e-05
5.7614233e-05
5.7418724e-05
5.7214404e-05
5.700107e-05
5.67785e-05
5.6546461e-05
5.6304707e-05
5.6052981e-05
5.5791024e-05
5.551857e-05
5.5235352e-05
5.4941102e-05
5.4635557e-05
5.4318455e-05
5.3989545e-05
5.3648581e-05
5.3295333e-05
5.2929581e-05
5.255112e-05
5.2159767e-05
5.1755353e-05
5.1337736e-05
5.0906796e-05
5.0462438e-05
5.0004598e-05
4.9533243e-05
4.904837e-05
4.8550014e-05
4.8038238e-05
4.7513146e-05
4.6974876e-05
4.6423604e-05
4.5859541e-05
4.5282941e-05
4.4694093e-05
4.4093324e-05
4.3480998e-05
4.2857515e-05
4.2223311e-05
4.1578852e-05
4.0924639e-05
4.0261206e-05
3.9589113e-05
3.890895e-05
3.8221333e-05
3.7526901e-05
3.6826312e-05
3.6120238e-05
3.540937e-05
3.4694405e-05
3.3976051e-05
3.3255021e-05
3.2532033e-05
3.1807804e-05
3.1083048e-05
3.0358476e-05
2.9634796e-05
2.8912704e-05
2.8192888e-05
2.7476023e-05
2.676277e-05
2.6053772e-05
2.5349657e-05
2.4651031e-05
2.395848e-05
2.3272569e-05
2.2593842e-05
2.1922815e-05
2.1259986e-05
2.0605826e-05
1.9960779e-05
1.9325268e-05
1.8699688e-05
1.8084408e-05
1.7479772e-05
1.6886106e-05
1.6303652e-05
1.5732903e-05
1.5173063e-05
1.4629011e-05
1.4079792e-05
1.362139e-05
1.2817411e-05
5.8362486e-05
5.831677e-05
5.8266363e-05
5.8209734e-05
5.8145598e-05
5.8073204e-05
5.7992111e-05
5.7902175e-05
5.7803295e-05
5.769543e-05
5.7578638e-05
5.7453099e-05
5.7319105e-05
5.7176958e-05
5.702684e-05
5.6868794e-05
5.670277e-05
5.652866e-05
5.6346318e-05
5.615557e-05
5.5956222e-05
5.5748059e-05
5.5530855e-05
5.5304371e-05
5.5068358e-05
5.4822561e-05
5.4566718e-05
5.4300564e-05
5.4023834e-05
5.3736262e-05
5.3437586e-05
5.3127548e-05
5.2805897e-05
5.2472392e-05
5.2126803e-05
5.1768914e-05
5.1398523e-05
5.1015447e-05
5.0619521e-05
5.0210603e-05
4.9788575e-05
4.9353346e-05
4.8904852e-05
4.844306e-05
4.7967969e-05
4.7479611e-05
4.697805e-05
4.6463388e-05
4.593576e-05
4.539534e-05
4.4842337e-05
4.4277e-05
4.3699615e-05
4.3110502e-05
4.251002e-05
4.1898562e-05
4.1276556e-05
4.0644461e-05
4.0002772e-05
3.9352013e-05
3.8692738e-05
3.802553e-05
3.7350994e-05
3.6669759e-05
3.5982473e-05
3.5289799e-05
3.4592415e-05
3.3891009e-05
3.3186278e-05
3.2478924e-05
3.1769653e-05
3.1059171e-05
3.0348182e-05
2.9637389e-05
2.8927487e-05
2.8219164e-05
2.7513098e-05
2.6809954e-05
2.6110384e-05
2.5415023e-05
2.4724488e-05
2.4039379e-05
2.3360274e-05
2.268773e-05
2.2022283e-05
2.1364446e-05
2.0714707e-05
2.0073533e-05
1.9441363e-05
1.8818614e-05
1.8205675e-05
1.760291e-05
1.7010668e-05
1.6429211e-05
1.5859053e-05
1.5299418e-05
1.4755225e-05
1.4205448e-05
1.3746475e-05
1.2940476e-05
5.7138395e-05
5.7095556e-05
5.704879e-05
5.6996545e-05
5.6937603e-05
5.6871318e-05
5.6797201e-05
5.6715e-05
5.6624512e-05
5.6525617e-05
5.6418309e-05
5.6302698e-05
5.6179006e-05
5.6047496e-05
5.5908359e-05
5.5761661e-05
5.5607365e-05
5.5445372e-05
5.5275541e-05
5.5097705e-05
5.4911675e-05
5.4717244e-05
5.4514192e-05
5.4302287e-05
5.4081286e-05
5.3850939e-05
5.361099e-05
5.3361177e-05
5.3101237e-05
5.2830906e-05
5.2549919e-05
5.2258016e-05
5.1954942e-05
5.164045e-05
5.1314299e-05
5.0976263e-05
5.0626128e-05
5.0263694e-05
4.9888781e-05
4.9501226e-05
4.910089e-05
4.8687655e-05
4.8261433e-05
4.7822161e-05
4.7369806e-05
4.6904369e-05
4.6425879e-05
4.5934401e-05
4.5430034e-05
4.4912912e-05
4.4383206e-05
4.3841123e-05
4.3286908e-05
4.2720842e-05
4.2143239e-05
4.1554453e-05
4.095487e-05
4.034491e-05
3.9725028e-05
3.909571e-05
3.8457473e-05
3.7810865e-05
3.7156459e-05
3.6494851e-05
3.5826662e-05
3.5152528e-05
3.4473102e-05
3.3789052e-05
3.3101056e-05
3.2409799e-05
3.1715973e-05
3.1020272e-05
3.0323393e-05
2.962603e-05
2.8928875e-05
2.8232613e-05
2.7537924e-05
2.6845474e-05
2.6155921e-05
2.5469906e-05
2.4788055e-05
2.4110978e-05
2.3439265e-05
2.2773488e-05
2.2114196e-05
2.1461918e-05
2.081716e-05
2.0180406e-05
1.9552113e-05
1.8932717e-05
1.8322629e-05
1.772223e-05
1.7131891e-05
1.6551894e-05
1.5982777e-05
1.5423778e-05
1.4879858e-05
1.432993e-05
1.3870725e-05
1.3063272e-05
5.5926415e-05
5.5886312e-05
5.5842748e-05
5.5794426e-05
5.574026e-05
5.5679673e-05
5.5612105e-05
5.5537184e-05
5.5454609e-05
5.536418e-05
5.5265828e-05
5.51596e-05
5.5045652e-05
5.4924204e-05
5.4795449e-05
5.4659477e-05
5.4516274e-05
5.4365752e-05
5.4207781e-05
5.4042199e-05
5.3868822e-05
5.3687451e-05
5.3497871e-05
5.3299856e-05
5.3093171e-05
5.2877569e-05
5.2652801e-05
5.2418609e-05
5.2174733e-05
5.1920909e-05
5.1656876e-05
5.1382371e-05
5.1097137e-05
5.080092e-05
5.0493475e-05
5.0174566e-05
4.9843968e-05
4.950147e-05
4.9146875e-05
4.8780004e-05
4.8400697e-05
4.8008817e-05
4.7604249e-05
4.7186905e-05
4.6756725e-05
4.6313676e-05
4.5857757e-05
4.5388999e-05
4.4907465e-05
4.4413253e-05
4.3906495e-05
4.338736e-05
4.2856052e-05
4.2312811e-05
4.1757913e-05
4.1191669e-05
4.0614425e-05
4.0026561e-05
3.9428492e-05
3.8820666e-05
3.8203563e-05
3.7577693e-05
3.6943596e-05
3.6301835e-05
3.5653e-05
3.4997699e-05
3.4336561e-05
3.3670228e-05
3.2999358e-05
3.2324617e-05
3.164668e-05
3.096623e-05
3.0283949e-05
2.9600524e-05
2.8916639e-05
2.8232977e-05
2.7550213e-05
2.6869016e-05
2.6190045e-05
2.5513945e-05
2.4841351e-05
2.4172879e-05
2.3509131e-05
2.2850689e-05
2.2198115e-05
2.1551954e-05
2.0912726e-05
2.0280932e-05
1.9657046e-05
1.9041522e-05
1.843479e-05
1.7837251e-05
1.7249294e-05
1.6671223e-05
1.6103595e-05
1.5545666e-05
1.5002434e-05
1.4452766e-05
1.3993673e-05
1.3185339e-05
5.4725717e-05
5.4688848e-05
5.4648429e-05
5.4603841e-05
5.4554255e-05
5.449912e-05
5.4437776e-05
5.4369744e-05
5.4294644e-05
5.4212211e-05
5.412232e-05
5.4024962e-05
5.3920236e-05
5.3808312e-05
5.3689371e-05
5.3563529e-05
5.3430801e-05
5.329112e-05
5.3144365e-05
5.2990385e-05
5.2829003e-05
5.2660024e-05
5.2483241e-05
5.2298433e-05
5.2105371e-05
5.1903815e-05
5.1693519e-05
5.1474232e-05
5.1245697e-05
5.1007654e-05
5.0759841e-05
5.0501998e-05
5.0233864e-05
4.9955184e-05
4.9665709e-05
4.9365194e-05
4.9053408e-05
4.8730126e-05
4.8395142e-05
4.804826e-05
4.7689304e-05
4.7318117e-05
4.6934563e-05
4.653853e-05
4.6129931e-05
4.5708707e-05
4.5274825e-05
4.4828285e-05
4.4369118e-05
4.3897384e-05
4.3413182e-05
4.2916641e-05
4.2407928e-05
4.1887244e-05
4.1354824e-05
4.081094e-05
4.0255897e-05
3.9690037e-05
3.9113734e-05
3.8527397e-05
3.7931467e-05
3.732642e-05
3.6712757e-05
3.6091009e-05
3.5461734e-05
3.4825511e-05
3.4182939e-05
3.3534637e-05
3.2881237e-05
3.2223387e-05
3.1561743e-05
3.0896969e-05
3.0229738e-05
2.9560722e-05
2.8890598e-05
2.822004e-05
2.7549721e-05
2.6880308e-05
2.6212458e-05
2.5546821e-05
2.4884034e-05
2.4224722e-05
2.3569492e-05
2.2918938e-05
2.2273633e-05
2.1634134e-05
2.1000976e-05
2.0374673e-05
1.9755718e-05
1.914458e-05
1.8541706e-05
1.7947517e-05
1.736242e-05
1.6786738e-05
1.622105e-05
1.5664626e-05
1.51225e-05
1.4573506e-05
1.4114869e-05
1.3306236e-05
5.3536865e-05
5.3503322e-05
5.3466106e-05
5.3425316e-05
5.3380322e-05
5.3330521e-05
5.3275149e-05
5.321365e-05
5.3145606e-05
5.3070717e-05
5.2988814e-05
5.2899841e-05
5.2803842e-05
5.2700939e-05
5.2591286e-05
5.2475013e-05
5.2352167e-05
5.2222712e-05
5.2086546e-05
5.1943527e-05
5.1793488e-05
5.1636243e-05
5.1471589e-05
5.1299312e-05
5.1119189e-05
5.0930985e-05
5.0734461e-05
5.0529371e-05
5.031546e-05
5.0092474e-05
4.9860154e-05
4.9618239e-05
4.936647e-05
4.910459e-05
4.8832347e-05
4.8549491e-05
4.8255784e-05
4.7950995e-05
4.7634903e-05
4.7307304e-05
4.6968006e-05
4.6616833e-05
4.6253632e-05
4.587827e-05
4.5490635e-05
4.5090642e-05
4.4678233e-05
4.4253376e-05
4.3816071e-05
4.3366347e-05
4.2904267e-05
4.2429925e-05
4.1943451e-05
4.1445007e-05
4.0934791e-05
4.0413035e-05
3.9880006e-05
3.9336004e-05
3.8781366e-05
3.8216461e-05
3.7641694e-05
3.7057499e-05
3.6464343e-05
3.5862723e-05
3.5253163e-05
3.463621e-05
3.4012434e-05
3.3382428e-05
3.2746798e-05
3.2106168e-05
3.1461175e-05
3.0812465e-05
3.0160694e-05
2.9506521e-05
2.8850611e-05
2.8193631e-05
2.7536245e-05
2.6879117e-05
2.6222901e-05
2.5568248e-05
2.4915798e-05
2.4266177e-05
2.3620002e-05
2.2977873e-05
2.2340373e-05
2.1708069e-05
2.1081509e-05
2.0461221e-05
1.9847711e-05
1.9241466e-05
1.8642948e-05
1.8052595e-05
1.7470833e-05
1.6898003e-05
1.6334704e-05
1.5780222e-05
1.5239622e-05
1.4691719e-05
1.4233884e-05
1.342554e-05
5.236115e-05
5.2330387e-05
5.2296399e-05
5.2259626e-05
5.2219337e-05
5.2174783e-05
5.2125132e-05
5.2069812e-05
5.2008407e-05
5.1940613e-05
5.1866236e-05
5.1785178e-05
5.1697436e-05
5.1603081e-05
5.150223e-05
5.1395007e-05
5.1281489e-05
5.1161674e-05
5.1035488e-05
5.0902808e-05
5.0763477e-05
5.0617318e-05
5.0464137e-05
5.0303725e-05
5.0135866e-05
4.9960332e-05
4.9776888e-05
4.9585293e-05
4.9385299e-05
4.9176655e-05
4.8959105e-05
4.8732392e-05
4.8496256e-05
4.8250442e-05
4.7994695e-05
4.7728763e-05
4.7452403e-05
4.7165376e-05
4.6867455e-05
4.6558423e-05
4.6238076e-05
4.5906227e-05
4.5562702e-05
4.520735e-05
4.484004e-05
4.4460663e-05
4.4069134e-05
4.3665395e-05
4.3249418e-05
4.28212e-05
4.2380771e-05
4.1928192e-05
4.1463558e-05
4.0986996e-05
4.0498664e-05
3.9998758e-05
3.9487505e-05
3.8965168e-05
3.8432044e-05
3.7888464e-05
3.7334793e-05
3.677143e-05
3.6198803e-05
3.5617374e-05
3.5027632e-05
3.4430092e-05
3.3825294e-05
3.32138e-05
3.2596191e-05
3.1973067e-05
3.1345041e-05
3.0712739e-05
3.0076798e-05
2.9437864e-05
2.8796586e-05
2.8153621e-05
2.7509624e-05
2.6865252e-05
2.6221155e-05
2.5577982e-05
2.4936372e-05
2.4296955e-05
2.3660351e-05
2.3027165e-05
2.2397989e-05
2.1773399e-05
2.1153953e-05
2.0540191e-05
1.9932634e-05
1.933178e-05
1.873811e-05
1.8152075e-05
1.757412e-05
1.7004603e-05
1.644414e-05
1.5892037e-05
1.5353384e-05
1.480699e-05
1.4350306e-05
1.3542845e-05
5.1199816e-05
5.1171055e-05
5.1140408e-05
5.1107887e-05
5.1072324e-05
5.1032833e-05
5.0988588e-05
5.0939057e-05
5.0883861e-05
5.0822709e-05
5.0755397e-05
5.0681797e-05
5.0601858e-05
5.0515601e-05
5.0423102e-05
5.032446e-05
5.0219763e-05
5.0109042e-05
4.999226e-05
4.986932e-05
4.9740082e-05
4.960438e-05
4.9462031e-05
4.9312833e-05
4.9156576e-05
4.899304e-05
4.8821996e-05
4.8643208e-05
4.8456434e-05
4.8261427e-05
4.8057935e-05
4.7845704e-05
4.7624478e-05
4.7394002e-05
4.7154019e-05
4.6904279e-05
4.6644532e-05
4.6374537e-05
4.609406e-05
4.5802875e-05
4.5500769e-05
4.518754e-05
4.4863002e-05
4.4526987e-05
4.4179345e-05
4.3819945e-05
4.3448681e-05
4.3065471e-05
4.2670257e-05
4.2263009e-05
4.1843728e-05
4.1412441e-05
4.0969211e-05
4.0514129e-05
4.004732e-05
3.956894e-05
3.9079182e-05
3.8578269e-05
3.806646e-05
3.7544048e-05
3.701136e-05
3.6468757e-05
3.591663e-05
3.5355404e-05
3.4785533e-05
3.42075e-05
3.3621811e-05
3.3029e-05
3.2429617e-05
3.1824237e-05
3.1213449e-05
3.0597856e-05
2.9978077e-05
2.9354737e-05
2.8728472e-05
2.8099924e-05
2.7469739e-05
2.6838562e-05
2.6207039e-05
2.5575814e-05
2.4945524e-05
2.4316799e-05
2.3690259e-05
2.3066516e-05
2.2446167e-05
2.1829794e-05
2.1217964e-05
2.0611229e-05
2.001012e-05
1.9415149e-05
1.882681e-05
1.824557e-05
1.7671889e-05
1.7106142e-05
1.6548963e-05
1.5999674e-05
1.5463387e-05
1.4918923e-05
1.446374e-05
1.3657761e-05
5.0053699e-05
5.0026763e-05
4.9999726e-05
4.997144e-05
4.9940335e-05
4.9905534e-05
4.9866287e-05
4.9822115e-05
4.9772679e-05
4.9717709e-05
4.9657e-05
4.9590402e-05
4.9517823e-05
4.9439235e-05
4.9354665e-05
4.9264178e-05
4.9167849e-05
4.9065729e-05
4.8957818e-05
4.8844054e-05
4.8724322e-05
4.8598473e-05
4.8466335e-05
4.8327719e-05
4.818242e-05
4.8030227e-05
4.7870918e-05
4.7704262e-05
4.7530023e-05
4.734796e-05
4.7157825e-05
4.6959369e-05
4.6752338e-05
4.6536479e-05
4.6311538e-05
4.6077262e-05
4.5833401e-05
4.5579711e-05
4.5315951e-05
4.5041891e-05
4.4757309e-05
4.4461992e-05
4.4155743e-05
4.3838379e-05
4.3509733e-05
4.3169657e-05
4.2818024e-05
4.2454728e-05
4.2079688e-05
4.1692849e-05
4.1294181e-05
4.0883683e-05
4.0461385e-05
4.0027347e-05
3.9581658e-05
3.9124442e-05
3.8655852e-05
3.8176078e-05
3.7685339e-05
3.7183892e-05
3.6672025e-05
3.6150062e-05
3.5618357e-05
3.5077298e-05
3.4527303e-05
3.3968821e-05
3.3402326e-05
3.2828318e-05
3.224732e-05
3.1659878e-05
3.1066555e-05
3.046793e-05
2.98646e-05
2.9257171e-05
2.8646261e-05
2.8032497e-05
2.7416509e-05
2.6798935e-05
2.6180411e-05
2.5561574e-05
2.4943056e-05
2.4325486e-05
2.3709484e-05
2.3095662e-05
2.2484623e-05
2.1876953e-05
2.1273227e-05
2.0674006e-05
2.0079829e-05
1.9491222e-05
1.890869e-05
1.8332715e-05
1.776377e-05
1.7202246e-05
1.6648795e-05
1.6102753e-05
1.5569253e-05
1.5027138e-05
1.4573806e-05
1.3769911e-05
4.8924324e-05
4.8899734e-05
4.8876098e-05
4.885147e-05
4.8824241e-05
4.879361e-05
4.8758885e-05
4.871961e-05
4.8675474e-05
4.8626222e-05
4.8571652e-05
4.85116e-05
4.8445941e-05
4.83746e-05
4.8297555e-05
4.8214827e-05
4.8126464e-05
4.8032513e-05
4.7932996e-05
4.782789e-05
4.7717115e-05
4.7600545e-05
4.7478027e-05
4.7349383e-05
4.7214421e-05
4.7072936e-05
4.6924714e-05
4.6769532e-05
4.6607161e-05
4.6437364e-05
4.6259901e-05
4.6074524e-05
4.5880986e-05
4.5679036e-05
4.5468422e-05
4.5248891e-05
4.5020195e-05
4.4782086e-05
4.4534321e-05
4.4276665e-05
4.4008888e-05
4.3730772e-05
4.3442108e-05
4.3142701e-05
4.283237e-05
4.2510951e-05
4.2178298e-05
4.1834286e-05
4.1478811e-05
4.1111793e-05
4.0733178e-05
4.0342936e-05
3.9941069e-05
3.9527603e-05
3.9102599e-05
3.8666143e-05
3.8218357e-05
3.7759394e-05
3.7289437e-05
3.6808707e-05
3.6317454e-05
3.5815964e-05
3.5304555e-05
3.4783579e-05
3.4253418e-05
3.3714483e-05
3.3167218e-05
3.2612089e-05
3.2049588e-05
3.1480232e-05
3.0904556e-05
3.0323115e-05
2.9736481e-05
2.9145238e-05
2.8549987e-05
2.7951334e-05
2.7349898e-05
2.6746301e-05
2.6141168e-05
2.5535128e-05
2.4928807e-05
2.4322829e-05
2.3717813e-05
2.311437e-05
2.2513104e-05
2.1914606e-05
2.1319456e-05
2.072822e-05
2.0141448e-05
1.9559675e-05
1.8983416e-05
1.8413167e-05
1.7849414e-05
1.7292562e-05
1.6743277e-05
1.6200914e-05
1.5670618e-05
1.5131274e-05
1.4680143e-05
1.3878938e-05
4.781329e-05
4.7791295e-05
4.777036e-05
4.7748621e-05
4.7724624e-05
4.7697618e-05
4.7666922e-05
4.7632079e-05
4.7592784e-05
4.7548789e-05
4.7499894e-05
4.7445928e-05
4.7386744e-05
4.7322227e-05
4.7252308e-05
4.7176959e-05
4.709619e-05
4.7010027e-05
4.6918493e-05
4.6821588e-05
4.6719269e-05
4.6611447e-05
4.649799e-05
4.637874e-05
4.6253518e-05
4.612213e-05
4.5984371e-05
4.5840027e-05
4.5688874e-05
4.5530685e-05
4.5365222e-05
4.5192247e-05
4.5011514e-05
4.4822777e-05
4.4625787e-05
4.4420295e-05
4.4206051e-05
4.3982807e-05
4.3750321e-05
4.3508352e-05
4.3256667e-05
4.299504e-05
4.2723255e-05
4.2441106e-05
4.2148401e-05
4.1844962e-05
4.1530626e-05
4.1205252e-05
4.0868715e-05
4.0520913e-05
4.0161767e-05
3.9791224e-05
3.9409256e-05
3.9015863e-05
3.8611072e-05
3.8194941e-05
3.7767558e-05
3.7329039e-05
3.6879537e-05
3.6419232e-05
3.5948342e-05
3.5467115e-05
3.4975833e-05
3.4474809e-05
3.3964391e-05
3.3444956e-05
3.291691e-05
3.2380688e-05
3.1836751e-05
3.1285584e-05
3.0727694e-05
3.0163609e-05
2.9593875e-05
2.9019054e-05
2.8439725e-05
2.7856476e-05
2.7269906e-05
2.6680624e-05
2.6089243e-05
2.5496379e-05
2.4902651e-05
2.4308676e-05
2.3715069e-05
2.3122439e-05
2.2531388e-05
2.1942511e-05
2.135639e-05
2.0773596e-05
2.0194688e-05
1.9620206e-05
1.9050677e-05
1.8486605e-05
1.7928492e-05
1.7376753e-05
1.6832071e-05
1.6293814e-05
1.5767139e-05
1.5230983e-05
1.4782401e-05
1.3984494e-05
4.6721217e-05
4.6701248e-05
4.6682437e-05
4.6663103e-05
4.6641855e-05
4.6617997e-05
4.6590869e-05
4.6560008e-05
4.6525106e-05
4.6485916e-05
4.6442237e-05
4.6393895e-05
4.634073e-05
4.6282601e-05
4.6219397e-05
4.6151046e-05
4.6077511e-05
4.5998783e-05
4.5914871e-05
4.5825775e-05
4.5731476e-05
4.563192e-05
4.552701e-05
4.5416612e-05
4.5300566e-05
4.5178693e-05
4.5050799e-05
4.4916679e-05
4.4776119e-05
4.4628898e-05
4.4474787e-05
4.4313552e-05
4.4144954e-05
4.3968751e-05
4.3784699e-05
4.359255e-05
4.3392057e-05
4.3182975e-05
4.2965059e-05
4.2738067e-05
4.2501763e-05
4.2255917e-05
4.2000305e-05
4.1734715e-05
4.1458944e-05
4.1172802e-05
4.0876113e-05
4.0568719e-05
4.0250478e-05
3.9921269e-05
3.9580991e-05
3.9229567e-05
3.8866944e-05
3.8493095e-05
3.810802e-05
3.7711746e-05
3.7304329e-05
3.6885855e-05
3.645644e-05
3.6016233e-05
3.5565415e-05
3.5104198e-05
3.4632828e-05
3.4151583e-05
3.3660774e-05
3.3160743e-05
3.2651861e-05
3.213453e-05
3.1609178e-05
3.1076259e-05
3.0536249e-05
2.9989649e-05
2.9436978e-05
2.8878773e-05
2.8315591e-05
2.7747997e-05
2.7176574e-05
2.6601912e-05
2.6024608e-05
2.5445268e-05
2.4864499e-05
2.428291e-05
2.3701108e-05
2.31197e-05
2.2539285e-05
2.1960456e-05
2.13838e-05
2.0809889e-05
2.0239286e-05
1.9672539e-05
1.9110183e-05
1.8552733e-05
1.8000698e-05
1.7454508e-05
1.6914856e-05
1.6381128e-05
1.5858485e-05
1.5325935e-05
1.4880251e-05
1.4086248e-05
4.5647778e-05
4.5629512e-05
4.5612458e-05
4.5595154e-05
4.5576267e-05
4.555515e-05
4.5531175e-05
4.5503874e-05
4.5472936e-05
4.5438109e-05
4.5399193e-05
4.5356012e-05
4.53084e-05
4.5256204e-05
4.5199283e-05
4.5137527e-05
4.5070854e-05
4.4999215e-05
4.4922586e-05
4.4840953e-05
4.4754301e-05
4.4662595e-05
4.456577e-05
4.4463727e-05
4.4356332e-05
4.4243426e-05
4.4124828e-05
4.4000348e-05
4.386978e-05
4.3732913e-05
4.3589525e-05
4.3439391e-05
4.3282277e-05
4.3117947e-05
4.2946162e-05
4.2766678e-05
4.2579252e-05
4.2383639e-05
4.2179595e-05
4.196688e-05
4.1745255e-05
4.1514487e-05
4.1274348e-05
4.1024619e-05
4.0765088e-05
4.0495557e-05
4.0215839e-05
3.992576e-05
3.9625164e-05
3.9313912e-05
3.8991884e-05
3.8658982e-05
3.8315129e-05
3.7960275e-05
3.7594391e-05
3.7217478e-05
3.6829561e-05
3.6430697e-05
3.602097e-05
3.5600494e-05
3.5169418e-05
3.4727918e-05
3.4276207e-05
3.3814525e-05
3.3343148e-05
3.2862383e-05
3.2372567e-05
3.1874066e-05
3.1367277e-05
3.0852619e-05
3.0330541e-05
2.9801513e-05
2.9266025e-05
2.872459e-05
2.8177738e-05
2.7626015e-05
2.706998e-05
2.6510205e-05
2.5947272e-05
2.5381771e-05
2.4814295e-05
2.4245445e-05
2.3675819e-05
2.3106016e-05
2.2536633e-05
2.1968261e-05
2.1401483e-05
2.0836876e-05
2.0275005e-05
1.9716424e-05
1.9161672e-05
1.8611273e-05
1.8065746e-05
1.7525531e-05
1.6991332e-05
1.646255e-05
1.5944347e-05
1.5415816e-05
1.4973374e-05
1.4183883e-05
4.4592634e-05
4.4576164e-05
4.4560711e-05
4.4545129e-05
4.4528261e-05
4.4509522e-05
4.4488314e-05
4.4464174e-05
4.4436784e-05
4.4405891e-05
4.4371292e-05
4.4332811e-05
4.4290283e-05
4.4243547e-05
4.4192451e-05
4.4136855e-05
4.4076642e-05
4.4011723e-05
4.3942034e-05
4.3867535e-05
4.3788194e-05
4.370398e-05
4.3614844e-05
4.3520715e-05
4.3421493e-05
4.3317044e-05
4.3207211e-05
4.3091816e-05
4.2970669e-05
4.2843567e-05
4.2710301e-05
4.2570651e-05
4.2424392e-05
4.2271295e-05
4.2111125e-05
4.1943646e-05
4.1768616e-05
4.1585796e-05
4.1394942e-05
4.1195816e-05
4.0988178e-05
4.0771794e-05
4.0546433e-05
4.0311871e-05
4.0067891e-05
3.9814286e-05
3.9550859e-05
3.9277426e-05
3.8993817e-05
3.8699877e-05
3.8395469e-05
3.8080476e-05
3.7754801e-05
3.741837e-05
3.7071131e-05
3.6713058e-05
3.634415e-05
3.5964433e-05
3.5573961e-05
3.5172818e-05
3.4761119e-05
3.4339008e-05
3.3906661e-05
3.3464287e-05
3.3012124e-05
3.2550445e-05
3.2079553e-05
3.159978e-05
3.1111488e-05
3.0615065e-05
3.0110928e-05
2.9599515e-05
2.908129e-05
2.8556737e-05
2.8026361e-05
2.7490683e-05
2.6950241e-05
2.6405585e-05
2.585728e-05
2.5305898e-05
2.475202e-05
2.4196232e-05
2.3639123e-05
2.3081283e-05
2.2523304e-05
2.196577e-05
2.1409266e-05
2.0854365e-05
2.0301635e-05
1.9751633e-05
1.9204902e-05
1.8661973e-05
1.8123372e-05
1.7589548e-05
1.7061216e-05
1.6537791e-05
1.6024431e-05
1.5500328e-05
1.5061469e-05
1.4277095e-05
4.3556149e-05
4.3541328e-05
4.3527396e-05
4.3513372e-05
4.3498263e-05
4.3481579e-05
4.3462782e-05
4.3441421e-05
4.341718e-05
4.3389802e-05
4.3359084e-05
4.332485e-05
4.3286935e-05
4.324518e-05
4.3199428e-05
4.3149526e-05
4.3095333e-05
4.3036726e-05
4.2973606e-05
4.2905896e-05
4.2833539e-05
4.2756487e-05
4.2674693e-05
4.2588099e-05
4.2496628e-05
4.2400177e-05
4.2298616e-05
4.2191789e-05
4.2079524e-05
4.196163e-05
4.1837909e-05
4.1708153e-05
4.1572145e-05
4.1429663e-05
4.128048e-05
4.1124364e-05
4.0961081e-05
4.0790393e-05
4.0612062e-05
4.0425851e-05
4.0231521e-05
4.0028838e-05
3.9817569e-05
3.9597488e-05
3.9368374e-05
3.9130013e-05
3.88822e-05
3.8624741e-05
3.8357456e-05
3.8080176e-05
3.779275e-05
3.7495044e-05
3.7186941e-05
3.6868346e-05
3.6539187e-05
3.6199412e-05
3.5848995e-05
3.5487936e-05
3.511626e-05
3.4734021e-05
3.4341301e-05
3.3938215e-05
3.3524904e-05
3.3101544e-05
3.266834e-05
3.2225529e-05
3.1773379e-05
3.1312189e-05
3.0842287e-05
3.036403e-05
2.9877799e-05
2.9384005e-05
2.8883081e-05
2.8375483e-05
2.7861687e-05
2.7342191e-05
2.6817508e-05
2.6288167e-05
2.5754712e-05
2.5217697e-05
2.4677687e-05
2.4135254e-05
2.3590974e-05
2.3045428e-05
2.2499197e-05
2.1952863e-05
2.1407003e-05
2.0862191e-05
2.0318992e-05
1.9777964e-05
1.9239656e-05
1.8704601e-05
1.8173332e-05
1.7646306e-05
1.7124246e-05
1.660658e-05
1.6098458e-05
1.5579189e-05
1.5144251e-05
1.4365595e-05
4.2538516e-05
4.2525207e-05
4.2512719e-05
4.2500155e-05
4.2486627e-05
4.247174e-05
4.2455039e-05
4.2436106e-05
4.2414635e-05
4.2390373e-05
4.2363115e-05
4.2332686e-05
4.2298925e-05
4.2261676e-05
4.2220783e-05
4.2176089e-05
4.2127441e-05
4.2074698e-05
4.201773e-05
4.1956428e-05
4.1890703e-05
4.1820481e-05
4.1745702e-05
4.1666302e-05
4.1582216e-05
4.1493359e-05
4.1399627e-05
4.1300894e-05
4.1197008e-05
4.1087798e-05
4.0973079e-05
4.0852654e-05
4.0726318e-05
4.0593859e-05
4.0455055e-05
4.0309684e-05
4.0157517e-05
3.9998322e-05
3.9831865e-05
3.9657911e-05
3.9476225e-05
3.9286573e-05
3.9088724e-05
3.8882448e-05
3.8667521e-05
3.8443727e-05
3.8210854e-05
3.7968701e-05
3.7717077e-05
3.7455803e-05
3.7184715e-05
3.6903663e-05
3.6612515e-05
3.6311157e-05
3.5999497e-05
3.567746e-05
3.5344998e-05
3.5002085e-05
3.4648719e-05
3.4284926e-05
3.391076e-05
3.3526304e-05
3.3131668e-05
3.2726994e-05
3.2312456e-05
3.1888255e-05
3.1454627e-05
3.1011837e-05
3.0560179e-05
3.0099977e-05
2.9631581e-05
2.9155368e-05
2.8671743e-05
2.8181131e-05
2.7683982e-05
2.7180765e-05
2.667197e-05
2.6158103e-05
2.5639684e-05
2.511725e-05
2.4591346e-05
2.4062528e-05
2.3531359e-05
2.2998408e-05
2.2464246e-05
2.1929445e-05
2.1394579e-05
2.0860214e-05
2.0326916e-05
1.9795242e-05
1.9265741e-05
1.873895e-05
1.8215406e-05
1.7695572e-05
1.7180178e-05
1.6668665e-05
1.616617e-05
1.5652132e-05
1.5221448e-05
1.4449106e-05
4.1539869e-05
4.1527947e-05
4.1516848e-05
4.1505655e-05
4.1493585e-05
4.1480313e-05
4.1465459e-05
4.1448651e-05
4.1429609e-05
4.1408092e-05
4.1383898e-05
4.1356856e-05
4.1326808e-05
4.1293604e-05
4.1257091e-05
4.1217117e-05
4.1173525e-05
4.1126165e-05
4.1074891e-05
4.101957e-05
4.0960084e-05
4.0896331e-05
4.0828225e-05
4.0755689e-05
4.067865e-05
4.059703e-05
4.051074e-05
4.0419675e-05
4.0323709e-05
4.0222695e-05
4.0116467e-05
4.0004843e-05
3.9887631e-05
3.9764627e-05
3.9635623e-05
3.9500402e-05
3.9358744e-05
3.9210422e-05
3.9055208e-05
3.8892872e-05
3.8723183e-05
3.8545909e-05
3.8360818e-05
3.8167683e-05
3.7966278e-05
3.7756382e-05
3.7537781e-05
3.7310268e-05
3.7073645e-05
3.6827722e-05
3.6572325e-05
3.6307292e-05
3.6032475e-05
3.5747745e-05
3.5452989e-05
3.5148117e-05
3.4833055e-05
3.4507756e-05
3.4172193e-05
3.3826366e-05
3.3470301e-05
3.3104051e-05
3.2727697e-05
3.234135e-05
3.1945151e-05
3.1539269e-05
3.1123907e-05
3.0699296e-05
3.0265697e-05
2.9823401e-05
2.9372727e-05
2.8914019e-05
2.844765e-05
2.7974018e-05
2.7493542e-05
2.7006664e-05
2.6513849e-05
2.6015576e-05
2.5512346e-05
2.500467e-05
2.4493077e-05
2.3978103e-05
2.3460297e-05
2.2940213e-05
2.2418411e-05
2.1895453e-05
2.1371903e-05
2.0848324e-05
2.0325277e-05
1.9803315e-05
1.9282988e-05
1.8764834e-05
1.8249394e-05
1.7737133e-05
1.7228788e-05
1.6723813e-05
1.6227324e-05
1.5718908e-05
1.5292806e-05
1.4527367e-05
4.0560309e-05
4.0549694e-05
4.0539853e-05
4.0529952e-05
4.0519264e-05
4.0507486e-05
4.0494295e-05
4.0479371e-05
4.0462468e-05
4.0443367e-05
4.0421878e-05
4.0397837e-05
4.0371091e-05
4.0341497e-05
4.0308909e-05
4.027318e-05
4.0234159e-05
4.0191693e-05
4.014563e-05
4.0095824e-05
4.0042139e-05
3.9984448e-05
3.9922639e-05
3.9856614e-05
3.9786283e-05
3.9711561e-05
3.9632361e-05
3.9548587e-05
3.9460133e-05
3.9366873e-05
3.9268664e-05
3.9165344e-05
3.9056737e-05
3.8942653e-05
3.8822894e-05
3.8697254e-05
3.8565521e-05
3.8427476e-05
3.8282898e-05
3.8131561e-05
3.797324e-05
3.7807706e-05
3.763473e-05
3.7454085e-05
3.7265547e-05
3.7068893e-05
3.6863906e-05
3.6650375e-05
3.6428095e-05
3.6196872e-05
3.595652e-05
3.5706867e-05
3.5447752e-05
3.5179033e-05
3.4900581e-05
3.4612285e-05
3.4314056e-05
3.4005823e-05
3.3687537e-05
3.3359174e-05
3.3020733e-05
3.267224e-05
3.2313749e-05
3.194534e-05
3.1567122e-05
3.1179235e-05
3.0781848e-05
3.0375159e-05
2.9959399e-05
2.9534823e-05
2.910172e-05
2.8660402e-05
2.821121e-05
2.7754512e-05
2.7290698e-05
2.6820182e-05
2.6343399e-05
2.5860807e-05
2.5372879e-05
2.4880106e-05
2.4382994e-05
2.3882061e-05
2.3377838e-05
2.2870864e-05
2.2361684e-05
2.1850851e-05
2.1338917e-05
2.0826437e-05
2.0313967e-05
1.9802057e-05
1.9291253e-05
1.8782092e-05
1.8275117e-05
1.7770798e-05
1.7269872e-05
1.6771808e-05
1.6281696e-05
1.5779284e-05
1.5358085e-05
1.4600131e-05
3.9599889e-05
3.9590566e-05
3.9581821e-05
3.9573114e-05
3.9563731e-05
3.9553351e-05
3.9541688e-05
3.9528463e-05
3.9513467e-05
3.9496506e-05
3.947741e-05
3.9456025e-05
3.943221e-05
3.9405827e-05
3.937674e-05
3.934481e-05
3.9309893e-05
3.9271841e-05
3.9230504e-05
3.9185732e-05
3.9137377e-05
3.9085301e-05
3.902937e-05
3.8969466e-05
3.8905477e-05
3.8837303e-05
3.8764848e-05
3.8688015e-05
3.8606703e-05
3.8520801e-05
3.8430184e-05
3.8334711e-05
3.8234227e-05
3.8128558e-05
3.801752e-05
3.790092e-05
3.7778554e-05
3.7650214e-05
3.7515686e-05
3.7374751e-05
3.722719e-05
3.7072777e-05
3.6911289e-05
3.6742502e-05
3.656619e-05
3.6382133e-05
3.6190112e-05
3.5989913e-05
3.5781329e-05
3.5564158e-05
3.5338208e-05
3.5103297e-05
3.4859256e-05
3.4605927e-05
3.434317e-05
3.4070857e-05
3.3788881e-05
3.3497152e-05
3.3195602e-05
3.2884182e-05
3.2562869e-05
3.2231662e-05
3.1890589e-05
3.1539701e-05
3.1179079e-05
3.0808831e-05
3.0429096e-05
3.0040041e-05
2.9641863e-05
2.9234788e-05
2.8819069e-05
2.8394989e-05
2.7962858e-05
2.7523011e-05
2.707581e-05
2.6621639e-05
2.6160908e-05
2.5694045e-05
2.5221499e-05
2.4743737e-05
2.4261243e-05
2.3774515e-05
2.3284064e-05
2.2790411e-05
2.2294089e-05
2.1795633e-05
2.1295588e-05
2.0794497e-05
2.0292908e-05
1.9791366e-05
1.9290413e-05
1.8790585e-05
1.8292422e-05
1.7796396e-05
1.7303247e-05
1.6812453e-05
1.6329078e-05
1.5833044e-05
1.541706e-05
1.4667163e-05
3.8658633e-05
3.8650432e-05
3.8642799e-05
3.8635203e-05
3.8627017e-05
3.8617936e-05
3.860769e-05
3.8596025e-05
3.8582754e-05
3.8567711e-05
3.8550746e-05
3.8531722e-05
3.8510508e-05
3.848698e-05
3.846101e-05
3.8432469e-05
3.8401223e-05
3.8367132e-05
3.8330053e-05
3.8289837e-05
3.8246336e-05
3.8199404e-05
3.8148898e-05
3.8094684e-05
3.8036633e-05
3.7974627e-05
3.7908555e-05
3.7838309e-05
3.7763785e-05
3.7684875e-05
3.7601464e-05
3.7513426e-05
3.7420622e-05
3.73229e-05
3.7220092e-05
3.7112019e-05
3.6998491e-05
3.687931e-05
3.6754271e-05
3.6623165e-05
3.6485776e-05
3.6341888e-05
3.6191281e-05
3.6033733e-05
3.5869025e-05
3.5696935e-05
3.5517245e-05
3.5329741e-05
3.5134213e-05
3.4930454e-05
3.4718269e-05
3.4497467e-05
3.426787e-05
3.4029311e-05
3.3781636e-05
3.3524706e-05
3.3258396e-05
3.29826e-05
3.269723e-05
3.2402219e-05
3.2097519e-05
3.1783107e-05
3.1458986e-05
3.1125179e-05
3.0781741e-05
3.042875e-05
3.0066316e-05
2.9694574e-05
2.931369e-05
2.892386e-05
2.8525305e-05
2.8118277e-05
2.7703053e-05
2.7279939e-05
2.6849267e-05
2.6411391e-05
2.5966691e-05
2.551557e-05
2.505845e-05
2.4595774e-05
2.4128001e-05
2.3655607e-05
2.3179085e-05
2.2698936e-05
2.2215675e-05
2.1729824e-05
2.1241912e-05
2.0752474e-05
2.0262047e-05
1.9771168e-05
1.9280374e-05
1.8790196e-05
1.8301174e-05
1.7813778e-05
1.7328748e-05
1.6845573e-05
1.6369282e-05
1.5879989e-05
1.5469526e-05
1.4728246e-05
3.7736531e-05
3.7729314e-05
3.772272e-05
3.7716166e-05
3.7709095e-05
3.7701225e-05
3.76923e-05
3.7682078e-05
3.7670389e-05
3.7657085e-05
3.7642038e-05
3.7625125e-05
3.7606234e-05
3.758525e-05
3.7562058e-05
3.7536539e-05
3.7508572e-05
3.7478025e-05
3.7444764e-05
3.7408649e-05
3.7369536e-05
3.7327278e-05
3.7281731e-05
3.7232752e-05
3.7180201e-05
3.7123946e-05
3.7063862e-05
3.6999829e-05
3.693173e-05
3.6859453e-05
3.6782882e-05
3.6701898e-05
3.6616373e-05
3.6526169e-05
3.6431136e-05
3.6331112e-05
3.6225923e-05
3.6115384e-05
3.59993e-05
3.5877472e-05
3.5749693e-05
3.5615754e-05
3.547544e-05
3.5328536e-05
3.5174825e-05
3.5014088e-05
3.484611e-05
3.4670677e-05
3.4487576e-05
3.4296601e-05
3.409755e-05
3.3890229e-05
3.3674452e-05
3.3450043e-05
3.3216838e-05
3.2974687e-05
3.2723451e-05
3.2463009e-05
3.2193255e-05
3.1914104e-05
3.1625489e-05
3.1327365e-05
3.101971e-05
3.0702524e-05
3.0375835e-05
3.0039693e-05
2.969418e-05
2.9339403e-05
2.8975497e-05
2.8602626e-05
2.8220982e-05
2.7830785e-05
2.7432282e-05
2.7025748e-05
2.6611484e-05
2.6189815e-05
2.5761093e-05
2.5325692e-05
2.4884008e-05
2.4436456e-05
2.3983474e-05
2.3525513e-05
2.3063043e-05
2.2596548e-05
2.2126523e-05
2.1653473e-05
2.1177914e-05
2.0700367e-05
2.0221357e-05
1.9741413e-05
1.9261064e-05
1.8780835e-05
1.8301263e-05
1.7822816e-05
1.7346231e-05
1.6871009e-05
1.6402138e-05
1.5919937e-05
1.551529e-05
1.4783175e-05
3.6833532e-05
3.6827286e-05
3.6821573e-05
3.6815959e-05
3.6809922e-05
3.6803177e-05
3.6795479e-05
3.6786596e-05
3.6776366e-05
3.6764656e-05
3.6751352e-05
3.6736346e-05
3.6719541e-05
3.6700835e-05
3.6680127e-05
3.6657309e-05
3.6632271e-05
3.6604894e-05
3.6575053e-05
3.6542619e-05
3.6507454e-05
3.6469419e-05
3.6428371e-05
3.6384165e-05
3.633666e-05
3.6285716e-05
3.6231195e-05
3.6172968e-05
3.6110906e-05
3.6044886e-05
3.5974788e-05
3.5900489e-05
3.5821865e-05
3.5738786e-05
3.5651112e-05
3.5558698e-05
3.5461383e-05
3.5358998e-05
3.5251364e-05
3.5138291e-05
3.5019584e-05
3.4895041e-05
3.4764456e-05
3.4627619e-05
3.4484318e-05
3.433434e-05
3.4177471e-05
3.4013499e-05
3.3842211e-05
3.3663401e-05
3.3476865e-05
3.3282404e-05
3.3079828e-05
3.2868954e-05
3.264961e-05
3.2421634e-05
3.2184877e-05
3.1939205e-05
3.1684497e-05
3.142065e-05
3.114758e-05
3.0865221e-05
3.0573531e-05
3.0272487e-05
2.996209e-05
2.9642369e-05
2.9313374e-05
2.8975186e-05
2.8627912e-05
2.8271686e-05
2.790667e-05
2.7533052e-05
2.7151051e-05
2.676091e-05
2.63629e-05
2.5957318e-05
2.5544486e-05
2.5124748e-05
2.4698474e-05
2.4266054e-05
2.3827897e-05
2.3384433e-05
2.2936109e-05
2.2483387e-05
2.2026741e-05
2.1566662e-05
2.1103646e-05
2.06382e-05
2.0170838e-05
1.9702076e-05
1.9232435e-05
1.8762434e-05
1.8292601e-05
1.7823404e-05
1.7355575e-05
1.6888624e-05
1.6427493e-05
1.5952724e-05
1.5554178e-05
1.4831761e-05
3.594957e-05
3.5944201e-05
3.5939318e-05
3.5934554e-05
3.592945e-05
3.5923731e-05
3.5917162e-05
3.5909517e-05
3.5900637e-05
3.5890396e-05
3.5878688e-05
3.5865419e-05
3.5850503e-05
3.5833851e-05
3.5815375e-05
3.5794979e-05
3.5772565e-05
3.5748026e-05
3.5721249e-05
3.5692115e-05
3.5660496e-05
3.5626262e-05
3.5589277e-05
3.55494e-05
3.550649e-05
3.5460406e-05
3.5411007e-05
3.5358155e-05
3.5301715e-05
3.5241553e-05
3.5177541e-05
3.5109551e-05
3.5037454e-05
3.496112e-05
3.4880417e-05
3.4795205e-05
3.4705336e-05
3.4610655e-05
3.4510997e-05
3.4406186e-05
3.429604e-05
3.4180367e-05
3.405897e-05
3.3931646e-05
3.379819e-05
3.3658394e-05
3.3512048e-05
3.3358944e-05
3.319887e-05
3.3031621e-05
3.2856992e-05
3.2674782e-05
3.2484796e-05
3.2286848e-05
3.2080758e-05
3.1866357e-05
3.1643485e-05
3.1411996e-05
3.1171758e-05
3.0922652e-05
3.0664578e-05
3.0397453e-05
3.0121213e-05
2.9835815e-05
2.9541239e-05
2.9237487e-05
2.8924587e-05
2.8602591e-05
2.8271578e-05
2.7931655e-05
2.7582954e-05
2.7225635e-05
2.6859885e-05
2.648592e-05
2.6103979e-05
2.5714329e-05
2.5317264e-05
2.4913101e-05
2.4502179e-05
2.4084861e-05
2.3661534e-05
2.3232599e-05
2.2798481e-05
2.2359619e-05
2.1916467e-05
2.1469496e-05
2.1019185e-05
2.0566024e-05
2.0110514e-05
1.9653157e-05
1.9194465e-05
1.8734947e-05
1.8275124e-05
1.7815459e-05
1.7356677e-05
1.6898299e-05
1.6445216e-05
1.5978203e-05
1.5586033e-05
1.4873833e-05
3.5084536e-05
3.5079974e-05
3.5075852e-05
3.507186e-05
3.5067598e-05
3.506281e-05
3.5057271e-05
3.5050762e-05
3.5043126e-05
3.5034238e-05
3.5023998e-05
3.501232e-05
3.4999126e-05
3.4984339e-05
3.496788e-05
3.4949668e-05
3.4929614e-05
3.4907624e-05
3.4883597e-05
3.4857423e-05
3.482899e-05
3.4798173e-05
3.4764848e-05
3.472888e-05
3.4690134e-05
3.4648472e-05
3.4603753e-05
3.4555838e-05
3.4504588e-05
3.4449863e-05
3.4391529e-05
3.4329451e-05
3.4263494e-05
3.4193525e-05
3.411941e-05
3.4041012e-05
3.3958189e-05
3.3870795e-05
3.3778674e-05
3.3681666e-05
3.35796e-05
3.3472297e-05
3.3359572e-05
3.3241231e-05
3.3117077e-05
3.2986908e-05
3.285052e-05
3.2707709e-05
3.2558267e-05
3.240199e-05
3.2238673e-05
3.2068115e-05
3.1890121e-05
3.1704498e-05
3.1511063e-05
3.1309639e-05
3.1100061e-05
3.088217e-05
3.0655825e-05
3.0420893e-05
3.017726e-05
2.9924827e-05
2.9663512e-05
2.9393254e-05
2.911401e-05
2.8825762e-05
2.8528511e-05
2.8222287e-05
2.7907143e-05
2.7583156e-05
2.7250433e-05
2.6909104e-05
2.6559328e-05
2.620129e-05
2.5835201e-05
2.5461299e-05
2.5079848e-05
2.4691136e-05
2.4295475e-05
2.3893201e-05
2.3484672e-05
2.3070267e-05
2.2650383e-05
2.2225438e-05
2.1795864e-05
2.136211e-05
2.0924636e-05
2.0483918e-05
2.0040436e-05
1.9594683e-05
1.9147156e-05
1.8698353e-05
1.8248788e-05
1.7798917e-05
1.7349457e-05
1.6899936e-05
1.6455192e-05
1.5996246e-05
1.5610715e-05
1.4909231e-05
3.4238299e-05
3.4234479e-05
3.4231052e-05
3.4227762e-05
3.422426e-05
3.4220311e-05
3.4215705e-05
3.4210231e-05
3.4203734e-05
3.419609e-05
3.4187201e-05
3.4176983e-05
3.4165366e-05
3.415228e-05
3.4137656e-05
3.4121422e-05
3.4103501e-05
3.408381e-05
3.4062258e-05
3.4038749e-05
3.4013178e-05
3.3985436e-05
3.3955405e-05
3.3922962e-05
3.3887979e-05
3.3850323e-05
3.380986e-05
3.3766451e-05
3.3719958e-05
3.3670241e-05
3.3617162e-05
3.356058e-05
3.3500359e-05
3.343636e-05
3.3368444e-05
3.3296474e-05
3.3220308e-05
3.3139802e-05
3.305481e-05
3.2965176e-05
3.2870742e-05
3.2771342e-05
3.2666802e-05
3.2556941e-05
3.2441569e-05
3.2320495e-05
3.2193522e-05
3.2060448e-05
3.1921074e-05
3.1775196e-05
3.1622613e-05
3.1463124e-05
3.1296532e-05
3.1122645e-05
3.0941274e-05
3.0752238e-05
3.0555365e-05
3.0350491e-05
3.0137461e-05
2.9916136e-05
2.9686386e-05
2.9448098e-05
2.9201175e-05
2.8945539e-05
2.8681128e-05
2.8407901e-05
2.8125841e-05
2.7834952e-05
2.7535262e-05
2.7226824e-05
2.6909716e-05
2.6584044e-05
2.6249936e-05
2.590755e-05
2.5557067e-05
2.5198698e-05
2.4832676e-05
2.4459262e-05
2.407874e-05
2.3691418e-05
2.3297627e-05
2.2897719e-05
2.2492067e-05
2.2081064e-05
2.1665121e-05
2.1244663e-05
2.0820132e-05
2.0391983e-05
1.9960682e-05
1.9526704e-05
1.9090533e-05
1.8652655e-05
1.8213575e-05
1.7773738e-05
1.7333855e-05
1.6893458e-05
1.6457327e-05
1.6006743e-05
1.5628102e-05
1.4937815e-05
3.3410701e-05
3.3407564e-05
3.340477e-05
3.3402118e-05
3.3399302e-05
3.3396109e-05
3.3392343e-05
3.3387806e-05
3.3382345e-05
3.3375839e-05
3.3368188e-05
3.3359312e-05
3.3349141e-05
3.3337613e-05
3.3324665e-05
3.3310232e-05
3.3294248e-05
3.3276638e-05
3.3257324e-05
3.3236218e-05
3.3213229e-05
3.3188256e-05
3.3161194e-05
3.3131928e-05
3.3100341e-05
3.3066309e-05
3.3029702e-05
3.2990389e-05
3.2948235e-05
3.2903102e-05
3.2854852e-05
3.2803346e-05
3.2748444e-05
3.2690003e-05
3.2627885e-05
3.2561946e-05
3.2492044e-05
3.2418036e-05
3.2339774e-05
3.225711e-05
3.216989e-05
3.2077957e-05
3.1981147e-05
3.187929e-05
3.177221e-05
3.1659723e-05
3.1541642e-05
3.1417773e-05
3.1287922e-05
3.1151889e-05
3.1009477e-05
3.0860488e-05
3.0704726e-05
3.0541996e-05
3.0372109e-05
3.019488e-05
3.0010133e-05
2.9817697e-05
2.9617411e-05
2.9409124e-05
2.9192697e-05
2.8968005e-05
2.8734936e-05
2.8493397e-05
2.8243308e-05
2.7984611e-05
2.7717267e-05
2.7441259e-05
2.7156592e-05
2.6863294e-05
2.656142e-05
2.6251047e-05
2.5932278e-05
2.5605242e-05
2.5270093e-05
2.4927013e-05
2.4576208e-05
2.421791e-05
2.3852374e-05
2.3479881e-05
2.3100735e-05
2.2715261e-05
2.2323808e-05
2.1926743e-05
2.1524453e-05
2.1117341e-05
2.0705829e-05
2.029035e-05
1.9871352e-05
1.9449295e-05
1.9024647e-05
1.859788e-05
1.8169487e-05
1.7739904e-05
1.7309831e-05
1.6878808e-05
1.6451547e-05
1.6009604e-05
1.5638089e-05
1.4959459e-05
3.2601564e-05
3.2599052e-05
3.2596837e-05
3.2594763e-05
3.2592567e-05
3.2590052e-05
3.2587041e-05
3.2583349e-05
3.2578826e-05
3.2573355e-05
3.2566835e-05
3.2559187e-05
3.2550343e-05
3.2540242e-05
3.2528828e-05
3.2516041e-05
3.2501822e-05
3.2486105e-05
3.2468821e-05
3.2449892e-05
3.2429237e-05
3.2406766e-05
3.2382383e-05
3.2355985e-05
3.2327465e-05
3.2296706e-05
3.226359e-05
3.2227991e-05
3.2189781e-05
3.2148827e-05
3.2104995e-05
3.2058147e-05
3.2008145e-05
3.1954847e-05
3.1898112e-05
3.1837797e-05
3.1773757e-05
3.1705848e-05
3.1633921e-05
3.1557828e-05
3.147742e-05
3.1392541e-05
3.1303035e-05
3.120874e-05
3.1109489e-05
3.100511e-05
3.0895425e-05
3.0780251e-05
3.0659399e-05
3.0532678e-05
3.0399894e-05
3.0260853e-05
3.0115361e-05
2.9963224e-05
2.9804253e-05
2.9638262e-05
2.9465069e-05
2.9284501e-05
2.9096389e-05
2.8900577e-05
2.8696916e-05
2.8485269e-05
2.8265513e-05
2.8037541e-05
2.7801258e-05
2.7556589e-05
2.7303476e-05
2.7041882e-05
2.6771791e-05
2.6493209e-05
2.6206166e-05
2.5910714e-05
2.5606931e-05
2.529492e-05
2.4974808e-05
2.4646748e-05
2.4310918e-05
2.3967524e-05
2.3616793e-05
2.3258977e-05
2.2894354e-05
2.2523223e-05
2.2145905e-05
2.1762743e-05
2.1374099e-05
2.0980354e-05
2.0581906e-05
2.017917e-05
1.9772572e-05
1.9362555e-05
1.894957e-05
1.8534075e-05
1.811655e-05
1.769742e-05
1.727737e-05
1.6855948e-05
1.6437796e-05
1.6004755e-05
1.5640589e-05
1.4974055e-05
3.1810688e-05
3.1808748e-05
3.1807062e-05
3.1805512e-05
3.1803873e-05
3.1801969e-05
3.1799636e-05
3.1796701e-05
3.1793024e-05
3.1788489e-05
3.1782997e-05
3.177647e-05
3.1768839e-05
3.1760046e-05
3.1750037e-05
3.1738756e-05
3.172615e-05
3.1712161e-05
3.1696725e-05
3.1679775e-05
3.1661237e-05
3.1641032e-05
3.1619074e-05
3.159527e-05
3.1569521e-05
3.1541724e-05
3.1511766e-05
3.1479531e-05
3.14449e-05
3.1407746e-05
3.136794e-05
3.1325351e-05
3.1279841e-05
3.1231275e-05
3.1179511e-05
3.1124406e-05
3.1065818e-05
3.1003601e-05
3.0937606e-05
3.0867685e-05
3.0793686e-05
3.0715459e-05
3.0632847e-05
3.0545695e-05
3.045384e-05
3.035712e-05
3.0255365e-05
3.0148401e-05
3.003605e-05
2.9918129e-05
2.979445e-05
2.9664824e-05
2.952906e-05
2.9386969e-05
2.923836e-05
2.9083047e-05
2.8920849e-05
2.8751587e-05
2.857509e-05
2.8391193e-05
2.8199743e-05
2.8000592e-05
2.7793608e-05
2.757867e-05
2.7355672e-05
2.7124522e-05
2.6885146e-05
2.6637488e-05
2.6381514e-05
2.6117207e-05
2.5844576e-05
2.5563649e-05
2.5274481e-05
2.4977147e-05
2.467175e-05
2.4358416e-05
2.4037297e-05
2.3708569e-05
2.3372433e-05
2.3029115e-05
2.2678865e-05
2.2321954e-05
2.1958679e-05
2.1589355e-05
2.1214322e-05
2.0833935e-05
2.044857e-05
2.005862e-05
1.9664491e-05
1.9266607e-05
1.88654e-05
1.8461314e-05
1.8054812e-05
1.7646309e-05
1.7236475e-05
1.6824862e-05
1.6416039e-05
1.5992143e-05
1.5635533e-05
1.498151e-05
3.1037857e-05
3.1036438e-05
3.1035235e-05
3.103416e-05
3.1033024e-05
3.1031667e-05
3.102994e-05
3.1027685e-05
3.1024767e-05
3.1021075e-05
3.1016515e-05
3.1011006e-05
3.1004481e-05
3.0996884e-05
3.098816e-05
3.0978259e-05
3.0967129e-05
3.0954718e-05
3.094097e-05
3.0925823e-05
3.0909212e-05
3.0891066e-05
3.0871308e-05
3.0849855e-05
3.0826618e-05
3.0801501e-05
3.0774403e-05
3.0745218e-05
3.0713832e-05
3.0680129e-05
3.0643986e-05
3.0605278e-05
3.0563875e-05
3.0519643e-05
3.0472446e-05
3.0422146e-05
3.03686e-05
3.0311664e-05
3.0251192e-05
3.0187035e-05
3.0119043e-05
3.0047064e-05
2.9970943e-05
2.9890525e-05
2.9805652e-05
2.9716165e-05
2.9621901e-05
2.9522693e-05
2.9418372e-05
2.9308764e-05
2.9193689e-05
2.9072966e-05
2.8946408e-05
2.881383e-05
2.8675045e-05
2.8529868e-05
2.8378116e-05
2.8219609e-05
2.8054175e-05
2.7881643e-05
2.7701854e-05
2.7514654e-05
2.7319902e-05
2.7117466e-05
2.6907228e-05
2.6689084e-05
2.6462945e-05
2.6228738e-05
2.598641e-05
2.5735927e-05
2.5477274e-05
2.5210461e-05
2.4935516e-05
2.4652493e-05
2.4361469e-05
2.4062545e-05
2.3755846e-05
2.3441521e-05
2.3119746e-05
2.2790719e-05
2.2454663e-05
2.2111823e-05
2.176247e-05
2.1406893e-05
2.1045405e-05
2.0678339e-05
2.0306047e-05
1.9928899e-05
1.9547281e-05
1.9161595e-05
1.8772256e-05
1.837969e-05
1.7984344e-05
1.758662e-05
1.7187172e-05
1.6785555e-05
1.638626e-05
1.5971734e-05
1.5622873e-05
1.4981752e-05
3.0282836e-05
3.0281894e-05
3.0281131e-05
3.0280487e-05
3.0279802e-05
3.0278936e-05
3.0277751e-05
3.0276103e-05
3.0273865e-05
3.0270932e-05
3.026721e-05
3.0262623e-05
3.0257105e-05
3.0250597e-05
3.0243047e-05
3.0234407e-05
3.0224628e-05
3.0213662e-05
3.0201456e-05
3.0187956e-05
3.0173103e-05
3.0156833e-05
3.0139077e-05
3.0119761e-05
3.0098803e-05
3.0076118e-05
3.0051615e-05
3.0025194e-05
2.9996753e-05
2.9966182e-05
2.9933369e-05
2.9898194e-05
2.9860535e-05
2.9820264e-05
2.9777251e-05
2.9731362e-05
2.9682458e-05
2.96304e-05
2.9575044e-05
2.9516243e-05
2.9453849e-05
2.938771e-05
2.9317673e-05
2.9243584e-05
2.9165286e-05
2.908262e-05
2.8995427e-05
2.8903545e-05
2.8806811e-05
2.8705057e-05
2.8598111e-05
2.8485802e-05
2.8367949e-05
2.8244373e-05
2.8114891e-05
2.7979321e-05
2.7837481e-05
2.7689192e-05
2.7534279e-05
2.737257e-05
2.7203901e-05
2.7028112e-05
2.6845056e-05
2.6654591e-05
2.645659e-05
2.6250938e-05
2.603753e-05
2.5816282e-05
2.5587122e-05
2.5349999e-05
2.5104881e-05
2.4851754e-05
2.4590628e-05
2.4321532e-05
2.404452e-05
2.3759668e-05
2.3467077e-05
2.316687e-05
2.2859197e-05
2.2544229e-05
2.2222163e-05
2.1893218e-05
2.1557638e-05
2.1215687e-05
2.0867653e-05
2.0513844e-05
2.0154587e-05
1.979023e-05
1.9421137e-05
1.9047689e-05
1.8670281e-05
1.8289321e-05
1.7905239e-05
1.7518421e-05
1.7129506e-05
1.673805e-05
1.6348464e-05
1.5943512e-05
1.5602576e-05
1.4974721e-05
2.9545378e-05
2.9544871e-05
2.9544508e-05
2.9544254e-05
2.9543976e-05
2.9543549e-05
2.9542848e-05
2.9541742e-05
2.9540113e-05
2.9537859e-05
2.9534892e-05
2.9531137e-05
2.9526528e-05
2.952101e-05
2.951453e-05
2.9507041e-05
2.9498498e-05
2.9488852e-05
2.9478058e-05
2.9466064e-05
2.9452817e-05
2.9438259e-05
2.9422329e-05
2.9404958e-05
2.9386075e-05
2.9365602e-05
2.9343455e-05
2.9319545e-05
2.9293778e-05
2.9266053e-05
2.9236266e-05
2.9204305e-05
2.9170056e-05
2.9133399e-05
2.909421e-05
2.905236e-05
2.9007717e-05
2.8960147e-05
2.8909509e-05
2.8855662e-05
2.879846e-05
2.8737754e-05
2.8673393e-05
2.8605224e-05
2.8533092e-05
2.8456839e-05
2.8376307e-05
2.8291335e-05
2.8201764e-05
2.8107429e-05
2.8008166e-05
2.7903808e-05
2.7794183e-05
2.7679119e-05
2.7558439e-05
2.7431966e-05
2.7299521e-05
2.7160926e-05
2.7016007e-05
2.686459e-05
2.6706508e-05
2.6541599e-05
2.6369707e-05
2.6190687e-05
2.6004402e-05
2.5810725e-05
2.5609544e-05
2.5400758e-05
2.5184283e-05
2.4960051e-05
2.4728011e-05
2.4488134e-05
2.4240406e-05
2.3984838e-05
2.372146e-05
2.3450325e-05
2.3171511e-05
2.2885115e-05
2.2591262e-05
2.2290097e-05
2.1981793e-05
2.1666541e-05
2.134456e-05
2.1016089e-05
2.068139e-05
2.0340745e-05
1.9994459e-05
1.9642855e-05
1.9286275e-05
1.8925077e-05
1.8559638e-05
1.8190344e-05
1.7817609e-05
1.7441802e-05
1.7063544e-05
1.6682394e-05
1.6302675e-05
1.5907482e-05
1.5574631e-05
1.4960378e-05
2.8825223e-05
2.8825111e-05
2.8825113e-05
2.8825213e-05
2.8825301e-05
2.8825266e-05
2.8824997e-05
2.8824374e-05
2.8823288e-05
2.8821641e-05
2.8819351e-05
2.8816344e-05
2.8812557e-05
2.8807935e-05
2.8802427e-05
2.8795987e-05
2.878857e-05
2.8780132e-05
2.8770628e-05
2.8760012e-05
2.8748233e-05
2.8735241e-05
2.8720977e-05
2.8705382e-05
2.868839e-05
2.8669931e-05
2.8649929e-05
2.8628304e-05
2.8604969e-05
2.8579832e-05
2.8552796e-05
2.8523761e-05
2.8492617e-05
2.8459254e-05
2.8423554e-05
2.8385397e-05
2.8344657e-05
2.8301204e-05
2.8254905e-05
2.8205623e-05
2.8153217e-05
2.8097543e-05
2.8038453e-05
2.7975798e-05
2.7909423e-05
2.7839173e-05
2.7764892e-05
2.768642e-05
2.7603598e-05
2.7516264e-05
2.7424257e-05
2.7327412e-05
2.7225565e-05
2.7118548e-05
2.7006193e-05
2.6888327e-05
2.6764777e-05
2.6635369e-05
2.649993e-05
2.6358287e-05
2.6210271e-05
2.6055718e-05
2.589447e-05
2.5726373e-05
2.5551286e-05
2.5369073e-05
2.5179612e-05
2.4982791e-05
2.4778513e-05
2.4566696e-05
2.4347273e-05
2.4120198e-05
2.3885438e-05
2.3642986e-05
2.3392849e-05
2.313506e-05
2.2869672e-05
2.2596761e-05
2.2316425e-05
2.2028788e-05
2.1733993e-05
2.143221e-05
2.1123629e-05
2.0808466e-05
2.0486956e-05
2.0159359e-05
1.9825952e-05
1.9487036e-05
1.914293e-05
1.879397e-05
1.844051e-05
1.8082919e-05
1.7721589e-05
1.7356874e-05
1.6989374e-05
1.661865e-05
1.6248936e-05
1.5863666e-05
1.5539041e-05
1.4938701e-05
2.8122099e-05
2.8122347e-05
2.8122681e-05
2.8123101e-05
2.8123518e-05
2.8123834e-05
2.812395e-05
2.8123758e-05
2.8123154e-05
2.812205e-05
2.8120365e-05
2.811803e-05
2.8114983e-05
2.811117e-05
2.8106542e-05
2.8101054e-05
2.8094663e-05
2.8087326e-05
2.8079001e-05
2.8069644e-05
2.8059209e-05
2.8047647e-05
2.8034908e-05
2.8020936e-05
2.8005671e-05
2.798905e-05
2.7971004e-05
2.795146e-05
2.7930339e-05
2.7907558e-05
2.7883028e-05
2.7856655e-05
2.782834e-05
2.7797979e-05
2.7765463e-05
2.7730678e-05
2.7693507e-05
2.7653825e-05
2.7611507e-05
2.7566422e-05
2.7518434e-05
2.7467405e-05
2.7413192e-05
2.7355649e-05
2.7294627e-05
2.7229973e-05
2.7161534e-05
2.7089151e-05
2.7012667e-05
2.6931921e-05
2.6846753e-05
2.6757e-05
2.6662501e-05
2.6563092e-05
2.6458608e-05
2.6348884e-05
2.6233751e-05
2.6113042e-05
2.5986586e-05
2.5854214e-05
2.5715756e-05
2.5571049e-05
2.541993e-05
2.5262244e-05
2.5097843e-05
2.4926586e-05
2.4748342e-05
2.4562989e-05
2.4370419e-05
2.4170538e-05
2.3963265e-05
2.3748538e-05
2.3526308e-05
2.3296547e-05
2.3059247e-05
2.2814417e-05
2.2562091e-05
2.230232e-05
2.2035181e-05
2.1760773e-05
2.1479215e-05
2.1190652e-05
2.089525e-05
2.0593199e-05
2.028471e-05
1.9970016e-05
1.9649373e-05
1.9323055e-05
1.8991358e-05
1.8654597e-05
1.8313104e-05
1.7967225e-05
1.7617334e-05
1.7263767e-05
1.6907103e-05
1.6546905e-05
1.6187312e-05
1.5812106e-05
1.5495832e-05
1.4909684e-05
2.7435727e-05
2.7436301e-05
2.7436936e-05
2.7437646e-05
2.7438358e-05
2.7438989e-05
2.7439448e-05
2.7439637e-05
2.7439464e-05
2.7438842e-05
2.7437698e-05
2.7435964e-05
2.7433582e-05
2.7430498e-05
2.7426666e-05
2.7422041e-05
2.7416582e-05
2.7410247e-05
2.7402997e-05
2.739479e-05
2.7385582e-05
2.7375329e-05
2.7363984e-05
2.7351495e-05
2.7337809e-05
2.7322867e-05
2.7306607e-05
2.7288962e-05
2.7269862e-05
2.7249229e-05
2.7226982e-05
2.7203036e-05
2.7177299e-05
2.7149675e-05
2.7120064e-05
2.7088358e-05
2.7054447e-05
2.7018216e-05
2.6979545e-05
2.6938311e-05
2.6894383e-05
2.6847631e-05
2.6797916e-05
2.6745099e-05
2.6689036e-05
2.6629579e-05
2.6566576e-05
2.6499875e-05
2.6429319e-05
2.635475e-05
2.6276009e-05
2.6192934e-05
2.6105365e-05
2.601314e-05
2.5916096e-05
2.5814072e-05
2.5706903e-05
2.5594427e-05
2.5476477e-05
2.535289e-05
2.5223498e-05
2.5088138e-05
2.4946647e-05
2.4798869e-05
2.4644651e-05
2.4483848e-05
2.4316321e-05
2.4141942e-05
2.3960593e-05
2.3772168e-05
2.3576575e-05
2.3373735e-05
2.3163589e-05
2.2946089e-05
2.2721209e-05
2.2488941e-05
2.2249296e-05
2.2002307e-05
2.1748028e-05
2.1486533e-05
2.121792e-05
2.0942309e-05
2.0659842e-05
2.0370684e-05
2.0075022e-05
1.9773066e-05
1.9465044e-05
1.9151209e-05
1.8831833e-05
1.8507207e-05
1.8177641e-05
1.7843461e-05
1.7505018e-05
1.7162632e-05
1.6816858e-05
1.6467261e-05
1.6117884e-05
1.5752862e-05
1.5445047e-05
1.4873341e-05
2.6765817e-05
2.6766687e-05
2.6767596e-05
2.6768568e-05
2.6769546e-05
2.6770456e-05
2.677122e-05
2.677175e-05
2.6771958e-05
2.6771766e-05
2.6771104e-05
2.6769907e-05
2.676812e-05
2.6765692e-05
2.6762577e-05
2.6758732e-05
2.6754118e-05
2.6748694e-05
2.6742422e-05
2.6735263e-05
2.6727176e-05
2.6718119e-05
2.6708048e-05
2.6696916e-05
2.6684673e-05
2.6671267e-05
2.6656639e-05
2.664073e-05
2.6623474e-05
2.6604802e-05
2.6584639e-05
2.6562907e-05
2.6539522e-05
2.6514396e-05
2.6487434e-05
2.6458539e-05
2.6427608e-05
2.6394532e-05
2.63592e-05
2.6321494e-05
2.6281293e-05
2.6238471e-05
2.6192898e-05
2.614444e-05
2.6092958e-05
2.603831e-05
2.598035e-05
2.5918931e-05
2.5853898e-05
2.5785098e-05
2.5712373e-05
2.5635565e-05
2.5554513e-05
2.5469056e-05
2.5379034e-05
2.5284284e-05
2.5184647e-05
2.507996e-05
2.4970064e-05
2.4854796e-05
2.4733996e-05
2.4607501e-05
2.4475152e-05
2.433679e-05
2.4192261e-05
2.4041417e-05
2.3884115e-05
2.372022e-05
2.3549607e-05
2.3372159e-05
2.3187774e-05
2.2996362e-05
2.2797847e-05
2.259217e-05
2.2379287e-05
2.2159173e-05
2.1931819e-05
2.1697239e-05
2.1455465e-05
2.1206551e-05
2.0950573e-05
2.0687627e-05
2.0417831e-05
2.0141327e-05
1.9858278e-05
1.9568869e-05
1.9273305e-05
1.8971814e-05
1.8664645e-05
1.8352066e-05
1.8034364e-05
1.7711843e-05
1.7384835e-05
1.7053638e-05
1.6718785e-05
1.6379843e-05
1.6040753e-05
1.5686015e-05
1.5386746e-05
1.4829702e-05
2.6112074e-05
2.6113211e-05
2.6114368e-05
2.6115577e-05
2.6116794e-05
2.6117955e-05
2.611899e-05
2.611982e-05
2.6120367e-05
2.6120557e-05
2.6120323e-05
2.6119607e-05
2.6118352e-05
2.6116512e-05
2.6114042e-05
2.6110901e-05
2.6107051e-05
2.6102453e-05
2.609707e-05
2.6090865e-05
2.6083799e-05
2.6075834e-05
2.6066927e-05
2.6057035e-05
2.6046113e-05
2.6034111e-05
2.6020976e-05
2.6006654e-05
2.5991084e-05
2.5974204e-05
2.5955945e-05
2.5936235e-05
2.5914997e-05
2.5892151e-05
2.5867609e-05
2.5841282e-05
2.5813073e-05
2.5782883e-05
2.5750605e-05
2.5716131e-05
2.5679347e-05
2.5640133e-05
2.5598366e-05
2.555392e-05
2.5506661e-05
2.5456455e-05
2.5403161e-05
2.5346636e-05
2.5286733e-05
2.5223302e-05
2.5156189e-05
2.5085238e-05
2.5010292e-05
2.4931192e-05
2.4847777e-05
2.4759887e-05
2.4667361e-05
2.457004e-05
2.4467763e-05
2.4360373e-05
2.4247711e-05
2.4129619e-05
2.400594e-05
2.3876517e-05
2.3741197e-05
2.3599829e-05
2.3452268e-05
2.3298374e-05
2.3138015e-05
2.2971068e-05
2.2797421e-05
2.2616973e-05
2.2429638e-05
2.2235341e-05
2.2034025e-05
2.1825647e-05
2.1610184e-05
2.1387629e-05
2.1157995e-05
2.0921317e-05
2.0677647e-05
2.042706e-05
2.0169654e-05
1.9905545e-05
1.9634873e-05
1.9357799e-05
1.9074507e-05
1.8785199e-05
1.84901e-05
1.8189456e-05
1.7883532e-05
1.7572608e-05
1.7256995e-05
1.6936972e-05
1.6613049e-05
1.6284791e-05
1.5956039e-05
1.5611662e-05
1.5321009e-05
1.4778815e-05
2.5474197e-05
2.5475575e-05
2.5476957e-05
2.5478381e-05
2.5479811e-05
2.5481195e-05
2.5482472e-05
2.5483569e-05
2.5484415e-05
2.5484943e-05
2.5485091e-05
2.5484801e-05
2.5484023e-05
2.548271e-05
2.5480819e-05
2.5478312e-05
2.5475151e-05
2.5471299e-05
2.5466723e-05
2.5461385e-05
2.5455249e-05
2.5448279e-05
2.5440434e-05
2.5431676e-05
2.542196e-05
2.5411242e-05
2.5399474e-05
2.5386603e-05
2.5372576e-05
2.5357334e-05
2.5340816e-05
2.5322954e-05
2.5303679e-05
2.5282916e-05
2.5260586e-05
2.5236606e-05
2.5210885e-05
2.5183333e-05
2.515385e-05
2.5122336e-05
2.5088682e-05
2.5052777e-05
2.5014506e-05
2.4973748e-05
2.4930377e-05
2.4884265e-05
2.4835279e-05
2.4783281e-05
2.4728129e-05
2.466968e-05
2.4607784e-05
2.4542291e-05
2.4473046e-05
2.4399894e-05
2.4322676e-05
2.4241233e-05
2.4155405e-05
2.4065032e-05
2.3969957e-05
2.3870019e-05
2.3765063e-05
2.3654932e-05
2.3539472e-05
2.341853e-05
2.3291952e-05
2.3159589e-05
2.3021295e-05
2.2876927e-05
2.2726349e-05
2.2569432e-05
2.2406056e-05
2.2236112e-05
2.2059502e-05
2.1876141e-05
2.1685957e-05
2.1488894e-05
2.1284913e-05
2.1073989e-05
2.0856119e-05
2.0631317e-05
2.0399615e-05
2.0161069e-05
1.9915752e-05
1.9663761e-05
1.9405211e-05
1.9140243e-05
1.8869014e-05
1.8591705e-05
1.8308518e-05
1.8019675e-05
1.7725418e-05
1.7426006e-05
1.7121727e-05
1.681284e-05
1.6499831e-05
1.6182266e-05
1.5863879e-05
1.5529917e-05
1.5247931e-05
1.4720744e-05
2.4851879e-05
2.4853474e-05
2.4855061e-05
2.4856678e-05
2.48583e-05
2.4859884e-05
2.4861374e-05
2.4862707e-05
2.4863819e-05
2.4864647e-05
2.4865132e-05
2.4865222e-05
2.4864868e-05
2.4864026e-05
2.4862655e-05
2.4860717e-05
2.4858177e-05
2.4855001e-05
2.4851154e-05
2.4846602e-05
2.4841311e-05
2.4835246e-05
2.4828371e-05
2.4820647e-05
2.4812033e-05
2.4802489e-05
2.479197e-05
2.4780427e-05
2.4767811e-05
2.4754069e-05
2.4739143e-05
2.4722972e-05
2.4705492e-05
2.4686635e-05
2.4666328e-05
2.4644493e-05
2.4621048e-05
2.4595909e-05
2.4568985e-05
2.4540179e-05
2.4509393e-05
2.4476523e-05
2.4441459e-05
2.4404088e-05
2.4364293e-05
2.432195e-05
2.4276935e-05
2.4229115e-05
2.4178356e-05
2.412452e-05
2.4067464e-05
2.4007041e-05
2.3943103e-05
2.3875499e-05
2.3804072e-05
2.3728667e-05
2.3649127e-05
2.3565292e-05
2.3477003e-05
2.3384104e-05
2.3286435e-05
2.3183842e-05
2.3076171e-05
2.2963268e-05
2.2844985e-05
2.2721173e-05
2.2591686e-05
2.2456381e-05
2.231512e-05
2.2167768e-05
2.2014202e-05
2.1854303e-05
2.1687966e-05
2.1515095e-05
2.1335607e-05
2.1149433e-05
2.095652e-05
2.0756827e-05
2.0550335e-05
2.0337038e-05
2.0116953e-05
1.9890112e-05
1.9656571e-05
1.9416404e-05
1.9169706e-05
1.8916592e-05
1.86572e-05
1.8391687e-05
1.8120232e-05
1.7843033e-05
1.7560311e-05
1.7272303e-05
1.6979274e-05
1.6681464e-05
1.6379331e-05
1.6072443e-05
1.5764428e-05
1.5440914e-05
1.5167628e-05
1.4655573e-05
2.4244811e-05
2.4246603e-05
2.4248374e-05
2.4250165e-05
2.425196e-05
2.4253721e-05
2.42554e-05
2.4256943e-05
2.4258288e-05
2.4259381e-05
2.4260166e-05
2.4260593e-05
2.4260617e-05
2.4260195e-05
2.4259288e-05
2.4257862e-05
2.4255881e-05
2.4253313e-05
2.4250126e-05
2.4246286e-05
2.4241762e-05
2.423652e-05
2.4230527e-05
2.4223745e-05
2.4216138e-05
2.4207666e-05
2.4198288e-05
2.418796e-05
2.4176636e-05
2.4164265e-05
2.4150797e-05
2.4136174e-05
2.4120337e-05
2.4103223e-05
2.4084766e-05
2.4064895e-05
2.4043534e-05
2.4020603e-05
2.399602e-05
2.3969695e-05
2.3941537e-05
2.3911448e-05
2.3879326e-05
2.3845065e-05
2.3808554e-05
2.3769679e-05
2.372832e-05
2.3684352e-05
2.3637649e-05
2.3588076e-05
2.35355e-05
2.3479778e-05
2.3420769e-05
2.3358324e-05
2.3292295e-05
2.3222528e-05
2.314887e-05
2.3071164e-05
2.2989254e-05
2.290298e-05
2.2812187e-05
2.2716718e-05
2.2616419e-05
2.2511135e-05
2.2400719e-05
2.2285022e-05
2.2163898e-05
2.2037207e-05
2.1904809e-05
2.1766569e-05
2.1622357e-05
2.1472051e-05
2.1315538e-05
2.1152714e-05
2.0983486e-05
2.0807773e-05
2.062551e-05
2.0436642e-05
2.0241134e-05
2.0038965e-05
1.9830133e-05
1.9614653e-05
1.9392561e-05
1.916391e-05
1.8928774e-05
1.8687248e-05
1.8439448e-05
1.8185508e-05
1.7925585e-05
1.7659855e-05
1.7388515e-05
1.7111781e-05
1.6829896e-05
1.6543079e-05
1.6251764e-05
1.5955517e-05
1.5657858e-05
1.5344801e-05
1.508023e-05
1.4583399e-05
2.3652682e-05
2.365465e-05
2.3656587e-05
2.3658536e-05
2.3660485e-05
2.3662404e-05
2.3664251e-05
2.3665978e-05
2.366753e-05
2.3668856e-05
2.3669905e-05
2.3670632e-05
2.3670991e-05
2.3670944e-05
2.3670453e-05
2.3669485e-05
2.3668006e-05
2.3665986e-05
2.3663394e-05
2.3660198e-05
2.3656369e-05
2.3651874e-05
2.3646682e-05
2.3640758e-05
2.3634068e-05
2.3626575e-05
2.361824e-05
2.3609022e-05
2.3598879e-05
2.3587764e-05
2.3575629e-05
2.3562423e-05
2.354809e-05
2.3532574e-05
2.3515811e-05
2.3497737e-05
2.3478283e-05
2.3457375e-05
2.3434935e-05
2.3410883e-05
2.3385133e-05
2.3357593e-05
2.3328169e-05
2.3296762e-05
2.3263269e-05
2.3227581e-05
2.3189585e-05
2.3149166e-05
2.3106201e-05
2.3060565e-05
2.3012128e-05
2.2960758e-05
2.2906316e-05
2.2848661e-05
2.278765e-05
2.2723135e-05
2.2654965e-05
2.2582988e-05
2.2507051e-05
2.2426997e-05
2.234267e-05
2.2253916e-05
2.2160578e-05
2.2062502e-05
2.1959538e-05
2.1851536e-05
2.1738352e-05
2.1619844e-05
2.1495871e-05
2.13663e-05
2.1230998e-05
2.1089841e-05
2.0942709e-05
2.0789491e-05
2.0630089e-05
2.046441e-05
2.0292377e-05
2.0113925e-05
1.9929003e-05
1.9737577e-05
1.9539627e-05
1.9335152e-05
1.9124169e-05
1.8906713e-05
1.8682838e-05
1.8452618e-05
1.8216148e-05
1.797354e-05
1.7724931e-05
1.7470474e-05
1.7210344e-05
1.6944734e-05
1.6673866e-05
1.6397938e-05
1.611736e-05
1.5831696e-05
1.5544356e-05
1.5241745e-05
1.4985884e-05
1.4504338e-05
2.3075176e-05
2.3077303e-05
2.3079391e-05
2.3081481e-05
2.3083568e-05
2.3085627e-05
2.3087623e-05
2.3089512e-05
2.3091246e-05
2.3092778e-05
2.3094061e-05
2.3095051e-05
2.3095709e-05
2.3095995e-05
2.3095875e-05
2.3095317e-05
2.3094289e-05
2.3092761e-05
2.3090705e-05
2.3088091e-05
2.308489e-05
2.3081073e-05
2.3076608e-05
2.3071465e-05
2.306561e-05
2.3059009e-05
2.3051626e-05
2.3043422e-05
2.3034359e-05
2.3024392e-05
2.3013478e-05
2.3001568e-05
2.2988613e-05
2.2974558e-05
2.2959347e-05
2.294292e-05
2.2925213e-05
2.2906157e-05
2.2885682e-05
2.2863713e-05
2.2840168e-05
2.2814966e-05
2.2788017e-05
2.2759229e-05
2.2728506e-05
2.2695746e-05
2.2660844e-05
2.2623689e-05
2.2584168e-05
2.2542162e-05
2.2497548e-05
2.24502e-05
2.2399985e-05
2.2346769e-05
2.2290415e-05
2.2230779e-05
2.2167718e-05
2.2101084e-05
2.2030725e-05
2.1956491e-05
2.1878228e-05
2.1795782e-05
2.1708998e-05
2.1617723e-05
2.1521803e-05
2.1421089e-05
2.1315433e-05
2.1204692e-05
2.1088725e-05
2.0967397e-05
2.0840575e-05
2.0708132e-05
2.0569946e-05
2.0425903e-05
2.0275895e-05
2.0119824e-05
1.9957602e-05
1.9789155e-05
1.9614418e-05
1.9433344e-05
1.9245899e-05
1.9052065e-05
1.8851843e-05
1.864525e-05
1.8432321e-05
1.8213111e-05
1.7987694e-05
1.7756163e-05
1.7518632e-05
1.7275233e-05
1.7026121e-05
1.6771466e-05
1.6511468e-05
1.6246306e-05
1.5976362e-05
1.5701202e-05
1.5424125e-05
1.5131925e-05
1.4884753e-05
1.441852e-05
2.251198e-05
2.251425e-05
2.2516471e-05
2.2518689e-05
2.25209e-05
2.2523084e-05
2.2525211e-05
2.2527243e-05
2.2529137e-05
2.253085e-05
2.2532338e-05
2.2533562e-05
2.2534483e-05
2.2535065e-05
2.2535276e-05
2.2535084e-05
2.253446e-05
2.2533375e-05
2.2531801e-05
2.2529712e-05
2.2527079e-05
2.2523874e-05
2.252007e-05
2.2515635e-05
2.2510539e-05
2.2504751e-05
2.2498235e-05
2.2490958e-05
2.248288e-05
2.2473964e-05
2.2464166e-05
2.2453443e-05
2.2441749e-05
2.2429033e-05
2.2415244e-05
2.2400325e-05
2.2384218e-05
2.236686e-05
2.2348186e-05
2.2328125e-05
2.2306603e-05
2.2283544e-05
2.2258865e-05
2.2232481e-05
2.2204301e-05
2.2174231e-05
2.2142172e-05
2.2108021e-05
2.2071671e-05
2.203301e-05
2.1991921e-05
2.1948286e-05
2.1901978e-05
2.1852871e-05
2.1800832e-05
2.1745724e-05
2.168741e-05
2.1625746e-05
2.1560587e-05
2.1491786e-05
2.1419193e-05
2.1342657e-05
2.1262025e-05
2.1177145e-05
2.1087865e-05
2.0994034e-05
2.0895502e-05
2.0792123e-05
2.0683756e-05
2.057026e-05
2.0451503e-05
2.0327356e-05
2.0197694e-05
2.0062401e-05
1.9921364e-05
1.977448e-05
1.9621653e-05
1.94628e-05
1.9297845e-05
1.912673e-05
1.8949407e-05
1.8765845e-05
1.8576028e-05
1.8379956e-05
1.8177647e-05
1.7969139e-05
1.7754485e-05
1.753376e-05
1.7307056e-05
1.7074485e-05
1.6836181e-05
1.6592293e-05
1.6343e-05
1.6088459e-05
1.5829028e-05
1.5564272e-05
1.5297379e-05
1.5015538e-05
1.4777015e-05
1.4326092e-05
2.1962778e-05
2.1965174e-05
2.1967517e-05
2.1969849e-05
2.197217e-05
2.1974465e-05
2.1976708e-05
2.1978866e-05
2.19809e-05
2.1982771e-05
2.198444e-05
2.198587e-05
2.1987024e-05
2.1987869e-05
2.1988374e-05
2.1988508e-05
2.1988245e-05
2.1987557e-05
2.1986417e-05
2.19848e-05
2.198268e-05
2.198003e-05
2.1976823e-05
2.1973031e-05
2.1968626e-05
2.1963576e-05
2.1957851e-05
2.1951418e-05
2.194424e-05
2.1936283e-05
2.1927506e-05
2.191787e-05
2.1907329e-05
2.189584e-05
2.1883353e-05
2.1869816e-05
2.1855176e-05
2.1839374e-05
2.182235e-05
2.1804038e-05
2.1784372e-05
2.1763279e-05
2.1740683e-05
2.1716504e-05
2.1690659e-05
2.166306e-05
2.1633614e-05
2.1602225e-05
2.1568793e-05
2.1533212e-05
2.1495373e-05
2.1455163e-05
2.1412464e-05
2.1367154e-05
2.1319109e-05
2.1268197e-05
2.1214286e-05
2.115724e-05
2.1096918e-05
2.1033179e-05
2.0965876e-05
2.0894864e-05
2.0819991e-05
2.074111e-05
2.065807e-05
2.0570719e-05
2.0478909e-05
2.0382492e-05
2.0281323e-05
2.017526e-05
2.0064167e-05
1.9947911e-05
1.9826366e-05
1.9699411e-05
1.9566932e-05
1.9428821e-05
1.9284978e-05
1.9135311e-05
1.8979738e-05
1.8818188e-05
1.8650602e-05
1.8476937e-05
1.8297162e-05
1.8111262e-05
1.791924e-05
1.7721114e-05
1.7516922e-05
1.7306718e-05
1.7090575e-05
1.6868587e-05
1.6640865e-05
1.6407539e-05
1.6168766e-05
1.5924684e-05
1.5675626e-05
1.5421156e-05
1.516435e-05
1.4892792e-05
1.4662864e-05
1.4227214e-05
2.1427253e-05
2.1429763e-05
2.1432215e-05
2.1434648e-05
2.1437068e-05
2.1439462e-05
2.1441807e-05
2.1444075e-05
2.1446232e-05
2.1448242e-05
2.145007e-05
2.145168e-05
2.145304e-05
2.1454117e-05
2.1454883e-05
2.1455309e-05
2.1455368e-05
2.1455035e-05
2.1454285e-05
2.1453093e-05
2.1451435e-05
2.1449286e-05
2.144662e-05
2.1443411e-05
2.1439631e-05
2.1435254e-05
2.1430248e-05
2.1424583e-05
2.1418227e-05
2.1411145e-05
2.1403301e-05
2.1394658e-05
2.1385173e-05
2.1374806e-05
2.1363512e-05
2.1351241e-05
2.1337945e-05
2.132357e-05
2.1308059e-05
2.1291352e-05
2.1273388e-05
2.1254098e-05
2.1233413e-05
2.1211259e-05
2.1187558e-05
2.1162228e-05
2.1135183e-05
2.1106334e-05
2.1075585e-05
2.104284e-05
2.1007995e-05
2.0970943e-05
2.0931574e-05
2.0889772e-05
2.0845418e-05
2.079839e-05
2.074856e-05
2.0695798e-05
2.0639969e-05
2.0580938e-05
2.0518563e-05
2.0452702e-05
2.0383211e-05
2.0309943e-05
2.023275e-05
2.0151485e-05
2.0065999e-05
1.9976144e-05
1.9881776e-05
1.9782749e-05
1.9678924e-05
1.9570165e-05
1.9456342e-05
1.9337328e-05
1.9213007e-05
1.9083268e-05
1.8948006e-05
1.8807124e-05
1.8660533e-05
1.8508155e-05
1.8349922e-05
1.8185777e-05
1.8015677e-05
1.7839595e-05
1.7657517e-05
1.7469447e-05
1.7275404e-05
1.7075426e-05
1.6869567e-05
1.6657901e-05
1.6440521e-05
1.6217536e-05
1.5989083e-05
1.575528e-05
1.5516436e-05
1.5272113e-05
1.502528e-05
1.4763908e-05
1.4542506e-05
1.412206e-05
2.0905092e-05
2.0907703e-05
2.0910251e-05
2.0912777e-05
2.0915284e-05
2.0917765e-05
2.09202e-05
2.0922565e-05
2.0924829e-05
2.092696e-05
2.0928926e-05
2.0930696e-05
2.0932236e-05
2.0933519e-05
2.0934516e-05
2.0935201e-05
2.0935548e-05
2.0935533e-05
2.0935132e-05
2.0934322e-05
2.093308e-05
2.0931383e-05
2.0929206e-05
2.0926524e-05
2.0923312e-05
2.0919545e-05
2.0915193e-05
2.0910228e-05
2.090462e-05
2.0898337e-05
2.0891345e-05
2.0883609e-05
2.087509e-05
2.0865751e-05
2.0855548e-05
2.0844437e-05
2.0832373e-05
2.0819305e-05
2.0805182e-05
2.0789947e-05
2.0773543e-05
2.0755908e-05
2.0736977e-05
2.0716682e-05
2.0694949e-05
2.0671704e-05
2.0646865e-05
2.062035e-05
2.0592071e-05
2.0561935e-05
2.0529846e-05
2.0495705e-05
2.0459406e-05
2.0420842e-05
2.0379899e-05
2.0336462e-05
2.0290409e-05
2.0241617e-05
2.0189957e-05
2.0135298e-05
2.0077506e-05
2.0016444e-05
1.995197e-05
1.9883944e-05
1.9812222e-05
1.9736658e-05
1.9657107e-05
1.9573422e-05
1.9485459e-05
1.9393073e-05
1.9296123e-05
1.9194469e-05
1.9087977e-05
1.8976518e-05
1.8859968e-05
1.8738211e-05
1.8611139e-05
1.847865e-05
1.8340651e-05
1.8197057e-05
1.8047792e-05
1.789279e-05
1.7731997e-05
1.7565374e-05
1.7392894e-05
1.7214544e-05
1.703033e-05
1.6840272e-05
1.6644407e-05
1.6442792e-05
1.6235499e-05
1.602262e-05
1.5804271e-05
1.5580552e-05
1.5351746e-05
1.5117416e-05
1.488042e-05
1.4629121e-05
1.4416159e-05
1.4010816e-05
2.039598e-05
2.0398682e-05
2.0401316e-05
2.0403923e-05
2.0406509e-05
2.0409066e-05
2.041158e-05
2.0414029e-05
2.0416386e-05
2.0418624e-05
2.0420711e-05
2.0422619e-05
2.0424319e-05
2.0425783e-05
2.0426984e-05
2.0427898e-05
2.0428502e-05
2.042877e-05
2.0428683e-05
2.0428216e-05
2.0427349e-05
2.0426058e-05
2.0424322e-05
2.0422118e-05
2.0419421e-05
2.0416206e-05
2.0412449e-05
2.0408121e-05
2.0403194e-05
2.0397639e-05
2.0391424e-05
2.0384516e-05
2.0376881e-05
2.0368481e-05
2.0359277e-05
2.0349229e-05
2.0338293e-05
2.0326424e-05
2.0313572e-05
2.0299687e-05
2.0284715e-05
2.0268599e-05
2.0251278e-05
2.0232689e-05
2.0212764e-05
2.0191433e-05
2.0168623e-05
2.0144254e-05
2.0118245e-05
2.009051e-05
2.0060959e-05
2.0029498e-05
1.999603e-05
1.9960453e-05
1.9922659e-05
1.988254e-05
1.9839981e-05
1.9794863e-05
1.9747067e-05
1.9696465e-05
1.964293e-05
1.958633e-05
1.9526529e-05
1.9463391e-05
1.9396776e-05
1.9326543e-05
1.925255e-05
1.9174652e-05
1.9092708e-05
1.9006573e-05
1.8916106e-05
1.8821167e-05
1.8721618e-05
1.8617327e-05
1.8508166e-05
1.8394012e-05
1.8274751e-05
1.8150276e-05
1.8020488e-05
1.7885297e-05
1.7744621e-05
1.7598388e-05
1.7446534e-05
1.728901e-05
1.7125776e-05
1.6956808e-05
1.6782095e-05
1.6601644e-05
1.6415475e-05
1.6223627e-05
1.6026156e-05
1.5823134e-05
1.5614658e-05
1.5400811e-05
1.5181852e-05
1.4957343e-05
1.4730034e-05
1.4488675e-05
1.4284052e-05
1.3893682e-05
1.9899606e-05
1.9902387e-05
1.9905099e-05
1.9907778e-05
1.9910433e-05
1.9913058e-05
1.9915641e-05
1.9918164e-05
1.9920602e-05
1.9922931e-05
1.9925124e-05
1.9927153e-05
1.9928992e-05
1.9930615e-05
1.9931997e-05
1.9933115e-05
1.9933946e-05
1.9934468e-05
1.993466e-05
1.9934501e-05
1.993397e-05
1.9933046e-05
1.9931708e-05
1.9929935e-05
1.9927704e-05
1.9924991e-05
1.9921772e-05
1.9918023e-05
1.9913717e-05
1.9908825e-05
1.9903318e-05
1.9897167e-05
1.9890338e-05
1.9882796e-05
1.9874507e-05
1.9865431e-05
1.9855529e-05
1.9844758e-05
1.9833072e-05
1.9820426e-05
1.9806767e-05
1.9792044e-05
1.9776201e-05
1.9759179e-05
1.9740914e-05
1.9721343e-05
1.9700395e-05
1.9677999e-05
1.9654078e-05
1.9628552e-05
1.9601337e-05
1.9572345e-05
1.9541485e-05
1.9508661e-05
1.9473774e-05
1.9436719e-05
1.9397388e-05
1.9355671e-05
1.9311451e-05
1.926461e-05
1.9215025e-05
1.9162569e-05
1.9107114e-05
1.9048527e-05
1.8986674e-05
1.8921418e-05
1.8852621e-05
1.8780142e-05
1.8703841e-05
1.8623577e-05
1.853921e-05
1.8450599e-05
1.8357607e-05
1.8260099e-05
1.8157944e-05
1.8051014e-05
1.793919e-05
1.7822358e-05
1.7700411e-05
1.7573254e-05
1.7440799e-05
1.7302966e-05
1.7159687e-05
1.7010902e-05
1.6856562e-05
1.6696633e-05
1.653109e-05
1.6359925e-05
1.6183145e-05
1.6000772e-05
1.5812846e-05
1.561942e-05
1.5420576e-05
1.5216376e-05
1.5007057e-05
1.4792182e-05
1.4574393e-05
1.4342823e-05
1.4146421e-05
1.3770871e-05
1.941566e-05
1.9418511e-05
1.942129e-05
1.9424034e-05
1.942675e-05
1.9429435e-05
1.9432078e-05
1.9434664e-05
1.9437173e-05
1.9439582e-05
1.9441866e-05
1.9444e-05
1.9445961e-05
1.9447723e-05
1.9449265e-05
1.9450563e-05
1.9451596e-05
1.9452343e-05
1.9452785e-05
1.9452901e-05
1.9452672e-05
1.9452078e-05
1.94511e-05
1.9449716e-05
1.9447905e-05
1.9445647e-05
1.9442917e-05
1.9439694e-05
1.9435951e-05
1.9431663e-05
1.9426802e-05
1.942134e-05
1.9415247e-05
1.940849e-05
1.9401037e-05
1.9392851e-05
1.9383895e-05
1.937413e-05
1.9363513e-05
1.9352002e-05
1.9339549e-05
1.9326104e-05
1.9311618e-05
1.9296033e-05
1.9279294e-05
1.9261339e-05
1.9242103e-05
1.9221521e-05
1.9199519e-05
1.9176025e-05
1.915096e-05
1.9124242e-05
1.9095785e-05
1.9065499e-05
1.9033292e-05
1.8999065e-05
1.8962717e-05
1.8924142e-05
1.8883232e-05
1.8839873e-05
1.8793949e-05
1.874534e-05
1.8693921e-05
1.8639567e-05
1.8582148e-05
1.8521533e-05
1.8457586e-05
1.8390172e-05
1.8319154e-05
1.8244394e-05
1.8165753e-05
1.8083094e-05
1.7996278e-05
1.7905172e-05
1.7809641e-05
1.7709557e-05
1.7604795e-05
1.7495235e-05
1.7380765e-05
1.726128e-05
1.7136686e-05
1.7006896e-05
1.6871833e-05
1.6731433e-05
1.6585638e-05
1.6434403e-05
1.6277695e-05
1.6115493e-05
1.5947789e-05
1.5774592e-05
1.5595925e-05
1.5411826e-05
1.5222358e-05
1.5027568e-05
1.4827669e-05
1.4622226e-05
1.4413775e-05
1.4191829e-05
1.4003516e-05
1.3642605e-05
1.8943833e-05
1.8946746e-05
1.8949585e-05
1.8952385e-05
1.8955155e-05
1.8957892e-05
1.8960588e-05
1.896323e-05
1.8965799e-05
1.8968277e-05
1.8970639e-05
1.8972865e-05
1.8974932e-05
1.8976816e-05
1.8978497e-05
1.8979954e-05
1.8981166e-05
1.8982114e-05
1.8982778e-05
1.898314e-05
1.8983182e-05
1.8982885e-05
1.8982229e-05
1.8981197e-05
1.8979767e-05
1.8977919e-05
1.8975633e-05
1.8972887e-05
1.8969656e-05
1.8965917e-05
1.8961644e-05
1.8956811e-05
1.895139e-05
1.894535e-05
1.893866e-05
1.8931288e-05
1.8923198e-05
1.8914354e-05
1.8904717e-05
1.8894246e-05
1.8882898e-05
1.8870627e-05
1.8857386e-05
1.8843122e-05
1.8827783e-05
1.8811313e-05
1.8793651e-05
1.8774735e-05
1.87545e-05
1.8732875e-05
1.8709788e-05
1.8685163e-05
1.8658919e-05
1.8630973e-05
1.8601236e-05
1.8569618e-05
1.8536023e-05
1.8500353e-05
1.8462502e-05
1.8422366e-05
1.8379834e-05
1.833479e-05
1.8287118e-05
1.8236696e-05
1.8183401e-05
1.8127106e-05
1.8067682e-05
1.8004996e-05
1.7938916e-05
1.7869307e-05
1.7796034e-05
1.7718961e-05
1.7637953e-05
1.7552874e-05
1.7463592e-05
1.7369977e-05
1.7271901e-05
1.7169242e-05
1.7061882e-05
1.6949709e-05
1.6832621e-05
1.6710523e-05
1.6583329e-05
1.6450968e-05
1.6313373e-05
1.6170493e-05
1.6022286e-05
1.5868719e-05
1.5709775e-05
1.5545447e-05
1.5375746e-05
1.5200695e-05
1.5020339e-05
1.483471e-05
1.4644e-05
1.4447775e-05
1.4248467e-05
1.4035961e-05
1.3855591e-05
1.3509113e-05
1.8483821e-05
1.8486788e-05
1.848968e-05
1.849253e-05
1.8495346e-05
1.8498129e-05
1.8500871e-05
1.850356e-05
1.8506182e-05
1.8508718e-05
1.8511148e-05
1.8513453e-05
1.8515612e-05
1.8517602e-05
1.8519406e-05
1.8521002e-05
1.8522372e-05
1.8523498e-05
1.852436e-05
1.8524942e-05
1.8525227e-05
1.8525195e-05
1.8524831e-05
1.8524114e-05
1.8523028e-05
1.8521553e-05
1.8519668e-05
1.8517354e-05
1.8514588e-05
1.8511348e-05
1.8507611e-05
1.8503351e-05
1.8498542e-05
1.8493156e-05
1.8487164e-05
1.8480536e-05
1.8473238e-05
1.8465238e-05
1.8456498e-05
1.844698e-05
1.8436646e-05
1.8425451e-05
1.8413352e-05
1.8400301e-05
1.8386248e-05
1.8371142e-05
1.8354926e-05
1.8337543e-05
1.8318931e-05
1.8299026e-05
1.8277759e-05
1.8255061e-05
1.8230855e-05
1.8205064e-05
1.8177606e-05
1.8148394e-05
1.8117341e-05
1.8084351e-05
1.8049329e-05
1.8012173e-05
1.7972779e-05
1.7931039e-05
1.7886841e-05
1.7840069e-05
1.7790606e-05
1.773833e-05
1.7683116e-05
1.7624838e-05
1.7563368e-05
1.7498574e-05
1.7430325e-05
1.7358487e-05
1.7282929e-05
1.7203516e-05
1.7120117e-05
1.7032602e-05
1.6940842e-05
1.6844713e-05
1.6744094e-05
1.663887e-05
1.652893e-05
1.6414174e-05
1.6294506e-05
1.6169844e-05
1.6040115e-05
1.5905257e-05
1.5765219e-05
1.5619963e-05
1.546946e-05
1.5313693e-05
1.515266e-05
1.498637e-05
1.4814854e-05
1.4638129e-05
1.4456364e-05
1.426913e-05
1.4078756e-05
1.3875496e-05
1.370291e-05
1.3370635e-05
1.803532e-05
1.8038335e-05
1.8041273e-05
1.8044166e-05
1.8047024e-05
1.8049846e-05
1.8052627e-05
1.8055357e-05
1.8058023e-05
1.8060609e-05
1.8063098e-05
1.8065471e-05
1.8067709e-05
1.8069792e-05
1.8071702e-05
1.8073421e-05
1.807493e-05
1.8076213e-05
1.8077252e-05
1.807803e-05
1.8078531e-05
1.8078738e-05
1.8078634e-05
1.8078203e-05
1.8077427e-05
1.8076287e-05
1.8074766e-05
1.8072844e-05
1.80705e-05
1.8067714e-05
1.8064464e-05
1.8060725e-05
1.8056474e-05
1.8051685e-05
1.804633e-05
1.8040382e-05
1.8033809e-05
1.802658e-05
1.8018662e-05
1.8010018e-05
1.8000612e-05
1.7990405e-05
1.7979354e-05
1.7967416e-05
1.7954545e-05
1.7940692e-05
1.7925805e-05
1.790983e-05
1.7892711e-05
1.7874388e-05
1.7854796e-05
1.7833871e-05
1.7811542e-05
1.7787737e-05
1.7762378e-05
1.7735386e-05
1.7706676e-05
1.7676162e-05
1.7643752e-05
1.7609351e-05
1.7572861e-05
1.7534179e-05
1.74932e-05
1.7449813e-05
1.7403907e-05
1.7355365e-05
1.7304069e-05
1.7249896e-05
1.7192723e-05
1.7132424e-05
1.706887e-05
1.7001932e-05
1.6931481e-05
1.6857386e-05
1.6779516e-05
1.6697742e-05
1.6611937e-05
1.6521974e-05
1.6427732e-05
1.6329093e-05
1.6225942e-05
1.6118172e-05
1.6005683e-05
1.5888382e-05
1.5766187e-05
1.5639024e-05
1.5506835e-05
1.536957e-05
1.5227192e-05
1.5079677e-05
1.4927011e-05
1.4769192e-05
1.4606236e-05
1.4438148e-05
1.4265077e-05
1.4086598e-05
1.3904937e-05
1.3710714e-05
1.3545743e-05
1.3227417e-05
1.7598033e-05
1.7601089e-05
1.7604066e-05
1.7606997e-05
1.7609891e-05
1.7612747e-05
1.7615561e-05
1.7618326e-05
1.762103e-05
1.7623659e-05
1.7626197e-05
1.7628628e-05
1.7630934e-05
1.7633097e-05
1.76351e-05
1.7636926e-05
1.7638558e-05
1.763998e-05
1.7641175e-05
1.7642127e-05
1.7642821e-05
1.7643242e-05
1.7643373e-05
1.7643198e-05
1.7642701e-05
1.7641865e-05
1.7640672e-05
1.7639105e-05
1.7637144e-05
1.763477e-05
1.7631962e-05
1.7628698e-05
1.7624955e-05
1.762071e-05
1.7615937e-05
1.761061e-05
1.7604699e-05
1.7598176e-05
1.759101e-05
1.7583167e-05
1.7574612e-05
1.756531e-05
1.7555221e-05
1.7544305e-05
1.7532518e-05
1.7519815e-05
1.750615e-05
1.749147e-05
1.7475724e-05
1.7458855e-05
1.7440805e-05
1.7421513e-05
1.7400912e-05
1.7378935e-05
1.7355511e-05
1.7330565e-05
1.7304018e-05
1.7275788e-05
1.724579e-05
1.7213935e-05
1.718013e-05
1.7144277e-05
1.7106278e-05
1.7066029e-05
1.7023422e-05
1.6978347e-05
1.6930691e-05
1.6880338e-05
1.6827168e-05
1.6771059e-05
1.6711888e-05
1.6649531e-05
1.6583859e-05
1.6514747e-05
1.6442065e-05
1.6365687e-05
1.6285485e-05
1.6201335e-05
1.6113114e-05
1.6020701e-05
1.5923982e-05
1.5822844e-05
1.5717182e-05
1.5606898e-05
1.5491901e-05
1.5372108e-05
1.5247448e-05
1.5117862e-05
1.4983302e-05
1.4843733e-05
1.4699134e-05
1.4549492e-05
1.4394814e-05
1.423509e-05
1.4070454e-05
1.3900482e-05
1.3727305e-05
1.3541899e-05
1.3384364e-05
1.3079713e-05
1.7171663e-05
1.7174754e-05
1.7177766e-05
1.7180729e-05
1.7183653e-05
1.7186538e-05
1.7189381e-05
1.7192175e-05
1.7194911e-05
1.7197575e-05
1.7200155e-05
1.7202635e-05
1.7204999e-05
1.7207232e-05
1.7209315e-05
1.7211235e-05
1.7212974e-05
1.7214518e-05
1.7215851e-05
1.7216958e-05
1.7217825e-05
1.7218436e-05
1.7218777e-05
1.7218833e-05
1.7218587e-05
1.7218025e-05
1.7217129e-05
1.7215883e-05
1.7214269e-05
1.7212269e-05
1.7209863e-05
1.7207031e-05
1.7203751e-05
1.7200002e-05
1.719576e-05
1.7190999e-05
1.7185693e-05
1.7179816e-05
1.7173338e-05
1.7166228e-05
1.7158453e-05
1.7149981e-05
1.7140774e-05
1.7130795e-05
1.7120004e-05
1.7108359e-05
1.7095815e-05
1.7082326e-05
1.7067842e-05
1.7052311e-05
1.7035679e-05
1.7017889e-05
1.6998879e-05
1.6978587e-05
1.6956946e-05
1.6933886e-05
1.6909333e-05
1.6883211e-05
1.685544e-05
1.6825935e-05
1.6794611e-05
1.6761376e-05
1.6726136e-05
1.6688792e-05
1.6649243e-05
1.6607385e-05
1.656311e-05
1.6516306e-05
1.646686e-05
1.6414655e-05
1.6359572e-05
1.630149e-05
1.6240286e-05
1.6175837e-05
1.6108018e-05
1.6036702e-05
1.5961767e-05
1.5883087e-05
1.5800539e-05
1.5714005e-05
1.5623366e-05
1.5528509e-05
1.5429325e-05
1.5325711e-05
1.5217571e-05
1.5104814e-05
1.4987361e-05
1.4865141e-05
1.4738095e-05
1.4606175e-05
1.4469348e-05
1.4327594e-05
1.4180908e-05
1.4029273e-05
1.3872806e-05
1.3711089e-05
1.3546154e-05
1.3369337e-05
1.3219049e-05
1.292778e-05
1.6755917e-05
1.6759038e-05
1.6762079e-05
1.676507e-05
1.676802e-05
1.677093e-05
1.6773797e-05
1.6776615e-05
1.6779377e-05
1.6782071e-05
1.6784686e-05
1.6787208e-05
1.6789621e-05
1.6791912e-05
1.6794065e-05
1.6796066e-05
1.6797899e-05
1.679955e-05
1.6801005e-05
1.680225e-05
1.680327e-05
1.6804051e-05
1.680458e-05
1.6804842e-05
1.6804823e-05
1.6804507e-05
1.6803879e-05
1.6802924e-05
1.6801625e-05
1.6799964e-05
1.6797923e-05
1.6795483e-05
1.6792625e-05
1.6789328e-05
1.6785569e-05
1.6781326e-05
1.6776573e-05
1.6771286e-05
1.6765437e-05
1.6758998e-05
1.6751938e-05
1.6744226e-05
1.6735828e-05
1.6726709e-05
1.6716832e-05
1.6706158e-05
1.6694644e-05
1.6682249e-05
1.6668926e-05
1.6654626e-05
1.6639299e-05
1.6622891e-05
1.6605347e-05
1.6586606e-05
1.6566607e-05
1.6545285e-05
1.6522571e-05
1.6498393e-05
1.6472677e-05
1.6445344e-05
1.6416313e-05
1.6385497e-05
1.6352808e-05
1.6318154e-05
1.6281439e-05
1.6242563e-05
1.6201425e-05
1.6157918e-05
1.6111934e-05
1.6063361e-05
1.6012086e-05
1.5957991e-05
1.5900959e-05
1.5840869e-05
1.57776e-05
1.571103e-05
1.5641036e-05
1.5567496e-05
1.5490288e-05
1.5409293e-05
1.5324393e-05
1.5235474e-05
1.5142424e-05
1.5045138e-05
1.4943514e-05
1.4837457e-05
1.4726881e-05
1.4611706e-05
1.4491864e-05
1.4367295e-05
1.4237953e-05
1.4103802e-05
1.3964831e-05
1.3821009e-05
1.3672443e-05
1.3518723e-05
1.336178e-05
1.3193318e-05
1.3050078e-05
1.2771879e-05
1.6350508e-05
1.6353653e-05
1.6356719e-05
1.6359734e-05
1.6362705e-05
1.6365635e-05
1.6368522e-05
1.637136e-05
1.6374144e-05
1.6376863e-05
1.6379506e-05
1.6382062e-05
1.6384517e-05
1.6386858e-05
1.6389071e-05
1.6391142e-05
1.6393056e-05
1.6394801e-05
1.6396364e-05
1.6397729e-05
1.6398885e-05
1.6399819e-05
1.6400515e-05
1.6400963e-05
1.6401146e-05
1.6401053e-05
1.6400667e-05
1.6399975e-05
1.6398959e-05
1.6397606e-05
1.6395896e-05
1.6393814e-05
1.6391339e-05
1.6388453e-05
1.6385136e-05
1.6381364e-05
1.6377117e-05
1.6372369e-05
1.6367095e-05
1.636127e-05
1.6354864e-05
1.6347849e-05
1.6340193e-05
1.6331863e-05
1.6322825e-05
1.6313042e-05
1.6302475e-05
1.6291085e-05
1.6278829e-05
1.6265661e-05
1.6251534e-05
1.6236399e-05
1.6220204e-05
1.6202892e-05
1.6184406e-05
1.6164686e-05
1.6143667e-05
1.6121283e-05
1.6097463e-05
1.6072135e-05
1.604522e-05
1.6016641e-05
1.5986311e-05
1.5954146e-05
1.5920054e-05
1.5883942e-05
1.5845713e-05
1.5805266e-05
1.5762498e-05
1.5717303e-05
1.5669571e-05
1.5619192e-05
1.556605e-05
1.5510031e-05
1.5451016e-05
1.5388887e-05
1.5323524e-05
1.5254807e-05
1.5182617e-05
1.5106835e-05
1.5027345e-05
1.4944029e-05
1.4856778e-05
1.4765482e-05
1.4670038e-05
1.4570347e-05
1.4466317e-05
1.4357862e-05
1.4244906e-05
1.4127381e-05
1.4005229e-05
1.3878401e-05
1.374687e-05
1.3610594e-05
1.3469664e-05
1.332368e-05
1.3174474e-05
1.3014131e-05
1.2877733e-05
1.2612271e-05
1.5955149e-05
1.5958315e-05
1.5961402e-05
1.5964435e-05
1.5967424e-05
1.5970371e-05
1.5973273e-05
1.5976128e-05
1.5978929e-05
1.5981667e-05
1.5984334e-05
1.5986919e-05
1.5989409e-05
1.5991792e-05
1.5994055e-05
1.5996186e-05
1.5998171e-05
1.5999998e-05
1.6001654e-05
1.6003127e-05
1.6004403e-05
1.6005471e-05
1.6006318e-05
1.6006931e-05
1.6007297e-05
1.6007403e-05
1.6007236e-05
1.600678e-05
1.6006022e-05
1.6004947e-05
1.6003539e-05
1.600178e-05
1.5999654e-05
1.5997143e-05
1.5994227e-05
1.5990886e-05
1.5987099e-05
1.5982844e-05
1.5978097e-05
1.5972833e-05
1.5967027e-05
1.596065e-05
1.5953674e-05
1.5946067e-05
1.5937799e-05
1.5928834e-05
1.5919137e-05
1.5908671e-05
1.5897395e-05
1.5885268e-05
1.5872246e-05
1.5858282e-05
1.5843328e-05
1.5827332e-05
1.5810241e-05
1.5791997e-05
1.5772541e-05
1.5751811e-05
1.5729741e-05
1.5706262e-05
1.5681304e-05
1.5654789e-05
1.5626642e-05
1.5596778e-05
1.5565115e-05
1.5531562e-05
1.5496029e-05
1.545842e-05
1.5418638e-05
1.5376581e-05
1.5332145e-05
1.5285224e-05
1.5235707e-05
1.5183485e-05
1.5128443e-05
1.5070466e-05
1.5009438e-05
1.4945242e-05
1.4877762e-05
1.4806879e-05
1.4732478e-05
1.4654444e-05
1.4572666e-05
1.4487033e-05
1.439744e-05
1.4303786e-05
1.4205974e-05
1.4103914e-05
1.3997524e-05
1.3886728e-05
1.3771461e-05
1.3651664e-05
1.3527297e-05
1.3398303e-05
1.3264755e-05
1.3126252e-05
1.2984529e-05
1.2832064e-05
1.2702293e-05
1.2449221e-05
1.556956e-05
1.5572743e-05
1.5575846e-05
1.5578895e-05
1.5581898e-05
1.5584858e-05
1.5587773e-05
1.559064e-05
1.5593454e-05
1.5596208e-05
1.5598894e-05
1.5601501e-05
1.560402e-05
1.5606438e-05
1.5608744e-05
1.5610926e-05
1.5612972e-05
1.561487e-05
1.5616608e-05
1.5618175e-05
1.5619558e-05
1.5620745e-05
1.5621725e-05
1.5622486e-05
1.5623016e-05
1.5623301e-05
1.562333e-05
1.5623088e-05
1.5622563e-05
1.562174e-05
1.5620604e-05
1.561914e-05
1.5617331e-05
1.5615161e-05
1.5612611e-05
1.5609663e-05
1.5606296e-05
1.5602491e-05
1.5598225e-05
1.5593475e-05
1.5588217e-05
1.5582425e-05
1.5576072e-05
1.5569129e-05
1.5561566e-05
1.5553353e-05
1.5544455e-05
1.5534837e-05
1.5524463e-05
1.5513293e-05
1.5501287e-05
1.5488401e-05
1.547459e-05
1.5459806e-05
1.5443998e-05
1.5427115e-05
1.54091e-05
1.5389895e-05
1.5369439e-05
1.5347668e-05
1.5324515e-05
1.5299909e-05
1.5273778e-05
1.5246043e-05
1.5216626e-05
1.5185443e-05
1.5152407e-05
1.511743e-05
1.5080418e-05
1.5041274e-05
1.4999901e-05
1.4956196e-05
1.4910055e-05
1.4861371e-05
1.4810036e-05
1.4755937e-05
1.4698963e-05
1.4638999e-05
1.4575933e-05
1.4509648e-05
1.4440031e-05
1.4366968e-05
1.4290347e-05
1.421006e-05
1.4125998e-05
1.4038059e-05
1.3946143e-05
1.3850158e-05
1.3750016e-05
1.3645636e-05
1.3536945e-05
1.3423877e-05
1.3306383e-05
1.3184396e-05
1.3057971e-05
1.2926705e-05
1.2792239e-05
1.2647393e-05
1.2524031e-05
1.2282991e-05
1.5193465e-05
1.5196661e-05
1.5199776e-05
1.5202837e-05
1.5205851e-05
1.5208821e-05
1.5211745e-05
1.5214622e-05
1.5217446e-05
1.5220211e-05
1.5222911e-05
1.5225537e-05
1.5228078e-05
1.5230525e-05
1.5232867e-05
1.5235092e-05
1.523719e-05
1.5239149e-05
1.5240959e-05
1.5242608e-05
1.5244084e-05
1.5245377e-05
1.5246476e-05
1.5247369e-05
1.5248045e-05
1.5248491e-05
1.5248696e-05
1.5248648e-05
1.5248332e-05
1.5247737e-05
1.5246848e-05
1.5245651e-05
1.524413e-05
1.524227e-05
1.5240054e-05
1.5237463e-05
1.5234481e-05
1.5231087e-05
1.522726e-05
1.522298e-05
1.5218224e-05
1.5212967e-05
1.5207185e-05
1.520085e-05
1.5193936e-05
1.5186412e-05
1.5178247e-05
1.5169409e-05
1.5159864e-05
1.5149574e-05
1.5138502e-05
1.5126608e-05
1.5113849e-05
1.5100181e-05
1.5085557e-05
1.5069927e-05
1.505324e-05
1.5035442e-05
1.5016475e-05
1.499628e-05
1.4974794e-05
1.4951951e-05
1.4927682e-05
1.4901915e-05
1.4874576e-05
1.4845586e-05
1.4814863e-05
1.4782324e-05
1.474788e-05
1.4711441e-05
1.4672912e-05
1.4632197e-05
1.4589196e-05
1.4543807e-05
1.4495926e-05
1.4445446e-05
1.4392259e-05
1.4336253e-05
1.4277319e-05
1.4215345e-05
1.4150218e-05
1.4081827e-05
1.4010061e-05
1.3934812e-05
1.3855971e-05
1.3773435e-05
1.3687102e-05
1.3596878e-05
1.350267e-05
1.3404394e-05
1.3301971e-05
1.319533e-05
1.3084412e-05
1.2969144e-05
1.2849568e-05
1.2725283e-05
1.2597855e-05
1.2460374e-05
1.2343212e-05
1.2113839e-05
1.482659e-05
1.4829795e-05
1.483292e-05
1.4835989e-05
1.4839012e-05
1.4841988e-05
1.4844919e-05
1.4847801e-05
1.4850632e-05
1.4853406e-05
1.4856117e-05
1.4858756e-05
1.4861315e-05
1.4863785e-05
1.4866156e-05
1.4868418e-05
1.487056e-05
1.4872572e-05
1.4874443e-05
1.4876163e-05
1.4877722e-05
1.4879108e-05
1.4880312e-05
1.4881322e-05
1.4882128e-05
1.4882719e-05
1.4883082e-05
1.4883207e-05
1.4883082e-05
1.4882693e-05
1.4882028e-05
1.4881073e-05
1.4879813e-05
1.4878235e-05
1.4876322e-05
1.4874058e-05
1.4871425e-05
1.4868406e-05
1.4864982e-05
1.4861131e-05
1.4856834e-05
1.4852067e-05
1.4846808e-05
1.4841032e-05
1.4834711e-05
1.482782e-05
1.4820329e-05
1.4812208e-05
1.4803424e-05
1.4793943e-05
1.4783731e-05
1.477275e-05
1.4760959e-05
1.4748319e-05
1.4734784e-05
1.472031e-05
1.4704848e-05
1.4688347e-05
1.4670754e-05
1.4652013e-05
1.4632065e-05
1.461085e-05
1.4588302e-05
1.4564354e-05
1.4538937e-05
1.4511975e-05
1.4483394e-05
1.4453114e-05
1.4421051e-05
1.4387119e-05
1.435123e-05
1.4313292e-05
1.4273211e-05
1.4230889e-05
1.4186225e-05
1.4139119e-05
1.4089465e-05
1.4037158e-05
1.3982089e-05
1.3924151e-05
1.3863235e-05
1.379923e-05
1.3732027e-05
1.366152e-05
1.35876e-05
1.3510164e-05
1.3429111e-05
1.3344341e-05
1.3255761e-05
1.3163283e-05
1.3066825e-05
1.2966308e-05
1.286167e-05
1.2752829e-05
1.2639817e-05
1.252224e-05
1.240159e-05
1.227124e-05
1.2160081e-05
1.1942014e-05
1.4468666e-05
1.4471878e-05
1.4475009e-05
1.4478084e-05
1.4481111e-05
1.4484092e-05
1.4487026e-05
1.4489913e-05
1.4492747e-05
1.4495526e-05
1.4498244e-05
1.4500893e-05
1.4503466e-05
1.4505954e-05
1.4508349e-05
1.451064e-05
1.4512819e-05
1.4514875e-05
1.45168e-05
1.4518582e-05
1.4520212e-05
1.4521681e-05
1.4522977e-05
1.4524092e-05
1.4525014e-05
1.4525733e-05
1.4526239e-05
1.452652e-05
1.4526565e-05
1.4526362e-05
1.4525899e-05
1.4525164e-05
1.4524142e-05
1.452282e-05
1.4521183e-05
1.4519216e-05
1.4516903e-05
1.4514226e-05
1.4511168e-05
1.4507711e-05
1.4503834e-05
1.4499516e-05
1.4494736e-05
1.4489471e-05
1.4483696e-05
1.4477385e-05
1.4470512e-05
1.4463049e-05
1.4454965e-05
1.4446229e-05
1.4436807e-05
1.4426666e-05
1.4415767e-05
1.4404073e-05
1.4391542e-05
1.4378133e-05
1.4363799e-05
1.4348494e-05
1.4332169e-05
1.4314769e-05
1.4296243e-05
1.427653e-05
1.4255572e-05
1.4233306e-05
1.4209665e-05
1.4184581e-05
1.4157982e-05
1.4129792e-05
1.4099935e-05
1.4068329e-05
1.403489e-05
1.3999531e-05
1.3962162e-05
1.3922691e-05
1.3881022e-05
1.3837059e-05
1.37907e-05
1.3741845e-05
1.3690388e-05
1.3636226e-05
1.3579253e-05
1.351936e-05
1.3456443e-05
1.3390394e-05
1.3321107e-05
1.324848e-05
1.3172409e-05
1.3092797e-05
1.3009547e-05
1.2922569e-05
1.2831776e-05
1.2737088e-05
1.2638434e-05
1.253573e-05
1.2428996e-05
1.2317849e-05
1.2203691e-05
1.2080225e-05
1.1974874e-05
1.1767752e-05
1.411943e-05
1.4122645e-05
1.4125779e-05
1.4128858e-05
1.4131887e-05
1.413487e-05
1.4137805e-05
1.4140692e-05
1.4143528e-05
1.414631e-05
1.4149031e-05
1.4151687e-05
1.4154269e-05
1.4156771e-05
1.4159184e-05
1.41615e-05
1.4163709e-05
1.4165803e-05
1.4167772e-05
1.4169608e-05
1.4171301e-05
1.4172841e-05
1.4174219e-05
1.4175425e-05
1.4176451e-05
1.4177285e-05
1.4177918e-05
1.4178339e-05
1.4178538e-05
1.4178503e-05
1.4178223e-05
1.4177686e-05
1.417688e-05
1.417579e-05
1.4174404e-05
1.4172708e-05
1.4170686e-05
1.4168321e-05
1.4165599e-05
1.4162501e-05
1.4159008e-05
1.4155101e-05
1.415076e-05
1.4145964e-05
1.4140688e-05
1.4134911e-05
1.4128606e-05
1.4121747e-05
1.4114306e-05
1.4106254e-05
1.409756e-05
1.4088192e-05
1.4078114e-05
1.4067291e-05
1.4055686e-05
1.4043258e-05
1.4029965e-05
1.4015763e-05
1.4000606e-05
1.3984445e-05
1.396723e-05
1.3948905e-05
1.3929416e-05
1.3908704e-05
1.3886706e-05
1.3863357e-05
1.3838592e-05
1.3812339e-05
1.3784525e-05
1.3755074e-05
1.3723907e-05
1.369094e-05
1.3656091e-05
1.361927e-05
1.3580387e-05
1.353935e-05
1.3496062e-05
1.3450426e-05
1.3402342e-05
1.3351709e-05
1.3298425e-05
1.3242385e-05
1.3183486e-05
1.3121624e-05
1.3056694e-05
1.2988594e-05
1.2917222e-05
1.2842479e-05
1.276427e-05
1.26825e-05
1.2597082e-05
1.250793e-05
1.2414973e-05
1.2318119e-05
1.2217379e-05
1.2112381e-05
1.2004441e-05
1.1887588e-05
1.1787836e-05
1.1591287e-05
1.3778622e-05
1.3781837e-05
1.3784972e-05
1.3788051e-05
1.379108e-05
1.3794062e-05
1.3796996e-05
1.3799882e-05
1.3802717e-05
1.3805498e-05
1.380822e-05
1.3810879e-05
1.3813467e-05
1.3815979e-05
1.3818406e-05
1.3820741e-05
1.3822975e-05
1.38251e-05
1.3827107e-05
1.3828988e-05
1.3830735e-05
1.3832337e-05
1.3833787e-05
1.3835075e-05
1.3836191e-05
1.3837128e-05
1.3837874e-05
1.3838421e-05
1.3838758e-05
1.3838874e-05
1.383876e-05
1.3838403e-05
1.3837791e-05
1.3836913e-05
1.3835756e-05
1.3834305e-05
1.3832548e-05
1.3830469e-05
1.3828053e-05
1.3825282e-05
1.3822141e-05
1.3818611e-05
1.3814672e-05
1.3810305e-05
1.3805489e-05
1.38002e-05
1.3794417e-05
1.3788113e-05
1.3781264e-05
1.3773841e-05
1.3765816e-05
1.3757158e-05
1.3747837e-05
1.3737817e-05
1.3727063e-05
1.371554e-05
1.3703206e-05
1.3690022e-05
1.3675943e-05
1.3660925e-05
1.364492e-05
1.3627878e-05
1.3609746e-05
1.3590469e-05
1.356999e-05
1.3548247e-05
1.3525179e-05
1.3500718e-05
1.3474796e-05
1.3447342e-05
1.3418281e-05
1.3387535e-05
1.3355024e-05
1.3320665e-05
1.3284372e-05
1.3246057e-05
1.3205628e-05
1.3162993e-05
1.3118055e-05
1.3070718e-05
1.3020883e-05
1.2968449e-05
1.2913316e-05
1.2855381e-05
1.2794543e-05
1.27307e-05
1.2663754e-05
1.2593604e-05
1.2520154e-05
1.244331e-05
1.2362983e-05
1.2279084e-05
1.2191539e-05
1.2100252e-05
1.2005228e-05
1.1906103e-05
1.180411e-05
1.1693589e-05
1.1599224e-05
1.1412863e-05
1.3445986e-05
1.3449199e-05
1.3452332e-05
1.3455408e-05
1.3458435e-05
1.3461414e-05
1.3464345e-05
1.3467227e-05
1.3470059e-05
1.3472837e-05
1.3475558e-05
1.3478217e-05
1.3480808e-05
1.3483326e-05
1.3485762e-05
1.3488111e-05
1.3490365e-05
1.3492515e-05
1.3494554e-05
1.3496474e-05
1.3498266e-05
1.3499923e-05
1.3501435e-05
1.3502794e-05
1.3503991e-05
1.3505018e-05
1.3505866e-05
1.3506525e-05
1.3506986e-05
1.3507239e-05
1.3507273e-05
1.3507078e-05
1.3506643e-05
1.3505957e-05
1.3505007e-05
1.3503781e-05
1.3502265e-05
1.3500446e-05
1.3498309e-05
1.3495839e-05
1.3493019e-05
1.3489833e-05
1.3486263e-05
1.348229e-05
1.3477894e-05
1.3473054e-05
1.3467749e-05
1.3461956e-05
1.345565e-05
1.3448806e-05
1.3441397e-05
1.3433394e-05
1.3424768e-05
1.3415487e-05
1.3405519e-05
1.3394829e-05
1.338338e-05
1.3371134e-05
1.3358051e-05
1.3344088e-05
1.3329201e-05
1.3313342e-05
1.3296464e-05
1.3278514e-05
1.3259438e-05
1.3239181e-05
1.3217682e-05
1.319488e-05
1.3170711e-05
1.3145107e-05
1.3117998e-05
1.3089311e-05
1.3058971e-05
1.3026898e-05
1.2993012e-05
1.2957228e-05
1.291946e-05
1.287962e-05
1.2837616e-05
1.2793355e-05
1.2746741e-05
1.2697679e-05
1.264607e-05
1.2591816e-05
1.2534817e-05
1.2474975e-05
1.2412191e-05
1.2346367e-05
1.2277406e-05
1.2205216e-05
1.2129705e-05
1.2050783e-05
1.1968373e-05
1.1882378e-05
1.1792793e-05
1.1699268e-05
1.1602959e-05
1.1498489e-05
1.140929e-05
1.1232728e-05
1.3121271e-05
1.3124479e-05
1.3127608e-05
1.313068e-05
1.3133702e-05
1.3136676e-05
1.3139601e-05
1.3142478e-05
1.3145304e-05
1.3148077e-05
1.3150794e-05
1.3153451e-05
1.3156042e-05
1.3158562e-05
1.3161005e-05
1.3163364e-05
1.3165632e-05
1.3167803e-05
1.3169868e-05
1.3171819e-05
1.3173651e-05
1.3175353e-05
1.3176919e-05
1.317834e-05
1.3179609e-05
1.3180716e-05
1.3181654e-05
1.3182413e-05
1.3182985e-05
1.318336e-05
1.3183528e-05
1.318348e-05
1.3183206e-05
1.3182693e-05
1.3181931e-05
1.3180909e-05
1.3179613e-05
1.3178031e-05
1.3176149e-05
1.3173953e-05
1.3171427e-05
1.3168556e-05
1.3165324e-05
1.3161711e-05
1.3157701e-05
1.3153274e-05
1.3148409e-05
1.3143084e-05
1.3137278e-05
1.3130966e-05
1.3124123e-05
1.3116723e-05
1.3108738e-05
1.3100138e-05
1.3090894e-05
1.3080972e-05
1.3070339e-05
1.3058959e-05
1.3046794e-05
1.3033805e-05
1.3019949e-05
1.3005184e-05
1.2989464e-05
1.297274e-05
1.2954963e-05
1.2936079e-05
1.2916032e-05
1.2894766e-05
1.287222e-05
1.284833e-05
1.282303e-05
1.2796253e-05
1.2767926e-05
1.2737975e-05
1.2706324e-05
1.2672894e-05
1.2637602e-05
1.2600364e-05
1.2561093e-05
1.25197e-05
1.2476094e-05
1.2430182e-05
1.238187e-05
1.2331063e-05
1.2277664e-05
1.2221576e-05
1.2162703e-05
1.2100949e-05
1.2036219e-05
1.1968418e-05
1.1897457e-05
1.1823245e-05
1.17457e-05
1.1664728e-05
1.1580313e-05
1.149212e-05
1.1401234e-05
1.1302541e-05
1.1218285e-05
1.1051134e-05
1.2804232e-05
1.2807433e-05
1.2810555e-05
1.2813621e-05
1.2816636e-05
1.2819602e-05
1.282252e-05
1.2825389e-05
1.2828208e-05
1.2830974e-05
1.2833685e-05
1.2836336e-05
1.2838925e-05
1.2841444e-05
1.284389e-05
1.2846255e-05
1.2848534e-05
1.285072e-05
1.2852805e-05
1.2854783e-05
1.2856647e-05
1.2858389e-05
1.2860001e-05
1.2861476e-05
1.2862807e-05
1.2863985e-05
1.2865002e-05
1.2865851e-05
1.2866522e-05
1.2867006e-05
1.2867295e-05
1.2867379e-05
1.2867249e-05
1.2866894e-05
1.2866303e-05
1.2865466e-05
1.286437e-05
1.2863004e-05
1.2861355e-05
1.2859409e-05
1.2857152e-05
1.285457e-05
1.2851646e-05
1.2848365e-05
1.2844708e-05
1.2840659e-05
1.2836198e-05
1.2831304e-05
1.2825957e-05
1.2820135e-05
1.2813813e-05
1.2806968e-05
1.2799573e-05
1.2791602e-05
1.2783024e-05
1.2773811e-05
1.2763931e-05
1.2753349e-05
1.2742032e-05
1.2729941e-05
1.2717039e-05
1.2703284e-05
1.2688634e-05
1.2673044e-05
1.2656467e-05
1.2638853e-05
1.262015e-05
1.2600305e-05
1.2579261e-05
1.2556959e-05
1.2533336e-05
1.2508329e-05
1.248187e-05
1.2453889e-05
1.2424315e-05
1.2393072e-05
1.2360082e-05
1.2325266e-05
1.228854e-05
1.2249821e-05
1.220902e-05
1.216605e-05
1.212082e-05
1.2073237e-05
1.2023209e-05
1.1970642e-05
1.1915441e-05
1.1857513e-05
1.1796764e-05
1.1733101e-05
1.1666433e-05
1.1596671e-05
1.1523732e-05
1.1447519e-05
1.1368014e-05
1.1284889e-05
1.1199169e-05
1.1105987e-05
1.1026449e-05
1.0868326e-05
1.2494627e-05
1.2497819e-05
1.2500932e-05
1.2503989e-05
1.2506995e-05
1.2509952e-05
1.2512861e-05
1.251572e-05
1.2518529e-05
1.2521286e-05
1.2523989e-05
1.2526633e-05
1.2529216e-05
1.2531732e-05
1.2534178e-05
1.2536546e-05
1.2538831e-05
1.2541028e-05
1.2543129e-05
1.2545128e-05
1.2547018e-05
1.2548793e-05
1.2550445e-05
1.2551967e-05
1.2553351e-05
1.2554591e-05
1.2555679e-05
1.2556606e-05
1.2557365e-05
1.2557948e-05
1.2558345e-05
1.2558548e-05
1.2558548e-05
1.2558335e-05
1.25579e-05
1.255723e-05
1.2556317e-05
1.2555148e-05
1.2553711e-05
1.2551993e-05
1.2549982e-05
1.2547664e-05
1.2545023e-05
1.2542045e-05
1.2538713e-05
1.2535011e-05
1.2530921e-05
1.2526423e-05
1.2521499e-05
1.2516127e-05
1.2510285e-05
1.2503951e-05
1.24971e-05
1.2489707e-05
1.2481744e-05
1.2473185e-05
1.2463999e-05
1.2454154e-05
1.2443619e-05
1.2432358e-05
1.2420336e-05
1.2407515e-05
1.2393854e-05
1.2379312e-05
1.2363845e-05
1.2347406e-05
1.2329947e-05
1.2311418e-05
1.2291765e-05
1.2270933e-05
1.2248865e-05
1.2225499e-05
1.2200772e-05
1.217462e-05
1.2146974e-05
1.2117762e-05
1.2086913e-05
1.205435e-05
1.2019994e-05
1.1983766e-05
1.1945582e-05
1.1905357e-05
1.1863005e-05
1.1818438e-05
1.1771565e-05
1.1722296e-05
1.1670541e-05
1.1616205e-05
1.1559199e-05
1.1499431e-05
1.1436811e-05
1.137125e-05
1.1302665e-05
1.1230958e-05
1.1156107e-05
1.1077794e-05
1.0996987e-05
1.0909057e-05
1.0834015e-05
1.0684539e-05
1.219222e-05
1.21954e-05
1.2198502e-05
1.2201548e-05
1.2204543e-05
1.2207489e-05
1.2210386e-05
1.2213234e-05
1.2216032e-05
1.2218778e-05
1.222147e-05
1.2224105e-05
1.222668e-05
1.2229191e-05
1.2231633e-05
1.2234e-05
1.2236289e-05
1.2238492e-05
1.2240605e-05
1.224262e-05
1.2244532e-05
1.2246333e-05
1.2248018e-05
1.224958e-05
1.2251011e-05
1.2252305e-05
1.2253454e-05
1.2254451e-05
1.2255289e-05
1.2255959e-05
1.2256453e-05
1.2256763e-05
1.225688e-05
1.2256796e-05
1.2256501e-05
1.2255984e-05
1.2255236e-05
1.2254246e-05
1.2253002e-05
1.2251493e-05
1.2249707e-05
1.224763e-05
1.2245249e-05
1.2242549e-05
1.2239515e-05
1.2236132e-05
1.2232382e-05
1.2228249e-05
1.2223713e-05
1.2218755e-05
1.2213355e-05
1.2207492e-05
1.2201142e-05
1.2194282e-05
1.2186887e-05
1.217893e-05
1.2170384e-05
1.216122e-05
1.2151408e-05
1.2140914e-05
1.2129705e-05
1.2117746e-05
1.2105e-05
1.2091427e-05
1.2076986e-05
1.2061634e-05
1.2045326e-05
1.2028015e-05
1.2009651e-05
1.1990182e-05
1.1969554e-05
1.194771e-05
1.1924591e-05
1.1900135e-05
1.1874279e-05
1.1846956e-05
1.1818096e-05
1.1787628e-05
1.1755478e-05
1.172157e-05
1.1685824e-05
1.1648161e-05
1.1608497e-05
1.1566747e-05
1.1522826e-05
1.1476646e-05
1.1428119e-05
1.1377155e-05
1.1323666e-05
1.1267562e-05
1.1208754e-05
1.1147154e-05
1.108268e-05
1.1015234e-05
1.0944789e-05
1.0871041e-05
1.0794899e-05
1.071197e-05
1.0641201e-05
1.0499992e-05
1.1896779e-05
1.1899945e-05
1.1903034e-05
1.1906067e-05
1.1909049e-05
1.1911982e-05
1.1914866e-05
1.19177e-05
1.1920485e-05
1.1923218e-05
1.1925898e-05
1.1928522e-05
1.1931087e-05
1.1933589e-05
1.1936025e-05
1.1938389e-05
1.1940677e-05
1.1942884e-05
1.1945004e-05
1.194703e-05
1.1948959e-05
1.1950782e-05
1.1952494e-05
1.1954089e-05
1.195556e-05
1.1956901e-05
1.1958104e-05
1.1959162e-05
1.1960069e-05
1.1960816e-05
1.1961397e-05
1.1961803e-05
1.1962026e-05
1.1962058e-05
1.1961889e-05
1.1961511e-05
1.1960913e-05
1.1960086e-05
1.1959019e-05
1.19577e-05
1.1956119e-05
1.1954263e-05
1.1952119e-05
1.1949674e-05
1.1946914e-05
1.1943823e-05
1.1940387e-05
1.1936588e-05
1.193241e-05
1.1927834e-05
1.1922841e-05
1.1917411e-05
1.1911523e-05
1.1905154e-05
1.1898282e-05
1.1890882e-05
1.1882928e-05
1.1874392e-05
1.1865246e-05
1.1855461e-05
1.1845004e-05
1.1833842e-05
1.1821942e-05
1.1809265e-05
1.1795774e-05
1.1781429e-05
1.1766186e-05
1.1750003e-05
1.1732833e-05
1.1714626e-05
1.1695333e-05
1.1674901e-05
1.1653273e-05
1.1630392e-05
1.1606198e-05
1.1580628e-05
1.1553618e-05
1.1525099e-05
1.1495002e-05
1.1463254e-05
1.1429781e-05
1.1394506e-05
1.135735e-05
1.1318233e-05
1.1277071e-05
1.1233782e-05
1.1188279e-05
1.1140477e-05
1.1090289e-05
1.1037628e-05
1.0982407e-05
1.092454e-05
1.0863944e-05
1.0800523e-05
1.0734247e-05
1.0664822e-05
1.0593106e-05
1.0514932e-05
1.0448214e-05
1.0314899e-05
1.1608077e-05
1.1611228e-05
1.1614301e-05
1.1617319e-05
1.1620286e-05
1.1623204e-05
1.1626073e-05
1.1628892e-05
1.1631662e-05
1.163438e-05
1.1637046e-05
1.1639657e-05
1.1642209e-05
1.1644701e-05
1.1647128e-05
1.1649486e-05
1.1651771e-05
1.1653978e-05
1.1656101e-05
1.1658135e-05
1.1660075e-05
1.1661916e-05
1.166365e-05
1.1665273e-05
1.1666777e-05
1.1668157e-05
1.1669407e-05
1.1670519e-05
1.1671486e-05
1.1672303e-05
1.167296e-05
1.1673452e-05
1.167377e-05
1.1673906e-05
1.1673852e-05
1.1673598e-05
1.1673137e-05
1.1672458e-05
1.1671551e-05
1.1670407e-05
1.1669013e-05
1.166736e-05
1.1665433e-05
1.1663222e-05
1.1660712e-05
1.165789e-05
1.1654742e-05
1.1651251e-05
1.1647401e-05
1.1643177e-05
1.1638558e-05
1.1633528e-05
1.1628066e-05
1.1622151e-05
1.1615762e-05
1.1608875e-05
1.1601466e-05
1.1593511e-05
1.1584982e-05
1.1575851e-05
1.1566089e-05
1.1555665e-05
1.1544547e-05
1.1532699e-05
1.1520088e-05
1.1506674e-05
1.1492418e-05
1.147728e-05
1.1461216e-05
1.144418e-05
1.1426125e-05
1.1407001e-05
1.1386757e-05
1.1365338e-05
1.1342688e-05
1.1318748e-05
1.1293457e-05
1.1266751e-05
1.1238564e-05
1.1208828e-05
1.1177472e-05
1.1144424e-05
1.1109609e-05
1.1072949e-05
1.1034367e-05
1.0993781e-05
1.095111e-05
1.0906271e-05
1.085918e-05
1.0809753e-05
1.0757904e-05
1.070355e-05
1.0646609e-05
1.0586987e-05
1.052465e-05
1.0459316e-05
1.0391792e-05
1.0318138e-05
1.0255255e-05
1.0129464e-05
1.1325893e-05
1.1329026e-05
1.1332082e-05
1.1335083e-05
1.1338033e-05
1.1340934e-05
1.1343785e-05
1.1346588e-05
1.1349341e-05
1.1352043e-05
1.1354692e-05
1.1357288e-05
1.1359827e-05
1.1362306e-05
1.1364722e-05
1.1367071e-05
1.136935e-05
1.1371553e-05
1.1373676e-05
1.1375714e-05
1.1377662e-05
1.1379515e-05
1.1381267e-05
1.1382911e-05
1.1384444e-05
1.1385858e-05
1.1387147e-05
1.1388305e-05
1.1389326e-05
1.1390203e-05
1.1390929e-05
1.1391497e-05
1.13919e-05
1.1392129e-05
1.1392178e-05
1.1392038e-05
1.13917e-05
1.1391156e-05
1.1390396e-05
1.1389409e-05
1.1388187e-05
1.1386718e-05
1.1384991e-05
1.1382994e-05
1.1380714e-05
1.1378139e-05
1.1375255e-05
1.1372047e-05
1.1368501e-05
1.1364599e-05
1.1360326e-05
1.1355664e-05
1.1350595e-05
1.1345099e-05
1.1339155e-05
1.1332742e-05
1.1325838e-05
1.1318419e-05
1.131046e-05
1.1301934e-05
1.1292815e-05
1.1283073e-05
1.1272679e-05
1.1261599e-05
1.1249802e-05
1.1237251e-05
1.122391e-05
1.120974e-05
1.1194701e-05
1.1178751e-05
1.1161844e-05
1.1143936e-05
1.1124976e-05
1.1104914e-05
1.1083699e-05
1.1061273e-05
1.103758e-05
1.101256e-05
1.0986151e-05
1.0958288e-05
1.0928905e-05
1.0897933e-05
1.0865302e-05
1.0830937e-05
1.0794764e-05
1.0756706e-05
1.0716686e-05
1.0674622e-05
1.0630435e-05
1.0584043e-05
1.0535364e-05
1.0484314e-05
1.0430816e-05
1.0374775e-05
1.0316158e-05
1.0254692e-05
1.0191135e-05
1.0121768e-05
1.0062516e-05
9.9438805e-06
1.1050011e-05
1.1053124e-05
1.1056161e-05
1.1059142e-05
1.1062073e-05
1.1064955e-05
1.1067788e-05
1.1070572e-05
1.1073306e-05
1.1075989e-05
1.1078621e-05
1.1081199e-05
1.1083722e-05
1.1086186e-05
1.1088589e-05
1.1090927e-05
1.1093197e-05
1.1095394e-05
1.1097514e-05
1.1099553e-05
1.1101505e-05
1.1103366e-05
1.110513e-05
1.1106792e-05
1.1108347e-05
1.1109789e-05
1.1111112e-05
1.111231e-05
1.1113377e-05
1.1114307e-05
1.1115093e-05
1.1115729e-05
1.1116207e-05
1.1116521e-05
1.1116662e-05
1.1116624e-05
1.1116399e-05
1.1115976e-05
1.1115349e-05
1.1114507e-05
1.1113442e-05
1.1112142e-05
1.1110597e-05
1.1108796e-05
1.1106728e-05
1.1104379e-05
1.1101738e-05
1.1098791e-05
1.1095522e-05
1.1091919e-05
1.1087964e-05
1.1083642e-05
1.1078935e-05
1.1073825e-05
1.1068292e-05
1.1062318e-05
1.105588e-05
1.1048956e-05
1.1041524e-05
1.1033559e-05
1.1025034e-05
1.1015924e-05
1.10062e-05
1.0995832e-05
1.0984788e-05
1.0973037e-05
1.0960544e-05
1.0947272e-05
1.0933184e-05
1.0918241e-05
1.0902401e-05
1.088562e-05
1.0867853e-05
1.0849053e-05
1.0829169e-05
1.0808152e-05
1.0785945e-05
1.0762494e-05
1.073774e-05
1.0711622e-05
1.0684077e-05
1.0655041e-05
1.0624447e-05
1.0592224e-05
1.0558302e-05
1.0522608e-05
1.0485067e-05
1.0445603e-05
1.0404138e-05
1.0360594e-05
1.0314891e-05
1.0266948e-05
1.0216689e-05
1.0164023e-05
1.0108915e-05
1.0051103e-05
9.991297e-06
9.9259932e-06
9.8701787e-06
9.7583349e-06
1.0780219e-05
1.078331e-05
1.0786325e-05
1.0789285e-05
1.0792195e-05
1.0795056e-05
1.0797868e-05
1.0800632e-05
1.0803345e-05
1.0806009e-05
1.0808621e-05
1.081118e-05
1.0813685e-05
1.0816132e-05
1.081852e-05
1.0820845e-05
1.0823103e-05
1.0825291e-05
1.0827405e-05
1.0829441e-05
1.0831394e-05
1.0833259e-05
1.0835032e-05
1.0836707e-05
1.0838279e-05
1.0839743e-05
1.0841094e-05
1.0842326e-05
1.0843433e-05
1.0844409e-05
1.0845248e-05
1.0845943e-05
1.0846489e-05
1.0846878e-05
1.0847103e-05
1.0847157e-05
1.0847032e-05
1.0846721e-05
1.0846214e-05
1.0845504e-05
1.0844581e-05
1.0843435e-05
1.0842057e-05
1.0840436e-05
1.0838562e-05
1.0836421e-05
1.0834003e-05
1.0831296e-05
1.0828284e-05
1.0824955e-05
1.0821294e-05
1.0817285e-05
1.0812912e-05
1.0808158e-05
1.0803006e-05
1.0797436e-05
1.0791429e-05
1.0784964e-05
1.077802e-05
1.0770573e-05
1.0762599e-05
1.0754074e-05
1.0744971e-05
1.0735262e-05
1.0724918e-05
1.0713908e-05
1.0702201e-05
1.0689763e-05
1.0676558e-05
1.066255e-05
1.0647699e-05
1.0631966e-05
1.0615308e-05
1.059768e-05
1.0579036e-05
1.0559327e-05
1.0538504e-05
1.0516513e-05
1.04933e-05
1.0468808e-05
1.0442977e-05
1.0415746e-05
1.0387052e-05
1.035683e-05
1.0325011e-05
1.0291527e-05
1.0256305e-05
1.0219275e-05
1.018036e-05
1.0139487e-05
1.0096577e-05
1.0051554e-05
1.0004342e-05
9.9548541e-06
9.9030536e-06
9.8486905e-06
9.7924292e-06
9.7309733e-06
9.6784085e-06
9.5730056e-06
1.0516311e-05
1.0519378e-05
1.052237e-05
1.0525307e-05
1.0528194e-05
1.0531032e-05
1.0533822e-05
1.0536562e-05
1.0539254e-05
1.0541895e-05
1.0544486e-05
1.0547025e-05
1.0549509e-05
1.0551938e-05
1.0554308e-05
1.0556618e-05
1.0558862e-05
1.0561039e-05
1.0563144e-05
1.0565174e-05
1.0567124e-05
1.056899e-05
1.0570767e-05
1.0572451e-05
1.0574037e-05
1.0575519e-05
1.0576892e-05
1.0578152e-05
1.0579292e-05
1.0580308e-05
1.0581193e-05
1.0581941e-05
1.0582546e-05
1.0583002e-05
1.0583302e-05
1.0583439e-05
1.0583405e-05
1.0583194e-05
1.0582797e-05
1.0582206e-05
1.0581413e-05
1.0580409e-05
1.0579183e-05
1.0577727e-05
1.057603e-05
1.057408e-05
1.0571868e-05
1.056938e-05
1.0566605e-05
1.0563529e-05
1.0560138e-05
1.0556418e-05
1.0552354e-05
1.054793e-05
1.0543129e-05
1.0537933e-05
1.0532325e-05
1.0526284e-05
1.0519791e-05
1.0512824e-05
1.0505361e-05
1.0497379e-05
1.0488851e-05
1.0479754e-05
1.0470059e-05
1.0459738e-05
1.0448761e-05
1.0437096e-05
1.0424711e-05
1.0411572e-05
1.0397642e-05
1.0382882e-05
1.0367255e-05
1.0350717e-05
1.0333226e-05
1.0314737e-05
1.0295201e-05
1.0274571e-05
1.0252793e-05
1.0229816e-05
1.0205583e-05
1.0180036e-05
1.0153116e-05
1.0124762e-05
1.0094908e-05
1.0063489e-05
1.0030439e-05
9.9956862e-06
9.9591615e-06
9.9207918e-06
9.8805043e-06
9.8382235e-06
9.7938773e-06
9.74738e-06
9.698696e-06
9.6475863e-06
9.5946717e-06
9.5368563e-06
9.487359e-06
9.3880622e-06
1.0258089e-05
1.0261129e-05
1.0264095e-05
1.0267007e-05
1.0269869e-05
1.0272682e-05
1.0275447e-05
1.0278164e-05
1.0280831e-05
1.0283449e-05
1.0286017e-05
1.0288533e-05
1.0290996e-05
1.0293404e-05
1.0295756e-05
1.0298047e-05
1.0300276e-05
1.0302439e-05
1.0304533e-05
1.0306554e-05
1.0308498e-05
1.0310361e-05
1.0312139e-05
1.0313828e-05
1.0315422e-05
1.0316917e-05
1.0318309e-05
1.0319591e-05
1.032076e-05
1.0321809e-05
1.0322734e-05
1.0323528e-05
1.0324185e-05
1.0324701e-05
1.0325067e-05
1.0325278e-05
1.0325327e-05
1.0325206e-05
1.0324908e-05
1.0324426e-05
1.0323751e-05
1.0322875e-05
1.0321789e-05
1.0320484e-05
1.0318949e-05
1.0317175e-05
1.0315151e-05
1.0312866e-05
1.0310308e-05
1.0307464e-05
1.0304323e-05
1.030087e-05
1.0297091e-05
1.0292971e-05
1.0288495e-05
1.0283646e-05
1.0278407e-05
1.0272759e-05
1.0266685e-05
1.0260163e-05
1.0253174e-05
1.0245694e-05
1.0237702e-05
1.0229172e-05
1.022008e-05
1.0210398e-05
1.0200099e-05
1.0189155e-05
1.0177533e-05
1.0165201e-05
1.0152127e-05
1.0138274e-05
1.0123606e-05
1.0108083e-05
1.0091666e-05
1.0074312e-05
1.0055977e-05
1.0036614e-05
1.0016175e-05
9.9946106e-06
9.971868e-06
9.9478933e-06
9.92263e-06
9.8960198e-06
9.8680026e-06
9.838516e-06
9.8074961e-06
9.7748769e-06
9.740591e-06
9.7045694e-06
9.6667421e-06
9.6270367e-06
9.5853839e-06
9.5417007e-06
9.4959518e-06
9.4479093e-06
9.3981534e-06
9.3437794e-06
9.2971721e-06
9.2036667e-06
1.0005357e-05
1.0008369e-05
1.0011307e-05
1.0014192e-05
1.0017027e-05
1.0019813e-05
1.0022552e-05
1.0025242e-05
1.0027884e-05
1.0030477e-05
1.003302e-05
1.0035512e-05
1.0037952e-05
1.0040338e-05
1.0042668e-05
1.0044939e-05
1.004715e-05
1.0049297e-05
1.0051377e-05
1.0053386e-05
1.0055322e-05
1.0057179e-05
1.0058954e-05
1.0060644e-05
1.0062243e-05
1.0063747e-05
1.0065152e-05
1.0066453e-05
1.0067645e-05
1.0068723e-05
1.0069681e-05
1.0070515e-05
1.0071218e-05
1.0071786e-05
1.0072211e-05
1.0072488e-05
1.0072611e-05
1.0072571e-05
1.0072363e-05
1.0071979e-05
1.0071412e-05
1.0070653e-05
1.0069693e-05
1.0068525e-05
1.006714e-05
1.0065526e-05
1.0063675e-05
1.0061576e-05
1.0059218e-05
1.005659e-05
1.0053678e-05
1.0050472e-05
1.0046956e-05
1.0043118e-05
1.0038943e-05
1.0034414e-05
1.0029517e-05
1.0024235e-05
1.0018548e-05
1.001244e-05
1.000589e-05
9.9988783e-06
9.9913826e-06
9.9833808e-06
9.9748491e-06
9.9657627e-06
9.9560955e-06
9.9458202e-06
9.9349082e-06
9.9233294e-06
9.9110523e-06
9.8980439e-06
9.8842697e-06
9.8696935e-06
9.8542774e-06
9.8379819e-06
9.8207655e-06
9.802585e-06
9.7833955e-06
9.7631498e-06
9.741799e-06
9.7192922e-06
9.6955765e-06
9.6705971e-06
9.6442971e-06
9.6166178e-06
9.5874986e-06
9.5568771e-06
9.5246893e-06
9.4908693e-06
9.4553506e-06
9.4180637e-06
9.3789421e-06
9.3379061e-06
9.2949206e-06
9.2497688e-06
9.202993e-06
9.1518693e-06
9.1079795e-06
9.0199759e-06
9.7579285e-06
9.7609098e-06
9.7638182e-06
9.7666732e-06
9.7694792e-06
9.7722372e-06
9.7749475e-06
9.7776101e-06
9.7802246e-06
9.7827905e-06
9.7853073e-06
9.7877737e-06
9.7901887e-06
9.7925506e-06
9.7948576e-06
9.7971076e-06
9.7992981e-06
9.8014265e-06
9.8034899e-06
9.805485e-06
9.8074086e-06
9.8092571e-06
9.8110268e-06
9.8127139e-06
9.8143142e-06
9.8158237e-06
9.817238e-06
9.8185525e-06
9.8197627e-06
9.8208637e-06
9.8218507e-06
9.8227183e-06
9.8234615e-06
9.8240746e-06
9.8245518e-06
9.8248874e-06
9.8250752e-06
9.8251087e-06
9.8249812e-06
9.8246859e-06
9.8242155e-06
9.8235625e-06
9.8227189e-06
9.8216766e-06
9.8204268e-06
9.8189607e-06
9.8172687e-06
9.8153409e-06
9.8131672e-06
9.8107365e-06
9.8080375e-06
9.8050584e-06
9.8017867e-06
9.7982092e-06
9.7943124e-06
9.7900818e-06
9.7855023e-06
9.7805581e-06
9.7752327e-06
9.7695086e-06
9.7633676e-06
9.7567906e-06
9.7497575e-06
9.7422472e-06
9.7342376e-06
9.7257056e-06
9.7166268e-06
9.7069757e-06
9.6967257e-06
9.6858486e-06
9.6743152e-06
9.6620945e-06
9.6491545e-06
9.6354612e-06
9.6209794e-06
9.605672e-06
9.5895005e-06
9.5724243e-06
9.5544014e-06
9.5353877e-06
9.5153374e-06
9.4942027e-06
9.4719341e-06
9.4484798e-06
9.4237864e-06
9.3977987e-06
9.3704594e-06
9.3417094e-06
9.3114882e-06
9.2797332e-06
9.2463809e-06
9.2113653e-06
9.1746226e-06
9.1360763e-06
9.0956922e-06
9.0532639e-06
9.0092993e-06
8.9612427e-06
8.9199059e-06
8.8371458e-06
9.515624e-06
9.5185723e-06
9.5214487e-06
9.5242723e-06
9.5270474e-06
9.5297751e-06
9.5324555e-06
9.5350886e-06
9.537674e-06
9.5402113e-06
9.5426999e-06
9.5451389e-06
9.547527e-06
9.5498629e-06
9.5521449e-06
9.5543711e-06
9.5565392e-06
9.5586469e-06
9.5606914e-06
9.5626699e-06
9.5645792e-06
9.5664161e-06
9.5681771e-06
9.5698586e-06
9.5714568e-06
9.5729677e-06
9.5743873e-06
9.5757113e-06
9.5769352e-06
9.5780546e-06
9.5790647e-06
9.5799605e-06
9.5807372e-06
9.5813894e-06
9.5819118e-06
9.5822986e-06
9.5825442e-06
9.5826424e-06
9.5825869e-06
9.5823712e-06
9.5819884e-06
9.5814315e-06
9.580693e-06
9.5797651e-06
9.5786398e-06
9.5773084e-06
9.5757623e-06
9.573992e-06
9.571988e-06
9.5697399e-06
9.5672372e-06
9.5644687e-06
9.5614228e-06
9.5580871e-06
9.5544489e-06
9.5504946e-06
9.5462103e-06
9.541581e-06
9.5365914e-06
9.5312251e-06
9.5254652e-06
9.5192937e-06
9.5126918e-06
9.50564e-06
9.4981176e-06
9.490103e-06
9.4815735e-06
9.4725053e-06
9.4628735e-06
9.4526519e-06
9.4418131e-06
9.4303284e-06
9.4181678e-06
9.4052997e-06
9.391691e-06
9.3773073e-06
9.3621126e-06
9.3460689e-06
9.3291369e-06
9.3112755e-06
9.2924417e-06
9.2725907e-06
9.2516761e-06
9.2296494e-06
9.2064604e-06
9.182057e-06
9.1563853e-06
9.1293896e-06
9.1010126e-06
9.071195e-06
9.0398765e-06
9.0069944e-06
8.9724875e-06
8.9362832e-06
8.8983477e-06
8.8584853e-06
8.8171721e-06
8.7720063e-06
8.733075e-06
8.6553317e-06
9.2782647e-06
9.2811779e-06
9.2840201e-06
9.2868103e-06
9.2895526e-06
9.2922481e-06
9.2948969e-06
9.2974989e-06
9.3000538e-06
9.3025613e-06
9.3050206e-06
9.3074309e-06
9.3097912e-06
9.3121001e-06
9.314356e-06
9.3165572e-06
9.3187016e-06
9.3207869e-06
9.3228108e-06
9.3247705e-06
9.3266631e-06
9.3284857e-06
9.330235e-06
9.3319076e-06
9.3335e-06
9.3350084e-06
9.3364291e-06
9.3377579e-06
9.3389907e-06
9.3401232e-06
9.3411509e-06
9.3420692e-06
9.3428734e-06
9.3435584e-06
9.3441191e-06
9.3445502e-06
9.3448463e-06
9.3450015e-06
9.34501e-06
9.3448654e-06
9.3445615e-06
9.3440914e-06
9.3434482e-06
9.3426245e-06
9.3416128e-06
9.340405e-06
9.3389928e-06
9.3373675e-06
9.33552e-06
9.3334407e-06
9.3311197e-06
9.3285464e-06
9.3257099e-06
9.3225989e-06
9.3192011e-06
9.3155042e-06
9.3114948e-06
9.3071591e-06
9.3024827e-06
9.2974504e-06
9.2920463e-06
9.2862535e-06
9.2800548e-06
9.2734316e-06
9.2663647e-06
9.258834e-06
9.2508183e-06
9.2422954e-06
9.233242e-06
9.2236338e-06
9.2134452e-06
9.2026493e-06
9.1912182e-06
9.1791224e-06
9.1663312e-06
9.1528122e-06
9.1385319e-06
9.1234549e-06
9.1075444e-06
9.0907619e-06
9.0730673e-06
9.0544188e-06
9.0347726e-06
9.0140835e-06
8.9923043e-06
8.969386e-06
8.945278e-06
8.9199277e-06
8.8932811e-06
8.8652821e-06
8.8358737e-06
8.8049962e-06
8.7725916e-06
8.7385905e-06
8.70296e-06
8.6655151e-06
8.6267023e-06
8.5842573e-06
8.5476228e-06
8.4746638e-06
9.0456984e-06
9.0485744e-06
9.0513803e-06
9.0541348e-06
9.0568418e-06
9.0595025e-06
9.062117e-06
9.0646853e-06
9.0672072e-06
9.0696822e-06
9.0721097e-06
9.074489e-06
9.0768191e-06
9.0790987e-06
9.0813263e-06
9.0835003e-06
9.0856188e-06
9.0876797e-06
9.0896807e-06
9.0916192e-06
9.0934926e-06
9.0952982e-06
9.0970328e-06
9.0986933e-06
9.1002764e-06
9.1017786e-06
9.1031963e-06
9.1045256e-06
9.1057627e-06
9.1069035e-06
9.1079438e-06
9.1088792e-06
9.1097051e-06
9.110417e-06
9.1110099e-06
9.1114788e-06
9.1118185e-06
9.1120236e-06
9.1120884e-06
9.1120072e-06
9.1117739e-06
9.111382e-06
9.1108251e-06
9.1100962e-06
9.1091882e-06
9.1080936e-06
9.1068045e-06
9.1053127e-06
9.1036097e-06
9.1016865e-06
9.0995337e-06
9.0971416e-06
9.0944999e-06
9.0915979e-06
9.0884242e-06
9.0849672e-06
9.0812144e-06
9.077153e-06
9.0727694e-06
9.0680494e-06
9.0629781e-06
9.05754e-06
9.0517186e-06
9.0454968e-06
9.0388567e-06
9.0317795e-06
9.0242453e-06
9.0162335e-06
9.0077223e-06
8.9986891e-06
8.9891099e-06
8.9789599e-06
8.9682127e-06
8.956841e-06
8.9448161e-06
8.9321078e-06
8.9186848e-06
8.904514e-06
8.8895612e-06
8.8737904e-06
8.857164e-06
8.8396429e-06
8.8211862e-06
8.8017516e-06
8.7812948e-06
8.7597698e-06
8.7371291e-06
8.7133233e-06
8.6883014e-06
8.6620106e-06
8.6343969e-06
8.6054039e-06
8.5749763e-06
8.5430486e-06
8.5095885e-06
8.4744212e-06
8.4379669e-06
8.3980788e-06
8.3636891e-06
8.295179e-06
0.0010869074
0.00068545854
0.00036263282
0.00022263107
0.00017644184
0.00015949351
0.00015030285
0.00014385175
0.00013898388
0.00013524597
0.00013234626
0.0001300771
0.00012828703
0.00012687337
0.00012573957
0.00012488594
0.00012407631
0.00012385048
0.00012230037
0.00019757784
0.00108671
0.00068538765
0.00036267511
0.00022269583
0.00017649069
0.00015952338
0.00015032177
0.00014386496
0.0001389937
0.00013525345
0.00013235199
0.00013008147
0.00012829032
0.00012687578
0.00012574124
0.00012488703
0.00012407677
0.00012385717
0.00012226588
0.00020170947
0.0010858575
0.00068510489
0.00036274241
0.00022275912
0.00017645129
0.00015941582
0.000150178
0.00014369959
0.00013881334
0.00013506185
0.00013215166
0.00012987422
0.00012807748
0.00012665834
0.00012552
0.00012466253
0.00012384952
0.00012364116
0.00012197321
0.00020362783
0.0010843493
0.00068460971
0.00036283809
0.00022282859
0.00017633322
0.00015918006
0.00014988041
0.00014336439
0.00013845152
0.00013467988
0.000131754
0.00012946409
0.00012765728
0.00012622984
0.00012508463
0.00012422124
0.00012340297
0.00012321258
0.00012143619
0.00020126673
0.0010821877
0.00068390243
0.00036296509
0.00022291225
0.00017614737
0.00015882699
0.00014943956
0.00014286982
0.00013791874
0.00013411808
0.00013116957
0.00012886167
0.00012704031
0.00012560089
0.00012444575
0.0001235738
0.00012274786
0.00012257556
0.00012067807
0.00019509352
0.0010793777
0.00068298411
0.00036312579
0.00022301823
0.00017590563
0.00015836887
0.00014886754
0.00014222795
0.00013722713
0.00013338866
0.00013041062
0.00012807924
0.00012623887
0.0001247838
0.00012361571
0.00012273255
0.00012189669
0.0001217388
0.00011971993
0.00018636268
0.001075927
0.00068185658
0.0003633219
0.00022315451
0.00017562069
0.00015781912
0.00014817774
0.00014145225
0.00013639027
0.00013250529
0.0001294909
0.00012713059
0.00012526681
0.00012379244
0.00012260838
0.00012171141
0.00012086351
0.00012071579
0.00011858052
0.00017634551
0.0010718458
0.00068052225
0.00036355435
0.00022332871
0.00017530565
0.00015719204
0.00014738461
0.00014055731
0.00013542294
0.0001314829
0.00012842547
0.00012603085
0.00012413929
0.00012264203
0.00012143903
0.00012052566
0.00011966375
0.00011952131
0.00011727996
0.00016604575
0.0010671469
0.00067898411
0.00036382319
0.00022354785
0.00017497375
0.00015650253
0.0001465034
0.00013955865
0.00013434091
0.00013033748
0.00012723045
0.00012479628
0.00012287266
0.00012134898
0.0001201241
0.00011919176
0.00011831405
0.00011817132
0.00011583951
0.00015614013
0.0010618454
0.00067724561
0.00036412759
0.00022381819
0.00017463808
0.00015576577
0.00014554987
0.00013847241
0.00013316067
0.0001290858
0.00012592282
0.000123444
0.00012148416
0.0001199306
0.00011868099
0.00011772716
0.00011683204
0.00011668279
0.00011428127
0.00014702053
0.0010559585
0.00067531057
0.00036446584
0.00022414501
0.00017431125
0.00015499694
0.00014454002
0.0001373151
0.00013189919
0.00012774517
0.00012452016
0.00012199178
0.00011999171
0.00011840494
0.00011712783
0.00011615006
0.00011523609
0.0001150735
0.00011262778
0.00013886577
0.0010495053
0.00067318309
0.0003648353
0.00022453253
0.00017400517
0.00015421095
0.00014348982
0.00013610336
0.00013057361
0.00012633316
0.00012304037
0.00012045779
0.00011841367
0.0001167905
0.00011548326
0.00011447917
0.00011354509
0.00011336189
0.00011090157
0.00013171192
0.0010425069
0.00067086752
0.00036523257
0.00022498385
0.00017373079
0.00015342213
0.0001424149
0.00013485361
0.000129201
0.00012486737
0.00012150144
0.0001188603
0.00011676855
0.000115106
0.00011376612
0.00011273345
0.00011177821
0.00011156682
0.00010912518
0.00012550746
0.0010349858
0.00066836835
0.00036565346
0.00022550084
0.00017349796
0.00015264404
0.00014133033
0.00013358184
0.0001277981
0.00012336508
0.00011992113
0.00011721745
0.00011507477
0.00011337008
0.00011199526
0.00011093189
0.00010995459
0.00010970742
0.00010732124
0.000120153
0.0010269657
0.00066569016
0.00036609316
0.00022608425
0.00017331526
0.00015188923
0.0001402504
0.00013230337
0.00012638101
0.00012184309
0.00011831674
0.00011554696
0.0001133504
0.00011160106
0.00011018921
0.00010909318
0.00010809309
0.00010780286
0.00010551233
0.00011552752
0.0010184716
0.00066283757
0.00036654631
0.00022673365
0.00017318993
0.00015116906
0.00013918837
0.00013103259
0.00012496501
0.00012031739
0.00011670486
0.00011386587
0.00011161284
0.00010981667
0.00010836596
0.00010723552
0.00010621206
0.00010587221
0.00010372091
0.00011150329
0.0010095294
0.00065981525
0.00036700713
0.00022744759
0.00017312783
0.00015049363
0.00013815632
0.00012978281
0.00012356435
0.00011880298
0.0001151011
0.00011219031
0.00010987864
0.0001080338
0.00010654267
0.00010537631
0.00010432901
0.00010393423
0.00010195768
0.00010796662
0.0010001655
0.0006566278
0.00036746952
0.00022822366
0.00017313345
0.00014987167
0.00013716509
0.0001285661
0.00012219203
0.00011731365
0.00011351992
0.00011053528
0.00010816325
0.00010626825
0.00010473545
0.00010353193
0.00010246044
0.00010200709
0.00010021512
0.0001048324
0.0009904068
0.00065327983
0.00036792719
0.00022905861
0.00017320997
0.00014931052
0.00013622412
0.00012739316
0.00012085971
0.00011586186
0.00011197443
0.00010891445
0.0001064808
0.00010453455
0.00010295917
0.00010171752
0.00010062159
0.0001001077
9.8491902e-05
0.00010202082
0.00098028064
0.00064977587
0.00036837374
0.00022994847
0.00017335929
0.00014881612
0.00013534146
0.00012627329
0.00011957762
0.00011445861
0.00011047629
0.00010734002
0.00010484397
0.00010284577
0.00010122722
9.9946811e-05
9.8826266e-05
9.8251171e-05
9.6790861e-05
9.9456735e-05
0.00096981427
0.00064612039
0.00036880277
0.00023088871
0.00017358221
0.0001483931
0.00013452379
0.00012521435
0.0001183545
0.00011311336
0.0001090356
0.00010582264
0.00010326386
0.00010121342
9.9551443e-05
9.8231931e-05
9.7086706e-05
9.6450411e-05
9.5117612e-05
9.7073235e-05
0.00095903485
0.00064231783
0.00036920793
0.00023187431
0.00017387847
0.00014804483
0.00013377644
0.0001242228
0.00011719761
0.00011183406
0.00010766087
0.00010437133
0.00010174991
9.9647319e-05
9.794198e-05
9.6583349e-05
9.5413441e-05
9.4716478e-05
9.3480881e-05
9.4837018e-05
0.00094796931
0.00063837254
0.00036958304
0.00023289993
0.00017424692
0.00014777351
0.00013310347
0.00012330373
0.00011611277
0.00011062712
0.00010635904
0.00010299347
0.00010030993
9.815561e-05
9.6407275e-05
9.5009807e-05
9.3815261e-05
9.3059107e-05
9.1893192e-05
9.2759411e-05
0.00093664416
0.00063428884
0.00036992209
0.00023395998
0.00017468563
0.00014758032
0.00013250778
0.00012246099
0.00011510445
0.00010949752
0.00010513554
0.00010169489
9.8950076e-05
9.674477e-05
9.4954066e-05
9.3518319e-05
9.2299224e-05
9.148645e-05
9.0369181e-05
9.0856165e-05
0.00092508537
0.000630071
0.00037021934
0.00023504873
0.00017519204
0.00014746549
0.00013199122
0.00012169727
0.00011417588
0.0001084489
0.00010399437
0.00010047991
9.7674969e-05
9.5419675e-05
9.3587455e-05
9.2114227e-05
9.0870719e-05
9.000468e-05
8.8923358e-05
8.9112683e-05
0.00091331826
0.00062572325
0.00037046929
0.00023616037
0.00017576303
0.00014742849
0.00013155468
0.00012101422
0.00011332916
0.00010748369
0.00010293823
9.935149e-05
9.6487789e-05
9.4183714e-05
9.2311011e-05
9.0801301e-05
8.9533576e-05
8.8618066e-05
8.7567519e-05
8.7510839e-05
0.0009013674
0.00062124979
0.00037066677
0.00023728912
0.00017639507
0.00014746806
0.00013119829
0.0001204126
0.00011256537
0.00010660323
0.00010196868
9.831136e-05
9.5390433e-05
9.3038934e-05
9.1126914e-05
8.958187e-05
8.829019e-05
8.7329152e-05
8.6307705e-05
8.6041268e-05
0.00088925655
0.00061665481
0.00037080693
0.00023842923
0.0001770843
0.0001475824
0.00013092145
0.00011989238
0.00011188479
0.00010580794
0.00010108626
9.7360184e-05
9.4383666e-05
9.1986201e-05
9.0036116e-05
8.845699e-05
8.7141689e-05
8.6138982e-05
8.5144667e-05
8.4697768e-05
0.00087700856
0.00061194245
0.00037088523
0.00023957505
0.0001778266
0.00014776924
0.00013072299
0.00011945291
0.00011128696
0.00010509748
0.00010029068
9.6497724e-05
9.3467301e-05
9.1025374e-05
8.9038523e-05
8.7426625e-05
8.6088099e-05
8.5047358e-05
8.4076811e-05
8.3474711e-05
0.00086464533
0.00060711689
0.00037089747
0.00024072108
0.00017861767
0.00014802592
0.00013060126
0.00011909299
0.00011077083
0.00010447083
9.9580965e-05
9.5722998e-05
9.264036e-05
9.0155483e-05
8.8133172e-05
8.6489827e-05
8.5128533e-05
8.4053088e-05
8.3101773e-05
8.2366875e-05
0.0008521878
0.00060218226
0.0003708398
0.00024186197
0.00017945311
0.00014834947
0.00013055425
0.00011881098
0.00011033489
0.0001039265
9.8955569e-05
9.5034434e-05
9.1901237e-05
8.9374894e-05
8.7318407e-05
8.5644922e-05
8.4261361e-05
8.3154216e-05
8.221688e-05
8.1369379e-05
0.00083965586
0.00059714271
0.00037070869
0.00024299254
0.00018032841
0.00014873669
0.00013057961
0.00011860492
0.00010997726
0.00010346258
9.8412532e-05
9.4430006e-05
9.1247842e-05
8.8681462e-05
8.6592038e-05
8.4889675e-05
8.3484378e-05
8.2348217e-05
8.1419487e-05
8.0477786e-05
0.00082706841
0.00059200239
0.00037050092
0.0002441078
0.00018123907
0.00014918421
0.00013067476
0.00011847256
0.00010969577
0.00010307688
9.7949578e-05
9.3907351e-05
9.0677731e-05
8.8072668e-05
8.5951482e-05
8.422144e-05
8.2794955e-05
8.1632163e-05
8.0707037e-05
7.9687999e-05
0.00081444329
0.00058676545
0.00037021361
0.00024520297
0.00018218056
0.00014968852
0.00013083695
0.00011841147
0.00010948806
0.00010276696
9.7564203e-05
9.3463871e-05
9.0188212e-05
8.7545736e-05
8.5393889e-05
8.3637287e-05
8.2190168e-05
8.1002858e-05
8.0076956e-05
7.8996039e-05
0.00080179732
0.00058143604
0.00036984418
0.00024627345
0.00018314838
0.00015024602
0.00013106326
0.00011841906
0.00010935161
0.00010253028
9.7253756e-05
9.3096813e-05
8.9776435e-05
8.7097726e-05
8.4916238e-05
8.3134115e-05
8.1666906e-05
8.0456952e-05
7.9526569e-05
7.8397981e-05
0.0007891463
0.00057601831
0.00036939033
0.00024731486
0.00018413808
0.00015085301
0.00013135068
0.00011849264
0.00010928379
0.00010236417
9.7015498e-05
9.2803342e-05
8.9439467e-05
8.672561e-05
8.4515423e-05
8.2708732e-05
8.1221964e-05
7.9991019e-05
7.9053099e-05
7.7889966e-05
0.00077650501
0.00057051641
0.00036885007
0.000248323
0.00018514525
0.00015150579
0.00013169613
0.00011862944
0.00010928195
0.00010226593
9.6846646e-05
9.2580583e-05
8.9174342e-05
8.6426337e-05
8.4188313e-05
8.2357923e-05
8.0852104e-05
7.9601619e-05
7.8653721e-05
7.7468246e-05
0.00076388726
0.00056493449
0.00036822166
0.00024929389
0.00018616557
0.00015220062
0.00013209648
0.00011882665
0.00010934335
0.00010223283
9.674441e-05
9.2425668e-05
8.8978107e-05
8.6196871e-05
8.39318e-05
8.2078502e-05
8.0554118e-05
7.9285357e-05
7.8325628e-05
7.7129265e-05
0.00075130587
0.00055927667
0.00036750364
0.00025022372
0.00018719477
0.00015293375
0.00013254854
0.00011908142
0.00010946527
0.00010226215
9.6706017e-05
9.2335755e-05
8.8847847e-05
8.6034226e-05
8.374283e-05
8.1867344e-05
8.0324856e-05
7.9038912e-05
7.8066108e-05
7.6869711e-05
0.00073877278
0.00055354709
0.00036669478
0.0002511089
0.00018822867
0.00015370141
0.00013304911
0.00011939088
0.00010964498
0.00010235118
9.6728728e-05
9.2308052e-05
8.8780707e-05
8.5935484e-05
8.361843e-05
8.1721411e-05
8.0161254e-05
7.8859072e-05
7.7872604e-05
7.6678201e-05
0.00072629899
0.00054774985
0.00036579409
0.00025194601
0.0001892632
0.00015449988
0.00013359497
0.00011975216
0.00010987976
0.00010249723
9.6809848e-05
9.2339824e-05
8.8773905e-05
8.5897811e-05
8.3555713e-05
8.1637764e-05
8.0060352e-05
7.8742746e-05
7.7742558e-05
7.6540764e-05
0.00071389465
0.00054188905
0.00036480083
0.00025273181
0.00019029433
0.00015532542
0.0001341829
0.00012016237
0.0001101669
0.00010269767
9.694673e-05
9.2428399e-05
8.8824734e-05
8.5918457e-05
8.3551892e-05
8.1613567e-05
8.0019295e-05
7.8686984e-05
7.7673175e-05
7.645357e-05
0.00070156909
0.00053596876
0.00036371445
0.00025346323
0.00019131816
0.00015617432
0.00013480966
0.00012061863
0.0001105037
0.00010294986
9.7136776e-05
9.2571172e-05
8.8930563e-05
8.5994765e-05
8.3604278e-05
8.1646096e-05
8.0035341e-05
7.868897e-05
7.7661406e-05
7.6426858e-05
0.00068933085
0.000529993
0.0003625346
0.0002541374
0.00019233088
0.00015704292
0.00013547202
0.00012111806
0.00011088749
0.00010325123
9.7377438e-05
9.2765598e-05
8.9088838e-05
8.6124159e-05
8.3710274e-05
8.1732724e-05
8.0105852e-05
7.8746013e-05
7.7704281e-05
7.6468454e-05
0.00067718772
0.00052396579
0.00036126115
0.00025475161
0.00019332874
0.00015792754
0.00013616673
0.00012165779
0.00011131559
0.00010359922
9.7666213e-05
9.3009193e-05
8.9297075e-05
8.6304148e-05
8.3867375e-05
8.1870926e-05
8.0228294e-05
7.885553e-05
7.7799189e-05
7.6576377e-05
0.00066514677
0.00051789109
0.00035989413
0.00025530329
0.00019430812
0.00015882458
0.00013689057
0.00012223492
0.00011178536
0.00010399131
9.8000637e-05
9.3299523e-05
8.9552853e-05
8.653231e-05
8.4073156e-05
8.2058264e-05
8.0400228e-05
7.9015036e-05
7.7943907e-05
7.6738856e-05
0.00065321441
0.00051177282
0.00035843377
0.00025579007
0.00019526549
0.00015973044
0.00013764031
0.00012284658
0.00011229415
0.00010442499
9.8378281e-05
9.3634203e-05
8.9853808e-05
8.6806291e-05
8.4325265e-05
8.2292381e-05
8.0619296e-05
7.9222132e-05
7.8136377e-05
7.6944865e-05
0.00064139639
0.00050561486
0.00035688044
0.00025620972
0.00019619741
0.00016064156
0.0001384127
0.00012348989
0.00011283931
0.00010489776
9.8796743e-05
9.4010885e-05
9.0197624e-05
8.7123794e-05
8.4621415e-05
8.2570991e-05
8.088322e-05
7.9474503e-05
7.8374512e-05
7.7192098e-05
0.00062969789
0.00049942105
0.0003552347
0.00025656018
0.00019710054
0.00016155444
0.00013920454
0.00012416195
0.00011341821
0.00010540715
9.9253647e-05
9.4427254e-05
9.0582029e-05
8.748257e-05
8.4959374e-05
8.2891869e-05
8.1189784e-05
7.9769908e-05
7.8656185e-05
7.7480258e-05
0.0006181235
0.00049319515
0.00035349724
0.00025683952
0.00019797163
0.00016246559
0.00014001259
0.00012485988
0.00011402821
0.00010595068
9.9746632e-05
9.4881023e-05
9.100478e-05
8.7880412e-05
8.5336957e-05
8.3252842e-05
8.153683e-05
8.010617e-05
7.8979276e-05
7.7808322e-05
0.00060667729
0.0004869409
0.0003516689
0.00025704599
0.00019880756
0.00016337159
0.00014083366
0.00012558078
0.00011466667
0.0001065259
0.00010027335
9.536992e-05
9.1463664e-05
8.8315143e-05
8.5752015e-05
8.3651779e-05
8.1922243e-05
8.0481167e-05
7.9341697e-05
7.8174696e-05
0.00059536284
0.00048066194
0.00034975066
0.00025717797
0.0001996053
0.00016426906
0.00014166454
0.00012632174
0.00011533093
0.00010713033
0.00010083145
9.5891691e-05
9.1956486e-05
8.8784612e-05
8.620243e-05
8.4086585e-05
8.2343949e-05
8.0892822e-05
7.9741394e-05
7.8577512e-05
0.00058418325
0.00047436187
0.00034774363
0.00025723401
0.00020036191
0.00016515466
0.00014250204
0.00012707987
0.00011601835
0.0001077615
0.0001014186
9.6444086e-05
9.2481064e-05
8.9286688e-05
8.6686108e-05
8.455519e-05
8.2799901e-05
8.1339093e-05
8.0176341e-05
7.9014809e-05
0.00057314122
0.00046804424
0.00034564903
0.00025721279
0.00020107458
0.00016602512
0.000143343
0.00012785225
0.00011672626
0.00010841694
0.00010203246
9.702486e-05
9.3035226e-05
8.981925e-05
8.7200969e-05
8.5055545e-05
8.3288074e-05
8.1817966e-05
8.0644535e-05
7.9484629e-05
0.000562239
0.00046171251
0.00034346823
0.00025711315
0.0002017406
0.00016687722
0.00014418425
0.00012863598
0.00011745198
0.00010909415
0.00010267067
9.7631768e-05
9.36168e-05
9.0380186e-05
8.7744944e-05
8.5585613e-05
8.380646e-05
8.2327447e-05
8.1143986e-05
7.9985045e-05
0.00055147851
0.00045537008
0.00034120269
0.00025693405
0.00020235739
0.00016770781
0.00014502267
0.00012942814
0.00011819284
0.00010979066
0.00010333089
9.8262561e-05
9.4223617e-05
9.0967384e-05
8.8315969e-05
8.6143366e-05
8.4353059e-05
8.2865558e-05
8.1672716e-05
8.0514173e-05
0.0005408613
0.00044902029
0.00033885398
0.00025667461
0.00020292245
0.00016851379
0.00014585516
0.00013022583
0.00011894616
0.00011050395
0.00010401076
9.8914982e-05
9.4853501e-05
9.1578733e-05
8.8911981e-05
8.6726779e-05
8.4925876e-05
8.3430327e-05
8.2228748e-05
8.1070161e-05
0.0005303886
0.0004426664
0.00033642378
0.00025633411
0.00020343344
0.00016929214
0.00014667862
0.00013102614
0.00011970923
0.00011123151
0.00010470789
9.9586767e-05
9.5504272e-05
9.2212115e-05
8.9530915e-05
8.7333826e-05
8.5522916e-05
8.4019787e-05
8.2810106e-05
8.1651178e-05
0.00052006133
0.00043631161
0.00033391387
0.00025591194
0.00020388811
0.00017003993
0.00014749003
0.00013182618
0.00012047937
0.00011197081
0.0001054199
0.00010027564
9.6173738e-05
9.2865407e-05
9.01707e-05
8.7962477e-05
8.6142183e-05
8.4631969e-05
8.3414813e-05
8.2255402e-05
0.00050988016
0.00042995903
0.00033132611
0.00025540764
0.00020428433
0.0001707543
0.00014828637
0.00013262306
0.00012125386
0.00011271933
0.00010614441
0.00010097932
9.6859701e-05
9.3536476e-05
9.0829255e-05
8.8610693e-05
8.6781673e-05
8.5264901e-05
8.4040887e-05
8.2881012e-05
0.00049984549
0.00042361172
0.00032866245
0.00025482089
0.00020462013
0.00017143245
0.0001490647
0.00013341393
0.00012203001
0.00011347453
0.00010687901
0.0001016955
9.7559948e-05
9.4223179e-05
9.1504492e-05
8.9276431e-05
8.7439374e-05
8.5916604e-05
8.4686338e-05
8.3526171e-05
0.00048995747
0.00041727267
0.00032592495
0.00025415152
0.00020489363
0.0001720717
0.00014982209
0.00013419592
0.00012280513
0.00011423387
0.00010762128
0.00010242188
9.8272258e-05
9.4923362e-05
9.2194312e-05
8.9957634e-05
8.8113265e-05
8.6585089e-05
8.5349173e-05
8.4189027e-05
0.00048021606
0.00041094478
0.00032311571
0.00025339947
0.00020510309
0.00017266946
0.0001505557
0.00013496623
0.00012357653
0.00011499479
0.00010836882
0.00010315615
9.8994398e-05
9.5634859e-05
9.2896604e-05
9.0652236e-05
8.8801314e-05
8.7268358e-05
8.6027388e-05
8.4867702e-05
0.000470621
0.00040463089
0.00032023694
0.00025256484
0.0002052469
0.00017322322
0.00015126272
0.00013572206
0.00012434153
0.00011575477
0.00010911918
0.00010389598
9.9724128e-05
9.6355495e-05
9.3609248e-05
9.1358159e-05
8.950148e-05
8.7964402e-05
8.6718976e-05
8.5560291e-05
0.00046117187
0.0003983338
0.0003172909
0.00025164785
0.00020532361
0.00017373058
0.00015194042
0.00013646066
0.00012509746
0.00011651124
0.00010986995
0.00010463904
0.0001004592
9.7083085e-05
9.4330111e-05
9.2073316e-05
9.0211707e-05
8.8671198e-05
8.7421918e-05
8.6264863e-05
0.00045186806
0.00039205619
0.00031427993
0.00025064885
0.00020533186
0.00017418926
0.00015258615
0.00013717931
0.0001258417
0.0001172617
0.0001106187
0.000105383
0.00010119734
9.7815436e-05
9.5057053e-05
9.2795608e-05
9.0929934e-05
8.9386715e-05
8.813419e-05
8.6979459e-05
0.00044270881
0.00038580073
0.00031120643
0.00024956832
0.00020527045
0.00017459708
0.00015319731
0.00013787533
0.00012657162
0.0001180036
0.00011136301
0.00010612552
0.00010193631
9.8550348e-05
9.5787925e-05
9.3522928e-05
9.1654086e-05
9.0108909e-05
8.885376e-05
8.7702097e-05
0.00043369323
0.00037956998
0.00030807285
0.00024840688
0.00020513833
0.00017495196
0.0001537714
0.00013854612
0.00012728463
0.00011873446
0.00011210046
0.00010686426
0.00010267384
9.9285618e-05
9.6520574e-05
9.4253163e-05
9.2382084e-05
9.083573e-05
8.957859e-05
8.8430775e-05
0.0004248203
0.00037336648
0.00030488171
0.00024716526
0.00020493456
0.00017525196
0.000154306
0.0001391891
0.00012797819
0.00011945178
0.00011282865
0.0001075969
0.00010340766
0.00010001904
9.725284e-05
9.4984194e-05
9.311184e-05
9.1565116e-05
9.0306638e-05
8.9163472e-05
0.00041608887
0.00036719269
0.00030163557
0.00024584432
0.00020465837
0.00017549525
0.00015479878
0.00013980178
0.00012864979
0.00012015311
0.00011354519
0.00010832113
0.00010413552
0.00010074841
9.7982565e-05
9.5713899e-05
9.3841263e-05
9.2295003e-05
9.1035857e-05
8.9898156e-05
0.00040749771
0.00036105101
0.00029833704
0.00024444505
0.00020430911
0.00017568013
0.0001552475
0.00014038172
0.00012929695
0.00012083603
0.00011424771
0.00010903463
0.00010485517
0.00010147153
9.8707591e-05
9.6440155e-05
9.4568262e-05
9.3023322e-05
9.1764197e-05
9.0632786e-05
0.00039904545
0.0003549438
0.00029498878
0.00024296853
0.00020388627
0.00017580504
0.00015565004
0.00014092657
0.00012991727
0.00012149813
0.00011493388
0.00010973511
0.00010556437
0.0001021862
9.9425765e-05
9.7160845e-05
9.5290745e-05
9.3748005e-05
9.2489611e-05
9.1365316e-05
0.00039073067
0.00034887337
0.00029159346
0.00024141598
0.00020338951
0.00017586852
0.00015600437
0.00014143404
0.00013050839
0.00012213706
0.00011560136
0.00011042031
0.00010626089
0.00010289024
0.00010013494
9.7873853e-05
9.6006625e-05
9.4466984e-05
9.3210052e-05
9.2093703e-05
0.00038255186
0.000342842
0.0002881538
0.00023978872
0.00020281859
0.00017586928
0.00015630857
0.00014190193
0.000131068
0.00012275053
0.00011624789
0.00011108798
0.00010694255
0.0001035815
0.00010083299
9.8577076e-05
9.6713821e-05
9.5178198e-05
9.392348e-05
9.2815889e-05
0.00037450744
0.00033685189
0.00028467256
0.00023808818
0.00020217345
0.00017580614
0.00015656084
0.00014232815
0.0001315939
0.00012333626
0.00011687122
0.00011173592
0.00010760714
0.00010425781
0.0001015178
9.9268423e-05
9.7410267e-05
9.5879593e-05
9.4627862e-05
9.3529858e-05
0.00036659576
0.00033090522
0.00028115248
0.00023631591
0.00020145415
0.00017567807
0.00015675949
0.00014271067
0.00013208391
0.00012389208
0.00011746916
0.00011236193
0.00010825253
0.00010491707
0.00010218726
9.9945819e-05
9.8093908e-05
9.6569126e-05
9.5321177e-05
9.4233593e-05
0.00035881515
0.00032500413
0.00027759636
0.00023447353
0.0002006609
0.00017548418
0.00015690298
0.00014304757
0.00013253596
0.00012441582
0.00011803954
0.00011296389
0.0001088766
0.00010555717
0.00010283931
0.00010060721
9.8762706e-05
9.7244776e-05
9.600142e-05
9.4925066e-05
0.00035116387
0.00031915073
0.00027400696
0.00023256278
0.00019979403
0.00017522373
0.00015698985
0.00014333705
0.00013294805
0.00012490543
0.00011858028
0.0001135397
0.00010947726
0.00010617604
0.00010347189
0.00010125056
9.9414646e-05
9.7904536e-05
9.6666606e-05
9.5602253e-05
0.00034364012
0.0003133471
0.00027038708
0.00023058549
0.00019885403
0.00017489611
0.0001570188
0.00014357741
0.00013331828
0.00012535891
0.00011908935
0.00011408731
0.00011005248
0.00010677167
0.000104083
0.00010187388
0.00010004774
9.8546424e-05
9.7314772e-05
9.6263139e-05
0.0003362421
0.00030759532
0.00026673947
0.00022854358
0.00019784153
0.00017450086
0.00015698866
0.00014376705
0.00013364484
0.00012577432
0.00011956476
0.00011460474
0.00011060027
0.00010734207
0.00010467066
0.0001024752
0.00010066003
9.9168486e-05
9.7943985e-05
9.6905724e-05
0.00032896794
0.00030189747
0.00026306688
0.00022643904
0.00019675727
0.00017403767
0.0001568984
0.00014390449
0.00013392601
0.00012614983
0.00012000462
0.00011509006
0.00011111868
0.00010788529
0.00010523292
0.00010305258
0.00010124959
9.9768798e-05
9.855234e-05
9.7528026e-05
0.00032181573
0.00029625564
0.00025937204
0.00022427396
0.00019560214
0.00017350636
0.00015674709
0.00014398838
0.00013416018
0.00012648369
0.0001204071
0.00011554139
0.00011160583
0.00010839945
0.00010576791
0.00010360413
0.00010181454
0.00010034547
9.9137969e-05
9.8128095e-05
0.00031478461
0.00029067042
0.00025565762
0.00022205051
0.00019437715
0.00017290691
0.00015653398
0.0001440175
0.00013434583
0.00012677422
0.00012077044
0.00011595695
0.00011205991
0.0001088827
0.00010627378
0.00010412802
0.00010235304
0.00010089667
9.9699039e-05
9.8704015e-05
0.00030787377
0.0002851423
0.00025192626
0.00021977091
0.00019308346
0.00017223945
0.00015625845
0.00014399072
0.00013448157
0.00012701987
0.00012109298
0.000116335
0.00011247914
0.00010933329
0.00010674874
0.00010462245
0.00010286328
0.00010142058
0.00010023376
9.9253922e-05
0.00030108237
0.00027967179
0.00024818054
0.00021743748
0.00019172232
0.00017150422
0.00015592001
0.00014390709
0.00013456613
0.00012721916
0.00012137314
0.00011667391
0.00011286186
0.00010974948
0.00010719107
0.00010508569
0.00010334353
0.00010191545
0.00010074038
9.9776008e-05
0.00029440955
0.00027425946
0.00024442303
0.00021505258
0.00019029513
0.00017070165
0.00015551832
0.00014376574
0.00013459832
0.00012737073
0.00012160944
0.0001169721
0.00011320644
0.00011012965
0.00010759911
0.00010551605
0.00010379209
0.00010237959
0.00010121721
0.00010026854
0.0002878544
0.00026890589
0.00024065627
0.00021261862
0.00018880338
0.00016983227
0.00015505318
0.00014356598
0.00013457712
0.00012747333
0.00012180047
0.00011722811
0.00011351135
0.00011047223
0.00010797125
0.00010591193
0.00010420735
0.00010281136
0.00010166259
0.00010072985
0.00028141598
0.00026361171
0.00023688275
0.00021013808
0.00018724868
0.00016889677
0.00015452454
0.00014330723
0.0001345016
0.0001275258
0.00012194497
0.00011744055
0.00011377515
0.00011077571
0.00010830599
0.00010627177
0.00010458774
0.00010320918
0.00010207493
0.00010115838
0.00027509336
0.00025837754
0.00023310494
0.00020761347
0.00018563276
0.00016789596
0.00015393248
0.00014298904
0.00013437096
0.00012752713
0.00012204173
0.00011760812
0.00011399647
0.00011103869
0.00010860186
0.0001065941
0.00010493176
0.00010357153
0.0001024527
0.00010155263
0.00026888553
0.00025320402
0.00022932529
0.00020504734
0.00018395743
0.00016683081
0.00015327724
0.00014261112
0.00013418454
0.00012747639
0.00012208968
0.00011772964
0.00011417404
0.00011125984
0.00010885751
0.00010687754
0.00010523799
0.00010389698
0.00010279442
0.00010191121
0.00026279149
0.00024809182
0.0002255462
0.00020244229
0.00018222462
0.00016570238
0.00015255917
0.0001421733
0.0001339418
0.00012737281
0.00012208786
0.00011780402
0.0001143067
0.00011143793
0.00010907165
0.00010712075
0.0001055051
0.00010418416
0.0001030987
0.00010223277
0.0002568102
0.00024304158
0.00022177005
0.00019980093
0.00018043633
0.00016451191
0.00015177879
0.00014167557
0.00013364235
0.0001272157
0.00012203541
0.00011783028
0.00011439337
0.00011157182
0.00010924309
0.00010732251
0.00010573181
0.00010443178
0.00010336421
0.00010251604
0.0002509406
0.00023805394
0.00021799918
0.0001971259
0.00017859466
0.0001632607
0.00015093675
0.00014111803
0.00013328591
0.00012700453
0.00012193161
0.00011780755
0.00011443307
0.00011166046
0.00010937073
0.00010748168
0.00010591694
0.00010463864
0.00010358972
0.0001027598
0.00024518161
0.00023312955
0.00021423593
0.00019441987
0.00017670178
0.00016195021
0.00015003382
0.00014050094
0.00013287234
0.00012673888
0.00012177582
0.00011773507
0.00011442494
0.00011170291
0.00010945357
0.0001075972
0.00010605942
0.00010480361
0.00010377408
0.00010296288
0.00023953212
0.00022826901
0.00021048255
0.00019168551
0.00017475993
0.00016058201
0.00014907092
0.00013982469
0.00013240164
0.00012641847
0.00012156756
0.00011761218
0.00011436823
0.00011169833
0.00010949069
0.00010766811
0.00010615824
0.00010492566
0.00010391622
0.00010312417
0.000233991
0.00022347294
0.0002067413
0.00018892551
0.00017277144
0.00015915777
0.00014804908
0.00013908979
0.00013187395
0.00012604313
0.00012130646
0.00011743837
0.00011426229
0.00011164597
0.0001094813
0.00010769357
0.00010621249
0.00010500385
0.00010401518
0.00010324263
0.00022855712
0.0002187419
0.00020301438
0.00018614256
0.00017073868
0.00015767925
0.00014696948
0.00013829691
0.00013128952
0.00012561284
0.00012099227
0.00011721322
0.00011410658
0.00011154522
0.0001094247
0.0001076728
0.00010622138
0.00010503733
0.00010407008
0.00010331731
0.0002232293
0.00021407644
0.00019930394
0.00018333935
0.00016866408
0.00015614833
0.00014583338
0.00013744684
0.00013064875
0.00012512769
0.00012062487
0.00011693645
0.00011390069
0.00011139556
0.00010932029
0.00010760516
0.00010618419
0.00010502537
0.00010408014
0.00010334737
0.00021800635
0.00020947708
0.0001956121
0.00018051856
0.00016655013
0.00015456697
0.00014464221
0.00013654048
0.00012995217
0.00012458791
0.00012020425
0.00011660788
0.00011364431
0.00011119659
0.0001091676
0.0001074901
0.00010610034
0.00010496732
0.00010404467
0.00010333208
0.00021288708
0.00020494429
0.00019194091
0.00017768286
0.00016439935
0.00015293722
0.00014339747
0.00013557888
0.00012920044
0.00012399387
0.00011973056
0.00011622746
0.00011333728
0.00011094801
0.00010896624
0.00010732719
0.00010596932
0.00010486263
0.0001039631
0.00010327083
0.00020787027
0.00020047852
0.0001882924
0.00017483491
0.0001622143
0.0001512612
0.00014210077
0.0001345632
0.00012839433
0.00012334604
0.00011920403
0.00011579528
0.00011297951
0.00011064967
0.00010871597
0.00010711609
0.00010579074
0.00010471088
0.00010383493
0.00010316311
0.00020295467
0.00019608015
0.00018466851
0.00017197735
0.00015999757
0.00014954111
0.00014075385
0.00013349471
0.00012753475
0.00012264503
0.00011862506
0.00011531154
0.00011257108
0.00011030149
0.00010841664
0.00010685658
0.00010556434
0.00010451175
0.00010365978
0.00010300854
0.00019813904
0.00019174953
0.00018107115
0.00016911277
0.00015775177
0.00014777922
0.00013935852
0.0001323748
0.00012662273
0.00012189158
0.00011799414
0.00011477654
0.00011211215
0.00010990355
0.00010806821
0.00010654857
0.00010528994
0.00010426502
0.00010343735
0.00010280685
0.0001934221
0.00018748698
0.00017750215
0.00016624375
0.00015547953
0.00014597785
0.00013791667
0.00013120497
0.00012565941
0.00012108655
0.00011731189
0.00011419073
0.00011160303
0.00010945603
0.00010767078
0.00010619207
0.00010496749
0.00010397061
0.00010316745
0.00010255791
0.00018880259
0.00018329273
0.00017396328
0.00016337282
0.00015318347
0.00014413937
0.0001364303
0.00012998681
0.00012464605
0.0001202309
0.00011657907
0.00011355468
0.00011104412
0.00010895922
0.00010722455
0.00010578719
0.00010459706
0.0001036285
0.00010284999
0.00010226176
0.00018427921
0.000179167
0.00017045624
0.00016050249
0.00015086624
0.00014226619
0.00013490147
0.00012872202
0.000123584
0.00011932572
0.00011579652
0.00011286907
0.00011043596
0.00010841353
0.00010672983
0.00010533417
0.0001041788
0.00010323884
0.00010248499
0.00010191862
0.00017985066
0.00017510993
0.00016698267
0.00015763518
0.00014853047
0.00014036078
0.0001333323
0.00012741238
0.00012247474
0.00011837221
0.00011496523
0.00011213467
0.0001097792
0.0001078195
0.00010618706
0.00010483337
0.00010371303
0.00010280182
0.0001020726
0.0001015289
0.00017551562
0.00017112162
0.00016354412
0.0001547733
0.00014617877
0.00013842561
0.000131725
0.00012605976
0.00012131983
0.00011737167
0.00011408628
0.00011135241
0.0001090746
0.00010717777
0.00010559678
0.00010428525
0.00010320013
0.00010231778
0.00010161313
0.00010109299
0.00017127277
0.00016720211
0.00016014208
0.00015191917
0.00014381374
0.00013646319
0.0001300818
0.0001246661
0.00012012093
0.0001163255
0.00011316087
0.0001105233
0.00010832302
0.00010648908
0.00010495965
0.00010369037
0.00010264063
0.00010178711
0.00010110712
0.0001006109
0.00016712077
0.00016335139
0.00015677796
0.00014907508
0.00014143796
0.00013447604
0.000128405
0.00012323342
0.00011887977
0.00011523521
0.00011219028
0.00010964846
0.00010752546
0.00010575431
0.00010427643
0.00010304944
0.00010203516
0.00010121032
0.00010055527
0.00010008238
0.0001630583
0.00015956939
0.00015345309
0.00014624322
0.00013905396
0.00013246667
0.00012669693
0.00012176379
0.00011759818
0.00011410238
0.0001111759
0.00010872911
0.00010668298
0.00010497442
0.000103548
0.00010236323
0.00010138445
0.00010058801
9.9958428e-05
9.9507854e-05
0.00015908399
0.00015585599
0.0001501687
0.00014342572
0.00013666426
0.00013043762
0.00012495995
0.00012025934
0.00011627805
0.00011292869
0.00011011923
0.00010776658
0.00010579679
0.00010415049
0.00010277533
0.00010163265
0.00010068932
9.9920936e-05
9.9317469e-05
9.8888359e-05
0.00015519651
0.000152211
0.00014692596
0.00014062466
0.00013427131
0.0001283914
0.00012319645
0.00011872226
0.00011492135
0.0001117159
0.00010902183
0.00010676228
0.00010486817
0.00010328368
0.0001019595
0.0001008587
9.9950697e-05
9.9209979e-05
9.8633311e-05
9.8224844e-05
0.0001513945
0.00014863422
0.00014372596
0.000137842
0.00013187752
0.00012633049
0.00012140882
0.00011715476
0.00011353009
0.00011046583
0.00010788536
0.00010571772
0.00010389847
0.00010237526
0.00010110168
0.00010004248
9.916959e-05
9.8456216e-05
9.7906684e-05
9.7517864e-05
0.0001476766
0.00014512534
0.00014056968
0.00013507966
0.00012948525
0.00012425739
0.00011959948
0.00011555911
0.00011210634
0.00010918036
0.00010671153
0.00010463447
0.00010288917
0.00010142659
0.00010020313
9.9185201e-05
9.8347086e-05
9.7660938e-05
9.7137532e-05
9.6767384e-05
0.00014404144
0.00014168405
0.00013745804
0.00013233944
0.00012709678
0.00012217454
0.00011777083
0.00011393757
0.00011065222
0.00010786146
0.00010550216
0.0001035142
0.00010184181
0.00010043911
9.9265224e-05
9.8288141e-05
9.7484361e-05
9.6825576e-05
9.6325401e-05
9.5973241e-05
0.00014048767
0.00013830995
0.00013439187
0.00012962308
0.00012471435
0.00012008434
0.00011592527
0.00011229244
0.00010916989
0.00010651112
0.00010425909
0.00010235863
0.000100758
9.9414331e-05
9.8289379e-05
9.7352677e-05
9.65827e-05
9.5951501e-05
9.5471503e-05
9.5136303e-05
0.00013701393
0.00013500263
0.0001313719
0.00012693222
0.0001223401
0.00011798917
0.00011406519
0.00011062603
0.00010766151
0.00010513138
0.00010298423
0.00010116955
9.9639432e-05
9.8353858e-05
9.7277116e-05
9.6380259e-05
9.5643499e-05
9.503993e-05
9.4578768e-05
9.4258761e-05
0.00013361885
0.00013176159
0.0001283988
0.00012426841
0.00011997613
0.00011589133
0.00011219296
0.00010894065
0.00010612929
0.00010372432
0.00010167955
9.9948824e-05
9.8487848e-05
9.725935e-05
9.623002e-05
9.5372409e-05
9.4668253e-05
9.4092091e-05
9.3649345e-05
9.3343181e-05
0.00013030109
0.00012858634
0.00012547314
0.00012163311
0.00011762442
0.0001137931
0.0001103109
0.00010723858
0.00010457544
0.00010229205
0.00010034704
9.8698335e-05
9.7305055e-05
9.6132529e-05
9.5149743e-05
9.4330714e-05
9.3658532e-05
9.3109349e-05
9.2684625e-05
9.2391859e-05
0.00012705927
0.00012547629
0.00012259541
0.00011902768
0.00011528692
0.00011169667
0.00010842132
0.00010552213
0.00010300219
0.0001008367
9.8988741e-05
9.7420023e-05
9.6092905e-05
9.4975173e-05
9.4037998e-05
9.3256828e-05
9.2615963e-05
9.2093207e-05
9.168662e-05
9.1406767e-05
0.00012389205
0.00012243085
0.00011976604
0.00011645341
0.00011296544
0.00010960418
0.00010652647
0.00010379356
0.00010141175
9.9360411e-05
9.7606699e-05
9.6115864e-05
9.4853294e-05
9.3789107e-05
9.2896547e-05
9.2152457e-05
9.154222e-05
9.1045293e-05
9.0657103e-05
9.0389602e-05
0.0001207981
0.00011944938
0.00011698535
0.00011391145
0.00011066173
0.00010751769
0.00010462856
0.00010205509
9.9806322e-05
9.7865323e-05
9.6202991e-05
9.4787856e-05
9.3588153e-05
9.2576199e-05
9.1727203e-05
9.1019361e-05
9.0439025e-05
8.9967313e-05
8.9597489e-05
8.934198e-05
0.00011777605
0.0001165312
0.00011425362
0.00011140291
0.00010837746
0.0001054392
0.00010272973
0.00010030894
9.8188101e-05
9.6353583e-05
9.4779703e-05
9.3438019e-05
9.2299439e-05
9.1338348e-05
9.0531813e-05
8.9859343e-05
8.9308144e-05
8.8861013e-05
8.8509327e-05
8.8265531e-05
0.00011482459
0.0001136756
0.00011157102
0.00010892877
0.00010611419
0.00010337063
0.0001008321
9.8557274e-05
9.6559251e-05
9.4827327e-05
9.3338918e-05
9.2068387e-05
9.098913e-05
9.0077481e-05
8.9312259e-05
8.8674241e-05
8.8151384e-05
8.7728184e-05
8.739429e-05
8.7161902e-05
0.00011194239
0.00011088185
0.00010893767
0.00010648993
0.00010387339
0.00010131379
9.893767e-05
9.6802197e-05
9.4921909e-05
9.3288671e-05
9.188272e-05
9.0680994e-05
8.9659216e-05
8.8795545e-05
8.8070447e-05
8.7465923e-05
8.6970584e-05
8.6570655e-05
8.6254076e-05
8.6032775e-05
0.00010912813
0.00010814916
0.00010635362
0.0001040872
0.00010165644
9.9270447e-05
9.7048414e-05
9.5045775e-05
9.3278171e-05
9.173971e-05
9.0413178e-05
8.9277877e-05
8.8311693e-05
8.7494498e-05
8.68083e-05
8.6236276e-05
8.5767614e-05
8.5390288e-05
8.5090382e-05
8.4879894e-05
0.0001063805
0.00010547676
0.00010381885
0.00010172131
9.9464627e-05
9.7242255e-05
9.5166215e-05
9.3290012e-05
9.1630093e-05
9.0182509e-05
8.8932341e-05
8.7861059e-05
8.6948556e-05
8.6176302e-05
8.5527752e-05
8.4987203e-05
8.454437e-05
8.4188949e-05
8.3904903e-05
8.3705136e-05
0.00010369821
0.00010286382
0.00010133328
9.9392878e-05
9.7299137e-05
9.5230786e-05
9.3292879e-05
9.1536848e-05
8.9979678e-05
8.8619093e-05
8.7442235e-05
8.643255e-05
8.5571791e-05
8.4842919e-05
8.423074e-05
8.3720611e-05
8.3302767e-05
8.2968473e-05
8.2699386e-05
8.2510639e-05
0.00010107997
0.00010030949
9.8896754e-05
9.7102456e-05
9.5161068e-05
9.3237522e-05
9.1430135e-05
8.9788157e-05
8.8328878e-05
8.7051448e-05
8.5944851e-05
8.4994334e-05
8.4183366e-05
8.3496299e-05
8.2919196e-05
8.2438411e-05
8.2044739e-05
8.1730614e-05
8.1475854e-05
8.1298906e-05
9.8524505e-05
9.7812928e-05
9.6509086e-05
9.485051e-05
9.3051424e-05
9.1263852e-05
8.9579627e-05
8.804574e-05
8.6679584e-05
8.5481509e-05
8.4442142e-05
8.3548367e-05
8.2785231e-05
8.2138379e-05
8.1595042e-05
8.1142506e-05
8.0772218e-05
8.0476993e-05
8.0237265e-05
8.0072451e-05
9.6030556e-05
9.5373248e-05
9.417002e-05
9.2637422e-05
9.0971116e-05
8.9311076e-05
8.7742917e-05
8.6311324e-05
8.5033621e-05
8.3911159e-05
8.293602e-05
8.2096567e-05
8.1379303e-05
8.0771071e-05
8.026018e-05
7.9834795e-05
7.94871e-05
7.9209223e-05
7.8987825e-05
7.8832259e-05
9.3596871e-05
9.2989562e-05
9.1879252e-05
9.04635e-05
8.8920965e-05
8.7380398e-05
8.5921477e-05
8.4586558e-05
8.3392748e-05
8.2342221e-05
8.1428343e-05
8.0640813e-05
7.9967467e-05
7.9396259e-05
7.8916489e-05
7.8517166e-05
7.8191191e-05
7.7929437e-05
7.7728685e-05
7.757792e-05
9.1222214e-05
9.0660967e-05
8.963643e-05
8.8328976e-05
8.6901705e-05
8.5472935e-05
8.4116692e-05
8.2873009e-05
8.1758652e-05
8.0776456e-05
7.9920917e-05
7.9182935e-05
7.8551565e-05
7.8015792e-05
7.7565816e-05
7.7191486e-05
7.6886199e-05
7.6640449e-05
7.6455512e-05
7.6311255e-05
8.8905365e-05
8.8386549e-05
8.744116e-05
8.6234011e-05
8.4913981e-05
8.3589709e-05
8.232986e-05
8.1172164e-05
8.0132945e-05
7.9215558e-05
7.8415488e-05
7.7724712e-05
7.7133396e-05
7.6631479e-05
7.6209974e-05
7.5859589e-05
7.5573837e-05
7.5344664e-05
7.5167992e-05
7.5035792e-05
8.6645115e-05
8.6165387e-05
8.5293006e-05
8.4178699e-05
8.2958358e-05
8.1731655e-05
8.0562187e-05
7.9485422e-05
7.851716e-05
7.7661151e-05
7.6913738e-05
7.6267865e-05
7.5714705e-05
7.5245082e-05
7.4850734e-05
7.4523258e-05
7.4255916e-05
7.4043322e-05
7.3873757e-05
7.3753557e-05
8.4440271e-05
8.399655e-05
8.3191494e-05
8.2163069e-05
8.1035316e-05
7.9899617e-05
7.8814793e-05
7.78141e-05
7.6912752e-05
7.6114785e-05
7.5417284e-05
7.4814054e-05
7.4297184e-05
7.385831e-05
7.3489824e-05
7.3184218e-05
7.2934279e-05
7.2737411e-05
7.2578226e-05
7.2466346e-05
8.2289655e-05
8.1879107e-05
8.1136117e-05
8.018709e-05
7.9145259e-05
7.8094355e-05
7.7088708e-05
7.6159429e-05
7.5321094e-05
7.4577935e-05
7.3927672e-05
7.3364875e-05
7.2882464e-05
7.247282e-05
7.2128924e-05
7.1844139e-05
7.1610695e-05
7.1428518e-05
7.1281724e-05
7.1176462e-05
8.0192106e-05
7.9812119e-05
7.9126335e-05
7.8250672e-05
7.7288515e-05
7.6316544e-05
7.5384875e-05
7.4522552e-05
7.3743478e-05
7.3051997e-05
7.2446375e-05
7.1921856e-05
7.1472112e-05
7.1090207e-05
7.0769659e-05
7.0504635e-05
7.0286851e-05
7.0118566e-05
6.998413e-05
6.9885311e-05
7.8146478e-05
7.779465e-05
7.716158e-05
7.6353673e-05
7.5465342e-05
7.4566775e-05
7.3704152e-05
7.2904528e-05
7.2181111e-05
7.1538289e-05
7.097479e-05
7.0486455e-05
7.006763e-05
6.9712002e-05
6.9413594e-05
6.9167257e-05
6.8964407e-05
6.8809205e-05
6.8686063e-05
6.8593436e-05
7.615164e-05
7.5825761e-05
7.5241258e-05
7.4495899e-05
7.3675927e-05
7.2845563e-05
7.2047312e-05
7.1306329e-05
7.0635117e-05
7.0038049e-05
6.9514239e-05
6.9060054e-05
6.8670449e-05
6.8339673e-05
6.8062233e-05
6.7833493e-05
6.7645027e-05
6.7501408e-05
6.738824e-05
6.7301228e-05
7.4206479e-05
7.3904514e-05
7.3364752e-05
7.267711e-05
7.1920392e-05
7.1153343e-05
7.0415046e-05
6.9728846e-05
6.9106538e-05
6.8552432e-05
6.8065965e-05
6.7643965e-05
6.728193e-05
6.6974618e-05
6.671701e-05
6.6504777e-05
6.6330281e-05
6.6196304e-05
6.6091756e-05
6.6009504e-05
7.2309899e-05
7.2029977e-05
7.1531426e-05
7.0897022e-05
7.01988e-05
6.9490479e-05
6.8807965e-05
6.8172886e-05
6.7596332e-05
6.7082514e-05
6.6631133e-05
6.6239419e-05
6.5903359e-05
6.5618165e-05
6.5379285e-05
6.5182499e-05
6.5021545e-05
6.4895953e-05
6.4798335e-05
6.4720457e-05
7.0460818e-05
7.0201217e-05
6.9740625e-05
6.9155312e-05
6.8511154e-05
6.7857263e-05
6.7226602e-05
6.6639174e-05
6.6105376e-05
6.5629291e-05
6.5210829e-05
6.4847574e-05
6.4535947e-05
6.4271572e-05
6.4050345e-05
6.3868006e-05
6.3720067e-05
6.3602181e-05
6.3509776e-05
6.3437176e-05
6.8658174e-05
6.8417311e-05
6.7991678e-05
6.745162e-05
6.6857402e-05
6.6253922e-05
6.5671415e-05
6.5128357e-05
6.4634469e-05
6.4193675e-05
6.3806059e-05
6.3469509e-05
6.318083e-05
6.2936022e-05
6.2731395e-05
6.2562595e-05
6.2427038e-05
6.2315964e-05
6.2227951e-05
6.2162121e-05
6.6900922e-05
6.6677339e-05
6.6283903e-05
6.5785552e-05
6.5237442e-05
6.4680617e-05
6.4142792e-05
6.3641007e-05
6.3184326e-05
6.2776503e-05
6.2417751e-05
6.2106225e-05
6.1839069e-05
6.1612626e-05
6.1423566e-05
6.1267511e-05
6.1143481e-05
6.103845e-05
6.0955532e-05
6.0896831e-05
6.5188031e-05
6.4980388e-05
6.4616606e-05
6.4156683e-05
6.3651126e-05
6.3137452e-05
6.2641051e-05
6.2177621e-05
6.1755592e-05
6.1378532e-05
6.1046756e-05
6.0758646e-05
6.0511646e-05
6.0302418e-05
6.0127915e-05
5.9983938e-05
5.9870155e-05
5.9772405e-05
5.969612e-05
5.9642823e-05
6.3518491e-05
6.3325554e-05
6.2989084e-05
6.2564562e-05
6.209826e-05
6.1624471e-05
6.1166445e-05
6.0738624e-05
6.0348833e-05
6.0000445e-05
5.9693848e-05
5.9427621e-05
5.9199469e-05
5.9006358e-05
5.8845432e-05
5.8712955e-05
5.8607847e-05
5.8520469e-05
5.845185e-05
5.8402119e-05
6.1891307e-05
6.1711941e-05
6.1400627e-05
6.1008714e-05
6.0578609e-05
6.0141667e-05
5.9719165e-05
5.9324374e-05
5.8964545e-05
5.8642849e-05
5.8359725e-05
5.8113924e-05
5.7903373e-05
5.7725327e-05
5.7577044e-05
5.7455481e-05
5.7357804e-05
5.728216e-05
5.722135e-05
5.7175381e-05
6.0305503e-05
6.0138662e-05
5.9850521e-05
5.9488639e-05
5.9091904e-05
5.8688982e-05
5.8299342e-05
5.7935165e-05
5.7603154e-05
5.7306281e-05
5.7045014e-05
5.6818252e-05
5.6624117e-05
5.6460134e-05
5.632362e-05
5.6212289e-05
5.6121566e-05
5.6055553e-05
5.6002007e-05
5.5960378e-05
5.8760117e-05
5.8604841e-05
5.8338047e-05
5.800382e-05
5.7637839e-05
5.7266315e-05
5.6907052e-05
5.6571226e-05
5.626502e-05
5.5991207e-05
5.5750271e-05
5.5541235e-05
5.5362388e-05
5.521151e-05
5.5085958e-05
5.4984087e-05
5.4900387e-05
5.4840393e-05
5.4793062e-05
5.4755658e-05
5.7254208e-05
5.7109611e-05
5.6862485e-05
5.6553724e-05
5.6216078e-05
5.5873517e-05
5.5542321e-05
5.5232729e-05
5.4950439e-05
5.4698029e-05
5.4475981e-05
5.4283429e-05
5.4118805e-05
5.398012e-05
5.3864776e-05
5.3771578e-05
5.3694949e-05
5.363893e-05
5.3596303e-05
5.3562807e-05
5.578685e-05
5.5652117e-05
5.5423114e-05
5.5137803e-05
5.4826258e-05
5.4510404e-05
5.4205123e-05
5.3919792e-05
5.3659649e-05
5.3427082e-05
5.3222566e-05
5.3045325e-05
5.2893916e-05
5.2766556e-05
5.2660716e-05
5.2575464e-05
5.250564e-05
5.2453459e-05
5.2414243e-05
5.2384096e-05
5.4357135e-05
5.4231515e-05
5.4019214e-05
5.3755494e-05
5.3467989e-05
5.3176753e-05
5.2895391e-05
5.2632479e-05
5.2392828e-05
5.2178644e-05
5.1990382e-05
5.1827347e-05
5.1688202e-05
5.1571349e-05
5.1474343e-05
5.1396392e-05
5.13329e-05
5.1284775e-05
5.1248436e-05
5.122128e-05
5.2964172e-05
5.2846973e-05
5.2650065e-05
5.2406228e-05
5.214086e-05
5.1872311e-05
5.1613011e-05
5.1370804e-05
5.1150101e-05
5.0952931e-05
5.0779726e-05
5.0629858e-05
5.0502081e-05
5.0394963e-05
5.0306152e-05
5.0234933e-05
5.0177237e-05
5.0133217e-05
5.0099667e-05
5.0075291e-05
5.1607085e-05
5.1497671e-05
5.1314954e-05
5.1089426e-05
5.0844439e-05
5.059679e-05
5.0357835e-05
5.0134739e-05
4.9931543e-05
4.9750108e-05
4.9590836e-05
4.9453159e-05
4.933591e-05
4.9237799e-05
4.9156579e-05
4.9091575e-05
4.9039167e-05
4.8999085e-05
4.8968408e-05
4.8946348e-05
5.0285018e-05
5.0182801e-05
5.0013168e-05
4.98045e-05
4.957828e-05
4.934988e-05
4.9129675e-05
4.8924211e-05
4.873718e-05
4.8570286e-05
4.8423898e-05
4.8297497e-05
4.8189986e-05
4.8100201e-05
4.8025999e-05
4.7966732e-05
4.791916e-05
4.7882732e-05
4.7854982e-05
4.7834706e-05
4.8997129e-05
4.8901569e-05
4.8744002e-05
4.8550861e-05
4.8341917e-05
4.8131243e-05
4.7928316e-05
4.7739109e-05
4.7566995e-05
4.7413528e-05
4.7279043e-05
4.7163063e-05
4.7064549e-05
4.6982452e-05
4.691473e-05
4.6860754e-05
4.6817616e-05
4.6784537e-05
4.6759621e-05
4.6740931e-05
4.7742593e-05
4.7653192e-05
4.7506753e-05
4.7327914e-05
4.7134874e-05
4.694052e-05
4.6753507e-05
4.6579285e-05
4.6420929e-05
4.6279853e-05
4.6156356e-05
4.6049997e-05
4.595979e-05
4.5884782e-05
4.5823034e-05
4.5773932e-05
4.5734862e-05
4.5704858e-05
4.5682559e-05
4.5665524e-05
4.6520604e-05
4.6436901e-05
4.6300728e-05
4.6135062e-05
4.5956664e-05
4.5777333e-05
4.5604976e-05
4.5444559e-05
4.5298886e-05
4.5169237e-05
4.5055876e-05
4.4958392e-05
4.4875845e-05
4.480737e-05
4.4751124e-05
4.4706505e-05
4.4671163e-05
4.4644002e-05
4.462404e-05
4.4608759e-05
4.5330367e-05
4.525194e-05
4.5125239e-05
4.4971709e-05
4.4806789e-05
4.4641287e-05
4.4482422e-05
4.433472e-05
4.4200732e-05
4.4081616e-05
4.3977598e-05
4.3888295e-05
4.3812807e-05
4.3750344e-05
4.369916e-05
4.3658659e-05
4.362673e-05
4.3602203e-05
4.3584304e-05
4.3570741e-05
4.4171108e-05
4.4097565e-05
4.3979606e-05
4.3837257e-05
4.3684746e-05
4.3531972e-05
4.3385526e-05
4.3249531e-05
4.3126304e-05
4.301689e-05
4.2921479e-05
4.2839711e-05
4.2770722e-05
4.2713788e-05
4.2667255e-05
4.2630535e-05
4.2601726e-05
4.2579633e-05
4.256359e-05
4.2551635e-05
4.3042066e-05
4.2973047e-05
4.2863158e-05
4.2731112e-05
4.2590025e-05
4.2448965e-05
4.2313949e-05
4.2188729e-05
4.2075409e-05
4.1974928e-05
4.1887441e-05
4.1812608e-05
4.1749596e-05
4.1697742e-05
4.1655478e-05
4.1622224e-05
4.1596267e-05
4.1576414e-05
4.1562075e-05
4.1551599e-05
4.1942497e-05
4.1877668e-05
4.177523e-05
4.1652679e-05
4.1522111e-05
4.1391831e-05
4.1267332e-05
4.1152028e-05
4.1047825e-05
4.0955566e-05
4.0875369e-05
4.0806914e-05
4.0749398e-05
4.0702205e-05
4.0663858e-05
4.0633778e-05
4.0610426e-05
4.059263e-05
4.0579852e-05
4.0570728e-05
4.0871671e-05
4.0810726e-05
4.0715168e-05
4.060137e-05
4.0480487e-05
4.0360128e-05
4.0245306e-05
4.0139125e-05
4.0043309e-05
3.9958612e-05
3.9885121e-05
3.9822528e-05
3.9770058e-05
3.9727142e-05
3.9692383e-05
3.9665208e-05
3.9644233e-05
3.9628323e-05
3.9616976e-05
3.9609083e-05
3.9828874e-05
3.977153e-05
3.9682327e-05
3.9576598e-05
3.9464634e-05
3.9353406e-05
3.9247486e-05
3.9149696e-05
3.9061595e-05
3.8983852e-05
3.8916523e-05
3.8859315e-05
3.8811478e-05
3.8772479e-05
3.8741007e-05
3.8716488e-05
3.8697681e-05
3.8683498e-05
3.867346e-05
3.8666692e-05
3.8813407e-05
3.8759402e-05
3.8676071e-05
3.8577782e-05
3.8474032e-05
3.8371207e-05
3.8273477e-05
3.8183404e-05
3.8102396e-05
3.8031045e-05
3.7969378e-05
3.7917114e-05
3.7873526e-05
3.7838114e-05
3.7809648e-05
3.7787556e-05
3.7770724e-05
3.7758123e-05
3.7749285e-05
3.7743542e-05
3.7824585e-05
3.7773678e-05
3.7695774e-05
3.7604346e-05
3.7508162e-05
3.741307e-05
3.7322875e-05
3.7239899e-05
3.716541e-05
3.7099933e-05
3.7043466e-05
3.6995738e-05
3.6956045e-05
3.6923916e-05
3.6898196e-05
3.6878321e-05
3.6863288e-05
3.6852132e-05
3.6844394e-05
3.6839583e-05
3.6861739e-05
3.6813707e-05
3.6740819e-05
3.6655721e-05
3.6566505e-05
3.6478532e-05
3.6395267e-05
3.6318816e-05
3.625032e-05
3.6190239e-05
3.6138545e-05
3.6094976e-05
3.6058852e-05
3.6029724e-05
3.6006513e-05
3.5988662e-05
3.5975266e-05
3.5965429e-05
3.5958699e-05
3.5954736e-05
3.5924214e-05
3.587885e-05
3.58106e-05
3.5731341e-05
3.5648547e-05
3.5567125e-05
3.5490235e-05
3.5419784e-05
3.5356794e-05
3.5301668e-05
3.5254354e-05
3.5214599e-05
3.5181741e-05
3.5155356e-05
3.5134436e-05
3.5118429e-05
3.5106523e-05
3.5097889e-05
3.5092083e-05
3.5088891e-05
3.5011367e-05
3.4968482e-05
3.4904521e-05
3.483065e-05
3.4753772e-05
3.4678382e-05
3.4607356e-05
3.454242e-05
3.448449e-05
3.4433913e-05
3.4390617e-05
3.4354355e-05
3.4324488e-05
3.4300608e-05
3.4281776e-05
3.4267452e-05
3.42569e-05
3.4249363e-05
3.4244403e-05
3.4241911e-05
3.4122571e-05
3.4081989e-05
3.4021997e-05
3.3953098e-05
3.3881673e-05
3.3811835e-05
3.3746204e-05
3.3686338e-05
3.3633055e-05
3.3586655e-05
3.3547043e-05
3.351398e-05
3.3486848e-05
3.3465255e-05
3.3448327e-05
3.3435535e-05
3.3426215e-05
3.3419676e-05
3.3415491e-05
3.3413635e-05
3.3257212e-05
3.321877e-05
3.316245e-05
3.3098142e-05
3.3031743e-05
3.2967018e-05
3.2906349e-05
3.2851144e-05
3.280213e-05
3.2759562e-05
3.2723328e-05
3.2693194e-05
3.2668563e-05
3.2649055e-05
3.2633861e-05
3.2622465e-05
3.2614265e-05
3.2608635e-05
3.2605158e-05
3.260388e-05
3.2414689e-05
3.2378237e-05
3.2325317e-05
3.2265248e-05
3.2203481e-05
3.2143464e-05
3.208736e-05
3.203644e-05
3.1991346e-05
3.1952295e-05
3.1919157e-05
3.1891703e-05
3.1869357e-05
3.1851752e-05
3.1838136e-05
3.1828011e-05
3.1820829e-05
3.1816024e-05
3.1813196e-05
3.1812442e-05
3.1594415e-05
3.1559814e-05
3.1510042e-05
3.1453887e-05
3.1396393e-05
3.1340711e-05
3.1288807e-05
3.1241825e-05
3.1200331e-05
3.1164506e-05
3.1134205e-05
3.1109202e-05
3.1088945e-05
3.1073074e-05
3.1060894e-05
3.1051926e-05
3.1045669e-05
3.1041614e-05
3.1039377e-05
3.1039099e-05
3.0795815e-05
3.0762937e-05
3.071608e-05
3.0663542e-05
3.0609987e-05
3.0558298e-05
3.0510258e-05
3.0466896e-05
3.0428709e-05
3.0395843e-05
3.0368141e-05
3.034538e-05
3.0327028e-05
3.0312737e-05
3.0301864e-05
3.0293948e-05
3.0288531e-05
3.0285158e-05
3.0283461e-05
3.0283615e-05
3.0018327e-05
2.9987052e-05
2.9942897e-05
2.98937e-05
2.9843779e-05
2.9795768e-05
2.9751285e-05
2.971125e-05
2.9676099e-05
2.9645946e-05
2.9620624e-05
2.9599912e-05
2.9583301e-05
2.9570449e-05
2.9560764e-05
2.9553804e-05
2.9549151e-05
2.9546397e-05
2.9545192e-05
2.9545737e-05
2.92614e-05
2.923162e-05
2.9189968e-05
2.914386e-05
2.9097291e-05
2.9052669e-05
2.9011458e-05
2.8974482e-05
2.8942118e-05
2.8914454e-05
2.8891312e-05
2.8872472e-05
2.8857449e-05
2.8845908e-05
2.8837302e-05
2.8831211e-05
2.8827252e-05
2.882506e-05
2.8824303e-05
2.8825202e-05
2.8524497e-05
2.849611e-05
2.845678e-05
2.8413527e-05
2.8370051e-05
2.8328551e-05
2.8290352e-05
2.8256187e-05
2.8226383e-05
2.8201001e-05
2.8179854e-05
2.8162726e-05
2.814915e-05
2.8138802e-05
2.8131177e-05
2.8125876e-05
2.8122547e-05
2.8120865e-05
2.8120517e-05
2.8121736e-05
2.7807093e-05
2.7780004e-05
2.7742827e-05
2.7702215e-05
2.7661594e-05
2.7622972e-05
2.7587544e-05
2.7555965e-05
2.752851e-05
2.750522e-05
2.7485899e-05
2.7470333e-05
2.7458078e-05
2.7448817e-05
2.7442082e-05
2.7437498e-05
2.7434742e-05
2.7433522e-05
2.7433545e-05
2.7435054e-05
2.7108673e-05
2.7082796e-05
2.7047617e-05
2.7009448e-05
2.6971462e-05
2.6935492e-05
2.6902616e-05
2.6873413e-05
2.6848115e-05
2.6826742e-05
2.6809093e-05
2.6794954e-05
2.6783903e-05
2.6775629e-05
2.6769704e-05
2.6765772e-05
2.6763535e-05
2.6762735e-05
2.6763094e-05
2.6764864e-05
2.6428735e-05
2.6403988e-05
2.6370664e-05
2.6334755e-05
2.6299203e-05
2.6265679e-05
2.6235151e-05
2.6208132e-05
2.6184815e-05
2.61652e-05
2.6149079e-05
2.6136244e-05
2.612629e-05
2.6118915e-05
2.6113724e-05
2.6110383e-05
2.6108619e-05
2.6108199e-05
2.6108864e-05
2.6110869e-05
2.5766787e-05
2.5743096e-05
2.5711494e-05
2.5677677e-05
2.5644373e-05
2.5613103e-05
2.5584738e-05
2.5559728e-05
2.5538229e-05
2.5520224e-05
2.5505503e-05
2.5493858e-05
2.5484902e-05
2.5478345e-05
2.5473821e-05
2.5471017e-05
2.5469681e-05
2.5469605e-05
2.5470548e-05
2.5472764e-05
2.5122347e-05
2.5099644e-05
2.5069642e-05
2.5037763e-05
2.5006535e-05
2.4977344e-05
2.495097e-05
2.4927808e-05
2.4907978e-05
2.4891449e-05
2.4878008e-05
2.4867447e-05
2.4859402e-05
2.4853589e-05
2.4849669e-05
2.4847353e-05
2.4846406e-05
2.4846643e-05
2.4847836e-05
2.4850242e-05
2.4494947e-05
2.4473166e-05
2.4444652e-05
2.4414568e-05
2.4385259e-05
2.4357986e-05
2.4333446e-05
2.4311982e-05
2.4293685e-05
2.4278508e-05
2.4266237e-05
2.4256667e-05
2.4249451e-05
2.4244314e-05
2.4240944e-05
2.4239069e-05
2.4238476e-05
2.4238994e-05
2.4240415e-05
2.4242991e-05
2.3884127e-05
2.386321e-05
2.3836079e-05
2.3807657e-05
2.3780121e-05
2.3754619e-05
2.3731768e-05
2.3711866e-05
2.3694975e-05
2.3681037e-05
2.3669838e-05
2.3661171e-05
2.3654709e-05
2.3650187e-05
2.3647315e-05
2.3645842e-05
2.3645568e-05
2.3646343e-05
2.3647969e-05
2.3650698e-05
2.3289437e-05
2.3269328e-05
2.3243484e-05
2.3216603e-05
2.3190708e-05
2.3166839e-05
2.3145544e-05
2.3127079e-05
2.311148e-05
2.3098677e-05
2.3088456e-05
2.3080614e-05
2.3074839e-05
2.3070875e-05
2.3068456e-05
2.3067347e-05
2.3067364e-05
2.306837e-05
2.307018e-05
2.3073045e-05
2.2710437e-05
2.2691086e-05
2.2666441e-05
2.2640989e-05
2.2616611e-05
2.2594249e-05
2.2574389e-05
2.2557244e-05
2.2542831e-05
2.2531069e-05
2.2521743e-05
2.2514653e-05
2.2509502e-05
2.2506047e-05
2.2504038e-05
2.2503259e-05
2.2503539e-05
2.2504754e-05
2.2506731e-05
2.2509718e-05
2.2146699e-05
2.2128058e-05
2.2104529e-05
2.2080403e-05
2.2057429e-05
2.2036459e-05
2.201792e-05
2.2001991e-05
2.1988667e-05
2.1977858e-05
2.196935e-05
2.1962945e-05
2.1958364e-05
2.195537e-05
2.1953733e-05
2.1953253e-05
2.1953772e-05
2.1955176e-05
2.1957304e-05
2.1960397e-05
2.1597801e-05
2.1579827e-05
2.1557338e-05
2.1534443e-05
2.1512768e-05
2.1493084e-05
2.1475764e-05
2.1460953e-05
2.1448629e-05
2.1438692e-05
2.1430932e-05
2.1425153e-05
2.1421089e-05
2.1418515e-05
2.1417216e-05
2.1417007e-05
2.1417742e-05
2.1419316e-05
2.1421579e-05
2.1424768e-05
2.1063334e-05
2.1045986e-05
2.1024466e-05
2.1002715e-05
2.0982243e-05
2.0963746e-05
2.094755e-05
2.0933768e-05
2.0922362e-05
2.0913225e-05
2.0906149e-05
2.090094e-05
2.0897346e-05
2.0895154e-05
2.0894161e-05
2.0894198e-05
2.0895128e-05
2.0896857e-05
2.0899241e-05
2.0902514e-05
2.0542894e-05
2.0526135e-05
2.0505521e-05
2.0484831e-05
2.0465474e-05
2.0448075e-05
2.0432914e-05
2.0420079e-05
2.0409516e-05
2.0401112e-05
2.0394661e-05
2.0389972e-05
2.0386807e-05
2.0384961e-05
2.0384247e-05
2.0384506e-05
2.0385613e-05
2.038748e-05
2.0389973e-05
2.039332e-05
2.003609e-05
2.0019884e-05
2.0000115e-05
1.9980414e-05
1.9962089e-05
1.9945705e-05
1.99315e-05
1.9919537e-05
1.9909748e-05
1.9902015e-05
1.9896135e-05
1.989192e-05
1.9889145e-05
1.9887614e-05
1.9887152e-05
1.9887613e-05
1.988888e-05
1.9890871e-05
1.9893461e-05
1.9896873e-05
1.9542537e-05
1.9526852e-05
1.9507873e-05
1.948909e-05
1.9471723e-05
1.9456278e-05
1.9442954e-05
1.9431794e-05
1.9422717e-05
1.9415599e-05
1.9410241e-05
1.9406458e-05
1.9404037e-05
1.9402792e-05
1.940256e-05
1.9403203e-05
1.9404614e-05
1.9406717e-05
1.9409394e-05
1.9412862e-05
1.9061858e-05
1.9046665e-05
1.9028425e-05
1.9010497e-05
1.8994018e-05
1.8979441e-05
1.8966932e-05
1.8956511e-05
1.8948087e-05
1.8941532e-05
1.8936652e-05
1.8933263e-05
1.8931165e-05
1.893018e-05
1.8930155e-05
1.8930964e-05
1.8932505e-05
1.8934708e-05
1.8937462e-05
1.8940978e-05
1.8593687e-05
1.8578957e-05
1.8561409e-05
1.8544277e-05
1.8528624e-05
1.8514851e-05
1.8503093e-05
1.8493352e-05
1.8485529e-05
1.8479491e-05
1.8475046e-05
1.8472017e-05
1.8470212e-05
1.8469463e-05
1.8469627e-05
1.8470585e-05
1.8472243e-05
1.8474536e-05
1.8477359e-05
1.8480917e-05
1.8137664e-05
1.8123371e-05
1.8106471e-05
1.8090082e-05
1.8075194e-05
1.8062166e-05
1.8051102e-05
1.8041989e-05
1.8034717e-05
1.8029153e-05
1.8025107e-05
1.8022406e-05
1.8020868e-05
1.8020333e-05
1.8020667e-05
1.802176e-05
1.8023524e-05
1.8025897e-05
1.8028781e-05
1.8032373e-05
1.7693436e-05
1.7679557e-05
1.7663265e-05
1.7647569e-05
1.7633393e-05
1.7621054e-05
1.7610632e-05
1.7602097e-05
1.7595333e-05
1.7590202e-05
1.758652e-05
1.7584118e-05
1.7582823e-05
1.7582483e-05
1.7582972e-05
1.7584187e-05
1.7586045e-05
1.758849e-05
1.7591427e-05
1.7595049e-05
1.726066e-05
1.7247173e-05
1.7231452e-05
1.7216402e-05
1.7202888e-05
1.7191189e-05
1.718136e-05
1.7173358e-05
1.716706e-05
1.7162327e-05
1.7158979e-05
1.715685e-05
1.7155775e-05
1.7155612e-05
1.7156241e-05
1.7157566e-05
1.7159509e-05
1.7162017e-05
1.7165001e-05
1.7168647e-05
1.6838999e-05
1.6825884e-05
1.6810699e-05
1.6796253e-05
1.6783355e-05
1.677225e-05
1.676297e-05
1.6755459e-05
1.674959e-05
1.6745221e-05
1.6742178e-05
1.6740298e-05
1.6739424e-05
1.6739422e-05
1.6740177e-05
1.6741601e-05
1.674362e-05
1.6746184e-05
1.6749209e-05
1.6752875e-05
1.6428123e-05
1.6415361e-05
1.6400681e-05
1.63868e-05
1.6374477e-05
1.6363922e-05
1.635515e-05
1.6348092e-05
1.6342618e-05
1.6338584e-05
1.6335819e-05
1.6334166e-05
1.6333476e-05
1.6333619e-05
1.6334489e-05
1.6336002e-05
1.6338089e-05
1.6340702e-05
1.6343762e-05
1.6347444e-05
1.6027712e-05
1.6015284e-05
1.600108e-05
1.5987729e-05
1.597594e-05
1.5965897e-05
1.5957595e-05
1.5950957e-05
1.5945846e-05
1.5942119e-05
1.5939609e-05
1.5938163e-05
1.5937639e-05
1.5937914e-05
1.5938888e-05
1.5940481e-05
1.5942628e-05
1.5945283e-05
1.5948374e-05
1.5952067e-05
1.5637448e-05
1.562534e-05
1.5611584e-05
1.559873e-05
1.5587441e-05
1.5577873e-05
1.5570007e-05
1.5563755e-05
1.5558979e-05
1.5555534e-05
1.5553257e-05
1.5552e-05
1.5551627e-05
1.5552022e-05
1.5553089e-05
1.5554754e-05
1.5556954e-05
1.5559647e-05
1.5562764e-05
1.5566464e-05
1.5257025e-05
1.5245221e-05
1.5231889e-05
1.52195e-05
1.5208678e-05
1.5199553e-05
1.5192091e-05
1.5186197e-05
1.5181729e-05
1.5178542e-05
1.5176479e-05
1.5175394e-05
1.5175159e-05
1.5175662e-05
1.5176814e-05
1.5178543e-05
1.518079e-05
1.5183515e-05
1.5186653e-05
1.5190358e-05
1.488614e-05
1.4874627e-05
1.4861696e-05
1.4849746e-05
1.483936e-05
1.4830647e-05
1.482356e-05
1.4817996e-05
1.4813812e-05
1.4810863e-05
1.4808995e-05
1.4808068e-05
1.4807958e-05
1.4808559e-05
1.4809787e-05
1.4811572e-05
1.4813861e-05
1.4816613e-05
1.4819769e-05
1.4823475e-05
1.4524498e-05
1.4513264e-05
1.4500714e-05
1.4489175e-05
1.4479198e-05
1.447087e-05
1.4464131e-05
1.4458873e-05
1.4454951e-05
1.445222e-05
1.4450531e-05
1.4449748e-05
1.4449751e-05
1.4450442e-05
1.4451737e-05
1.4453573e-05
1.4455897e-05
1.4458673e-05
1.4461843e-05
1.4465547e-05
1.4171812e-05
1.4160845e-05
1.4148655e-05
1.4137505e-05
1.4127911e-05
1.4119942e-05
1.4113528e-05
1.4108553e-05
1.4104873e-05
1.4102343e-05
1.4100817e-05
1.4100165e-05
1.4100272e-05
1.4101042e-05
1.4102399e-05
1.4104279e-05
1.4106634e-05
1.4109428e-05
1.4112609e-05
1.4116309e-05
1.3827798e-05
1.3817088e-05
1.3805242e-05
1.3794459e-05
1.3785225e-05
1.3777591e-05
1.3771478e-05
1.3766766e-05
1.3763309e-05
1.3760964e-05
1.3759588e-05
1.3759056e-05
1.3759256e-05
1.3760099e-05
1.376151e-05
1.3763429e-05
1.376581e-05
1.376862e-05
1.3771808e-05
1.3775501e-05
1.3492182e-05
1.3481719e-05
1.34702e-05
1.3459765e-05
1.3450868e-05
1.3443548e-05
1.3437716e-05
1.3433248e-05
1.3429997e-05
1.3427822e-05
1.3426585e-05
1.3426161e-05
1.3426447e-05
1.3427355e-05
1.3428814e-05
1.3430767e-05
1.343317e-05
1.3435991e-05
1.3439185e-05
1.3442868e-05
1.3164693e-05
1.3154469e-05
1.3143263e-05
1.3133156e-05
1.3124579e-05
1.3117553e-05
1.3111983e-05
1.3107741e-05
1.3104681e-05
1.3102663e-05
1.3101551e-05
1.3101228e-05
1.3101591e-05
1.3102557e-05
1.3104059e-05
1.3106041e-05
1.3108462e-05
1.3111292e-05
1.3114487e-05
1.3118159e-05
1.2845069e-05
1.2835076e-05
1.2824169e-05
1.2814375e-05
1.2806098e-05
1.2799348e-05
1.2794023e-05
1.2789992e-05
1.2787109e-05
1.2785235e-05
1.2784239e-05
1.2784007e-05
1.278444e-05
1.2785458e-05
1.2786997e-05
1.2789005e-05
1.279144e-05
1.2794275e-05
1.2797469e-05
1.2801128e-05
1.2533052e-05
1.2523283e-05
1.2512663e-05
1.2503166e-05
1.2495173e-05
1.2488682e-05
1.2483587e-05
1.2479752e-05
1.2477033e-05
1.2475293e-05
1.2474403e-05
1.2474254e-05
1.247475e-05
1.2475815e-05
1.2477387e-05
1.2479415e-05
1.2481862e-05
1.2484698e-05
1.2487889e-05
1.2491532e-05
1.222839e-05
1.2218839e-05
1.2208496e-05
1.2199282e-05
1.2191558e-05
1.2185312e-05
1.2180431e-05
1.217678e-05
1.2174213e-05
1.2172596e-05
1.2171805e-05
1.2171731e-05
1.2172284e-05
1.2173391e-05
1.2174991e-05
1.2177036e-05
1.217949e-05
1.2182326e-05
1.2185512e-05
1.2189137e-05
1.193084e-05
1.1921501e-05
1.1911425e-05
1.1902481e-05
1.1895013e-05
1.1888998e-05
1.1884319e-05
1.1880839e-05
1.1878414e-05
1.1876911e-05
1.1876209e-05
1.1876205e-05
1.1876809e-05
1.1877952e-05
1.1879576e-05
1.1881635e-05
1.1884093e-05
1.1886926e-05
1.1890104e-05
1.1893709e-05
1.1640163e-05
1.1631031e-05
1.1621212e-05
1.1612527e-05
1.1605302e-05
1.1599506e-05
1.1595017e-05
1.1591697e-05
1.1589405e-05
1.1588008e-05
1.1587389e-05
1.1587447e-05
1.1588098e-05
1.1589273e-05
1.1590917e-05
1.1592986e-05
1.1595445e-05
1.1598272e-05
1.160144e-05
1.1605023e-05
1.1356125e-05
1.1347196e-05
1.1337626e-05
1.132919e-05
1.1322197e-05
1.1316608e-05
1.1312299e-05
1.1309131e-05
1.1306961e-05
1.1305662e-05
1.130512e-05
1.1305235e-05
1.1305927e-05
1.130713e-05
1.130879e-05
1.1310866e-05
1.1313324e-05
1.1316142e-05
1.1319297e-05
1.1322857e-05
1.10785e-05
1.106977e-05
1.1060442e-05
1.1052246e-05
1.1045475e-05
1.1040084e-05
1.1035946e-05
1.1032919e-05
1.1030865e-05
1.1029657e-05
1.1029184e-05
1.1029351e-05
1.103008e-05
1.1031307e-05
1.103298e-05
1.1035059e-05
1.1037512e-05
1.104032e-05
1.1043461e-05
1.1046994e-05
1.0807068e-05
1.0798534e-05
1.0789441e-05
1.0781478e-05
1.077492e-05
1.0769718e-05
1.0765741e-05
1.0762848e-05
1.0760902e-05
1.0759779e-05
1.075937e-05
1.0759584e-05
1.0760345e-05
1.0761592e-05
1.0763274e-05
1.0765354e-05
1.07678e-05
1.0770595e-05
1.0773718e-05
1.0777224e-05
1.0541615e-05
1.0533274e-05
1.0524411e-05
1.0516673e-05
1.0510321e-05
1.05053e-05
1.0501477e-05
1.049871e-05
1.0496866e-05
1.0495821e-05
1.0495471e-05
1.0495728e-05
1.0496517e-05
1.0497779e-05
1.0499468e-05
1.0501545e-05
1.0503982e-05
1.050676e-05
1.0509865e-05
1.051334e-05
1.0281933e-05
1.0273783e-05
1.0265146e-05
1.0257627e-05
1.0251475e-05
1.0246628e-05
1.0242951e-05
1.0240304e-05
1.0238554e-05
1.0237582e-05
1.0237286e-05
1.023758e-05
1.0238394e-05
1.0239669e-05
1.024136e-05
1.0243432e-05
1.0245856e-05
1.0248617e-05
1.02517e-05
1.0255143e-05
1.0027821e-05
1.001986e-05
1.0011446e-05
1.0004142e-05
9.9981836e-06
9.9935032e-06
9.9899657e-06
9.9874317e-06
9.9857705e-06
9.9848663e-06
9.9846198e-06
9.9849477e-06
9.9857816e-06
9.9870663e-06
9.9887575e-06
9.9908208e-06
9.9932307e-06
9.995971e-06
9.9990301e-06
1.0002439e-05
9.7790843e-06
9.7713131e-06
9.7631188e-06
9.7560261e-06
9.7502557e-06
9.7457356e-06
9.7423306e-06
9.7399031e-06
9.7383251e-06
9.7374837e-06
9.7372825e-06
9.7376408e-06
9.7384925e-06
9.7397839e-06
9.7414724e-06
9.743525e-06
9.7459177e-06
9.7486352e-06
9.7516682e-06
9.7550405e-06
9.5355325e-06
9.5279553e-06
9.5199783e-06
9.5130934e-06
9.5075053e-06
9.5031389e-06
9.4998601e-06
9.4975335e-06
9.4960342e-06
9.4952521e-06
9.4950934e-06
9.4954797e-06
9.4963465e-06
9.497642e-06
9.4993253e-06
9.5013647e-06
9.5037377e-06
9.5064301e-06
9.5094347e-06
9.512768e-06
9.296975e-06
9.2896026e-06
9.2818407e-06
9.2751602e-06
9.2697511e-06
9.2655344e-06
9.2623782e-06
9.2601497e-06
9.2587268e-06
9.2580018e-06
9.2578832e-06
9.2582943e-06
9.2591728e-06
9.2604686e-06
9.2621426e-06
9.2641649e-06
9.2665145e-06
9.2691784e-06
9.2721515e-06
9.2754431e-06
9.0632509e-06
9.0560786e-06
9.0485357e-06
9.0420577e-06
9.0368259e-06
9.0327581e-06
9.0297237e-06
9.0275918e-06
9.0262427e-06
9.0255716e-06
9.0254893e-06
9.0259216e-06
9.0268084e-06
9.0281018e-06
9.0297642e-06
9.0317674e-06
9.0340916e-06
9.0367252e-06
9.0396648e-06
9.0429127e-06
8.4118302e-06
8.4051773e-06
8.3982454e-06
8.3923276e-06
8.3875811e-06
8.383921e-06
8.3812187e-06
8.3793481e-06
8.3781968e-06
8.3776681e-06
8.3776811e-06
8.3781695e-06
8.3790795e-06
8.3803684e-06
8.3820026e-06
8.3839574e-06
8.386216e-06
8.3887695e-06
8.3916193e-06
8.3947472e-06
7.4766238e-06
7.4705319e-06
7.46423e-06
7.458886e-06
7.4546266e-06
7.4513632e-06
7.4489731e-06
7.4473396e-06
7.4463608e-06
7.4459509e-06
7.4460386e-06
7.4465654e-06
7.447484e-06
7.4487569e-06
7.450355e-06
7.4522577e-06
7.4544525e-06
7.4569341e-06
7.4597098e-06
7.4627287e-06
6.6038358e-06
6.5980501e-06
6.5920948e-06
6.587072e-06
6.5830919e-06
6.5800629e-06
6.5778651e-06
6.5763872e-06
6.5755335e-06
6.5752234e-06
6.5753903e-06
6.5759796e-06
6.5769475e-06
6.5782596e-06
6.5798908e-06
6.5818242e-06
6.5840512e-06
6.5865713e-06
6.5893962e-06
6.5924374e-06
5.8658011e-06
5.8599848e-06
5.8540214e-06
5.8490137e-06
5.8450655e-06
5.8420799e-06
5.8399337e-06
5.8385143e-06
5.8377256e-06
5.8374872e-06
5.837733e-06
5.8384095e-06
5.8394743e-06
5.8408951e-06
5.8426491e-06
5.8447225e-06
5.8471103e-06
5.849817e-06
5.8528569e-06
5.8560957e-06
5.3219323e-06
5.3157314e-06
5.3093883e-06
5.304076e-06
5.2999018e-06
5.2967596e-06
5.2945169e-06
5.293053e-06
5.2922655e-06
5.2920695e-06
5.2923954e-06
5.2931876e-06
5.2944023e-06
5.2960075e-06
5.2979812e-06
5.3003117e-06
5.3029976e-06
5.3060483e-06
5.3094793e-06
5.3131017e-06
5.0008027e-06
4.9939826e-06
4.9870106e-06
4.981176e-06
4.9765965e-06
4.9731555e-06
4.9707075e-06
4.9691202e-06
4.9682816e-06
4.9680989e-06
4.9684964e-06
4.9694138e-06
4.9708045e-06
4.9726345e-06
4.9748816e-06
4.9775354e-06
4.9805971e-06
4.9840809e-06
4.9880016e-06
4.9921146e-06
4.8700959e-06
4.8627646e-06
4.8552709e-06
4.8489996e-06
4.8440776e-06
4.8403802e-06
4.8377519e-06
4.8360513e-06
4.8351587e-06
4.8349749e-06
4.8354191e-06
4.8364271e-06
4.8379493e-06
4.8399498e-06
4.8424057e-06
4.8453068e-06
4.8486561e-06
4.8524702e-06
4.8567634e-06
4.8612524e-06
4.8354225e-06
4.8279095e-06
4.8202292e-06
4.813801e-06
4.8087551e-06
4.8049644e-06
4.8022699e-06
4.8005273e-06
4.7996141e-06
4.7994294e-06
4.7998907e-06
4.800932e-06
4.8025028e-06
4.8045667e-06
4.8071006e-06
4.8100947e-06
4.8135525e-06
4.817492e-06
4.8219266e-06
4.8265568e-06
4.8255826e-06
4.8180448e-06
4.8103372e-06
4.8038852e-06
4.7988199e-06
4.795014e-06
4.7923085e-06
4.790559e-06
4.7896426e-06
4.7894579e-06
4.7899221e-06
4.7909694e-06
4.7925491e-06
4.7946248e-06
4.7971734e-06
4.8001852e-06
4.803664e-06
4.8076281e-06
4.8120906e-06
4.8167472e-06
4.8160462e-06
4.8085186e-06
4.8008237e-06
4.7943826e-06
4.7893248e-06
4.7855275e-06
4.7828147e-06
4.7811254e-06
4.7799227e-06
4.7799942e-06
4.7804522e-06
4.7815014e-06
4.7830858e-06
4.785168e-06
4.7877251e-06
4.7907477e-06
4.7942402e-06
4.7982213e-06
4.8027035e-06
4.8073768e-06
8.3974339e-06
8.4002074e-06
8.402913e-06
8.4055682e-06
8.408177e-06
8.4107401e-06
8.4132576e-06
8.4157295e-06
8.4181556e-06
8.4205357e-06
8.4228692e-06
8.4251557e-06
8.4273945e-06
8.4295847e-06
8.4317255e-06
8.4338154e-06
8.4358533e-06
8.4378375e-06
8.4397663e-06
8.4416378e-06
8.4434499e-06
8.4452002e-06
8.4468863e-06
8.4485056e-06
8.4500553e-06
8.4515325e-06
8.4529342e-06
8.454257e-06
8.4554978e-06
8.456653e-06
8.4577191e-06
8.4586924e-06
8.459569e-06
8.460345e-06
8.4610163e-06
8.4615786e-06
8.4620275e-06
8.4623586e-06
8.462567e-06
8.4626478e-06
8.4625961e-06
8.4624064e-06
8.4620734e-06
8.4615911e-06
8.4609538e-06
8.4601551e-06
8.4591886e-06
8.4580474e-06
8.4567246e-06
8.4552127e-06
8.453504e-06
8.4515904e-06
8.4494636e-06
8.4471147e-06
8.4445345e-06
8.4417133e-06
8.4386411e-06
8.4353073e-06
8.4317009e-06
8.4278103e-06
8.4236233e-06
8.4191274e-06
8.4143091e-06
8.4091547e-06
8.4036495e-06
8.3977783e-06
8.391525e-06
8.384873e-06
8.3778046e-06
8.3703014e-06
8.3623443e-06
8.3539129e-06
8.3449862e-06
8.3355419e-06
8.325557e-06
8.315007e-06
8.3038665e-06
8.2921089e-06
8.2797064e-06
8.2666298e-06
8.2528486e-06
8.2383311e-06
8.223044e-06
8.2069527e-06
8.1900209e-06
8.1722111e-06
8.1534839e-06
8.1337988e-06
8.1131132e-06
8.0913834e-06
8.068564e-06
8.0446076e-06
8.0194671e-06
7.993087e-06
7.9654385e-06
7.9363736e-06
7.9062459e-06
7.8732165e-06
7.8449251e-06
7.788228e-06
7.4653248e-06
7.4680031e-06
7.4706146e-06
7.4731763e-06
7.4756917e-06
7.4781615e-06
7.4805858e-06
7.4829644e-06
7.4852973e-06
7.4875842e-06
7.4898248e-06
7.4920186e-06
7.4941652e-06
7.496264e-06
7.4983144e-06
7.5003156e-06
7.5022667e-06
7.5041667e-06
7.5060145e-06
7.5078088e-06
7.5095482e-06
7.5112312e-06
7.5128562e-06
7.5144213e-06
7.5159246e-06
7.5173642e-06
7.5187377e-06
7.520043e-06
7.5212776e-06
7.522439e-06
7.5235245e-06
7.5245314e-06
7.5254568e-06
7.5262977e-06
7.5270509e-06
7.5277132e-06
7.5282812e-06
7.5287514e-06
7.5291202e-06
7.5293837e-06
7.529538e-06
7.5295789e-06
7.5295023e-06
7.5293038e-06
7.5289786e-06
7.5285219e-06
7.5279289e-06
7.5271943e-06
7.5263127e-06
7.5252784e-06
7.5240856e-06
7.5227282e-06
7.5211997e-06
7.5194936e-06
7.5176029e-06
7.5155204e-06
7.5132385e-06
7.5107493e-06
7.5080448e-06
7.5051162e-06
7.5019546e-06
7.4985508e-06
7.494895e-06
7.4909769e-06
7.486786e-06
7.4823111e-06
7.4775406e-06
7.4724625e-06
7.4670639e-06
7.4613318e-06
7.4552521e-06
7.4488105e-06
7.4419917e-06
7.43478e-06
7.4271588e-06
7.4191107e-06
7.4106176e-06
7.4016607e-06
7.3922201e-06
7.382275e-06
7.3718039e-06
7.3607842e-06
7.3491922e-06
7.3370032e-06
7.3241915e-06
7.3107302e-06
7.2965911e-06
7.2817452e-06
7.2661618e-06
7.2498094e-06
7.2326548e-06
7.2146636e-06
7.1958012e-06
7.1760266e-06
7.1553177e-06
7.1335667e-06
7.1110268e-06
7.0863597e-06
7.0651963e-06
7.0229524e-06
6.595056e-06
6.5977559e-06
6.6003876e-06
6.6029679e-06
6.6055003e-06
6.6079856e-06
6.6104238e-06
6.6128149e-06
6.6151587e-06
6.617455e-06
6.6197034e-06
6.6219037e-06
6.6240555e-06
6.6261584e-06
6.6282116e-06
6.6302148e-06
6.6321671e-06
6.6340679e-06
6.6359162e-06
6.6377111e-06
6.6394516e-06
6.6411367e-06
6.642765e-06
6.6443353e-06
6.6458462e-06
6.6472963e-06
6.6486839e-06
6.6500073e-06
6.6512648e-06
6.6524544e-06
6.6535743e-06
6.6546223e-06
6.6555962e-06
6.6564938e-06
6.6573126e-06
6.6580501e-06
6.6587039e-06
6.659271e-06
6.6597488e-06
6.6601342e-06
6.6604242e-06
6.6606157e-06
6.6607053e-06
6.6606895e-06
6.6605649e-06
6.6603277e-06
6.659974e-06
6.6594999e-06
6.6589011e-06
6.6581735e-06
6.6573124e-06
6.6563132e-06
6.655171e-06
6.6538809e-06
6.6524375e-06
6.6508354e-06
6.649069e-06
6.6471323e-06
6.6450193e-06
6.6427235e-06
6.6402384e-06
6.637557e-06
6.6346721e-06
6.6315764e-06
6.6282619e-06
6.6247207e-06
6.6209444e-06
6.6169241e-06
6.6126507e-06
6.6081148e-06
6.6033065e-06
6.5982155e-06
6.5928311e-06
6.587142e-06
6.5811366e-06
6.5748029e-06
6.5681282e-06
6.5610993e-06
6.5537025e-06
6.5459235e-06
6.5377474e-06
6.5291586e-06
6.520141e-06
6.5106776e-06
6.5007509e-06
6.4903426e-06
6.4794335e-06
6.4680037e-06
6.4560325e-06
6.4434983e-06
6.4303787e-06
6.4166501e-06
6.4022888e-06
6.387267e-06
6.371569e-06
6.355121e-06
6.3381005e-06
6.319557e-06
6.3035767e-06
6.2719539e-06
5.8588876e-06
5.8617649e-06
5.8645687e-06
5.8673166e-06
5.8700124e-06
5.8726568e-06
5.8752501e-06
5.877792e-06
5.8802825e-06
5.8827213e-06
5.8851084e-06
5.8874433e-06
5.8897257e-06
5.8919553e-06
5.8941315e-06
5.8962538e-06
5.8983218e-06
5.9003346e-06
5.9022917e-06
5.9041922e-06
5.9060352e-06
5.90782e-06
5.9095454e-06
5.9112105e-06
5.912814e-06
5.9143547e-06
5.9158314e-06
5.9172426e-06
5.9185869e-06
5.9198628e-06
5.9210686e-06
5.9222025e-06
5.9232628e-06
5.9242476e-06
5.9251548e-06
5.9259825e-06
5.9267284e-06
5.9273902e-06
5.9279657e-06
5.9284524e-06
5.9288476e-06
5.9291488e-06
5.9293532e-06
5.9294579e-06
5.92946e-06
5.9293563e-06
5.9291437e-06
5.9288188e-06
5.9283782e-06
5.9278184e-06
5.9271357e-06
5.9263261e-06
5.9253859e-06
5.9243108e-06
5.9230966e-06
5.921739e-06
5.9202333e-06
5.9185749e-06
5.9167589e-06
5.9147803e-06
5.9126338e-06
5.9103139e-06
5.9078152e-06
5.9051318e-06
5.9022577e-06
5.8991867e-06
5.8959123e-06
5.892428e-06
5.8887268e-06
5.8848016e-06
5.880645e-06
5.8762493e-06
5.8716067e-06
5.8667088e-06
5.8615473e-06
5.8561134e-06
5.8503978e-06
5.8443913e-06
5.838084e-06
5.8314657e-06
5.824526e-06
5.817254e-06
5.8096385e-06
5.8016677e-06
5.7933296e-06
5.7846115e-06
5.7755005e-06
5.7659832e-06
5.7560454e-06
5.7456728e-06
5.7348502e-06
5.7235621e-06
5.7117927e-06
5.6995236e-06
5.6867452e-06
5.673405e-06
5.6596399e-06
5.6447289e-06
5.6318318e-06
5.6066133e-06
5.3162269e-06
5.3194463e-06
5.3225826e-06
5.3256554e-06
5.3286688e-06
5.3316237e-06
5.3345202e-06
5.3373584e-06
5.3401382e-06
5.3428596e-06
5.3455222e-06
5.3481258e-06
5.3506702e-06
5.353155e-06
5.3555798e-06
5.3579441e-06
5.3602474e-06
5.362489e-06
5.3646683e-06
5.3667846e-06
5.3688372e-06
5.370825e-06
5.3727472e-06
5.3746029e-06
5.3763909e-06
5.3781101e-06
5.3797593e-06
5.3813372e-06
5.3828425e-06
5.3842736e-06
5.3856292e-06
5.3869076e-06
5.388107e-06
5.3892258e-06
5.3902622e-06
5.3912141e-06
5.3920795e-06
5.3928564e-06
5.3935426e-06
5.3941357e-06
5.3946335e-06
5.3950334e-06
5.3953328e-06
5.3955292e-06
5.3956197e-06
5.3956014e-06
5.3954715e-06
5.3952268e-06
5.3948642e-06
5.3943804e-06
5.393772e-06
5.3930355e-06
5.3921672e-06
5.3911634e-06
5.3900203e-06
5.3887338e-06
5.3873e-06
5.3857144e-06
5.3839728e-06
5.3820707e-06
5.3800033e-06
5.377766e-06
5.3753538e-06
5.3727616e-06
5.3699842e-06
5.3670162e-06
5.363852e-06
5.3604861e-06
5.3569123e-06
5.3531246e-06
5.349117e-06
5.3448831e-06
5.3404165e-06
5.3357103e-06
5.3307576e-06
5.325551e-06
5.3200835e-06
5.3143473e-06
5.3083347e-06
5.3020378e-06
5.2954483e-06
5.2885578e-06
5.2813577e-06
5.2738391e-06
5.2659928e-06
5.2578095e-06
5.2492795e-06
5.240393e-06
5.2311396e-06
5.2215091e-06
5.2114907e-06
5.2010732e-06
5.1902456e-06
5.1789947e-06
5.1673146e-06
5.1551641e-06
5.1426624e-06
5.1291927e-06
5.1175154e-06
5.0949446e-06
4.9956646e-06
4.9993201e-06
5.0028801e-06
5.0063668e-06
5.0097849e-06
5.0131356e-06
5.016419e-06
5.0196351e-06
5.0227839e-06
5.0258654e-06
5.0288793e-06
5.0318257e-06
5.0347042e-06
5.0375146e-06
5.0402564e-06
5.0429292e-06
5.0455326e-06
5.0480659e-06
5.0505285e-06
5.0529197e-06
5.0552387e-06
5.0574846e-06
5.0596567e-06
5.0617538e-06
5.0637749e-06
5.0657188e-06
5.0675845e-06
5.0693705e-06
5.0710755e-06
5.0726981e-06
5.0742368e-06
5.0756899e-06
5.0770558e-06
5.0783326e-06
5.0795186e-06
5.0806118e-06
5.0816101e-06
5.0825114e-06
5.0833135e-06
5.0840141e-06
5.0846108e-06
5.0851012e-06
5.0854825e-06
5.0857522e-06
5.0859074e-06
5.0859453e-06
5.0858627e-06
5.0856568e-06
5.0853242e-06
5.0848616e-06
5.0842656e-06
5.0835327e-06
5.0826592e-06
5.0816414e-06
5.0804753e-06
5.0791571e-06
5.0776825e-06
5.0760474e-06
5.0742474e-06
5.072278e-06
5.0701347e-06
5.0678126e-06
5.065307e-06
5.0626128e-06
5.0597249e-06
5.056638e-06
5.0533468e-06
5.0498456e-06
5.0461289e-06
5.0421909e-06
5.0380254e-06
5.0336266e-06
5.028988e-06
5.0241034e-06
5.0189662e-06
5.0135694e-06
5.0079062e-06
5.0019697e-06
4.9957527e-06
4.989248e-06
4.9824484e-06
4.9753463e-06
4.9679339e-06
4.9602033e-06
4.9521465e-06
4.9437551e-06
4.9350209e-06
4.9259352e-06
4.9164895e-06
4.9066748e-06
4.8964821e-06
4.8859021e-06
4.8749259e-06
4.8635425e-06
4.8517481e-06
4.8395054e-06
4.8269311e-06
4.8134292e-06
4.8017058e-06
4.7792066e-06
4.865127e-06
4.8691156e-06
4.8729988e-06
4.8768008e-06
4.8805268e-06
4.8841779e-06
4.8877545e-06
4.8912569e-06
4.894685e-06
4.8980389e-06
4.9013185e-06
4.9045237e-06
4.9076543e-06
4.9107099e-06
4.9136904e-06
4.9165952e-06
4.9194238e-06
4.9221758e-06
4.9248505e-06
4.9274473e-06
4.9299652e-06
4.9324036e-06
4.9347614e-06
4.9370378e-06
4.9392316e-06
4.9413416e-06
4.9433668e-06
4.9453059e-06
4.9471573e-06
4.9489196e-06
4.9505913e-06
4.9521707e-06
4.9536561e-06
4.9550458e-06
4.9563378e-06
4.9575301e-06
4.9586207e-06
4.9596073e-06
4.9604878e-06
4.9612597e-06
4.9619206e-06
4.962468e-06
4.9628991e-06
4.9632112e-06
4.9634014e-06
4.9634668e-06
4.9634042e-06
4.9632106e-06
4.9628825e-06
4.9624166e-06
4.9618094e-06
4.9610571e-06
4.9601559e-06
4.9591022e-06
4.9578919e-06
4.956521e-06
4.954985e-06
4.9532798e-06
4.9514007e-06
4.9493431e-06
4.9471023e-06
4.9446735e-06
4.9420516e-06
4.9392313e-06
4.9362071e-06
4.9329736e-06
4.9295254e-06
4.9258567e-06
4.9219618e-06
4.9178348e-06
4.9134695e-06
4.9088598e-06
4.9039993e-06
4.8988815e-06
4.8934997e-06
4.8878473e-06
4.8819172e-06
4.8757025e-06
4.8691958e-06
4.8623899e-06
4.8552774e-06
4.8478507e-06
4.840102e-06
4.8320235e-06
4.8236072e-06
4.8148448e-06
4.805728e-06
4.7962485e-06
4.7863977e-06
4.7761669e-06
4.7655474e-06
4.7545302e-06
4.7431066e-06
4.7312662e-06
4.7190057e-06
4.7062882e-06
4.6932337e-06
4.6792312e-06
4.6670666e-06
4.6437781e-06
4.8305531e-06
4.8346661e-06
4.8386696e-06
4.8425889e-06
4.8464289e-06
4.8501912e-06
4.853876e-06
4.8574836e-06
4.8610141e-06
4.8644676e-06
4.8678441e-06
4.8711433e-06
4.8743652e-06
4.8775095e-06
4.8805758e-06
4.8835639e-06
4.8864732e-06
4.8893033e-06
4.8920534e-06
4.894723e-06
4.8973112e-06
4.8998173e-06
4.9022404e-06
4.9045794e-06
4.9068334e-06
4.9090011e-06
4.9110815e-06
4.9130731e-06
4.9149746e-06
4.9167846e-06
4.9185014e-06
4.9201236e-06
4.9216493e-06
4.9230767e-06
4.9244038e-06
4.9256288e-06
4.9267495e-06
4.9277638e-06
4.9286694e-06
4.929464e-06
4.930145e-06
4.93071e-06
4.9311561e-06
4.9314807e-06
4.9316807e-06
4.9317533e-06
4.9316953e-06
4.9315035e-06
4.9311745e-06
4.9307049e-06
4.9300911e-06
4.9293296e-06
4.9284164e-06
4.9273477e-06
4.9261194e-06
4.9247274e-06
4.9231674e-06
4.9214349e-06
4.9195254e-06
4.9174343e-06
4.9151566e-06
4.9126875e-06
4.9100219e-06
4.9071546e-06
4.9040802e-06
4.9007932e-06
4.8972881e-06
4.8935588e-06
4.8895991e-06
4.8854031e-06
4.8809645e-06
4.8762771e-06
4.8713343e-06
4.8661295e-06
4.860656e-06
4.854907e-06
4.8488754e-06
4.842554e-06
4.8359355e-06
4.8290124e-06
4.8217773e-06
4.8142222e-06
4.8063395e-06
4.7981211e-06
4.7895592e-06
4.7806452e-06
4.7713709e-06
4.7617277e-06
4.751707e-06
4.7412999e-06
4.7304976e-06
4.7192911e-06
4.7076715e-06
4.6956284e-06
4.6831585e-06
4.6702244e-06
4.6569478e-06
4.6427094e-06
4.6303355e-06
4.606657e-06
4.8207663e-06
4.8249025e-06
4.8289284e-06
4.8328694e-06
4.8367305e-06
4.8405131e-06
4.8442177e-06
4.8478445e-06
4.8513937e-06
4.8548651e-06
4.858259e-06
4.861575e-06
4.8648132e-06
4.8679732e-06
4.8710547e-06
4.8740573e-06
4.8769807e-06
4.8798243e-06
4.8825875e-06
4.8852696e-06
4.8878698e-06
4.8903875e-06
4.8928216e-06
4.8951711e-06
4.8974351e-06
4.8996123e-06
4.9017017e-06
4.9037018e-06
4.9056113e-06
4.9074287e-06
4.9091526e-06
4.9107812e-06
4.9123128e-06
4.9137457e-06
4.9150779e-06
4.9163074e-06
4.9174321e-06
4.9184498e-06
4.9193584e-06
4.9201553e-06
4.9208382e-06
4.9214045e-06
4.9218514e-06
4.9221763e-06
4.9223762e-06
4.922448e-06
4.9223889e-06
4.9221955e-06
4.9218646e-06
4.9213927e-06
4.9207764e-06
4.9200118e-06
4.9190953e-06
4.9180229e-06
4.9167907e-06
4.9153941e-06
4.9138289e-06
4.9120905e-06
4.9101743e-06
4.9080758e-06
4.90579e-06
4.9033121e-06
4.9006369e-06
4.8977593e-06
4.8946739e-06
4.8913752e-06
4.8878577e-06
4.8841154e-06
4.8801427e-06
4.8759333e-06
4.8714812e-06
4.86678e-06
4.8618233e-06
4.8566044e-06
4.8511165e-06
4.8453528e-06
4.8393063e-06
4.8329697e-06
4.8263358e-06
4.8193969e-06
4.8121456e-06
4.8045741e-06
4.7966744e-06
4.7884386e-06
4.7798586e-06
4.7709261e-06
4.7616327e-06
4.7519699e-06
4.741929e-06
4.7315011e-06
4.7206774e-06
4.7094487e-06
4.6978064e-06
4.68574e-06
4.6732461e-06
4.6602875e-06
4.646986e-06
4.6327208e-06
4.6203242e-06
4.596602e-06
4.8114105e-06
4.8155613e-06
4.8196014e-06
4.8235559e-06
4.8274301e-06
4.8312254e-06
4.8349421e-06
4.8385805e-06
4.8421408e-06
4.845623e-06
4.8490271e-06
4.852353e-06
4.8556005e-06
4.8587695e-06
4.8618595e-06
4.8648704e-06
4.8678015e-06
4.8706523e-06
4.8734224e-06
4.8761109e-06
4.8787172e-06
4.8812405e-06
4.8836798e-06
4.8860341e-06
4.8883025e-06
4.8904837e-06
4.8925765e-06
4.8945798e-06
4.896492e-06
4.8983117e-06
4.9000374e-06
4.9016674e-06
4.9032e-06
4.9046334e-06
4.9059658e-06
4.907195e-06
4.9083191e-06
4.9093358e-06
4.910243e-06
4.9110381e-06
4.9117189e-06
4.9122826e-06
4.9127268e-06
4.9130485e-06
4.9132449e-06
4.9133131e-06
4.91325e-06
4.9130524e-06
4.912717e-06
4.9122403e-06
4.9116189e-06
4.9108491e-06
4.9099271e-06
4.9088491e-06
4.9076109e-06
4.9062086e-06
4.9046377e-06
4.902894e-06
4.9009728e-06
4.8988696e-06
4.8965795e-06
4.8940976e-06
4.8914189e-06
4.8885382e-06
4.8854502e-06
4.8821494e-06
4.8786301e-06
4.8748867e-06
4.8709133e-06
4.8667037e-06
4.862252e-06
4.8575517e-06
4.8525964e-06
4.8473794e-06
4.841894e-06
4.8361334e-06
4.8300905e-06
4.8237581e-06
4.8171289e-06
4.8101954e-06
4.80295e-06
4.795385e-06
4.7874925e-06
4.7792645e-06
4.7706928e-06
4.7617692e-06
4.7524852e-06
4.7428324e-06
4.7328022e-06
4.7223858e-06
4.7115743e-06
4.7003589e-06
4.6887307e-06
4.6766795e-06
4.664202e-06
4.6512609e-06
4.6379783e-06
4.6237338e-06
4.6113555e-06
4.5876738e-06
)
;

boundaryField
{
    inlet
    {
        type            zeroGradient;
    }
    top
    {
        type            zeroGradient;
    }
    outlet
    {
        type            zeroGradient;
    }
    slipsurface
    {
        type            slip;
    }
    bottom
    {
        type            epsilonWallFunction;
        value           nonuniform List<scalar> 
100
(
0.0012696704
9.500744e-11
1.1816765e-11
1.1816765e-11
1.1816765e-11
1.1816765e-11
1.1816765e-11
1.1816765e-11
1.1816765e-11
1.1816765e-11
1.1816765e-11
1.1816765e-11
1.1816765e-11
1.1816765e-11
1.1816765e-11
1.1816765e-11
1.1816765e-11
1.1816765e-11
1.1816765e-11
1.1816765e-11
1.1816765e-11
1.1816765e-11
1.1816765e-11
1.1816765e-11
1.1816765e-11
1.1816765e-11
1.1816765e-11
1.1816765e-11
1.1816765e-11
1.1816765e-11
1.1816765e-11
1.1816765e-11
1.1816765e-11
1.1816765e-11
1.1816765e-11
1.1816765e-11
1.1816765e-11
1.1816765e-11
1.1816765e-11
1.1816765e-11
1.1816765e-11
1.1816765e-11
1.1816765e-11
1.1816765e-11
1.1816765e-11
1.1816765e-11
1.1816765e-11
1.1816765e-11
1.1816765e-11
1.1816765e-11
1.1816765e-11
1.1816765e-11
1.1816765e-11
1.1816765e-11
1.1816765e-11
1.1816765e-11
1.1816765e-11
1.1816765e-11
1.1816765e-11
1.1816765e-11
1.1816765e-11
1.1816765e-11
1.1816765e-11
1.1816765e-11
1.1816765e-11
1.1816765e-11
1.1816765e-11
1.1816765e-11
1.1816765e-11
1.1816765e-11
1.1816765e-11
1.1816765e-11
1.1816765e-11
1.1816765e-11
1.1816765e-11
1.1816765e-11
1.1816765e-11
1.1816765e-11
1.1816765e-11
1.1816765e-11
1.1816765e-11
1.1816765e-11
1.1816765e-11
1.1816765e-11
1.1816765e-11
1.1816765e-11
1.1816765e-11
1.1816765e-11
1.1816765e-11
1.1816765e-11
1.1816765e-11
1.1816765e-11
1.1816765e-11
1.1816765e-11
1.1816765e-11
1.1816765e-11
1.1816765e-11
1.1816765e-11
1.1816765e-11
1.1816765e-11
)
;
    }
    frontandback
    {
        type            empty;
    }
}


// ************************************************************************* //
