/*--------------------------------*- C++ -*----------------------------------*\
  =========                 |
  \\      /  F ield         | OpenFOAM: The Open Source CFD Toolbox
   \\    /   O peration     | Website:  https://openfoam.org
    \\  /    A nd           | Version:  12
     \\/     M anipulation  |
\*---------------------------------------------------------------------------*/
FoamFile
{
    format      ascii;
    class       surfaceScalarField;
    location    "200";
    object      phi;
}
// * * * * * * * * * * * * * * * * * * * * * * * * * * * * * * * * * * * * * //

dimensions      [0 3 -1 0 0 0 0];

internalField   nonuniform List<scalar> 
56045
(
3.3639473e-07
2.8805737e-06
-3.2169685e-06
1.9919077e-07
1.3720396e-07
1.8952808e-07
9.6626871e-09
1.8633825e-07
3.18983e-09
1.8187802e-07
4.4602312e-09
1.7707736e-07
4.8006616e-09
1.7247351e-07
4.603851e-09
1.6813091e-07
4.3425941e-09
1.6387897e-07
4.2519409e-09
1.5959449e-07
4.2844821e-09
1.5528406e-07
4.3104314e-09
1.51099e-07
4.185056e-09
1.4724444e-07
3.8545571e-09
1.4386013e-07
3.3843135e-09
1.4096884e-07
2.8912889e-09
1.385177e-07
2.4511415e-09
1.3643612e-07
2.081586e-09
1.3466367e-07
1.7724485e-09
1.3314401e-07
1.5196583e-09
1.3181754e-07
1.3264678e-09
1.3067438e-07
1.1431649e-09
1.2968033e-07
9.9404206e-10
1.2880545e-07
8.7488729e-10
1.2803522e-07
7.7022972e-10
1.2735577e-07
6.7945022e-10
1.2675476e-07
6.0100956e-10
1.2622168e-07
5.3308147e-10
1.2574761e-07
4.7406994e-10
1.2532496e-07
4.2264459e-10
1.2494727e-07
3.7769075e-10
1.2460899e-07
3.3827582e-10
1.2430538e-07
3.0361838e-10
1.2403231e-07
2.730627e-10
1.2378626e-07
2.4605628e-10
1.2356413e-07
2.2213003e-10
1.2336324e-07
2.0088246e-10
1.2318127e-07
1.8197116e-10
1.2301617e-07
1.6510413e-10
1.2286614e-07
1.5002952e-10
1.2272961e-07
1.3652969e-10
1.2260519e-07
1.2441568e-10
1.2249167e-07
1.1352313e-10
1.2238796e-07
1.0371115e-10
1.222931e-07
9.4859611e-11
1.2220624e-07
8.6865444e-11
1.221266e-07
7.9636121e-11
1.2205351e-07
7.3085958e-11
1.2198637e-07
6.7138066e-11
1.2192465e-07
6.1725704e-11
1.2186785e-07
5.6794368e-11
1.2181555e-07
5.2299973e-11
1.2176735e-07
4.8204584e-11
1.2172288e-07
4.4470613e-11
1.2168182e-07
4.1059287e-11
1.2164388e-07
3.7935747e-11
1.2160881e-07
3.5070895e-11
1.2157637e-07
3.2442788e-11
1.2154634e-07
3.0034613e-11
1.2151851e-07
2.7828227e-11
1.214927e-07
2.5803202e-11
1.2146876e-07
2.3940231e-11
1.2144654e-07
2.2222127e-11
1.214259e-07
2.0638012e-11
1.2140672e-07
1.9181643e-11
1.2138888e-07
1.7843361e-11
1.2137227e-07
1.6610547e-11
1.213568e-07
1.547161e-11
1.2134238e-07
1.4417795e-11
1.2132894e-07
1.3443919e-11
1.2131639e-07
1.2548006e-11
1.2130466e-07
1.1724808e-11
1.212937e-07
1.0964827e-11
1.2128344e-07
1.0260311e-11
1.2127383e-07
9.6060768e-12
1.2126483e-07
8.9990449e-12
1.2125639e-07
8.4379815e-12
1.2124847e-07
7.9208369e-12
1.2124103e-07
7.443135e-12
1.2123403e-07
7.0004236e-12
1.2122744e-07
6.5897635e-12
1.2122123e-07
6.2095941e-12
1.2121537e-07
5.8579308e-12
1.2120984e-07
5.5306673e-12
1.2120462e-07
5.2229938e-12
1.2119967e-07
4.9518437e-12
1.2119497e-07
4.7005511e-12
1.2119051e-07
4.4574704e-12
1.2118628e-07
4.2279459e-12
1.2118227e-07
4.0125267e-12
1.2117845e-07
3.818483e-12
1.2117481e-07
3.6420378e-12
1.2117133e-07
3.4791144e-12
1.21168e-07
3.3251094e-12
1.2116482e-07
3.1807923e-12
1.2116177e-07
3.0547958e-12
1.2115885e-07
2.9232941e-12
1.2115602e-07
2.8217081e-12
1.2115334e-07
2.6799582e-12
1.2115025e-07
3.0923932e-12
2.1578269e-12
9.7218795e-07
5.5793711e-06
-3.6709853e-06
6.212885e-07
4.881034e-07
5.904756e-07
4.0475586e-08
5.8016008e-07
1.3505355e-08
5.6618944e-07
1.8430866e-08
5.5128109e-07
1.970902e-08
5.3690481e-07
1.8980124e-08
5.233972e-07
1.7850204e-08
5.1016166e-07
1.7487482e-08
4.9682301e-07
1.7623131e-08
4.8340614e-07
1.7727303e-08
4.7038356e-07
1.7207635e-08
4.583928e-07
1.5845322e-08
4.4786582e-07
1.3911292e-08
4.3887129e-07
1.1885814e-08
4.3124188e-07
1.008055e-08
4.2477174e-07
8.5517268e-09
4.1924237e-07
7.301825e-09
4.1450863e-07
6.2533986e-09
4.1038686e-07
5.4482382e-09
4.0682357e-07
4.7064489e-09
4.0372478e-07
4.0928403e-09
4.0099921e-07
3.600457e-09
3.9859949e-07
3.1699471e-09
3.9648248e-07
2.7964563e-09
3.9460974e-07
2.473754e-09
3.9294852e-07
2.1942975e-09
3.9147108e-07
1.9515083e-09
3.9015382e-07
1.7399123e-09
3.8897658e-07
1.5549267e-09
3.8792213e-07
1.3927205e-09
3.8697567e-07
1.2500864e-09
3.861244e-07
1.1243263e-09
3.853573e-07
1.0131643e-09
3.8466475e-07
9.1467451e-10
3.8403842e-07
8.2720951e-10
3.8347104e-07
7.4935966e-10
3.8295622e-07
6.7992072e-10
3.8248839e-07
6.1785867e-10
3.8206264e-07
5.6227856e-10
3.8167465e-07
5.1240309e-10
3.8132062e-07
4.6755411e-10
3.8099718e-07
4.2715252e-10
3.8070133e-07
3.9070622e-10
3.8043041e-07
3.5778792e-10
3.8018203e-07
3.2801873e-10
3.7995407e-07
3.0104496e-10
3.7974466e-07
2.7655102e-10
3.7955212e-07
2.5426177e-10
3.7937496e-07
2.3395296e-10
3.7921182e-07
2.1544313e-10
3.7906145e-07
1.9857599e-10
3.7892272e-07
1.8319702e-10
3.7879463e-07
1.6914637e-10
3.7867629e-07
1.5628099e-10
3.7856688e-07
1.4448065e-10
3.7846567e-07
1.3365538e-10
3.7837197e-07
1.2373543e-10
3.7828515e-07
1.1464679e-10
3.7820465e-07
1.0630474e-10
3.7812996e-07
9.8630474e-11
3.7806063e-07
9.1552421e-11
3.7799624e-07
8.5026618e-11
3.7793639e-07
7.9026611e-11
3.7788072e-07
7.3513012e-11
3.778289e-07
6.8434015e-11
3.7778063e-07
6.374141e-11
3.7773565e-07
5.9399763e-11
3.776937e-07
5.5387072e-11
3.7765456e-07
5.1695671e-11
3.7761798e-07
4.8303788e-11
3.7758377e-07
4.5172192e-11
3.7755176e-07
4.2269335e-11
3.7752179e-07
3.9573397e-11
3.7749372e-07
3.7072003e-11
3.774674e-07
3.4760031e-11
3.7744269e-07
3.2628858e-11
3.7741947e-07
3.0660363e-11
3.7739764e-07
2.88359e-11
3.7737708e-07
2.7143461e-11
3.7735772e-07
2.5576438e-11
3.7733945e-07
2.4125257e-11
3.7732218e-07
2.2797435e-11
3.7730592e-07
2.1490194e-11
3.7729047e-07
2.0393245e-11
3.7727582e-07
1.935871e-11
3.7726192e-07
1.8352209e-11
3.7724873e-07
1.7414758e-11
3.7723623e-07
1.6521707e-11
3.7722432e-07
1.5721157e-11
3.7721297e-07
1.4994223e-11
3.7720213e-07
1.4322318e-11
3.7719177e-07
1.3687329e-11
3.7718185e-07
1.3093017e-11
3.7717234e-07
1.2569267e-11
3.7716323e-07
1.202764e-11
3.7715443e-07
1.1630572e-11
3.7714614e-07
1.0967857e-11
3.7713638e-07
1.28517e-11
8.6922596e-12
1.5962037e-06
8.0838333e-06
-4.1006659e-06
1.0796119e-06
1.0046952e-06
1.0246288e-06
9.5458732e-08
1.0058097e-06
3.2324439e-08
9.8153007e-07
4.2710483e-08
9.557095e-07
4.5529591e-08
9.3088901e-07
4.3800611e-08
9.0752458e-07
4.1214631e-08
8.8464518e-07
4.0366889e-08
8.6158356e-07
4.0684743e-08
8.3837993e-07
4.0930936e-08
8.1585515e-07
3.9732415e-08
7.9511263e-07
3.6587845e-08
7.7689984e-07
3.2124085e-08
7.613345e-07
2.7451151e-08
7.4812928e-07
2.3285772e-08
7.3691817e-07
1.9762832e-08
7.2734423e-07
1.6875767e-08
7.1914022e-07
1.4457409e-08
7.1200264e-07
1.2585822e-08
7.0582478e-07
1.0884306e-08
7.0045209e-07
9.4655252e-09
6.9572611e-07
8.326443e-09
6.9156481e-07
7.3312473e-09
6.8789331e-07
6.4679581e-09
6.8464502e-07
5.7220354e-09
6.8176332e-07
5.0760025e-09
6.7920016e-07
4.5146693e-09
6.7691467e-07
4.0254047e-09
6.7487196e-07
3.5976316e-09
6.7304218e-07
3.2225049e-09
6.7139965e-07
2.892618e-09
6.6992223e-07
2.6017402e-09
6.6859078e-07
2.3446132e-09
6.6738867e-07
2.1167845e-09
6.6630144e-07
1.9144472e-09
6.6531645e-07
1.734345e-09
6.6442268e-07
1.5736939e-09
6.6361043e-07
1.4301031e-09
6.6287121e-07
1.3015035e-09
6.6219751e-07
1.1860978e-09
6.6158275e-07
1.082319e-09
6.6102107e-07
9.8882742e-10
6.6050729e-07
9.0448468e-10
6.6003678e-07
8.2830361e-10
6.5960539e-07
7.5940717e-10
6.5920946e-07
6.969781e-10
6.5884572e-07
6.4028622e-10
6.5851129e-07
5.8869559e-10
6.5820355e-07
5.4168727e-10
6.5792016e-07
4.9884145e-10
6.5765893e-07
4.5979661e-10
6.5741794e-07
4.2419526e-10
6.5719541e-07
3.9166789e-10
6.5698981e-07
3.6188346e-10
6.5679973e-07
3.3456411e-10
6.5662388e-07
3.0950127e-10
6.5646108e-07
2.8653379e-10
6.5631024e-07
2.6549015e-10
6.5617037e-07
2.4617478e-10
6.560406e-07
2.2840508e-10
6.5592013e-07
2.1201567e-10
6.5580826e-07
1.9690448e-10
6.5570427e-07
1.8301042e-10
6.5560754e-07
1.7024236e-10
6.555175e-07
1.5848032e-10
6.5543362e-07
1.4761301e-10
6.5535547e-07
1.375581e-10
6.5528259e-07
1.2826484e-10
6.5521457e-07
1.1971537e-10
6.5515101e-07
1.1185933e-10
6.5509158e-07
1.0460607e-10
6.5503597e-07
9.7882384e-11
6.549839e-07
9.1637905e-11
6.5493513e-07
8.5843892e-11
6.548894e-07
8.0488451e-11
6.5484648e-07
7.5551746e-11
6.5480615e-07
7.0991712e-11
6.5476822e-07
6.6765269e-11
6.5473252e-07
6.2844568e-11
6.5469888e-07
5.9214168e-11
6.5466715e-07
5.585325e-11
6.5463718e-07
5.2770985e-11
6.5460891e-07
4.9759362e-11
6.545821e-07
4.7204992e-11
6.5455665e-07
4.4801727e-11
6.5453253e-07
4.2474801e-11
6.5450964e-07
4.0301855e-11
6.5448793e-07
3.8238636e-11
6.5446726e-07
3.6383378e-11
6.5444756e-07
3.469658e-11
6.5442875e-07
3.3138956e-11
6.5441077e-07
3.1667289e-11
6.5439357e-07
3.0289043e-11
6.5437706e-07
2.9075531e-11
6.5436127e-07
2.7818569e-11
6.5434598e-07
2.6920978e-11
6.5433167e-07
2.5283994e-11
6.5431463e-07
2.9892376e-11
1.9852566e-11
2.2087369e-06
1.0383214e-05
-4.5081179e-06
1.5690306e-06
1.6444014e-06
1.4856704e-06
1.7881899e-07
1.4562311e-06
6.176375e-08
1.4210997e-06
7.7841802e-08
1.3841303e-06
8.249905e-08
1.3486929e-06
7.9237992e-08
1.3153104e-06
7.4597142e-08
1.2826245e-06
7.3052806e-08
1.2496553e-06
7.3653862e-08
1.2164492e-06
7.4137113e-08
1.1841807e-06
7.2000855e-08
1.1544359e-06
6.6332661e-08
1.1282954e-06
5.8264599e-08
1.1059365e-06
4.9810005e-08
1.0869551e-06
4.226719e-08
1.070823e-06
3.5894914e-08
1.0570427e-06
3.0656128e-08
1.0452251e-06
2.627495e-08
1.0349468e-06
2.2864158e-08
1.026041e-06
1.9790155e-08
1.0182918e-06
1.721468e-08
1.0114745e-06
1.5143751e-08
1.0054702e-06
1.3335502e-08
1.0001713e-06
1.1766856e-08
9.9548211e-07
1.0411267e-08
9.9132114e-07
9.2369723e-09
9.8761938e-07
8.2164346e-09
9.8431802e-07
7.3267648e-09
9.8136686e-07
6.5487886e-09
9.787229e-07
5.8664631e-09
9.7634917e-07
5.2663488e-09
9.7421377e-07
4.7371393e-09
9.722891e-07
4.2692874e-09
9.7055118e-07
3.8547032e-09
9.6897915e-07
3.4864711e-09
9.6755482e-07
3.158677e-09
9.6626225e-07
2.8662626e-09
9.6508748e-07
2.6048809e-09
9.6401821e-07
2.3707707e-09
9.6304364e-07
2.160664e-09
9.6215425e-07
1.9717136e-09
9.6134159e-07
1.8014822e-09
9.6059818e-07
1.6478984e-09
9.5991731e-07
1.5091689e-09
9.5929302e-07
1.3836967e-09
9.5872001e-07
1.2699965e-09
9.5819355e-07
1.1667395e-09
9.5770948e-07
1.0727693e-09
9.5726403e-07
9.8714131e-10
9.5685378e-07
9.0909148e-10
9.5647561e-07
8.3796187e-10
9.561267e-07
7.7310192e-10
9.5580453e-07
7.1383969e-10
9.5550684e-07
6.5957247e-10
9.5523161e-07
6.0979492e-10
9.5497699e-07
5.6412673e-10
9.5474124e-07
5.2227485e-10
9.5452281e-07
4.839266e-10
9.5432026e-07
4.4872673e-10
9.5413232e-07
4.1634237e-10
9.5395786e-07
3.864729e-10
9.5379583e-07
3.5893164e-10
9.5364524e-07
3.3360772e-10
9.5350514e-07
3.1033515e-10
9.5337473e-07
2.8889537e-10
9.5325326e-07
2.6908618e-10
9.5314006e-07
2.5075704e-10
9.5303451e-07
2.3381585e-10
9.5293599e-07
2.1822976e-10
9.5284394e-07
2.0390719e-10
9.5275787e-07
1.9068335e-10
9.5267732e-07
1.7842451e-10
9.5260192e-07
1.6703918e-10
9.5253129e-07
1.5647478e-10
9.5246507e-07
1.4670962e-10
9.5240292e-07
1.3770777e-10
9.5234451e-07
1.2939239e-10
9.522896e-07
1.2168519e-10
9.522379e-07
1.1453528e-10
9.521892e-07
1.0791428e-10
9.5214327e-07
1.01787e-10
9.5209989e-07
9.615308e-11
9.5205896e-07
9.0692562e-11
9.5202015e-07
8.6009925e-11
9.5198334e-07
8.1616468e-11
9.5194843e-07
7.7380399e-11
9.5191532e-07
7.3414941e-11
9.5188389e-07
6.9661794e-11
9.51854e-07
6.6277158e-11
9.518255e-07
6.3196277e-11
9.5179829e-07
6.0353626e-11
9.5177228e-07
5.7668515e-11
9.5174742e-07
5.5152518e-11
9.5172356e-07
5.2938897e-11
9.5170073e-07
5.0644157e-11
9.5167862e-07
4.9028675e-11
9.5165797e-07
4.5936908e-11
9.5163327e-07
5.4592848e-11
3.5871719e-11
2.805981e-06
1.2472697e-05
-4.8954637e-06
2.0732954e-06
2.3770871e-06
1.9522025e-06
2.9991183e-07
1.9088675e-06
1.0509881e-07
1.8629181e-06
1.2379119e-07
1.8156526e-06
1.2976453e-07
1.7706106e-06
1.2428004e-07
1.7282166e-06
1.1699114e-07
1.6867241e-06
1.1454523e-07
1.6448347e-06
1.1554335e-07
1.6025703e-06
1.1640151e-07
1.5614138e-06
1.1315729e-07
1.5233984e-06
1.0434809e-07
1.4899296e-06
9.1733358e-08
1.4612615e-06
7.8478177e-08
1.4368958e-06
6.6632818e-08
1.4161586e-06
5.6632162e-08
1.3984276e-06
4.8387165e-08
1.3832064e-06
4.1496125e-08
1.3699645e-06
3.6106052e-08
1.3584768e-06
3.1277819e-08
1.3484729e-06
2.721859e-08
1.3396683e-06
2.3948313e-08
1.33191e-06
2.1093895e-08
1.3250598e-06
1.8617019e-08
1.3189952e-06
1.6475877e-08
1.3136117e-06
1.4620466e-08
1.3088206e-06
1.3007485e-08
1.3045465e-06
1.1600945e-08
1.3007246e-06
1.0370678e-08
1.2972996e-06
9.2914246e-09
1.2942239e-06
8.3420108e-09
1.2914565e-06
7.504618e-09
1.2889616e-06
6.7641905e-09
1.2867083e-06
6.10796e-09
1.2846698e-06
5.5250122e-09
1.2828224e-06
5.0060127e-09
1.2811457e-06
4.5429733e-09
1.2796216e-06
4.1290256e-09
1.2782341e-06
3.758226e-09
1.2769694e-06
3.4254092e-09
1.275815e-06
3.1260764e-09
1.2747601e-06
2.8563724e-09
1.273795e-06
2.6130207e-09
1.272911e-06
2.393187e-09
1.2721003e-06
2.1943434e-09
1.2713562e-06
2.0141419e-09
1.2706724e-06
1.8504789e-09
1.2700437e-06
1.7015257e-09
1.269465e-06
1.5657864e-09
1.2689321e-06
1.4420514e-09
1.2684408e-06
1.3292793e-09
1.2679874e-06
1.2264404e-09
1.2675688e-06
1.1324715e-09
1.2671819e-06
1.046418e-09
1.2668243e-06
9.6748011e-10
1.2664933e-06
8.9505459e-10
1.2661869e-06
8.2867764e-10
1.265903e-06
7.6785355e-10
1.2656397e-06
7.120207e-10
1.2653954e-06
6.6065129e-10
1.2651686e-06
6.1326951e-10
1.264958e-06
5.6957855e-10
1.2647622e-06
5.2940303e-10
1.26458e-06
4.9248003e-10
1.2644105e-06
4.584632e-10
1.2642525e-06
4.2703265e-10
1.2641053e-06
3.97949e-10
1.2639681e-06
3.710666e-10
1.26384e-06
3.4633299e-10
1.2637203e-06
3.2360324e-10
1.2636083e-06
3.0261654e-10
1.2635036e-06
2.8316048e-10
1.2634055e-06
2.6509023e-10
1.2633137e-06
2.4832216e-10
1.2632276e-06
2.3282181e-10
1.2631468e-06
2.1853252e-10
1.2630708e-06
2.0533224e-10
1.2629994e-06
1.9309706e-10
1.2629322e-06
1.8174609e-10
1.2628689e-06
1.7123393e-10
1.2628092e-06
1.6150854e-10
1.2627528e-06
1.5254795e-10
1.2626995e-06
1.4391713e-10
1.2626491e-06
1.364515e-10
1.2626012e-06
1.2946242e-10
1.2625559e-06
1.2274589e-10
1.2625129e-06
1.1644688e-10
1.262472e-06
1.1049932e-10
1.2624332e-06
1.0512321e-10
1.2623961e-06
1.00225e-10
1.2623608e-06
9.5708432e-11
1.262327e-06
9.1443086e-11
1.2622947e-06
8.744473e-11
1.2622637e-06
8.3928324e-11
1.2622341e-06
8.0282063e-11
1.2622054e-06
7.7737453e-11
1.2621786e-06
7.271997e-11
1.2621465e-06
8.6712656e-11
5.6580693e-11
3.3777593e-06
1.4356961e-05
-5.2620233e-06
2.5710697e-06
3.1837768e-06
2.3994167e-06
4.7156484e-07
2.3376313e-06
1.6688414e-07
2.2808194e-06
1.8060308e-07
2.2245255e-06
1.860585e-07
2.1714761e-06
1.7732942e-07
2.1217359e-06
1.6673132e-07
2.0731608e-06
1.6312037e-07
2.0241357e-06
1.6456843e-07
1.9746159e-06
1.6592132e-07
1.9263044e-06
1.6146871e-07
1.8815929e-06
1.4905961e-07
1.8421633e-06
1.3116293e-07
1.8083509e-06
1.1229066e-07
1.7795897e-06
9.5393962e-08
1.7550816e-06
8.1140289e-08
1.7341059e-06
6.9362823e-08
1.7160821e-06
5.952e-08
1.7003952e-06
5.1792906e-08
1.6867714e-06
4.4901679e-08
1.6748977e-06
3.9092234e-08
1.6644421e-06
3.4403884e-08
1.6552237e-06
3.0312318e-08
1.6470803e-06
2.6760447e-08
1.6398674e-06
2.3688789e-08
1.6334619e-06
2.1025988e-08
1.6277591e-06
1.8710264e-08
1.6226698e-06
1.6690256e-08
1.6181176e-06
1.4922877e-08
1.614037e-06
1.3372025e-08
1.6103716e-06
1.2007418e-08
1.6070726e-06
1.0803558e-08
1.6040979e-06
9.7388868e-09
1.6014108e-06
8.7951076e-09
1.5989792e-06
7.9565778e-09
1.5967753e-06
7.209917e-09
1.5947746e-06
6.5436681e-09
1.5929557e-06
5.9479745e-09
1.5912996e-06
5.4143052e-09
1.5897897e-06
4.9352444e-09
1.5884115e-06
4.5043339e-09
1.5871518e-06
4.1160347e-09
1.5859992e-06
3.7656383e-09
1.5849433e-06
3.4490748e-09
1.583975e-06
3.16271e-09
1.5830859e-06
2.9031703e-09
1.582269e-06
2.6674306e-09
1.5815176e-06
2.4528623e-09
1.5808261e-06
2.2573136e-09
1.5801891e-06
2.0790446e-09
1.5796018e-06
1.9165578e-09
1.5790599e-06
1.7683722e-09
1.5785594e-06
1.6329593e-09
1.5780969e-06
1.5089452e-09
1.5776692e-06
1.3951793e-09
1.5772735e-06
1.2907923e-09
1.576907e-06
1.1951171e-09
1.5765674e-06
1.1074398e-09
1.5762525e-06
1.0269534e-09
1.5759602e-06
9.5289756e-10
1.5756889e-06
8.8458776e-10
1.5754369e-06
8.2159524e-10
1.5752026e-06
7.6366778e-10
1.5749847e-06
7.1042702e-10
1.5747818e-06
6.6137434e-10
1.5745928e-06
6.1604961e-10
1.5744166e-06
5.7410709e-10
1.5742523e-06
5.3533729e-10
1.574099e-06
4.9966406e-10
1.5739557e-06
4.66879e-10
1.5738217e-06
4.3660699e-10
1.5736964e-06
4.0854149e-10
1.573579e-06
3.8247405e-10
1.573469e-06
3.5828376e-10
1.5733659e-06
3.3592089e-10
1.5732692e-06
3.1530417e-10
1.5731782e-06
2.9625759e-10
1.5730927e-06
2.7860285e-10
1.5730122e-06
2.6222312e-10
1.5729364e-06
2.4705257e-10
1.5728649e-06
2.3302056e-10
1.5727974e-06
2.2007115e-10
1.5727336e-06
2.0765714e-10
1.5726733e-06
1.9684758e-10
1.572616e-06
1.8674558e-10
1.5725617e-06
1.7706221e-10
1.5725101e-06
1.6796735e-10
1.5724612e-06
1.5939451e-10
1.5724147e-06
1.5163118e-10
1.5723704e-06
1.4455299e-10
1.5723281e-06
1.380297e-10
1.5722877e-06
1.3187021e-10
1.572249e-06
1.2609429e-10
1.5722119e-06
1.2101603e-10
1.5721764e-06
1.1574874e-10
1.5721421e-06
1.1209543e-10
1.5721101e-06
1.0474353e-10
1.5720716e-06
1.2518458e-10
8.128164e-11
3.9215027e-06
1.6044815e-05
-5.6093568e-06
3.055177e-06
4.0501025e-06
2.8204894e-06
7.0625246e-07
2.7336385e-06
2.5373501e-07
2.6645895e-06
2.4965207e-07
2.5997259e-06
2.509221e-07
2.5396943e-06
2.3736097e-07
2.483783e-06
2.2264271e-07
2.4294152e-06
2.1748816e-07
2.3746574e-06
2.1932623e-07
2.3193646e-06
2.2121407e-07
2.2653864e-06
2.1544693e-07
2.2153878e-06
1.9905825e-07
2.1712682e-06
1.7528252e-07
2.1334327e-06
1.5012611e-07
2.1012573e-06
1.2756937e-07
2.0738278e-06
1.0856979e-07
2.0503419e-06
9.2848687e-08
2.0301521e-06
7.9709793e-08
2.0125781e-06
6.9366917e-08
1.9973051e-06
6.0174742e-08
1.983988e-06
5.2409252e-08
1.9722579e-06
4.6134032e-08
1.9619121e-06
4.0658088e-08
1.95277e-06
3.5902589e-08
1.9446702e-06
3.1788586e-08
1.9374752e-06
2.8220986e-08
1.931068e-06
2.5117423e-08
1.9253489e-06
2.2409413e-08
1.9202323e-06
2.003947e-08
1.9156449e-06
1.7959394e-08
1.9115236e-06
1.6128735e-08
1.9078137e-06
1.4513417e-08
1.904468e-06
1.3084616e-08
1.9014453e-06
1.1817849e-08
1.8987097e-06
1.0692184e-08
1.8962299e-06
9.6897117e-09
1.8939784e-06
8.7950909e-09
1.8919313e-06
7.9951164e-09
1.8900673e-06
7.2783577e-09
1.8883676e-06
6.6348756e-09
1.8868159e-06
6.0560151e-09
1.8853976e-06
5.5343479e-09
1.8840997e-06
5.0635584e-09
1.8829106e-06
4.6381916e-09
1.8818199e-06
4.2533708e-09
1.8808185e-06
3.9045717e-09
1.8798982e-06
3.5877342e-09
1.8790518e-06
3.2993312e-09
1.8782726e-06
3.0364741e-09
1.8775548e-06
2.7968276e-09
1.876893e-06
2.5783818e-09
1.8762822e-06
2.3791495e-09
1.8757181e-06
2.1970797e-09
1.8751967e-06
2.0303268e-09
1.8747145e-06
1.8773461e-09
1.8742684e-06
1.7369687e-09
1.8738552e-06
1.6082988e-09
1.8734722e-06
1.4903777e-09
1.8731171e-06
1.382123e-09
1.8727875e-06
1.2825128e-09
1.8724814e-06
1.190628e-09
1.8721971e-06
1.1058907e-09
1.8719328e-06
1.0279623e-09
1.8716869e-06
9.563349e-10
1.871458e-06
8.9033888e-10
1.8712446e-06
8.2935642e-10
1.8710458e-06
7.7292186e-10
1.8708604e-06
7.2075379e-10
1.8706873e-06
6.7274912e-10
1.8705256e-06
6.2862821e-10
1.8703743e-06
5.8788762e-10
1.8702327e-06
5.5011474e-10
1.8701002e-06
5.1502951e-10
1.869976e-06
4.8246887e-10
1.8698595e-06
4.5236583e-10
1.8697502e-06
4.2461153e-10
1.8696475e-06
3.9896936e-10
1.8695509e-06
3.7519987e-10
1.86946e-06
3.531457e-10
1.8693743e-06
3.3271804e-10
1.8692935e-06
3.138265e-10
1.8692172e-06
2.963694e-10
1.8691452e-06
2.7969469e-10
1.8690769e-06
2.6510055e-10
1.8690122e-06
2.5148078e-10
1.8689508e-06
2.3845107e-10
1.8688926e-06
2.261976e-10
1.8688373e-06
2.1466102e-10
1.8687848e-06
2.0419882e-10
1.8687347e-06
1.9465504e-10
1.8686868e-06
1.8586335e-10
1.8686411e-06
1.7756281e-10
1.8685974e-06
1.6977674e-10
1.8685555e-06
1.6293301e-10
1.8685154e-06
1.55831e-10
1.8684766e-06
1.5092909e-10
1.8684404e-06
1.409154e-10
1.8683969e-06
1.686896e-10
1.0912392e-10
4.4380322e-06
1.7546246e-05
-5.9394626e-06
3.5271134e-06
4.9610213e-06
3.2217297e-06
1.0116362e-06
3.1033792e-06
3.7208547e-07
3.020066e-06
3.3296529e-07
2.9461603e-06
3.248278e-07
2.8791687e-06
3.0435257e-07
2.8173385e-06
2.844729e-07
2.7575787e-06
2.7724795e-07
2.6976046e-06
2.7930032e-07
2.6371406e-06
2.8167807e-07
2.5781428e-06
2.7444478e-07
2.523507e-06
2.5369406e-07
2.4753158e-06
2.234737e-07
2.4340732e-06
1.9136871e-07
2.3990921e-06
1.6255041e-07
2.3692869e-06
1.3837506e-07
2.3437698e-06
1.1836577e-07
2.321835e-06
1.0164454e-07
2.3027474e-06
8.8454557e-08
2.2861548e-06
7.6767283e-08
2.2716853e-06
6.6878769e-08
2.2589397e-06
5.8879701e-08
2.2476973e-06
5.1900481e-08
2.237762e-06
4.5837806e-08
2.2289589e-06
4.0591683e-08
2.2211387e-06
3.6041279e-08
2.2141742e-06
3.2081885e-08
2.2079572e-06
2.8626433e-08
2.2023948e-06
2.5601818e-08
2.1974075e-06
2.2946715e-08
2.1929266e-06
2.0609635e-08
2.1888928e-06
1.8547197e-08
2.1852548e-06
1.6722684e-08
2.1819677e-06
1.51049e-08
2.1789927e-06
1.3667166e-08
2.1762958e-06
1.238666e-08
2.173847e-06
1.1243819e-08
2.1716204e-06
1.0221801e-08
2.1695927e-06
9.3060268e-09
2.1677438e-06
8.4838142e-09
2.1660556e-06
7.7441224e-09
2.1645125e-06
7.0774698e-09
2.1631003e-06
6.4757943e-09
2.1618063e-06
5.9321366e-09
2.1606194e-06
5.4402702e-09
2.1595296e-06
4.9944206e-09
2.1585279e-06
4.589402e-09
2.1576065e-06
4.2207116e-09
2.1567584e-06
3.8846595e-09
2.1559769e-06
3.5782634e-09
2.1552564e-06
3.2989576e-09
2.1545913e-06
3.044205e-09
2.153977e-06
2.8113871e-09
2.1534092e-06
2.5981457e-09
2.152884e-06
2.4025074e-09
2.152398e-06
2.2229774e-09
2.1519479e-06
2.0584111e-09
2.1515307e-06
1.9075841e-09
2.1511437e-06
1.7691154e-09
2.1507845e-06
1.6416986e-09
2.150451e-06
1.5241598e-09
2.1501411e-06
1.4157585e-09
2.149853e-06
1.3160619e-09
2.1495849e-06
1.2244218e-09
2.1493353e-06
1.1399829e-09
2.1491027e-06
1.0619561e-09
2.1488859e-06
9.8974505e-10
2.1486836e-06
9.2299016e-10
2.1484948e-06
8.6155857e-10
2.1483183e-06
8.0509339e-10
2.1481533e-06
7.5295204e-10
2.1479988e-06
7.0460649e-10
2.1478541e-06
6.596988e-10
2.1477186e-06
6.1801986e-10
2.1475914e-06
5.7948375e-10
2.1474721e-06
5.439518e-10
2.14736e-06
5.1112166e-10
2.1472545e-06
4.8068745e-10
2.1471552e-06
4.5244776e-10
2.1470616e-06
4.2628883e-10
2.1469733e-06
4.0209981e-10
2.14689e-06
3.7972271e-10
2.1468113e-06
3.5840851e-10
2.1467367e-06
3.396783e-10
2.1466659e-06
3.2221907e-10
2.1465988e-06
3.0554221e-10
2.1465352e-06
2.8984096e-10
2.1464748e-06
2.7507e-10
2.1464173e-06
2.6165914e-10
2.1463626e-06
2.4942072e-10
2.1463103e-06
2.3815119e-10
2.1462603e-06
2.2751186e-10
2.1462126e-06
2.1752905e-10
2.1461668e-06
2.0875678e-10
2.1461229e-06
1.9964736e-10
2.1460805e-06
1.9338538e-10
2.146041e-06
1.8044429e-10
2.1459934e-06
2.1626487e-10
1.3949397e-10
4.9279937e-06
1.8872621e-05
-6.2543691e-06
3.9876325e-06
5.9013825e-06
3.6094957e-06
1.3897729e-06
3.4549743e-06
5.2660689e-07
3.355453e-06
4.3248665e-07
3.2717812e-06
4.0849954e-07
3.1975218e-06
3.7861204e-07
3.1297007e-06
3.5229392e-07
3.0646165e-06
3.4233215e-07
2.9995934e-06
3.4432351e-07
2.9341992e-06
3.4707221e-07
2.8704726e-06
3.381714e-07
2.8115153e-06
3.1265138e-07
2.7595701e-06
2.7541888e-07
2.715217e-06
2.3572181e-07
2.6776971e-06
2.0007031e-07
2.6457581e-06
1.7031408e-07
2.6184265e-06
1.4569737e-07
2.5949408e-06
1.2513023e-07
2.5745153e-06
1.0888001e-07
2.5567602e-06
9.4522456e-08
2.541277e-06
8.236197e-08
2.5276406e-06
7.2516044e-08
2.5156137e-06
6.3927444e-08
2.5049858e-06
5.6465617e-08
2.4955696e-06
5.0007912e-08
2.487205e-06
4.4405876e-08
2.4797561e-06
3.9530819e-08
2.4731068e-06
3.5275751e-08
2.4671578e-06
3.1550824e-08
2.4618238e-06
2.8280652e-08
2.4570315e-06
2.5401929e-08
2.4527174e-06
2.2861301e-08
2.4488265e-06
2.0613607e-08
2.4453109e-06
1.8620456e-08
2.4421291e-06
1.6849024e-08
2.4392445e-06
1.5271224e-08
2.4366254e-06
1.3862981e-08
2.4342436e-06
1.2603557e-08
2.4320746e-06
1.1475003e-08
2.4300967e-06
1.0461704e-08
2.4282908e-06
9.5500642e-09
2.4266399e-06
8.7284058e-09
2.4251289e-06
7.9867981e-09
2.4237443e-06
7.3166736e-09
2.4224742e-06
6.7103621e-09
2.4213079e-06
6.160752e-09
2.4202359e-06
5.6614531e-09
2.4192496e-06
5.2069194e-09
2.4183417e-06
4.7926041e-09
2.4175051e-06
4.4148335e-09
2.4167336e-06
4.0704477e-09
2.4160215e-06
3.7563229e-09
2.4153637e-06
3.4692343e-09
2.4147555e-06
3.2062754e-09
2.414193e-06
2.9650146e-09
2.4136724e-06
2.743608e-09
2.4131902e-06
2.540645e-09
2.4127431e-06
2.3546175e-09
2.4123284e-06
2.1838259e-09
2.4119435e-06
2.0266604e-09
2.411586e-06
1.8816745e-09
2.4112538e-06
1.747953e-09
2.4109449e-06
1.6249624e-09
2.4106574e-06
1.5119051e-09
2.4103896e-06
1.4077275e-09
2.4101401e-06
1.3114578e-09
2.4099075e-06
1.2223598e-09
2.4096905e-06
1.1399899e-09
2.4094879e-06
1.064183e-09
2.4092985e-06
9.9449975e-10
2.4091213e-06
9.3014944e-10
2.4089554e-06
8.7048057e-10
2.4088001e-06
8.1505189e-10
2.4086545e-06
7.6360482e-10
2.4085179e-06
7.16033e-10
2.4083897e-06
6.7216604e-10
2.4082692e-06
6.3163164e-10
2.4081558e-06
5.9405296e-10
2.4080491e-06
5.5918152e-10
2.4079485e-06
5.2687703e-10
2.4078536e-06
4.9700762e-10
2.407764e-06
4.6934962e-10
2.4076793e-06
4.4306268e-10
2.4075991e-06
4.1988679e-10
2.407523e-06
3.9830569e-10
2.4074509e-06
3.7771816e-10
2.4073824e-06
3.5831466e-10
2.4073174e-06
3.4006974e-10
2.4072555e-06
3.2348857e-10
2.4071966e-06
3.0835195e-10
2.4071403e-06
2.9441886e-10
2.4070866e-06
2.812653e-10
2.4070352e-06
2.6891987e-10
2.4069859e-06
2.5807411e-10
2.4069387e-06
2.468028e-10
2.406893e-06
2.3908139e-10
2.4068505e-06
2.2297704e-10
2.4067993e-06
2.6747104e-10
1.7211528e-10
5.3921419e-06
2.0036565e-05
-6.5560857e-06
4.4366586e-06
6.8568658e-06
3.987991e-06
1.8384405e-06
3.7940802e-06
7.2051774e-07
3.6764132e-06
5.5015365e-07
3.5822312e-06
5.026815e-07
3.5004357e-06
4.6040759e-07
3.4265577e-06
4.2617188e-07
3.356196e-06
4.1269385e-07
3.286253e-06
4.1426657e-07
3.2161231e-06
4.1720211e-07
3.1479083e-06
4.0638618e-07
3.0848927e-06
3.7566692e-07
3.0294571e-06
3.3085455e-07
2.9822037e-06
2.8297522e-07
2.9422933e-06
2.3998071e-07
2.908352e-06
2.0425532e-07
2.8793255e-06
1.7472389e-07
2.8543966e-06
1.5005909e-07
2.8327325e-06
1.3054417e-07
2.8139035e-06
1.1335142e-07
2.7974849e-06
9.8780612e-08
2.7830286e-06
8.6972357e-08
2.7702807e-06
7.6675299e-08
2.7590175e-06
6.772883e-08
2.7490395e-06
5.9985911e-08
2.7401767e-06
5.3268627e-08
2.7322848e-06
4.7422733e-08
2.7252406e-06
4.2320027e-08
2.7189385e-06
3.7852855e-08
2.7132883e-06
3.3930885e-08
2.708212e-06
3.0478249e-08
2.7036423e-06
2.7431009e-08
2.6995208e-06
2.4735027e-08
2.695797e-06
2.234428e-08
2.6924266e-06
2.0219419e-08
2.6893711e-06
1.8326773e-08
2.6865966e-06
1.6637478e-08
2.6840735e-06
1.5126665e-08
2.6817757e-06
1.377281e-08
2.6796802e-06
1.2557188e-08
2.6777667e-06
1.1463496e-08
2.6760174e-06
1.0477726e-08
2.6744163e-06
9.5879675e-09
2.672949e-06
8.7839488e-09
2.6716029e-06
8.0564707e-09
2.6703666e-06
7.3970051e-09
2.6692302e-06
6.7978854e-09
2.6681846e-06
6.2524606e-09
2.667222e-06
5.7552766e-09
2.6663349e-06
5.3019274e-09
2.6655167e-06
4.8886251e-09
2.6647614e-06
4.511625e-09
2.6640636e-06
4.1670613e-09
2.6634184e-06
3.8514469e-09
2.6628215e-06
3.5618649e-09
2.6622691e-06
3.2961011e-09
2.6617572e-06
3.0524633e-09
2.6612827e-06
2.8291434e-09
2.6608424e-06
2.6241059e-09
2.6604337e-06
2.4354197e-09
2.660054e-06
2.2613501e-09
2.6597012e-06
2.100796e-09
2.659373e-06
1.9531169e-09
2.6590675e-06
1.817358e-09
2.658783e-06
1.6922563e-09
2.6585178e-06
1.5766464e-09
2.6582705e-06
1.4696442e-09
2.6580398e-06
1.370717e-09
2.6578243e-06
1.2796646e-09
2.6576229e-06
1.195961e-09
2.6574344e-06
1.1186589e-09
2.6572579e-06
1.0469763e-09
2.6570925e-06
9.8038367e-10
2.6569376e-06
9.1856975e-10
2.6567922e-06
8.614063e-10
2.6566557e-06
8.0868957e-10
2.6565273e-06
7.5997351e-10
2.6564066e-06
7.1480634e-10
2.6562929e-06
6.7288973e-10
2.6561857e-06
6.3405546e-10
2.6560846e-06
5.9815026e-10
2.655989e-06
5.6487654e-10
2.6558988e-06
5.3330534e-10
2.6558133e-06
5.0539418e-10
2.6557322e-06
4.7942794e-10
2.6556552e-06
4.5468422e-10
2.6555822e-06
4.3134092e-10
2.6555128e-06
4.0939719e-10
2.6554469e-06
3.8943717e-10
2.655384e-06
3.7121026e-10
2.655324e-06
3.5443865e-10
2.6552667e-06
3.386056e-10
2.6552118e-06
3.2374099e-10
2.6551592e-06
3.1068475e-10
2.6551089e-06
2.9710535e-10
2.6550602e-06
2.8782978e-10
2.6550148e-06
2.6834139e-10
2.6549602e-06
3.2208709e-10
2.068502e-10
5.8313895e-06
2.1051735e-05
-6.8465603e-06
4.8737142e-06
7.8145411e-06
4.3603223e-06
2.3518324e-06
4.1254802e-06
9.5535987e-07
3.9877091e-06
6.8792471e-07
3.8821091e-06
6.0828156e-07
3.7923864e-06
5.5013023e-07
3.7122734e-06
5.0628489e-07
3.6365679e-06
4.8839932e-07
3.5617165e-06
4.8911804e-07
3.4869243e-06
4.9199433e-07
3.4143415e-06
4.7896897e-07
3.3474152e-06
4.4259324e-07
3.2886451e-06
3.8962459e-07
3.238635e-06
3.3298538e-07
3.1964573e-06
2.8215839e-07
3.1606254e-06
2.4008716e-07
3.1300046e-06
2.0534477e-07
3.1037214e-06
1.763422e-07
3.0808993e-06
1.5336636e-07
3.0610684e-06
1.3318223e-07
3.0437772e-06
1.1607182e-07
3.0285574e-06
1.0219217e-07
3.0151393e-06
9.0093425e-08
3.0032859e-06
7.9582189e-08
2.9927867e-06
7.0485189e-08
2.983462e-06
6.2593307e-08
2.9751595e-06
5.5725204e-08
2.9677493e-06
4.9730212e-08
2.9611203e-06
4.4481855e-08
2.9551772e-06
3.9874015e-08
2.9498379e-06
3.5817564e-08
2.9450315e-06
3.2237389e-08
2.9406966e-06
2.9069888e-08
2.9367799e-06
2.6260988e-08
2.9332349e-06
2.3764458e-08
2.9300209e-06
2.1540749e-08
2.9271024e-06
1.9555946e-08
2.9244483e-06
1.7780832e-08
2.922031e-06
1.6190117e-08
2.9198264e-06
1.4761799e-08
2.9178131e-06
1.3476728e-08
2.9159724e-06
1.2318441e-08
2.9142874e-06
1.1272943e-08
2.9127432e-06
1.0328172e-08
2.9113264e-06
9.47332e-09
2.910025e-06
8.6983684e-09
2.9088286e-06
7.9943079e-09
2.9077277e-06
7.3533259e-09
2.906714e-06
6.7690143e-09
2.9057797e-06
6.2361972e-09
2.9049179e-06
5.7504268e-09
2.9041222e-06
5.3073073e-09
2.903387e-06
4.9022997e-09
2.9027071e-06
4.5313063e-09
2.9020781e-06
4.1909003e-09
2.9014957e-06
3.8784777e-09
2.9009561e-06
3.5920495e-09
2.9004558e-06
3.3294936e-09
2.8999915e-06
3.0884219e-09
2.8995603e-06
2.8665665e-09
2.8991598e-06
2.6618897e-09
2.8987875e-06
2.4730944e-09
2.8984412e-06
2.2994272e-09
2.8981188e-06
2.1397682e-09
2.8978184e-06
1.9926356e-09
2.8975384e-06
1.8566608e-09
2.8972772e-06
1.7308037e-09
2.8970335e-06
1.6144376e-09
2.8968058e-06
1.5073252e-09
2.8965929e-06
1.4088489e-09
2.8963937e-06
1.3178982e-09
2.8962071e-06
1.2335537e-09
2.8960323e-06
1.155193e-09
2.8958684e-06
1.0824491e-09
2.8957147e-06
1.0151705e-09
2.8955702e-06
9.5311872e-10
2.8954344e-06
8.9577048e-10
2.8953067e-06
8.4259537e-10
2.8951863e-06
7.9324267e-10
2.8950728e-06
7.4751496e-10
2.8949658e-06
7.0523717e-10
2.8948646e-06
6.6603089e-10
2.894769e-06
6.2887865e-10
2.8946785e-06
5.9595602e-10
2.8945925e-06
5.6535397e-10
2.894511e-06
5.3622023e-10
2.8944336e-06
5.0871093e-10
2.8943602e-06
4.8285388e-10
2.8942903e-06
4.5931548e-10
2.8942237e-06
4.3781373e-10
2.8941601e-06
4.1803559e-10
2.8940993e-06
3.9936439e-10
2.8940412e-06
3.8183018e-10
2.8939855e-06
3.6643153e-10
2.8939322e-06
3.5040371e-10
2.8938806e-06
3.3948157e-10
2.8938325e-06
3.1639922e-10
2.8937746e-06
3.7993562e-10
2.4358804e-10
6.2472286e-06
2.193214e-05
-7.1276336e-06
5.2997084e-06
8.7620614e-06
4.7299722e-06
2.9215686e-06
4.4532716e-06
1.2320605e-06
4.2933582e-06
8.4783814e-07
4.1752624e-06
7.263774e-07
4.077096e-06
6.4829662e-07
3.9904693e-06
5.9291151e-07
3.909262e-06
5.6960666e-07
3.8294232e-06
5.6895683e-07
3.7499502e-06
5.7146732e-07
3.6730279e-06
5.5589135e-07
3.6022508e-06
5.1337032e-07
3.5402219e-06
4.5165346e-07
3.4875316e-06
3.8567569e-07
3.4431567e-06
3.2653325e-07
3.4054992e-06
2.7774469e-07
3.373343e-06
2.3750098e-07
3.3457576e-06
2.0392755e-07
3.3218247e-06
1.7729931e-07
3.3010341e-06
1.5397279e-07
3.2829069e-06
1.3419908e-07
3.2669562e-06
1.1814279e-07
3.2528971e-06
1.0415259e-07
3.2404797e-06
9.1999554e-08
3.2294826e-06
8.1482302e-08
3.2197169e-06
7.2359003e-08
3.2110225e-06
6.4419627e-08
3.2032629e-06
5.7489743e-08
3.1963217e-06
5.1423069e-08
3.1900989e-06
4.6096884e-08
3.1845083e-06
4.1408129e-08
3.1794757e-06
3.7269951e-08
3.1749368e-06
3.3608812e-08
3.1708356e-06
3.0362185e-08
3.1671234e-06
2.7476626e-08
3.1637578e-06
2.4906415e-08
3.1607014e-06
2.2612344e-08
3.1579216e-06
2.0560634e-08
3.1553896e-06
1.872205e-08
3.1530803e-06
1.7071158e-08
3.1509712e-06
1.5585819e-08
3.1490426e-06
1.4247004e-08
3.147277e-06
1.3038532e-08
3.1456587e-06
1.1946467e-08
3.1441737e-06
1.0958317e-08
3.1428096e-06
1.0062503e-08
3.1415553e-06
9.2486094e-09
3.140401e-06
8.5076094e-09
3.1393379e-06
7.8320962e-09
3.1383581e-06
7.2160883e-09
3.137454e-06
6.6544482e-09
3.1366192e-06
6.1420995e-09
3.1358477e-06
5.6738e-09
3.1351342e-06
5.2448136e-09
3.134474e-06
4.8511799e-09
3.1338625e-06
4.4898861e-09
3.133296e-06
4.1586326e-09
3.1327705e-06
3.8549691e-09
3.1322828e-06
3.5761404e-09
3.1318298e-06
3.3195263e-09
3.1314089e-06
3.0827728e-09
3.1310176e-06
2.8643763e-09
3.1306536e-06
2.6634647e-09
3.1303146e-06
2.4787466e-09
3.1299988e-06
2.3085117e-09
3.1297042e-06
2.1511791e-09
3.1294295e-06
2.0055455e-09
3.129173e-06
1.8708855e-09
3.1289334e-06
1.7469218e-09
3.1287094e-06
1.6329416e-09
3.1284996e-06
1.5276641e-09
3.1283031e-06
1.4300263e-09
3.128119e-06
1.3393086e-09
3.1279464e-06
1.2550853e-09
3.1277844e-06
1.1771804e-09
3.1276322e-06
1.1053188e-09
3.127489e-06
1.0388974e-09
3.1273543e-06
9.7730334e-10
3.1272274e-06
9.2013117e-10
3.1271078e-06
8.6715301e-10
3.1269949e-06
8.1817158e-10
3.1268882e-06
7.727218e-10
3.1267874e-06
7.2969563e-10
3.1266918e-06
6.9148862e-10
3.1266012e-06
6.5600322e-10
3.1265151e-06
6.2224821e-10
3.1264335e-06
5.9034963e-10
3.126356e-06
5.6036757e-10
3.1262823e-06
5.3305337e-10
3.126212e-06
5.080933e-10
3.1261449e-06
4.8514158e-10
3.1260808e-06
4.6347456e-10
3.1260195e-06
4.4312116e-10
3.1259606e-06
4.2524853e-10
3.1259044e-06
4.0663326e-10
3.1258499e-06
3.9397116e-10
3.1257992e-06
3.6708881e-10
3.1257382e-06
4.4093193e-10
2.8227574e-10
6.6419154e-06
2.2691211e-05
-7.4009863e-06
5.7165597e-06
9.687417e-06
5.1000536e-06
3.5380746e-06
4.7807672e-06
1.5513468e-06
4.5966553e-06
1.0319501e-06
4.4648513e-06
8.5818142e-07
4.3576178e-06
7.5553015e-07
4.2641196e-06
6.8640964e-07
4.1771853e-06
6.5654099e-07
4.092218e-06
6.5392411e-07
4.0079844e-06
6.5570097e-07
3.9266898e-06
6.371859e-07
3.8520632e-06
5.8799698e-07
3.7867961e-06
5.1692055e-07
3.7314536e-06
4.410182e-07
3.6849099e-06
3.7307696e-07
3.6454547e-06
3.1719984e-07
3.6117895e-06
2.7116615e-07
3.5829253e-06
2.3279183e-07
3.557903e-06
2.0232162e-07
3.5361717e-06
1.7570401e-07
3.5172247e-06
1.531461e-07
3.5005578e-06
1.3480967e-07
3.4858706e-06
1.1883987e-07
3.4729005e-06
1.0496961e-07
3.4614154e-06
9.2967388e-08
3.4512173e-06
8.255711e-08
3.4421384e-06
7.3498499e-08
3.4340361e-06
6.5592088e-08
3.4267884e-06
5.8670812e-08
3.4202907e-06
5.2594557e-08
3.4144531e-06
4.7245663e-08
3.4091981e-06
4.2524988e-08
3.4044583e-06
3.8348592e-08
3.4001754e-06
3.4645106e-08
3.3962985e-06
3.1353538e-08
3.3927832e-06
2.8421721e-08
3.3895906e-06
2.5804914e-08
3.3866867e-06
2.3464573e-08
3.3840414e-06
2.1367336e-08
3.3816284e-06
1.9484184e-08
3.3794243e-06
1.7789864e-08
3.3774087e-06
1.6262658e-08
3.3755631e-06
1.4884108e-08
3.3738712e-06
1.363832e-08
3.3723185e-06
1.2511045e-08
3.3708919e-06
1.1489077e-08
3.36958e-06
1.0560533e-08
3.3683725e-06
9.7151177e-09
3.3672602e-06
8.9443841e-09
3.3662348e-06
8.2415101e-09
3.3652886e-06
7.6006388e-09
3.3644147e-06
7.0159852e-09
3.3636069e-06
6.4815748e-09
3.3628598e-06
5.9920058e-09
3.3621682e-06
5.5427613e-09
3.3615277e-06
5.1304015e-09
3.360934e-06
4.7523015e-09
3.3603833e-06
4.40567e-09
3.3598721e-06
4.0873698e-09
3.3593972e-06
3.7944145e-09
3.3589558e-06
3.5241198e-09
3.3585454e-06
3.2747658e-09
3.3581635e-06
3.0453559e-09
3.3578079e-06
2.8344206e-09
3.3574764e-06
2.6400118e-09
3.3571672e-06
2.4603278e-09
3.3568788e-06
2.2939948e-09
3.3566095e-06
2.1401835e-09
3.3563578e-06
1.9985745e-09
3.3561224e-06
1.8683556e-09
3.355902e-06
1.7480692e-09
3.3556955e-06
1.6365029e-09
3.355502e-06
1.532835e-09
3.3553205e-06
1.4365785e-09
3.3551502e-06
1.3475312e-09
3.3549901e-06
1.2653805e-09
3.3548396e-06
1.1894399e-09
3.3546978e-06
1.119011e-09
3.3545643e-06
1.0536311e-09
3.3544385e-06
9.9304052e-10
3.3543196e-06
9.3701937e-10
3.3542073e-06
8.8501095e-10
3.3541012e-06
8.3581277e-10
3.3540006e-06
7.9204331e-10
3.3539052e-06
7.5142212e-10
3.3538147e-06
7.128096e-10
3.3537287e-06
6.7629425e-10
3.3536471e-06
6.419719e-10
3.3535695e-06
6.1068066e-10
3.3534955e-06
5.820744e-10
3.3534249e-06
5.5577792e-10
3.3533574e-06
5.309536e-10
3.3532929e-06
5.0762782e-10
3.353231e-06
4.8714603e-10
3.3531718e-06
4.6580158e-10
3.3531145e-06
4.5130227e-10
3.3530612e-06
4.2041214e-10
3.352997e-06
5.0506767e-10
3.2290774e-10
7.0183134e-06
2.334097e-05
-7.6680721e-06
6.1261971e-06
1.0579533e-05
5.4723364e-06
4.1919353e-06
5.1105111e-06
1.9131722e-06
4.9002736e-06
1.2421875e-06
4.7534564e-06
1.0049986e-06
4.6364424e-06
8.7254415e-07
4.5356498e-06
7.8720225e-07
4.4427125e-06
7.4947827e-07
4.3524317e-06
7.442049e-07
4.2633173e-06
7.4481544e-07
4.1775788e-06
7.2292433e-07
4.0990649e-06
6.665109e-07
4.0305427e-06
5.8544272e-07
3.9725416e-06
4.9901936e-07
3.9238271e-06
4.2179148e-07
3.8825755e-06
3.5845138e-07
3.8474039e-06
3.0633775e-07
3.8172631e-06
2.6293263e-07
3.791154e-06
2.2843075e-07
3.7684844e-06
1.9837361e-07
3.7487192e-06
1.7291129e-07
3.7313373e-06
1.5219153e-07
3.7160229e-06
1.341543e-07
3.7025006e-06
1.1849191e-07
3.6905275e-06
1.0494052e-07
3.6798965e-06
9.3188047e-08
3.6704326e-06
8.2962469e-08
3.6619866e-06
7.4038087e-08
3.6544313e-06
6.6226088e-08
3.6476577e-06
5.9368163e-08
3.641572e-06
5.3331398e-08
3.6360931e-06
4.8003809e-08
3.6311511e-06
4.3290594e-08
3.6266851e-06
3.9111154e-08
3.622642e-06
3.5396625e-08
3.6189756e-06
3.2088111e-08
3.6156454e-06
2.9135101e-08
3.6126159e-06
2.649408e-08
3.6098559e-06
2.412739e-08
3.6073378e-06
2.2002275e-08
3.6050374e-06
2.009023e-08
3.6029333e-06
1.8366741e-08
3.6010065e-06
1.6810974e-08
3.5992398e-06
1.5404997e-08
3.5976181e-06
1.4132732e-08
3.5961279e-06
1.2979278e-08
3.5947572e-06
1.1931224e-08
3.5934954e-06
1.0976956e-08
3.5923328e-06
1.0106942e-08
3.5912608e-06
9.3134847e-09
3.5902715e-06
8.5899794e-09
3.5893576e-06
7.9299041e-09
3.5885126e-06
7.3265235e-09
3.5877309e-06
6.7737431e-09
3.5870072e-06
6.2664666e-09
3.5863368e-06
5.8008085e-09
3.5857153e-06
5.3738045e-09
3.5851386e-06
4.9823091e-09
3.5846032e-06
4.6227888e-09
3.5841057e-06
4.2918766e-09
3.5836433e-06
3.9865447e-09
3.5832132e-06
3.7048468e-09
3.5828129e-06
3.4456553e-09
3.58244e-06
3.2073159e-09
3.5820924e-06
2.9876346e-09
3.5817682e-06
2.7845796e-09
3.5814656e-06
2.5965993e-09
3.581183e-06
2.4227559e-09
3.5809189e-06
2.2626845e-09
3.5806718e-06
2.11547e-09
3.5804404e-06
1.9794716e-09
3.5802235e-06
1.8533213e-09
3.5800203e-06
1.736091e-09
3.5798296e-06
1.6272289e-09
3.5796507e-06
1.5265056e-09
3.5794825e-06
1.4335693e-09
3.5793243e-06
1.3476474e-09
3.5791753e-06
1.2679525e-09
3.579035e-06
1.1939619e-09
3.5789027e-06
1.1253829e-09
3.5787777e-06
1.0619725e-09
3.5786596e-06
1.0030781e-09
3.5785481e-06
9.473974e-10
3.5784423e-06
8.9777567e-10
3.578342e-06
8.5175506e-10
3.5782468e-06
8.0803786e-10
3.5781564e-06
7.6666842e-10
3.5780706e-06
7.2778181e-10
3.577989e-06
6.9230375e-10
3.5779112e-06
6.5985475e-10
3.5778369e-06
6.3003412e-10
3.577766e-06
6.0188343e-10
3.5776982e-06
5.7542487e-10
3.5776331e-06
5.5219195e-10
3.577571e-06
5.2797076e-10
3.5775107e-06
5.1153085e-10
3.5774547e-06
4.7641891e-10
3.5773874e-06
5.723914e-10
3.6551365e-10
7.3795559e-06
2.3891482e-05
-7.9300682e-06
6.5308719e-06
1.1428217e-05
5.8480004e-06
4.8748068e-06
5.4445023e-06
2.3166703e-06
5.2064214e-06
1.4802684e-06
5.0432198e-06
1.1682002e-06
4.9156287e-06
1.0001353e-06
4.8070598e-06
8.9577106e-07
4.7078016e-06
8.4873647e-07
4.6119892e-06
8.4001738e-07
4.5178447e-06
8.3895984e-07
4.4275626e-06
8.1320647e-07
4.3450951e-06
7.4897841e-07
4.2732727e-06
6.5726511e-07
4.2125801e-06
5.5971199e-07
4.1616694e-06
4.7270219e-07
4.1186018e-06
4.0151892e-07
4.0819078e-06
3.4303178e-07
4.0504767e-06
2.9436379e-07
4.0232685e-06
2.5563891e-07
3.9996496e-06
2.2199248e-07
3.9790563e-06
1.9350463e-07
3.9609503e-06
1.7029751e-07
3.9450002e-06
1.5010437e-07
3.9309177e-06
1.325744e-07
3.918449e-06
1.1740926e-07
3.9073781e-06
1.0425894e-07
3.8975223e-06
9.2818265e-08
3.8887263e-06
8.2834102e-08
3.8808575e-06
7.4094914e-08
3.8738022e-06
6.64234e-08
3.8674629e-06
5.9670728e-08
3.8617552e-06
5.3711522e-08
3.8566061e-06
4.8439658e-08
3.8519524e-06
4.3764914e-08
3.8477388e-06
3.9610227e-08
3.8439172e-06
3.5909693e-08
3.8404455e-06
3.2606795e-08
3.8372867e-06
2.9652843e-08
3.8344084e-06
2.7005704e-08
3.831782e-06
2.4628733e-08
3.8293821e-06
2.2490044e-08
3.8271867e-06
2.0562212e-08
3.8251757e-06
1.8821931e-08
3.8233316e-06
1.724915e-08
3.8216384e-06
1.5825887e-08
3.8200822e-06
1.4535479e-08
3.8186505e-06
1.3362926e-08
3.8173322e-06
1.2295245e-08
3.8161174e-06
1.1321775e-08
3.814997e-06
1.0433909e-08
3.8139627e-06
9.6242621e-09
3.813007e-06
8.8855494e-09
3.8121233e-06
8.2102453e-09
3.8113055e-06
7.5915359e-09
3.8105483e-06
7.0237224e-09
3.8098466e-06
6.5024541e-09
3.809196e-06
6.0244132e-09
3.8085922e-06
5.5860864e-09
3.8080315e-06
5.1835295e-09
3.8075104e-06
4.8129808e-09
3.8070259e-06
4.4710554e-09
3.8065752e-06
4.1555696e-09
3.8061555e-06
3.8652589e-09
3.8057646e-06
3.5982775e-09
3.8054e-06
3.3521762e-09
3.8050599e-06
3.1246847e-09
3.8047425e-06
2.9140659e-09
3.804446e-06
2.7192681e-09
3.8041688e-06
2.5398782e-09
3.8039094e-06
2.3748743e-09
3.8036664e-06
2.2224259e-09
3.8034387e-06
2.0810031e-09
3.8032253e-06
1.9495667e-09
3.803025e-06
1.8274971e-09
3.802837e-06
1.714536e-09
3.8026602e-06
1.610291e-09
3.802494e-06
1.5139005e-09
3.8023374e-06
1.4244846e-09
3.8021899e-06
1.3414578e-09
3.8020508e-06
1.264493e-09
3.8019195e-06
1.1933234e-09
3.8017954e-06
1.127197e-09
3.8016781e-06
1.0647052e-09
3.8015669e-06
1.0089242e-09
3.8014614e-06
9.572242e-10
3.8013613e-06
9.0813934e-10
3.8012663e-06
8.6166413e-10
3.8011762e-06
8.1797634e-10
3.8010904e-06
7.7808923e-10
3.8010086e-06
7.415887e-10
3.8009306e-06
7.0805307e-10
3.8008561e-06
6.7639617e-10
3.8007849e-06
6.4663433e-10
3.8007166e-06
6.2049891e-10
3.8006513e-06
5.9324492e-10
3.8005881e-06
5.7475299e-10
3.8005293e-06
5.3519544e-10
3.8004587e-06
6.4299483e-10
4.1014952e-10
7.727823e-06
2.4352101e-05
-8.1884411e-06
6.9313152e-06
1.2224725e-05
6.2277886e-06
5.5783334e-06
5.7843272e-06
2.7601316e-06
5.5169501e-06
1.7476456e-06
5.3359503e-06
1.3491999e-06
5.1969049e-06
1.1391808e-06
5.0800211e-06
1.0126548e-06
4.9740861e-06
9.5467149e-07
4.8724966e-06
9.4160684e-07
4.773151e-06
9.3830546e-07
4.6782042e-06
9.0815331e-07
4.5916948e-06
8.3548779e-07
4.5165047e-06
7.3245516e-07
4.4530667e-06
6.2315003e-07
4.3999156e-06
5.2585324e-07
4.3549959e-06
4.464387e-07
4.3167486e-06
3.81279e-07
4.2840003e-06
3.2711214e-07
4.2556691e-06
2.8397009e-07
4.2310796e-06
2.4658203e-07
4.2096389e-06
2.1494533e-07
4.1907913e-06
1.8914511e-07
4.1741895e-06
1.6670611e-07
4.159532e-06
1.472319e-07
4.146554e-06
1.3038727e-07
4.1350305e-06
1.1578248e-07
4.1247711e-06
1.0307767e-07
4.1156141e-06
9.1991094e-08
4.1074215e-06
8.22875e-08
4.1000751e-06
7.376979e-08
4.0934733e-06
6.6272542e-08
4.0875284e-06
5.9656435e-08
4.0821645e-06
5.380355e-08
4.0773157e-06
4.8613655e-08
4.0729248e-06
4.400115e-08
4.0689417e-06
3.9892845e-08
4.0653225e-06
3.6225975e-08
4.0620289e-06
3.2946466e-08
4.059027e-06
3.0007536e-08
4.0562873e-06
2.7368495e-08
4.0537834e-06
2.4993942e-08
4.0514922e-06
2.2853427e-08
4.049393e-06
2.0921072e-08
4.0474675e-06
1.9174623e-08
4.0456993e-06
1.7594123e-08
4.0440737e-06
1.6161076e-08
4.0425778e-06
1.4858834e-08
4.0412001e-06
1.3672989e-08
4.0399301e-06
1.2591709e-08
4.0387586e-06
1.1605439e-08
4.0376769e-06
1.0705986e-08
4.0366771e-06
9.8852715e-09
4.0357524e-06
9.134951e-09
4.0348965e-06
8.4474639e-09
4.0341038e-06
7.816485e-09
4.033369e-06
7.237179e-09
4.0326876e-06
6.7058589e-09
4.032055e-06
6.2186299e-09
4.0314674e-06
5.7711232e-09
4.0309213e-06
5.3591673e-09
4.0304133e-06
4.9790064e-09
4.0299407e-06
4.6282085e-09
4.0295006e-06
4.305365e-09
4.0290904e-06
4.0084316e-09
4.0287079e-06
3.7346956e-09
4.0283509e-06
3.4816388e-09
4.0280177e-06
3.2473306e-09
4.0277063e-06
3.0305998e-09
4.0274152e-06
2.8309823e-09
4.0271428e-06
2.647345e-09
4.0268875e-06
2.4776611e-09
4.0266483e-06
2.320233e-09
4.026424e-06
2.173905e-09
4.0262135e-06
2.0379862e-09
4.0260158e-06
1.9121879e-09
4.02583e-06
1.7960759e-09
4.0256552e-06
1.6886963e-09
4.0254906e-06
1.589073e-09
4.0253356e-06
1.496555e-09
4.0251893e-06
1.4107791e-09
4.0250511e-06
1.3314541e-09
4.0249206e-06
1.257725e-09
4.0247972e-06
1.1880699e-09
4.0246804e-06
1.1258007e-09
4.0245695e-06
1.0681203e-09
4.0244642e-06
1.0133847e-09
4.0243644e-06
9.6153353e-10
4.0242695e-06
9.1279086e-10
4.0241794e-06
8.6825652e-10
4.0240935e-06
8.2748025e-10
4.0240115e-06
7.9002422e-10
4.0239332e-06
7.5466773e-10
4.0238585e-06
7.2141931e-10
4.0237867e-06
6.9221821e-10
4.0237182e-06
6.6176448e-10
4.0236519e-06
6.4109932e-10
4.0235902e-06
5.9685937e-10
4.0235162e-06
7.1700632e-10
4.5689383e-10
8.0650405e-06
2.4732435e-05
-8.4453746e-06
7.3269819e-06
1.2962784e-05
6.6120783e-06
6.2932371e-06
6.1312356e-06
3.2409743e-06
5.8334328e-06
2.0454484e-06
5.633204e-06
1.5494286e-06
5.4817495e-06
1.2906353e-06
5.3559543e-06
1.13845e-06
5.24295e-06
1.0676758e-06
5.1353141e-06
1.0492428e-06
5.0305778e-06
1.0430418e-06
4.9308282e-06
1.0079029e-06
4.8401706e-06
9.261454e-07
4.7615267e-06
8.1109905e-07
4.6952714e-06
6.8940526e-07
4.63982e-06
5.8130465e-07
4.5929977e-06
4.9326102e-07
4.5531541e-06
4.2112257e-07
4.5190509e-06
3.6121536e-07
4.4895629e-06
3.1345813e-07
4.4639725e-06
2.7217244e-07
4.4416575e-06
2.3726034e-07
4.4220437e-06
2.0875882e-07
4.4047679e-06
1.8398194e-07
4.3895148e-06
1.6248496e-07
4.3760086e-06
1.4389348e-07
4.364015e-06
1.277761e-07
4.3533359e-06
1.1375679e-07
4.343803e-06
1.0152396e-07
4.3352729e-06
9.0817652e-08
4.3276225e-06
8.1420142e-08
4.3207463e-06
7.3148742e-08
4.3145531e-06
6.5849614e-08
4.3089641e-06
5.9392572e-08
4.3039108e-06
5.3666972e-08
4.2993336e-06
4.8578341e-08
4.2951805e-06
4.4045916e-08
4.2914061e-06
4.0000434e-08
4.2879703e-06
3.6382233e-08
4.2848382e-06
3.3139695e-08
4.2819787e-06
3.022793e-08
4.2793648e-06
2.7607884e-08
4.2769722e-06
2.5245965e-08
4.2747797e-06
2.3113622e-08
4.272768e-06
2.1186314e-08
4.2709201e-06
1.9442031e-08
4.2692208e-06
1.7860375e-08
4.2676566e-06
1.6422985e-08
4.2662157e-06
1.5113975e-08
4.2648871e-06
1.3920298e-08
4.2636611e-06
1.2831411e-08
4.2625288e-06
1.1838283e-08
4.2614821e-06
1.0932009e-08
4.2605136e-06
1.01034e-08
4.259617e-06
9.3441177e-09
4.2587863e-06
8.6471872e-09
4.2580162e-06
8.0072677e-09
4.2573017e-06
7.4202869e-09
4.2566384e-06
6.8819544e-09
4.2560221e-06
6.3874617e-09
4.255449e-06
5.9322131e-09
4.254916e-06
5.5120669e-09
4.2544199e-06
5.1243311e-09
4.2539578e-06
4.7674458e-09
4.253527e-06
4.4391609e-09
4.2531252e-06
4.1364911e-09
4.2527502e-06
3.856661e-09
4.2524e-06
3.5975382e-09
4.2520728e-06
3.357826e-09
4.2517668e-06
3.1370056e-09
4.2514803e-06
2.9338288e-09
4.2512119e-06
2.7460661e-09
4.2509603e-06
2.571845e-09
4.2507243e-06
2.4098882e-09
4.2505028e-06
2.2594297e-09
4.2502949e-06
2.1201491e-09
4.2500994e-06
1.9915684e-09
4.2499154e-06
1.8726385e-09
4.2497422e-06
1.7622835e-09
4.249579e-06
1.6597832e-09
4.249425e-06
1.5647369e-09
4.2492797e-06
1.4768281e-09
4.2491423e-06
1.3950957e-09
4.2490125e-06
1.3178969e-09
4.2488895e-06
1.248784e-09
4.2487728e-06
1.1847971e-09
4.2486621e-06
1.1241034e-09
4.248557e-06
1.0665837e-09
4.2484573e-06
1.0125121e-09
4.2483625e-06
9.630731e-10
4.2482722e-06
9.1777845e-10
4.2481861e-06
8.7617933e-10
4.2481038e-06
8.3691359e-10
4.2480252e-06
7.9998005e-10
4.2479499e-06
7.6753601e-10
4.247878e-06
7.3370246e-10
4.2478084e-06
7.1073138e-10
4.2477437e-06
6.6155635e-10
4.2476661e-06
7.9458666e-10
5.0584472e-10
8.3929722e-06
2.5042339e-05
-8.7028765e-06
7.717257e-06
1.3638499e-05
7.0009791e-06
7.009515e-06
6.4861718e-06
3.7557816e-06
6.1572142e-06
2.374406e-06
5.9363434e-06
1.7702994e-06
5.7714525e-06
1.4555262e-06
5.6360902e-06
1.2738123e-06
5.515587e-06
1.188179e-06
5.4016121e-06
1.1632177e-06
5.2912792e-06
1.1533746e-06
5.1865741e-06
1.1126081e-06
5.0916461e-06
1.0210734e-06
5.0094456e-06
8.9329958e-07
4.9402855e-06
7.5856534e-07
4.8824597e-06
6.3913051e-07
4.8336721e-06
5.4204856e-07
4.7921781e-06
4.6261657e-07
4.7566727e-06
3.9672076e-07
4.7259853e-06
3.4414552e-07
4.6993562e-06
2.988016e-07
4.6761331e-06
2.604834e-07
4.6557227e-06
2.291693e-07
4.6377447e-06
2.0195987e-07
4.6218705e-06
1.7835922e-07
4.6078125e-06
1.5795141e-07
4.5953272e-06
1.4026143e-07
4.5842085e-06
1.2487556e-07
4.5742813e-06
1.114511e-07
4.5653966e-06
9.9702382e-08
4.5574265e-06
8.9390204e-08
4.5502613e-06
8.0313921e-08
4.5438064e-06
7.2304599e-08
4.5379796e-06
6.5219301e-08
4.53271e-06
5.8936559e-08
4.5279357e-06
5.3352681e-08
4.5236026e-06
4.8379035e-08
4.5196634e-06
4.3939615e-08
4.5160767e-06
3.9968948e-08
4.512806e-06
3.6410397e-08
4.5098192e-06
3.3214709e-08
4.507088e-06
3.0339039e-08
4.5045875e-06
2.7746528e-08
4.5022953e-06
2.5405851e-08
4.5001915e-06
2.3290089e-08
4.4982584e-06
2.1375101e-08
4.4964803e-06
1.9638514e-08
4.4948431e-06
1.8060193e-08
4.4933343e-06
1.6622716e-08
4.4919428e-06
1.531177e-08
4.4906585e-06
1.4115791e-08
4.4894719e-06
1.3024868e-08
4.4883746e-06
1.2029248e-08
4.4873592e-06
1.111886e-08
4.4864187e-06
1.0284563e-08
4.4855472e-06
9.5187056e-09
4.4847391e-06
8.8154194e-09
4.4839891e-06
8.1702297e-09
4.4832926e-06
7.578436e-09
4.4826453e-06
7.0347748e-09
4.4820433e-06
6.5342108e-09
4.4814832e-06
6.0722011e-09
4.4809618e-06
5.6457813e-09
4.480476e-06
5.2532317e-09
4.480023e-06
4.8920893e-09
4.4796004e-06
4.5590867e-09
4.4792059e-06
4.2511818e-09
4.4788374e-06
3.9660312e-09
4.478493e-06
3.7022064e-09
4.4781709e-06
3.4591301e-09
4.4778693e-06
3.2354347e-09
4.4775867e-06
3.0286811e-09
4.4773217e-06
2.8368148e-09
4.4770732e-06
2.6584313e-09
4.4768399e-06
2.4926856e-09
4.4766209e-06
2.3392235e-09
4.4764149e-06
2.1975218e-09
4.4762211e-06
2.066433e-09
4.4760386e-06
1.9447769e-09
4.4758666e-06
1.8317614e-09
4.4757044e-06
1.7269456e-09
4.4755513e-06
1.6299871e-09
4.4754065e-06
1.5398159e-09
4.4752698e-06
1.4546599e-09
4.4751403e-06
1.3783171e-09
4.4750174e-06
1.307668e-09
4.4749008e-06
1.2406811e-09
4.4747902e-06
1.1771744e-09
4.4746853e-06
1.1174759e-09
4.4745855e-06
1.0628523e-09
4.4744905e-06
1.0127753e-09
4.4743999e-06
9.6679034e-10
4.4743134e-06
9.2338691e-10
4.4742308e-06
8.8255198e-10
4.4741517e-06
8.4667149e-10
4.4740761e-06
8.0926268e-10
4.474003e-06
7.8383985e-10
4.4739351e-06
7.2945834e-10
4.4738538e-06
8.7592682e-10
5.5711867e-10
8.7142816e-06
2.5290675e-05
-8.9626179e-06
8.1027867e-06
1.4249994e-05
7.394386e-06
7.7179156e-06
6.8497945e-06
4.3003731e-06
6.4894457e-06
2.7347549e-06
6.2465803e-06
2.0131648e-06
6.0671617e-06
1.6349448e-06
5.9215167e-06
1.4194573e-06
5.7930465e-06
1.3166492e-06
5.6724163e-06
1.2838478e-06
5.5562654e-06
1.2695256e-06
5.4464381e-06
1.2224353e-06
5.3471032e-06
1.1204083e-06
5.261228e-06
9.7917483e-07
5.1890607e-06
8.307326e-07
5.1287733e-06
6.9941793e-07
5.0779466e-06
5.9287528e-07
5.0347382e-06
5.0582495e-07
4.9977745e-06
4.3368446e-07
4.9658374e-06
3.7608257e-07
4.9381247e-06
3.2651432e-07
4.9139537e-06
2.8465444e-07
4.8927102e-06
2.5041277e-07
4.8739971e-06
2.2067299e-07
4.8574714e-06
1.9488495e-07
4.842834e-06
1.7258879e-07
4.8298314e-06
1.5326396e-07
4.8182496e-06
1.3645742e-07
4.8079065e-06
1.2179415e-07
4.7986473e-06
1.0896165e-07
4.790339e-06
9.7698437e-08
4.7828678e-06
8.7785168e-08
4.7761351e-06
7.9037229e-08
4.770056e-06
7.1298428e-08
4.7645565e-06
6.4436057e-08
4.7595724e-06
5.8336848e-08
4.7550474e-06
5.2903998e-08
4.7509325e-06
4.8054497e-08
4.7471846e-06
4.371684e-08
4.7437658e-06
3.9829177e-08
4.7406428e-06
3.6337729e-08
4.7377861e-06
3.3195711e-08
4.7351698e-06
3.0362873e-08
4.7327706e-06
2.7805007e-08
4.730568e-06
2.5492725e-08
4.7285434e-06
2.3399672e-08
4.7266805e-06
2.1501428e-08
4.7249647e-06
1.9776011e-08
4.723383e-06
1.8204411e-08
4.7219238e-06
1.6770997e-08
4.7205764e-06
1.546314e-08
4.7193313e-06
1.427002e-08
4.7181795e-06
1.3180996e-08
4.7171133e-06
1.2185089e-08
4.7161255e-06
1.1272324e-08
4.7152099e-06
1.0434344e-08
4.7143606e-06
9.664733e-09
4.7135722e-06
8.9585939e-09
4.7128399e-06
8.310801e-09
4.712159e-06
7.7156199e-09
4.7115257e-06
7.1675597e-09
4.7109362e-06
6.6616603e-09
4.7103873e-06
6.1946711e-09
4.7098758e-06
5.7647044e-09
4.7093989e-06
5.369076e-09
4.7089537e-06
5.004227e-09
4.7085381e-06
4.6668381e-09
4.7081497e-06
4.3543456e-09
4.7077868e-06
4.0651818e-09
4.7074472e-06
3.7987072e-09
4.7071292e-06
3.5534302e-09
4.7068312e-06
3.326695e-09
4.7065517e-06
3.1162577e-09
4.7062896e-06
2.9205802e-09
4.7060435e-06
2.7387341e-09
4.7058124e-06
2.5703296e-09
4.7055952e-06
2.4147968e-09
4.7053907e-06
2.2708859e-09
4.7051982e-06
2.1373087e-09
4.7050167e-06
2.0131969e-09
4.7048456e-06
1.8980673e-09
4.7046841e-06
1.7915506e-09
4.7045314e-06
1.6924647e-09
4.7043872e-06
1.5989006e-09
4.7042506e-06
1.5149065e-09
4.704121e-06
1.4372063e-09
4.7039982e-06
1.3635591e-09
4.7038816e-06
1.2937174e-09
4.703771e-06
1.2280667e-09
4.7036659e-06
1.1679529e-09
4.7035659e-06
1.1128054e-09
4.7034705e-06
1.0621691e-09
4.7033795e-06
1.0143782e-09
4.7032927e-06
9.6940547e-10
4.7032095e-06
9.2987649e-10
4.7031301e-06
8.8867945e-10
4.7030533e-06
8.6064417e-10
4.7029819e-06
8.0076325e-10
4.7028966e-06
9.6124732e-10
6.1084996e-10
9.0316974e-06
2.5485027e-05
-9.2260494e-06
8.4844179e-06
1.4797273e-05
7.7919231e-06
8.4104104e-06
7.2225162e-06
4.86978e-06
6.8311107e-06
3.1261604e-06
6.5650063e-06
2.2792692e-06
6.369918e-06
1.8300331e-06
6.2132142e-06
1.5761611e-06
6.076268e-06
1.4535954e-06
5.9486419e-06
1.411474e-06
5.826435e-06
1.3917325e-06
5.7113058e-06
1.3375645e-06
5.6074134e-06
1.2243006e-06
5.5177308e-06
1.0688575e-06
5.44244e-06
9.0602336e-07
5.3795916e-06
7.6226634e-07
5.326641e-06
6.4582588e-07
5.2816449e-06
5.5082101e-07
5.2431586e-06
4.7217081e-07
5.2099142e-06
4.0932697e-07
5.1810666e-06
3.5536193e-07
5.1559019e-06
3.0981915e-07
5.1337839e-06
2.7253069e-07
5.1142978e-06
2.4015915e-07
5.097086e-06
2.1209676e-07
5.0818374e-06
1.8783733e-07
5.0682886e-06
1.6681278e-07
5.0562169e-06
1.4852916e-07
5.0454333e-06
1.3257775e-07
5.0357767e-06
1.1861823e-07
5.0271093e-06
1.0636587e-07
5.0193125e-06
9.5581936e-08
5.0122842e-06
8.6065518e-08
5.005936e-06
7.7646658e-08
5.0001911e-06
7.0180969e-08
4.9949827e-06
6.3545242e-08
4.9902525e-06
5.7634192e-08
4.9859494e-06
5.2357535e-08
4.9820288e-06
4.7637507e-08
4.9784511e-06
4.3406845e-08
4.9751818e-06
3.9607068e-08
4.9721902e-06
3.6187305e-08
4.9694493e-06
3.3103781e-08
4.966935e-06
3.0319294e-08
4.9646258e-06
2.7801888e-08
4.9625026e-06
2.5522912e-08
4.9605482e-06
2.3455819e-08
4.9587475e-06
2.1576714e-08
4.9570869e-06
1.9864933e-08
4.9555545e-06
1.830348e-08
4.954139e-06
1.6878612e-08
4.9528304e-06
1.5578564e-08
4.9516197e-06
1.4391777e-08
4.9504984e-06
1.3306326e-08
4.9494594e-06
1.2311373e-08
4.9484959e-06
1.139783e-08
4.9476019e-06
1.0558702e-08
4.9467719e-06
9.7886561e-09
4.9460005e-06
9.0821221e-09
4.9452833e-06
8.4328791e-09
4.9446159e-06
7.8349633e-09
4.9439946e-06
7.2829808e-09
4.9434159e-06
6.7733803e-09
4.9428765e-06
6.3040964e-09
4.9423733e-06
5.8722154e-09
4.9419037e-06
5.4738769e-09
4.941465e-06
5.1054735e-09
4.9410552e-06
4.7642109e-09
4.940672e-06
4.4483748e-09
4.9403134e-06
4.1572591e-09
4.9399776e-06
3.8892431e-09
4.9396629e-06
3.6414469e-09
4.9393677e-06
3.4114297e-09
4.9390908e-06
3.1975126e-09
4.9388308e-06
2.9986792e-09
4.9385866e-06
2.8145023e-09
4.9383571e-06
2.644363e-09
4.9381411e-06
2.4869059e-09
4.9379376e-06
2.34073e-09
4.9377459e-06
2.2048868e-09
4.9375652e-06
2.0788481e-09
4.9373945e-06
1.9622166e-09
4.9372333e-06
1.8536953e-09
4.9370809e-06
1.7512297e-09
4.9369367e-06
1.6591238e-09
4.9368e-06
1.5739459e-09
4.9366703e-06
1.493236e-09
4.9365473e-06
1.4166779e-09
4.9364307e-06
1.3447188e-09
4.9363199e-06
1.2787803e-09
4.9362144e-06
1.2182471e-09
4.9361139e-06
1.1626683e-09
4.9360181e-06
1.110216e-09
4.9359266e-06
1.0608466e-09
4.9358391e-06
1.0174363e-09
4.9357555e-06
9.7221817e-10
4.9356748e-06
9.4139313e-10
4.9355999e-06
8.7569546e-10
4.9355103e-06
1.0507986e-09
6.6719097e-10
9.3470598e-06
2.5632413e-05
-9.494446e-06
8.862122e-06
1.5282211e-05
8.1929563e-06
9.0795762e-06
7.604544e-06
5.4581923e-06
7.1830405e-06
3.547664e-06
6.8926142e-06
2.5696955e-06
6.6806817e-06
2.0419657e-06
6.5120839e-06
1.7447588e-06
6.3661095e-06
1.5995698e-06
6.2311197e-06
1.5464639e-06
6.1026019e-06
1.5202502e-06
5.9819768e-06
1.4581896e-06
5.8733628e-06
1.3329146e-06
5.7797259e-06
1.1624944e-06
5.7011818e-06
9.8456742e-07
5.635661e-06
8.2778716e-07
5.5804915e-06
7.0099539e-07
5.5336255e-06
5.9768694e-07
5.4935443e-06
5.1225201e-07
5.458928e-06
4.4394335e-07
5.428888e-06
3.8540189e-07
5.4026784e-06
3.3602873e-07
5.3796396e-06
2.9556951e-07
5.359338e-06
2.6046074e-07
5.3414014e-06
2.300334e-07
5.3255062e-06
2.0373252e-07
5.3113785e-06
1.8094047e-07
5.2987869e-06
1.6112072e-07
5.2875352e-06
1.4382951e-07
5.2774559e-06
1.2869755e-07
5.2684057e-06
1.15416e-07
5.2602617e-06
1.0372597e-07
5.2529176e-06
9.3409599e-08
5.2462816e-06
8.4282649e-08
5.240274e-06
7.6188606e-08
5.2348253e-06
6.8993939e-08
5.2298749e-06
6.2584558e-08
5.2253698e-06
5.686263e-08
5.2212635e-06
5.1743889e-08
5.2175148e-06
4.7155455e-08
5.2140879e-06
4.3033965e-08
5.2109509e-06
3.9324304e-08
5.2080757e-06
3.5979038e-08
5.2054371e-06
3.2957851e-08
5.2030129e-06
3.0226121e-08
5.200783e-06
2.7752808e-08
5.1987297e-06
2.5509158e-08
5.1968371e-06
2.3469291e-08
5.1950912e-06
2.1610825e-08
5.1934793e-06
1.9915344e-08
5.19199e-06
1.8367946e-08
5.1906127e-06
1.6955879e-08
5.1893378e-06
1.5666628e-08
5.1881569e-06
1.4487294e-08
5.1870621e-06
1.3406138e-08
5.1860466e-06
1.2413312e-08
5.1851041e-06
1.150122e-08
5.1842287e-06
1.0664066e-08
5.183415e-06
9.8958227e-09
5.1826581e-06
9.1897631e-09
5.1819536e-06
8.5394339e-09
5.1812976e-06
7.9389887e-09
5.1806864e-06
7.3845606e-09
5.1801166e-06
6.8738955e-09
5.179585e-06
6.4038414e-09
5.1790887e-06
5.9702261e-09
5.178625e-06
5.5691427e-09
5.1781917e-06
5.1975553e-09
5.1777864e-06
4.8535944e-09
5.1774072e-06
4.5364825e-09
5.177052e-06
4.244465e-09
5.176719e-06
3.9744302e-09
5.1764067e-06
3.7237315e-09
5.1761137e-06
3.4905423e-09
5.1758386e-06
3.2737529e-09
5.1755802e-06
3.0728962e-09
5.1753373e-06
2.8873027e-09
5.1751087e-06
2.7155071e-09
5.1748934e-06
2.5559913e-09
5.1746906e-06
2.4077214e-09
5.1744993e-06
2.2701217e-09
5.1743188e-06
2.1427654e-09
5.1741482e-06
2.0242377e-09
5.1739871e-06
1.9123304e-09
5.1738346e-06
1.8116081e-09
5.1736901e-06
1.7184843e-09
5.1735531e-06
1.6302697e-09
5.1734232e-06
1.546577e-09
5.1733e-06
1.4679189e-09
5.1731829e-06
1.395789e-09
5.1730717e-06
1.3295243e-09
5.1729657e-06
1.2686835e-09
5.1728646e-06
1.2112692e-09
5.1727682e-06
1.1572189e-09
5.172676e-06
1.1096712e-09
5.172588e-06
1.060177e-09
5.1725031e-06
1.0263663e-09
5.1724242e-06
9.5450713e-10
5.1723302e-06
1.1448623e-09
7.2631282e-10
9.6615143e-06
2.5739435e-05
-9.7685362e-06
9.2359557e-06
1.570777e-05
8.5967354e-06
9.7187965e-06
7.9959044e-06
6.0590233e-06
7.5459167e-06
3.9976516e-06
7.2303121e-06
2.8853e-06
7.0003528e-06
2.271925e-06
6.8189687e-06
1.9261429e-06
6.6633677e-06
1.7551709e-06
6.5206167e-06
1.6892148e-06
6.3855139e-06
1.6553531e-06
6.2591845e-06
1.5845189e-06
6.1456708e-06
1.4464284e-06
6.0479188e-06
1.2602464e-06
5.9659784e-06
1.0665079e-06
5.897662e-06
8.9610351e-07
5.8401685e-06
7.584889e-07
5.7913418e-06
6.4651361e-07
5.7495859e-06
5.5400794e-07
5.7135261e-06
4.8000313e-07
5.6822304e-06
4.1669762e-07
5.6549195e-06
3.6333967e-07
5.6309085e-06
3.1958047e-07
5.6097447e-06
2.8162453e-07
5.5910405e-06
2.4873761e-07
5.5744595e-06
2.2031351e-07
5.559717e-06
1.9568296e-07
5.5465726e-06
1.7426514e-07
5.5348223e-06
1.5557986e-07
5.5242921e-06
1.392277e-07
5.5148333e-06
1.2487477e-07
5.506318e-06
1.1224124e-07
5.498636e-06
1.0109168e-07
5.4916916e-06
9.1226985e-08
5.4854022e-06
8.2478065e-08
5.4796954e-06
7.4700674e-08
5.4745084e-06
6.777158e-08
5.4697859e-06
6.1585113e-08
5.4654796e-06
5.6050259e-08
5.4615467e-06
5.1088304e-08
5.4579499e-06
4.6630816e-08
5.4546559e-06
4.2618273e-08
5.4516355e-06
3.899944e-08
5.4488626e-06
3.5730763e-08
5.4463139e-06
3.2774846e-08
5.4439685e-06
3.0098169e-08
5.441808e-06
2.7669686e-08
5.4398158e-06
2.5461453e-08
5.4379773e-06
2.3449308e-08
5.4362793e-06
2.1613352e-08
5.4347098e-06
1.9937476e-08
5.4332578e-06
1.8407898e-08
5.4319133e-06
1.7011112e-08
5.4306674e-06
1.5733205e-08
5.429512e-06
1.4561507e-08
5.4284399e-06
1.3485375e-08
5.4274446e-06
1.2496585e-08
5.4265198e-06
1.1588857e-08
5.4256599e-06
1.0755685e-08
5.4248599e-06
9.9898205e-09
5.424115e-06
9.2843007e-09
5.4234212e-06
8.6328083e-09
5.4227746e-06
8.0311436e-09
5.4221716e-06
7.4768527e-09
5.4216089e-06
6.9665356e-09
5.4210835e-06
6.4956971e-09
5.4205925e-06
6.0601193e-09
5.4201335e-06
5.6565123e-09
5.4197043e-06
5.2828427e-09
5.4193025e-06
4.938256e-09
5.4189261e-06
4.6208587e-09
5.4185733e-06
4.3272987e-09
5.4182423e-06
4.0547151e-09
5.4179317e-06
3.8011252e-09
5.4176401e-06
3.5653205e-09
5.4173662e-06
3.3467917e-09
5.4171087e-06
3.1448161e-09
5.4168664e-06
2.9578149e-09
5.4166382e-06
2.7841473e-09
5.4164233e-06
2.6226894e-09
5.4162206e-06
2.4728141e-09
5.4160293e-06
2.3340641e-09
5.4158486e-06
2.2049034e-09
5.415678e-06
2.0829618e-09
5.4155165e-06
1.9730703e-09
5.4153635e-06
1.8714866e-09
5.4152185e-06
1.7752816e-09
5.4150811e-06
1.6839951e-09
5.4149508e-06
1.5982088e-09
5.4148271e-06
1.519485e-09
5.4147095e-06
1.4471097e-09
5.4145976e-06
1.3806558e-09
5.4144909e-06
1.3179492e-09
5.4143892e-06
1.2589058e-09
5.4142919e-06
1.206939e-09
5.4141992e-06
1.1528887e-09
5.4141097e-06
1.1158759e-09
5.4140267e-06
1.03748e-09
5.4139278e-06
1.2437532e-09
7.8840659e-10
9.9758858e-06
2.5812367e-05
-1.0048817e-05
9.6059404e-06
1.6077715e-05
9.0025175e-06
1.0322219e-05
8.3964675e-06
6.6650733e-06
7.9202693e-06
4.4738499e-06
7.5789306e-06
3.2266387e-06
7.3297857e-06
2.5210699e-06
7.1346706e-06
2.1212581e-06
6.9687955e-06
1.9210459e-06
6.8178532e-06
1.8401572e-06
6.6758699e-06
1.7973363e-06
6.5436122e-06
1.7167767e-06
6.4250066e-06
1.565034e-06
6.3229648e-06
1.3622881e-06
6.2374717e-06
1.152001e-06
6.1662249e-06
9.6735021e-07
6.1062924e-06
8.1842142e-07
6.0554057e-06
6.9740039e-07
6.0118876e-06
5.9752602e-07
5.9743064e-06
5.1758428e-07
5.9416857e-06
4.4931836e-07
5.9132117e-06
3.9181367e-07
5.8881726e-06
3.4461952e-07
5.8660956e-06
3.0370159e-07
5.8465771e-06
2.6825609e-07
5.8292676e-06
2.3762305e-07
5.813871e-06
2.110795e-07
5.8001376e-06
1.8799853e-07
5.7878554e-06
1.6786204e-07
5.7768438e-06
1.5023936e-07
5.766948e-06
1.3477053e-07
5.7580353e-06
1.2115399e-07
5.7499909e-06
1.0913603e-07
5.7427157e-06
9.850217e-08
5.7361236e-06
8.9070227e-08
5.7301394e-06
8.0684839e-08
5.7246977e-06
7.3213283e-08
5.7197411e-06
6.6541755e-08
5.7152191e-06
6.0572231e-08
5.7110875e-06
5.5219939e-08
5.7073071e-06
5.0411186e-08
5.7038435e-06
4.6081869e-08
5.7006661e-06
4.2176804e-08
5.6977478e-06
3.8649069e-08
5.6950643e-06
3.5458382e-08
5.6925938e-06
3.2568644e-08
5.6903171e-06
2.9946429e-08
5.6882169e-06
2.756165e-08
5.6862779e-06
2.5388292e-08
5.6844863e-06
2.3404915e-08
5.6828297e-06
2.1594147e-08
5.6812964e-06
1.9941129e-08
5.6798762e-06
1.8431328e-08
5.6785596e-06
1.704978e-08
5.6773383e-06
1.5782844e-08
5.6762046e-06
1.4619051e-08
5.6751517e-06
1.3549518e-08
5.6741731e-06
1.2567457e-08
5.6732629e-06
1.1665865e-08
5.6724158e-06
1.083695e-08
5.6716269e-06
1.0073223e-08
5.6708918e-06
9.3678741e-09
5.6702066e-06
8.7163531e-09
5.6695674e-06
8.1159939e-09
5.6689708e-06
7.563138e-09
5.6684136e-06
7.052956e-09
5.6678928e-06
6.580906e-09
5.6674059e-06
6.1434316e-09
5.6669504e-06
5.7383251e-09
5.666524e-06
5.3646497e-09
5.6661245e-06
5.0203669e-09
5.6657499e-06
4.701876e-09
5.6653985e-06
4.4060921e-09
5.6650688e-06
4.1308677e-09
5.6647592e-06
3.8748892e-09
5.6644684e-06
3.6376024e-09
5.664195e-06
3.4182292e-09
5.6639377e-06
3.2150726e-09
5.6636955e-06
3.026364e-09
5.6634673e-06
2.8508838e-09
5.6632522e-06
2.6879496e-09
5.6630492e-06
2.5370721e-09
5.6628575e-06
2.3965907e-09
5.6626765e-06
2.2639652e-09
5.6625053e-06
2.1442981e-09
5.6623431e-06
2.0336897e-09
5.6621894e-06
1.9289609e-09
5.6620438e-06
1.8295763e-09
5.6619058e-06
1.7361904e-09
5.6617749e-06
1.6504306e-09
5.6616505e-06
1.5715285e-09
5.661532e-06
1.4990754e-09
5.6614193e-06
1.4307135e-09
5.6613118e-06
1.366334e-09
5.6612092e-06
1.3096378e-09
5.6611113e-06
1.2507241e-09
5.6610169e-06
1.2102699e-09
5.6609295e-06
1.124928e-09
5.6608254e-06
1.347822e-09
8.5368483e-10
1.0290904e-05
2.5857171e-05
-1.0335709e-05
9.9723147e-06
1.6396305e-05
9.4098188e-06
1.0884715e-05
8.8059309e-06
7.2689611e-06
8.3064646e-06
4.9733162e-06
7.9392239e-06
3.5938794e-06
7.6697968e-06
2.7904969e-06
7.4599618e-06
2.3310931e-06
7.2831146e-06
2.0978931e-06
7.1235143e-06
1.9997574e-06
6.9743312e-06
1.9465195e-06
6.8359037e-06
1.8552042e-06
6.7119991e-06
1.6889385e-06
6.6054789e-06
1.4688084e-06
6.5162637e-06
1.2412162e-06
6.4419402e-06
1.0416737e-06
6.3794437e-06
8.8091789e-07
6.326389e-06
7.5045505e-07
6.281014e-06
6.4290106e-07
6.241827e-06
5.5677131e-07
6.2078063e-06
4.8333906e-07
6.1781024e-06
4.2151755e-07
6.1519747e-06
3.7074722e-07
6.1289291e-06
3.267472e-07
6.1085458e-06
2.8863939e-07
6.0904614e-06
2.5570747e-07
6.0743682e-06
2.2717262e-07
6.0600068e-06
2.0236e-07
6.0471567e-06
1.8071213e-07
6.0356302e-06
1.6176579e-07
6.0252668e-06
1.4513402e-07
6.0159281e-06
1.3049264e-07
6.0074951e-06
1.1756902e-07
5.9998646e-06
1.0613264e-07
5.9929471e-06
9.5987768e-08
5.9866644e-06
8.6967499e-08
5.9809485e-06
7.8929254e-08
5.9757395e-06
7.175078e-08
5.9709849e-06
6.5326776e-08
5.9666387e-06
5.9566179e-08
5.96266e-06
5.4389826e-08
5.959013e-06
4.972886e-08
5.9556659e-06
4.5523987e-08
5.9525901e-06
4.1724783e-08
5.9497606e-06
3.8287961e-08
5.9471545e-06
3.517474e-08
5.9447517e-06
3.234922e-08
5.9425342e-06
2.9779088e-08
5.9404861e-06
2.7436401e-08
5.9385929e-06
2.5298112e-08
5.9368415e-06
2.3345531e-08
5.93522e-06
2.1562674e-08
5.9337174e-06
1.9933936e-08
5.9323239e-06
1.8443263e-08
5.9310307e-06
1.7076007e-08
5.92983e-06
1.5819837e-08
5.9287143e-06
1.4665178e-08
5.927677e-06
1.3604708e-08
5.926712e-06
1.2630905e-08
5.9258135e-06
1.1735418e-08
5.9249766e-06
1.0910205e-08
5.9241965e-06
1.0147946e-08
5.9234691e-06
9.4437198e-09
5.9227905e-06
8.7946344e-09
5.9221569e-06
8.1967615e-09
5.9215649e-06
7.6449257e-09
5.9210115e-06
7.1342476e-09
5.9204941e-06
6.6608907e-09
5.9200099e-06
6.2224621e-09
5.9195567e-06
5.8179361e-09
5.9191319e-06
5.4451235e-09
5.9187336e-06
5.1001658e-09
5.91836e-06
4.7797439e-09
5.9180093e-06
4.4815361e-09
5.9176801e-06
4.2041169e-09
5.9173708e-06
3.946884e-09
5.91708e-06
3.7090017e-09
5.9168064e-06
3.4886499e-09
5.9165489e-06
3.2839264e-09
5.9163062e-06
3.0935097e-09
5.9160775e-06
2.916658e-09
5.9158618e-06
2.7528481e-09
5.9156581e-06
2.6002915e-09
5.9154658e-06
2.4562695e-09
5.9152839e-06
2.326162e-09
5.9151117e-06
2.2059087e-09
5.9149486e-06
2.0920703e-09
5.9147941e-06
1.9840338e-09
5.9146478e-06
1.8825301e-09
5.914509e-06
1.7892486e-09
5.9143771e-06
1.7033628e-09
5.9142517e-06
1.6244861e-09
5.9141323e-06
1.5500699e-09
5.9140187e-06
1.4799771e-09
5.9139101e-06
1.4182097e-09
5.9138068e-06
1.3540949e-09
5.9137071e-06
1.3099349e-09
5.9136148e-06
1.2171999e-09
5.9135052e-06
1.4574582e-09
9.2238347e-10
1.0607544e-05
2.5879251e-05
-1.0629624e-05
1.0336544e-05
1.6667305e-05
9.8189937e-06
1.1402266e-05
9.2237432e-06
7.8642116e-06
8.7046999e-06
5.4923595e-06
8.3118685e-06
3.9867108e-06
8.0211715e-06
3.081194e-06
7.7955961e-06
2.5566685e-06
7.6070264e-06
2.2864628e-06
7.4382614e-06
2.1685224e-06
7.281532e-06
2.1032489e-06
7.1366744e-06
2.0000618e-06
7.0072486e-06
1.8183643e-06
6.8960471e-06
1.58001e-06
6.8029273e-06
1.334336e-06
6.7253687e-06
1.1192322e-06
6.6601734e-06
9.4611321e-07
6.6048346e-06
8.0579386e-07
6.5575004e-06
6.9023522e-07
6.5166166e-06
5.9765514e-07
6.4811153e-06
5.1884037e-07
6.4501097e-06
4.5252321e-07
6.4228281e-06
3.9802874e-07
6.3987545e-06
3.5082084e-07
6.377452e-06
3.0994192e-07
6.3585428e-06
2.7461663e-07
6.3417073e-06
2.4400812e-07
6.3266756e-06
2.1739171e-07
6.3132188e-06
1.9416896e-07
6.3011417e-06
1.7384288e-07
6.2902773e-06
1.559984e-07
6.280482e-06
1.4028791e-07
6.271632e-06
1.2641907e-07
6.2636198e-06
1.1414477e-07
6.2563524e-06
1.0325518e-07
6.2497485e-06
9.3571418e-08
6.2437371e-06
8.4940665e-08
6.238256e-06
7.7231897e-08
6.2332505e-06
7.0332256e-08
6.2286725e-06
6.4144139e-08
6.2244797e-06
5.8582706e-08
6.2206344e-06
5.3574154e-08
6.2171034e-06
4.9054918e-08
6.2138573e-06
4.4970925e-08
6.2108695e-06
4.1275761e-08
6.2081164e-06
3.7927852e-08
6.2055769e-06
3.4888727e-08
6.2032322e-06
3.2123759e-08
6.2010656e-06
2.9602998e-08
6.199062e-06
2.7301721e-08
6.1972077e-06
2.5199858e-08
6.1954901e-06
2.328025e-08
6.1938979e-06
2.1526175e-08
6.1924207e-06
1.9920448e-08
6.1910493e-06
1.8447372e-08
6.1897754e-06
1.7093717e-08
6.1885914e-06
1.5849183e-08
6.1874902e-06
1.4705885e-08
6.1864654e-06
1.3655761e-08
6.1855109e-06
1.2689875e-08
6.1846215e-06
1.1799617e-08
6.1837923e-06
1.0977129e-08
6.183019e-06
1.0217099e-08
6.1822972e-06
9.5163955e-09
6.1816231e-06
8.8708079e-09
6.1809933e-06
8.2748019e-09
6.1804044e-06
7.7231466e-09
6.1798536e-06
7.2117104e-09
6.1793381e-06
6.7379035e-09
6.1788554e-06
6.3006043e-09
6.1784031e-06
5.8974665e-09
6.1779789e-06
5.5243643e-09
6.1775809e-06
5.1777336e-09
6.1772074e-06
4.8550681e-09
6.1768567e-06
4.5548232e-09
6.1765272e-06
4.2763452e-09
6.1762175e-06
4.0187375e-09
6.1759261e-06
3.7800523e-09
6.1756518e-06
3.5582476e-09
6.1753934e-06
3.3518933e-09
6.1751498e-06
3.1601833e-09
6.1749201e-06
2.9825588e-09
6.1747033e-06
2.8170992e-09
6.1744987e-06
2.6608992e-09
6.1743052e-06
2.5196223e-09
6.1741221e-06
2.3890435e-09
6.1739487e-06
2.2654523e-09
6.1737846e-06
2.1481557e-09
6.1736292e-06
2.0379648e-09
6.1734818e-06
1.9366283e-09
6.1733419e-06
1.8432569e-09
6.1732089e-06
1.7574901e-09
6.1730824e-06
1.6765807e-09
6.172962e-06
1.60036e-09
6.1728471e-06
1.5331451e-09
6.1727377e-06
1.4634577e-09
6.1726323e-06
1.4152997e-09
6.1725348e-06
1.314683e-09
6.1724192e-06
1.5730943e-09
9.9476398e-10
1.0927006e-05
2.588318e-05
-1.0930934e-05
1.0700223e-05
1.6894088e-05
1.0230059e-05
1.1872429e-05
9.6490474e-06
8.4452237e-06
9.1150119e-06
6.026395e-06
8.6974554e-06
4.4042672e-06
8.3846636e-06
3.3939858e-06
8.1423142e-06
2.7990179e-06
7.9412204e-06
2.4875566e-06
7.76274e-06
2.3470028e-06
7.5980876e-06
2.2679013e-06
7.4465186e-06
2.1516308e-06
7.3113331e-06
1.9535497e-06
7.195233e-06
1.6961101e-06
7.0980127e-06
1.4315563e-06
7.0170493e-06
1.2001957e-06
6.9490102e-06
1.0141524e-06
6.8912624e-06
8.6354162e-07
6.8418596e-06
7.3963806e-07
6.7991815e-06
6.4033317e-07
6.7621133e-06
5.559086e-07
6.7297289e-06
4.8490761e-07
6.7012238e-06
4.265338e-07
6.6760585e-06
3.7598617e-07
6.6537785e-06
3.3222191e-07
6.6339912e-06
2.9440393e-07
6.6163642e-06
2.6163508e-07
6.6006171e-06
2.3313884e-07
6.5865118e-06
2.0827423e-07
6.5738456e-06
1.8650912e-07
6.5624447e-06
1.6739929e-07
6.5521599e-06
1.5057275e-07
6.5428622e-06
1.3571676e-07
6.53444e-06
1.2256693e-07
6.5267964e-06
1.1089882e-07
6.5198467e-06
1.0052109e-07
6.5135171e-06
9.1270309e-08
6.5077426e-06
8.3006334e-08
6.5024664e-06
7.5608452e-08
6.4976383e-06
6.8972272e-08
6.493214e-06
6.3007048e-08
6.4891543e-06
5.7633837e-08
6.4854246e-06
5.2784629e-08
6.4819939e-06
4.8401554e-08
6.4788348e-06
4.4434937e-08
6.4759223e-06
4.0840294e-08
6.4732346e-06
3.7576484e-08
6.4707519e-06
3.4606469e-08
6.4684566e-06
3.1898214e-08
6.4663331e-06
2.9425244e-08
6.4643669e-06
2.7166043e-08
6.462545e-06
2.5102222e-08
6.4608552e-06
2.3215896e-08
6.459287e-06
2.1488705e-08
6.4578305e-06
1.9903861e-08
6.456477e-06
1.8447193e-08
6.4552186e-06
1.7107639e-08
6.4540477e-06
1.5876724e-08
6.4529577e-06
1.474582e-08
6.4519422e-06
1.3705384e-08
6.4509956e-06
1.2746214e-08
6.4501128e-06
1.1859891e-08
6.4492892e-06
1.1040692e-08
6.4485204e-06
1.0285225e-08
6.4478022e-06
9.5889869e-09
6.4471309e-06
8.946071e-09
6.4465032e-06
8.3508797e-09
6.4459159e-06
7.7989707e-09
6.4453663e-06
7.2875441e-09
6.4448515e-06
6.8153748e-09
6.444369e-06
6.3799526e-09
6.4439165e-06
5.9768746e-09
6.4434919e-06
5.6023198e-09
6.4430934e-06
5.2535864e-09
6.4427192e-06
4.9290025e-09
6.4423677e-06
4.6278593e-09
6.4420373e-06
4.3491962e-09
6.4417264e-06
4.0909324e-09
6.4414338e-06
3.8508797e-09
6.4411582e-06
3.627492e-09
6.4408985e-06
3.4198933e-09
6.4406535e-06
3.2274872e-09
6.4404224e-06
3.0482171e-09
6.4402043e-06
2.8789828e-09
6.4399982e-06
2.7257375e-09
6.4398032e-06
2.5840862e-09
6.4396186e-06
2.4500365e-09
6.4394439e-06
2.3228123e-09
6.4392786e-06
2.2033086e-09
6.4391219e-06
2.0933312e-09
6.4389732e-06
1.9919232e-09
6.4388319e-06
1.8987535e-09
6.4386977e-06
1.8108686e-09
6.43857e-06
1.7280645e-09
6.4384481e-06
1.6549874e-09
6.4383322e-06
1.5793191e-09
6.4382207e-06
1.5268401e-09
6.4381176e-06
1.417807e-09
6.4379955e-06
1.6952096e-09
1.071116e-09
1.1250628e-05
2.5872702e-05
-1.1240151e-05
1.1064044e-05
1.7080672e-05
1.0641953e-05
1.2294519e-05
1.0080742e-05
9.0064345e-06
9.5372956e-06
6.5698418e-06
9.0964752e-06
4.8450876e-06
8.7609936e-06
3.7294673e-06
8.5008491e-06
3.0591624e-06
8.2863811e-06
2.7020246e-06
8.0975875e-06
2.5357965e-06
7.9246013e-06
2.4408874e-06
7.7660163e-06
2.3102158e-06
7.6248153e-06
2.0947507e-06
7.5035846e-06
1.8173408e-06
7.4020545e-06
1.5330864e-06
7.3175041e-06
1.2847461e-06
7.2464659e-06
1.0851906e-06
7.1861758e-06
9.2383167e-07
7.1345873e-06
7.9122654e-07
7.0900112e-06
6.8490927e-07
7.051284e-06
5.9463582e-07
7.0174388e-06
5.1875283e-07
6.9876359e-06
4.5633673e-07
6.961311e-06
4.0231103e-07
6.9379914e-06
3.5554149e-07
6.917269e-06
3.1512635e-07
6.8987982e-06
2.8010586e-07
6.8822874e-06
2.4964965e-07
6.8674892e-06
2.2307244e-07
6.8541927e-06
1.9980565e-07
6.8422172e-06
1.7937475e-07
6.8314075e-06
1.6138246e-07
6.8216295e-06
1.4549481e-07
6.8127669e-06
1.3142951e-07
6.8047188e-06
1.1894693e-07
6.7973971e-06
1.0784279e-07
6.7907247e-06
9.7942646e-08
6.7846342e-06
8.9096878e-08
6.779066e-06
8.1176616e-08
6.7739679e-06
7.4070407e-08
6.7692936e-06
6.7681368e-08
6.7650022e-06
6.1925212e-08
6.7610575e-06
5.6729302e-08
6.7574273e-06
5.2031809e-08
6.7540826e-06
4.7779659e-08
6.7509975e-06
4.3925341e-08
6.7481491e-06
4.0424929e-08
6.7455167e-06
3.7238882e-08
6.7430819e-06
3.4332989e-08
6.7408282e-06
3.1678944e-08
6.7387405e-06
2.9253719e-08
6.7368051e-06
2.7037636e-08
6.7350094e-06
2.5011593e-08
6.7333421e-06
2.3156011e-08
6.731793e-06
2.1452966e-08
6.7303529e-06
1.9887304e-08
6.7290133e-06
1.8447164e-08
6.7277666e-06
1.7123444e-08
6.7266055e-06
1.5906927e-08
6.7255235e-06
1.478744e-08
6.7245145e-06
1.3755163e-08
6.7235733e-06
1.2801092e-08
6.7226949e-06
1.1919065e-08
6.7218747e-06
1.1105417e-08
6.7211084e-06
1.0355337e-08
6.7203919e-06
9.6625307e-09
6.7197218e-06
9.0210183e-09
6.7190947e-06
8.4260301e-09
6.7185077e-06
7.8745422e-09
6.7179579e-06
7.3652174e-09
6.7174425e-06
6.8953742e-09
6.716959e-06
6.4603222e-09
6.7165054e-06
6.0559715e-09
6.7160795e-06
5.6794127e-09
6.7156797e-06
5.3288373e-09
6.7153041e-06
5.0034777e-09
6.714951e-06
4.7023058e-09
6.7146188e-06
4.4231021e-09
6.7143062e-06
4.1635251e-09
6.7140118e-06
3.9219053e-09
6.7137344e-06
3.6972903e-09
6.7134728e-06
3.4890437e-09
6.7132261e-06
3.2949688e-09
6.7129933e-06
3.1117618e-09
6.7127733e-06
2.9456728e-09
6.7125653e-06
2.7921299e-09
6.7123685e-06
2.6468479e-09
6.7121823e-06
2.5089637e-09
6.7120062e-06
2.3794602e-09
6.7118393e-06
2.2601987e-09
6.7116811e-06
2.1501492e-09
6.7115308e-06
2.049013e-09
6.7113881e-06
1.9536227e-09
6.7112524e-06
1.8637341e-09
6.7111231e-06
1.7843385e-09
6.7110001e-06
1.70224e-09
6.7108819e-06
1.6450835e-09
6.7107726e-06
1.5270483e-09
6.7106435e-06
1.8243357e-09
1.1517602e-09
1.1579254e-05
2.5851043e-05
-1.1557595e-05
1.1428503e-05
1.7231424e-05
1.1053776e-05
1.2669246e-05
1.051773e-05
9.5424805e-06
9.9712811e-06
7.1162905e-06
9.5092971e-06
5.3070717e-06
9.1508415e-06
4.0879229e-06
8.8719274e-06
3.3380765e-06
8.6431931e-06
2.9307589e-06
8.4434384e-06
2.7355512e-06
8.26167e-06
2.6226558e-06
8.0957387e-06
2.4761471e-06
7.9482477e-06
2.2422418e-06
7.8216392e-06
1.9439493e-06
7.7155761e-06
1.6391494e-06
7.6272442e-06
1.3730781e-06
7.5530412e-06
1.1593936e-06
7.4900666e-06
9.868062e-07
7.436168e-06
8.4512518e-07
7.3895834e-06
7.3149386e-07
7.3490994e-06
6.3511985e-07
7.3137061e-06
5.5414606e-07
7.2825264e-06
4.8751643e-07
7.25497e-06
4.2986746e-07
7.2305449e-06
3.7996662e-07
7.2088268e-06
3.3684443e-07
7.1894565e-06
2.9947617e-07
7.1721307e-06
2.6697547e-07
7.1565921e-06
2.3861102e-07
7.1426214e-06
2.1377633e-07
7.1300307e-06
1.919654e-07
7.1186585e-06
1.7275468e-07
7.1083652e-06
1.5578816e-07
7.0990297e-06
1.4076496e-07
7.090547e-06
1.2742968e-07
7.0828251e-06
1.1556462e-07
7.0757839e-06
1.0498385e-07
7.0693529e-06
9.5527931e-08
7.06347e-06
8.7059512e-08
7.0580806e-06
7.9459799e-08
7.0531364e-06
7.2625527e-08
7.0485948e-06
6.6466847e-08
7.0444178e-06
6.0906307e-08
7.0405716e-06
5.5877953e-08
7.0370261e-06
5.1325162e-08
7.0337542e-06
4.7197268e-08
7.0307317e-06
4.3447448e-08
7.027937e-06
4.0033554e-08
7.0253509e-06
3.6919105e-08
7.022956e-06
3.4073885e-08
7.0207364e-06
3.1473277e-08
7.0186778e-06
2.9096251e-08
7.016767e-06
2.6922437e-08
7.014992e-06
2.4930985e-08
7.0133422e-06
2.310279e-08
7.0118078e-06
2.142167e-08
7.01038e-06
1.9874922e-08
7.0090507e-06
1.8452782e-08
7.0078122e-06
1.7145418e-08
7.0066576e-06
1.5942002e-08
7.0055807e-06
1.4832069e-08
7.0045758e-06
1.3806003e-08
7.0036377e-06
1.285718e-08
7.0027615e-06
1.1981641e-08
7.0019426e-06
1.117425e-08
7.0011768e-06
1.0428312e-08
7.0004604e-06
9.7374496e-09
6.9997898e-06
9.0965463e-09
6.999162e-06
8.5023393e-09
6.9985739e-06
7.9533699e-09
6.9980225e-06
7.4467774e-09
6.9975052e-06
6.9775734e-09
6.9970198e-06
6.5413855e-09
6.9965642e-06
6.135084e-09
6.9961363e-06
5.7567144e-09
6.9957343e-06
5.4054451e-09
6.9953564e-06
5.080177e-09
6.995001e-06
4.7785459e-09
6.9946665e-06
4.4980502e-09
6.9943515e-06
4.2368876e-09
6.9940548e-06
3.994023e-09
6.993775e-06
3.7687771e-09
6.9935112e-06
3.5588087e-09
6.9932623e-06
3.3606015e-09
6.9930273e-06
3.18071e-09
6.9928051e-06
3.0143783e-09
6.9925949e-06
2.8570156e-09
6.9923962e-06
2.7076685e-09
6.9922082e-06
2.5674111e-09
6.9920303e-06
2.4381594e-09
6.9918616e-06
2.3188046e-09
6.9917015e-06
2.2090829e-09
6.9915496e-06
2.1056048e-09
6.9914052e-06
2.0080814e-09
6.9912677e-06
1.9218648e-09
6.9911371e-06
1.8328422e-09
6.9910116e-06
1.7706143e-09
6.9908957e-06
1.6429355e-09
6.9907589e-06
1.9610616e-09
1.2370517e-09
1.191385e-05
2.5820752e-05
-1.1883558e-05
1.1794379e-05
1.7350895e-05
1.1465662e-05
1.2997962e-05
1.0959734e-05
1.0048409e-05
1.0416473e-05
7.6595521e-06
9.9361472e-06
5.7873972e-06
9.5548382e-06
4.4692319e-06
9.2562701e-06
3.6366445e-06
9.0123463e-06
3.1746827e-06
8.8009312e-06
2.9469663e-06
8.6098904e-06
2.8136966e-06
8.4362537e-06
2.6497838e-06
8.2821779e-06
2.3963176e-06
8.1499283e-06
2.0761989e-06
8.0390949e-06
1.7499828e-06
7.9467744e-06
1.4653986e-06
7.8692298e-06
1.2369382e-06
7.8034195e-06
1.0526165e-06
7.7470785e-06
9.0146614e-07
7.6983683e-06
7.8020403e-07
7.6560238e-06
6.7746442e-07
7.6189901e-06
5.9117972e-07
7.58635e-06
5.201565e-07
7.5574857e-06
4.5873178e-07
7.5318851e-06
4.055672e-07
7.5091072e-06
3.5962236e-07
7.4887783e-06
3.1980508e-07
7.470583e-06
2.8517079e-07
7.4542537e-06
2.5494031e-07
7.4395622e-06
2.2846775e-07
7.4263132e-06
2.0521441e-07
7.4143384e-06
1.8472947e-07
7.4034926e-06
1.6663402e-07
7.3936497e-06
1.5060789e-07
7.3847001e-06
1.3637928e-07
7.3765481e-06
1.2371654e-07
7.3691101e-06
1.1242186e-07
7.3623125e-06
1.0232556e-07
7.3560905e-06
9.3281478e-08
7.3503871e-06
8.5163185e-08
7.3451519e-06
7.7860781e-08
7.3403401e-06
7.1278629e-08
7.3359121e-06
6.5334262e-08
7.3318327e-06
5.9957424e-08
7.32807e-06
5.5087791e-08
7.3245959e-06
5.0671402e-08
7.3213849e-06
4.6658419e-08
7.3184145e-06
4.300398e-08
7.3156644e-06
3.9669237e-08
7.3131163e-06
3.6621973e-08
7.3107537e-06
3.3835906e-08
7.3085613e-06
3.1288585e-08
7.3065255e-06
2.8958316e-08
7.3046335e-06
2.6822927e-08
7.3028742e-06
2.4862081e-08
7.3012374e-06
2.3058519e-08
7.2997136e-06
2.1398653e-08
7.2982944e-06
1.9872024e-08
7.2969717e-06
1.846815e-08
7.2957381e-06
1.7175522e-08
7.2945872e-06
1.5983005e-08
7.2935129e-06
1.4880343e-08
7.2925096e-06
1.386042e-08
7.2915723e-06
1.2918961e-08
7.2906961e-06
1.2050494e-08
7.2898765e-06
1.1247905e-08
7.2891095e-06
1.0504401e-08
7.2883916e-06
9.8144991e-09
7.2877192e-06
9.1746822e-09
7.2870892e-06
8.5833593e-09
7.2864985e-06
8.0374827e-09
7.2859444e-06
7.5317538e-09
7.2854242e-06
7.0615047e-09
7.2849359e-06
6.6233707e-09
7.2844774e-06
6.2152412e-09
7.2840467e-06
5.8362155e-09
7.2836417e-06
5.485119e-09
7.2832608e-06
5.1594368e-09
7.2829024e-06
4.856499e-09
7.2825649e-06
4.5743621e-09
7.282247e-06
4.3118998e-09
7.2819474e-06
4.0683874e-09
7.2816649e-06
3.841334e-09
7.2813985e-06
3.6270026e-09
7.2811469e-06
3.4322593e-09
7.2809092e-06
3.2521558e-09
7.2806844e-06
3.0817836e-09
7.280472e-06
2.9200932e-09
7.2802711e-06
2.7682548e-09
7.280081e-06
2.6282384e-09
7.279901e-06
2.49885e-09
7.2797302e-06
2.3798627e-09
7.2795682e-06
2.2676574e-09
7.2794143e-06
2.1618946e-09
7.2792679e-06
2.0683042e-09
7.2791289e-06
1.9718143e-09
7.2789955e-06
1.9040803e-09
7.2788724e-06
1.7660545e-09
7.2787274e-06
2.1060402e-09
1.3273837e-09
1.2255339e-05
2.57838e-05
-1.2218388e-05
1.2162455e-05
1.744378e-05
1.1878536e-05
1.3281881e-05
1.1407021e-05
1.0519924e-05
1.0872114e-05
8.1944592e-06
1.03771e-05
6.2824111e-06
9.9735499e-06
4.8727821e-06
9.6545877e-06
3.9556067e-06
9.3945374e-06
3.434733e-06
9.1707113e-06
3.1707924e-06
8.9698625e-06
3.0145454e-06
8.7881291e-06
2.8315173e-06
8.627152e-06
2.5572946e-06
8.488981e-06
2.2143699e-06
8.3731252e-06
1.8658387e-06
8.2765957e-06
1.561928e-06
8.1955216e-06
1.3180124e-06
8.1267147e-06
1.1214234e-06
8.0677913e-06
9.6038952e-07
8.0168316e-06
8.3116369e-07
7.9725167e-06
7.217793e-07
7.9337449e-06
6.2995155e-07
7.8995562e-06
5.5434525e-07
7.8693033e-06
4.889846e-07
7.8424534e-06
4.3241713e-07
7.8185478e-06
3.8352801e-07
7.7971977e-06
3.4115511e-07
7.7780752e-06
3.0429331e-07
7.7609019e-06
2.7211366e-07
7.7454403e-06
2.439293e-07
7.7314872e-06
2.1916759e-07
7.7188673e-06
1.9734935e-07
7.7074294e-06
1.7807193e-07
7.6970422e-06
1.6099507e-07
7.6875915e-06
1.4582997e-07
7.6789775e-06
1.323305e-07
7.6711129e-06
1.2028646e-07
7.6639209e-06
1.0951757e-07
7.6573339e-06
9.9868482e-08
7.6512923e-06
9.1204842e-08
7.6457432e-06
8.3409841e-08
7.64064e-06
7.6381819e-08
7.6359412e-06
7.0033084e-08
7.6316097e-06
6.4288892e-08
7.6276125e-06
5.9085051e-08
7.6239197e-06
5.4364171e-08
7.6205049e-06
5.0073266e-08
7.6173442e-06
4.6164647e-08
7.6144164e-06
4.2596996e-08
7.6117024e-06
3.9336004e-08
7.6091847e-06
3.6353638e-08
7.6068473e-06
3.3625956e-08
7.6046757e-06
3.1129878e-08
7.6026568e-06
2.8841856e-08
7.6007786e-06
2.6740267e-08
7.5990304e-06
2.480673e-08
7.5974024e-06
2.3026719e-08
7.5958853e-06
2.1389041e-08
7.5944709e-06
1.9882534e-08
7.5931515e-06
1.8494981e-08
7.59192e-06
1.7214546e-08
7.59077e-06
1.6030303e-08
7.5896958e-06
1.4934616e-08
7.5886919e-06
1.3922874e-08
7.5877531e-06
1.2989246e-08
7.5868748e-06
1.2126186e-08
7.5860528e-06
1.1326464e-08
7.5852831e-06
1.0584215e-08
7.5845621e-06
9.8956466e-09
7.5838864e-06
9.2590252e-09
7.5832528e-06
8.6711064e-09
7.5826583e-06
8.1262704e-09
7.5821003e-06
7.6195382e-09
7.5815763e-06
7.1472961e-09
7.5810843e-06
6.7072653e-09
7.5806221e-06
6.2984702e-09
7.5801875e-06
5.9196566e-09
7.5797788e-06
5.5681517e-09
7.5793942e-06
5.2411097e-09
7.5790321e-06
4.9364353e-09
7.5786911e-06
4.6529032e-09
7.5783698e-06
4.3897395e-09
7.5780668e-06
4.1442986e-09
7.5777812e-06
3.9126134e-09
7.5775116e-06
3.7018706e-09
7.5772568e-06
3.5069197e-09
7.5770161e-06
3.3225212e-09
7.5767887e-06
3.1475234e-09
7.5765737e-06
2.9831968e-09
7.5763704e-06
2.8315665e-09
7.5761779e-06
2.6913457e-09
7.5759954e-06
2.5623466e-09
7.5758223e-06
2.440712e-09
7.5756582e-06
2.3260459e-09
7.575502e-06
2.2244734e-09
7.5753539e-06
2.119919e-09
7.5752118e-06
2.0461992e-09
7.5750808e-06
1.8970551e-09
7.5749268e-06
2.2599953e-09
1.4231915e-09
1.2604458e-05
2.5741697e-05
-1.2562355e-05
1.2533527e-05
1.751471e-05
1.2292833e-05
1.3522575e-05
1.1859061e-05
1.0953696e-05
1.1337184e-05
8.716336e-06
1.0832079e-05
6.7875157e-06
1.040746e-05
5.2974015e-06
1.0067574e-05
4.2954924e-06
9.7904717e-06
3.7118355e-06
9.5534359e-06
3.4078282e-06
9.3421948e-06
3.2257864e-06
9.1519379e-06
3.0217742e-06
8.9837185e-06
2.7255141e-06
8.8393278e-06
2.3587605e-06
8.7181819e-06
1.9869847e-06
8.6172093e-06
1.6629006e-06
8.5324057e-06
1.402816e-06
8.4604316e-06
1.1933975e-06
8.3987776e-06
1.0220435e-06
8.3454376e-06
8.8450375e-07
8.2990364e-06
7.6818043e-07
8.2584232e-06
6.7056476e-07
8.2225926e-06
5.9017583e-07
8.1908663e-06
5.2071094e-07
8.1626891e-06
4.6059433e-07
8.1375841e-06
4.0863301e-07
8.115147e-06
3.6359224e-07
8.0950363e-06
3.2440397e-07
8.0769625e-06
2.9018745e-07
8.0606786e-06
2.6021326e-07
8.0459727e-06
2.3387344e-07
8.0326627e-06
2.1065941e-07
8.0205908e-06
1.901438e-07
8.0096203e-06
1.7196553e-07
7.9996322e-06
1.5581813e-07
7.9905222e-06
1.4144041e-07
7.9821994e-06
1.2860932e-07
7.9745834e-06
1.1713354e-07
7.9676037e-06
1.0684819e-07
7.9611979e-06
9.761065e-08
7.9553108e-06
8.9296936e-08
7.9498935e-06
8.1799115e-08
7.9449025e-06
7.5024049e-08
7.9402991e-06
6.8892311e-08
7.9360485e-06
6.3335674e-08
7.9321195e-06
5.829316e-08
7.9284843e-06
5.3708509e-08
7.9251178e-06
4.9531081e-08
7.9219978e-06
4.5716983e-08
7.9191041e-06
4.2229712e-08
7.9164184e-06
3.9039398e-08
7.9139238e-06
3.6120528e-08
7.9116051e-06
3.3448575e-08
7.9094484e-06
3.0998557e-08
7.9074412e-06
2.8747509e-08
7.905572e-06
2.667587e-08
7.9038306e-06
2.4768134e-08
7.9022073e-06
2.3012327e-08
7.9006933e-06
2.1396576e-08
7.8992803e-06
1.9907922e-08
7.8979611e-06
1.8533801e-08
7.8967288e-06
1.7262585e-08
7.8955773e-06
1.6086087e-08
7.8945009e-06
1.4999333e-08
7.893494e-06
1.3996117e-08
7.8925517e-06
1.3068443e-08
7.8916696e-06
1.2208626e-08
7.8908434e-06
1.1410395e-08
7.8900694e-06
1.0669664e-08
7.8893439e-06
9.984544e-09
7.8886634e-06
9.3515853e-09
7.8880248e-06
8.7648336e-09
7.8874254e-06
8.218984e-09
7.8868625e-06
7.7101572e-09
7.8863339e-06
7.2358941e-09
7.8858372e-06
6.7951377e-09
7.8853703e-06
6.3865487e-09
7.8849312e-06
6.00729e-09
7.884518e-06
5.654331e-09
7.884129e-06
5.3254142e-09
7.8837627e-06
5.0192056e-09
7.8834175e-06
4.7348785e-09
7.8830922e-06
4.4696268e-09
7.8827856e-06
4.2192442e-09
7.8824962e-06
3.9912471e-09
7.8822229e-06
3.7802724e-09
7.8819646e-06
3.5807352e-09
7.8817208e-06
3.3913748e-09
7.8814904e-06
3.213566e-09
7.8812726e-06
3.0493909e-09
7.8810665e-06
2.8974621e-09
7.8808712e-06
2.7576324e-09
7.8806861e-06
2.6257981e-09
7.8805107e-06
2.5014997e-09
7.8803439e-06
2.3912764e-09
7.8801858e-06
2.278001e-09
7.8800342e-06
2.1977667e-09
7.8798946e-06
2.0366579e-09
7.8797309e-06
2.4237294e-09
1.5249574e-09
1.2961835e-05
2.5695564e-05
-1.2915701e-05
1.2908412e-05
1.7568134e-05
1.2708573e-05
1.3722414e-05
1.2314716e-05
1.1347553e-05
1.1810452e-05
9.2205999e-06
1.1300802e-05
7.2971661e-06
1.0856941e-05
5.7412621e-06
1.0495896e-05
4.6565377e-06
1.0200862e-05
4.0068693e-06
9.949777e-06
3.6589135e-06
9.727508e-06
3.4480555e-06
9.5282613e-06
3.2210209e-06
9.3524315e-06
2.9013439e-06
9.2015032e-06
2.5096887e-06
9.0747834e-06
2.1137045e-06
8.969119e-06
1.7685649e-06
8.8803734e-06
1.4915617e-06
8.8050512e-06
1.2687196e-06
8.7405099e-06
1.0865848e-06
8.6846513e-06
9.4036233e-07
8.6360416e-06
8.167902e-07
8.5934782e-06
7.1312814e-07
8.5559076e-06
6.2774638e-07
8.5226183e-06
5.5400028e-07
8.4930318e-06
4.9018085e-07
8.466652e-06
4.3501281e-07
8.4430582e-06
3.8718604e-07
8.4218951e-06
3.4556706e-07
8.4028613e-06
3.0922122e-07
8.3856997e-06
2.7737484e-07
8.3701899e-06
2.4938326e-07
8.356142e-06
2.2470733e-07
8.3433918e-06
2.0289403e-07
8.3317966e-06
1.8356065e-07
8.3212324e-06
1.6638234e-07
8.3115905e-06
1.510823e-07
8.3027758e-06
1.374241e-07
8.2947044e-06
1.2520494e-07
8.2873025e-06
1.1425003e-07
8.280505e-06
1.0440816e-07
8.2742541e-06
9.5547881e-08
8.2684985e-06
8.7554715e-08
8.2631927e-06
8.0329858e-08
8.258296e-06
7.378899e-08
8.253772e-06
6.7859668e-08
8.249588e-06
6.2477171e-08
8.2457147e-06
5.7581824e-08
8.2421258e-06
5.3119909e-08
8.238798e-06
4.9044841e-08
8.2357099e-06
4.5317823e-08
8.2328422e-06
4.1907052e-08
8.2301774e-06
3.8785364e-08
8.2276992e-06
3.5926715e-08
8.2253932e-06
3.3304627e-08
8.2232459e-06
3.0894735e-08
8.2212456e-06
2.8676246e-08
8.2193811e-06
2.6632615e-08
8.2176424e-06
2.4751046e-08
8.21602e-06
2.3018915e-08
8.2145054e-06
2.1422492e-08
8.2130908e-06
1.9948454e-08
8.2117689e-06
1.8584436e-08
8.2105334e-06
1.7321667e-08
8.2093779e-06
1.6154785e-08
8.2082968e-06
1.5077189e-08
8.2072849e-06
1.4080413e-08
8.2063372e-06
1.3156298e-08
8.2054495e-06
1.2298142e-08
8.2046176e-06
1.1501548e-08
8.2038377e-06
1.0764457e-08
8.203106e-06
1.0083202e-08
8.2024194e-06
9.4514831e-09
8.2017747e-06
8.8636523e-09
8.2011693e-06
8.315548e-09
8.2006007e-06
7.8045172e-09
8.2000664e-06
7.329414e-09
8.1995642e-06
6.8888091e-09
8.1990918e-06
6.4796929e-09
8.1986473e-06
6.0988415e-09
8.1982288e-06
5.7438237e-09
8.1978349e-06
5.4131865e-09
8.1974637e-06
5.1060458e-09
8.1971139e-06
4.8194293e-09
8.1967843e-06
4.548882e-09
8.1964732e-06
4.3022597e-09
8.1961795e-06
4.0739753e-09
8.1959022e-06
3.8580836e-09
8.1956404e-06
3.6532058e-09
8.1953931e-06
3.4608265e-09
8.1951594e-06
3.2830869e-09
8.1949384e-06
3.1184906e-09
8.1947291e-06
2.9669323e-09
8.1945308e-06
2.8240532e-09
8.194343e-06
2.6893229e-09
8.1941646e-06
2.5697137e-09
8.1939956e-06
2.446996e-09
8.1938337e-06
2.3596641e-09
8.1936847e-06
2.1856622e-09
8.1935103e-06
2.5981321e-09
1.6332158e-09
1.3328035e-05
2.5646207e-05
-1.3278679e-05
1.3288302e-05
1.7607867e-05
1.3126016e-05
1.38847e-05
1.2773102e-05
1.1700467e-05
1.229102e-05
9.7026814e-06
1.1782717e-05
7.8054688e-06
1.132223e-05
6.2017495e-06
1.0940177e-05
5.0385905e-06
1.0626426e-05
4.3206203e-06
1.0360423e-05
3.9249161e-06
1.0126438e-05
3.6820407e-06
9.9176921e-06
3.429767e-06
9.7338538e-06
3.0851823e-06
9.5760487e-06
2.6674939e-06
9.4434536e-06
2.2462996e-06
9.3328335e-06
1.879185e-06
9.23992e-06
1.5844752e-06
9.1610578e-06
1.3475818e-06
9.0934637e-06
1.154179e-06
9.0349409e-06
9.988851e-07
8.9839935e-06
8.6773763e-07
8.9393653e-06
7.5775636e-07
8.8999516e-06
6.671601e-07
8.8650051e-06
5.8894674e-07
8.833923e-06
5.2126299e-07
8.806189e-06
4.6274678e-07
8.7813653e-06
4.1200972e-07
8.7590821e-06
3.6785027e-07
8.7390256e-06
3.292777e-07
8.7209282e-06
2.9547225e-07
8.7045603e-06
2.6575115e-07
8.6897242e-06
2.3954348e-07
8.6762486e-06
2.1636956e-07
8.6639851e-06
1.9582419e-07
8.652804e-06
1.7756347e-07
8.6425919e-06
1.6129433e-07
8.6332496e-06
1.4676647e-07
8.6246893e-06
1.3376515e-07
8.6168341e-06
1.2210526e-07
8.6096156e-06
1.1162668e-07
8.6029733e-06
1.0219014e-07
8.5968537e-06
9.367439e-08
8.5912088e-06
8.59747e-08
8.5859962e-06
7.9001652e-08
8.5811774e-06
7.267839e-08
8.5767183e-06
6.6936287e-08
8.572588e-06
6.1712102e-08
8.568759e-06
5.6948911e-08
8.5652066e-06
5.2597315e-08
8.5619083e-06
4.8616112e-08
8.5588439e-06
4.4971465e-08
8.5559948e-06
4.1634477e-08
8.553344e-06
3.8577509e-08
8.5508761e-06
3.5772525e-08
8.5485771e-06
3.3193699e-08
8.5464344e-06
3.0818943e-08
8.5444364e-06
2.8630624e-08
8.5425724e-06
2.6615068e-08
8.5408324e-06
2.4758867e-08
8.5392074e-06
2.3047483e-08
8.5376891e-06
2.1466803e-08
8.5362698e-06
2.0003687e-08
8.5349427e-06
1.8648749e-08
8.5337013e-06
1.7396208e-08
8.5325395e-06
1.6239048e-08
8.5314516e-06
1.5168312e-08
8.5304325e-06
1.4175346e-08
8.5294777e-06
1.3252995e-08
8.5285827e-06
1.2396527e-08
8.5277434e-06
1.1603697e-08
8.526956e-06
1.0870614e-08
8.5262169e-06
1.0190614e-08
8.5255229e-06
9.5576916e-09
8.524871e-06
8.9673841e-09
8.5242587e-06
8.4168299e-09
8.5236833e-06
7.9047865e-09
8.5231424e-06
7.4297279e-09
8.5226337e-06
6.9884643e-09
8.5221549e-06
6.5775694e-09
8.5217043e-06
6.1944261e-09
8.5212801e-06
5.8374509e-09
8.5208804e-06
5.5056973e-09
8.5205038e-06
5.1960207e-09
8.520149e-06
4.9037071e-09
8.5198143e-06
4.6369627e-09
8.5194983e-06
4.3899641e-09
8.5192e-06
4.1563895e-09
8.5189185e-06
3.934732e-09
8.5186527e-06
3.7265908e-09
8.5184016e-06
3.5341705e-09
8.5181643e-06
3.355856e-09
8.5179396e-06
3.1915845e-09
8.5177269e-06
3.0367342e-09
8.5175255e-06
2.8906949e-09
8.5173344e-06
2.7608923e-09
8.5171534e-06
2.6279398e-09
8.5169802e-06
2.5328681e-09
8.5168209e-06
2.3449541e-09
8.5166349e-06
2.7841901e-09
1.7485585e-09
1.3703601e-05
2.5594147e-05
-1.3651541e-05
1.3674493e-05
1.7636974e-05
1.3545665e-05
1.4013527e-05
1.3234602e-05
1.201153e-05
1.2779038e-05
1.0158246e-05
1.2277031e-05
8.3074753e-06
1.18034e-05
6.6753806e-06
1.1400977e-05
5.4410131e-06
1.1067878e-05
4.65372e-06
1.0786082e-05
4.206712e-06
1.0539641e-05
3.9284814e-06
1.0320839e-05
3.6485692e-06
1.012856e-05
3.2774608e-06
9.9635154e-06
2.8325388e-06
9.8247253e-06
2.3850897e-06
9.7088689e-06
1.9950414e-06
9.6115476e-06
1.6817965e-06
9.5289419e-06
1.4301875e-06
9.45812e-06
1.2250008e-06
9.3967795e-06
1.0602257e-06
9.3433584e-06
9.211587e-07
9.2965447e-06
8.0457009e-07
9.2551793e-06
7.085255e-07
9.2184769e-06
6.2564914e-07
9.1858085e-06
5.5393136e-07
9.156637e-06
4.9191831e-07
9.1305065e-06
4.3814022e-07
9.107032e-06
3.913248e-07
9.0858868e-06
3.504229e-07
9.0667922e-06
3.1456682e-07
9.0495092e-06
2.8303417e-07
9.0338317e-06
2.5522099e-07
9.0195813e-06
2.3061993e-07
9.0066031e-06
2.0880241e-07
8.9947618e-06
1.8940473e-07
8.9839392e-06
1.7211692e-07
8.9740314e-06
1.5667425e-07
8.964947e-06
1.4284958e-07
8.9566052e-06
1.3044708e-07
8.9489346e-06
1.192973e-07
8.9418718e-06
1.0925291e-07
8.9353606e-06
1.0018555e-07
8.929351e-06
9.1984328e-08
8.9237982e-06
8.4554503e-08
8.9186619e-06
7.7814607e-08
8.9139063e-06
7.1691932e-08
8.9094989e-06
6.6119517e-08
8.9054107e-06
6.103709e-08
8.9016157e-06
5.6392312e-08
8.8980904e-06
5.2141459e-08
8.8948133e-06
4.8248559e-08
8.8917649e-06
4.4682884e-08
8.8889272e-06
4.1415127e-08
8.8862841e-06
3.8415625e-08
8.8838208e-06
3.5657025e-08
8.8815239e-06
3.3115883e-08
8.8793811e-06
3.0773414e-08
8.8773811e-06
2.8615022e-08
8.8755135e-06
2.6626468e-08
8.8737686e-06
2.4792375e-08
8.8721376e-06
2.3097799e-08
8.8706125e-06
2.1528796e-08
8.869186e-06
2.0075322e-08
8.867851e-06
1.8731149e-08
8.8666012e-06
1.7488821e-08
8.8654307e-06
1.6338872e-08
8.8643339e-06
1.527213e-08
8.8633059e-06
1.4280961e-08
8.8623422e-06
1.3360273e-08
8.8614383e-06
1.2507624e-08
8.86059e-06
1.1718881e-08
8.8597936e-06
1.0987006e-08
8.8590457e-06
1.0305616e-08
8.8583431e-06
9.6699294e-09
8.8576831e-06
9.0768593e-09
8.8570628e-06
8.5250576e-09
8.8564797e-06
8.0128951e-09
8.8559311e-06
7.5369937e-09
8.855415e-06
7.0937146e-09
8.8549292e-06
6.680242e-09
8.8544718e-06
6.2948495e-09
8.854041e-06
5.9365225e-09
8.853635e-06
5.6019374e-09
8.8532526e-06
5.2861109e-09
8.852892e-06
4.9976108e-09
8.8525516e-06
4.7303649e-09
8.8522303e-06
4.4776571e-09
8.8519272e-06
4.2378406e-09
8.8516412e-06
4.0126347e-09
8.851371e-06
3.8043122e-09
8.8511158e-06
3.6111292e-09
8.8508743e-06
3.4330662e-09
8.8506458e-06
3.2652293e-09
8.8504295e-06
3.1069193e-09
8.8502244e-06
2.9660366e-09
8.8500304e-06
2.8219795e-09
8.8498448e-06
2.7184608e-09
8.8496742e-06
2.5155163e-09
8.8494754e-06
2.9829974e-09
1.8716418e-09
1.4088986e-05
2.5539652e-05
-1.4034491e-05
1.4068251e-05
1.765771e-05
1.3968206e-05
1.4113572e-05
1.3699521e-05
1.2280215e-05
1.3274238e-05
1.0583529e-05
1.2782683e-05
8.7990305e-06
1.2300326e-05
7.1577376e-06
1.1878766e-05
5.8625726e-06
1.1525918e-05
5.0065684e-06
1.1227475e-05
4.5051544e-06
1.0967794e-05
4.1881627e-06
1.0738329e-05
3.8780346e-06
1.0537141e-05
3.4786488e-06
1.0364467e-05
3.0052129e-06
1.0219141e-05
2.5304154e-06
1.0097751e-05
2.1164319e-06
9.9957663e-06
1.7837808e-06
9.9092012e-06
1.5167526e-06
9.8349667e-06
1.2992353e-06
9.7706464e-06
1.124546e-06
9.7146084e-06
9.7719669e-07
9.6654822e-06
8.5369636e-07
9.6220511e-06
7.5195656e-07
9.583489e-06
6.642112e-07
9.5491394e-06
5.8828105e-07
9.5184428e-06
5.2261488e-07
9.4909247e-06
4.6565831e-07
9.4661841e-06
4.1606543e-07
9.4438808e-06
3.7272619e-07
9.4237245e-06
3.3472305e-07
9.4054663e-06
3.0129237e-07
9.3888915e-06
2.7179585e-07
9.373814e-06
2.4569739e-07
9.3600723e-06
2.2254413e-07
9.3475253e-06
2.0195176e-07
9.3360494e-06
1.8359278e-07
9.3255362e-06
1.6718746e-07
9.3158901e-06
1.5249574e-07
9.3070265e-06
1.3931064e-07
9.2988708e-06
1.2745305e-07
9.2913565e-06
1.1676718e-07
9.2844247e-06
1.0711731e-07
9.2780229e-06
9.8386126e-08
9.2721041e-06
9.0473306e-08
9.2666262e-06
8.3292571e-08
9.2615511e-06
7.6766945e-08
9.2568451e-06
7.0825587e-08
9.2524774e-06
6.5404729e-08
9.2484208e-06
6.044896e-08
9.2446503e-06
5.5911913e-08
9.2411435e-06
5.1755368e-08
9.2378797e-06
4.7946668e-08
9.2348401e-06
4.4454757e-08
9.2320075e-06
4.1248271e-08
9.2293662e-06
3.8298263e-08
9.2269022e-06
3.5579867e-08
9.2246026e-06
3.3073086e-08
9.2224552e-06
3.0762343e-08
9.2204492e-06
2.8632528e-08
9.2185742e-06
2.6667382e-08
9.2168209e-06
2.4851099e-08
9.2151808e-06
2.3168889e-08
9.2136461e-06
2.1610012e-08
9.2122095e-06
2.0167762e-08
9.2108641e-06
1.8834217e-08
9.2096036e-06
1.7599379e-08
9.2084222e-06
1.6453536e-08
9.2073146e-06
1.5388548e-08
9.2062759e-06
1.4398941e-08
9.2053015e-06
1.3482054e-08
9.2043869e-06
1.26335e-08
9.203528e-06
1.1845854e-08
9.2027213e-06
1.1112336e-08
9.2019634e-06
1.0427825e-08
9.2012513e-06
9.788991e-09
9.200582e-06
9.1943717e-09
9.1999526e-06
8.6422267e-09
9.1993606e-06
8.1289805e-09
9.1988036e-06
7.6507719e-09
9.1982793e-06
7.2045728e-09
9.1977856e-06
6.7885004e-09
9.1973207e-06
6.4014655e-09
9.1968826e-06
6.0399579e-09
9.19647e-06
5.6987147e-09
9.196081e-06
5.3866778e-09
9.1957138e-06
5.0975119e-09
9.1953674e-06
4.8240884e-09
9.1950406e-06
4.564607e-09
9.1947323e-06
4.3209121e-09
9.1944413e-06
4.0953518e-09
9.1941664e-06
3.8860421e-09
9.1939065e-06
3.6930068e-09
9.1936606e-06
3.5110712e-09
9.1934281e-06
3.339437e-09
9.1932076e-06
3.186501e-09
9.1929992e-06
3.0303843e-09
9.1928e-06
2.9176406e-09
9.1926171e-06
2.698438e-09
9.1924044e-06
3.1957668e-09
2.0031926e-09
1.4484525e-05
2.5482908e-05
-1.4427781e-05
1.4470625e-05
1.7671609e-05
1.4394497e-05
1.4189701e-05
1.4167416e-05
1.2507295e-05
1.3775307e-05
1.0975639e-05
1.3298383e-05
9.2759543e-06
1.2812612e-05
7.6435081e-06
1.237389e-05
6.3012945e-06
1.2001218e-05
5.3792406e-06
1.1685341e-05
4.8210318e-06
1.1411598e-05
4.4619051e-06
1.1170811e-05
4.1188221e-06
1.0960203e-05
3.6892572e-06
1.0779481e-05
3.1859348e-06
1.0627257e-05
2.6826392e-06
1.0500015e-05
2.2436734e-06
1.0393097e-05
1.8906994e-06
1.0302343e-05
1.6075064e-06
1.02245e-05
1.377078e-06
1.0157029e-05
1.1920169e-06
1.0098223e-05
1.0360026e-06
1.0046651e-05
9.0526885e-07
1.0001034e-05
7.9757301e-07
9.9605039e-06
7.0474171e-07
9.9243732e-06
6.2441174e-07
9.8920599e-06
5.5492824e-07
9.8630695e-06
4.9464872e-07
9.8369843e-06
4.421506e-07
9.8134501e-06
3.9626042e-07
9.7921644e-06
3.5600869e-07
9.7728679e-06
3.2058887e-07
9.7553368e-06
2.8932697e-07
9.7393772e-06
2.6165697e-07
9.7248205e-06
2.3710079e-07
9.7115196e-06
2.1525272e-07
9.6993453e-06
1.9576702e-07
9.6881844e-06
1.7834837e-07
9.6779369e-06
1.6274328e-07
9.6685143e-06
1.4873318e-07
9.6598385e-06
1.3612889e-07
9.6518399e-06
1.2476583e-07
9.6444566e-06
1.145006e-07
9.6376335e-06
1.0520919e-07
9.6313214e-06
9.6785453e-08
9.6254758e-06
8.9138085e-08
9.6200571e-06
8.2185647e-08
9.6150295e-06
7.5853245e-08
9.6103607e-06
7.0073465e-08
9.606022e-06
6.4787682e-08
9.6019872e-06
5.9946756e-08
9.5982324e-06
5.5510104e-08
9.5947361e-06
5.1443037e-08
9.5914782e-06
4.771266e-08
9.5884406e-06
4.4285835e-08
9.5856069e-06
4.1131947e-08
9.5829621e-06
3.8224639e-08
9.5804926e-06
3.5542638e-08
9.5781856e-06
3.3069326e-08
9.5760295e-06
3.0788674e-08
9.5740133e-06
2.8683504e-08
9.5721273e-06
2.6737107e-08
9.5703624e-06
2.4933807e-08
9.5687103e-06
2.3262132e-08
9.5671632e-06
2.1714856e-08
9.5657139e-06
2.0283568e-08
9.5643555e-06
1.8957715e-08
9.563082e-06
1.7727018e-08
9.5618878e-06
1.6582809e-08
9.5607675e-06
1.5519201e-08
9.5597163e-06
1.4533294e-08
9.5587293e-06
1.3620438e-08
9.5578024e-06
1.2772801e-08
9.5569315e-06
1.1983189e-08
9.5561132e-06
1.1246118e-08
9.5553442e-06
1.0557999e-08
9.5546214e-06
9.9172435e-09
9.5539416e-06
9.3219911e-09
9.5533021e-06
8.76846e-09
9.5527003e-06
8.2525564e-09
9.5521339e-06
7.7710252e-09
9.5516006e-06
7.3218125e-09
9.5510983e-06
6.9037468e-09
9.5506251e-06
6.5131243e-09
9.5501794e-06
6.1443908e-09
9.5497593e-06
5.8068759e-09
9.5493628e-06
5.4939667e-09
9.5489888e-06
5.1981021e-09
9.5486361e-06
4.9173122e-09
9.5483034e-06
4.653573e-09
9.5479895e-06
4.4093152e-09
9.547693e-06
4.1825029e-09
9.5474128e-06
3.973203e-09
9.5471479e-06
3.7759516e-09
9.5468975e-06
3.5898392e-09
9.5466602e-06
3.4237826e-09
9.5464361e-06
3.2545591e-09
9.546222e-06
3.1317348e-09
9.5460255e-06
2.8949266e-09
9.5457974e-06
3.4238433e-09
2.1440167e-09
1.4890548e-05
2.5424139e-05
-1.4831778e-05
1.4882387e-05
1.7679769e-05
1.4825441e-05
1.4246647e-05
1.4638056e-05
1.269468e-05
1.4281552e-05
1.1332143e-05
1.3823303e-05
9.7342036e-06
1.3339579e-05
8.1272314e-06
1.2886539e-05
6.7543346e-06
1.2494399e-05
5.7713807e-06
1.2160421e-05
5.1550094e-06
1.187178e-05
4.7505466e-06
1.161896e-05
4.3716422e-06
1.1398375e-05
3.9098422e-06
1.1209153e-05
3.3751565e-06
1.1049643e-05
2.8421489e-06
1.0916213e-05
2.3771036e-06
1.0804071e-05
2.0028414e-06
1.0708885e-05
1.7026926e-06
1.0627227e-05
1.4587363e-06
1.0556425e-05
1.2628188e-06
1.0494692e-05
1.0977355e-06
1.0440533e-05
9.5942824e-07
1.0392605e-05
8.4550056e-07
1.0349992e-05
7.4735473e-07
1.0311976e-05
6.6242787e-07
1.027795e-05
5.8895451e-07
1.0247398e-05
5.2520021e-07
1.0219886e-05
4.6966255e-07
1.0195045e-05
4.2110198e-07
1.0172558e-05
3.7849486e-07
1.0152157e-05
3.4098999e-07
1.0133608e-05
3.0787627e-07
1.0116708e-05
2.7855656e-07
1.0101283e-05
2.5252658e-07
1.0087177e-05
2.2935837e-07
1.0074257e-05
2.0868723e-07
1.0062403e-05
1.9020164e-07
1.0051513e-05
1.7363414e-07
1.0041492e-05
1.587541e-07
1.0032259e-05
1.4536185e-07
1.0023741e-05
1.3328369e-07
1.0015873e-05
1.223682e-07
1.0008598e-05
1.1248439e-07
1.0001863e-05
1.0352004e-07
9.995623e-06
9.537858e-08
9.9898347e-06
8.7973911e-08
9.9844611e-06
8.122691e-08
9.9794682e-06
7.5066353e-08
9.9748256e-06
6.9430254e-08
9.9705058e-06
6.4266568e-08
9.9664837e-06
5.9532222e-08
9.9627363e-06
5.5190387e-08
9.9592428e-06
5.1206236e-08
9.9559838e-06
4.7544778e-08
9.9529421e-06
4.4173651e-08
9.9501018e-06
4.106494e-08
9.9474484e-06
3.8196021e-08
9.9449686e-06
3.5549176e-08
9.9426498e-06
3.3107407e-08
9.9404808e-06
3.0852575e-08
9.9384509e-06
2.8767026e-08
9.9365505e-06
2.6834159e-08
9.9347709e-06
2.5041722e-08
9.9331038e-06
2.3381938e-08
9.9315415e-06
2.1845874e-08
9.9300768e-06
2.0422398e-08
9.9287032e-06
1.9100643e-08
9.9274146e-06
1.7871378e-08
9.9262056e-06
1.6728278e-08
9.9250707e-06
1.5668186e-08
9.9240049e-06
1.4686169e-08
9.9230038e-06
1.3773974e-08
9.922063e-06
1.2923973e-08
9.9211788e-06
1.2130297e-08
9.9203477e-06
1.1389079e-08
9.9195664e-06
1.0698588e-08
9.9188315e-06
1.0056839e-08
9.9181402e-06
9.4598321e-09
9.9174895e-06
8.9032304e-09
9.916877e-06
8.3835367e-09
9.9163003e-06
7.8985101e-09
9.9157571e-06
7.4468884e-09
9.9152455e-06
7.0247656e-09
9.9147636e-06
6.6262849e-09
9.9143093e-06
6.2611777e-09
9.9138807e-06
5.9225388e-09
9.9134765e-06
5.6023529e-09
9.9130953e-06
5.2984623e-09
9.9127359e-06
5.0129808e-09
9.9123968e-06
4.7484313e-09
9.9120767e-06
4.5026131e-09
9.9117743e-06
4.2756356e-09
9.9114885e-06
4.0617367e-09
9.9112184e-06
3.8598832e-09
9.9109627e-06
3.6795358e-09
9.9107212e-06
3.4960571e-09
9.9104907e-06
3.3622123e-09
9.9102793e-06
3.1063198e-09
9.9100344e-06
3.6687175e-09
2.2950068e-09
1.5307432e-05
2.53636e-05
-1.5246894e-05
1.5304173e-05
1.7683029e-05
1.5261961e-05
1.428886e-05
1.511144e-05
1.2845201e-05
1.4793366e-05
1.1650217e-05
1.4357541e-05
1.0170029e-05
1.388029e-05
8.6044817e-06
1.3416698e-05
7.2179272e-06
1.3005999e-05
6.1820796e-06
1.2653455e-05
5.5075536e-06
1.2349087e-05
5.0549141e-06
1.2083477e-05
4.6372525e-06
1.185231e-05
4.1410094e-06
1.1654099e-05
3.573367e-06
1.1486889e-05
3.0093596e-06
1.134691e-05
2.5170826e-06
1.1229236e-05
2.1205147e-06
1.1129358e-05
1.8025707e-06
1.1043664e-05
1.5444301e-06
1.0969341e-05
1.3371423e-06
1.0904513e-05
1.1625633e-06
1.0847619e-05
1.0163227e-06
1.0797248e-05
8.9587128e-07
1.0752433e-05
7.9216983e-07
1.0712422e-05
7.0243886e-07
1.0676582e-05
6.2479432e-07
1.0644376e-05
5.5740571e-07
1.0615352e-05
4.9868742e-07
1.0589123e-05
4.4733092e-07
1.0565361e-05
4.0225611e-07
1.0543786e-05
3.6256531e-07
1.0524154e-05
3.2750877e-07
1.0506253e-05
2.9645701e-07
1.0489901e-05
2.688785e-07
1.0474937e-05
2.4432215e-07
1.0461221e-05
2.2240357e-07
1.0448628e-05
2.0279435e-07
1.043705e-05
1.8521257e-07
1.0426389e-05
1.69415e-07
1.041656e-05
1.5519109e-07
1.0407486e-05
1.4235762e-07
1.0399099e-05
1.3075485e-07
1.0391339e-05
1.2024446e-07
1.0384151e-05
1.1070794e-07
1.0377487e-05
1.0204319e-07
1.0371301e-05
9.4159243e-08
1.0365556e-05
8.697256e-08
1.0360214e-05
8.040794e-08
1.0355244e-05
7.4399882e-08
1.0350618e-05
6.8893293e-08
1.0346307e-05
6.3842482e-08
1.0342289e-05
5.9208366e-08
1.0338542e-05
5.4954085e-08
1.0335044e-05
5.1042708e-08
1.0331777e-05
4.7440053e-08
1.0328726e-05
4.4116563e-08
1.0325873e-05
4.1048198e-08
1.0323207e-05
3.821607e-08
1.0320712e-05
3.5602159e-08
1.0318377e-05
3.3187319e-08
1.0316191e-05
3.0952912e-08
1.0314144e-05
2.8881365e-08
1.0312226e-05
2.6959605e-08
1.0310429e-05
2.517926e-08
1.0308744e-05
2.3530849e-08
1.0307164e-05
2.2002631e-08
1.0305681e-05
2.0583127e-08
1.030429e-05
1.9262513e-08
1.0302984e-05
1.8033997e-08
1.0301758e-05
1.6894139e-08
1.0300607e-05
1.583771e-08
1.0299525e-05
1.485602e-08
1.0298508e-05
1.3940984e-08
1.0297552e-05
1.3086325e-08
1.0296653e-05
1.2287876e-08
1.0295808e-05
1.1543753e-08
1.0295013e-05
1.0851833e-08
1.0294265e-05
1.0207891e-08
1.0293561e-05
9.6073324e-09
1.0292898e-05
9.0464041e-09
1.0292274e-05
8.5226603e-09
1.0291686e-05
8.0347389e-09
1.0291132e-05
7.5785226e-09
1.029061e-05
7.1478394e-09
1.0290119e-05
6.7528391e-09
1.0289655e-05
6.3863077e-09
1.0289218e-05
6.0397529e-09
1.0288805e-05
5.7108089e-09
1.0288416e-05
5.401733e-09
1.028805e-05
5.1151516e-09
1.0287704e-05
4.8486859e-09
1.0287377e-05
4.6024863e-09
1.0287068e-05
4.3704839e-09
1.0286776e-05
4.151508e-09
1.02865e-05
3.9555882e-09
1.028624e-05
3.7565961e-09
1.0285991e-05
3.6106985e-09
1.0285764e-05
3.3340989e-09
1.02855e-05
3.9320412e-09
2.4571522e-09
1.5735577e-05
2.5301612e-05
-1.5673588e-05
1.5736494e-05
1.7682112e-05
1.5705357e-05
1.4319997e-05
1.5587918e-05
1.296264e-05
1.5310565e-05
1.192757e-05
1.4900628e-05
1.0579966e-05
1.4433489e-05
9.0716202e-06
1.3964065e-05
7.6873517e-06
1.3536442e-05
6.6097027e-06
1.3165157e-05
5.8788378e-06
1.2844289e-05
5.3757824e-06
1.2565094e-05
4.9164477e-06
1.2322689e-05
4.3834147e-06
1.2114959e-05
3.7810967e-06
1.1939601e-05
3.1847179e-06
1.1792687e-05
2.6639957e-06
1.1669153e-05
2.2440488e-06
1.1564306e-05
1.9074177e-06
1.1474343e-05
1.6343932e-06
1.1396297e-05
1.4151891e-06
1.1328197e-05
1.230663e-06
1.1268411e-05
1.0761082e-06
1.1215459e-05
9.4882393e-07
1.1168316e-05
8.3931238e-07
1.1126196e-05
7.4455925e-07
1.1088437e-05
6.62553e-07
1.105448e-05
5.9136249e-07
1.1023852e-05
5.2931535e-07
1.0996152e-05
4.7503103e-07
1.0971038e-05
4.2737054e-07
1.0948215e-05
3.8538774e-07
1.0927431e-05
3.4829266e-07
1.0908466e-05
3.1542219e-07
1.0891128e-05
2.8621643e-07
1.087525e-05
2.6020026e-07
1.0860685e-05
2.3696881e-07
1.0847303e-05
2.1617614e-07
1.083499e-05
1.9752524e-07
1.0823646e-05
1.8075982e-07
1.0813179e-05
1.6565799e-07
1.080351e-05
1.5202663e-07
1.0794567e-05
1.3969729e-07
1.0786288e-05
1.2852409e-07
1.0778614e-05
1.1838189e-07
1.0771494e-05
1.0916283e-07
1.0764882e-05
1.0077085e-07
1.0758737e-05
9.3117804e-08
1.0753021e-05
8.6124336e-08
1.0747699e-05
7.9721269e-08
1.0742742e-05
7.3850314e-08
1.0738122e-05
6.8463026e-08
1.0733812e-05
6.3517942e-08
1.072979e-05
5.8976071e-08
1.0726035e-05
5.479845e-08
1.0722526e-05
5.0948993e-08
1.0719246e-05
4.7396422e-08
1.0716179e-05
4.4115202e-08
1.071331e-05
4.108521e-08
1.0710624e-05
3.8287344e-08
1.070811e-05
3.5701406e-08
1.0705756e-05
3.3307725e-08
1.0703549e-05
3.1087717e-08
1.0701481e-05
2.9027436e-08
1.0699543e-05
2.7117876e-08
1.0697725e-05
2.5348971e-08
1.0696019e-05
2.370835e-08
1.0694418e-05
2.2183888e-08
1.0692915e-05
2.0765143e-08
1.0691505e-05
1.9444821e-08
1.069018e-05
1.8219177e-08
1.0688935e-05
1.7082667e-08
1.0687765e-05
1.6026147e-08
1.0686664e-05
1.5041053e-08
1.068563e-05
1.4120677e-08
1.0684657e-05
1.3260527e-08
1.0683743e-05
1.2458554e-08
1.0682882e-05
1.1712485e-08
1.0682072e-05
1.1017856e-08
1.068131e-05
1.0369808e-08
1.0680592e-05
9.7643129e-09
1.0679916e-05
9.1987014e-09
1.0679279e-05
8.6715013e-09
1.0678679e-05
8.1783741e-09
1.0678114e-05
7.71282e-09
1.0677581e-05
7.2854242e-09
1.0677079e-05
6.8886472e-09
1.0676605e-05
6.513495e-09
1.0676159e-05
6.1573711e-09
1.0675738e-05
5.8226817e-09
1.0675341e-05
5.5121708e-09
1.0674966e-05
5.2232661e-09
1.0674613e-05
4.9561574e-09
1.0674279e-05
4.7044608e-09
1.0673963e-05
4.4668523e-09
1.0673665e-05
4.2539571e-09
1.0673383e-05
4.0380735e-09
1.0673115e-05
3.878991e-09
1.0672869e-05
3.5799038e-09
1.0672586e-05
4.2156441e-09
2.6315483e-09
1.617542e-05
2.5238571e-05
-1.6112379e-05
1.6179787e-05
1.7677745e-05
1.6156989e-05
1.4342795e-05
1.6068182e-05
1.3051447e-05
1.5832256e-05
1.2163496e-05
1.5451236e-05
1.0960986e-05
1.4997818e-05
9.5250378e-06
1.4528008e-05
8.157162e-06
1.4085992e-05
7.0517185e-06
1.3696199e-05
6.2686312e-06
1.3358165e-05
5.7138163e-06
1.3064571e-05
5.2100414e-06
1.2810221e-05
4.6377644e-06
1.2592397e-05
3.9989212e-06
1.240841e-05
3.3687052e-06
1.2254149e-05
2.8182559e-06
1.2124402e-05
2.3737959e-06
1.201429e-05
2.0175295e-06
1.1919809e-05
1.7288747e-06
1.1837825e-05
1.4971731e-06
1.1766266e-05
1.3022219e-06
1.1703425e-05
1.1389495e-06
1.1647744e-05
1.0045045e-06
1.1598143e-05
8.8891389e-07
1.1553793e-05
7.8890903e-07
1.1514005e-05
7.0234078e-07
1.1478195e-05
6.2717231e-07
1.144587e-05
5.6164065e-07
1.1416611e-05
5.0429e-07
1.1390062e-05
4.539199e-07
1.1365916e-05
4.0953367e-07
1.1343909e-05
3.7029944e-07
1.1323812e-05
3.3551909e-07
1.1305425e-05
3.0460323e-07
1.1288574e-05
2.7705175e-07
1.1273104e-05
2.5243846e-07
1.1258881e-05
2.3039923e-07
1.1245785e-05
2.1062132e-07
1.123371e-05
1.9283489e-07
1.1222562e-05
1.7680622e-07
1.1212256e-05
1.6233188e-07
1.1202719e-05
1.4923441e-07
1.1193883e-05
1.3735998e-07
1.1185689e-05
1.2657656e-07
1.1178081e-05
1.1677026e-07
1.1171012e-05
1.0783972e-07
1.1164438e-05
9.969196e-08
1.1158319e-05
9.2243289e-08
1.115262e-05
8.5420688e-08
1.1147308e-05
7.9162519e-08
1.1142353e-05
7.3417437e-08
1.113773e-05
6.8141473e-08
1.1133412e-05
6.3293393e-08
1.1129379e-05
5.8832109e-08
1.1125608e-05
5.4719541e-08
1.1122082e-05
5.0922608e-08
1.1118783e-05
4.7414202e-08
1.1115695e-05
4.4172888e-08
1.1112804e-05
4.1178424e-08
1.1110096e-05
3.8409507e-08
1.1107558e-05
3.5845391e-08
1.110518e-05
3.3466428e-08
1.1102949e-05
3.1257756e-08
1.1100858e-05
2.9209686e-08
1.1098895e-05
2.7311534e-08
1.1097053e-05
2.5550268e-08
1.1095324e-05
2.3913093e-08
1.10937e-05
2.2388913e-08
1.1092175e-05
2.0969902e-08
1.1090742e-05
1.9651981e-08
1.1089396e-05
1.8429274e-08
1.108813e-05
1.7292165e-08
1.1086939e-05
1.6231589e-08
1.1085819e-05
1.5240379e-08
1.1084766e-05
1.4313697e-08
1.1083776e-05
1.3449311e-08
1.1082843e-05
1.2644786e-08
1.1081966e-05
1.189541e-08
1.1081139e-05
1.1196044e-08
1.1080361e-05
1.0542369e-08
1.1079629e-05
9.931474e-09
1.1078938e-05
9.3617629e-09
1.1078288e-05
8.8286664e-09
1.1077676e-05
8.3253426e-09
1.1077098e-05
7.8628315e-09
1.1076554e-05
7.4332503e-09
1.107604e-05
7.0270774e-09
1.1075556e-05
6.6414594e-09
1.10751e-05
6.2789575e-09
1.1074669e-05
5.9424482e-09
1.1074263e-05
5.6291509e-09
1.107388e-05
5.339292e-09
1.1073519e-05
5.0661642e-09
1.1073177e-05
4.8082736e-09
1.1072854e-05
4.576868e-09
1.107255e-05
4.3425852e-09
1.107226e-05
4.1690764e-09
1.1071994e-05
3.8455488e-09
1.1071688e-05
4.5215522e-09
2.8194083e-09
1.6627481e-05
2.5174931e-05
-1.656384e-05
1.6634407e-05
1.7670819e-05
1.6618027e-05
1.4359175e-05
1.6553089e-05
1.3116384e-05
1.6357774e-05
1.2358811e-05
1.6009217e-05
1.1309543e-05
1.5573064e-05
9.9611903e-06
1.510763e-05
8.6225962e-06
1.46547e-05
7.5046491e-06
1.4247169e-05
6.6761616e-06
1.3891493e-05
6.0694922e-06
1.3582698e-05
5.5188373e-06
1.3315652e-05
4.9048099e-06
1.3087109e-05
4.2274645e-06
1.2893972e-05
3.561842e-06
1.273192e-05
2.9803076e-06
1.2595582e-05
2.5101343e-06
1.2479888e-05
2.1332238e-06
1.2380622e-05
1.8281407e-06
1.2294473e-05
1.5833212e-06
1.2219257e-05
1.3774381e-06
1.2153186e-05
1.2050204e-06
1.2094624e-05
1.0630666e-06
1.2042426e-05
9.4111239e-07
1.1995721e-05
8.3561387e-07
1.1953789e-05
7.44273e-07
1.191602e-05
6.6494158e-07
1.1881898e-05
5.957619e-07
1.1850989e-05
5.3519952e-07
1.1822919e-05
4.8198969e-07
1.179737e-05
4.3508301e-07
1.1774065e-05
3.9360396e-07
1.1752766e-05
3.5681792e-07
1.1733265e-05
3.2410483e-07
1.1715378e-05
2.9493859e-07
1.1698945e-05
2.6887085e-07
1.1683826e-05
2.4551853e-07
1.1669895e-05
2.2455257e-07
1.1657041e-05
2.0568899e-07
1.1645165e-05
1.8868181e-07
1.163418e-05
1.7331685e-07
1.1624007e-05
1.5940725e-07
1.1614576e-05
1.4679092e-07
1.1605824e-05
1.3532863e-07
1.1597694e-05
1.249002e-07
1.1590135e-05
1.153987e-07
1.1583101e-05
1.0672613e-07
1.157655e-05
9.8794259e-08
1.1570445e-05
9.152606e-08
1.1564751e-05
8.4856376e-08
1.1559438e-05
7.8730818e-08
1.1554476e-05
7.3102775e-08
1.1549841e-05
6.7928651e-08
1.1545508e-05
6.3165136e-08
1.1541456e-05
5.8772062e-08
1.1537664e-05
5.4714461e-08
1.1534114e-05
5.0963563e-08
1.1530791e-05
4.7496547e-08
1.1527677e-05
4.4291966e-08
1.1524759e-05
4.1327359e-08
1.1522024e-05
3.8580854e-08
1.1519459e-05
3.6031695e-08
1.1517052e-05
3.3664048e-08
1.1514794e-05
3.1467497e-08
1.1512675e-05
2.94307e-08
1.1510686e-05
2.7539936e-08
1.1508817e-05
2.5781709e-08
1.1507062e-05
2.4144236e-08
1.1505413e-05
2.2619125e-08
1.1503863e-05
2.1201937e-08
1.1502405e-05
1.988644e-08
1.1501035e-05
1.8662529e-08
1.1499746e-05
1.7520616e-08
1.1498533e-05
1.6453048e-08
1.1497392e-05
1.5454616e-08
1.1496319e-05
1.4522885e-08
1.1495308e-05
1.3655248e-08
1.1494357e-05
1.2846729e-08
1.1493461e-05
1.2091901e-08
1.1492617e-05
1.1386134e-08
1.1491823e-05
1.0726253e-08
1.1491074e-05
1.0110527e-08
1.1490368e-05
9.5341429e-09
1.1489704e-05
8.9899031e-09
1.1489077e-05
8.4893226e-09
1.1488486e-05
8.0241574e-09
1.1487929e-05
7.58433e-09
1.1487404e-05
7.1667016e-09
1.1486909e-05
6.7739933e-09
1.1486442e-05
6.4092325e-09
1.1486002e-05
6.0694135e-09
1.1485586e-05
5.7547964e-09
1.1485194e-05
5.458342e-09
1.1484824e-05
5.1783685e-09
1.1484474e-05
4.9267747e-09
1.1484144e-05
4.6724437e-09
1.148383e-05
4.4831493e-09
1.1483543e-05
4.1330397e-09
1.1483212e-05
4.8520076e-09
3.0220748e-09
1.7092319e-05
2.5110928e-05
-1.7028316e-05
1.7101031e-05
1.7662107e-05
1.7089502e-05
1.4370703e-05
1.704358e-05
1.3162307e-05
1.6886726e-05
1.2515665e-05
1.6574801e-05
1.1621469e-05
1.6159285e-05
1.0376705e-05
1.5701731e-05
9.080151e-06
1.5242295e-05
7.9640848e-06
1.4818538e-05
7.0999188e-06
1.4445032e-05
6.4429985e-06
1.4120284e-05
5.8435851e-06
1.3839757e-05
5.1853364e-06
1.3599822e-05
4.4674001e-06
1.3396972e-05
3.7646916e-06
1.322665e-05
3.1506296e-06
1.3083313e-05
2.6534712e-06
1.2961695e-05
2.2548418e-06
1.2857359e-05
1.9324764e-06
1.2766805e-05
1.6738754e-06
1.2687722e-05
1.4565215e-06
1.2618237e-05
1.2745048e-06
1.2556632e-05
1.1246722e-06
1.2501691e-05
9.9605288e-07
1.24525e-05
8.8480549e-07
1.2408302e-05
7.8847037e-07
1.2368462e-05
7.0478156e-07
1.2332442e-05
6.3178217e-07
1.2299786e-05
5.678554e-07
1.2270107e-05
5.116693e-07
1.224307e-05
4.6211936e-07
1.221839e-05
4.1828451e-07
1.2195815e-05
3.7939217e-07
1.217513e-05
3.4479031e-07
1.2156143e-05
3.1392577e-07
1.2138686e-05
2.8632718e-07
1.2122613e-05
2.6159172e-07
1.2107792e-05
2.3937339e-07
1.2094108e-05
2.1937349e-07
1.2081456e-05
2.0133326e-07
1.2069746e-05
1.8502737e-07
1.2058894e-05
1.7025914e-07
1.2048827e-05
1.568579e-07
1.2039479e-05
1.4467688e-07
1.203079e-05
1.3358935e-07
1.2022706e-05
1.2348256e-07
1.2015179e-05
1.1425326e-07
1.2008164e-05
1.0580849e-07
1.2001623e-05
9.806702e-08
1.199552e-05
9.0960007e-08
1.1989821e-05
8.4429863e-08
1.1984496e-05
7.8427192e-08
1.1979519e-05
7.2905917e-08
1.1974864e-05
6.7820398e-08
1.1970508e-05
6.3128286e-08
1.1966429e-05
5.8792628e-08
1.196261e-05
5.4782912e-08
1.1959032e-05
5.1074845e-08
1.1955678e-05
4.7645707e-08
1.1952534e-05
4.4471822e-08
1.1949584e-05
4.1530144e-08
1.1946817e-05
3.8798755e-08
1.1944221e-05
3.6260798e-08
1.1941783e-05
3.3905077e-08
1.1939494e-05
3.1719557e-08
1.1937344e-05
2.9689791e-08
1.1935324e-05
2.7801554e-08
1.1933426e-05
2.6042344e-08
1.1931642e-05
2.4403163e-08
1.1929965e-05
2.2879183e-08
1.1928388e-05
2.1463798e-08
1.1926904e-05
2.014639e-08
1.1925508e-05
1.8916826e-08
1.1924194e-05
1.776694e-08
1.1922957e-05
1.6691124e-08
1.1921793e-05
1.5686722e-08
1.1920698e-05
1.475094e-08
1.1919666e-05
1.3878527e-08
1.1918694e-05
1.3063752e-08
1.1917778e-05
1.2301658e-08
1.1916916e-05
1.1588783e-08
1.1916103e-05
1.0923246e-08
1.1915337e-05
1.0299977e-08
1.1914616e-05
9.7114086e-09
1.1913936e-05
9.1695526e-09
1.1913294e-05
8.6657849e-09
1.1912689e-05
8.1894427e-09
1.1912119e-05
7.7370696e-09
1.1911581e-05
7.3115512e-09
1.1911074e-05
6.9160864e-09
1.1910596e-05
6.5474273e-09
1.1910145e-05
6.2058634e-09
1.1909719e-05
5.8840159e-09
1.1909318e-05
5.5799953e-09
1.1908938e-05
5.3063805e-09
1.190858e-05
5.0301993e-09
1.190824e-05
4.8236318e-09
1.1907928e-05
4.4445926e-09
1.1907571e-05
5.2094898e-09
3.2410331e-09
1.7570388e-05
2.5046645e-05
-1.7506105e-05
1.7580296e-05
1.7652198e-05
1.7572338e-05
1.4378661e-05
1.7540736e-05
1.3193909e-05
1.7419065e-05
1.2637337e-05
1.7147205e-05
1.1893329e-05
1.6755459e-05
1.0768452e-05
1.6308896e-05
9.5267143e-06
1.5848136e-05
8.424844e-06
1.5410601e-05
7.537454e-06
1.5019487e-05
6.8341124e-06
1.4678154e-05
6.1849183e-06
1.4383348e-05
5.4801429e-06
1.4131298e-05
4.7194492e-06
1.3918126e-05
3.9778639e-06
1.3739016e-05
3.3297396e-06
1.3588242e-05
2.8042458e-06
1.3460331e-05
2.3827519e-06
1.335062e-05
2.042188e-06
1.3255401e-05
1.7690937e-06
1.3172227e-05
1.5396955e-06
1.3099135e-05
1.3475975e-06
1.3034315e-05
1.1894924e-06
1.297648e-05
1.0538879e-06
1.2924663e-05
9.3662208e-07
1.2878074e-05
8.3505931e-07
1.2836047e-05
7.4680865e-07
1.279802e-05
6.6980917e-07
1.2763517e-05
6.0235779e-07
1.2732135e-05
5.4305211e-07
1.2703524e-05
4.9073005e-07
1.2677385e-05
4.44423e-07
1.2653459e-05
4.0331873e-07
1.2631517e-05
3.6673197e-07
1.2611362e-05
3.3408139e-07
1.2592817e-05
3.0487162e-07
1.257573e-05
2.7867936e-07
1.2559962e-05
2.5514094e-07
1.2545393e-05
2.3394237e-07
1.2531915e-05
2.148116e-07
1.251943e-05
1.9751169e-07
1.2507854e-05
1.8183575e-07
1.2497108e-05
1.6760415e-07
1.2487122e-05
1.5466227e-07
1.2477835e-05
1.4287653e-07
1.246919e-05
1.3212811e-07
1.2461135e-05
1.2230826e-07
1.2453624e-05
1.133191e-07
1.2446616e-05
1.05075e-07
1.2440073e-05
9.750326e-08
1.243396e-05
9.0542926e-08
1.2428245e-05
8.4141671e-08
1.24229e-05
7.8250805e-08
1.2417898e-05
7.2822249e-08
1.2413215e-05
6.7811371e-08
1.2408829e-05
6.317914e-08
1.2404718e-05
5.8893206e-08
1.2400866e-05
5.4927719e-08
1.2397253e-05
5.1258617e-08
1.2393864e-05
4.7860948e-08
1.2390683e-05
4.4710435e-08
1.2387698e-05
4.1783947e-08
1.2384895e-05
3.9063551e-08
1.2382263e-05
3.6537218e-08
1.2379791e-05
3.4192175e-08
1.2377467e-05
3.2013217e-08
1.2375283e-05
2.9985357e-08
1.237323e-05
2.809534e-08
1.23713e-05
2.6333527e-08
1.2369485e-05
2.4694665e-08
1.2367777e-05
2.3171751e-08
1.2366169e-05
2.1753638e-08
1.2364657e-05
2.042962e-08
1.2363232e-05
1.9190992e-08
1.2361892e-05
1.8031716e-08
1.236063e-05
1.6948896e-08
1.2359441e-05
1.5939536e-08
1.2358322e-05
1.4998094e-08
1.2357267e-05
1.4118523e-08
1.2356273e-05
1.3295521e-08
1.2355336e-05
1.2525316e-08
1.2354454e-05
1.1805857e-08
1.2353622e-05
1.1131807e-08
1.2352838e-05
1.0495211e-08
1.2352099e-05
9.9086023e-09
1.2351402e-05
9.3629571e-09
1.2350744e-05
8.8469959e-09
1.2350125e-05
8.3569091e-09
1.234954e-05
7.8957506e-09
1.2348989e-05
7.4669144e-09
1.234847e-05
7.0668925e-09
1.234798e-05
6.6959983e-09
1.2347517e-05
6.3465062e-09
1.2347081e-05
6.0162973e-09
1.2346669e-05
5.7186613e-09
1.234628e-05
5.4186622e-09
1.2345911e-05
5.1931957e-09
1.2345573e-05
4.7826541e-09
1.2345185e-05
5.5967397e-09
3.4779253e-09
1.8062085e-05
2.4982083e-05
-1.7997523e-05
1.8072833e-05
1.764145e-05
1.8067363e-05
1.4384131e-05
1.8046007e-05
1.3215265e-05
1.7955226e-05
1.2728118e-05
1.7725144e-05
1.212341e-05
1.7360953e-05
1.1132643e-05
1.6928463e-05
9.9592034e-06
1.6471273e-05
8.8820348e-06
1.6023402e-05
7.9853244e-06
1.5615479e-05
7.2420358e-06
1.5257129e-05
6.5432686e-06
1.4947262e-05
5.790009e-06
1.4682339e-05
4.9843732e-06
1.4458185e-05
4.2020169e-06
1.4269727e-05
3.5181977e-06
1.411104e-05
2.9629334e-06
1.3976439e-05
2.5173525e-06
1.3861021e-05
2.1576062e-06
1.3760862e-05
1.869253e-06
1.3673359e-05
1.627198e-06
1.3596451e-05
1.4245054e-06
1.3528235e-05
1.2577083e-06
1.3467345e-05
1.1147783e-06
1.3412758e-05
9.9120877e-07
1.3363645e-05
8.8417229e-07
1.3319309e-05
7.9114466e-07
1.3279163e-05
7.0995554e-07
1.324271e-05
6.3881128e-07
1.3209526e-05
5.7623568e-07
1.317925e-05
5.2100634e-07
1.3151568e-05
4.7210497e-07
1.3126208e-05
4.28678e-07
1.3102935e-05
3.9000547e-07
1.308154e-05
3.5547671e-07
1.306184e-05
3.2457141e-07
1.3043674e-05
2.9684491e-07
1.30269e-05
2.7191518e-07
1.301139e-05
2.4945234e-07
1.2997031e-05
2.2917049e-07
1.2983722e-05
2.108206e-07
1.2971373e-05
1.9418517e-07
1.2959902e-05
1.7907523e-07
1.2949236e-05
1.65328e-07
1.293931e-05
1.5280271e-07
1.2930064e-05
1.4137421e-07
1.2921444e-05
1.3092804e-07
1.2913402e-05
1.2136114e-07
1.2905894e-05
1.125833e-07
1.2898879e-05
1.0451778e-07
1.2892322e-05
9.7100097e-08
1.2886189e-05
9.0274829e-08
1.2880449e-05
8.3990541e-08
1.2875075e-05
7.8196598e-08
1.287004e-05
7.2845978e-08
1.2865322e-05
6.7897471e-08
1.2860898e-05
6.3316796e-08
1.2856749e-05
5.9076456e-08
1.2852857e-05
5.5150966e-08
1.2849204e-05
5.1514037e-08
1.2845774e-05
4.8140107e-08
1.2842554e-05
4.5004777e-08
1.2839528e-05
4.2088977e-08
1.2836686e-05
3.9379792e-08
1.2834014e-05
3.6863665e-08
1.2831503e-05
3.4524599e-08
1.2829141e-05
3.2346812e-08
1.282692e-05
3.0316259e-08
1.2824831e-05
2.8422621e-08
1.2822866e-05
2.6660187e-08
1.2821016e-05
2.5021533e-08
1.2819275e-05
2.3494958e-08
1.2817635e-05
2.2069164e-08
1.2816091e-05
2.0734871e-08
1.2814637e-05
1.9485588e-08
1.2813268e-05
1.8318154e-08
1.2811978e-05
1.7229352e-08
1.2810763e-05
1.6213338e-08
1.2809618e-05
1.5263734e-08
1.2808538e-05
1.4374873e-08
1.2807521e-05
1.3542648e-08
1.2806562e-05
1.2764821e-08
1.2805658e-05
1.2035773e-08
1.2804806e-05
1.1347142e-08
1.2804003e-05
1.0712013e-08
1.2803245e-05
1.0120939e-08
1.280253e-05
9.561992e-09
1.2801856e-05
9.0309704e-09
1.280122e-05
8.5310983e-09
1.2800621e-05
8.0659918e-09
1.2800056e-05
7.6318639e-09
1.2799523e-05
7.229046e-09
1.279902e-05
6.849458e-09
1.2798546e-05
6.4907286e-09
1.2798098e-05
6.1668902e-09
1.2797675e-05
5.8409263e-09
1.2797274e-05
5.594785e-09
1.2796907e-05
5.1499229e-09
1.2796487e-05
6.0167843e-09
3.7345661e-09
1.8567773e-05
2.4917215e-05
-1.8502904e-05
1.8579063e-05
1.7630159e-05
1.8575278e-05
1.4387917e-05
1.8561011e-05
1.3229531e-05
1.849612e-05
1.2793009e-05
1.8307625e-05
1.2311905e-05
1.797588e-05
1.1464388e-05
1.7560553e-05
1.037453e-05
1.7110441e-05
9.3321466e-06
1.6656617e-05
8.439149e-06
1.6233488e-05
7.6651646e-06
1.5858001e-05
6.9187555e-06
1.5532364e-05
6.1156458e-06
1.5253778e-05
5.2629589e-06
1.5017939e-05
4.4378565e-06
1.4819527e-05
3.71661e-06
1.4652411e-05
3.1300494e-06
1.4510687e-05
2.6590757e-06
1.4389205e-05
2.2790883e-06
1.4283807e-05
1.9746508e-06
1.4191722e-05
1.7192833e-06
1.4110778e-05
1.5054491e-06
1.4038975e-05
1.3295118e-06
1.3974859e-05
1.1788937e-06
1.391735e-05
1.0487182e-06
1.3865574e-05
9.3594828e-07
1.3818801e-05
8.379171e-07
1.3776418e-05
7.5233902e-07
1.3737904e-05
6.773252e-07
1.3702818e-05
6.113219e-07
1.3670781e-05
5.5304353e-07
1.3641466e-05
5.014198e-07
1.361459e-05
4.5555396e-07
1.3589905e-05
4.1468986e-07
1.3567196e-05
3.7818628e-07
1.354627e-05
3.4549691e-07
1.352696e-05
3.1615486e-07
1.3509117e-05
2.89759e-07
1.3492606e-05
2.659629e-07
1.347731e-05
2.4446625e-07
1.3463123e-05
2.2500747e-07
1.3449951e-05
2.0735799e-07
1.3437707e-05
1.9131914e-07
1.3426315e-05
1.767196e-07
1.3415707e-05
1.6341112e-07
1.3405819e-05
1.5126192e-07
1.3396595e-05
1.4015158e-07
1.3387985e-05
1.2997166e-07
1.3379941e-05
1.2062715e-07
1.3372422e-05
1.1203709e-07
1.3365389e-05
1.0413327e-07
1.3358806e-05
9.6857031e-08
1.3352643e-05
9.0154037e-08
1.3346869e-05
8.3970981e-08
1.3341456e-05
7.8258337e-08
1.3336381e-05
7.2972615e-08
1.333162e-05
6.8077499e-08
1.3327153e-05
6.3543754e-08
1.332296e-05
5.9344391e-08
1.3319022e-05
5.5451715e-08
1.3315323e-05
5.1838818e-08
1.3311848e-05
4.8479978e-08
1.3308582e-05
4.5354931e-08
1.3305512e-05
4.2449815e-08
1.3302625e-05
3.9750245e-08
1.3299911e-05
3.7239389e-08
1.3297357e-05
3.4900639e-08
1.3294954e-05
3.2719123e-08
1.3292693e-05
3.0683801e-08
1.3290565e-05
2.8788469e-08
1.3288561e-05
2.7025254e-08
1.3286674e-05
2.5381882e-08
1.3284897e-05
2.3846433e-08
1.3283222e-05
2.2409029e-08
1.3281645e-05
2.1062688e-08
1.328016e-05
1.9803963e-08
1.3278759e-05
1.86294e-08
1.327744e-05
1.7532833e-08
1.3276196e-05
1.6507542e-08
1.3275024e-05
1.5547475e-08
1.3273918e-05
1.4648163e-08
1.3272876e-05
1.3807163e-08
1.3271893e-05
1.3018554e-08
1.3270967e-05
1.2273553e-08
1.3270093e-05
1.1585821e-08
1.3269268e-05
1.0945471e-08
1.326849e-05
1.0339891e-08
1.3267757e-05
9.764442e-09
1.3267065e-05
9.2225207e-09
1.3266413e-05
8.7179957e-09
1.3265798e-05
8.2467816e-09
1.3265218e-05
7.8092199e-09
1.3264671e-05
7.3968693e-09
1.3264155e-05
7.0070815e-09
1.3263667e-05
6.654664e-09
1.3263207e-05
6.3003947e-09
1.326277e-05
6.0316412e-09
1.3262371e-05
5.5493732e-09
1.3261915e-05
6.4729641e-09
4.012959e-09
1.908779e-05
2.4852027e-05
-1.9022601e-05
1.9099352e-05
1.7618597e-05
1.9096716e-05
1.4390552e-05
1.9087266e-05
1.3238981e-05
1.904294e-05
1.2837336e-05
1.8894046e-05
1.2460799e-05
1.8599676e-05
1.1758758e-05
1.8204594e-05
1.0769612e-05
1.7764182e-05
9.7725587e-06
1.7309517e-05
8.8938144e-06
1.6873792e-05
8.1008893e-06
1.64815e-05
7.3110479e-06
1.6139522e-05
6.4576234e-06
1.5846489e-05
5.5559923e-06
1.5598214e-05
4.6861307e-06
1.5389194e-05
3.9256308e-06
1.521309e-05
3.3061529e-06
1.5063775e-05
2.8083913e-06
1.493584e-05
2.4070227e-06
1.4824882e-05
2.0856087e-06
1.4727941e-05
1.8162246e-06
1.4642726e-05
1.5906642e-06
1.456713e-05
1.4051073e-06
1.449961e-05
1.246414e-06
1.4439017e-05
1.1093113e-06
1.4384432e-05
9.9053327e-07
1.433509e-05
8.8725968e-07
1.4290346e-05
7.9708288e-07
1.4249657e-05
7.1801381e-07
1.4212562e-05
6.484172e-07
1.4178664e-05
5.8694112e-07
1.4147623e-05
5.3246079e-07
1.4119143e-05
4.8403432e-07
1.4092965e-05
4.4086776e-07
1.4068863e-05
4.0228803e-07
1.4046638e-05
3.6772171e-07
1.4026115e-05
3.3667879e-07
1.4007135e-05
3.0873824e-07
1.3989562e-05
2.835364e-07
1.397327e-05
2.60758e-07
1.3958149e-05
2.4012835e-07
1.39441e-05
2.214074e-07
1.3931033e-05
2.0438635e-07
1.3918867e-05
1.8888499e-07
1.3907531e-05
1.7474728e-07
1.3896958e-05
1.6183451e-07
1.388709e-05
1.5002004e-07
1.3877872e-05
1.3918983e-07
1.3869255e-05
1.2924383e-07
1.3861196e-05
1.2009667e-07
1.3853653e-05
1.1167624e-07
1.3846589e-05
1.0392046e-07
1.3839971e-05
9.6771962e-08
1.3833768e-05
9.0174629e-08
1.382795e-05
8.4076321e-08
1.3822491e-05
7.843115e-08
1.3817368e-05
7.3200668e-08
1.3812558e-05
6.8353797e-08
1.380804e-05
6.3861961e-08
1.3803796e-05
5.9695987e-08
1.3799807e-05
5.5827562e-08
1.3796058e-05
5.222958e-08
1.3792532e-05
4.888052e-08
1.3789216e-05
4.5765515e-08
1.3786097e-05
4.2869297e-08
1.3783163e-05
4.0174165e-08
1.37804e-05
3.7662644e-08
1.3777801e-05
3.5319e-08
1.3775353e-05
3.3131433e-08
1.3773048e-05
3.1093204e-08
1.3770878e-05
2.9195963e-08
1.3768833e-05
2.7426842e-08
1.3766906e-05
2.5773275e-08
1.376509e-05
2.422475e-08
1.3763379e-05
2.2773768e-08
1.3761766e-05
2.1416565e-08
1.3760246e-05
2.0149432e-08
1.3758813e-05
1.8965866e-08
1.3757462e-05
1.7858789e-08
1.3756188e-05
1.6821745e-08
1.3754986e-05
1.5849877e-08
1.3753853e-05
1.4940511e-08
1.3752784e-05
1.408741e-08
1.3751776e-05
1.328135e-08
1.3750825e-05
1.25366e-08
1.3749928e-05
1.1842808e-08
1.3749081e-05
1.1186644e-08
1.3748283e-05
1.0562985e-08
1.374753e-05
9.9753978e-09
1.374682e-05
9.428038e-09
1.374615e-05
8.9165025e-09
1.3745518e-05
8.441133e-09
1.3744922e-05
7.9931215e-09
1.3744359e-05
7.5695153e-09
1.3743828e-05
7.1859313e-09
1.3743328e-05
6.800807e-09
1.3742852e-05
6.50733e-09
1.3742417e-05
5.9842793e-09
1.3741921e-05
6.9689624e-09
4.3153145e-09
1.9622642e-05
2.4786363e-05
-1.9556978e-05
1.9634387e-05
1.7606852e-05
1.9632437e-05
1.4392503e-05
1.962606e-05
1.3245357e-05
1.9596969e-05
1.2866427e-05
1.9484265e-05
1.2573502e-05
1.9231041e-05
1.2011982e-05
1.8859923e-05
1.1140731e-05
1.8431773e-05
1.0200708e-05
1.7981034e-05
9.3445534e-06
1.7536353e-05
8.5455702e-06
1.7128241e-05
7.7191597e-06
1.6769593e-05
6.8162715e-06
1.6461368e-05
5.8642173e-06
1.6199881e-05
4.9476184e-06
1.5979549e-05
4.1459625e-06
1.5793852e-05
3.4918502e-06
1.5636432e-05
2.9658109e-06
1.5501623e-05
2.5418322e-06
1.5384756e-05
2.2024755e-06
1.5282664e-05
1.9183159e-06
1.5192926e-05
1.680403e-06
1.511332e-05
1.4847128e-06
1.5042204e-05
1.3175298e-06
1.4978358e-05
1.1731581e-06
1.492081e-05
1.0480809e-06
1.4868757e-05
9.3931269e-07
1.4821524e-05
8.4431619e-07
1.4778541e-05
7.6099662e-07
1.4739325e-05
6.8763279e-07
1.4703463e-05
6.22803e-07
1.4670599e-05
5.6532534e-07
1.4640422e-05
5.1421062e-07
1.4612665e-05
4.686254e-07
1.4587089e-05
4.2786332e-07
1.4563488e-05
3.9132272e-07
1.4541678e-05
3.5848947e-07
1.4521494e-05
3.2892181e-07
1.4502792e-05
3.0223817e-07
1.4485443e-05
2.7810767e-07
1.4469329e-05
2.5624202e-07
1.4454347e-05
2.3638921e-07
1.4440404e-05
2.1832989e-07
1.4427414e-05
2.0187459e-07
1.4415302e-05
1.8685913e-07
1.4403999e-05
1.7313759e-07
1.4393442e-05
1.6057683e-07
1.4383575e-05
1.4905694e-07
1.4374346e-05
1.3847267e-07
1.4365709e-05
1.2873399e-07
1.4357621e-05
1.1976472e-07
1.4350042e-05
1.1149918e-07
1.4342937e-05
1.0387681e-07
1.4336273e-05
9.6838544e-08
1.433002e-05
9.0329509e-08
1.432415e-05
8.430131e-08
1.4318637e-05
7.8713253e-08
1.4313459e-05
7.3532317e-08
1.4308592e-05
6.8728246e-08
1.4304018e-05
6.4270317e-08
1.4299717e-05
6.0128742e-08
1.4295672e-05
5.6274972e-08
1.4291866e-05
5.2686167e-08
1.4288285e-05
4.9346389e-08
1.4284915e-05
4.6239437e-08
1.4281742e-05
4.3346693e-08
1.4278755e-05
4.0649782e-08
1.4275942e-05
3.8132071e-08
1.4273293e-05
3.5780953e-08
1.4270797e-05
3.3589117e-08
1.4268445e-05
3.1547706e-08
1.4266229e-05
2.9643233e-08
1.4264139e-05
2.7862459e-08
1.426217e-05
2.619421e-08
1.4260313e-05
2.4630433e-08
1.4258563e-05
2.3167023e-08
1.4256912e-05
2.1799992e-08
1.4255356e-05
2.0522485e-08
1.4253887e-05
1.9327048e-08
1.4252502e-05
1.8206806e-08
1.4251196e-05
1.715648e-08
1.4249963e-05
1.6173147e-08
1.42488e-05
1.5250229e-08
1.4247704e-05
1.4378041e-08
1.4246669e-05
1.3571498e-08
1.4245692e-05
1.2819758e-08
1.424477e-05
1.2108735e-08
1.42439e-05
1.1432771e-08
1.424308e-05
1.0795599e-08
1.4242306e-05
1.02017e-08
1.4241576e-05
9.646334e-09
1.4240887e-05
9.129831e-09
1.4240238e-05
8.6430104e-09
1.4239624e-05
8.1825873e-09
1.4239045e-05
7.7650228e-09
1.42385e-05
7.3462688e-09
1.4237981e-05
7.0257696e-09
1.4237508e-05
6.4582427e-09
1.4236968e-05
7.5088363e-09
4.6440693e-09
2.0172844e-05
2.4719931e-05
-2.0106413e-05
2.0184816e-05
1.7594881e-05
2.0183103e-05
1.4394215e-05
2.0178519e-05
1.3249942e-05
2.0160148e-05
1.2884798e-05
2.0078798e-05
1.2654853e-05
1.9868398e-05
1.2222381e-05
1.9526622e-05
1.1482508e-05
1.911339e-05
1.061394e-05
1.8669774e-05
9.7881693e-06
1.8220695e-05
8.9946493e-06
1.7798664e-05
8.1411907e-06
1.7423388e-05
7.1915475e-06
1.7099332e-05
6.1882729e-06
1.6823843e-05
5.2231072e-06
1.6591454e-05
4.3783516e-06
1.6395507e-05
3.6877973e-06
1.6229427e-05
3.1318911e-06
1.6087281e-05
2.6839785e-06
1.5964125e-05
2.3256308e-06
1.5856566e-05
2.0258757e-06
1.5762031e-05
1.7749374e-06
1.5678182e-05
1.5685619e-06
1.5603267e-05
1.3924445e-06
1.5535987e-05
1.2404386e-06
1.5475315e-05
1.1087534e-06
1.5420404e-05
9.9422367e-07
1.5370545e-05
8.9417436e-07
1.5325143e-05
8.0639873e-07
1.5283691e-05
7.2908491e-07
1.5245756e-05
6.6073771e-07
1.5210967e-05
6.0011513e-07
1.5178999e-05
5.4617843e-07
1.5149571e-05
4.9805281e-07
1.5122438e-05
4.5499714e-07
1.509738e-05
4.1638027e-07
1.5074207e-05
3.8166293e-07
1.5052747e-05
3.5038177e-07
1.5032848e-05
3.2213654e-07
1.5014376e-05
2.9658014e-07
1.4997208e-05
2.7341011e-07
1.4981235e-05
2.5236197e-07
1.4966359e-05
2.3320542e-07
1.4952493e-05
2.1574135e-07
1.4939555e-05
1.9979706e-07
1.4927473e-05
1.8521913e-07
1.4916182e-05
1.7186763e-07
1.4905623e-05
1.5961655e-07
1.489574e-05
1.4835517e-07
1.4886486e-05
1.3798864e-07
1.4877814e-05
1.2843648e-07
1.4869684e-05
1.1962922e-07
1.4862058e-05
1.1150297e-07
1.4854901e-05
1.0399556e-07
1.4848181e-05
9.7049262e-08
1.4841869e-05
9.0613051e-08
1.4835939e-05
8.4643876e-08
1.4830364e-05
7.9106665e-08
1.4825123e-05
7.3969385e-08
1.4820194e-05
6.9199685e-08
1.4815556e-05
6.4766232e-08
1.4811192e-05
6.0638971e-08
1.4807085e-05
5.6793676e-08
1.4803218e-05
5.3213274e-08
1.4799577e-05
4.9880572e-08
1.4796147e-05
4.6775994e-08
1.4792917e-05
4.3880223e-08
1.4789873e-05
4.1175687e-08
1.4787005e-05
3.8648932e-08
1.4784302e-05
3.6292028e-08
1.4781755e-05
3.4095584e-08
1.4779352e-05
3.2045467e-08
1.4777087e-05
3.012774e-08
1.4774951e-05
2.8330531e-08
1.4772936e-05
2.6645204e-08
1.4771036e-05
2.506728e-08
1.4769243e-05
2.3592473e-08
1.4767552e-05
2.2213552e-08
1.4765957e-05
2.0922679e-08
1.4764451e-05
1.9712533e-08
1.476303e-05
1.857739e-08
1.4761689e-05
1.7514046e-08
1.4760424e-05
1.6515565e-08
1.475923e-05
1.5571779e-08
1.4758103e-05
1.4698283e-08
1.4757039e-05
1.3883723e-08
1.4756035e-05
1.3113219e-08
1.4755087e-05
1.2380521e-08
1.4754193e-05
1.1689521e-08
1.475335e-05
1.1045071e-08
1.4752554e-05
1.044207e-08
1.4751803e-05
9.8808267e-09
1.4751094e-05
9.3517809e-09
1.4750425e-05
8.8512856e-09
1.4749794e-05
8.3966825e-09
1.4749199e-05
7.9412817e-09
1.4748633e-05
7.5912605e-09
1.4748116e-05
6.9752196e-09
1.4747528e-05
8.0970507e-09
5.0019072e-09
2.0738885e-05
2.465235e-05
-2.0671304e-05
2.0751207e-05
1.7582558e-05
2.0749297e-05
1.4396126e-05
2.0745604e-05
1.3253634e-05
2.0734463e-05
1.2895939e-05
2.0678762e-05
1.2710554e-05
2.0510594e-05
1.2390549e-05
2.0204029e-05
1.1789072e-05
1.9808625e-05
1.1009344e-05
1.9374266e-05
1.0222528e-05
1.8925919e-05
9.4429965e-06
1.8492935e-05
8.5741747e-06
1.8101622e-05
7.5828602e-06
1.7761292e-05
6.5286032e-06
1.7471041e-05
5.5133583e-06
1.7225814e-05
4.6235781e-06
1.7018913e-05
3.8946988e-06
1.6843566e-05
3.3072378e-06
1.6693578e-05
2.8339664e-06
1.6563719e-05
2.4554896e-06
1.6450345e-05
2.1392498e-06
1.6350722e-05
1.8745611e-06
1.6262378e-05
1.6569058e-06
1.6183447e-05
1.4713752e-06
1.6112541e-05
1.3113442e-06
1.6048573e-05
1.172722e-06
1.5990648e-05
1.0521481e-06
1.5938023e-05
9.4679963e-07
1.5890071e-05
8.5435128e-07
1.584626e-05
7.7289522e-07
1.5806139e-05
7.0085865e-07
1.5769318e-05
6.3693635e-07
1.5735459e-05
5.8003748e-07
1.5704268e-05
5.2924392e-07
1.5675487e-05
4.8377815e-07
1.5648889e-05
4.4297821e-07
1.5624273e-05
4.0627858e-07
1.5601462e-05
3.7319339e-07
1.5580295e-05
3.4330295e-07
1.5560632e-05
3.1624326e-07
1.5542345e-05
2.9169709e-07
1.552532e-05
2.6938702e-07
1.5509454e-05
2.4907132e-07
1.5494655e-05
2.3054083e-07
1.5480838e-05
2.13614e-07
1.5467927e-05
1.9812956e-07
1.5455854e-05
1.8394051e-07
1.5444557e-05
1.709145e-07
1.5433977e-05
1.5893508e-07
1.5424063e-05
1.4790235e-07
1.5414768e-05
1.3773135e-07
1.5406049e-05
1.2834864e-07
1.5397865e-05
1.1968679e-07
1.539018e-05
1.1168042e-07
1.538296e-05
1.0426878e-07
1.5376175e-05
9.7398118e-08
1.5369796e-05
9.1022895e-08
1.5363797e-05
8.5105875e-08
1.5358153e-05
7.9613152e-08
1.5352842e-05
7.4510657e-08
1.5347843e-05
6.9765445e-08
1.5343136e-05
6.5345885e-08
1.5338704e-05
6.1226301e-08
1.5334528e-05
5.7388411e-08
1.5330595e-05
5.3813975e-08
1.5326889e-05
5.0482407e-08
1.5323395e-05
4.7373411e-08
1.5320103e-05
4.4468436e-08
1.5316999e-05
4.1753134e-08
1.5314072e-05
3.9218916e-08
1.5311311e-05
3.6855817e-08
1.5308708e-05
3.4649037e-08
1.5306252e-05
3.2583912e-08
1.5303934e-05
3.0647843e-08
1.5301748e-05
2.8831571e-08
1.5299685e-05
2.7130217e-08
1.5297738e-05
2.5539167e-08
1.5295901e-05
2.4050801e-08
1.5294167e-05
2.2656876e-08
1.529253e-05
2.1349609e-08
1.5290984e-05
2.0122798e-08
1.5289526e-05
1.8972932e-08
1.5288148e-05
1.7892691e-08
1.5286849e-05
1.6871403e-08
1.5285622e-05
1.5925385e-08
1.5284463e-05
1.5042743e-08
1.5283368e-05
1.4207765e-08
1.5282335e-05
1.3413547e-08
1.528136e-05
1.266413e-08
1.5280441e-05
1.1964784e-08
1.5279573e-05
1.131003e-08
1.5278753e-05
1.0700137e-08
1.527798e-05
1.0125162e-08
1.527725e-05
9.5810635e-09
1.5276561e-05
9.0861021e-09
1.5275911e-05
8.5907768e-09
1.5275294e-05
8.2085182e-09
1.527473e-05
7.5395515e-09
1.5274088e-05
8.738513e-09
5.391781e-09
2.132115e-05
2.4583273e-05
-2.1252072e-05
2.1333978e-05
1.756973e-05
2.1331511e-05
1.4398593e-05
2.1328135e-05
1.325701e-05
2.1321711e-05
1.2902363e-05
2.1285613e-05
1.2746652e-05
2.1157035e-05
1.2519128e-05
2.0890563e-05
1.2055544e-05
2.0517122e-05
1.1382784e-05
2.0094109e-05
1.0645541e-05
1.9650752e-05
9.8863537e-06
1.9210798e-05
9.0141284e-06
1.8804856e-05
7.9888029e-06
1.8448125e-05
6.8853338e-06
1.8142432e-05
5.8190509e-06
1.7883574e-05
4.8824364e-06
1.7664968e-05
4.1133044e-06
1.7479699e-05
3.4925071e-06
1.7321317e-05
2.9923482e-06
1.71843e-05
2.5925069e-06
1.7064734e-05
2.2588157e-06
1.6959703e-05
1.9795927e-06
1.6866593e-05
1.7500155e-06
1.6783413e-05
1.5545554e-06
1.6708678e-05
1.3860792e-06
1.6641231e-05
1.2401688e-06
1.6580129e-05
1.1132501e-06
1.6524587e-05
1.0023417e-06
1.6473946e-05
9.0499192e-07
1.642765e-05
8.1919113e-07
1.6385225e-05
7.4328445e-07
1.6346261e-05
6.7589993e-07
1.6310407e-05
6.158919e-07
1.6277354e-05
5.6229676e-07
1.6246833e-05
5.1429887e-07
1.6218607e-05
4.7120402e-07
1.6192466e-05
4.3241928e-07
1.6168225e-05
3.9743529e-07
1.6145715e-05
3.6581205e-07
1.6124791e-05
3.3716797e-07
1.6105317e-05
3.1117044e-07
1.6087176e-05
2.8752856e-07
1.6070258e-05
2.6598873e-07
1.6054468e-05
2.4633129e-07
1.6039717e-05
2.2836547e-07
1.6025924e-05
2.1192183e-07
1.6013019e-05
1.96846e-07
1.6000934e-05
1.8299899e-07
1.5989611e-05
1.7025841e-07
1.5978994e-05
1.5851908e-07
1.5969034e-05
1.4769133e-07
1.5959685e-05
1.3769758e-07
1.5950905e-05
1.2846666e-07
1.5942656e-05
1.1992982e-07
1.5934902e-05
1.1202319e-07
1.592761e-05
1.0469011e-07
1.592075e-05
9.7882467e-08
1.5914295e-05
9.1560731e-08
1.5908219e-05
8.5689016e-08
1.5902499e-05
8.0231451e-08
1.5897111e-05
7.5153397e-08
1.5892035e-05
7.0421582e-08
1.5887252e-05
6.6008806e-08
1.5882745e-05
6.189551e-08
1.5878497e-05
5.8062342e-08
1.5874492e-05
5.4487656e-08
1.5870715e-05
5.1150135e-08
1.5867153e-05
4.8030207e-08
1.5863794e-05
4.5112585e-08
1.5860625e-05
4.2387976e-08
1.5857635e-05
3.9845805e-08
1.5854813e-05
3.7470578e-08
1.585215e-05
3.5246876e-08
1.5849637e-05
3.3161341e-08
1.5847264e-05
3.1204055e-08
1.5845025e-05
2.9369704e-08
1.5842911e-05
2.7653326e-08
1.5840914e-05
2.6046887e-08
1.583903e-05
2.4541724e-08
1.583725e-05
2.3129572e-08
1.5835569e-05
2.1803722e-08
1.5833981e-05
2.0560324e-08
1.5832482e-05
1.9391648e-08
1.5831067e-05
1.8286495e-08
1.5829731e-05
1.7261946e-08
1.5828468e-05
1.6305541e-08
1.5827275e-05
1.5400699e-08
1.5826149e-05
1.4539794e-08
1.5825086e-05
1.3726999e-08
1.5824083e-05
1.2968059e-08
1.5823136e-05
1.2257095e-08
1.5822241e-05
1.159432e-08
1.5821397e-05
1.0969404e-08
1.58206e-05
1.0377876e-08
1.5819847e-05
9.8389557e-09
1.5819138e-05
9.3001485e-09
1.5818464e-05
8.8827061e-09
1.5817847e-05
8.1559963e-09
1.5817147e-05
9.4386118e-09
5.8169359e-09
2.1920038e-05
2.4512395e-05
-2.184916e-05
2.1933514e-05
1.7556254e-05
2.1930285e-05
1.4401822e-05
2.1926888e-05
1.3260406e-05
2.1923383e-05
1.2905869e-05
2.1901169e-05
1.2768866e-05
2.1807806e-05
1.2612491e-05
2.158458e-05
1.227877e-05
2.1238961e-05
1.1728404e-05
2.082952e-05
1.1054982e-05
2.0393569e-05
1.0322305e-05
1.9951479e-05
9.4562186e-06
1.95334e-05
8.4068817e-06
1.9160626e-05
7.2581079e-06
1.8838977e-05
6.1407e-06
1.8565712e-05
5.1557015e-06
1.8334618e-05
4.3443983e-06
1.813872e-05
3.688405e-06
1.7971342e-05
3.1597265e-06
1.7826667e-05
2.7371816e-06
1.7700496e-05
2.3849863e-06
1.758971e-05
2.0903792e-06
1.749154e-05
1.8481853e-06
1.7403859e-05
1.6422365e-06
1.7325076e-05
1.4648622e-06
1.7253957e-05
1.3112873e-06
1.7189504e-05
1.1777036e-06
1.7130887e-05
1.0609586e-06
1.7077413e-05
9.5846547e-07
1.7028498e-05
8.6810636e-07
1.6983643e-05
7.8813932e-07
1.6942421e-05
7.1712185e-07
1.6904463e-05
6.5385044e-07
1.6869446e-05
5.9731365e-07
1.6837089e-05
5.4665583e-07
1.6807144e-05
5.0114898e-07
1.6779392e-05
4.601715e-07
1.6753638e-05
4.2318948e-07
1.6729708e-05
3.8974174e-07
1.6707448e-05
3.5942834e-07
1.6686717e-05
3.3190067e-07
1.6667392e-05
3.0685375e-07
1.6649359e-05
2.8402163e-07
1.6632517e-05
2.6317374e-07
1.6616773e-05
2.4410967e-07
1.6602043e-05
2.2665147e-07
1.6588252e-05
2.1063711e-07
1.657533e-05
1.9592066e-07
1.6563215e-05
1.8237355e-07
1.6551849e-05
1.6988508e-07
1.654118e-05
1.5836066e-07
1.6531159e-05
1.4771833e-07
1.6521743e-05
1.3788304e-07
1.651289e-05
1.2878251e-07
1.6504564e-05
1.2034957e-07
1.6496729e-05
1.1252455e-07
1.6489355e-05
1.0525661e-07
1.6482412e-05
9.8503828e-08
1.6475873e-05
9.2228211e-08
1.6469712e-05
8.6391995e-08
1.6463907e-05
8.0958771e-08
1.6458435e-05
7.5893548e-08
1.6453276e-05
7.1167532e-08
1.6448412e-05
6.675981e-08
1.6443824e-05
6.2649856e-08
1.6439497e-05
5.881491e-08
1.6435415e-05
5.5232586e-08
1.6431563e-05
5.1882253e-08
1.6427927e-05
4.8747637e-08
1.6424497e-05
4.581869e-08
1.6421258e-05
4.3084194e-08
1.6418201e-05
4.052793e-08
1.6415314e-05
3.8133698e-08
1.6412588e-05
3.5887347e-08
1.6410014e-05
3.3778267e-08
1.6407583e-05
3.1800671e-08
1.6405287e-05
2.9949221e-08
1.6403119e-05
2.821545e-08
1.640107e-05
2.6590257e-08
1.6399135e-05
2.5064877e-08
1.6397306e-05
2.3632062e-08
1.6395579e-05
2.228759e-08
1.6393947e-05
2.1023294e-08
1.6392407e-05
1.9827422e-08
1.6390951e-05
1.8717867e-08
1.6389575e-05
1.7681574e-08
1.6388274e-05
1.6701054e-08
1.6387046e-05
1.5767886e-08
1.6385887e-05
1.4886357e-08
1.6384792e-05
1.4062745e-08
1.6383758e-05
1.3290754e-08
1.6382782e-05
1.2570518e-08
1.638186e-05
1.1891318e-08
1.638099e-05
1.1248219e-08
1.6380167e-05
1.0661437e-08
1.6379392e-05
1.0075291e-08
1.6378656e-05
9.6194715e-09
1.6377982e-05
8.8297615e-09
1.6377217e-05
1.0203256e-08
6.2809346e-09
2.2535969e-05
2.4439452e-05
-2.2463026e-05
2.2550183e-05
1.7542039e-05
2.2546096e-05
1.4405909e-05
2.2542568e-05
1.3263935e-05
2.2540743e-05
1.2907693e-05
2.2527772e-05
1.2781837e-05
2.2463813e-05
1.267645e-05
2.2284426e-05
1.2458158e-05
2.1973082e-05
1.2039748e-05
2.1579941e-05
1.1448123e-05
2.115289e-05
1.0749356e-05
2.0713765e-05
9.8953438e-06
2.0287171e-05
8.8334759e-06
1.989944e-05
7.645839e-06
1.9561603e-05
6.4785365e-06
1.9273229e-05
5.4440759e-06
1.9028848e-05
4.5887792e-06
1.882157e-05
3.8956826e-06
1.864454e-05
3.3367566e-06
1.849166e-05
2.8900614e-06
1.8358432e-05
2.518215e-06
1.8241511e-05
2.2073003e-06
1.8137961e-05
1.951735e-06
1.8045507e-05
1.7346907e-06
1.796244e-05
1.5479284e-06
1.7887443e-05
1.3862844e-06
1.7819453e-05
1.2456936e-06
1.7757594e-05
1.1228175e-06
1.7701135e-05
1.0149246e-06
1.764946e-05
9.1978141e-07
1.7602046e-05
8.3555351e-07
1.7558444e-05
7.607235e-07
1.7518268e-05
6.9402677e-07
1.748118e-05
6.3440143e-07
1.7446886e-05
5.8094975e-07
1.7415127e-05
5.3290831e-07
1.7385673e-05
4.8962543e-07
1.7358321e-05
4.5054153e-07
1.7332889e-05
4.1517333e-07
1.7309216e-05
3.8310172e-07
1.7287155e-05
3.5396139e-07
1.7266576e-05
3.2743273e-07
1.7247361e-05
3.032369e-07
1.7229403e-05
2.8113198e-07
1.7212605e-05
2.6090752e-07
1.719688e-05
2.4237667e-07
1.7182147e-05
2.2536942e-07
1.7168335e-05
2.0973264e-07
1.7155378e-05
1.953313e-07
1.7143214e-05
1.8204893e-07
1.7131789e-05
1.6978581e-07
1.7121052e-05
1.584554e-07
1.7110956e-05
1.4797857e-07
1.7101459e-05
1.3827931e-07
1.7092522e-05
1.2928704e-07
1.7084107e-05
1.2093893e-07
1.7076183e-05
1.1318128e-07
1.7068717e-05
1.0596963e-07
1.7061681e-05
9.926379e-08
1.7055049e-05
9.3023995e-08
1.7048796e-05
8.7211975e-08
1.7042899e-05
8.179095e-08
1.7037336e-05
7.6730455e-08
1.7032087e-05
7.2008148e-08
1.7027135e-05
6.7602255e-08
1.7022461e-05
6.3488849e-08
1.7018049e-05
5.9644426e-08
1.7013884e-05
5.6047253e-08
1.7009952e-05
5.2680024e-08
1.7006239e-05
4.9531885e-08
1.7002732e-05
4.6590935e-08
1.699942e-05
4.3840202e-08
1.6996291e-05
4.1262674e-08
1.6993335e-05
3.8843378e-08
1.6990542e-05
3.6570969e-08
1.6987904e-05
3.4439158e-08
1.6985411e-05
3.24422e-08
1.6983055e-05
3.057117e-08
1.6980829e-05
2.8816515e-08
1.6978724e-05
2.716895e-08
1.6976736e-05
2.5620655e-08
1.6974856e-05
2.4167005e-08
1.697308e-05
2.2799361e-08
1.6971402e-05
2.1505394e-08
1.6969816e-05
2.0303859e-08
1.6968317e-05
1.9181079e-08
1.6966899e-05
1.8118614e-08
1.696556e-05
1.7107173e-08
1.6964295e-05
1.6151132e-08
1.6963101e-05
1.5257365e-08
1.6961972e-05
1.4419142e-08
1.6960906e-05
1.3636497e-08
1.6959899e-05
1.2898317e-08
1.6958948e-05
1.2199166e-08
1.695805e-05
1.15603e-08
1.6957202e-05
1.0922636e-08
1.6956397e-05
1.0424983e-08
1.695566e-05
9.5665394e-09
1.6954824e-05
1.1038917e-08
6.7876843e-09
2.3169367e-05
2.4364232e-05
-2.3094146e-05
2.3184397e-05
1.7527009e-05
2.3179434e-05
1.4410872e-05
2.3175723e-05
1.3267646e-05
2.31748e-05
1.2908616e-05
2.3167697e-05
1.2788939e-05
2.312661e-05
1.2717538e-05
2.2989088e-05
1.259568e-05
2.2717634e-05
1.2311201e-05
2.2345649e-05
1.1820108e-05
2.1929053e-05
1.1165952e-05
2.1496145e-05
1.0328251e-05
2.106554e-05
9.2640812e-06
2.0664965e-05
8.0464143e-06
2.0311159e-05
6.832342e-06
2.0007126e-05
5.748109e-06
1.9748679e-05
4.8472264e-06
1.9529237e-05
4.1151246e-06
1.9341849e-05
3.5241446e-06
1.9180165e-05
3.0517455e-06
1.903938e-05
2.6589997e-06
1.8915909e-05
2.3307718e-06
1.8806629e-05
2.0610147e-06
1.8709105e-05
1.8322142e-06
1.8621502e-05
1.6355322e-06
1.8542404e-05
1.4653824e-06
1.847068e-05
1.3174173e-06
1.8405402e-05
1.1880959e-06
1.8345795e-05
1.0745306e-06
1.8291213e-05
9.7436434e-07
1.8241102e-05
8.8566383e-07
1.8194994e-05
8.0683211e-07
1.8152481e-05
7.3653981e-07
1.811321e-05
6.7367173e-07
1.8076874e-05
6.172858e-07
1.8043201e-05
5.6658132e-07
1.8011952e-05
5.2087511e-07
1.7982912e-05
4.7958067e-07
1.7955894e-05
4.421916e-07
1.7930727e-05
4.0826876e-07
1.7907259e-05
3.7742943e-07
1.7885353e-05
3.4933874e-07
1.7864886e-05
3.2370443e-07
1.7845745e-05
3.0027272e-07
1.782783e-05
2.7882271e-07
1.7811048e-05
2.591583e-07
1.7795316e-05
2.4110114e-07
1.7780558e-05
2.244906e-07
1.7766705e-05
2.0918493e-07
1.7753692e-05
1.9506163e-07
1.7741462e-05
1.8201562e-07
1.7729962e-05
1.6995557e-07
1.7719142e-05
1.5879806e-07
1.7708959e-05
1.4846319e-07
1.7699369e-05
1.388768e-07
1.7690335e-05
1.2997277e-07
1.7681822e-05
1.2169439e-07
1.7673797e-05
1.1399453e-07
1.766623e-05
1.0683068e-07
1.7659093e-05
1.0016098e-07
1.765236e-05
9.3945202e-08
1.7646006e-05
8.8144697e-08
1.7640009e-05
8.272725e-08
1.7634348e-05
7.766901e-08
1.7629004e-05
7.2946886e-08
1.7623957e-05
6.8535722e-08
1.7619191e-05
6.4410845e-08
1.7614688e-05
6.0549379e-08
1.7610435e-05
5.6932934e-08
1.7606418e-05
5.35498e-08
1.7602621e-05
5.0387351e-08
1.7599034e-05
4.7427832e-08
1.7595643e-05
4.4653391e-08
1.7592438e-05
4.2048198e-08
1.7589409e-05
3.960014e-08
1.7586546e-05
3.7302382e-08
1.7583839e-05
3.5148747e-08
1.758128e-05
3.3129829e-08
1.7578861e-05
3.1235601e-08
1.7576574e-05
2.9456244e-08
1.7574411e-05
2.7783333e-08
1.7572367e-05
2.6211802e-08
1.7570433e-05
2.4732507e-08
1.7568606e-05
2.3332514e-08
1.7566879e-05
2.2031496e-08
1.7565245e-05
2.0815123e-08
1.7563699e-05
1.9663966e-08
1.7562239e-05
1.8567781e-08
1.7560859e-05
1.7530997e-08
1.7559555e-05
1.656116e-08
1.7558323e-05
1.5651091e-08
1.7557159e-05
1.4800694e-08
1.7556059e-05
1.3998461e-08
1.7555019e-05
1.3238415e-08
1.7554037e-05
1.2542897e-08
1.755311e-05
1.1849194e-08
1.7552229e-05
1.1305968e-08
1.7551423e-05
1.0372543e-08
1.755051e-05
1.1952674e-08
7.3414642e-09
2.3820657e-05
2.428659e-05
-2.3743015e-05
2.3836587e-05
1.7511079e-05
2.3830871e-05
1.4416589e-05
2.3826976e-05
1.327154e-05
2.382639e-05
1.2909203e-05
2.3822813e-05
1.2792516e-05
2.3798048e-05
1.2742303e-05
2.3698327e-05
1.2695401e-05
2.3470817e-05
1.2538712e-05
2.3126689e-05
1.2164235e-05
2.2722589e-05
1.1570053e-05
2.2297099e-05
1.0753741e-05
2.1867365e-05
9.6938157e-06
2.1457205e-05
8.4565736e-06
2.108834e-05
7.2012069e-06
2.0768373e-05
6.0680763e-06
2.0495154e-05
5.1204458e-06
2.026275e-05
4.3475277e-06
2.0064253e-05
3.7226422e-06
1.9893112e-05
3.2228862e-06
1.9744225e-05
2.8078871e-06
1.9613746e-05
2.4612509e-06
1.9498353e-05
2.1764078e-06
1.9395437e-05
1.9351305e-06
1.9303019e-05
1.7279494e-06
1.9219581e-05
1.5488207e-06
1.9143912e-05
1.393086e-06
1.9075025e-05
1.2569829e-06
1.9012101e-05
1.1374547e-06
1.8954454e-05
1.0320115e-06
1.8901504e-05
9.3861432e-07
1.8852754e-05
8.5558129e-07
1.880778e-05
7.8151419e-07
1.876621e-05
7.1524133e-07
1.8727722e-05
6.5577383e-07
1.8692032e-05
6.0227172e-07
1.8658888e-05
5.5401866e-07
1.8628069e-05
5.1039994e-07
1.8599376e-05
4.7088494e-07
1.8572631e-05
4.3501357e-07
1.8547676e-05
4.0238492e-07
1.8524366e-05
3.7264819e-07
1.8502573e-05
3.4549712e-07
1.8482181e-05
3.206656e-07
1.8463081e-05
2.9792182e-07
1.844518e-05
2.7706001e-07
1.8428388e-05
2.5789315e-07
1.8412625e-05
2.4025282e-07
1.839782e-05
2.2399022e-07
1.8383905e-05
2.0897662e-07
1.8370819e-05
1.9510131e-07
1.8358507e-05
1.8226793e-07
1.8346917e-05
1.7038859e-07
1.8336e-05
1.5937932e-07
1.8325715e-05
1.491622e-07
1.831602e-05
1.3966767e-07
1.8306879e-05
1.3083588e-07
1.8298256e-05
1.226169e-07
1.8290121e-05
1.1496575e-07
1.8282444e-05
1.0783837e-07
1.8275197e-05
1.0119248e-07
1.8268354e-05
9.4987487e-08
1.8261892e-05
8.9189339e-08
1.8255788e-05
8.3772592e-08
1.8250022e-05
7.8712765e-08
1.8244575e-05
7.3983405e-08
1.8239427e-05
6.9558622e-08
1.8234562e-05
6.5414347e-08
1.8229964e-05
6.1531059e-08
1.8225617e-05
5.7896141e-08
1.8221508e-05
5.4496194e-08
1.8217624e-05
5.131265e-08
1.821395e-05
4.8326789e-08
1.8210477e-05
4.5521888e-08
1.8207192e-05
4.2885031e-08
1.8204085e-05
4.0408799e-08
1.8201147e-05
3.8086549e-08
1.8198369e-05
3.5908371e-08
1.8195741e-05
3.3863747e-08
1.8193255e-05
3.1942301e-08
1.8190903e-05
3.0134979e-08
1.8188679e-05
2.8436231e-08
1.8186575e-05
2.6836373e-08
1.8184585e-05
2.5321835e-08
1.8182704e-05
2.391327e-08
1.8180923e-05
2.259566e-08
1.8179239e-05
2.1348552e-08
1.8177646e-05
2.0160661e-08
1.817614e-05
1.9036423e-08
1.8174717e-05
1.7984141e-08
1.8173372e-05
1.6996172e-08
1.8172101e-05
1.6072258e-08
1.8170899e-05
1.5200496e-08
1.8169763e-05
1.4374328e-08
1.8168688e-05
1.3617223e-08
1.8167675e-05
1.2862591e-08
1.8166711e-05
1.2269756e-08
1.8165829e-05
1.1254544e-08
1.816483e-05
1.295226e-08
7.9469557e-09
2.4490259e-05
2.4206473e-05
-2.4410143e-05
2.4507182e-05
1.7494156e-05
2.4500971e-05
1.44228e-05
2.4496884e-05
1.3275626e-05
2.4496224e-05
1.2909863e-05
2.4494663e-05
1.2794078e-05
2.4480748e-05
1.2756218e-05
2.4412888e-05
1.276326e-05
2.4230636e-05
1.2720964e-05
2.3921228e-05
1.2473643e-05
2.3533253e-05
1.1958028e-05
2.3116147e-05
1.1170847e-05
2.2691122e-05
1.0118841e-05
2.2275606e-05
8.8720891e-06
2.1893583e-05
7.5832302e-06
2.1557849e-05
6.4038105e-06
2.126931e-05
5.4089849e-06
2.1023174e-05
4.5936637e-06
2.0812783e-05
3.9330326e-06
2.0631483e-05
3.4041865e-06
2.0473895e-05
2.9654749e-06
2.0335906e-05
2.5992396e-06
2.0213978e-05
2.2983357e-06
2.0105315e-05
2.0437939e-06
2.0007784e-05
1.8254809e-06
1.9919746e-05
1.6368586e-06
1.9839904e-05
1.4729272e-06
1.9767207e-05
1.3296807e-06
1.9700782e-05
1.2038789e-06
1.9639905e-05
1.0928886e-06
1.9583963e-05
9.9455701e-07
1.9532432e-05
9.0711159e-07
1.9484866e-05
8.2908065e-07
1.9440875e-05
7.5923252e-07
1.940012e-05
6.9652871e-07
1.9362304e-05
6.4008778e-07
1.9327164e-05
5.8915847e-07
1.9294467e-05
5.4309639e-07
1.9264007e-05
5.0134552e-07
1.9235597e-05
4.6342383e-07
1.920907e-05
4.2891138e-07
1.9184278e-05
3.9744074e-07
1.9161084e-05
3.6869103e-07
1.9139366e-05
3.4238329e-07
1.9119014e-05
3.182743e-07
1.9099925e-05
2.9614825e-07
1.9082009e-05
2.7580908e-07
1.9065182e-05
2.5708021e-07
1.9049367e-05
2.3980556e-07
1.9034493e-05
2.2384985e-07
1.9020498e-05
2.0909652e-07
1.9007322e-05
1.9544395e-07
1.8994911e-05
1.8279955e-07
1.8983215e-05
1.710751e-07
1.8972189e-05
1.6018877e-07
1.8961789e-05
1.5006737e-07
1.8951977e-05
1.4064778e-07
1.8942717e-05
1.3187712e-07
1.8933975e-05
1.2370783e-07
1.892572e-05
1.160935e-07
1.8917923e-05
1.0898972e-07
1.8910556e-05
1.0235386e-07
1.8903596e-05
9.6149942e-08
1.8897017e-05
9.0350848e-08
1.88908e-05
8.4930623e-08
1.8884921e-05
7.9861455e-08
1.8879364e-05
7.5116177e-08
1.8874109e-05
7.066948e-08
1.8869139e-05
6.6500662e-08
1.8864439e-05
6.2596141e-08
1.8859994e-05
5.8941706e-08
1.8855788e-05
5.5517939e-08
1.885181e-05
5.2305221e-08
1.8848046e-05
4.9285905e-08
1.8844485e-05
4.6446232e-08
1.8841115e-05
4.3778162e-08
1.8837927e-05
4.1274553e-08
1.8834911e-05
3.8924964e-08
1.8832056e-05
3.6718366e-08
1.8829355e-05
3.4643814e-08
1.8826798e-05
3.2691588e-08
1.8824379e-05
3.0855619e-08
1.8822089e-05
2.9125641e-08
1.8819924e-05
2.7487417e-08
1.8817874e-05
2.5962645e-08
1.8815934e-05
2.4535584e-08
1.8814098e-05
2.3184722e-08
1.8812361e-05
2.1897639e-08
1.8810719e-05
2.0678731e-08
1.8809166e-05
1.9537138e-08
1.8807697e-05
1.8464747e-08
1.8806309e-05
1.7461102e-08
1.8804995e-05
1.6513908e-08
1.8803754e-05
1.5615978e-08
1.8802579e-05
1.4791961e-08
1.880147e-05
1.397112e-08
1.8800416e-05
1.3324321e-08
1.879945e-05
1.2219915e-08
1.8798356e-05
1.4046112e-08
8.6092744e-09
2.5178596e-05
2.4123937e-05
-2.509606e-05
2.519663e-05
1.7476122e-05
2.5190255e-05
1.4429175e-05
2.5185944e-05
1.3279937e-05
2.5184972e-05
1.2910835e-05
2.5184526e-05
1.2794523e-05
2.5177402e-05
1.2763342e-05
2.5134424e-05
1.2806239e-05
2.4995761e-05
1.2859627e-05
2.4727129e-05
1.2742275e-05
2.4361299e-05
1.2323858e-05
2.3953833e-05
1.1578313e-05
2.3535157e-05
1.0537516e-05
2.3119027e-05
9.2882194e-06
2.2726909e-05
7.9753477e-06
2.2376265e-05
6.7544547e-06
2.2072143e-05
5.7131076e-06
2.1811587e-05
4.8542192e-06
2.1588513e-05
4.1561063e-06
2.1396307e-05
3.5963926e-06
2.1229369e-05
3.1324129e-06
2.108332e-05
2.7452889e-06
2.0954393e-05
2.4272623e-06
2.0839593e-05
2.1585941e-06
2.0736618e-05
1.9284561e-06
2.0643698e-05
1.7297786e-06
2.0559439e-05
1.5571865e-06
2.0482713e-05
1.4064065e-06
2.0412594e-05
1.2739977e-06
2.0348311e-05
1.1571715e-06
2.0289215e-05
1.0536528e-06
2.0234756e-05
9.6157123e-07
2.018446e-05
8.7937672e-07
2.0137918e-05
8.057736e-07
2.0094776e-05
7.3967071e-07
2.0054722e-05
6.801427e-07
2.0017479e-05
6.2640143e-07
1.9982804e-05
5.7777125e-07
1.995048e-05
5.3366942e-07
1.9920313e-05
4.9359093e-07
1.9892128e-05
4.5709587e-07
1.986577e-05
4.237994e-07
1.9841095e-05
3.9336543e-07
1.9817977e-05
3.6550153e-07
1.9796299e-05
3.3995263e-07
1.9775954e-05
3.1649238e-07
1.9756848e-05
2.9491532e-07
1.9738892e-05
2.7503641e-07
1.9722006e-05
2.5669193e-07
1.9706116e-05
2.3973981e-07
1.9691155e-05
2.2405736e-07
1.9677061e-05
2.0953749e-07
1.9663778e-05
1.9608267e-07
1.9651253e-05
1.8360022e-07
1.9639438e-05
1.7200424e-07
1.9628287e-05
1.6121776e-07
1.9617761e-05
1.5117423e-07
1.960782e-05
1.4181766e-07
1.959843e-05
1.3309776e-07
1.9589558e-05
1.2496568e-07
1.9581173e-05
1.1737477e-07
1.9573247e-05
1.1028024e-07
1.9565753e-05
1.0364413e-07
1.9558666e-05
9.7437536e-08
1.9551964e-05
9.1632961e-08
1.9545624e-05
8.6201157e-08
1.9539626e-05
8.111362e-08
1.9533952e-05
7.6343752e-08
1.9528583e-05
7.1869619e-08
1.9523503e-05
6.7676618e-08
1.9518695e-05
6.3749675e-08
1.9514144e-05
6.0068489e-08
1.9509837e-05
5.661251e-08
1.950576e-05
5.3363137e-08
1.95019e-05
5.0305728e-08
1.9498247e-05
4.7431582e-08
1.9494788e-05
4.4733024e-08
1.9491514e-05
4.2199057e-08
1.9488414e-05
3.981812e-08
1.948548e-05
3.7578681e-08
1.9482701e-05
3.5470327e-08
1.948007e-05
3.3486428e-08
1.947758e-05
3.1616093e-08
1.9475223e-05
2.9844384e-08
1.9472991e-05
2.8194113e-08
1.9470878e-05
2.6648783e-08
1.9468877e-05
2.5185789e-08
1.9466983e-05
2.3791477e-08
1.9465192e-05
2.2470138e-08
1.9463497e-05
2.1231849e-08
1.9461894e-05
2.0068017e-08
1.9460377e-05
1.8977953e-08
1.9458942e-05
1.7948964e-08
1.9457584e-05
1.6973198e-08
1.94563e-05
1.6076527e-08
1.9455087e-05
1.518378e-08
1.9453933e-05
1.4478324e-08
1.9452876e-05
1.3276667e-08
1.9451679e-05
1.5243423e-08
9.3340039e-09
2.5886099e-05
2.403915e-05
-2.5801312e-05
2.5905427e-05
1.7456794e-05
2.5899244e-05
1.4435358e-05
2.5894673e-05
1.3284509e-05
2.589329e-05
1.2912218e-05
2.5893422e-05
1.2794391e-05
2.5890347e-05
1.2766416e-05
2.5865049e-05
1.2831537e-05
2.5765779e-05
1.2958896e-05
2.5542308e-05
1.2965746e-05
2.5205808e-05
1.2660358e-05
2.4810386e-05
1.1973735e-05
2.4398446e-05
1.0949456e-05
2.3985881e-05
9.7007843e-06
2.3587749e-05
8.3734797e-06
2.3224048e-05
7.1181551e-06
2.2904543e-05
6.0326134e-06
2.2629058e-05
5.1297042e-06
2.2392545e-05
4.3926187e-06
2.2188661e-05
3.8002772e-06
2.2011675e-05
3.3093983e-06
2.1856964e-05
2.8999997e-06
2.172053e-05
2.5636969e-06
2.1599164e-05
2.2799602e-06
2.1490383e-05
2.0372368e-06
2.1392273e-05
1.827889e-06
2.1303328e-05
1.646131e-06
2.122234e-05
1.4873948e-06
2.1148318e-05
1.3480198e-06
2.1080441e-05
1.2250483e-06
2.1018021e-05
1.1160724e-06
2.0960476e-05
1.019117e-06
2.0907305e-05
9.3254731e-07
2.0858079e-05
8.5499939e-07
2.0812424e-05
7.8532593e-07
2.0770012e-05
7.2255496e-07
2.0730554e-05
6.6585926e-07
2.0693795e-05
6.1453019e-07
2.0659508e-05
5.6795688e-07
2.0627488e-05
5.2561012e-07
2.0597555e-05
4.8702907e-07
2.0569544e-05
4.5181068e-07
2.0543306e-05
4.1960291e-07
2.0518709e-05
3.9009927e-07
2.0495629e-05
3.630323e-07
2.0473957e-05
3.3816469e-07
2.0453591e-05
3.1528114e-07
2.043444e-05
2.941878e-07
2.0416419e-05
2.74713e-07
2.0399451e-05
2.5670758e-07
2.0383466e-05
2.4004248e-07
2.0368398e-05
2.2460486e-07
2.0354189e-05
2.1029203e-07
2.0340782e-05
1.9700669e-07
2.0328128e-05
1.8465862e-07
2.0316179e-05
1.7316695e-07
2.0304892e-05
1.624615e-07
2.0294226e-05
1.5248305e-07
2.0284146e-05
1.4317844e-07
2.0274615e-05
1.3449623e-07
2.0265602e-05
1.2638741e-07
2.0257078e-05
1.1880497e-07
2.0249013e-05
1.1170883e-07
2.0241382e-05
1.0506826e-07
2.0234161e-05
9.8854084e-08
2.0227327e-05
9.3035566e-08
2.0220857e-05
8.7582797e-08
2.0214733e-05
8.246784e-08
2.0208935e-05
7.7667475e-08
2.0203446e-05
7.3166018e-08
2.0198248e-05
6.8947483e-08
2.0193326e-05
6.499065e-08
2.0188665e-05
6.1274006e-08
2.018425e-05
5.7777962e-08
2.0180069e-05
5.4486956e-08
2.0176109e-05
5.1391585e-08
2.0172358e-05
4.8483608e-08
2.0168806e-05
4.5751441e-08
2.0165441e-05
4.3182972e-08
2.0162253e-05
4.0766067e-08
2.0159234e-05
3.8489593e-08
2.0156374e-05
3.6346313e-08
2.0153666e-05
3.4324666e-08
2.0151101e-05
3.240898e-08
2.0148672e-05
3.0623255e-08
2.014637e-05
2.8950199e-08
2.014419e-05
2.7366083e-08
2.0142126e-05
2.5855919e-08
2.0140172e-05
2.4423819e-08
2.0138323e-05
2.3080896e-08
2.0136573e-05
2.1818077e-08
2.0134917e-05
2.0634397e-08
2.0133349e-05
1.9516769e-08
2.0131865e-05
1.8456628e-08
2.0130461e-05
1.748112e-08
2.0129134e-05
1.6510325e-08
2.0127871e-05
1.5741163e-08
2.0126714e-05
1.4433498e-08
2.0125404e-05
1.6554198e-08
1.0127232e-08
2.6613243e-05
2.3952367e-05
-2.652646e-05
2.6634029e-05
1.7436008e-05
2.6628413e-05
1.4440974e-05
2.6623652e-05
1.3289269e-05
2.6621896e-05
1.2913974e-05
2.6622144e-05
1.2794143e-05
2.6621402e-05
1.2767159e-05
2.6607687e-05
1.2845252e-05
2.6541421e-05
1.3025162e-05
2.636458e-05
1.3142586e-05
2.6064565e-05
1.2960374e-05
2.5686326e-05
1.2351974e-05
2.5281652e-05
1.135413e-05
2.4874429e-05
1.0108007e-05
2.4474889e-05
8.77302e-06
2.4101165e-05
7.4918789e-06
2.3767203e-05
6.3665757e-06
2.3476592e-05
5.4203148e-06
2.3225989e-05
4.6432221e-06
2.3009658e-05
4.0166083e-06
2.2821891e-05
3.4971654e-06
2.2657868e-05
3.0640223e-06
2.2513367e-05
2.7081978e-06
2.2384963e-05
2.4083644e-06
2.2269978e-05
2.1522215e-06
2.2166339e-05
1.9315283e-06
2.2072418e-05
1.7400517e-06
2.1986914e-05
1.5728995e-06
2.1908764e-05
1.4261697e-06
2.1837092e-05
1.2967199e-06
2.1771166e-05
1.1819981e-06
2.1710368e-05
1.0799151e-06
2.165417e-05
9.8874557e-07
2.1602117e-05
9.0705191e-07
2.1553816e-05
8.3362684e-07
2.1508923e-05
7.6744873e-07
2.1467133e-05
7.0764885e-07
2.142818e-05
6.5348363e-07
2.1391824e-05
6.0431249e-07
2.1357853e-05
5.5958073e-07
2.1326077e-05
5.1880552e-07
2.1296323e-05
4.8156468e-07
2.1268436e-05
4.4748946e-07
2.1242277e-05
4.1625871e-07
2.1217717e-05
3.8759196e-07
2.1194642e-05
3.6124047e-07
2.1172944e-05
3.3697869e-07
2.1152528e-05
3.1460356e-07
2.1133306e-05
2.9393515e-07
2.1115197e-05
2.7481689e-07
2.1098126e-05
2.5711307e-07
2.1082026e-05
2.4070485e-07
2.1066834e-05
2.2548418e-07
2.1052492e-05
2.1134884e-07
2.1038946e-05
1.982042e-07
2.1026148e-05
1.8596525e-07
2.1014051e-05
1.7455806e-07
2.1002615e-05
1.6391999e-07
2.0991798e-05
1.5399484e-07
2.0981566e-05
1.4472849e-07
2.0971884e-05
1.3606944e-07
2.096272e-05
1.2796834e-07
2.0954046e-05
1.2038292e-07
2.0945834e-05
1.1328048e-07
2.0938058e-05
1.0663013e-07
2.0930694e-05
1.0039954e-07
2.092372e-05
9.4557327e-08
2.0917113e-05
8.907416e-08
2.0910855e-05
8.3925478e-08
2.0904927e-05
7.909446e-08
2.089931e-05
7.4564155e-08
2.0893988e-05
7.0312381e-08
2.0888946e-05
6.6316632e-08
2.0884167e-05
6.2556297e-08
2.087964e-05
5.9014859e-08
2.0875349e-05
5.5682169e-08
2.0871283e-05
5.2549383e-08
2.086743e-05
4.9604306e-08
2.0863779e-05
4.683425e-08
2.0860319e-05
4.4226464e-08
2.0857039e-05
4.1769069e-08
2.0853931e-05
3.9454181e-08
2.0850986e-05
3.7269516e-08
2.0848197e-05
3.519863e-08
2.0845553e-05
3.3266795e-08
2.0843048e-05
3.1455883e-08
2.0840673e-05
2.9741011e-08
2.0838423e-05
2.8105755e-08
2.0836293e-05
2.6553959e-08
2.0834276e-05
2.5097879e-08
2.0832366e-05
2.3727971e-08
2.0830557e-05
2.2442943e-08
2.0828845e-05
2.1229316e-08
2.0827224e-05
2.0077768e-08
2.0825688e-05
1.901677e-08
2.0824237e-05
1.7961316e-08
2.0822855e-05
1.7123022e-08
2.0821589e-05
1.5699837e-08
2.0820154e-05
1.7989312e-08
1.0995589e-08
2.736056e-05
2.3863882e-05
-2.7272074e-05
2.7382879e-05
1.7413688e-05
2.7378265e-05
1.4445588e-05
2.7373436e-05
1.3294098e-05
2.7371361e-05
1.291605e-05
2.7371401e-05
1.2794103e-05
2.7371987e-05
1.2766573e-05
2.7365428e-05
1.2851811e-05
2.7324551e-05
1.3066039e-05
2.7192439e-05
1.3274698e-05
2.6935118e-05
1.3217695e-05
2.658142e-05
1.2705672e-05
2.6185517e-05
1.1750033e-05
2.5783451e-05
1.0510074e-05
2.5386651e-05
9.1698193e-06
2.5006943e-05
7.8715875e-06
2.4660486e-05
6.7130319e-06
2.4355061e-05
5.7257403e-06
2.4089924e-05
4.9083591e-06
2.3860434e-05
4.246098e-06
2.3661136e-05
3.6964637e-06
2.3487109e-05
3.238049e-06
2.3333936e-05
2.8613715e-06
2.3197974e-05
2.5443254e-06
2.3076347e-05
2.2738493e-06
2.2966806e-05
2.0410688e-06
2.286759e-05
1.8392677e-06
2.2777292e-05
1.6631974e-06
2.2694771e-05
1.5086908e-06
2.2619088e-05
1.3724029e-06
2.2549462e-05
1.2516245e-06
2.2485234e-05
1.1441428e-06
2.2425846e-05
1.0481339e-06
2.2370817e-05
9.6208116e-07
2.2319731e-05
8.8471292e-07
2.2272225e-05
8.149544e-07
2.2227981e-05
7.5189267e-07
2.2186718e-05
6.9474705e-07
2.2148185e-05
6.4284549e-07
2.2112159e-05
5.9560639e-07
2.2078441e-05
5.5252375e-07
2.204685e-05
5.1315527e-07
2.2017225e-05
4.7711468e-07
2.1989418e-05
4.4406544e-07
2.1963297e-05
4.137135e-07
2.1938739e-05
3.8579814e-07
2.1915635e-05
3.6008311e-07
2.1893883e-05
3.3635575e-07
2.187339e-05
3.1442752e-07
2.1854073e-05
2.9413412e-07
2.1835853e-05
2.7533291e-07
2.1818659e-05
2.5789879e-07
2.1802425e-05
2.4171805e-07
2.1787091e-05
2.2668342e-07
2.1772599e-05
2.1269558e-07
2.1758899e-05
1.9966525e-07
2.1745943e-05
1.8751456e-07
2.1733685e-05
1.7617727e-07
2.1722086e-05
1.6559404e-07
2.1711107e-05
1.5570786e-07
2.1700712e-05
1.4646466e-07
2.1690867e-05
1.3781261e-07
2.1681543e-05
1.2970718e-07
2.167271e-05
1.2211358e-07
2.1664341e-05
1.1499912e-07
2.1656411e-05
1.0832977e-07
2.1648896e-05
1.0207263e-07
2.1641773e-05
9.6196896e-08
2.1635022e-05
9.067662e-08
2.1628622e-05
8.5493776e-08
2.1622556e-05
8.0630393e-08
2.1616805e-05
7.6063289e-08
2.1611353e-05
7.1768929e-08
2.1606184e-05
6.7725647e-08
2.1601283e-05
6.3915932e-08
2.1596636e-05
6.0328848e-08
2.159223e-05
5.6954916e-08
2.1588053e-05
5.3781294e-08
2.1584093e-05
5.0794696e-08
2.1580338e-05
4.7981745e-08
2.1576777e-05
4.5329788e-08
2.1573401e-05
4.2830248e-08
2.15702e-05
4.047007e-08
2.1567167e-05
3.8231998e-08
2.1564291e-05
3.6142661e-08
2.1561564e-05
3.4183051e-08
2.1558978e-05
3.2327112e-08
2.1556527e-05
3.0556874e-08
2.1554205e-05
2.8875808e-08
2.1552005e-05
2.7297432e-08
2.1549921e-05
2.5811743e-08
2.1547947e-05
2.4417066e-08
2.1546077e-05
2.3099538e-08
2.1544306e-05
2.184903e-08
2.1542627e-05
2.0695396e-08
2.154104e-05
1.9548172e-08
2.1539528e-05
1.8634921e-08
2.1538142e-05
1.7085891e-08
2.1536571e-05
1.9560572e-08
1.1946288e-08
2.8128631e-05
2.377399e-05
-2.8038739e-05
2.8152446e-05
1.7389872e-05
2.8149305e-05
1.4448729e-05
2.8144556e-05
1.3298847e-05
2.814224e-05
1.2918366e-05
2.8141945e-05
1.2794398e-05
2.8143127e-05
1.2765391e-05
2.8140784e-05
1.2854153e-05
2.8117704e-05
1.308912e-05
2.8025528e-05
1.3366874e-05
2.7815131e-05
1.3428092e-05
2.7493503e-05
1.30273e-05
2.7110797e-05
1.2132739e-05
2.6713803e-05
1.0907068e-05
2.6321292e-05
9.5623297e-06
2.5940038e-05
8.2528419e-06
2.5584226e-05
7.0688432e-06
2.5265082e-05
6.0448844e-06
2.4985338e-05
5.1881035e-06
2.4742117e-05
4.4893191e-06
2.4530562e-05
3.9080186e-06
2.4345813e-05
3.4227983e-06
2.4183315e-05
3.0238689e-06
2.4039231e-05
2.6884095e-06
2.3910477e-05
2.4026033e-06
2.3794625e-05
2.1569211e-06
2.3689763e-05
1.9441294e-06
2.3594369e-05
1.758591e-06
2.3507213e-05
1.5958473e-06
2.3427285e-05
1.452331e-06
2.3353748e-05
1.3251609e-06
2.3285902e-05
1.2119891e-06
2.3223151e-05
1.1108849e-06
2.3164986e-05
1.020246e-06
2.3110968e-05
9.3873136e-07
2.3060713e-05
8.6520918e-07
2.3013886e-05
7.9871926e-07
2.2970192e-05
7.3844138e-07
2.2929367e-05
6.836701e-07
2.2891178e-05
6.3379532e-07
2.2855416e-05
5.8828654e-07
2.2821891e-05
5.4668027e-07
2.2790434e-05
5.0857184e-07
2.276089e-05
4.7360855e-07
2.2733122e-05
4.4148213e-07
2.2707001e-05
4.1191928e-07
2.2682411e-05
3.8467259e-07
2.2659248e-05
3.5951937e-07
2.2637413e-05
3.3626209e-07
2.2616819e-05
3.1472841e-07
2.2597383e-05
2.9476844e-07
2.2579031e-05
2.7625053e-07
2.2561694e-05
2.590551e-07
2.2545308e-05
2.4306955e-07
2.2529814e-05
2.2818971e-07
2.2515158e-05
2.1432181e-07
2.2501288e-05
2.0138387e-07
2.248816e-05
1.893059e-07
2.2475728e-05
1.7802521e-07
2.2463955e-05
1.674818e-07
2.24528e-05
1.5761888e-07
2.2442231e-05
1.4838204e-07
2.2432214e-05
1.3972434e-07
2.2422718e-05
1.3160885e-07
2.2413717e-05
1.2400093e-07
2.2405182e-05
1.1686481e-07
2.2397088e-05
1.1016594e-07
2.2389413e-05
1.0387203e-07
2.2382134e-05
9.7955657e-08
2.237523e-05
9.2397536e-08
2.2368682e-05
8.7178614e-08
2.2362471e-05
8.2274667e-08
2.2356579e-05
7.7661093e-08
2.2350989e-05
7.331514e-08
2.2345687e-05
6.9218266e-08
2.2340657e-05
6.5358706e-08
2.2335886e-05
6.1726305e-08
2.2331359e-05
5.8307546e-08
2.2327065e-05
5.5088522e-08
2.2322992e-05
5.2055213e-08
2.2319128e-05
4.9194176e-08
2.2315462e-05
4.6496094e-08
2.2311985e-05
4.3947086e-08
2.2308688e-05
4.152904e-08
2.230556e-05
3.9270039e-08
2.2302593e-05
3.7150148e-08
2.2299778e-05
3.5142115e-08
2.2297109e-05
3.3226319e-08
2.2294579e-05
3.1405743e-08
2.2292181e-05
2.9695282e-08
2.2289908e-05
2.8084496e-08
2.2287754e-05
2.6571273e-08
2.2285712e-05
2.5141367e-08
2.2283777e-05
2.3783795e-08
2.2281943e-05
2.2529855e-08
2.2280208e-05
2.1283222e-08
2.2278554e-05
2.0288772e-08
2.2277037e-05
1.8602699e-08
2.2275317e-05
2.1280785e-08
1.2987172e-08
2.8918073e-05
2.3682964e-05
-2.8827047e-05
2.8943269e-05
1.7364677e-05
2.8942045e-05
1.4449953e-05
2.8937489e-05
1.3303404e-05
2.8935004e-05
1.2920851e-05
2.8934378e-05
1.2795024e-05
2.8935667e-05
1.2764102e-05
2.8935819e-05
1.2854001e-05
2.8924239e-05
1.31007e-05
2.8864789e-05
1.3426324e-05
2.8702225e-05
1.3590656e-05
2.8419956e-05
1.3309569e-05
2.8057645e-05
1.2495051e-05
2.7666733e-05
1.129798e-05
2.7277755e-05
9.9513076e-06
2.6898676e-05
8.6319211e-06
2.6537553e-05
7.4299654e-06
2.620687e-05
6.3755674e-06
2.5913034e-05
5.4819398e-06
2.5655773e-05
4.7465804e-06
2.5431325e-05
4.1324666e-06
2.5235139e-05
3.6189847e-06
2.5062634e-05
3.196373e-06
2.4909816e-05
2.8412276e-06
2.4773407e-05
2.5390125e-06
2.4650791e-05
2.2795371e-06
2.4539898e-05
2.055023e-06
2.4439076e-05
1.8594126e-06
2.4346995e-05
1.6879282e-06
2.4262568e-05
1.5367584e-06
2.4184895e-05
1.4028332e-06
2.4113227e-05
1.2836572e-06
2.4046929e-05
1.1771829e-06
2.398546e-05
1.0817153e-06
2.3928353e-05
9.9583798e-07
2.3875205e-05
9.1835779e-07
2.382566e-05
8.4826381e-07
2.3779408e-05
7.8469354e-07
2.3736172e-05
7.2690592e-07
2.3695707e-05
6.7426061e-07
2.3657792e-05
6.2620116e-07
2.3622231e-05
5.822417e-07
2.3588845e-05
5.4195814e-07
2.3557472e-05
5.0498083e-07
2.3527968e-05
4.7098652e-07
2.3500198e-05
4.3968878e-07
2.3474043e-05
4.1082845e-07
2.344939e-05
3.8417242e-07
2.3426138e-05
3.5951373e-07
2.3404195e-05
3.3667165e-07
2.3383474e-05
3.1548874e-07
2.3363898e-05
2.9582653e-07
2.3345394e-05
2.7755928e-07
2.3327895e-05
2.605688e-07
2.3311339e-05
2.4474588e-07
2.3295668e-05
2.2999208e-07
2.3280831e-05
2.162211e-07
2.3266778e-05
2.0335903e-07
2.3253464e-05
1.9133966e-07
2.3240846e-05
1.8009986e-07
2.3228885e-05
1.6957995e-07
2.3217544e-05
1.5972285e-07
2.3206789e-05
1.504791e-07
2.3196588e-05
1.4180948e-07
2.3186912e-05
1.3367734e-07
2.3177732e-05
1.2604505e-07
2.3169021e-05
1.1887634e-07
2.3160756e-05
1.1213735e-07
2.3152912e-05
1.0579913e-07
2.3145469e-05
9.9841066e-08
2.3138405e-05
9.4242967e-08
2.31317e-05
8.8979515e-08
2.3125336e-05
8.4025006e-08
2.3119295e-05
7.9355566e-08
2.3113562e-05
7.4951584e-08
2.310812e-05
7.0800425e-08
2.3102955e-05
6.6891222e-08
2.3098053e-05
6.3209749e-08
2.30934e-05
5.974145e-08
2.3088984e-05
5.6471658e-08
2.3084792e-05
5.3386111e-08
2.3080813e-05
5.0474714e-08
2.3077038e-05
4.7722701e-08
2.3073456e-05
4.511106e-08
2.3070056e-05
4.2669431e-08
2.306683e-05
4.0376895e-08
2.3063767e-05
3.8204993e-08
2.3060861e-05
3.6132349e-08
2.3058105e-05
3.4161317e-08
2.3055492e-05
3.23083e-08
2.3053014e-05
3.0562448e-08
2.3050664e-05
2.8921153e-08
2.3048436e-05
2.7369786e-08
2.3046323e-05
2.5896467e-08
2.3044319e-05
2.4533996e-08
2.3042422e-05
2.3179761e-08
2.3040614e-05
2.2097434e-08
2.3038954e-05
2.0262179e-08
2.3037071e-05
2.316382e-08
1.4126752e-08
2.9729532e-05
2.3591034e-05
-2.9637602e-05
2.9756106e-05
1.7338102e-05
2.9757034e-05
1.4449025e-05
2.9752526e-05
1.3307911e-05
2.9750061e-05
1.2923316e-05
2.9749262e-05
1.2795824e-05
2.9750459e-05
1.2762904e-05
2.9751923e-05
1.2852538e-05
2.974739e-05
1.3105233e-05
2.9712585e-05
1.3461128e-05
2.9594959e-05
1.3708282e-05
2.935799e-05
1.3546537e-05
2.9023947e-05
1.2829094e-05
2.8643176e-05
1.1678752e-05
2.8257147e-05
1.0337336e-05
2.78812e-05
9.0078685e-06
2.751893e-05
7.7922356e-06
2.7180021e-05
6.7144757e-06
2.6873491e-05
5.78847e-06
2.6602329e-05
5.0177422e-06
2.6364545e-05
4.3702512e-06
2.6156264e-05
3.8272653e-06
2.5973062e-05
3.3795748e-06
2.5810864e-05
3.0034263e-06
2.5666226e-05
2.6836502e-06
2.5536351e-05
2.4094126e-06
2.5419e-05
2.1723737e-06
2.5312385e-05
1.9660278e-06
2.5215063e-05
1.7852501e-06
2.5125859e-05
1.6259621e-06
2.5043806e-05
1.4848865e-06
2.4968097e-05
1.359366e-06
2.4898054e-05
1.2472259e-06
2.48331e-05
1.1466692e-06
2.477274e-05
1.0561983e-06
2.4716544e-05
9.7455334e-07
2.4664139e-05
9.0066886e-07
2.4615196e-05
8.336369e-07
2.4569423e-05
7.7267836e-07
2.4526563e-05
7.1712063e-07
2.4486385e-05
6.663797e-07
2.444868e-05
6.1994598e-07
2.4413264e-05
5.773749e-07
2.4379966e-05
5.3827889e-07
2.4348633e-05
5.0231899e-07
2.4319127e-05
4.6919493e-07
2.429132e-05
4.3863529e-07
2.4265097e-05
4.1039599e-07
2.424035e-05
3.8426026e-07
2.4216983e-05
3.6003861e-07
2.4194906e-05
3.3756568e-07
2.4174037e-05
3.166959e-07
2.4154299e-05
2.9729707e-07
2.4135623e-05
2.792452e-07
2.4117943e-05
2.6242579e-07
2.4101199e-05
2.4673552e-07
2.4085337e-05
2.320836e-07
2.4070304e-05
2.18392e-07
2.4056053e-05
2.0559083e-07
2.4042539e-05
1.9361365e-07
2.4029721e-05
1.8239776e-07
2.4017561e-05
1.7188328e-07
2.4006022e-05
1.620181e-07
2.399507e-05
1.5276061e-07
2.3984676e-05
1.4407203e-07
2.3974808e-05
1.3591275e-07
2.396544e-05
1.2824474e-07
2.3956545e-05
1.2103245e-07
2.3948098e-05
1.1424537e-07
2.3940078e-05
1.0786146e-07
2.3932462e-05
1.0185935e-07
2.3925229e-05
9.621256e-08
2.3918359e-05
9.0894253e-08
2.3911835e-05
8.5879393e-08
2.390564e-05
8.1147266e-08
2.3899756e-05
7.6684323e-08
2.3894168e-05
7.2478947e-08
2.3888862e-05
6.8516168e-08
2.3883822e-05
6.4780759e-08
2.3879037e-05
6.1257388e-08
2.3874492e-05
5.7930964e-08
2.3870176e-05
5.4790565e-08
2.3866078e-05
5.1820483e-08
2.3862188e-05
4.9000761e-08
2.3858495e-05
4.6362702e-08
2.3854988e-05
4.3884348e-08
2.3851657e-05
4.1536018e-08
2.3848495e-05
3.9294486e-08
2.3845495e-05
3.716132e-08
2.3842648e-05
3.5154558e-08
2.3839948e-05
3.3262988e-08
2.3837386e-05
3.1483434e-08
2.3834954e-05
2.9800886e-08
2.3832648e-05
2.8202526e-08
2.383046e-05
2.6722721e-08
2.3828387e-05
2.5252103e-08
2.382641e-05
2.4074764e-08
2.3824595e-05
2.2077182e-08
2.3822534e-05
2.5224682e-08
1.5374257e-08
3.0563801e-05
2.3498237e-05
-3.0471004e-05
3.0591644e-05
1.731026e-05
3.0594675e-05
1.4445994e-05
3.0590137e-05
1.3312449e-05
3.0587892e-05
1.2925562e-05
3.0587104e-05
1.2796612e-05
3.0588228e-05
1.2761781e-05
3.0590209e-05
1.2850557e-05
3.0589913e-05
1.3105528e-05
3.0571852e-05
1.347919e-05
3.0493208e-05
1.3786926e-05
3.0305079e-05
1.3734666e-05
3.0007028e-05
1.3127145e-05
2.9643339e-05
1.204244e-05
2.9261201e-05
1.0719475e-05
2.8887066e-05
9.382003e-06
2.8526493e-05
8.1528084e-06
2.8183373e-05
7.057596e-06
2.7866661e-05
6.1051816e-06
2.7582449e-05
5.3019546e-06
2.7331234e-05
4.6214663e-06
2.7110345e-05
4.0481545e-06
2.691579e-05
3.5741295e-06
2.6743548e-05
3.1756682e-06
2.6590071e-05
2.8371272e-06
2.6452397e-05
2.5470864e-06
2.6328122e-05
2.2966484e-06
2.6215311e-05
2.0788392e-06
2.61124e-05
1.8881614e-06
2.6018116e-05
1.7202457e-06
2.5931415e-05
1.5715879e-06
2.5851428e-05
1.4393531e-06
2.5777427e-05
1.3212267e-06
2.5708795e-05
1.2153008e-06
2.5645005e-05
1.1199887e-06
2.55856e-05
1.0339584e-06
2.5530184e-05
9.5608512e-07
2.5478408e-05
8.8541205e-07
2.5429968e-05
8.211192e-07
2.5384589e-05
7.6249947e-07
2.5342029e-05
7.0893943e-07
2.5302071e-05
6.599043e-07
2.5264518e-05
6.1492777e-07
2.5229193e-05
5.736034e-07
2.5195937e-05
5.3557562e-07
2.5164602e-05
5.005296e-07
2.5135056e-05
4.6818104e-07
2.5107178e-05
4.3827438e-07
2.5080856e-05
4.1058258e-07
2.5055987e-05
3.8490694e-07
2.5032479e-05
3.610739e-07
2.5010245e-05
3.3893041e-07
2.4989204e-05
3.1833756e-07
2.4969284e-05
2.9916527e-07
2.4950416e-05
2.8129353e-07
2.4932538e-05
2.6461392e-07
2.491559e-05
2.4903098e-07
2.489952e-05
2.3446236e-07
2.4884277e-05
2.208343e-07
2.4869813e-05
2.0807687e-07
2.4856087e-05
1.9612424e-07
2.4843057e-05
1.8491355e-07
2.4830685e-05
1.7438994e-07
2.4818936e-05
1.6450928e-07
2.4807778e-05
1.5523054e-07
2.4797178e-05
1.4651205e-07
2.4787109e-05
1.3831388e-07
2.4777543e-05
1.3059876e-07
2.4768454e-05
1.2333449e-07
2.4759818e-05
1.164976e-07
2.4751612e-05
1.1006541e-07
2.4743814e-05
1.0401026e-07
2.4736404e-05
9.8304133e-08
2.4729363e-05
9.2920788e-08
2.4722671e-05
8.7838369e-08
2.4716313e-05
8.3042373e-08
2.4710272e-05
7.8520393e-08
2.4704531e-05
7.4256682e-08
2.4699077e-05
7.0235309e-08
2.4693894e-05
6.6440274e-08
2.4688969e-05
6.2855635e-08
2.468429e-05
5.9469605e-08
2.4679845e-05
5.6265474e-08
2.4675624e-05
5.3222288e-08
2.4671613e-05
5.0373131e-08
2.4667803e-05
4.7694939e-08
2.4664182e-05
4.5156809e-08
2.4660743e-05
4.273357e-08
2.4657478e-05
4.0425825e-08
2.465438e-05
3.8253383e-08
2.4651438e-05
3.6204722e-08
2.4648645e-05
3.427603e-08
2.4645994e-05
3.2451919e-08
2.4643478e-05
3.0718579e-08
2.4641089e-05
2.9112028e-08
2.4638825e-05
2.7515631e-08
2.4636664e-05
2.6235671e-08
2.463468e-05
2.406154e-08
2.4632425e-05
2.747957e-08
1.673968e-08
3.1421902e-05
2.3404188e-05
-3.1327853e-05
3.1450644e-05
1.7281518e-05
3.1455276e-05
1.4441362e-05
3.1450978e-05
1.3316747e-05
3.1449115e-05
1.2927425e-05
3.144845e-05
1.2797277e-05
3.1449597e-05
1.2760633e-05
3.1451703e-05
1.2848451e-05
3.1453801e-05
1.3103431e-05
3.1446324e-05
1.3486666e-05
3.1398625e-05
1.3834626e-05
3.125874e-05
1.3874551e-05
3.1003807e-05
1.3382078e-05
3.0665121e-05
1.2381126e-05
3.0290955e-05
1.1093641e-05
2.9917676e-05
9.7552819e-06
2.955881e-05
8.5116742e-06
2.9215186e-05
7.4012199e-06
2.8891779e-05
6.4285887e-06
2.8596368e-05
5.5973657e-06
2.8332194e-05
4.8856407e-06
2.8098454e-05
4.2818941e-06
2.7891998e-05
3.7805855e-06
2.7709072e-05
3.3585946e-06
2.7546125e-05
3.0000742e-06
2.7400076e-05
2.6931347e-06
2.7268369e-05
2.4283555e-06
2.714892e-05
2.1982888e-06
2.7040036e-05
1.9970453e-06
2.6940339e-05
1.8199427e-06
2.6848697e-05
1.6632298e-06
2.6764173e-05
1.523877e-06
2.6685983e-05
1.3994163e-06
2.6613466e-05
1.2878181e-06
2.6546057e-05
1.1873983e-06
2.6483269e-05
1.0967461e-06
2.6424681e-05
1.0146725e-06
2.6369926e-05
9.4016757e-07
2.6318678e-05
8.7236728e-07
2.627065e-05
8.1052747e-07
2.6225586e-05
7.5400323e-07
2.6183257e-05
7.0223292e-07
2.6143458e-05
6.5472711e-07
2.6106002e-05
6.1105934e-07
2.6070721e-05
5.7085651e-07
2.6037462e-05
5.3378842e-07
2.6006086e-05
4.9955719e-07
2.5976465e-05
4.6789522e-07
2.5948483e-05
4.3856471e-07
2.5922033e-05
4.1135733e-07
2.5897016e-05
3.860909e-07
2.5873342e-05
3.626046e-07
2.5850927e-05
3.4075248e-07
2.5829694e-05
3.2039809e-07
2.5809572e-05
3.0141565e-07
2.5790494e-05
2.8369147e-07
2.57724e-05
2.6712516e-07
2.5755233e-05
2.5162987e-07
2.5738939e-05
2.3712778e-07
2.5723471e-05
2.2354532e-07
2.5708782e-05
2.1081334e-07
2.5694829e-05
1.9886586e-07
2.5681574e-05
1.8764516e-07
2.5668979e-05
1.7710444e-07
2.5657009e-05
1.672003e-07
2.5645632e-05
1.5788891e-07
2.5634818e-05
1.4912833e-07
2.5624537e-05
1.4087946e-07
2.5614763e-05
1.331084e-07
2.5605471e-05
1.2579009e-07
2.5596636e-05
1.1890054e-07
2.5588235e-05
1.1241081e-07
2.5580247e-05
1.0629166e-07
2.5572653e-05
1.0051561e-07
2.5565431e-05
9.5059631e-08
2.5558566e-05
8.9908212e-08
2.5552038e-05
8.504812e-08
2.5545832e-05
8.0462793e-08
2.5539931e-05
7.613557e-08
2.5534322e-05
7.2049769e-08
2.5528989e-05
6.8188585e-08
2.5523919e-05
6.4539326e-08
2.5519101e-05
6.1084221e-08
2.5514522e-05
5.7801262e-08
2.5510169e-05
5.4725444e-08
2.5506032e-05
5.1832525e-08
2.5502098e-05
4.9090373e-08
2.549836e-05
4.6471796e-08
2.5494809e-05
4.3976234e-08
2.5491437e-05
4.1625396e-08
2.5488235e-05
3.9407523e-08
2.5485193e-05
3.7318095e-08
2.5482303e-05
3.5341338e-08
2.5479559e-05
3.3462411e-08
2.5476952e-05
3.1719062e-08
2.5474481e-05
2.9986844e-08
2.5472121e-05
2.8596164e-08
2.5469952e-05
2.6230106e-08
2.5467486e-05
2.9945939e-08
1.8233813e-08
3.2304671e-05
2.3308303e-05
-3.2208785e-05
3.2334044e-05
1.7252144e-05
3.2339557e-05
1.4435849e-05
3.233569e-05
1.3320614e-05
3.2334337e-05
1.2928778e-05
3.2333878e-05
1.2797735e-05
3.2335159e-05
1.2759352e-05
3.2337294e-05
1.2846315e-05
3.2340522e-05
1.3100203e-05
3.2339561e-05
1.3487626e-05
3.2314206e-05
1.3859981e-05
3.2217863e-05
1.3970894e-05
3.2011201e-05
1.3588741e-05
3.170576e-05
1.2686567e-05
3.134634e-05
1.1453061e-05
3.0975203e-05
1.0126419e-05
3.0616267e-05
8.87061e-06
3.0273655e-05
7.7438322e-06
2.9947344e-05
6.7548993e-06
2.9643675e-05
5.9010351e-06
2.9367859e-05
5.1614561e-06
2.9121488e-05
4.5282654e-06
2.8902802e-05
3.9992716e-06
2.8708634e-05
3.5527629e-06
2.8535598e-05
3.17311e-06
2.8380576e-05
2.848156e-06
2.8240893e-05
2.5680394e-06
2.8114323e-05
2.3248582e-06
2.7999046e-05
2.1123228e-06
2.7893568e-05
1.9254202e-06
2.7796665e-05
1.7601333e-06
2.7707321e-05
1.6132206e-06
2.7624692e-05
1.4820458e-06
2.7548064e-05
1.3644461e-06
2.7476831e-05
1.2586305e-06
2.7410475e-05
1.163102e-06
2.7348546e-05
1.0766014e-06
2.7290653e-05
9.9806107e-07
2.7236451e-05
9.2656928e-07
2.7185637e-05
8.6134188e-07
2.713794e-05
8.0170016e-07
2.7093119e-05
7.4705364e-07
2.7050958e-05
6.9688827e-07
2.7011261e-05
6.5075629e-07
2.6973851e-05
6.08266e-07
2.6938569e-05
5.6907094e-07
2.6905267e-05
5.328589e-07
2.6873813e-05
4.9934963e-07
2.6844083e-05
4.6829399e-07
2.6815967e-05
4.3947358e-07
2.6789361e-05
4.1269719e-07
2.676417e-05
3.8779585e-07
2.6740306e-05
3.6461626e-07
2.6717689e-05
3.4301531e-07
2.6696243e-05
3.228612e-07
2.66759e-05
3.0403471e-07
2.6656595e-05
2.8643035e-07
2.6638268e-05
2.6995652e-07
2.6620865e-05
2.5453117e-07
2.6604333e-05
2.4007689e-07
2.6588625e-05
2.2652104e-07
2.6573697e-05
2.1379441e-07
2.6559506e-05
2.0183623e-07
2.6546013e-05
1.9059693e-07
2.6533183e-05
1.8003059e-07
2.6520981e-05
1.7009111e-07
2.6509375e-05
1.6073444e-07
2.6498335e-05
1.5191955e-07
2.6487832e-05
1.4361073e-07
2.6477841e-05
1.3578132e-07
2.6468336e-05
1.2840585e-07
2.6459292e-05
1.2145411e-07
2.6450688e-05
1.1489555e-07
2.6442503e-05
1.0870142e-07
2.6434715e-05
1.0284747e-07
2.6427306e-05
9.7317144e-08
2.6420258e-05
9.2096337e-08
2.6413553e-05
8.7167639e-08
2.6407175e-05
8.2513628e-08
2.6401108e-05
7.8116923e-08
2.6395336e-05
7.3959851e-08
2.6389847e-05
7.0028776e-08
2.6384626e-05
6.6304802e-08
2.6379663e-05
6.2764811e-08
2.6374942e-05
5.9445848e-08
2.6370453e-05
5.6322407e-08
2.6366182e-05
5.3361136e-08
2.6362121e-05
5.0532753e-08
2.6358262e-05
4.7835309e-08
2.6354595e-05
4.5292549e-08
2.635111e-05
4.2892564e-08
2.6347798e-05
4.0630049e-08
2.634465e-05
3.8488839e-08
2.6341659e-05
3.6453012e-08
2.6338816e-05
3.4562147e-08
2.633612e-05
3.2683391e-08
2.6333543e-05
3.1173382e-08
2.6331174e-05
2.8598786e-08
2.6328477e-05
3.2642547e-08
1.9868284e-08
3.3212586e-05
2.3210228e-05
-3.3114512e-05
3.3242711e-05
1.7222019e-05
3.3248659e-05
1.4429901e-05
3.3244962e-05
1.3324311e-05
3.3244165e-05
1.2929575e-05
3.3244003e-05
1.2797897e-05
3.3245523e-05
1.2757833e-05
3.324774e-05
1.2844098e-05
3.3251384e-05
1.309656e-05
3.3254257e-05
1.3484754e-05
3.3243523e-05
1.3870715e-05
3.3183287e-05
1.403113e-05
3.3026456e-05
1.3745571e-05
3.2761958e-05
1.2951065e-05
3.2425201e-05
1.1789818e-05
3.2060725e-05
1.0490894e-05
3.1700638e-05
9.2306974e-06
3.135774e-05
8.0867305e-06
3.1031495e-05
7.0811443e-06
3.0723177e-05
6.209353e-06
3.0438087e-05
5.4465454e-06
3.0180019e-05
4.786334e-06
2.994916e-05
4.2301305e-06
2.9743377e-05
3.7585458e-06
2.9559703e-05
3.3567843e-06
2.9395117e-05
3.0127418e-06
2.9246889e-05
2.7162676e-06
2.9112683e-05
2.4590637e-06
2.8990554e-05
2.2344521e-06
2.8878893e-05
2.0370809e-06
2.8776375e-05
1.8626516e-06
2.8681901e-05
1.7076945e-06
2.8594557e-05
1.5693902e-06
2.8513573e-05
1.4454299e-06
2.8438298e-05
1.3339056e-06
2.8368174e-05
1.2332258e-06
2.8302721e-05
1.1420542e-06
2.8241522e-05
1.0592604e-06
2.818421e-05
9.8388076e-07
2.8130464e-05
9.1508773e-07
2.8079999e-05
8.5216607e-07
2.8032558e-05
7.9449433e-07
2.7987914e-05
7.4153207e-07
2.7945862e-05
6.9280878e-07
2.7906215e-05
6.4791296e-07
2.7868805e-05
6.064809e-07
2.7833478e-05
5.6818523e-07
2.7800096e-05
5.3273234e-07
2.7768528e-05
4.9986116e-07
2.7738659e-05
4.693427e-07
2.771038e-05
4.4097629e-07
2.7683592e-05
4.1458445e-07
2.7658202e-05
3.9000613e-07
2.7634126e-05
3.6709126e-07
2.7611285e-05
3.4570177e-07
2.7589607e-05
3.2571265e-07
2.7569025e-05
3.0701309e-07
2.7549475e-05
2.8950655e-07
2.7530899e-05
2.7310651e-07
2.7513245e-05
2.5773154e-07
2.749646e-05
2.4330536e-07
2.7480499e-05
2.2975535e-07
2.7465318e-05
2.1701754e-07
2.7450875e-05
2.0503946e-07
2.7437133e-05
1.9377253e-07
2.7424056e-05
1.8316826e-07
2.741161e-05
1.7318034e-07
2.7399764e-05
1.6376576e-07
2.7388488e-05
1.5488689e-07
2.7377754e-05
1.4651535e-07
2.7367536e-05
1.3862418e-07
2.7357808e-05
1.3118175e-07
2.7348547e-05
1.241562e-07
2.7339731e-05
1.1751744e-07
2.7331339e-05
1.1123996e-07
2.732335e-05
1.0530612e-07
2.7315745e-05
9.9700894e-08
2.7308507e-05
9.4405987e-08
2.7301617e-05
8.9403181e-08
2.729506e-05
8.4674388e-08
2.7288819e-05
8.0201052e-08
2.7282879e-05
7.5968561e-08
2.7277227e-05
7.1956833e-08
2.727185e-05
6.8141578e-08
2.7266734e-05
6.4562041e-08
2.7261865e-05
6.1191358e-08
2.7257231e-05
5.7994965e-08
2.7252823e-05
5.4941438e-08
2.7248631e-05
5.2027197e-08
2.7244645e-05
4.9278147e-08
2.7240855e-05
4.6682339e-08
2.7237252e-05
4.4233605e-08
2.7233825e-05
4.1915376e-08
2.7230568e-05
3.9710606e-08
2.7227469e-05
3.7660809e-08
2.7224528e-05
3.562409e-08
2.7221716e-05
3.3985616e-08
2.721913e-05
3.118456e-08
2.7216183e-05
3.5589477e-08
2.1655579e-08
3.4146266e-05
2.310979e-05
-3.4045828e-05
3.4177269e-05
1.7191017e-05
3.418358e-05
1.442359e-05
3.4179753e-05
1.3328137e-05
3.417934e-05
1.2929989e-05
3.4179532e-05
1.2797705e-05
3.4181347e-05
1.2756017e-05
3.4183728e-05
1.2841717e-05
3.4187523e-05
1.3092765e-05
3.4192371e-05
1.3479905e-05
3.4190737e-05
1.3872349e-05
3.4157705e-05
1.4064162e-05
3.4047484e-05
1.3855792e-05
3.3830177e-05
1.3168372e-05
3.3524652e-05
1.2095343e-05
3.3173546e-05
1.0842e-05
3.2814334e-05
9.5899091e-06
3.2469144e-05
8.4319208e-06
3.2142889e-05
7.4073995e-06
3.1833142e-05
6.5190999e-06
3.1541977e-05
5.7377099e-06
3.1274098e-05
5.0542139e-06
3.1031741e-05
4.4724869e-06
3.0814307e-05
3.9759804e-06
3.0619605e-05
3.5514858e-06
3.0444923e-05
3.1874238e-06
3.0287588e-05
2.8736025e-06
3.0145208e-05
2.6014437e-06
3.0015735e-05
2.3639246e-06
2.9897453e-05
2.155363e-06
2.9788933e-05
1.971172e-06
2.9688987e-05
1.8076402e-06
2.9596626e-05
1.6617512e-06
2.9511019e-05
1.5310376e-06
2.9431461e-05
1.4134635e-06
2.9357353e-05
1.3073336e-06
2.928818e-05
1.2112274e-06
2.9223495e-05
1.1239455e-06
2.9162908e-05
1.0444675e-06
2.9106077e-05
9.719188e-07
2.9052698e-05
9.0554449e-07
2.9002503e-05
8.4468961e-07
2.895525e-05
7.8878532e-07
2.8910722e-05
7.3733672e-07
2.8868724e-05
6.8991115e-07
2.8829078e-05
6.4612653e-07
2.8791624e-05
6.0563938e-07
2.8756214e-05
5.6814194e-07
2.8722715e-05
5.3336057e-07
2.8691002e-05
5.0105512e-07
2.8660964e-05
4.7101497e-07
2.8632495e-05
4.430537e-07
2.8605498e-05
4.1700218e-07
2.8579887e-05
3.9270301e-07
2.8555577e-05
3.7001155e-07
2.8532493e-05
3.4879679e-07
2.8510564e-05
3.2894235e-07
2.8489724e-05
3.103465e-07
2.8469912e-05
2.9291807e-07
2.8451072e-05
2.7657139e-07
2.8433151e-05
2.6122638e-07
2.84161e-05
2.4680681e-07
2.8399872e-05
2.3324541e-07
2.8384425e-05
2.2048661e-07
2.8369718e-05
2.0847906e-07
2.8355715e-05
1.9717171e-07
2.8342379e-05
1.8651592e-07
2.8329678e-05
1.7646654e-07
2.8317581e-05
1.6698395e-07
2.8306059e-05
1.5803795e-07
2.8295083e-05
1.4959999e-07
2.8284628e-05
1.4163698e-07
2.8274668e-05
1.3411564e-07
2.8265181e-05
1.2700453e-07
2.8256144e-05
1.2027681e-07
2.8247537e-05
1.1391371e-07
2.8239338e-05
1.0789925e-07
2.823153e-05
1.0221421e-07
2.8224094e-05
9.6839524e-08
2.8217012e-05
9.1756396e-08
2.8210267e-05
8.6945373e-08
2.8203845e-05
8.2390842e-08
2.8197731e-05
7.8071467e-08
2.819191e-05
7.396172e-08
2.8186369e-05
7.010321e-08
2.8181093e-05
6.6467614e-08
2.8176069e-05
6.3019163e-08
2.8171286e-05
5.9724262e-08
2.8166736e-05
5.6577427e-08
2.8162407e-05
5.360685e-08
2.8158289e-05
5.0800666e-08
2.8154371e-05
4.8151769e-08
2.8150643e-05
4.5643168e-08
2.8147097e-05
4.3256645e-08
2.8143722e-05
4.1035773e-08
2.8140517e-05
3.8828928e-08
2.813745e-05
3.705231e-08
2.8134629e-05
3.4005467e-08
2.8131411e-05
3.8808139e-08
2.3609042e-08
3.510646e-05
2.3006923e-05
-3.5003593e-05
3.5138354e-05
1.7159123e-05
3.5145136e-05
1.4416808e-05
3.5141036e-05
1.3332237e-05
3.5140748e-05
1.2930276e-05
3.5141219e-05
1.2797235e-05
3.5143334e-05
1.2753902e-05
3.5145961e-05
1.283909e-05
3.5149879e-05
1.3088847e-05
3.5155687e-05
1.3474097e-05
3.5159433e-05
1.3868602e-05
3.5144606e-05
1.407899e-05
3.5074263e-05
1.3926135e-05
3.4907303e-05
1.3335332e-05
3.464116e-05
1.2361486e-05
3.4311377e-05
1.1171783e-05
3.3958348e-05
9.9429379e-06
3.3610884e-05
8.7793848e-06
3.3282134e-05
7.7361488e-06
3.2971957e-05
6.8292777e-06
3.2677939e-05
6.0317279e-06
3.2403044e-05
5.3291088e-06
3.2150735e-05
4.7247955e-06
3.1922155e-05
4.2045608e-06
3.1716335e-05
3.7573052e-06
3.1531169e-05
3.3725899e-06
3.1364219e-05
3.0405528e-06
3.1213131e-05
2.7525319e-06
3.1075804e-05
2.5012516e-06
3.0950431e-05
2.2807354e-06
3.0835488e-05
2.0861152e-06
3.0729697e-05
1.9134318e-06
3.0631987e-05
1.7594604e-06
3.0541462e-05
1.6215633e-06
3.0457359e-05
1.4975665e-06
3.0379031e-05
1.385661e-06
3.0305925e-05
1.2843339e-06
3.023756e-05
1.19231e-06
3.0173521e-05
1.1085071e-06
3.0113441e-05
1.0319991e-06
3.0056997e-05
9.6198769e-07
3.0003905e-05
8.9778171e-07
2.9953909e-05
8.3878153e-07
2.990678e-05
7.8446598e-07
2.9862311e-05
7.3437969e-07
2.9820317e-05
6.8812089e-07
2.9780627e-05
6.4532896e-07
2.9743088e-05
6.0568111e-07
2.9707558e-05
5.6889036e-07
2.9673909e-05
5.3470478e-07
2.964202e-05
5.0290329e-07
2.9611784e-05
4.7329007e-07
2.9583099e-05
4.4568748e-07
2.9555871e-05
4.1993044e-07
2.9530015e-05
3.9586744e-07
2.9505451e-05
3.733612e-07
2.9482104e-05
3.5228951e-07
2.9459905e-05
3.3254525e-07
2.9438791e-05
3.1403234e-07
2.9418701e-05
2.9666069e-07
2.9399582e-05
2.8034621e-07
2.938138e-05
2.6500893e-07
2.9364047e-05
2.5057807e-07
2.9347539e-05
2.3699481e-07
2.9331813e-05
2.2420489e-07
2.931683e-05
2.1215458e-07
2.9302553e-05
2.0079276e-07
2.9288948e-05
1.9007201e-07
2.9275981e-05
1.7995063e-07
2.9263622e-05
1.703965e-07
2.9251843e-05
1.6137939e-07
2.9240615e-05
1.5286465e-07
2.9229913e-05
1.4481751e-07
2.9219713e-05
1.3720514e-07
2.920999e-05
1.2999931e-07
2.9200724e-05
1.2318008e-07
2.9191893e-05
1.1673045e-07
2.9183477e-05
1.1063023e-07
2.9175457e-05
1.0485951e-07
2.9167814e-05
9.9398727e-08
2.9160532e-05
9.4227537e-08
2.9153594e-05
8.93293e-08
2.9146984e-05
8.4681359e-08
2.9140689e-05
8.0256877e-08
2.9134692e-05
7.610001e-08
2.9128979e-05
7.2180856e-08
2.9123535e-05
6.8462454e-08
2.9118351e-05
6.4909021e-08
2.9113415e-05
6.1512888e-08
2.9108717e-05
5.8304649e-08
2.9104245e-05
5.5272665e-08
2.9099988e-05
5.2408817e-08
2.9095936e-05
4.9695668e-08
2.9092079e-05
4.7113785e-08
2.9088406e-05
4.4708936e-08
2.9084915e-05
4.2319027e-08
2.9081574e-05
4.0394021e-08
2.9078499e-05
3.7080576e-08
2.9074986e-05
4.2321233e-08
2.5742863e-08
3.6093915e-05
2.2901577e-05
-3.5988569e-05
3.6126661e-05
1.7126376e-05
3.6134047e-05
1.4409422e-05
3.6129619e-05
1.3336665e-05
3.6129238e-05
1.2930658e-05
3.6129948e-05
1.2796524e-05
3.6132341e-05
1.2751509e-05
3.6135194e-05
1.2836237e-05
3.6139291e-05
1.308475e-05
3.6145192e-05
1.3468196e-05
3.6151868e-05
1.3861926e-05
3.6148783e-05
1.4082075e-05
3.6109218e-05
1.39657e-05
3.5990659e-05
1.3453891e-05
3.5770786e-05
1.258136e-05
3.547112e-05
1.1471449e-05
3.513105e-05
1.0283007e-05
3.4784486e-05
9.1259487e-06
3.445161e-05
8.0690248e-06
3.4139139e-05
7.1417489e-06
3.3844191e-05
6.3266764e-06
3.3565429e-05
5.6078701e-06
3.3305648e-05
4.9845774e-06
3.3067216e-05
4.4429928e-06
3.2850675e-05
3.9738461e-06
3.2654909e-05
3.5683554e-06
3.247797e-05
3.2174923e-06
3.2317692e-05
2.9128096e-06
3.2172005e-05
2.6469385e-06
3.2039056e-05
2.4136848e-06
3.191724e-05
2.2079304e-06
3.1805197e-05
2.0254751e-06
3.1701777e-05
1.8628805e-06
3.160601e-05
1.7173303e-06
3.1517074e-05
1.5865027e-06
3.1434269e-05
1.4684658e-06
3.1356998e-05
1.3616055e-06
3.1284744e-05
1.2645639e-06
3.121706e-05
1.176191e-06
3.1153555e-05
1.0955043e-06
3.1093884e-05
1.0216581e-06
3.1037744e-05
9.5392164e-07
3.0984864e-05
8.9166186e-07
3.0935001e-05
8.3432913e-07
3.0887937e-05
7.814436e-07
3.0843475e-05
7.3258237e-07
3.0801438e-05
6.873664e-07
3.0761662e-05
6.454569e-07
3.0724e-05
6.0655271e-07
3.0688315e-05
5.703894e-07
3.0654484e-05
5.3673483e-07
3.062239e-05
5.0538329e-07
3.059193e-05
4.7614819e-07
3.0563004e-05
4.4885638e-07
3.0535522e-05
4.2334912e-07
3.0509401e-05
3.9948258e-07
3.0484562e-05
3.771285e-07
3.0460933e-05
3.5617408e-07
3.0438447e-05
3.3651811e-07
3.0417042e-05
3.1806587e-07
3.0396659e-05
3.0072907e-07
3.0377244e-05
2.8442382e-07
3.0358747e-05
2.6907565e-07
3.0341119e-05
2.5462235e-07
3.0324317e-05
2.4100657e-07
3.03083e-05
2.2817175e-07
3.0293029e-05
2.1606414e-07
3.0278467e-05
2.0463396e-07
3.026458e-05
1.9383729e-07
3.0251337e-05
1.8364e-07
3.0238706e-05
1.7401005e-07
3.0226659e-05
1.6491114e-07
3.021517e-05
1.5630699e-07
3.0204212e-05
1.4816324e-07
3.0193761e-05
1.4045027e-07
3.0183794e-05
1.3314689e-07
3.017429e-05
1.2623503e-07
3.0165226e-05
1.1969351e-07
3.0156584e-05
1.1350149e-07
3.0148344e-05
1.0763865e-07
3.0140488e-05
1.0208375e-07
3.0132998e-05
9.6819088e-08
3.0125859e-05
9.182062e-08
3.0119056e-05
8.7060129e-08
3.0112571e-05
8.2584512e-08
3.010639e-05
7.8362158e-08
3.0100498e-05
7.4354926e-08
3.0094882e-05
7.0524854e-08
3.0089533e-05
6.6861783e-08
3.0084439e-05
6.3398816e-08
3.0079587e-05
6.0124703e-08
3.0074965e-05
5.7030237e-08
3.0070563e-05
5.4097507e-08
3.0066371e-05
5.1305824e-08
3.0062377e-05
4.8703302e-08
3.0058579e-05
4.6116581e-08
3.0054941e-05
4.4032358e-08
3.0051592e-05
4.0429909e-08
3.004776e-05
4.6152663e-08
2.8072029e-08
3.7109356e-05
2.2793701e-05
-3.700148e-05
3.7142907e-05
1.7092825e-05
3.7150953e-05
1.4401376e-05
3.7146328e-05
1.3341291e-05
3.714579e-05
1.2931195e-05
3.7146563e-05
1.2795751e-05
3.7149172e-05
1.27489e-05
3.7152224e-05
1.2833185e-05
3.7156528e-05
1.3080447e-05
3.7162497e-05
1.3462227e-05
3.7170539e-05
1.3853884e-05
3.7174387e-05
1.4078227e-05
3.7156011e-05
1.3984076e-05
3.707951e-05
1.3530392e-05
3.6909873e-05
1.2750998e-05
3.6648927e-05
1.1732395e-05
3.6329939e-05
1.0601995e-05
3.5989773e-05
9.4661147e-06
3.5654154e-05
8.4046439e-06
3.5336815e-05
7.4590885e-06
3.5039787e-05
6.6237037e-06
3.4759505e-05
5.8881519e-06
3.4495217e-05
5.248866e-06
3.4249127e-05
4.6890827e-06
3.4022981e-05
4.1999921e-06
3.3816949e-05
3.7743877e-06
3.3629902e-05
3.4045389e-06
3.3460084e-05
3.0826281e-06
3.3305585e-05
2.8014371e-06
3.3164582e-05
2.5546883e-06
3.3035431e-05
2.337081e-06
3.2916705e-05
2.1442015e-06
3.2807181e-05
1.9724041e-06
3.270582e-05
1.8186913e-06
3.2611735e-05
1.6805879e-06
3.252417e-05
1.5560309e-06
3.2442479e-05
1.4432964e-06
3.2366106e-05
1.3409366e-06
3.229457e-05
1.2477273e-06
3.222745e-05
1.1626244e-06
3.2164378e-05
1.0847302e-06
3.2105029e-05
1.0132707e-06
3.2049114e-05
9.4757629e-07
3.1996377e-05
8.8706642e-07
3.1946586e-05
8.3123467e-07
3.1899533e-05
7.7963529e-07
3.185503e-05
7.3186944e-07
3.1812905e-05
6.8758118e-07
3.1773004e-05
6.4645417e-07
3.1735183e-05
6.082107e-07
3.1699311e-05
5.7260691e-07
3.1665267e-05
5.394266e-07
3.1632942e-05
5.0847376e-07
3.1602231e-05
4.7956672e-07
3.1573041e-05
4.5253916e-07
3.1545284e-05
4.2724039e-07
3.1518876e-05
4.0353581e-07
3.1493744e-05
3.8130673e-07
3.1469815e-05
3.6044651e-07
3.1447026e-05
3.4085559e-07
3.1425313e-05
3.224413e-07
3.1404621e-05
3.0511563e-07
3.1384897e-05
2.8880026e-07
3.136609e-05
2.7342937e-07
3.1348154e-05
2.5894238e-07
3.1331046e-05
2.4527977e-07
3.1314725e-05
2.32385e-07
3.1299153e-05
2.2020578e-07
3.1284295e-05
2.0869585e-07
3.1270116e-05
1.9781895e-07
3.1256585e-05
1.8754114e-07
3.1243672e-05
1.7782437e-07
3.1231348e-05
1.6863072e-07
3.1219587e-05
1.5992427e-07
3.1208363e-05
1.5167395e-07
3.1197653e-05
1.4385725e-07
3.1187433e-05
1.3645498e-07
3.1177681e-05
1.294449e-07
3.1168378e-05
1.2280524e-07
3.1159501e-05
1.1651487e-07
3.1151034e-05
1.1055162e-07
3.1142956e-05
1.0489675e-07
3.1135252e-05
9.9524735e-08
3.1127906e-05
9.4405909e-08
3.11209e-05
8.9590122e-08
3.1114219e-05
8.504391e-08
3.1107846e-05
8.0727955e-08
3.1101768e-05
7.6602155e-08
3.1095977e-05
7.2653539e-08
3.1090458e-05
6.8917816e-08
3.1085198e-05
6.5384307e-08
3.1080186e-05
6.2042642e-08
3.1075409e-05
5.8874401e-08
3.1070857e-05
5.5857601e-08
3.1066517e-05
5.304288e-08
3.1062389e-05
5.0244751e-08
3.1058432e-05
4.7989866e-08
3.1054787e-05
4.407433e-08
3.1050612e-05
5.0327408e-08
3.0612249e-08
3.8153515e-05
2.2683233e-05
-3.8043047e-05
3.8187849e-05
1.7058491e-05
3.8196527e-05
1.4392698e-05
3.8191847e-05
1.3345971e-05
3.8191224e-05
1.2931818e-05
3.8191925e-05
1.279505e-05
3.8194706e-05
1.274612e-05
3.81979e-05
1.282999e-05
3.8202392e-05
1.3075955e-05
3.8208504e-05
1.3456115e-05
3.8216741e-05
1.3845647e-05
3.8224319e-05
1.4070649e-05
3.8219529e-05
1.3988866e-05
3.8176055e-05
1.3573865e-05
3.8055601e-05
1.2871452e-05
3.784046e-05
1.1947536e-05
3.7551592e-05
1.0890863e-05
3.722484e-05
9.7928668e-06
3.6890818e-05
8.7386655e-06
3.6568618e-05
7.7812892e-06
3.6266542e-05
6.9257792e-06
3.598421e-05
6.1704845e-06
3.5717771e-05
5.5153049e-06
3.5466754e-05
4.9400989e-06
3.523297e-05
4.433776e-06
3.5017674e-05
3.9896843e-06
3.4820826e-05
3.6013865e-06
3.4641364e-05
3.2620899e-06
3.4477733e-05
2.9650689e-06
3.4328255e-05
2.7041663e-06
3.4191319e-05
2.4740166e-06
3.4065468e-05
2.2700529e-06
3.3949425e-05
2.0884465e-06
3.384209e-05
1.9260268e-06
3.3742511e-05
1.7801667e-06
3.3649875e-05
1.6486665e-06
3.3563486e-05
1.5296856e-06
3.3482743e-05
1.4216792e-06
3.3407128e-05
1.3233431e-06
3.3336186e-05
1.2335659e-06
3.3269524e-05
1.1513928e-06
3.3206792e-05
1.0760023e-06
3.3147683e-05
1.0066853e-06
3.3091922e-05
9.4282714e-07
3.3039265e-05
8.8389248e-07
3.2989489e-05
8.2941079e-07
3.2942397e-05
7.7896185e-07
3.2897807e-05
7.3217115e-07
3.2855555e-05
6.887061e-07
3.2815491e-05
6.4827477e-07
3.2777477e-05
6.1062081e-07
3.2741386e-05
5.7551691e-07
3.2707103e-05
5.4275704e-07
3.2674519e-05
5.1215055e-07
3.2643535e-05
4.8352312e-07
3.2614059e-05
4.567169e-07
3.2586004e-05
4.3159066e-07
3.2559291e-05
4.0801948e-07
3.2533847e-05
3.8589109e-07
3.2509601e-05
3.6510082e-07
3.2486491e-05
3.4555141e-07
3.2464456e-05
3.2715057e-07
3.2443441e-05
3.0981593e-07
3.2423392e-05
2.9347788e-07
3.2404262e-05
2.7807242e-07
3.2386005e-05
2.6353692e-07
3.2368578e-05
2.4981191e-07
3.2351941e-05
2.3684242e-07
3.2336058e-05
2.2457973e-07
3.2320891e-05
2.1298535e-07
3.2306409e-05
2.0202328e-07
3.229258e-05
1.9165361e-07
3.2279374e-05
1.8183672e-07
3.2266763e-05
1.7253505e-07
3.2254721e-05
1.6371598e-07
3.2243223e-05
1.5535561e-07
3.2232244e-05
1.4743361e-07
3.2221762e-05
1.3992662e-07
3.2211756e-05
1.3281185e-07
3.2202203e-05
1.2606735e-07
3.2193085e-05
1.1967004e-07
3.2184381e-05
1.136001e-07
3.2176076e-05
1.0783045e-07
3.2168152e-05
1.0232989e-07
3.216059e-05
9.7151471e-08
3.2153375e-05
9.22597e-08
3.2146488e-05
8.7614086e-08
3.2139918e-05
8.3172451e-08
3.2133653e-05
7.8918686e-08
3.212768e-05
7.4891182e-08
3.2121984e-05
7.1080031e-08
3.2116553e-05
6.747363e-08
3.2111374e-05
6.4053007e-08
3.2106437e-05
6.0794855e-08
3.2101727e-05
5.7752537e-08
3.2097245e-05
5.4727508e-08
3.2092945e-05
5.2289873e-08
3.2088984e-05
4.8035384e-08
3.208444e-05
5.4871337e-08
3.3379851e-08
3.922715e-05
2.2570111e-05
-3.9114028e-05
3.9262274e-05
1.7023367e-05
3.9271558e-05
1.4383414e-05
3.9266855e-05
1.3350674e-05
3.9266302e-05
1.2932372e-05
3.9266936e-05
1.2794416e-05
3.926982e-05
1.2743236e-05
3.92731e-05
1.2826711e-05
3.9277735e-05
1.307132e-05
3.9284026e-05
1.3449824e-05
3.9292343e-05
1.383733e-05
3.9301545e-05
1.4061447e-05
3.9304697e-05
1.3985714e-05
3.9284232e-05
1.3594331e-05
3.9206675e-05
1.2949009e-05
3.9041566e-05
1.2112645e-05
3.8791748e-05
1.114068e-05
3.8486846e-05
1.0097769e-05
3.8160242e-05
9.0652693e-06
3.7836255e-05
8.1052757e-06
3.75281e-05
7.2339345e-06
3.7240821e-05
6.4577632e-06
3.6972178e-05
5.7839487e-06
3.6718521e-05
5.1937559e-06
3.647961e-05
4.672687e-06
3.6256849e-05
4.2124446e-06
3.6051139e-05
3.8070971e-06
3.5862342e-05
3.4508871e-06
3.5689503e-05
3.1379078e-06
3.5531264e-05
2.8624046e-06
3.5386157e-05
2.6191235e-06
3.5252759e-05
2.4034512e-06
3.5129777e-05
2.2114284e-06
3.5016068e-05
2.0397364e-06
3.4910626e-05
1.8856086e-06
3.4812582e-05
1.7467101e-06
3.4721189e-05
1.6210787e-06
3.4635801e-05
1.5070676e-06
3.4555856e-05
1.4032877e-06
3.4480867e-05
1.3085547e-06
3.4410409e-05
1.2218513e-06
3.4344106e-05
1.1423047e-06
3.428163e-05
1.069162e-06
3.4222686e-05
1.0017713e-06
3.4167012e-05
9.3956588e-07
3.4114375e-05
8.8204807e-07
3.4064562e-05
8.2877435e-07
3.4017383e-05
7.7935015e-07
3.3972664e-05
7.3342528e-07
3.3930246e-05
6.9069256e-07
3.3889985e-05
6.5088224e-07
3.3851747e-05
6.1375513e-07
3.3815409e-05
5.7909457e-07
3.3780859e-05
5.4670038e-07
3.3747993e-05
5.163898e-07
3.3716712e-05
4.8799741e-07
3.3686928e-05
4.6137504e-07
3.3658556e-05
4.3639127e-07
3.3631519e-05
4.1292788e-07
3.3605745e-05
3.9087485e-07
3.3581166e-05
3.7013014e-07
3.355772e-05
3.5059696e-07
3.3535347e-05
3.321887e-07
3.3513993e-05
3.1483177e-07
3.3493607e-05
2.9845857e-07
3.3474141e-05
2.8300319e-07
3.345555e-05
2.6840307e-07
3.3437792e-05
2.546004e-07
3.3420828e-05
2.4154388e-07
3.340462e-05
2.2919263e-07
3.3389135e-05
2.1750846e-07
3.3374339e-05
2.0644952e-07
3.3360202e-05
1.9597435e-07
3.3346693e-05
1.8604367e-07
3.3333786e-05
1.7662322e-07
3.3321454e-05
1.6768768e-07
3.3309672e-05
1.5921546e-07
3.3298416e-05
1.5118204e-07
3.3287665e-05
1.435636e-07
3.3277395e-05
1.3633729e-07
3.3267586e-05
1.294791e-07
3.3258218e-05
1.2296811e-07
3.3249273e-05
1.1677565e-07
3.3240734e-05
1.1086886e-07
3.3232581e-05
1.0530426e-07
3.3224796e-05
1.0004416e-07
3.3217364e-05
9.5046875e-08
3.3210268e-05
9.0268247e-08
3.3203498e-05
8.5688692e-08
3.319704e-05
8.1349348e-08
3.3190878e-05
7.7241286e-08
3.3185e-05
7.335161e-08
3.3179393e-05
6.9660748e-08
3.3174043e-05
6.6144041e-08
3.3168938e-05
6.2857804e-08
3.3164076e-05
5.9589443e-08
3.315941e-05
5.695629e-08
3.315511e-05
5.2335098e-08
3.315017e-05
5.9810978e-08
3.6391646e-08
4.0331052e-05
2.2454275e-05
-4.0215217e-05
4.0366988e-05
1.6987431e-05
4.0376887e-05
1.4373515e-05
4.0372131e-05
1.335543e-05
4.0371781e-05
1.2932721e-05
4.037242e-05
1.2793777e-05
4.0375355e-05
1.27403e-05
4.0378686e-05
1.2823379e-05
4.0383429e-05
1.3066577e-05
4.0389893e-05
1.3443361e-05
4.0398334e-05
1.3828888e-05
4.0407931e-05
1.4051851e-05
4.041522e-05
1.3978424e-05
4.0409064e-05
1.3600487e-05
4.0365259e-05
1.2992814e-05
4.0249393e-05
1.2228511e-05
4.0045641e-05
1.1344432e-05
3.9771909e-05
1.0371502e-05
3.946016e-05
9.377018e-06
3.9139137e-05
8.4262988e-06
3.8826782e-05
7.5462894e-06
3.8532723e-05
6.7518218e-06
3.8259284e-05
6.0573881e-06
3.8003268e-05
5.4497719e-06
3.7761399e-05
4.9145563e-06
3.7533495e-05
4.4403481e-06
3.7320608e-05
4.0199838e-06
3.712339e-05
3.6481052e-06
3.6941677e-05
3.3196214e-06
3.6774643e-05
3.029438e-06
3.6621121e-05
2.7726458e-06
3.6479826e-05
2.5447465e-06
3.6349511e-05
2.3417434e-06
3.6229028e-05
2.1602189e-06
3.6117339e-05
1.9972977e-06
3.6013528e-05
1.8505212e-06
3.59168e-05
1.7178065e-06
3.5826465e-05
1.5974032e-06
3.5741918e-05
1.4878346e-06
3.5662633e-05
1.3878391e-06
3.5588153e-05
1.2963314e-06
3.5518075e-05
1.2123833e-06
3.5452042e-05
1.1351944e-06
3.5389741e-05
1.0640721e-06
3.5330892e-05
9.9841495e-07
3.5275244e-05
9.3769593e-07
3.5222573e-05
8.8144602e-07
3.5172674e-05
8.2924874e-07
3.5125365e-05
7.8073484e-07
3.5080477e-05
7.3558061e-07
3.5037857e-05
6.9350185e-07
3.4997365e-05
6.5424664e-07
3.4958873e-05
6.1758696e-07
3.4922261e-05
5.8331246e-07
3.4887419e-05
5.5123139e-07
3.4854246e-05
5.2117035e-07
3.4822648e-05
4.9297393e-07
3.4792535e-05
4.665038e-07
3.4763827e-05
4.4163552e-07
3.4736449e-05
4.1825344e-07
3.4710328e-05
3.9625053e-07
3.46854e-05
3.7552528e-07
3.4661602e-05
3.5598666e-07
3.4638877e-05
3.3755686e-07
3.4617171e-05
3.2016452e-07
3.4596434e-05
3.0374026e-07
3.4576619e-05
2.8821826e-07
3.4557681e-05
2.7353774e-07
3.4539581e-05
2.5964465e-07
3.4522278e-05
2.4649557e-07
3.4505736e-05
2.3405001e-07
3.4489922e-05
2.2226399e-07
3.4474802e-05
2.1109415e-07
3.4460346e-05
2.0049937e-07
3.4446526e-05
1.9044368e-07
3.4433313e-05
1.8090024e-07
3.4420683e-05
1.7184614e-07
3.4408609e-05
1.6325564e-07
3.4397069e-05
1.5510381e-07
3.4386039e-05
1.4736685e-07
3.4375498e-05
1.4001983e-07
3.4365426e-05
1.3304072e-07
3.4355802e-05
1.2639914e-07
3.4346611e-05
1.2006051e-07
3.433783e-05
1.1408509e-07
3.4329441e-05
1.0843279e-07
3.4321427e-05
1.030607e-07
3.4313773e-05
9.7922829e-08
3.4306466e-05
9.2995766e-08
3.4299492e-05
8.8323442e-08
3.4292835e-05
8.3898131e-08
3.4286481e-05
7.9705588e-08
3.4280416e-05
7.5725591e-08
3.4274628e-05
7.1932102e-08
3.4269101e-05
6.8384654e-08
3.4263835e-05
6.4855532e-08
3.4258778e-05
6.2013374e-08
3.4254117e-05
5.699574e-08
3.4248755e-05
6.5173251e-08
3.966478e-08
4.1466065e-05
2.2335681e-05
-4.134747e-05
4.1502831e-05
1.6950665e-05
4.151339e-05
1.4362956e-05
4.1508534e-05
1.3360286e-05
4.1508426e-05
1.2932829e-05
4.1509145e-05
1.2793058e-05
4.1512146e-05
1.27373e-05
4.1515526e-05
1.282e-05
4.1520357e-05
1.3061746e-05
4.1526976e-05
1.3436741e-05
4.1535589e-05
1.3820276e-05
4.1545335e-05
1.4042104e-05
4.1554324e-05
1.3969436e-05
4.1556319e-05
1.3598492e-05
4.15358e-05
1.3013333e-05
4.1462498e-05
1.2301813e-05
4.1308729e-05
1.1498201e-05
4.1075238e-05
1.0604993e-05
4.0787239e-05
9.6650172e-06
4.0475522e-05
8.7380155e-06
4.0162823e-05
7.8589884e-06
3.9862939e-05
7.0517057e-06
3.958232e-05
6.3380076e-06
3.932159e-05
5.7105018e-06
3.9077214e-05
5.1589315e-06
3.8846189e-05
4.6713739e-06
3.8628287e-05
4.2378856e-06
3.8424263e-05
3.8521292e-06
3.8234597e-05
3.5092874e-06
3.8059144e-05
3.2048912e-06
3.7897222e-05
2.9345678e-06
3.7747834e-05
2.6941346e-06
3.7609875e-05
2.479702e-06
3.7482257e-05
2.2878367e-06
3.7363945e-05
2.1156102e-06
3.7253997e-05
1.960469e-06
3.7151584e-05
1.8202189e-06
3.7055977e-05
1.6930109e-06
3.6966529e-05
1.5772822e-06
3.6882677e-05
1.4716912e-06
3.6803928e-05
1.3750807e-06
3.6729847e-05
1.2864638e-06
3.6660053e-05
1.2049887e-06
3.6594207e-05
1.1299181e-06
3.6532009e-05
1.0606134e-06
3.647319e-05
9.9651497e-07
3.641751e-05
9.3712607e-07
3.6364752e-05
8.8200628e-07
3.6314721e-05
8.3076548e-07
3.626724e-05
7.8306204e-07
3.6222146e-05
7.385961e-07
3.617929e-05
6.9710198e-07
3.6138538e-05
6.5833939e-07
3.6099763e-05
6.2208712e-07
3.6062851e-05
5.8814382e-07
3.6027694e-05
5.5632764e-07
3.5994192e-05
5.2647546e-07
3.5962254e-05
4.9844173e-07
3.5931794e-05
4.720954e-07
3.5902733e-05
4.4731491e-07
3.5874995e-05
4.2398799e-07
3.5848512e-05
4.0200826e-07
3.5823219e-05
3.8127997e-07
3.5799055e-05
3.6172093e-07
3.5775964e-05
3.4325577e-07
3.5753892e-05
3.2581152e-07
3.5732792e-05
3.0931891e-07
3.5712615e-05
2.9371399e-07
3.569332e-05
2.7893982e-07
3.5674866e-05
2.649503e-07
3.5657213e-05
2.5170246e-07
3.5640327e-05
2.3915009e-07
3.5624173e-05
2.2724779e-07
3.560872e-05
2.1595247e-07
3.5593938e-05
2.0522638e-07
3.5579797e-05
1.9504107e-07
3.5566271e-05
1.853722e-07
3.5553334e-05
1.7619277e-07
3.5540961e-05
1.6747665e-07
3.5529129e-05
1.5919906e-07
3.5517814e-05
1.5133412e-07
3.5506996e-05
1.4385863e-07
3.5496655e-05
1.3674048e-07
3.5486772e-05
1.2994324e-07
3.5477326e-05
1.2353123e-07
3.5468297e-05
1.1746171e-07
3.5459667e-05
1.1169053e-07
3.545142e-05
1.0617003e-07
3.5443543e-05
1.0087262e-07
3.5436022e-05
9.584505e-08
3.5428839e-05
9.108103e-08
3.5421979e-05
8.6564922e-08
3.5415429e-05
8.2275803e-08
3.5409175e-05
7.8186232e-08
3.54032e-05
7.4359252e-08
3.5397505e-05
7.0550891e-08
3.5392033e-05
6.748548e-08
3.5386989e-05
6.2039578e-08
3.5381177e-05
7.09852e-08
4.3216584e-08
4.2633036e-05
2.2214279e-05
-4.2511634e-05
4.2670656e-05
1.6913045e-05
4.2681939e-05
1.4351673e-05
4.2676944e-05
1.3365282e-05
4.2677072e-05
1.2932701e-05
4.2677914e-05
1.2792216e-05
4.2681015e-05
1.2734199e-05
4.2684469e-05
1.2816546e-05
4.2689393e-05
1.3056822e-05
4.2696159e-05
1.3429975e-05
4.2704963e-05
1.3811472e-05
4.2714854e-05
1.4032214e-05
4.2724391e-05
1.3959898e-05
4.2730475e-05
1.3592408e-05
4.2723859e-05
1.3019949e-05
4.2683382e-05
1.234229e-05
4.2578143e-05
1.160344e-05
4.2391589e-05
1.0791547e-05
4.2136978e-05
9.9196285e-06
4.1842616e-05
9.0323768e-06
4.1534913e-05
8.1666915e-06
4.1232332e-05
7.354287e-06
4.0944825e-05
6.6255151e-06
4.0676653e-05
5.9786736e-06
4.0427554e-05
5.4080307e-06
4.0193872e-05
4.9050552e-06
3.9972805e-05
4.4589533e-06
3.9763999e-05
4.0609345e-06
3.9567955e-05
3.7053321e-06
3.9385036e-05
3.3878099e-06
3.9215148e-05
3.1044562e-06
3.9057744e-05
2.8515377e-06
3.8912002e-05
2.625444e-06
3.8776984e-05
2.422855e-06
3.865172e-05
2.2408739e-06
3.8535283e-05
2.0769061e-06
3.8426833e-05
1.9286691e-06
3.8325614e-05
1.7942296e-06
3.8230948e-05
1.6719488e-06
3.8142233e-05
1.5604063e-06
3.8058943e-05
1.4583703e-06
3.7980613e-05
1.3647941e-06
3.790683e-05
1.2787713e-06
3.7837231e-05
1.1995168e-06
3.7771494e-05
1.1263512e-06
3.7709328e-05
1.0586801e-06
3.7650478e-05
9.9597617e-07
3.7594712e-05
9.3777285e-07
3.754182e-05
8.8365723e-07
3.7491614e-05
8.3326808e-07
3.7443922e-05
7.8628847e-07
3.7398586e-05
7.4243775e-07
3.7355463e-05
7.0146244e-07
3.731442e-05
6.6312951e-07
3.7275337e-05
6.2722734e-07
3.72381e-05
5.9356503e-07
3.7202604e-05
5.619713e-07
3.7168752e-05
5.3229291e-07
3.7136456e-05
5.0439184e-07
3.7105631e-05
4.7814029e-07
3.7076198e-05
4.534205e-07
3.7048085e-05
4.3012093e-07
3.7021224e-05
4.0814098e-07
3.6995552e-05
3.8739377e-07
3.6971008e-05
3.6779972e-07
3.6947537e-05
3.4928211e-07
3.6925088e-05
3.3176801e-07
3.6903612e-05
3.1519016e-07
3.6883063e-05
2.9948853e-07
3.6863399e-05
2.8461419e-07
3.684458e-05
2.7052154e-07
3.6826568e-05
2.5716198e-07
3.6809328e-05
2.4448792e-07
3.6792826e-05
2.3245423e-07
3.6777032e-05
2.2102122e-07
3.6761914e-05
2.1015874e-07
3.6747445e-05
1.9984097e-07
3.6733598e-05
1.9003951e-07
3.6720348e-05
1.8072698e-07
3.6707669e-05
1.7187759e-07
3.6695539e-05
1.6346442e-07
3.6683935e-05
1.5546314e-07
3.6672835e-05
1.4783976e-07
3.6662223e-05
1.4055595e-07
3.6652074e-05
1.3368038e-07
3.6642368e-05
1.2716746e-07
3.6633087e-05
1.2097171e-07
3.6624213e-05
1.15044e-07
3.6615733e-05
1.0935223e-07
3.6607632e-05
1.0394597e-07
3.6599893e-05
9.8820606e-08
3.6592498e-05
9.3959076e-08
3.6585434e-05
8.9339708e-08
3.6578687e-05
8.4933628e-08
3.6572239e-05
8.0807714e-08
3.6566089e-05
7.6700532e-08
3.6560178e-05
7.3396824e-08
3.6554729e-05
6.7488643e-08
3.654844e-05
7.7273771e-08
4.7064459e-08
4.383285e-05
2.2090019e-05
-4.370859e-05
4.3871354e-05
1.6874541e-05
4.3883407e-05
1.4339619e-05
4.3878255e-05
1.3370434e-05
4.387863e-05
1.2932326e-05
4.3879609e-05
1.2791237e-05
4.3882833e-05
1.2730974e-05
4.388639e-05
1.2812989e-05
4.3891425e-05
1.3051788e-05
4.3898344e-05
1.3423056e-05
4.3907347e-05
1.3802468e-05
4.3917431e-05
1.402213e-05
4.3927157e-05
1.3950172e-05
4.393491e-05
1.3584654e-05
4.3935857e-05
1.3019002e-05
4.3917256e-05
1.2360892e-05
4.3852975e-05
1.166772e-05
4.3716224e-05
1.0928298e-05
4.3503947e-05
1.0131905e-05
4.3236393e-05
9.2999303e-06
4.2940768e-05
8.4623171e-06
4.2639967e-05
7.6550884e-06
4.2348127e-05
6.9173546e-06
4.2072366e-05
6.2544341e-06
4.1815637e-05
5.66476e-06
4.157712e-05
5.1435723e-06
4.1353231e-05
4.6828422e-06
4.1141302e-05
4.2728638e-06
4.0940782e-05
3.905852e-06
4.0751948e-05
3.576644e-06
4.0575093e-05
3.2813107e-06
4.0410182e-05
3.0164494e-06
4.0256809e-05
2.7788171e-06
4.0114315e-05
2.5653489e-06
3.9981887e-05
2.3733016e-06
3.985867e-05
2.2001229e-06
3.9743856e-05
2.043483e-06
3.9636692e-05
1.901394e-06
3.9536478e-05
1.7721625e-06
3.9442588e-05
1.6542967e-06
3.9354466e-05
1.5464923e-06
3.9271615e-05
1.4476446e-06
3.9193595e-05
1.3567911e-06
3.9120016e-05
1.273096e-06
3.905053e-05
1.1958375e-06
3.8984827e-05
1.1243833e-06
3.892263e-05
1.0581731e-06
3.8863691e-05
9.9671186e-07
3.8807786e-05
9.3956166e-07
3.8754714e-05
8.8633994e-07
3.8704292e-05
8.3671109e-07
3.8656351e-05
7.9037815e-07
3.8610741e-05
7.4707322e-07
3.856732e-05
7.0655052e-07
3.852596e-05
6.6858724e-07
3.8486542e-05
6.3298277e-07
3.8448956e-05
5.995571e-07
3.84131e-05
5.6814882e-07
3.837888e-05
5.3861246e-07
3.8346206e-05
5.1081362e-07
3.8314998e-05
4.8462872e-07
3.8285178e-05
4.5994089e-07
3.8256675e-05
4.3664436e-07
3.8229421e-05
4.1464729e-07
3.8203355e-05
3.9386572e-07
3.8178418e-05
3.7421894e-07
3.8154556e-05
3.5563022e-07
3.8131718e-05
3.3802875e-07
3.8109855e-05
3.2135128e-07
3.8088923e-05
3.0554586e-07
3.8068881e-05
2.905641e-07
3.8049688e-05
2.7635481e-07
3.8031308e-05
2.6286814e-07
3.8013705e-05
2.5005672e-07
3.7996848e-05
2.3787884e-07
3.7980704e-05
2.2630252e-07
3.7965244e-05
2.1530035e-07
3.7950441e-05
2.0484245e-07
3.7936268e-05
1.9490015e-07
3.7922699e-05
1.8544652e-07
3.790971e-05
1.7645358e-07
3.7897277e-05
1.6789584e-07
3.788538e-05
1.5973736e-07
3.7873998e-05
1.5193776e-07
3.7863108e-05
1.4457047e-07
3.7852689e-05
1.3758672e-07
3.7842721e-05
1.3093966e-07
3.7833186e-05
1.2457894e-07
3.782407e-05
1.184676e-07
3.7815358e-05
1.1265798e-07
3.7807032e-05
1.0714741e-07
3.7799073e-05
1.019174e-07
3.7791467e-05
9.6945475e-08
3.77842e-05
9.2201292e-08
3.7777252e-05
8.775592e-08
3.7770623e-05
8.3329193e-08
3.7764248e-05
7.9771322e-08
3.7758373e-05
7.3364584e-08
3.7751581e-05
8.4065688e-08
5.1225839e-08
4.5066418e-05
2.1962853e-05
-4.4939253e-05
4.510584e-05
1.6835119e-05
4.5118708e-05
1.4326752e-05
4.5113384e-05
1.3375757e-05
4.5114021e-05
1.2931689e-05
4.511515e-05
1.2790108e-05
4.511851e-05
1.2727613e-05
4.5122191e-05
1.2809308e-05
4.5127356e-05
1.3046623e-05
4.5134443e-05
1.3415969e-05
4.5143655e-05
1.3793257e-05
4.5153967e-05
1.4011818e-05
4.5163843e-05
1.3940295e-05
4.5172262e-05
1.3576236e-05
4.5176769e-05
1.3014495e-05
4.517044e-05
1.2367221e-05
4.5136536e-05
1.1701625e-05
4.5046618e-05
1.1018216e-05
4.488249e-05
1.0296033e-05
4.4651568e-05
9.5308524e-06
4.4376853e-05
8.7370324e-06
4.4083993e-05
7.9479486e-06
4.3791587e-05
7.2097603e-06
4.3510353e-05
6.5356678e-06
4.3245587e-05
5.9295266e-06
4.2999284e-05
5.3898745e-06
4.2770343e-05
4.9117834e-06
4.2555397e-05
4.4878101e-06
4.2351851e-05
4.1093979e-06
4.2158888e-05
3.7696071e-06
4.1976594e-05
3.4636042e-06
4.1805225e-05
3.1878185e-06
4.1644816e-05
2.939226e-06
4.149509e-05
2.7150755e-06
4.1355498e-05
2.5128936e-06
4.1225347e-05
2.3302737e-06
4.1103922e-05
2.1649079e-06
4.0990519e-05
2.0147974e-06
4.0884445e-05
1.8782363e-06
4.0785064e-05
1.7536772e-06
4.0691805e-05
1.6397512e-06
4.0604146e-05
1.5353036e-06
4.052162e-05
1.4393174e-06
4.0443811e-05
1.3509053e-06
4.0370346e-05
1.2693023e-06
4.0300893e-05
1.1938363e-06
4.0235154e-05
1.1239117e-06
4.0172864e-05
1.0590027e-06
4.0113781e-05
9.9864453e-07
4.0057689e-05
9.4243128e-07
4.0004394e-05
8.9000695e-07
3.9953715e-05
8.4105678e-07
3.9905491e-05
7.9529707e-07
3.9859573e-05
7.5246816e-07
3.9815826e-05
7.1233503e-07
3.9774122e-05
6.7468656e-07
3.9734346e-05
6.3933334e-07
3.9696389e-05
6.0610518e-07
3.9660153e-05
5.7484867e-07
3.9625544e-05
5.4542232e-07
3.9592477e-05
5.1769641e-07
3.9560869e-05
4.9154847e-07
3.9530646e-05
4.6686726e-07
3.9501738e-05
4.435557e-07
3.9474078e-05
4.2152517e-07
3.9447606e-05
4.0069081e-07
3.9422265e-05
3.8097185e-07
3.9398e-05
3.6229378e-07
3.9374761e-05
3.4458994e-07
3.9352502e-05
3.2780514e-07
3.9331178e-05
3.1188803e-07
3.9310748e-05
2.9678471e-07
3.9291173e-05
2.8244285e-07
3.9272417e-05
2.6881273e-07
3.9254446e-05
2.5585048e-07
3.9237226e-05
2.4352218e-07
3.9220728e-05
2.3179871e-07
3.9204921e-05
2.2064861e-07
3.918978e-05
2.1004181e-07
3.9175276e-05
1.9995019e-07
3.9161385e-05
1.9034465e-07
3.9148082e-05
1.8119848e-07
3.9135346e-05
1.7247374e-07
3.9123156e-05
1.6412786e-07
3.9111487e-05
1.5623941e-07
3.9100318e-05
1.4875616e-07
3.9089627e-05
1.4162976e-07
3.9079397e-05
1.3480894e-07
3.9069613e-05
1.2825156e-07
3.9060259e-05
1.2201266e-07
3.9051314e-05
1.1609176e-07
3.9042763e-05
1.1046899e-07
3.9034587e-05
1.05121e-07
3.9026773e-05
1.0001593e-07
3.9019299e-05
9.5229438e-08
3.9012167e-05
9.046128e-08
3.9005306e-05
8.6632568e-08
3.8998982e-05
7.9688663e-08
3.899166e-05
9.1387542e-08
5.5718273e-08
4.6334686e-05
2.1832735e-05
-4.6204568e-05
4.637506e-05
1.6794745e-05
4.6388786e-05
1.4313026e-05
4.6383278e-05
1.3381266e-05
4.6384191e-05
1.2930775e-05
4.6385483e-05
1.2788816e-05
4.6388986e-05
1.2724111e-05
4.6392807e-05
1.2805487e-05
4.639812e-05
1.304131e-05
4.6405392e-05
1.3408697e-05
4.6414824e-05
1.3783825e-05
4.6425383e-05
1.4001258e-05
4.6435475e-05
1.3930204e-05
4.6443938e-05
1.3567773e-05
4.6449873e-05
1.300856e-05
4.6450093e-05
1.2367e-05
4.6435247e-05
1.1716471e-05
4.6383011e-05
1.1070451e-05
4.6268019e-05
1.0411026e-05
4.608203e-05
9.716841e-06
4.5838219e-05
8.9808433e-06
4.5561349e-05
8.2248186e-06
4.5273722e-05
7.4973879e-06
4.4990213e-05
6.8191765e-06
4.4719187e-05
6.200552e-06
4.4464578e-05
5.6444844e-06
4.4227705e-05
5.1486556e-06
4.4007386e-05
4.7081296e-06
4.3800589e-05
4.3161947e-06
4.3604724e-05
3.9654722e-06
4.3418646e-05
3.6496821e-06
4.3242305e-05
3.3641593e-06
4.3075971e-05
3.1055609e-06
4.2919711e-05
2.8713346e-06
4.2773302e-05
2.6593032e-06
4.2636302e-05
2.4672738e-06
4.2508179e-05
2.2930313e-06
4.2388343e-05
2.134633e-06
4.2276152e-05
1.9904269e-06
4.2170994e-05
1.8588353e-06
4.2072301e-05
1.7384447e-06
4.1979539e-05
1.6280658e-06
4.1892222e-05
1.5266339e-06
4.1809915e-05
1.4332126e-06
4.1732221e-05
1.3469959e-06
4.1658786e-05
1.2672713e-06
4.1589292e-05
1.1934063e-06
4.1523451e-05
1.1248434e-06
4.1461007e-05
1.0610885e-06
4.1401727e-05
1.001711e-06
4.1345402e-05
9.4633253e-07
4.1291839e-05
8.946191e-07
4.1240867e-05
8.4626968e-07
4.1192325e-05
8.0100947e-07
4.114607e-05
7.5859009e-07
4.1101968e-05
7.1878894e-07
4.1059895e-05
6.8140644e-07
4.1019737e-05
6.4626295e-07
4.0981389e-05
6.1319646e-07
4.0944754e-05
5.8205788e-07
4.0909739e-05
5.5271093e-07
4.0876261e-05
5.2502722e-07
4.0844238e-05
4.9888972e-07
4.0813598e-05
4.7419573e-07
4.0784272e-05
4.5085173e-07
4.0756194e-05
4.2876852e-07
4.0729305e-05
4.0786104e-07
4.0703547e-05
3.880509e-07
4.067887e-05
3.6926777e-07
4.0655222e-05
3.5145309e-07
4.0632557e-05
3.3455234e-07
4.0610833e-05
3.185087e-07
4.0590009e-05
3.0326724e-07
4.0570046e-05
2.887757e-07
4.0550909e-05
2.7498793e-07
4.0532563e-05
2.6186794e-07
4.0514977e-05
2.4938474e-07
4.049812e-05
2.375052e-07
4.0481964e-05
2.2619775e-07
4.0466481e-05
2.1543302e-07
4.0451645e-05
2.0518069e-07
4.0437431e-05
1.954128e-07
4.0423816e-05
1.8608929e-07
4.0410778e-05
1.7716528e-07
4.0398293e-05
1.6872497e-07
4.0386337e-05
1.6071222e-07
4.0374889e-05
1.5307715e-07
4.036393e-05
1.4576786e-07
4.0353445e-05
1.3873671e-07
4.0343416e-05
1.3204136e-07
4.0333824e-05
1.2568374e-07
4.0324651e-05
1.1964272e-07
4.0315878e-05
1.1389394e-07
4.030749e-05
1.0840405e-07
4.0299465e-05
1.0325365e-07
4.0291806e-05
9.8121038e-08
4.0284434e-05
9.4004056e-08
4.0277641e-05
8.6482015e-08
4.0269762e-05
9.9266198e-08
6.0559703e-08
4.7638625e-05
2.169962e-05
-4.7505509e-05
4.767999e-05
1.675338e-05
4.7694619e-05
1.4298396e-05
4.7688912e-05
1.3386973e-05
4.7690113e-05
1.2929574e-05
4.7691583e-05
1.2787347e-05
4.7695232e-05
1.2720461e-05
4.7699205e-05
1.2801514e-05
4.7704678e-05
1.3035837e-05
4.7712151e-05
1.3401224e-05
4.7721819e-05
1.3774156e-05
4.773264e-05
1.3990438e-05
4.7742983e-05
1.3919861e-05
4.7751543e-05
1.3559213e-05
4.7757969e-05
1.3002134e-05
4.7761035e-05
1.2363934e-05
4.775623e-05
1.1721276e-05
4.7730248e-05
1.1096433e-05
4.765902e-05
1.0482254e-05
4.7521961e-05
9.8539e-06
4.731866e-05
9.1841444e-06
4.7067492e-05
8.4759859e-06
4.6791893e-05
7.772987e-06
4.6510766e-05
7.1003038e-06
4.6236234e-05
6.4750839e-06
4.5974835e-05
5.9058832e-06
4.5729514e-05
5.3939765e-06
4.5501111e-05
4.9365332e-06
4.5288521e-05
4.5287843e-06
4.508913e-05
4.164863e-06
4.4900255e-05
3.8385574e-06
4.472043e-05
3.5439845e-06
4.4549599e-05
3.2763918e-06
4.4387978e-05
3.0329549e-06
4.4235556e-05
2.811726e-06
4.4092162e-05
2.6106673e-06
4.3957527e-05
2.4276667e-06
4.3831254e-05
2.2609057e-06
4.3712816e-05
2.1088653e-06
4.3601669e-05
1.9699821e-06
4.3497286e-05
1.842828e-06
4.3399144e-05
1.7262072e-06
4.3306756e-05
1.619022e-06
4.3219675e-05
1.520294e-06
4.3137487e-05
1.4291833e-06
4.305982e-05
1.3449386e-06
4.2986335e-05
1.2668913e-06
4.2916727e-05
1.1944515e-06
4.285072e-05
1.1270952e-06
4.2788066e-05
1.0643654e-06
4.2728538e-05
1.0058604e-06
4.2671932e-05
9.5122507e-07
4.2618062e-05
9.0013964e-07
4.2566758e-05
8.5231286e-07
4.2517867e-05
8.0748175e-07
4.2471245e-05
7.6541116e-07
4.2426761e-05
7.2589044e-07
4.2384294e-05
6.887297e-07
4.2343733e-05
6.5375761e-07
4.2304974e-05
6.2081684e-07
4.2267921e-05
5.8976404e-07
4.2232483e-05
5.6046455e-07
4.2198578e-05
5.3279516e-07
4.2166126e-05
5.0664712e-07
4.2135056e-05
4.8192173e-07
4.21053e-05
4.5852521e-07
4.2076793e-05
4.3636796e-07
4.2049476e-05
4.1536749e-07
4.2023294e-05
3.9544958e-07
4.1998195e-05
3.7655208e-07
4.1974131e-05
3.5861712e-07
4.1951055e-05
3.4158474e-07
4.1928925e-05
3.2539726e-07
4.1907701e-05
3.0999969e-07
4.1887345e-05
2.9534347e-07
4.1867823e-05
2.8139036e-07
4.18491e-05
2.6810737e-07
4.1831146e-05
2.554596e-07
4.181393e-05
2.4341387e-07
4.1797423e-05
2.3193945e-07
4.1781599e-05
2.2100471e-07
4.1766431e-05
2.1058039e-07
4.1751896e-05
2.006243e-07
4.1737973e-05
1.9108895e-07
4.1724633e-05
1.8206475e-07
4.1711854e-05
1.7349122e-07
4.1699614e-05
1.6531682e-07
4.1687893e-05
1.5748943e-07
4.1676674e-05
1.4995552e-07
4.166594e-05
1.4277535e-07
4.165567e-05
1.3595339e-07
4.1645846e-05
1.2946745e-07
4.1636447e-05
1.2329205e-07
4.1627459e-05
1.1739234e-07
4.1618859e-05
1.1185421e-07
4.1610647e-05
1.0633306e-07
4.1602741e-05
1.0190977e-07
4.1595457e-05
9.3766274e-08
4.1586993e-05
1.0772965e-07
6.5768998e-08
4.8979241e-05
2.1563463e-05
-4.8843084e-05
4.9021628e-05
1.6710993e-05
4.903721e-05
1.4282814e-05
4.9031287e-05
1.3392896e-05
4.9032787e-05
1.2928074e-05
4.9034449e-05
1.2785686e-05
4.903825e-05
1.271666e-05
4.9042385e-05
1.2797378e-05
4.9048027e-05
1.3030195e-05
4.9055714e-05
1.3393537e-05
4.9065633e-05
1.3764237e-05
4.9076729e-05
1.3979342e-05
4.9087339e-05
1.3909251e-05
4.9096084e-05
1.3550468e-05
4.910255e-05
1.2995668e-05
4.9106626e-05
1.2359858e-05
4.9106753e-05
1.1721149e-05
4.9095971e-05
1.1107215e-05
4.9057631e-05
1.0520594e-05
4.8967608e-05
9.9439239e-06
4.8811536e-05
9.3402161e-06
4.8596346e-05
8.6911759e-06
4.8341968e-05
8.0273647e-06
4.8069734e-05
7.3725375e-06
4.7795793e-05
6.749025e-06
4.7530009e-05
6.1716673e-06
4.7277558e-05
5.6464276e-06
4.7040659e-05
5.1734322e-06
4.6819816e-05
4.7496272e-06
4.6614132e-05
4.3705477e-06
4.6421412e-05
4.0312771e-06
4.6238811e-05
3.7265854e-06
4.6064753e-05
3.4504493e-06
4.5899144e-05
3.1985646e-06
4.5741909e-05
2.9689611e-06
4.5593014e-05
2.7595615e-06
4.5452444e-05
2.5682372e-06
4.5320038e-05
2.3933116e-06
4.5195444e-05
2.2334597e-06
4.507825e-05
2.087176e-06
4.4968024e-05
1.953054e-06
4.4864289e-05
1.8299421e-06
4.476658e-05
1.7167302e-06
4.4674462e-05
1.6124122e-06
4.4587516e-05
1.5161299e-06
4.4505356e-05
1.4270979e-06
4.4427632e-05
1.3446154e-06
4.4354021e-05
1.2680624e-06
4.4284232e-05
1.1968851e-06
4.4217997e-05
1.1306e-06
4.4155076e-05
1.0687812e-06
4.409525e-05
1.0110516e-06
4.4038318e-05
9.5707103e-07
4.39841e-05
9.0653071e-07
4.393243e-05
8.5915181e-07
4.3883156e-05
8.1468549e-07
4.3836137e-05
7.7290904e-07
4.3791246e-05
7.3362145e-07
4.3748362e-05
6.966413e-07
4.3707377e-05
6.6180221e-07
4.3668187e-05
6.2895317e-07
4.3630699e-05
5.9795282e-07
4.3594823e-05
5.6867129e-07
4.3560477e-05
5.4099332e-07
4.3527584e-05
5.1481471e-07
4.3496072e-05
4.900368e-07
4.3465875e-05
4.665652e-07
4.3436929e-05
4.4431304e-07
4.3409177e-05
4.2320197e-07
4.3382563e-05
4.0316601e-07
4.3357037e-05
3.8414375e-07
4.3332549e-05
3.6607186e-07
4.3309057e-05
3.4888972e-07
4.3286517e-05
3.3253946e-07
4.3264891e-05
3.1696989e-07
4.3244141e-05
3.0214041e-07
4.3224232e-05
2.8801585e-07
4.3205132e-05
2.7455941e-07
4.318681e-05
2.6173617e-07
4.3169236e-05
2.4951395e-07
4.3152381e-05
2.3785975e-07
4.3136218e-05
2.2674289e-07
4.3120723e-05
2.16119e-07
4.3105875e-05
2.0593774e-07
4.3091643e-05
1.9629634e-07
4.3078005e-05
1.8712953e-07
4.3064938e-05
1.7838384e-07
4.305242e-05
1.7000754e-07
4.3040434e-05
1.6194073e-07
4.3028963e-05
1.5424627e-07
4.3017986e-05
1.4693124e-07
4.300748e-05
1.3997271e-07
4.2997428e-05
1.3334388e-07
4.2987812e-05
1.270084e-07
4.2978609e-05
1.2105789e-07
4.2969818e-05
1.1512329e-07
4.2961353e-05
1.1037528e-07
4.2953554e-05
1.0156478e-07
4.2944476e-05
1.168086e-07
7.1366962e-08
5.0357563e-05
2.1424225e-05
-5.0218325e-05
5.0400979e-05
1.6667576e-05
5.0417577e-05
1.4266217e-05
5.0411423e-05
1.3399049e-05
5.0413234e-05
1.2926263e-05
5.0415105e-05
1.2783814e-05
5.0419061e-05
1.2712704e-05
5.0423369e-05
1.279307e-05
5.0429191e-05
1.3024374e-05
5.0437104e-05
1.3385624e-05
5.0447287e-05
1.3754055e-05
5.0458673e-05
1.3967956e-05
5.046956e-05
1.3898364e-05
5.0478532e-05
1.3541497e-05
5.0485096e-05
1.2989104e-05
5.0489441e-05
1.2355513e-05
5.0491502e-05
1.1719088e-05
5.0488141e-05
1.1110577e-05
5.0470759e-05
1.0537975e-05
5.0419309e-05
9.995374e-06
5.0311486e-05
9.4480396e-06
5.0140823e-05
8.8618385e-06
4.9918105e-05
8.2500828e-06
4.9663355e-05
7.6272876e-06
4.939588e-05
7.0164995e-06
4.9129361e-05
6.4381868e-06
4.8871912e-05
5.9038766e-06
4.8627683e-05
5.4176615e-06
4.8398366e-05
4.9789435e-06
4.8184245e-05
4.5846694e-06
4.7984705e-05
4.2308168e-06
4.7797854e-05
3.9134366e-06
4.762094e-05
3.6273629e-06
4.7452352e-05
3.3671526e-06
4.7291577e-05
3.1297365e-06
4.7138369e-05
2.9127693e-06
4.6992831e-05
2.7137747e-06
4.685499e-05
2.5311525e-06
4.6724666e-05
2.363784e-06
4.6601628e-05
2.2102139e-06
4.6485596e-05
2.0690863e-06
4.6376183e-05
1.9393554e-06
4.6272992e-05
1.819921e-06
4.6175627e-05
1.7097773e-06
4.6083683e-05
1.6080737e-06
4.5996783e-05
1.5139982e-06
4.5914569e-05
1.4268289e-06
4.5836711e-05
1.3459207e-06
4.5762904e-05
1.2706925e-06
4.5692867e-05
1.2006366e-06
4.5626345e-05
1.1353035e-06
4.5563103e-05
1.0742935e-06
4.5502928e-05
1.0172453e-06
4.5445628e-05
9.6383167e-07
4.5391022e-05
9.1375702e-07
4.533895e-05
8.6675776e-07
4.5289261e-05
8.2259809e-07
4.5241817e-05
7.8106504e-07
4.5196493e-05
7.419662e-07
4.5153169e-05
7.0512534e-07
4.511174e-05
6.7038302e-07
4.5072102e-05
6.375907e-07
4.5034162e-05
6.0661132e-07
4.4997832e-05
5.7732254e-07
4.4963033e-05
5.4961434e-07
4.4929687e-05
5.233828e-07
4.4897724e-05
4.9852842e-07
4.4867077e-05
4.7495968e-07
4.4837685e-05
4.5259378e-07
4.480949e-05
4.313607e-07
4.4782439e-05
4.1119524e-07
4.475648e-05
3.9203043e-07
4.4731567e-05
3.7380258e-07
4.4707656e-05
3.5645068e-07
4.4684705e-05
3.3992077e-07
4.4662676e-05
3.2416966e-07
4.4641532e-05
3.0915989e-07
4.4621239e-05
2.9485257e-07
4.4601764e-05
2.8121099e-07
4.4583077e-05
2.6820129e-07
4.4565147e-05
2.5578911e-07
4.4547948e-05
2.4394219e-07
4.4531453e-05
2.3261396e-07
4.451564e-05
2.2175094e-07
4.4500478e-05
2.114578e-07
4.4485944e-05
2.016641e-07
4.4472014e-05
1.9231402e-07
4.4458664e-05
1.8335696e-07
4.4445879e-05
1.7472611e-07
4.4433638e-05
1.6648699e-07
4.442192e-05
1.5864935e-07
4.4410703e-05
1.5118972e-07
4.4399967e-05
1.4408003e-07
4.4389693e-05
1.3728222e-07
4.4379857e-05
1.3089417e-07
4.437046e-05
1.2452056e-07
4.4361405e-05
1.1942939e-07
4.4353066e-05
1.0990426e-07
4.4343336e-05
1.2653875e-07
7.7377902e-08
5.1774657e-05
2.1281867e-05
-5.1632299e-05
5.1819089e-05
1.6623144e-05
5.1836764e-05
1.4248542e-05
5.1830365e-05
1.3405448e-05
5.1832509e-05
1.2924119e-05
5.1834609e-05
1.2781714e-05
5.1838716e-05
1.2708597e-05
5.1843213e-05
1.2788573e-05
5.1849226e-05
1.3018361e-05
5.1857376e-05
1.3377474e-05
5.1867835e-05
1.3743595e-05
5.1879525e-05
1.3956265e-05
5.1890701e-05
1.3887188e-05
5.1899918e-05
1.353228e-05
5.1906636e-05
1.2982386e-05
5.1911087e-05
1.2351061e-05
5.1913736e-05
1.1716439e-05
5.191351e-05
1.1110803e-05
5.1907086e-05
1.0544399e-05
5.1882052e-05
1.0020408e-05
5.1816751e-05
9.5133403e-06
5.169434e-05
8.98425e-06
5.1513031e-05
8.4313915e-06
5.1286063e-05
7.8542556e-06
5.1033055e-05
7.2695078e-06
5.0771146e-05
6.7000959e-06
5.0511996e-05
6.1630266e-06
5.0262359e-05
5.6672979e-06
5.0025619e-05
5.2156839e-06
4.9803096e-05
4.8071919e-06
4.9594959e-05
4.4389546e-06
4.9400882e-05
4.107513e-06
4.9219209e-05
3.8090364e-06
4.9047455e-05
3.5389066e-06
4.8883876e-05
3.2933149e-06
4.8727473e-05
3.0691723e-06
4.8578107e-05
2.863141e-06
4.8435848e-05
2.673411e-06
4.8300585e-05
2.4990473e-06
4.8172255e-05
2.3385438e-06
4.8050745e-05
2.1905964e-06
4.7935797e-05
2.0543034e-06
4.7827128e-05
1.92859e-06
4.772442e-05
1.8124855e-06
4.7627317e-05
1.7051769e-06
4.7535474e-05
1.605841e-06
4.7448546e-05
1.513757e-06
4.7366205e-05
1.4282617e-06
4.7288144e-05
1.3487533e-06
4.7214075e-05
1.2747059e-06
4.7143729e-05
1.205649e-06
4.7076861e-05
1.1411615e-06
4.7013246e-05
1.0808606e-06
4.6952676e-05
1.0244014e-06
4.6894963e-05
9.7147063e-07
4.6839931e-05
9.2178933e-07
4.6787421e-05
8.7510782e-07
4.6737286e-05
8.3120039e-07
4.6689389e-05
7.8986279e-07
4.6643607e-05
7.5090813e-07
4.6599822e-05
7.1416768e-07
4.6557927e-05
6.794851e-07
4.6517823e-05
6.4671563e-07
4.6479416e-05
6.1572928e-07
4.6442621e-05
5.8640973e-07
4.6407356e-05
5.5864743e-07
4.6373547e-05
5.3233737e-07
4.6341124e-05
5.0738304e-07
4.6310021e-05
4.8369687e-07
4.6280177e-05
4.6120453e-07
4.6251536e-05
4.3983676e-07
4.6224043e-05
4.1952269e-07
4.6197651e-05
4.0019533e-07
4.6172311e-05
3.8179037e-07
4.6147981e-05
3.6425081e-07
4.612462e-05
3.475307e-07
4.610219e-05
3.3159011e-07
4.6080654e-05
3.163879e-07
4.605998e-05
3.0188545e-07
4.6040134e-05
2.8804705e-07
4.6021086e-05
2.7483692e-07
4.6002807e-05
2.622211e-07
4.5985271e-05
2.5015073e-07
4.5968453e-05
2.3856901e-07
4.5952322e-05
2.275885e-07
4.5936853e-05
2.1713338e-07
4.5922022e-05
2.0714496e-07
4.5907804e-05
1.9757449e-07
4.5894182e-05
1.8834787e-07
4.5881136e-05
1.7953312e-07
4.5868643e-05
1.7114291e-07
4.5856679e-05
1.6315316e-07
4.5845224e-05
1.5553485e-07
4.5834259e-05
1.4824809e-07
4.5823755e-05
1.4139749e-07
4.5813717e-05
1.3455927e-07
4.5804039e-05
1.2910698e-07
4.5795126e-05
1.1881746e-07
4.5784701e-05
1.369634e-07
8.383103e-08
5.3231611e-05
2.1136348e-05
-5.3086092e-05
5.3277054e-05
1.6577701e-05
5.3295841e-05
1.4229755e-05
5.3289195e-05
1.3412095e-05
5.329167e-05
1.2921644e-05
5.3294023e-05
1.2779361e-05
5.3298309e-05
1.2704311e-05
5.3303008e-05
1.2783875e-05
5.3309219e-05
1.3012149e-05
5.3317616e-05
1.3369076e-05
5.3328363e-05
1.3732849e-05
5.334037e-05
1.3944258e-05
5.3351846e-05
1.3875712e-05
5.3361318e-05
1.3522807e-05
5.3368223e-05
1.2975481e-05
5.3372785e-05
1.2346499e-05
5.3375594e-05
1.171363e-05
5.3376394e-05
1.1110003e-05
5.3374863e-05
1.054593e-05
5.33648e-05
1.0030472e-05
5.3330605e-05
9.5475353e-06
5.3253212e-05
9.0616431e-06
5.3119274e-05
8.5653286e-06
5.2930543e-05
8.042987e-06
5.2702009e-05
7.4980416e-06
5.245218e-05
6.9499251e-06
5.2196247e-05
6.4189599e-06
5.1944226e-05
5.919319e-06
5.1701825e-05
5.4580841e-06
5.1471865e-05
5.0371521e-06
5.1255441e-05
4.6553794e-06
5.1052775e-05
4.3101791e-06
5.0863535e-05
3.9982758e-06
5.0686292e-05
3.7161499e-06
5.051908e-05
3.4605268e-06
5.0359903e-05
3.2283496e-06
5.0207602e-05
3.0154412e-06
5.0061993e-05
2.8190208e-06
4.9922801e-05
2.638239e-06
4.9790035e-05
2.4713094e-06
4.9663709e-05
2.3169227e-06
4.954368e-05
2.1743324e-06
4.9429797e-05
2.0424732e-06
4.9321854e-05
1.920428e-06
4.9219582e-05
1.8074495e-06
4.91227e-05
1.7027223e-06
4.9030903e-05
1.6055549e-06
4.8943888e-05
1.5152761e-06
4.8861363e-05
1.4312782e-06
4.8783041e-05
1.3530285e-06
4.870865e-05
1.2800398e-06
4.8637938e-05
1.2118731e-06
4.8570672e-05
1.1481268e-06
4.8506634e-05
1.0884398e-06
4.8445623e-05
1.0324815e-06
4.8387455e-05
9.7995756e-07
4.8331958e-05
9.3060411e-07
4.8278976e-05
8.8418235e-07
4.8228364e-05
8.4047544e-07
4.8179987e-05
7.9928517e-07
4.8133722e-05
7.6043275e-07
4.8089453e-05
7.2375328e-07
4.8047075e-05
6.8909379e-07
4.8006488e-05
6.5631612e-07
4.7967601e-05
6.2529718e-07
4.7930327e-05
5.9592118e-07
4.7894587e-05
5.6807726e-07
4.7860307e-05
5.416635e-07
4.7827416e-05
5.1658722e-07
4.7795852e-05
4.9276948e-07
4.7765552e-05
4.701366e-07
4.7736461e-05
4.4861357e-07
4.7708526e-05
4.281299e-07
4.7681699e-05
4.0861769e-07
4.7655933e-05
3.9001661e-07
4.7631186e-05
3.7227784e-07
4.7607417e-05
3.553588e-07
4.7584589e-05
3.3921578e-07
4.7562667e-05
3.2380827e-07
4.7541615e-05
3.0909846e-07
4.7521403e-05
2.9504905e-07
4.7502e-05
2.8162436e-07
4.7483378e-05
2.6877298e-07
4.7465512e-05
2.5643474e-07
4.744837e-05
2.4473051e-07
4.7431924e-05
2.3357885e-07
4.7416152e-05
2.2291772e-07
4.7401025e-05
2.127007e-07
4.7386527e-05
2.0284638e-07
4.7372635e-05
1.9342506e-07
4.7359325e-05
1.8445261e-07
4.7346574e-05
1.7590398e-07
4.733436e-05
1.677495e-07
4.732266e-05
1.5994743e-07
4.7311448e-05
1.5260952e-07
4.7300726e-05
1.4528135e-07
4.7290383e-05
1.3945064e-07
4.7280856e-05
1.2834399e-07
4.7269686e-05
1.4813302e-07
9.0759825e-08
5.4729554e-05
2.0987624e-05
-5.4580829e-05
5.4776017e-05
1.6531238e-05
5.4795932e-05
1.4209841e-05
5.4789051e-05
1.3418975e-05
5.4791865e-05
1.2918829e-05
5.4794491e-05
1.2776735e-05
5.4798964e-05
1.2699838e-05
5.480388e-05
1.2778959e-05
5.4810302e-05
1.3005728e-05
5.4818957e-05
1.3360422e-05
5.483e-05
1.3721806e-05
5.4842335e-05
1.3931923e-05
5.4854122e-05
1.3863926e-05
5.4863859e-05
1.351307e-05
5.4870965e-05
1.2968376e-05
5.4875662e-05
1.2341801e-05
5.4878555e-05
1.1710738e-05
5.4879601e-05
1.1108957e-05
5.4879881e-05
1.054565e-05
5.4876725e-05
1.0033627e-05
5.486133e-05
9.562931e-06
5.4819147e-05
9.1038261e-06
5.4731635e-05
8.6528406e-06
5.4588716e-05
8.1859057e-06
5.4395465e-05
7.6912921e-06
5.4167386e-05
7.1780043e-06
5.392169e-05
6.6646555e-06
5.3671866e-05
6.1691435e-06
5.342662e-05
5.7033297e-06
5.319087e-05
5.2729024e-06
5.2967058e-05
4.8791917e-06
5.275622e-05
4.5210169e-06
5.2558505e-05
4.1959908e-06
5.2373366e-05
3.9012887e-06
5.2199864e-05
3.6340293e-06
5.2036473e-05
3.3917397e-06
5.1881279e-05
3.1706361e-06
5.1732944e-05
2.9673555e-06
5.159075e-05
2.7804328e-06
5.1454507e-05
2.6075522e-06
5.1324257e-05
2.4471729e-06
5.1199881e-05
2.2987087e-06
5.1081344e-05
2.1610099e-06
5.0968554e-05
2.033218e-06
5.0861338e-05
1.9146656e-06
5.0759509e-05
1.8045509e-06
5.0662829e-05
1.7022348e-06
5.0571054e-05
1.6070516e-06
5.0483923e-05
1.5184093e-06
5.040117e-05
1.4357815e-06
5.0322538e-05
1.3586719e-06
5.0247777e-05
1.2866335e-06
5.0176652e-05
1.2192517e-06
5.010894e-05
1.1561522e-06
5.0044433e-05
1.0969884e-06
4.9982938e-05
1.0414523e-06
4.9924275e-05
9.8926683e-07
4.9868277e-05
9.4018042e-07
4.981479e-05
8.9396316e-07
4.976367e-05
8.5040518e-07
4.9714785e-05
8.0931715e-07
4.9668014e-05
7.7052483e-07
4.9623241e-05
7.338666e-07
4.9580361e-05
6.9919587e-07
4.9539276e-05
6.6638211e-07
4.9499895e-05
6.3530274e-07
4.9462131e-05
6.0584057e-07
4.9425907e-05
5.7788787e-07
4.9391148e-05
5.513465e-07
4.9357785e-05
5.2613257e-07
4.9325754e-05
5.0216755e-07
4.9294995e-05
4.7937205e-07
4.9265453e-05
4.5767181e-07
4.9237076e-05
4.3699508e-07
4.9209815e-05
4.1727786e-07
4.9183624e-05
3.9846835e-07
4.9158462e-05
3.8052102e-07
4.9134288e-05
3.6338947e-07
4.9111065e-05
3.4703105e-07
4.9088758e-05
3.3140579e-07
4.9067333e-05
3.1647464e-07
4.9046757e-05
3.0220021e-07
4.9027001e-05
2.8852826e-07
4.9008041e-05
2.7539504e-07
4.8989841e-05
2.6293046e-07
4.8972373e-05
2.5104705e-07
4.8955611e-05
2.3967918e-07
4.8939529e-05
2.2878279e-07
4.8924107e-05
2.1826921e-07
4.8909321e-05
2.0821088e-07
4.8895146e-05
1.9862698e-07
4.8881559e-05
1.8949127e-07
4.8868535e-05
1.8077333e-07
4.8856053e-05
1.7242928e-07
4.8844084e-05
1.645786e-07
4.8832631e-05
1.5673416e-07
4.8821575e-05
1.5050732e-07
4.8811392e-05
1.3852684e-07
4.8799424e-05
1.6010146e-07
9.8199706e-08
5.626963e-05
2.0835652e-05
-5.6117657e-05
5.6317151e-05
1.6483716e-05
5.633821e-05
1.4188781e-05
5.6331104e-05
1.3426082e-05
5.6334271e-05
1.2915662e-05
5.6337193e-05
1.2773814e-05
5.6341851e-05
1.269518e-05
5.6346998e-05
1.2773812e-05
5.6353639e-05
1.2999086e-05
5.636256e-05
1.3351501e-05
5.6373909e-05
1.3710456e-05
5.638658e-05
1.3919252e-05
5.6398687e-05
1.3851819e-05
5.6408696e-05
1.3503061e-05
5.6416011e-05
1.2961061e-05
5.6420858e-05
1.2336955e-05
5.6423839e-05
1.1707757e-05
5.6424942e-05
1.1107854e-05
5.6425765e-05
1.0544827e-05
5.6425316e-05
1.0034076e-05
5.6419058e-05
9.5691897e-06
5.639928e-05
9.1236042e-06
5.6349989e-05
8.7021317e-06
5.6254093e-05
8.2818017e-06
5.6104907e-05
7.8404782e-06
5.5909528e-05
7.3733832e-06
5.5683411e-05
6.8907723e-06
5.5442442e-05
6.4101122e-06
5.5198677e-05
5.9470946e-06
5.49598e-05
5.5117802e-06
5.4730162e-05
5.1088293e-06
5.4512007e-05
4.7391717e-06
5.4306226e-05
4.4017718e-06
5.4112765e-05
4.0947502e-06
5.3931118e-05
3.8156759e-06
5.3760881e-05
3.5619767e-06
5.360081e-05
3.3307076e-06
5.3449119e-05
3.1190457e-06
5.3304226e-05
2.9253266e-06
5.3165221e-05
2.7465565e-06
5.303193e-05
2.5804643e-06
5.2904072e-05
2.4265671e-06
5.278166e-05
2.2834212e-06
5.2664664e-05
2.1502145e-06
5.2552992e-05
2.0263377e-06
5.2446555e-05
1.9109873e-06
5.2345198e-05
1.8035923e-06
5.2248748e-05
1.7035007e-06
5.2157005e-05
1.6101528e-06
5.2069746e-05
1.5230403e-06
5.1986748e-05
1.4416702e-06
5.190778e-05
1.3656018e-06
5.1832616e-05
1.2944154e-06
5.1761039e-05
1.2277292e-06
5.1692843e-05
1.1651847e-06
5.162783e-05
1.1064655e-06
5.1565813e-05
1.051283e-06
5.1506619e-05
9.993746e-07
5.1450085e-05
9.504974e-07
5.139606e-05
9.0443009e-07
5.1344404e-05
8.6097316e-07
5.1294986e-05
8.1994251e-07
5.1247685e-05
7.8116754e-07
5.1202388e-05
7.4449322e-07
5.1158989e-05
7.0978104e-07
5.1117391e-05
6.7690096e-07
5.1077502e-05
6.4572911e-07
5.1039239e-05
6.1615142e-07
5.1002521e-05
5.8806406e-07
5.0967276e-05
5.6137771e-07
5.0933435e-05
5.3600862e-07
5.0900934e-05
5.1187285e-07
5.0869714e-05
4.8889192e-07
5.0839719e-05
4.6698991e-07
5.0810898e-05
4.4609896e-07
5.0783202e-05
4.261641e-07
5.0756587e-05
4.0713645e-07
5.073101e-05
3.8896685e-07
5.0706431e-05
3.7161015e-07
5.0682812e-05
3.550242e-07
5.0660119e-05
3.3916796e-07
5.0638317e-05
3.2400241e-07
5.0617375e-05
3.0947035e-07
5.0597266e-05
2.9550372e-07
5.0577954e-05
2.8224251e-07
5.0559408e-05
2.6959252e-07
5.0541603e-05
2.5748445e-07
5.0524509e-05
2.4587651e-07
5.0508106e-05
2.3467255e-07
5.049237e-05
2.2394676e-07
5.0477276e-05
2.1372155e-07
5.0462797e-05
2.0396982e-07
5.044891e-05
1.9466012e-07
5.0435593e-05
1.8574609e-07
5.0422816e-05
1.7735567e-07
5.0410584e-05
1.6896686e-07
5.0398766e-05
1.6232505e-07
5.0387883e-05
1.4940969e-07
5.0375061e-05
1.7292348e-07
1.0618684e-07
5.7853024e-05
2.0680393e-05
-5.7697765e-05
5.7901649e-05
1.6435091e-05
5.7923898e-05
1.4166532e-05
5.7916621e-05
1.3433359e-05
5.7920145e-05
1.2912138e-05
5.7923376e-05
1.2770583e-05
5.7928217e-05
1.2690339e-05
5.7933596e-05
1.2768433e-05
5.7940456e-05
1.2992226e-05
5.7949644e-05
1.3342314e-05
5.7961301e-05
1.3698799e-05
5.7974312e-05
1.3906241e-05
5.7986744e-05
1.3839387e-05
5.7997032e-05
1.3492773e-05
5.8004561e-05
1.2953531e-05
5.8009563e-05
1.2331953e-05
5.801264e-05
1.170468e-05
5.8013781e-05
1.1106713e-05
5.8014767e-05
1.0543841e-05
5.8015181e-05
1.0033661e-05
5.801253e-05
9.5718403e-06
5.8004292e-05
9.1318425e-06
5.7980618e-05
8.7258061e-06
5.7925027e-05
8.3373922e-06
5.7822834e-05
7.9426716e-06
5.7669773e-05
7.5264439e-06
5.7474209e-05
7.0863365e-06
5.7251155e-05
6.6331663e-06
5.7015255e-05
6.1829941e-06
5.6777393e-05
5.7496422e-06
5.6544488e-05
5.3417343e-06
5.6320527e-05
4.9631332e-06
5.610752e-05
4.6147788e-06
5.5906145e-05
4.296125e-06
5.5716367e-05
4.0054537e-06
5.553801e-05
3.7403336e-06
5.5370614e-05
3.4981042e-06
5.521315e-05
3.2765094e-06
5.5064231e-05
3.0742457e-06
5.4922397e-05
2.8883902e-06
5.4786501e-05
2.7163604e-06
5.4655895e-05
2.5571736e-06
5.4530415e-05
2.408901e-06
5.4409992e-05
2.270637e-06
5.429455e-05
2.1417805e-06
5.4184072e-05
2.0214654e-06
5.407847e-05
1.9091943e-06
5.3977652e-05
1.8043178e-06
5.3881487e-05
1.7063182e-06
5.3789813e-05
1.6147142e-06
5.3702455e-05
1.529028e-06
5.361922e-05
1.4488366e-06
5.3539912e-05
1.3737236e-06
5.3464332e-05
1.3033092e-06
5.3392287e-05
1.2372303e-06
5.3323582e-05
1.1751698e-06
5.3258034e-05
1.1168313e-06
5.3195465e-05
1.061944e-06
5.3135708e-05
1.0102537e-06
5.3078609e-05
9.615295e-07
5.3024019e-05
9.1556292e-07
5.2971801e-05
8.7216044e-07
5.2921827e-05
8.3114219e-07
5.2873975e-05
7.9234519e-07
5.2828133e-05
7.5562258e-07
5.2784198e-05
7.2083635e-07
5.2742071e-05
6.8785569e-07
5.2701663e-05
6.5655986e-07
5.2662888e-05
6.2683897e-07
5.2625668e-05
5.9859788e-07
5.2589929e-05
5.7174736e-07
5.2555603e-05
5.4619878e-07
5.2522626e-05
5.2186869e-07
5.2490939e-05
4.9867678e-07
5.2460487e-05
4.7655138e-07
5.2431217e-05
4.5543374e-07
5.2403082e-05
4.3527148e-07
5.2376036e-05
4.1601277e-07
5.2350037e-05
3.9760932e-07
5.2325045e-05
3.8001662e-07
5.2301021e-05
3.6319152e-07
5.227793e-05
3.4709323e-07
5.2255739e-05
3.3166168e-07
5.2234419e-05
3.1682351e-07
5.2213932e-05
3.027297e-07
5.2194246e-05
2.8927841e-07
5.2175335e-05
2.76396e-07
5.2157168e-05
2.6404362e-07
5.2139723e-05
2.5211717e-07
5.2122977e-05
2.4069228e-07
5.2106905e-05
2.2979439e-07
5.2091478e-05
2.1939596e-07
5.2076674e-05
2.0946441e-07
5.2062469e-05
1.9995077e-07
5.2048833e-05
1.9099215e-07
5.2035771e-05
1.8202913e-07
5.2023143e-05
1.7495263e-07
5.2011516e-05
1.6103695e-07
5.1997784e-05
1.8665504e-07
1.1475829e-07
5.9480945e-05
2.0521818e-05
-5.9322371e-05
5.9530752e-05
1.6385285e-05
5.955422e-05
1.4143064e-05
5.9546943e-05
1.3440636e-05
5.9550908e-05
1.2908172e-05
5.9554376e-05
1.2767115e-05
5.955936e-05
1.2685355e-05
5.9564952e-05
1.276284e-05
5.9572016e-05
1.2985162e-05
5.9581462e-05
1.3332869e-05
5.9593423e-05
1.3686837e-05
5.9606774e-05
1.389289e-05
5.9619532e-05
1.3826629e-05
5.9630099e-05
1.3482206e-05
5.9637845e-05
1.2945785e-05
5.9643004e-05
1.2326794e-05
5.964618e-05
1.1701504e-05
5.9647368e-05
1.1105525e-05
5.9648436e-05
1.0542774e-05
5.96491e-05
1.0032997e-05
5.9647593e-05
9.5733479e-06
5.9644077e-05
9.135358e-06
5.963419e-05
8.7356936e-06
5.9606753e-05
8.3648293e-06
5.9546272e-05
8.0031524e-06
5.9439803e-05
7.6329132e-06
5.9284977e-05
7.2411622e-06
5.9090784e-05
6.8273594e-06
5.8871591e-05
6.4021864e-06
5.8640939e-05
5.9802943e-06
5.8408792e-05
5.573882e-06
5.8181523e-05
5.1904018e-06
5.7962782e-05
4.8335194e-06
5.7754333e-05
4.5045748e-06
5.7556832e-05
4.2029538e-06
5.7370488e-05
3.9266785e-06
5.7195075e-05
3.6735163e-06
5.7029924e-05
3.4416612e-06
5.6874559e-05
3.2296099e-06
5.6727973e-05
3.0349762e-06
5.6588722e-05
2.8556116e-06
5.6455476e-05
2.6904198e-06
5.6327418e-05
2.5369588e-06
5.6204276e-05
2.3937794e-06
5.6085797e-05
2.2602597e-06
5.5971981e-05
2.1352814e-06
5.5862744e-05
2.0184314e-06
5.5758063e-05
1.9089982e-06
5.5657867e-05
1.8065148e-06
5.5562057e-05
1.7105234e-06
5.5470519e-05
1.620566e-06
5.5383111e-05
1.5362453e-06
5.5299679e-05
1.457155e-06
5.5220058e-05
1.38293e-06
5.514408e-05
1.3132093e-06
5.5071567e-05
1.2476826e-06
5.5002346e-05
1.1860516e-06
5.4936248e-05
1.1280422e-06
5.4873109e-05
1.0733931e-06
5.4812771e-05
1.0218671e-06
5.4755085e-05
9.7324885e-07
5.4699908e-05
9.2733742e-07
5.4647106e-05
8.8394404e-07
5.4596553e-05
8.4289864e-07
5.4548129e-05
8.0404627e-07
5.4501725e-05
7.6724088e-07
5.4457236e-05
7.3234476e-07
5.4414565e-05
6.9923037e-07
5.4373623e-05
6.677816e-07
5.4334323e-05
6.378971e-07
5.4296589e-05
6.0948207e-07
5.4260344e-05
5.82443e-07
5.4225522e-05
5.5669071e-07
5.4192059e-05
5.3214038e-07
5.4159894e-05
5.0871655e-07
5.4128971e-05
4.863559e-07
5.409924e-05
4.6500255e-07
5.4070651e-05
4.4460195e-07
5.4043158e-05
4.2510206e-07
5.4016719e-05
4.0645568e-07
5.3991294e-05
3.8861738e-07
5.3966843e-05
3.7154402e-07
5.3943332e-05
3.5517251e-07
5.3920732e-05
3.3942358e-07
5.3899002e-05
3.2446002e-07
5.3878109e-05
3.1017137e-07
5.3858026e-05
2.9647887e-07
5.3838722e-05
2.8334736e-07
5.3820175e-05
2.7066443e-07
5.380236e-05
2.585071e-07
5.3785251e-05
2.4690361e-07
5.376882e-05
2.358262e-07
5.3753044e-05
2.2524115e-07
5.3737898e-05
2.1509678e-07
5.372335e-05
2.0554006e-07
5.3709407e-05
1.9597143e-07
5.369592e-05
1.8843978e-07
5.3683503e-05
1.7345391e-07
5.3668805e-05
2.0135347e-07
1.2395218e-07
6.1154648e-05
2.0359903e-05
-6.0992732e-05
6.1205691e-05
1.6334241e-05
6.1230398e-05
1.4118357e-05
6.1223407e-05
1.3447627e-05
6.1227856e-05
1.2903723e-05
6.1231489e-05
1.2763482e-05
6.1236576e-05
1.2680268e-05
6.1242356e-05
1.275706e-05
6.1249607e-05
1.2977911e-05
6.1259298e-05
1.3323177e-05
6.1271557e-05
1.3674578e-05
6.1285243e-05
1.3879205e-05
6.1298325e-05
1.3813546e-05
6.1309171e-05
1.347136e-05
6.1317134e-05
1.2937822e-05
6.1322451e-05
1.2321477e-05
6.1325725e-05
1.169823e-05
6.1326966e-05
1.1104283e-05
6.132811e-05
1.054163e-05
6.1328865e-05
1.0032241e-05
6.1327663e-05
9.5745497e-06
6.1325676e-05
9.1373451e-06
6.1321648e-05
8.7397221e-06
6.1309905e-05
8.3765724e-06
6.1279476e-05
8.0335813e-06
6.1215547e-05
7.6968426e-06
6.1106738e-05
7.3499706e-06
6.0951969e-05
6.9821284e-06
6.0760397e-05
6.5937588e-06
6.0545655e-05
6.1950364e-06
6.0320348e-05
5.7991891e-06
6.0093742e-05
5.4170076e-06
5.9871753e-05
5.0555078e-06
5.9657725e-05
4.7186033e-06
5.9453347e-05
4.4073315e-06
5.9259439e-05
4.1205872e-06
5.9076168e-05
3.8567873e-06
5.8903168e-05
3.6146608e-06
5.87401e-05
3.3926777e-06
5.8586513e-05
3.1885638e-06
5.8441593e-05
3.0005315e-06
5.8304232e-05
2.8277805e-06
5.8173283e-05
2.6679079e-06
5.8047616e-05
2.5194462e-06
5.7926619e-05
2.3812565e-06
5.7810127e-05
2.2517739e-06
5.7697926e-05
2.1306328e-06
5.7590018e-05
2.0169059e-06
5.7486339e-05
1.9101938e-06
5.7386848e-05
1.810014e-06
5.7291485e-05
1.7159297e-06
5.720016e-05
1.6275697e-06
5.7112777e-05
1.5445382e-06
5.702921e-05
1.4664973e-06
5.6949327e-05
1.3930915e-06
5.6872984e-05
1.3240263e-06
5.6800028e-05
1.259007e-06
5.6730306e-05
1.1977644e-06
5.6663665e-05
1.1400344e-06
5.6599954e-05
1.0855777e-06
5.6539028e-05
1.0341751e-06
5.6480743e-05
9.8562209e-07
5.6424964e-05
9.3972299e-07
5.6371561e-05
8.9630181e-07
5.6320411e-05
8.5519663e-07
5.6271397e-05
8.162541e-07
5.6224412e-05
7.7933023e-07
5.6179351e-05
7.442909e-07
5.6136119e-05
7.1101387e-07
5.6094625e-05
6.793915e-07
5.6054784e-05
6.4932334e-07
5.6016516e-05
6.207108e-07
5.5979748e-05
5.9345873e-07
5.5944411e-05
5.6747753e-07
5.591044e-05
5.4268757e-07
5.5877775e-05
5.1902068e-07
5.584636e-05
4.964171e-07
5.5816143e-05
4.7481901e-07
5.5787075e-05
4.5417049e-07
5.5759109e-05
4.3442123e-07
5.5732203e-05
4.1552319e-07
5.5706317e-05
3.9743029e-07
5.5681414e-05
3.8007608e-07
5.5657462e-05
3.6337491e-07
5.563442e-05
3.4750217e-07
5.5612253e-05
3.323381e-07
5.5590934e-05
3.1779791e-07
5.5570431e-05
3.0385085e-07
5.5550719e-05
2.9037574e-07
5.5531776e-05
2.7745106e-07
5.5513571e-05
2.6510763e-07
5.549608e-05
2.533175e-07
5.5479275e-05
2.4204593e-07
5.5463134e-05
2.3123833e-07
5.5447622e-05
2.2105231e-07
5.5432748e-05
2.1084517e-07
5.541835e-05
2.0283734e-07
5.5405097e-05
1.8670698e-07
5.5389373e-05
2.1707767e-07
1.3380776e-07
6.2875408e-05
2.0194633e-05
-6.2710138e-05
6.2927812e-05
1.6281837e-05
6.2953702e-05
1.4092468e-05
6.2947106e-05
1.3454223e-05
6.2951989e-05
1.2898841e-05
6.2955828e-05
1.2759643e-05
6.2961069e-05
1.2675027e-05
6.2967055e-05
1.2751074e-05
6.2974496e-05
1.297047e-05
6.2984434e-05
1.331324e-05
6.299699e-05
1.3662022e-05
6.3011011e-05
1.3865185e-05
6.3024418e-05
1.3800138e-05
6.3035544e-05
1.3460234e-05
6.3043724e-05
1.2929643e-05
6.3049198e-05
1.2316003e-05
6.3052567e-05
1.1694861e-05
6.3053866e-05
1.1102984e-05
6.3055094e-05
1.0540403e-05
6.3055878e-05
1.0031457e-05
6.3054778e-05
9.5756493e-06
6.3053185e-05
9.138938e-06
6.305109e-05
8.7418174e-06
6.3046253e-05
8.3814094e-06
6.3033032e-05
8.0468022e-06
6.3000457e-05
7.7294176e-06
6.2934551e-05
7.4158772e-06
6.2825179e-05
7.0914998e-06
6.2672032e-05
6.7469062e-06
6.24841e-05
6.382968e-06
6.2274272e-05
6.009017e-06
6.2054383e-05
5.6368975e-06
6.1833121e-05
5.2767698e-06
6.1616019e-05
4.9357047e-06
6.1406283e-05
4.6170677e-06
6.1205685e-05
4.3211847e-06
6.1015013e-05
4.0474597e-06
6.0834341e-05
3.7953331e-06
6.0663558e-05
3.5634607e-06
6.0502344e-05
3.3497773e-06
6.0350068e-05
3.1528075e-06
6.0206386e-05
2.9714624e-06
6.0070525e-05
2.8037697e-06
5.9941233e-05
2.6487375e-06
5.9817572e-05
2.5049179e-06
5.969864e-05
2.3707054e-06
5.9583986e-05
2.2452873e-06
5.947346e-05
2.1274314e-06
5.9366914e-05
2.0167402e-06
5.9264319e-05
1.9126088e-06
5.9165629e-05
1.8146198e-06
5.9070803e-05
1.7223962e-06
5.8979791e-05
1.6355494e-06
5.8892516e-05
1.5537725e-06
5.8808893e-05
1.4767146e-06
5.8728813e-05
1.4041068e-06
5.8652159e-05
1.335661e-06
5.8578801e-05
1.2711222e-06
5.8508607e-05
1.210228e-06
5.8441444e-05
1.1527413e-06
5.8377175e-05
1.0984441e-06
5.8315664e-05
1.0471326e-06
5.8256779e-05
9.9860798e-07
5.8200391e-05
9.5268997e-07
5.8146376e-05
9.0921184e-07
5.8094615e-05
8.6801449e-07
5.8044997e-05
8.2894897e-07
5.7997412e-05
7.9187537e-07
5.795176e-05
7.5666584e-07
5.7907945e-05
7.2320678e-07
5.7865876e-05
6.9139218e-07
5.7825469e-05
6.6111823e-07
5.7786643e-05
6.3228403e-07
5.7749326e-05
6.0479493e-07
5.7713447e-05
5.7856662e-07
5.7678942e-05
5.5352606e-07
5.7645749e-05
5.2960912e-07
5.7613814e-05
5.0675401e-07
5.7583084e-05
4.8490089e-07
5.7553509e-05
4.6399601e-07
5.7525044e-05
4.4398829e-07
5.7497646e-05
4.2482833e-07
5.7471276e-05
4.0644607e-07
5.7445902e-05
3.887487e-07
5.7421479e-05
3.7192508e-07
5.7397972e-05
3.5584551e-07
5.7375352e-05
3.4041825e-07
5.7353585e-05
3.2561747e-07
5.7332648e-05
3.1131292e-07
5.7312514e-05
2.9758455e-07
5.7293157e-05
2.8446547e-07
5.7274547e-05
2.7192757e-07
5.7256657e-05
2.5993514e-07
5.7239465e-05
2.4843057e-07
5.7222935e-05
2.3758282e-07
5.7207077e-05
2.2670287e-07
5.7191717e-05
2.1819733e-07
5.717758e-05
2.0084365e-07
5.716077e-05
2.3388815e-07
1.4436547e-07
6.4644554e-05
2.0025998e-05
-6.4475918e-05
6.4698369e-05
1.6228022e-05
6.4725349e-05
1.4065488e-05
6.4719223e-05
1.3460349e-05
6.4724493e-05
1.2893571e-05
6.4728566e-05
1.275557e-05
6.4734029e-05
1.2669564e-05
6.474027e-05
1.2744833e-05
6.4747936e-05
1.2962804e-05
6.4758143e-05
1.3303033e-05
6.4771014e-05
1.3649151e-05
6.4785381e-05
1.3850818e-05
6.4799122e-05
1.3786397e-05
6.4810535e-05
1.3448822e-05
6.4818936e-05
1.2921241e-05
6.482457e-05
1.2310369e-05
6.4828034e-05
1.1691397e-05
6.4829395e-05
1.1101623e-05
6.4830717e-05
1.0539081e-05
6.4831486e-05
1.0030687e-05
6.483046e-05
9.5766758e-06
6.4828967e-05
9.1404311e-06
6.4827327e-05
8.743457e-06
6.4824871e-05
8.3838658e-06
6.4819394e-05
8.0522785e-06
6.4805095e-05
7.7437165e-06
6.4771294e-05
7.4496781e-06
6.4704833e-05
7.157961e-06
6.4596502e-05
6.8552371e-06
6.4446329e-05
6.5331413e-06
6.4262906e-05
6.1924405e-06
6.4058393e-05
5.8414104e-06
6.3843956e-05
5.4912062e-06
6.3627813e-05
5.1518483e-06
6.3415278e-05
4.829602e-06
6.3209566e-05
4.5268966e-06
6.3012418e-05
4.2446082e-06
6.2824561e-05
3.9831894e-06
6.2646266e-05
3.741756e-06
6.2477449e-05
3.5185948e-06
6.2317696e-05
3.3125603e-06
6.2166703e-05
3.122455e-06
6.202396e-05
2.946513e-06
6.1888928e-05
2.7837696e-06
6.1760852e-05
2.6329935e-06
6.1638668e-05
2.4928891e-06
6.1521487e-05
2.3624688e-06
6.1408592e-05
2.2403267e-06
6.1299662e-05
2.1256701e-06
6.1194521e-05
2.0177494e-06
6.109307e-05
1.9160712e-06
6.099527e-05
1.8201959e-06
6.090109e-05
1.7297299e-06
6.0810488e-05
1.6443743e-06
6.0723426e-05
1.5637771e-06
6.0639832e-05
1.4877006e-06
6.0559632e-05
1.4158603e-06
6.048273e-05
1.3480242e-06
6.0409024e-05
1.2839349e-06
6.0338402e-05
1.2233632e-06
6.0270749e-05
1.1660968e-06
6.0205943e-05
1.1119385e-06
6.0143861e-05
1.0606902e-06
6.0084381e-05
1.0121702e-06
6.0027382e-05
9.6621023e-07
5.9972749e-05
9.2264743e-07
5.9920368e-05
8.8133029e-07
5.9870129e-05
8.4211444e-07
5.9821927e-05
8.0486757e-07
5.9775663e-05
7.6947093e-07
5.9731242e-05
7.3581341e-07
5.9688574e-05
7.0378623e-07
5.9647575e-05
6.7328306e-07
5.9608165e-05
6.4420427e-07
5.9570271e-05
6.1646054e-07
5.9533824e-05
5.8997386e-07
5.9498757e-05
5.6467562e-07
5.9465012e-05
5.4049955e-07
5.9432531e-05
5.1738167e-07
5.9401262e-05
4.9526453e-07
5.9371157e-05
4.7409358e-07
5.934217e-05
4.5381581e-07
5.9314258e-05
4.3435725e-07
5.928739e-05
4.1561706e-07
5.9261517e-05
3.9779856e-07
5.9236601e-05
3.8076133e-07
5.9212613e-05
3.6440572e-07
5.9189519e-05
3.4871138e-07
5.9167294e-05
3.3353855e-07
5.914591e-05
3.1896871e-07
5.9125338e-05
3.0503697e-07
5.9105551e-05
2.9171498e-07
5.908652e-05
2.7896617e-07
5.9068221e-05
2.6672966e-07
5.9050617e-05
2.5518663e-07
5.9033721e-05
2.4359821e-07
5.9017346e-05
2.3457303e-07
5.9002277e-05
2.1591265e-07
5.8984318e-05
2.5184713e-07
1.5566698e-07
6.646343e-05
1.9854006e-05
-6.6291438e-05
6.6518852e-05
1.61726e-05
6.654681e-05
1.4037529e-05
6.6540893e-05
1.3466266e-05
6.654654e-05
1.2887923e-05
6.6550949e-05
1.2751161e-05
6.6556712e-05
1.2663801e-05
6.6563259e-05
1.2738287e-05
6.6571195e-05
1.2954868e-05
6.6581708e-05
1.329252e-05
6.6594925e-05
1.3635934e-05
6.6609663e-05
1.3836079e-05
6.6623759e-05
1.3772301e-05
6.6635474e-05
1.3437107e-05
6.6644108e-05
1.2912607e-05
6.664991e-05
1.2304568e-05
6.6653475e-05
1.1687832e-05
6.6654902e-05
1.1100195e-05
6.665633e-05
1.0537653e-05
6.6657061e-05
1.0029956e-05
6.6656077e-05
9.5776603e-06
6.6654654e-05
9.1418538e-06
6.6653043e-05
8.7450682e-06
6.665122e-05
8.3856885e-06
6.6648474e-05
8.0550246e-06
6.6642514e-05
7.7496765e-06
6.6627606e-05
7.4645861e-06
6.6593496e-05
7.1920705e-06
6.6527804e-05
6.9209291e-06
6.6421946e-05
6.6389993e-06
6.6275939e-05
6.338448e-06
6.6097797e-05
6.0195522e-06
6.5898951e-05
5.6900521e-06
6.5689981e-05
5.3608178e-06
6.547879e-05
5.0407936e-06
6.5270624e-05
4.7350628e-06
6.5068657e-05
4.4465749e-06
6.4874599e-05
4.1772471e-06
6.4689329e-05
3.9270262e-06
6.4513155e-05
3.6947687e-06
6.4345963e-05
3.4797522e-06
6.4187574e-05
3.2808446e-06
6.4037588e-05
3.0964993e-06
6.3895563e-05
2.9257946e-06
6.3761103e-05
2.7674529e-06
6.3633654e-05
2.6203378e-06
6.351242e-05
2.483703e-06
6.3396544e-05
2.3562027e-06
6.3285184e-05
2.2370307e-06
6.3177735e-05
2.1251981e-06
6.3073973e-05
2.0198327e-06
6.2973712e-05
1.920457e-06
6.2876883e-05
1.8265594e-06
6.2783442e-05
1.7378145e-06
6.2693367e-05
1.6538529e-06
6.2606616e-05
1.5744508e-06
6.2523156e-05
1.4993204e-06
6.2442923e-05
1.4282576e-06
6.2365851e-05
1.361007e-06
6.2291862e-05
1.2973525e-06
6.2220866e-05
1.2370921e-06
6.2152765e-05
1.1800401e-06
6.2087451e-05
1.1260041e-06
6.2024817e-05
1.0748042e-06
6.1964753e-05
1.0262743e-06
6.1907149e-05
9.8025088e-07
6.1851896e-05
9.3658318e-07
6.1798887e-05
8.9512432e-07
6.1748015e-05
8.5573937e-07
6.169918e-05
8.1830588e-07
6.1652285e-05
7.8270865e-07
6.1607236e-05
7.4883465e-07
6.1563946e-05
7.1657271e-07
6.1522332e-05
6.8581873e-07
6.1482314e-05
6.5647834e-07
6.1443819e-05
6.2846865e-07
6.1406778e-05
6.017166e-07
6.1371127e-05
5.7615117e-07
6.1336804e-05
5.5170407e-07
6.1303755e-05
5.2831398e-07
6.1271926e-05
5.0592247e-07
6.1241269e-05
4.8447264e-07
6.121174e-05
4.6388642e-07
6.1183303e-05
4.4405391e-07
6.1155908e-05
4.2519398e-07
6.1129514e-05
4.0715474e-07
6.1104093e-05
3.8982748e-07
6.1079606e-05
3.731979e-07
6.1056028e-05
3.5711631e-07
6.1033331e-05
3.4166579e-07
6.1011485e-05
3.2688303e-07
6.0990461e-05
3.1273936e-07
6.097023e-05
2.9919746e-07
6.0950766e-05
2.8619291e-07
6.0932033e-05
2.7391991e-07
6.0914045e-05
2.6158606e-07
6.0896599e-05
2.52019e-07
6.0880548e-05
2.3196389e-07
6.0861377e-05
2.710185e-07
1.6775515e-07
6.8333451e-05
1.9678655e-05
-6.8158101e-05
6.8390488e-05
1.6115564e-05
6.8419393e-05
1.4008624e-05
6.8413737e-05
1.3471922e-05
6.8419632e-05
1.2882029e-05
6.8424404e-05
1.2746388e-05
6.8430487e-05
1.2657718e-05
6.8437366e-05
1.2731408e-05
6.8445606e-05
1.2946627e-05
6.845646e-05
1.3281666e-05
6.8470057e-05
1.3622337e-05
6.8485199e-05
1.3820938e-05
6.8499677e-05
1.3757823e-05
6.8511716e-05
1.3425068e-05
6.8520603e-05
1.290372e-05
6.8526587e-05
1.2298584e-05
6.8530269e-05
1.168415e-05
6.8531763e-05
1.1098701e-05
6.8533302e-05
1.0536114e-05
6.8533973e-05
1.0029286e-05
6.8532976e-05
9.5786572e-06
6.853167e-05
9.1431599e-06
6.853001e-05
8.7467282e-06
6.8528305e-05
8.3873937e-06
6.8526308e-05
8.0570207e-06
6.8523327e-05
7.7526578e-06
6.8517086e-05
7.470827e-06
6.8502042e-05
7.2071147e-06
6.8468486e-05
6.9544851e-06
6.8404757e-05
6.7027279e-06
6.8302646e-05
6.440559e-06
6.8161876e-05
6.1603224e-06
6.7989724e-05
5.8622047e-06
6.7796873e-05
5.5536681e-06
6.7593432e-05
5.2442347e-06
6.7387126e-05
4.9413685e-06
6.7183143e-05
4.6505579e-06
6.6984645e-05
4.3757453e-06
6.6793466e-05
4.1182059e-06
6.661054e-05
3.8776939e-06
6.6436194e-05
3.6540982e-06
6.6270489e-05
3.4465496e-06
6.6113208e-05
3.2537802e-06
6.5964035e-05
3.0749684e-06
6.5822615e-05
2.9088722e-06
6.5688481e-05
2.7544727e-06
6.5561288e-05
2.6108959e-06
6.5440523e-05
2.4769676e-06
6.5325366e-05
2.3521876e-06
6.5215121e-05
2.2354426e-06
6.5109009e-05
2.1259451e-06
6.50065e-05
2.0229655e-06
6.4907435e-05
1.9256249e-06
6.4811625e-05
1.8336247e-06
6.4719015e-05
1.7464625e-06
6.4629563e-05
1.6639027e-06
6.4543243e-05
1.5856407e-06
6.4460016e-05
1.5114845e-06
6.4379851e-05
1.4411721e-06
6.4302701e-05
1.3745024e-06
6.4228509e-05
1.3112835e-06
6.4157205e-05
1.2513449e-06
6.4088705e-05
1.1945042e-06
6.4022923e-05
1.1405856e-06
6.3959767e-05
1.0894308e-06
6.389914e-05
1.0408775e-06
6.3840943e-05
9.9478066e-07
6.3785074e-05
9.5099331e-07
6.3731432e-05
9.0938055e-07
6.367992e-05
8.6981836e-07
6.363044e-05
8.3218896e-07
6.3582898e-05
7.9637655e-07
6.3537204e-05
7.6226613e-07
6.3493273e-05
7.2975003e-07
6.3451022e-05
6.9872929e-07
6.3410374e-05
6.6911647e-07
6.3371256e-05
6.4083441e-07
6.33336e-05
6.1380727e-07
6.3297342e-05
5.8796247e-07
6.3262421e-05
5.6323474e-07
6.3228782e-05
5.3956145e-07
6.3196373e-05
5.1688169e-07
6.3165146e-05
4.9511313e-07
6.3135065e-05
4.7413569e-07
6.3106074e-05
4.5418499e-07
6.3078131e-05
4.3509695e-07
6.3051206e-05
4.1675247e-07
6.302526e-05
3.9914401e-07
6.3000265e-05
3.8211137e-07
6.2976192e-05
3.6573938e-07
6.2953009e-05
3.5006586e-07
6.2930687e-05
3.3506161e-07
6.2909195e-05
3.2068866e-07
6.288851e-05
3.068788e-07
6.2868589e-05
2.938401e-07
6.2849453e-05
2.8072254e-07
6.2830881e-05
2.7059111e-07
6.2813796e-05
2.4904849e-07
6.2793347e-05
2.9146787e-07
1.8067411e-07
7.0256023e-05
1.9499984e-05
-7.0077352e-05
7.0314965e-05
1.6056622e-05
7.0344769e-05
1.397882e-05
7.0339193e-05
1.3477497e-05
7.0345251e-05
1.2875971e-05
7.0350423e-05
1.2741217e-05
7.0356827e-05
1.2651314e-05
7.0364038e-05
1.2724196e-05
7.0372601e-05
1.2938065e-05
7.0383815e-05
1.3270452e-05
7.0397816e-05
1.3608335e-05
7.0413386e-05
1.3805368e-05
7.0428272e-05
1.3742938e-05
7.044066e-05
1.3412679e-05
7.044982e-05
1.289456e-05
7.0456004e-05
1.22924e-05
7.0459823e-05
1.1680332e-05
7.0461384e-05
1.109714e-05
7.0463049e-05
1.0534448e-05
7.0463637e-05
1.0028698e-05
7.0462598e-05
9.5796965e-06
7.0461437e-05
9.1443212e-06
7.0459735e-05
8.7484305e-06
7.0458032e-05
8.3890967e-06
7.0456186e-05
8.0588659e-06
7.0454039e-05
7.7548052e-06
7.0450909e-05
7.4739571e-06
7.044459e-05
7.2134339e-06
7.0429851e-05
6.969224e-06
7.0397617e-05
6.7349623e-06
7.0336896e-05
6.5012793e-06
7.0239658e-05
6.2575603e-06
7.0105098e-05
5.9967646e-06
6.9939605e-05
5.7191619e-06
6.9753114e-05
5.430725e-06
6.955535e-05
5.1391331e-06
6.9353901e-05
4.852007e-06
6.9153944e-05
4.5757018e-06
6.8958756e-05
4.3133944e-06
6.8770252e-05
4.0661977e-06
6.8589427e-05
3.8349232e-06
6.8416754e-05
3.6192221e-06
6.8252306e-05
3.4182283e-06
6.8095955e-05
3.2313197e-06
6.7947452e-05
3.0573749e-06
6.780643e-05
2.8954946e-06
6.7672562e-05
2.7447643e-06
6.7545399e-05
2.6041308e-06
6.7424623e-05
2.4729632e-06
6.7309776e-05
2.3502903e-06
6.720005e-05
2.2356701e-06
6.7094864e-05
2.1281523e-06
6.6993511e-05
2.0269775e-06
6.6895511e-05
1.9316251e-06
6.6800738e-05
1.8412353e-06
6.6709012e-05
1.7556285e-06
6.6620274e-05
1.6743788e-06
6.6534479e-05
1.597279e-06
6.64516e-05
1.5240517e-06
6.6371613e-05
1.4544891e-06
6.629449e-05
1.3884066e-06
6.6220186e-05
1.3256488e-06
6.6148647e-05
1.2660431e-06
6.6079815e-05
1.2094175e-06
6.6013618e-05
1.1556276e-06
6.5949983e-05
1.1045128e-06
6.5888824e-05
1.05594e-06
6.5830053e-05
1.0097642e-06
6.5773579e-05
9.6585398e-07
6.5719311e-05
9.2408669e-07
6.5667156e-05
8.8434383e-07
6.5617024e-05
8.4650918e-07
6.5568824e-05
8.1046541e-07
6.5522472e-05
7.7610276e-07
6.5477882e-05
7.433186e-07
6.5434977e-05
7.1202172e-07
6.539368e-05
6.8213154e-07
6.535392e-05
6.5356765e-07
6.5315628e-05
6.2625352e-07
6.5278743e-05
6.0012004e-07
6.5243204e-05
5.7510017e-07
6.5208957e-05
5.5112911e-07
6.517595e-05
5.2812012e-07
6.5144144e-05
5.0594186e-07
6.5113481e-05
4.8484809e-07
6.5083916e-05
4.6466177e-07
6.5055416e-05
4.4525202e-07
6.5027942e-05
4.266188e-07
6.5001462e-05
4.0859086e-07
6.4975947e-05
3.9125485e-07
6.4951363e-05
3.7464924e-07
6.4927681e-05
3.5874407e-07
6.4904869e-05
3.4350084e-07
6.48829e-05
3.288472e-07
6.4861734e-05
3.1500594e-07
6.4841392e-05
3.0106507e-07
6.4821636e-05
2.9034657e-07
6.4803466e-05
2.6721884e-07
6.4781671e-05
3.1326259e-07
1.9446921e-07
7.2232655e-05
1.9318004e-05
-7.2050675e-05
7.2293441e-05
1.5995836e-05
7.2324247e-05
1.3948015e-05
7.2319135e-05
1.3482609e-05
7.2325144e-05
1.2869961e-05
7.2330639e-05
1.2735722e-05
7.2337306e-05
1.2644648e-05
7.2344818e-05
1.2716684e-05
7.2353699e-05
1.2929185e-05
7.2365276e-05
1.3258876e-05
7.237969e-05
1.359392e-05
7.23957e-05
1.3789358e-05
7.2411008e-05
1.372763e-05
7.2423763e-05
1.3399924e-05
7.2433214e-05
1.2885109e-05
7.2439614e-05
1.2286001e-05
7.2443587e-05
1.1676359e-05
7.2445221e-05
1.1095505e-05
7.2447031e-05
1.0532639e-05
7.2447511e-05
1.0028217e-05
7.2446439e-05
9.580769e-06
7.2445428e-05
9.145332e-06
7.2443697e-05
8.7501611e-06
7.2441978e-05
8.3908165e-06
7.2440143e-05
8.0607009e-06
7.243817e-05
7.756778e-06
7.2435919e-05
7.4762083e-06
7.2432722e-05
7.2166304e-06
7.242651e-05
6.9754362e-06
7.2412459e-05
6.7490135e-06
7.2382191e-05
6.5315466e-06
7.232536e-05
6.3143917e-06
7.2233974e-05
6.0881507e-06
7.2106515e-05
5.8466205e-06
7.1948355e-05
5.5888848e-06
7.1768661e-05
5.3188279e-06
7.1576778e-05
5.0438896e-06
7.138021e-05
4.7722697e-06
7.1184229e-05
4.5093753e-06
7.0992225e-05
4.2582023e-06
7.0806217e-05
4.0209303e-06
7.0627351e-05
3.7980883e-06
7.0456155e-05
3.5894244e-06
7.0292801e-05
3.3946738e-06
7.013723e-05
3.2129463e-06
6.9989217e-05
3.0435068e-06
6.9848501e-05
2.8854805e-06
6.971471e-05
2.7379219e-06
6.9587529e-05
2.6001444e-06
6.9466547e-05
2.4712717e-06
6.9351471e-05
2.3507463e-06
6.9241892e-05
2.2377317e-06
6.9137047e-05
2.1318221e-06
6.9036426e-05
2.0322459e-06
6.8939414e-05
1.9382473e-06
6.8845551e-05
1.8494924e-06
6.875472e-05
1.7652094e-06
6.8666749e-05
1.6852503e-06
6.8581561e-05
1.6092398e-06
6.8499138e-05
1.5369123e-06
6.8419444e-05
1.4680997e-06
6.8342454e-05
1.4026392e-06
6.8268135e-05
1.3403619e-06
6.8196457e-05
1.2810958e-06
6.8127371e-05
1.2247139e-06
6.806083e-05
1.1710535e-06
6.799677e-05
1.1200003e-06
6.7935121e-05
1.0714129e-06
6.7875808e-05
1.0251665e-06
6.7818752e-05
9.8114313e-07
6.776387e-05
9.3922558e-07
6.7711079e-05
8.9930056e-07
6.7660294e-05
8.6125024e-07
6.7611432e-05
8.2496488e-07
6.7564411e-05
7.903397e-07
6.7519152e-05
7.5728095e-07
6.7475577e-05
7.2570584e-07
6.7433615e-05
6.9552995e-07
6.7393195e-05
6.6667361e-07
6.7354251e-05
6.3906417e-07
6.7316721e-05
6.1263028e-07
6.7280546e-05
5.8730366e-07
6.7245673e-05
5.6299311e-07
6.721206e-05
5.3955497e-07
6.7179645e-05
5.1726286e-07
6.7148381e-05
4.9592602e-07
6.7118233e-05
4.7540023e-07
6.7089158e-05
4.5569397e-07
6.7061124e-05
4.3662426e-07
6.7034099e-05
4.1827971e-07
6.700805e-05
4.0069893e-07
6.6982943e-05
3.8385092e-07
6.6958747e-05
3.6769676e-07
6.6935435e-05
3.5215953e-07
6.6912963e-05
3.3747768e-07
6.6891355e-05
3.2267255e-07
6.6870358e-05
3.1134406e-07
6.6851048e-05
2.8652867e-07
6.6827839e-05
3.3647182e-07
2.0918711e-07
7.4264773e-05
1.913282e-05
-7.4079589e-05
7.4327813e-05
1.5932796e-05
7.4359628e-05
1.39162e-05
7.4354815e-05
1.3487422e-05
7.4360656e-05
1.286412e-05
7.4366474e-05
1.2729904e-05
7.4373466e-05
1.2637655e-05
7.4381283e-05
1.2708867e-05
7.4390482e-05
1.2919986e-05
7.4402415e-05
1.3246942e-05
7.4417236e-05
1.3579099e-05
7.4433684e-05
1.377291e-05
7.4449418e-05
1.3711896e-05
7.4462546e-05
1.3386796e-05
7.4472296e-05
1.2875358e-05
7.447892e-05
1.2279377e-05
7.4483056e-05
1.1672222e-05
7.4484789e-05
1.1093772e-05
7.448674e-05
1.0530688e-05
7.4487104e-05
1.0027853e-05
7.4486005e-05
9.5818676e-06
7.4485149e-05
9.1461881e-06
7.4483401e-05
8.7519091e-06
7.4481665e-05
8.392552e-06
7.4479816e-05
8.0625507e-06
7.4477858e-05
7.758736e-06
7.4475794e-05
7.4782716e-06
7.4473481e-05
7.2189439e-06
7.4470291e-05
6.9786262e-06
7.4464341e-05
6.7549635e-06
7.445128e-05
6.5446071e-06
7.4423482e-05
6.3421903e-06
7.4371241e-05
6.1403913e-06
7.4286536e-05
5.931326e-06
7.4167005e-05
5.7084156e-06
7.4016882e-05
5.4689506e-06
7.384448e-05
5.2162917e-06
7.3658762e-05
4.9579878e-06
7.3467208e-05
4.7009286e-06
7.3275211e-05
4.4501997e-06
7.3086313e-05
4.2098288e-06
7.290271e-05
3.9816904e-06
7.2725656e-05
3.7664791e-06
7.25558e-05
3.5645296e-06
7.23934e-05
3.3753467e-06
7.2238452e-05
3.1984542e-06
7.2090824e-05
3.0331092e-06
7.1950251e-05
2.8784947e-06
7.181646e-05
2.7339355e-06
7.1689098e-05
2.5986332e-06
7.1567868e-05
2.4719763e-06
7.1452399e-05
2.3532014e-06
7.1342408e-05
2.2418123e-06
7.1237541e-05
2.1371137e-06
7.1137102e-05
2.038686e-06
7.1040623e-05
1.9459709e-06
7.0947587e-05
1.8582454e-06
7.0857527e-05
1.7753107e-06
7.0770307e-05
1.6964598e-06
7.0685802e-05
1.6214176e-06
7.0603911e-05
1.5499905e-06
7.0524609e-05
1.4819405e-06
7.0447857e-05
1.417114e-06
7.0373636e-05
1.3553169e-06
7.0301916e-05
1.2964346e-06
7.0232676e-05
1.2402933e-06
7.0165871e-05
1.1868049e-06
7.0101456e-05
1.1358281e-06
7.0039375e-05
1.0872473e-06
6.9979565e-05
1.040953e-06
6.9921961e-05
9.9682979e-07
6.986649e-05
9.5477161e-07
6.9813078e-05
9.14662e-07
6.9761649e-05
8.7639382e-07
6.9712127e-05
8.3986238e-07
6.9664435e-05
8.0497292e-07
6.9618498e-05
7.7164223e-07
6.9574245e-05
7.3978298e-07
6.9531605e-05
7.0931355e-07
6.9490511e-05
6.8015844e-07
6.9450899e-05
6.5224245e-07
6.9412708e-05
6.2549459e-07
6.9375882e-05
5.9981931e-07
6.9340377e-05
5.750598e-07
6.9306128e-05
5.5151152e-07
6.9273085e-05
5.2896931e-07
6.9241211e-05
5.072741e-07
6.9210461e-05
4.8644402e-07
6.9180802e-05
4.6628374e-07
6.9152197e-05
4.4688398e-07
6.9124613e-05
4.2828302e-07
6.9098016e-05
4.1044847e-07
6.9072371e-05
3.9334114e-07
6.9047652e-05
3.7687909e-07
6.9023812e-05
3.6131733e-07
6.9000879e-05
3.4560552e-07
6.8978579e-05
3.3364388e-07
6.8958075e-05
3.0703314e-07
6.893338e-05
3.6116665e-07
2.2487583e-07
7.6353793e-05
1.8944681e-05
-7.6165654e-05
7.641889e-05
1.5867699e-05
7.6451805e-05
1.3883285e-05
7.6447849e-05
1.3491378e-05
7.6453737e-05
1.2858232e-05
7.6459898e-05
1.2723743e-05
7.6467073e-05
1.263048e-05
7.6475102e-05
1.2700839e-05
7.6484576e-05
1.2910512e-05
7.6496842e-05
1.3234676e-05
7.6512056e-05
1.3563884e-05
7.6528933e-05
1.3756034e-05
7.6545087e-05
1.3695741e-05
7.6558586e-05
1.3373298e-05
7.6568637e-05
1.2865308e-05
7.6575488e-05
1.2272527e-05
7.6579793e-05
1.1667917e-05
7.6581641e-05
1.1091924e-05
7.6583711e-05
1.0528619e-05
7.6583997e-05
1.0027567e-05
7.6582868e-05
9.5829964e-06
7.658214e-05
9.1469157e-06
7.6580394e-05
8.7536553e-06
7.6578648e-05
8.394298e-06
7.6576782e-05
8.0644167e-06
7.6574809e-05
7.7607094e-06
7.6572763e-05
7.4803175e-06
7.657064e-05
7.2210671e-06
7.6568299e-05
6.9809667e-06
7.6565176e-05
6.7580868e-06
7.6559605e-05
6.5501784e-06
7.6547746e-05
6.3540486e-06
7.6522764e-05
6.1653732e-06
7.6475629e-05
5.9784617e-06
7.6398275e-05
5.7857696e-06
7.628743e-05
5.5797954e-06
7.6146065e-05
5.3576562e-06
7.5981531e-05
5.1225223e-06
7.5802376e-05
4.880084e-06
7.5616058e-05
4.6365171e-06
7.5428129e-05
4.3977581e-06
7.5242347e-05
4.167472e-06
7.5061085e-05
3.947742e-06
7.4885756e-05
3.7398582e-06
7.4717132e-05
3.5439706e-06
7.4555561e-05
3.3600255e-06
7.4401133e-05
3.187537e-06
7.425375e-05
3.0258777e-06
7.411323e-05
2.8744556e-06
7.39793e-05
2.7325626e-06
7.3851691e-05
2.5995853e-06
7.3730074e-05
2.4748182e-06
7.3614164e-05
2.3577224e-06
7.3503629e-05
2.2476488e-06
7.3398196e-05
2.1441188e-06
7.329756e-05
2.0466074e-06
7.3201114e-05
1.9546909e-06
7.3108405e-05
1.8680205e-06
7.3019002e-05
1.7858623e-06
7.2932451e-05
1.7079688e-06
7.2848579e-05
1.6338623e-06
7.2767283e-05
1.5632367e-06
7.2688437e-05
1.4959601e-06
7.2612023e-05
1.431731e-06
7.2537999e-05
1.3704584e-06
7.2466356e-05
1.311936e-06
7.2397061e-05
1.2560998e-06
7.2330089e-05
1.2028005e-06
7.2265404e-05
1.1519325e-06
7.2202961e-05
1.1033962e-06
7.2142715e-05
1.057075e-06
7.2084611e-05
1.0128759e-06
7.2028589e-05
9.7068442e-07
7.1974584e-05
9.3039852e-07
7.192253e-05
8.9191658e-07
7.1872358e-05
8.5514422e-07
7.1824e-05
8.2000034e-07
7.1777387e-05
7.8639618e-07
7.1732451e-05
7.5424982e-07
7.1689125e-05
7.2348402e-07
7.1647347e-05
6.9402063e-07
7.1607055e-05
6.6578715e-07
7.156819e-05
6.3868405e-07
7.1530709e-05
6.1254081e-07
7.1494543e-05
5.8767714e-07
7.145964e-05
5.6387296e-07
7.1425961e-05
5.4095277e-07
7.1393459e-05
5.1894594e-07
7.1362099e-05
4.9764404e-07
7.1331842e-05
4.7714028e-07
7.1302653e-05
4.5747209e-07
7.1274496e-05
4.3860547e-07
7.1247336e-05
4.20501e-07
7.1221144e-05
4.0307129e-07
7.1195873e-05
3.8658888e-07
7.1171552e-05
3.6992643e-07
7.1147887e-05
3.5730814e-07
7.1126131e-05
3.2878912e-07
7.1099878e-05
3.8742028e-07
2.4158476e-07
7.8501113e-05
1.8754026e-05
-7.8310458e-05
7.8567792e-05
1.580102e-05
7.8601987e-05
1.384909e-05
7.8599672e-05
1.3493693e-05
7.8605712e-05
1.2852192e-05
7.8612138e-05
1.2717317e-05
7.8619518e-05
1.26231e-05
7.8627777e-05
1.269258e-05
7.8637528e-05
1.290076e-05
7.8650127e-05
1.3222076e-05
7.8665734e-05
1.3548278e-05
7.868304e-05
1.3738728e-05
7.8699616e-05
1.3679165e-05
7.8713487e-05
1.3359426e-05
7.872384e-05
1.2854954e-05
7.8730921e-05
1.2265447e-05
7.8735395e-05
1.1663443e-05
7.8737372e-05
1.1089947e-05
7.8739543e-05
1.0526448e-05
7.8739778e-05
1.0027332e-05
7.8738632e-05
9.5841422e-06
7.8737993e-05
9.1475553e-06
7.8736271e-05
8.7553769e-06
7.8734517e-05
8.3960521e-06
7.8732636e-05
8.0662976e-06
7.8730645e-05
7.7627011e-06
7.8728583e-05
7.4823793e-06
7.8726478e-05
7.223172e-06
7.872432e-05
6.9831241e-06
7.8721983e-05
6.7604246e-06
7.871897e-05
6.5531908e-06
7.871385e-05
6.3591687e-06
7.8703314e-05
6.1759093e-06
7.8681344e-05
6.0004317e-06
7.863963e-05
5.8274838e-06
7.857012e-05
5.6493047e-06
7.8468628e-05
5.459149e-06
7.8336757e-05
5.2543932e-06
7.8180759e-05
5.0360812e-06
7.8008674e-05
4.8086028e-06
7.7827922e-05
4.5785095e-06
7.7644252e-05
4.3511424e-06
7.7461658e-05
4.1303356e-06
7.7282741e-05
3.9187753e-06
7.7109093e-05
3.7176185e-06
7.6941625e-05
3.5274939e-06
7.6780801e-05
3.3483607e-06
7.6626784e-05
3.1798947e-06
7.6479558e-05
3.0216817e-06
7.6338974e-05
2.8731472e-06
7.6204828e-05
2.7337309e-06
7.6076853e-05
2.6027931e-06
7.5954784e-05
2.4797916e-06
7.5838319e-05
2.3641137e-06
7.5727182e-05
2.2552553e-06
7.5621083e-05
2.1527072e-06
7.5519747e-05
2.0560262e-06
7.5422922e-05
1.9648462e-06
7.5330105e-05
1.8786793e-06
7.524084e-05
1.7972339e-06
7.515478e-05
1.7199219e-06
7.5071471e-05
1.646546e-06
7.4990681e-05
1.5767499e-06
7.4912347e-05
1.5100646e-06
7.4836327e-05
1.4464781e-06
7.4762603e-05
1.38566e-06
7.4691135e-05
1.3275684e-06
7.4621894e-05
1.272041e-06
7.4554858e-05
1.2189694e-06
7.4489994e-05
1.1682601e-06
7.4427279e-05
1.1197894e-06
7.4366672e-05
1.0734831e-06
7.4308132e-05
1.0292247e-06
7.425161e-05
9.869199e-07
7.4197053e-05
9.4647342e-07
7.4144406e-05
9.0779134e-07
7.4093609e-05
8.7079802e-07
7.40446e-05
8.3540489e-07
7.3997318e-05
8.0153159e-07
7.3951701e-05
7.6910083e-07
7.3907689e-05
7.3803268e-07
7.3865222e-05
7.0825486e-07
7.3824241e-05
6.7966447e-07
7.3784705e-05
6.5207725e-07
7.3746542e-05
6.2583984e-07
7.3709698e-05
6.0071702e-07
7.3674135e-05
5.7651553e-07
7.3639803e-05
5.5327773e-07
7.3606666e-05
5.3078157e-07
7.3574683e-05
5.0912323e-07
7.3543816e-05
4.8833901e-07
7.3514028e-05
4.6839297e-07
7.3485284e-05
4.4924569e-07
7.3457551e-05
4.308038e-07
7.3430782e-05
4.133585e-07
7.3405008e-05
3.9569983e-07
7.3379915e-05
3.8240101e-07
7.3356849e-05
3.5185533e-07
7.3328961e-05
4.1530816e-07
2.5936478e-07
8.0708772e-05
1.8560786e-05
-8.0515533e-05
8.0777804e-05
1.5731988e-05
8.0812762e-05
1.3814133e-05
8.0811388e-05
1.3495066e-05
8.0817531e-05
1.2846049e-05
8.0824176e-05
1.2710672e-05
8.0831947e-05
1.2615329e-05
8.0840629e-05
1.2683898e-05
8.0850772e-05
1.2890617e-05
8.0863776e-05
1.3209072e-05
8.087982e-05
1.3532233e-05
8.0897585e-05
1.3720964e-05
8.0914604e-05
1.3662146e-05
8.0928864e-05
1.3345167e-05
8.0939531e-05
1.2844287e-05
8.094685e-05
1.2258127e-05
8.0951497e-05
1.1658796e-05
8.0953626e-05
1.1087818e-05
8.0955874e-05
1.05242e-05
8.0956079e-05
1.0027127e-05
8.0954921e-05
9.5853002e-06
8.0954345e-05
9.1481312e-06
8.0952672e-05
8.7570497e-06
8.0950911e-05
8.3978132e-06
8.0949017e-05
8.0681917e-06
8.0947009e-05
7.7647091e-06
8.0944927e-05
7.4844608e-06
8.0942806e-05
7.2252928e-06
8.0940667e-05
6.9852639e-06
8.0938497e-05
6.7625945e-06
8.0936184e-05
6.5555037e-06
8.0933308e-05
6.3620449e-06
8.0928671e-05
6.1805458e-06
8.0919495e-05
6.0096074e-06
8.0900583e-05
5.8463961e-06
8.0864401e-05
5.685487e-06
8.080303e-05
5.5205203e-06
8.0711436e-05
5.3459873e-06
8.0589788e-05
5.1577292e-06
8.0443074e-05
4.955316e-06
8.0278689e-05
4.7428951e-06
8.0103965e-05
4.5258663e-06
7.9924844e-05
4.3094566e-06
7.9745605e-05
4.0980147e-06
7.9569103e-05
3.8941203e-06
7.9397142e-05
3.6994543e-06
7.92308e-05
3.5147027e-06
7.907066e-05
3.3400353e-06
7.8916986e-05
3.175356e-06
7.8769825e-05
3.0203077e-06
7.8629101e-05
2.8744551e-06
7.8494639e-05
2.7372553e-06
7.8366226e-05
2.6082048e-06
7.8243604e-05
2.4867349e-06
7.8126516e-05
2.3723435e-06
7.8014688e-05
2.2645353e-06
7.7907849e-05
2.1628656e-06
7.7805746e-05
2.0669488e-06
7.7708117e-05
1.9763085e-06
7.7614744e-05
1.8906062e-06
7.7525231e-05
1.8094349e-06
7.7439118e-05
1.7326598e-06
7.7356113e-05
1.6597551e-06
7.7275788e-05
1.5903889e-06
7.7197845e-05
1.5244216e-06
7.7122259e-05
1.4612455e-06
7.7048894e-05
1.4009339e-06
7.6977677e-05
1.3432575e-06
7.6908587e-05
1.2880592e-06
7.6841584e-05
1.235264e-06
7.6776651e-05
1.1847217e-06
7.6713757e-05
1.1363773e-06
7.6652878e-05
1.0901039e-06
7.6593981e-05
1.0458165e-06
7.6537026e-05
1.0034285e-06
7.6481975e-05
9.6284232e-07
7.6428781e-05
9.2399279e-07
7.6377393e-05
8.8679262e-07
7.632776e-05
8.5116415e-07
7.6279829e-05
8.1703252e-07
7.6233544e-05
7.8431699e-07
7.6188851e-05
7.5294777e-07
7.6145696e-05
7.2281968e-07
7.6104039e-05
6.9373482e-07
7.6063808e-05
6.6606994e-07
7.6024951e-05
6.395749e-07
7.5987429e-05
6.1403744e-07
7.5951191e-05
5.8951511e-07
7.5916201e-05
5.6577186e-07
7.5882417e-05
5.429077e-07
7.5849798e-05
5.2095761e-07
7.5818307e-05
4.9988359e-07
7.5787907e-05
4.796464e-07
7.5758564e-05
4.6014631e-07
7.5730228e-05
4.416945e-07
7.5702936e-05
4.2299243e-07
7.5676348e-05
4.0898876e-07
7.565191e-05
3.7629259e-07
7.5622311e-05
4.4490811e-07
2.7826815e-07
8.2983424e-05
1.8359199e-05
-8.2781837e-05
8.3053062e-05
1.5662351e-05
8.3082483e-05
1.3784711e-05
8.3084707e-05
1.3492843e-05
8.3090884e-05
1.2839871e-05
8.309826e-05
1.2703296e-05
8.310636e-05
1.2607229e-05
8.3115432e-05
1.2674826e-05
8.3125964e-05
1.2880085e-05
8.3139402e-05
1.3195635e-05
8.3155925e-05
1.3515709e-05
8.3174189e-05
1.37027e-05
8.3191688e-05
1.3644648e-05
8.3206366e-05
1.3330489e-05
8.3217371e-05
1.2833282e-05
8.3224948e-05
1.225055e-05
8.3229781e-05
1.1653963e-05
8.3232091e-05
1.1085508e-05
8.3234376e-05
1.0521916e-05
8.3234605e-05
1.0026897e-05
8.3233395e-05
9.5865103e-06
8.3232866e-05
9.1486604e-06
8.3231279e-05
8.7586359e-06
8.322952e-05
8.3995725e-06
8.3227616e-05
8.070096e-06
8.3225595e-05
7.7667302e-06
8.3223495e-05
7.48656e-06
8.3221354e-05
7.2274338e-06
8.3219199e-05
6.9874196e-06
8.3217044e-05
6.7647492e-06
8.3214878e-05
6.5576695e-06
8.3212603e-05
6.3643203e-06
8.3209874e-05
6.1832749e-06
8.3205724e-05
6.0137573e-06
8.3197873e-05
5.8542473e-06
8.3181923e-05
5.7014367e-06
8.3151184e-05
5.5512594e-06
8.3098029e-05
5.3991425e-06
8.3016717e-05
5.2390409e-06
8.2905969e-05
5.0660642e-06
8.276935e-05
4.8795137e-06
8.2613423e-05
4.6817932e-06
8.2445323e-05
4.4775569e-06
8.2271172e-05
4.272166e-06
8.209555e-05
4.0697414e-06
8.1921613e-05
3.8733915e-06
8.175141e-05
3.6849058e-06
8.1586204e-05
3.505241e-06
8.1426726e-05
3.3348349e-06
8.1273342e-05
3.1736914e-06
8.1126191e-05
3.021606e-06
8.098525e-05
2.8781962e-06
8.0850404e-05
2.7430512e-06
8.0721467e-05
2.6156717e-06
8.0598222e-05
2.4955878e-06
8.0480429e-05
2.3823284e-06
8.0367832e-05
2.2754627e-06
8.0260188e-05
2.1745934e-06
8.015724e-05
2.0792567e-06
8.0058763e-05
1.9890831e-06
7.9964492e-05
1.9037054e-06
7.9874251e-05
1.8229009e-06
7.9787747e-05
1.7462588e-06
7.9704519e-05
1.6736168e-06
7.9624276e-05
1.6046653e-06
7.9546699e-05
1.5388225e-06
7.9471444e-05
1.4761887e-06
7.9398404e-05
1.4162979e-06
7.93275e-05
1.3589625e-06
7.925862e-05
1.3041445e-06
7.9191745e-05
1.2515961e-06
7.9126835e-05
1.2012872e-06
7.9063867e-05
1.1530725e-06
7.9002814e-05
1.1068693e-06
7.8943646e-05
1.0625966e-06
7.8886343e-05
1.0201454e-06
7.8830868e-05
9.7946727e-07
7.8777187e-05
9.4047433e-07
7.872526e-05
9.0309126e-07
7.8675043e-05
8.67249e-07
7.8626494e-05
8.3286594e-07
7.8579565e-05
7.9987722e-07
7.8534207e-05
7.6817695e-07
7.8490389e-05
7.3755356e-07
7.8448041e-05
7.0841744e-07
7.8407112e-05
6.8050441e-07
7.8367567e-05
6.5358199e-07
7.8329357e-05
6.2772547e-07
7.8292444e-05
6.0268482e-07
7.8256787e-05
5.7856504e-07
7.8222344e-05
5.553999e-07
7.8189079e-05
5.3314929e-07
7.815695e-05
5.1177461e-07
7.8125927e-05
4.9116944e-07
7.8095955e-05
4.7166654e-07
7.8067075e-05
4.5187262e-07
7.8038924e-05
4.371395e-07
7.8013053e-05
4.021637e-07
7.7981661e-05
4.7630009e-07
2.9834825e-07
8.5325596e-05
1.814477e-05
-8.5111167e-05
8.5397945e-05
1.5590001e-05
8.5415556e-05
1.3767101e-05
8.5420025e-05
1.3488374e-05
8.5427372e-05
1.2832525e-05
8.5435726e-05
1.2694942e-05
8.5444303e-05
1.2598652e-05
8.5453886e-05
1.2665244e-05
8.5464866e-05
1.2869105e-05
8.5478776e-05
1.3181725e-05
8.5495811e-05
1.3498674e-05
8.5514606e-05
1.3683905e-05
8.5532612e-05
1.3626642e-05
8.5547736e-05
1.3315365e-05
8.5559103e-05
1.2821915e-05
8.5566958e-05
1.2242695e-05
8.5571993e-05
1.1648928e-05
8.5574513e-05
1.1082988e-05
8.5576801e-05
1.0519627e-05
8.5577138e-05
1.0026561e-05
8.5575844e-05
9.5878036e-06
8.5575316e-05
9.1491888e-06
8.5573834e-05
8.7601175e-06
8.5572092e-05
8.4013148e-06
8.5570181e-05
8.0720074e-06
8.5568149e-05
7.7687615e-06
8.5566035e-05
7.4886748e-06
8.5563874e-05
7.2295939e-06
8.5561698e-05
6.9895962e-06
8.5559527e-05
6.7669205e-06
8.5557372e-05
6.5598244e-06
8.5555219e-05
6.3664733e-06
8.5552987e-05
6.1855065e-06
8.5550409e-05
6.0163351e-06
8.5546722e-05
5.8579342e-06
8.5540095e-05
5.7080644e-06
8.5526899e-05
5.564455e-06
8.5501337e-05
5.4247045e-06
8.5456242e-05
5.2841358e-06
8.5385382e-05
5.1369237e-06
8.5286107e-05
4.9787894e-06
8.5160418e-05
4.8074817e-06
8.5013822e-05
4.6241533e-06
8.4853094e-05
4.4328942e-06
8.4684472e-05
4.2383627e-06
8.4512854e-05
4.0450103e-06
8.4341724e-05
3.8560351e-06
8.4173416e-05
3.6735491e-06
8.4009414e-05
3.4988371e-06
8.3850611e-05
3.3324941e-06
8.3697505e-05
3.1747125e-06
8.3550321e-05
3.0253795e-06
8.3409115e-05
2.8842579e-06
8.3273818e-05
2.7509682e-06
8.3144294e-05
2.6251124e-06
8.3020354e-05
2.5062674e-06
8.2901782e-05
2.3940354e-06
8.2788352e-05
2.2880228e-06
8.2679827e-05
2.187782e-06
8.2575981e-05
2.0929289e-06
8.2476563e-05
2.0031233e-06
8.2381376e-05
1.9180882e-06
8.2290169e-05
1.8374662e-06
8.2202783e-05
1.7610025e-06
8.2119015e-05
1.6884329e-06
8.2038429e-05
1.6194087e-06
8.1960724e-05
1.5538939e-06
8.188566e-05
1.4913618e-06
8.181289e-05
1.4317324e-06
8.1742204e-05
1.3748308e-06
8.1673577e-05
1.3202225e-06
8.1606887e-05
1.2679775e-06
8.1542079e-05
1.2178806e-06
8.1479127e-05
1.1698209e-06
8.141799e-05
1.1237337e-06
8.1358656e-05
1.0794797e-06
8.1301093e-05
1.0370297e-06
8.1245279e-05
9.9628911e-07
8.1191187e-05
9.5718295e-07
8.1138784e-05
9.1965185e-07
8.108804e-05
8.8360955e-07
8.1038919e-05
8.4899896e-07
8.099138e-05
8.1571546e-07
8.0945401e-05
7.835324e-07
8.0900921e-05
7.5289795e-07
8.085789e-05
7.2353528e-07
8.0816282e-05
6.9519005e-07
8.0776049e-05
6.6795848e-07
8.0737157e-05
6.415768e-07
8.0699565e-05
6.1615651e-07
8.0663235e-05
5.9173064e-07
8.0628127e-05
5.6825718e-07
8.0594203e-05
5.4569872e-07
8.056143e-05
5.2394216e-07
8.0529753e-05
5.0334374e-07
8.0499216e-05
4.8240908e-07
8.0469434e-05
4.6692211e-07
8.0442064e-05
4.295329e-07
8.0408799e-05
5.0956541e-07
3.1965897e-07
8.7726537e-05
1.7925675e-05
-8.7507443e-05
8.7802465e-05
1.5514074e-05
8.7818559e-05
1.3751007e-05
8.7823369e-05
1.3483564e-05
8.7830142e-05
1.2825752e-05
8.7838877e-05
1.2686207e-05
8.784792e-05
1.258961e-05
8.7858088e-05
1.2655076e-05
8.7869557e-05
1.2857636e-05
8.7883949e-05
1.3167333e-05
8.790149e-05
1.3481132e-05
8.7920805e-05
1.366459e-05
8.7939312e-05
1.3608135e-05
8.7954878e-05
1.32998e-05
8.7966607e-05
1.2810185e-05
8.7974743e-05
1.223456e-05
8.7979984e-05
1.1643686e-05
8.7982724e-05
1.1080248e-05
8.7985001e-05
1.051735e-05
8.7985472e-05
1.002609e-05
8.7984123e-05
9.5891522e-06
8.7983558e-05
9.1497539e-06
8.798217e-05
8.7615055e-06
8.7980446e-05
8.4030386e-06
8.7978527e-05
8.0739265e-06
8.7976485e-05
7.7708036e-06
8.7974354e-05
7.4908054e-06
8.7972175e-05
7.2317739e-06
8.7969976e-05
6.9917951e-06
8.7967781e-05
6.769115e-06
8.7965607e-05
6.5619982e-06
8.7963459e-05
6.3686219e-06
8.7961323e-05
6.1876425e-06
8.7959142e-05
6.018516e-06
8.7956711e-05
5.8603648e-06
8.7953437e-05
5.7113383e-06
8.7947891e-05
5.5700012e-06
8.7937164e-05
5.4354316e-06
8.7916356e-05
5.3049436e-06
8.787893e-05
5.1743495e-06
8.7818442e-05
5.0392774e-06
8.7731036e-05
4.8948883e-06
8.7617076e-05
4.738113e-06
8.7480773e-05
4.5691971e-06
8.7328315e-05
4.3908205e-06
8.7165945e-05
4.2073808e-06
8.6998852e-05
4.0231283e-06
8.6830883e-05
3.8415176e-06
8.6664694e-05
3.6650262e-06
8.6502024e-05
3.4951636e-06
8.6343964e-05
3.3327727e-06
8.6191153e-05
3.1781905e-06
8.6043929e-05
3.0314827e-06
8.5902422e-05
2.8924747e-06
8.5766631e-05
2.7609036e-06
8.5636463e-05
2.6364353e-06
8.5511765e-05
2.5187338e-06
8.5392354e-05
2.4074332e-06
8.5278023e-05
2.3021127e-06
8.5168561e-05
2.202391e-06
8.5063735e-05
2.1079499e-06
8.4963339e-05
2.0184842e-06
8.4867143e-05
1.9336625e-06
8.4774959e-05
1.8531858e-06
8.4686591e-05
1.7768007e-06
8.4601817e-05
1.7041836e-06
8.4520495e-05
1.6352155e-06
8.4442319e-05
1.5695382e-06
8.4366944e-05
1.5071071e-06
8.4294147e-05
1.447628e-06
8.4223653e-05
1.3907159e-06
8.415518e-05
1.3364504e-06
8.4088656e-05
1.2844054e-06
8.4024006e-05
1.2344702e-06
8.3961124e-05
1.1866157e-06
8.3899995e-05
1.1406086e-06
8.3840581e-05
1.0964436e-06
8.3782854e-05
1.054017e-06
8.3726794e-05
1.0132423e-06
8.3672374e-05
9.7407197e-07
8.3619577e-05
9.3640673e-07
8.3568375e-05
9.0020079e-07
8.3518739e-05
8.6535179e-07
8.3470658e-05
8.3161348e-07
8.3424079e-05
7.9947683e-07
8.337896e-05
7.6865388e-07
8.3335285e-05
7.3886563e-07
8.329301e-05
7.1023316e-07
8.3252108e-05
6.8247917e-07
8.3212541e-05
6.5572331e-07
8.3174272e-05
6.2999897e-07
8.3137267e-05
6.0526239e-07
8.3101488e-05
5.8147824e-07
8.3066903e-05
5.5852713e-07
8.3033456e-05
5.3679094e-07
8.3001197e-05
5.1466774e-07
8.2969715e-05
4.9840398e-07
8.2940784e-05
4.5846417e-07
8.2905564e-05
5.4478485e-07
3.422534e-07
9.0191031e-05
1.7707199e-05
-8.9972554e-05
9.0268384e-05
1.5436721e-05
9.0288179e-05
1.3731211e-05
9.0294457e-05
1.3477286e-05
9.0302193e-05
1.2818016e-05
9.0312022e-05
1.2676377e-05
9.0320918e-05
1.2580714e-05
9.0331107e-05
1.2644887e-05
9.0342692e-05
1.2846051e-05
9.0357326e-05
1.3152698e-05
9.0375217e-05
1.3463242e-05
9.0394946e-05
1.3644862e-05
9.0413879e-05
1.3589201e-05
9.0429834e-05
1.3283845e-05
9.0441888e-05
1.2798131e-05
9.0450278e-05
1.222617e-05
9.0455706e-05
1.1638258e-05
9.0458653e-05
1.1077301e-05
9.0460885e-05
1.0515118e-05
9.0461483e-05
1.0025493e-05
9.0460151e-05
9.5904835e-06
9.0459525e-05
9.1503805e-06
9.0458182e-05
8.762848e-06
9.0456468e-05
8.4047528e-06
9.0454535e-05
8.0758596e-06
9.0452476e-05
7.7728625e-06
9.0450325e-05
7.4929568e-06
9.0448121e-05
7.2339776e-06
9.0445896e-05
6.99402e-06
9.0443674e-05
6.7713367e-06
9.0441473e-05
6.5641992e-06
9.0439302e-05
6.3707934e-06
9.0437162e-05
6.1897821e-06
9.043505e-05
6.020628e-06
9.0432924e-05
5.8624911e-06
9.0430623e-05
5.7136392e-06
9.0427701e-05
5.5729229e-06
9.042308e-05
5.440053e-06
9.0414483e-05
5.3135406e-06
9.0397888e-05
5.1909447e-06
9.0367532e-05
5.0696337e-06
9.0317052e-05
4.9453679e-06
9.024166e-05
4.8135053e-06
9.0140111e-05
4.6707453e-06
9.0015101e-05
4.5158313e-06
8.9871951e-05
4.3505303e-06
8.9716724e-05
4.1783557e-06
8.955484e-05
4.0034018e-06
8.9390518e-05
3.8293479e-06
8.9226774e-05
3.6589072e-06
8.9065647e-05
3.4939002e-06
8.8908452e-05
3.3353852e-06
8.8756001e-05
3.1839337e-06
8.8608756e-05
3.0397198e-06
8.8466943e-05
2.9027166e-06
8.833063e-05
2.7727483e-06
8.8199775e-05
2.6495888e-06
8.8074271e-05
2.5329366e-06
8.7953966e-05
2.4224183e-06
8.783868e-05
2.3176769e-06
8.7728209e-05
2.218421e-06
8.7622355e-05
2.124338e-06
8.7520905e-05
2.0351128e-06
8.7423662e-05
1.9504284e-06
8.7330432e-05
1.8700308e-06
8.7240998e-05
1.7936172e-06
8.7155201e-05
1.7210131e-06
8.7072819e-05
1.6519202e-06
8.699373e-05
1.5861955e-06
8.6917742e-05
1.5236168e-06
8.6844499e-05
1.4639589e-06
8.6773759e-05
1.4071899e-06
8.6705331e-05
1.3528335e-06
8.6638921e-05
1.3008801e-06
8.6574335e-05
1.2512017e-06
8.6511564e-05
1.2033799e-06
8.6450497e-05
1.1575106e-06
8.6391067e-05
1.1134464e-06
8.6333263e-05
1.071047e-06
8.6277042e-05
1.0302932e-06
8.622239e-05
9.9105779e-07
8.6169285e-05
9.5330601e-07
8.6117701e-05
9.1693561e-07
8.6067642e-05
8.8167251e-07
8.6019062e-05
8.4805675e-07
8.5971927e-05
8.1578918e-07
8.5926232e-05
7.8456084e-07
8.5881942e-05
7.5452312e-07
8.5839037e-05
7.2538418e-07
8.5797487e-05
6.9727348e-07
8.5757259e-05
6.7022663e-07
8.5718324e-05
6.4419773e-07
8.5680647e-05
6.1915481e-07
8.5644201e-05
5.9497304e-07
8.560893e-05
5.7206231e-07
8.5574891e-05
5.4870659e-07
8.5541648e-05
5.3164671e-07
8.5511095e-05
4.8901793e-07
8.5473844e-05
5.8203511e-07
3.6618173e-07
9.2725098e-05
1.7489529e-05
-9.2507428e-05
9.2802224e-05
1.5359596e-05
9.2824777e-05
1.3708658e-05
9.2833872e-05
1.3468191e-05
9.2843298e-05
1.280859e-05
9.2854564e-05
1.2665111e-05
9.286376e-05
1.2571518e-05
9.2874142e-05
1.2634505e-05
9.2885901e-05
1.2834293e-05
9.2900758e-05
1.3137841e-05
9.2918944e-05
1.3445055e-05
9.2939026e-05
1.362478e-05
9.2958327e-05
1.3569899e-05
9.2974621e-05
1.3267551e-05
9.2986955e-05
1.2785797e-05
9.2995562e-05
1.2217564e-05
9.3001147e-05
1.1632673e-05
9.3004287e-05
1.1074161e-05
9.3006429e-05
1.0512976e-05
9.3007103e-05
1.0024819e-05
9.3005889e-05
9.5916973e-06
9.3005166e-05
9.1511037e-06
9.300381e-05
8.7642043e-06
9.3002093e-05
8.4064703e-06
9.3000136e-05
8.0778162e-06
9.299805e-05
7.7749483e-06
9.2995869e-05
7.4951374e-06
9.2993634e-05
7.2362125e-06
9.2991377e-05
6.9962774e-06
9.2989122e-05
6.7735916e-06
9.2986888e-05
6.5664333e-06
9.2984685e-05
6.3729971e-06
9.2982517e-05
6.1919496e-06
9.2980393e-05
6.0227519e-06
9.2978311e-05
5.864573e-06
9.2976233e-05
5.715717e-06
9.2974041e-05
5.575115e-06
9.2971415e-05
5.4426792e-06
9.2967555e-05
5.3174006e-06
9.2960729e-05
5.1977713e-06
9.294774e-05
5.0826226e-06
9.2923682e-05
4.9694259e-06
9.2882564e-05
4.8546233e-06
9.2819018e-05
4.7342912e-06
9.2730346e-05
4.6045026e-06
9.2617583e-05
4.4632938e-06
9.2484881e-05
4.3110577e-06
9.2337862e-05
4.1504212e-06
9.2182051e-05
3.985159e-06
9.2022019e-05
3.8189392e-06
9.1861173e-05
3.6547459e-06
9.1701891e-05
3.4946668e-06
9.1545758e-05
3.340067e-06
9.1393784e-05
3.1916938e-06
9.1246581e-05
3.0499201e-06
9.1104484e-05
2.9148445e-06
9.0967643e-05
2.7864305e-06
9.083608e-05
2.6644995e-06
9.0709734e-05
2.5487639e-06
9.0588491e-05
2.4389206e-06
9.0472191e-05
2.3347207e-06
9.0360663e-05
2.2358656e-06
9.0253718e-05
2.1420583e-06
9.0151165e-05
2.0529816e-06
9.0052814e-05
1.9683815e-06
8.9958459e-05
1.8879717e-06
8.9867928e-05
1.8115442e-06
8.9781016e-05
1.7388322e-06
8.9697571e-05
1.6696405e-06
8.9617414e-05
1.603774e-06
8.9540376e-05
1.5409975e-06
8.9466339e-05
1.4812262e-06
8.9395035e-05
1.424138e-06
8.9326182e-05
1.3697327e-06
8.9259589e-05
1.3177945e-06
8.9195052e-05
1.2679174e-06
8.9132305e-05
1.220257e-06
8.9071255e-05
1.1744969e-06
8.9011866e-05
1.1304364e-06
8.8954032e-05
1.0881269e-06
8.8897729e-05
1.0473603e-06
8.8842929e-05
1.0081061e-06
8.8789597e-05
9.7026833e-07
8.8737741e-05
9.3352842e-07
8.8687319e-05
8.9847876e-07
8.8638301e-05
8.6480697e-07
8.8590696e-05
8.3216593e-07
8.8544474e-05
8.0074444e-07
8.8499627e-05
7.702313e-07
8.8456133e-05
7.4076772e-07
8.8413965e-05
7.1239429e-07
8.8373102e-05
6.8506072e-07
8.8333517e-05
6.5874029e-07
8.8295186e-05
6.3330404e-07
8.8258056e-05
6.0919201e-07
8.8222195e-05
5.8456754e-07
8.8187143e-05
5.6669939e-07
8.8154915e-05
5.2124541e-07
8.8115567e-05
6.2138314e-07
3.914881e-07
9.5331013e-05
1.7272232e-05
-9.5113716e-05
9.5408065e-05
1.5282544e-05
9.5432342e-05
1.3684381e-05
9.5443853e-05
1.345668e-05
9.5454375e-05
1.2798067e-05
9.5466765e-05
1.2652721e-05
9.5476772e-05
1.2561511e-05
9.5487771e-05
1.2623506e-05
9.5500064e-05
1.2822e-05
9.5515407e-05
1.3122498e-05
9.5534069e-05
1.3426392e-05
9.5554618e-05
1.3604231e-05
9.5574357e-05
1.3550161e-05
9.5591027e-05
1.3250882e-05
9.5603659e-05
1.2773164e-05
9.5612488e-05
1.2208735e-05
9.5618227e-05
1.1626934e-05
9.5621595e-05
1.1070794e-05
9.5623607e-05
1.0510964e-05
9.5624246e-05
1.002418e-05
9.5623239e-05
9.5927049e-06
9.5622381e-05
9.1519616e-06
9.5620993e-05
8.7655917e-06
9.5619277e-05
8.4081865e-06
9.5617293e-05
8.0798006e-06
9.561517e-05
7.777071e-06
9.5612951e-05
7.4973565e-06
9.5610676e-05
7.2384871e-06
9.5608379e-05
6.9985747e-06
9.5606084e-05
6.7758862e-06
9.5603811e-05
6.5687066e-06
9.5601569e-05
6.375239e-06
9.5599365e-05
6.1941539e-06
9.5597209e-05
6.0249083e-06
9.5595107e-05
5.8666742e-06
9.5593053e-05
5.7177713e-06
9.5591017e-05
5.5771515e-06
9.558892e-05
5.444776e-06
9.5586533e-05
5.3197874e-06
9.5583277e-05
5.2010274e-06
9.5577876e-05
5.0880241e-06
9.5567866e-05
4.9794359e-06
9.5549223e-05
4.8732663e-06
9.5516569e-05
4.766945e-06
9.5464347e-05
4.6567242e-06
9.5388702e-05
4.5389393e-06
9.5288985e-05
4.4107738e-06
9.5167901e-05
4.2715053e-06
9.5030307e-05
4.122753e-06
9.4881627e-05
3.9676195e-06
9.4726711e-05
3.8096623e-06
9.4569367e-05
3.6520108e-06
9.4412354e-05
3.4970801e-06
9.4257566e-05
3.3464811e-06
9.4106254e-05
3.2012327e-06
9.3959204e-05
3.0618941e-06
9.3816884e-05
2.9287512e-06
9.3679539e-05
2.8018443e-06
9.3547266e-05
2.6810368e-06
9.3420059e-05
2.5661276e-06
9.3297839e-05
2.45694e-06
9.3180488e-05
2.3532174e-06
9.3067852e-05
2.2546936e-06
9.2959766e-05
2.1610676e-06
9.2856055e-05
2.072093e-06
9.2756526e-05
1.9875003e-06
9.2661005e-05
1.907065e-06
9.25693e-05
1.8305377e-06
9.2481243e-05
1.7576974e-06
9.2396661e-05
1.6883559e-06
9.2315379e-05
1.6222798e-06
9.2237262e-05
1.5593434e-06
9.2162112e-05
1.499288e-06
9.2089834e-05
1.4420108e-06
9.2020276e-05
1.3873525e-06
9.195314e-05
1.3350527e-06
9.1888214e-05
1.2851836e-06
9.1825343e-05
1.2373675e-06
9.1764285e-05
1.1914946e-06
9.1704838e-05
1.1475736e-06
9.1646987e-05
1.1052116e-06
9.1590654e-05
1.0644386e-06
9.1535753e-05
1.0251693e-06
9.1482292e-05
9.8698935e-07
9.1430222e-05
9.5054902e-07
9.1379504e-05
9.1552484e-07
9.1330154e-05
8.815161e-07
9.1282144e-05
8.4875485e-07
9.1235475e-05
8.1690052e-07
9.1190133e-05
7.8610949e-07
9.1146097e-05
7.5642986e-07
9.1103357e-05
7.2780062e-07
9.1061894e-05
7.0020363e-07
9.1021691e-05
6.735071e-07
9.0982701e-05
6.4818237e-07
9.0945002e-05
6.2226565e-07
9.0908113e-05
6.0358909e-07
9.0874178e-05
5.5518004e-07
9.0832683e-05
6.6287803e-07
4.1820667e-07
9.8010845e-05
1.7055302e-05
-9.7793914e-05
9.8088107e-05
1.5205282e-05
9.8113931e-05
1.3658557e-05
9.8127491e-05
1.344312e-05
9.8138606e-05
1.2786952e-05
9.8151743e-05
1.2639585e-05
9.8162395e-05
1.2550859e-05
9.8173977e-05
1.2611924e-05
9.8186883e-05
1.2809094e-05
9.8202841e-05
1.3106539e-05
9.8222126e-05
1.3407108e-05
9.8243284e-05
1.3583073e-05
9.8263584e-05
1.3529861e-05
9.8280731e-05
1.3233734e-05
9.829374e-05
1.2760155e-05
9.830285e-05
1.2199626e-05
9.8308788e-05
1.1620995e-05
9.83124e-05
1.1067182e-05
9.8314281e-05
1.0509083e-05
9.8314889e-05
1.0023572e-05
9.8314136e-05
9.5934577e-06
9.8313146e-05
9.1529516e-06
9.831173e-05
8.7670076e-06
9.8310013e-05
8.4099033e-06
9.8307994e-05
8.0818204e-06
9.8305827e-05
7.7792376e-06
9.8303564e-05
7.4996193e-06
9.8301245e-05
7.2408061e-06
9.8298903e-05
7.0009167e-06
9.8296564e-05
6.778225e-06
9.8294248e-05
6.5710233e-06
9.8291963e-05
6.3775233e-06
9.8289718e-05
6.1963991e-06
9.8287522e-05
6.0271038e-06
9.8285386e-05
5.8688104e-06
9.8283307e-05
5.7198503e-06
9.8281278e-05
5.579181e-06
9.8279284e-05
5.4467701e-06
9.8277268e-05
5.3218025e-06
9.8275069e-05
5.2032268e-06
9.8272282e-05
5.0908109e-06
9.826799e-05
4.9837278e-06
9.8260356e-05
4.8809006e-06
9.8246204e-05
4.7810972e-06
9.8220926e-05
4.6820017e-06
9.8179159e-05
4.5807068e-06
9.8116287e-05
4.4736451e-06
9.8030134e-05
4.3576587e-06
9.792176e-05
4.2311273e-06
9.7794907e-05
4.0944718e-06
9.7654605e-05
3.9499649e-06
9.7505834e-05
3.8007815e-06
9.7352776e-05
3.6501384e-06
9.7198598e-05
3.5006585e-06
9.7045553e-05
3.3542779e-06
9.689517e-05
3.2122772e-06
9.6748448e-05
3.0754733e-06
9.6606011e-05
2.9442811e-06
9.6468222e-05
2.8188254e-06
9.6335264e-05
2.6990856e-06
9.6207193e-05
2.5850115e-06
9.6083981e-05
2.4764292e-06
9.5965545e-05
2.3731297e-06
9.5851763e-05
2.2748497e-06
9.5742491e-05
2.1813653e-06
9.5637562e-05
2.0924293e-06
9.553681e-05
2.0078166e-06
9.5440057e-05
1.9272909e-06
9.5347133e-05
1.8506213e-06
9.5257868e-05
1.7776206e-06
9.5172087e-05
1.7080608e-06
9.5089643e-05
1.641788e-06
9.5010354e-05
1.5785769e-06
9.4934093e-05
1.518272e-06
9.4860715e-05
1.4607297e-06
9.4790055e-05
1.4057133e-06
9.472203e-05
1.3532083e-06
9.4656443e-05
1.3029547e-06
9.4593032e-05
1.2549051e-06
9.4531627e-05
1.2089792e-06
9.4472077e-05
1.1647617e-06
9.4414155e-05
1.1223604e-06
9.4357713e-05
1.0816117e-06
9.4302764e-05
1.0419376e-06
9.4249205e-05
1.0041089e-06
9.4196959e-05
9.677707e-07
9.4146045e-05
9.3242984e-07
9.4096424e-05
8.9837558e-07
9.40481e-05
8.6522448e-07
9.400106e-05
8.3314965e-07
9.3955284e-05
8.022064e-07
9.3910773e-05
7.7231137e-07
9.3867515e-05
7.434612e-07
9.3825501e-05
7.1552097e-07
9.3784692e-05
6.8899193e-07
9.374518e-05
6.6177716e-07
9.370646e-05
6.4230968e-07
9.3670813e-05
5.9082643e-07
9.362715e-05
7.0654117e-07
4.4635745e-07
0.00010076601
1.6839138e-05
-0.00010054984
0.00010084368
1.5127611e-05
0.0001008713
1.363093e-05
0.00010088698
1.3427443e-05
0.00010089866
1.2775275e-05
0.00010091238
1.2625858e-05
0.0001009235
1.2539742e-05
0.00010093549
1.2599932e-05
0.00010094888
1.2795702e-05
0.00010096538
1.3090041e-05
0.00010098526
1.3387227e-05
0.00010100704
1.3561293e-05
0.00010102795
1.3508958e-05
0.00010104563
1.3216051e-05
0.00010105908
1.2746708e-05
0.00010106853
1.2190176e-05
0.00010107472
1.1614799e-05
0.00010107858
1.1063319e-05
0.00010108035
1.0507316e-05
0.00010108098
1.0022943e-05
0.00010108059
9.59385e-06
0.00010107954
9.1539998e-06
0.00010107804
8.7685101e-06
0.00010107628
8.411662e-06
0.00010107424
8.0838558e-06
0.00010107204
7.781438e-06
0.00010106974
7.5019216e-06
0.00010106738
7.2431679e-06
0.00010106499
7.0033029e-06
0.00010106261
6.7806085e-06
0.00010106025
6.5733841e-06
0.00010105792
6.3798509e-06
0.00010105563
6.1986867e-06
0.0001010534
6.0293401e-06
0.00010105122
5.8709853e-06
0.00010104911
5.7219646e-06
0.00010104705
5.581238e-06
0.00010104505
5.4487685e-06
0.0001010431
5.3237543e-06
0.00010104115
5.2051742e-06
0.0001010391
5.0928613e-06
0.00010103667
4.9861589e-06
0.00010103322
4.8843541e-06
0.00010102742
4.7868982e-06
0.00010101685
4.6925648e-06
0.00010099776
4.599797e-06
0.00010096528
4.5061255e-06
0.00010091449
4.4084459e-06
0.00010084201
4.3036134e-06
0.00010074721
4.1892678e-06
0.00010063242
4.0647589e-06
0.00010050189
3.931306e-06
0.00010036051
3.7915202e-06
0.00010021273
3.6484387e-06
0.00010006213
3.5048768e-06
9.9911365e-05
3.3630459e-06
9.9762284e-05
3.2245543e-06
9.9616143e-05
3.0904214e-06
9.9473757e-05
2.9612114e-06
9.9335628e-05
2.8372144e-06
9.9202041e-05
2.7185985e-06
9.907313e-05
2.6053401e-06
9.8948927e-05
2.4973334e-06
9.882939e-05
2.3943867e-06
9.8714432e-05
2.2963231e-06
9.8603929e-05
2.2029319e-06
9.8497742e-05
2.1140042e-06
9.8395712e-05
2.0293209e-06
9.8297679e-05
1.9486543e-06
9.820348e-05
1.8718195e-06
9.8112945e-05
1.7985953e-06
9.8025921e-05
1.728812e-06
9.7942237e-05
1.662261e-06
9.7861748e-05
1.5987608e-06
9.7784311e-05
1.5381672e-06
9.770976e-05
1.4802638e-06
9.7637991e-05
1.4249782e-06
9.7568835e-05
1.3721107e-06
9.7502197e-05
1.3215431e-06
9.7437977e-05
1.2731987e-06
9.737593e-05
1.2268089e-06
9.7315861e-05
1.1824294e-06
9.725762e-05
1.1398529e-06
9.7201073e-05
1.0984843e-06
9.7145989e-05
1.0591923e-06
9.7092266e-05
1.021494e-06
9.7039911e-05
9.8478453e-07
9.6988832e-05
9.4945479e-07
9.6939017e-05
9.1503955e-07
9.6890448e-05
8.8171863e-07
9.6843094e-05
8.4956004e-07
9.6796965e-05
8.1844112e-07
9.6752046e-05
7.8837991e-07
9.6708334e-05
7.5923324e-07
9.6665797e-05
7.315284e-07
9.6624544e-05
7.0303034e-07
9.6584042e-05
6.828117e-07
9.654672e-05
6.2814875e-07
9.6500904e-05
7.5235683e-07
4.7594331e-07
0.00010359703
1.6624455e-05
-0.00010338235
0.00010367547
1.5049177e-05
0.00010370572
1.360068e-05
0.00010372389
1.3409269e-05
0.00010373635
1.2762814e-05
0.00010375076
1.2611454e-05
0.00010376237
1.252813e-05
0.00010377474
1.2587559e-05
0.00010378856
1.2781885e-05
0.00010380552
1.3073077e-05
0.00010382593
1.3366823e-05
0.00010384827
1.3538948e-05
0.00010386974
1.3487491e-05
0.00010388794
1.319785e-05
0.00010390183
1.2732821e-05
0.00010391163
1.2180372e-05
0.0001039181
1.1608327e-05
0.00010392223
1.1059188e-05
0.00010392393
1.0505624e-05
0.00010392458
1.0022291e-05
0.00010392455
9.5938772e-06
0.00010392349
9.1550606e-06
0.00010392196
8.7700405e-06
0.00010392018
8.4134405e-06
0.00010391813
8.0859068e-06
0.0001039159
7.7836701e-06
0.00010391356
7.5042587e-06
0.00010391116
7.2455669e-06
0.00010390874
7.0057283e-06
0.00010390631
6.7830322e-06
0.00010390391
6.5757857e-06
0.00010390154
6.3822192e-06
0.00010389921
6.2010145e-06
0.00010389694
6.0316156e-06
0.00010389473
5.8731981e-06
0.00010389258
5.7241149e-06
0.00010389049
5.5833283e-06
0.00010388846
5.4507944e-06
0.0001038865
5.3257172e-06
0.00010388458
5.207086e-06
0.0001038827
5.0947465e-06
0.00010388077
4.9880908e-06
0.0001038786
4.8865196e-06
0.00010387577
4.789732e-06
0.00010387134
4.696996e-06
0.00010386354
4.6075924e-06
0.00010384944
4.5202257e-06
0.00010382488
4.4330062e-06
0.00010378507
4.3434206e-06
0.00010372586
4.2484826e-06
0.00010364513
4.1454933e-06
0.00010354356
4.0328724e-06
0.00010342428
3.9107943e-06
0.00010329173
3.7809938e-06
0.00010315045
3.6461592e-06
0.00010300438
3.5091148e-06
0.00010285659
3.3723416e-06
0.00010270932
3.2376941e-06
0.00010256411
3.1064155e-06
0.00010242202
2.9793077e-06
0.00010228371
2.8569087e-06
0.00010214959
2.7394563e-06
0.0001020199
2.6270275e-06
0.00010189473
2.5195583e-06
0.00010177409
2.4169598e-06
0.00010165794
2.3190846e-06
0.00010154618
2.2257638e-06
0.00010143869
2.1368076e-06
0.00010133534
2.0520051e-06
0.00010123598
1.9711814e-06
0.00010114045
1.8941258e-06
0.0001010486
1.8206631e-06
0.00010096026
1.7505946e-06
0.0001008753
1.6837279e-06
0.00010079355
1.6199134e-06
0.00010071487
1.5589493e-06
0.00010063912
1.5007269e-06
0.00010056615
1.4450751e-06
0.00010049585
1.3918445e-06
0.0001004281
1.3409457e-06
0.00010036274
1.2921694e-06
0.00010029971
1.2454671e-06
0.00010023886
1.2006947e-06
0.00010018002
1.157333e-06
0.00010012297
1.1162412e-06
0.00010006757
1.0768879e-06
0.00010001369
1.038667e-06
9.9961136e-05
1.0020094e-06
9.9909896e-05
9.6627976e-07
9.985992e-05
9.3169383e-07
9.9811133e-05
8.9834726e-07
9.9763538e-05
8.6603629e-07
9.9717114e-05
8.3480389e-07
9.9671852e-05
8.0449533e-07
9.9627724e-05
7.7565643e-07
9.9584847e-05
7.4590755e-07
9.9542659e-05
7.2499952e-07
9.9503745e-05
6.6706313e-07
9.9455834e-05
8.0026756e-07
5.0695051e-07
0.00010650998
1.641076e-05
-0.00010629629
0.00010658852
1.4970636e-05
0.00010662032
1.3568882e-05
0.00010664067
1.3388922e-05
0.00010665386
1.2749624e-05
0.00010666895
1.2596369e-05
0.0001066811
1.2515974e-05
0.00010669389
1.2574766e-05
0.00010670816
1.2767621e-05
0.00010672559
1.3055648e-05
0.0001067465
1.3345915e-05
0.00010676937
1.351607e-05
0.00010679137
1.3465494e-05
0.00010681006
1.3179165e-05
0.00010682436
1.2718521e-05
0.00010683449
1.2170239e-05
0.00010684123
1.160159e-05
0.00010684563
1.1054786e-05
0.00010684729
1.050396e-05
0.00010684806
1.0021522e-05
0.00010684829
9.5936458e-06
0.00010684718
9.1561682e-06
0.00010684567
8.7715518e-06
0.00010684387
8.4152465e-06
0.00010684181
8.0879666e-06
0.00010683956
7.7859155e-06
0.0001068372
7.5066204e-06
0.00010683477
7.2479955e-06
0.00010683231
7.0081865e-06
0.00010682986
6.7854907e-06
0.00010682742
6.5782231e-06
0.00010682501
6.3846238e-06
0.00010682265
6.2033786e-06
0.00010682034
6.0339271e-06
0.00010681809
5.8754458e-06
0.00010681591
5.7262991e-06
0.00010681378
5.5854511e-06
0.00010681173
5.4528505e-06
0.00010680974
5.3277058e-06
0.00010680781
5.2090122e-06
0.00010680594
5.0966146e-06
0.00010680412
4.9899185e-06
0.00010680228
4.8883561e-06
0.00010680031
4.7916982e-06
0.00010679793
4.6993817e-06
0.00010679449
4.6110281e-06
0.00010678876
4.52596e-06
0.00010677853
4.4432366e-06
0.00010676044
4.3615054e-06
0.00010673019
4.2787379e-06
0.00010668333
4.1923541e-06
0.00010661661
4.0995879e-06
0.00010652911
3.9982953e-06
0.00010642249
3.8876135e-06
0.00010630033
3.768318e-06
0.00010616699
3.6424557e-06
0.00010602664
3.5126943e-06
0.00010588274
3.3815888e-06
0.00010573795
3.251208e-06
0.00010559416
3.1230939e-06
0.0001054527
2.9983718e-06
0.00010531444
2.8777164e-06
0.00010517995
2.7615191e-06
0.00010504957
2.6499392e-06
0.00010492348
2.5430444e-06
0.00010480177
2.440799e-06
0.00010468442
2.3431099e-06
0.00010457139
2.2498413e-06
0.00010446258
2.1608186e-06
0.00010435787
2.0758899e-06
0.00010425713
1.9948636e-06
0.00010416022
1.9175698e-06
0.000104067
1.8438197e-06
0.00010397731
1.7734199e-06
0.000103891
1.7062171e-06
0.00010380793
1.6420196e-06
0.00010372796
1.5806981e-06
0.00010365094
1.5220931e-06
0.00010357674
1.466043e-06
0.00010350525
1.4124435e-06
0.0001034363
1.3611177e-06
0.0001033698
1.3119618e-06
0.00010330564
1.264855e-06
0.00010324372
1.2192617e-06
0.00010318393
1.1760255e-06
0.00010312611
1.1347038e-06
0.00010307009
1.0946877e-06
0.00010301572
1.0563831e-06
0.00010296291
1.0190938e-06
0.00010291146
9.8314148e-07
0.00010286123
9.4857145e-07
0.00010281225
9.1502337e-07
0.00010276444
8.8261428e-07
0.00010271776
8.5117358e-07
0.00010267218
8.212357e-07
0.00010262782
7.9026795e-07
0.00010258407
7.6874388e-07
0.00010254369
7.0744324e-07
0.00010249378
8.5018182e-07
5.3935547e-07
0.00010950062
1.6199464e-05
-0.00010928932
0.00010958036
1.4890891e-05
0.00010961586
1.353338e-05
0.00010963916
1.336563e-05
0.00010965336
1.2735419e-05
0.00010966923
1.2580502e-05
0.00010968199
1.2503215e-05
0.00010969523
1.256152e-05
0.00010970997
1.2752886e-05
0.00010972788
1.3037736e-05
0.0001097493
1.3324492e-05
0.00010977271
1.3492659e-05
0.00010979523
1.3442978e-05
0.00010981439
1.3160009e-05
0.00010982908
1.2703828e-05
0.00010983952
1.2159799e-05
0.0001098465
1.1594611e-05
0.00010985115
1.1050135e-05
0.00010985283
1.0502279e-05
0.00010985368
1.0020675e-05
0.00010985408
9.5932391e-06
0.000109853
9.1572486e-06
0.0001098515
8.7730572e-06
0.00010984967
8.4170801e-06
0.00010984759
8.0900414e-06
0.00010984533
7.788179e-06
0.00010984294
7.5090073e-06
0.00010984048
7.2504521e-06
0.00010983799
7.0106751e-06
0.0001098355
6.7879812e-06
0.00010983303
6.5806934e-06
0.0001098306
6.3870617e-06
0.0001098282
6.2057762e-06
0.00010982585
6.0362717e-06
0.00010982357
5.877726e-06
0.00010982136
5.7285148e-06
0.0001098192
5.5876044e-06
0.00010981712
5.4549358e-06
0.0001098151
5.3297217e-06
0.00010981315
5.2109623e-06
0.00010981127
5.0984986e-06
0.00010980945
4.9917411e-06
0.00010980767
4.8901302e-06
0.00010980592
4.7934539e-06
0.0001098041
4.7011984e-06
0.00010980204
4.6130926e-06
0.00010979931
4.5286899e-06
0.00010979506
4.4474849e-06
0.00010978772
4.368847e-06
0.00010977471
4.2917491e-06
0.00010975239
4.2146685e-06
0.00010971651
4.1354675e-06
0.00010966317
4.0516365e-06
0.00010959006
3.9607283e-06
0.00010949723
3.8611419e-06
0.00010938704
3.7526435e-06
0.00010926327
3.6364712e-06
0.00010913006
3.5147947e-06
0.00010899121
3.39006e-06
0.00010884977
3.264532e-06
0.00010870804
3.1400981e-06
0.00010856767
3.0180884e-06
0.00010842979
2.8994045e-06
0.00010829514
2.7845829e-06
0.00010816422
2.6739632e-06
0.00010803732
2.5677039e-06
0.00010791458
2.4658486e-06
0.00010779606
2.3683582e-06
0.00010768176
2.2751256e-06
0.0001075716
2.1860452e-06
0.00010746551
2.1009594e-06
0.00010736336
2.019718e-06
0.00010726503
1.9421484e-06
0.00010717038
1.8680652e-06
0.00010707928
1.7973167e-06
0.00010699158
1.7297203e-06
0.00010690714
1.665137e-06
0.00010682582
1.6034125e-06
0.00010674749
1.5443812e-06
0.000106672
1.4879269e-06
0.00010659923
1.4338889e-06
0.00010652906
1.3821351e-06
0.00010646136
1.332551e-06
0.00010639604
1.2845799e-06
0.00010633299
1.2390767e-06
0.00010627205
1.1956452e-06
0.00010621316
1.1535788e-06
0.00010615625
1.1132949e-06
0.00010610116
1.0741837e-06
0.00010604772
1.0365853e-06
0.00010599579
1.0004941e-06
0.00010594529
9.6552337e-07
0.00010589605
9.3186124e-07
0.00010584796
8.9926028e-07
0.000105801
8.6819234e-07
0.00010575527
8.3600051e-07
0.00010571009
8.1392658e-07
0.00010566838
7.4915348e-07
0.00010561656
9.0200154e-07
5.7313919e-07
0.00011258216
1.5988712e-05
-0.00011237141
0.00011266173
1.4811324e-05
0.00011269808
1.349703e-05
0.00011272323
1.3340478e-05
0.000112738
1.2720655e-05
0.00011275441
1.2564091e-05
0.00011276765
1.2489967e-05
0.00011278129
1.2547884e-05
0.00011279646
1.2737715e-05
0.00011281484
1.3019358e-05
0.00011283676
1.3302566e-05
0.0001128607
1.3468722e-05
0.00011288373
1.3419945e-05
0.00011290336
1.3140389e-05
0.00011291844
1.2688746e-05
0.00011292917
1.2149063e-05
0.00011293638
1.1587403e-05
0.00011294124
1.1045277e-05
0.00011294299
1.0500529e-05
0.0001129439
1.0019767e-05
0.00011294439
9.5927473e-06
0.00011294332
9.1583191e-06
0.00011294183
8.7745427e-06
0.00011293998
8.418932e-06
0.00011293788
8.0921445e-06
0.00011293559
7.790469e-06
0.00011293317
7.5114234e-06
0.00011293068
7.2529414e-06
0.00011292816
7.0131979e-06
0.00011292563
6.7905067e-06
0.00011292313
6.5831989e-06
0.00011292066
6.3895346e-06
0.00011291822
6.2082083e-06
0.00011291585
6.03865e-06
0.00011291353
5.8800388e-06
0.00011291129
5.7307619e-06
0.0001129091
5.5897879e-06
0.00011290699
5.4570499e-06
0.00011290494
5.3317648e-06
0.00011290297
5.212938e-06
0.00011290106
5.1004053e-06
0.00011289922
4.9935809e-06
0.00011289745
4.8919075e-06
0.00011289572
4.7951755e-06
0.00011289404
4.7028853e-06
0.00011289234
4.6147942e-06
0.0001128905
4.5305256e-06
0.00011288826
4.4497241e-06
0.00011288505
4.3720542e-06
0.00011287979
4.2970106e-06
0.00011287059
4.2238669e-06
0.00011285458
4.1514777e-06
0.000112828
4.0782177e-06
0.00011278681
4.001916e-06
0.00011272776
3.9201985e-06
0.00011264939
3.8310106e-06
0.00011255256
3.7333016e-06
0.00011244004
3.6273153e-06
0.00011231563
3.5144737e-06
0.00011218322
3.3969344e-06
0.00011204625
3.2770681e-06
0.00011190743
3.1569134e-06
0.00011176877
3.0380681e-06
0.0001116317
2.9216499e-06
0.00011149722
2.8084458e-06
0.00011136597
2.698945e-06
0.00011123839
2.5934294e-06
0.00011111472
2.4920303e-06
0.00011099509
2.3947614e-06
0.00011087953
2.3016024e-06
0.00011076803
2.2124566e-06
0.00011066053
2.1272153e-06
0.00011055695
2.0457355e-06
0.00011045716
1.9678517e-06
0.00011036105
1.8934232e-06
0.0001102685
1.822279e-06
0.00011017935
1.75428e-06
0.00011009349
1.6892761e-06
0.00011001077
1.6271028e-06
0.00010993106
1.5676365e-06
0.00010985422
1.5107244e-06
0.00010978014
1.4562201e-06
0.00010970868
1.4040106e-06
0.00010963975
1.3535106e-06
0.00010957322
1.3056048e-06
0.00010950894
1.2599233e-06
0.00010944684
1.2156791e-06
0.00010938683
1.173304e-06
0.00010932879
1.1322259e-06
0.00010927266
1.0927122e-06
0.00010921837
1.054784e-06
0.00010916573
1.0181658e-06
0.0001091146
9.8299242e-07
0.00010906489
9.4897414e-07
0.00010901645
9.1662719e-07
0.00010896931
8.8314495e-07
0.0001089227
8.6053735e-07
0.00010887974
7.9211351e-07
0.00010882607
9.5567117e-07
6.0830891e-07
0.00011574616
1.5777884e-05
-0.00011553533
0.00011582823
1.4729252e-05
0.00011586539
1.3459865e-05
0.00011589306
1.3312807e-05
0.00011590893
1.2704792e-05
0.00011592621
1.2546809e-05
0.00011594015
1.2476021e-05
0.0001159543
1.2533739e-05
0.00011596997
1.2722041e-05
0.00011598886
1.3000476e-05
0.00011601131
1.3280115e-05
0.00011603578
1.3444245e-05
0.00011605934
1.3396389e-05
0.00011607943
1.3120299e-05
0.0001160949
1.2673275e-05
0.00011610593
1.2138032e-05
0.00011611337
1.157997e-05
0.0001161184
1.104024e-05
0.0001161203
1.0498636e-05
0.00011612122
1.0018847e-05
0.00011612167
9.5922914e-06
0.00011612065
9.1593437e-06
0.00011611921
8.7759808e-06
0.00011611732
8.4208206e-06
0.00011611518
8.0942874e-06
0.00011611285
7.7927978e-06
0.00011611039
7.513881e-06
0.00011610786
7.2554744e-06
0.00011610529
7.0157647e-06
0.00011610272
6.7930758e-06
0.00011610017
6.5857472e-06
0.00011609766
6.3920492e-06
0.00011609519
6.2106809e-06
0.00011609277
6.0410674e-06
0.00011609042
5.8823887e-06
0.00011608814
5.7330444e-06
0.00011608592
5.5920051e-06
0.00011608377
5.4591958e-06
0.0001160817
5.3338379e-06
0.0001160797
5.2149417e-06
0.00011607776
5.1023381e-06
0.0001160759
4.995444e-06
0.0001160741
4.8937038e-06
0.00011607237
4.7969067e-06
0.0001160707
4.7045578e-06
0.00011606907
4.6164204e-06
0.00011606746
4.5321373e-06
0.00011606579
4.4513961e-06
0.00011606389
4.3739562e-06
0.00011606139
4.2995063e-06
0.00011605758
4.2276795e-06
0.00011605114
4.157923e-06
0.00011603991
4.0894451e-06
0.00011602082
4.0210047e-06
0.00011599012
3.9508979e-06
0.00011594412
3.8770122e-06
0.0001158802
3.7972155e-06
0.00011579769
3.7098298e-06
0.000115698
3.6141632e-06
0.00011558415
3.5107879e-06
0.00011545984
3.4013721e-06
0.00011532872
3.2880361e-06
0.00011519388
3.1729114e-06
0.00011505773
3.0577919e-06
0.00011492208
2.9440979e-06
0.00011478819
2.8328373e-06
0.00011465693
2.724689e-06
0.00011452888
2.6200766e-06
0.00011440442
2.5192257e-06
0.00011428375
2.4222673e-06
0.000114167
2.3292132e-06
0.00011405418
2.2400313e-06
0.00011394528
2.1546334e-06
0.00011384024
2.0728924e-06
0.00011373897
1.9946929e-06
0.00011364137
1.9198843e-06
0.00011354731
1.848337e-06
0.00011345668
1.7799093e-06
0.00011336934
1.714442e-06
0.00011328517
1.6518102e-06
0.00011320402
1.5918653e-06
0.00011312579
1.5344552e-06
0.00011305033
1.4794692e-06
0.00011297756
1.4262858e-06
0.00011290733
1.3758326e-06
0.00011283949
1.3277585e-06
0.00011277397
1.2811987e-06
0.00011271067
1.2366088e-06
0.00011264947
1.1934234e-06
0.0001125903
1.1518834e-06
0.00011253307
1.1120136e-06
0.00011247765
1.0735881e-06
0.00011242399
1.0366462e-06
0.00011237203
1.0009331e-06
0.00011232156
9.6710304e-07
0.00011227262
9.3208775e-07
0.00011222439
9.0876425e-07
0.0001121801
8.3640405e-07
0.0001121245
1.0112742e-06
6.4493141e-07
0.00011900459
1.5566192e-05
-0.0001187929
0.00011908798
1.4645863e-05
0.00011912468
1.342317e-05
0.00011915392
1.3283562e-05
0.0001191703
1.2688414e-05
0.00011918809
1.2529022e-05
0.00011920253
1.2461574e-05
0.00011921708
1.2519195e-05
0.0001192332
1.2705921e-05
0.00011925255
1.298112e-05
0.00011927551
1.3257155e-05
0.00011930052
1.3419239e-05
0.00011932459
1.3372313e-05
0.00011934515
1.3099741e-05
0.00011936101
1.2657414e-05
0.00011937234
1.2126705e-05
0.00011938
1.1572313e-05
0.00011938521
1.103503e-05
0.00011938721
1.0496635e-05
0.00011938812
1.0017937e-05
0.00011938864
9.5917668e-06
0.00011938764
9.1603416e-06
0.00011938616
8.7774685e-06
0.00011938424
8.4227422e-06
0.00011938205
8.0964736e-06
0.00011937967
7.7951765e-06
0.00011937716
7.5163917e-06
0.00011937457
7.2580627e-06
0.00011937195
7.0183876e-06
0.00011936932
6.7957006e-06
0.00011936672
6.5883498e-06
0.00011936415
6.3946164e-06
0.00011936163
6.2132041e-06
0.00011935917
6.043533e-06
0.00011935677
5.8847845e-06
0.00011935444
5.7353702e-06
0.00011935219
5.5942632e-06
0.00011935
5.4613801e-06
0.00011934789
5.3359469e-06
0.00011934586
5.2169789e-06
0.00011934389
5.1043021e-06
0.000119342
4.997336e-06
0.00011934018
4.8955264e-06
0.00011933842
4.7986604e-06
0.00011933673
4.706246e-06
0.00011933511
4.6180468e-06
0.00011933353
4.5337106e-06
0.00011933199
4.4529365e-06
0.00011933044
4.3755098e-06
0.00011932877
4.3011782e-06
0.00011932675
4.2296982e-06
0.00011932392
4.1607554e-06
0.00011931939
4.0939747e-06
0.00011931163
4.0287587e-06
0.00011929829
3.9642382e-06
0.00011927618
3.8991271e-06
0.00011924166
3.8317366e-06
0.00011919145
3.7600411e-06
0.00011912355
3.6820588e-06
0.0001190379
3.5964396e-06
0.00011893632
3.5029506e-06
0.00011882193
3.402428e-06
0.00011869829
3.296546e-06
0.00011856878
3.1873023e-06
0.00011843621
3.0766673e-06
0.00011830277
2.9662852e-06
0.00011817004
2.8574115e-06
0.00011803918
2.7509364e-06
0.00011791097
2.6474408e-06
0.00011778592
2.5473174e-06
0.00011766436
2.4507685e-06
0.0001175465
2.3578984e-06
0.00011743241
2.2687171e-06
0.00011732214
2.183168e-06
0.00011721565
2.1011846e-06
0.00011711288
2.0226524e-06
0.00011701375
1.9474657e-06
0.00011691816
1.8754997e-06
0.00011682599
1.8066076e-06
0.00011673713
1.7406697e-06
0.00011665146
1.6775433e-06
0.00011656883
1.6170759e-06
0.00011648914
1.5591631e-06
0.00011641228
1.5031417e-06
0.00011633813
1.4499912e-06
0.00011626651
1.3993793e-06
0.00011619734
1.3503597e-06
0.00011613053
1.3034218e-06
0.00011606597
1.2579881e-06
0.00011600355
1.2142973e-06
0.0001159432
1.1723701e-06
0.00011588478
1.1320063e-06
0.00011582823
1.0931942e-06
0.00011577348
1.0556831e-06
0.00011572037
1.020212e-06
0.00011566904
9.8341674e-07
0.00011561864
9.5916697e-07
0.00011557251
8.8253444e-07
0.00011551459
1.0691908e-06
6.8315212e-07
0.00012234967
1.5354543e-05
-0.00012213802
0.00012243602
1.4559519e-05
0.00012247382
1.3385368e-05
0.00012250568
1.3251698e-05
0.00012252322
1.2670876e-05
0.00012254185
1.2510389e-05
0.000122557
1.244643e-05
0.00012257204
1.2504148e-05
0.00012258866
1.2689307e-05
0.00012260851
1.2961267e-05
0.00012263199
1.3233678e-05
0.00012265752
1.3393703e-05
0.00012268212
1.3347721e-05
0.00012270314
1.3078717e-05
0.00012271939
1.2641165e-05
0.00012273101
1.211508e-05
0.00012273889
1.1564431e-05
0.00012274425
1.1029671e-05
0.00012274634
1.0494546e-05
0.00012274727
1.0017007e-05
0.00012274786
9.5911845e-06
0.00012274687
9.161326e-06
0.00012274534
8.778996e-06
0.00012274338
8.4247074e-06
0.00012274113
8.0987179e-06
0.00012273869
7.797621e-06
0.00012273611
7.51897e-06
0.00012273345
7.2607201e-06
0.00012273076
7.0210801e-06
0.00012272807
6.7983941e-06
0.0001227254
6.5910197e-06
0.00012272277
6.3972489e-06
0.00012272018
6.2157901e-06
0.00012271765
6.0460587e-06
0.0001227152
5.8872372e-06
0.00012271282
5.7377498e-06
0.00012271051
5.5965722e-06
0.00012270828
5.4636123e-06
0.00012270613
5.3381006e-06
0.00012270405
5.219058e-06
0.00012270204
5.1063051e-06
0.00012270012
4.9992642e-06
0.00012269826
4.8973825e-06
0.00012269648
4.8004448e-06
0.00012269476
4.7079615e-06
0.00012269311
4.6196951e-06
0.00012269153
4.5352955e-06
0.00012269
4.4544642e-06
0.00012268852
4.3769928e-06
0.00012268705
4.302645e-06
0.00012268554
4.231213e-06
0.00012268383
4.162459e-06
0.00012268165
4.0961602e-06
0.00012267841
4.0319991e-06
0.00012267307
3.9695704e-06
0.00012266394
3.9082604e-06
0.00012264849
3.8471844e-06
0.00012262352
3.7850166e-06
0.00012258558
3.7200002e-06
0.00012253181
3.6502057e-06
0.00012246077
3.5739873e-06
0.00012237288
3.4903246e-06
0.00012227021
3.3992101e-06
0.0001221559
3.3016098e-06
0.00012203335
3.1992178e-06
0.00012190568
3.0939567e-06
0.00012177546
2.9876289e-06
0.00012164468
2.8817189e-06
0.00012151479
2.7773347e-06
0.00012138681
2.6752914e-06
0.00012126147
2.5761127e-06
0.00012113923
2.4801403e-06
0.00012102039
2.387557e-06
0.00012090513
2.2984313e-06
0.00012079352
2.212786e-06
0.0001206856
2.1305718e-06
0.00012058134
2.0517288e-06
0.00012048068
1.9761648e-06
0.00012038353
1.9037572e-06
0.0001202898
1.834401e-06
0.00012019937
1.7679647e-06
0.00012011215
1.7043016e-06
0.00012002799
1.6433198e-06
0.00011994682
1.5843108e-06
0.0001198685
1.5283131e-06
0.00011979286
1.4750177e-06
0.00011971983
1.4233906e-06
0.00011964929
1.3739652e-06
0.00011958114
1.3261402e-06
0.00011951527
1.2801646e-06
0.00011945158
1.2360547e-06
0.00011938997
1.1936202e-06
0.00011933034
1.152823e-06
0.00011927262
1.1134026e-06
0.00011921666
1.0761733e-06
0.00011916258
1.0374988e-06
0.0001191095
1.0122503e-06
0.00011906097
9.3106185e-07
0.00011900025
1.1299111e-06
7.2317459e-07
0.00012579393
1.5142239e-05
-0.00012558162
0.00012588184
1.4471607e-05
0.00012591959
1.3347623e-05
0.00012595326
1.3218023e-05
0.00012597152
1.2652621e-05
0.00012599073
1.2491175e-05
0.00012600645
1.2430714e-05
0.00012602194
1.2488656e-05
0.00012603902
1.2672223e-05
0.00012605937
1.2940923e-05
0.00012608336
1.3209685e-05
0.00012610943
1.3367635e-05
0.00012613454
1.3322609e-05
0.00012615603
1.3057224e-05
0.00012617267
1.2624523e-05
0.0001261846
1.2103154e-05
0.0001261927
1.1556326e-05
0.00012619819
1.1024188e-05
0.00012620038
1.0492353e-05
0.00012620138
1.0016007e-05
0.000126202
9.590564e-06
0.00012620099
9.1623327e-06
0.00012619942
8.7805709e-06
0.0001261974
8.4267224e-06
0.00012619509
8.1010269e-06
0.00012619258
7.8001385e-06
0.00012618992
7.521626e-06
0.00012618718
7.263457e-06
0.00012618441
7.023853e-06
0.00012618164
6.8011678e-06
0.00012617889
6.5937683e-06
0.00012617618
6.3999581e-06
0.00012617352
6.2184506e-06
0.00012617092
6.0486561e-06
0.0001261684
5.8897584e-06
0.00012616596
5.7401946e-06
0.00012616358
5.598943e-06
0.00012616129
5.4659029e-06
0.00012615908
5.3403095e-06
0.00012615695
5.221189e-06
0.0001261549
5.1083567e-06
0.00012615293
5.0012379e-06
0.00012615103
4.8992809e-06
0.00012614921
4.8022686e-06
0.00012614745
4.7097134e-06
0.00012614577
4.6213766e-06
0.00012614416
4.5369092e-06
0.00012614261
4.4560133e-06
0.00012614112
4.3784816e-06
0.00012613968
4.3040819e-06
0.00012613828
4.2326155e-06
0.00012613687
4.1638661e-06
0.00012613538
4.0976572e-06
0.00012613361
4.0337661e-06
0.00012613121
3.9719679e-06
0.00012612751
3.9119653e-06
0.00012612132
3.8533718e-06
0.0001261108
3.7955419e-06
0.00012609333
3.7374698e-06
0.00012606574
3.6777897e-06
0.00012602484
3.6148853e-06
0.00012596818
3.5469842e-06
0.00012589478
3.4726121e-06
0.00012580541
3.390982e-06
0.00012570232
3.3023113e-06
0.00012558858
3.2076961e-06
0.00012546742
3.1087914e-06
0.00012534173
3.0074033e-06
0.00012521389
2.9051709e-06
0.00012508572
2.8034636e-06
0.00012495855
2.7032887e-06
0.00012483331
2.6053744e-06
0.00012471067
2.5101967e-06
0.00012459106
2.4180417e-06
0.00012447476
2.3290909e-06
0.00012436192
2.2434103e-06
0.00012425262
2.1610234e-06
0.00012414689
2.0818981e-06
0.00012404469
2.0059555e-06
0.00012394597
1.9331214e-06
0.00012385065
1.8632856e-06
0.00012375864
1.7963162e-06
0.00012366981
1.7321423e-06
0.00012358412
1.6700092e-06
0.00012350141
1.6110221e-06
0.00012342152
1.5549019e-06
0.00012334439
1.5005207e-06
0.00012326989
1.4484659e-06
0.00012319793
1.3981054e-06
0.00012312839
1.3497054e-06
0.00012306116
1.3032799e-06
0.00012299614
1.2586392e-06
0.00012293323
1.2157323e-06
0.00012287235
1.174283e-06
0.00012281335
1.1351749e-06
0.00012275634
1.0945086e-06
0.00012270041
1.0681845e-06
0.00012264927
9.8220297e-07
0.00012258543
1.1937437e-06
7.6518523e-07
0.0001293304
1.4930274e-05
-0.00012911844
0.00012942127
1.4380742e-05
0.00012946035
1.3308536e-05
0.00012949676
1.3181618e-05
0.00012951634
1.2633041e-05
0.00012953648
1.2471036e-05
0.00012955299
1.2414201e-05
0.00012956907
1.2472574e-05
0.00012958672
1.2654573e-05
0.00012960762
1.2920021e-05
0.00012963218
1.3185129e-05
0.00012965881
1.3341001e-05
0.00012968447
1.3296949e-05
0.00012970646
1.3035238e-05
0.00012972351
1.260747e-05
0.00012973576
1.2090911e-05
0.00012974409
1.1547993e-05
0.0001297497
1.1018578e-05
0.00012975202
1.0490032e-05
0.0001297531
1.0014928e-05
0.00012975373
9.5899359e-06
0.00012975269
9.1633748e-06
0.00012975107
8.7821857e-06
0.00012974901
8.4287881e-06
0.00012974663
8.1034045e-06
0.00012974403
7.8027318e-06
0.0001297413
7.5243637e-06
0.00012973847
7.2662791e-06
0.00012973561
7.0267129e-06
0.00012973275
6.8040288e-06
0.00012972992
6.5966037e-06
0.00012972712
6.4027527e-06
0.00012972438
6.2211946e-06
0.0001297217
6.0513346e-06
0.0001297191
5.8923578e-06
0.00012971658
5.7427145e-06
0.00012971414
5.6013859e-06
0.00012971178
5.4682622e-06
0.00012970951
5.3425835e-06
0.00012970731
5.2233818e-06
0.0001297052
5.1104668e-06
0.00012970317
5.0032666e-06
0.00012970122
4.9012313e-06
0.00012969935
4.804141e-06
0.00012969755
4.7115108e-06
0.00012969583
4.6231005e-06
0.00012969418
4.538562e-06
0.00012969259
4.4575977e-06
0.00012969107
4.3800002e-06
0.00012968962
4.3055383e-06
0.00012968822
4.2340153e-06
0.00012968686
4.1652206e-06
0.00012968553
4.0989898e-06
0.00012968417
4.0351282e-06
0.00012968267
3.973468e-06
0.00012968081
3.9138248e-06
0.00012967816
3.8560177e-06
0.00012967396
3.7997476e-06
0.0001296669
3.744529e-06
0.00012965502
3.6896663e-06
0.00012963568
3.6342254e-06
0.0001296058
3.5768642e-06
0.00012956244
3.5159745e-06
0.00012950352
3.4498988e-06
0.00012942845
3.3773834e-06
0.00012933825
3.2978913e-06
0.00012923526
3.2117839e-06
0.00012912246
3.1202013e-06
0.00012900291
3.0247258e-06
0.0001288793
2.927069e-06
0.00012875384
2.8287479e-06
0.00012862821
2.7310073e-06
0.00012850364
2.6347701e-06
0.000128381
2.5406783e-06
0.00012826091
2.449184e-06
0.00012814376
2.3605543e-06
0.00012802983
2.2749604e-06
0.00012791925
2.1924777e-06
0.0001278121
2.1131056e-06
0.00012770839
2.0368266e-06
0.00012760811
1.9635713e-06
0.00012751119
1.893236e-06
0.00012741754
1.8257846e-06
0.00012732714
1.7604178e-06
0.00012723984
1.6983181e-06
0.0001271555
1.6392442e-06
0.00012707405
1.5819701e-06
0.00012699537
1.5271473e-06
0.00012691936
1.4741092e-06
0.00012684593
1.4231434e-06
0.00012677494
1.3742652e-06
0.0001267063
1.3272802e-06
0.0001266399
1.282132e-06
0.00012657566
1.2385274e-06
0.00012651341
1.1974154e-06
0.00012645329
1.1546345e-06
0.00012639432
1.1271527e-06
0.0001263404
1.0361253e-06
0.00012627324
1.260906e-06
8.0933402e-07
0.00013297116
1.4717787e-05
-0.00013275867
0.00013306373
1.4288166e-05
0.00013310318
1.326909e-05
0.00013314154
1.3143256e-05
0.00013316199
1.2612593e-05
0.00013318275
1.2450276e-05
0.00013319989
1.2397058e-05
0.00013321648
1.245599e-05
0.00013323465
1.2636404e-05
0.00013325609
1.2898581e-05
0.00013328121
1.3160012e-05
0.00013330841
1.3313792e-05
0.00013333463
1.3270729e-05
0.00013335713
1.3012743e-05
0.00013337461
1.2589987e-05
0.00013338719
1.2078331e-05
0.00013339576
1.1539425e-05
0.00013340152
1.1012819e-05
0.00013340401
1.048754e-05
0.00013340514
1.0013796e-05
0.00013340574
9.5893368e-06
0.00013340468
9.1644332e-06
0.00013340305
8.7838165e-06
0.00013340094
8.430899e-06
0.0001333985
8.1058493e-06
0.00013339583
7.8054007e-06
0.00013339301
7.527184e-06
0.0001333901
7.2691883e-06
0.00013338715
7.0296625e-06
0.0001333842
6.806981e-06
0.00013338127
6.5995305e-06
0.00013337838
6.4056381e-06
0.00013337555
6.2240281e-06
0.00013337278
6.0541008e-06
0.0001333701
5.8950424e-06
0.0001333675
5.745317e-06
0.00013336497
5.6039085e-06
0.00013336254
5.4706983e-06
0.00013336019
5.3449311e-06
0.00013335793
5.225645e-06
0.00013335575
5.1126439e-06
0.00013335366
5.0053592e-06
0.00013335165
4.9032422e-06
0.00013334972
4.8060708e-06
0.00013334787
4.7133624e-06
0.00013334609
4.6248754e-06
0.00013334439
4.5402628e-06
0.00013334276
4.4592271e-06
0.0001333412
4.3815604e-06
0.00013333971
4.3070319e-06
0.00013333828
4.2354451e-06
0.00013333691
4.1665911e-06
0.00013333559
4.1003081e-06
0.00013333431
4.036409e-06
0.00013333303
3.9747419e-06
0.0001333317
3.9151565e-06
0.00013333018
3.8575401e-06
0.0001333282
3.8017228e-06
0.00013332529
3.7474479e-06
0.00013332056
3.6943883e-06
0.00013331265
3.6421391e-06
0.00013329951
3.5900044e-06
0.0001332785
3.5369836e-06
0.00013324667
3.4817269e-06
0.00013320134
3.4227172e-06
0.00013314076
3.358473e-06
0.00013306463
3.2879146e-06
0.00013297416
3.2106721e-06
0.00013287169
3.1271906e-06
0.00013276012
3.0386391e-06
0.00013264233
2.9465387e-06
0.00013252085
2.8524825e-06
0.00013239775
2.7578787e-06
0.00013227457
2.6638521e-06
0.00013215249
2.57127e-06
0.00013203231
2.4807301e-06
0.00013191462
2.3926554e-06
0.00013179978
2.3073094e-06
0.00013168806
2.2248302e-06
0.00013157958
2.1453015e-06
0.00013147443
2.0687276e-06
0.00013137261
1.9950576e-06
0.00013127408
1.9243107e-06
0.00013117885
1.8556504e-06
0.00013108681
1.7903518e-06
0.00013099784
1.728222e-06
0.00013091187
1.6679346e-06
0.0001308288
1.6102175e-06
0.00013074854
1.5543676e-06
0.00013067099
1.5006984e-06
0.00013059602
1.4492305e-06
0.00013052354
1.3997631e-06
0.00013045343
1.3522385e-06
0.00013038561
1.3063468e-06
0.00013031993
1.2631021e-06
0.00013025649
1.2180764e-06
0.00013019429
1.1893493e-06
0.00013013741
1.0930074e-06
0.00013006669
1.3316272e-06
8.5577736e-07
0.00013670996
1.4505965e-05
-0.00013649814
0.00013680541
1.4192713e-05
0.00013684654
1.3227957e-05
0.00013688773
1.3102067e-05
0.00013690965
1.259068e-05
0.00013693138
1.2428545e-05
0.00013694938
1.2379054e-05
0.00013696662
1.2438756e-05
0.0001369854
1.261762e-05
0.00013700744
1.2876537e-05
0.00013703316
1.313429e-05
0.00013706098
1.3285979e-05
0.00013708778
1.3243923e-05
0.00013711081
1.2989716e-05
0.00013712875
1.2572051e-05
0.00013714168
1.2065394e-05
0.00013715051
1.1530602e-05
0.00013715644
1.1006885e-05
0.00013715911
1.0484868e-05
0.00013716027
1.0012637e-05
0.00013716084
9.5887628e-06
0.00013715988
9.1654013e-06
0.00013715825
8.7854388e-06
0.00013715604
8.4331162e-06
0.00013715352
8.1083628e-06
0.00013715078
7.8081457e-06
0.00013714788
7.5300872e-06
0.00013714488
7.2721852e-06
0.00013714184
7.032703e-06
0.00013713879
6.8100257e-06
0.00013713577
6.6025505e-06
0.00013713279
6.4086167e-06
0.00013712987
6.2269542e-06
0.00013712701
6.0569583e-06
0.00013712424
5.8978165e-06
0.00013712155
5.7480068e-06
0.00013711894
5.6065161e-06
0.00013711642
5.4732167e-06
0.00013711399
5.3473583e-06
0.00013711165
5.2279849e-06
0.0001371094
5.1148948e-06
0.00013710724
5.0075224e-06
0.00013710516
4.9053207e-06
0.00013710317
4.8080651e-06
0.00013710125
4.7152756e-06
0.00013709942
4.6267089e-06
0.00013709766
4.5420192e-06
0.00013709598
4.4609091e-06
0.00013709437
4.3831702e-06
0.00013709283
4.308572e-06
0.00013709136
4.2369179e-06
0.00013708995
4.1679993e-06
0.0001370886
4.1016551e-06
0.00013708731
4.0376999e-06
0.00013708607
3.975986e-06
0.00013708485
3.9163723e-06
0.00013708363
3.8587656e-06
0.00013708231
3.8030366e-06
0.00013708075
3.7490077e-06
0.00013707865
3.6964963e-06
0.00013707544
3.6453431e-06
0.00013707021
3.5952359e-06
0.00013706149
3.5457024e-06
0.00013704721
3.4960059e-06
0.00013702477
3.4451608e-06
0.00013699136
3.391887e-06
0.00013694453
3.3347438e-06
0.00013688282
3.2723797e-06
0.00013680616
3.2038493e-06
0.00013671587
3.1289292e-06
0.00013661427
3.0481332e-06
0.00013650415
2.9626049e-06
0.00013638824
2.8737952e-06
0.00013626891
2.7831741e-06
0.00013614812
2.6920686e-06
0.00013602732
2.6015289e-06
0.00013590761
2.5123665e-06
0.00013578976
2.425154e-06
0.00013567432
2.3402664e-06
0.00013556166
2.2579649e-06
0.000135452
2.1783843e-06
0.00013534549
2.1015685e-06
0.00013524218
2.027627e-06
0.00013514213
1.9557017e-06
0.00013504529
1.887185e-06
0.00013495157
1.8219458e-06
0.00013486094
1.7585606e-06
0.00013477331
1.6978492e-06
0.00013468861
1.639072e-06
0.00013460673
1.5825743e-06
0.00013452757
1.528387e-06
0.00013445103
1.4763033e-06
0.000134377
1.4262682e-06
0.0001343054
1.3779561e-06
0.00013423605
1.3324477e-06
0.00013416908
1.2850416e-06
0.00013410346
1.2549785e-06
0.00013404343
1.1530376e-06
0.00013396891
1.4061465e-06
9.0467733e-07
0.00014055861
1.4293411e-05
-0.00014034606
0.00014065559
1.4095731e-05
0.00014069765
1.3185904e-05
0.00014074094
1.3058771e-05
0.00014076389
1.2567727e-05
0.0001407863
1.2406142e-05
0.00014080499
1.2360363e-05
0.00014082278
1.2420967e-05
0.00014084212
1.2598279e-05
0.00014086474
1.2853919e-05
0.00014089105
1.3107978e-05
0.00014091946
1.3257565e-05
0.00014094686
1.3216528e-05
0.00014097043
1.2966149e-05
0.00014098882
1.2553654e-05
0.00014100213
1.2052089e-05
0.00014101123
1.1521503e-05
0.00014101734
1.1000775e-05
0.00014102017
1.0482038e-05
0.00014102145
1.0011351e-05
0.000141022
9.5882113e-06
0.000141021
9.1664106e-06
0.0001410194
8.7870356e-06
0.00014101715
8.4353601e-06
0.00014101458
8.1109349e-06
0.00014101177
7.8109616e-06
0.00014100878
7.5330695e-06
0.0001410057
7.2752672e-06
0.00014100257
7.0358326e-06
0.00014099944
6.8131621e-06
0.00014099632
6.6056635e-06
0.00014099325
6.4116888e-06
0.00014099023
6.2299737e-06
0.00014098728
6.0599083e-06
0.00014098442
5.9006818e-06
0.00014098164
5.7507861e-06
0.00014097894
5.6092113e-06
0.00014097634
5.4758205e-06
0.00014097383
5.3498684e-06
0.00014097141
5.2304052e-06
0.00014096908
5.1172234e-06
0.00014096684
5.0097607e-06
0.00014096469
4.9074716e-06
0.00014096263
4.8101291e-06
0.00014096065
4.7172556e-06
0.00014095875
4.6286065e-06
0.00014095693
4.543837e-06
0.00014095519
4.4626496e-06
0.00014095352
4.3848359e-06
0.00014095193
4.3101653e-06
0.00014095041
4.238441e-06
0.00014094895
4.1694548e-06
0.00014094756
4.1030454e-06
0.00014094623
4.039028e-06
0.00014094496
3.9772558e-06
0.00014094375
3.91759e-06
0.00014094257
3.8599421e-06
0.00014094141
3.8041945e-06
0.00014094023
3.7501934e-06
0.00014093892
3.697803e-06
0.00014093731
3.6469521e-06
0.00014093506
3.5974853e-06
0.00014093157
3.5491899e-06
0.00014092586
3.5017203e-06
0.00014091641
3.4546102e-06
0.00014090114
3.4071533e-06
0.00014087752
3.3583691e-06
0.00014084288
3.3070189e-06
0.000140795
3.2517279e-06
0.00014073265
3.1912812e-06
0.00014065592
3.1248641e-06
0.00014056619
3.0523352e-06
0.00014046574
2.9742444e-06
0.00014035723
2.8916802e-06
0.00014024327
2.8060351e-06
0.0001401261
2.7186942e-06
0.00014000756
2.630904e-06
0.00013988905
2.5436627e-06
0.00013977161
2.4577107e-06
0.00013965597
2.373601e-06
0.00013954267
2.2916921e-06
0.00013943204
2.2121949e-06
0.0001393243
2.1353664e-06
0.00013921964
2.060359e-06
0.00013911811
1.9887223e-06
0.00013901964
1.9204078e-06
0.0001389243
1.8539053e-06
0.000138832
1.7901485e-06
0.00013874271
1.7283646e-06
0.00013865634
1.6689392e-06
0.00013857281
1.6119209e-06
0.00013849201
1.5570997e-06
0.00013841385
1.5044277e-06
0.00013833824
1.4535656e-06
0.00013826503
1.4056643e-06
0.00013819433
1.3557408e-06
0.00013812506
1.3242498e-06
0.00013806168
1.2164113e-06
0.00013798312
1.4847104e-06
9.5620008e-07
0.00014451053
1.4083343e-05
-0.00014430046
0.00014461089
1.3995366e-05
0.0001446551
1.3141701e-05
0.0001447014
1.3012463e-05
0.000144726
1.2543132e-05
0.00014474944
1.2382704e-05
0.00014476905
1.2340748e-05
0.00014478755
1.2402466e-05
0.00014480755
1.2578279e-05
0.00014483081
1.2830661e-05
0.00014485776
1.3081033e-05
0.0001448868
1.3228521e-05
0.0001449148
1.3188524e-05
0.00014493893
1.2942024e-05
0.00014495781
1.2534779e-05
0.0001449715
1.2038398e-05
0.00014498089
1.1512111e-05
0.00014498718
1.0994486e-05
0.00014499018
1.0479037e-05
0.00014499158
1.0009952e-05
0.00014499215
9.5876355e-06
0.0001449911
9.1674639e-06
0.0001449895
8.7886353e-06
0.00014498726
8.4375968e-06
0.00014498463
8.1135666e-06
0.00014498175
7.8138444e-06
0.00014497869
7.5361266e-06
0.00014497553
7.2784308e-06
0.00014497231
7.0390484e-06
0.00014496909
6.8163878e-06
0.00014496588
6.6088677e-06
0.00014496272
6.414853e-06
0.00014495961
6.2330854e-06
0.00014495656
6.0629502e-06
0.00014495361
5.9036379e-06
0.00014495074
5.7536549e-06
0.00014494796
5.6119945e-06
0.00014494527
5.4785105e-06
0.00014494267
5.3524626e-06
0.00014494017
5.2329075e-06
0.00014493776
5.1196318e-06
0.00014493545
5.0120765e-06
0.00014493322
4.9096976e-06
0.00014493108
4.8122656e-06
0.00014492903
4.7193057e-06
0.00014492707
4.6305716e-06
0.00014492519
4.5457197e-06
0.00014492338
4.4644527e-06
0.00014492166
4.3865616e-06
0.00014492001
4.311816e-06
0.00014491843
4.2400192e-06
0.00014491692
4.1709629e-06
0.00014491548
4.1044856e-06
0.0001449141
4.0404029e-06
0.00014491279
3.978568e-06
0.00014491154
3.9188427e-06
0.00014491034
3.8611394e-06
0.00014490919
3.8053433e-06
0.00014490808
3.7513075e-06
0.00014490697
3.6989096e-06
0.00014490582
3.6481055e-06
0.00014490451
3.5987923e-06
0.00014490285
3.5508538e-06
0.00014490046
3.5041116e-06
0.0001448967
3.4583673e-06
0.00014489055
3.4133072e-06
0.00014488046
3.3684545e-06
0.00014486438
3.3231039e-06
0.00014483983
3.2762759e-06
0.00014480431
3.2267981e-06
0.00014475579
3.1733823e-06
0.00014469322
3.1149062e-06
0.00014461681
3.0506576e-06
0.00014452795
2.980536e-06
0.00014442887
2.9051174e-06
0.00014432211
2.8254543e-06
0.00014421015
2.742869e-06
0.00014409513
2.6586806e-06
0.0001439788
2.5740403e-06
0.0001438625
2.4899031e-06
0.00014374722
2.4069725e-06
0.00014363368
2.3257345e-06
0.00014352236
2.2466868e-06
0.00014341366
2.1690494e-06
0.00014330779
2.0945955e-06
0.00014320481
2.0233931e-06
0.00014310484
1.9538687e-06
0.00014300789
1.8871023e-06
0.00014291396
1.8222975e-06
0.000142823
1.759894e-06
0.00014273495
1.699969e-06
0.00014264974
1.6423153e-06
0.00014256727
1.5868982e-06
0.00014248746
1.533369e-06
0.00014241017
1.4829537e-06
0.00014233554
1.4303798e-06
0.00014226241
1.3973719e-06
0.0001421955
1.283327e-06
0.00014211264
1.5675681e-06
1.0105133e-06
0.00014857965
1.3869227e-05
-0.00014836553
0.00014868006
1.3894959e-05
0.0001487259
1.309586e-05
0.00014877442
1.296394e-05
0.00014880032
1.2517236e-05
0.00014882456
1.2358463e-05
0.00014884499
1.2320316e-05
0.00014886416
1.2383291e-05
0.00014888481
1.2557629e-05
0.00014890872
1.2806751e-05
0.00014893632
1.3053435e-05
0.00014896601
1.3198828e-05
0.00014899465
1.3159887e-05
0.00014901936
1.2917319e-05
0.00014903873
1.2515405e-05
0.00014905283
1.2024298e-05
0.00014906253
1.1502414e-05
0.00014906901
1.0988002e-05
0.00014907219
1.0475861e-05
0.00014907367
1.0008471e-05
0.00014907433
9.5869738e-06
0.0001490733
9.1684909e-06
0.00014907164
8.7903002e-06
0.00014906938
8.4398592e-06
0.00014906671
8.1162371e-06
0.00014906376
7.8167888e-06
0.00014906063
7.5392538e-06
0.00014905739
7.2816718e-06
0.00014905409
7.0423469e-06
0.00014905078
6.8196997e-06
0.00014904749
6.6121603e-06
0.00014904424
6.4181069e-06
0.00014904103
6.2362875e-06
0.0001490379
6.0660824e-06
0.00014903486
5.9066836e-06
0.0001490319
5.7566121e-06
0.00014902903
5.6148649e-06
0.00014902625
5.4812861e-06
0.00014902357
5.3551407e-06
0.00014902099
5.2354918e-06
0.0001490185
5.1221203e-06
0.00014901611
5.0144701e-06
0.00014901381
4.9119992e-06
0.0001490116
4.8144756e-06
0.00014900948
4.721427e-06
0.00014900744
4.6326057e-06
0.00014900549
4.5476691e-06
0.00014900362
4.4663202e-06
0.00014900184
4.3883495e-06
0.00014900013
4.3135267e-06
0.00014899849
4.241655e-06
0.00014899693
4.1725263e-06
0.00014899543
4.1059789e-06
0.00014899401
4.0418286e-06
0.00014899265
3.9799285e-06
0.00014899135
3.9201405e-06
0.00014899011
3.8623769e-06
0.00014898893
3.8065236e-06
0.0001489878
3.7524355e-06
0.00014898672
3.699994e-06
0.00014898566
3.6491619e-06
0.0001489846
3.5998524e-06
0.00014898348
3.5519797e-06
0.00014898216
3.5054233e-06
0.00014898044
3.4600877e-06
0.00014897792
3.4158335e-06
0.00014897392
3.3724566e-06
0.00014896738
3.3296404e-06
0.00014895677
3.2868899e-06
0.00014894004
3.2435253e-06
0.00014891482
3.198598e-06
0.00014887875
3.1509747e-06
0.00014882997
3.0994458e-06
0.00014876755
3.0429541e-06
0.00014869178
2.9808813e-06
0.00014860406
2.9131742e-06
0.00014850653
2.8404054e-06
0.00014840161
2.7635944e-06
0.00014829168
2.6839701e-06
0.0001481788
2.6027912e-06
0.00014806462
2.521149e-06
0.00014795045
2.4399071e-06
0.00014783721
2.3599234e-06
0.00014772569
2.2805752e-06
0.00014761632
2.2039627e-06
0.00014750938
2.1303273e-06
0.00014740518
2.0580769e-06
0.00014730379
1.9884899e-06
0.00014720532
1.9207649e-06
0.00014710979
1.8554196e-06
0.00014701719
1.7925774e-06
0.00014692746
1.7320447e-06
0.00014684054
1.6738106e-06
0.00014675639
1.6175233e-06
0.00014667485
1.5644918e-06
0.00014659608
1.509147e-06
0.00014651891
1.4745428e-06
0.00014644826
1.3539788e-06
0.00014636087
1.6549644e-06
1.0677817e-06
0.00015275852
1.3661156e-05
-0.00015255045
0.00015286345
1.3790026e-05
0.00015291133
1.3047987e-05
0.00015296258
1.2912689e-05
0.00015298993
1.2489879e-05
0.000153015
1.2333396e-05
0.00015303622
1.2299097e-05
0.00015305603
1.2363482e-05
0.00015307728
1.2536374e-05
0.0001531018
1.2782232e-05
0.00015313002
1.3025218e-05
0.00015316034
1.3168507e-05
0.0001531896
1.3130632e-05
0.00015321488
1.2892038e-05
0.00015323475
1.2495529e-05
0.00015324927
1.2009785e-05
0.00015325927
1.1492406e-05
0.00015326598
1.0981294e-05
0.00015326935
1.0472492e-05
0.00015327091
1.0006909e-05
0.0001532716
9.5862838e-06
0.00015327061
9.1694858e-06
0.00015326894
8.7919719e-06
0.00015326665
8.4421464e-06
0.00015326394
8.1189494e-06
0.00015326093
7.8197909e-06
0.00015325774
7.5424481e-06
0.00015325442
7.284987e-06
0.00015325105
7.045725e-06
0.00015324765
6.8230949e-06
0.00015324427
6.6155386e-06
0.00015324093
6.421448e-06
0.00015323764
6.2395777e-06
0.00015323442
6.0693027e-06
0.00015323129
5.909817e-06
0.00015322824
5.7596562e-06
0.00015322529
5.617821e-06
0.00015322243
5.4841461e-06
0.00015321967
5.3579015e-06
0.000153217
5.2381572e-06
0.00015321443
5.1246878e-06
0.00015321196
5.0169409e-06
0.00015320959
4.9143761e-06
0.0001532073
4.8167587e-06
0.00015320511
4.7236194e-06
0.00015320301
4.6347088e-06
0.00015320099
4.5496854e-06
0.00015319906
4.4682525e-06
0.00015319721
4.3902e-06
0.00015319544
4.315298e-06
0.00015319374
4.2433493e-06
0.00015319212
4.1741462e-06
0.00015319057
4.1075267e-06
0.0001531891
4.0433067e-06
0.00015318769
3.9813394e-06
0.00015318634
3.9214865e-06
0.00015318506
3.8636601e-06
0.00015318383
3.8077462e-06
0.00015318267
3.7536003e-06
0.00015318156
3.7011048e-06
0.0001531805
3.6502239e-06
0.00015317947
3.6008751e-06
0.00015317847
3.5529815e-06
0.00015317745
3.5064402e-06
0.00015317635
3.4611895e-06
0.00015317503
3.4171515e-06
0.00015317326
3.3742305e-06
0.00015317061
3.3322883e-06
0.0001531664
3.291104e-06
0.00015315955
3.2503787e-06
0.00015314852
3.2096259e-06
0.00015313133
3.1681672e-06
0.00015310569
3.1250854e-06
0.00015306937
3.0792743e-06
0.00015302064
3.02961e-06
0.00015295869
2.9751166e-06
0.00015288386
2.915238e-06
0.0001527975
2.8499602e-06
0.00015270165
2.7798143e-06
0.00015259866
2.7057804e-06
0.00015249079
2.6290218e-06
0.00015238001
2.5506838e-06
0.00015226791
2.4720281e-06
0.00015215582
2.3926666e-06
0.00015204462
2.3151618e-06
0.00015193493
2.2400115e-06
0.00015182733
2.1656809e-06
0.00015172209
2.0937287e-06
0.00015161947
2.0233854e-06
0.0001515196
1.955287e-06
0.00015142255
1.889632e-06
0.00015132833
1.8262612e-06
0.00015123694
1.7652036e-06
0.00015114835
1.7061163e-06
0.00015106243
1.6504027e-06
0.00015097939
1.5921932e-06
0.000150898
1.5559332e-06
0.00015082343
1.4285439e-06
0.00015073127
1.7471267e-06
1.1281603e-06
0.00015705843
1.3447573e-05
-0.00015684485
0.00015716319
1.3685264e-05
0.00015721395
1.2997235e-05
0.00015726791
1.2858722e-05
0.00015729703
1.246076e-05
0.00015732312
1.2307302e-05
0.00015734531
1.2276914e-05
0.0001573659
1.2342893e-05
0.00015738786
1.2514411e-05
0.00015741306
1.2757027e-05
0.00015744195
1.2996332e-05
0.00015747293
1.3137527e-05
0.00015750283
1.3100737e-05
0.0001575287
1.2866164e-05
0.00015754909
1.2475138e-05
0.00015756403
1.1994849e-05
0.00015757436
1.1482074e-05
0.00015758131
1.0974344e-05
0.00015758487
1.0468935e-05
0.00015758651
1.0005262e-05
0.00015758724
9.58556e-06
0.00015758628
9.1704398e-06
0.00015758462
8.7936405e-06
0.0001575823
8.4444623e-06
0.00015757955
8.1217034e-06
0.00015757649
7.8228472e-06
0.00015757323
7.5457075e-06
0.00015756984
7.2883746e-06
0.00015756639
7.0491808e-06
0.00015756291
6.8265716e-06
0.00015755945
6.619001e-06
0.00015755602
6.4248748e-06
0.00015755264
6.2429542e-06
0.00015754934
6.0726096e-06
0.00015754612
5.9130363e-06
0.00015754299
5.7627854e-06
0.00015753995
5.6208613e-06
0.00015753701
5.4870889e-06
0.00015753416
5.3607435e-06
0.00015753142
5.240902e-06
0.00015752877
5.1273331e-06
0.00015752623
5.0194875e-06
0.00015752378
4.9168268e-06
0.00015752142
4.8191137e-06
0.00015751916
4.7258816e-06
0.00015751699
4.6368796e-06
0.00015751491
4.5517675e-06
0.00015751291
4.4702485e-06
0.000157511
4.3921123e-06
0.00015750917
4.3171291e-06
0.00015750741
4.2451016e-06
0.00015750574
4.1758222e-06
0.00015750414
4.1091286e-06
0.00015750261
4.0448371e-06
0.00015750114
3.9828007e-06
0.00015749975
3.9228812e-06
0.00015749842
3.8649902e-06
0.00015749715
3.8090137e-06
0.00015749595
3.7548076e-06
0.0001574948
3.7022545e-06
0.0001574937
3.6513185e-06
0.00015749266
3.6019184e-06
0.00015749166
3.5539794e-06
0.0001574907
3.5074038e-06
0.00015748975
3.4621395e-06
0.00015748877
3.4181281e-06
0.00015748769
3.3753099e-06
0.00015748637
3.3336119e-06
0.00015748455
3.2929249e-06
0.00015748179
3.2531304e-06
0.00015747741
3.2140137e-06
0.00015747031
3.1752667e-06
0.00015745898
3.1364113e-06
0.00015744149
3.0967613e-06
0.00015741566
3.0554471e-06
0.00015737936
3.0114182e-06
0.00015733098
2.9636178e-06
0.00015726979
2.9111488e-06
0.00015719612
2.8534769e-06
0.00015711129
2.7906102e-06
0.00015701726
2.7230537e-06
0.00015691626
2.6516819e-06
0.00015681043
2.5778631e-06
0.00015670177
2.501324e-06
0.00015659178
2.4251551e-06
0.00015648161
2.350178e-06
0.00015637228
2.2750102e-06
0.0001562644
2.2016089e-06
0.00015615849
2.1292989e-06
0.00015605487
2.0589017e-06
0.00015595377
1.9907403e-06
0.0001558553
1.9247249e-06
0.00015575955
1.8609531e-06
0.00015566656
1.7991117e-06
0.00015557624
1.7407163e-06
0.00015548884
1.6795986e-06
0.00015540311
1.6416604e-06
0.00015532449
1.5071634e-06
0.00015522737
1.8442459e-06
1.191782e-06
0.00016147647
1.3239998e-05
-0.00016126889
0.000161585
1.3576731e-05
0.00016163827
1.294397e-05
0.000161695
1.280199e-05
0.00016172578
1.242998e-05
0.00016175282
1.2280265e-05
0.00016177591
1.2253819e-05
0.00016179726
1.2321539e-05
0.00016181994
1.249174e-05
0.00016184584
1.2731128e-05
0.00016187541
1.2966761e-05
0.00016190706
1.3105871e-05
0.00016193761
1.3070184e-05
0.0001619641
1.2839679e-05
0.00016198502
1.2454213e-05
0.0001620004
1.1979471e-05
0.00016201108
1.1471398e-05
0.00016201827
1.0967148e-05
0.00016202202
1.0465188e-05
0.00016202379
1.0003494e-05
0.00016202457
9.5847806e-06
0.00016202364
9.1713674e-06
0.00016202197
8.7953109e-06
0.00016201963
8.4467991e-06
0.00016201684
8.1244962e-06
0.00016201373
7.8259558e-06
0.00016201041
7.5490297e-06
0.00016200695
7.2918325e-06
0.00016200342
7.0527123e-06
0.00016199986
6.8301277e-06
0.00016199632
6.6225453e-06
0.00016199281
6.428385e-06
0.00016198935
6.246415e-06
0.00016198596
6.0760008e-06
0.00016198265
5.9163395e-06
0.00016197944
5.7659975e-06
0.00016197632
5.6239833e-06
0.0001619733
5.490112e-06
0.00016197038
5.3636642e-06
0.00016196755
5.2437239e-06
0.00016196483
5.1300536e-06
0.00016196221
5.0221075e-06
0.00016195969
4.919349e-06
0.00016195727
4.8215383e-06
0.00016195494
4.7282115e-06
0.0001619527
4.6391162e-06
0.00016195055
4.5539133e-06
0.0001619485
4.4723064e-06
0.00016194652
4.3940846e-06
0.00016194464
4.3190183e-06
0.00016194283
4.2469101e-06
0.0001619411
4.1775526e-06
0.00016193944
4.1107833e-06
0.00016193786
4.0464187e-06
0.00016193635
3.9843116e-06
0.00016193491
3.924324e-06
0.00016193353
3.8663668e-06
0.00016193222
3.8103262e-06
0.00016193097
3.7560583e-06
0.00016192978
3.7034458e-06
0.00016192864
3.6524524e-06
0.00016192756
3.6029972e-06
0.00016192654
3.5550058e-06
0.00016192556
3.508382e-06
0.00016192462
3.4630762e-06
0.00016192371
3.4190355e-06
0.00016192281
3.3762111e-06
0.00016192187
3.3345506e-06
0.00016192082
3.2939832e-06
0.00016191949
3.2544577e-06
0.00016191763
3.215873e-06
0.00016191479
3.1781013e-06
0.00016191027
3.1409317e-06
0.000161903
3.1040353e-06
0.00016189149
3.0669585e-06
0.00016187387
3.0290397e-06
0.00016184804
2.9894461e-06
0.000161812
2.9471917e-06
0.00016176422
2.9012555e-06
0.00016170402
2.8508065e-06
0.00016163173
2.7953433e-06
0.0001615486
2.7348172e-06
0.00016145644
2.6700221e-06
0.00016135752
2.6002424e-06
0.00016125383
2.5288436e-06
0.00016114717
2.4568423e-06
0.00016103915
2.3830216e-06
0.00016093091
2.3098491e-06
0.00016082339
2.2368192e-06
0.00016071726
2.1650364e-06
0.00016061297
2.0950253e-06
0.00016051087
2.0268257e-06
0.00016041117
1.960652e-06
0.00016031403
1.8962565e-06
0.00016021945
1.8352967e-06
0.00016012773
1.7713163e-06
0.00016003765
1.7317441e-06
0.0001599549
1.5899093e-06
0.00015985271
1.946443e-06
1.2587392e-06
0.00016602159
1.3028053e-05
-0.00016580965
0.00016613019
1.3468131e-05
0.0001661868
1.2887363e-05
0.00016624628
1.2742513e-05
0.00016627892
1.2397337e-05
0.00016630701
1.2252177e-05
0.0001663311
1.2229726e-05
0.0001663533
1.2299341e-05
0.00016637674
1.2468299e-05
0.00016640338
1.2704485e-05
0.00016643368
1.2936466e-05
0.00016646604
1.3073506e-05
0.00016649728
1.3038942e-05
0.00016652441
1.2812555e-05
0.00016654589
1.2432727e-05
0.00016656174
1.1963627e-05
0.00016657278
1.1460357e-05
0.00016658024
1.095969e-05
0.00016658419
1.0461237e-05
0.0001665861
1.0001584e-05
0.00016658695
9.5839267e-06
0.00016658606
9.1722616e-06
0.00016658439
8.7969796e-06
0.00016658204
8.4491504e-06
0.00016657921
8.1273228e-06
0.00016657606
7.8291129e-06
0.00016657268
7.5524108e-06
0.00016656915
7.2953567e-06
0.00016656555
7.0563157e-06
0.00016656192
6.8337597e-06
0.00016655829
6.626168e-06
0.0001665547
6.4319751e-06
0.00016655116
6.2499564e-06
0.00016654769
6.0794727e-06
0.00016654431
5.9197229e-06
0.00016654101
5.769289e-06
0.00016653781
5.6271837e-06
0.00016653471
5.4932122e-06
0.00016653172
5.3666605e-06
0.00016652882
5.2466198e-06
0.00016652603
5.1328463e-06
0.00016652334
5.0247978e-06
0.00016652075
4.9219398e-06
0.00016651826
4.8240296e-06
0.00016651586
4.7306062e-06
0.00016651356
4.6414158e-06
0.00016651135
4.5561204e-06
0.00016650924
4.4744238e-06
0.00016650721
4.3961147e-06
0.00016650526
4.3209636e-06
0.0001665034
4.2487731e-06
0.00016650162
4.179336e-06
0.00016649991
4.1124895e-06
0.00016649828
4.0480503e-06
0.00016649672
3.9858711e-06
0.00016649523
3.9258139e-06
0.00016649381
3.8677893e-06
0.00016649245
3.8116834e-06
0.00016649115
3.7573524e-06
0.00016648992
3.7046795e-06
0.00016648875
3.6536273e-06
0.00016648763
3.6041154e-06
0.00016648656
3.5560692e-06
0.00016648555
3.5093933e-06
0.00016648459
3.4640383e-06
0.00016648367
3.4199527e-06
0.00016648279
3.3770906e-06
0.00016648194
3.3354059e-06
0.00016648108
3.2948394e-06
0.00016648018
3.2553617e-06
0.00016647914
3.2169116e-06
0.00016647781
3.17943e-06
0.00016647592
3.1428199e-06
0.00016647303
3.1069313e-06
0.00016646842
3.0715704e-06
0.00016646104
3.0364188e-06
0.00016644944
3.0010373e-06
0.00016643184
2.9648013e-06
0.0001664062
2.9268909e-06
0.00016637063
2.8863807e-06
0.00016632367
2.8423031e-06
0.00016626467
2.7938115e-06
0.00016619388
2.7408128e-06
0.00016611262
2.6815076e-06
0.00016602252
2.6189346e-06
0.0001659256
2.5537637e-06
0.00016582399
2.4846358e-06
0.00016571938
2.4144594e-06
0.00016561331
2.3428858e-06
0.00016550696
2.2713852e-06
0.00016540121
2.2007753e-06
0.00016529673
2.1313115e-06
0.00016519398
2.0634006e-06
0.00016509331
1.9969203e-06
0.00016499489
1.9337181e-06
0.00016489913
1.8670783e-06
0.00016480484
1.8260323e-06
0.00016471802
1.6767293e-06
0.00016461075
2.0537154e-06
1.3290526e-06
0.00017069306
1.2820323e-05
-0.00017048533
0.00017080407
1.335713e-05
0.00017086397
1.2827457e-05
0.00017092611
1.2680375e-05
0.00017096058
1.2362867e-05
0.00017098966
1.22231e-05
0.00017101471
1.2204668e-05
0.00017103775
1.2276307e-05
0.00017106195
1.2444093e-05
0.00017108934
1.2677097e-05
0.00017112037
1.2905442e-05
0.00017115345
1.3040425e-05
0.00017118539
1.3007002e-05
0.00017121317
1.2784776e-05
0.00017123523
1.2410663e-05
0.00017125156
1.1947298e-05
0.00017126299
1.144893e-05
0.00017127073
1.0951947e-05
0.0001712749
1.0457067e-05
0.00017127696
9.9995214e-06
0.0001712779
9.5829858e-06
0.00017127706
9.1731022e-06
0.00017127541
8.7986347e-06
0.00017127305
8.4515107e-06
0.00017127019
8.1301778e-06
0.00017126699
7.8323125e-06
0.00017126356
7.5558452e-06
0.00017125997
7.2989427e-06
0.0001712563
7.0599867e-06
0.0001712526
6.8374632e-06
0.0001712489
6.6298649e-06
0.00017124524
6.4356411e-06
0.00017124162
6.2535747e-06
0.00017123807
6.0830218e-06
0.00017123461
5.9231832e-06
0.00017123124
5.7726566e-06
0.00017122797
5.6304593e-06
0.00017122479
5.4963864e-06
0.00017122172
5.3697294e-06
0.00017121876
5.2495868e-06
0.00017121589
5.1357087e-06
0.00017121313
5.0275563e-06
0.00017121048
4.9245971e-06
0.00017120792
4.8265857e-06
0.00017120546
4.7330642e-06
0.0001712031
4.643777e-06
0.00017120083
4.5583875e-06
0.00017119866
4.4765997e-06
0.00017119657
4.3982017e-06
0.00017119457
4.3229645e-06
0.00017119265
4.2506903e-06
0.00017119082
4.1811722e-06
0.00017118906
4.114247e-06
0.00017118738
4.049732e-06
0.00017118577
3.9874796e-06
0.00017118423
3.9273517e-06
0.00017118276
3.8692586e-06
0.00017118136
3.8130862e-06
0.00017118002
3.7586913e-06
0.00017117874
3.7059568e-06
0.00017117753
3.654845e-06
0.00017117637
3.6052754e-06
0.00017117526
3.5571734e-06
0.00017117421
3.5104438e-06
0.00017117321
3.4650371e-06
0.00017117226
3.4209022e-06
0.00017117136
3.377994e-06
0.0001711705
3.3362677e-06
0.00017116967
3.2956675e-06
0.00017116886
3.2561706e-06
0.00017116804
3.217728e-06
0.00017116717
3.1803035e-06
0.00017116615
3.1438408e-06
0.00017116482
3.1082592e-06
0.00017116291
3.0734783e-06
0.00017115998
3.0393548e-06
0.00017115531
3.0057011e-06
0.0001711479
2.9722204e-06
0.00017113632
2.938465e-06
0.00017111885
2.9038474e-06
0.00017109357
2.8675833e-06
0.00017105866
2.828728e-06
0.00017101265
2.7868205e-06
0.00017095509
2.7390712e-06
0.00017088606
2.6879573e-06
0.00017080663
2.633201e-06
0.0001707186
2.5726616e-06
0.00017062382
2.5092429e-06
0.00017052428
2.4424245e-06
0.00017042173
2.3739385e-06
0.0001703176
2.3048992e-06
0.00017021307
2.2358421e-06
0.00017010902
2.1674532e-06
0.00017000612
2.0998199e-06
0.00016990478
2.0350527e-06
0.00016980563
1.9662306e-06
0.00016970759
1.9240743e-06
0.00016961697
1.7673525e-06
0.00016950484
2.1658463e-06
1.4026199e-06
0.00017549459
1.2615099e-05
-0.00017528937
0.00017560826
1.3243463e-05
0.00017567193
1.2763789e-05
0.00017573716
1.2615142e-05
0.00017577376
1.2326262e-05
0.00017580404
1.2192826e-05
0.0001758302
1.2178507e-05
0.00017585418
1.2252326e-05
0.00017587923
1.2419045e-05
0.00017590741
1.2648911e-05
0.0001759392
1.2873653e-05
0.00017597303
1.3006602e-05
0.00017600568
1.2974344e-05
0.00017603414
1.2756324e-05
0.0001760568
1.2388002e-05
0.00017607363
1.1930468e-05
0.00017608546
1.14371e-05
0.0001760935
1.0943905e-05
0.0001760979
1.045267e-05
0.00017610012
9.9972997e-06
0.00017610116
9.581942e-06
0.00017610039
9.1738754e-06
0.00017609875
8.8002715e-06
0.00017609639
8.4538752e-06
0.00017609351
8.1330553e-06
0.00017609027
7.8355507e-06
0.00017608679
7.5593306e-06
0.00017608314
7.3025883e-06
0.0001760794
7.0637237e-06
0.00017607563
6.8412373e-06
0.00017607186
6.6336355e-06
0.00017606812
6.4393828e-06
0.00017606442
6.25727e-06
0.00017606079
6.0866483e-06
0.00017605726
5.9267207e-06
0.00017605381
5.776101e-06
0.00017605046
5.6338109e-06
0.00017604721
5.4996357e-06
0.00017604407
5.3728722e-06
0.00017604103
5.2526264e-06
0.0001760381
5.1386423e-06
0.00017603527
5.0303846e-06
0.00017603254
4.9273228e-06
0.00017602992
4.8292088e-06
0.0001760274
4.7355877e-06
0.00017602497
4.6462023e-06
0.00017602264
4.5607173e-06
0.0001760204
4.4788369e-06
0.00017601826
4.4003487e-06
0.0001760162
4.3250239e-06
0.00017601422
4.2526646e-06
0.00017601233
4.1830643e-06
0.00017601052
4.1160594e-06
0.00017600878
4.0514673e-06
0.00017600712
3.9891405e-06
0.00017600553
3.9289409e-06
0.00017600401
3.8707782e-06
0.00017600256
3.8145384e-06
0.00017600117
3.7600785e-06
0.00017599985
3.7072816e-06
0.00017599858
3.6561092e-06
0.00017599738
3.6064811e-06
0.00017599623
3.5583224e-06
0.00017599514
3.5115382e-06
0.00017599409
3.4660788e-06
0.0001759931
3.4218931e-06
0.00017599216
3.378936e-06
0.00017599127
3.3371631e-06
0.00017599041
3.2965197e-06
0.0001759896
3.2569843e-06
0.00017598882
3.2185117e-06
0.00017598805
3.1810724e-06
0.00017598726
3.1446231e-06
0.00017598642
3.1091068e-06
0.00017598541
3.0744837e-06
0.00017598409
3.0406801e-06
0.00017598217
3.0076195e-06
0.00017597921
2.9751757e-06
0.00017597453
2.943143e-06
0.00017596714
2.9112463e-06
0.00017595567
2.8790526e-06
0.00017593847
2.8459284e-06
0.00017591362
2.8116643e-06
0.00017587958
2.7731088e-06
0.00017583482
2.7327192e-06
0.00017577865
2.6893721e-06
0.00017571145
2.6398646e-06
0.00017563407
2.5866268e-06
0.00017554815
2.5283395e-06
0.00017545556
2.466531e-06
0.00017535814
2.4023126e-06
0.00017525761
2.3363742e-06
0.00017515539
2.2696754e-06
0.00017505264
2.2025701e-06
0.00017495018
2.1375115e-06
0.00017484896
2.0674535e-06
0.00017474813
2.0249018e-06
0.00017465436
1.8611259e-06
0.00017453795
2.2822511e-06
1.4791295e-06
0.00018043794
1.2406356e-05
-0.0001802292
0.00018055157
1.3129835e-05
0.000180619
1.2696362e-05
0.00018068655
1.254759e-05
0.0001807249
1.2287908e-05
0.00018075602
1.216171e-05
0.00018078302
1.2151508e-05
0.00018080775
1.2227589e-05
0.00018083349
1.2393305e-05
0.00018086236
1.2620049e-05
0.00018089481
1.2841198e-05
0.00018092929
1.2972121e-05
0.0001809626
1.2941037e-05
0.00018099167
1.2727256e-05
0.00018101488
1.2364788e-05
0.00018103218
1.191317e-05
0.00018104438
1.1424896e-05
0.0001810527
1.0935588e-05
0.00018105731
1.0448063e-05
0.00018105967
9.9949377e-06
0.00018106079
9.5808189e-06
0.00018106007
9.1745978e-06
0.00018105844
8.8019017e-06
0.00018105606
8.4562573e-06
0.00018105314
8.1359707e-06
0.00018104985
7.8388425e-06
0.0001810463
7.5628809e-06
0.00018104258
7.3063074e-06
0.00018103876
7.0675405e-06
0.00018103491
6.8450956e-06
0.00018103105
6.6374931e-06
0.00018102722
6.4432133e-06
0.00018102343
6.2610549e-06
0.00018101972
6.0903647e-06
0.00018101609
5.9303477e-06
0.00018101256
5.7796341e-06
0.00018100912
5.6372502e-06
0.00018100578
5.5029714e-06
0.00018100255
5.3761e-06
0.00018099943
5.2557495e-06
0.00018099641
5.1416578e-06
0.00018099351
5.033293e-06
0.0001809907
4.930127e-06
0.000180988
4.8319088e-06
0.0001809854
4.7381864e-06
0.0001809829
4.6487011e-06
0.0001809805
4.5631189e-06
0.0001809782
4.4811442e-06
0.00018097598
4.4025642e-06
0.00018097385
4.3271504e-06
0.00018097181
4.2547046e-06
0.00018096986
4.1850205e-06
0.00018096798
4.1179343e-06
0.00018096619
4.0532639e-06
0.00018096447
3.9908613e-06
0.00018096282
3.9305886e-06
0.00018096124
3.872355e-06
0.00018095973
3.8160466e-06
0.00018095829
3.7615206e-06
0.00018095691
3.7086601e-06
0.0001809556
3.6574261e-06
0.00018095434
3.6077384e-06
0.00018095314
3.559522e-06
0.00018095199
3.5126822e-06
0.0001809509
3.4671691e-06
0.00018094987
3.4229315e-06
0.00018094888
3.3799242e-06
0.00018094794
3.338103e-06
0.00018094704
3.2974132e-06
0.00018094619
3.2578337e-06
0.00018094539
3.2193203e-06
0.00018094461
3.1818453e-06
0.00018094387
3.1453691e-06
0.00018094313
3.1098421e-06
0.00018094238
3.0752376e-06
0.00018094155
3.0415058e-06
0.00018094056
3.0086111e-06
0.00018093924
2.9764955e-06
0.00018093732
2.9450622e-06
0.00018093437
2.9142007e-06
0.00018092971
2.8837092e-06
0.00018092239
2.8532447e-06
0.00018091104
2.823015e-06
0.00018089429
2.7898663e-06
0.00018087015
2.7568588e-06
0.0001808369
2.7226177e-06
0.00018079345
2.6833182e-06
0.00018073895
2.6411212e-06
0.00018067364
2.5936498e-06
0.00018059841
2.5417638e-06
0.00018051471
2.48601e-06
0.00018042432
2.4267649e-06
0.00018032904
2.3649606e-06
0.00018023052
2.3010821e-06
0.00018013013
2.2379041e-06
0.00018002928
2.1683093e-06
0.00017992751
2.1266637e-06
0.0001798319
1.9567357e-06
0.00017971244
2.4017169e-06
1.5579174e-06
0.00018551649
1.2206778e-05
-0.00018531691
0.0001856341
1.3012228e-05
0.00018570552
1.262494e-05
0.00018577615
1.2476959e-05
0.00018581665
1.2247407e-05
0.00018584887
1.2129496e-05
0.00018587684
1.2123535e-05
0.00018590242
1.2202013e-05
0.00018592888
1.2366843e-05
0.00018595841
1.2590517e-05
0.0001859915
1.2808109e-05
0.00018602659
1.293703e-05
0.00018606049
1.2907136e-05
0.00018609012
1.2697628e-05
0.00018611383
1.2341077e-05
0.00018613154
1.1895462e-05
0.00018614406
1.1412372e-05
0.0001861526
1.0927046e-05
0.00018615737
1.0443295e-05
0.00018615982
9.9924875e-06
0.00018616097
9.5796664e-06
0.00018616026
9.175312e-06
0.0001861586
8.8035669e-06
0.00018615615
8.4586989e-06
0.00018615316
8.1389638e-06
0.00018614978
7.8422254e-06
0.00018614613
7.5665326e-06
0.0001861423
7.3101352e-06
0.00018613837
7.0714707e-06
0.00018613439
6.8490702e-06
0.00018613042
6.6414686e-06
0.00018612647
6.4471621e-06
0.00018612257
6.2649578e-06
0.00018611873
6.0941981e-06
0.00018611499
5.9340901e-06
0.00018611134
5.7832806e-06
0.00018610779
5.6408009e-06
0.00018610435
5.5064162e-06
0.00018610101
5.3794343e-06
0.00018609779
5.2589767e-06
0.00018609467
5.1447749e-06
0.00018609166
5.0363005e-06
0.00018608876
4.9330276e-06
0.00018608597
4.8347026e-06
0.00018608328
4.7408765e-06
0.00018608069
4.6512889e-06
0.0001860782
4.565607e-06
0.00018607581
4.4835358e-06
0.00018607351
4.4048618e-06
0.00018607131
4.3293567e-06
0.00018606919
4.2568222e-06
0.00018606716
4.1870523e-06
0.00018606521
4.1198829e-06
0.00018606334
4.0551321e-06
0.00018606155
3.9926519e-06
0.00018605983
3.9323043e-06
0.00018605819
3.8739981e-06
0.00018605662
3.8176193e-06
0.00018605511
3.7630255e-06
0.00018605367
3.7100999e-06
0.0001860523
3.6588028e-06
0.00018605098
3.609054e-06
0.00018604972
3.5607786e-06
0.00018604852
3.5138818e-06
0.00018604738
3.4683137e-06
0.00018604629
3.4240229e-06
0.00018604525
3.3809643e-06
0.00018604426
3.3390933e-06
0.00018604332
3.2983556e-06
0.00018604242
3.2587298e-06
0.00018604157
3.220172e-06
0.00018604076
3.1826549e-06
0.00018603999
3.14614e-06
0.00018603925
3.1105796e-06
0.00018603854
3.0759511e-06
0.00018603783
3.0422119e-06
0.0001860371
3.0093401e-06
0.0001860363
2.9773013e-06
0.00018603532
2.9460393e-06
0.00018603401
2.9155105e-06
0.0001860321
2.8856181e-06
0.00018602917
2.8561705e-06
0.00018602451
2.8276841e-06
0.00018601741
2.7969645e-06
0.0001860064
2.7678662e-06
0.00018598992
2.7390985e-06
0.00018596651
2.7067227e-06
0.00018593436
2.6732723e-06
0.00018589228
2.6357313e-06
0.00018583958
2.5944697e-06
0.0001857763
2.549282e-06
0.00018570327
2.4997966e-06
0.00018562184
2.4463926e-06
0.00018553369
2.3892289e-06
0.00018544051
2.3310911e-06
0.00018534416
2.2646567e-06
0.00018524474
2.226087e-06
0.00018514971
2.051762e-06
0.00018502945
2.5219767e-06
1.6377309e-06
0.00019074485
1.2000737e-05
-0.0001905388
0.00019086026
1.2896811e-05
0.00019093619
1.2549013e-05
0.00019100937
1.2403774e-05
0.00019105195
1.2204827e-05
0.0001910852
1.2096246e-05
0.00019111415
1.2094585e-05
0.00019114062
1.2175542e-05
0.00019116788
1.2339584e-05
0.00019119816
1.2560234e-05
0.00019123197
1.2774307e-05
0.00019126774
1.2901256e-05
0.0001913023
1.2872577e-05
0.00019133254
1.2667386e-05
0.00019135679
1.2316826e-05
0.00019137495
1.1877307e-05
0.00019138781
1.1399506e-05
0.00019139659
1.0918265e-05
0.00019140153
1.0438359e-05
0.00019140407
9.9899503e-06
0.00019140524
9.5784925e-06
0.00019140452
9.1760318e-06
0.0001914028
8.8052837e-06
0.00019140028
8.4612185e-06
0.00019139719
8.1420554e-06
0.0001913937
7.8457221e-06
0.00019138992
7.5703092e-06
0.00019138596
7.3140955e-06
0.00019138189
7.0755385e-06
0.00019137778
6.8531854e-06
0.00019137366
6.645586e-06
0.00019136957
6.451253e-06
0.00019136552
6.2690019e-06
0.00019136155
6.0981711e-06
0.00019135767
5.9379698e-06
0.00019135389
5.7870618e-06
0.00019135021
5.6444833e-06
0.00019134663
5.5099895e-06
0.00019134317
5.3828939e-06
0.00019133983
5.2623258e-06
0.00019133659
5.1480104e-06
0.00019133347
5.039423e-06
0.00019133046
4.93604e-06
0.00019132755
4.8376048e-06
0.00019132476
4.7436716e-06
0.00019132207
4.6539785e-06
0.00019131948
4.5681939e-06
0.00019131699
4.4860231e-06
0.0001913146
4.4072521e-06
0.00019131231
4.3316528e-06
0.0001913101
4.2590269e-06
0.00019130799
4.1891685e-06
0.00019130596
4.1219132e-06
0.00019130401
4.0570796e-06
0.00019130214
3.9945194e-06
0.00019130035
3.9340946e-06
0.00019129864
3.8757136e-06
0.00019129699
3.8192623e-06
0.00019129542
3.7645987e-06
0.00019129391
3.711606e-06
0.00019129247
3.6602439e-06
0.00019129109
3.6104322e-06
0.00019128978
3.5620959e-06
0.00019128852
3.5151405e-06
0.00019128732
3.4695158e-06
0.00019128617
3.4251703e-06
0.00019128507
3.3820587e-06
0.00019128403
3.3401365e-06
0.00019128304
3.2993494e-06
0.00019128209
3.2596758e-06
0.00019128119
3.2210718e-06
0.00019128034
3.1835101e-06
0.00019127952
3.1469524e-06
0.00019127875
3.1113518e-06
0.00019127802
3.0766864e-06
0.00019127731
3.042916e-06
0.00019127663
3.0100226e-06
0.00019127595
2.9779792e-06
0.00019127525
2.9467436e-06
0.00019127446
2.9162953e-06
0.0001912735
2.8865773e-06
0.00019127222
2.8574562e-06
0.00019127026
2.82964e-06
0.00019126748
2.7997456e-06
0.00019126299
2.7723535e-06
0.00019125587
2.7462178e-06
0.0001912452
2.7173982e-06
0.00019122929
2.6891788e-06
0.00019120665
2.6583758e-06
0.00019117568
2.6254381e-06
0.00019113512
2.5898423e-06
0.00019108426
2.5506523e-06
0.0001910231
2.5075532e-06
0.00019095234
2.4599869e-06
0.00019087319
2.4102473e-06
0.00019078746
2.3503875e-06
0.00019069558
2.3179672e-06
0.00019060521
2.1421249e-06
0.00019048809
2.6390994e-06
1.7163793e-06
0.00019610646
1.1802746e-05
-0.00019590847
0.00019622453
1.2778733e-05
0.00019630603
1.2467513e-05
0.00019638299
1.232682e-05
0.00019642843
1.215938e-05
0.00019646342
1.2061266e-05
0.00019649391
1.2064089e-05
0.00019652179
1.2147659e-05
0.00019655031
1.2311067e-05
0.00019658176
1.2528787e-05
0.00019661665
1.2739415e-05
0.00019665345
1.2864455e-05
0.00019668898
1.2837048e-05
0.00019672012
1.2636244e-05
0.00019674517
1.2291775e-05
0.000196764
1.1858474e-05
0.00019677742
1.138609e-05
0.00019678662
1.0909065e-05
0.00019679189
1.0433093e-05
0.00019679465
9.9871852e-06
0.00019679597
9.5771746e-06
0.00019679535
9.1766519e-06
0.00019679367
8.8069595e-06
0.00019679116
8.4637354e-06
0.00019678804
8.1451754e-06
0.00019678449
7.8492717e-06
0.00019678064
7.5741577e-06
0.00019677659
7.3181424e-06
0.00019677243
7.079704e-06
0.00019676821
6.8574065e-06
0.00019676398
6.6498152e-06
0.00019675977
6.4554597e-06
0.00019675561
6.2731644e-06
0.00019675151
6.1022638e-06
0.00019674751
5.9419697e-06
0.00019674361
5.7909626e-06
0.00019673981
5.6482843e-06
0.00019673612
5.51368e-06
0.00019673255
5.3864688e-06
0.00019672909
5.2657879e-06
0.00019672574
5.1513567e-06
0.00019672251
5.0426537e-06
0.00019671939
4.9391579e-06
0.00019671639
4.8406098e-06
0.00019671349
4.7465669e-06
0.0001967107
4.6567655e-06
0.00019670802
4.5708755e-06
0.00019670544
4.4886024e-06
0.00019670296
4.4097317e-06
0.00019670058
4.3340356e-06
0.00019669829
4.2613156e-06
0.00019669609
4.1913662e-06
0.00019669398
4.1240227e-06
0.00019669196
4.0591038e-06
0.00019669002
3.9964612e-06
0.00019668816
3.9359571e-06
0.00019668637
3.877499e-06
0.00019668466
3.8209731e-06
0.00019668302
3.7662376e-06
0.00019668145
3.7131759e-06
0.00019667995
3.6617468e-06
0.00019667851
3.6118704e-06
0.00019667713
3.5634714e-06
0.00019667582
3.5164557e-06
0.00019667456
3.4707727e-06
0.00019667336
3.4263709e-06
0.00019667222
3.3832048e-06
0.00019667112
3.3412299e-06
0.00019667008
3.300392e-06
0.00019666909
3.2606691e-06
0.00019666814
3.2220174e-06
0.00019666724
3.1844096e-06
0.00019666639
3.1478072e-06
0.00019666557
3.1121637e-06
0.0001966648
3.0774572e-06
0.00019666407
3.0436483e-06
0.00019666337
3.0107199e-06
0.00019666271
2.9786473e-06
0.00019666206
2.9473923e-06
0.00019666141
2.9169422e-06
0.00019666073
2.8872532e-06
0.00019665998
2.8582084e-06
0.00019665897
2.8306474e-06
0.00019665783
2.8008941e-06
0.00019665601
2.7741736e-06
0.00019665308
2.749145e-06
0.00019664873
2.7217452e-06
0.00019664188
2.6960265e-06
0.00019663152
2.66874e-06
0.00019661623
2.6407257e-06
0.00019659447
2.6116004e-06
0.00019656473
2.5803917e-06
0.00019652577
2.5465227e-06
0.00019647683
2.5089174e-06
0.00019641781
2.4692673e-06
0.00019634951
2.4186955e-06
0.00019627193
2.3955441e-06
0.00019619214
2.2219121e-06
0.00019608429
2.7469551e-06
1.7903629e-06
0.00020162255
1.1605484e-05
-0.00020142528
0.00020174238
1.2658896e-05
0.00020182641
1.2383483e-05
0.00020190376
1.2249475e-05
0.00020195174
1.2111399e-05
0.00020198833
1.2024672e-05
0.00020202033
1.2032088e-05
0.00020204967
1.2118324e-05
0.00020207953
1.2281204e-05
0.00020211226
1.2496058e-05
0.00020214838
1.2703291e-05
0.00020218637
1.2826467e-05
0.00020222305
1.2800368e-05
0.00020225529
1.2604011e-05
0.00020228134
1.2265722e-05
0.00020230106
1.1838756e-05
0.00020231523
1.137192e-05
0.00020232505
1.0899243e-05
0.00020233083
1.0427306e-05
0.00020233403
9.9839889e-06
0.00020233567
9.575533e-06
0.0002023353
9.177029e-06
0.00020233381
8.8084431e-06
0.00020233144
8.466105e-06
0.00020232843
8.1481887e-06
0.00020232495
7.8527482e-06
0.00020232115
7.5779609e-06
0.00020231712
7.322167e-06
0.00020231296
7.0838661e-06
0.00020230873
6.8616398e-06
0.00020230448
6.6540694e-06
0.00020230023
6.4597018e-06
0.00020229603
6.2773709e-06
0.00020229188
6.1064073e-06
0.00020228783
5.9460257e-06
0.00020228387
5.7949239e-06
0.00020228
5.6521492e-06
0.00020227624
5.5174368e-06
0.0002022726
5.3901117e-06
0.00020226907
5.2693194e-06
0.00020226565
5.1547731e-06
0.00020226235
5.0459549e-06
0.00020225916
4.9423463e-06
0.00020225609
4.8436851e-06
0.00020225312
4.7495319e-06
0.00020225027
4.6596215e-06
0.00020224752
4.5736252e-06
0.00020224487
4.4912488e-06
0.00020224233
4.4122773e-06
0.00020223988
4.3364833e-06
0.00020223753
4.263668e-06
0.00020223527
4.1936262e-06
0.00020223309
4.1261931e-06
0.00020223101
4.0611875e-06
0.00020222901
3.9984612e-06
0.00020222709
3.9378762e-06
0.00020222525
3.8793397e-06
0.00020222349
3.8227378e-06
0.0002022218
3.767929e-06
0.00020222017
3.7147967e-06
0.00020221862
3.6632993e-06
0.00020221714
3.6133568e-06
0.00020221571
3.5648938e-06
0.00020221435
3.5178165e-06
0.00020221305
3.4720739e-06
0.00020221181
3.4276145e-06
0.00020221062
3.3843927e-06
0.00020220949
3.342364e-06
0.0002022084
3.301474e-06
0.00020220737
3.2617006e-06
0.00020220639
3.2230001e-06
0.00020220545
3.185345e-06
0.00020220456
3.1486968e-06
0.00020220372
3.113009e-06
0.00020220292
3.0782598e-06
0.00020220216
3.0444098e-06
0.00020220143
3.0114422e-06
0.00020220075
2.9793328e-06
0.00020220009
2.9480448e-06
0.00020219947
2.9175677e-06
0.00020219886
2.8878616e-06
0.00020219826
2.8588104e-06
0.00020219754
2.8313646e-06
0.00020219694
2.8014967e-06
0.00020219607
2.7750445e-06
0.00020219473
2.7504785e-06
0.00020219299
2.7234861e-06
0.00020219022
2.6988012e-06
0.00020218596
2.6730012e-06
0.00020217939
2.6472982e-06
0.00020216943
2.6215536e-06
0.00020215478
2.5950397e-06
0.00020213396
2.5673453e-06
0.00020210551
2.5373736e-06
0.00020206815
2.5066221e-06
0.00020202129
2.4655573e-06
0.00020196382
2.4530085e-06
0.00020190096
2.2847772e-06
0.00020181018
2.8377317e-06
1.8549414e-06
0.00020729295
1.1417313e-05
-0.00020710478
0.00020741954
1.25323e-05
0.00020750533
1.2297693e-05
0.00020758275
1.2172058e-05
0.00020763271
1.2061438e-05
0.00020767047
1.1986913e-05
0.00020770348
1.1999075e-05
0.00020773381
1.2087999e-05
0.00020776459
1.2250428e-05
0.00020779819
1.246245e-05
0.00020783518
1.2666304e-05
0.00020787403
1.2787618e-05
0.00020791157
1.2762823e-05
0.00020794467
1.257092e-05
0.00020797153
1.2238854e-05
0.00020799199
1.1818297e-05
0.00020800681
1.1357099e-05
0.00020801718
1.0888874e-05
0.00020802345
1.042104e-05
0.00020802702
9.9804222e-06
0.00020802897
9.5735838e-06
0.00020802889
9.1771091e-06
0.00020802763
8.8097044e-06
0.00020802544
8.4682939e-06
0.00020802257
8.1510543e-06
0.00020801921
7.856105e-06
0.00020801551
7.5816677e-06
0.00020801156
7.3261149e-06
0.00020800746
7.0879683e-06
0.00020800327
6.8658274e-06
0.00020799905
6.65829e-06
0.00020799483
6.4639207e-06
0.00020799064
6.2815629e-06
0.0002079865
6.1105442e-06
0.00020798245
5.9500816e-06
0.00020797848
5.7988905e-06
0.0002079746
5.6560242e-06
0.00020797083
5.5212081e-06
0.00020796717
5.3937727e-06
0.00020796362
5.272872e-06
0.00020796018
5.1582131e-06
0.00020795685
5.0492819e-06
0.00020795364
4.9455624e-06
0.00020795053
4.8467896e-06
0.00020794754
4.7525273e-06
0.00020794465
4.662509e-06
0.00020794187
4.576407e-06
0.00020793919
4.4939279e-06
0.00020793661
4.414856e-06
0.00020793413
4.3389643e-06
0.00020793174
4.2660538e-06
0.00020792945
4.1959197e-06
0.00020792725
4.1283967e-06
0.00020792513
4.0633043e-06
0.0002079231
4.0004939e-06
0.00020792114
3.9398278e-06
0.00020791927
3.8812124e-06
0.00020791748
3.8245339e-06
0.00020791575
3.7696512e-06
0.0002079141
3.716448e-06
0.00020791252
3.6648816e-06
0.000207911
3.6148723e-06
0.00020790955
3.5663447e-06
0.00020790816
3.519205e-06
0.00020790684
3.4734021e-06
0.00020790557
3.4288844e-06
0.00020790435
3.3856063e-06
0.00020790319
3.3435228e-06
0.00020790209
3.3025802e-06
0.00020790103
3.2627556e-06
0.00020790003
3.2240056e-06
0.00020789907
3.1863025e-06
0.00020789816
3.1496078e-06
0.00020789729
3.1138749e-06
0.00020789647
3.0790821e-06
0.00020789569
3.0451901e-06
0.00020789495
3.0121819e-06
0.00020789425
2.9800335e-06
0.00020789359
2.9487085e-06
0.00020789296
2.9181969e-06
0.00020789236
2.8884601e-06
0.00020789179
2.8593769e-06
0.00020789115
2.8320046e-06
0.00020789072
2.8019318e-06
0.00020789015
2.7756093e-06
0.00020788936
2.7512728e-06
0.00020788856
2.7242858e-06
0.00020788735
2.7000103e-06
0.00020788561
2.6747374e-06
0.00020788297
2.6499455e-06
0.00020787887
2.6256475e-06
0.00020787257
2.601337e-06
0.00020786306
2.5768611e-06
0.00020784908
2.5513546e-06
0.0002078292
2.5264998e-06
0.00020780211
2.492644e-06
0.00020776592
2.4892028e-06
0.00020772334
2.3273528e-06
0.00020765626
2.9048129e-06
1.9055085e-06
0.00021313018
1.1226674e-05
-0.00021293954
0.00021326073
1.2401747e-05
0.00021334843
1.2209991e-05
0.00021342564
1.2094853e-05
0.00021347736
1.200972e-05
0.00021351614
1.1948131e-05
0.00021354996
1.1965248e-05
0.00021358108
1.2056888e-05
0.00021361255
1.2218955e-05
0.00021364679
1.2428206e-05
0.00021368438
1.2628714e-05
0.00021372381
1.2748186e-05
0.00021376194
1.2724693e-05
0.00021379561
1.253725e-05
0.00021382303
1.2211442e-05
0.00021384397
1.1797354e-05
0.0002138592
1.1341869e-05
0.00021386989
1.087818e-05
0.00021387643
1.0414503e-05
0.00021388019
9.9766553e-06
0.00021388229
9.5714929e-06
0.00021388233
9.1770675e-06
0.00021388115
8.8108844e-06
0.00021387902
8.4704247e-06
0.00021387619
8.1538799e-06
0.00021387286
7.8594355e-06
0.00021386917
7.5853587e-06
0.00021386523
7.3300548e-06
0.00021386113
7.0920682e-06
0.00021385694
6.8700169e-06
0.00021385271
6.6625156e-06
0.00021384849
6.4681468e-06
0.00021384429
6.2857639e-06
0.00021384014
6.114691e-06
0.00021383607
5.9541482e-06
0.0002138321
5.8028684e-06
0.00021382821
5.6599108e-06
0.00021382443
5.5249911e-06
0.00021382075
5.3974454e-06
0.00021381719
5.2764364e-06
0.00021381374
5.161665e-06
0.0002138104
5.0526208e-06
0.00021380717
4.9487903e-06
0.00021380405
4.8499059e-06
0.00021380105
4.7555345e-06
0.00021379815
4.665408e-06
0.00021379535
4.5792005e-06
0.00021379266
4.4966185e-06
0.00021379007
4.4174462e-06
0.00021378758
4.3414566e-06
0.00021378518
4.2684507e-06
0.00021378288
4.1982241e-06
0.00021378067
4.1306112e-06
0.00021377854
4.0654318e-06
0.0002137765
4.0025371e-06
0.00021377453
3.9417895e-06
0.00021377265
3.883095e-06
0.00021377084
3.8263397e-06
0.00021376911
3.7713829e-06
0.00021376745
3.7181084e-06
0.00021376586
3.6664727e-06
0.00021376434
3.6163965e-06
0.00021376288
3.5678038e-06
0.00021376148
3.5206015e-06
0.00021376015
3.474738e-06
0.00021375887
3.4301616e-06
0.00021375765
3.3868268e-06
0.00021375648
3.3446884e-06
0.00021375537
3.3036927e-06
0.00021375431
3.2638166e-06
0.0002137533
3.2250168e-06
0.00021375234
3.1872653e-06
0.00021375142
3.1505237e-06
0.00021375055
3.1147456e-06
0.00021374972
3.0799088e-06
0.00021374894
3.0459743e-06
0.00021374819
3.0129251e-06
0.00021374749
2.9807371e-06
0.00021374683
2.949374e-06
0.0002137462
2.918826e-06
0.0002137456
2.8890547e-06
0.00021374505
2.8599319e-06
0.00021374443
2.8326236e-06
0.00021374405
2.8023129e-06
0.00021374358
2.776078e-06
0.00021374295
2.7518962e-06
0.00021374247
2.7247706e-06
0.0002137418
2.7006762e-06
0.00021374099
2.6755503e-06
0.00021373987
2.6510708e-06
0.00021373821
2.6273064e-06
0.00021373567
2.6038693e-06
0.00021373176
2.5807777e-06
0.00021372574
2.5573718e-06
0.00021371666
2.5355812e-06
0.00021370337
2.5059338e-06
0.00021368413
2.5084425e-06
0.00021365974
2.3517428e-06
0.00021361769
2.9468668e-06
1.940187e-06
0.00021912427
1.1048508e-05
-0.0002189461
0.00021926106
1.2264957e-05
0.00021935102
1.2120027e-05
0.00021942914
1.2016741e-05
0.00021948336
1.1955496e-05
0.00021952393
1.1907562e-05
0.00021955918
1.1929995e-05
0.00021959161
1.2024463e-05
0.00021962423
1.2186335e-05
0.00021965949
1.2392944e-05
0.000219698
1.2590209e-05
0.00021973827
1.2707916e-05
0.00021977718
1.268578e-05
0.00021981158
1.2502854e-05
0.00021983964
1.2183379e-05
0.00021986113
1.177586e-05
0.0002198768
1.1326199e-05
0.00021988783
1.0867159e-05
0.00021989461
1.0407718e-05
0.00021989854
9.9727238e-06
0.00021990073
9.5693045e-06
0.00021990083
9.1769692e-06
0.00021989965
8.8120605e-06
0.0002198975
8.4725806e-06
0.00021989463
8.1567507e-06
0.00021989124
7.8628255e-06
0.00021988748
7.5891186e-06
0.00021988346
7.3340693e-06
0.00021987928
7.0962456e-06
0.00021987502
6.8742844e-06
0.00021987071
6.6668181e-06
0.00021986641
6.4724476e-06
0.00021986214
6.2900363e-06
0.00021985793
6.1189054e-06
0.0002198538
5.9582781e-06
0.00021984976
5.8069051e-06
0.00021984582
5.6638517e-06
0.00021984199
5.5288238e-06
0.00021983827
5.4011635e-06
0.00021983466
5.2800419e-06
0.00021983117
5.1651538e-06
0.0002198278
5.0559926e-06
0.00021982454
4.9520474e-06
0.0002198214
4.8530479e-06
0.00021981837
4.7585641e-06
0.00021981545
4.6683265e-06
0.00021981264
4.5820105e-06
0.00021980994
4.4993231e-06
0.00021980734
4.4200478e-06
0.00021980484
4.3439582e-06
0.00021980243
4.2708549e-06
0.00021980012
4.200534e-06
0.0002197979
4.1328294e-06
0.00021979577
4.0675614e-06
0.00021979373
4.0045811e-06
0.00021979177
3.9437508e-06
0.00021978989
3.884976e-06
0.00021978808
3.8281429e-06
0.00021978636
3.773111e-06
0.0002197847
3.7197643e-06
0.00021978311
3.6680587e-06
0.0002197816
3.6179146e-06
0.00021978014
3.5692564e-06
0.00021977875
3.5219908e-06
0.00021977743
3.4760662e-06
0.00021977616
3.4314308e-06
0.00021977495
3.3880388e-06
0.00021977379
3.3458451e-06
0.00021977269
3.304796e-06
0.00021977163
3.2648681e-06
0.00021977063
3.2260183e-06
0.00021976968
3.1882182e-06
0.00021976877
3.1514295e-06
0.00021976791
3.1156059e-06
0.0002197671
3.0807251e-06
0.00021976632
3.0467481e-06
0.00021976559
3.0136577e-06
0.0002197649
2.9814299e-06
0.00021976424
2.9500285e-06
0.00021976363
2.9194436e-06
0.00021976304
2.889637e-06
0.0002197625
2.8604723e-06
0.0002197619
2.8332283e-06
0.00021976155
2.8026653e-06
0.00021976112
2.7765076e-06
0.00021976055
2.7524601e-06
0.00021976018
2.725147e-06
0.00021975969
2.7011591e-06
0.0002197592
2.6760459e-06
0.00021975861
2.6516567e-06
0.00021975785
2.6280644e-06
0.00021975679
2.6049313e-06
0.00021975521
2.5823591e-06
0.00021975278
2.5597993e-06
0.00021974903
2.5393311e-06
0.00021974327
2.5117005e-06
0.00021973445
2.5172562e-06
0.00021972237
2.3638225e-06
0.00021970049
2.9687524e-06
1.9611759e-06
0.00022529088
1.0873047e-05
-0.00022511542
0.00022542943
1.2126412e-05
0.00022552107
1.2028381e-05
0.00022559963
1.1938189e-05
0.00022565599
1.1899128e-05
0.00022569825
1.1865305e-05
0.00022573488
1.1893363e-05
0.00022576865
1.1990695e-05
0.00022580251
1.2152473e-05
0.00022583892
1.2356535e-05
0.0002258785
1.2550627e-05
0.00022591979
1.2666628e-05
0.00022595968
1.2645891e-05
0.000225995
1.2467529e-05
0.00022602392
1.2154465e-05
0.00022604616
1.175362e-05
0.00022606245
1.1309909e-05
0.00022607398
1.0855629e-05
0.00022608109
1.0400608e-05
0.00022608562
9.968192e-06
0.00022608811
9.5668112e-06
0.000226088
9.1770866e-06
0.00022608686
8.8131988e-06
0.00022608475
8.4746865e-06
0.0002260819
8.1596025e-06
0.0002260785
7.8662267e-06
0.00022607471
7.592912e-06
0.00022607064
7.338134e-06
0.0002260664
7.1004855e-06
0.00022606206
6.8786232e-06
0.00022605768
6.6711976e-06
0.0002260533
6.4768285e-06
0.00022604895
6.2943903e-06
0.00022604465
6.1232014e-06
0.00022604044
5.9624883e-06
0.00022603633
5.8110197e-06
0.00022603231
5.6678674e-06
0.00022602841
5.5327278e-06
0.00022602462
5.4049488e-06
0.00022602095
5.2837102e-06
0.00022601741
5.168701e-06
0.00022601398
5.0594182e-06
0.00022601068
4.9553537e-06
0.00022600749
4.8562344e-06
0.00022600442
4.7616337e-06
0.00022600146
4.6712807e-06
0.00022599862
4.5848518e-06
0.00022599589
4.5020549e-06
0.00022599327
4.4226728e-06
0.00022599075
4.3464793e-06
0.00022598833
4.2732751e-06
0.000225986
4.2028564e-06
0.00022598378
4.1350571e-06
0.00022598164
4.0696975e-06
0.00022597959
4.0066288e-06
0.00022597763
3.9457132e-06
0.00022597575
3.8868558e-06
0.00022597395
3.8299426e-06
0.00022597223
3.7748336e-06
0.00022597058
3.7214129e-06
0.000225969
3.6696355e-06
0.00022596749
3.6194222e-06
0.00022596605
3.5706969e-06
0.00022596468
3.5233668e-06
0.00022596336
3.4773799e-06
0.00022596211
3.4326845e-06
0.00022596091
3.3892344e-06
0.00022595977
3.3469845e-06
0.00022595869
3.3058813e-06
0.00022595766
3.2659011e-06
0.00022595667
3.2270006e-06
0.00022595574
3.1891515e-06
0.00022595486
3.1523154e-06
0.00022595402
3.116446e-06
0.00022595322
3.0815208e-06
0.00022595247
3.047501e-06
0.00022595176
3.0143693e-06
0.00022595108
2.9821016e-06
0.00022595045
2.9506617e-06
0.00022594985
2.9200399e-06
0.00022594929
2.8901978e-06
0.00022594877
2.8609904e-06
0.00022594819
2.8338133e-06
0.00022594787
2.8029897e-06
0.00022594747
2.7769078e-06
0.00022594693
2.7529912e-06
0.00022594661
2.7254738e-06
0.00022594619
2.7015715e-06
0.00022594581
2.6764268e-06
0.00022594542
2.6520533e-06
0.00022594498
2.6285054e-06
0.00022594444
2.605464e-06
0.00022594374
2.5830677e-06
0.00022594272
2.5608172e-06
0.0002259412
2.5408499e-06
0.00022593881
2.514093e-06
0.00022593516
2.5209002e-06
0.00022592958
2.3694048e-06
0.00022592036
2.9779686e-06
1.9730779e-06
0.00023163019
1.0706884e-05
-0.00023146402
0.00023177107
1.1985531e-05
0.00023186466
1.1934789e-05
0.00023194356
1.1859288e-05
0.00023200195
1.1840738e-05
0.00023204584
1.182142e-05
0.00023208376
1.1855442e-05
0.00023211877
1.1955681e-05
0.00023215378
1.211746e-05
0.00023219125
1.2319065e-05
0.00023223183
1.2510049e-05
0.00023227407
1.2624388e-05
0.00023231489
1.2605072e-05
0.00023235112
1.2431301e-05
0.00023238088
1.2124702e-05
0.00023240389
1.1730617e-05
0.00023242084
1.1292957e-05
0.0002324329
1.0843568e-05
0.00023244053
1.0392973e-05
0.00023244512
9.9636007e-06
0.00023244782
9.564115e-06
0.00023244825
9.1766596e-06
0.00023244729
8.8141595e-06
0.00023244532
8.4766503e-06
0.00023244253
8.1623961e-06
0.00023243916
7.8695963e-06
0.00023243538
7.5966963e-06
0.0002324313
7.3422078e-06
0.00023242704
7.104749e-06
0.00023242266
6.8829971e-06
0.00023241824
6.6756213e-06
0.00023241381
6.4812606e-06
0.0002324094
6.2988005e-06
0.00023240504
6.1275572e-06
0.00023240077
5.9667605e-06
0.00023239659
5.8151974e-06
0.00023239251
5.6719465e-06
0.00023238855
5.5366947e-06
0.0002323847
5.4087958e-06
0.00023238097
5.2874385e-06
0.00023237737
5.1723061e-06
0.00023237388
5.0628993e-06
0.00023237053
4.9587127e-06
0.00023236729
4.8594707e-06
0.00023236417
4.7647498e-06
0.00023236118
4.6742779e-06
0.0002323583
4.5877329e-06
0.00023235553
4.5048229e-06
0.00023235287
4.4253305e-06
0.00023235032
4.3490297e-06
0.00023234787
4.2757211e-06
0.00023234553
4.2052013e-06
0.00023234328
4.1373038e-06
0.00023234113
4.0718495e-06
0.00023233907
4.0086892e-06
0.0002323371
3.9476854e-06
0.00023233521
3.8887424e-06
0.00023233341
3.8317463e-06
0.00023233168
3.7765576e-06
0.00023233003
3.7230604e-06
0.00023232846
3.6712089e-06
0.00023232696
3.6209241e-06
0.00023232553
3.5721296e-06
0.00023232416
3.5247331e-06
0.00023232286
3.4786822e-06
0.00023232162
3.4339249e-06
0.00023232044
3.3904151e-06
0.00023231931
3.3481077e-06
0.00023231825
3.3069491e-06
0.00023231723
3.2669152e-06
0.00023231627
3.227963e-06
0.00023231536
3.1900639e-06
0.00023231449
3.1531793e-06
0.00023231368
3.1172633e-06
0.0002323129
3.082293e-06
0.00023231218
3.0482298e-06
0.00023231149
3.0150562e-06
0.00023231084
2.9827481e-06
0.00023231023
2.9512694e-06
0.00023230966
2.9206102e-06
0.00023230913
2.8907323e-06
0.00023230864
2.8614814e-06
0.00023230808
2.8343742e-06
0.00023230778
2.8032832e-06
0.00023230741
2.7772786e-06
0.00023230691
2.7534937e-06
0.00023230662
2.725765e-06
0.00023230625
2.7019443e-06
0.00023230592
2.6767538e-06
0.0002323056
2.6523732e-06
0.00023230528
2.6288285e-06
0.00023230493
2.6058068e-06
0.00023230454
2.5834642e-06
0.00023230403
2.5613222e-06
0.00023230335
2.5415275e-06
0.00023230228
2.5151643e-06
0.00023230083
2.5223527e-06
0.00023229806
2.3721768e-06
0.00023229531
2.9807143e-06
1.9801821e-06
0.00023815008
1.0548139e-05
-0.00023799133
0.00023829533
1.1840281e-05
0.00023839036
1.1839758e-05
0.00023846973
1.1779917e-05
0.00023852991
1.1780564e-05
0.0002385753
1.1776022e-05
0.00023861434
1.1816404e-05
0.00023865041
1.1919612e-05
0.00023868638
1.2081493e-05
0.0002387247
1.2280743e-05
0.00023876606
1.2468691e-05
0.00023880903
1.2581414e-05
0.00023885057
1.2563536e-05
0.0002388875
1.239437e-05
0.00023891793
1.2094274e-05
0.00023894153
1.1707016e-05
0.00023895899
1.1275495e-05
0.00023897146
1.0831101e-05
0.00023897944
1.0384988e-05
0.00023898427
9.9587675e-06
0.00023898709
9.5612954e-06
0.0002389877
9.1760518e-06
0.00023898686
8.8149993e-06
0.00023898492
8.478592e-06
0.00023898216
8.1651533e-06
0.0002389788
7.8729543e-06
0.00023897501
7.6004885e-06
0.00023897092
7.3463048e-06
0.00023896662
7.1090476e-06
0.0002389622
6.8874153e-06
0.00023895772
6.6800961e-06
0.00023895324
6.485749e-06
0.00023894877
6.3032707e-06
0.00023894435
6.1319755e-06
0.00023894001
5.9710968e-06
0.00023893577
5.81944e-06
0.00023893162
5.6760907e-06
0.00023892759
5.5407265e-06
0.00023892368
5.4127069e-06
0.00023891989
5.2912298e-06
0.00023891622
5.1759728e-06
0.00023891268
5.0664401e-06
0.00023890927
4.9621295e-06
0.00023890597
4.8627626e-06
0.0002389028
4.7679194e-06
0.00023889976
4.6773262e-06
0.00023889683
4.5906624e-06
0.00023889401
4.5076368e-06
0.00023889131
4.4280314e-06
0.00023888872
4.3516205e-06
0.00023888624
4.2782047e-06
0.00023888386
4.2075809e-06
0.00023888158
4.1395824e-06
0.0002388794
4.0740303e-06
0.00023887731
4.0107756e-06
0.00023887532
3.9496807e-06
0.00023887341
3.8906493e-06
0.00023887159
3.8335676e-06
0.00023886985
3.7782964e-06
0.00023886819
3.72472e-06
0.00023886661
3.6727918e-06
0.0002388651
3.6224329e-06
0.00023886366
3.5735669e-06
0.00023886229
3.5261015e-06
0.00023886099
3.4799842e-06
0.00023885975
3.4351629e-06
0.00023885858
3.3915914e-06
0.00023885746
3.3492244e-06
0.0002388564
3.3080084e-06
0.0002388554
3.267919e-06
0.00023885445
3.2289133e-06
0.00023885355
3.1909625e-06
0.0002388527
3.154028e-06
0.0002388519
3.1180639e-06
0.00023885114
3.0830472e-06
0.00023885043
3.0489393e-06
0.00023884977
3.0157226e-06
0.00023884914
2.983373e-06
0.00023884856
2.9518544e-06
0.00023884801
2.9211569e-06
0.0002388475
2.8912424e-06
0.00023884704
2.8619468e-06
0.0002388465
2.8349118e-06
0.00023884623
2.8035473e-06
0.00023884589
2.7776213e-06
0.00023884542
2.753969e-06
0.00023884516
2.7260249e-06
0.00023884481
2.7022868e-06
0.00023884452
2.6770449e-06
0.00023884425
2.6526507e-06
0.00023884398
2.6290967e-06
0.00023884371
2.606072e-06
0.00023884343
2.583743e-06
0.00023884311
2.5616411e-06
0.00023884274
2.5419013e-06
0.00023884215
2.5157576e-06
0.00023884154
2.5229617e-06
0.00023883982
2.3738981e-06
0.00023883992
2.9806088e-06
1.9851932e-06
0.00024485691
1.0390806e-05
-0.00024469958
0.00024500372
1.1693469e-05
0.00024510098
1.1742501e-05
0.00024518087
1.1700028e-05
0.00024524289
1.1718539e-05
0.00024528997
1.1728947e-05
0.00024533027
1.1776102e-05
0.00024536751
1.1882367e-05
0.00024540454
1.2044464e-05
0.0002454438
1.2241486e-05
0.000245486
1.2426495e-05
0.00024552974
1.253767e-05
0.00024557201
1.252127e-05
0.00024560964
1.235674e-05
0.00024564071
1.2063198e-05
0.00024566488
1.1682847e-05
0.00024568281
1.1257563e-05
0.00024569564
1.0818274e-05
0.0002457039
1.0376723e-05
0.00024570893
9.953741e-06
0.00024571186
9.5583693e-06
0.00024571253
9.1753771e-06
0.00024571171
8.8158226e-06
0.00024570974
8.4805557e-06
0.00024570694
8.1679583e-06
0.00024570351
7.87638e-06
0.00024569964
7.604363e-06
0.00024569545
7.3504949e-06
0.00024569105
7.1134469e-06
0.00024568653
6.8919391e-06
0.00024568194
6.6846795e-06
0.00024567734
6.4903473e-06
0.00024567276
6.3078509e-06
0.00024566824
6.1365029e-06
0.00024566379
5.9755408e-06
0.00024565944
5.8237881e-06
0.0002456552
5.6803378e-06
0.00024565107
5.5448583e-06
0.00024564706
5.416715e-06
0.00024564317
5.295115e-06
0.00024563942
5.17973e-06
0.00024563579
5.0700683e-06
0.00024563229
4.9656303e-06
0.00024562891
4.8661352e-06
0.00024562567
4.7711663e-06
0.00024562254
4.6804485e-06
0.00024561954
4.5936627e-06
0.00024561666
4.5105182e-06
0.0002456139
4.4307964e-06
0.00024561125
4.3542723e-06
0.0002456087
4.2807461e-06
0.00024560627
4.2100151e-06
0.00024560394
4.1419125e-06
0.00024560171
4.0762597e-06
0.00024559958
4.0129075e-06
0.00024559754
3.9517184e-06
0.00024559559
3.8925957e-06
0.00024559374
3.8354254e-06
0.00024559196
3.7800688e-06
0.00024559027
3.7264103e-06
0.00024558866
3.6744026e-06
0.00024558713
3.6239668e-06
0.00024558567
3.5750264e-06
0.00024558428
3.5274895e-06
0.00024558296
3.481303e-06
0.00024558171
3.4364151e-06
0.00024558052
3.3927793e-06
0.0002455794
3.3503502e-06
0.00024557833
3.3090744e-06
0.00024557732
3.2689273e-06
0.00024557637
3.2298657e-06
0.00024557547
3.191861e-06
0.00024557463
3.1548744e-06
0.00024557383
3.1188601e-06
0.00024557308
3.083795e-06
0.00024557238
3.0496404e-06
0.00024557172
3.0163788e-06
0.00024557111
2.9839859e-06
0.00024557054
2.9524258e-06
0.00024557001
2.9216884e-06
0.00024556952
2.8917358e-06
0.00024556907
2.8623936e-06
0.00024556855
2.8354323e-06
0.00024556831
2.803788e-06
0.00024556799
2.777942e-06
0.00024556753
2.7544215e-06
0.0002455673
2.7262586e-06
0.00024556698
2.7026049e-06
0.00024556672
2.6773083e-06
0.00024556647
2.6528986e-06
0.00024556624
2.6293313e-06
0.00024556601
2.6062966e-06
0.00024556579
2.5839687e-06
0.00024556554
2.5618849e-06
0.00024556528
2.5421611e-06
0.00024556486
2.5161817e-06
0.00024556456
2.5232583e-06
0.00024556319
2.3752689e-06
0.00024556446
2.9793383e-06
1.9894447e-06
0.00025175157
1.0235596e-05
-0.00025159636
0.00025189953
1.1545506e-05
0.00025199935
1.1642678e-05
0.00025207995
1.1619435e-05
0.00025214386
1.1654623e-05
0.00025219279
1.1680025e-05
0.00025223452
1.1734368e-05
0.0002522731
1.1843787e-05
0.00025231136
1.2006206e-05
0.00025235171
1.220113e-05
0.0002523949
1.2383304e-05
0.00025243956
1.249301e-05
0.0002524827
1.2478134e-05
0.00025252116
1.2318279e-05
0.00025255301
1.2031352e-05
0.00025257786
1.1658e-05
0.00025259635
1.1239064e-05
0.00025260963
1.0805002e-05
0.00025261825
1.0368104e-05
0.00025262352
9.9484638e-06
0.0002526266
9.5552898e-06
0.00025262738
9.174599e-06
0.0002526266
8.8166051e-06
0.00025262463
8.4825251e-06
0.00025262178
8.1708043e-06
0.00025261829
7.8798748e-06
0.00025261432
7.6083285e-06
0.00025261003
7.3547924e-06
0.00025260551
7.1179658e-06
0.00025260085
6.8965912e-06
0.00025259614
6.6893972e-06
0.0002525914
6.4950836e-06
0.00025258668
6.3125709e-06
0.00025258201
6.1411707e-06
0.00025257743
5.9801243e-06
0.00025257294
5.8282741e-06
0.00025256856
5.6847205e-06
0.0002525643
5.5491229e-06
0.00025256016
5.4208525e-06
0.00025255615
5.2991259e-06
0.00025255227
5.1836092e-06
0.00025254852
5.0738144e-06
0.00025254491
4.969245e-06
0.00025254142
4.8696176e-06
0.00025253807
4.7745188e-06
0.00025253485
4.6836723e-06
0.00025253175
4.5967603e-06
0.00025252878
4.5134929e-06
0.00025252592
4.4336509e-06
0.00025252318
4.3570095e-06
0.00025252056
4.2833691e-06
0.00025251805
4.2125272e-06
0.00025251565
4.1443167e-06
0.00025251335
4.0785596e-06
0.00025251115
4.0151064e-06
0.00025250905
3.9538197e-06
0.00025250704
3.8946021e-06
0.00025250512
3.8373398e-06
0.0002525033
3.7818946e-06
0.00025250156
3.7281507e-06
0.0002524999
3.6760603e-06
0.00025249832
3.6255445e-06
0.00025249682
3.5765266e-06
0.0002524954
3.5289151e-06
0.00025249404
3.4826567e-06
0.00025249276
3.4376992e-06
0.00025249154
3.3939962e-06
0.00025249039
3.3515021e-06
0.0002524893
3.3101637e-06
0.00025248827
3.2699559e-06
0.0002524873
3.2308359e-06
0.00025248639
3.1927746e-06
0.00025248553
3.1557333e-06
0.00025248472
3.1196663e-06
0.00025248397
3.0845502e-06
0.00025248326
3.0503466e-06
0.0002524826
3.0170377e-06
0.00025248199
2.9845992e-06
0.00025248142
2.9529953e-06
0.00025248089
2.9222158e-06
0.00025248041
2.8922231e-06
0.00025247997
2.8628318e-06
0.00025247945
2.8359455e-06
0.00025247923
2.804014e-06
0.00025247892
2.7782489e-06
0.00025247848
2.7548588e-06
0.00025247827
2.7264745e-06
0.00025247797
2.702906e-06
0.00025247772
2.6775515e-06
0.0002524775
2.6531252e-06
0.00025247729
2.6295427e-06
0.00025247709
2.6064953e-06
0.00025247689
2.5841643e-06
0.00025247669
2.5620912e-06
0.00025247647
2.5423717e-06
0.00025247611
2.5165423e-06
0.00025247594
2.5234349e-06
0.00025247467
2.3765391e-06
0.00025247642
2.9775832e-06
1.9934998e-06
0.00025883922
1.0083029e-05
-0.00025868665
0.0002589878
1.1396927e-05
0.00025909024
1.1540236e-05
0.00025917171
1.1537967e-05
0.00025923749
1.1588846e-05
0.00025928832
1.1629195e-05
0.00025933156
1.1691127e-05
0.00025937154
1.1803808e-05
0.00025941109
1.1966648e-05
0.00025945262
1.2159601e-05
0.00025949688
1.2339045e-05
0.00025954254
1.2447355e-05
0.00025958663
1.2434045e-05
0.00025962601
1.2278899e-05
0.00025965872
1.1998642e-05
0.00025968434
1.1632374e-05
0.00025970351
1.1219897e-05
0.00025971732
1.0791187e-05
0.00025972639
1.0359036e-05
0.00025973201
9.9428471e-06
0.00025973533
9.5519717e-06
0.00025973629
9.1736332e-06
0.00025973562
8.817275e-06
0.00025973371
8.4844365e-06
0.00025973089
8.1736294e-06
0.00025972738
7.8833823e-06
0.00025972337
7.6123353e-06
0.00025971901
7.3591531e-06
0.00025971441
7.1225652e-06
0.00025970967
6.9013375e-06
0.00025970484
6.6942196e-06
0.00025969999
6.4999325e-06
0.00025969516
6.3174094e-06
0.00025969037
6.1459611e-06
0.00025968566
5.9848332e-06
0.00025968104
5.8328869e-06
0.00025967653
5.6892304e-06
0.00025967214
5.5535143e-06
0.00025966788
5.425116e-06
0.00025966374
5.3032612e-06
0.00025965974
5.1876109e-06
0.00025965588
5.0776806e-06
0.00025965214
4.9729772e-06
0.00025964855
4.8732147e-06
0.00025964508
4.777983e-06
0.00025964175
4.6870045e-06
0.00025963855
4.5999632e-06
0.00025963547
4.5165694e-06
0.00025963252
4.4366038e-06
0.00025962969
4.3598418e-06
0.00025962697
4.2860836e-06
0.00025962437
4.2151274e-06
0.00025962188
4.1468057e-06
0.0002596195
4.0809407e-06
0.00025961722
4.0173831e-06
0.00025961505
3.9559954e-06
0.00025961297
3.8966798e-06
0.00025961099
3.8393223e-06
0.0002596091
3.7837851e-06
0.0002596073
3.7299528e-06
0.00025960558
3.6777765e-06
0.00025960395
3.6271776e-06
0.00025960239
3.5780792e-06
0.00025960092
3.5303901e-06
0.00025959952
3.4840566e-06
0.00025959819
3.4390266e-06
0.00025959693
3.3952535e-06
0.00025959574
3.3526916e-06
0.00025959462
3.3112877e-06
0.00025959356
3.2710166e-06
0.00025959256
3.2318353e-06
0.00025959162
3.1937147e-06
0.00025959074
3.156616e-06
0.00025958991
3.1204936e-06
0.00025958914
3.0853239e-06
0.00025958841
3.0510687e-06
0.00025958774
3.0177099e-06
0.00025958712
2.9852233e-06
0.00025958654
2.9535732e-06
0.00025958601
2.9227492e-06
0.00025958552
2.8927141e-06
0.00025958508
2.8632711e-06
0.00025958456
2.8364607e-06
0.00025958434
2.8042342e-06
0.00025958404
2.7785506e-06
0.00025958361
2.7552885e-06
0.0002595834
2.7266808e-06
0.00025958311
2.7031976e-06
0.00025958288
2.6777817e-06
0.00025958267
2.6533378e-06
0.00025958247
2.6297386e-06
0.00025958229
2.6066767e-06
0.00025958212
2.5843405e-06
0.00025958193
2.562275e-06
0.00025958175
2.5425566e-06
0.00025958141
2.5168756e-06
0.00025958129
2.5235582e-06
0.00025958004
2.3777926e-06
0.00025958203
2.9755934e-06
1.9975742e-06
0.00026612552
9.9336881e-06
-0.00026597618
0.00026627385
1.1248592e-05
0.00026637891
1.143518e-05
0.00026646134
1.1455534e-05
0.00026652892
1.1521263e-05
0.00026658171
1.1576412e-05
0.00026662652
1.1646316e-05
0.00026666795
1.176238e-05
0.00026670885
1.192574e-05
0.0002667516
1.2116853e-05
0.00026679697
1.2293677e-05
0.00026684366
1.2400669e-05
0.00026688873
1.2388967e-05
0.00026692907
1.2238559e-05
0.00026696269
1.1965022e-05
0.00026698915
1.160592e-05
0.00026700903
1.1200011e-05
0.00026702345
1.0776768e-05
0.00026703304
1.0349448e-05
0.000267039
9.9368897e-06
0.00026704284
9.54813e-06
0.00026704408
9.1723871e-06
0.00026704332
8.8180378e-06
0.00026704153
8.4862243e-06
0.00026703879
8.1763783e-06
0.00026703532
7.8868479e-06
0.00026703133
7.6163278e-06
0.00026702696
7.3635231e-06
0.00026702233
7.1271933e-06
0.00026701754
6.9061281e-06
0.00026701266
6.699099e-06
0.00026700774
6.5048483e-06
0.00026700283
6.3223226e-06
0.00026699796
6.1508324e-06
0.00026699316
5.9896278e-06
0.00026698846
5.837589e-06
0.00026698386
5.693832e-06
0.00026697938
5.5579993e-06
0.00026697502
5.429474e-06
0.00026697079
5.3074915e-06
0.00026696669
5.1917075e-06
0.00026696273
5.0816413e-06
0.0002669589
4.9768031e-06
0.00026695521
4.8769043e-06
0.00026695166
4.7815384e-06
0.00026694824
4.6904265e-06
0.00026694495
4.603254e-06
0.00026694178
4.5197321e-06
0.00026693875
4.4396408e-06
0.00026693583
4.3627561e-06
0.00026693304
4.288878e-06
0.00026693036
4.2178053e-06
0.0002669278
4.1493699e-06
0.00026692534
4.0833948e-06
0.00026692299
4.0197305e-06
0.00026692075
3.9582394e-06
0.00026691861
3.8988233e-06
0.00026691656
3.8413681e-06
0.00026691461
3.7857365e-06
0.00026691275
3.7318132e-06
0.00026691098
3.6795487e-06
0.00026690929
3.6288642e-06
0.00026690769
3.5796828e-06
0.00026690616
3.5319137e-06
0.00026690472
3.4855027e-06
0.00026690335
3.4403978e-06
0.00026690205
3.3965522e-06
0.00026690082
3.3539201e-06
0.00026689966
3.3124484e-06
0.00026689856
3.2721115e-06
0.00026689753
3.2328666e-06
0.00026689656
3.1946843e-06
0.00026689565
3.1575259e-06
0.0002668948
3.1213457e-06
0.000266894
3.0861202e-06
0.00026689326
3.051811e-06
0.00026689257
3.0184001e-06
0.00026689193
2.9858631e-06
0.00026689134
2.9541646e-06
0.0002668908
2.9232938e-06
0.0002668903
2.8932142e-06
0.00026688985
2.8637167e-06
0.00026688933
2.8369832e-06
0.00026688911
2.804455e-06
0.0002668888
2.7788528e-06
0.00026688838
2.7557156e-06
0.00026688817
2.726883e-06
0.00026688789
2.7034856e-06
0.00026688766
2.6780043e-06
0.00026688746
2.6535418e-06
0.00026688727
2.6299245e-06
0.0002668871
2.6068465e-06
0.00026688694
2.5845037e-06
0.00026688677
2.5624437e-06
0.0002668866
2.5427258e-06
0.00026688628
2.5171954e-06
0.00026688619
2.5236519e-06
0.00026688492
2.3790579e-06
0.00026688706
2.9734554e-06
2.001746e-06
0.0002736169
9.7882179e-06
-0.00027347143
0.00027376544
1.1100044e-05
0.00027387258
1.1328044e-05
0.00027395604
1.1372075e-05
0.00027402527
1.1452033e-05
0.00027407992
1.1521762e-05
0.00027412625
1.1599979e-05
0.00027416907
1.171956e-05
0.00027421128
1.1883531e-05
0.0002742552
1.2072934e-05
0.00027430163
1.2247249e-05
0.0002743493
1.2353e-05
0.00027439532
1.2342944e-05
0.00027443658
1.2197298e-05
0.00027447108
1.1930521e-05
0.00027449834
1.157866e-05
0.00027451894
1.1179416e-05
0.00027453395
1.0761762e-05
0.00027454402
1.0339371e-05
0.00027455043
9.9304809e-06
0.00027455435
9.5442173e-06
0.0002745558
9.170932e-06
0.00027455548
8.8183573e-06
0.00027455381
8.4878904e-06
0.00027455114
8.1790487e-06
0.00027454772
7.8902699e-06
0.00027454375
7.6203019e-06
0.00027453938
7.3678954e-06
0.00027453473
7.1318405e-06
0.00027452991
6.9109511e-06
0.00027452498
6.704021e-06
0.00027452002
6.5098149e-06
0.00027451505
6.3272928e-06
0.00027451011
6.1557654e-06
0.00027450525
5.9944876e-06
0.00027450048
5.8423586e-06
0.00027449581
5.6985028e-06
0.00027449126
5.5625545e-06
0.00027448683
5.4339028e-06
0.00027448253
5.3117925e-06
0.00027447836
5.1958746e-06
0.00027447433
5.085672e-06
0.00027447044
4.9806981e-06
0.00027446668
4.8806622e-06
0.00027446306
4.7851608e-06
0.00027445957
4.6939143e-06
0.00027445621
4.6066093e-06
0.00027445299
4.5229579e-06
0.00027444989
4.4427395e-06
0.00027444691
4.3657306e-06
0.00027444406
4.2917312e-06
0.00027444133
4.2205402e-06
0.00027443871
4.1519897e-06
0.0002744362
4.0859029e-06
0.0002744338
4.0221301e-06
0.0002744315
3.9605341e-06
0.00027442931
3.9010158e-06
0.00027442722
3.8434613e-06
0.00027442522
3.7877337e-06
0.00027442332
3.7337179e-06
0.0002744215
3.6813634e-06
0.00027441977
3.6305917e-06
0.00027441813
3.5813256e-06
0.00027441657
3.5334748e-06
0.00027441509
3.4869848e-06
0.00027441368
3.4418033e-06
0.00027441235
3.3978835e-06
0.00027441109
3.3551795e-06
0.0002744099
3.3136383e-06
0.00027440878
3.273234e-06
0.00027440772
3.2339238e-06
0.00027440673
3.1956781e-06
0.0002744058
3.1584582e-06
0.00027440492
3.1222186e-06
0.00027440411
3.0869354e-06
0.00027440335
3.0525706e-06
0.00027440264
3.0191059e-06
0.00027440199
2.9865168e-06
0.00027440138
2.954768e-06
0.00027440083
2.9238487e-06
0.00027440032
2.8937228e-06
0.00027439987
2.8641687e-06
0.00027439934
2.8375134e-06
0.00027439912
2.8046781e-06
0.00027439881
2.7791564e-06
0.00027439839
2.7561408e-06
0.00027439819
2.7270831e-06
0.0002743979
2.7037722e-06
0.00027439768
2.6782218e-06
0.00027439748
2.6537398e-06
0.00027439731
2.6301031e-06
0.00027439715
2.6070078e-06
0.00027439699
2.5846571e-06
0.00027439683
2.5626008e-06
0.00027439668
2.5428838e-06
0.00027439636
2.5175072e-06
0.00027439629
2.5237246e-06
0.000274395
2.380345e-06
0.00027439726
2.9711979e-06
2.0060433e-06
0.00028131896
9.6466849e-06
-0.00028117743
0.00028146756
1.0951439e-05
0.00028157658
1.1219028e-05
0.00028166121
1.1287449e-05
0.00028173207
1.1381173e-05
0.00028178862
1.1465203e-05
0.00028183656
1.1552048e-05
0.00028188082
1.1675299e-05
0.00028192436
1.1839983e-05
0.00028196948
1.2027815e-05
0.00028201699
1.2199746e-05
0.00028206564
1.2304343e-05
0.00028211261
1.2295978e-05
0.00028215479
1.2155119e-05
0.00028219016
1.1895145e-05
0.00028221823
1.1550597e-05
0.00028223953
1.1158117e-05
0.00028225512
1.074617e-05
0.00028226569
1.0328803e-05
0.00028227249
9.9236762e-06
0.00028227668
9.5400243e-06
0.00028227835
9.1692645e-06
0.00028227819
8.8185154e-06
0.00028227664
8.4894425e-06
0.00028227405
8.1816429e-06
0.00028227067
7.893649e-06
0.00028226671
7.6242611e-06
0.00028226233
7.3722745e-06
0.00028225766
7.136511e-06
0.0002822528
6.9158104e-06
0.00028224783
6.7089894e-06
0.00028224281
6.5148353e-06
0.00028223778
6.3323222e-06
0.00028223279
6.1607614e-06
0.00028222786
5.999413e-06
0.00028222302
5.8471952e-06
0.00028221828
5.7032412e-06
0.00028221366
5.5671772e-06
0.00028220917
5.4383984e-06
0.0002822048
5.3161593e-06
0.00028220057
5.2001061e-06
0.00028219647
5.0897655e-06
0.00028219252
4.9846543e-06
0.0002821887
4.8844792e-06
0.00028218502
4.7888406e-06
0.00028218148
4.6974574e-06
0.00028217807
4.6100179e-06
0.00028217479
4.5262349e-06
0.00028217164
4.4458875e-06
0.00028216862
4.3687523e-06
0.00028216572
4.2946296e-06
0.00028216295
4.2233186e-06
0.00028216029
4.1546511e-06
0.00028215774
4.0884508e-06
0.0002821553
4.0245679e-06
0.00028215297
3.9628652e-06
0.00028215074
3.9032431e-06
0.00028214861
3.8455877e-06
0.00028214659
3.7897626e-06
0.00028214465
3.7356527e-06
0.00028214281
3.6832069e-06
0.00028214105
3.6323465e-06
0.00028213938
3.5829946e-06
0.0002821378
3.5350607e-06
0.00028213629
3.4884903e-06
0.00028213486
3.443231e-06
0.00028213351
3.3992358e-06
0.00028213223
3.3564587e-06
0.00028213102
3.3148468e-06
0.00028212988
3.2743739e-06
0.00028212881
3.2349972e-06
0.0002821278
3.1966869e-06
0.00028212686
3.1594044e-06
0.00028212597
3.1231042e-06
0.00028212514
3.0877622e-06
0.00028212437
3.0533406e-06
0.00028212366
3.0198208e-06
0.000282123
2.9871785e-06
0.00028212239
2.9553782e-06
0.00028212183
2.9244092e-06
0.00028212131
2.8942358e-06
0.00028212086
2.8646232e-06
0.00028212032
2.8380479e-06
0.0002821201
2.8049013e-06
0.0002821198
2.7794588e-06
0.00028211938
2.7565616e-06
0.00028211918
2.7272793e-06
0.0002821189
2.7040561e-06
0.00028211869
2.6784332e-06
0.0002821185
2.6539313e-06
0.00028211832
2.6302742e-06
0.00028211817
2.6071607e-06
0.00028211803
2.5848011e-06
0.00028211788
2.5627473e-06
0.00028211773
2.5430322e-06
0.00028211743
2.5178128e-06
0.00028211737
2.5237789e-06
0.00028211606
2.3816575e-06
0.00028211843
2.9688295e-06
2.010476e-06
0.00028923916
9.5086171e-06
-0.00028910109
0.00028938773
1.0802871e-05
0.00028949838
1.1108373e-05
0.00028958418
1.1201655e-05
0.00028965654
1.1308809e-05
0.00028971493
1.1406818e-05
0.00028976442
1.1502552e-05
0.00028981009
1.1629636e-05
0.00028985494
1.1795131e-05
0.00028990122
1.1981528e-05
0.00028994977
1.2151201e-05
0.00028999938
1.2254733e-05
0.00029004725
1.2248103e-05
0.00029009032
1.2112054e-05
0.00029012654
1.1858919e-05
0.00029015539
1.1521754e-05
0.00029017737
1.1136134e-05
0.00029019353
1.0730008e-05
0.00029020458
1.0317758e-05
0.00029021175
9.9164994e-06
0.00029021622
9.5355605e-06
0.0002902181
9.1673835e-06
0.00029021808
8.8185298e-06
0.00029021662
8.490904e-06
0.00029021408
8.1841873e-06
0.00029021072
7.8970114e-06
0.00029020675
7.62823e-06
0.00029020234
7.376684e-06
0.00029019762
7.1412281e-06
0.0002901927
6.9207286e-06
0.00029018767
6.7140259e-06
0.00029018257
6.5199303e-06
0.00029017746
6.3374308e-06
0.00029017238
6.1658394e-06
0.00029016738
6.004422e-06
0.00029016245
5.8521158e-06
0.00029015763
5.708063e-06
0.00029015293
5.5718822e-06
0.00029014835
5.4429747e-06
0.00029014391
5.3206048e-06
0.0002901396
5.2044139e-06
0.00029013543
5.0939327e-06
0.0002901314
4.9886813e-06
0.00029012752
4.8883643e-06
0.00029012377
4.7925854e-06
0.00029012017
4.7010626e-06
0.0002901167
4.6134857e-06
0.00029011337
4.5295681e-06
0.00029011017
4.4490886e-06
0.00029010709
4.3718244e-06
0.00029010415
4.2975756e-06
0.00029010133
4.2261418e-06
0.00029009862
4.1573547e-06
0.00029009603
4.0910383e-06
0.00029009356
4.0270429e-06
0.00029009119
3.9652313e-06
0.00029008893
3.9055032e-06
0.00029008678
3.8477448e-06
0.00029008472
3.79182e-06
0.00029008276
3.7376142e-06
0.00029008089
3.6850751e-06
0.00029007911
3.6341244e-06
0.00029007742
3.5846848e-06
0.00029007581
3.5366663e-06
0.00029007429
3.490014e-06
0.00029007285
3.4446754e-06
0.00029007148
3.4006033e-06
0.00029007019
3.3577518e-06
0.00029006896
3.316068e-06
0.00029006781
3.2755251e-06
0.00029006673
3.2360807e-06
0.00029006571
3.1977048e-06
0.00029006476
3.1603585e-06
0.00029006387
3.1239966e-06
0.00029006303
3.0885947e-06
0.00029006226
3.0541152e-06
0.00029006154
3.0205393e-06
0.00029006088
2.9878427e-06
0.00029006026
2.95599e-06
0.0002900597
2.9249701e-06
0.00029005919
2.8947482e-06
0.00029005874
2.8650756e-06
0.0002900582
2.8385823e-06
0.00029005798
2.8051214e-06
0.00029005769
2.7797558e-06
0.00029005727
2.756974e-06
0.00029005709
2.7274687e-06
0.00029005681
2.7043349e-06
0.0002900566
2.6786359e-06
0.00029005642
2.654114e-06
0.00029005626
2.630436e-06
0.00029005612
2.6073035e-06
0.00029005598
2.5849345e-06
0.00029005585
2.5628818e-06
0.00029005571
2.5431702e-06
0.00029005541
2.5181118e-06
0.00029005538
2.5238148e-06
0.00029005404
2.3829961e-06
0.00029005651
2.9663518e-06
2.015048e-06
0.00029738096
9.374453e-06
-0.00029724679
0.00029752943
1.0654398e-05
0.00029764171
1.0996099e-05
0.00029772893
1.1114432e-05
0.00029780293
1.123481e-05
0.00029786328
1.1346463e-05
0.00029791452
1.1451319e-05
0.00029796173
1.1582422e-05
0.00029800802
1.1748842e-05
0.0002980556
1.1933953e-05
0.00029810529
1.2101511e-05
0.00029815594
1.220408e-05
0.0002982048
1.219924e-05
0.00029824883
1.2068031e-05
0.00029828597
1.1821776e-05
0.00029831566
1.1492066e-05
0.00029833838
1.1113409e-05
0.00029835517
1.0713225e-05
0.00029836674
1.0306188e-05
0.00029837432
9.9089103e-06
0.00029837909
9.5307921e-06
0.00029838122
9.1652588e-06
0.00029838137
8.8183751e-06
0.00029838002
8.4922561e-06
0.00029837754
8.1866688e-06
0.0002983742
7.9003482e-06
0.00029837023
7.6322036e-06
0.00029836579
7.3811223e-06
0.00029836103
7.145993e-06
0.00029835604
6.9257095e-06
0.00029835093
6.7191365e-06
0.00029834576
6.5251081e-06
0.00029834056
6.3426282e-06
0.00029833539
6.1710107e-06
0.00029833028
6.009527e-06
0.00029832526
5.8571339e-06
0.00029832034
5.7129827e-06
0.00029831554
5.5766848e-06
0.00029831087
5.4476475e-06
0.00029830633
5.325145e-06
0.00029830193
5.2088145e-06
0.00029829767
5.0981902e-06
0.00029829356
4.9927959e-06
0.00029828959
4.8923342e-06
0.00029828576
4.7964119e-06
0.00029828208
4.7047462e-06
0.00029827853
4.6170286e-06
0.00029827513
4.5329732e-06
0.00029827186
4.4523584e-06
0.00029826872
4.3749618e-06
0.00029826571
4.3005835e-06
0.00029826283
4.2290238e-06
0.00029826007
4.1601138e-06
0.00029825743
4.0936783e-06
0.00029825491
4.0295672e-06
0.0002982525
3.9676436e-06
0.00029825019
3.9078066e-06
0.00029824799
3.8499423e-06
0.0002982459
3.7939152e-06
0.0002982439
3.7396107e-06
0.000298242
3.6869758e-06
0.00029824019
3.6359323e-06
0.00029823848
3.5864026e-06
0.00029823685
3.5382972e-06
0.0002982353
3.4915607e-06
0.00029823383
3.4461407e-06
0.00029823245
3.4019898e-06
0.00029823114
3.3590618e-06
0.0002982299
3.3173042e-06
0.00029822874
3.2766897e-06
0.00029822764
3.2371758e-06
0.00029822661
3.1987325e-06
0.00029822565
3.1613208e-06
0.00029822475
3.1248957e-06
0.00029822391
3.0894325e-06
0.00029822314
3.0548937e-06
0.00029822241
3.0212603e-06
0.00029822175
2.988508e-06
0.00029822114
2.9566016e-06
0.00029822058
2.9255297e-06
0.00029822007
2.8952581e-06
0.00029821962
2.8655237e-06
0.00029821909
2.8391145e-06
0.00029821887
2.8053367e-06
0.00029821858
2.7800446e-06
0.00029821818
2.757375e-06
0.000298218
2.7276491e-06
0.00029821773
2.7046062e-06
0.00029821754
2.6788276e-06
0.00029821737
2.6542857e-06
0.00029821722
2.6305863e-06
0.00029821709
2.6074344e-06
0.00029821697
2.5850555e-06
0.00029821684
2.5630029e-06
0.00029821672
2.5432967e-06
0.00029821643
2.5184031e-06
0.00029821641
2.523831e-06
0.00029821505
2.3843601e-06
0.00029821763
2.9637637e-06
2.0197605e-06
0.00030575671
9.2442771e-06
-0.00030562654
0.0003059047
1.0506414e-05
0.00030601798
1.0882814e-05
0.00030610639
1.1026023e-05
0.0003061817
1.1159502e-05
0.00030624374
1.1284421e-05
0.00030629651
1.1398552e-05
0.00030634508
1.153385e-05
0.00030639263
1.1701296e-05
0.00030644133
1.1885252e-05
0.00030649201
1.2050827e-05
0.00030654357
1.2152526e-05
0.00030659329
1.2149517e-05
0.00030663816
1.2023163e-05
0.00030667612
1.1783814e-05
0.00030670657
1.146162e-05
0.00030672996
1.1090014e-05
0.0003067473
1.0695884e-05
0.00030675934
1.0294148e-05
0.00030676726
9.9009906e-06
0.00030677246
9.5255964e-06
0.00030677484
9.1628787e-06
0.00030677492
8.8182893e-06
0.0003067736
8.4935784e-06
0.00030677115
8.1891238e-06
0.00030676781
7.9036892e-06
0.0003067638
7.6362101e-06
0.0003067593
7.3856166e-06
0.00030675447
7.1508322e-06
0.0003067494
6.9307788e-06
0.00030674419
6.7243464e-06
0.0003067389
6.5303932e-06
0.00030673359
6.3479386e-06
0.0003067283
6.1762989e-06
0.00030672308
6.0147514e-06
0.00030671794
5.8622725e-06
0.0003067129
5.7180229e-06
0.00030670798
5.5816073e-06
0.00030670319
5.4524387e-06
0.00030669853
5.3298017e-06
0.00030669401
5.2133292e-06
0.00030668964
5.102559e-06
0.00030668542
4.9970189e-06
0.00030668135
4.8964091e-06
0.00030667742
4.80034e-06
0.00030667364
4.7085281e-06
0.00030667
4.6206661e-06
0.0003066665
4.5364692e-06
0.00030666315
4.4557154e-06
0.00030665993
4.3781828e-06
0.00030665684
4.3036713e-06
0.00030665388
4.2319819e-06
0.00030665105
4.1629454e-06
0.00030664834
4.096387e-06
0.00030664575
4.0321568e-06
0.00030664328
3.9701177e-06
0.00030664091
3.9101682e-06
0.00030663866
3.8521947e-06
0.00030663651
3.7960619e-06
0.00030663447
3.7416556e-06
0.00030663252
3.6889217e-06
0.00030663067
3.6377822e-06
0.00030662892
3.5881594e-06
0.00030662725
3.5399642e-06
0.00030662567
3.4931407e-06
0.00030662417
3.4476365e-06
0.00030662276
3.4034041e-06
0.00030662142
3.3603971e-06
0.00030662017
3.3185631e-06
0.00030661898
3.2778745e-06
0.00030661787
3.2382889e-06
0.00030661682
3.1997759e-06
0.00030661585
3.1622967e-06
0.00030661494
3.1258062e-06
0.00030661409
3.0902796e-06
0.00030661331
3.0556795e-06
0.00030661258
3.0219869e-06
0.00030661191
2.9891772e-06
0.0003066113
2.9572153e-06
0.00030661074
2.9260896e-06
0.00030661023
2.8957668e-06
0.00030660978
2.8659685e-06
0.00030660925
2.8396451e-06
0.00030660904
2.8055478e-06
0.00030660876
2.7803251e-06
0.00030660837
2.7577637e-06
0.0003066082
2.7278204e-06
0.00030660794
2.7048695e-06
0.00030660776
2.6790074e-06
0.0003066076
2.6544456e-06
0.00030660746
2.6307241e-06
0.00030660734
2.6075521e-06
0.00030660723
2.5851629e-06
0.00030660713
2.563109e-06
0.00030660701
2.5434105e-06
0.00030660673
2.5186855e-06
0.00030660674
2.5238262e-06
0.00030660535
2.385749e-06
0.00030660805
2.9610639e-06
2.0246142e-06
0.00031436248
9.1175372e-06
-0.00031423574
0.00031451052
1.0358374e-05
0.00031462502
1.076831e-05
0.00031471517
1.0935877e-05
0.0003147922
1.1082476e-05
0.00031485631
1.1220308e-05
0.00031491102
1.1343845e-05
0.00031496132
1.1483547e-05
0.00031501046
1.1652152e-05
0.0003150606
1.1835113e-05
0.00031511256
1.1998867e-05
0.00031516527
1.2099817e-05
0.00031521608
1.2098709e-05
0.00031526199
1.1977248e-05
0.00031530096
1.174485e-05
0.00031533233
1.1430247e-05
0.00031535655
1.1065799e-05
0.00031537458
1.0677848e-05
0.00031538721
1.0281523e-05
0.00031539562
9.8925733e-06
0.00031540101
9.5202152e-06
0.00031540361
9.160271e-06
0.00031540409
8.8178099e-06
0.00031540294
8.4947286e-06
0.00031540057
8.1915002e-06
0.00031539726
7.9069994e-06
0.00031539325
7.6402204e-06
0.00031538872
7.3901424e-06
0.00031538383
7.155725e-06
0.00031537869
6.9359193e-06
0.00031537339
6.7296412e-06
0.00031536801
6.5357737e-06
0.0003153626
6.3533523e-06
0.0003153572
6.1816961e-06
0.00031535186
6.020089e-06
0.00031534661
5.8675268e-06
0.00031534145
5.7231801e-06
0.00031533641
5.5866471e-06
0.0003153315
5.457347e-06
0.00031532673
5.3345743e-06
0.0003153221
5.2179582e-06
0.00031531762
5.1070402e-06
0.00031531329
5.0013519e-06
0.00031530911
4.9005914e-06
0.00031530507
4.8043727e-06
0.00031530119
4.7124114e-06
0.00031529745
4.6244019e-06
0.00031529386
4.5400602e-06
0.00031529041
4.4591641e-06
0.0003152871
4.381492e-06
0.00031528393
4.306844e-06
0.00031528089
4.2350214e-06
0.00031527798
4.165855e-06
0.0003152752
4.0991704e-06
0.00031527254
4.0348175e-06
0.00031527
3.9726595e-06
0.00031526757
3.9125944e-06
0.00031526526
3.8545082e-06
0.00031526305
3.7982665e-06
0.00031526095
3.7437551e-06
0.00031525896
3.6909191e-06
0.00031525706
3.6396805e-06
0.00031525526
3.5899616e-06
0.00031525355
3.5416735e-06
0.00031525193
3.4947602e-06
0.00031525039
3.4491689e-06
0.00031524895
3.4048521e-06
0.00031524758
3.3617634e-06
0.00031524629
3.3198503e-06
0.00031524508
3.279085e-06
0.00031524395
3.2394251e-06
0.00031524288
3.2008399e-06
0.00031524189
3.1632907e-06
0.00031524096
3.1267325e-06
0.0003152401
3.0911403e-06
0.0003152393
3.0564767e-06
0.00031523857
3.0227226e-06
0.00031523789
2.9898533e-06
0.00031523727
2.957834e-06
0.00031523671
2.9266526e-06
0.0003152362
2.8962766e-06
0.00031523576
2.8664122e-06
0.00031523523
2.8401759e-06
0.00031523502
2.8057558e-06
0.00031523474
2.7805996e-06
0.00031523437
2.7581401e-06
0.0003152342
2.7279837e-06
0.00031523395
2.7051254e-06
0.00031523378
2.6791756e-06
0.00031523363
2.6545938e-06
0.00031523351
2.6308494e-06
0.0003152334
2.6076566e-06
0.00031523331
2.5852564e-06
0.00031523322
2.5632001e-06
0.00031523312
2.5435116e-06
0.00031523284
2.5189587e-06
0.00031523287
2.5238002e-06
0.00031523145
2.3871631e-06
0.00031523427
2.9582516e-06
2.0296094e-06
0.0003232119
8.9944041e-06
-0.00032308876
0.00032335977
1.0210502e-05
0.00032347492
1.0653159e-05
0.00032356657
1.0844227e-05
0.00032364501
1.1004032e-05
0.00032371093
1.1154388e-05
0.0003237674
1.1287377e-05
0.00032381929
1.1431663e-05
0.0003238699
1.1601538e-05
0.00032392138
1.1783638e-05
0.00032397453
1.1945713e-05
0.00032402833
1.2046018e-05
0.00032408018
1.2046861e-05
0.00032412711
1.1930311e-05
0.00032416707
1.1704891e-05
0.00032419938
1.1397939e-05
0.00032422444
1.1040742e-05
0.0003242432
1.0659087e-05
0.00032425645
1.0268274e-05
0.00032426538
9.8836417e-06
0.00032427115
9.5144471e-06
0.00032427406
9.1573565e-06
0.00032427478
8.8170868e-06
0.00032427382
8.4956943e-06
0.00032427157
8.1937456e-06
0.00032426835
7.9102234e-06
0.00032426439
7.6441818e-06
0.00032425988
7.3946495e-06
0.00032425498
7.160624e-06
0.00032424981
6.9410861e-06
0.00032424448
6.7349784e-06
0.00032423904
6.5412094e-06
0.00032423356
6.3588312e-06
0.00032422809
6.1871664e-06
0.00032422268
6.0255057e-06
0.00032421734
5.8728647e-06
0.00032421209
5.728424e-06
0.00032420697
5.5917757e-06
0.00032420197
5.4623452e-06
0.0003241971
5.3394374e-06
0.00032419238
5.2226776e-06
0.00032418781
5.1116113e-06
0.00032418339
5.0057736e-06
0.00032417912
4.9048611e-06
0.000324175
4.8084912e-06
0.00032417104
4.7163787e-06
0.00032416722
4.6282196e-06
0.00032416355
4.543731e-06
0.00032416002
4.4626903e-06
0.00032415664
4.3848763e-06
0.00032415339
4.3100893e-06
0.00032415028
4.2381311e-06
0.0003241473
4.1688322e-06
0.00032414446
4.1020187e-06
0.00032414173
4.0375407e-06
0.00032413913
3.9752612e-06
0.00032413665
3.9150777e-06
0.00032413428
3.8568764e-06
0.00032413202
3.8005232e-06
0.00032412987
3.7459041e-06
0.00032412783
3.6929635e-06
0.00032412589
3.6416233e-06
0.00032412404
3.5918058e-06
0.00032412229
3.5434223e-06
0.00032412064
3.4964166e-06
0.00032411907
3.4507359e-06
0.00032411759
3.4063324e-06
0.00032411619
3.3631595e-06
0.00032411488
3.3211651e-06
0.00032411364
3.2803207e-06
0.00032411248
3.2405842e-06
0.0003241114
3.2019247e-06
0.00032411039
3.1643033e-06
0.00032410944
3.1276752e-06
0.00032410857
3.0920152e-06
0.00032410776
3.057286e-06
0.00032410701
3.0234684e-06
0.00032410633
2.9905377e-06
0.00032410571
2.9584589e-06
0.00032410514
2.9272199e-06
0.00032410463
2.8967888e-06
0.00032410418
2.866856e-06
0.00032410365
2.8407078e-06
0.00032410344
2.8059614e-06
0.00032410317
2.7808714e-06
0.00032410281
2.758504e-06
0.00032410265
2.7281399e-06
0.0003241024
2.7053745e-06
0.00032410225
2.6793332e-06
0.00032410211
2.6547311e-06
0.000324102
2.6309628e-06
0.0003241019
2.6077486e-06
0.00032410182
2.5853365e-06
0.00032410175
2.563277e-06
0.00032410166
2.5435999e-06
0.00032410139
2.5192227e-06
0.00032410144
2.5237551e-06
0.0003241
2.3886041e-06
0.00032410292
2.9553263e-06
2.0347461e-06
0.00033231162
8.8747878e-06
-0.00033219201
0.00033245935
1.0062773e-05
0.00033257502
1.0537495e-05
0.00033266823
1.0751018e-05
0.00033274808
1.0924178e-05
0.00033281577
1.1086699e-05
0.00033287399
1.1229157e-05
0.00033292743
1.137822e-05
0.00033297948
1.1549494e-05
0.00033303224
1.1730877e-05
0.00033308652
1.1891426e-05
0.00033314134
1.19912e-05
0.00033319415
1.1994049e-05
0.00033324204
1.1882428e-05
0.00033328292
1.1664009e-05
0.0003333161
1.1364761e-05
0.00033334194
1.10149e-05
0.00033336137
1.0639652e-05
0.0003333752
1.0254447e-05
0.0003333846
9.8742425e-06
0.00033339072
9.5083226e-06
0.00033339392
9.1541569e-06
0.00033339486
8.816155e-06
0.00033339404
8.4965124e-06
0.00033339189
8.1958937e-06
0.00033338872
7.913391e-06
0.00033338478
7.6481201e-06
0.00033338027
7.3991606e-06
0.00033337535
7.1655484e-06
0.00033337014
6.9462955e-06
0.00033336475
6.7403718e-06
0.00033335924
6.5467116e-06
0.00033335369
6.3643844e-06
0.00033334814
6.1927169e-06
0.00033334264
6.0310068e-06
0.00033333721
5.8782896e-06
0.00033333188
5.7337564e-06
0.00033332666
5.5969936e-06
0.00033332158
5.4674328e-06
0.00033331662
5.3443891e-06
0.00033331182
5.2274844e-06
0.00033330716
5.1162682e-06
0.00033330265
5.0102795e-06
0.0003332983
4.909213e-06
0.0003332941
4.8126896e-06
0.00033329006
4.7204236e-06
0.00033328617
4.6321126e-06
0.00033328242
4.5474746e-06
0.00033327883
4.4662867e-06
0.00033327537
4.3883283e-06
0.00033327206
4.3133998e-06
0.00033326889
4.2413033e-06
0.00033326585
4.1718694e-06
0.00033326295
4.1049246e-06
0.00033326017
4.0403189e-06
0.00033325752
3.9779155e-06
0.00033325498
3.9176113e-06
0.00033325257
3.8592924e-06
0.00033325026
3.8028253e-06
0.00033324807
3.7480963e-06
0.00033324599
3.6950487e-06
0.00033324401
3.6436048e-06
0.00033324212
3.5936864e-06
0.00033324034
3.5452055e-06
0.00033323865
3.4981053e-06
0.00033323706
3.452333e-06
0.00033323555
3.4078408e-06
0.00033323413
3.3645818e-06
0.00033323279
3.322504e-06
0.00033323153
3.2815787e-06
0.00033323035
3.2417636e-06
0.00033322925
3.2030279e-06
0.00033322822
3.1653324e-06
0.00033322726
3.1286326e-06
0.00033322637
3.0929029e-06
0.00033322555
3.0581064e-06
0.0003332248
3.0242234e-06
0.0003332241
2.9912294e-06
0.00033322347
2.9590895e-06
0.0003332229
2.9277911e-06
0.00033322239
2.8973033e-06
0.00033322194
2.8673e-06
0.00033322141
2.8412406e-06
0.00033322121
2.8061656e-06
0.00033322094
2.7811432e-06
0.00033322059
2.7588543e-06
0.00033322044
2.7282894e-06
0.00033322019
2.7056178e-06
0.00033322004
2.6794811e-06
0.00033321992
2.6548587e-06
0.00033321981
2.6310653e-06
0.00033321973
2.6078291e-06
0.00033321967
2.5854038e-06
0.00033321959
2.5633495e-06
0.00033321952
2.5436703e-06
0.00033321927
2.5194726e-06
0.00033321932
2.5237059e-06
0.00033321786
2.3900719e-06
0.0003332209
2.9522814e-06
2.0400219e-06
0.0003416686
8.7575978e-06
-0.00034155141
0.00034181492
9.9164514e-06
0.00034193141
1.0421005e-05
0.00034202608
1.0656346e-05
0.00034210738
1.0842875e-05
0.0003421769
1.1017178e-05
0.00034223698
1.1169084e-05
0.00034229208
1.1323118e-05
0.00034234564
1.1495935e-05
0.00034239976
1.1676751e-05
0.00034245525
1.1835938e-05
0.00034251114
1.1935308e-05
0.00034256496
1.1940228e-05
0.00034261383
1.1833562e-05
0.00034265567
1.162217e-05
0.00034268975
1.1330684e-05
0.0003427164
1.0988251e-05
0.00034273652
1.0619524e-05
0.00034275094
1.0240029e-05
0.00034276082
9.8643673e-06
0.0003427673
9.501839e-06
0.00034277078
9.1506746e-06
0.00034277192
8.8150196e-06
0.00034277124
8.4971924e-06
0.00034276917
8.1979578e-06
0.00034276605
7.9165188e-06
0.00034276211
7.6520546e-06
0.00034275758
7.4036968e-06
0.0003427526
7.170521e-06
0.00034274733
6.9515711e-06
0.00034274185
6.7458455e-06
0.00034273626
6.5523048e-06
0.00034273061
6.3700364e-06
0.00034272495
6.1983716e-06
0.00034271934
6.036616e-06
0.00034271381
5.8838248e-06
0.00034270837
5.7392e-06
0.00034270304
5.6023226e-06
0.00034269784
5.4726306e-06
0.00034269278
5.3494494e-06
0.00034268786
5.232398e-06
0.0003426831
5.1210294e-06
0.0003426785
5.0148868e-06
0.00034267405
4.9136633e-06
0.00034266975
4.8169832e-06
0.00034266562
4.7245604e-06
0.00034266163
4.636094e-06
0.00034265781
4.5513031e-06
0.00034265413
4.4699645e-06
0.0003426506
4.3918583e-06
0.00034264721
4.3167847e-06
0.00034264397
4.2445466e-06
0.00034264086
4.1749744e-06
0.00034263789
4.107895e-06
0.00034263505
4.0431584e-06
0.00034263234
3.980628e-06
0.00034262975
3.9201999e-06
0.00034262729
3.8617605e-06
0.00034262493
3.8051767e-06
0.0003426227
3.750335e-06
0.00034262057
3.6971778e-06
0.00034261854
3.6456274e-06
0.00034261662
3.5956057e-06
0.00034261481
3.5470248e-06
0.00034261308
3.4998278e-06
0.00034261145
3.4539616e-06
0.00034260992
3.4093783e-06
0.00034260847
3.366031e-06
0.0003426071
3.3238677e-06
0.00034260582
3.2828593e-06
0.00034260462
3.2429638e-06
0.0003426035
3.2041498e-06
0.00034260246
3.1663783e-06
0.00034260148
3.1296049e-06
0.00034260058
3.0938038e-06
0.00034259975
3.0589381e-06
0.00034259899
3.0249881e-06
0.00034259829
2.9919291e-06
0.00034259765
2.9597264e-06
0.00034259707
2.9283669e-06
0.00034259656
2.8978208e-06
0.00034259611
2.8677453e-06
0.00034259557
2.8417767e-06
0.00034259537
2.8063672e-06
0.0003425951
2.7814114e-06
0.00034259476
2.7591942e-06
0.00034259462
2.7284373e-06
0.00034259438
2.705856e-06
0.00034259424
2.6796202e-06
0.00034259412
2.6549776e-06
0.00034259403
2.6311582e-06
0.00034259396
2.6078995e-06
0.0003425939
2.58546e-06
0.00034259384
2.5634114e-06
0.00034259378
2.5437286e-06
0.00034259354
2.5197102e-06
0.0003425936
2.5236465e-06
0.00034259209
2.391584e-06
0.00034259525
2.9491221e-06
2.0454306e-06
0.00035128864
8.643437e-06
-0.00035117448
0.00035143411
9.7709842e-06
0.00035155119
1.0303921e-05
0.00035164739
1.0560145e-05
0.00035173015
1.076012e-05
0.00035180147
1.0945854e-05
0.0003518634
1.1107154e-05
0.00035192018
1.1266339e-05
0.00035197528
1.1440839e-05
0.0003520308
1.1621234e-05
0.00035208751
1.1779221e-05
0.00035214451
1.1878311e-05
0.00035219937
1.1885367e-05
0.00035224925
1.1783679e-05
0.00035229209
1.1579337e-05
0.0003523271
1.1295666e-05
0.00035235461
1.0960749e-05
0.00035237547
1.0598659e-05
0.00035239052
1.0224978e-05
0.00035240091
9.853976e-06
0.00035240779
9.49496e-06
0.00035241159
9.1468779e-06
0.00035241296
8.8136522e-06
0.00035241244
8.4977101e-06
0.00035241048
8.1999176e-06
0.00035240741
7.91959e-06
0.00035240349
7.6559718e-06
0.00035239894
7.4082477e-06
0.00035239393
7.1755342e-06
0.00035238859
6.9569083e-06
0.00035238304
6.7513972e-06
0.00035237735
6.5579889e-06
0.0003523716
6.3757889e-06
0.00035236584
6.2041343e-06
0.00035236012
6.0423385e-06
0.00035235446
5.8894769e-06
0.0003523489
5.7447624e-06
0.00035234345
5.6077715e-06
0.00035233813
5.4779484e-06
0.00035233296
5.3546289e-06
0.00035232792
5.2374292e-06
0.00035232305
5.1259063e-06
0.00035231833
5.0196074e-06
0.00035231377
4.9182242e-06
0.00035230936
4.8213846e-06
0.00035230512
4.7288017e-06
0.00035230104
4.6401766e-06
0.00035229711
4.5552293e-06
0.00035229334
4.4737366e-06
0.00035228972
4.3954789e-06
0.00035228625
4.3202567e-06
0.00035228292
4.2478734e-06
0.00035227974
4.1781592e-06
0.00035227669
4.1109416e-06
0.00035227378
4.0460706e-06
0.000352271
3.9834096e-06
0.00035226834
3.9228544e-06
0.00035226581
3.864291e-06
0.0003522634
3.8075872e-06
0.00035226111
3.7526296e-06
0.00035225893
3.6993596e-06
0.00035225685
3.6476997e-06
0.00035225489
3.5975716e-06
0.00035225302
3.5488879e-06
0.00035225126
3.5015912e-06
0.00035224959
3.4556284e-06
0.00035224802
3.4109514e-06
0.00035224654
3.3675133e-06
0.00035224514
3.325262e-06
0.00035224384
3.2841682e-06
0.00035224261
3.2441897e-06
0.00035224146
3.2052952e-06
0.0003522404
3.1674456e-06
0.00035223941
3.1305964e-06
0.00035223849
3.0947218e-06
0.00035223764
3.0597849e-06
0.00035223686
3.0257659e-06
0.00035223615
2.9926401e-06
0.00035223551
2.9603727e-06
0.00035223492
2.9289503e-06
0.0003522344
2.8983441e-06
0.00035223395
2.8681942e-06
0.00035223341
2.8423178e-06
0.00035223321
2.8065705e-06
0.00035223293
2.7816821e-06
0.0003522326
2.759524e-06
0.00035223246
2.7285839e-06
0.00035223222
2.7060921e-06
0.00035223209
2.6797533e-06
0.00035223198
2.6550902e-06
0.00035223189
2.6312438e-06
0.00035223183
2.6079617e-06
0.00035223178
2.5855083e-06
0.00035223173
2.563463e-06
0.00035223168
2.5437774e-06
0.00035223145
2.5199413e-06
0.00035223152
2.5235748e-06
0.00035222997
2.393132e-06
0.00035223324
2.9458541e-06
2.0509838e-06
0.00036118027
8.5315768e-06
-0.00036106841
0.00036132394
9.6273181e-06
0.00036144184
1.0186015e-05
0.00036153943
1.046256e-05
0.00036162362
1.0675928e-05
0.00036169674
1.0872732e-05
0.00036176056
1.1043343e-05
0.00036181905
1.1207845e-05
0.00036187571
1.1384175e-05
0.00036193265
1.1564297e-05
0.00036199062
1.1721248e-05
0.00036204875
1.1820189e-05
0.00036210467
1.1829448e-05
0.00036215558
1.173276e-05
0.00036219943
1.1535489e-05
0.00036223542
1.1259683e-05
0.0003622638
1.0932368e-05
0.00036228543
1.0577026e-05
0.00036230115
1.0209262e-05
0.00036231208
9.8430387e-06
0.00036231939
9.4876566e-06
0.00036232352
9.1427404e-06
0.00036232515
8.8120281e-06
0.00036232482
8.4980427e-06
0.00036232298
8.2017526e-06
0.00036231998
7.922586e-06
0.0003623161
7.6598551e-06
0.00036231155
7.4127983e-06
0.00036230651
7.1805746e-06
0.00036230112
6.9622949e-06
0.0003622955
6.7570162e-06
0.00036228974
6.5637541e-06
0.00036228389
6.3816335e-06
0.00036227803
6.2099975e-06
0.0003622722
6.048168e-06
0.00036226644
5.8952404e-06
0.00036226076
5.7504392e-06
0.0003622552
5.6133366e-06
0.00036224976
5.4833831e-06
0.00036224447
5.3599253e-06
0.00036223932
5.2425768e-06
0.00036223433
5.1308984e-06
0.00036222949
5.0244415e-06
0.00036222482
4.9228966e-06
0.00036222031
4.8258948e-06
0.00036221596
4.7331494e-06
0.00036221178
4.6443628e-06
0.00036220775
4.5592562e-06
0.00036220388
4.4776063e-06
0.00036220016
4.3991939e-06
0.0003621966
4.3238199e-06
0.00036219319
4.2512881e-06
0.00036218992
4.1814287e-06
0.00036218679
4.1140696e-06
0.0003621838
4.0490609e-06
0.00036218094
3.9862662e-06
0.00036217822
3.9255805e-06
0.00036217562
3.86689e-06
0.00036217314
3.810063e-06
0.00036217078
3.7549863e-06
0.00036216854
3.7016005e-06
0.00036216641
3.6498281e-06
0.0003621644
3.5995907e-06
0.00036216248
3.5508012e-06
0.00036216067
3.503402e-06
0.00036215896
3.4573398e-06
0.00036215734
3.4125665e-06
0.00036215582
3.3690347e-06
0.00036215439
3.3266929e-06
0.00036215305
3.2855111e-06
0.00036215179
3.2454472e-06
0.00036215062
3.2064697e-06
0.00036214952
3.1685396e-06
0.00036214851
3.1316123e-06
0.00036214757
3.095662e-06
0.0003621467
3.0606517e-06
0.0003621459
3.0265616e-06
0.00036214518
2.9933668e-06
0.00036214452
2.9610328e-06
0.00036214392
2.9295455e-06
0.00036214339
2.8988774e-06
0.00036214293
2.8686508e-06
0.00036214238
2.8428665e-06
0.00036214218
2.8067782e-06
0.00036214189
2.7819674e-06
0.00036214157
2.7598496e-06
0.00036214142
2.7287287e-06
0.00036214119
2.7063273e-06
0.00036214106
2.6798831e-06
0.00036214095
2.6551987e-06
0.00036214087
2.6313248e-06
0.00036214081
2.6080185e-06
0.00036214077
2.5855509e-06
0.00036214073
2.5634968e-06
0.00036214068
2.5438254e-06
0.00036214044
2.5201819e-06
0.00036214054
2.5234828e-06
0.00036213895
2.3947141e-06
0.00036214232
2.9424862e-06
2.056685e-06
0.00037135098
8.4215009e-06
-0.00037124091
0.00037149202
9.4862836e-06
0.00037161099
1.0067043e-05
0.00037170984
1.0363705e-05
0.00037179548
1.0590293e-05
0.0003718704
1.0797805e-05
0.00037193612
1.0977629e-05
0.00037199636
1.1147606e-05
0.00037205461
1.1325918e-05
0.00037211299
1.1505917e-05
0.00037217224
1.1662e-05
0.0003722315
1.1760926e-05
0.00037228849
1.1772458e-05
0.00037234046
1.1680792e-05
0.00037238534
1.1490609e-05
0.00037242231
1.1222716e-05
0.00037245159
1.0903084e-05
0.00037247402
1.0554602e-05
0.00037249042
1.019286e-05
0.00037250192
9.8315327e-06
0.00037250967
9.4799074e-06
0.00037251417
9.1382434e-06
0.00037251607
8.8101302e-06
0.00037251594
8.4981751e-06
0.00037251424
8.2034492e-06
0.00037251133
7.9254952e-06
0.00037250749
7.6636939e-06
0.00037250295
7.4173395e-06
0.00037249789
7.1856341e-06
0.00037249246
6.9677237e-06
0.00037248678
6.7626959e-06
0.00037248094
6.5695949e-06
0.00037247501
6.387565e-06
0.00037246905
6.2159564e-06
0.00037246312
6.0540999e-06
0.00037245725
5.9011113e-06
0.00037245146
5.7562266e-06
0.00037244578
5.6190144e-06
0.00037244023
5.4889317e-06
0.00037243482
5.3653357e-06
0.00037242956
5.2478378e-06
0.00037242446
5.1360028e-06
0.00037241951
5.0293864e-06
0.00037241473
4.9276779e-06
0.00037241011
4.8305119e-06
0.00037240566
4.7376015e-06
0.00037240137
4.6486507e-06
0.00037239725
4.5633821e-06
0.00037239328
4.481572e-06
0.00037238947
4.4030022e-06
0.00037238582
4.3274734e-06
0.00037238232
4.25479e-06
0.00037237897
4.1847823e-06
0.00037237576
4.1172787e-06
0.00037237269
4.0521293e-06
0.00037236976
3.9891978e-06
0.00037236696
3.9283786e-06
0.00037236429
3.8695581e-06
0.00037236175
3.812605e-06
0.00037235933
3.7574063e-06
0.00037235703
3.7039018e-06
0.00037235484
3.6520141e-06
0.00037235277
3.6016646e-06
0.0003723508
3.5527666e-06
0.00037234894
3.5052623e-06
0.00037234718
3.4590981e-06
0.00037234552
3.4142257e-06
0.00037234396
3.3705979e-06
0.00037234249
3.328163e-06
0.00037234111
3.2868908e-06
0.00037233982
3.2467392e-06
0.00037233861
3.2076765e-06
0.00037233749
3.1696634e-06
0.00037233644
3.1326559e-06
0.00037233548
3.0966275e-06
0.00037233459
3.0615418e-06
0.00037233377
3.0273785e-06
0.00037233303
2.9941128e-06
0.00037233235
2.96171e-06
0.00037233174
2.9301559e-06
0.00037233119
2.8994238e-06
0.00037233072
2.8691183e-06
0.00037233017
2.843425e-06
0.00037232995
2.806995e-06
0.00037232964
2.7822763e-06
0.00037232932
2.7601663e-06
0.00037232918
2.7288716e-06
0.00037232894
2.7065682e-06
0.00037232881
2.6800117e-06
0.0003723287
2.6553065e-06
0.00037232862
2.6314043e-06
0.00037232857
2.6080731e-06
0.00037232853
2.5855909e-06
0.0003723285
2.5635261e-06
0.00037232845
2.5438716e-06
0.00037232821
2.5204235e-06
0.00037232832
2.5233803e-06
0.0003723267
2.3963325e-06
0.00037233016
2.9390184e-06
2.0625355e-06
0.00038180833
8.3129938e-06
-0.00038169982
0.00038194641
9.3482045e-06
0.00038206646
9.9469913e-06
0.00038216652
1.0263646e-05
0.00038225359
1.0503229e-05
0.0003823303
1.0721091e-05
0.00038239793
1.0910005e-05
0.00038245993
1.1085597e-05
0.00038251981
1.1266047e-05
0.00038257965
1.1446074e-05
0.00038264019
1.1601457e-05
0.00038270061
1.1700506e-05
0.00038275869
1.1714382e-05
0.00038281172
1.1627761e-05
0.00038285765
1.1444681e-05
0.00038289562
1.1184743e-05
0.00038292583
1.0872875e-05
0.00038294907
1.0531361e-05
0.00038296618
1.0175747e-05
0.00038297828
9.8194344e-06
0.0003829865
9.4716906e-06
0.00038299137
9.1333679e-06
0.00038299356
8.8079413e-06
0.00038299364
8.4980927e-06
0.0003829921
8.2049952e-06
0.00038298929
7.928307e-06
0.0003829855
7.66748e-06
0.00038298098
7.4218644e-06
0.0003829759
7.1907072e-06
0.00038297044
6.9731904e-06
0.0003829647
6.7684332e-06
0.00038295879
6.5755086e-06
0.00038295277
6.3935815e-06
0.00038294672
6.2220097e-06
0.00038294068
6.0601335e-06
0.0003829347
5.9070889e-06
0.00038292881
5.7621242e-06
0.00038292302
5.6248047e-06
0.00038291735
5.494594e-06
0.00038291183
5.37086e-06
0.00038290646
5.2532123e-06
0.00038290124
5.1412197e-06
0.00038289618
5.0344422e-06
0.00038289129
4.9325682e-06
0.00038288657
4.8352358e-06
0.00038288201
4.7421578e-06
0.00038287762
4.6530402e-06
0.0003828734
4.5676067e-06
0.00038286934
4.4856337e-06
0.00038286544
4.4069033e-06
0.00038286169
4.3312166e-06
0.0003828581
4.2583786e-06
0.00038285467
4.1882195e-06
0.00038285138
4.1205683e-06
0.00038284823
4.0552751e-06
0.00038284522
3.9922038e-06
0.00038284236
3.9312482e-06
0.00038283962
3.8722946e-06
0.00038283701
3.8152125e-06
0.00038283453
3.759889e-06
0.00038283217
3.706263e-06
0.00038282992
3.6542572e-06
0.0003828278
3.6037929e-06
0.00038282578
3.5547838e-06
0.00038282387
3.5071717e-06
0.00038282206
3.460903e-06
0.00038282036
3.4159292e-06
0.00038281876
3.3722029e-06
0.00038281725
3.3296725e-06
0.00038281583
3.2883075e-06
0.0003828145
3.2480659e-06
0.00038281326
3.2089157e-06
0.00038281211
3.1708176e-06
0.00038281104
3.1337276e-06
0.00038281005
3.0976192e-06
0.00038280913
3.0624559e-06
0.00038280829
3.0282174e-06
0.00038280753
2.9948788e-06
0.00038280683
2.9624055e-06
0.00038280621
2.9307825e-06
0.00038280564
2.8999847e-06
0.00038280516
2.8695982e-06
0.00038280459
2.8439959e-06
0.00038280436
2.8072237e-06
0.00038280404
2.7826042e-06
0.00038280374
2.760468e-06
0.00038280359
2.7290182e-06
0.00038280334
2.7068217e-06
0.00038280321
2.6801414e-06
0.0003828031
2.6554158e-06
0.00038280302
2.6314845e-06
0.00038280296
2.6081277e-06
0.00038280292
2.5856301e-06
0.00038280289
2.5635604e-06
0.00038280284
2.5439154e-06
0.00038280261
2.5206603e-06
0.00038280272
2.5232723e-06
0.00038280106
2.3979901e-06
0.00038280462
2.9354537e-06
2.068535e-06
0.00039256015
8.2060766e-06
-0.00039245323
0.00039269538
9.2129752e-06
0.00039281628
9.8260899e-06
0.00039291754
1.0162389e-05
0.00039300601
1.0414755e-05
0.00039308449
1.0642619e-05
0.00039315402
1.0840469e-05
0.00039321782
1.1021795e-05
0.00039327933
1.1204538e-05
0.00039334066
1.1384747e-05
0.00039340252
1.1539597e-05
0.00039346412
1.1638909e-05
0.00039352329
1.1655204e-05
0.00039357741
1.157365e-05
0.0003936244
1.1397687e-05
0.0003936634
1.1145745e-05
0.00039369456
1.0841717e-05
0.00039371864
1.0507278e-05
0.00039373649
1.0157897e-05
0.0003937492
9.8067192e-06
0.00039375791
9.4629829e-06
0.00039376319
9.1280939e-06
0.00039376568
8.8054434e-06
0.000393766
8.4977797e-06
0.00039376461
8.2063774e-06
0.00039376191
7.9310106e-06
0.00039375819
7.671204e-06
0.00039375369
7.4263655e-06
0.0003937486
7.195788e-06
0.0003937431
6.9786904e-06
0.00039373731
6.7742244e-06
0.00039373133
6.5814928e-06
0.00039372523
6.3996813e-06
0.00039371908
6.2281564e-06
0.00039371295
6.0662683e-06
0.00039370686
5.9131734e-06
0.00039370086
5.7681325e-06
0.00039369495
5.6307083e-06
0.00039368917
5.5003711e-06
0.00039368353
5.3764995e-06
0.00039367805
5.2587017e-06
0.00039367271
5.1465506e-06
0.00039366755
5.0396105e-06
0.00039366255
4.9375691e-06
0.00039365771
4.840068e-06
0.00039365305
4.74682e-06
0.00039364856
4.6575329e-06
0.00039364423
4.5719316e-06
0.00039364007
4.4897926e-06
0.00039363608
4.4108985e-06
0.00039363225
4.3350507e-06
0.00039362857
4.262055e-06
0.00039362505
4.1917413e-06
0.00039362168
4.1239393e-06
0.00039361845
4.0584992e-06
0.00039361537
3.9952848e-06
0.00039361243
3.9341896e-06
0.00039360962
3.8751e-06
0.00039360695
3.8178858e-06
0.00039360441
3.7624345e-06
0.00039360198
3.7086841e-06
0.00039359968
3.6565574e-06
0.0003935975
3.6059755e-06
0.00039359543
3.5568526e-06
0.00039359347
3.5091301e-06
0.00039359162
3.4627542e-06
0.00039358988
3.4176764e-06
0.00039358823
3.3738492e-06
0.00039358668
3.331221e-06
0.00039358523
3.2897609e-06
0.00039358387
3.249427e-06
0.00039358259
3.210187e-06
0.00039358141
3.1720017e-06
0.00039358031
3.1348272e-06
0.00039357929
3.0986367e-06
0.00039357836
3.0633938e-06
0.0003935775
3.0290781e-06
0.00039357671
2.9956647e-06
0.000393576
2.9631189e-06
0.00039357535
2.9314253e-06
0.00039357478
2.90056e-06
0.00039357429
2.8700904e-06
0.0003935737
2.8445807e-06
0.00039357346
2.8074654e-06
0.00039357312
2.7829474e-06
0.00039357283
2.7607494e-06
0.00039357268
2.7291732e-06
0.00039357241
2.70709e-06
0.00039357228
2.6802723e-06
0.00039357217
2.6555272e-06
0.00039357209
2.6315661e-06
0.00039357203
2.608183e-06
0.00039357199
2.5856694e-06
0.00039357195
2.5636023e-06
0.00039357191
2.5439568e-06
0.00039357168
2.5208908e-06
0.00039357179
2.5231584e-06
0.00039357009
2.3996889e-06
0.00039357375
2.931798e-06
2.0746836e-06
0.00040361477
8.1007458e-06
-0.00040350944
0.00040374729
9.0804477e-06
0.00040386875
9.7046363e-06
0.00040397121
1.0059932e-05
0.00040406106
1.0324896e-05
0.00040414126
1.0562419e-05
0.00040421271
1.0769022e-05
0.00040427833
1.0956175e-05
0.0004043415
1.1141369e-05
0.00040440433
1.1321913e-05
0.00040446753
1.1476399e-05
0.00040453032
1.1576117e-05
0.00040459062
1.1594909e-05
0.00040464582
1.1518444e-05
0.0004046939
1.1349609e-05
0.00040473395
1.1105699e-05
0.00040476608
1.0809586e-05
0.00040479103
1.0482327e-05
0.00040480964
1.0139285e-05
0.000404823
9.7933616e-06
0.00040483222
9.45376e-06
0.00040483792
9.1223999e-06
0.00040484074
8.8026172e-06
0.0004048413
8.4972192e-06
0.0004048401
8.2075811e-06
0.00040483752
7.9335935e-06
0.00040483386
7.6748557e-06
0.0004048294
7.4308345e-06
0.00040482431
7.2008696e-06
0.00040481879
6.9842183e-06
0.00040481294
6.7800655e-06
0.00040480689
6.5875443e-06
0.00040480071
6.4058623e-06
0.00040479447
6.2343951e-06
0.00040478824
6.0725035e-06
0.00040478205
5.9193645e-06
0.00040477593
5.7742517e-06
0.00040476991
5.6367258e-06
0.00040476402
5.5062638e-06
0.00040475826
5.3822554e-06
0.00040475266
5.2643074e-06
0.00040474721
5.151997e-06
0.00040474193
5.044893e-06
0.00040473681
4.9426824e-06
0.00040473187
4.8450104e-06
0.0004047271
4.75159e-06
0.0004047225
4.6621306e-06
0.00040471808
4.5763587e-06
0.00040471382
4.4940506e-06
0.00040470973
4.4149898e-06
0.0004047058
4.3389778e-06
0.00040470203
4.265821e-06
0.00040469843
4.1953495e-06
0.00040469497
4.1273934e-06
0.00040469167
4.061803e-06
0.00040468851
3.9984425e-06
0.0004046855
3.9372045e-06
0.00040468262
3.8779756e-06
0.00040467988
3.8206262e-06
0.00040467727
3.7650441e-06
0.00040467479
3.7111663e-06
0.00040467243
3.6589157e-06
0.00040467019
3.6082134e-06
0.00040466807
3.5589738e-06
0.00040466606
3.511138e-06
0.00040466416
3.4646524e-06
0.00040466237
3.419468e-06
0.00040466068
3.3755372e-06
0.0004046591
3.3328087e-06
0.00040465761
3.2912511e-06
0.00040465621
3.2508225e-06
0.00040465491
3.2114904e-06
0.00040465369
3.1732157e-06
0.00040465257
3.1359545e-06
0.00040465152
3.0996797e-06
0.00040465056
3.0643552e-06
0.00040464968
3.0299603e-06
0.00040464887
2.99647e-06
0.00040464814
2.9638499e-06
0.00040464749
2.9320838e-06
0.0004046469
2.9011491e-06
0.00040464639
2.8705942e-06
0.00040464579
2.8451785e-06
0.00040464554
2.80772e-06
0.00040464518
2.783307e-06
0.00040464492
2.7610076e-06
0.00040464476
2.7293384e-06
0.00040464448
2.707371e-06
0.00040464434
2.6804042e-06
0.00040464423
2.6556406e-06
0.00040464415
2.6316488e-06
0.00040464409
2.6082389e-06
0.00040464405
2.5857087e-06
0.00040464401
2.5636498e-06
0.00040464397
2.5439959e-06
0.00040464374
2.5211121e-06
0.00040464387
2.5230374e-06
0.00040464212
2.4014355e-06
0.00040464586
2.9280557e-06
2.0809802e-06
0.00041498069
7.9969809e-06
-0.00041487693
0.00041511064
8.9504973e-06
0.00041523237
9.5829091e-06
0.00041533602
9.9562816e-06
0.00041542724
1.0233671e-05
0.00041550914
1.0480526e-05
0.00041558249
1.0695668e-05
0.00041564995
1.0888718e-05
0.0004157148
1.1076519e-05
0.00041577916
1.1257555e-05
0.00041584371
1.1411845e-05
0.00041590771
1.1512113e-05
0.00041596914
1.1533482e-05
0.00041602546
1.1462128e-05
0.00041607464
1.1300429e-05
0.00041611575
1.1064584e-05
0.00041614888
1.0776457e-05
0.00041617473
1.045648e-05
0.00041619413
1.0119884e-05
0.00041620816
9.779335e-06
0.00041621792
9.4439968e-06
0.00041622405
9.1162637e-06
0.00041622723
8.7994424e-06
0.00041622806
8.4963935e-06
0.00041622705
8.208591e-06
0.0004162246
7.9360427e-06
0.00041622103
7.6784243e-06
0.0004162166
7.4352621e-06
0.00041621152
7.2059446e-06
0.00041620597
6.989768e-06
0.00041620009
6.7859516e-06
0.00041619397
6.5936595e-06
0.00041618771
6.4121215e-06
0.00041618139
6.2407238e-06
0.00041617505
6.0788378e-06
0.00041616875
5.9256615e-06
0.00041616252
5.7804817e-06
0.00041615639
5.6428575e-06
0.00041615038
5.5122729e-06
0.00041614451
5.3881285e-06
0.00041613879
5.2700306e-06
0.00041613322
5.1575603e-06
0.00041612783
5.0502912e-06
0.0004161226
4.9479097e-06
0.00041611754
4.8500648e-06
0.00041611266
4.7564695e-06
0.00041610796
4.6668353e-06
0.00041610343
4.5808899e-06
0.00041609907
4.4984098e-06
0.00041609488
4.419179e-06
0.00041609086
4.3429996e-06
0.000416087
4.2696786e-06
0.0004160833
4.199046e-06
0.00041607977
4.1309325e-06
0.00041607638
4.0651886e-06
0.00041607314
4.0016785e-06
0.00041607005
3.9402945e-06
0.00041606711
3.8809231e-06
0.0004160643
3.8234353e-06
0.00041606162
3.7677192e-06
0.00041605908
3.713711e-06
0.00041605666
3.6613334e-06
0.00041605437
3.6105077e-06
0.00041605219
3.5611485e-06
0.00041605013
3.5131968e-06
0.00041604819
3.4665985e-06
0.00041604635
3.4213048e-06
0.00041604462
3.3772678e-06
0.00041604299
3.3344364e-06
0.00041604146
3.2927788e-06
0.00041604003
3.2522531e-06
0.0004160387
3.2128265e-06
0.00041603745
3.17446e-06
0.0004160363
3.1371097e-06
0.00041603523
3.1007485e-06
0.00041603424
3.0653402e-06
0.00041603334
3.0308641e-06
0.00041603251
2.997295e-06
0.00041603177
2.9645985e-06
0.00041603109
2.9327578e-06
0.00041603049
2.901752e-06
0.00041602997
2.8711094e-06
0.00041602936
2.8457873e-06
0.0004160291
2.8079888e-06
0.00041602872
2.7836859e-06
0.00041602848
2.7612431e-06
0.00041602831
2.729511e-06
0.00041602802
2.7076622e-06
0.00041602788
2.6805375e-06
0.00041602777
2.6557552e-06
0.00041602769
2.631732e-06
0.00041602763
2.6082948e-06
0.00041602759
2.5857476e-06
0.00041602754
2.5636986e-06
0.00041602751
2.5440334e-06
0.00041602728
2.5213337e-06
0.00041602741
2.5229107e-06
0.00041602563
2.4032188e-06
0.00041602946
2.9242231e-06
2.0874244e-06
0.0004266667
7.8947586e-06
-0.00042656447
0.00042679418
8.8230119e-06
0.00042691594
9.4611513e-06
0.00042702075
9.8514695e-06
0.00042711332
1.01411e-05
0.00042719687
1.0396972e-05
0.00042727213
1.0620417e-05
0.00042734144
1.0819409e-05
0.00042740799
1.1009968e-05
0.00042747389
1.1191654e-05
0.00042753982
1.1345916e-05
0.00042760505
1.144688e-05
0.00042766763
1.1470906e-05
0.00042772507
1.1404687e-05
0.00042777537
1.125013e-05
0.00042781757
1.102238e-05
0.00042785172
1.0742305e-05
0.00042787849
1.0429712e-05
0.00042789871
1.0099666e-05
0.00042791343
9.7646128e-06
0.00042792376
9.4336673e-06
0.00042793036
9.1096624e-06
0.00042793391
8.7958981e-06
0.00042793502
8.495284e-06
0.00042793422
8.2093912e-06
0.00042793191
7.9383446e-06
0.00042792844
7.681898e-06
0.00042792406
7.4396388e-06
0.000427919
7.2110049e-06
0.00042791344
6.9953331e-06
0.00042790751
6.7918777e-06
0.00042790134
6.5998343e-06
0.000427895
6.4184561e-06
0.00042788859
6.2471402e-06
0.00042788215
6.0852699e-06
0.00042787575
5.9320637e-06
0.00042786941
5.7868221e-06
0.00042786316
5.6491034e-06
0.00042785704
5.5183987e-06
0.00042785105
5.3941197e-06
0.00042784521
5.2758722e-06
0.00042783952
5.1632416e-06
0.00042783401
5.0558064e-06
0.00042782867
4.9532526e-06
0.0004278235
4.8552327e-06
0.00042781851
4.7614603e-06
0.00042781369
4.6716486e-06
0.00042780906
4.5855269e-06
0.0004278046
4.5028718e-06
0.00042780031
4.4234681e-06
0.00042779619
4.3471181e-06
0.00042779224
4.2736294e-06
0.00042778845
4.2028324e-06
0.00042778483
4.1345582e-06
0.00042778136
4.0686574e-06
0.00042777804
4.0049945e-06
0.00042777487
3.9434612e-06
0.00042777185
3.883944e-06
0.00042776897
3.8263146e-06
0.00042776623
3.7704614e-06
0.00042776362
3.7163195e-06
0.00042776114
3.663812e-06
0.00042775879
3.6128598e-06
0.00042775656
3.5633781e-06
0.00042775445
3.5153074e-06
0.00042775246
3.4685937e-06
0.00042775057
3.4231879e-06
0.0004277488
3.3790421e-06
0.00042774713
3.3361052e-06
0.00042774556
3.2943448e-06
0.0004277441
3.2537195e-06
0.00042774273
3.214196e-06
0.00042774145
3.1757353e-06
0.00042774027
3.1382937e-06
0.00042773917
3.1018437e-06
0.00042773816
3.0663494e-06
0.00042773724
3.0317898e-06
0.00042773639
2.9981398e-06
0.00042773563
2.9653649e-06
0.00042773494
2.9334477e-06
0.00042773432
2.9023688e-06
0.00042773379
2.8716359e-06
0.00042773318
2.8464062e-06
0.00042773289
2.8082748e-06
0.0004277325
2.7840788e-06
0.00042773228
2.7614635e-06
0.00042773209
2.7296927e-06
0.0004277318
2.7079601e-06
0.00042773166
2.680671e-06
0.00042773155
2.6558704e-06
0.00042773146
2.6318147e-06
0.00042773141
2.60835e-06
0.00042773137
2.5857855e-06
0.00042773132
2.5637461e-06
0.00042773129
2.5440691e-06
0.00042773106
2.5215587e-06
0.0004277312
2.5227738e-06
0.00042772938
2.4050363e-06
0.0004277333
2.9203065e-06
2.0940138e-06
0.00043868179
7.7940566e-06
-0.00043858109
0.00043880691
8.697886e-06
0.0004389285
9.3395642e-06
0.00043903441
9.7455596e-06
0.00043912831
1.0047202e-05
0.00043921349
1.0311796e-05
0.00043929062
1.0543284e-05
0.00043936179
1.0748234e-05
0.00043943006
1.0941699e-05
0.00043949752
1.1124192e-05
0.00043956485
1.1278593e-05
0.00043963133
1.1380399e-05
0.00043969507
1.1407167e-05
0.00043975365
1.1346105e-05
0.00043980508
1.1198695e-05
0.0004398484
1.0979065e-05
0.0004398836
1.0707107e-05
0.00043991132
1.0401994e-05
0.00043993238
1.0078604e-05
0.00043994782
9.7491672e-06
0.00043995875
9.4227448e-06
0.00043996584
9.1025719e-06
0.00043996977
8.7919624e-06
0.00043997119
8.4938714e-06
0.00043997061
8.2099648e-06
0.00043996847
7.9404846e-06
0.00043996511
7.6852646e-06
0.00043996079
7.4439542e-06
0.00043995575
7.2160421e-06
0.00043995018
7.0009066e-06
0.00043994422
6.797838e-06
0.00043993799
6.6060643e-06
0.00043993158
6.4248626e-06
0.00043992508
6.253642e-06
0.00043991855
6.0917979e-06
0.00043991205
5.9385699e-06
0.0004399056
5.7932724e-06
0.00043989924
5.6554636e-06
0.00043989299
5.5246417e-06
0.00043988688
5.4002296e-06
0.00043988092
5.2818332e-06
0.00043987512
5.1690422e-06
0.00043986949
5.06144e-06
0.00043986403
4.9587125e-06
0.00043985874
4.8605158e-06
0.00043985364
4.766564e-06
0.00043984872
4.6765724e-06
0.00043984397
4.5902716e-06
0.00043983941
4.5074385e-06
0.00043983502
4.4278587e-06
0.0004398308
4.3513349e-06
0.00043982675
4.2776754e-06
0.00043982287
4.2067106e-06
0.00043981916
4.1382724e-06
0.00043981561
4.0722114e-06
0.00043981221
4.0083922e-06
0.00043980896
3.9467063e-06
0.00043980587
3.88704e-06
0.00043980292
3.8292657e-06
0.00043980011
3.7732721e-06
0.00043979743
3.7189935e-06
0.00043979489
3.6663528e-06
0.00043979248
3.6152711e-06
0.00043979019
3.5656639e-06
0.00043978803
3.5174713e-06
0.00043978598
3.4706392e-06
0.00043978405
3.4251185e-06
0.00043978223
3.380861e-06
0.00043978052
3.3378158e-06
0.00043977892
3.2959503e-06
0.00043977742
3.2552226e-06
0.00043977601
3.2155998e-06
0.0004397747
3.1770424e-06
0.00043977349
3.139507e-06
0.00043977237
3.1029659e-06
0.00043977134
3.0673833e-06
0.00043977039
3.0327381e-06
0.00043976952
2.999005e-06
0.00043976874
2.9661496e-06
0.00043976803
2.9341538e-06
0.0004397674
2.9029994e-06
0.00043976686
2.8721729e-06
0.00043976624
2.847032e-06
0.00043976592
2.8085894e-06
0.00043976551
2.7844903e-06
0.00043976531
2.7616693e-06
0.00043976512
2.7298773e-06
0.00043976482
2.7082626e-06
0.00043976469
2.6808045e-06
0.00043976457
2.6559856e-06
0.00043976449
2.6318965e-06
0.00043976443
2.6084038e-06
0.0004397644
2.5858217e-06
0.00043976435
2.5637895e-06
0.00043976432
2.5441037e-06
0.00043976409
2.5217903e-06
0.00043976424
2.5226273e-06
0.00043976239
2.4068853e-06
0.00043976639
2.9163053e-06
2.1007451e-06
0.00045103525
7.6948407e-06
-0.00045093603
0.00045115807
8.5750651e-06
0.00045127936
9.2182713e-06
0.00045138627
9.6386525e-06
0.00045148148
9.951992e-06
0.00045156825
1.0225032e-05
0.00045164724
1.0464291e-05
0.00045172029
1.0675186e-05
0.00045179029
1.0871697e-05
0.00045185933
1.1055155e-05
0.00045192806
1.1209859e-05
0.0004519958
1.1312654e-05
0.00045206072
1.1342248e-05
0.00045212046
1.1286367e-05
0.00045217305
1.1146105e-05
0.0004522175
1.0934619e-05
0.00045225377
1.0670837e-05
0.00045228246
1.0373299e-05
0.0004523044
1.005667e-05
0.00045232059
9.7329701e-06
0.00045233214
9.4112018e-06
0.00045233974
9.0949674e-06
0.00045234409
8.7876126e-06
0.00045234583
8.4921351e-06
0.0004523455
8.2102938e-06
0.00045234353
7.9424474e-06
0.00045234029
7.6885109e-06
0.00045233605
7.4481973e-06
0.00045233104
7.221047e-06
0.00045232547
7.006481e-06
0.00045231948
6.8038265e-06
0.0004523132
6.6123447e-06
0.00045230672
6.4313373e-06
0.00045230014
6.2602263e-06
0.00045229352
6.0984198e-06
0.00045228691
5.9451788e-06
0.00045228035
5.7998318e-06
0.00045227387
5.6619377e-06
0.00045226751
5.5310019e-06
0.00045226128
5.4064587e-06
0.0004522552
5.2879144e-06
0.00045224928
5.1749631e-06
0.00045224353
5.0671932e-06
0.00045223795
4.9642908e-06
0.00045223255
4.8659155e-06
0.00045222733
4.7717823e-06
0.0004522223
4.6816082e-06
0.00045221744
4.5951257e-06
0.00045221277
4.5121118e-06
0.00045220828
4.4323528e-06
0.00045220396
4.355652e-06
0.00045219982
4.2818184e-06
0.00045219584
4.2106825e-06
0.00045219204
4.1420768e-06
0.0004521884
4.0758521e-06
0.00045218492
4.0118734e-06
0.00045218159
3.9500314e-06
0.00045217842
3.8902127e-06
0.0004521754
3.8322902e-06
0.00045217251
3.7761529e-06
0.00045216977
3.7217342e-06
0.00045216717
3.6689572e-06
0.0004521647
3.6177429e-06
0.00045216235
3.568007e-06
0.00045216014
3.5196895e-06
0.00045215804
3.4727362e-06
0.00045215606
3.4270977e-06
0.00045215419
3.3827257e-06
0.00045215244
3.3395695e-06
0.0004521508
3.297596e-06
0.00045214925
3.2567635e-06
0.00045214782
3.2170386e-06
0.00045214648
3.178382e-06
0.00045214523
3.1407504e-06
0.00045214408
3.1041158e-06
0.00045214302
3.0684426e-06
0.00045214205
3.0337095e-06
0.00045214117
2.9998911e-06
0.00045214036
2.9669531e-06
0.00045213964
2.9348766e-06
0.000452139
2.9036438e-06
0.00045213845
2.8727203e-06
0.00045213782
2.8476637e-06
0.00045213747
2.8089379e-06
0.00045213704
2.7849191e-06
0.00045213685
2.7618582e-06
0.00045213666
2.7300653e-06
0.00045213635
2.7085712e-06
0.00045213622
2.680938e-06
0.00045213611
2.6561005e-06
0.00045213603
2.6319771e-06
0.00045213597
2.6084561e-06
0.00045213594
2.5858562e-06
0.0004521359
2.5638276e-06
0.00045213587
2.5441365e-06
0.00045213563
2.5220271e-06
0.00045213578
2.5224754e-06
0.0004521339
2.408767e-06
0.00045213799
2.9122171e-06
2.1076155e-06
0.0004637366
7.59708e-06
-0.00046363884
0.0004638572
8.454466e-06
0.00046397805
9.0974202e-06
0.00046408586
9.5308432e-06
0.00046418236
9.8554921e-06
0.00046427067
1.0136717e-05
0.0004643515
1.0383462e-05
0.00046442642
1.0600263e-05
0.00046449817
1.0799947e-05
0.0004645688
1.0984529e-05
0.00046463896
1.11397e-05
0.00046470799
1.1243629e-05
0.0004647741
1.1276134e-05
0.00046483501
1.1225458e-05
0.00046488877
1.1092344e-05
0.00046493437
1.088902e-05
0.00046497173
1.063347e-05
0.00046500143
1.0343599e-05
0.00046502427
1.0033835e-05
0.00046504125
9.7159925e-06
0.00046505344
9.3990099e-06
0.00046506158
9.0868233e-06
0.00046506637
8.7828249e-06
0.00046506845
8.4900542e-06
0.00046506839
8.2103597e-06
0.00046506662
7.9442168e-06
0.0004650635
7.6916232e-06
0.00046505934
7.4523563e-06
0.00046505438
7.2260097e-06
0.00046504881
7.0120481e-06
0.0004650428
6.8098365e-06
0.00046503648
6.6186702e-06
0.00046502994
6.437876e-06
0.00046502328
6.2668899e-06
0.00046501656
6.1051334e-06
0.00046500985
5.9518888e-06
0.00046500319
5.8064995e-06
0.0004649966
5.6685252e-06
0.00046499012
5.5374794e-06
0.00046498377
5.4128075e-06
0.00046497757
5.2941165e-06
0.00046497153
5.1810053e-06
0.00046496565
5.0730672e-06
0.00046495996
4.9699888e-06
0.00046495444
4.8714335e-06
0.0004649491
4.7771168e-06
0.00046494395
4.6867579e-06
0.00046493899
4.600091e-06
0.00046493421
4.5168933e-06
0.00046492961
4.4369521e-06
0.00046492519
4.3600711e-06
0.00046492095
4.2860601e-06
0.00046491688
4.2147497e-06
0.00046491298
4.1459732e-06
0.00046490925
4.0795815e-06
0.00046490569
4.0154397e-06
0.00046490228
3.9534383e-06
0.00046489903
3.8934637e-06
0.00046489593
3.8353896e-06
0.00046489298
3.7791053e-06
0.00046489017
3.7245433e-06
0.0004648875
3.6716268e-06
0.00046488497
3.6202766e-06
0.00046488256
3.5704089e-06
0.00046488029
3.5219635e-06
0.00046487814
3.4748859e-06
0.00046487611
3.4291266e-06
0.0004648742
3.3846373e-06
0.0004648724
3.3413672e-06
0.00046487071
3.2992829e-06
0.00046486914
3.2583429e-06
0.00046486766
3.2185133e-06
0.00046486629
3.179755e-06
0.00046486501
3.1420246e-06
0.00046486383
3.1052941e-06
0.00046486275
3.0695279e-06
0.00046486175
3.0347045e-06
0.00046486085
3.0007986e-06
0.00046486002
2.9677757e-06
0.00046485928
2.9356165e-06
0.00046485863
2.9043025e-06
0.00046485807
2.8732786e-06
0.00046485743
2.8483032e-06
0.00046485704
2.8093219e-06
0.00046485661
2.785354e-06
0.00046485645
2.7620219e-06
0.00046485624
2.7302733e-06
0.00046485592
2.7088886e-06
0.00046485579
2.6810701e-06
0.00046485567
2.6562153e-06
0.00046485559
2.6320567e-06
0.00046485554
2.6085069e-06
0.00046485551
2.5858886e-06
0.00046485548
2.5638592e-06
0.00046485545
2.544167e-06
0.0004648552
2.5222733e-06
0.00046485536
2.5223185e-06
0.00046485345
2.4106751e-06
0.00046485762
2.9080435e-06
2.1146237e-06
0.0004767956
7.5007496e-06
-0.00047669927
0.00047691411
8.3359623e-06
0.00047703433
8.9771998e-06
0.00047714296
9.4222095e-06
0.00047724071
9.7577402e-06
0.00047733054
1.0046886e-05
0.00047741318
1.0300825e-05
0.00047748998
1.0523465e-05
0.00047756349
1.0726438e-05
0.00047763572
1.0912301e-05
0.00047770732
1.10681e-05
0.00047777764
1.1173307e-05
0.00047784496
1.1208811e-05
0.00047790706
1.1163363e-05
0.00047796201
1.1037395e-05
0.00047800878
1.0842248e-05
0.00047804727
1.0594983e-05
0.000478078
1.0312866e-05
0.00047810176
1.001007e-05
0.00047811955
9.6982051e-06
0.00047813242
9.3861401e-06
0.00047814113
9.0781128e-06
0.00047814638
8.7775749e-06
0.00047814883
8.4876062e-06
0.00047814905
8.2101429e-06
0.00047814749
7.9457758e-06
0.00047814452
7.6945867e-06
0.00047814046
7.4564188e-06
0.00047813555
7.2309197e-06
0.00047813
7.0175992e-06
0.00047812398
6.8158609e-06
0.00047811761
6.6250349e-06
0.00047811101
6.4444741e-06
0.00047810427
6.2736292e-06
0.00047809747
6.1119359e-06
0.00047809066
5.958698e-06
0.00047808389
5.813274e-06
0.00047807719
5.6752257e-06
0.00047807059
5.544074e-06
0.00047806412
5.419276e-06
0.0004780578
5.3004401e-06
0.00047805164
5.1871695e-06
0.00047804564
5.0790631e-06
0.00047803982
4.9758079e-06
0.00047803418
4.877071e-06
0.00047802873
4.782569e-06
0.00047802347
4.692023e-06
0.00047801839
4.6051691e-06
0.0004780135
4.5217848e-06
0.00047800879
4.4416584e-06
0.00047800427
4.3645941e-06
0.00047799992
4.2904023e-06
0.00047799576
4.2189142e-06
0.00047799177
4.1499633e-06
0.00047798795
4.0834012e-06
0.0004779843
4.019093e-06
0.00047798081
3.9569286e-06
0.00047797748
3.8967947e-06
0.0004779743
3.8385656e-06
0.00047797127
3.7821309e-06
0.0004779684
3.7274223e-06
0.00047796566
3.6743628e-06
0.00047796306
3.6228735e-06
0.0004779606
3.5728709e-06
0.00047795827
3.5242944e-06
0.00047795607
3.4770894e-06
0.00047795399
3.4312063e-06
0.00047795203
3.3865968e-06
0.00047795018
3.34321e-06
0.00047794845
3.3010121e-06
0.00047794684
3.2599617e-06
0.00047794532
3.2200248e-06
0.00047794392
3.1811621e-06
0.00047794261
3.1433304e-06
0.0004779414
3.1065014e-06
0.00047794029
3.0706398e-06
0.00047793927
3.0357237e-06
0.00047793834
3.001728e-06
0.0004779375
2.9686179e-06
0.00047793674
2.9363742e-06
0.00047793607
2.904976e-06
0.0004779355
2.8738493e-06
0.00047793486
2.8489478e-06
0.00047793444
2.8097408e-06
0.000477934
2.7857934e-06
0.00047793385
2.7621664e-06
0.00047793362
2.7305028e-06
0.0004779333
2.7092105e-06
0.00047793317
2.6812015e-06
0.00047793305
2.6563306e-06
0.00047793298
2.6321353e-06
0.00047793293
2.6085562e-06
0.0004779329
2.5859192e-06
0.00047793287
2.5638849e-06
0.00047793284
2.5441946e-06
0.00047793259
2.5225212e-06
0.00047793276
2.5221575e-06
0.00047793081
2.4126167e-06
0.00047793507
2.9037869e-06
2.1217676e-06
0.00049022236
7.4058127e-06
-0.00049012742
0.00049033884
8.2194795e-06
0.00049045831
8.8577303e-06
0.00049056767
9.3128513e-06
0.00049066664
9.6587735e-06
0.00049075795
9.9555765e-06
0.00049084236
1.0216412e-05
0.00049092103
1.0444797e-05
0.00049099631
1.0651161e-05
0.00049107015
1.0838459e-05
0.0004911432
1.0995046e-05
0.00049121483
1.1101674e-05
0.00049128338
1.1140264e-05
0.00049134668
1.1100068e-05
0.00049140283
1.0981241e-05
0.0004914508
1.0794282e-05
0.00049149043
1.055535e-05
0.00049152222
1.0281073e-05
0.00049154695
9.9853456e-06
0.00049156557
9.6795777e-06
0.00049157915
9.3725624e-06
0.00049158846
9.0688083e-06
0.00049159419
8.7718369e-06
0.00049159703
8.4847681e-06
0.00049159755
8.2096228e-06
0.00049159622
7.9471064e-06
0.00049159342
7.6973859e-06
0.00049158947
7.4603713e-06
0.00049158462
7.2357658e-06
0.0004915791
7.0231248e-06
0.00049157307
6.821892e-06
0.00049156667
6.6314325e-06
0.00049156002
6.4511265e-06
0.00049155321
6.2804403e-06
0.00049154632
6.1188244e-06
0.00049153941
5.9656043e-06
0.00049153253
5.8201541e-06
0.00049152572
5.6820381e-06
0.00049151901
5.5507854e-06
0.00049151242
5.4258644e-06
0.00049150597
5.3068855e-06
0.00049149969
5.1934566e-06
0.00049149357
5.0851819e-06
0.00049148763
4.9817492e-06
0.00049148187
4.8828295e-06
0.0004914763
4.7881403e-06
0.00049147092
4.6974052e-06
0.00049146572
4.6103617e-06
0.00049146072
4.5267881e-06
0.0004914559
4.4464735e-06
0.00049145128
4.3692227e-06
0.00049144683
4.294847e-06
0.00049144257
4.2231776e-06
0.00049143848
4.1540491e-06
0.00049143457
4.087313e-06
0.00049143083
4.0228348e-06
0.00049142725
3.960504e-06
0.00049142384
3.9002073e-06
0.00049142059
3.8418198e-06
0.00049141749
3.7852312e-06
0.00049141454
3.7303725e-06
0.00049141173
3.6771669e-06
0.00049140907
3.6255352e-06
0.00049140655
3.5753944e-06
0.00049140416
3.5266835e-06
0.0004914019
3.4793481e-06
0.00049139977
3.4333382e-06
0.00049139776
3.3886053e-06
0.00049139587
3.3450988e-06
0.0004913941
3.3027846e-06
0.00049139244
3.261621e-06
0.00049139089
3.221574e-06
0.00049138945
3.1826042e-06
0.00049138811
3.1446686e-06
0.00049138687
3.1077385e-06
0.00049138573
3.0717789e-06
0.00049138469
3.0367678e-06
0.00049138374
3.0026799e-06
0.00049138287
2.9694803e-06
0.0004913821
2.93715e-06
0.00049138141
2.9056647e-06
0.00049138082
2.8744351e-06
0.00049138018
2.8495925e-06
0.00049137972
2.8101942e-06
0.00049137928
2.7862337e-06
0.00049137915
2.7622995e-06
0.00049137891
2.7307489e-06
0.00049137858
2.7095367e-06
0.00049137845
2.681334e-06
0.00049137833
2.6564465e-06
0.00049137825
2.6322134e-06
0.0004913782
2.6086044e-06
0.00049137818
2.5859484e-06
0.00049137815
2.5639096e-06
0.00049137812
2.5442245e-06
0.00049137787
2.5227709e-06
0.00049137805
2.521976e-06
0.00049137609
2.4145832e-06
0.00049138042
2.899458e-06
2.1290476e-06
0.00050402722
7.3122338e-06
-0.00050393364
0.00050414175
8.1049488e-06
0.00050426038
8.7391011e-06
0.00050437035
9.2028818e-06
0.00050447049
9.5586359e-06
0.00050456324
9.862826e-06
0.00050464939
1.0130259e-05
0.00050472991
1.0364272e-05
0.00050480696
1.0574111e-05
0.00050488243
1.0762995e-05
0.00050495695
1.0920527e-05
0.00050502991
1.1028715e-05
0.00050509969
1.1070478e-05
0.0005051642
1.1035557e-05
0.00050522158
1.0923865e-05
0.00050527076
1.0745103e-05
0.00050531156
1.0514547e-05
0.00050534444
1.024819e-05
0.00050537016
9.9596324e-06
0.00050538965
9.6600797e-06
0.00050540397
9.3582462e-06
0.0005054139
9.0588815e-06
0.00050542015
8.7655847e-06
0.0005054234
8.4815158e-06
0.00050542425
8.208778e-06
0.00050542316
7.9481897e-06
0.00050542055
7.7000044e-06
0.00050541672
7.4642e-06
0.00050541195
7.240536e-06
0.00050540646
7.0286149e-06
0.00050540043
6.8279212e-06
0.000505394
6.6378562e-06
0.0005053873
6.4578276e-06
0.00050538042
6.2873187e-06
0.00050537345
6.1257954e-06
0.00050536645
5.972605e-06
0.00050535947
5.8271378e-06
0.00050535254
5.6889613e-06
0.00050534572
5.5576128e-06
0.00050533901
5.4325726e-06
0.00050533244
5.313453e-06
0.00050532603
5.1998671e-06
0.00050531979
5.0914244e-06
0.00050531372
4.9878138e-06
0.00050530784
4.8887101e-06
0.00050530215
4.7938323e-06
0.00050529665
4.7029059e-06
0.00050529134
4.6156705e-06
0.00050528623
4.5319049e-06
0.0005052813
4.4513992e-06
0.00050527656
4.3739587e-06
0.00050527201
4.2993958e-06
0.00050526765
4.2275419e-06
0.00050526347
4.1582323e-06
0.00050525946
4.0913187e-06
0.00050525563
4.026667e-06
0.00050525197
3.9641662e-06
0.00050524847
3.9037033e-06
0.00050524514
3.8451538e-06
0.00050524196
3.7884078e-06
0.00050523894
3.7333957e-06
0.00050523606
3.6800404e-06
0.00050523334
3.628263e-06
0.00050523075
3.5779806e-06
0.0005052283
3.5291323e-06
0.00050522599
3.4816631e-06
0.0005052238
3.4355233e-06
0.00050522174
3.390664e-06
0.00050521981
3.3470349e-06
0.00050521799
3.3046013e-06
0.00050521629
3.2633216e-06
0.0005052147
3.2231617e-06
0.00050521322
3.184082e-06
0.00050521185
3.1460398e-06
0.00050521058
3.1090061e-06
0.00050520942
3.072946e-06
0.00050520835
3.0378373e-06
0.00050520737
3.0036547e-06
0.00050520649
2.9703633e-06
0.0005052057
2.9379444e-06
0.00050520499
2.9063692e-06
0.00050520439
2.8750384e-06
0.00050520375
2.8502344e-06
0.00050520326
2.810678e-06
0.00050520282
2.7866769e-06
0.00050520269
2.7624314e-06
0.00050520243
2.7310067e-06
0.0005052021
2.7098632e-06
0.00050520197
2.6814682e-06
0.00050520185
2.656563e-06
0.00050520177
2.632291e-06
0.00050520173
2.6086515e-06
0.0005052017
2.5859763e-06
0.00050520168
2.5639336e-06
0.00050520164
2.5442561e-06
0.00050520139
2.523022e-06
0.0005052016
2.5217708e-06
0.0005051996
2.4165778e-06
0.000505204
2.8950639e-06
2.1364592e-06
0.0005182208
7.2199775e-06
-0.00051812854
0.00051833345
7.9923031e-06
0.00051845116
8.6213868e-06
0.00051856162
9.0924185e-06
0.00051866288
9.457378e-06
0.00051875703
9.7686736e-06
0.00051884489
1.0042407e-05
0.00051892725
1.0281905e-05
0.00051900608
1.0495286e-05
0.00051908317
1.0685902e-05
0.00051915917
1.0844532e-05
0.00051923346
1.0954418e-05
0.0005193045
1.0999439e-05
0.00051937024
1.0969817e-05
0.00051942885
1.0865253e-05
0.00051947927
1.069469e-05
0.00051952127
1.047255e-05
0.00051955527
1.0214191e-05
0.000519582
9.9328998e-06
0.0005196024
9.6396801e-06
0.00051961748
9.3431602e-06
0.00051962806
9.0483028e-06
0.00051963486
8.7587906e-06
0.00051963855
8.4778242e-06
0.00051963974
8.2075859e-06
0.00051963892
7.9490058e-06
0.0005196365
7.7024249e-06
0.00051963281
7.4678898e-06
0.00051962813
7.2452175e-06
0.00051962269
7.0340588e-06
0.00051961667
6.8339398e-06
0.00051961023
6.6442985e-06
0.00051960348
6.4645715e-06
0.00051959654
6.2942597e-06
0.00051958949
6.1328451e-06
0.0005195824
5.9796974e-06
0.00051957531
5.8342231e-06
0.00051956828
5.6959939e-06
0.00051956134
5.5645555e-06
0.00051955451
5.4394002e-06
0.00051954782
5.3201428e-06
0.00051954129
5.2064014e-06
0.00051953492
5.0977913e-06
0.00051952873
4.9940027e-06
0.00051952273
4.8947142e-06
0.00051951691
4.7996463e-06
0.00051951129
4.7085267e-06
0.00051950587
4.621097e-06
0.00051950063
4.5371368e-06
0.0005194956
4.4564371e-06
0.00051949075
4.3788039e-06
0.0005194861
4.3040505e-06
0.00051948163
4.2320088e-06
0.00051947735
4.1625146e-06
0.00051947325
4.0954201e-06
0.00051946932
4.0305913e-06
0.00051946557
3.967917e-06
0.00051946199
3.9072842e-06
0.00051945858
3.8485692e-06
0.00051945532
3.7916623e-06
0.00051945222
3.7364932e-06
0.00051944928
3.6829849e-06
0.00051944648
3.6310583e-06
0.00051944383
3.5806311e-06
0.00051944132
3.5316419e-06
0.00051943895
3.4840358e-06
0.00051943671
3.4377628e-06
0.0005194346
3.3927741e-06
0.00051943262
3.3490192e-06
0.00051943075
3.3064632e-06
0.00051942901
3.2650646e-06
0.00051942738
3.2247889e-06
0.00051942587
3.1855966e-06
0.00051942446
3.1474449e-06
0.00051942317
3.1103049e-06
0.00051942197
3.0741417e-06
0.00051942087
3.0389329e-06
0.00051941988
3.0046531e-06
0.00051941897
2.9712674e-06
0.00051941816
2.9387577e-06
0.00051941744
2.90709e-06
0.00051941682
2.8756611e-06
0.00051941617
2.8508769e-06
0.00051941566
2.8111933e-06
0.00051941522
2.787115e-06
0.00051941508
2.7625665e-06
0.00051941482
2.7312756e-06
0.00051941449
2.7101876e-06
0.00051941435
2.6816046e-06
0.00051941424
2.6566798e-06
0.00051941416
2.632368e-06
0.00051941412
2.6086974e-06
0.00051941409
2.5860027e-06
0.00051941407
2.5639569e-06
0.00051941403
2.5442893e-06
0.00051941378
2.5232747e-06
0.00051941401
2.5215439e-06
0.00051941199
2.4185984e-06
0.00051941644
2.8906057e-06
2.1440004e-06
0.00053281406
7.129007e-06
-0.00053272309
0.00053292489
7.8814785e-06
0.00053304163
8.5046492e-06
0.00053315247
8.9815776e-06
0.00053325479
9.3550582e-06
0.0005333503
9.6731602e-06
0.00053343981
9.9528955e-06
0.000533524
1.0197718e-05
0.0005336046
1.0414688e-05
0.00053368333
1.0607174e-05
0.0005337608
1.0767052e-05
0.00053383645
1.087877e-05
0.00053390876
1.0927134e-05
0.00053397574
1.0902834e-05
0.00053403561
1.0805387e-05
0.00053408727
1.0643023e-05
0.00053413049
1.0429334e-05
0.00053416563
1.0179045e-05
0.00053419342
9.9051177e-06
0.00053421475
9.618347e-06
0.00053423064
9.3272723e-06
0.0005342419
9.0370422e-06
0.00053424926
8.7514265e-06
0.00053425342
8.4736672e-06
0.00053425498
8.2060231e-06
0.00053425445
7.949534e-06
0.00053425225
7.7046291e-06
0.00053424871
7.4714249e-06
0.00053424414
7.2497968e-06
0.00053423875
7.0394449e-06
0.00053423275
6.8399378e-06
0.0005342263
6.6507514e-06
0.00053421952
6.4713515e-06
0.00053421252
6.3012578e-06
0.0005342054
6.1399693e-06
0.00053419822
5.9868781e-06
0.00053419103
5.8414075e-06
0.00053418389
5.7031341e-06
0.00053417683
5.5716125e-06
0.00053416989
5.4463466e-06
0.00053416308
5.3269546e-06
0.00053415642
5.2130598e-06
0.00053414993
5.1042833e-06
0.00053414361
5.0003167e-06
0.00053413748
4.9008428e-06
0.00053413155
4.8055834e-06
0.0005341258
4.7142689e-06
0.00053412026
4.6266427e-06
0.00053411491
4.5424854e-06
0.00053410976
4.4615889e-06
0.0005341048
4.38376e-06
0.00053410004
4.308813e-06
0.00053409547
4.23658e-06
0.00053409108
4.1668978e-06
0.00053408689
4.0996189e-06
0.00053408287
4.0346095e-06
0.00053407903
3.9717581e-06
0.00053407536
3.9109519e-06
0.00053407186
3.8520677e-06
0.00053406853
3.7949964e-06
0.00053406535
3.7396668e-06
0.00053406234
3.6860019e-06
0.00053405947
3.6339226e-06
0.00053405675
3.5833471e-06
0.00053405418
3.5342137e-06
0.00053405175
3.4864675e-06
0.00053404946
3.440058e-06
0.00053404729
3.3949366e-06
0.00053404526
3.3510529e-06
0.00053404335
3.3083715e-06
0.00053404157
3.2668509e-06
0.0005340399
3.2264565e-06
0.00053403835
3.1871486e-06
0.00053403691
3.1488848e-06
0.00053403558
3.1116357e-06
0.00053403435
3.0753666e-06
0.00053403323
3.040055e-06
0.00053403221
3.0056757e-06
0.00053403128
2.9721932e-06
0.00053403045
2.9395904e-06
0.00053402971
2.9078283e-06
0.00053402906
2.8763076e-06
0.00053402845
2.8514901e-06
0.0005340279
2.811743e-06
0.00053402744
2.7875752e-06
0.00053402729
2.7627119e-06
0.00053402702
2.7315523e-06
0.0005340267
2.7105064e-06
0.00053402656
2.6817425e-06
0.00053402644
2.6567962e-06
0.00053402637
2.6324438e-06
0.00053402632
2.6087415e-06
0.0005340263
2.5860272e-06
0.00053402628
2.5639791e-06
0.00053402624
2.5443247e-06
0.00053402599
2.5235257e-06
0.00053402624
2.5212955e-06
0.00053402419
2.4206445e-06
0.00053402871
2.8860854e-06
2.1516682e-06
0.00054781826
7.0392854e-06
-0.00054772854
0.00054792732
7.7724145e-06
0.00054804303
8.3889382e-06
0.00054815414
8.8704721e-06
0.00054825745
9.2517415e-06
0.00054835429
9.576329e-06
0.00054844541
9.8617704e-06
0.00054853139
1.0111737e-05
0.00054861376
1.0332322e-05
0.00054869412
1.0526809e-05
0.00054877309
1.0688082e-05
0.0005488501
1.080176e-05
0.00054892369
1.085355e-05
0.00054899193
1.0834594e-05
0.00054905306
1.0744253e-05
0.000549106
1.0590084e-05
0.00054915046
1.0384876e-05
0.00054918678
1.0142726e-05
0.00054921564
9.8762555e-06
0.00054923794
9.5960486e-06
0.00054925466
9.3105497e-06
0.00054926663
9.0250683e-06
0.0005492746
8.743463e-06
0.00054927925
8.4690177e-06
0.00054928121
8.2040649e-06
0.00054928099
7.9497523e-06
0.00054927902
7.7065978e-06
0.00054927565
7.4747885e-06
0.00054927119
7.2542594e-06
0.00054926588
7.0447608e-06
0.00054925991
6.845905e-06
0.00054925345
6.6572062e-06
0.00054924665
6.4781605e-06
0.0005492396
6.3083073e-06
0.0005492324
6.1471634e-06
0.00054922514
5.9941435e-06
0.00054921786
5.8486884e-06
0.00054921061
5.7103801e-06
0.00054920344
5.5787823e-06
0.00054919638
5.4534111e-06
0.00054918944
5.3338882e-06
0.00054918266
5.2198425e-06
0.00054917604
5.1109007e-06
0.0005491696
5.0067566e-06
0.00054916335
4.9070967e-06
0.00054915729
4.8116449e-06
0.00054915142
4.7201338e-06
0.00054914575
4.6323092e-06
0.00054914029
4.5479523e-06
0.00054913502
4.4668562e-06
0.00054912995
4.3888287e-06
0.00054912508
4.3136848e-06
0.0005491204
4.2412573e-06
0.00054911592
4.1713837e-06
0.00054911162
4.1039168e-06
0.0005491075
4.0387232e-06
0.00054910357
3.9756912e-06
0.00054909982
3.9147079e-06
0.00054909623
3.855651e-06
0.00054909282
3.7984116e-06
0.00054908957
3.7429179e-06
0.00054908648
3.6890929e-06
0.00054908354
3.6368575e-06
0.00054908076
3.5861302e-06
0.00054907812
3.5368492e-06
0.00054907563
3.4889593e-06
0.00054907328
3.4424102e-06
0.00054907106
3.3971528e-06
0.00054906898
3.3531371e-06
0.00054906702
3.3103271e-06
0.00054906519
3.2686815e-06
0.00054906348
3.2281653e-06
0.00054906189
3.188739e-06
0.00054906042
3.1503601e-06
0.00054905905
3.1129991e-06
0.0005490578
3.0766215e-06
0.00054905665
3.0412045e-06
0.0005490556
3.0067229e-06
0.00054905465
2.9731411e-06
0.0005490538
2.9404428e-06
0.00054905304
2.9085847e-06
0.00054905237
2.876979e-06
0.00054905179
2.8520747e-06
0.00054905121
2.812321e-06
0.00054905072
2.7880618e-06
0.00054905057
2.7628676e-06
0.00054905029
2.7318349e-06
0.00054904997
2.7108217e-06
0.00054904983
2.6818825e-06
0.00054904971
2.6569125e-06
0.00054904964
2.6325185e-06
0.0005490496
2.6087837e-06
0.00054904957
2.5860496e-06
0.00054904955
2.5639999e-06
0.00054904952
2.5443631e-06
0.00054904926
2.5237767e-06
0.00054904953
2.5210257e-06
0.00054904747
2.4227111e-06
0.00054905205
2.8815067e-06
2.1594572e-06
0.00056324494
6.9507754e-06
-0.00056315643
0.0005633523
7.665053e-06
0.00056346695
8.2742934e-06
0.00056357821
8.759211e-06
0.00056368245
9.1474997e-06
0.00056378055
9.4782264e-06
0.00056387324
9.7690777e-06
0.00056396099
1.0023992e-05
0.00056404511
1.0248198e-05
0.00056412711
1.0444807e-05
0.00056420758
1.0607616e-05
0.00056428596
1.0723379e-05
0.00056436084
1.0778675e-05
0.00056443035
1.0765086e-05
0.00056449276
1.0681835e-05
0.00056454699
1.0535854e-05
0.00056459272
1.0339152e-05
0.00056463024
1.0105206e-05
0.00056466021
9.8462822e-06
0.00056468351
9.5727522e-06
0.0005647011
9.2929592e-06
0.00056471382
9.0123492e-06
0.00056472241
8.7348698e-06
0.00056472758
8.4638475e-06
0.00056472996
8.2016859e-06
0.00056473007
7.949638e-06
0.00056472836
7.7083108e-06
0.00056472519
7.4779629e-06
0.00056472086
7.25859e-06
0.00056471562
7.0499935e-06
0.0005647097
6.8518301e-06
0.00056470325
6.6636534e-06
0.00056469642
6.4849905e-06
0.00056468933
6.3154017e-06
0.00056468207
6.1544221e-06
0.00056467472
6.0014896e-06
0.00056466735
5.8560625e-06
0.00056466
5.7177294e-06
0.00056465272
5.5860633e-06
0.00056464554
5.4605926e-06
0.00056463848
5.3409431e-06
0.00056463157
5.2267492e-06
0.00056462483
5.1176439e-06
0.00056461826
5.0133229e-06
0.00056461188
4.913477e-06
0.0005646057
4.8178319e-06
0.00056459971
4.7261228e-06
0.00056459392
4.6380978e-06
0.00056458833
4.553539e-06
0.00056458295
4.4722407e-06
0.00056457777
4.3940116e-06
0.00056457278
4.3186678e-06
0.000564568
4.2460425e-06
0.00056456341
4.175974e-06
0.00056455901
4.1083156e-06
0.0005645548
4.0429343e-06
0.00056455077
3.979718e-06
0.00056454692
3.9185539e-06
0.00056454325
3.8593206e-06
0.00056453976
3.8019096e-06
0.00056453643
3.7462481e-06
0.00056453326
3.6922593e-06
0.00056453025
3.6398642e-06
0.0005645274
3.5889817e-06
0.0005645247
3.5395496e-06
0.00056452215
3.4915127e-06
0.00056451974
3.4448205e-06
0.00056451747
3.3994239e-06
0.00056451533
3.3552729e-06
0.00056451333
3.3123312e-06
0.00056451145
3.2705574e-06
0.0005645097
3.2299164e-06
0.00056450807
3.1903686e-06
0.00056450656
3.1518717e-06
0.00056450516
3.114396e-06
0.00056450388
3.077907e-06
0.0005645027
3.0423819e-06
0.00056450163
3.0077954e-06
0.00056450066
2.9741118e-06
0.00056449978
2.9413155e-06
0.00056449901
2.9093591e-06
0.00056449831
2.8776755e-06
0.00056449775
2.8526355e-06
0.00056449714
2.8129343e-06
0.00056449663
2.7885656e-06
0.00056449647
2.7630312e-06
0.00056449618
2.7321262e-06
0.00056449587
2.7111314e-06
0.00056449573
2.6820244e-06
0.00056449561
2.6570293e-06
0.00056449554
2.6325923e-06
0.0005644955
2.6088242e-06
0.00056449548
2.5860698e-06
0.00056449546
2.5640188e-06
0.00056449542
2.5444046e-06
0.00056449517
2.524027e-06
0.00056449545
2.52074e-06
0.00056449336
2.4247992e-06
0.000564498
2.8768714e-06
2.1673579e-06
0.00057910599
6.8634397e-06
-0.00057901866
0.00057921171
7.5593384e-06
0.00057932526
8.1607452e-06
0.00057943657
8.6478982e-06
0.00057954166
9.0424103e-06
0.00057964098
9.3789022e-06
0.0005797352
9.6748663e-06
0.00057982467
9.9345201e-06
0.00057991054
1.016233e-05
0.00057999417
1.036117e-05
0.00058007614
1.052565e-05
0.0005801559
1.0643619e-05
0.00058023207
1.0702498e-05
0.00058030286
1.0694296e-05
0.00058036658
1.0618121e-05
0.00058042212
1.0480314e-05
0.00058046913
1.0292139e-05
0.00058050788
1.0066456e-05
0.000580539
9.8151673e-06
0.00058056332
9.5484252e-06
0.00058058182
9.2744668e-06
0.00058059531
8.998852e-06
0.00058060457
8.7256158e-06
0.00058061029
8.4581275e-06
0.00058061311
8.1988592e-06
0.00058061358
7.9491669e-06
0.00058061215
7.7097468e-06
0.00058060918
7.4809296e-06
0.000580605
7.2627723e-06
0.00058059986
7.0551289e-06
0.00058059399
6.8577013e-06
0.00058058756
6.6700831e-06
0.00058058072
6.4918333e-06
0.00058057359
6.3225341e-06
0.00058056627
6.1617398e-06
0.00058055885
6.0089117e-06
0.00058055138
5.8635263e-06
0.00058054393
5.7251793e-06
0.00058053654
5.5934535e-06
0.00058052925
5.4678898e-06
0.00058052207
5.3481185e-06
0.00058051504
5.2337798e-06
0.00058050817
5.1245129e-06
0.00058050148
5.0200162e-06
0.00058049497
4.9199843e-06
0.00058048866
4.8241453e-06
0.00058048254
4.732237e-06
0.00058047663
4.6440098e-06
0.00058047092
4.5592469e-06
0.00058046542
4.4777439e-06
0.00058046012
4.3993104e-06
0.00058045503
4.3237636e-06
0.00058045013
4.2509372e-06
0.00058044544
4.1806704e-06
0.00058044093
4.1128171e-06
0.00058043662
4.0472445e-06
0.0005804325
3.9838402e-06
0.00058042856
3.9224918e-06
0.00058042481
3.8630784e-06
0.00058042122
3.805492e-06
0.00058041781
3.7496591e-06
0.00058041457
3.6955029e-06
0.00058041149
3.6429445e-06
0.00058040857
3.591903e-06
0.0005804058
3.5423163e-06
0.00058040319
3.4941289e-06
0.00058040072
3.4472902e-06
0.00058039839
3.401751e-06
0.0005803962
3.3574614e-06
0.00058039415
3.3143848e-06
0.00058039222
3.2724797e-06
0.00058039043
3.2317107e-06
0.00058038876
3.1920384e-06
0.00058038721
3.1534205e-06
0.00058038578
3.115827e-06
0.00058038446
3.0792238e-06
0.00058038326
3.0435878e-06
0.00058038216
3.0088937e-06
0.00058038116
2.9751058e-06
0.00058038027
2.9422089e-06
0.00058037948
2.9101521e-06
0.00058037876
2.8783978e-06
0.00058037822
2.8531725e-06
0.00058037757
2.8135794e-06
0.00058037705
2.789087e-06
0.00058037688
2.7632044e-06
0.00058037658
2.732427e-06
0.00058037627
2.7114379e-06
0.00058037613
2.6821676e-06
0.00058037601
2.6571464e-06
0.00058037594
2.6326651e-06
0.0005803759
2.6088628e-06
0.00058037588
2.5860877e-06
0.00058037587
2.5640359e-06
0.00058037582
2.5444477e-06
0.00058037558
2.5242744e-06
0.00058037587
2.5204468e-06
0.00058037375
2.4269129e-06
0.00058037844
2.8721828e-06
2.1753597e-06
0.00059541368
6.7772412e-06
-0.00059532748
0.0005955178
7.4552171e-06
0.00059563023
8.0483164e-06
0.00059574149
8.5366314e-06
0.00059584735
8.936555e-06
0.00059594784
9.2784102e-06
0.00059604352
9.5791872e-06
0.00059613468
9.8433602e-06
0.00059622227
1.0074737e-05
0.00059630754
1.0275903e-05
0.000596391
1.0442184e-05
0.00059647215
1.0562473e-05
0.00059654964
1.062501e-05
0.00059662172
1.0622212e-05
0.00059668675
1.0553095e-05
0.00059674361
1.0423448e-05
0.00059679194
1.0243815e-05
0.00059683194
1.0026449e-05
0.00059686423
9.7828797e-06
0.00059688962
9.5230342e-06
0.00059690905
9.255038e-06
0.00059692336
8.9845432e-06
0.00059693331
8.7156688e-06
0.00059693961
8.4518275e-06
0.00059694291
8.1955573e-06
0.00059694376
7.9483141e-06
0.00059694263
7.7108834e-06
0.00059693989
7.4836687e-06
0.00059693587
7.2667893e-06
0.00059693085
7.0601521e-06
0.00059692504
6.8635057e-06
0.00059691864
6.6764843e-06
0.00059691179
6.4986797e-06
0.00059690463
6.3296968e-06
0.00059689726
6.1691103e-06
0.00059688977
6.0164048e-06
0.00059688222
5.8710757e-06
0.00059687467
5.7327267e-06
0.00059686717
5.6009507e-06
0.00059685976
5.4753011e-06
0.00059685247
5.3554133e-06
0.00059684531
5.2409336e-06
0.00059683832
5.1315077e-06
0.0005968315
5.0268365e-06
0.00059682486
4.9266191e-06
0.00059681842
4.8305859e-06
0.00059681218
4.7384774e-06
0.00059680615
4.6500464e-06
0.00059680032
4.5650773e-06
0.00059679469
4.4833672e-06
0.00059678928
4.4047266e-06
0.00059678407
4.3289738e-06
0.00059677906
4.2559431e-06
0.00059677426
4.1854747e-06
0.00059676965
4.1174229e-06
0.00059676524
4.0516554e-06
0.00059676102
3.9880595e-06
0.00059675699
3.926523e-06
0.00059675314
3.8669258e-06
0.00059674947
3.8091603e-06
0.00059674598
3.7531523e-06
0.00059674266
3.698825e-06
0.0005967395
3.6460996e-06
0.00059673651
3.5948957e-06
0.00059673367
3.5451507e-06
0.00059673099
3.4968093e-06
0.00059672846
3.4498206e-06
0.00059672608
3.4041354e-06
0.00059672384
3.3597039e-06
0.00059672173
3.3164889e-06
0.00059671976
3.2744492e-06
0.00059671792
3.2335492e-06
0.00059671621
3.1937492e-06
0.00059671463
3.1550072e-06
0.00059671316
3.1172931e-06
0.00059671181
3.0805727e-06
0.00059671058
3.0448228e-06
0.00059670945
3.0100185e-06
0.00059670843
2.9761237e-06
0.00059670752
2.9431236e-06
0.00059670671
2.910964e-06
0.00059670596
2.8791458e-06
0.00059670544
2.8536918e-06
0.00059670478
2.814243e-06
0.00059670423
2.7896314e-06
0.00059670405
2.7633879e-06
0.00059670374
2.732738e-06
0.00059670343
2.7117429e-06
0.00059670329
2.6823123e-06
0.00059670317
2.657264e-06
0.0005967031
2.632737e-06
0.00059670306
2.6088997e-06
0.00059670305
2.5861035e-06
0.00059670303
2.5640511e-06
0.00059670299
2.5444901e-06
0.00059670274
2.5245224e-06
0.00059670303
2.5201545e-06
0.0005967009
2.4290453e-06
0.00059670564
2.8674428e-06
2.1834555e-06
0.00061218052
6.6921429e-06
-0.00061209542
0.0006122831
7.3526371e-06
0.00061239439
7.937023e-06
0.00061250552
8.4255021e-06
0.00061261206
8.830019e-06
0.00061271366
9.1768082e-06
0.00061281075
9.4820936e-06
0.00061290356
9.7505563e-06
0.00061299285
9.9854427e-06
0.00061307974
1.0189017e-05
0.0006131647
1.035722e-05
0.00061324724
1.0479938e-05
0.00061332604
1.0546201e-05
0.00061339943
1.0548826e-05
0.00061346578
1.0486745e-05
0.00061352399
1.0365238e-05
0.00061357365
1.0194157e-05
0.00061361494
9.9851579e-06
0.00061364843
9.7493886e-06
0.00061367492
9.4965461e-06
0.00061369532
9.2346379e-06
0.00061371047
8.9693882e-06
0.00061372115
8.7049957e-06
0.00061372806
8.4449164e-06
0.00061373186
8.1917512e-06
0.00061373312
7.9470534e-06
0.00061373231
7.7116972e-06
0.00061372982
7.4861595e-06
0.00061372599
7.2706226e-06
0.00061372109
7.0650475e-06
0.00061371537
6.8692298e-06
0.00061370901
6.6828455e-06
0.00061370217
6.5055199e-06
0.00061369498
6.3368818e-06
0.00061368756
6.1765268e-06
0.00061368001
6.0239635e-06
0.00061367238
5.8787065e-06
0.00061366473
5.7403682e-06
0.00061365713
5.6085522e-06
0.00061364961
5.4828245e-06
0.0006136422
5.3628263e-06
0.00061363492
5.24821e-06
0.0006136278
5.138628e-06
0.00061362085
5.0337841e-06
0.00061361409
4.933382e-06
0.00061360752
4.8371544e-06
0.00061360115
4.7448449e-06
0.00061359499
4.6562087e-06
0.00061358904
4.5710316e-06
0.00061358329
4.4891121e-06
0.00061357776
4.4102616e-06
0.00061357243
4.3342999e-06
0.00061356731
4.2610619e-06
0.0006135624
4.1903885e-06
0.00061355769
4.1221348e-06
0.00061355317
4.0561687e-06
0.00061354885
3.9923776e-06
0.00061354473
3.9306494e-06
0.00061354079
3.8708647e-06
0.00061353703
3.8129163e-06
0.00061353346
3.7567294e-06
0.00061353005
3.7022273e-06
0.00061352682
3.6493312e-06
0.00061352376
3.597961e-06
0.00061352085
3.5480542e-06
0.00061351811
3.4995552e-06
0.00061351551
3.452413e-06
0.00061351307
3.4065783e-06
0.00061351077
3.3620014e-06
0.00061350862
3.3186447e-06
0.0006135066
3.2764672e-06
0.00061350472
3.2354328e-06
0.00061350296
3.1955019e-06
0.00061350134
3.1566327e-06
0.00061349984
3.1187949e-06
0.00061349846
3.0819543e-06
0.00061349719
3.0460878e-06
0.00061349604
3.0111702e-06
0.000613495
2.9771659e-06
0.00061349406
2.9440601e-06
0.00061349323
2.911794e-06
0.00061349246
2.8799195e-06
0.00061349194
2.8542055e-06
0.00061349127
2.8149153e-06
0.00061349071
2.7901893e-06
0.00061349051
2.7635867e-06
0.00061349019
2.7330622e-06
0.00061348989
2.7120467e-06
0.00061348974
2.6824594e-06
0.00061348962
2.6573826e-06
0.00061348955
2.6328085e-06
0.00061348951
2.6089351e-06
0.0006134895
2.5861173e-06
0.00061348949
2.5640645e-06
0.00061348944
2.5445318e-06
0.0006134892
2.5247708e-06
0.00061348948
2.519865e-06
0.00061348734
2.4311935e-06
0.00061349212
2.8626548e-06
2.1916331e-06
0.00062941946
6.6081082e-06
-0.00062933543
0.00062952055
7.2515484e-06
0.0006296307
7.8268753e-06
0.0006297416
8.3145953e-06
0.00062984873
8.7228897e-06
0.00062995138
9.074158e-06
0.00063004984
9.3836414e-06
0.00063014424
9.6561559e-06
0.0006302352
9.894475e-06
0.0006303237
1.0100522e-05
0.00063041016
1.0270761e-05
0.00063049409
1.0396011e-05
0.00063057422
1.0466065e-05
0.00063064892
1.0474125e-05
0.00063071661
1.0419059e-05
0.00063077618
1.0305668e-05
0.00063082719
1.0143145e-05
0.00063086979
9.9425561e-06
0.00063090452
9.7146635e-06
0.00063093214
9.4689271e-06
0.00063095354
9.213231e-06
0.00063096958
8.9533519e-06
0.00063098101
8.6935626e-06
0.00063098857
8.4373619e-06
0.00063099291
8.1874111e-06
0.0006309946
7.9453576e-06
0.00063099414
7.7121637e-06
0.00063099192
7.4883802e-06
0.00063098829
7.274253e-06
0.00063098353
7.0697981e-06
0.00063097791
6.8748592e-06
0.0006309716
6.6891543e-06
0.00063096477
6.5123433e-06
0.00063095758
6.34408e-06
0.00063095012
6.1839817e-06
0.0006309425
6.0315815e-06
0.0006309348
5.8864135e-06
0.00063092706
5.7480998e-06
0.00063091936
5.6162549e-06
0.00063091173
5.4904578e-06
0.0006309042
5.3703558e-06
0.0006308968
5.2556078e-06
0.00063088955
5.1458731e-06
0.00063088248
5.0408588e-06
0.00063087559
4.940273e-06
0.00063086889
4.8438514e-06
0.0006308624
4.7513403e-06
0.00063085611
4.6624978e-06
0.00063085003
4.577111e-06
0.00063084416
4.4949798e-06
0.00063083851
4.4159171e-06
0.00063083306
4.3397435e-06
0.00063082783
4.266295e-06
0.0006308228
4.1954134e-06
0.00063081798
4.1269544e-06
0.00063081337
4.0607862e-06
0.00063080895
3.9967963e-06
0.00063080472
3.9348725e-06
0.00063080069
3.8748965e-06
0.00063079685
3.8167615e-06
0.00063079318
3.760392e-06
0.0006307897
3.7057113e-06
0.00063078639
3.6526407e-06
0.00063078325
3.6011006e-06
0.00063078028
3.5510282e-06
0.00063077747
3.5023679e-06
0.00063077481
3.4550686e-06
0.00063077231
3.4090809e-06
0.00063076995
3.3643551e-06
0.00063076774
3.3208534e-06
0.00063076568
3.2785345e-06
0.00063076375
3.2373624e-06
0.00063076195
3.1972974e-06
0.00063076029
3.1582979e-06
0.00063075875
3.1203332e-06
0.00063075733
3.0833695e-06
0.00063075604
3.0473832e-06
0.00063075486
3.0123494e-06
0.00063075379
2.9782329e-06
0.00063075283
2.9450188e-06
0.00063075198
2.9126435e-06
0.00063075119
2.8807155e-06
0.00063075067
2.8547229e-06
0.00063074999
2.8155913e-06
0.00063074943
2.790753e-06
0.00063074921
2.7638118e-06
0.00063074887
2.7333956e-06
0.00063074857
2.7123501e-06
0.00063074842
2.682609e-06
0.0006307483
2.6575019e-06
0.00063074823
2.6328792e-06
0.0006307482
2.608969e-06
0.00063074818
2.5861289e-06
0.00063074817
2.5640762e-06
0.00063074813
2.544573e-06
0.00063074788
2.5250187e-06
0.00063074817
2.5195792e-06
0.00063074601
2.4333527e-06
0.00063075084
2.8578284e-06
2.199889e-06
0.00064714378
6.5251012e-06
-0.00064706078
0.00064724343
7.1519021e-06
0.00064735243
7.7178785e-06
0.00064746303
8.2039892e-06
0.00064757067
8.615256e-06
0.0006476743
8.9705257e-06
0.00064777405
9.2838886e-06
0.00064787
9.5602102e-06
0.0006479626
9.8018667e-06
0.00064805269
1.0010435e-05
0.00064814064
1.0182813e-05
0.00064822596
1.031069e-05
0.00064830743
1.0384595e-05
0.00064838345
1.0398102e-05
0.00064845249
1.0350026e-05
0.00064851343
1.0244723e-05
0.00064856582
1.0090756e-05
0.00064860976
9.8986174e-06
0.00064864575
9.6786737e-06
0.00064867453
9.4401438e-06
0.00064869698
9.1907815e-06
0.00064871393
8.9363984e-06
0.00064872616
8.6813348e-06
0.00064873439
8.4291309e-06
0.0006487393
8.1825059e-06
0.00064874146
7.9431981e-06
0.00064874136
7.7122572e-06
0.00064873944
7.4903079e-06
0.00064873603
7.2776604e-06
0.00064873144
7.0743863e-06
0.00064872592
6.8803782e-06
0.00064871968
6.6953973e-06
0.00064871288
6.5191385e-06
0.00064870568
6.3512819e-06
0.0006486982
6.1914672e-06
0.00064869053
6.0392523e-06
0.00064868275
5.8941914e-06
0.00064867493
5.7559172e-06
0.00064866713
5.6240554e-06
0.00064865939
5.4981984e-06
0.00064865174
5.3779999e-06
0.00064864423
5.2631258e-06
0.00064863686
5.1532424e-06
0.00064862966
5.0480603e-06
0.00064862264
4.9472924e-06
0.00064861581
4.8506773e-06
0.00064860919
4.7579643e-06
0.00064860277
4.6689145e-06
0.00064859656
4.5833165e-06
0.00064859057
4.5009717e-06
0.0006485848
4.4216942e-06
0.00064857923
4.3453061e-06
0.00064857388
4.2716441e-06
0.00064856875
4.2005511e-06
0.00064856382
4.1318833e-06
0.00064855909
4.0655095e-06
0.00064855457
4.001317e-06
0.00064855025
3.9391941e-06
0.00064854613
3.8790231e-06
0.00064854219
3.8206975e-06
0.00064853844
3.7641416e-06
0.00064853487
3.7092785e-06
0.00064853148
3.6560296e-06
0.00064852827
3.6043158e-06
0.00064852522
3.5540742e-06
0.00064852234
3.5052489e-06
0.00064851962
3.4577888e-06
0.00064851706
3.4116445e-06
0.00064851465
3.3667661e-06
0.00064851238
3.3231159e-06
0.00064851027
3.2806523e-06
0.00064850829
3.2393392e-06
0.00064850645
3.1991368e-06
0.00064850474
3.1600036e-06
0.00064850317
3.1219088e-06
0.00064850172
3.0848188e-06
0.00064850039
3.0487097e-06
0.00064849919
3.0135569e-06
0.00064849809
2.9793252e-06
0.00064849711
2.9459997e-06
0.00064849624
2.9135126e-06
0.00064849543
2.8815296e-06
0.0006484949
2.8552561e-06
0.00064849421
2.81628e-06
0.00064849366
2.7912971e-06
0.0006484934
2.7640744e-06
0.00064849304
2.7337606e-06
0.00064849274
2.712644e-06
0.0006484926
2.6827531e-06
0.00064849248
2.6576205e-06
0.00064849241
2.6329479e-06
0.00064849238
2.609e-06
0.00064849237
2.5861375e-06
0.00064849236
2.5640852e-06
0.00064849232
2.5446127e-06
0.00064849207
2.5252655e-06
0.00064849236
2.5192974e-06
0.00064849019
2.435517e-06
0.00064849505
2.8529704e-06
2.2082256e-06
0.00066536715
6.4430861e-06
-0.00066528514
0.00066546541
7.053651e-06
0.00066557325
7.6100337e-06
0.00066568348
8.0937553e-06
0.00066579153
8.5072067e-06
0.00066589608
8.865981e-06
0.00066599707
9.182896e-06
0.00066609451
9.4627737e-06
0.00066618872
9.707655e-06
0.00066628038
9.918776e-06
0.00066636981
1.0093386e-05
0.00066645652
1.0223978e-05
0.00066653933
1.0301788e-05
0.00066661668
1.0320749e-05
0.00066668707
1.0279634e-05
0.0006667494
1.0182388e-05
0.00066680319
1.0036973e-05
0.00066684849
9.8533161e-06
0.00066688577
9.6413891e-06
0.00066691576
9.4101623e-06
0.00066693928
9.1672534e-06
0.00066695719
8.9184914e-06
0.00066697025
8.6682764e-06
0.00066697919
8.420189e-06
0.00066698469
8.1770035e-06
0.00066698735
7.9405455e-06
0.00066698765
7.7119509e-06
0.00066698604
7.4919186e-06
0.00066698288
7.2808232e-06
0.00066697847
7.0787933e-06
0.00066697308
6.8857707e-06
0.00066696692
6.7015604e-06
0.00066696016
6.5258935e-06
0.00066695297
6.3584772e-06
0.00066694546
6.1989745e-06
0.00066693774
6.0469685e-06
0.0006669299
5.9020341e-06
0.000666922
5.7638154e-06
0.00066691411
5.6319499e-06
0.00066690626
5.5060433e-06
0.00066689851
5.3857564e-06
0.00066689087
5.2707624e-06
0.00066688338
5.1607347e-06
0.00066687605
5.055388e-06
0.0006668689
4.9544399e-06
0.00066686195
4.8576322e-06
0.00066685519
4.7647174e-06
0.00066684865
4.6754596e-06
0.00066684232
4.589649e-06
0.0006668362
4.5070887e-06
0.0006668303
4.4275943e-06
0.00066682462
4.3509891e-06
0.00066681915
4.2771106e-06
0.0006668139
4.205803e-06
0.00066680886
4.136923e-06
0.00066680403
4.0703402e-06
0.0006667994
4.0059415e-06
0.00066679498
3.9436157e-06
0.00066679076
3.8832458e-06
0.00066678673
3.824726e-06
0.00066678289
3.7679798e-06
0.00066677924
3.7129304e-06
0.00066677577
3.6594995e-06
0.00066677248
3.6076082e-06
0.00066676936
3.5571934e-06
0.00066676641
3.5081994e-06
0.00066676362
3.4605748e-06
0.000666761
3.4142702e-06
0.00066675853
3.3692358e-06
0.00066675621
3.3254334e-06
0.00066675404
3.2828216e-06
0.00066675201
3.241364e-06
0.00066675013
3.2010207e-06
0.00066674838
3.1617506e-06
0.00066674677
3.1235225e-06
0.00066674529
3.086303e-06
0.00066674393
3.0500681e-06
0.00066674269
3.0147931e-06
0.00066674157
2.9804434e-06
0.00066674057
2.9470035e-06
0.00066673968
2.9144019e-06
0.00066673885
2.8823605e-06
0.0006667383
2.8558046e-06
0.0006667376
2.8169842e-06
0.00066673707
2.7918268e-06
0.00066673676
2.7643766e-06
0.00066673637
2.734154e-06
0.0006667361
2.7129137e-06
0.00066673595
2.6829006e-06
0.00066673584
2.657739e-06
0.00066673577
2.633014e-06
0.00066673574
2.6090282e-06
0.00066673574
2.5861429e-06
0.00066673573
2.5640916e-06
0.00066673569
2.5446511e-06
0.00066673544
2.5255115e-06
0.00066673572
2.5190183e-06
0.00066673356
2.4376835e-06
0.00066673844
2.8480866e-06
2.2166439e-06
0.00068410361
6.3620281e-06
-0.00068402255
0.00068420051
6.956749e-06
0.00068430721
7.5033382e-06
0.00068441701
7.9839587e-06
0.00068452538
8.3988302e-06
0.00068463077
8.760597e-06
0.00068473294
9.080727e-06
0.0006848318
9.3639041e-06
0.00068492758
9.6118817e-06
0.00068502079
9.8255681e-06
0.00068511168
1.000249e-05
0.00068519978
1.0135878e-05
0.00068528393
1.021764e-05
0.00068536262
1.024206e-05
0.00068543438
1.0207876e-05
0.00068549811
1.011865e-05
0.00068555331
9.9817745e-06
0.0006856
9.8066272e-06
0.00068563861
9.6027798e-06
0.00068566982
9.3789493e-06
0.00068569447
9.1426103e-06
0.00068571337
8.8995937e-06
0.00068572729
8.654351e-06
0.00068573698
8.4105013e-06
0.00068574311
8.1708707e-06
0.00068574629
7.9373689e-06
0.00068574702
7.7112167e-06
0.00068574575
7.4931868e-06
0.00068574286
7.2837191e-06
0.00068573865
7.0829991e-06
0.0006857334
6.891019e-06
0.00068572734
6.7076284e-06
0.00068572063
6.5325952e-06
0.00068571346
6.3656546e-06
0.00068570594
6.206494e-06
0.00068569818
6.0547222e-06
0.00068569028
5.9099352e-06
0.00068568231
5.7717892e-06
0.00068567432
5.6399339e-06
0.00068566638
5.5139889e-06
0.00068565851
5.3936226e-06
0.00068565076
5.2785156e-06
0.00068564314
5.1683488e-06
0.00068563569
5.0628411e-06
0.00068562842
4.9617151e-06
0.00068562133
4.8647161e-06
0.00068561445
4.7716e-06
0.00068560778
4.6821337e-06
0.00068560132
4.5961094e-06
0.00068559507
4.5133321e-06
0.00068558905
4.4336185e-06
0.00068558324
4.3567937e-06
0.00068557766
4.282696e-06
0.00068557229
4.2111706e-06
0.00068556714
4.1420752e-06
0.0006855622
4.0752798e-06
0.00068555747
4.0106714e-06
0.00068555295
3.948139e-06
0.00068554862
3.8875665e-06
0.0006855445
3.8288486e-06
0.00068554057
3.7719082e-06
0.00068553684
3.7166687e-06
0.00068553328
3.6630517e-06
0.00068552991
3.610979e-06
0.00068552672
3.5603874e-06
0.0006855237
3.5112208e-06
0.00068552084
3.463428e-06
0.00068551815
3.4169593e-06
0.00068551563
3.3717652e-06
0.00068551325
3.3278071e-06
0.00068551103
3.2850435e-06
0.00068550896
3.2434378e-06
0.00068550703
3.2029504e-06
0.00068550524
3.1635398e-06
0.00068550358
3.1251751e-06
0.00068550206
3.0878229e-06
0.00068550067
3.0514589e-06
0.00068549941
3.0160587e-06
0.00068549826
2.981588e-06
0.00068549724
2.9480306e-06
0.00068549633
2.9153118e-06
0.00068549548
2.8832082e-06
0.00068549491
2.8563691e-06
0.0006854942
2.8177034e-06
0.00068549367
2.792349e-06
0.00068549333
2.7647174e-06
0.00068549292
2.7345614e-06
0.00068549268
2.7131541e-06
0.00068549252
2.6830604e-06
0.00068549241
2.6578569e-06
0.00068549234
2.6330781e-06
0.00068549232
2.6090539e-06
0.00068549231
2.5861456e-06
0.00068549231
2.5640956e-06
0.00068549227
2.5446884e-06
0.00068549203
2.5257574e-06
0.0006854923
2.5187406e-06
0.00068549014
2.4398504e-06
0.00068549504
2.843181e-06
2.2251471e-06
0.00070336757
6.2818931e-06
-0.00070328743
0.00070346317
6.8611515e-06
0.00070356872
7.3977865e-06
0.00070367802
7.8746582e-06
0.00070378664
8.2902135e-06
0.00070389278
8.65445e-06
0.00070399606
8.9774478e-06
0.0007040963
9.2636619e-06
0.00070419359
9.5145926e-06
0.00070428832
9.7308393e-06
0.00070438067
9.910142e-06
0.00070447015
1.0046397e-05
0.00070455564
1.0132152e-05
0.00070463567
1.0162029e-05
0.0007047088
1.0134741e-05
0.00070477396
1.0053497e-05
0.00070483059
9.9251437e-06
0.00070487869
9.7585267e-06
0.00070491865
9.5628166e-06
0.00070495113
9.3464711e-06
0.00070497693
9.1168158e-06
0.00070499685
8.8796678e-06
0.00070501168
8.6395215e-06
0.00070502215
8.4000315e-06
0.00070502895
8.1640734e-06
0.00070503268
7.9336367e-06
0.00070503387
7.7100255e-06
0.00070503297
7.4940864e-06
0.00070503037
7.2863244e-06
0.00070502638
7.0869828e-06
0.0007050213
6.8961049e-06
0.00070501534
6.7135853e-06
0.00070500871
6.5392296e-06
0.00070500156
6.3728022e-06
0.00070499404
6.2140157e-06
0.00070498625
6.0625048e-06
0.0007049783
5.9178874e-06
0.00070497026
5.7798325e-06
0.00070496219
5.6480027e-06
0.00070495415
5.5220315e-06
0.00070494617
5.4015955e-06
0.00070493831
5.2863832e-06
0.00070493057
5.176083e-06
0.000704923
5.0704185e-06
0.00070491559
4.9691176e-06
0.00070490838
4.8719289e-06
0.00070490137
4.7786121e-06
0.00070489456
4.6889372e-06
0.00070488798
4.6026985e-06
0.0007048816
4.5197026e-06
0.00070487546
4.439768e-06
0.00070486953
4.3627211e-06
0.00070486382
4.2884015e-06
0.00070485834
4.2166554e-06
0.00070485307
4.1473414e-06
0.00070484802
4.0803299e-06
0.00070484318
4.0155082e-06
0.00070483856
3.9527655e-06
0.00070483414
3.8919866e-06
0.00070482992
3.8330667e-06
0.0007048259
3.7759283e-06
0.00070482207
3.7204947e-06
0.00070481844
3.6666879e-06
0.00070481499
3.6144299e-06
0.00070481172
3.5636575e-06
0.00070480862
3.5143145e-06
0.0007048057
3.4663496e-06
0.00070480295
3.4197131e-06
0.00070480036
3.3743555e-06
0.00070479793
3.330238e-06
0.00070479565
3.287319e-06
0.00070479353
3.2455617e-06
0.00070479155
3.2049265e-06
0.00070478972
3.1653722e-06
0.00070478803
3.1268674e-06
0.00070478647
3.0893791e-06
0.00070478505
3.0528829e-06
0.00070478375
3.0173542e-06
0.00070478258
2.9827594e-06
0.00070478153
2.9490816e-06
0.0007047806
2.9162429e-06
0.00070477973
2.8840729e-06
0.00070477915
2.856949e-06
0.00070477842
2.8184356e-06
0.00070477789
2.7928787e-06
0.00070477752
2.7650842e-06
0.00070477711
2.7349734e-06
0.0007047769
2.713369e-06
0.00070477672
2.6832356e-06
0.0007047766
2.6579735e-06
0.00070477654
2.6331409e-06
0.00070477652
2.6090773e-06
0.00070477652
2.5861455e-06
0.00070477652
2.5640973e-06
0.00070477648
2.5447247e-06
0.00070477623
2.5260036e-06
0.00070477651
2.518465e-06
0.00070477435
2.4420147e-06
0.00070477928
2.8382512e-06
2.2337456e-06
0.00072317392
6.2026475e-06
-0.00072309468
0.00072326826
6.7668149e-06
0.00072337267
7.2933702e-06
0.00072348142
7.7659069e-06
0.0007235902
8.1814413e-06
0.00072369703
8.5476184e-06
0.00072380135
8.8731273e-06
0.0007239029
9.1621105e-06
0.00072400166
9.4158379e-06
0.00072409787
9.6346216e-06
0.00072419166
9.8163585e-06
0.00072428251
9.955542e-06
0.00072436934
1.0045325e-05
0.00072445071
1.0080654e-05
0.00072452523
1.0060224e-05
0.00072459181
9.9869158e-06
0.00072464989
9.8670632e-06
0.00072469943
9.7089912e-06
0.00072474077
9.5214706e-06
0.00072477455
9.3126946e-06
0.00072480153
9.0898332e-06
0.00072482252
8.8586758e-06
0.0007248383
8.6237498e-06
0.00072484958
8.3887427e-06
0.00072485708
8.156576e-06
0.0007248614
7.9293156e-06
0.00072486308
7.7083469e-06
0.00072486258
7.4945895e-06
0.00072486029
7.2886142e-06
0.00072485655
7.0907223e-06
0.00072485165
6.9010088e-06
0.00072484582
6.7194139e-06
0.00072483926
6.545782e-06
0.00072483216
6.3799073e-06
0.00072482465
6.2215286e-06
0.00072481684
6.070307e-06
0.00072480885
5.9258828e-06
0.00072480074
5.7879388e-06
0.00072479259
5.6561508e-06
0.00072478446
5.5301667e-06
0.00072477638
5.4096717e-06
0.0007247684
5.2943625e-06
0.00072476055
5.1839354e-06
0.00072475285
5.0781189e-06
0.00072474532
4.9766463e-06
0.00072473798
4.8792702e-06
0.00072473084
4.7857538e-06
0.00072472391
4.6958705e-06
0.00072471719
4.6094167e-06
0.00072471069
4.5262011e-06
0.00072470441
4.4460436e-06
0.00072469836
4.3687726e-06
0.00072469254
4.2942284e-06
0.00072468693
4.2222587e-06
0.00072468155
4.1527228e-06
0.00072467639
4.085492e-06
0.00072467144
4.0204534e-06
0.00072466671
3.9574968e-06
0.00072466219
3.8965077e-06
0.00072465788
3.837382e-06
0.00072465376
3.7800417e-06
0.00072464985
3.7244101e-06
0.00072464612
3.6704095e-06
0.00072464259
3.6179623e-06
0.00072463925
3.567005e-06
0.00072463608
3.5174818e-06
0.00072463309
3.469341e-06
0.00072463027
3.4225328e-06
0.00072462761
3.377008e-06
0.00072462512
3.3327273e-06
0.00072462279
3.2896492e-06
0.00072462062
3.2477367e-06
0.0007246186
3.2069501e-06
0.00072461672
3.1672485e-06
0.00072461499
3.1286003e-06
0.00072461339
3.0909725e-06
0.00072461194
3.0543407e-06
0.00072461061
3.0186804e-06
0.00072460941
2.9839583e-06
0.00072460834
2.9501571e-06
0.00072460738
2.9171959e-06
0.0007246065
2.8849537e-06
0.00072460591
2.8575456e-06
0.00072460516
2.8191846e-06
0.00072460462
2.7934132e-06
0.00072460424
2.7654637e-06
0.00072460382
2.735395e-06
0.00072460362
2.7135688e-06
0.00072460343
2.6834225e-06
0.00072460332
2.6580893e-06
0.00072460326
2.6332025e-06
0.00072460324
2.6090984e-06
0.00072460324
2.5861428e-06
0.00072460324
2.5640966e-06
0.0007246032
2.544759e-06
0.00072460296
2.5262503e-06
0.00072460323
2.5181945e-06
0.00072460106
2.4441838e-06
0.00072460602
2.8332895e-06
2.2424315e-06
0.00074353788
6.1242586e-06
-0.00074345949
0.000743631
6.673697e-06
0.00074373429
7.1900787e-06
0.00074384245
7.657752e-06
0.00074395129
8.0725958e-06
0.00074405873
8.4401829e-06
0.00074416402
8.7678369e-06
0.00074426681
9.0593162e-06
0.00074436698
9.3156715e-06
0.00074446465
9.5369509e-06
0.00074455985
9.7211613e-06
0.00074465206
9.8633254e-06
0.00074474023
9.9571627e-06
0.00074482295
9.9979331e-06
0.00074489885
9.9843197e-06
0.00074496687
9.9188981e-06
0.00074502641
9.8075174e-06
0.00074507741
9.6579986e-06
0.00074512016
9.4787139e-06
0.00074515527
9.2775871e-06
0.00074518348
9.0616262e-06
0.00074520558
8.8365792e-06
0.00074522233
8.6069974e-06
0.00074523447
8.376597e-06
0.00074524271
8.1483424e-06
0.00074524765
7.9243716e-06
0.00074524985
7.7061492e-06
0.00074524977
7.4946675e-06
0.00074524782
7.2905626e-06
0.00074524435
7.0941943e-06
0.00074523965
6.9057099e-06
0.00074523397
6.7250961e-06
0.00074522751
6.5522363e-06
0.00074522046
6.386956e-06
0.00074521297
6.2290207e-06
0.00074520516
6.0781187e-06
0.00074519713
5.9339129e-06
0.00074518897
5.7961009e-06
0.00074518075
5.6643724e-06
0.00074517252
5.5383896e-06
0.00074516435
5.4178473e-06
0.00074515626
5.3024504e-06
0.00074514829
5.1919035e-06
0.00074514047
5.0859405e-06
0.00074513282
4.9843002e-06
0.00074512535
4.8867393e-06
0.00074511808
4.7930248e-06
0.00074511101
4.7029336e-06
0.00074510417
4.6162645e-06
0.00074509754
4.5328281e-06
0.00074509114
4.4524464e-06
0.00074508496
4.374949e-06
0.00074507901
4.3001779e-06
0.00074507329
4.2279818e-06
0.00074506779
4.158221e-06
0.00074506251
4.0907674e-06
0.00074505746
4.0255085e-06
0.00074505262
3.9623344e-06
0.000745048
3.9011314e-06
0.00074504358
3.841796e-06
0.00074503937
3.7842498e-06
0.00074503537
3.7284163e-06
0.00074503156
3.6742179e-06
0.00074502794
3.6215775e-06
0.00074502452
3.5704315e-06
0.00074502128
3.520724e-06
0.00074501821
3.4724033e-06
0.00074501533
3.4254197e-06
0.00074501261
3.3797238e-06
0.00074501006
3.3352761e-06
0.00074500768
3.2920351e-06
0.00074500545
3.2499637e-06
0.00074500338
3.2090222e-06
0.00074500146
3.1691696e-06
0.00074499968
3.1303744e-06
0.00074499805
3.0926037e-06
0.00074499656
3.055833e-06
0.0007449952
3.0200376e-06
0.00074499397
2.985185e-06
0.00074499287
2.9512575e-06
0.0007449919
2.9181711e-06
0.000744991
2.8858517e-06
0.00074499039
2.8581588e-06
0.00074498962
2.8199483e-06
0.00074498908
2.7939573e-06
0.00074498869
2.7658572e-06
0.00074498827
2.7358136e-06
0.00074498808
2.71376e-06
0.00074498788
2.6836213e-06
0.00074498776
2.6582055e-06
0.0007449877
2.6332631e-06
0.00074498768
2.6091172e-06
0.00074498769
2.5861373e-06
0.00074498769
2.5640936e-06
0.00074498766
2.5447912e-06
0.00074498741
2.5264967e-06
0.00074498768
2.51793e-06
0.0007449855
2.4463624e-06
0.00074499049
2.8282967e-06
2.2511945e-06
0.00076447517
6.0466946e-06
-0.0007643976
0.00076456711
6.5817568e-06
0.00076466929
7.0878999e-06
0.0007647768
7.5502357e-06
0.00076488564
7.9637563e-06
0.0007649936
8.3322252e-06
0.00076509979
8.6616506e-06
0.00076520376
8.9553475e-06
0.00076530528
9.2141509e-06
0.00076540436
9.4378676e-06
0.00076550095
9.6245753e-06
0.00076559451
9.7697609e-06
0.000765684
9.867671e-06
0.00076576807
9.9138659e-06
0.00076584537
9.9070229e-06
0.00076591483
9.8494347e-06
0.00076597585
9.7464915e-06
0.00076602833
9.6055277e-06
0.00076607252
9.434519e-06
0.00076610899
9.241116e-06
0.00076613846
9.0321582e-06
0.0007661617
8.8133396e-06
0.00076617947
8.5892253e-06
0.00076619251
8.3635558e-06
0.00076620152
8.1393352e-06
0.00076620712
7.9187693e-06
0.00076620987
7.7033996e-06
0.00076621025
7.4942901e-06
0.00076620867
7.2921421e-06
0.00076620549
7.0973743e-06
0.00076620101
6.9101866e-06
0.0007661955
6.7306126e-06
0.00076618916
6.5585758e-06
0.00076618218
6.3939337e-06
0.00076617472
6.2364795e-06
0.00076616691
6.085929e-06
0.00076615885
5.9419685e-06
0.00076615064
5.8043112e-06
0.00076614236
5.672661e-06
0.00076613405
5.546695e-06
0.00076612578
5.4261179e-06
0.00076611759
5.3106434e-06
0.00076610951
5.1999848e-06
0.00076610156
5.0938814e-06
0.00076609379
4.9920778e-06
0.00076608619
4.8943352e-06
0.00076607879
4.8004245e-06
0.0007660716
4.7101264e-06
0.00076606462
4.623242e-06
0.00076605786
4.5395843e-06
0.00076605133
4.4589769e-06
0.00076604503
4.3812514e-06
0.00076603896
4.306251e-06
0.00076603311
4.2338259e-06
0.0007660275
4.1638372e-06
0.00076602211
4.0961577e-06
0.00076601694
4.030675e-06
0.000766012
3.9672796e-06
0.00076600727
3.905859e-06
0.00076600275
3.8463101e-06
0.00076599845
3.7885542e-06
0.00076599435
3.7325148e-06
0.00076599046
3.6781146e-06
0.00076598676
3.6252769e-06
0.00076598325
3.5739383e-06
0.00076597993
3.5240426e-06
0.0007659768
3.475538e-06
0.00076597384
3.4283749e-06
0.00076597106
3.382504e-06
0.00076596845
3.3378855e-06
0.00076596601
3.2944779e-06
0.00076596373
3.2522438e-06
0.00076596161
3.2111436e-06
0.00076595964
3.1711365e-06
0.00076595782
3.1321907e-06
0.00076595615
3.0942735e-06
0.00076595463
3.0573604e-06
0.00076595324
3.0214267e-06
0.00076595198
2.9864403e-06
0.00076595086
2.9523831e-06
0.00076594986
2.9191692e-06
0.00076594894
2.8867675e-06
0.00076594831
2.8587888e-06
0.00076594753
2.8207261e-06
0.00076594698
2.7945136e-06
0.00076594657
2.7662615e-06
0.00076594616
2.7362264e-06
0.00076594597
2.7139501e-06
0.00076594576
2.6838293e-06
0.00076594565
2.6583219e-06
0.00076594559
2.6333224e-06
0.00076594557
2.6091336e-06
0.00076594558
2.586129e-06
0.00076594558
2.5640881e-06
0.00076594555
2.5448213e-06
0.00076594531
2.5267425e-06
0.00076594557
2.5176723e-06
0.00076594338
2.4485489e-06
0.0007659484
2.8232769e-06
2.2600281e-06
0.00078600189
5.9699247e-06
-0.00078592512
0.0007860927
6.4909545e-06
0.00078619378
6.9868197e-06
0.00078630062
7.4433951e-06
0.00078640937
7.8549982e-06
0.00078651777
8.2238278e-06
0.00078662478
8.5546447e-06
0.00078672985
8.8502756e-06
0.00078683266
9.1113371e-06
0.00078693311
9.3374157e-06
0.00078703106
9.5266288e-06
0.00078712596
9.6748657e-06
0.00078721677
9.7768586e-06
0.00078730218
9.8284551e-06
0.00078738087
9.8283317e-06
0.00078745179
9.7785185e-06
0.00078751431
9.6839724e-06
0.00078756828
9.5515584e-06
0.00078761393
9.3888598e-06
0.0007876518
9.2032497e-06
0.00078768257
9.0013931e-06
0.00078770699
8.7889183e-06
0.00078772582
8.5703936e-06
0.0007877398
8.3495796e-06
0.00078774961
8.1295159e-06
0.00078775591
7.9124723e-06
0.00078775925
7.7000641e-06
0.00078776011
7.493426e-06
0.00078775893
7.2933243e-06
0.00078775607
7.1002366e-06
0.00078775184
6.9144158e-06
0.00078774651
6.7359431e-06
0.0007877403
6.5647825e-06
0.00078773341
6.4008246e-06
0.000787726
6.2438913e-06
0.0007877182
6.0937262e-06
0.00078771013
5.9500396e-06
0.00078770188
5.812561e-06
0.00078769353
5.6810093e-06
0.00078768515
5.5550768e-06
0.00078767679
5.4344786e-06
0.00078766849
5.3189377e-06
0.0007876603
5.2081761e-06
0.00078765225
5.1019391e-06
0.00078764435
4.9999774e-06
0.00078763662
4.9020567e-06
0.0007876291
4.8079523e-06
0.00078762177
4.7174486e-06
0.00078761467
4.6303493e-06
0.00078760778
4.5464698e-06
0.00078760112
4.4656357e-06
0.00078759469
4.3876805e-06
0.0007875885
4.3124487e-06
0.00078758253
4.2397919e-06
0.00078757679
4.1695725e-06
0.00078757129
4.1016639e-06
0.00078756601
4.0359541e-06
0.00078756095
3.972334e-06
0.00078755612
3.9106921e-06
0.00078755151
3.8509258e-06
0.0007875471
3.7929562e-06
0.00078754291
3.736707e-06
0.00078753893
3.6821011e-06
0.00078753514
3.6290621e-06
0.00078753155
3.5775268e-06
0.00078752816
3.5274387e-06
0.00078752495
3.4787464e-06
0.00078752192
3.4313998e-06
0.00078751908
3.38535e-06
0.00078751641
3.3405567e-06
0.0007875139
3.2969785e-06
0.00078751157
3.254578e-06
0.0007875094
3.2133153e-06
0.00078750739
3.1731499e-06
0.00078750553
3.1340499e-06
0.00078750382
3.0959827e-06
0.00078750225
3.0589236e-06
0.00078750083
3.0228481e-06
0.00078749955
2.9877245e-06
0.0007874984
2.9535343e-06
0.00078749738
2.9201902e-06
0.00078749644
2.8877015e-06
0.00078749579
2.8594366e-06
0.000787495
2.8215182e-06
0.00078749444
2.7950795e-06
0.00078749402
2.7666752e-06
0.0007874936
2.7366451e-06
0.00078749341
2.7141423e-06
0.0007874932
2.6840398e-06
0.00078749308
2.6584378e-06
0.00078749303
2.6333798e-06
0.00078749301
2.609147e-06
0.00078749303
2.5861172e-06
0.00078749303
2.5640795e-06
0.00078749301
2.5448487e-06
0.00078749276
2.5269871e-06
0.00078749301
2.5174214e-06
0.00078749082
2.4507412e-06
0.00078749586
2.8182348e-06
2.2689249e-06
0.00080813467
5.8939186e-06
-0.00080805867
0.00080822438
6.4012516e-06
0.00080832437
6.8868232e-06
0.0008084305
7.3372631e-06
0.00080853911
7.7463935e-06
0.00080864786
8.1150732e-06
0.00080875561
8.4468973e-06
0.00080886171
8.744174e-06
0.00080896576
9.0072944e-06
0.00080906753
9.2356437e-06
0.0008091668
9.427354e-06
0.00080926301
9.5786595e-06
0.00080935513
9.6847365e-06
0.00080944188
9.741705e-06
0.00080952197
9.7482453e-06
0.00080959434
9.7061437e-06
0.00080965837
9.6199483e-06
0.00080971385
9.4960722e-06
0.000809761
9.3417108e-06
0.00080980029
9.1639569e-06
0.00080983239
8.9692951e-06
0.00080985803
8.7632764e-06
0.00080987796
8.5504624e-06
0.00080989292
8.3346283e-06
0.00080990359
8.1188455e-06
0.00080991062
7.9054431e-06
0.00080991457
7.6961075e-06
0.00080991596
7.4920427e-06
0.0008099152
7.2940793e-06
0.00080991268
7.1027541e-06
0.00080990873
6.9183733e-06
0.0008099036
6.7410659e-06
0.00080989755
6.5708375e-06
0.00080989076
6.4076122e-06
0.00080988341
6.2512416e-06
0.00080987564
6.1014977e-06
0.00080986756
5.9581153e-06
0.00080985928
5.8208411e-06
0.00080985088
5.6894096e-06
0.00080984243
5.5635286e-06
0.00080983399
5.4429241e-06
0.00080982559
5.3273288e-06
0.0008098173
5.2164738e-06
0.00080980912
5.1101108e-06
0.00080980111
5.0079968e-06
0.00080979326
4.9099024e-06
0.0008097856
4.8156072e-06
0.00080977815
4.7248996e-06
0.00080977092
4.6375862e-06
0.0008097639
4.5534848e-06
0.00080975711
4.4724232e-06
0.00080975056
4.3942368e-06
0.00080974424
4.3187718e-06
0.00080973815
4.245881e-06
0.00080973229
4.1754281e-06
0.00080972667
4.1072874e-06
0.00080972127
4.0413471e-06
0.00080971611
3.9774989e-06
0.00080971117
3.9156319e-06
0.00080970645
3.8556445e-06
0.00080970195
3.7974574e-06
0.00080969766
3.7409944e-06
0.00080969358
3.6861786e-06
0.00080968971
3.6329344e-06
0.00080968604
3.5811982e-06
0.00080968257
3.5309138e-06
0.00080967928
3.4820296e-06
0.00080967619
3.4344955e-06
0.00080967327
3.3882627e-06
0.00080967054
3.3432908e-06
0.00080966798
3.2995382e-06
0.00080966559
3.2569672e-06
0.00080966337
3.2155382e-06
0.00080966131
3.1752107e-06
0.0008096594
3.1359528e-06
0.00080965765
3.0977319e-06
0.00080965606
3.0605233e-06
0.0008096546
3.0243025e-06
0.00080965329
2.9890383e-06
0.00080965211
2.9547117e-06
0.00080965107
2.9212346e-06
0.00080965011
2.888654e-06
0.00080964945
2.8601026e-06
0.00080964864
2.8223246e-06
0.00080964806
2.7956552e-06
0.00080964764
2.7670983e-06
0.00080964722
2.7370705e-06
0.00080964702
2.7143368e-06
0.00080964681
2.6842528e-06
0.00080964669
2.6585532e-06
0.00080964664
2.6334351e-06
0.00080964663
2.6091571e-06
0.00080964664
2.5861018e-06
0.00080964666
2.5640677e-06
0.00080964663
2.5448734e-06
0.00080964639
2.5272305e-06
0.00080964663
2.5171779e-06
0.00080964443
2.4529374e-06
0.00080964949
2.8131751e-06
2.2778774e-06
0.00083089051
5.8186474e-06
-0.00083081524
0.00083097915
6.3126108e-06
0.00083107808
6.7878942e-06
0.00083118348
7.2318681e-06
0.00083129186
7.6380105e-06
0.00083140089
8.0060434e-06
0.0008315093
8.3384885e-06
0.00083161636
8.6371181e-06
0.00083172156
8.90209e-06
0.0008318246
9.1326035e-06
0.00083192517
9.3267865e-06
0.00083202266
9.4811654e-06
0.00083211608
9.5913183e-06
0.00083220416
9.6536225e-06
0.00083228564
9.6667653e-06
0.00083235948
9.6323066e-06
0.00083242502
9.5544092e-06
0.00083248204
9.4390518e-06
0.0008325307
9.2930479e-06
0.00083257145
9.1232075e-06
0.00083260492
8.9358288e-06
0.00083263182
8.7363751e-06
0.00083265289
8.5293912e-06
0.00083266886
8.3186611e-06
0.00083268042
8.1072838e-06
0.00083268822
7.897643e-06
0.00083269283
7.6914933e-06
0.00083269477
7.4901062e-06
0.00083269447
7.2943761e-06
0.00083269233
7.1048986e-06
0.00083268867
6.9220335e-06
0.00083268378
6.7459583e-06
0.00083267789
6.5767204e-06
0.00083267123
6.4142787e-06
0.00083266395
6.2585148e-06
0.00083265622
6.10923e-06
0.00083264815
5.966184e-06
0.00083263985
5.8291416e-06
0.00083263141
5.6978533e-06
0.00083262289
5.572043e-06
0.00083261437
5.4514483e-06
0.00083260589
5.3358118e-06
0.00083259749
5.224874e-06
0.0008325892
5.1183934e-06
0.00083258107
5.0161337e-06
0.0008325731
4.9178703e-06
0.00083256532
4.8233878e-06
0.00083255774
4.7324786e-06
0.00083255037
4.6449522e-06
0.00083254323
4.5606292e-06
0.00083253631
4.4793396e-06
0.00083252963
4.400921e-06
0.00083252318
4.3252209e-06
0.00083251697
4.252094e-06
0.00083251099
4.181405e-06
0.00083250525
4.1130292e-06
0.00083249974
4.0468553e-06
0.00083249446
3.9827755e-06
0.00083248941
3.9206799e-06
0.00083248459
3.8604676e-06
0.00083247999
3.8020591e-06
0.00083247561
3.7453783e-06
0.00083247144
3.6903487e-06
0.00083246748
3.6368951e-06
0.00083246372
3.584954e-06
0.00083246016
3.5344692e-06
0.0008324568
3.4853889e-06
0.00083245364
3.4376633e-06
0.00083245066
3.3912435e-06
0.00083244786
3.3460888e-06
0.00083244524
3.3021578e-06
0.00083244279
3.2594125e-06
0.00083244052
3.2178133e-06
0.00083243841
3.1773199e-06
0.00083243646
3.1379002e-06
0.00083243467
3.0995219e-06
0.00083243304
3.0621602e-06
0.00083243155
3.0257905e-06
0.0008324302
2.9903822e-06
0.000832429
2.9559157e-06
0.00083242793
2.9223027e-06
0.00083242696
2.8896251e-06
0.00083242628
2.8607871e-06
0.00083242546
2.8231449e-06
0.00083242487
2.7962414e-06
0.00083242444
2.7675307e-06
0.000832424
2.7375027e-06
0.00083242381
2.714533e-06
0.00083242359
2.6844684e-06
0.00083242348
2.6586682e-06
0.00083242342
2.6334882e-06
0.00083242342
2.6091639e-06
0.00083242344
2.5860825e-06
0.00083242345
2.5640524e-06
0.00083242343
2.544895e-06
0.00083242319
2.527472e-06
0.00083242342
2.516943e-06
0.00083242123
2.4551348e-06
0.0008324263
2.8081032e-06
2.2868787e-06
0.00085428699
5.744083e-06
-0.00085421243
0.0008543746
6.2249962e-06
0.00085447248
6.6900161e-06
0.00085457712
7.1272351e-06
0.00085468521
7.5299131e-06
0.00085479444
7.8968196e-06
0.00085490343
8.2294993e-06
0.00085501136
8.5291855e-06
0.00085511765
8.7957938e-06
0.00085522191
9.0283508e-06
0.00085532373
9.2249659e-06
0.00085542248
9.3824098e-06
0.00085551718
9.4966207e-06
0.00085560659
9.5642166e-06
0.00085568946
9.5838948e-06
0.00085576476
9.557005e-06
0.00085583182
9.4873466e-06
0.00085589039
9.3804816e-06
0.00085594059
9.2428482e-06
0.00085598283
9.080972e-06
0.0008560177
8.9009594e-06
0.0008560459
8.7081759e-06
0.00085606815
8.5071395e-06
0.00085608517
8.3016367e-06
0.00085609767
8.0947897e-06
0.00085610628
7.8890325e-06
0.00085611159
7.6861839e-06
0.00085611411
7.4875814e-06
0.0008561143
7.2941821e-06
0.00085611256
7.1066404e-06
0.00085610923
6.9253698e-06
0.00085610459
6.7505964e-06
0.0008560989
6.5824099e-06
0.00085609237
6.420805e-06
0.00085608519
6.2656943e-06
0.00085607751
6.1169085e-06
0.00085606947
5.974233e-06
0.00085606116
5.8374515e-06
0.00085605268
5.7063313e-06
0.00085604411
5.5806124e-06
0.00085603551
5.4600447e-06
0.00085602694
5.3443812e-06
0.00085601844
5.2333721e-06
0.00085601005
5.1267833e-06
0.0008560018
5.024385e-06
0.00085599371
4.9259583e-06
0.00085598581
4.8312925e-06
0.0008559781
4.7401844e-06
0.00085597061
4.6524467e-06
0.00085596334
4.5679027e-06
0.00085595629
4.486385e-06
0.00085594948
4.4077332e-06
0.0008559429
4.3317966e-06
0.00085593657
4.2584316e-06
0.00085593047
4.1875041e-06
0.00085592461
4.1188904e-06
0.00085591898
4.0524798e-06
0.00085591359
3.988165e-06
0.00085590843
3.9258373e-06
0.0008559035
3.8653963e-06
0.0008558988
3.8067625e-06
0.00085589432
3.7498601e-06
0.00085589006
3.6946126e-06
0.00085588601
3.6409455e-06
0.00085588216
3.5887954e-06
0.00085587853
3.538106e-06
0.00085587509
3.4888256e-06
0.00085587185
3.4409043e-06
0.0008558688
3.3942934e-06
0.00085586594
3.3489519e-06
0.00085586326
3.3048384e-06
0.00085586075
3.2619148e-06
0.00085585843
3.2201414e-06
0.00085585627
3.1794782e-06
0.00085585427
3.1398929e-06
0.00085585244
3.1013534e-06
0.00085585077
3.0638348e-06
0.00085584925
3.0273126e-06
0.00085584787
2.9917567e-06
0.00085584664
2.9571467e-06
0.00085584555
2.923395e-06
0.00085584456
2.8906152e-06
0.00085584385
2.8614907e-06
0.00085584302
2.8239789e-06
0.00085584242
2.7968386e-06
0.00085584198
2.7679724e-06
0.00085584154
2.7379411e-06
0.00085584135
2.7147311e-06
0.00085584113
2.6846863e-06
0.00085584101
2.6587828e-06
0.00085584096
2.6335388e-06
0.00085584096
2.6091673e-06
0.00085584098
2.5860592e-06
0.000855841
2.5640336e-06
0.00085584098
2.5449133e-06
0.00085584074
2.5277122e-06
0.00085584097
2.5167155e-06
0.00085583877
2.4573315e-06
0.00085584385
2.8030253e-06
2.2959199e-06
0.00087834209
5.6701982e-06
-0.0008782682
0.00087842871
6.1383731e-06
0.00087852555
6.5931714e-06
0.0008786294
7.0233855e-06
0.00087873716
7.4221617e-06
0.00087884649
7.7874814e-06
0.00087895598
8.1200119e-06
0.00087906471
8.4204553e-06
0.00087917203
8.6884782e-06
0.00087927743
8.9229449e-06
0.00087938046
9.1219355e-06
0.00087948045
9.2824222e-06
0.00087957641
9.4006631e-06
0.00087966713
9.473499e-06
0.00087975138
9.4996396e-06
0.00087982815
9.4802388e-06
0.00087989674
9.4187539e-06
0.00087995687
9.3203475e-06
0.00088000863
9.1910902e-06
0.00088005238
9.0372221e-06
0.00088008869
8.8646527e-06
0.00088011822
8.6786405e-06
0.0008801417
8.4836664e-06
0.00088015982
8.2835133e-06
0.00088017329
8.0813217e-06
0.00088018275
7.8795709e-06
0.00088018879
7.6801406e-06
0.00088019194
7.4844318e-06
0.00088019266
7.2934637e-06
0.00088019135
7.1079486e-06
0.00088018837
6.928354e-06
0.00088018401
6.7549547e-06
0.00088017854
6.5878835e-06
0.00088017217
6.4271712e-06
0.0008801651
6.2727625e-06
0.00088015749
6.1245178e-06
0.00088014948
5.982249e-06
0.00088014117
5.8457593e-06
0.00088013267
5.7148334e-06
0.00088012405
5.5892282e-06
0.00088011539
5.4687059e-06
0.00088010674
5.3530308e-06
0.00088009815
5.2419631e-06
0.00088008966
5.1352763e-06
0.00088008129
5.0327475e-06
0.00088007309
4.9341638e-06
0.00088006506
4.8393194e-06
0.00088005723
4.7480156e-06
0.00088004961
4.6600687e-06
0.00088004221
4.5753049e-06
0.00088003503
4.4935592e-06
0.00088002809
4.4146735e-06
0.00088002139
4.3384992e-06
0.00088001493
4.2648943e-06
0.0008800087
4.1937261e-06
0.00088000272
4.1248719e-06
0.00087999698
4.0582216e-06
0.00087999148
3.9936686e-06
0.00087998621
3.9311052e-06
0.00087998117
3.8704319e-06
0.00087997637
3.8115691e-06
0.00087997179
3.754441e-06
0.00087996743
3.6989717e-06
0.00087996329
3.645087e-06
0.00087995936
3.5927237e-06
0.00087995564
3.5418256e-06
0.00087995212
3.4923409e-06
0.00087994881
3.4442198e-06
0.00087994569
3.3974136e-06
0.00087994276
3.3518812e-06
0.00087994002
3.3075811e-06
0.00087993745
3.2644751e-06
0.00087993507
3.2225235e-06
0.00087993286
3.1816865e-06
0.00087993083
3.1419317e-06
0.00087992895
3.1032272e-06
0.00087992724
3.0655478e-06
0.00087992568
3.0288694e-06
0.00087992428
2.9931622e-06
0.00087992302
2.9584053e-06
0.0008799219
2.9245117e-06
0.00087992089
2.8916245e-06
0.00087992017
2.8622138e-06
0.00087991932
2.8248263e-06
0.00087991871
2.797447e-06
0.00087991826
2.7684238e-06
0.00087991782
2.7383856e-06
0.00087991762
2.7149315e-06
0.0008799174
2.6849059e-06
0.00087991728
2.658897e-06
0.00087991724
2.6335867e-06
0.00087991724
2.609167e-06
0.00087991726
2.5860316e-06
0.00087991729
2.5640108e-06
0.00087991727
2.5449283e-06
0.00087991703
2.5279504e-06
0.00087991725
2.5164965e-06
0.00087991506
2.4595257e-06
0.00087992014
2.7979466e-06
2.3049941e-06
0.00090307436
5.5969671e-06
-0.00090300113
0.00090316003
6.0527081e-06
0.00090325585
6.4973423e-06
0.0009033589
6.9203374e-06
0.00090346625
7.3148125e-06
0.00090357563
7.6781066e-06
0.00090368553
8.0101088e-06
0.00090379498
8.3110082e-06
0.00090390324
8.580218e-06
0.00090400973
8.8164482e-06
0.00090411393
9.0177419e-06
0.00090421511
9.1812357e-06
0.00090431231
9.3034679e-06
0.00090440432
9.3814841e-06
0.00090448996
9.4140074e-06
0.00090456818
9.4020099e-06
0.00090463831
9.3486264e-06
0.00090470002
9.2586374e-06
0.00090475336
9.1377541e-06
0.00090479865
8.9919308e-06
0.00090483643
8.8268756e-06
0.00090486734
8.647731e-06
0.00090489207
8.4589312e-06
0.00090491134
8.2642487e-06
0.00090492582
8.0668374e-06
0.00090493617
7.8692168e-06
0.00090494299
7.6733235e-06
0.0009049468
7.4806199e-06
0.00090494808
7.2921858e-06
0.00090494724
7.108791e-06
0.00090494464
6.9309567e-06
0.00090494058
6.7590067e-06
0.00090493535
6.5931172e-06
0.00090492917
6.4333561e-06
0.00090492223
6.2797004e-06
0.0009049147
6.1320413e-06
0.00090490674
5.9902174e-06
0.00090489844
5.8540524e-06
0.00090488993
5.7233489e-06
0.00090488127
5.5978809e-06
0.00090487256
5.4774242e-06
0.00090486383
5.3617541e-06
0.00090485515
5.2506415e-06
0.00090484656
5.1438678e-06
0.00090483809
5.0412176e-06
0.00090482977
4.9424837e-06
0.00090482163
4.847466e-06
0.00090481367
4.7559705e-06
0.00090480592
4.667817e-06
0.00090479839
4.5828348e-06
0.00090479109
4.5008617e-06
0.00090478402
4.421742e-06
0.00090477719
4.3453291e-06
0.0009047706
4.2714827e-06
0.00090476426
4.2000716e-06
0.00090475816
4.1309745e-06
0.0009047523
4.0640816e-06
0.00090474668
3.9992873e-06
0.0009047413
3.9364848e-06
0.00090473615
3.8755756e-06
0.00090473124
3.8164799e-06
0.00090472656
3.7591223e-06
0.00090472211
3.7034271e-06
0.00090471787
3.6493208e-06
0.00090471386
3.5967402e-06
0.00090471005
3.5456292e-06
0.00090470646
3.495936e-06
0.00090470307
3.4476109e-06
0.00090469988
3.4006053e-06
0.00090469688
3.3548778e-06
0.00090469407
3.3103869e-06
0.00090469145
3.2670943e-06
0.00090468902
3.2249605e-06
0.00090468676
3.1839457e-06
0.00090468467
3.1440174e-06
0.00090468276
3.1051439e-06
0.000904681
3.0672999e-06
0.00090467941
3.0304615e-06
0.00090467797
2.9945993e-06
0.00090467669
2.9596918e-06
0.00090467555
2.9256533e-06
0.00090467452
2.8926534e-06
0.00090467377
2.8629566e-06
0.00090467291
2.8256873e-06
0.00090467229
2.7980668e-06
0.00090467183
2.7688848e-06
0.00090467138
2.7388359e-06
0.00090467118
2.7151347e-06
0.00090467096
2.6851267e-06
0.00090467084
2.6590104e-06
0.0009046708
2.6336319e-06
0.0009046708
2.6091628e-06
0.00090467084
2.5859994e-06
0.00090467086
2.5639839e-06
0.00090467085
2.5449396e-06
0.00090467062
2.5281861e-06
0.00090467083
2.5162868e-06
0.00090466864
2.4617149e-06
0.00090467371
2.7928726e-06
2.3140929e-06
0.00092850285
5.5243647e-06
-0.00092843024
0.00092858758
5.9679693e-06
0.00092868242
6.4025111e-06
0.00092878465
6.8181064e-06
0.00092889154
7.2079177e-06
0.00092900088
7.5687705e-06
0.00092911111
7.8998726e-06
0.0009292212
8.2009261e-06
0.00092933032
8.4710898e-06
0.00092943785
8.7089262e-06
0.00092954315
8.9124357e-06
0.0009296455
9.0788866e-06
0.00092974391
9.2050607e-06
0.0009298372
9.2881891e-06
0.0009299242
9.3270087e-06
0.00093000389
9.3223226e-06
0.00093007555
9.2769616e-06
0.00093013885
9.195341e-06
0.00093019378
9.0828216e-06
0.00093024064
8.9450724e-06
0.00093027992
8.7875958e-06
0.00093031224
8.6154101e-06
0.00093033828
8.4328934e-06
0.00093035873
8.2438006e-06
0.00093037427
8.0512938e-06
0.00093038556
7.8579276e-06
0.00093039319
7.6656916e-06
0.00093039771
7.4761068e-06
0.00093039958
7.2903119e-06
0.00093039924
7.1091339e-06
0.00093039705
6.9331471e-06
0.00093039333
6.7627245e-06
0.00093038836
6.5980859e-06
0.00093038238
6.4393371e-06
0.00093037559
6.2864881e-06
0.00093036817
6.1394614e-06
0.00093036027
5.9981227e-06
0.000930352
5.8623172e-06
0.00093034348
5.7318659e-06
0.00093033481
5.6065606e-06
0.00093032604
5.4861908e-06
0.00093031725
5.3705437e-06
0.00093030849
5.2594011e-06
0.0009302998
5.1525527e-06
0.00093029123
5.0497908e-06
0.0009302828
4.9509148e-06
0.00093027454
4.8557299e-06
0.00093026646
4.764047e-06
0.00093025859
4.67569e-06
0.00093025093
4.5904914e-06
0.0009302435
4.5082919e-06
0.0009302363
4.4289383e-06
0.00093022935
4.352286e-06
0.00093022263
4.2781969e-06
0.00093021616
4.2065412e-06
0.00093020994
4.1371987e-06
0.00093020396
4.0700606e-06
0.00093019823
4.0050219e-06
0.00093019273
3.9419771e-06
0.00093018748
3.8808285e-06
0.00093018246
3.8214962e-06
0.00093017768
3.7639051e-06
0.00093017313
3.7079801e-06
0.0009301688
3.6536481e-06
0.00093016469
3.600846e-06
0.00093016081
3.5495179e-06
0.00093015713
3.4996121e-06
0.00093015366
3.4510787e-06
0.0009301504
3.4038694e-06
0.00093014733
3.3579426e-06
0.00093014446
3.3132567e-06
0.00093014178
3.2697735e-06
0.00093013929
3.2274533e-06
0.00093013698
3.1862565e-06
0.00093013485
3.1461507e-06
0.00093013289
3.1071041e-06
0.0009301311
3.0690918e-06
0.00093012947
3.0320894e-06
0.000930128
2.9960685e-06
0.00093012668
2.9610066e-06
0.00093012552
2.9268201e-06
0.00093012447
2.8937021e-06
0.00093012371
2.8637194e-06
0.00093012283
2.826562e-06
0.0009301222
2.7986981e-06
0.00093012173
2.7693556e-06
0.00093012127
2.7392917e-06
0.00093012107
2.715341e-06
0.00093012084
2.6853483e-06
0.00093012073
2.6591229e-06
0.00093012069
2.6336742e-06
0.0009301207
2.6091546e-06
0.00093012074
2.5859625e-06
0.00093012077
2.5639527e-06
0.00093012076
2.5449469e-06
0.00093012053
2.5284188e-06
0.00093012073
2.5160872e-06
0.00093011854
2.4638967e-06
0.00093012361
2.7878091e-06
2.3232077e-06
0.00095464715
5.4523671e-06
-0.00095457515
0.00095473099
5.8841261e-06
0.00095482484
6.3086597e-06
0.00095492624
6.7167054e-06
0.00095503264
7.101526e-06
0.00095514186
7.4595463e-06
0.00095525235
7.7893856e-06
0.00095536298
8.0902918e-06
0.0009554729
8.3611722e-06
0.00095558138
8.6004472e-06
0.00095568774
8.8060707e-06
0.00095579122
8.9754149e-06
0.00095589081
9.1054699e-06
0.00095598536
9.1936338e-06
0.00095607371
9.2386564e-06
0.00095615485
9.2411832e-06
0.00095622806
9.2037589e-06
0.00095629295
9.1304501e-06
0.00095634949
9.0262763e-06
0.00095639794
8.8966226e-06
0.00095643876
8.7467821e-06
0.00095647252
8.5816411e-06
0.00095649991
8.4055125e-06
0.00095652158
8.2221263e-06
0.00095653823
8.0346474e-06
0.00095655049
7.8456602e-06
0.00095655898
7.6572029e-06
0.00095656424
7.4708523e-06
0.00095656674
7.2878045e-06
0.00095656694
7.1089423e-06
0.00095656519
6.934893e-06
0.00095656184
6.7660786e-06
0.00095655716
6.6027632e-06
0.0009565514
6.4450904e-06
0.00095654479
6.2931044e-06
0.00095653749
6.1467593e-06
0.00095652966
6.0059485e-06
0.00095652144
5.8705392e-06
0.00095651294
5.7403719e-06
0.00095650424
5.6152562e-06
0.00095649544
5.4949963e-06
0.00095648659
5.3793916e-06
0.00095647775
5.2682349e-06
0.00095646898
5.1613252e-06
0.00095646031
5.0584626e-06
0.00095645177
4.959453e-06
0.00095644339
4.8641076e-06
0.0009564352
4.7722427e-06
0.0009564272
4.6836859e-06
0.00095641942
4.5982734e-06
0.00095641186
4.5158488e-06
0.00095640454
4.4362618e-06
0.00095639746
4.3593699e-06
0.00095639062
4.285037e-06
0.00095638402
4.213135e-06
0.00095637768
4.1435451e-06
0.00095637158
4.0761593e-06
0.00095636573
4.0108733e-06
0.00095636012
3.947583e-06
0.00095635476
3.8861915e-06
0.00095634963
3.826619e-06
0.00095634475
3.7687907e-06
0.0009563401
3.7126318e-06
0.00095633567
3.65807e-06
0.00095633148
3.6050424e-06
0.0009563275
3.553493e-06
0.00095632374
3.5033702e-06
0.0009563202
3.4546243e-06
0.00095631686
3.407207e-06
0.00095631373
3.3610766e-06
0.00095631079
3.3161916e-06
0.00095630805
3.2725135e-06
0.0009563055
3.2300027e-06
0.00095630314
3.1886198e-06
0.00095630096
3.1483323e-06
0.00095629895
3.1091087e-06
0.00095629712
3.0709239e-06
0.00095629546
3.0337538e-06
0.00095629396
2.9975702e-06
0.00095629261
2.9623502e-06
0.00095629142
2.9280123e-06
0.00095629035
2.8947708e-06
0.00095628957
2.8645027e-06
0.00095628868
2.8274503e-06
0.00095628804
2.799341e-06
0.00095628756
2.7698363e-06
0.0009562871
2.7397528e-06
0.00095628689
2.7155504e-06
0.00095628666
2.6855703e-06
0.00095628655
2.6592342e-06
0.00095628651
2.6337133e-06
0.00095628653
2.6091422e-06
0.00095628657
2.5859204e-06
0.0009562866
2.5639168e-06
0.0009562866
2.5449502e-06
0.00095628637
2.5286475e-06
0.00095628656
2.5159003e-06
0.00095628438
2.4660712e-06
0.00095628944
2.7827576e-06
2.3323272e-06
0.00098152739
5.3809517e-06
-0.00098145598
0.00098161037
5.8011491e-06
0.00098170326
6.2157701e-06
0.00098180382
6.616145e-06
0.00098190967
6.9956822e-06
0.00098201871
7.350504e-06
0.00098212936
7.678729e-06
0.00098224047
7.9791886e-06
0.00098235109
8.2505451e-06
0.00098246046
8.491082e-06
0.00098256783
8.6987041e-06
0.00098267238
8.8708636e-06
0.00098277312
9.0047277e-06
0.00098286891
9.0978413e-06
0.0009829586
9.1489661e-06
0.00098304118
9.1586007e-06
0.00098311592
9.1290203e-06
0.00098318241
9.0639587e-06
0.00098324059
8.9681038e-06
0.00098329065
8.846559e-06
0.00098333303
8.7044048e-06
0.00098336828
8.5463884e-06
0.00098339705
8.3767485e-06
0.00098341999
8.1991833e-06
0.00098343778
8.0168544e-06
0.00098345107
7.8323708e-06
0.00098346046
7.6478146e-06
0.0009834665
7.4648154e-06
0.00098346968
7.2846246e-06
0.00098347044
7.1081799e-06
0.00098346917
6.9361609e-06
0.00098346621
6.7690385e-06
0.00098346185
6.6071211e-06
0.00098345635
6.450591e-06
0.00098344993
6.2995269e-06
0.00098344277
6.1539149e-06
0.00098343505
6.0136769e-06
0.00098342688
5.8787029e-06
0.0009834184
5.7488532e-06
0.0009834097
5.6239561e-06
0.00098340087
5.5038304e-06
0.00098339197
5.3882889e-06
0.00098338307
5.2771357e-06
0.00098337421
5.1701791e-06
0.00098336545
5.0672275e-06
0.00098335681
4.968094e-06
0.00098334832
4.8725958e-06
0.00098334001
4.7805546e-06
0.00098333189
4.6918024e-06
0.00098332399
4.606179e-06
0.0009833163
4.5235313e-06
0.00098330885
4.4437117e-06
0.00098330164
4.3665802e-06
0.00098329468
4.2920028e-06
0.00098328796
4.2198533e-06
0.00098328149
4.1500141e-06
0.00098327527
4.0823782e-06
0.0009832693
4.0168422e-06
0.00098326358
3.9533033e-06
0.00098325811
3.8916655e-06
0.00098325288
3.8318492e-06
0.00098324789
3.7737799e-06
0.00098324314
3.7173834e-06
0.00098323862
3.6625877e-06
0.00098323433
3.6093303e-06
0.00098323027
3.5575554e-06
0.00098322643
3.5072115e-06
0.0009832228
3.4582488e-06
0.00098321939
3.4106193e-06
0.00098321619
3.364281e-06
0.00098321319
3.3191925e-06
0.00098321038
3.2753153e-06
0.00098320778
3.2326096e-06
0.00098320536
3.1910364e-06
0.00098320313
3.150563e-06
0.00098320108
3.1111583e-06
0.00098319921
3.0727969e-06
0.00098319751
3.035455e-06
0.00098319597
2.9991049e-06
0.0009831946
2.9637229e-06
0.00098319338
2.9292304e-06
0.00098319229
2.8958597e-06
0.00098319149
2.8653068e-06
0.00098319059
2.8283521e-06
0.00098318993
2.7999955e-06
0.00098318944
2.7703269e-06
0.00098318898
2.7402188e-06
0.00098318876
2.7157631e-06
0.00098318854
2.6857926e-06
0.00098318843
2.6593441e-06
0.00098318839
2.6337491e-06
0.00098318841
2.6091251e-06
0.00098318846
2.5858728e-06
0.0009831885
2.5638758e-06
0.0009831885
2.5449491e-06
0.00098318828
2.5288718e-06
0.00098318845
2.5157301e-06
0.00098318627
2.4682467e-06
0.00098319132
2.7777042e-06
2.3414355e-06
0.0010091643
5.3100967e-06
-0.0010090934
0.0010092464
5.7190105e-06
0.0010093384
6.1238247e-06
0.0010094381
6.5164338e-06
0.0010095433
6.8904278e-06
0.0010096521
7.2417108e-06
0.0010097629
7.567983e-06
0.0010098743
7.8677001e-06
0.0010099856
8.1392897e-06
0.0010100958
8.3809035e-06
0.0010102041
8.590396e-06
0.0010103097
8.7652796e-06
0.0010104115
8.9028689e-06
0.0010105085
9.0008375e-06
0.0010105995
9.0579563e-06
0.0010106836
9.0745868e-06
0.0010107598
9.0527501e-06
0.0010108279
8.9958629e-06
0.0010108877
8.9082917e-06
0.0010109394
8.7948608e-06
0.0010109834
8.6604354e-06
0.0010110202
8.5096172e-06
0.0010110504
8.3465621e-06
0.0010110746
8.174929e-06
0.0010110936
7.9978706e-06
0.001011108
7.8180148e-06
0.0010111183
7.6374827e-06
0.0010111251
7.4579536e-06
0.001011129
7.2807319e-06
0.0010111304
7.1068088e-06
0.0010111297
6.9369157e-06
0.0010111271
6.771572e-06
0.0010111231
6.6111303e-06
0.0010111179
6.4558123e-06
0.0010111117
6.3057318e-06
0.0010111047
6.1609071e-06
0.0010110971
6.0212892e-06
0.001011089
5.8867916e-06
0.0010110806
5.7572952e-06
0.0010110719
5.6326473e-06
0.001011063
5.5126822e-06
0.0010110541
5.3972261e-06
0.0010110451
5.2860951e-06
0.0010110362
5.1791072e-06
0.0010110273
5.0760798e-06
0.0010110186
4.9768329e-06
0.00101101
4.8811904e-06
0.0010110016
4.7889795e-06
0.0010109933
4.7000368e-06
0.0010109853
4.6142062e-06
0.0010109775
4.5313377e-06
0.0010109699
4.451287e-06
0.0010109626
4.3739163e-06
0.0010109555
4.2990941e-06
0.0010109487
4.2266959e-06
0.0010109421
4.1566058e-06
0.0010109357
4.0887176e-06
0.0010109296
4.0229292e-06
0.0010109238
3.9591387e-06
0.0010109182
3.8972514e-06
0.0010109129
3.8371878e-06
0.0010109078
3.7788738e-06
0.0010109029
3.7222357e-06
0.0010108983
3.6672021e-06
0.0010108939
3.6137109e-06
0.0010108898
3.5617063e-06
0.0010108859
3.5111369e-06
0.0010108822
3.4619532e-06
0.0010108787
3.4141071e-06
0.0010108754
3.3675567e-06
0.0010108723
3.3222604e-06
0.0010108695
3.2781796e-06
0.0010108668
3.2352748e-06
0.0010108643
3.193507e-06
0.001010862
3.1528436e-06
0.00101086
3.1132534e-06
0.001010858
3.0747114e-06
0.0010108563
3.0371937e-06
0.0010108547
3.000673e-06
0.0010108533
2.9651252e-06
0.0010108521
2.9304746e-06
0.001010851
2.8969691e-06
0.0010108502
2.8661318e-06
0.0010108492
2.8292674e-06
0.0010108486
2.8006617e-06
0.0010108481
2.7708278e-06
0.0010108476
2.7406894e-06
0.0010108474
2.7159792e-06
0.0010108472
2.6860147e-06
0.0010108471
2.6594525e-06
0.001010847
2.6337811e-06
0.001010847
2.6091033e-06
0.0010108471
2.5858195e-06
0.0010108471
2.5638296e-06
0.0010108471
2.5449435e-06
0.0010108469
2.5290904e-06
0.0010108471
2.5155799e-06
0.0010108449
2.470425e-06
0.00101085
2.7726347e-06
2.3505509e-06
0.0010375791
5.2397817e-06
-0.0010375088
0.0010376604
5.6376838e-06
0.0010377514
6.0328061e-06
0.0010378503
6.4175788e-06
0.0010379549
6.7858007e-06
0.0010380634
7.1332309e-06
0.0010381741
7.4572263e-06
0.0010382859
7.7559098e-06
0.0010383977
8.0274881e-06
0.0010385086
8.2699869e-06
0.0010386178
8.4812097e-06
0.0010387244
8.6587128e-06
0.0010388273
8.7999322e-06
0.0010389255
8.9026515e-06
0.0010390178
8.9656483e-06
0.0010391033
8.9891556e-06
0.0010391811
8.9749551e-06
0.0010392508
8.9261616e-06
0.0010393122
8.8468301e-06
0.0010393656
8.7415093e-06
0.0010394112
8.6148472e-06
0.0010394495
8.4712938e-06
0.0010394811
8.3149146e-06
0.0010395067
8.1493214e-06
0.001039527
7.9776518e-06
0.0010395424
7.802547e-06
0.0010395537
7.6261627e-06
0.0010395615
7.4502236e-06
0.0010395661
7.2760851e-06
0.0010395681
7.1047902e-06
0.0010395679
6.9371211e-06
0.0010395659
6.7736455e-06
0.0010395622
6.6147603e-06
0.0010395573
6.4607267e-06
0.0010395514
6.3116939e-06
0.0010395445
6.1677133e-06
0.0010395371
6.0287653e-06
0.0010395291
5.8947877e-06
0.0010395207
5.7656824e-06
0.001039512
5.6413161e-06
0.0010395032
5.5215397e-06
0.0010394942
5.4061928e-06
0.0010394852
5.2951042e-06
0.0010394762
5.1881021e-06
0.0010394673
5.0850128e-06
0.0010394584
4.9856642e-06
0.0010394497
4.8898867e-06
0.0010394412
4.7975136e-06
0.0010394328
4.7083863e-06
0.0010394247
4.6223526e-06
0.0010394168
4.5392663e-06
0.0010394091
4.4589862e-06
0.0010394016
4.3813773e-06
0.0010393944
4.3063102e-06
0.0010393874
4.2336626e-06
0.0010393807
4.1633201e-06
0.0010393743
4.0951778e-06
0.001039368
4.0291345e-06
0.0010393621
3.9650898e-06
0.0010393564
3.9029498e-06
0.001039351
3.8426355e-06
0.0010393458
3.7840732e-06
0.0010393408
3.7271896e-06
0.0010393361
3.6719143e-06
0.0010393316
3.6181852e-06
0.0010393274
3.5659467e-06
0.0010393234
3.5151476e-06
0.0010393196
3.4657385e-06
0.001039316
3.4176715e-06
0.0010393127
3.3709045e-06
0.0010393095
3.3253961e-06
0.0010393066
3.2811074e-06
0.0010393039
3.2379991e-06
0.0010393014
3.1960324e-06
0.001039299
3.1551746e-06
0.0010392969
3.1153948e-06
0.0010392949
3.0766679e-06
0.0010392931
3.0389703e-06
0.0010392915
3.002275e-06
0.0010392901
2.9665573e-06
0.0010392888
2.9317451e-06
0.0010392877
2.8980991e-06
0.0010392869
2.8669782e-06
0.0010392859
2.830196e-06
0.0010392853
2.8013397e-06
0.0010392847
2.7713389e-06
0.0010392843
2.741164e-06
0.0010392841
2.7161988e-06
0.0010392838
2.6862362e-06
0.0010392837
2.6595591e-06
0.0010392837
2.6338092e-06
0.0010392837
2.6090762e-06
0.0010392838
2.58576e-06
0.0010392838
2.5637777e-06
0.0010392838
2.544933e-06
0.0010392836
2.5293025e-06
0.0010392838
2.5154519e-06
0.0010392816
2.4726086e-06
0.0010392867
2.7675367e-06
2.3596885e-06
0.0010667937
5.1699875e-06
-0.0010667239
0.0010668742
5.5571437e-06
0.0010669643
5.9426971e-06
0.0010670623
6.3195852e-06
0.0010671663
6.6818358e-06
0.0010672744
7.0251251e-06
0.0010673851
7.3465356e-06
0.0010674971
7.6439007e-06
0.0010676094
7.915223e-06
0.0010677209
8.1584089e-06
0.0010678309
8.3712111e-06
0.0010679384
8.5512162e-06
0.0010680424
8.695959e-06
0.0010681417
8.8033156e-06
0.0010682353
8.8720665e-06
0.0010683222
8.9023241e-06
0.0010684015
8.895645e-06
0.0010684728
8.8548559e-06
0.0010685359
8.7837112e-06
0.0010685909
8.6864878e-06
0.0010686381
8.5676151e-06
0.0010686781
8.4313862e-06
0.0010687112
8.281768e-06
0.0010687382
8.1223184e-06
0.0010687597
7.9561536e-06
0.0010687763
7.7859222e-06
0.0010687887
7.613809e-06
0.0010687973
7.441581e-06
0.0010688028
7.2706414e-06
0.0010688055
7.1020835e-06
0.0010688059
6.9367392e-06
0.0010688043
6.7752241e-06
0.0010688011
6.6179788e-06
0.0010687965
6.4653047e-06
0.0010687908
6.3173867e-06
0.0010687842
6.1743098e-06
0.0010687769
6.036084e-06
0.001068769
5.902672e-06
0.0010687607
5.7739978e-06
0.001068752
5.6499479e-06
0.0010687432
5.5303899e-06
0.0010687342
5.4151778e-06
0.0010687252
5.3041533e-06
0.0010687161
5.1971553e-06
0.0010687071
5.0940195e-06
0.0010686982
4.9945818e-06
0.0010686894
4.8986797e-06
0.0010686807
4.8061527e-06
0.0010686723
4.7168471e-06
0.001068664
4.6306154e-06
0.001068656
4.5473148e-06
0.0010686482
4.4668077e-06
0.0010686406
4.3889617e-06
0.0010686332
4.3136502e-06
0.0010686261
4.2407529e-06
0.0010686193
4.1701569e-06
0.0010686127
4.1017588e-06
0.0010686064
4.0354584e-06
0.0010686003
3.9711568e-06
0.0010685945
3.9087613e-06
0.001068589
3.848193e-06
0.0010685837
3.7893788e-06
0.0010685786
3.7322462e-06
0.0010685738
3.6767251e-06
0.0010685692
3.622754e-06
0.0010685649
3.5702774e-06
0.0010685608
3.5192444e-06
0.0010685569
3.4696056e-06
0.0010685533
3.4213133e-06
0.0010685499
3.3743254e-06
0.0010685467
3.3286004e-06
0.0010685437
3.2840995e-06
0.0010685409
3.2407833e-06
0.0010685383
3.1986132e-06
0.0010685359
3.1575567e-06
0.0010685337
3.117583e-06
0.0010685317
3.078667e-06
0.0010685299
3.0407852e-06
0.0010685283
3.0039113e-06
0.0010685268
2.9680197e-06
0.0010685255
2.9330422e-06
0.0010685244
2.89925e-06
0.0010685235
2.8678462e-06
0.0010685226
2.831138e-06
0.0010685219
2.8020294e-06
0.0010685213
2.7718603e-06
0.0010685209
2.7416426e-06
0.0010685206
2.7164218e-06
0.0010685204
2.6864569e-06
0.0010685203
2.6596637e-06
0.0010685203
2.6338329e-06
0.0010685203
2.6090437e-06
0.0010685204
2.5856939e-06
0.0010685205
2.5637198e-06
0.0010685205
2.5449172e-06
0.0010685203
2.5295068e-06
0.0010685204
2.5153453e-06
0.0010685182
2.4748037e-06
0.0010685233
2.7624054e-06
2.3688576e-06
0.0010968306
5.1006959e-06
-0.0010967613
0.0010969104
5.4773666e-06
0.0010969996
5.8534811e-06
0.0010970967
6.2224568e-06
0.0010972
6.578565e-06
0.0010973077
6.917451e-06
0.0010974182
7.2359852e-06
0.0010975304
7.5317549e-06
0.001097643
7.8025774e-06
0.0010977552
8.0462475e-06
0.0010978659
8.2604683e-06
0.0010979743
8.4428462e-06
0.0010980793
8.5909943e-06
0.0010981797
8.7028652e-06
0.0010982745
8.7772381e-06
0.0010983628
8.8141125e-06
0.0010984436
8.814832e-06
0.0010985165
8.7819498e-06
0.0010985813
8.7189298e-06
0.001098638
8.6297819e-06
0.0010986869
8.5187162e-06
0.0010987284
8.3898637e-06
0.0010987631
8.2470857e-06
0.0010987915
8.0938789e-06
0.0010988143
7.9333318e-06
0.0010988322
7.7680944e-06
0.0010988456
7.6003757e-06
0.0010988552
7.4319804e-06
0.0010988615
7.2643571e-06
0.0010988649
7.0986472e-06
0.0010988659
6.935731e-06
0.0010988649
6.7762712e-06
0.0010988621
6.6207524e-06
0.0010988579
6.4695156e-06
0.0010988525
6.3227824e-06
0.0010988461
6.1806713e-06
0.001098839
6.0432225e-06
0.0010988312
5.9104246e-06
0.001098823
5.7822237e-06
0.0010988144
5.6585268e-06
0.0010988056
5.5392189e-06
0.0010987966
5.4241689e-06
0.0010987875
5.3132318e-06
0.0010987784
5.2062576e-06
0.0010987694
5.1030919e-06
0.0010987604
5.003579e-06
0.0010987515
4.9075637e-06
0.0010987427
4.8148919e-06
0.0010987342
4.7254155e-06
0.0010987258
4.6389912e-06
0.0010987176
4.5554806e-06
0.0010987097
4.4747493e-06
0.001098702
4.3966682e-06
0.0010986945
4.321113e-06
0.0010986873
4.2479658e-06
0.0010986803
4.1771157e-06
0.0010986736
4.1084603e-06
0.0010986672
4.041901e-06
0.001098661
3.9773402e-06
0.0010986551
3.9146862e-06
0.0010986494
3.8538609e-06
0.001098644
3.7947914e-06
0.0010986389
3.7374059e-06
0.0010986339
3.6816353e-06
0.0010986293
3.6274181e-06
0.0010986249
3.5746994e-06
0.0010986207
3.5234282e-06
0.0010986167
3.4735554e-06
0.001098613
3.4250335e-06
0.0010986095
3.3778203e-06
0.0010986062
3.3318742e-06
0.0010986032
3.2871566e-06
0.0010986003
3.2436281e-06
0.0010985977
3.2012503e-06
0.0010985953
3.1599906e-06
0.001098593
3.1198187e-06
0.001098591
3.0807092e-06
0.0010985891
3.042639e-06
0.0010985875
3.0055822e-06
0.001098586
2.9695126e-06
0.0010985846
2.9343662e-06
0.0010985835
2.900422e-06
0.0010985826
2.8687359e-06
0.0010985816
2.8320932e-06
0.0010985809
2.8027309e-06
0.0010985804
2.7723918e-06
0.0010985799
2.742125e-06
0.0010985797
2.716648e-06
0.0010985795
2.6866764e-06
0.0010985794
2.6597658e-06
0.0010985793
2.633852e-06
0.0010985794
2.6090054e-06
0.0010985795
2.5856208e-06
0.0010985795
2.5636554e-06
0.0010985795
2.5448958e-06
0.0010985793
2.5297019e-06
0.0010985794
2.5152605e-06
0.0010985772
2.4769951e-06
0.0010985824
2.7572469e-06
2.3780877e-06
0.001127713
5.03189e-06
-0.0011276442
0.001127792
5.39833e-06
0.0011278804
5.7651421e-06
0.0011279766
6.1261963e-06
0.0011280792
6.4760171e-06
0.0011281864
6.8102628e-06
0.0011282967
7.1256474e-06
0.0011284089
7.4195534e-06
0.0011285218
7.6896343e-06
0.0011286345
7.9335819e-06
0.0011287459
8.1490519e-06
0.0011288551
8.3336618e-06
0.001128961
8.4850862e-06
0.0011290625
8.6013388e-06
0.0011291586
8.6811938e-06
0.0011292481
8.7245434e-06
0.0011293304
8.7325313e-06
0.0011294049
8.7074499e-06
0.0011294714
8.6524835e-06
0.0011295298
8.5713799e-06
0.0011295804
8.4681294e-06
0.0011296236
8.3466972e-06
0.0011296598
8.2108321e-06
0.0011296897
8.0639623e-06
0.0011297139
7.9091424e-06
0.001129733
7.7490178e-06
0.0011297475
7.5858162e-06
0.0011297582
7.4213759e-06
0.0011297653
7.2571874e-06
0.0011297695
7.0944382e-06
0.0011297712
6.9340559e-06
0.0011297707
6.776749e-06
0.0011297684
6.6230458e-06
0.0011297646
6.4733273e-06
0.0011297596
6.3278516e-06
0.0011297535
6.1867712e-06
0.0011297465
6.0501571e-06
0.0011297389
5.9180239e-06
0.0011297308
5.7903408e-06
0.0011297223
5.6670359e-06
0.0011297135
5.5480117e-06
0.0011297045
5.4331529e-06
0.0011296954
5.3223282e-06
0.0011296863
5.2153991e-06
0.0011296771
5.1122214e-06
0.0011296681
5.0126483e-06
0.0011296591
4.9165323e-06
0.0011296503
4.823726e-06
0.0011296416
4.7340868e-06
0.0011296331
4.6474765e-06
0.0011296248
4.5637607e-06
0.0011296168
4.4828087e-06
0.001129609
4.4044947e-06
0.0011296014
4.3286972e-06
0.001129594
4.2553005e-06
0.001129587
4.1841958e-06
0.0011295801
4.1152821e-06
0.0011295736
4.0484621e-06
0.0011295673
3.9836398e-06
0.0011295612
3.9207248e-06
0.0011295555
3.8596394e-06
0.0011295499
3.8003114e-06
0.0011295447
3.7426695e-06
0.0011295397
3.6866455e-06
0.0011295349
3.6321784e-06
0.0011295304
3.5792134e-06
0.0011295261
3.5276998e-06
0.0011295221
3.4775886e-06
0.0011295183
3.4288328e-06
0.0011295147
3.3813898e-06
0.0011295114
3.3352183e-06
0.0011295082
3.2902795e-06
0.0011295053
3.2465341e-06
0.0011295026
3.2039441e-06
0.0011295002
3.1624769e-06
0.0011294979
3.1221022e-06
0.0011294958
3.0827949e-06
0.0011294939
3.044532e-06
0.0011294922
3.007288e-06
0.0011294907
2.9710364e-06
0.0011294893
2.9357171e-06
0.0011294881
2.901615e-06
0.0011294872
2.8696474e-06
0.0011294862
2.8330616e-06
0.0011294855
2.8034441e-06
0.001129485
2.7729334e-06
0.0011294845
2.7426109e-06
0.0011294843
2.7168771e-06
0.0011294841
2.6868945e-06
0.001129484
2.6598653e-06
0.0011294839
2.633866e-06
0.001129484
2.6089608e-06
0.0011294841
2.5855404e-06
0.0011294841
2.563584e-06
0.0011294842
2.5448683e-06
0.001129484
2.5298856e-06
0.001129484
2.5151996e-06
0.0011294819
2.4791779e-06
0.001129487
2.7520705e-06
2.3873675e-06
0.0011594646
4.963554e-06
-0.0011593962
0.0011595429
5.3200129e-06
0.0011596304
5.6776645e-06
0.0011597257
6.0308055e-06
0.0011598275
6.3742185e-06
0.0011599342
6.7036116e-06
0.0011600443
7.0155913e-06
0.0011601564
7.3073757e-06
0.0011602696
7.5764762e-06
0.0011603827
7.8204921e-06
0.0011604947
8.0370342e-06
0.0011606046
8.2237248e-06
0.0011607114
8.3782857e-06
0.001160814
8.4987783e-06
0.0011609112
8.5839671e-06
0.0011610021
8.6336431e-06
0.0011610859
8.6487611e-06
0.001161162
8.631366e-06
0.0011612301
8.5843726e-06
0.0011612902
8.5112723e-06
0.0011613425
8.4158362e-06
0.0011613873
8.3018597e-06
0.0011614252
8.1729729e-06
0.0011614566
8.032529e-06
0.0011614822
7.883542e-06
0.0011615026
7.7286465e-06
0.0011615183
7.5700834e-06
0.00116153
7.4097204e-06
0.0011615381
7.2490863e-06
0.0011615431
7.0894125e-06
0.0011615455
6.9316719e-06
0.0011615456
6.7766181e-06
0.0011615438
6.6248225e-06
0.0011615405
6.4767061e-06
0.0011615357
6.3325635e-06
0.0011615299
6.1925816e-06
0.0011615232
6.0568624e-06
0.0011615158
5.9254473e-06
0.0011615078
5.798329e-06
0.0011614994
5.675457e-06
0.0011614907
5.5567525e-06
0.0011614817
5.4421158e-06
0.0011614726
5.3314301e-06
0.0011614634
5.2245689e-06
0.0011614542
5.1213987e-06
0.0011614451
5.0217818e-06
0.0011614361
4.9255786e-06
0.0011614271
4.832649e-06
0.0011614184
4.7428561e-06
0.0011614098
4.656067e-06
0.0011614014
4.5721516e-06
0.0011613932
4.4909831e-06
0.0011613853
4.412439e-06
0.0011613776
4.3364009e-06
0.0011613701
4.2627556e-06
0.0011613629
4.1913962e-06
0.001161356
4.1222234e-06
0.0011613493
4.0551414e-06
0.0011613429
3.9900557e-06
0.0011613367
3.9268772e-06
0.0011613308
3.8655289e-06
0.0011613252
3.8059391e-06
0.0011613198
3.7480375e-06
0.0011613147
3.6917564e-06
0.0011613099
3.6370354e-06
0.0011613053
3.58382e-06
0.0011613009
3.5320599e-06
0.0011612968
3.4817062e-06
0.0011612929
3.4327119e-06
0.0011612893
3.3850348e-06
0.0011612859
3.3386333e-06
0.0011612827
3.2934688e-06
0.0011612797
3.2495021e-06
0.0011612769
3.2066954e-06
0.0011612744
3.1650161e-06
0.0011612721
3.1244342e-06
0.0011612699
3.0849247e-06
0.001161268
3.0464647e-06
0.0011612663
3.0090292e-06
0.0011612647
2.9725912e-06
0.0011612633
2.9370952e-06
0.0011612621
2.9028294e-06
0.0011612612
2.8705811e-06
0.0011612602
2.8340429e-06
0.0011612595
2.8041689e-06
0.0011612589
2.7734848e-06
0.0011612584
2.7431001e-06
0.0011612582
2.7171091e-06
0.001161258
2.6871107e-06
0.0011612579
2.6599615e-06
0.0011612579
2.6338747e-06
0.0011612579
2.6089095e-06
0.001161258
2.5854521e-06
0.0011612581
2.5635053e-06
0.0011612581
2.5448342e-06
0.001161258
2.5300557e-06
0.001161258
2.5151654e-06
0.0011612558
2.4813491e-06
0.001161261
2.7468873e-06
2.3966736e-06
0.0011921098
4.8956733e-06
-0.0011920419
0.0011921874
5.2423955e-06
0.001192274
5.5910335e-06
0.0011923686
5.9362849e-06
0.0011924696
6.273193e-06
0.0011925757
6.5975451e-06
0.0011926854
6.9058834e-06
0.0011927974
7.1952994e-06
0.0011929107
7.4631852e-06
0.0011930242
7.7070584e-06
0.0011931367
7.9244889e-06
0.0011932473
8.1130996e-06
0.001193355
8.270647e-06
0.0011934585
8.3952285e-06
0.0011935569
8.4855948e-06
0.0011936491
8.5414406e-06
0.0011937343
8.5635426e-06
0.001193812
8.5537106e-06
0.0011938817
8.5146003e-06
0.0011939436
8.4494525e-06
0.0011939976
8.3618202e-06
0.0011940441
8.2553261e-06
0.0011940836
8.1334758e-06
0.0011941166
7.9995405e-06
0.0011941437
7.8564876e-06
0.0011941654
7.7069347e-06
0.0011941823
7.5531303e-06
0.0011941951
7.3969664e-06
0.0011942041
7.2400072e-06
0.00119421
7.0835248e-06
0.0011942132
6.9285358e-06
0.001194214
6.7758378e-06
0.0011942127
6.6260446e-06
0.0011942098
6.4796166e-06
0.0011942055
6.3368857e-06
0.0011942
6.1980729e-06
0.0011941936
6.0633115e-06
0.0011941863
5.9326705e-06
0.0011941785
5.8061664e-06
0.0011941702
5.6837709e-06
0.0011941615
5.5654238e-06
0.0011941526
5.4510424e-06
0.0011941435
5.3405241e-06
0.0011941343
5.2337554e-06
0.0011941251
5.1306135e-06
0.0011941159
5.0309704e-06
0.0011941068
4.934695e-06
0.0011940978
4.8416543e-06
0.0011940889
4.7517179e-06
0.0011940802
4.664758e-06
0.0011940717
4.5806493e-06
0.0011940634
4.4992691e-06
0.0011940554
4.4204985e-06
0.0011940476
4.3442221e-06
0.00119404
4.2703293e-06
0.0011940327
4.1987156e-06
0.0011940256
4.1292834e-06
0.0011940188
4.0619383e-06
0.0011940123
3.9965875e-06
0.001194006
3.9331433e-06
0.001194
3.8715294e-06
0.0011939943
3.8116749e-06
0.0011939888
3.7535101e-06
0.0011939836
3.6969683e-06
0.0011939786
3.6419897e-06
0.0011939739
3.58852e-06
0.0011939695
3.5365091e-06
0.0011939653
3.4859086e-06
0.0011939613
3.4366716e-06
0.0011939576
3.3887559e-06
0.0011939541
3.34212e-06
0.0011939509
3.2967253e-06
0.0011939478
3.2525327e-06
0.001193945
3.2095047e-06
0.0011939424
3.1676087e-06
0.0011939401
3.1268151e-06
0.0011939379
3.0870988e-06
0.0011939359
3.0484373e-06
0.0011939341
3.0108059e-06
0.0011939325
2.9741774e-06
0.0011939311
2.9385006e-06
0.0011939299
2.9040652e-06
0.0011939289
2.8715369e-06
0.001193928
2.8350372e-06
0.0011939272
2.8049053e-06
0.0011939267
2.7740461e-06
0.0011939262
2.7435923e-06
0.0011939259
2.7173437e-06
0.0011939257
2.6873247e-06
0.0011939256
2.6600543e-06
0.0011939256
2.6338776e-06
0.0011939257
2.6088509e-06
0.0011939258
2.5853554e-06
0.0011939259
2.5634186e-06
0.0011939259
2.5447932e-06
0.0011939257
2.5302107e-06
0.0011939257
2.5151611e-06
0.0011939236
2.4835041e-06
0.0011939288
2.7417042e-06
2.4059871e-06
0.0012256738
4.8282345e-06
-0.0012256064
0.0012257508
5.1654595e-06
0.0012258366
5.5052347e-06
0.0012259302
5.8426347e-06
0.0012260305
6.1729622e-06
0.0012261359
6.4921078e-06
0.0012262452
6.7965873e-06
0.0012263571
7.0834002e-06
0.0012264704
7.3498422e-06
0.0012265841
7.5933615e-06
0.0012266971
7.8114914e-06
0.0012268084
8.0018526e-06
0.0012269168
8.162227e-06
0.0012270213
8.2907374e-06
0.0012271208
8.3861168e-06
0.0012272142
8.4479681e-06
0.0012273009
8.4769002e-06
0.0012273801
8.4744995e-06
0.0012274515
8.4431728e-06
0.0012275151
8.3859168e-06
0.0012275708
8.306068e-06
0.0012276191
8.2070736e-06
0.0012276602
8.0923098e-06
0.0012276948
7.9649597e-06
0.0012277234
7.8279371e-06
0.0012277465
7.6838369e-06
0.0012277647
7.5349093e-06
0.0012277786
7.383066e-06
0.0012277887
7.2299024e-06
0.0012277955
7.0767287e-06
0.0012277994
6.9246032e-06
0.0012278009
6.7743659e-06
0.0012278002
6.6266724e-06
0.0012277978
6.4820223e-06
0.0012277939
6.3407844e-06
0.0012277888
6.2032141e-06
0.0012277826
6.0694764e-06
0.0012277756
5.939668e-06
0.001227768
5.8138302e-06
0.0012277598
5.6919569e-06
0.0012277512
5.5740075e-06
0.0012277423
5.4599162e-06
0.0012277333
5.3495959e-06
0.0012277241
5.2429458e-06
0.0012277148
5.1398547e-06
0.0012277056
5.0402045e-06
0.0012276964
4.9438729e-06
0.0012276873
4.8507346e-06
0.0012276784
4.7606658e-06
0.0012276696
4.6735442e-06
0.001227661
4.5892494e-06
0.0012276526
4.5076631e-06
0.0012276444
4.42867e-06
0.0012276365
4.3521582e-06
0.0012276288
4.2780198e-06
0.0012276214
4.2061526e-06
0.0012276142
4.1364608e-06
0.0012276073
4.0688518e-06
0.0012276006
4.0032345e-06
0.0012275943
3.9395227e-06
0.0012275881
3.8776408e-06
0.0012275823
3.8175187e-06
0.0012275767
3.7590876e-06
0.0012275714
3.7022817e-06
0.0012275664
3.6470416e-06
0.0012275616
3.5933137e-06
0.001227557
3.541048e-06
0.0012275527
3.4901964e-06
0.0012275487
3.4407124e-06
0.0012275449
3.3925536e-06
0.0012275413
3.3456789e-06
0.001227538
3.3000494e-06
0.0012275349
3.2556264e-06
0.0012275321
3.2123724e-06
0.0012275294
3.1702552e-06
0.001227527
3.1292453e-06
0.0012275248
3.0893177e-06
0.0012275227
3.0504502e-06
0.0012275209
3.0126184e-06
0.0012275193
2.975795e-06
0.0012275179
2.9399334e-06
0.0012275166
2.9053224e-06
0.0012275156
2.8725149e-06
0.0012275146
2.8360442e-06
0.0012275139
2.805653e-06
0.0012275133
2.7746169e-06
0.0012275128
2.7440871e-06
0.0012275126
2.7175806e-06
0.0012275124
2.6875361e-06
0.0012275123
2.660143e-06
0.0012275123
2.6338742e-06
0.0012275124
2.6087845e-06
0.0012275125
2.5852499e-06
0.0012275126
2.5633235e-06
0.0012275126
2.5447451e-06
0.0012275125
2.5303492e-06
0.0012275124
2.5151887e-06
0.0012275103
2.4856397e-06
0.0012275155
2.7365284e-06
2.4152905e-06
0.0012601825
4.7612253e-06
-0.0012601155
0.0012602588
5.0891878e-06
0.0012603438
5.4202545e-06
0.0012604365
5.7498541e-06
0.001260536
6.0735453e-06
0.0012606407
6.3873412e-06
0.0012607495
6.6877634e-06
0.0012608612
6.9717512e-06
0.0012609745
7.2365268e-06
0.0012610884
7.4794815e-06
0.0012612018
7.6981178e-06
0.0012613136
7.8900524e-06
0.0012614227
8.0530853e-06
0.0012615281
8.185356e-06
0.0012616286
8.2855763e-06
0.0012617233
8.3532613e-06
0.0012618114
8.3888616e-06
0.0012618921
8.3937516e-06
0.0012619652
8.3700997e-06
0.0012620304
8.3206647e-06
0.0012620879
8.2485687e-06
0.0012621379
8.157082e-06
0.0012621808
8.0494464e-06
0.001262217
7.9287507e-06
0.0012622471
7.7978494e-06
0.0012622716
7.6593081e-06
0.0012622912
7.515373e-06
0.0012623063
7.3679706e-06
0.0012623174
7.2187234e-06
0.0012623252
7.0689767e-06
0.00126233
6.9198282e-06
0.0012623322
6.7721589e-06
0.0012623322
6.6266649e-06
0.0012623303
6.4838849e-06
0.0012623269
6.3442241e-06
0.0012623221
6.2079726e-06
0.0012623163
6.0753273e-06
0.0012623095
5.9464129e-06
0.0012623021
5.8212959e-06
0.001262294
5.6999931e-06
0.0012622855
5.5824839e-06
0.0012622767
5.46872e-06
0.0012622677
5.3586299e-06
0.0012622585
5.2521264e-06
0.0012622493
5.1491102e-06
0.00126224
5.0494736e-06
0.0012622308
4.9531033e-06
0.0012622216
4.8598822e-06
0.0012622126
4.769693e-06
0.0012622037
4.6824197e-06
0.001262195
4.5979468e-06
0.0012621865
4.5161608e-06
0.0012621782
4.4369501e-06
0.0012621702
4.3602063e-06
0.0012621624
4.2858246e-06
0.0012621548
4.2137052e-06
0.0012621475
4.1437542e-06
0.0012621405
4.075881e-06
0.0012621338
4.0099961e-06
0.0012621273
3.9460149e-06
0.001262121
3.8838628e-06
0.0012621151
3.8234705e-06
0.0012621094
3.7647701e-06
0.001262104
3.7076967e-06
0.0012620988
3.6521916e-06
0.001262094
3.5982015e-06
0.0012620893
3.545677e-06
0.001262085
3.4945702e-06
0.0012620808
3.4448348e-06
0.001262077
3.3964286e-06
0.0012620733
3.3493105e-06
0.0012620699
3.3034417e-06
0.0012620668
3.2587836e-06
0.0012620638
3.2152992e-06
0.0012620611
3.1729561e-06
0.0012620587
3.1317252e-06
0.0012620564
3.0915817e-06
0.0012620543
3.0525036e-06
0.0012620525
3.014467e-06
0.0012620508
2.9774443e-06
0.0012620494
2.9413936e-06
0.0012620481
2.9066011e-06
0.0012620471
2.8735151e-06
0.0012620461
2.8370636e-06
0.0012620453
2.806412e-06
0.0012620448
2.775197e-06
0.0012620443
2.7445843e-06
0.001262044
2.7178196e-06
0.0012620438
2.6877444e-06
0.0012620437
2.6602273e-06
0.0012620437
2.6338641e-06
0.0012620438
2.6087097e-06
0.0012620439
2.5851351e-06
0.001262044
2.5632192e-06
0.0012620441
2.5446893e-06
0.001262044
2.5304699e-06
0.0012620439
2.5152498e-06
0.0012620418
2.4877539e-06
0.0012620469
2.7313652e-06
2.4245682e-06
0.0012956624
4.6946347e-06
-0.0012955958
0.001295738
5.0135646e-06
0.0012958222
5.3360803e-06
0.0012959141
5.6579419e-06
0.0012960127
5.9749597e-06
0.0012961168
6.2832837e-06
0.001296225
6.5794687e-06
0.0012963364
6.860423e-06
0.0012964496
7.1233171e-06
0.0012965636
7.3654985e-06
0.0012966772
7.5844448e-06
0.0012967895
7.7777692e-06
0.0012968993
7.9432841e-06
0.0012970055
8.0791382e-06
0.0012971071
8.1840194e-06
0.001297203
8.2573588e-06
0.0012972924
8.2994575e-06
0.0012973747
8.3114893e-06
0.0012974494
8.2953936e-06
0.0012975163
8.2536984e-06
0.0012975756
8.1893144e-06
0.0012976273
8.1053335e-06
0.0012976719
8.0048589e-06
0.0012977098
7.8908796e-06
0.0012977415
7.7661845e-06
0.0012977675
7.633304e-06
0.0012977884
7.4944744e-06
0.0012978047
7.3516317e-06
0.001297817
7.2064214e-06
0.0012978258
7.0602207e-06
0.0012978314
6.9141641e-06
0.0012978344
6.7691719e-06
0.0012978351
6.6259797e-06
0.0012978338
6.4851645e-06
0.0012978309
6.3471679e-06
0.0012978265
6.2123144e-06
0.001297821
6.0808329e-06
0.0012978146
5.9528767e-06
0.0012978073
5.8285378e-06
0.0012977995
5.7078563e-06
0.0012977911
5.5908321e-06
0.0012977824
5.4774349e-06
0.0012977734
5.3676095e-06
0.0012977643
5.2612825e-06
0.001297755
5.1583671e-06
0.0012977457
5.0587662e-06
0.0012977364
4.9623762e-06
0.0012977272
4.8690881e-06
0.0012977181
4.778792e-06
0.0012977092
4.691378e-06
0.0012977004
4.6067361e-06
0.0012976918
4.5247575e-06
0.0012976834
4.4453348e-06
0.0012976753
4.3683631e-06
0.0012976673
4.293741e-06
0.0012976597
4.2213711e-06
0.0012976523
4.1511619e-06
0.0012976451
4.0830243e-06
0.0012976382
4.0168711e-06
0.0012976316
3.9526192e-06
0.0012976253
3.8901949e-06
0.0012976193
3.8295299e-06
0.0012976135
3.7705573e-06
0.0012976079
3.7132132e-06
0.0012976027
3.6574396e-06
0.0012975977
3.6031837e-06
0.001297593
3.5503964e-06
0.0012975885
3.4990303e-06
0.0012975843
3.4490393e-06
0.0012975804
3.4003813e-06
0.0012975767
3.3530152e-06
0.0012975732
3.3069026e-06
0.00129757
3.2620049e-06
0.001297567
3.2182852e-06
0.0012975643
3.1757116e-06
0.0012975617
3.1342551e-06
0.0012975594
3.0938911e-06
0.0012975573
3.0545978e-06
0.0012975554
3.0163518e-06
0.0012975538
2.9791254e-06
0.0012975523
2.9428813e-06
0.001297551
2.9079014e-06
0.0012975499
2.8745375e-06
0.0012975489
2.8380954e-06
0.0012975481
2.807182e-06
0.0012975476
2.7757861e-06
0.0012975471
2.7450835e-06
0.0012975468
2.7180602e-06
0.0012975466
2.6879491e-06
0.0012975465
2.6603066e-06
0.0012975465
2.6338467e-06
0.0012975466
2.608626e-06
0.0012975468
2.5850103e-06
0.0012975469
2.5631052e-06
0.0012975469
2.5446253e-06
0.0012975468
2.5305717e-06
0.0012975467
2.5153469e-06
0.0012975446
2.4898428e-06
0.0012975498
2.7262169e-06
2.4338076e-06
0.0013321408
4.6284525e-06
-0.0013320746
0.0013322158
4.9385751e-06
0.0013322992
5.2526996e-06
0.0013323902
5.5668963e-06
0.0013324879
5.8772207e-06
0.0013325913
6.1799707e-06
0.001332699
6.4717573e-06
0.0013328099
6.7494837e-06
0.0013329229
7.0102893e-06
0.0013330369
7.2514914e-06
0.0013331508
7.4705498e-06
0.0013332635
7.6650748e-06
0.0013333739
7.8328875e-06
0.0013334809
7.9721406e-06
0.0013335835
8.0814953e-06
0.0013336805
8.1603025e-06
0.0013337712
8.2087222e-06
0.001333855
8.2277379e-06
0.0013339313
8.2190704e-06
0.001334
8.1850239e-06
0.001334061
8.1283004e-06
0.0013341145
8.0518131e-06
0.0013341609
7.9585231e-06
0.0013342004
7.8513142e-06
0.0013342337
7.7329039e-06
0.0013342612
7.6057811e-06
0.0013342835
7.4721666e-06
0.0013343012
7.3340004e-06
0.0013343146
7.1929469e-06
0.0013343245
7.0504115e-06
0.0013343311
6.9075629e-06
0.0013343349
6.7653588e-06
0.0013343363
6.624573e-06
0.0013343356
6.4858199e-06
0.0013343332
6.3495772e-06
0.0013343293
6.2162038e-06
0.0013343242
6.0859605e-06
0.001334318
5.9590294e-06
0.001334311
5.8355286e-06
0.0013343034
5.7155217e-06
0.0013342952
5.5990298e-06
0.0013342866
5.4860411e-06
0.0013342777
5.3765168e-06
0.0013342686
5.2703983e-06
0.0013342593
5.1676112e-06
0.00133425
5.06807e-06
0.0013342407
4.9716806e-06
0.0013342314
4.8783429e-06
0.0013342223
4.7879545e-06
0.0013342133
4.7004119e-06
0.0013342044
4.615611e-06
0.0013341957
4.5334478e-06
0.0013341872
4.4538195e-06
0.0013341789
4.3766249e-06
0.0013341709
4.3017658e-06
0.0013341631
4.2291478e-06
0.0013341556
4.1586816e-06
0.0013341484
4.0902802e-06
0.0013341414
4.0238582e-06
0.0013341347
3.9593345e-06
0.0013341282
3.8966364e-06
0.0013341221
3.8356965e-06
0.0013341162
3.7764491e-06
0.0013341105
3.7188313e-06
0.0013341052
3.6627858e-06
0.0013341001
3.6082604e-06
0.0013340953
3.5552065e-06
0.0013340908
3.5035769e-06
0.0013340865
3.453326e-06
0.0013340824
3.4044119e-06
0.0013340787
3.3567935e-06
0.0013340751
3.3104325e-06
0.0013340719
3.2652904e-06
0.0013340688
3.221331e-06
0.001334066
3.1785221e-06
0.0013340634
3.1368353e-06
0.0013340611
3.0962461e-06
0.0013340589
3.056733e-06
0.001334057
3.018273e-06
0.0013340553
2.9808382e-06
0.0013340538
2.9443964e-06
0.0013340525
2.9092231e-06
0.0013340514
2.875582e-06
0.0013340504
2.8391391e-06
0.0013340496
2.8079627e-06
0.001334049
2.776384e-06
0.0013340485
2.7455842e-06
0.0013340482
2.7183021e-06
0.001334048
2.6881496e-06
0.001334048
2.6603804e-06
0.001334048
2.6338215e-06
0.0013340481
2.6085327e-06
0.0013340482
2.5848749e-06
0.0013340484
2.5629808e-06
0.0013340484
2.5445526e-06
0.0013340483
2.5306531e-06
0.0013340482
2.5154837e-06
0.0013340461
2.4919041e-06
0.0013340513
2.7210807e-06
2.4429988e-06
0.0013696458
4.5626699e-06
-0.00136958
0.0013697202
4.8642062e-06
0.0013698028
5.1701012e-06
0.0013698929
5.4767155e-06
0.0013699898
5.7803421e-06
0.0013700924
6.0774348e-06
0.0013701994
6.3646799e-06
0.0013703099
6.638998e-06
0.0013704227
6.8975174e-06
0.0013705366
7.1375382e-06
0.0013706507
7.3565097e-06
0.0013707637
7.552042e-06
0.0013708746
7.7219619e-06
0.0013709824
7.8644224e-06
0.0013710858
7.9780562e-06
0.001371184
8.0621373e-06
0.001371276
8.116693e-06
0.0013713612
8.1425265e-06
0.0013714391
8.1411497e-06
0.0013715095
8.1146503e-06
0.0013715723
8.0655252e-06
0.0013716276
7.996509e-06
0.0013716757
7.9104174e-06
0.001371717
7.8100245e-06
0.0013717519
7.6979705e-06
0.001371781
7.576697e-06
0.0013718048
7.4484032e-06
0.0013718237
7.3150281e-06
0.0013718384
7.1782501e-06
0.0013718493
7.0394992e-06
0.0013718569
6.8999756e-06
0.0013718616
6.7606721e-06
0.0013718638
6.6223994e-06
0.0013718638
6.4858082e-06
0.001371862
6.3514119e-06
0.0013718586
6.2196034e-06
0.0013718539
6.0906755e-06
0.001371848
5.9648394e-06
0.0013718413
5.8422394e-06
0.0013718339
5.7229633e-06
0.0013718259
5.6070535e-06
0.0013718174
5.4945173e-06
0.0013718086
5.3853329e-06
0.0013717995
5.2794567e-06
0.0013717903
5.1768275e-06
0.001371781
5.0773714e-06
0.0013717717
4.9810047e-06
0.0013717624
4.8876362e-06
0.0013717532
4.7971714e-06
0.0013717441
4.7095136e-06
0.0013717351
4.6245647e-06
0.0013717263
4.5422259e-06
0.0013717178
4.4623991e-06
0.0013717094
4.3849872e-06
0.0013717013
4.3098954e-06
0.0013716934
4.2370322e-06
0.0013716857
4.1663108e-06
0.0013716784
4.0976464e-06
0.0013716713
4.0309558e-06
0.0013716645
3.9661594e-06
0.0013716579
3.9031861e-06
0.0013716516
3.8419694e-06
0.0013716456
3.7824448e-06
0.0013716399
3.7245504e-06
0.0013716345
3.6682298e-06
0.0013716293
3.6134314e-06
0.0013716244
3.5601071e-06
0.0013716198
3.5082102e-06
0.0013716154
3.4576953e-06
0.0013716113
3.4085207e-06
0.0013716074
3.3606456e-06
0.0013716038
3.3140316e-06
0.0013716005
3.2686406e-06
0.0013715974
3.2244366e-06
0.0013715945
3.1813879e-06
0.0013715919
3.1394659e-06
0.0013715895
3.0986468e-06
0.0013715873
3.0589092e-06
0.0013715854
3.0202304e-06
0.0013715836
2.982583e-06
0.0013715821
2.9459388e-06
0.0013715807
2.9105663e-06
0.0013715797
2.8766484e-06
0.0013715786
2.8401944e-06
0.0013715778
2.8087539e-06
0.0013715772
2.7769901e-06
0.0013715767
2.7460861e-06
0.0013715765
2.7185448e-06
0.0013715763
2.6883456e-06
0.0013715762
2.6604481e-06
0.0013715762
2.6337877e-06
0.0013715763
2.6084291e-06
0.0013715765
2.5847283e-06
0.0013715766
2.5628451e-06
0.0013715767
2.5444708e-06
0.0013715766
2.5307126e-06
0.0013715765
2.5156642e-06
0.0013715744
2.4939347e-06
0.0013715796
2.7159562e-06
2.4521318e-06
0.0014082063
4.4972789e-06
-0.0014081409
0.00140828
4.7904456e-06
0.0014083618
5.0882742e-06
0.0014084512
5.3873969e-06
0.0014085472
5.684336e-06
0.0014086489
5.9757059e-06
0.0014087553
6.2582839e-06
0.0014088653
6.529028e-06
0.0014089777
6.7850731e-06
0.0014090915
7.0237154e-06
0.0014092056
7.2424016e-06
0.0014093189
7.4387443e-06
0.0014094303
7.6105755e-06
0.0014095387
7.7560452e-06
0.001409643
7.873757e-06
0.0014097422
7.9629114e-06
0.0014098355
8.0234106e-06
0.0014099222
8.0558875e-06
0.0014100016
8.0616545e-06
0.0014100737
8.0425901e-06
0.0014101382
8.0009907e-06
0.0014101953
7.9394122e-06
0.0014102452
7.8605231e-06
0.0014102883
7.7669828e-06
0.0014103249
7.6613492e-06
0.0014103556
7.5460107e-06
0.0014103808
7.4231388e-06
0.0014104012
7.2946664e-06
0.0014104172
7.162281e-06
0.0014104292
7.0274335e-06
0.0014104379
6.8913524e-06
0.0014104435
6.7550635e-06
0.0014104465
6.6194123e-06
0.0014104472
6.4850853e-06
0.001410446
6.3526305e-06
0.0014104431
6.2224745e-06
0.0014104388
6.0949421e-06
0.0014104334
5.9702735e-06
0.001410427
5.84864e-06
0.0014104198
5.7301533e-06
0.001410412
5.614878e-06
0.0014104037
5.5028408e-06
0.001410395
5.3940374e-06
0.001410386
5.2884395e-06
0.0014103768
5.1859998e-06
0.0014103675
5.0866562e-06
0.0014103582
4.9903357e-06
0.0014103489
4.8969567e-06
0.0014103396
4.8064327e-06
0.0014103304
4.7186743e-06
0.0014103214
4.6335895e-06
0.0014103126
4.5510852e-06
0.0014103039
4.4710681e-06
0.0014102954
4.3934452e-06
0.0014102872
4.3181256e-06
0.0014102792
4.2450208e-06
0.0014102715
4.1740466e-06
0.001410264
4.1051206e-06
0.0014102568
4.0381618e-06
0.0014102499
3.9730925e-06
0.0014102432
3.9098428e-06
0.0014102368
3.8483477e-06
0.0014102307
3.7885437e-06
0.0014102249
3.7303701e-06
0.0014102194
3.6737714e-06
0.0014102141
3.6186967e-06
0.0014102091
3.5650983e-06
0.0014102044
3.5129301e-06
0.0014101999
3.4621472e-06
0.0014101957
3.4127078e-06
0.0014101918
3.3645715e-06
0.0014101882
3.3177001e-06
0.0014101847
3.2720556e-06
0.0014101816
3.2276024e-06
0.0014101787
3.184309e-06
0.001410176
3.1421472e-06
0.0014101735
3.1010934e-06
0.0014101713
3.0611265e-06
0.0014101693
3.0222243e-06
0.0014101675
2.9843594e-06
0.001410166
2.9475084e-06
0.0014101646
2.9119308e-06
0.0014101635
2.8777366e-06
0.0014101624
2.8412611e-06
0.0014101616
2.8095553e-06
0.001410161
2.7776042e-06
0.0014101605
2.7465886e-06
0.0014101603
2.718788e-06
0.0014101601
2.6885362e-06
0.00141016
2.660509e-06
0.0014101601
2.6337449e-06
0.0014101602
2.6083146e-06
0.0014101603
2.5845697e-06
0.0014101605
2.5626972e-06
0.0014101606
2.5443793e-06
0.0014101606
2.530749e-06
0.0014101603
2.5158933e-06
0.0014101583
2.4959268e-06
0.0014101634
2.7108459e-06
2.4611973e-06
0.0014478519
4.4322731e-06
-0.0014477869
0.001447925
4.7172821e-06
0.0014480061
5.0072086e-06
0.0014480946
5.2989379e-06
0.0014481897
5.5892129e-06
0.0014482906
5.8748112e-06
0.0014483962
6.1526136e-06
0.0014485056
6.4196323e-06
0.0014486177
6.6730254e-06
0.0014487313
6.9100979e-06
0.0014488454
7.1283018e-06
0.0014489589
7.3252558e-06
0.0014490707
7.4987977e-06
0.0014491796
7.6470728e-06
0.0014492847
7.7686553e-06
0.001449385
7.8626759e-06
0.0014494795
7.9289189e-06
0.0014495675
7.9678565e-06
0.0014496486
7.9806112e-06
0.0014497223
7.9688597e-06
0.0014497886
7.9347022e-06
0.0014498475
7.8805174e-06
0.0014498992
7.8088243e-06
0.001449944
7.722164e-06
0.0014499823
7.6230069e-06
0.0014500147
7.5136823e-06
0.0014500415
7.3963288e-06
0.0014500633
7.2728672e-06
0.0014500806
7.1449896e-06
0.0014500938
7.0141636e-06
0.0014501035
6.8816427e-06
0.0014501101
6.7484833e-06
0.001450114
6.6155639e-06
0.0014501154
6.4836053e-06
0.0014501149
6.3531896e-06
0.0014501126
6.2247765e-06
0.0014501088
6.0987224e-06
0.0014501038
5.975297e-06
0.0014500977
5.8546982e-06
0.0014500908
5.7370626e-06
0.0014500832
5.6224768e-06
0.0014500751
5.5109877e-06
0.0014500665
5.4026086e-06
0.0014500576
5.2973273e-06
0.0014500485
5.1951105e-06
0.0014500392
5.0959087e-06
0.0014500299
4.9996599e-06
0.0014500206
4.9062921e-06
0.0014500113
4.8157277e-06
0.0014500021
4.7278845e-06
0.001449993
4.6426772e-06
0.0014499841
4.5600185e-06
0.0014499753
4.4798201e-06
0.0014499668
4.4019936e-06
0.0014499584
4.3264518e-06
0.0014499503
4.2531097e-06
0.0014499425
4.1818857e-06
0.0014499349
4.1127e-06
0.0014499276
4.0454738e-06
0.0014499206
3.9801317e-06
0.0014499138
3.9166051e-06
0.0014499073
3.8548301e-06
0.0014499011
3.7947448e-06
0.0014498952
3.7362895e-06
0.0014498896
3.6794099e-06
0.0014498842
3.6240557e-06
0.0014498791
3.5701798e-06
0.0014498743
3.5177366e-06
0.0014498698
3.4666816e-06
0.0014498655
3.4169733e-06
0.0014498615
3.3685715e-06
0.0014498578
3.321438e-06
0.0014498543
3.2755355e-06
0.0014498511
3.2308284e-06
0.0014498481
3.1872855e-06
0.0014498454
3.1448792e-06
0.0014498429
3.1035858e-06
0.0014498406
3.0633848e-06
0.0014498386
3.0242545e-06
0.0014498368
2.9861676e-06
0.0014498352
2.9491051e-06
0.0014498338
2.9133163e-06
0.0014498327
2.8788463e-06
0.0014498316
2.8423388e-06
0.0014498308
2.8103663e-06
0.0014498302
2.7782257e-06
0.0014498297
2.7470911e-06
0.0014498294
2.7190309e-06
0.0014498292
2.6887209e-06
0.0014498292
2.6605624e-06
0.0014498292
2.6336922e-06
0.0014498294
2.6081883e-06
0.0014498295
2.5843984e-06
0.0014498297
2.562536e-06
0.0014498298
2.5442778e-06
0.0014498298
2.5307611e-06
0.0014498295
2.5161805e-06
0.0014498276
2.4978689e-06
0.0014498327
2.7057451e-06
2.4701911e-06
0.0014886132
4.3676463e-06
-0.0014885485
0.0014886857
4.6447059e-06
0.0014887661
4.9268952e-06
0.0014888537
5.211336e-06
0.0014889479
5.4949822e-06
0.0014890479
5.7747758e-06
0.0014891528
6.0477102e-06
0.0014892616
6.3108666e-06
0.0014893732
6.5614409e-06
0.0014894865
6.7967587e-06
0.0014896005
7.0142856e-06
0.0014897141
7.211651e-06
0.0014898262
7.3866993e-06
0.0014899357
7.537571e-06
0.0014900416
7.6628114e-06
0.0014901428
7.7614848e-06
0.0014902384
7.8332651e-06
0.0014903278
7.8784729e-06
0.0014904104
7.8980499e-06
0.0014904858
7.893479e-06
0.0014905538
7.8666688e-06
0.0014906145
7.8198225e-06
0.001490668
7.7553084e-06
0.0014907146
7.6755458e-06
0.0014907547
7.5829127e-06
0.0014907887
7.4796742e-06
0.0014908171
7.36793e-06
0.0014908404
7.2495832e-06
0.0014908591
7.126326e-06
0.0014908736
6.9996383e-06
0.0014908844
6.8707954e-06
0.001490892
6.740881e-06
0.0014908968
6.6108052e-06
0.0014908991
6.4813213e-06
0.0014908992
6.3530445e-06
0.0014908975
6.2264673e-06
0.0014908943
6.1019773e-06
0.0014908897
5.9798735e-06
0.001490884
5.8603807e-06
0.0014908774
5.7436604e-06
0.0014908701
5.6298219e-06
0.0014908621
5.5189323e-06
0.0014908537
5.4110234e-06
0.0014908449
5.3060993e-06
0.0014908359
5.2041411e-06
0.0014908267
5.1051122e-06
0.0014908174
5.0089622e-06
0.0014908081
4.9156293e-06
0.0014907988
4.8250447e-06
0.0014907895
4.737134e-06
0.0014907804
4.6518188e-06
0.0014907714
4.5690179e-06
0.0014907625
4.4886482e-06
0.0014907539
4.4106262e-06
0.0014907455
4.3348688e-06
0.0014907373
4.2612943e-06
0.0014907294
4.1898243e-06
0.0014907217
4.1203813e-06
0.0014907143
4.0528893e-06
0.0014907071
3.9872747e-06
0.0014907003
3.9234708e-06
0.0014906937
3.8614151e-06
0.0014906874
3.8010468e-06
0.0014906814
3.7423078e-06
0.0014906756
3.6851446e-06
0.0014906702
3.6295078e-06
0.001490665
3.5753511e-06
0.0014906601
3.5226292e-06
0.0014906555
3.4712982e-06
0.0014906511
3.4213169e-06
0.0014906471
3.3726453e-06
0.0014906433
3.3252454e-06
0.0014906397
3.2790802e-06
0.0014906364
3.2341145e-06
0.0014906334
3.1903175e-06
0.0014906306
3.1476617e-06
0.0014906281
3.1061241e-06
0.0014906258
3.0656842e-06
0.0014906237
3.0263208e-06
0.0014906219
2.9880072e-06
0.0014906202
2.9507284e-06
0.0014906188
2.9147228e-06
0.0014906177
2.8799771e-06
0.0014906166
2.8434269e-06
0.0014906158
2.8111867e-06
0.0014906152
2.778854e-06
0.0014906147
2.7475932e-06
0.0014906144
2.7192732e-06
0.0014906143
2.688899e-06
0.0014906142
2.6606075e-06
0.0014906143
2.6336288e-06
0.0014906144
2.6080495e-06
0.0014906146
2.5842136e-06
0.0014906148
2.5623603e-06
0.0014906149
2.5441647e-06
0.0014906149
2.5307453e-06
0.0014906145
2.5165336e-06
0.0014906126
2.4997755e-06
0.0014906178
2.7006267e-06
2.4791102e-06
0.0015305215
4.303394e-06
-0.0015304572
0.0015305935
4.5727075e-06
0.001530673
4.847325e-06
0.0015307598
5.1245879e-06
0.0015308531
5.4016517e-06
0.0015309523
5.6756218e-06
0.0015310564
5.9436116e-06
0.0015311645
6.202783e-06
0.0015312755
6.4503828e-06
0.0015313885
6.6837684e-06
0.0015315024
6.9004271e-06
0.001531616
7.098004e-06
0.0015317284
7.2743518e-06
0.0015318383
7.4276071e-06
0.0015319448
7.5562875e-06
0.0015320469
7.6593949e-06
0.0015321437
7.7364994e-06
0.0015322344
7.7877792e-06
0.0015323184
7.8140043e-06
0.0015323954
7.8164715e-06
0.0015324652
7.7969031e-06
0.0015325277
7.7573291e-06
0.001532583
7.699966e-06
0.0015326315
7.6271087e-06
0.0015326734
7.5410382e-06
0.0015327091
7.4439503e-06
0.0015327391
7.3379001e-06
0.0015327639
7.224768e-06
0.001532784
7.1062408e-06
0.0015327998
6.9838065e-06
0.0015328119
6.8587584e-06
0.0015328206
6.7322053e-06
0.0015328263
6.6050859e-06
0.0015328294
6.4781848e-06
0.0015328303
6.3521492e-06
0.0015328293
6.2275033e-06
0.0015328266
6.1046659e-06
0.0015328225
5.9839648e-06
0.0015328172
5.865652e-06
0.001532811
5.7499142e-06
0.0015328039
5.6368835e-06
0.0015327962
5.5266477e-06
0.001532788
5.4192573e-06
0.0015327793
5.3147331e-06
0.0015327704
5.2130714e-06
0.0015327613
5.1142488e-06
0.001532752
5.0182267e-06
0.0015327427
4.924954e-06
0.0015327333
4.8343709e-06
0.0015327241
4.7464114e-06
0.0015327149
4.6610042e-06
0.0015327058
4.5780745e-06
0.0015326969
4.4975448e-06
0.0015326882
4.4193365e-06
0.0015326797
4.3433708e-06
0.0015326714
4.2695697e-06
0.0015326634
4.1978579e-06
0.0015326556
4.1281608e-06
0.0015326481
4.0604049e-06
0.0015326409
3.994519e-06
0.0015326339
3.930438e-06
0.0015326272
3.8681008e-06
0.0015326208
3.8074483e-06
0.0015326147
3.7484237e-06
0.0015326089
3.6909745e-06
0.0015326033
3.6350524e-06
0.0015325981
3.5806116e-06
0.0015325931
3.5276075e-06
0.0015325884
3.4759968e-06
0.001532584
3.4257384e-06
0.0015325798
3.3767927e-06
0.0015325759
3.3291221e-06
0.0015325723
3.2826896e-06
0.001532569
3.2374607e-06
0.0015325659
3.1934047e-06
0.0015325631
3.1504948e-06
0.0015325605
3.1087079e-06
0.0015325581
3.0680243e-06
0.001532556
3.0284231e-06
0.0015325542
2.9898781e-06
0.0015325525
2.9523782e-06
0.0015325511
2.9161499e-06
0.0015325499
2.8811286e-06
0.0015325488
2.844525e-06
0.001532548
2.8120158e-06
0.0015325474
2.7794886e-06
0.0015325469
2.7480942e-06
0.0015325466
2.719514e-06
0.0015325465
2.6890697e-06
0.0015325464
2.6606436e-06
0.0015325465
2.633554e-06
0.0015325467
2.6078973e-06
0.0015325469
2.5840141e-06
0.001532547
2.5621686e-06
0.0015325472
2.5440356e-06
0.0015325472
2.5306777e-06
0.0015325468
2.5169962e-06
0.0015325449
2.5016986e-06
0.00153255
2.6954732e-06
2.4878969e-06
0.0015736091
4.2395121e-06
-0.0015735452
0.0015736805
4.5012797e-06
0.0015737593
4.7684905e-06
0.0015738452
5.038691e-06
0.0015739377
5.3092285e-06
0.0015740359
5.5773698e-06
0.0015741392
5.8403531e-06
0.0015742465
6.0954308e-06
0.001574357
6.3399117e-06
0.0015744696
6.5711956e-06
0.0015745832
6.7867994e-06
0.0015746968
6.9843886e-06
0.0015748093
7.1618277e-06
0.0015749197
7.3172504e-06
0.0015750268
7.4491485e-06
0.0015751298
7.5564657e-06
0.0015752276
7.6386753e-06
0.0015753195
7.6958215e-06
0.001575405
7.7285119e-06
0.0015754836
7.7378648e-06
0.0015755551
7.725422e-06
0.0015756194
7.6930425e-06
0.0015756766
7.6427915e-06
0.0015757269
7.5768364e-06
0.0015757705
7.4973578e-06
0.001575808
7.4064769e-06
0.0015758397
7.306199e-06
0.0015758661
7.1983762e-06
0.0015758877
7.0846849e-06
0.0015759048
6.966617e-06
0.0015759181
6.8454799e-06
0.0015759279
6.722404e-06
0.0015759347
6.5983548e-06
0.0015759387
6.4741462e-06
0.0015759404
6.3504559e-06
0.0015759401
6.2278394e-06
0.001575938
6.1067455e-06
0.0015759344
5.9875312e-06
0.0015759296
5.8704754e-06
0.0015759237
5.75579e-06
0.001575917
5.6436303e-06
0.0015759095
5.5341052e-06
0.0015759015
5.4272842e-06
0.001575893
5.3232054e-06
0.0015758842
5.2218803e-06
0.0015758751
5.1232993e-06
0.0015758659
5.0274362e-06
0.0015758566
4.9342506e-06
0.0015758473
4.8436926e-06
0.001575838
4.7557046e-06
0.0015758288
4.6702227e-06
0.0015758197
4.5871789e-06
0.0015758107
4.5065016e-06
0.001575802
4.4281171e-06
0.0015757934
4.3519513e-06
0.001575785
4.2779303e-06
0.0015757769
4.2059819e-06
0.001575769
4.1360344e-06
0.0015757614
4.0680172e-06
0.0015757541
4.0018614e-06
0.001575747
3.9375039e-06
0.0015757402
3.8748851e-06
0.0015757337
3.8139474e-06
0.0015757275
3.7546355e-06
0.0015757216
3.6968983e-06
0.001575716
3.6406882e-06
0.0015757106
3.5859603e-06
0.0015757055
3.5326707e-06
0.0015757008
3.4807766e-06
0.0015756963
3.4302373e-06
0.001575692
3.3810135e-06
0.0015756881
3.3330677e-06
0.0015756844
3.2863635e-06
0.001575681
3.2408667e-06
0.0015756779
3.1965471e-06
0.001575675
3.1533781e-06
0.0015756724
3.1113372e-06
0.00157567
3.070405e-06
0.0015756678
3.0305611e-06
0.0015756659
2.9917799e-06
0.0015756643
2.9540539e-06
0.0015756628
2.9175973e-06
0.0015756616
2.8823004e-06
0.0015756605
2.8456325e-06
0.0015756597
2.8128531e-06
0.0015756591
2.7801287e-06
0.0015756586
2.7485933e-06
0.0015756583
2.7197526e-06
0.0015756582
2.6892323e-06
0.0015756581
2.6606697e-06
0.0015756582
2.6334669e-06
0.0015756584
2.6077307e-06
0.0015756586
2.5837991e-06
0.0015756588
2.5619594e-06
0.001575659
2.5438885e-06
0.0015756591
2.5305501e-06
0.0015756585
2.5175873e-06
0.0015756566
2.5036198e-06
0.0015756617
2.6903244e-06
2.4965137e-06
0.0016179091
4.1759972e-06
-0.0016178456
0.00161798
4.4304142e-06
0.0016180581
4.6903836e-06
0.0016181432
4.9536415e-06
0.0016182347
5.2177178e-06
0.001618332
5.4800373e-06
0.0016184344
5.7379663e-06
0.001618541
5.9888551e-06
0.0016186508
6.2300846e-06
0.0016187629
6.4591059e-06
0.0016188762
6.673473e-06
0.0016189897
6.8708777e-06
0.0016191024
7.0491991e-06
0.001619213
7.2065706e-06
0.0016193207
7.3414607e-06
0.0016194244
7.452759e-06
0.0016195233
7.5398488e-06
0.0016196164
7.6026489e-06
0.0016197033
7.6416134e-06
0.0016197835
7.65769e-06
0.0016198567
7.6522457e-06
0.0016199227
7.6269719e-06
0.0016199818
7.5837825e-06
0.0016200339
7.524716e-06
0.0016200794
7.4518487e-06
0.0016201186
7.3672226e-06
0.001620152
7.272788e-06
0.0016201801
7.1703636e-06
0.0016202031
7.0616102e-06
0.0016202217
6.9480188e-06
0.0016202363
6.8309073e-06
0.0016202473
6.7114246e-06
0.0016202551
6.5905599e-06
0.0016202601
6.4691546e-06
0.0016202626
6.3479158e-06
0.001620263
6.2274287e-06
0.0016202616
6.108172e-06
0.0016202586
5.9905312e-06
0.0016202543
5.8748122e-06
0.0016202488
5.761252e-06
0.0016202424
5.6500294e-06
0.0016202352
5.5412746e-06
0.0016202274
5.4350766e-06
0.0016202192
5.3314909e-06
0.0016202105
5.2305449e-06
0.0016202015
5.1322433e-06
0.0016201924
5.0365722e-06
0.0016201832
4.9435028e-06
0.0016201739
4.8529951e-06
0.0016201646
4.7650003e-06
0.0016201553
4.6794626e-06
0.0016201462
4.5963207e-06
0.0016201372
4.5155092e-06
0.0016201283
4.4369599e-06
0.0016201197
4.3606034e-06
0.0016201112
4.2863699e-06
0.001620103
4.2141907e-06
0.0016200951
4.1439974e-06
0.0016200874
4.0757221e-06
0.0016200799
4.0092986e-06
0.0016200728
3.9446655e-06
0.0016200659
3.8817653e-06
0.0016200593
3.8205418e-06
0.001620053
3.7609415e-06
0.001620047
3.7029144e-06
0.0016200412
3.646414e-06
0.0016200358
3.5913963e-06
0.0016200306
3.537818e-06
0.0016200258
3.485637e-06
0.0016200212
3.434813e-06
0.0016200169
3.3853069e-06
0.0016200129
3.3370817e-06
0.0016200092
3.2901013e-06
0.0016200057
3.2443321e-06
0.0016200025
3.1997441e-06
0.0016199996
3.1563112e-06
0.0016199969
3.1140115e-06
0.0016199945
3.0728258e-06
0.0016199923
3.0327343e-06
0.0016199904
2.993712e-06
0.0016199887
2.9557551e-06
0.0016199872
2.9190643e-06
0.001619986
2.8834916e-06
0.0016199849
2.8467487e-06
0.0016199841
2.8136979e-06
0.0016199834
2.7807734e-06
0.0016199829
2.7490897e-06
0.0016199827
2.7199882e-06
0.0016199825
2.6893857e-06
0.0016199825
2.6606847e-06
0.0016199826
2.6333663e-06
0.0016199828
2.6075485e-06
0.001619983
2.5835673e-06
0.0016199832
2.5617319e-06
0.0016199834
2.5437215e-06
0.0016199836
2.5303538e-06
0.0016199829
2.5182886e-06
0.001619981
2.5055688e-06
0.0016199861
2.685213e-06
2.5049487e-06
0.0016634557
4.1128472e-06
-0.0016633926
0.0016635261
4.3601058e-06
0.0016636034
4.6129982e-06
0.0016636876
4.869437e-06
0.0016637782
5.1271249e-06
0.0016638746
5.383641e-06
0.0016639761
5.636481e-06
0.0016640819
5.8830991e-06
0.001664191
6.1209559e-06
0.0016643025
6.3475627e-06
0.0016644155
6.5605174e-06
0.0016645288
6.7575436e-06
0.0016646415
6.936539e-06
0.0016647524
7.095639e-06
0.0016648606
7.2332924e-06
0.001664965
7.3483391e-06
0.0016650648
7.4400791e-06
0.0016651591
7.5083141e-06
0.0016652474
7.5533534e-06
0.0016653291
7.5759824e-06
0.0016654039
7.577399e-06
0.0016654718
7.5591306e-06
0.0016655326
7.5229411e-06
0.0016655866
7.4707384e-06
0.001665634
7.4044914e-06
0.001665675
7.326159e-06
0.0016657102
7.2376312e-06
0.0016657398
7.1406879e-06
0.0016657645
7.0369696e-06
0.0016657845
6.9279618e-06
0.0016658005
6.8149886e-06
0.0016658127
6.6992138e-06
0.0016658216
6.5816482e-06
0.0016658276
6.4631581e-06
0.001665831
6.3444784e-06
0.0016658322
6.2262231e-06
0.0016658315
6.1088997e-06
0.0016658291
5.9929217e-06
0.0016658253
5.8786219e-06
0.0016658203
5.7662627e-06
0.0016658143
5.6560461e-06
0.0016658074
5.548124e-06
0.0016657999
5.4426052e-06
0.0016657918
5.339563e-06
0.0016657833
5.239041e-06
0.0016657745
5.1410584e-06
0.0016657655
5.0456146e-06
0.0016657563
4.9526923e-06
0.001665747
4.862262e-06
0.0016657377
4.7742841e-06
0.0016657285
4.6887108e-06
0.0016657193
4.6054882e-06
0.0016657103
4.5245573e-06
0.0016657014
4.4458556e-06
0.0016656927
4.3693187e-06
0.0016656841
4.2948811e-06
0.0016656759
4.2224779e-06
0.0016656678
4.152044e-06
0.00166566
4.0835145e-06
0.0016656525
4.0168258e-06
0.0016656452
3.9519189e-06
0.0016656383
3.8887379e-06
0.0016656316
3.8272285e-06
0.0016656252
3.7673389e-06
0.0016656191
3.7090203e-06
0.0016656133
3.6522275e-06
0.0016656077
3.5969173e-06
0.0016656025
3.5430474e-06
0.0016655976
3.4905761e-06
0.0016655929
3.4394636e-06
0.0016655886
3.3896714e-06
0.0016655845
3.3411626e-06
0.0016655807
3.2939017e-06
0.0016655771
3.2478553e-06
0.0016655739
3.2029942e-06
0.0016655709
3.1592927e-06
0.0016655682
3.1167292e-06
0.0016655657
3.075285e-06
0.0016655635
3.034941e-06
0.0016655616
2.9956728e-06
0.0016655598
2.9574798e-06
0.0016655584
2.9205492e-06
0.0016655572
2.8847004e-06
0.001665556
2.8478715e-06
0.0016655552
2.8145478e-06
0.0016655545
2.7814205e-06
0.001665554
2.7495811e-06
0.0016655538
2.7202183e-06
0.0016655537
2.6895272e-06
0.0016655537
2.660686e-06
0.0016655538
2.6332494e-06
0.001665554
2.6073481e-06
0.0016655542
2.5833163e-06
0.0016655545
2.5614855e-06
0.0016655547
2.5435372e-06
0.0016655549
2.530139e-06
0.0016655542
2.5189764e-06
0.0016655523
2.5074441e-06
0.0016655573
2.6802246e-06
2.5132531e-06
0.0017102843
4.0500615e-06
-0.0017102215
0.001710354
4.2903498e-06
0.0017104307
4.5363288e-06
0.0017105141
4.786075e-06
0.0017106037
5.0374546e-06
0.0017106992
5.2881961e-06
0.0017107997
5.5359248e-06
0.0017109046
5.778203e-06
0.001711013
6.0125778e-06
0.0017111239
6.2366274e-06
0.0017112365
6.4480009e-06
0.0017113495
6.6444585e-06
0.0017114622
6.8239207e-06
0.0017115733
6.9845287e-06
0.0017116818
7.1247144e-06
0.0017117869
7.2432735e-06
0.0017118876
7.3394291e-06
0.001711983
7.4128738e-06
0.0017120726
7.4637812e-06
0.0017121558
7.4927818e-06
0.0017122323
7.5009112e-06
0.0017123019
7.4895369e-06
0.0017123645
7.4602738e-06
0.0017124204
7.4148986e-06
0.0017124696
7.3552705e-06
0.0017125125
7.2832608e-06
0.0017125494
7.2006948e-06
0.0017125808
7.1093088e-06
0.001712607
7.0107175e-06
0.0017126286
6.9063963e-06
0.0017126459
6.7976715e-06
0.0017126594
6.6857185e-06
0.0017126695
6.5715661e-06
0.0017126766
6.4561038e-06
0.0017126809
6.3400921e-06
0.001712683
6.2241726e-06
0.001712683
6.1088806e-06
0.0017126813
5.9946574e-06
0.001712678
5.881862e-06
0.0017126735
5.770782e-06
0.0017126679
5.6616431e-06
0.0017126614
5.5546187e-06
0.0017126542
5.4498379e-06
0.0017126464
5.3473921e-06
0.0017126381
5.2473415e-06
0.0017126294
5.1497202e-06
0.0017126205
5.054541e-06
0.0017126114
4.9617988e-06
0.0017126022
4.8714748e-06
0.0017125929
4.7835389e-06
0.0017125837
4.6979519e-06
0.0017125745
4.6146674e-06
0.0017125654
4.5336332e-06
0.0017125565
4.4547927e-06
0.0017125477
4.3780867e-06
0.0017125391
4.3034544e-06
0.0017125308
4.2308348e-06
0.0017125227
4.1601663e-06
0.0017125148
4.0913871e-06
0.0017125072
4.0244366e-06
0.0017124998
3.9592579e-06
0.0017124928
3.8957972e-06
0.001712486
3.8340022e-06
0.0017124795
3.7738226e-06
0.0017124733
3.7152113e-06
0.0017124674
3.6581242e-06
0.0017124618
3.6025193e-06
0.0017124565
3.5483549e-06
0.0017124515
3.4955901e-06
0.0017124468
3.4441857e-06
0.0017124423
3.3941034e-06
0.0017124382
3.3453069e-06
0.0017124343
3.297761e-06
0.0017124308
3.2514331e-06
0.0017124275
3.2062941e-06
0.0017124244
3.1623192e-06
0.0017124217
3.1194869e-06
0.0017124192
3.0777793e-06
0.001712417
3.0371777e-06
0.001712415
2.9976587e-06
0.0017124132
2.9592244e-06
0.0017124117
2.9220485e-06
0.0017124105
2.885923e-06
0.0017124094
2.848997e-06
0.0017124085
2.8153992e-06
0.0017124079
2.7820659e-06
0.0017124074
2.7500634e-06
0.0017124072
2.7204388e-06
0.001712407
2.689653e-06
0.0017124071
2.6606693e-06
0.0017124072
2.6331122e-06
0.0017124074
2.6071252e-06
0.0017124077
2.5830422e-06
0.001712408
2.561217e-06
0.0017124082
2.5433337e-06
0.0017124083
2.5299611e-06
0.0017124078
2.519533e-06
0.0017124061
2.5091685e-06
0.0017124109
2.675419e-06
2.5214724e-06
0.0017584329
3.9876457e-06
-0.0017583704
0.0017585021
4.2211478e-06
0.001758578
4.4603764e-06
0.0017586605
4.7035593e-06
0.0017587493
4.9487171e-06
0.0017588437
5.1937224e-06
0.0017589433
5.4363294e-06
0.0017590473
5.6742111e-06
0.0017591549
5.9050061e-06
0.0017592652
6.1263658e-06
0.0017593772
6.3359964e-06
0.0017594899
6.5317003e-06
0.0017596024
6.7114249e-06
0.0017597136
6.8733206e-06
0.0017598225
7.015807e-06
0.0017599282
7.1376399e-06
0.0017600296
7.2379724e-06
0.0017601261
7.3163965e-06
0.0017602169
7.3729579e-06
0.0017603016
7.4081408e-06
0.0017603796
7.4228251e-06
0.001760451
7.4182222e-06
0.0017605154
7.3958005e-06
0.0017605731
7.3572053e-06
0.0017606242
7.3041834e-06
0.001760669
7.2385156e-06
0.0017607077
7.1619579e-06
0.0017607408
7.0761977e-06
0.0017607687
6.9828194e-06
0.0017607918
6.8832836e-06
0.0017608106
6.7789145e-06
0.0017608254
6.6708951e-06
0.0017608367
6.5602695e-06
0.0017608449
6.4479477e-06
0.0017608502
6.334714e-06
0.0017608532
6.221236e-06
0.001760854
6.1080759e-06
0.0017608529
5.9957016e-06
0.0017608503
5.8844984e-06
0.0017608463
5.7747788e-06
0.0017608411
5.6667919e-06
0.001760835
5.5607333e-06
0.0017608281
5.456752e-06
0.0017608205
5.3549581e-06
0.0017608125
5.2554288e-06
0.001760804
5.1582133e-06
0.0017607952
5.0633384e-06
0.0017607862
4.9708114e-06
0.001760777
4.8806245e-06
0.0017607678
4.7927577e-06
0.0017607586
4.7071806e-06
0.0017607494
4.6238546e-06
0.0017607403
4.5427345e-06
0.0017607313
4.4637702e-06
0.0017607225
4.3869077e-06
0.0017607138
4.3120912e-06
0.0017607054
4.2392638e-06
0.0017606972
4.1683675e-06
0.0017606893
4.0993441e-06
0.0017606816
4.0321357e-06
0.0017606741
3.966688e-06
0.001760667
3.9029493e-06
0.0017606601
3.8408694e-06
0.0017606535
3.7803997e-06
0.0017606472
3.7214949e-06
0.0017606413
3.6641121e-06
0.0017606356
3.6082104e-06
0.0017606302
3.553749e-06
0.0017606251
3.5006878e-06
0.0017606203
3.4489881e-06
0.0017606158
3.3986121e-06
0.0017606115
3.3495239e-06
0.0017606076
3.3016889e-06
0.001760604
3.2550749e-06
0.0017606006
3.2096536e-06
0.0017605975
3.1654003e-06
0.0017605947
3.1222946e-06
0.0017605922
3.0803187e-06
0.0017605899
3.0394546e-06
0.0017605879
2.9996798e-06
0.0017605861
2.9609993e-06
0.0017605846
2.9235724e-06
0.0017605833
2.8871696e-06
0.0017605822
2.8501358e-06
0.0017605813
2.8162625e-06
0.0017605807
2.7827201e-06
0.0017605802
2.7505472e-06
0.00176058
2.7206604e-06
0.0017605799
2.6897734e-06
0.0017605799
2.6606453e-06
0.00176058
2.6329652e-06
0.0017605803
2.6068906e-06
0.0017605806
2.5827556e-06
0.0017605808
2.5609371e-06
0.001760581
2.5431183e-06
0.0017605812
2.5298266e-06
0.0017605808
2.5199477e-06
0.0017605791
2.5108074e-06
0.0017605837
2.6708278e-06
2.529583e-06
0.0018079365
3.9255925e-06
-0.0018078745
0.0018080052
4.1524896e-06
0.0018080804
4.3851286e-06
0.0018081621
4.6218789e-06
0.0018082499
4.8609064e-06
0.0018083434
5.1002222e-06
0.001808442
5.3377074e-06
0.0018085451
5.571147e-06
0.0018086518
5.7982753e-06
0.0018087614
6.0168222e-06
0.0018088728
6.2245559e-06
0.0018089852
6.419326e-06
0.0018090975
6.5991114e-06
0.0018092087
6.7620759e-06
0.0018093179
6.9066305e-06
0.0018094241
7.0314969e-06
0.0018095263
7.1357645e-06
0.0018096237
7.2189323e-06
0.0018097158
7.2809272e-06
0.0018098018
7.3220949e-06
0.0018098815
7.343166e-06
0.0018099545
7.3452014e-06
0.0018100208
7.3295247e-06
0.0018100803
7.2976503e-06
0.0018101333
7.2512112e-06
0.0018101799
7.1918941e-06
0.0018102205
7.121382e-06
0.0018102554
7.0413087e-06
0.001810285
6.9532234e-06
0.0018103097
6.8585671e-06
0.00181033
6.7586575e-06
0.0018103462
6.6546817e-06
0.0018103587
6.5476958e-06
0.0018103681
6.4386275e-06
0.0018103745
6.3282828e-06
0.0018103784
6.2173535e-06
0.00181038
6.1064277e-06
0.0018103797
5.9959992e-06
0.0018103777
5.8864787e-06
0.0018103743
5.7782035e-06
0.0018103697
5.6714461e-06
0.001810364
5.5664241e-06
0.0018103574
5.4633069e-06
0.0018103502
5.3622235e-06
0.0018103423
5.263268e-06
0.001810334
5.1665056e-06
0.0018103254
5.0719772e-06
0.0018103165
4.9797027e-06
0.0018103074
4.8896861e-06
0.0018102983
4.8019175e-06
0.0018102891
4.7163757e-06
0.0018102799
4.6330304e-06
0.0018102708
4.5518437e-06
0.0018102618
4.4727719e-06
0.0018102529
4.395767e-06
0.0018102442
4.320778e-06
0.0018102358
4.2477525e-06
0.0018102275
4.1766364e-06
0.0018102195
4.107375e-06
0.0018102117
4.0399136e-06
0.0018102042
3.9742004e-06
0.0018101969
3.9101862e-06
0.00181019
3.8478227e-06
0.0018101833
3.7870635e-06
0.0018101769
3.7278648e-06
0.0018101709
3.6701853e-06
0.0018101651
3.6139851e-06
0.0018101596
3.5592246e-06
0.0018101544
3.5058644e-06
0.0018101496
3.4538663e-06
0.001810145
3.4031932e-06
0.0018101407
3.3538096e-06
0.0018101367
3.3056814e-06
0.001810133
3.2587771e-06
0.0018101296
3.213069e-06
0.0018101265
3.1685329e-06
0.0018101236
3.1251489e-06
0.001810121
3.0828999e-06
0.0018101187
3.0417685e-06
0.0018101167
3.0017332e-06
0.0018101148
2.9628013e-06
0.0018101133
2.9251182e-06
0.001810112
2.8884372e-06
0.0018101109
2.8512849e-06
0.00181011
2.8171347e-06
0.0018101094
2.7833802e-06
0.0018101089
2.7510299e-06
0.0018101087
2.7208803e-06
0.0018101085
2.689886e-06
0.0018101086
2.6606114e-06
0.0018101087
2.6328061e-06
0.001810109
2.6066417e-06
0.0018101093
2.582454e-06
0.0018101096
2.5606435e-06
0.0018101098
2.5428778e-06
0.0018101099
2.5297631e-06
0.0018101095
2.5203048e-06
0.001810108
2.5123183e-06
0.0018101125
2.6663691e-06
2.5376043e-06
0.001858833
3.8639014e-06
-0.0018587713
0.0018589011
4.0843701e-06
0.0018589757
4.3105797e-06
0.0018590565
4.5410298e-06
0.0018591434
4.7740234e-06
0.0018592359
5.0077042e-06
0.0018593335
5.2400774e-06
0.0018594356
5.4690407e-06
0.0018595415
5.6924265e-06
0.0018596503
5.9080472e-06
0.0018597611
6.1137382e-06
0.001859873
6.3074009e-06
0.0018599851
6.4870497e-06
0.0018600963
6.6508659e-06
0.0018602057
6.7972568e-06
0.0018603122
6.9249149e-06
0.0018604151
7.0328729e-06
0.0018605135
7.1205445e-06
0.0018606067
7.1877462e-06
0.0018606941
7.2346932e-06
0.0018607753
7.2619739e-06
0.00186085
7.2705032e-06
0.0018609181
7.2614638e-06
0.0018609795
7.2362392e-06
0.0018610343
7.1963477e-06
0.0018610828
7.1433796e-06
0.0018611253
7.0789406e-06
0.001861162
7.0046068e-06
0.0018611933
6.9218873e-06
0.0018612197
6.8321991e-06
0.0018612415
6.7368489e-06
0.0018612592
6.6370241e-06
0.0018612731
6.5337891e-06
0.0018612836
6.4280867e-06
0.0018612911
6.3207423e-06
0.001861296
6.2124702e-06
0.0018612986
6.1038829e-06
0.0018612991
5.995499e-06
0.0018612978
5.8877542e-06
0.001861295
5.78101e-06
0.0018612909
5.6755623e-06
0.0018612856
5.5716506e-06
0.0018612795
5.4694648e-06
0.0018612726
5.369153e-06
0.001861265
5.2708268e-06
0.0018612569
5.1745673e-06
0.0018612485
5.0804298e-06
0.0018612397
4.9884477e-06
0.0018612308
4.8986366e-06
0.0018612217
4.8109973e-06
0.0018612126
4.7255182e-06
0.0018612034
4.6421774e-06
0.0018611943
4.5609448e-06
0.0018611853
4.4817835e-06
0.0018611764
4.4046513e-06
0.0018611677
4.3295027e-06
0.0018611592
4.2562899e-06
0.0018611508
4.1849629e-06
0.0018611427
4.1154707e-06
0.0018611349
4.0477619e-06
0.0018611273
3.9817875e-06
0.00186112
3.9175007e-06
0.001861113
3.8548555e-06
0.0018611062
3.7938077e-06
0.0018610998
3.7343153e-06
0.0018610936
3.6763384e-06
0.0018610878
3.6198385e-06
0.0018610822
3.5647769e-06
0.001861077
3.5111153e-06
0.001861072
3.4588161e-06
0.0018610674
3.4078425e-06
0.001861063
3.3581599e-06
0.001861059
3.3097347e-06
0.0018610552
3.2625359e-06
0.0018610517
3.2165365e-06
0.0018610485
3.171713e-06
0.0018610456
3.128046e-06
0.001861043
3.0855191e-06
0.0018610407
3.0441155e-06
0.0018610386
3.0038149e-06
0.0018610368
2.9646264e-06
0.0018610352
2.9266818e-06
0.0018610339
2.8897218e-06
0.0018610328
2.8524403e-06
0.0018610319
2.8180118e-06
0.0018610312
2.7840417e-06
0.0018610308
2.751507e-06
0.0018610305
2.721094e-06
0.0018610304
2.6899861e-06
0.0018610305
2.6605627e-06
0.0018610307
2.6326298e-06
0.0018610309
2.6063738e-06
0.0018610313
2.5821327e-06
0.0018610316
2.5603297e-06
0.0018610318
2.5426217e-06
0.0018610318
2.5297411e-06
0.0018610317
2.5204906e-06
0.0018610302
2.513748e-06
0.0018610344
2.6621621e-06
2.5455051e-06
0.0019111613
3.802573e-06
-0.0019111
0.0019112289
4.0167886e-06
0.0019113028
4.2367265e-06
0.0019113828
4.4610097e-06
0.0019114688
4.6880695e-06
0.0019115603
4.9161765e-06
0.0019116569
5.1434567e-06
0.001911758
5.3679197e-06
0.001911863
5.5874977e-06
0.0019119709
5.8000889e-06
0.0019120811
6.0035999e-06
0.0019121925
6.1959881e-06
0.0019123042
6.3753076e-06
0.0019124153
6.5397616e-06
0.0019125248
6.687758e-06
0.0019126318
6.8179659e-06
0.0019127353
6.9293675e-06
0.0019128345
7.0212995e-06
0.0019129288
7.0934756e-06
0.0019130175
7.145989e-06
0.0019131002
7.1792928e-06
0.0019131765
7.1941617e-06
0.0019132463
7.1916401e-06
0.0019133096
7.1729828e-06
0.0019133663
7.1395923e-06
0.0019134168
7.0929602e-06
0.0019134611
7.0346118e-06
0.0019134996
6.9660612e-06
0.0019135327
6.888773e-06
0.0019135608
6.8041353e-06
0.0019135842
6.7134399e-06
0.0019136034
6.61787e-06
0.0019136187
6.5184952e-06
0.0019136305
6.4162702e-06
0.0019136392
6.3120375e-06
0.0019136451
6.206532e-06
0.0019136486
6.1003887e-06
0.00191365
5.9941502e-06
0.0019136495
5.8882763e-06
0.0019136473
5.7831524e-06
0.0019136438
5.6790973e-06
0.0019136391
5.5763724e-06
0.0019136333
5.4751882e-06
0.0019136268
5.375712e-06
0.0019136195
5.278073e-06
0.0019136117
5.1823688e-06
0.0019136035
5.0886694e-06
0.0019135949
4.9970217e-06
0.0019135861
4.9074535e-06
0.0019135771
4.8199767e-06
0.001913568
4.7345895e-06
0.0019135589
4.651279e-06
0.0019135499
4.5700229e-06
0.0019135409
4.4907913e-06
0.001913532
4.4135486e-06
0.0019135232
4.3382547e-06
0.0019135146
4.2648665e-06
0.0019135063
4.1933385e-06
0.0019134981
4.1236235e-06
0.0019134902
4.0556737e-06
0.0019134825
3.9894431e-06
0.0019134751
3.9248874e-06
0.001913468
3.8619631e-06
0.0019134612
3.8006282e-06
0.0019134547
3.7408427e-06
0.0019134485
3.6825681e-06
0.0019134425
3.6257675e-06
0.0019134369
3.5704034e-06
0.0019134316
3.5164382e-06
0.0019134266
3.4638352e-06
0.0019134218
3.4125582e-06
0.0019134174
3.3625731e-06
0.0019134133
3.313847e-06
0.0019134095
3.2663496e-06
0.001913406
3.2200546e-06
0.0019134028
3.1749392e-06
0.0019133998
3.1309845e-06
0.0019133972
3.0881749e-06
0.0019133948
3.0464942e-06
0.0019133927
3.0059234e-06
0.0019133908
2.9664732e-06
0.0019133893
2.9282619e-06
0.001913388
2.8910216e-06
0.0019133868
2.8536002e-06
0.0019133859
2.818892e-06
0.0019133853
2.7847029e-06
0.0019133848
2.7519767e-06
0.0019133846
2.7212996e-06
0.0019133845
2.6900717e-06
0.0019133846
2.6604973e-06
0.0019133848
2.6324345e-06
0.001913385
2.6060845e-06
0.0019133854
2.5817891e-06
0.0019133857
2.5599945e-06
0.001913386
2.5423499e-06
0.001913386
2.5297257e-06
0.0019133859
2.5205523e-06
0.0019133846
2.5151436e-06
0.0019133885
2.6581743e-06
2.5532142e-06
0.0019649616
3.7416087e-06
-0.0019649007
0.0019650287
3.9497417e-06
0.0019651019
4.1635643e-06
0.0019651811
4.3818142e-06
0.0019652661
4.603044e-06
0.0019653566
4.8256444e-06
0.0019654522
5.0478589e-06
0.0019655523
5.2678074e-06
0.0019656563
5.4835226e-06
0.0019657634
5.692991e-06
0.0019658728
5.8941935e-06
0.0019659836
6.0851472e-06
0.001966095
6.2639503e-06
0.0019662059
6.4288319e-06
0.0019663155
6.5782052e-06
0.0019664227
6.7107213e-06
0.0019665268
6.8253188e-06
0.0019666268
6.9212645e-06
0.0019667221
6.9981779e-06
0.0019668121
7.056038e-06
0.0019668962
7.09517e-06
0.0019669741
7.1162138e-06
0.0019670457
7.1200799e-06
0.0019671108
7.1078954e-06
0.0019671694
7.0809475e-06
0.0019672218
7.0406271e-06
0.001967268
6.9883763e-06
0.0019673084
6.9256432e-06
0.0019673433
6.8538436e-06
0.0019673731
6.7743324e-06
0.0019673982
6.6883818e-06
0.0019674189
6.597167e-06
0.0019674356
6.5017593e-06
0.0019674488
6.403122e-06
0.0019674587
6.3021121e-06
0.0019674658
6.1994828e-06
0.0019674703
6.0958903e-06
0.0019674725
5.9918998e-06
0.0019674728
5.8879943e-06
0.0019674714
5.7845823e-06
0.0019674685
5.6820054e-06
0.0019674643
5.5805465e-06
0.001967459
5.480437e-06
0.0019674529
5.3818631e-06
0.001967446
5.2849722e-06
0.0019674385
5.1898783e-06
0.0019674305
5.0966666e-06
0.0019674221
5.0053979e-06
0.0019674134
4.9161125e-06
0.0019674046
4.8288335e-06
0.0019673956
4.7435696e-06
0.0019673866
4.6603169e-06
0.0019673775
4.5790614e-06
0.0019673685
4.4997806e-06
0.0019673596
4.4224454e-06
0.0019673509
4.3470216e-06
0.0019673423
4.2734712e-06
0.0019673338
4.2017533e-06
0.0019673256
4.1318247e-06
0.0019673177
4.0636413e-06
0.00196731
3.9971603e-06
0.0019673025
3.9323402e-06
0.0019672953
3.86914e-06
0.0019672884
3.80752e-06
0.0019672818
3.7474424e-06
0.0019672755
3.6888705e-06
0.0019672695
3.6317687e-06
0.0019672638
3.5761007e-06
0.0019672584
3.5218302e-06
0.0019672534
3.468921e-06
0.0019672486
3.4173377e-06
0.0019672441
3.3670469e-06
0.0019672399
3.3180163e-06
0.0019672361
3.2702164e-06
0.0019672325
3.2236215e-06
0.0019672292
3.1782097e-06
0.0019672263
3.1339627e-06
0.0019672236
3.0908657e-06
0.0019672212
3.0489031e-06
0.001967219
3.0080572e-06
0.0019672172
2.9683402e-06
0.0019672156
2.9298569e-06
0.0019672142
2.892335e-06
0.0019672131
2.8547633e-06
0.0019672122
2.8197736e-06
0.0019672115
2.7853621e-06
0.0019672111
2.7524375e-06
0.0019672109
2.7214955e-06
0.0019672108
2.6901412e-06
0.0019672109
2.6604133e-06
0.0019672111
2.6322181e-06
0.0019672114
2.6057722e-06
0.0019672118
2.5814213e-06
0.0019672122
2.5596356e-06
0.0019672125
2.5420546e-06
0.0019672125
2.5297091e-06
0.0019672125
2.5205357e-06
0.0019672111
2.5165077e-06
0.0019672149
2.654366e-06
2.5607277e-06
0.0020202751
3.6810106e-06
-0.0020202145
0.0020203416
3.8832297e-06
0.0020204141
4.0910905e-06
0.0020204925
4.3034411e-06
0.0020205765
4.5189472e-06
0.0020206661
4.7361137e-06
0.0020207606
4.9532972e-06
0.0020208597
5.168726e-06
0.0020209627
5.3805332e-06
0.0020210689
5.5867951e-06
0.0020211775
5.7855695e-06
0.0020212877
5.9749367e-06
0.0020213986
6.1530424e-06
0.0020215093
6.3181458e-06
0.0020216189
6.4686702e-06
0.0020217263
6.6032542e-06
0.0020218309
6.7207993e-06
0.0020219316
6.8205097e-06
0.0020220279
6.9019191e-06
0.002022119
6.9649001e-06
0.0020222045
7.0096571e-06
0.002022284
7.0367016e-06
0.0020223573
7.046814e-06
0.0020224242
7.0409964e-06
0.0020224847
7.0204207e-06
0.002022539
6.9863763e-06
0.0020225871
6.9402191e-06
0.0020226294
6.8833279e-06
0.0020226662
6.8170657e-06
0.0020226978
6.7427496e-06
0.0020227246
6.6616281e-06
0.0020227469
6.5748643e-06
0.0020227651
6.4835274e-06
0.0020227796
6.3885861e-06
0.0020227908
6.2909093e-06
0.0020227991
6.1912661e-06
0.0020228046
6.0903321e-06
0.0020228078
5.9886936e-06
0.002022809
5.8868559e-06
0.0020228083
5.7852499e-06
0.0020228061
5.6842392e-06
0.0020228025
5.5841284e-06
0.0020227977
5.4851692e-06
0.002022792
5.3875673e-06
0.0020227855
5.2914881e-06
0.0020227783
5.1970623e-06
0.0020227706
5.1043905e-06
0.0020227625
5.0135478e-06
0.002022754
4.9245873e-06
0.0020227453
4.8375439e-06
0.0020227364
4.7524366e-06
0.0020227275
4.6692712e-06
0.0020227185
4.5880423e-06
0.0020227095
4.508735e-06
0.0020227006
4.4313271e-06
0.0020226919
4.3557903e-06
0.0020226832
4.2820922e-06
0.0020226748
4.2101965e-06
0.0020226666
4.1400645e-06
0.0020226586
4.0716559e-06
0.0020226508
4.0049312e-06
0.0020226433
3.9398518e-06
0.002022636
3.8763796e-06
0.0020226291
3.8144773e-06
0.0020226224
3.7541093e-06
0.002022616
3.6952407e-06
0.00202261
3.6378376e-06
0.0020226042
3.5818651e-06
0.0020225987
3.5272877e-06
0.0020225936
3.4740703e-06
0.0020225888
3.4221782e-06
0.0020225842
3.3715785e-06
0.00202258
3.32224e-06
0.0020225761
3.2741338e-06
0.0020225725
3.227235e-06
0.0020225692
3.1815223e-06
0.0020225661
3.1369785e-06
0.0020225634
3.0935893e-06
0.002022561
3.0513401e-06
0.0020225588
3.0102143e-06
0.0020225569
2.9702252e-06
0.0020225553
2.931465e-06
0.002022554
2.89366e-06
0.0020225528
2.8559274e-06
0.002022552
2.8206547e-06
0.0020225513
2.7860169e-06
0.0020225509
2.7528871e-06
0.0020225507
2.7216795e-06
0.0020225506
2.6901923e-06
0.0020225507
2.6603084e-06
0.002022551
2.6319785e-06
0.0020225513
2.6054344e-06
0.0020225517
2.5810265e-06
0.0020225521
2.5592479e-06
0.0020225524
2.5417195e-06
0.0020225525
2.5296033e-06
0.0020225526
2.5204667e-06
0.002022551
2.5181325e-06
0.0020225545
2.6508108e-06
2.5678501e-06
0.0020771442
3.6207844e-06
-0.002077084
0.0020772102
3.8172514e-06
0.002077282
4.0193021e-06
0.0020773595
4.2258868e-06
0.0020774427
4.4357778e-06
0.0020775312
4.6475877e-06
0.0020776247
4.8597817e-06
0.0020777227
5.0706941e-06
0.0020778247
5.2785577e-06
0.00207793
5.4815389e-06
0.0020780378
5.6777747e-06
0.0020781473
5.8654112e-06
0.0020782577
6.0426452e-06
0.0020783681
6.20777e-06
0.0020784775
6.3592235e-06
0.0020785851
6.4956372e-06
0.0020786901
6.6158819e-06
0.0020787915
6.7191067e-06
0.0020788886
6.804767e-06
0.0020789809
6.8726375e-06
0.0020790677
6.9228091e-06
0.0020791488
6.9556708e-06
0.0020792237
6.9718776e-06
0.0020792924
6.9723095e-06
0.0020793548
6.9580239e-06
0.0020794109
6.9302079e-06
0.002079461
6.8901292e-06
0.0020795053
6.8390941e-06
0.0020795439
6.7784088e-06
0.0020795773
6.7093488e-06
0.0020796058
6.6331343e-06
0.0020796298
6.5509126e-06
0.0020796495
6.4637465e-06
0.0020796655
6.3726074e-06
0.0020796781
6.2783726e-06
0.0020796875
6.1818253e-06
0.0020796942
6.083658e-06
0.0020796984
5.9844768e-06
0.0020797004
5.884808e-06
0.0020797006
5.785104e-06
0.0020796991
5.6857501e-06
0.0020796961
5.587072e-06
0.002079692
5.4893417e-06
0.0020796867
5.3927841e-06
0.0020796807
5.297583e-06
0.0020796738
5.2038857e-06
0.0020796664
5.1118089e-06
0.0020796585
5.0214418e-06
0.0020796503
4.9328508e-06
0.0020796417
4.8460829e-06
0.002079633
4.7611678e-06
0.0020796241
4.6781214e-06
0.0020796152
4.5969468e-06
0.0020796063
4.5176374e-06
0.0020795975
4.440178e-06
0.0020795887
4.3645467e-06
0.0020795801
4.2907167e-06
0.0020795716
4.2186568e-06
0.0020795634
4.1483327e-06
0.0020795553
4.0797083e-06
0.0020795475
4.0127475e-06
0.0020795399
3.947415e-06
0.0020795326
3.8836754e-06
0.0020795256
3.8214941e-06
0.0020795189
3.7608379e-06
0.0020795125
3.701674e-06
0.0020795063
3.64397e-06
0.0020795005
3.5876924e-06
0.002079495
3.5328071e-06
0.0020794898
3.4792797e-06
0.0020794849
3.4270765e-06
0.0020794803
3.3761653e-06
0.002079476
3.3265155e-06
0.002079472
3.2780993e-06
0.0020794684
3.2308926e-06
0.002079465
3.1848749e-06
0.002079462
3.1400298e-06
0.0020794592
3.0963438e-06
0.0020794568
3.0538032e-06
0.0020794546
3.0123926e-06
0.0020794527
2.9721264e-06
0.0020794511
2.9330843e-06
0.0020794497
2.8949943e-06
0.0020794486
2.8570907e-06
0.0020794477
2.8215332e-06
0.002079447
2.7866654e-06
0.0020794466
2.7533236e-06
0.0020794464
2.7218493e-06
0.0020794464
2.6902229e-06
0.0020794465
2.6601805e-06
0.0020794468
2.6317134e-06
0.0020794472
2.6050687e-06
0.0020794476
2.5806021e-06
0.002079448
2.5588264e-06
0.0020794484
2.5413307e-06
0.0020794487
2.5293367e-06
0.0020794486
2.5204997e-06
0.0020794466
2.5201249e-06
0.00207945
2.647418e-06
2.5744867e-06
0.0021356127
3.5609348e-06
-0.0021355528
0.0021356781
3.7518079e-06
0.0021357492
3.948197e-06
0.002135826
4.1491492e-06
0.0021359082
4.3535351e-06
0.0021359957
4.5600698e-06
0.0021360882
4.7673221e-06
0.0021361851
4.9737294e-06
0.0021362861
5.1776224e-06
0.0021363904
5.3772581e-06
0.0021364973
5.570854e-06
0.0021366061
5.7566241e-06
0.0021367159
5.9328194e-06
0.0021368259
6.097771e-06
0.0021369352
6.2499359e-06
0.0021370429
6.3879439e-06
0.0021371481
6.5106412e-06
0.0021372501
6.6171291e-06
0.0021373481
6.7067928e-06
0.0021374414
6.7793164e-06
0.0021375295
6.8346851e-06
0.002137612
6.8731718e-06
0.0021376886
6.8953111e-06
0.002137759
6.9018637e-06
0.0021378233
6.8937743e-06
0.0021378813
6.8721272e-06
0.0021379334
6.8381004e-06
0.0021379795
6.7929249e-06
0.0021380201
6.7378466e-06
0.0021380554
6.6740952e-06
0.0021380856
6.6028587e-06
0.0021381113
6.5252643e-06
0.0021381327
6.4423652e-06
0.0021381501
6.3551314e-06
0.0021381641
6.264446e-06
0.0021381748
6.1711034e-06
0.0021381826
6.0758112e-06
0.0021381879
5.9791935e-06
0.0021381909
5.8817961e-06
0.0021381919
5.7840923e-06
0.0021381912
5.686488e-06
0.0021381889
5.5893297e-06
0.0021381854
5.4929094e-06
0.0021381807
5.3974714e-06
0.0021381751
5.3032174e-06
0.0021381686
5.2103121e-06
0.0021381616
5.1188878e-06
0.0021381539
5.0290486e-06
0.0021381459
4.9408743e-06
0.0021381376
4.8544242e-06
0.002138129
4.7697392e-06
0.0021381203
4.6868453e-06
0.0021381115
4.6057549e-06
0.0021381026
4.5264697e-06
0.0021380938
4.4489818e-06
0.0021380851
4.373276e-06
0.0021380765
4.2993314e-06
0.002138068
4.227122e-06
0.0021380597
4.1566184e-06
0.0021380517
4.0877886e-06
0.0021380438
4.0206004e-06
0.0021380362
3.9550217e-06
0.0021380289
3.8910201e-06
0.0021380218
3.828564e-06
0.002138015
3.7676225e-06
0.0021380085
3.708165e-06
0.0021380023
3.6501611e-06
0.0021379964
3.5935786e-06
0.0021379909
3.5383846e-06
0.0021379856
3.4845459e-06
0.0021379806
3.4320295e-06
0.002137976
3.3808042e-06
0.0021379717
3.3308401e-06
0.0021379677
3.2821106e-06
0.002137964
3.2345921e-06
0.0021379606
3.1882653e-06
0.0021379575
3.1431145e-06
0.0021379547
3.0991272e-06
0.0021379522
3.0562904e-06
0.00213795
3.0145903e-06
0.0021379481
2.9740418e-06
0.0021379465
2.934713e-06
0.0021379451
2.8963361e-06
0.002137944
2.8582514e-06
0.0021379431
2.8224073e-06
0.0021379425
2.7873055e-06
0.002137942
2.7537452e-06
0.0021379419
2.7220031e-06
0.0021379419
2.6902311e-06
0.002137942
2.6600274e-06
0.0021379423
2.6314206e-06
0.0021379427
2.6046732e-06
0.0021379432
2.5801461e-06
0.0021379436
2.5583696e-06
0.0021379441
2.5409032e-06
0.0021379445
2.5288679e-06
0.0021379444
2.5206688e-06
0.002137942
2.5224593e-06
0.0021379453
2.6441103e-06
2.580585e-06
0.0021957254
3.5014659e-06
-0.002195666
0.0021957903
3.6868976e-06
0.0021958608
3.8777717e-06
0.0021959367
4.0732238e-06
0.002196018
4.2722163e-06
0.0021961045
4.4735604e-06
0.0021961959
4.6759244e-06
0.0021962918
4.877845e-06
0.0021963917
5.0777492e-06
0.002196495
5.2739838e-06
0.002196601
5.4648474e-06
0.002196709
5.648624e-06
0.0021968182
5.8236214e-06
0.0021969277
5.9882117e-06
0.0021970368
6.1408755e-06
0.0021971445
6.2802459e-06
0.00219725
6.4051508e-06
0.0021973524
6.5146508e-06
0.0021974512
6.608068e-06
0.0021975455
6.6850044e-06
0.0021976348
6.7453466e-06
0.0021977187
6.789258e-06
0.0021977969
6.817158e-06
0.0021978691
6.8296917e-06
0.0021979351
6.8276929e-06
0.0021979951
6.8121434e-06
0.0021980491
6.7841302e-06
0.0021980972
6.7448068e-06
0.0021981397
6.6953554e-06
0.0021981768
6.6369563e-06
0.0021982089
6.5707614e-06
0.0021982363
6.4978737e-06
0.0021982594
6.4193328e-06
0.0021982784
6.336104e-06
0.0021982938
6.2490732e-06
0.0021983058
6.159043e-06
0.0021983149
6.0667342e-06
0.0021983213
5.9727867e-06
0.0021983253
5.8777647e-06
0.0021983273
5.7821608e-06
0.0021983274
5.6864011e-06
0.0021983258
5.5908521e-06
0.0021983229
5.4958256e-06
0.0021983188
5.401585e-06
0.0021983137
5.3083501e-06
0.0021983077
5.2163028e-06
0.002198301
5.1255915e-06
0.0021982937
5.0363351e-06
0.0021982859
4.9486272e-06
0.0021982778
4.8625396e-06
0.0021982694
4.7781249e-06
0.0021982609
4.6954194e-06
0.0021982522
4.6144451e-06
0.0021982434
4.5352122e-06
0.0021982347
4.4577207e-06
0.002198226
4.3819621e-06
0.0021982174
4.3079217e-06
0.002198209
4.2355791e-06
0.0021982007
4.1649097e-06
0.0021981926
4.0958863e-06
0.0021981847
4.0284802e-06
0.002198177
3.9626631e-06
0.0021981697
3.8984059e-06
0.0021981625
3.8356798e-06
0.0021981557
3.7744567e-06
0.0021981492
3.7147082e-06
0.0021981429
3.6564056e-06
0.002198137
3.5995188e-06
0.0021981314
3.5440159e-06
0.002198126
3.4898649e-06
0.002198121
3.4370337e-06
0.0021981163
3.385492e-06
0.002198112
3.335211e-06
0.0021981079
3.2861647e-06
0.0021981042
3.2383309e-06
0.0021981007
3.191691e-06
0.0021980976
3.1462303e-06
0.0021980948
3.1019371e-06
0.0021980923
3.0587996e-06
0.0021980901
3.0168053e-06
0.0021980882
2.9759694e-06
0.0021980865
2.9363491e-06
0.0021980852
2.8976832e-06
0.002198084
2.8594074e-06
0.0021980832
2.8232747e-06
0.0021980825
2.787935e-06
0.0021980821
2.7541498e-06
0.002198082
2.7221386e-06
0.002198082
2.6902147e-06
0.0021980822
2.659847e-06
0.0021980825
2.6310981e-06
0.0021980829
2.6042456e-06
0.0021980834
2.5796564e-06
0.0021980839
2.5578785e-06
0.0021980844
2.5404429e-06
0.0021980849
2.5283427e-06
0.0021980846
2.5209563e-06
0.0021980825
2.5245427e-06
0.0021980859
2.6407304e-06
2.5862907e-06
0.0022575287
3.4423801e-06
-0.0022574697
0.0022575931
3.6225213e-06
0.0022576629
3.8080244e-06
0.002257738
3.9981078e-06
0.0022578184
4.1918191e-06
0.0022579039
4.3880602e-06
0.0022579942
4.5855942e-06
0.002258089
4.7830533e-06
0.0022581878
4.9789583e-06
0.00225829
5.1717449e-06
0.0022583951
5.359793e-06
0.0022585023
5.5414578e-06
0.0022586108
5.7151059e-06
0.0022587198
5.879154e-06
0.0022588286
6.03211e-06
0.0022589362
6.1726153e-06
0.0022590419
6.2994855e-06
0.0022591448
6.4117471e-06
0.0022592442
6.508667e-06
0.0022593394
6.5897723e-06
0.0022594299
6.6548589e-06
0.0022595152
6.7039872e-06
0.0022595949
6.7374667e-06
0.0022596687
6.7558313e-06
0.0022597366
6.759806e-06
0.0022597985
6.7502708e-06
0.0022598544
6.7282212e-06
0.0022599045
6.6947309e-06
0.0022599489
6.6509159e-06
0.002259988
6.5979035e-06
0.0022600219
6.5368056e-06
0.0022600511
6.4686971e-06
0.0022600758
6.3946003e-06
0.0022600965
6.3154724e-06
0.0022601133
6.2321984e-06
0.0022601268
6.1455869e-06
0.0022601372
6.0563689e-06
0.0022601448
5.9651986e-06
0.0022601499
5.8726567e-06
0.0022601528
5.7792539e-06
0.0022601537
5.6854357e-06
0.002260153
5.5915879e-06
0.0022601508
5.4980415e-06
0.0022601473
5.4050789e-06
0.0022601427
5.3129379e-06
0.0022601372
5.2218175e-06
0.0022601309
5.1318823e-06
0.002260124
5.0432663e-06
0.0022601165
4.9560771e-06
0.0022601087
4.8703994e-06
0.0022601005
4.7862975e-06
0.0022600921
4.7038186e-06
0.0022600835
4.6229945e-06
0.0022600749
4.5438441e-06
0.0022600662
4.4663755e-06
0.0022600576
4.3905876e-06
0.0022600491
4.3164718e-06
0.0022600406
4.2440136e-06
0.0022600324
4.1731937e-06
0.0022600242
4.1039893e-06
0.0022600164
4.0363763e-06
0.0022600087
3.9703297e-06
0.0022600013
3.905824e-06
0.0022599941
3.8428337e-06
0.0022599872
3.7813332e-06
0.0022599806
3.7212967e-06
0.0022599744
3.6626978e-06
0.0022599684
3.6055076e-06
0.0022599627
3.5496961e-06
0.0022599573
3.4952322e-06
0.0022599523
3.4420849e-06
0.0022599475
3.3902249e-06
0.0022599431
3.3396243e-06
0.002259939
3.2902583e-06
0.0022599353
3.2421057e-06
0.0022599318
3.1951488e-06
0.0022599287
3.1493741e-06
0.0022599258
3.1047708e-06
0.0022599233
3.061328e-06
0.0022599211
3.0190347e-06
0.0022599191
2.9779064e-06
0.0022599175
2.9379901e-06
0.0022599161
2.8990328e-06
0.002259915
2.8605562e-06
0.0022599141
2.824133e-06
0.0022599135
2.7885511e-06
0.0022599131
2.7545347e-06
0.002259913
2.7222533e-06
0.0022599131
2.6901711e-06
0.0022599133
2.6596363e-06
0.0022599136
2.6307429e-06
0.0022599141
2.6037831e-06
0.0022599146
2.5791309e-06
0.0022599151
2.557353e-06
0.0022599156
2.5399614e-06
0.0022599161
2.5278494e-06
0.0022599159
2.5212031e-06
0.0022599143
2.5261051e-06
0.0022599176
2.6374039e-06
2.5917592e-06
0.0023210703
3.383682e-06
-0.0023210116
0.0023211341
3.5586797e-06
0.0023212032
3.7389528e-06
0.0023212775
3.9237973e-06
0.002321357
4.1123401e-06
0.0023214415
4.3035684e-06
0.0023215307
4.4963349e-06
0.0023216244
4.6893638e-06
0.0023217221
4.8812668e-06
0.0023218233
5.0705671e-06
0.0023219273
5.2557253e-06
0.0023220336
5.4351687e-06
0.0023221414
5.6073247e-06
0.0023222499
5.770657e-06
0.0023223583
5.9237048e-06
0.0023224658
6.0651226e-06
0.0023225716
6.1937193e-06
0.0023226748
6.3084938e-06
0.0023227748
6.408665e-06
0.0023228709
6.4936929e-06
0.0023229625
6.5632899e-06
0.002323049
6.6174203e-06
0.0023231302
6.6562898e-06
0.0023232057
6.6803249e-06
0.0023232754
6.6901447e-06
0.0023233391
6.6865288e-06
0.002323397
6.6703807e-06
0.002323449
6.6426931e-06
0.0023234954
6.6045132e-06
0.0023235364
6.556912e-06
0.0023235722
6.5009578e-06
0.0023236032
6.4376939e-06
0.0023236297
6.3681212e-06
0.002323652
6.2931851e-06
0.0023236704
6.2137671e-06
0.0023236854
6.1306782e-06
0.0023236971
6.0446575e-06
0.0023237059
5.956371e-06
0.0023237121
5.8664144e-06
0.0023237161
5.7753153e-06
0.002323718
5.6835371e-06
0.0023237181
5.5914843e-06
0.0023237166
5.4995068e-06
0.0023237138
5.4079052e-06
0.0023237098
5.3169354e-06
0.0023237048
5.2268136e-06
0.002323699
5.1377204e-06
0.0023236924
5.0498051e-06
0.0023236853
4.9631896e-06
0.0023236777
4.8779716e-06
0.0023236698
4.7942276e-06
0.0023236616
4.7120157e-06
0.0023236532
4.631378e-06
0.0023236447
4.5523425e-06
0.0023236362
4.4749255e-06
0.0023236276
4.3991333e-06
0.0023236191
4.3249643e-06
0.0023236107
4.2524097e-06
0.0023236025
4.1814558e-06
0.0023235944
4.1120846e-06
0.0023235865
4.0442765e-06
0.0023235788
3.9780105e-06
0.0023235714
3.9132645e-06
0.0023235642
3.8500165e-06
0.0023235573
3.7882438e-06
0.0023235506
3.7279233e-06
0.0023235443
3.6690305e-06
0.0023235383
3.6115388e-06
0.0023235326
3.5554193e-06
0.0023235271
3.5006424e-06
0.002323522
3.4471782e-06
0.0023235173
3.3949982e-06
0.0023235128
3.3440759e-06
0.0023235087
3.2943874e-06
0.0023235049
3.2459127e-06
0.0023235014
3.1986353e-06
0.0023234982
3.1525425e-06
0.0023234954
3.1076248e-06
0.0023234928
3.0638723e-06
0.0023234906
3.0212755e-06
0.0023234886
2.9798499e-06
0.002323487
2.9396329e-06
0.0023234857
2.9003818e-06
0.0023234845
2.8616949e-06
0.0023234837
2.8249791e-06
0.0023234831
2.7891509e-06
0.0023234827
2.754897e-06
0.0023234826
2.7223439e-06
0.0023234827
2.6900971e-06
0.0023234829
2.6593925e-06
0.0023234833
2.6303521e-06
0.0023234838
2.6032827e-06
0.0023234844
2.5785663e-06
0.002323485
2.5567881e-06
0.0023234855
2.5394436e-06
0.002323486
2.5273725e-06
0.0023234857
2.5214212e-06
0.0023234845
2.5273314e-06
0.0023234878
2.6340889e-06
2.5969196e-06
0.0023863994
3.3253835e-06
-0.0023863411
0.0023864627
3.4953771e-06
0.0023865311
3.6705578e-06
0.0023866046
3.8502916e-06
0.0023866832
4.0337785e-06
0.0023867667
4.2200857e-06
0.0023868549
4.4081511e-06
0.0023869474
4.5967864e-06
0.002387044
4.7846916e-06
0.0023871441
4.970475e-06
0.0023872472
5.1526775e-06
0.0023873525
5.3297987e-06
0.0023874595
5.5003282e-06
0.0023875674
5.6627791e-06
0.0023876754
5.8157253e-06
0.0023877827
5.9578386e-06
0.0023878885
6.0879268e-06
0.002387992
6.2049676e-06
0.0023880925
6.308139e-06
0.0023881894
6.3968413e-06
0.0023882819
6.4707107e-06
0.0023883697
6.5296223e-06
0.0023884523
6.5736838e-06
0.0023885295
6.6032191e-06
0.0023886009
6.6187447e-06
0.0023886664
6.6209413e-06
0.0023887262
6.6106209e-06
0.0023887802
6.5886939e-06
0.0023888286
6.5561364e-06
0.0023888715
6.5139607e-06
0.0023889093
6.463188e-06
0.0023889422
6.404826e-06
0.0023889704
6.3398509e-06
0.0023889944
6.2691927e-06
0.0023890145
6.1937258e-06
0.0023890309
6.1142608e-06
0.002389044
6.0315423e-06
0.0023890541
5.9462459e-06
0.0023890616
5.8589801e-06
0.0023890666
5.7702881e-06
0.0023890695
5.6806499e-06
0.0023890705
5.590488e-06
0.0023890698
5.5001703e-06
0.0023890677
5.4100154e-06
0.0023890643
5.3202969e-06
0.0023890599
5.2312479e-06
0.0023890546
5.1430654e-06
0.0023890484
5.055914e-06
0.0023890417
4.9699298e-06
0.0023890345
4.8852241e-06
0.0023890268
4.8018856e-06
0.0023890188
4.7199837e-06
0.0023890106
4.6395709e-06
0.0023890023
4.5606847e-06
0.0023889939
4.4833499e-06
0.0023889854
4.4075807e-06
0.002388977
4.3333822e-06
0.0023889687
4.260752e-06
0.0023889604
4.1896821e-06
0.0023889524
4.1201598e-06
0.0023889445
4.0521698e-06
0.0023889368
3.9856954e-06
0.0023889293
3.9207184e-06
0.0023889221
3.8572202e-06
0.0023889152
3.7951813e-06
0.0023889085
3.7345813e-06
0.0023889022
3.6753982e-06
0.0023888961
3.6176072e-06
0.0023888903
3.5611812e-06
0.0023888849
3.5060916e-06
0.0023888798
3.45231e-06
0.0023888749
3.3998089e-06
0.0023888705
3.348563e-06
0.0023888663
3.2985496e-06
0.0023888625
3.2497498e-06
0.0023888589
3.2021484e-06
0.0023888557
3.1557339e-06
0.0023888529
3.1104977e-06
0.0023888503
3.0664312e-06
0.0023888481
3.0235263e-06
0.0023888461
2.9817985e-06
0.0023888445
2.9412765e-06
0.0023888431
2.9017291e-06
0.002388842
2.8628226e-06
0.0023888412
2.825812e-06
0.0023888406
2.7897332e-06
0.0023888402
2.7552359e-06
0.0023888402
2.7224096e-06
0.0023888403
2.689992e-06
0.0023888406
2.6591144e-06
0.002388841
2.6299245e-06
0.0023888415
2.6027432e-06
0.0023888421
2.5779614e-06
0.0023888427
2.5561817e-06
0.0023888433
2.5388856e-06
0.0023888438
2.5268609e-06
0.0023888436
2.521626e-06
0.0023888425
2.5284208e-06
0.0023888458
2.6308101e-06
2.6016499e-06
0.0024535666
3.2674897e-06
-0.0024535087
0.0024536293
3.4326145e-06
0.0024536971
3.6028361e-06
0.0024537698
3.7775854e-06
0.0024538474
3.9561288e-06
0.0024539299
4.1376082e-06
0.002454017
4.3210419e-06
0.0024541085
4.5053256e-06
0.0024542039
4.6892436e-06
0.0024543029
4.8714876e-06
0.0024544049
5.0506772e-06
0.0024545093
5.2253844e-06
0.0024546155
5.3941618e-06
0.0024547227
5.555574e-06
0.0024548302
5.7082326e-06
0.0024549372
5.8508311e-06
0.0024550429
5.9821809e-06
0.0024551467
6.1012449e-06
0.0024552476
6.2071668e-06
0.0024553452
6.2992944e-06
0.0024554387
6.377195e-06
0.0024555276
6.4406617e-06
0.0024556116
6.48971e-06
0.0024556903
6.5245661e-06
0.0024557634
6.5456477e-06
0.0024558308
6.5535387e-06
0.0024558924
6.54896e-06
0.0024559484
6.5327394e-06
0.0024559987
6.5057804e-06
0.0024560437
6.4690337e-06
0.0024560834
6.4234704e-06
0.0024561182
6.3700592e-06
0.0024561483
6.309748e-06
0.002456174
6.243448e-06
0.0024561957
6.1720228e-06
0.0024562137
6.0962798e-06
0.0024562283
6.0169662e-06
0.0024562397
5.9347648e-06
0.0024562484
5.8502952e-06
0.0024562546
5.7641141e-06
0.0024562585
5.6767172e-06
0.0024562605
5.5885436e-06
0.0024562607
5.4999787e-06
0.0024562593
5.4113584e-06
0.0024562567
5.3229738e-06
0.0024562528
5.2350747e-06
0.002456248
5.1478743e-06
0.0024562424
5.0615526e-06
0.002456236
4.9762603e-06
0.0024562292
4.8921221e-06
0.0024562218
4.8092392e-06
0.0024562141
4.7276928e-06
0.0024562061
4.6475458e-06
0.002456198
4.5688456e-06
0.0024561897
4.4916259e-06
0.0024561813
4.4159086e-06
0.002456173
4.3417063e-06
0.0024561648
4.2690232e-06
0.0024561566
4.197857e-06
0.0024561485
4.1282004e-06
0.0024561407
4.0600431e-06
0.002456133
3.9933727e-06
0.0024561255
3.928175e-06
0.0024561183
3.8644351e-06
0.0024561114
3.802137e-06
0.0024561047
3.7412631e-06
0.0024560983
3.6817938e-06
0.0024560922
3.6237065e-06
0.0024560864
3.5669757e-06
0.0024560809
3.5115745e-06
0.0024560757
3.4574754e-06
0.0024560709
3.4046525e-06
0.0024560664
3.3530815e-06
0.0024560622
3.3027411e-06
0.0024560583
3.2536136e-06
0.0024560548
3.205685e-06
0.0024560516
3.1589451e-06
0.0024560487
3.1133865e-06
0.0024560461
3.0690019e-06
0.0024560439
3.0257846e-06
0.0024560419
2.9837499e-06
0.0024560403
2.9429186e-06
0.0024560389
2.903072e-06
0.0024560378
2.8639371e-06
0.002456037
2.8266294e-06
0.0024560364
2.7902956e-06
0.0024560361
2.755549e-06
0.0024560361
2.7224481e-06
0.0024560362
2.6898535e-06
0.0024560365
2.6587999e-06
0.002456037
2.6294581e-06
0.0024560376
2.6021626e-06
0.0024560382
2.577314e-06
0.0024560389
2.5555316e-06
0.0024560395
2.5382847e-06
0.00245604
2.5263144e-06
0.0024560399
2.5217948e-06
0.0024560389
2.5293695e-06
0.0024560421
2.6275889e-06
2.6059713e-06
0.0025226233
3.2100068e-06
-0.0025225658
0.0025226855
3.3703889e-06
0.0025227525
3.535784e-06
0.0025228245
3.7056737e-06
0.0025229012
3.8793852e-06
0.0025229827
4.0561311e-06
0.0025230687
4.2350056e-06
0.0025231591
4.4149838e-06
0.0025232534
4.5949314e-06
0.0025233512
4.7736206e-06
0.0025234522
4.9497482e-06
0.0025235556
5.1219581e-06
0.0025236609
5.2888664e-06
0.0025237674
5.449091e-06
0.0025238743
5.6012838e-06
0.002523981
5.7441636e-06
0.0025240866
5.8765505e-06
0.0025241905
5.997398e-06
0.0025242918
6.1058224e-06
0.00252439
6.2011259e-06
0.0025244844
6.2828143e-06
0.0025245744
6.3506051e-06
0.0025246597
6.4044281e-06
0.0025247398
6.4444173e-06
0.0025248146
6.470895e-06
0.0025248838
6.4843512e-06
0.0025249473
6.4854169e-06
0.0025250052
6.474837e-06
0.0025250576
6.4534411e-06
0.0025251045
6.4221162e-06
0.0025251462
6.3817804e-06
0.0025251829
6.3333603e-06
0.0025252148
6.2777719e-06
0.0025252424
6.215904e-06
0.0025252658
6.1486063e-06
0.0025252854
6.0766799e-06
0.0025253015
6.0008715e-06
0.0025253144
5.9218688e-06
0.0025253244
5.8403002e-06
0.0025253318
5.7567342e-06
0.0025253368
5.6716808e-06
0.0025253398
5.5855945e-06
0.0025253409
5.4988772e-06
0.0025253403
5.4118818e-06
0.0025253384
5.324916e-06
0.0025253352
5.2382465e-06
0.002525331
5.1521024e-06
0.0025253259
5.0666791e-06
0.00252532
4.9821418e-06
0.0025253135
4.8986289e-06
0.0025253065
4.8162545e-06
0.002525299
4.7351115e-06
0.0025252913
4.6552738e-06
0.0025252834
4.5767986e-06
0.0025252753
4.4997288e-06
0.0025252671
4.4240947e-06
0.0025252589
4.3499162e-06
0.0025252507
4.2772044e-06
0.0025252426
4.2059632e-06
0.0025252346
4.1361909e-06
0.0025252268
4.0678823e-06
0.0025252191
4.0010295e-06
0.0025252116
3.9356226e-06
0.0025252044
3.8716507e-06
0.0025251975
3.8091012e-06
0.0025251908
3.7479596e-06
0.0025251844
3.6882092e-06
0.0025251782
3.6298292e-06
0.0025251724
3.5727964e-06
0.0025251669
3.517085e-06
0.0025251617
3.4626691e-06
0.0025251568
3.409524e-06
0.0025251523
3.3576268e-06
0.0025251481
3.3069575e-06
0.0025251442
3.2574999e-06
0.0025251406
3.2092412e-06
0.0025251374
3.1621725e-06
0.0025251345
3.1162878e-06
0.0025251319
3.0715811e-06
0.0025251297
3.0280472e-06
0.0025251277
2.985701e-06
0.0025251261
2.9445563e-06
0.0025251247
2.9044078e-06
0.0025251236
2.8650357e-06
0.0025251228
2.8274286e-06
0.0025251223
2.7908355e-06
0.002525122
2.755834e-06
0.002525122
2.7224567e-06
0.0025251222
2.6896791e-06
0.0025251225
2.6584462e-06
0.002525123
2.62895e-06
0.0025251237
2.601538e-06
0.0025251244
2.5766214e-06
0.0025251251
2.5548352e-06
0.0025251257
2.5376378e-06
0.0025251263
2.5257256e-06
0.0025251262
2.5218994e-06
0.0025251255
2.5300375e-06
0.0025251285
2.6245603e-06
2.6100908e-06
0.0025936227
3.1529227e-06
-0.0025935657
0.0025936844
3.3086986e-06
0.0025937508
3.4693973e-06
0.002593822
3.6345498e-06
0.0025938978
3.8035406e-06
0.0025939783
3.9756486e-06
0.0025940632
4.1500392e-06
0.0025941525
4.3257629e-06
0.0025942456
4.5017631e-06
0.0025943424
4.6768896e-06
0.0025944422
4.8499149e-06
0.0025945446
5.0195534e-06
0.002594649
5.1844852e-06
0.0025947547
5.3433826e-06
0.002594861
5.4949399e-06
0.0025949673
5.6379049e-06
0.0025950727
5.7711108e-06
0.0025951766
5.8935072e-06
0.0025952783
6.0041889e-06
0.002595377
6.1024196e-06
0.0025954721
6.1876504e-06
0.0025955632
6.2595303e-06
0.0025956497
6.3179098e-06
0.0025957313
6.3628359e-06
0.0025958077
6.3945399e-06
0.0025958786
6.4134208e-06
0.002595944
6.4200213e-06
0.0025960038
6.415004e-06
0.0025960581
6.3991235e-06
0.002596107
6.3732013e-06
0.0025961507
6.3381003e-06
0.0025961894
6.2947018e-06
0.0025962233
6.2438865e-06
0.0025962527
6.1865175e-06
0.0025962778
6.1234273e-06
0.0025962991
6.0554073e-06
0.0025963168
5.9832011e-06
0.0025963312
5.9074985e-06
0.0025963425
5.8289346e-06
0.0025963512
5.7480878e-06
0.0025963574
5.6654805e-06
0.0025963614
5.5815817e-06
0.0025963634
5.4968086e-06
0.0025963638
5.4115304e-06
0.0025963626
5.326071e-06
0.0025963602
5.2407133e-06
0.0025963566
5.1557023e-06
0.002596352
5.0712488e-06
0.0025963466
4.9875326e-06
0.0025963405
4.9047057e-06
0.0025963339
4.8228953e-06
0.0025963268
4.7422062e-06
0.0025963194
4.6627236e-06
0.0025963116
4.5845149e-06
0.0025963037
4.5076323e-06
0.0025962957
4.4321147e-06
0.0025962876
4.3579896e-06
0.0025962796
4.2852754e-06
0.0025962715
4.2139822e-06
0.0025962636
4.1441144e-06
0.0025962558
4.0756718e-06
0.0025962482
4.0086516e-06
0.0025962408
3.9430483e-06
0.0025962336
3.878855e-06
0.0025962266
3.8160631e-06
0.0025962199
3.7546612e-06
0.0025962135
3.6946354e-06
0.0025962074
3.6359674e-06
0.0025962015
3.5786357e-06
0.002596196
3.5226164e-06
0.0025961908
3.4678848e-06
0.0025961859
3.4144177e-06
0.0025961813
3.3621935e-06
0.0025961771
3.311194e-06
0.0025961732
3.2614042e-06
0.0025961696
3.2128128e-06
0.0025961664
3.1654123e-06
0.0025961634
3.1191979e-06
0.0025961609
3.0741653e-06
0.0025961586
3.0303106e-06
0.0025961567
2.9876485e-06
0.002596155
2.9461865e-06
0.0025961537
2.905733e-06
0.0025961526
2.8661153e-06
0.0025961518
2.8282066e-06
0.0025961513
2.7913496e-06
0.0025961511
2.7560877e-06
0.0025961511
2.7224323e-06
0.0025961513
2.6894657e-06
0.0025961517
2.6580504e-06
0.0025961523
2.6283973e-06
0.0025961529
2.6008666e-06
0.0025961537
2.5758806e-06
0.0025961544
2.5540892e-06
0.0025961551
2.536942e-06
0.0025961557
2.5250961e-06
0.0025961557
2.5219361e-06
0.0025961551
2.5306326e-06
0.0025961581
2.6215856e-06
2.6136535e-06
0.0026666194
3.0962412e-06
-0.0026665627
0.0026666806
3.2475365e-06
0.0026667463
3.4036697e-06
0.0026668166
3.564206e-06
0.0026668916
3.7285864e-06
0.0026669711
3.8961522e-06
0.002667055
4.0661359e-06
0.0026671431
4.237659e-06
0.0026672351
4.4097392e-06
0.0026673307
4.581301e-06
0.0026674294
4.7511902e-06
0.0026675308
4.9181909e-06
0.0026676342
5.0810468e-06
0.0026677391
5.2384855e-06
0.0026678448
5.3892458e-06
0.0026679506
5.5321074e-06
0.0026680558
5.6659207e-06
0.0026681597
5.7896365e-06
0.0026682615
5.9023341e-06
0.0026683607
6.0032453e-06
0.0026684566
6.0917731e-06
0.0026685486
6.1675052e-06
0.0026686363
6.2302186e-06
0.0026687193
6.2798789e-06
0.0026687972
6.3166315e-06
0.0026688698
6.3407872e-06
0.002668937
6.3528027e-06
0.0026689988
6.3532587e-06
0.0026690551
6.3428349e-06
0.002669106
6.3222857e-06
0.0026691517
6.2924164e-06
0.0026691923
6.2540604e-06
0.0026692281
6.2080601e-06
0.0026692594
6.1552495e-06
0.0026692864
6.0964407e-06
0.0026693094
6.0324121e-06
0.0026693287
5.9639013e-06
0.0026693446
5.8915977e-06
0.0026693574
5.8161404e-06
0.0026693673
5.738116e-06
0.0026693748
5.6580576e-06
0.0026693799
5.5764471e-06
0.002669383
5.4937161e-06
0.0026693843
5.4102489e-06
0.002669384
5.3263853e-06
0.0026693823
5.242424e-06
0.0026693793
5.1586256e-06
0.0026693754
5.0752159e-06
0.0026693705
4.9923894e-06
0.0026693649
4.9103119e-06
0.0026693587
4.8291237e-06
0.0026693519
4.7489418e-06
0.0026693448
4.6698627e-06
0.0026693373
4.5919643e-06
0.0026693297
4.5153085e-06
0.0026693218
4.4399428e-06
0.0026693139
4.365903e-06
0.002669306
4.2932145e-06
0.0026692981
4.2218942e-06
0.0026692902
4.1519527e-06
0.0026692825
4.0833952e-06
0.0026692749
4.0162239e-06
0.0026692676
3.9504383e-06
0.0026692604
3.8860357e-06
0.0026692534
3.8230114e-06
0.0026692467
3.7613576e-06
0.0026692403
3.7010631e-06
0.0026692342
3.6421125e-06
0.0026692283
3.584486e-06
0.0026692228
3.5281615e-06
0.0026692175
3.473116e-06
0.0026692126
3.4193276e-06
0.002669208
3.3667765e-06
0.0026692038
3.3154457e-06
0.0026691999
3.265322e-06
0.0026691963
3.2163956e-06
0.002669193
3.1686605e-06
0.0026691901
3.1221134e-06
0.0026691875
3.0767512e-06
0.0026691853
3.032572e-06
0.0026691833
2.9895897e-06
0.0026691817
2.9478066e-06
0.0026691804
2.9070452e-06
0.0026691793
2.867174e-06
0.0026691786
2.8289611e-06
0.0026691781
2.7918359e-06
0.0026691779
2.7563084e-06
0.0026691779
2.7223731e-06
0.0026691782
2.6892116e-06
0.0026691786
2.6576107e-06
0.0026691792
2.6277982e-06
0.00266918
2.6001466e-06
0.0026691807
2.57509e-06
0.0026691815
2.5532929e-06
0.0026691823
2.5361971e-06
0.0026691829
2.5244383e-06
0.0026691829
2.5219661e-06
0.0026691825
2.5310616e-06
0.0026691855
2.6185386e-06
2.6167238e-06
0.0027416689
-0.0027416127
3.0399523e-06
0.0027417296
3.1869073e-06
0.0027417946
3.3385964e-06
0.0027418642
3.4946347e-06
0.0027419383
3.654516e-06
0.0027420168
3.8176381e-06
0.0027420996
3.9832956e-06
0.0027421866
4.1506775e-06
0.0027422775
4.3188717e-06
0.0027423719
4.4868745e-06
0.0027424695
4.6536025e-06
0.0027425698
4.8179081e-06
0.0027426722
4.9785979e-06
0.0027427763
5.1344553e-06
0.0027428812
5.2842654e-06
0.0027429865
5.4268422e-06
0.0027430914
5.5610571e-06
0.0027431951
5.6858671e-06
0.0027432971
5.8003416e-06
0.0027433967
5.9036866e-06
0.0027434932
5.9952641e-06
0.0027435861
6.0746066e-06
0.0027436749
6.1414247e-06
0.0027437592
6.1956083e-06
0.0027438386
6.2372214e-06
0.0027439129
6.2664907e-06
0.0027439819
6.2837891e-06
0.0027440455
6.2896168e-06
0.0027441038
6.2845784e-06
0.0027441567
6.2693605e-06
0.0027442044
6.2447088e-06
0.0027442471
6.2114062e-06
0.0027442849
6.1702538e-06
0.0027443181
6.1220536e-06
0.0027443469
6.0675938e-06
0.0027443717
6.0076369e-06
0.0027443927
5.9429112e-06
0.0027444102
5.874103e-06
0.0027444245
5.8018532e-06
0.0027444358
5.7267541e-06
0.0027444445
5.6493478e-06
0.0027444509
5.5701276e-06
0.002744455
5.4895382e-06
0.0027444573
5.4079781e-06
0.0027444579
5.3258024e-06
0.002744457
5.2433247e-06
0.0027444548
5.1608211e-06
0.0027444515
5.0785323e-06
0.0027444472
4.9966673e-06
0.0027444421
4.9154058e-06
0.0027444363
4.8349011e-06
0.00274443
4.7552827e-06
0.0027444232
4.6766585e-06
0.002744416
4.5991172e-06
0.0027444086
4.5227303e-06
0.002744401
4.4475545e-06
0.0027443933
4.3736339e-06
0.0027443855
4.3010014e-06
0.0027443777
4.2296811e-06
0.00274437
4.1596895e-06
0.0027443623
4.0910379e-06
0.0027443548
4.0237338e-06
0.0027443475
3.9577814e-06
0.0027443403
3.8931828e-06
0.0027443334
3.8299374e-06
0.0027443267
3.7680411e-06
0.0027443203
3.7074859e-06
0.0027443141
3.6482588e-06
0.0027443083
3.5903424e-06
0.0027443027
3.5337164e-06
0.0027442975
3.4783593e-06
0.0027442926
3.424251e-06
0.002744288
3.3713731e-06
0.0027442837
3.3197106e-06
0.0027442798
3.2692518e-06
0.0027442762
3.2199884e-06
0.0027442729
3.1719161e-06
0.00274427
3.1250331e-06
0.0027442674
3.079338e-06
0.0027442652
3.0348303e-06
0.0027442632
2.9915236e-06
0.0027442616
2.9494158e-06
0.0027442603
2.9083433e-06
0.0027442593
2.8682106e-06
0.0027442586
2.829691e-06
0.0027442581
2.792293e-06
0.0027442579
2.7564946e-06
0.002744258
2.7222773e-06
0.0027442583
2.6889151e-06
0.0027442588
2.6571251e-06
0.0027442594
2.6271506e-06
0.0027442602
2.5993757e-06
0.0027442611
2.5742466e-06
0.0027442619
2.552443e-06
0.0027442627
2.5354016e-06
0.0027442634
2.5237509e-06
0.0027442633
2.5220436e-06
0.0027442631
2.5312677e-06
0.0027442663
2.6153238e-06
2.6193744e-06
5.4831071e-06
5.1508254e-11
5.4829914e-06
1.1567712e-10
5.4828441e-06
1.4733431e-10
5.4826633e-06
1.8079205e-10
5.48244e-06
2.2334169e-10
5.4821677e-06
2.7229046e-10
5.4818373e-06
3.304222e-10
5.4814353e-06
4.0199942e-10
5.4809445e-06
4.907585e-10
5.4803426e-06
6.019254e-10
5.4796024e-06
7.4014211e-10
5.4786804e-06
9.2199406e-10
5.4775351e-06
1.1453104e-09
5.4760387e-06
1.4964744e-09
5.4741753e-06
1.8633988e-09
5.4713614e-06
2.8138434e-09
5.4679128e-06
3.4486138e-09
5.458888e-06
9.0247661e-09
5.4519697e-06
6.9183527e-09
2.2350012e-06
5.6373586e-06
1.0500979e-10
5.6372383e-06
2.3600438e-10
5.6370847e-06
3.0089652e-10
5.6368963e-06
3.6923582e-10
5.6366636e-06
4.5599487e-10
5.6363802e-06
5.5571686e-10
5.6360366e-06
6.7404813e-10
5.6356189e-06
8.1964264e-10
5.6351096e-06
1.0000789e-09
5.6344856e-06
1.2259487e-09
5.6337191e-06
1.5066511e-09
5.6327653e-06
1.8758046e-09
5.6315816e-06
2.3290047e-09
5.6300367e-06
3.0413262e-09
5.6281143e-06
3.78579e-09
5.6252162e-06
5.711995e-09
5.6216615e-06
7.0032596e-09
5.6123982e-06
1.8288111e-08
5.605029e-06
1.4287494e-08
4.1690449e-06
5.7959495e-06
1.6056106e-10
5.7958243e-06
3.6123538e-10
5.7956642e-06
4.6103593e-10
5.7954676e-06
5.6576429e-10
5.7952251e-06
6.9848163e-10
5.79493e-06
8.5089108e-10
5.7945724e-06
1.0315816e-09
5.7941383e-06
1.2537326e-09
5.7936095e-06
1.5288744e-09
5.7929624e-06
1.8731099e-09
5.7921683e-06
2.3007117e-09
5.7911813e-06
2.8628033e-09
5.7899577e-06
3.5526526e-09
5.7883625e-06
4.6365503e-09
5.786379e-06
5.769257e-09
5.7833921e-06
8.6988617e-09
5.7797307e-06
1.0664689e-08
5.7702067e-06
2.7812143e-08
5.7626043e-06
2.1889835e-08
5.8309833e-06
5.9590019e-06
2.1824288e-10
5.9588716e-06
4.9160422e-10
5.9587045e-06
6.2811202e-10
5.9584994e-06
7.7083029e-10
5.9582466e-06
9.5134577e-10
5.957939e-06
1.1584484e-09
5.9575668e-06
1.4037518e-09
5.9571155e-06
1.7050988e-09
5.9565663e-06
2.0780847e-09
5.9558949e-06
2.5444727e-09
5.9550721e-06
3.1235283e-09
5.9540505e-06
3.8843649e-09
5.9527853e-06
4.8178248e-09
5.9511379e-06
6.2840107e-09
5.9490912e-06
7.8159585e-09
5.9460127e-06
1.1777359e-08
5.9422411e-06
1.4436289e-08
5.93245e-06
3.7603278e-08
5.92461e-06
2.9729821e-08
7.2474754e-06
6.1266414e-06
2.7813721e-10
6.1265056e-06
6.2735082e-10
6.1263312e-06
8.0249661e-10
6.1261172e-06
9.8490411e-10
6.1258533e-06
1.2151524e-09
6.1255327e-06
1.4790487e-09
6.1251452e-06
1.7913155e-09
6.1246757e-06
2.1746009e-09
6.1241051e-06
2.6486819e-09
6.1234084e-06
3.2411356e-09
6.1225556e-06
3.9763425e-09
6.1214981e-06
4.9419043e-09
6.1201898e-06
6.1261358e-09
6.1184881e-06
7.9856212e-09
6.116376e-06
9.9281098e-09
6.1132029e-06
1.4950475e-08
6.1093176e-06
1.8321536e-08
6.0992529e-06
4.7668012e-08
6.0911699e-06
3.7812844e-08
8.4431815e-06
6.2989968e-06
3.40327e-10
6.2988555e-06
7.6872067e-10
6.2986734e-06
9.8457375e-10
6.2984498e-06
1.2084735e-09
6.2981745e-06
1.4904882e-09
6.2978401e-06
1.8133766e-09
6.2974364e-06
2.1950571e-09
6.2969479e-06
2.6631289e-09
6.2963549e-06
3.2416707e-09
6.2956318e-06
3.9642321e-09
6.2947477e-06
4.8604335e-09
6.2936527e-06
6.0368766e-09
6.2922996e-06
7.4792441e-09
6.2905419e-06
9.7433455e-09
6.288362e-06
1.2107983e-08
6.2850912e-06
1.8221274e-08
6.2810888e-06
2.2324003e-08
6.2707441e-06
5.8012704e-08
6.2624118e-06
4.6145077e-08
9.4435701e-06
6.476201e-06
4.0489617e-10
6.4760538e-06
9.1596454e-10
6.4758636e-06
1.1747394e-09
6.47563e-06
1.4420436e-09
6.4753426e-06
1.7779613e-09
6.4749938e-06
2.1621418e-09
6.4745731e-06
2.6157887e-09
6.4740646e-06
3.1716027e-09
6.4734482e-06
3.8580885e-09
6.4726975e-06
4.7149303e-09
6.4717808e-06
5.7771174e-09
6.4706469e-06
7.1707771e-09
6.4692473e-06
8.8788519e-09
6.4674314e-06
1.1559197e-08
6.4651815e-06
1.4357907e-08
6.4618099e-06
2.1592893e-08
6.4576865e-06
2.6447356e-08
6.4470558e-06
6.8643419e-08
6.4384676e-06
5.4733309e-08
1.0272681e-05
6.6583903e-06
4.7192946e-10
6.658237e-06
1.0693382e-09
6.6580383e-06
1.3734013e-09
6.6577942e-06
1.686137e-09
6.657494e-06
2.0782012e-09
6.65713e-06
2.5260786e-09
6.6566915e-06
3.0543503e-09
6.6561621e-06
3.700973e-09
6.6555212e-06
4.499005e-09
6.6547417e-06
5.4944331e-09
6.653791e-06
6.7277473e-09
6.6526167e-06
8.3451409e-09
6.6511688e-06
1.0326705e-08
6.6492928e-06
1.3435239e-08
6.6469704e-06
1.6680268e-08
6.6434948e-06
2.5068545e-08
6.6392468e-06
3.0695359e-08
6.6283245e-06
7.9565691e-08
6.6194727e-06
6.3585085e-08
1.0952691e-05
6.845705e-06
5.4151238e-10
6.8455453e-06
1.2291022e-09
6.8453377e-06
1.5809783e-09
6.8450825e-06
1.9412931e-09
6.8447689e-06
2.3918592e-09
6.844389e-06
2.9059465e-09
6.8439317e-06
3.5116098e-09
6.8433805e-06
4.2522204e-09
6.842714e-06
5.1655226e-09
6.8419044e-06
6.303978e-09
6.8409185e-06
7.7137132e-09
6.8397021e-06
9.561543e-09
6.8382042e-06
1.1824592e-08
6.8362658e-06
1.5373583e-08
6.8338686e-06
1.9077509e-08
6.8302856e-06
2.8651514e-08
6.8259091e-06
3.5071875e-08
6.8146906e-06
9.078424e-08
6.805567e-06
7.2708652e-08
1.1503889e-05
7.0382893e-06
6.1373112e-10
7.0381229e-06
1.3955213e-09
7.037906e-06
1.7979003e-09
7.0376392e-06
2.2080685e-09
7.0373114e-06
2.7196075e-09
7.0369149e-06
3.3025296e-09
7.036438e-06
3.9884626e-09
7.0358639e-06
4.8263558e-09
7.0351706e-06
5.8587758e-09
7.0343298e-06
7.1448368e-09
7.033307e-06
8.736442e-09
7.032047e-06
1.0821598e-08
7.0304972e-06
1.3374346e-08
7.0284944e-06
1.7376394e-08
7.0260198e-06
2.1552133e-08
7.0223261e-06
3.2345163e-08
7.0178171e-06
3.9580863e-08
7.0062987e-06
1.0230264e-07
6.9968945e-06
8.2112935e-08
1.1944698e-05
7.2362914e-06
6.8867243e-10
7.236118e-06
1.5688643e-09
7.2358913e-06
2.0246076e-09
7.2356124e-06
2.4870359e-09
7.2352698e-06
3.0621397e-09
7.2348557e-06
3.716637e-09
7.2343583e-06
4.4858318e-09
7.2337603e-06
5.4244201e-09
7.2330391e-06
6.5799312e-09
7.2321656e-06
8.0183154e-09
7.2311047e-06
9.7973963e-09
7.2297993e-06
1.2126959e-08
7.2281958e-06
1.4977842e-08
7.2261263e-06
1.9445881e-08
7.2235718e-06
2.4106696e-08
7.219764e-06
3.6152928e-08
7.2151185e-06
4.4226385e-08
7.2032982e-06
1.1412293e-07
7.1936036e-06
9.1807564e-08
1.2291741e-05
7.4398637e-06
7.6642359e-10
7.4396831e-06
1.7494035e-09
7.4394462e-06
2.2615502e-09
7.4391544e-06
2.7787845e-09
7.4387964e-06
3.42017e-09
7.4383639e-06
4.1491016e-09
7.4378451e-06
5.0046676e-09
7.437222e-06
6.0474838e-09
7.4364718e-06
7.3301872e-09
7.4355643e-06
8.9257536e-09
7.4344637e-06
1.0898075e-08
7.4331113e-06
1.3479319e-08
7.4314522e-06
1.6636998e-08
7.4293137e-06
2.1584307e-08
7.4266766e-06
2.6743816e-08
7.4227512e-06
4.0078325e-08
7.417965e-06
4.9012607e-08
7.4058428e-06
1.2624513e-07
7.3958474e-06
1.01803e-07
1.2559955e-05
7.6491629e-06
8.4707237e-10
7.6489749e-06
1.9374146e-09
7.6487273e-06
2.5091875e-09
7.6484221e-06
3.0839186e-09
7.6480479e-06
3.7944329e-09
7.6475962e-06
4.6007807e-09
7.6470549e-06
5.5459473e-09
7.6464058e-06
6.6966466e-09
7.6456252e-06
8.1107737e-09
7.6446824e-06
9.8685243e-09
7.6435405e-06
1.2040013e-08
7.6421394e-06
1.4880408e-08
7.6404226e-06
1.8353775e-08
7.6382129e-06
2.3793982e-08
7.6354906e-06
2.9466167e-08
7.6314439e-06
4.4124943e-08
7.6265128e-06
5.3943799e-08
7.6140912e-06
1.3866671e-07
7.6037834e-06
1.1211082e-07
1.2762752e-05
7.8643502e-06
9.307069e-10
7.8641544e-06
2.133176e-09
7.8638956e-06
2.7679875e-09
7.8635765e-06
3.4030577e-09
7.8631852e-06
4.1856829e-09
7.8627135e-06
5.0725549e-09
7.8621487e-06
6.1106744e-09
7.8614724e-06
7.3730373e-09
7.8606602e-06
8.9229512e-09
7.8596807e-06
1.0848034e-08
7.8584959e-06
1.322478e-08
7.8570443e-06
1.6331998e-08
7.8552679e-06
2.0130177e-08
7.8529846e-06
2.6077266e-08
7.8501743e-06
3.2276483e-08
7.8460028e-06
4.8296453e-08
7.8409223e-06
5.9024344e-08
7.828207e-06
1.5138193e-07
7.8175735e-06
1.2274435e-07
1.2912253e-05
8.0855912e-06
1.0174157e-09
8.0853874e-06
2.3369684e-09
8.085117e-06
3.0384261e-09
8.0847832e-06
3.7368353e-09
8.0843742e-06
4.5946934e-09
8.0838814e-06
5.5653279e-09
8.0832922e-06
6.6998786e-09
8.0825874e-06
8.0778127e-09
8.0817423e-06
9.7680108e-09
8.0807247e-06
1.186572e-08
8.0794955e-06
1.445398e-08
8.0779916e-06
1.7835893e-08
8.0761535e-06
2.1968248e-08
8.0737942e-06
2.8436569e-08
8.0708931e-06
3.5177557e-08
8.066593e-06
5.25966e-08
8.0613586e-06
6.4258733e-08
8.0483593e-06
1.6438116e-07
8.037384e-06
1.3371966e-07
1.3019569e-05
8.3130561e-06
1.1072876e-09
8.312844e-06
2.5490747e-09
8.3125615e-06
3.3209863e-09
8.3122124e-06
4.0858986e-09
8.3117848e-06
5.0222565e-09
8.3112701e-06
6.0800255e-09
8.3106554e-06
7.3146145e-09
8.3099211e-06
8.8121576e-09
8.3090418e-06
1.0647273e-08
8.3079845e-06
1.2923053e-08
8.3067092e-06
1.5729251e-08
8.3051511e-06
1.9393939e-08
8.3032493e-06
2.3870075e-08
8.3008115e-06
3.0874349e-08
8.2978169e-06
3.817224e-08
8.2933842e-06
5.7029211e-08
8.2879914e-06
6.9651573e-08
8.2747224e-06
1.7765017e-07
8.2633847e-06
1.450574e-07
1.3094512e-05
8.5469203e-06
1.2004119e-09
8.5466996e-06
2.7697794e-09
8.5464044e-06
3.6161573e-09
8.5460394e-06
4.4509069e-09
8.5455925e-06
5.4691819e-09
8.5450549e-06
6.6175952e-09
8.5444135e-06
7.9559614e-09
8.5436484e-06
9.5772835e-09
8.5427336e-06
1.1562088e-08
8.5416351e-06
1.4021534e-08
8.5403121e-06
1.7052266e-08
8.538698e-06
2.1008018e-08
8.5367303e-06
2.5837787e-08
8.5342116e-06
3.3393116e-08
8.5311204e-06
4.1263444e-08
8.5265514e-06
6.1598191e-08
8.5209954e-06
7.5207589e-08
8.5074761e-06
1.9116946e-07
8.4957476e-06
1.5678583e-07
1.3144885e-05
8.7873634e-06
1.296878e-09
8.7871338e-06
2.9993682e-09
8.7868256e-06
3.9244339e-09
8.7864439e-06
4.8325315e-09
8.7859768e-06
5.936296e-09
8.7854154e-06
7.1790048e-09
8.7847464e-06
8.6250224e-09
8.7839492e-06
1.0374428e-08
8.7829975e-06
1.2513835e-08
8.7818563e-06
1.5162695e-08
8.7804838e-06
1.8424729e-08
8.7788118e-06
2.2680047e-08
8.776776e-06
2.7873554e-08
8.7741737e-06
3.5995426e-08
8.770983e-06
4.4454142e-08
8.7662737e-06
6.6307526e-08
8.7605497e-06
8.0931622e-08
8.746805e-06
2.0491411e-07
8.7346451e-06
1.6894578e-07
1.3176654e-05
9.0345708e-06
1.3967759e-09
9.034332e-06
3.2381276e-09
9.0340102e-06
4.2463156e-09
9.0336112e-06
5.231454e-09
9.0331231e-06
6.4244409e-09
9.0325369e-06
7.765242e-09
9.031839e-06
9.3229229e-09
9.0310085e-06
1.1204854e-08
9.0300184e-06
1.3503917e-08
9.028833e-06
1.6348098e-08
9.0274094e-06
1.9848378e-08
9.0256775e-06
2.441198e-08
9.0235714e-06
2.9979589e-08
9.020883e-06
3.8683888e-08
9.0175897e-06
4.7747368e-08
9.012736e-06
7.1161282e-08
9.006839e-06
8.6828641e-08
8.9928988e-06
2.1885431e-07
8.9802459e-06
1.8159865e-07
1.3194282e-05
9.2887327e-06
1.5001959e-09
9.2884845e-06
3.4863449e-09
9.2881485e-06
4.5823056e-09
9.2877316e-06
5.6483655e-09
9.2872215e-06
6.9344734e-09
9.2866095e-06
8.377313e-09
9.2858816e-06
1.005081e-08
9.2850166e-06
1.2069849e-08
9.2839867e-06
1.4533769e-08
9.2827555e-06
1.7579333e-08
9.2812789e-06
2.1324983e-08
9.2794851e-06
2.6205808e-08
9.2773065e-06
3.2158143e-08
9.2745292e-06
4.146116e-08
9.2711304e-06
5.1146219e-08
9.2661281e-06
7.6163612e-08
9.260053e-06
9.2903736e-08
9.2459496e-06
2.3295771e-07
9.2327085e-06
1.948397e-07
1.3200941e-05
9.5500449e-06
1.6072288e-09
9.5497869e-06
3.7443074e-09
9.5494363e-06
4.93291e-09
9.5490007e-06
6.0839655e-09
9.5484679e-06
7.4672634e-09
9.547829e-06
9.0162413e-09
9.5470699e-06
1.0809852e-08
9.5461691e-06
1.2970723e-08
9.545098e-06
1.5604847e-08
9.5438193e-06
1.8858019e-08
9.5422879e-06
2.2856344e-08
9.5404302e-06
2.8063557e-08
9.5381768e-06
3.4411512e-08
9.535308e-06
4.432995e-08
9.5318004e-06
5.4653853e-08
9.5266453e-06
8.1318748e-08
9.5203869e-06
9.916213e-08
9.5061495e-06
2.471951e-07
9.4921654e-06
2.0882374e-07
1.3198661e-05
9.8187081e-06
1.7179659e-09
9.8184401e-06
4.0123029e-09
9.8180743e-06
5.2986369e-09
9.8176193e-06
6.5389606e-09
9.8170629e-06
8.0236935e-09
9.8163961e-06
9.6830666e-09
9.8156047e-06
1.1601236e-08
9.8146666e-06
1.3908809e-08
9.8135528e-06
1.6718634e-08
9.8122251e-06
2.0185801e-08
9.8106371e-06
2.4444292e-08
9.8087134e-06
2.9987286e-08
9.8063829e-06
3.674203e-08
9.8034198e-06
4.7293017e-08
9.7998001e-06
5.8273496e-08
9.7944879e-06
8.6631011e-08
9.7880408e-06
1.0560917e-07
9.7736833e-06
2.6155269e-07
9.7589072e-06
2.2359981e-07
1.3189031e-05
1.009493e-05
1.8324995e-09
1.0094651e-05
4.2906185e-09
1.009427e-05
5.6799957e-09
1.0093795e-05
7.0140631e-09
1.0093214e-05
8.6046565e-09
1.0092518e-05
1.0378843e-08
1.0091693e-05
1.2426166e-08
1.0090717e-05
1.4885459e-08
1.0089559e-05
1.7876636e-08
1.008818e-05
2.1564352e-08
1.0086534e-05
2.6090688e-08
1.0084542e-05
3.1979091e-08
1.0082132e-05
3.9152074e-08
1.0079072e-05
5.0353172e-08
1.0075337e-05
6.2008437e-08
1.0069863e-05
9.2104808e-08
1.0063222e-05
1.1225036e-07
1.0048736e-05
2.7603812e-07
1.0033193e-05
2.39143e-07
1.3173407e-05
1.0378922e-05
1.9509224e-09
1.0378633e-05
4.5795415e-09
1.0378235e-05
6.0774964e-09
1.0377739e-05
7.5099905e-09
1.0377133e-05
9.2110551e-09
1.0376407e-05
1.1104639e-08
1.0375548e-05
1.3285865e-08
1.0374531e-05
1.5902047e-08
1.0373327e-05
1.9080381e-08
1.0371896e-05
2.2995371e-08
1.0370189e-05
2.7797423e-08
1.0368127e-05
3.4041103e-08
1.0365635e-05
4.1644062e-08
1.0362475e-05
5.3513277e-08
1.0358622e-05
6.5862031e-08
1.0352982e-05
9.7744634e-08
1.0346141e-05
1.190913e-07
1.0331498e-05
2.9068096e-07
1.031521e-05
2.5543078e-07
1.3152909e-05
1.0670903e-05
2.0733287e-09
1.0670603e-05
4.8793586e-09
1.0670189e-05
6.4916485e-09
1.0669672e-05
8.0274632e-09
1.0669039e-05
9.8438e-09
1.0668282e-05
1.1861533e-08
1.0667387e-05
1.4181569e-08
1.0666329e-05
1.6959963e-08
1.0665078e-05
2.033142e-08
1.0663592e-05
2.4480579e-08
1.0661823e-05
2.9566415e-08
1.0659689e-05
3.6175484e-08
1.0657113e-05
4.4220455e-08
1.065385e-05
5.6776248e-08
1.0649874e-05
6.9837705e-08
1.0644063e-05
1.0355507e-07
1.0637017e-05
1.2613777e-07
1.0622165e-05
3.0553313e-07
1.0605168e-05
2.7242726e-07
1.3128453e-05
1.0971099e-05
2.1998133e-09
1.0970788e-05
5.1903563e-09
1.0970357e-05
6.9229607e-09
1.0969817e-05
8.5672045e-09
1.0969157e-05
1.0503808e-08
1.0968368e-05
1.2650617e-08
1.0967435e-05
1.5114529e-08
1.0966334e-05
1.8060616e-08
1.0965034e-05
2.1631321e-08
1.0963493e-05
2.6021723e-08
1.096166e-05
3.1399613e-08
1.0959451e-05
3.8384434e-08
1.0956788e-05
4.6883754e-08
1.0953419e-05
6.0145054e-08
1.0949318e-05
7.3938954e-08
1.0943332e-05
1.095408e-07
1.0936074e-05
1.3339568e-07
1.0920964e-05
3.206429e-07
1.0903281e-05
2.9011014e-07
1.31008e-05
1.127974e-05
2.330473e-09
1.1279417e-05
5.5128207e-09
1.1278968e-05
7.3719404e-09
1.1278406e-05
9.1299388e-09
1.1277718e-05
1.1192003e-08
1.1276895e-05
1.347299e-08
1.1275924e-05
1.6086009e-08
1.1274779e-05
1.9205428e-08
1.1273429e-05
2.2981673e-08
1.127183e-05
2.7620573e-08
1.126993e-05
3.3298992e-08
1.1267645e-05
4.0670184e-08
1.1264892e-05
4.9636504e-08
1.1261414e-05
6.3622718e-08
1.1257184e-05
7.8169345e-08
1.1251018e-05
1.1570659e-07
1.1243543e-05
1.408711e-07
1.1228133e-05
3.3605209e-07
1.1209772e-05
3.084712e-07
1.3070422e-05
1.1597063e-05
2.4654057e-09
1.1596729e-05
5.8470377e-09
1.1596262e-05
7.839093e-09
1.1595676e-05
9.7163905e-09
1.1594958e-05
1.1909311e-08
1.1594102e-05
1.4329757e-08
1.159309e-05
1.7097281e-08
1.15919e-05
2.0395839e-08
1.1590497e-05
2.4384085e-08
1.1588839e-05
2.9278921e-08
1.1586872e-05
3.5266553e-08
1.1584507e-05
4.3035001e-08
1.1581662e-05
5.2481293e-08
1.1578072e-05
6.7212318e-08
1.1573709e-05
8.2532518e-08
1.1567358e-05
1.220573e-07
1.1559659e-05
1.4857028e-07
1.1543915e-05
3.5179683e-07
1.1524872e-05
3.2751345e-07
1.3037699e-05
1.1923314e-05
2.6047117e-09
1.1922968e-05
6.1932937e-09
1.1922482e-05
8.3249217e-09
1.1921871e-05
1.0327284e-08
1.1921124e-05
1.265666e-08
1.1920232e-05
1.5222033e-08
1.1919179e-05
1.8149631e-08
1.1917942e-05
2.1633298e-08
1.1916486e-05
2.5840178e-08
1.1914766e-05
3.0998578e-08
1.1912728e-05
3.7304327e-08
1.1910282e-05
4.5481186e-08
1.1907343e-05
5.542075e-08
1.1903638e-05
7.0916989e-08
1.1899138e-05
8.7032192e-08
1.1892598e-05
1.2859788e-07
1.1884668e-05
1.5649963e-07
1.1868557e-05
3.679083e-07
1.1848822e-05
3.4724867e-07
1.3002963e-05
1.2258743e-05
2.7484931e-09
1.2258384e-05
6.5518749e-09
1.2257879e-05
8.8299274e-09
1.2257243e-05
1.0963341e-08
1.2256465e-05
1.3434984e-08
1.2255536e-05
1.6150937e-08
1.2254441e-05
1.924435e-08
1.2253155e-05
2.291927e-08
1.2251644e-05
2.7351593e-08
1.2249861e-05
3.2781379e-08
1.2247751e-05
3.9414369e-08
1.2245221e-05
4.8011074e-08
1.2242185e-05
5.8457553e-08
1.2238362e-05
7.4739925e-08
1.2233722e-05
9.1672162e-08
1.2226986e-05
1.3533337e-07
1.221882e-05
1.6466574e-07
1.2202315e-05
3.8441337e-07
1.2181868e-05
3.6769535e-07
1.2966443e-05
1.2603608e-05
2.8968545e-09
1.2603237e-05
6.9230689e-09
1.2602712e-05
9.3546086e-09
1.260205e-05
1.1625282e-08
1.260124e-05
1.4245212e-08
1.2600274e-05
1.7117588e-08
1.2599135e-05
2.0382737e-08
1.2597799e-05
2.4255226e-08
1.2596231e-05
2.8919984e-08
1.2594383e-05
3.4629177e-08
1.2592199e-05
4.1598762e-08
1.2589583e-05
5.0627034e-08
1.2586446e-05
6.1594422e-08
1.2582501e-05
7.8684378e-08
1.2577717e-05
9.6456306e-08
1.2570782e-05
1.4226892e-07
1.2562372e-05
1.7307532e-07
1.254545e-05
4.0133538e-07
1.2524268e-05
3.8887701e-07
1.2928357e-05
1.2958175e-05
3.0499033e-09
1.2957791e-05
7.3071642e-09
1.2957246e-05
9.8994616e-09
1.2956558e-05
1.2313825e-08
1.2955715e-05
1.5088276e-08
1.2954709e-05
1.8123113e-08
1.2953526e-05
2.1566097e-08
1.2952138e-05
2.564265e-08
1.2950511e-05
3.0547021e-08
1.2948597e-05
3.6543847e-08
1.2946336e-05
4.3859616e-08
1.2943631e-05
5.3331472e-08
1.2940392e-05
6.4834123e-08
1.2936323e-05
8.2753661e-08
1.293139e-05
1.0138858e-07
1.2924249e-05
1.4940978e-07
1.2915589e-05
1.817353e-07
1.289823e-05
4.1869476e-07
1.2876286e-05
4.1082085e-07
1.2888942e-05
1.3322717e-05
3.2077498e-09
1.332232e-05
7.7044511e-09
1.3321754e-05
1.046498e-08
1.3321038e-05
1.3029684e-08
1.3320162e-05
1.5965108e-08
1.3319116e-05
1.9168639e-08
1.3317886e-05
2.279574e-08
1.3316446e-05
2.7083036e-08
1.3314759e-05
3.2234385e-08
1.3312775e-05
3.8527282e-08
1.3310436e-05
4.6199067e-08
1.330764e-05
5.6126828e-08
1.3304295e-05
6.8179472e-08
1.3300098e-05
8.6951149e-08
1.3295013e-05
1.0647304e-07
1.3287662e-05
1.5676129e-07
1.3278744e-05
1.9065277e-07
1.3260929e-05
4.3650963e-07
1.3238194e-05
4.3355669e-07
1.2848456e-05
1.3697514e-05
3.3705077e-09
1.3697104e-05
8.1152225e-09
1.3696517e-05
1.1051658e-08
1.3695773e-05
1.3773572e-08
1.3694862e-05
1.6876635e-08
1.3693775e-05
2.0255292e-08
1.3692498e-05
2.4072982e-08
1.3691003e-05
2.8577883e-08
1.3689253e-05
3.3983773e-08
1.3687199e-05
4.0581394e-08
1.3684779e-05
4.8619278e-08
1.368189e-05
5.9015579e-08
1.3678437e-05
7.1633333e-08
1.3674107e-05
9.1280283e-08
1.3668867e-05
1.1171382e-07
1.3661299e-05
1.6432891e-07
1.3652117e-05
1.99835e-07
1.363383e-05
4.5479635e-07
1.3610271e-05
4.5711622e-07
1.2807186e-05
1.4082856e-05
3.5382945e-09
1.4082431e-05
8.5397743e-09
1.4081823e-05
1.1659985e-08
1.408105e-05
1.4546196e-08
1.4080103e-05
1.7823785e-08
1.4078974e-05
2.1384202e-08
1.4077648e-05
2.539914e-08
1.4076097e-05
3.01287e-08
1.4074284e-05
3.5796894e-08
1.4072157e-05
4.2708115e-08
1.4069654e-05
5.1122438e-08
1.4066669e-05
6.2000242e-08
1.4063104e-05
7.519862e-08
1.405864e-05
9.5744571e-08
1.4053239e-05
1.1711514e-07
1.4045449e-05
1.7211819e-07
1.4035995e-05
2.0928945e-07
1.4017221e-05
4.7356995e-07
1.3992805e-05
4.8153238e-07
1.27655e-05
1.4479037e-05
3.7112314e-09
1.4478599e-05
8.9784064e-09
1.4477968e-05
1.2290455e-08
1.4477166e-05
1.5348264e-08
1.4476182e-05
1.8807483e-08
1.447501e-05
2.2556498e-08
1.4473634e-05
2.6775538e-08
1.4472025e-05
3.1737005e-08
1.4470147e-05
3.767547e-08
1.4467946e-05
4.4909398e-08
1.4465357e-05
5.3710769e-08
1.4462274e-05
6.508337e-08
1.4458594e-05
7.88783e-08
1.4453991e-05
1.0034759e-07
1.4448425e-05
1.2268133e-07
1.4440409e-05
1.8013482e-07
1.4430674e-05
2.190238e-07
1.44114e-05
4.9284448e-07
1.4386093e-05
5.0683899e-07
1.2723812e-05
1.4886364e-05
3.8894441e-09
1.4885911e-05
9.4314232e-09
1.4885258e-05
1.2943558e-08
1.4884426e-05
1.6180479e-08
1.4883405e-05
1.9828654e-08
1.4882188e-05
2.377331e-08
1.488076e-05
2.8203502e-08
1.4879093e-05
3.3404322e-08
1.4877147e-05
3.9621238e-08
1.4874869e-05
4.7187216e-08
1.4872194e-05
5.6386517e-08
1.4869009e-05
6.8267558e-08
1.4865212e-05
8.2675394e-08
1.4860467e-05
1.0509298e-07
1.4854731e-05
1.2841681e-07
1.4846482e-05
1.8838457e-07
1.483646e-05
2.2904591e-07
1.4816671e-05
5.1263333e-07
1.4790439e-05
5.3307048e-07
1.2682473e-05
1.5305151e-05
4.0730628e-09
1.5304683e-05
9.8991346e-09
1.5304007e-05
1.361979e-08
1.5303144e-05
1.7043544e-08
1.5302084e-05
2.088822e-08
1.5300822e-05
2.5035769e-08
1.5299341e-05
2.9684364e-08
1.5297613e-05
3.5132184e-08
1.5295598e-05
4.1635946e-08
1.5293242e-05
4.9543563e-08
1.5290476e-05
5.9151963e-08
1.5287189e-05
7.1555443e-08
1.5283271e-05
8.6592979e-08
1.5278379e-05
1.0998447e-07
1.527247e-05
1.3432609e-07
1.5263981e-05
1.9687337e-07
1.5253663e-05
2.3936384e-07
1.5233347e-05
5.329494e-07
1.5206156e-05
5.6026173e-07
1.2641736e-05
1.5735718e-05
4.2622227e-09
1.5735236e-05
1.0381857e-08
1.5734536e-05
1.4319649e-08
1.5733641e-05
1.7938162e-08
1.5732542e-05
2.1987104e-08
1.5731233e-05
2.634501e-08
1.5729698e-05
3.1219458e-08
1.5727908e-05
3.6922135e-08
1.5725823e-05
4.3721362e-08
1.5723386e-05
5.1980456e-08
1.5720528e-05
6.2009417e-08
1.5717134e-05
7.4949705e-08
1.5713093e-05
9.0634193e-08
1.5708051e-05
1.1502585e-07
1.5701964e-05
1.4041382e-07
1.569323e-05
2.0560724e-07
1.5682608e-05
2.4998582e-07
1.5661752e-05
5.5380531e-07
1.5633566e-05
5.88448e-07
1.2601713e-05
1.6178399e-05
4.4570641e-09
1.6177901e-05
1.0879914e-08
1.6177177e-05
1.5043635e-08
1.617625e-05
1.8865037e-08
1.6175111e-05
2.3126229e-08
1.6173754e-05
2.7702166e-08
1.6172163e-05
3.2810128e-08
1.6170309e-05
3.8775728e-08
1.6168151e-05
4.5879267e-08
1.6165632e-05
5.4499938e-08
1.616268e-05
6.4961226e-08
1.6159177e-05
7.8453073e-08
1.6155009e-05
9.4802235e-08
1.6149814e-05
1.2022101e-07
1.6143543e-05
1.4668473e-07
1.6134558e-05
2.1459237e-07
1.6123623e-05
2.6092033e-07
1.6102215e-05
5.7521352e-07
1.6072998e-05
6.1766481e-07
1.2562332e-05
1.6633533e-05
4.657733e-09
1.6633019e-05
1.1393637e-08
1.6632271e-05
1.5792257e-08
1.6631311e-05
1.9824875e-08
1.663013e-05
2.4306521e-08
1.6628724e-05
2.9108378e-08
1.6627077e-05
3.4457722e-08
1.6625158e-05
4.0694531e-08
1.6622926e-05
4.8111463e-08
1.6620322e-05
5.7104077e-08
1.6617273e-05
6.8009774e-08
1.6613658e-05
8.2068322e-08
1.660936e-05
9.9100367e-08
1.6604007e-05
1.255739e-07
1.6597548e-05
1.5314367e-07
1.6588305e-05
2.2383504e-07
1.6577049e-05
2.7217606e-07
1.6555076e-05
5.9718642e-07
1.6524793e-05
6.4794797e-07
1.2523285e-05
1.7101471e-05
4.8643809e-09
1.7100941e-05
1.1923368e-08
1.7100167e-05
1.6566032e-08
1.7099174e-05
2.0818388e-08
1.7097951e-05
2.5528907e-08
1.7096495e-05
3.0564792e-08
1.7094789e-05
3.61636e-08
1.7092804e-05
4.2680122e-08
1.7090495e-05
5.0419771e-08
1.7087804e-05
5.9794971e-08
1.7084657e-05
7.115748e-08
1.7080927e-05
8.5798282e-08
1.7076495e-05
1.0353192e-07
1.707098e-05
1.3108857e-07
1.7064329e-05
1.597956e-07
1.7054822e-05
2.3334169e-07
1.7043236e-05
2.8376195e-07
1.7020686e-05
6.1973647e-07
1.69893e-05
6.793337e-07
1.2484269e-05
1.7582573e-05
5.0771656e-09
1.7582027e-05
1.2469456e-08
1.7581228e-05
1.7365485e-08
1.75802e-05
2.1846292e-08
1.7578934e-05
2.6794323e-08
1.7577426e-05
3.2072558e-08
1.7575661e-05
3.7929131e-08
1.7573607e-05
4.4734098e-08
1.7571221e-05
5.2806035e-08
1.7568441e-05
6.2574747e-08
1.7565192e-05
7.440681e-08
1.7561344e-05
8.9645835e-08
1.7556776e-05
1.081003e-07
1.7551095e-05
1.3676917e-07
1.7544245e-05
1.6664562e-07
1.7534468e-05
2.431189e-07
1.7522543e-05
2.9568715e-07
1.7499403e-05
6.4287615e-07
1.7466878e-05
7.1185861e-07
1.2445042e-05
1.807721e-05
5.2962511e-09
1.8076647e-05
1.3032264e-08
1.8075821e-05
1.8191153e-08
1.8074758e-05
2.2909312e-08
1.8073449e-05
2.810371e-08
1.8071889e-05
3.363284e-08
1.8070062e-05
3.9755698e-08
1.8067938e-05
4.6858074e-08
1.8065472e-05
5.5272126e-08
1.8062601e-05
6.5445571e-08
1.8059248e-05
7.7760273e-08
1.805528e-05
9.3613926e-08
1.8050571e-05
1.1280899e-07
1.804472e-05
1.4261992e-07
1.8037667e-05
1.7369895e-07
1.8027612e-05
2.5317336e-07
1.8015338e-05
3.0796109e-07
1.7991596e-05
6.6661806e-07
1.7957895e-05
7.4555973e-07
1.2405414e-05
1.8585762e-05
5.5218079e-09
1.8585182e-05
1.3612165e-08
1.8584329e-05
1.9043587e-08
1.858323e-05
2.4008185e-08
1.8581876e-05
2.9458019e-08
1.8580262e-05
3.5246809e-08
1.8578373e-05
4.1644699e-08
1.8576178e-05
4.9053686e-08
1.857363e-05
5.7819942e-08
1.8570666e-05
6.8409642e-08
1.8567206e-05
8.1220426e-08
1.8563114e-05
9.7705558e-08
1.8558261e-05
1.1766154e-07
1.8552236e-05
1.4864515e-07
1.8544974e-05
1.8096095e-07
1.8534636e-05
2.6351194e-07
1.8522003e-05
3.205934e-07
1.8497646e-05
6.9097488e-07
1.8462732e-05
7.804746e-07
1.2365241e-05
1.910862e-05
5.7540135e-09
1.9108023e-05
1.4209545e-08
1.9107143e-05
1.992335e-08
1.9106008e-05
2.5143661e-08
1.9104607e-05
3.0858213e-08
1.9102939e-05
3.6915654e-08
1.9100986e-05
4.359755e-08
1.9098717e-05
5.1322594e-08
1.9096085e-05
6.0451413e-08
1.9093026e-05
7.1469203e-08
1.9089456e-05
8.4789882e-08
1.9085238e-05
1.019238e-07
1.9080238e-05
1.2266161e-07
1.9074034e-05
1.5484932e-07
1.9066558e-05
1.884371e-07
1.9055928e-05
2.7414163e-07
1.9042927e-05
3.3359399e-07
1.9017943e-05
7.1595939e-07
1.8981776e-05
8.1664119e-07
1.2324416e-05
1.9646188e-05
5.9930522e-09
1.9645573e-05
1.4824802e-08
1.9644665e-05
2.0831027e-08
1.9643492e-05
2.6316503e-08
1.9642045e-05
3.2305271e-08
1.964032e-05
3.8640577e-08
1.9638302e-05
4.5615689e-08
1.9635958e-05
5.3666487e-08
1.9633241e-05
6.3168506e-08
1.9630084e-05
7.4626541e-08
1.9626402e-05
8.8471307e-08
1.9622054e-05
1.062718e-07
1.9616903e-05
1.2781291e-07
1.9610515e-05
1.6123695e-07
1.9602819e-05
1.9613305e-07
1.9591891e-05
2.8506958e-07
1.9578512e-05
3.4697303e-07
1.9552887e-05
7.4158443e-07
1.9515431e-05
8.5409799e-07
1.2282869e-05
2.0198879e-05
6.2391156e-09
2.0198245e-05
1.5458349e-08
2.0197309e-05
2.1767217e-08
2.0196098e-05
2.7527496e-08
2.0194603e-05
3.3800189e-08
2.0192821e-05
4.0422802e-08
2.0190736e-05
4.7700578e-08
2.0188315e-05
5.6087082e-08
2.0185511e-05
6.5973225e-08
2.0182253e-05
7.7883991e-08
2.0178457e-05
9.226743e-08
2.0173976e-05
1.1075278e-07
2.016867e-05
1.3311928e-07
2.0162094e-05
1.678127e-07
2.0154172e-05
2.0405457e-07
2.0142939e-05
2.9630308e-07
2.0129171e-05
3.6074093e-07
2.0102893e-05
7.6786293e-07
2.0064107e-05
8.9288396e-07
1.2240562e-05
2.0767118e-05
6.4924028e-09
2.0766466e-05
1.6110614e-08
2.07655e-05
2.2732542e-08
2.076425e-05
2.8777444e-08
2.0762707e-05
3.5343984e-08
2.0760866e-05
4.2263577e-08
2.0758713e-05
4.9853706e-08
2.0756214e-05
5.8586132e-08
2.0753319e-05
6.8867616e-08
2.0749959e-05
8.1243943e-08
2.0746046e-05
9.6181044e-08
2.0741428e-05
1.1537002e-07
2.0735963e-05
1.3858465e-07
2.0729194e-05
1.7458135e-07
2.0721041e-05
2.1220762e-07
2.0709495e-05
3.078496e-07
2.0695327e-05
3.7490838e-07
2.0668382e-05
7.9480785e-07
2.0628228e-05
9.3303856e-07
1.2197487e-05
2.1351343e-05
6.7531205e-09
2.1350672e-05
1.6782038e-08
2.1349676e-05
2.3727646e-08
2.1348387e-05
3.0067175e-08
2.1346793e-05
3.6937698e-08
2.1344892e-05
4.4164172e-08
2.134267e-05
5.2076592e-08
2.134009e-05
6.1165426e-08
2.1337104e-05
7.1853773e-08
2.1333639e-05
8.4708841e-08
2.1329605e-05
1.0021501e-07
2.1324848e-05
1.2012692e-07
2.131922e-05
1.4421303e-07
2.1312253e-05
1.8154779e-07
2.1303863e-05
2.205983e-07
2.1291996e-05
3.1971673e-07
2.1277418e-05
3.8948633e-07
2.1249793e-05
8.2243216e-07
2.120823e-05
9.7460169e-07
1.2153645e-05
2.1952004e-05
7.0214834e-09
2.1951312e-05
1.7473079e-08
2.1950287e-05
2.4753196e-08
2.1948957e-05
3.1397543e-08
2.1947312e-05
3.8582398e-08
2.194535e-05
4.6125891e-08
2.1943056e-05
5.4370791e-08
2.1940395e-05
6.3826796e-08
2.1937315e-05
7.4933839e-08
2.1933742e-05
8.8281192e-08
2.1929585e-05
1.0437227e-07
2.1924685e-05
1.2502693e-07
2.1918889e-05
1.5000857e-07
2.191172e-05
1.8871705e-07
2.1903086e-05
2.2923288e-07
2.189089e-05
3.3191227e-07
2.187589e-05
4.0448601e-07
2.1847574e-05
8.5074885e-07
2.1804562e-05
1.0176137e-06
1.2109046e-05
2.2569562e-05
7.2977141e-09
2.2568851e-05
1.818421e-08
2.2567794e-05
2.5809886e-08
2.2566422e-05
3.2769432e-08
2.2564725e-05
4.0279184e-08
2.2562701e-05
4.815007e-08
2.2560334e-05
5.6737895e-08
2.2557589e-05
6.6572118e-08
2.2554413e-05
7.8110012e-08
2.255073e-05
9.1963567e-08
2.2546447e-05
1.0865583e-07
2.25414e-05
1.3007363e-07
2.2535433e-05
1.5597551e-07
2.2528056e-05
1.9609427e-07
2.2519171e-05
2.3811782e-07
2.2506639e-05
3.4444413e-07
2.2491206e-05
4.1991891e-07
2.2462184e-05
8.7977087e-07
2.2417683e-05
1.0621153e-06
1.2063703e-05
2.3204494e-05
7.5820439e-09
2.3203762e-05
1.8915921e-08
2.3202673e-05
2.6898434e-08
2.3201259e-05
3.4183757e-08
2.3199509e-05
4.202919e-08
2.3197421e-05
5.0238079e-08
2.3194979e-05
5.9179537e-08
2.3192148e-05
6.9403315e-08
2.3188874e-05
8.1384547e-08
2.3185079e-05
9.5758607e-08
2.3180666e-05
1.130688e-07
2.3175469e-05
1.3527068e-07
2.3169326e-05
1.6211822e-07
2.3161735e-05
2.0368475e-07
2.3152594e-05
2.4725974e-07
2.3139717e-05
3.5732045e-07
2.3123839e-05
4.3579682e-07
2.3094099e-05
9.0951111e-07
2.3048067e-05
1.1081477e-06
1.2017623e-05
2.3857288e-05
7.8747124e-09
2.3856535e-05
1.9668719e-08
2.3855414e-05
2.8019589e-08
2.3853956e-05
3.5641466e-08
2.3852151e-05
4.3833585e-08
2.3849998e-05
5.2391333e-08
2.384748e-05
6.1697397e-08
2.3844561e-05
7.2322367e-08
2.3841186e-05
8.4759762e-08
2.3837276e-05
9.9669025e-08
2.383273e-05
1.1761435e-07
2.3827379e-05
1.4062184e-07
2.3821056e-05
1.684412e-07
2.3813247e-05
2.1149391e-07
2.3803841e-05
2.5666547e-07
2.3790612e-05
3.7054948e-07
2.3774277e-05
4.5213177e-07
2.3743806e-05
9.3998238e-07
2.3696201e-05
1.1557523e-06
1.197081e-05
2.4528446e-05
8.1759682e-09
2.4527671e-05
2.0443124e-08
2.4526517e-05
2.9174127e-08
2.4525015e-05
3.7143546e-08
2.4523155e-05
4.5693581e-08
2.4520935e-05
5.4611288e-08
2.4518339e-05
6.4293205e-08
2.451533e-05
7.5331308e-08
2.4511852e-05
8.823804e-08
2.4507823e-05
1.0369761e-07
2.4503142e-05
1.2229577e-07
2.4497633e-05
1.4613098e-07
2.4491125e-05
1.7494905e-07
2.4483091e-05
2.1952734e-07
2.4473415e-05
2.66342e-07
2.4459825e-05
3.841397e-07
2.444302e-05
4.6893609e-07
2.4411805e-05
9.7119734e-07
2.4362587e-05
1.2049709e-06
1.1923254e-05
2.5218485e-05
8.4860691e-09
2.5217689e-05
2.1239678e-08
2.52165e-05
3.0362855e-08
2.5214953e-05
3.8691019e-08
2.5213036e-05
4.7610432e-08
2.5210748e-05
5.689945e-08
2.5208072e-05
6.6968741e-08
2.5204971e-05
7.8432233e-08
2.5201387e-05
9.1821836e-08
2.5197238e-05
1.0784724e-07
2.5192417e-05
1.2711642e-07
2.5186746e-05
1.5180208e-07
2.5180048e-05
1.8164654e-07
2.5171785e-05
2.2779075e-07
2.516183e-05
2.7629654e-07
2.514787e-05
3.9809972e-07
2.5130584e-05
4.8622236e-07
2.5098613e-05
1.0031685e-06
2.5047738e-05
1.2558456e-06
1.1874932e-05
2.5927937e-05
8.8052821e-09
2.5927118e-05
2.2058935e-08
2.5925894e-05
3.1586612e-08
2.59243e-05
4.0284949e-08
2.5922325e-05
4.9585439e-08
2.5919967e-05
5.9257376e-08
2.591721e-05
6.9725847e-08
2.5914015e-05
8.1627303e-08
2.5910323e-05
9.5513678e-08
2.590605e-05
1.1212088e-07
2.5901086e-05
1.3207977e-07
2.5895249e-05
1.5763924e-07
2.5888357e-05
1.8853856e-07
2.5879858e-05
2.3629004e-07
2.5869618e-05
2.8653652e-07
2.5855279e-05
4.1243839e-07
2.5837498e-05
5.0400342e-07
2.5804759e-05
1.0359079e-06
2.5752185e-05
1.3084194e-06
1.1825805e-05
2.6657347e-05
9.1338844e-09
2.6656505e-05
2.2901471e-08
2.6655245e-05
3.2846265e-08
2.6653604e-05
4.1926441e-08
2.6651569e-05
5.1619952e-08
2.664914e-05
6.1686678e-08
2.6646299e-05
7.2566423e-08
2.6643008e-05
8.4918747e-08
2.6639205e-05
9.9316173e-08
2.6634805e-05
1.1652157e-07
2.6629695e-05
1.3718941e-07
2.6623688e-05
1.6364669e-07
2.6616596e-05
1.9563012e-07
2.6607855e-05
2.4503123e-07
2.6597322e-05
2.9706955e-07
2.6582596e-05
4.271647e-07
2.6564307e-05
5.2229236e-07
2.6530787e-05
1.0694276e-06
2.647647e-05
1.3627359e-06
1.1775816e-05
2.7407278e-05
9.4721631e-09
2.7406411e-05
2.3767874e-08
2.7405115e-05
3.4142719e-08
2.7403424e-05
4.3616644e-08
2.7401329e-05
5.3715372e-08
2.7398827e-05
6.4189025e-08
2.7395901e-05
7.5492438e-08
2.7392511e-05
8.8308868e-08
2.7388595e-05
1.0323201e-07
2.7384064e-05
1.2105245e-07
2.7378804e-05
1.4244901e-07
2.7372622e-05
1.6982877e-07
2.7365326e-05
2.0292643e-07
2.7356337e-05
2.5402055e-07
2.7345503e-05
3.0790346e-07
2.7330379e-05
4.4228786e-07
2.7311569e-05
5.4110252e-07
2.7277258e-05
1.1037389e-06
2.7221154e-05
1.4188402e-06
1.1724895e-05
2.8178305e-05
9.8204159e-09
2.8177414e-05
2.4658754e-08
2.817608e-05
3.5476907e-08
2.817434e-05
4.5356752e-08
2.8172182e-05
5.5873155e-08
2.8169605e-05
6.676615e-08
2.8166591e-05
7.8505925e-08
2.81631e-05
9.1800047e-08
2.8159068e-05
1.0726397e-07
2.8154404e-05
1.2571678e-07
2.8148991e-05
1.4786237e-07
2.8142629e-05
1.7618995e-07
2.8135123e-05
2.104328e-07
2.8125879e-05
2.6326435e-07
2.8114736e-05
3.1904632e-07
2.8099207e-05
4.5781728e-07
2.8079862e-05
5.6044743e-07
2.8044748e-05
1.1388531e-06
2.7986811e-05
1.4767766e-06
1.1672968e-05
2.8971023e-05
1.0178952e-08
2.8970107e-05
2.5574735e-08
2.8968734e-05
3.68498e-08
2.8966943e-05
4.7148003e-08
2.8964721e-05
5.8094811e-08
2.8962067e-05
6.9419849e-08
2.8958964e-05
8.1608993e-08
2.895537e-05
9.5394743e-08
2.8951219e-05
1.1141493e-07
2.8946418e-05
1.3051789e-07
2.8940847e-05
1.5343342e-07
2.8934302e-05
1.8273484e-07
2.892658e-05
2.1815472e-07
2.8917075e-05
2.727692e-07
2.8905615e-05
3.3050642e-07
2.8889669e-05
4.7376256e-07
2.8869776e-05
5.8034087e-07
2.8833848e-05
1.1747812e-06
2.8774037e-05
1.5365879e-06
1.1619957e-05
2.9786042e-05
1.054809e-08
2.97851e-05
2.6516459e-08
2.9783688e-05
3.8262399e-08
2.9781844e-05
4.8991684e-08
2.9779557e-05
6.038191e-08
2.9776825e-05
7.2151985e-08
2.977363e-05
8.4803825e-08
2.9769929e-05
9.9095504e-08
2.9765656e-05
1.1568783e-07
2.9760715e-05
1.3545925e-07
2.9754982e-05
1.5916619e-07
2.9748249e-05
1.8946819e-07
2.9740306e-05
2.2609786e-07
2.9730533e-05
2.8254181e-07
2.9718747e-05
3.4229226e-07
2.9702376e-05
4.9013353e-07
2.968192e-05
6.0079676e-07
2.9645167e-05
1.211534e-06
2.958344e-05
1.5983149e-06
1.1565795e-05
3.0623989e-05
1.0928163e-08
3.0623021e-05
2.7484586e-08
3.0621568e-05
3.9715743e-08
3.061967e-05
5.088913e-08
3.0617316e-05
6.2736079e-08
3.0614503e-05
7.496449e-08
3.0611215e-05
8.8092684e-08
3.0607405e-05
1.0290496e-07
3.0603007e-05
1.2008576e-07
3.0597922e-05
1.4054442e-07
3.0592023e-05
1.6506484e-07
3.0585097e-05
1.9639489e-07
3.0576927e-05
2.3426803e-07
3.0566879e-05
2.9258911e-07
3.0554759e-05
3.5441262e-07
3.0537952e-05
5.0694023e-07
3.051692e-05
6.2182922e-07
3.0479332e-05
1.2491216e-06
3.0415651e-05
1.6619965e-06
1.1510442e-05
3.148551e-05
1.1319516e-08
3.1484514e-05
2.8479793e-08
3.1483019e-05
4.1210904e-08
3.1481067e-05
5.2841722e-08
3.1478644e-05
6.5159007e-08
3.1475749e-05
7.7859368e-08
3.1472364e-05
9.1477913e-08
3.1468443e-05
1.0682585e-07
3.1463917e-05
1.2461187e-07
3.1458684e-05
1.4577708e-07
3.1452615e-05
1.7113367e-07
3.144549e-05
2.0351998e-07
3.1437087e-05
2.4267122e-07
3.1426758e-05
3.0291817e-07
3.1414294e-05
3.6687649e-07
3.1397041e-05
5.2419292e-07
3.1375418e-05
6.4345248e-07
3.1336987e-05
1.287552e-06
3.1271316e-05
1.7276675e-06
1.1453906e-05
3.2371267e-05
1.1722506e-08
3.2370244e-05
2.9502775e-08
3.2368705e-05
4.2748991e-08
3.2366696e-05
5.4850894e-08
3.2364203e-05
6.7652445e-08
3.2361224e-05
8.0838695e-08
3.2357739e-05
9.4961941e-08
3.2353704e-05
1.1086098e-07
3.2349047e-05
1.2926944e-07
3.2343663e-05
1.5116103e-07
3.2337419e-05
1.7737711e-07
3.2330091e-05
2.1084865e-07
3.2321448e-05
2.5131361e-07
3.231083e-05
3.135363e-07
3.2298014e-05
3.7969313e-07
3.2280304e-05
5.4190211e-07
3.2258076e-05
6.6568089e-07
3.2218801e-05
1.3268271e-06
3.2151113e-05
1.7953559e-06
1.1396233e-05
3.3281941e-05
1.2137503e-08
3.328089e-05
3.0554242e-08
3.3279308e-05
4.4331149e-08
3.327724e-05
5.6918127e-08
3.3274675e-05
7.0218205e-08
3.3271609e-05
8.3904623e-08
3.3268023e-05
9.8547281e-08
3.3263871e-05
1.1501328e-07
3.3259079e-05
1.3406184e-07
3.325354e-05
1.5670019e-07
3.3247117e-05
1.8379974e-07
3.3239579e-05
2.1838626e-07
3.3230691e-05
2.6020154e-07
3.3219777e-05
3.2445098e-07
3.3206598e-05
3.9287203e-07
3.3188421e-05
5.6007855e-07
3.3165573e-05
6.8852883e-07
3.3125471e-05
1.3669294e-06
3.3055754e-05
1.8650731e-06
1.1337475e-05
3.4218237e-05
1.2564894e-08
3.4217156e-05
3.1634924e-08
3.4215529e-05
4.5958559e-08
3.4213402e-05
5.9044957e-08
3.4210762e-05
7.2858166e-08
3.4207607e-05
8.7059381e-08
3.4203918e-05
1.0223653e-07
3.4199645e-05
1.1928576e-07
3.4194714e-05
1.3899259e-07
3.4189016e-05
1.6239863e-07
3.418241e-05
1.9040626e-07
3.4174657e-05
2.261383e-07
3.4165517e-05
2.6934156e-07
3.4154299e-05
3.356699e-07
3.4140748e-05
4.0642296e-07
3.4122093e-05
5.7873325e-07
3.4098611e-05
7.1201077e-07
3.4057757e-05
1.4077837e-06
3.3986038e-05
1.9367922e-06
1.1277685e-05
3.5180871e-05
1.3005078e-08
3.517976e-05
3.2745568e-08
3.5178086e-05
4.7632441e-08
3.5175898e-05
6.1232968e-08
3.5173182e-05
7.5574269e-08
3.5169936e-05
9.0305273e-08
3.516614e-05
1.0603239e-07
3.5161745e-05
1.2368154e-07
3.5156672e-05
1.4406528e-07
3.515081e-05
1.6826052e-07
3.5144015e-05
1.9720155e-07
3.5136043e-05
2.3411046e-07
3.5126644e-05
2.7874041e-07
3.5115113e-05
3.4720095e-07
3.510118e-05
4.2035595e-07
3.5082035e-05
5.9787749e-07
3.5057905e-05
7.3614113e-07
3.5016357e-05
1.449332e-06
3.4942743e-05
2.0104059e-06
1.1216835e-05
3.6170586e-05
1.3458471e-08
3.6169444e-05
3.3886938e-08
3.6167723e-05
4.9354051e-08
3.6165472e-05
6.3483799e-08
3.6162678e-05
7.8368524e-08
3.6159338e-05
9.3644684e-08
3.6155433e-05
1.0993765e-07
3.6150911e-05
1.2820386e-07
3.6145692e-05
1.4928365e-07
3.6139663e-05
1.7429017e-07
3.6132673e-05
2.0419061e-07
3.6124475e-05
2.4230858e-07
3.6114811e-05
2.8840503e-07
3.6102959e-05
3.5905222e-07
3.6088634e-05
4.3468132e-07
3.6068989e-05
6.1752284e-07
3.6044196e-05
7.6093427e-07
3.6002026e-05
1.4915015e-06
3.5926633e-05
2.0857987e-06
1.11549e-05
3.7188145e-05
1.3925504e-08
3.7186972e-05
3.5059817e-08
3.7185201e-05
5.1124687e-08
3.7182886e-05
6.5799142e-08
3.7180012e-05
8.1243004e-08
3.7176576e-05
9.708008e-08
3.7172559e-05
1.1395517e-07
3.7167907e-05
1.3285604e-07
3.7162539e-05
1.5465155e-07
3.7156337e-05
1.8049205e-07
3.7149149e-05
2.1137861e-07
3.7140719e-05
2.5073867e-07
3.7130781e-05
2.9834256e-07
3.7118601e-05
3.7123197e-07
3.7103873e-05
4.4940975e-07
3.7083715e-05
6.3768103e-07
3.7058245e-05
7.8640449e-07
3.7015461e-05
1.5342847e-06
3.6938411e-05
2.1628489e-06
1.1091831e-05
3.8234329e-05
1.4406628e-08
3.8233124e-05
3.6265002e-08
3.8231303e-05
5.2945683e-08
3.8228921e-05
6.8180744e-08
3.8225964e-05
8.4199855e-08
3.822243e-05
1.0061401e-07
3.8218298e-05
1.1808793e-07
3.8213512e-05
1.3764153e-07
3.8207991e-05
1.6017296e-07
3.8201612e-05
1.8687074e-07
3.819422e-05
2.1877089e-07
3.8185551e-05
2.5940692e-07
3.8175334e-05
3.0856037e-07
3.8162817e-05
3.8374864e-07
3.8147674e-05
4.6455235e-07
3.8126992e-05
6.5836366e-07
3.810083e-05
8.1256606e-07
3.8057418e-05
1.5776972e-06
3.7978812e-05
2.2414541e-06
1.1027596e-05
3.9309945e-05
1.4902309e-08
3.9308707e-05
3.7503312e-08
3.9306834e-05
5.4818416e-08
3.9304385e-05
7.0630407e-08
3.9301343e-05
8.7241288e-08
3.9297708e-05
1.0424909e-07
3.9293457e-05
1.22339e-07
3.9288535e-05
1.4256389e-07
3.9282856e-05
1.6585197e-07
3.9276295e-05
1.9343098e-07
3.9268693e-05
2.2637293e-07
3.9259781e-05
2.683197e-07
3.9249275e-05
3.1906607e-07
3.9236413e-05
3.966108e-07
3.9220844e-05
4.8012097e-07
3.9199627e-05
6.7958125e-07
3.9172758e-05
8.3943505e-07
3.912869e-05
1.6217647e-06
3.9048617e-05
2.3215277e-06
1.0962185e-05
4.0415819e-05
1.5413032e-08
4.0414547e-05
3.877558e-08
4.0412621e-05
5.6744303e-08
4.0410102e-05
7.3149991e-08
4.0406973e-05
9.0369588e-08
4.0403234e-05
1.0798805e-07
4.0398862e-05
1.2671154e-07
4.0393799e-05
1.4762677e-07
4.0387958e-05
1.7169283e-07
4.0381211e-05
2.0017764e-07
4.0373394e-05
2.3419039e-07
4.036423e-05
2.7748354e-07
4.0353429e-05
3.298675e-07
4.0340212e-05
4.0982709e-07
4.0324205e-05
4.9612843e-07
4.0302445e-05
7.0134091e-07
4.027484e-05
8.6703987e-07
4.0230085e-05
1.6665201e-06
4.0148631e-05
2.4029815e-06
1.0895599e-05
4.1552807e-05
1.5939303e-08
4.15515e-05
4.0082658e-08
4.1549519e-05
5.8724804e-08
4.1546928e-05
7.5741414e-08
4.154371e-05
9.3587109e-08
4.1539865e-05
1.1183368e-07
4.1535367e-05
1.3120884e-07
4.153016e-05
1.5283396e-07
4.1524153e-05
1.7769988e-07
4.1517215e-05
2.0711575e-07
4.1509176e-05
2.4222909e-07
4.1499755e-05
2.8690519e-07
4.1488649e-05
3.4097274e-07
4.147507e-05
4.2340628e-07
4.145861e-05
5.1258871e-07
4.1436308e-05
7.2364324e-07
4.1407873e-05
8.9547436e-07
4.1362433e-05
1.7119597e-06
4.1279747e-05
2.4856678e-06
1.0827876e-05
4.2721778e-05
1.6481649e-08
4.2720435e-05
4.1425414e-08
4.2718398e-05
6.0761421e-08
4.2715733e-05
7.8406652e-08
4.2712424e-05
9.6896281e-08
4.2708469e-05
1.1578887e-07
4.2703843e-05
1.3583425e-07
4.2698488e-05
1.5818935e-07
4.269231e-05
1.8387763e-07
4.2685175e-05
2.142505e-07
4.2676909e-05
2.5049504e-07
4.2667223e-05
2.9659155e-07
4.2655806e-05
3.5239011e-07
4.2641855e-05
4.3735735e-07
4.2624927e-05
5.2951587e-07
4.2602078e-05
7.4649271e-07
4.2572769e-05
9.2478288e-07
4.2526615e-05
1.7581142e-06
4.24428e-05
2.5694831e-06
1.0759042e-05
4.3923635e-05
1.7040617e-08
4.3922256e-05
4.2804735e-08
4.3920161e-05
6.2855703e-08
4.391742e-05
8.1147744e-08
4.3914017e-05
1.0029961e-07
4.3909949e-05
1.198566e-07
4.3905192e-05
1.4059125e-07
4.3899685e-05
1.6369697e-07
4.3893332e-05
1.902307e-07
4.3885995e-05
2.2158721e-07
4.3877496e-05
2.5899441e-07
4.3867537e-05
3.0654976e-07
4.3855799e-05
3.6412813e-07
4.3841467e-05
4.5168963e-07
4.3824059e-05
5.469236e-07
4.3800654e-05
7.6989822e-07
4.3770446e-05
9.5499051e-07
4.3723549e-05
1.805011e-06
4.3638688e-05
2.6543439e-06
1.068914e-05
4.5159304e-05
1.7616779e-08
4.5157887e-05
4.4221523e-08
4.5155734e-05
6.5009239e-08
4.5152914e-05
8.3966789e-08
4.5149414e-05
1.0379967e-07
4.5145231e-05
1.2403993e-07
4.5140339e-05
1.4548341e-07
4.5134675e-05
1.6936095e-07
4.5128142e-05
1.9676386e-07
4.5120598e-05
2.2913137e-07
4.5111858e-05
2.6773354e-07
4.5101621e-05
3.1678712e-07
4.5089554e-05
3.7619554e-07
4.5074831e-05
4.6641279e-07
4.5056929e-05
5.6482531e-07
4.5032956e-05
7.9387121e-07
4.5001829e-05
9.8611686e-07
4.4954171e-05
1.8526698e-06
4.4868343e-05
2.7401712e-06
1.0618231e-05
4.6429734e-05
1.8210728e-08
4.6428279e-05
4.5676697e-08
4.6426064e-05
6.7223669e-08
4.6423165e-05
8.6865952e-08
4.6419566e-05
1.0739913e-07
4.6415264e-05
1.2834202e-07
4.6410233e-05
1.5051443e-07
4.6404408e-05
1.7518556e-07
4.639769e-05
2.0348202e-07
4.6389933e-05
2.3688864e-07
4.6380947e-05
2.7671897e-07
4.6370423e-05
3.2731118e-07
4.6358017e-05
3.886013e-07
4.6342893e-05
4.8153687e-07
4.6324484e-05
5.8323437e-07
4.6299931e-05
8.1842432e-07
4.6267868e-05
1.0181805e-06
4.6219432e-05
1.9011054e-06
4.613272e-05
2.8268833e-06
1.0546383e-05
4.7735904e-05
1.8823086e-08
4.7734409e-05
4.7171194e-08
4.7732132e-05
6.9500677e-08
4.7729151e-05
8.9847461e-08
4.7725449e-05
1.1110072e-07
4.7721025e-05
1.3276613e-07
4.7715851e-05
1.5568811e-07
4.7709862e-05
1.8117518e-07
4.7702953e-05
2.1039024e-07
4.7694977e-05
2.4486482e-07
4.7685739e-05
2.8595741e-07
4.767492e-05
3.3812968e-07
4.7662167e-05
4.0135457e-07
4.7646632e-05
4.970722e-07
4.7627702e-05
6.0216423e-07
4.7602555e-05
8.4357077e-07
4.7569536e-05
1.0512e-06
4.7520311e-05
1.9503304e-06
4.74328e-05
2.9143939e-06
1.0473674e-05
4.907882e-05
1.9454498e-08
4.9077285e-05
4.8705965e-08
4.9074943e-05
7.1841997e-08
4.9071877e-05
9.2913612e-08
4.9068071e-05
1.1490727e-07
4.9063521e-05
1.3731562e-07
4.9058201e-05
1.6100835e-07
4.9052042e-05
1.8733434e-07
4.9044938e-05
2.1749372e-07
4.9036737e-05
2.530659e-07
4.9027239e-05
2.9545577e-07
4.9016118e-05
3.4925057e-07
4.9003008e-05
4.1446477e-07
4.8987051e-05
5.1302941e-07
4.8967586e-05
6.216286e-07
4.8941833e-05
8.6932413e-07
4.8907839e-05
1.0851935e-06
4.8857813e-05
2.0003566e-06
4.8769595e-05
3.0026121e-06
1.0400186e-05
5.0459514e-05
2.0105639e-08
5.0457938e-05
5.0281979e-08
5.045553e-05
7.4249409e-08
5.0452377e-05
9.6066768e-08
5.0448463e-05
1.1882167e-07
5.0443785e-05
1.4199393e-07
5.0438314e-05
1.6647919e-07
5.043198e-05
1.9366768e-07
5.0424676e-05
2.247978e-07
5.0416244e-05
2.6149803e-07
5.0406479e-05
3.0522115e-07
5.0395047e-05
3.6068204e-07
5.0381571e-05
4.2794153e-07
5.0365181e-05
5.2941943e-07
5.0345168e-05
6.4164138e-07
5.0318794e-05
8.9569832e-07
5.0283808e-05
1.120179e-06
5.023297e-05
2.0511944e-06
5.014414e-05
3.0914425e-06
1.0326001e-05
5.1879051e-05
2.0777213e-08
5.1877433e-05
5.1900218e-08
5.1874958e-05
7.6724748e-08
5.1871715e-05
9.9309363e-08
5.186769e-05
1.2284693e-07
5.1862879e-05
1.4680461e-07
5.1857254e-05
1.7210477e-07
5.1850741e-05
2.0018001e-07
5.1843231e-05
2.3230801e-07
5.1834562e-05
2.7016754e-07
5.1824522e-05
3.1526084e-07
5.1812772e-05
3.7243249e-07
5.1798918e-05
4.4179476e-07
5.1782084e-05
5.4625344e-07
5.1761509e-05
6.6221676e-07
5.17345e-05
9.2270755e-07
5.1698505e-05
1.1561738e-06
5.1646846e-05
2.1028533e-06
5.1557503e-05
3.1807858e-06
1.0251204e-05
5.3338521e-05
2.1469955e-08
5.333686e-05
5.3561681e-08
5.3334315e-05
7.9269896e-08
5.333098e-05
1.026439e-07
5.3326841e-05
1.2698612e-07
5.3321894e-05
1.5175134e-07
5.331611e-05
1.7788935e-07
5.3309413e-05
2.0687624e-07
5.3301691e-05
2.4003001e-07
5.3292778e-05
2.7908093e-07
5.3282456e-05
3.2558235e-07
5.3270378e-05
3.8451056e-07
5.3256139e-05
4.5603459e-07
5.3238849e-05
5.6354293e-07
5.3217697e-05
6.8336914e-07
5.3190038e-05
9.5036637e-07
5.3153017e-05
1.1931949e-06
5.3100529e-05
2.1553412e-06
5.3010775e-05
3.2705392e-06
1.0175887e-05
5.4839051e-05
2.2184632e-08
5.4837346e-05
5.5267381e-08
5.4834729e-05
8.1886791e-08
5.48313e-05
1.0607296e-07
5.4827043e-05
1.3124241e-07
5.4821957e-05
1.5683788e-07
5.4816009e-05
1.8383735e-07
5.4809124e-05
2.1376145e-07
5.4801184e-05
2.4796962e-07
5.479202e-05
2.882449e-07
5.4781409e-05
3.3619337e-07
5.4768994e-05
3.969251e-07
5.4754358e-05
4.7067144e-07
5.4736601e-05
5.8129966e-07
5.4714857e-05
7.0511319e-07
5.4686534e-05
9.7868967e-07
5.464847e-05
1.2312585e-06
5.4595147e-05
2.2086643e-06
5.4505089e-05
3.3605973e-06
1.0100147e-05
5.6381793e-05
2.2922045e-08
5.6380042e-05
5.7018346e-08
5.6377351e-05
8.4577423e-08
5.6373825e-05
1.095992e-07
5.6369448e-05
1.3561906e-07
5.6364218e-05
1.6206809e-07
5.6358102e-05
1.8995326e-07
5.6351023e-05
2.2084086e-07
5.6342859e-05
2.5613285e-07
5.6333438e-05
2.9766632e-07
5.6322529e-05
3.4710184e-07
5.6309769e-05
4.0968523e-07
5.6294725e-05
4.8571596e-07
5.6276489e-05
5.9953568e-07
5.6254138e-05
7.2746376e-07
5.6225135e-05
1.0076926e-06
5.6186014e-05
1.2703803e-06
5.6131851e-05
2.2628267e-06
5.6041596e-05
3.4508527e-06
1.0024086e-05
5.7967936e-05
2.3683032e-08
5.7966139e-05
5.8815618e-08
5.7963372e-05
8.7343839e-08
5.7959746e-05
1.1322534e-07
5.7955246e-05
1.4011942e-07
5.7949868e-05
1.6744598e-07
5.7943579e-05
1.9624175e-07
5.79363e-05
2.2811984e-07
5.7927907e-05
2.6452586e-07
5.7918222e-05
3.0735228e-07
5.7907007e-05
3.5831588e-07
5.7893892e-05
4.2280028e-07
5.7878429e-05
5.011791e-07
5.7859702e-05
6.1826337e-07
5.7836729e-05
7.5043594e-07
5.7807031e-05
1.0373907e-06
5.7766837e-05
1.3105751e-06
5.7711833e-05
2.3178298e-06
5.762149e-05
3.5411964e-06
9.9478103e-06
5.95987e-05
2.4468467e-08
5.9596855e-05
6.0660251e-08
5.9594011e-05
9.0188143e-08
5.9590282e-05
1.1695419e-07
5.9585654e-05
1.4474695e-07
5.9580125e-05
1.7297564e-07
5.9573659e-05
2.027076e-07
5.9566175e-05
2.356039e-07
5.9557546e-05
2.73155e-07
5.9547588e-05
3.1731004e-07
5.953606e-05
3.6984386e-07
5.952258e-05
4.3627985e-07
5.9506687e-05
5.1707203e-07
5.9487455e-05
6.374954e-07
5.9463846e-05
7.7404502e-07
5.9433437e-05
1.0677995e-06
5.9392155e-05
1.3518573e-06
5.9336313e-05
2.3736722e-06
5.924599e-05
3.6315191e-06
9.8714295e-06
6.1275341e-05
2.5279266e-08
6.1273448e-05
6.2553313e-08
6.1270524e-05
9.3112495e-08
6.1266689e-05
1.2078865e-07
6.1261931e-05
1.4950519e-07
6.1256245e-05
1.7866129e-07
6.1249597e-05
2.0935574e-07
6.1241902e-05
2.4329874e-07
6.1233031e-05
2.8202677e-07
6.1222794e-05
3.2754707e-07
6.1210943e-05
3.8169435e-07
6.1197089e-05
4.5013379e-07
6.1180755e-05
5.3340625e-07
6.1161006e-05
6.5724472e-07
6.1136744e-05
7.9830647e-07
6.1105609e-05
1.0989351e-06
6.1063226e-05
1.3942405e-06
6.1006549e-05
2.430349e-06
6.0916356e-05
3.721712e-06
9.7950531e-06
6.2999149e-05
2.6116384e-08
6.2997206e-05
6.4495885e-08
6.29942e-05
9.6119117e-08
6.2990257e-05
1.2473168e-07
6.2985364e-05
1.5439779e-07
6.2979518e-05
1.8450727e-07
6.2972683e-05
2.1619122e-07
6.2964771e-05
2.5121018e-07
6.295565e-05
2.911479e-07
6.2945126e-05
3.3807105e-07
6.2932944e-05
3.9387619e-07
6.2918706e-05
4.643722e-07
6.2901919e-05
5.5019349e-07
6.2881639e-05
6.7752466e-07
6.2856709e-05
8.2323593e-07
6.2824831e-05
1.1308135e-06
6.2781334e-05
1.4377374e-06
6.2723831e-05
2.4878516e-06
6.2633876e-05
3.8116675e-06
9.7187904e-06
6.4771452e-05
2.6980822e-08
6.4769458e-05
6.6489057e-08
6.4766367e-05
9.9210294e-08
6.4762313e-05
1.2878635e-07
6.4757282e-05
1.5942851e-07
6.4751271e-05
1.9051804e-07
6.4744243e-05
2.2321924e-07
6.4736109e-05
2.5934424e-07
6.4726732e-05
3.0052526e-07
6.4715913e-05
3.4888988e-07
6.4703391e-05
4.0639841e-07
6.4688757e-05
4.7900545e-07
6.4671505e-05
5.6744577e-07
6.4650681e-05
6.9834881e-07
6.4625068e-05
8.4884921e-07
6.459243e-05
1.1634508e-06
6.4547807e-05
1.4823601e-06
6.4489492e-05
2.5461671e-06
6.4399879e-05
3.9012805e-06
9.6427512e-06
6.6593613e-05
2.7873625e-08
6.6591568e-05
6.8533934e-08
6.658839e-05
1.0238837e-07
6.6584221e-05
1.329558e-07
6.6579048e-05
1.6460121e-07
6.6572868e-05
1.9669819e-07
6.6565642e-05
2.3044517e-07
6.6557279e-05
2.6770708e-07
6.6547638e-05
3.1016595e-07
6.6536517e-05
3.6001167e-07
6.6523645e-05
4.1927032e-07
6.6508606e-05
4.9404418e-07
6.6490876e-05
5.8517541e-07
6.6469494e-05
7.1973114e-07
6.6443181e-05
8.7516224e-07
6.6409768e-05
1.1968635e-06
6.6364008e-05
1.5281201e-06
6.6304898e-05
2.6052774e-06
6.6215729e-05
3.9904493e-06
9.567042e-06
6.8467036e-05
2.8795887e-08
6.8464938e-05
7.0631627e-08
6.8461671e-05
1.0565576e-07
6.8457383e-05
1.3724327e-07
6.8452065e-05
1.6991985e-07
6.844571e-05
2.0305244e-07
6.8438281e-05
2.378745e-07
6.8429683e-05
2.7630506e-07
6.8419772e-05
3.2007725e-07
6.8408339e-05
3.7144473e-07
6.8395107e-05
4.3250147e-07
6.8379652e-05
5.0949931e-07
6.8361433e-05
6.0339497e-07
6.8339478e-05
7.4168591e-07
6.8312449e-05
9.0219109e-07
6.8278245e-05
1.2310677e-06
6.8231337e-05
1.575028e-06
6.8171455e-05
2.6651595e-06
6.8082827e-05
4.0790768e-06
9.4917687e-06
7.0393161e-05
2.9748753e-08
7.039101e-05
7.2783261e-08
7.038765e-05
1.0901494e-07
7.0383242e-05
1.4165208e-07
7.0377773e-05
1.7538852e-07
7.037124e-05
2.0958563e-07
7.0363601e-05
2.4551289e-07
7.0354762e-05
2.8514469e-07
7.0344572e-05
3.3026662e-07
7.0332819e-05
3.8319763e-07
7.0319219e-05
4.4610163e-07
7.0303336e-05
5.2538202e-07
7.0284614e-05
6.2211733e-07
7.0262072e-05
7.6422773e-07
7.0234311e-05
9.299519e-07
7.01993e-05
1.2660797e-06
7.0151233e-05
1.6230941e-06
7.0090609e-05
2.7257842e-06
7.0002614e-05
4.1670716e-06
9.4170306e-06
7.2373473e-05
3.073342e-08
7.2371267e-05
7.4989967e-08
7.2367813e-05
1.1246846e-07
7.236328e-05
1.4618567e-07
7.2357657e-05
1.8101141e-07
7.235094e-05
2.1630275e-07
7.2343086e-05
2.5336615e-07
7.2333998e-05
2.9423269e-07
7.2323523e-05
3.4074176e-07
7.2311442e-05
3.9527915e-07
7.2297462e-05
4.6008087e-07
7.2281141e-05
5.4170378e-07
7.2261902e-05
6.4135564e-07
7.2238758e-05
7.8737154e-07
7.2210249e-05
9.5846094e-07
7.2174414e-05
1.3019155e-06
7.212518e-05
1.6723276e-06
7.2063848e-05
2.787116e-06
7.1976571e-05
4.2543494e-06
9.3429262e-06
7.4409494e-05
3.175114e-08
7.4407231e-05
7.7252887e-08
7.4403681e-05
1.1601893e-07
7.4399019e-05
1.5084755e-07
7.4393238e-05
1.8679284e-07
7.4386331e-05
2.2320892e-07
7.4378257e-05
2.6144026e-07
7.4368914e-05
3.0357593e-07
7.4358145e-05
3.5151057e-07
7.4345726e-05
4.0769831e-07
7.4331357e-05
4.744495e-07
7.4314585e-05
5.5847635e-07
7.4294817e-05
6.6112335e-07
7.4271056e-05
8.1113255e-07
7.4241783e-05
9.8773459e-07
7.4205106e-05
1.3385918e-06
7.4154699e-05
1.7227353e-06
7.4092701e-05
2.8491136e-06
7.4006217e-05
4.3408335e-06
9.269554e-06
7.6502794e-05
3.2803223e-08
7.6500474e-05
7.9573167e-08
7.6496824e-05
1.1966905e-07
7.649203e-05
1.5564135e-07
7.6486085e-05
1.9273723e-07
7.6478985e-05
2.3030941e-07
7.6470684e-05
2.6974136e-07
7.6461078e-05
3.1318151e-07
7.6450008e-05
3.6258115e-07
7.6437242e-05
4.2046437e-07
7.6422473e-05
4.892181e-07
7.6405238e-05
5.7571176e-07
7.6384927e-05
6.8143423e-07
7.6360533e-05
8.3552621e-07
7.6330478e-05
1.0177894e-06
7.6292944e-05
1.3761263e-06
7.6241359e-05
1.7743198e-06
7.6178743e-05
2.9117301e-06
7.6093118e-05
4.4264582e-06
9.1970181e-06
7.8654982e-05
3.3891039e-08
7.8652603e-05
8.1951964e-08
7.8648851e-05
1.2342158e-07
7.8643921e-05
1.605708e-07
7.8637809e-05
1.9884915e-07
7.8630509e-05
2.3760963e-07
7.8621975e-05
2.7827575e-07
7.86121e-05
3.2305668e-07
7.8600719e-05
3.7396183e-07
7.8587597e-05
4.3358684e-07
7.8572417e-05
5.043975e-07
7.8554707e-05
5.9342236e-07
7.8533838e-05
7.0230232e-07
7.8508796e-05
8.6056828e-07
7.8477944e-05
1.0486419e-06
7.8439533e-05
1.4145371e-06
7.8386772e-05
1.8270805e-06
7.832359e-05
2.9749123e-06
7.8238877e-05
4.5111718e-06
9.1254371e-06
8.0867715e-05
3.5016022e-08
8.0865277e-05
8.4390439e-08
8.0861419e-05
1.2727937e-07
8.085635e-05
1.6563972e-07
8.0850066e-05
2.0513329e-07
8.084256e-05
2.4511515e-07
8.0833786e-05
2.8704994e-07
8.0823634e-05
3.3320893e-07
8.0811934e-05
3.8566117e-07
8.0798446e-05
4.4707548e-07
8.0782844e-05
5.1999885e-07
8.0764646e-05
6.1162076e-07
8.0743206e-05
7.2374197e-07
8.07175e-05
8.8627476e-07
8.0685833e-05
1.0803087e-06
8.0646527e-05
1.4538427e-06
8.0592593e-05
1.8810149e-06
8.0528906e-05
3.0385989e-06
8.0445142e-05
4.5949363e-06
9.055046e-06
8.3142697e-05
3.617967e-08
8.3140198e-05
8.6889758e-08
8.3136232e-05
1.3124532e-07
8.313102e-05
1.7085207e-07
8.3124559e-05
2.1159445e-07
8.3116842e-05
2.5283168e-07
8.3107821e-05
2.9607057e-07
8.3097384e-05
3.4364593e-07
8.3085358e-05
3.9768795e-07
8.3071493e-05
4.6094029e-07
8.3055458e-05
5.3603355e-07
8.3036759e-05
6.303199e-07
8.3014733e-05
7.4576784e-07
8.2988346e-05
9.1266199e-07
8.2955848e-05
1.1128062e-06
8.2915629e-05
1.4940616e-06
8.2860526e-05
1.9361186e-06
8.2796404e-05
3.1027205e-06
8.2713613e-05
4.6777274e-06
8.9868217e-06
8.5481679e-05
3.7383551e-08
8.5479118e-05
8.9451095e-08
8.5475041e-05
1.3532246e-07
8.5469681e-05
1.7621191e-07
8.5463038e-05
2.1823761e-07
8.5455104e-05
2.607651e-07
8.544583e-05
3.053445e-07
8.5435101e-05
3.5437557e-07
8.5422737e-05
4.1005118e-07
8.5408486e-05
4.7519156e-07
8.5392006e-05
5.5251328e-07
8.5372793e-05
6.49533e-07
8.5350166e-05
7.6839486e-07
8.5323082e-05
9.3974655e-07
8.5289737e-05
1.146151e-06
8.5248587e-05
1.5352118e-06
8.5192319e-05
1.9923863e-06
8.5127836e-05
3.1672038e-06
8.5046039e-05
4.7595238e-06
8.9216941e-06
8.7886461e-05
3.8629302e-08
8.7883837e-05
9.2075626e-08
8.7879645e-05
1.3951385e-07
8.7874134e-05
1.817234e-07
8.7867304e-05
2.2506783e-07
8.7859147e-05
2.6892145e-07
8.7849613e-05
3.1487877e-07
8.7838583e-05
3.6540594e-07
8.7825874e-05
4.2276014e-07
8.7811225e-05
4.8983982e-07
8.7794289e-05
5.6945002e-07
8.7774548e-05
6.6927362e-07
8.7751305e-05
7.9163823e-07
8.7723506e-05
9.6754526e-07
8.7689297e-05
1.1803597e-06
8.7647199e-05
1.5773098e-06
8.7589774e-05
2.0498112e-06
8.7524988e-05
3.2319906e-06
8.7444249e-05
4.8402628e-06
8.8585002e-06
9.0358895e-05
3.9918636e-08
9.0356206e-05
9.4764531e-08
9.0351897e-05
1.4382267e-07
9.0346229e-05
1.8739084e-07
9.0339207e-05
2.3209037e-07
9.0330821e-05
2.7730693e-07
9.032102e-05
3.246806e-07
9.030968e-05
3.7674537e-07
9.0296616e-05
4.3582433e-07
9.028156e-05
5.0489589e-07
9.0264154e-05
5.8685604e-07
9.0243872e-05
6.8955564e-07
9.0219997e-05
8.1551335e-07
9.0191467e-05
9.9607545e-07
9.0156378e-05
1.2154483e-06
9.0113316e-05
1.6203721e-06
9.0054744e-05
2.1083828e-06
8.9989694e-05
3.2970403e-06
8.9910114e-05
4.9198427e-06
8.7960605e-06
9.2900883e-05
4.1253339e-08
9.2898129e-05
9.7518996e-08
9.2893699e-05
1.4825219e-07
9.2887872e-05
1.9321865e-07
9.2880651e-05
2.393106e-07
9.287203e-05
2.8592793e-07
9.2861953e-05
3.3475742e-07
9.2850296e-05
3.884024e-07
9.2836867e-05
4.4925349e-07
9.2821392e-05
5.2037088e-07
9.2803504e-05
6.0474386e-07
9.2782667e-05
7.1039335e-07
9.2758145e-05
8.4003554e-07
9.2728864e-05
1.0253561e-06
9.2692884e-05
1.2514282e-06
9.2648828e-05
1.6644278e-06
9.2589155e-05
2.1680564e-06
9.252383e-05
3.362365e-06
9.2445456e-05
4.9982168e-06
8.7340881e-06
9.5514382e-05
4.2635281e-08
9.5511561e-05
1.0034021e-07
9.5507007e-05
1.5280573e-07
9.5501015e-05
1.9921136e-07
9.5493591e-05
2.4673404e-07
9.5484728e-05
2.9479099e-07
9.5474369e-05
3.4511687e-07
9.5462385e-05
4.003858e-07
9.5448581e-05
4.6305764e-07
9.5432676e-05
5.3627616e-07
9.5414293e-05
6.2312629e-07
9.5392885e-05
7.318015e-07
9.5367701e-05
8.6521963e-07
9.5337647e-05
1.0554097e-06
9.5300781e-05
1.2882952e-06
9.5255637e-05
1.7095711e-06
9.5195175e-05
2.2285182e-06
9.5128515e-05
3.4290254e-06
9.5051337e-05
5.0753953e-06
8.6717083e-06
9.8201404e-05
4.4066409e-08
9.8198515e-05
1.0322936e-07
9.8193834e-05
1.5748676e-07
9.8187671e-05
2.0537364e-07
9.8180039e-05
2.5436639e-07
9.8170927e-05
3.0390286e-07
9.8160277e-05
3.5576678e-07
9.8147959e-05
4.1270459e-07
9.8133769e-05
4.7724705e-07
9.8117422e-05
5.526234e-07
9.8098532e-05
6.4201647e-07
9.8076538e-05
7.5379516e-07
9.8050677e-05
8.9108055e-07
9.8019826e-05
1.086261e-06
9.7982089e-05
1.3260324e-06
9.7935693e-05
1.7559665e-06
9.7875143e-05
2.2890684e-06
9.7804164e-05
3.500004e-06
9.7728341e-05
5.1512189e-06
8.6061348e-06
0.00010096402
4.5548756e-08
0.00010096106
1.0618765e-07
0.00010095625
1.6229879e-07
0.00010094991
2.117103e-07
0.00010094206
2.6221348e-07
0.0001009327
3.1327044e-07
0.00010092175
3.667152e-07
0.00010090908
4.25368e-07
0.0001008945
4.9183228e-07
0.0001008777
5.6942455e-07
0.00010085829
6.614279e-07
0.00010083569
7.7638929e-07
0.00010080914
9.1763537e-07
0.00010077747
1.1179261e-06
0.00010073884
1.3646608e-06
0.0001006912
1.803614e-06
0.00010063057
2.3496995e-06
0.00010055528
3.5752895e-06
0.00010048103
5.2254637e-06
8.5373274e-06
0.00010380435
4.7084444e-08
0.00010380132
1.0921627e-07
0.00010379637
1.6724548e-07
0.00010378986
2.1822628e-07
0.00010378179
2.7028131e-07
0.00010377216
3.2290086e-07
0.0001037609
3.7797039e-07
0.00010374789
4.3838555e-07
0.00010373289
5.0682413e-07
0.00010371563
5.8669183e-07
0.00010369568
6.8137451e-07
0.00010367247
7.9959876e-07
0.0001036452
9.4490343e-07
0.00010361272
1.1504115e-06
0.00010357313
1.4042504e-06
0.00010352447
1.8522726e-06
0.00010346262
2.4115476e-06
0.00010338843
3.649484e-06
0.00010331554
5.2983521e-06
8.4705149e-06
0.00010672458
4.8675681e-08
0.00010672148
1.1231642e-07
0.0001067164
1.7233054e-07
0.0001067097
2.2492665e-07
0.0001067014
2.7857605e-07
0.0001066915
3.328014e-07
0.00010667993
3.8954086e-07
0.00010666655
4.5176696e-07
0.00010665114
5.2223371e-07
0.0001066334
6.0443776e-07
0.0001066129
7.0187048e-07
0.00010658906
8.2343901e-07
0.00010656106
9.7290271e-07
0.00010652774
1.1837337e-06
0.00010648718
1.444812e-06
0.00010643742
1.9020282e-06
0.00010637497
2.4739999e-06
0.00010629845
3.7260066e-06
0.00010622768
5.3691176e-06
8.4019066e-06
0.00010972697
5.0324769e-08
0.0001097238
1.1548932e-07
0.00010971857
1.7755782e-07
0.00010971168
2.3181664e-07
0.00010970315
2.8710405e-07
0.00010969298
3.4297957e-07
0.00010968108
4.0143533e-07
0.00010966733
4.6552224e-07
0.00010965149
5.380724e-07
0.00010963325
6.2267519e-07
0.00010961219
7.2293035e-07
0.0001095877
8.4792554e-07
0.00010955895
1.0016534e-06
0.00010952479
1.2178949e-06
0.00010948315
1.4864489e-06
0.00010943276
1.9524186e-06
0.00010936735
2.5394142e-06
0.00010930019
3.7931634e-06
0.0001092306
5.4387138e-06
8.3431825e-06
0.00011281382
5.2034103e-08
0.00011281057
1.1873618e-07
0.0001128052
1.8293126e-07
0.00011279812
2.3890161e-07
0.00011278935
2.9587181e-07
0.00011277889
3.5344308e-07
0.00011276666
4.1366274e-07
0.00011275252
4.7966167e-07
0.00011273624
5.5435188e-07
0.0001127175
6.4141728e-07
0.00011269586
7.4456883e-07
0.00011267071
8.7307513e-07
0.00011264119
1.0311698e-06
0.00011260615
1.2529345e-06
0.00011256355
1.5290493e-06
0.00011251183
2.0041423e-06
0.00011244706
2.6041841e-06
0.00011237146
3.8687651e-06
0.00011230465
5.5055178e-06
8.2764259e-06
0.00011598751
5.3806173e-08
0.00011598419
1.2205822e-07
0.00011597867
1.8845491e-07
0.00011597138
2.4618709e-07
0.00011596237
3.0488603e-07
0.00011595161
3.6419985e-07
0.00011593904
4.2623229e-07
0.00011592451
4.9419576e-07
0.00011590777
5.710841e-07
0.00011588851
6.6067751e-07
0.00011586628
7.6680105e-07
0.00011584045
8.9890397e-07
0.00011581015
1.0614725e-06
0.00011577423
1.2888525e-06
0.00011573055
1.5727361e-06
0.0001156781
2.0565899e-06
0.00011561072
2.6715649e-06
0.0001155439
3.9355862e-06
0.00011547839
5.5710203e-06
8.2194919e-06
0.00011925048
5.5643568e-08
0.00011924709
1.2545667e-07
0.00011924141
1.9413294e-07
0.00011923392
2.5367875e-07
0.00011922465
3.1415358e-07
0.00011921359
3.7525799e-07
0.00011920067
4.3915343e-07
0.00011918573
5.0913534e-07
0.00011916853
5.8828132e-07
0.00011914874
6.8046967e-07
0.0001191259
7.8964231e-07
0.00011909937
9.254296e-07
0.00011906827
1.092576e-06
0.00011903143
1.3256884e-06
0.00011898677
1.6174041e-06
0.00011893295
2.1104028e-06
0.00011886633
2.738185e-06
0.00011879134
4.0105835e-06
0.00011872858
5.6337783e-06
8.1551687e-06
0.00012260525
5.7548975e-08
0.00012260177
1.2893277e-07
0.00012259594
1.9996961e-07
0.00012258823
2.6138243e-07
0.0001225787
3.2368152e-07
0.00012256734
3.8662587e-07
0.00012255405
4.5243583e-07
0.0001225387
5.2449148e-07
0.00012252102
6.0595611e-07
0.00012250068
7.0080789e-07
0.00012247722
8.1310842e-07
0.00012244998
9.5266861e-07
0.00012241805
1.124502e-06
0.0001223803
1.3634381e-06
0.00012233452
1.6631875e-06
0.00012227999
2.1649359e-06
0.00012221085
2.8073186e-06
0.0001221445
4.0769411e-06
0.00012208327
5.6950078e-06
8.1004129e-06
0.00012605439
5.9525183e-08
0.00012605084
1.3248777e-07
0.00012604484
2.0596933e-07
0.00012603691
2.6930411e-07
0.00012602712
3.3347712e-07
0.00012601543
3.9831205e-07
0.00012600178
4.6608944e-07
0.00012598599
5.4027556e-07
0.00012596783
6.2412135e-07
0.00012594693
7.2170662e-07
0.00012592282
8.3721533e-07
0.00012589485
9.8063915e-07
0.00012586209
1.1572651e-06
0.00012582339
1.4021424e-06
0.0001257766
1.709974e-06
0.0001257207
2.2208402e-06
0.0001256524
2.8756099e-06
0.00012557826
4.1510867e-06
0.00012551975
5.7535149e-06
8.0385403e-06
0.00012960056
6.1575083e-08
0.00012959693
1.3612293e-07
0.00012959076
2.1213661e-07
0.00012958261
2.7744996e-07
0.00012957254
3.4354782e-07
0.00012956053
4.1032533e-07
0.0001295465
4.8012446e-07
0.00012953027
5.5649924e-07
0.0001295116
6.4279022e-07
0.00012949013
7.4318063e-07
0.00012946537
8.6197951e-07
0.00012943665
1.0093583e-06
0.00012940302
1.190888e-06
0.00012936337
1.4417949e-06
0.00012931544
1.7579018e-06
0.00012925882
2.277458e-06
0.00012918815
2.9462814e-06
0.00012912244
4.2167961e-06
0.00012906571
5.8102494e-06
7.9858133e-06
0.0001332465
6.3701667e-08
0.00013324278
1.3983956e-07
0.00013323644
2.1847608e-07
0.00013322806
2.8582631e-07
0.00013321771
3.5390129e-07
0.00013320536
4.2267475e-07
0.00013319094
4.9455138e-07
0.00013317426
5.7317448e-07
0.00013315507
6.6197625e-07
0.00013313301
7.6524504e-07
0.00013310757
8.8741746e-07
0.00013307808
1.0388449e-06
0.00013304359
1.2253847e-06
0.00013300295
1.4824369e-06
0.000132954
1.8068524e-06
0.00013289601
2.3354418e-06
0.00013282626
3.01603e-06
0.00013275322
4.2898344e-06
0.00013269912
5.8643518e-06
7.9262649e-06
0.000136995
6.5908033e-08
0.0001369912
1.4363894e-07
0.00013698468
2.2499251e-07
0.00013697607
2.9443967e-07
0.00013696543
3.6454537e-07
0.00013695273
4.3536959e-07
0.0001369379
5.0938093e-07
0.00013692076
5.9031353e-07
0.00013690104
6.8169324e-07
0.00013687837
7.8791528e-07
0.00013685225
9.1354633e-07
0.00013682197
1.0691164e-06
0.00013678658
1.2607789e-06
0.00013674496
1.5240593e-06
0.00013669484
1.8569665e-06
0.00013663615
2.3941323e-06
0.0001365642
3.0879818e-06
0.00013649935
4.3546851e-06
0.00013644728
5.9164268e-06
7.8754034e-06
0.00014084895
6.8197381e-08
0.00014084507
1.4752242e-07
0.00014083837
2.3169079e-07
0.00014082951
3.0329673e-07
0.00014081857
3.7548816e-07
0.00014080552
4.4841937e-07
0.00014079028
5.2462413e-07
0.00014077266
6.0792896e-07
0.0001407524
7.0195538e-07
0.00014072911
8.1120709e-07
0.00014070227
9.4038361e-07
0.0001406712
1.1001909e-06
0.00014063489
1.2970876e-06
0.00014059225
1.5666999e-06
0.0001405411
1.9081157e-06
0.00014048102
2.4542073e-06
0.00014041012
3.158888e-06
0.00014033847
4.4263281e-06
0.00014028854
5.9663563e-06
7.81789e-06
0.00014481133
7.0573015e-08
0.00014480736
1.5149135e-07
0.00014480047
2.3857594e-07
0.00014479136
3.1240434e-07
0.00014478011
3.8673793e-07
0.0001447667
4.6183387e-07
0.00014475103
5.402923e-07
0.00014473293
6.2603365e-07
0.0001447121
7.2277714e-07
0.00014468818
8.351366e-07
0.00014466061
9.6794671e-07
0.00014462871
1.1320885e-06
0.00014459148
1.3343251e-06
0.0001445478
1.6103813e-06
0.00014449556
1.9603532e-06
0.00014443456
2.5152091e-06
0.00014436209
3.231357e-06
0.00014429843
4.4899815e-06
0.00014425172
6.0130662e-06
7.7691552e-06
0.00014888517
7.3038344e-08
0.00014888111
1.5554712e-07
0.00014887403
2.4565313e-07
0.00014886467
3.2176957e-07
0.0001488531
3.983032e-07
0.00014883931
4.7562312e-07
0.00014882321
5.5639702e-07
0.0001488046
6.4464078e-07
0.00014878321
7.4417337e-07
0.00014875862
8.5972023e-07
0.00014873032
9.962537e-07
0.00014869758
1.1648268e-06
0.00014865939
1.3725159e-06
0.00014861468
1.655091e-06
0.00014856124
2.0137917e-06
0.00014849954
2.5769111e-06
0.00014842599
3.3049062e-06
0.00014836194
4.5540295e-06
0.00014831471
6.0602969e-06
7.7183312e-06
0.00015307362
7.5596879e-08
0.00015306947
1.5969118e-07
0.0001530622
2.5292764e-07
0.00015305257
3.3139966e-07
0.00015304068
4.1019271e-07
0.0001530265
4.8979741e-07
0.00015300995
5.7295019e-07
0.00015299083
6.6376388e-07
0.00015296884
7.6615922e-07
0.00015294359
8.8497479e-07
0.00015291452
1.0253226e-06
0.00015288092
1.1984261e-06
0.00015284176
1.4116736e-06
0.00015279598
1.700872e-06
0.00015274149
2.0682836e-06
0.00015267849
2.6399088e-06
0.00015260621
3.3771853e-06
0.00015253698
4.6232598e-06
0.00015249712
6.1001585e-06
7.6650015e-06
0.00015737989
7.8252234e-08
0.00015737566
1.6392499e-07
0.00015736818
2.6040493e-07
0.00015735828
3.4130205e-07
0.00015734606
4.2241543e-07
0.00015733149
5.0436731e-07
0.00015731447
5.8996401e-07
0.00015729482
6.8341679e-07
0.00015727223
7.8875019e-07
0.00015724629
9.1091735e-07
0.00015721644
1.0551721e-06
0.00015718196
1.2329046e-06
0.00015714181
1.4518219e-06
0.00015709497
1.7477131e-06
0.00015703929
2.123961e-06
0.00015697563
2.7035742e-06
0.00015690162
3.4511873e-06
0.00015683935
4.6855334e-06
0.00015679591
6.143596e-06
7.6160671e-06
0.00016180731
8.1008124e-08
0.00016180299
1.6825008e-07
0.0001617953
2.6809058e-07
0.00016178512
3.5148439e-07
0.00016177256
4.3498057e-07
0.00016175758
5.1934366e-07
0.00016174009
6.0745096e-07
0.0001617199
7.0361367e-07
0.00016169668
8.1196215e-07
0.00016167004
9.375654e-07
0.00016163939
1.0858209e-06
0.00016160401
1.2682825e-06
0.00016156286
1.4929736e-06
0.00016151492
1.7956541e-06
0.00016145819
2.1806907e-06
0.00016139331
2.7684542e-06
0.00016132056
3.5239372e-06
0.00016125347
4.752624e-06
0.00016121724
6.1798209e-06
7.564414e-06
0.00016635929
8.3868363e-08
0.00016635487
1.7266804e-07
0.00016634697
2.7599032e-07
0.0001663365
3.6195451e-07
0.00016632358
4.4789758e-07
0.00016630819
5.3473756e-07
0.00016629022
6.2542386e-07
0.00016626946
7.2436903e-07
0.00016624561
8.3581127e-07
0.00016621824
9.6493667e-07
0.00016618677
1.117288e-06
0.00016615048
1.3045784e-06
0.0001661083
1.5351523e-06
0.00016605927
1.8446813e-06
0.00016600136
2.2386006e-06
0.00016593587
2.8339468e-06
0.00016586164
3.5981648e-06
0.000165801
4.813268e-06
0.0001657619
6.2189137e-06
7.5166692e-06
0.00017103932
8.6836864e-08
0.0001710348
1.771805e-07
0.00017102668
2.8411004e-07
0.00017101592
3.7272046e-07
0.00017100264
4.6117616e-07
0.00017098682
5.5056042e-07
0.00017096834
6.4389584e-07
0.00017094702
7.4569773e-07
0.00017092251
8.6031411e-07
0.0001708944
9.9304929e-07
0.0001708621
1.1495927e-06
0.00017082486
1.3418128e-06
0.00017078164
1.5783705e-06
0.00017073149
1.8948323e-06
0.00017067253
2.2975619e-06
0.0001706059
2.9005783e-06
0.00017053304
3.6710255e-06
0.00017046813
4.878182e-06
0.00017043502
6.2520157e-06
7.4663578e-06
0.00017585101
8.9917636e-08
0.0001758464
1.8178919e-07
0.00017583805
2.9245578e-07
0.00017582698
3.8379053e-07
0.00017581333
4.7482627e-07
0.00017579707
5.6682394e-07
0.00017577808
6.6288034e-07
0.00017575617
7.6761495e-07
0.00017573099
8.8548755e-07
0.00017570212
1.0219216e-06
0.00017566896
1.1827547e-06
0.00017563077
1.3800041e-06
0.00017558649
1.6226513e-06
0.00017553523
1.9460895e-06
0.0001754751
2.3576936e-06
0.00017540794
2.9677388e-06
0.00017533404
3.7449244e-06
0.00017527605
4.936166e-06
0.00017524594
6.2821254e-06
7.4229342e-06
0.00018079806
9.311478e-08
0.00018079335
1.8649588e-07
0.00018078477
3.0103373e-07
0.00018077339
3.9517319e-07
0.00018075936
4.8885812e-07
0.00018074264
5.8354011e-07
0.00018072313
6.8239114e-07
0.00018070061
7.9013623e-07
0.00018067475
9.1134883e-07
0.0001806451
1.0515724e-06
0.00018061106
1.2167937e-06
0.00018057189
1.4191723e-06
0.00018052653
1.668009e-06
0.00018047415
1.9984765e-06
0.00018041292
2.418923e-06
0.00018034492
3.0357354e-06
0.00018027141
3.8184306e-06
0.00018021243
4.9951508e-06
0.00018018117
6.3133796e-06
7.3749121e-06
0.00018588428
9.6432489e-08
0.00018587947
1.9130245e-07
0.00018587066
3.0985026e-07
0.00018585895
4.0687715e-07
0.00018584453
5.0328217e-07
0.00018582735
6.007212e-07
0.00018580729
7.0244235e-07
0.00018578415
8.1327746e-07
0.00018575759
9.3791553e-07
0.00018572714
1.0820206e-06
0.0001856922
1.2517295e-06
0.00018565204
1.4593369e-06
0.00018560559
1.7144611e-06
0.00018555207
2.0519957e-06
0.00018548972
2.4812665e-06
0.00018542113
3.1043256e-06
0.0001853471
3.892462e-06
0.00018529132
5.0509347e-06
0.00018527195
6.3327454e-06
7.3299527e-06
0.00019111359
9.9875045e-08
0.00019110868
1.9621087e-07
0.00019109962
3.189119e-07
0.00019108758
4.1891134e-07
0.00019107276
5.1810919e-07
0.0001910551
6.1837983e-07
0.00019103449
7.2304842e-07
0.00019101071
8.3705487e-07
0.00019098342
9.6520556e-07
0.00019095216
1.1132857e-06
0.00019091631
1.2875821e-06
0.00019087512
1.5005179e-06
0.00019082756
1.7620209e-06
0.0001907729
2.1066645e-06
0.00019070948
2.5446815e-06
0.00019064023
3.1735714e-06
0.00019056554
3.967158e-06
0.00019051093
5.1055467e-06
0.00019049081
6.3528606e-06
7.2819596e-06
0.00019649
1.0344681e-07
0.00019648499
2.012232e-07
0.00019647568
3.2822535e-07
0.0001964633
4.3128494e-07
0.00019644806
5.3335019e-07
0.00019642991
6.3652891e-07
0.00019640874
7.4422412e-07
0.00019638431
8.6148507e-07
0.00019635628
9.9323718e-07
0.00019632418
1.1453872e-06
0.00019628739
1.3243715e-06
0.00019624517
1.5427355e-06
0.00019619649
1.8107e-06
0.00019614065
2.1624998e-06
0.00019607624
2.609091e-06
0.00019600624
3.2435783e-06
0.00019593195
4.0414425e-06
0.00019588043
5.1570678e-06
0.00019586656
6.3667323e-06
7.240055e-06
0.00020201767
1.0715224e-07
0.00020201256
2.0634161e-07
0.00020200298
3.3779748e-07
0.00020199026
4.4400734e-07
0.00020197459
5.4901648e-07
0.00020195594
6.5518166e-07
0.00020193418
7.6598459e-07
0.00020190908
8.8658499e-07
0.00020188029
1.022029e-06
0.00020184733
1.1783451e-06
0.00020180958
1.3621181e-06
0.00020176631
1.5860083e-06
0.0002017165
1.8605148e-06
0.0002016595
2.2194977e-06
0.00020159408
2.6745061e-06
0.0002015234
3.3142614e-06
0.00020144949
4.1153551e-06
0.00020140035
5.2062049e-06
0.00020138437
6.3827153e-06
7.1991394e-06
0.00020770085
1.1099586e-07
0.00020769562
2.115684e-07
0.00020768578
3.4763533e-07
0.0002076727
4.5708819e-07
0.0002076566
5.6511964e-07
0.00020763743
6.7435163e-07
0.00020761507
7.8834531e-07
0.00020758928
9.1237195e-07
0.00020755971
1.0515999e-06
0.00020752588
1.2121794e-06
0.00020748715
1.4008425e-06
0.00020744281
1.6303547e-06
0.00020739184
1.9114799e-06
0.00020733368
2.2776534e-06
0.00020726727
2.7409193e-06
0.00020719603
3.3854983e-06
0.00020712293
4.1884636e-06
0.00020707587
5.2532584e-06
0.00020706588
6.3927107e-06
7.1602398e-06
0.0002135439
1.1498227e-07
0.00021353856
2.1690599e-07
0.00021352845
3.5774613e-07
0.000213515
4.7053738e-07
0.00021349845
5.8167156e-07
0.00021347875
6.9405272e-07
0.00021345577
8.1132211e-07
0.00021342928
9.3886361e-07
0.00021339891
1.0819692e-06
0.00021336418
1.2469105e-06
0.00021332446
1.4405651e-06
0.00021327902
1.6757931e-06
0.00021322689
1.9636085e-06
0.00021316758
2.3369652e-06
0.00021310018
2.8083197e-06
0.00021302845
3.4572315e-06
0.00021295593
4.2609793e-06
0.00021290907
5.3001176e-06
0.00021289708
6.404706e-06
7.1177776e-06
0.00021955133
1.1911614e-07
0.00021954588
2.2235692e-07
0.00021953549
3.681373e-07
0.00021952166
4.8436506e-07
0.00021950465
5.9868442e-07
0.0002194844
7.1429913e-07
0.00021946079
8.3493119e-07
0.00021943358
9.6607797e-07
0.00021940239
1.1131565e-06
0.00021936674
1.2825589e-06
0.000219326
1.4813064e-06
0.00021927945
1.7223416e-06
0.00021922615
2.016912e-06
0.00021916568
2.3974293e-06
0.00021909733
2.8766719e-06
0.00021902521
3.5293496e-06
0.00021895363
4.3325619e-06
0.00021890872
5.345029e-06
0.00021890628
6.4071487e-06
7.0779505e-06
0.00022572776
1.2340222e-07
0.0002257222
2.2792389e-07
0.00022571152
3.7881644e-07
0.0002256973
4.9858162e-07
0.00022567981
6.1617069e-07
0.00022565901
7.3510542e-07
0.00022563475
8.5918908e-07
0.00022560679
9.9403341e-07
0.00022557477
1.1451816e-06
0.00022553818
1.3191454e-06
0.0002254964
1.5230867e-06
0.00022544873
1.7700178e-06
0.00022539424
2.0714005e-06
0.00022533263
2.4590397e-06
0.00022526336
2.9459438e-06
0.00022519092
3.6017892e-06
0.00022512021
4.4032651e-06
0.00022507566
5.3895827e-06
0.00022507309
6.4097153e-06
7.035621e-06
0.00023207795
1.2784532e-07
0.00023207227
2.3360976e-07
0.00023206129
3.8979135e-07
0.00023204668
5.1319772e-07
0.0002320287
6.3414318e-07
0.00023200732
7.5648648e-07
0.0002319824
8.8411269e-07
0.00023195368
1.0227486e-06
0.0002319208
1.1780648e-06
0.00023188325
1.356691e-06
0.00023184041
1.5659264e-06
0.00023179159
1.8188388e-06
0.00023173591
2.1270828e-06
0.00023167316
2.5217902e-06
0.000231603
3.0161042e-06
0.00023153028
3.6745093e-06
0.00023146041
4.4731341e-06
0.00023141643
5.4335585e-06
0.00023141896
6.4071876e-06
6.9905608e-06
0.00023860679
1.3245029e-07
0.00023860098
2.3941753e-07
0.0002385897
4.0107001e-07
0.00023857467
5.2822428e-07
0.0002385562
6.5261498e-07
0.00023853423
7.7845755e-07
0.00023850862
9.0971929e-07
0.00023847913
1.0522427e-06
0.00023844537
1.2118264e-06
0.00023840684
1.3952167e-06
0.00023836292
1.6098456e-06
0.00023831294
1.8688213e-06
0.00023825606
2.183965e-06
0.00023819218
2.5856721e-06
0.00023812119
3.0870937e-06
0.00023804828
3.7474152e-06
0.00023797968
4.5417346e-06
0.00023793725
5.4759905e-06
0.00023794469
6.3997434e-06
6.9439177e-06
0.00024531929
1.3722207e-07
0.00024531336
2.4535041e-07
0.00024530176
4.1266063e-07
0.00024528632
5.4367251e-07
0.00024526733
6.7159951e-07
0.00024524476
8.0103423e-07
0.00024521845
9.360265e-07
0.00024518816
1.0825351e-06
0.00024515349
1.2464872e-06
0.00024511397
1.4347438e-06
0.00024506895
1.6548642e-06
0.00024501779
1.9199811e-06
0.0002449597
2.2420524e-06
0.0002448947
2.650675e-06
0.00024482293
3.158866e-06
0.00024474986
3.820485e-06
0.00024468243
4.609165e-06
0.00024464088
5.5175369e-06
0.00024464887
6.3917518e-06
6.8932143e-06
0.00025222063
1.4216563e-07
0.00025221457
2.5141174e-07
0.00025220266
4.245716e-07
0.00025218678
5.5955387e-07
0.00025216726
6.9111053e-07
0.00025214407
8.2423246e-07
0.00025211704
9.630523e-07
0.00025208593
1.1136455e-06
0.00025205035
1.2820682e-06
0.0002520098
1.4752934e-06
0.00025196366
1.7010019e-06
0.00025191131
1.972333e-06
0.00025185201
2.3013487e-06
0.00025178591
2.7167835e-06
0.0002517134
3.2313696e-06
0.00025164026
3.8936307e-06
0.0002515741
4.6753256e-06
0.00025153422
5.5574076e-06
0.00025154353
6.3824453e-06
6.8403871e-06
0.00025931612
1.47286e-07
0.00025930993
2.5760511e-07
0.00025929769
4.3681153e-07
0.00025928136
5.758801e-07
0.00025926131
7.111621e-07
0.00025923747
8.4806853e-07
0.00025920971
9.9081505e-07
0.00025917776
1.1455939e-06
0.00025914124
1.3185906e-06
0.00025909965
1.5168869e-06
0.00025905237
1.7482779e-06
0.00025899881
2.0258911e-06
0.00025893831
2.3618556e-06
0.00025887111
2.7839787e-06
0.00025879793
3.3045518e-06
0.00025872479
3.9667666e-06
0.00025865997
4.7401519e-06
0.00025862207
5.5952991e-06
0.00025863254
6.3719838e-06
6.786269e-06
0.00026661122
1.5258826e-07
0.00026660489
2.6393426e-07
0.00026659231
4.4938924e-07
0.00026657553
5.9266325e-07
0.00026655493
7.3176862e-07
0.00026653043
8.725591e-07
0.00026650192
1.0193335e-06
0.00026646911
1.1784008e-06
0.00026643162
1.3560758e-06
0.00026638897
1.5595455e-06
0.00026634053
1.7967114e-06
0.00026628576
2.0806679e-06
0.00026622404
2.4235735e-06
0.00026615578
2.8522365e-06
0.00026608197
3.3783613e-06
0.00026600895
4.0397905e-06
0.00026594551
4.8035882e-06
0.00026590978
5.6310322e-06
0.00026592165
6.3601098e-06
6.731743e-06
0.00027411155
1.5807751e-07
0.00027410508
2.7040319e-07
0.00027409216
4.6231378e-07
0.00027407491
6.0991563e-07
0.00027405373
7.5294485e-07
0.00027402857
8.9772119e-07
0.00027399928
1.0486266e-06
0.00027396559
1.2120868e-06
0.00027392712
1.3945455e-06
0.00027388337
1.6032904e-06
0.00027383377
1.8463213e-06
0.00027377776
2.1366733e-06
0.00027371483
2.4865078e-06
0.00027364556
2.9214994e-06
0.00027357106
3.4528656e-06
0.00027349875
4.1120995e-06
0.00027343476
4.867581e-06
0.00027340065
5.6651427e-06
0.00027341598
6.3447722e-06
6.6763017e-06
0.00028182288
1.6375891e-07
0.00028181627
2.7701608e-07
0.00028180299
4.7559442e-07
0.00028178525
6.2764985e-07
0.00028176349
7.7470586e-07
0.00028173764
9.2357218e-07
0.00028170755
1.0787138e-06
0.00028167297
1.246673e-06
0.00028163349
1.4340212e-06
0.00028158864
1.6481428e-06
0.00028153784
1.8971245e-06
0.00028148059
2.193921e-06
0.00028141646
2.5506389e-06
0.00028134616
2.9917976e-06
0.00028127126
3.5277654e-06
0.00028119885
4.1845061e-06
0.00028113794
4.9284975e-06
0.00028110629
5.6967938e-06
0.00028112189
6.3291702e-06
6.6207638e-06
0.00028975115
1.6963764e-07
0.00028974439
2.8377736e-07
0.00028973074
4.8924063e-07
0.00028971251
6.4587882e-07
0.00028969015
7.9706707e-07
0.0002896636
9.5012979e-07
0.00028963269
1.1096149e-06
0.00028959719
1.2821805e-06
0.00028955668
1.4745252e-06
0.0002895107
1.6941233e-06
0.00028945869
1.9491402e-06
0.0002894002
2.2524123e-06
0.00028933484
2.6159917e-06
0.00028926367
3.062968e-06
0.00028918792
3.6035151e-06
0.00028911758
4.2548449e-06
0.00028905184
4.9942402e-06
0.00028902065
5.7279875e-06
0.00028904388
6.3059407e-06
6.5635473e-06
0.00029790247
1.7571893e-07
0.00029789555
2.9069172e-07
0.00029788153
5.0326216e-07
0.0002978628
6.6461575e-07
0.00029783982
8.2004425e-07
0.00029781254
9.7741212e-07
0.0002977808
1.1413499e-06
0.00029774435
1.3186309e-06
0.0002977028
1.516079e-06
0.00029765567
1.7412534e-06
0.00029760243
2.0023816e-06
0.00029754267
2.3121672e-06
0.00029747616
2.682504e-06
0.00029740395
3.1351805e-06
0.00029732823
3.6792275e-06
0.00029725682
4.3262541e-06
0.00029719953
5.0515357e-06
0.00029717184
5.7556811e-06
0.00029719036
6.2874161e-06
6.5071124e-06
0.00030628308
1.8200802e-07
0.00030627601
2.9776407e-07
0.0003062616
5.1766895e-07
0.00030624234
6.8387415e-07
0.00030621873
8.4365352e-07
0.00030619071
1.0054376e-06
0.00030615812
1.1739393e-06
0.0003061207
1.3560459e-06
0.00030607808
1.5587048e-06
0.00030602978
1.7895532e-06
0.00030597529
2.0568653e-06
0.00030591427
2.3731874e-06
0.0003058466
2.75018e-06
0.00030577346
3.2083229e-06
0.0003056976
3.7550846e-06
0.00030562619
4.3976656e-06
0.00030557077
5.1069561e-06
0.00030554858
5.7778675e-06
0.00030556956
6.2664394e-06
6.450132e-06
0.00031489948
1.8851017e-07
0.00031489224
3.0499961e-07
0.00031487744
5.3247123e-07
0.00031485765
7.0366782e-07
0.00031483339
8.6791135e-07
0.0003148046
1.0342251e-06
0.00031477114
1.2074038e-06
0.00031473273
1.3944476e-06
0.00031468902
1.6024246e-06
0.00031463953
1.8390423e-06
0.00031458378
2.1126075e-06
0.0003145215
2.4354705e-06
0.00031445266
2.8190243e-06
0.00031437869
3.2822842e-06
0.00031430257
3.8312082e-06
0.0003142318
4.4684354e-06
0.00031417902
5.1597376e-06
0.00031415847
5.7984131e-06
0.00031417819
6.2467221e-06
6.3925822e-06
0.00032375826
1.9523066e-07
0.00032375086
3.1240379e-07
0.00032373565
5.4767943e-07
0.0003237153
7.240109e-07
0.00032369038
8.9283456e-07
0.00032366081
1.0637938e-06
0.00032362645
1.2417645e-06
0.00032358704
1.433858e-06
0.00032354221
1.6472605e-06
0.00032349151
1.8897409e-06
0.00032343449
2.1696205e-06
0.00032337094
2.4990227e-06
0.00032330096
2.8890023e-06
0.00032322619
3.3570544e-06
0.00032314994
3.9074596e-06
0.00032308002
4.5383571e-06
0.00032302931
5.2104513e-06
0.00032301048
5.8172434e-06
0.00032303098
6.2262146e-06
6.3348013e-06
0.00033286627
2.0217481e-07
0.00033285869
3.1998236e-07
0.00033284306
5.6330425e-07
0.00033282216
7.449178e-07
0.00033279655
9.1844031e-07
0.00033276618
1.0941631e-06
0.0003327309
1.2770426e-06
0.00033269046
1.4742995e-06
0.00033264449
1.6932342e-06
0.00033259256
1.9416678e-06
0.00033253426
2.2279168e-06
0.00033246944
2.5638428e-06
0.00033239835
2.9600929e-06
0.00033232283
3.4325786e-06
0.00033224654
3.9837535e-06
0.00033217759
4.6072988e-06
0.00033212872
5.2593258e-06
0.00033211197
5.8339947e-06
0.00033213412
6.2040576e-06
6.27692e-06
0.00034223051
2.0934791e-07
0.00034222275
3.2774137e-07
0.0003422067
5.7935666e-07
0.00034218521
7.6640328e-07
0.0003421589
9.4474614e-07
0.00034212771
1.1253529e-06
0.0003420915
1.3132599e-06
0.00034205
1.5157945e-06
0.00034200287
1.7403676e-06
0.0003419497
1.9948415e-06
0.0003418901
2.2875072e-06
0.00034182402
2.6299273e-06
0.00034175184
3.0322711e-06
0.00034167562
3.5087974e-06
0.00034159938
4.0599923e-06
0.00034153149
4.6751895e-06
0.0003414845
5.3063189e-06
0.00034146997
5.8485257e-06
0.00034149373
6.1802998e-06
6.2192412e-06
0.00035185818
2.1675528e-07
0.00035185024
3.3568717e-07
0.00035183375
5.9584787e-07
0.00035181167
7.8848239e-07
0.00035178464
9.7176991e-07
0.00035175261
1.1573833e-06
0.00035171543
1.350438e-06
0.00035167286
1.5583655e-06
0.00035162455
1.7886821e-06
0.00035157011
2.0492799e-06
0.00035150922
2.3484013e-06
0.00035144187
2.6972706e-06
0.00035136864
3.1055072e-06
0.00035129179
3.5856473e-06
0.00035121569
4.1360857e-06
0.00035114894
4.7419397e-06
0.00035110391
5.351348e-06
0.0003510916
5.8608446e-06
0.00035111681
6.1550843e-06
6.1615706e-06
0.0003617567
2.2440223e-07
0.00036174856
3.4382643e-07
0.00036173162
6.1278935e-07
0.00036170893
8.1117049e-07
0.00036168117
9.9952984e-07
0.00036164828
1.190275e-06
0.00036161012
1.3885993e-06
0.00036156645
1.6020351e-06
0.00036151693
1.838199e-06
0.00036146121
2.1049997e-06
0.00036139901
2.4106068e-06
0.00036133042
2.7658642e-06
0.00036125616
3.1797672e-06
0.00036117874
3.6630609e-06
0.00036110289
4.2119407e-06
0.00036103738
4.8074515e-06
0.00036099437
5.3943539e-06
0.00036098424
5.8709772e-06
0.00036101085
6.1284681e-06
6.1040114e-06
0.0003719337
2.3229405e-07
0.00037192536
3.5216615e-07
0.00037190795
6.3019286e-07
0.00037188464
8.3448327e-07
0.00037185613
1.0280445e-06
0.00037182235
1.2240487e-06
0.00037178319
1.4277658e-06
0.0003717384
1.646826e-06
0.00037168766
1.8889392e-06
0.00037163064
2.1620171e-06
0.00037156712
2.4741297e-06
0.00037149728
2.8356968e-06
0.00037142204
3.2550134e-06
0.00037134413
3.7409668e-06
0.00037126861
4.2874604e-06
0.00037120443
4.8716296e-06
0.0003711635
5.435286e-06
0.00037115554
5.8789403e-06
0.00037118348
6.1005243e-06
6.0465875e-06
0.000382397
2.4043605e-07
0.00038238845
3.607137e-07
0.00038237057
6.4807042e-07
0.00038234662
8.584367e-07
0.00038231733
1.0573328e-06
0.00038228265
1.2587255e-06
0.00038224246
1.4679603e-06
0.00038219653
1.6927607e-06
0.00038214454
1.9409231e-06
0.00038208621
2.2203469e-06
0.00038202137
2.5389739e-06
0.00038195031
2.9067539e-06
0.00038187412
3.3312038e-06
0.0003817958
3.8192893e-06
0.00038172071
4.3625459e-06
0.00038165796
4.9343813e-06
0.00038161915
5.4740962e-06
0.00038161333
5.8847568e-06
0.00038164254
6.0713154e-06
5.989305e-06
0.00039315464
2.4883347e-07
0.00039314588
3.6947677e-07
0.00039312752
6.6643432e-07
0.00039310291
8.830471e-07
0.00039307282
1.0874139e-06
0.00039303722
1.2943268e-06
0.00039299598
1.5092052e-06
0.00039294888
1.7398616e-06
0.00039289563
1.9941707e-06
0.00039283597
2.2800029e-06
0.00039276981
2.6051414e-06
0.00039269754
2.9790175e-06
0.00039262045
3.408292e-06
0.0003925418
3.8979483e-06
0.00039246724
4.4370961e-06
0.00039240601
4.9956159e-06
0.00039236937
5.5107407e-06
0.00039236567
5.888455e-06
0.00039239609
6.0408968e-06
5.9321569e-06
0.00040421494
2.5749158e-07
0.00040420596
3.7846345e-07
0.00040418709
6.8529714e-07
0.00040416181
9.0833106e-07
0.00040413091
1.1183075e-06
0.00040409437
1.3308742e-06
0.00040405205
1.5515234e-06
0.00040400376
1.788151e-06
0.00040394923
2.0487013e-06
0.00040388823
2.3409974e-06
0.00040382074
2.6726315e-06
0.0004037473
3.0524664e-06
0.00040366936
3.4862272e-06
0.00040359045
3.9768597e-06
0.00040351654
4.5110082e-06
0.00040345691
5.0552446e-06
0.00040342247
5.5451811e-06
0.00040342086
5.8900654e-06
0.00040345243
6.00932e-06
5.8751548e-06
0.00041558639
2.6641555e-07
0.00041557717
3.8768223e-07
0.00041555779
7.0467175e-07
0.00041553182
9.3430549e-07
0.00041550009
1.1500335e-06
0.00041546258
1.3683898e-06
0.00041541916
1.5949377e-06
0.00041536966
1.837651e-06
0.00041531383
2.1045335e-06
0.00041525149
2.4033416e-06
0.00041518268
2.7414415e-06
0.00041510807
3.1270754e-06
0.00041502934
3.5649543e-06
0.00041495026
4.0559355e-06
0.00041487709
4.5841779e-06
0.00041481916
5.1131816e-06
0.00041478695
5.5773839e-06
0.0004147874
5.8896209e-06
0.00041482008
5.9766373e-06
5.8183108e-06
0.00042727774
2.7561054e-07
0.00042726828
3.9714199e-07
0.00042724838
7.2457129e-07
0.00042722169
9.6098759e-07
0.00042718912
1.1826119e-06
0.00042715061
1.4068957e-06
0.00042710608
1.639471e-06
0.00042705534
1.8883835e-06
0.00042699819
2.1616851e-06
0.00042693449
2.4670446e-06
0.00042686436
2.8115654e-06
0.00042678862
3.2028156e-06
0.00042670917
3.6444132e-06
0.00042663002
4.1350838e-06
0.0004265577
4.6565e-06
0.00042650153
5.1693437e-06
0.0004264716
5.6073209e-06
0.00042647406
5.8871563e-06
0.0004265078
5.9429004e-06
5.7616356e-06
0.00043929799
2.8508165e-07
0.00043928828
4.0685204e-07
0.00043926784
7.450092e-07
0.00043924043
9.8839487e-07
0.00043920698
1.2160634e-06
0.00043916746
1.4464141e-06
0.00043912179
1.6851462e-06
0.0004390698
1.9403698e-06
0.00043901131
2.220173e-06
0.00043894624
2.5321141e-06
0.00043887482
2.8829949e-06
0.00043879798
3.279654e-06
0.00043871785
3.7245396e-06
0.00043863873
4.2142088e-06
0.00043856736
4.7278685e-06
0.00043851305
5.2236511e-06
0.0004384854
5.6349691e-06
0.00043848985
5.8827087e-06
0.00043852459
5.9081599e-06
5.7051387e-06
0.00045165641
2.948339e-07
0.00045164644
4.1682214e-07
0.00045162545
7.6599921e-07
0.0004515973
1.0165451e-06
0.00045156295
1.2504087e-06
0.0004515224
1.4869676e-06
0.00045147556
1.7319861e-06
0.0004514223
1.993631e-06
0.00045136246
2.2800131e-06
0.00045129602
2.5985556e-06
0.00045122329
2.9557182e-06
0.00045114539
3.3575532e-06
0.00045106467
3.8052641e-06
0.00045098567
4.2932115e-06
0.00045091536
4.7981774e-06
0.00045086298
5.2760276e-06
0.00045083764
5.6603103e-06
0.00045084403
5.8763168e-06
0.00045087973
5.8724656e-06
5.64883e-06
0.0004643625
3.0487221e-07
0.00046435226
4.2706251e-07
0.00046433071
7.8755535e-07
0.00046430179
1.0454563e-06
0.00046426653
1.2856688e-06
0.00046422492
1.5285789e-06
0.0004641769
1.7800135e-06
0.00046412234
2.0481875e-06
0.00046406113
2.3412198e-06
0.00046399331
2.6663727e-06
0.00046391931
3.0297204e-06
0.00046384039
3.4364715e-06
0.00046375915
3.8865128e-06
0.00046368037
4.3719894e-06
0.00046361122
4.8673204e-06
0.00046356085
5.3264007e-06
0.00046353783
5.6833316e-06
0.00046354613
5.8680214e-06
0.00046358273
5.8358658e-06
5.5927188e-06
0.00047742604
3.1520142e-07
0.00047741552
4.3758386e-07
0.00047739338
8.0969192e-07
0.00047736369
1.0751468e-06
0.0004773275
1.321865e-06
0.0004772848
1.5712706e-06
0.00047723557
1.8292508e-06
0.0004771797
2.1040592e-06
0.00047711711
2.4038066e-06
0.00047704791
2.7355665e-06
0.00047697265
3.104983e-06
0.00047689276
3.5163628e-06
0.00047681107
3.9682069e-06
0.00047673262
4.4504372e-06
0.00047666475
4.9351919e-06
0.00047661645
5.374702e-06
0.00047659575
5.7040246e-06
0.00047660591
5.8578647e-06
0.00047664337
5.7984071e-06
5.5368136e-06
0.0004908571
3.2582624e-07
0.00049084628
4.4839741e-07
0.00049082355
8.3242355e-07
0.00049079306
1.1056352e-06
0.00049075591
1.3590188e-06
0.00049071211
1.6150657e-06
0.00049066164
1.8797204e-06
0.00049060444
2.1612652e-06
0.00049054046
2.4677853e-06
0.00049046989
2.8061357e-06
0.00049039339
3.1814839e-06
0.00049031258
3.5971761e-06
0.00049023052
4.0502631e-06
0.00049015251
4.5284467e-06
0.00049008601
5.0016874e-06
0.00049003985
5.4208674e-06
0.00049002149
5.7223859e-06
0.00049003346
5.8458902e-06
0.00049007173
5.7601349e-06
5.4811232e-06
0.000504666
3.3675126e-07
0.00050465489
4.5951492e-07
0.00050463155
8.5576514e-07
0.00050460024
1.1369403e-06
0.00050456211
1.3971521e-06
0.00050451719
1.659987e-06
0.00050446546
1.9314443e-06
0.0005044069
2.2198238e-06
0.00050434152
2.533166e-06
0.00050426958
2.8780763e-06
0.00050419187
3.259197e-06
0.00050411019
3.6788555e-06
0.00050402786
4.1325934e-06
0.0005039504
4.6059073e-06
0.00050388538
5.0667033e-06
0.00050384141
5.4648373e-06
0.00050382538
5.7384168e-06
0.00050383913
5.8321428e-06
0.00050387817
5.7210929e-06
5.4256548e-06
0.00051886338
3.4798088e-07
0.00051885195
4.7094872e-07
0.00051882798
8.7973189e-07
0.00051879584
1.1690811e-06
0.0005187567
1.4362865e-06
0.00051871063
1.7060572e-06
0.00051865763
1.984444e-06
0.00051859771
2.2797521e-06
0.00051853092
2.5999571e-06
0.00051845761
2.9513812e-06
0.00051837871
3.3380922e-06
0.00051829623
3.7613403e-06
0.00051821372
4.2151052e-06
0.00051813692
4.6827064e-06
0.00051807348
5.1301382e-06
0.00051803176
5.5065567e-06
0.00051801806
5.7521229e-06
0.00051803353
5.8166681e-06
0.0005180733
5.6813234e-06
5.3704147e-06
0.00053346017
3.5951934e-07
0.00053344841
4.8271173e-07
0.0005334238
9.0433929e-07
0.00053339081
1.2020769e-06
0.00053335065
1.4764443e-06
0.00053330341
1.7532991e-06
0.00053324911
2.0387407e-06
0.00053318779
2.3410666e-06
0.00053311959
2.6681651e-06
0.00053304493
3.0260406e-06
0.00053296488
3.4181348e-06
0.00053288166
3.8445648e-06
0.00053279906
4.2977017e-06
0.00053272304
4.7587297e-06
0.00053266129
5.1918926e-06
0.00053262187
5.5459756e-06
0.00053261048
5.7635139e-06
0.00053262763
5.7995128e-06
0.00053266809
5.6408669e-06
5.3154085e-06
0.00054846761
3.7137067e-07
0.0005484555
4.948175e-07
0.00054843024
9.2960312e-07
0.00054839637
1.2359469e-06
0.00054835517
1.5176475e-06
0.00054830673
1.8017354e-06
0.00054825112
2.094355e-06
0.0005481884
2.4037821e-06
0.00054811877
2.7377942e-06
0.00054804277
3.1020409e-06
0.00054796162
3.4992861e-06
0.00054787773
3.928458e-06
0.00054779515
4.3802816e-06
0.00054772001
4.8338615e-06
0.00054766004
5.2518694e-06
0.00054762296
5.5830487e-06
0.00054761387
5.7726039e-06
0.00054763266
5.7807238e-06
0.00054767377
5.5997622e-06
5.2606413e-06
0.00056389724
3.8353865e-07
0.00056388478
5.0728025e-07
0.00056385884
9.5553944e-07
0.00056382408
1.2707109e-06
0.00056378181
1.5599184e-06
0.00056373216
1.8513884e-06
0.0005636752
2.1513068e-06
0.00056361107
2.4679123e-06
0.00056354002
2.8088462e-06
0.0005634627
3.1793652e-06
0.00056338048
3.5815021e-06
0.00056329599
4.012944e-06
0.00056321354
4.4627398e-06
0.00056313941
4.907985e-06
0.00056308131
5.3099747e-06
0.00056304662
5.617736e-06
0.00056303981
5.7794105e-06
0.00056306019
5.7603488e-06
0.0005631019
5.5580465e-06
5.2061167e-06
0.00057976094
3.960268e-07
0.00057974811
5.2011491e-07
0.00057972148
9.8216458e-07
0.0005796858
1.3063885e-06
0.00057964244
1.6032792e-06
0.00057959155
1.9022801e-06
0.00057953324
2.209615e-06
0.00057946769
2.5334692e-06
0.00057939521
2.8813207e-06
0.00057931658
3.2579929e-06
0.00057923335
3.6647344e-06
0.00057914835
4.0979414e-06
0.00057906613
4.5449671e-06
0.00057899313
4.9809831e-06
0.00057893699
5.3661176e-06
0.00057890472
5.6500024e-06
0.00057890018
5.7839552e-06
0.00057892209
5.7384356e-06
0.00057896438
5.515755e-06
5.1518379e-06
0.00059607095
4.0883833e-07
0.00059605773
5.3333716e-07
0.0005960304
1.0094951e-06
0.00059599378
1.3429995e-06
0.00059594931
1.6477522e-06
0.00059589716
1.9544325e-06
0.00059583748
2.269298e-06
0.00059577048
2.6004633e-06
0.00059569659
2.9552141e-06
0.00059561668
3.3378992e-06
0.00059553249
3.7489294e-06
0.00059544707
4.1833638e-06
0.00059536518
4.6268509e-06
0.00059529343
5.0527386e-06
0.00059523933
5.4202112e-06
0.00059520952
5.679818e-06
0.00059520721
5.7862626e-06
0.00059523061
5.7150319e-06
0.00059527345
5.4729214e-06
5.0978069e-06
0.00061283978
4.2197609e-07
0.00061282616
5.4696346e-07
0.0006127981
1.037548e-06
0.00061276054
1.3805638e-06
0.00061271493
1.6933595e-06
0.0006126615
2.0078669e-06
0.00061260042
2.330373e-06
0.00061253198
2.6689031e-06
0.00061245668
3.0305202e-06
0.00061237552
3.4190551e-06
0.00061229042
3.8340282e-06
0.00061220467
4.2691197e-06
0.00061212324
4.7082753e-06
0.00061205285
5.1231345e-06
0.00061200088
5.4721721e-06
0.00061197354
5.707158e-06
0.00061197345
5.7863606e-06
0.00061199829
5.6901855e-06
0.00061204164
5.4295777e-06
5.0440249e-06
0.00063008037
4.3544256e-07
0.00063006633
5.6101115e-07
0.00063003753
1.0663402e-06
0.000629999
1.4191013e-06
0.00062995223
1.7401233e-06
0.0006298975
2.062604e-06
0.00062983501
2.392856e-06
0.00062976512
2.7387951e-06
0.00062968841
3.1072292e-06
0.00062960604
3.5014273e-06
0.0006295201
3.9199667e-06
0.00062943411
4.3551124e-06
0.00062935326
4.7891212e-06
0.00062928434
5.1920546e-06
0.00062923459
5.5219215e-06
0.00062920975
5.7320026e-06
0.00062921183
5.78428e-06
0.00062923807
5.6639439e-06
0.00062928189
5.3857541e-06
4.9904923e-06
0.00064780598
4.4923977e-07
0.0006477915
5.7549846e-07
0.00064776195
1.095889e-06
0.00064772242
1.4586319e-06
0.00064767447
1.7880654e-06
0.00064761841
2.1186641e-06
0.00064755451
2.4567617e-06
0.00064748316
2.8101436e-06
0.00064740506
3.1853282e-06
0.00064732151
3.5849777e-06
0.0006472348
4.0066752e-06
0.00064714867
4.4412403e-06
0.00064706853
4.8692672e-06
0.0006470012
5.2593841e-06
0.00064695373
5.5693849e-06
0.0006469314
5.7543373e-06
0.00064693563
5.7800539e-06
0.00064696322
5.6363541e-06
0.00064700749
5.3414791e-06
4.9372084e-06
0.00066603027
4.6336924e-07
0.00066601532
5.904446e-07
0.000665985
1.1262121e-06
0.00066594446
1.4991754e-06
0.00066589532
1.8372074e-06
0.00066583791
2.1760667e-06
0.00066577257
2.5221035e-06
0.00066569976
2.8829503e-06
0.00066562029
3.2648006e-06
0.00066553561
3.6696634e-06
0.0006654482
4.0940787e-06
0.00066536205
4.5273968e-06
0.00066528272
4.9485894e-06
0.0006652171
5.3250097e-06
0.00066517199
5.6144928e-06
0.00066515218
5.7741521e-06
0.00066515851
5.7737182e-06
0.0006651874
5.6074625e-06
0.0006652321
5.2967799e-06
4.8841719e-06
0.00068476726
4.7783196e-07
0.00068475183
6.0586982e-07
0.00068472072
1.157327e-06
0.00068467914
1.5407517e-06
0.00068462878
1.8875708e-06
0.00068457001
2.2348305e-06
0.00068450322
2.588893e-06
0.00068442896
2.9572144e-06
0.00068434814
3.3456257e-06
0.00068426236
3.7554363e-06
0.00068417434
4.1820963e-06
0.00068408827
4.6134709e-06
0.0006840099
5.0269621e-06
0.00068394609
5.3888204e-06
0.0006839034
5.6571806e-06
0.00068388611
5.7914423e-06
0.00068389452
5.7653107e-06
0.00068392466
5.5773149e-06
0.00068396976
5.2516816e-06
4.8313808e-06
0.00070403134
4.9262829e-07
0.00070401542
6.2179549e-07
0.00070398349
1.1892517e-06
0.00070394086
1.5833803e-06
0.00070388926
1.9391763e-06
0.00070382912
2.2949731e-06
0.00070376087
2.6571401e-06
0.00070368515
3.0329322e-06
0.000703603
3.4277788e-06
0.00070351619
3.8422431e-06
0.00070342765
4.2706417e-06
0.00070334177
4.6993467e-06
0.00070326447
5.1042582e-06
0.00070320259
5.4507078e-06
0.00070316238
5.6973888e-06
0.00070314761
5.8062076e-06
0.00070315805
5.754871e-06
0.00070318941
5.5459563e-06
0.00070323489
5.2062082e-06
4.7788322e-06
0.00072383741
5.0775791e-07
0.00072382096
6.3824419e-07
0.00072378821
1.222004e-06
0.00072374451
1.6270808e-06
0.00072369164
1.9920446e-06
0.0007236301
2.3565111e-06
0.00072356039
2.7268528e-06
0.00072348323
3.1100969e-06
0.00072339977
3.5112308e-06
0.00072331199
3.9300251e-06
0.00072322301
4.3596227e-06
0.00072313745
4.7849044e-06
0.00072306136
5.1803497e-06
0.0007230015
5.5105662e-06
0.00072296383
5.7350633e-06
0.00072295158
5.8184524e-06
0.00072296401
5.7424406e-06
0.00072299654
5.5134308e-06
0.00072304237
5.160382e-06
4.7265226e-06
0.00074420066
5.232197e-07
0.00074418366
6.552398e-07
0.00074415006
1.2556021e-06
0.00074410527
1.6718722e-06
0.00074405112
2.0461954e-06
0.00074398817
2.41946e-06
0.00074391699
2.7980369e-06
0.00074383839
3.1886983e-06
0.00074375367
3.595948e-06
0.00074366498
4.0187176e-06
0.00074357566
4.4489415e-06
0.00074349054
4.8700202e-06
0.00074341579
5.2551079e-06
0.00074335806
5.5682938e-06
0.00074332297
5.7701556e-06
0.00074331323
5.8281852e-06
0.00074332761
5.728062e-06
0.00074336126
5.4797814e-06
0.00074340742
5.1142239e-06
4.6744482e-06
0.00076513679
5.3901171e-07
0.00076511922
6.7280762e-07
0.00076508476
1.2900639e-06
0.00076503886
1.7177735e-06
0.0007649834
2.101648e-06
0.00076491903
2.4838338e-06
0.00076484637
2.8706957e-06
0.00076476635
3.2687227e-06
0.0007646804
3.6818917e-06
0.00076459087
4.1082506e-06
0.00076450132
4.5384948e-06
0.00076441677
4.9545664e-06
0.00076434347
5.3284044e-06
0.00076428798
5.6237922e-06
0.00076425551
5.8026225e-06
0.00076424828
5.8354191e-06
0.00076426456
5.7117793e-06
0.00076429929
5.4450503e-06
0.00076434576
5.0677535e-06
4.6226044e-06
0.0007866619
5.5513101e-07
0.00078664373
6.9097445e-07
0.00078660839
1.3254076e-06
0.00078656136
1.7648031e-06
0.00078650459
2.1584208e-06
0.00078643878
2.5496449e-06
0.00078636464
2.9448302e-06
0.00078628321
3.3501525e-06
0.00078619609
3.7690182e-06
0.00078610579
4.1985478e-06
0.00078601611
4.6281736e-06
0.00078593226
5.0384123e-06
0.00078586056
5.400111e-06
0.00078580738
5.6769676e-06
0.00078577758
5.8324267e-06
0.00078577283
5.8401708e-06
0.00078579097
5.6936373e-06
0.00078582674
5.4092783e-06
0.0007858735
5.020989e-06
4.5709862e-06
0.0008087926
5.7157362e-07
0.0008087738
7.0976877e-07
0.00080873756
1.361651e-06
0.00080868938
1.812979e-06
0.00080863127
2.2165314e-06
0.00080856401
2.616904e-06
0.00080848841
3.0204384e-06
0.00080840559
3.4329661e-06
0.00080831733
3.8572784e-06
0.00080822635
4.2895271e-06
0.00080813666
4.7178636e-06
0.00080805365
5.121424e-06
0.00080798366
5.4701005e-06
0.0008079329
5.7277304e-06
0.00080790579
5.8595363e-06
0.0008079035
5.8424609e-06
0.00080792345
5.6736815e-06
0.00080796023
5.3725053e-06
0.00080800727
4.9739475e-06
4.5195885e-06
0.00083154587
5.8833438e-07
0.00083152642
7.2922087e-07
0.00083148926
1.3988119e-06
0.00083143992
1.8623186e-06
0.00083138045
2.2759962e-06
0.00083131174
2.6856201e-06
0.00083123466
3.0975152e-06
0.00083115049
3.5171374e-06
0.00083106115
3.9466176e-06
0.00083096958
4.3811e-06
0.00083087999
4.8074452e-06
0.00083079795
5.2034654e-06
0.00083072981
5.5382474e-06
0.00083068154
5.7759961e-06
0.00083065715
5.8839251e-06
0.0008306573
5.8423137e-06
0.00083067902
5.6519583e-06
0.00083071676
5.3347698e-06
0.00083076406
4.9266448e-06
4.4684057e-06
0.00085493928
6.0540682e-07
0.00085491914
7.49363e-07
0.00085488104
1.4369079e-06
0.00085483052
1.9128389e-06
0.00085476968
2.3368308e-06
0.0008546995
2.7558e-06
0.00085462097
3.1760525e-06
0.00085453547
3.6026358e-06
0.00085444511
4.0369754e-06
0.00085435304
4.4731721e-06
0.00085426369
4.8967937e-06
0.00085418276
5.2843982e-06
0.00085411658
5.6044281e-06
0.00085407089
5.8216854e-06
0.00085404924
5.9055726e-06
0.0008540518
5.8397565e-06
0.00085407524
5.6285141e-06
0.0008541139
5.2961094e-06
0.00085416145
4.8790958e-06
4.4174319e-06
0.00087899079
6.22783e-07
0.00087896993
7.7022954e-07
0.00087893088
1.4759562e-06
0.00087887916
1.964556e-06
0.00087881694
2.3990492e-06
0.0008787453
2.827448e-06
0.00087866531
3.2560385e-06
0.00087857852
3.6894258e-06
0.00087848721
4.1282854e-06
0.00087839474
4.5656426e-06
0.00087830575
4.9857796e-06
0.00087822607
5.3640824e-06
0.00087816198
5.6685214e-06
0.00087811894
5.8647243e-06
0.00087810005
5.9244635e-06
0.00087810498
5.8348199e-06
0.0008781301
5.6033958e-06
0.00087816965
5.2565602e-06
0.00087821743
4.8313142e-06
4.3666615e-06
0.00090371896
6.4045339e-07
0.00090369733
7.9185726e-07
0.00090365731
1.5159735e-06
0.00090360439
2.0174852e-06
0.00090354077
2.4626641e-06
0.00090346765
2.9005662e-06
0.00090338623
3.3374576e-06
0.00090329819
3.7774669e-06
0.000903206
4.2204748e-06
0.00090311324
4.6584046e-06
0.00090302475
5.074269e-06
0.00090294646
5.4423771e-06
0.00090288457
5.7304094e-06
0.00090284425
5.9050445e-06
0.00090282812
5.9405883e-06
0.00090283541
5.8275374e-06
0.00090286215
5.5766503e-06
0.00090290255
5.2161572e-06
0.00090295056
4.783313e-06
4.3160883e-06
0.0009291428
6.5840667e-07
0.00092912037
8.1428549e-07
0.00092907937
1.5569758e-06
0.00092902521
2.0716409e-06
0.00092896019
2.5276865e-06
0.0009288856
2.9751538e-06
0.00092880277
3.4202902e-06
0.00092871352
3.8667129e-06
0.00092862053
4.3134649e-06
0.00092852759
4.751345e-06
0.00092843974
5.1621237e-06
0.00092836297
5.5191408e-06
0.0009283034
5.7899774e-06
0.00092826587
5.9425838e-06
0.00092825251
5.9539425e-06
0.0009282621
5.8179447e-06
0.00092829043
5.5483243e-06
0.00092833165
5.1749344e-06
0.00092837986
4.7351041e-06
4.2657065e-06
0.0009552819
6.7662955e-07
0.00095525863
8.3755641e-07
0.00095521662
1.5989786e-06
0.00095516123
2.1270366e-06
0.00095509479
2.5941257e-06
0.00095501874
3.0512072e-06
0.00095493451
3.5045125e-06
0.00095484411
3.9571122e-06
0.00095475041
4.4071701e-06
0.00095465741
4.8443446e-06
0.00095457033
5.2492017e-06
0.00095449524
5.594232e-06
0.0009544381
5.8471148e-06
0.0009544034
5.9772857e-06
0.00095439282
5.964527e-06
0.00095440468
5.8060804e-06
0.00095443454
5.5184646e-06
0.00095447655
5.1329243e-06
0.00095452496
4.686699e-06
4.2155102e-06
0.00098215637
6.9510657e-07
0.00098213221
8.6171533e-07
0.0009820892
1.6419962e-06
0.00098203255
2.1836846e-06
0.00098196469
2.661989e-06
0.00098188717
3.1287192e-06
0.00098180159
3.5900958e-06
0.00098171009
4.0486072e-06
0.00098161577
4.5014985e-06
0.00098152283
4.9372784e-06
0.00098143668
5.3353575e-06
0.0009813634
5.6675098e-06
0.0009813088
5.9017155e-06
0.00098127698
6.0091001e-06
0.00098126916
5.9723476e-06
0.00098128326
5.7919849e-06
0.00098131461
5.4871175e-06
0.00098135737
5.0901586e-06
0.00098140596
4.6381081e-06
4.1654936e-06
0.0010097869
7.1381985e-07
0.0010097618
8.8681102e-07
0.0010097178
1.6860419e-06
0.0010096598
2.2415961e-06
0.0010095906
2.7312817e-06
0.0010095116
3.2076795e-06
0.0010094247
3.6770068e-06
0.0010093322
4.1411342e-06
0.0010092373
4.5963514e-06
0.0010091446
5.0300156e-06
0.0010090595
5.4204427e-06
0.0010089882
5.7388344e-06
0.0010089362
5.953678e-06
0.0010089073
6.0379831e-06
0.0010089022
5.9774148e-06
0.0010089185
5.7757007e-06
0.0010089513
5.454329e-06
0.0010089948
5.0466678e-06
0.0010090436
4.5893417e-06
4.1156511e-06
0.0010381948
7.3274887e-07
0.0010381687
9.1289605e-07
0.0010381236
1.7311275e-06
0.0010380644
2.300781e-06
0.0010379937
2.8020065e-06
0.0010379133
3.2880739e-06
0.0010378251
3.7652069e-06
0.0010377316
4.2346231e-06
0.0010376363
4.6916233e-06
0.0010375439
5.1224197e-06
0.0010374601
5.5043064e-06
0.0010373908
5.8080677e-06
0.0010373416
6.0029065e-06
0.0010373157
6.0638971e-06
0.0010373134
5.9797439e-06
0.0010373318
5.7572718e-06
0.001037366
5.4201447e-06
0.0010374102
5.0024814e-06
0.0010374591
4.5404092e-06
4.0659776e-06
0.0010674018
7.5187016e-07
0.0010673747
9.4002724e-07
0.0010673286
1.7772633e-06
0.0010672681
2.3612478e-06
0.0010671959
2.8741637e-06
0.0010671141
3.3698842e-06
0.0010670247
3.8546523e-06
0.0010669303
4.3289974e-06
0.0010668347
4.787202e-06
0.0010667428
5.214349e-06
0.0010666603
5.5867957e-06
0.0010665933
5.8750738e-06
0.0010665469
6.0493102e-06
0.001066524
6.0868108e-06
0.0010665244
5.9793545e-06
0.0010665449
5.736744e-06
0.0010665804
5.3846098e-06
0.0010666253
4.9576279e-06
0.0010666744
4.4913198e-06
4.0164678e-06
0.0010974306
7.7115706e-07
0.0010974024
9.6826608e-07
0.0010973552
1.8244574e-06
0.0010972934
2.4230035e-06
0.0010972198
2.9477507e-06
0.0010971366
3.4530876e-06
0.001097046
3.945293e-06
0.0010969508
4.4241735e-06
0.001096855
4.8829688e-06
0.0010967637
5.3056569e-06
0.0010966828
5.6677563e-06
0.0010966181
5.9397199e-06
0.0010965746
6.0928048e-06
0.0010965547
6.1066993e-06
0.0010965578
5.9762705e-06
0.0010965804
5.7141642e-06
0.0010966172
5.3477686e-06
0.0010966627
4.912135e-06
0.001096712
4.4420823e-06
3.9671171e-06
0.0011283042
7.9057932e-07
0.0011282748
9.9767928e-07
0.0011282265
1.8727155e-06
0.0011281635
2.4860537e-06
0.0011280884
3.022762e-06
0.0011280039
3.537657e-06
0.0011279121
4.0370736e-06
0.0011278162
4.5200612e-06
0.0011277204
4.9787979e-06
0.0011276298
5.3961922e-06
0.0011275506
5.747033e-06
0.0011274884
6.0018765e-06
0.0011274479
6.1333119e-06
0.0011274311
6.1235439e-06
0.0011274368
5.9705196e-06
0.0011274614
5.6895806e-06
0.0011274995
5.3096653e-06
0.0011275456
4.8660294e-06
0.001127595
4.3927053e-06
3.9179213e-06
0.0011600463
8.101028e-07
0.0011600157
1.0283393e-06
0.0011599664
1.9220404e-06
0.001159902
2.5504022e-06
0.0011598256
3.0991884e-06
0.0011597397
3.6235603e-06
0.0011596468
4.129932e-06
0.0011595503
4.6165632e-06
0.0011594546
5.0745573e-06
0.0011593649
5.4857994e-06
0.0011592875
5.8244704e-06
0.001159228
6.0614179e-06
0.0011591905
6.1707598e-06
0.0011591767
6.1373322e-06
0.0011591851
5.9621335e-06
0.0011592117
5.6630422e-06
0.001159251
5.2703431e-06
0.0011592977
4.8193372e-06
0.0011593472
4.3431969e-06
3.8688763e-06
0.0011926815
8.2968905e-07
0.0011926495
1.0603252e-06
0.0011925991
1.9724317e-06
0.0011925335
2.6160514e-06
0.0011924556
3.1770174e-06
0.0011923684
3.71076e-06
0.0011922746
4.2237999e-06
0.0011921776
4.7135748e-06
0.001192082
5.1701083e-06
0.0011919935
5.5743191e-06
0.0011919181
5.8999135e-06
0.0011918613
6.1182232e-06
0.0011918269
6.2050833e-06
0.0011918162
6.1480578e-06
0.0011918272
5.9511472e-06
0.0011918556
5.6345991e-06
0.0011918961
5.2298448e-06
0.0011919434
4.7720835e-06
0.001191993
4.2935655e-06
3.8199788e-06
0.0012262348
8.4929494e-07
0.0012262014
1.093723e-06
0.00122615
2.0238847e-06
0.001226083
2.683002e-06
0.0012260038
3.2562324e-06
0.0012259154
3.7992132e-06
0.0012258206
4.318602e-06
0.0012257232
4.8109844e-06
0.001225628
5.2653062e-06
0.0012255407
5.6615889e-06
0.0012254674
5.9732082e-06
0.0012254134
6.1721765e-06
0.0012253823
6.2362244e-06
0.0012253746
6.1557203e-06
0.0012253882
5.9375989e-06
0.0012254185
5.6043018e-06
0.0012254601
5.1882125e-06
0.0012255079
4.7242932e-06
0.0012255576
4.2438192e-06
3.7712257e-06
0.0012607321
8.6887216e-07
0.0012606972
1.1286268e-06
0.0012606447
2.0763902e-06
0.0012605765
2.7512532e-06
0.0012604959
3.3368125e-06
0.0012604062
3.888871e-06
0.0012603106
4.4142563e-06
0.0012602129
4.9086728e-06
0.0012601182
5.3600003e-06
0.0012600323
5.7474435e-06
0.0012599613
6.0442023e-06
0.0012599103
6.2231673e-06
0.0012598824
6.2641319e-06
0.0012598778
6.1603252e-06
0.0012598939
5.9215302e-06
0.001259926
5.5722014e-06
0.0012599687
5.1454877e-06
0.001260017
4.6759901e-06
0.0012600669
4.193966e-06
3.7226146e-06
0.0012962
8.883668e-07
0.0012961635
1.1651397e-06
0.0012961099
2.1299333e-06
0.0012960404
2.8208028e-06
0.0012959585
3.4187322e-06
0.0012958676
3.9796784e-06
0.0012957712
4.5106734e-06
0.0012956734
5.0065138e-06
0.0012955794
5.4540341e-06
0.0012954951
5.8317155e-06
0.0012954265
6.1127458e-06
0.0012953786
6.271091e-06
0.001295354
6.2887621e-06
0.0012953524
6.1618836e-06
0.001295371
5.9029851e-06
0.0012954048
5.5383495e-06
0.0012954486
5.1017111e-06
0.0012954974
4.6271979e-06
0.0012955473
4.1440142e-06
3.6741436e-06
0.0013326656
9.0771881e-07
0.0013326274
1.2033746e-06
0.0013325729
2.1844925e-06
0.001332502
2.8916473e-06
0.0013324188
3.5019609e-06
0.0013323269
4.071574e-06
0.0013322298
4.6077568e-06
0.0013321319
5.1043737e-06
0.0013320387
5.5472458e-06
0.0013319562
5.914236e-06
0.0013318903
6.1786915e-06
0.0013318455
6.3158498e-06
0.0013318242
6.3100781e-06
0.0013318257
6.160412e-06
0.0013318466
5.8820106e-06
0.0013318822
5.502798e-06
0.001331927
5.0569232e-06
0.0013319762
4.5779397e-06
0.0013320263
4.0939719e-06
3.6258111e-06
0.0013701573
9.2686155e-07
0.0013701172
1.2434555e-06
0.0013700616
2.2400385e-06
0.0013699895
2.9637824e-06
0.001369905
3.5864622e-06
0.0013698121
4.1644895e-06
0.0013697144
4.7054023e-06
0.0013696167
5.2021118e-06
0.0013695245
5.639469e-06
0.0013694439
5.994835e-06
0.0013693807
6.2418963e-06
0.0013693392
6.3573523e-06
0.0013693212
6.3280507e-06
0.0013693257
6.1559322e-06
0.001369349
5.8586556e-06
0.0013693862
5.4655991e-06
0.001369432
5.0111636e-06
0.0013694817
4.5282382e-06
0.0013695318
4.0438477e-06
3.5776165e-06
0.0014087037
9.4572122e-07
0.0014086616
1.2855186e-06
0.0014086051
2.2965331e-06
0.0014085317
3.0372031e-06
0.001408446
3.6721938e-06
0.0014083521
4.2583497e-06
0.001408254
4.8034984e-06
0.0014081565
5.2995804e-06
0.0014080655
5.7305325e-06
0.001407987
6.0733426e-06
0.0014079266
6.3022209e-06
0.0014078885
6.3955145e-06
0.0014078739
6.3426575e-06
0.0014078813
6.1484711e-06
0.001407907
5.8329716e-06
0.0014079458
5.4268049e-06
0.0014079925
4.9644713e-06
0.0014080426
4.4781157e-06
0.0014080928
3.9936498e-06
3.5295593e-06
0.0014483345
9.6421646e-07
0.0014482903
1.3297136e-06
0.0014482329
2.3539272e-06
0.0014481582
3.1119048e-06
0.0014480713
3.7591062e-06
0.0014479766
4.3530725e-06
0.0014478782
4.9019256e-06
0.0014477811
5.3966249e-06
0.0014476914
5.8202612e-06
0.0014476152
6.1495891e-06
0.0014475578
6.3595312e-06
0.0014475231
6.4302598e-06
0.0014475119
6.3538838e-06
0.0014475223
6.1380604e-06
0.0014475502
5.8050119e-06
0.0014475906
5.3864679e-06
0.0014476382
4.9168852e-06
0.0014476887
4.4275945e-06
0.0014477389
3.9433875e-06
3.4816396e-06
0.0014890804
9.8225788e-07
0.0014890339
1.3762051e-06
0.0014889757
2.4121595e-06
0.0014888997
3.1878834e-06
0.0014888116
3.8471426e-06
0.0014887162
4.4485682e-06
0.0014886175
5.0005571e-06
0.0014885211
5.4930841e-06
0.0014884328
5.9084769e-06
0.001488359
6.2234061e-06
0.0014883049
6.4136983e-06
0.0014882736
6.4615191e-06
0.0014882658
6.3617213e-06
0.0014882791
6.124736e-06
0.0014883093
5.7748311e-06
0.0014883511
5.34464e-06
0.0014883995
4.8684428e-06
0.0014884504
4.3766959e-06
0.0014885008
3.893069e-06
3.4338588e-06
0.0015309726
9.9974787e-07
0.0015309236
1.4251738e-06
0.0015308646
2.4711541e-06
0.0015307874
3.2651372e-06
0.0015306983
3.9362369e-06
0.0015306021
4.5447396e-06
0.0015305034
5.0992582e-06
0.0015304077
5.5887909e-06
0.0015303212
5.9949987e-06
0.00153025
6.2946275e-06
0.0015301991
6.4646e-06
0.0015301713
6.4892317e-06
0.0015301669
6.3661697e-06
0.0015301831
6.1085388e-06
0.0015302154
5.7424865e-06
0.0015302587
5.3013741e-06
0.001530308
4.8191825e-06
0.0015303592
4.3254425e-06
0.0015304096
3.8427044e-06
3.3862169e-06
0.0015740434
1.0165806e-06
0.0015739918
1.476817e-06
0.0015739321
2.530818e-06
0.0015738536
3.3436686e-06
0.0015737635
4.0263141e-06
0.0015736667
4.6414812e-06
0.0015735681
5.1978859e-06
0.0015734733
5.6835713e-06
0.0015733887
6.0796429e-06
0.0015733202
6.3630891e-06
0.0015732727
6.5121199e-06
0.0015732486
6.5133444e-06
0.0015732475
6.3672344e-06
0.0015732666
6.0895128e-06
0.001573301
5.7080352e-06
0.0015733457
5.2567214e-06
0.0015733957
4.7691405e-06
0.0015734473
4.2738545e-06
0.0015734977
3.7923024e-06
3.3387184e-06
0.001618326
1.0326426e-06
0.0016182715
1.5313512e-06
0.0016182113
2.5910359e-06
0.0016181314
3.4234843e-06
0.0016180405
4.1172923e-06
0.0016179433
4.7386816e-06
0.0016178449
5.2962913e-06
0.0016177512
5.7772472e-06
0.0016176686
6.1622253e-06
0.0016176031
6.4286309e-06
0.001617559
6.5561494e-06
0.0016175386
6.533813e-06
0.0016175409
6.3649286e-06
0.0016175627
6.0677069e-06
0.0016175992
5.6715372e-06
0.0016176452
5.2107345e-06
0.0016176959
4.7183541e-06
0.0016177478
4.2219544e-06
0.0016177983
3.7418735e-06
3.2913635e-06
0.0016638545
1.0478123e-06
0.0016637968
1.5890169e-06
0.0016637362
2.6516703e-06
0.0016636551
3.5045804e-06
0.0016635633
4.2090784e-06
0.0016634658
4.8362188e-06
0.0016633677
5.3943164e-06
0.0016632753
5.8696347e-06
0.001663195
6.2425606e-06
0.0016631325
6.4910968e-06
0.0016630921
6.5965873e-06
0.0016630753
6.550601e-06
0.001663081
6.3592712e-06
0.0016631055
6.0431727e-06
0.001663144
5.6330522e-06
0.0016631913
5.1634649e-06
0.0016632428
4.6668593e-06
0.0016632949
4.1697626e-06
0.0016633454
3.6914273e-06
3.2441572e-06
0.0017106638
1.062001e-06
0.0017106029
1.6499656e-06
0.0017105421
2.7124231e-06
0.0017104598
3.5868684e-06
0.0017103673
4.3015692e-06
0.0017102696
4.9339564e-06
0.0017101721
5.4917883e-06
0.0017100812
5.9605413e-06
0.0017100033
6.320461e-06
0.0017099441
6.5503338e-06
0.0017099073
6.6333395e-06
0.0017098942
6.5636804e-06
0.0017099032
6.350288e-06
0.0017099304
6.0159661e-06
0.0017099708
5.5926426e-06
0.0017100193
5.1149651e-06
0.0017100715
4.6146929e-06
0.001710124
4.1173014e-06
0.0017101744
3.6409745e-06
3.1971016e-06
0.00175879
1.0752252e-06
0.0017587271
1.7128665e-06
0.0017586675
2.7719905e-06
0.0017585841
3.6702742e-06
0.001758491
4.3946931e-06
0.0017583931
5.0317774e-06
0.0017582964
5.5885535e-06
0.0017582071
6.0497924e-06
0.0017581318
6.3957586e-06
0.0017580759
6.6062112e-06
0.001758043
6.6663347e-06
0.0017580336
6.5730439e-06
0.0017580459
6.3380218e-06
0.0017580757
5.9861554e-06
0.0017581179
5.5503792e-06
0.0017581676
5.0652944e-06
0.0017582204
4.5618977e-06
0.0017582731
4.0645983e-06
0.0017583235
3.5905313e-06
3.1502045e-06
0.0018082701
1.0873687e-06
0.0018082054
1.7775732e-06
0.0018081469
2.830509e-06
0.0018080625
3.7546259e-06
0.0018079688
4.4883653e-06
0.0018078711
5.1295304e-06
0.0018077752
5.6844177e-06
0.0018076878
6.1371786e-06
0.0018076153
6.4682569e-06
0.001807563
6.6585755e-06
0.0018075338
6.6954831e-06
0.0018075282
6.578667e-06
0.0018075437
6.3224972e-06
0.0018075761
5.9537901e-06
0.0018076202
5.506314e-06
0.001807671
5.0144941e-06
0.0018077244
4.5085001e-06
0.0018077773
4.0116661e-06
0.0018078277
3.5401011e-06
3.1034658e-06
0.0018591423
1.0983092e-06
0.0018590759
1.8439615e-06
0.0018590181
2.8883501e-06
0.001858933
3.8396966e-06
0.0018588389
4.5824827e-06
0.0018587414
5.227067e-06
0.0018586466
5.7791898e-06
0.0018585613
6.2224976e-06
0.0018584917
6.5377728e-06
0.001858443
6.7072916e-06
0.0018584178
6.7207152e-06
0.0018584159
6.5805445e-06
0.0018584347
6.303755e-06
0.0018584695
5.9189319e-06
0.0018585153
5.4605089e-06
0.0018585672
4.9626139e-06
0.0018586212
4.4545344e-06
0.0018586743
3.9585259e-06
0.0018587247
3.489695e-06
3.0568856e-06
0.0019114451
1.1085507e-06
0.0019113773
1.9117798e-06
0.0019113202
2.9454218e-06
0.0019112347
3.9252004e-06
0.0019111402
4.6769767e-06
0.0019110431
5.3242336e-06
0.0019109496
5.8726789e-06
0.0019108665
6.305553e-06
0.0019108002
6.6041334e-06
0.0019107552
6.7522378e-06
0.001910734
6.7419756e-06
0.0019107358
6.5786833e-06
0.0019107577
6.2818448e-06
0.001910795
5.8816479e-06
0.0019108425
5.4130279e-06
0.0019108954
4.9097043e-06
0.0019109499
4.4000347e-06
0.0019110032
3.9051976e-06
0.0019110536
3.4393234e-06
3.0104739e-06
0.0019652192
1.1181841e-06
0.0019651503
1.9807727e-06
0.0019650934
3.0022425e-06
0.0019650077
4.0108928e-06
0.001964913
4.7717511e-06
0.0019648163
5.4208765e-06
0.0019647243
5.9646871e-06
0.0019646437
6.3861444e-06
0.0019645807
6.6671669e-06
0.0019645396
6.7932978e-06
0.0019645224
6.7592161e-06
0.001964528
6.5730965e-06
0.001964553
6.2568197e-06
0.0019645926
5.8420065e-06
0.0019646417
5.3639357e-06
0.0019646956
4.8558161e-06
0.0019647506
4.3450365e-06
0.0019648041
3.851704e-06
0.0019648544
3.388999e-06
2.964231e-06
0.002020506
1.12733e-06
0.0020204362
2.0505905e-06
0.0020203789
3.059505e-06
0.0020202932
4.0965867e-06
0.0020201983
4.8666914e-06
0.0020201023
5.5168322e-06
0.002020012
6.0550127e-06
0.0020199341
6.4640707e-06
0.0020198745
6.7267059e-06
0.0020198375
6.8303632e-06
0.0020198243
6.7723971e-06
0.0020198336
6.5638038e-06
0.0020198617
6.2287359e-06
0.0020199036
5.8000759e-06
0.0020199542
5.3132945e-06
0.0020200091
4.8009971e-06
0.0020200645
4.2895717e-06
0.0020201182
3.7980633e-06
0.0020201684
3.3387306e-06
2.9181643e-06
0.002077348
1.1360898e-06
0.0020772777
2.1208348e-06
0.0020772192
3.1180275e-06
0.0020771337
4.1821131e-06
0.0020770387
4.9616507e-06
0.0020769436
5.6119267e-06
0.0020768552
6.1434488e-06
0.0020767801
6.5391307e-06
0.0020767243
6.7825888e-06
0.0020766913
6.8633354e-06
0.0020766822
6.7814895e-06
0.0020766952
6.5508335e-06
0.0020767262
6.197656e-06
0.0020767704
5.7559285e-06
0.0020768225
5.2611695e-06
0.0020768782
4.7452979e-06
0.0020769341
4.2336757e-06
0.0020769879
3.7442987e-06
0.0020770381
3.2885318e-06
2.8722756e-06
0.0021357889
1.1445627e-06
0.0021357186
2.1911257e-06
0.0021356581
3.1785732e-06
0.0021355729
4.267357e-06
0.0021354781
5.056454e-06
0.002135384
5.7059784e-06
0.0021352977
6.2297873e-06
0.0021352257
6.6111246e-06
0.0021351736
6.8346594e-06
0.0021351448
6.892124e-06
0.0021351398
6.7864722e-06
0.0021351564
6.5342193e-06
0.0021351905
6.1636437e-06
0.0021352367
5.7096347e-06
0.0021352903
5.2076225e-06
0.0021353468
4.6887645e-06
0.0021354031
4.1773787e-06
0.002135457
3.6904274e-06
0.0021355071
3.2384116e-06
2.8265756e-06
0.0021958738
1.1529426e-06
0.0021958038
2.26113e-06
0.0021957406
3.2417295e-06
0.0021956557
4.3522851e-06
0.0021955612
5.150906e-06
0.0021954684
5.7987997e-06
0.0021953844
6.3138236e-06
0.0021953156
6.6798593e-06
0.0021952675
6.8827721e-06
0.002195243
6.9166512e-06
0.0021952421
6.7873359e-06
0.0021952623
6.5140038e-06
0.0021952992
6.126769e-06
0.0021953476
5.661269e-06
0.0021954025
5.1527178e-06
0.0021954598
4.631446e-06
0.0021955165
4.1207146e-06
0.0021955704
3.6364715e-06
0.0021956205
3.1883839e-06
2.7810711e-06
0.0022576487
1.1614592e-06
0.0022575793
2.3305567e-06
0.002257513
3.3079757e-06
0.0022574284
4.4369045e-06
0.0022573345
5.2447868e-06
0.0022572431
5.8901897e-06
0.0022571616
6.3953512e-06
0.0022570963
6.7451455e-06
0.0022570523
6.9267892e-06
0.0022570321
6.9368491e-06
0.0022570354
6.7840803e-06
0.0022570591
6.4902359e-06
0.0022570988
6.0871043e-06
0.0022571492
5.6109058e-06
0.0022572054
5.0965186e-06
0.0022572634
4.5733895e-06
0.0022573204
4.0637153e-06
0.0022573744
3.5824512e-06
0.0022574244
3.1384613e-06
2.7357723e-06
0.0023211612
1.1703493e-06
0.0023210927
2.3991373e-06
0.0023210231
3.3775874e-06
0.0023209387
4.5212422e-06
0.0023208456
5.337865e-06
0.0023207559
5.9799353e-06
0.0023206771
6.4741613e-06
0.0023206154
6.8067986e-06
0.0023205756
6.9665822e-06
0.0023205598
6.9526611e-06
0.0023205672
6.7767154e-06
0.0023205945
6.4629713e-06
0.0023206368
6.044726e-06
0.0023206891
5.558621e-06
0.0023207466
5.0390884e-06
0.0023208053
4.5146424e-06
0.0023208626
4.0064137e-06
0.0023209167
3.5283874e-06
0.0023209665
3.0886554e-06
2.6906822e-06
0.0023864606
1.1796006e-06
0.0023863932
2.466533e-06
0.0023863202
3.4505847e-06
0.0023862362
4.605274e-06
0.0023861441
5.4299258e-06
0.0023860562
6.0678134e-06
0.0023859803
6.5500456e-06
0.0023859225
6.8646397e-06
0.002385887
7.0020323e-06
0.0023858757
6.9640419e-06
0.0023858871
6.7652609e-06
0.0023859178
6.432273e-06
0.0023859628
5.9997149e-06
0.002386017
5.5044932e-06
0.0023860755
4.980493e-06
0.0023861349
4.4552544e-06
0.0023861925
3.9488448e-06
0.0023862466
3.474304e-06
0.0023862963
3.0389807e-06
2.645806e-06
0.0024535968
1.1893697e-06
0.0024535309
2.5324599e-06
0.0024534548
3.5266021e-06
0.0024533711
4.6890379e-06
0.0024532802
5.5207696e-06
0.0024531944
6.1536092e-06
0.0024531217
6.6228077e-06
0.0024530678
6.9185049e-06
0.0024530368
7.0330358e-06
0.0024530299
6.9709589e-06
0.0024530454
6.7497459e-06
0.0024530795
6.3982084e-06
0.002453127
5.9521517e-06
0.0024531829
5.4485986e-06
0.0024532426
4.9207939e-06
0.0024533026
4.39527e-06
0.0024533604
3.8910379e-06
0.0024534145
3.4202173e-06
0.002453464
2.9894463e-06
2.6011584e-06
0.0025226216
1.199747e-06
0.0025225573
2.5967766e-06
0.0025224786
3.6052579e-06
0.0025223951
4.7725193e-06
0.0025223057
5.6101873e-06
0.0025222222
6.2370917e-06
0.0025221528
6.6922478e-06
0.0025221031
6.9682373e-06
0.0025220766
7.0595011e-06
0.0025220742
6.9733936e-06
0.0025220937
6.7302111e-06
0.0025221311
6.3608532e-06
0.0025221811
5.9021231e-06
0.0025222387
5.391017e-06
0.0025222994
4.8600566e-06
0.0025223599
4.3347398e-06
0.0025224179
3.8330309e-06
0.002522472
3.3661581e-06
0.0025225214
2.9400774e-06
2.556744e-06
0.0025935881
1.2108618e-06
0.0025935255
2.6593511e-06
0.0025934447
3.6860969e-06
0.0025933615
4.855719e-06
0.0025932737
5.6979608e-06
0.0025931928
6.3180198e-06
0.0025931269
6.7581641e-06
0.0025930814
7.0136826e-06
0.0025930596
7.0813422e-06
0.0025930617
6.9713333e-06
0.0025930852
6.7067012e-06
0.0025931257
6.320284e-06
0.0025931781
5.8497128e-06
0.0025932373
5.3318229e-06
0.0025932991
4.798338e-06
0.0025933601
4.2737012e-06
0.0025934183
3.774845e-06
0.0025934723
3.3121343e-06
0.0025935215
2.890879e-06
2.5125855e-06
0.0026665511
1.2227212e-06
0.0026664902
2.7202191e-06
0.0026664076
3.7686808e-06
0.0026663247
4.9386431e-06
0.0026662388
5.7838747e-06
0.0026661607
6.396168e-06
0.0026660985
6.8203679e-06
0.0026660574
7.0546987e-06
0.0026660403
7.0984836e-06
0.0026660469
6.9647716e-06
0.0026660743
6.6792638e-06
0.002666118
6.2765779e-06
0.0026661727
5.7950058e-06
0.0026662334
5.2710953e-06
0.0026662961
4.7357054e-06
0.0026663576
4.2122105e-06
0.0026664159
3.7165283e-06
0.0026664698
3.2581908e-06
0.0026665188
2.8418847e-06
2.468674e-06
0.0027415681
1.2338922e-06
0.0027415073
2.7810499e-06
0.0027414215
3.8544543e-06
0.0027413394
5.0207446e-06
0.0027412558
5.8675456e-06
0.0027411807
6.4712467e-06
0.0027411225
6.8785856e-06
0.0027410861
7.091081e-06
0.0027410738
7.1108018e-06
0.0027410849
6.953658e-06
0.0027411163
6.6478995e-06
0.0027411631
6.2297592e-06
0.0027412201
5.7380278e-06
0.0027412823
5.2088481e-06
0.0027413458
4.672157e-06
0.0027414078
4.15025e-06
0.0027414663
3.6580493e-06
0.0027415202
3.2042853e-06
0.002741569
2.7930603e-06
2.4250353e-06
0.013214398
1.286199e-06
0.013214131
3.0477892e-06
0.013213727
4.2593459e-06
0.01321337
5.3773794e-06
0.01321303
6.207885e-06
0.013212741
6.760163e-06
0.013212538
7.0813359e-06
0.01321244
7.1892511e-06
0.01321245
7.1006321e-06
0.013212559
6.8441069e-06
0.01321275
6.4575554e-06
0.013212998
5.9820725e-06
0.013213279
5.4565396e-06
0.013213574
4.9138653e-06
0.013213867
4.3792416e-06
0.013214147
3.8701266e-06
0.013214408
3.3973043e-06
0.013214646
2.9663334e-06
0.01321486
2.5790777e-06
2.2347108e-06
0.01321505
0.018433428
1.3669069e-06
0.018433125
3.3500417e-06
0.018432692
4.6925201e-06
0.018432313
5.7563226e-06
0.018431997
6.5244475e-06
0.018431769
6.9875283e-06
0.018431662
7.1889023e-06
0.018431685
7.1662678e-06
0.01843183
6.9554908e-06
0.018432076
6.5980793e-06
0.018432395
6.1384208e-06
0.018432759
5.6183781e-06
0.018433142
5.0734945e-06
0.018433524
4.5313246e-06
0.018433892
4.0113592e-06
0.018434236
3.5259788e-06
0.018434552
3.0819137e-06
0.018434836
2.6817419e-06
0.01843509
2.3252802e-06
2.010414e-06
0.018435314
0.025713731
1.4729355e-06
0.025713444
3.636946e-06
0.025713073
5.0631148e-06
0.025712767
6.0629785e-06
0.025712574
6.7173198e-06
0.025712515
7.0462966e-06
0.025712604
7.100494e-06
0.025712833
6.9367558e-06
0.02571318
6.6085095e-06
0.025713612
6.1662125e-06
0.025714095
5.6556684e-06
0.025714598
5.1152362e-06
0.025715097
4.5742317e-06
0.025715575
4.0533112e-06
0.025716021
3.5656988e-06
0.025716428
3.1186696e-06
0.025716795
2.7151835e-06
0.025717121
2.3552694e-06
0.025717409
2.0371417e-06
1.7578079e-06
0.025717662
0.03586945
1.5600812e-06
0.035869272
3.8146533e-06
0.035869087
5.2482531e-06
0.035869003
6.1472242e-06
0.035869077
6.643534e-06
0.035869316
6.8074443e-06
0.035869705
6.7110825e-06
0.035870216
6.4255873e-06
0.035870812
6.0131251e-06
0.035871453
5.5251589e-06
0.035872106
5.0028225e-06
0.035872744
4.4768485e-06
0.03587335
3.9685048e-06
0.035873911
3.4918309e-06
0.035874422
3.0545266e-06
0.035874881
2.6595917e-06
0.035875289
2.3071745e-06
0.035875649
1.9955952e-06
0.035875964
1.7220752e-06
1.4831746e-06
0.035876239
0.050036246
1.5534923e-06
0.050036311
3.7493686e-06
0.050036479
5.0807749e-06
0.050036802
5.8240093e-06
0.050037299
6.146108e-06
0.050037949
6.1578419e-06
0.050038711
5.9494617e-06
0.05003954
5.5960636e-06
0.050040396
5.1572482e-06
0.050041243
4.6781228e-06
0.050042055
4.1911344e-06
0.050042813
3.7184822e-06
0.050043508
3.2741022e-06
0.050044134
2.8653858e-06
0.050044693
2.4956326e-06
0.050045187
2.1653961e-06
0.050045621
1.8732439e-06
0.050046
1.6166484e-06
0.05004633
1.392509e-06
1.1975514e-06
0.050046615
0.069798269
1.3765357e-06
0.069798703
3.315531e-06
0.069799348
4.4358996e-06
0.069800175
4.9968113e-06
0.069801145
5.176456e-06
0.069802206
5.0960665e-06
0.069803309
4.8466491e-06
0.069804409
4.4965895e-06
0.06980547
4.0958696e-06
0.069806469
3.6794145e-06
0.06980739
3.2703599e-06
0.069808225
2.8830043e-06
0.069808974
2.5254379e-06
0.069809638
2.2013116e-06
0.069810222
1.9113101e-06
0.069810733
1.6543773e-06
0.069811178
1.4284606e-06
0.069811564
1.2309577e-06
0.069811897
1.0591146e-06
9.1008084e-07
0.069812184
0.097365252
1.0287327e-06
0.097366049
2.5185389e-06
0.097367124
3.3608524e-06
0.097368372
3.7489455e-06
0.097369709
3.8391178e-06
0.097371068
3.7367678e-06
0.097372397
3.5175886e-06
0.097373659
3.2347529e-06
0.09737483
2.9246581e-06
0.097375899
2.6112092e-06
0.09737686
2.3093046e-06
0.097377715
2.0275421e-06
0.09737847
1.7702416e-06
0.097379133
1.5389126e-06
0.097379711
1.3332981e-06
0.097380213
1.1520925e-06
0.097380648
9.9342843e-07
0.097381024
8.5518549e-07
0.097381348
7.3518922e-07
6.3138973e-07
0.097381626
0.1358197
5.7595954e-07
0.13582073
1.4924135e-06
0.13582206
2.028349e-06
0.13582355
2.2628765e-06
0.13582508
2.3071655e-06
0.13582658
2.2333531e-06
0.13582801
2.0914538e-06
0.13582933
1.9148726e-06
0.13583053
1.7253935e-06
0.1358316
1.5366482e-06
0.13583256
1.3567126e-06
0.13583339
1.1899747e-06
0.13583412
1.0384382e-06
0.13583476
9.0261014e-07
0.13583531
7.8209418e-07
0.13583579
6.7598029e-07
0.1358362
5.8309302e-07
0.13583655
5.0215892e-07
0.13583686
4.3187904e-07
3.7105799e-07
0.13583712
0.18946149
2.5348173e-07
0.18946235
6.3886847e-07
0.18946352
8.5024598e-07
0.18946484
9.4771306e-07
0.18946618
9.6730753e-07
0.18946748
9.35383e-07
0.1894687
8.7374841e-07
0.18946981
7.9742695e-07
0.18947082
7.1600982e-07
0.18947172
6.3537926e-07
0.18947252
5.5896332e-07
0.18947322
4.8857355e-07
0.18947384
4.2498014e-07
0.18947437
3.6830613e-07
0.18947483
3.1829253e-07
0.18947524
2.7447297e-07
0.18947558
2.3628388e-07
0.18947588
2.0313557e-07
0.18947614
1.7444795e-07
1.4966854e-07
0.18947636
0.26428927
0.26428989
0.26429067
0.26429152
0.26429236
0.26429315
0.26429389
0.26429456
0.26429515
0.26429568
0.26429614
0.26429655
0.2642969
0.2642972
0.26429746
0.26429769
0.26429788
0.26429805
0.26429819
0.26429832
0.013215294
2.7956066e-06
0.013215556
2.9248215e-06
0.013215837
3.0583347e-06
0.013216135
3.1959075e-06
0.013216453
3.3372145e-06
0.013216789
3.4818538e-06
0.013217142
3.629343e-06
0.013217514
3.7791175e-06
0.013217902
3.9305296e-06
0.013218306
4.0828517e-06
0.013218725
4.2352816e-06
0.013219156
4.3869504e-06
0.013219597
4.5369328e-06
0.013220048
4.6842609e-06
0.013220504
4.8279398e-06
0.013220964
4.966966e-06
0.013221424
5.1003476e-06
0.013221883
5.2271256e-06
0.013222337
5.3463949e-06
0.013222783
5.4573258e-06
0.01322322
5.5591825e-06
0.013223643
5.6513402e-06
0.013224051
5.7332983e-06
0.013224442
5.8046888e-06
0.013224814
5.8652813e-06
0.013225165
5.9149831e-06
0.013225495
5.9538342e-06
0.013225803
5.9819998e-06
0.013226088
5.9997584e-06
0.01322635
6.0074882e-06
0.013226589
6.0056519e-06
0.013226805
5.99478e-06
0.013227
5.9754555e-06
0.013227174
5.9482974e-06
0.013227327
5.9139471e-06
0.013227462
5.8730542e-06
0.013227579
5.8262662e-06
0.013227679
5.7742175e-06
0.013227763
5.7175224e-06
0.013227833
5.6567687e-06
0.01322789
5.5925119e-06
0.013227935
5.5252736e-06
0.013227969
5.4555385e-06
0.013227993
5.3837542e-06
0.013228008
5.3103306e-06
0.013228016
5.2356409e-06
0.013228017
5.160023e-06
0.013228012
5.0837803e-06
0.013228001
5.0071838e-06
0.013227986
4.9304743e-06
0.013227967
4.8538641e-06
0.013227945
4.7775387e-06
0.01322792
4.7016593e-06
0.013227892
4.6263644e-06
0.013227863
4.5517722e-06
0.013227833
4.4779825e-06
0.013227802
4.4050793e-06
0.013227769
4.3331323e-06
0.013227737
4.2621997e-06
0.013227704
4.1923294e-06
0.013227672
4.1235618e-06
0.01322764
4.0559312e-06
0.013227608
3.9894669e-06
0.013227577
3.9241947e-06
0.013227547
3.8601354e-06
0.013227517
3.7973044e-06
0.013227489
3.7357098e-06
0.013227462
3.6753523e-06
0.013227436
3.6162258e-06
0.013227412
3.5583192e-06
0.013227388
3.5016198e-06
0.013227366
3.4461163e-06
0.013227346
3.3917993e-06
0.013227327
3.3386625e-06
0.01322731
3.2867031e-06
0.013227294
3.2359216e-06
0.013227279
3.1863219e-06
0.013227266
3.1379107e-06
0.013227255
3.090695e-06
0.013227245
3.0446813e-06
0.013227237
2.999882e-06
0.01322723
2.9562849e-06
0.013227225
2.9137884e-06
0.01322722
2.8723952e-06
0.013227218
2.8324784e-06
0.013227216
2.7938084e-06
0.013227216
2.756741e-06
0.013227217
2.7212442e-06
0.013227219
2.6869147e-06
0.013227222
2.6542395e-06
0.013227225
2.6235111e-06
0.01322723
2.5951586e-06
0.013227234
2.5696884e-06
0.013227239
2.5478406e-06
0.013227243
2.5310319e-06
0.013227247
2.5200584e-06
0.013227248
2.5208221e-06
0.013227248
2.5312187e-06
0.013227261
2.6024026e-06
2.6260515e-06
0.0184356
2.5099067e-06
0.018435905
2.6203607e-06
0.018436228
2.7345937e-06
0.018436572
2.8524778e-06
0.018436935
2.9738325e-06
0.018437319
3.0984279e-06
0.018437722
3.2259771e-06
0.018438145
3.3561327e-06
0.018438587
3.4884856e-06
0.018439047
3.6225646e-06
0.018439525
3.7578375e-06
0.018440018
3.8937126e-06
0.018440525
4.0295428e-06
0.018441045
4.1646315e-06
0.018441575
4.2982406e-06
0.018442112
4.4296002e-06
0.018442654
4.5579204e-06
0.018443199
4.6824042e-06
0.018443743
4.8022618e-06
0.018444284
4.916726e-06
0.018444818
5.0250669e-06
0.018445343
5.1266068e-06
0.018445855
5.220734e-06
0.018446353
5.3069149e-06
0.018446834
5.3847034e-06
0.018447295
5.4537489e-06
0.018447735
5.5138002e-06
0.018448152
5.5647076e-06
0.018448546
5.6064217e-06
0.018448914
5.6389894e-06
0.018449257
5.6625482e-06
0.018449575
5.6773179e-06
0.018449866
5.6835919e-06
0.018450133
5.6817261e-06
0.018450375
5.6721289e-06
0.018450593
5.6552494e-06
0.018450787
5.6315674e-06
0.01845096
5.6015823e-06
0.018451112
5.5658046e-06
0.018451244
5.5247468e-06
0.018451357
5.4789158e-06
0.018451454
5.4288076e-06
0.018451534
5.3749025e-06
0.018451601
5.3176613e-06
0.018451653
5.2575223e-06
0.018451694
5.1948987e-06
0.018451724
5.1301776e-06
0.018451744
5.0637182e-06
0.018451755
4.9958522e-06
0.018451759
4.9268836e-06
0.018451756
4.8570889e-06
0.018451746
4.7867178e-06
0.018451732
4.7159941e-06
0.018451713
4.6451173e-06
0.018451691
4.574264e-06
0.018451665
4.5035898e-06
0.018451637
4.4332314e-06
0.018451607
4.3633084e-06
0.018451575
4.2939258e-06
0.018451542
4.2251756e-06
0.018451509
4.1571397e-06
0.018451475
4.0898914e-06
0.018451441
4.0234978e-06
0.018451407
3.9580202e-06
0.018451374
3.893513e-06
0.018451341
3.8300209e-06
0.018451309
3.767577e-06
0.018451278
3.7062026e-06
0.018451249
3.6459082e-06
0.01845122
3.5866972e-06
0.018451193
3.5285709e-06
0.018451168
3.4715325e-06
0.018451144
3.4155874e-06
0.018451122
3.3607444e-06
0.018451102
3.3070153e-06
0.018451083
3.2544143e-06
0.018451066
3.2029595e-06
0.018451052
3.1526715e-06
0.018451039
3.1035707e-06
0.018451028
3.055674e-06
0.018451019
3.0089952e-06
0.018451011
2.9635261e-06
0.018451006
2.9192266e-06
0.018451002
2.8761442e-06
0.018451
2.834464e-06
0.018451
2.7941398e-06
0.018451001
2.7554211e-06
0.018451004
2.7183138e-06
0.018451008
2.682672e-06
0.018451014
2.6488302e-06
0.01845102
2.617117e-06
0.018451027
2.5880046e-06
0.018451035
2.5620753e-06
0.018451043
2.5401371e-06
0.01845105
2.5236103e-06
0.018451057
2.5135104e-06
0.018451061
2.5163941e-06
0.018451064
2.5280812e-06
0.018451079
2.5879816e-06
2.6267909e-06
0.025717982
2.1900796e-06
0.02571832
2.2817858e-06
0.025718678
2.376693e-06
0.025719056
2.4747621e-06
0.025719454
2.5759149e-06
0.025719872
2.6800429e-06
0.025720311
2.7870019e-06
0.025720771
2.8966104e-06
0.025721251
3.0086459e-06
0.02572175
3.1228431e-06
0.025722269
3.2388923e-06
0.025722807
3.3564386e-06
0.025723361
3.4750828e-06
0.025723931
3.594382e-06
0.025724516
3.7138523e-06
0.025725112
3.8329722e-06
0.025725719
3.951187e-06
0.025726334
4.0679155e-06
0.025726953
4.1825568e-06
0.025727576
4.2944988e-06
0.025728197
4.4031276e-06
0.025728816
4.5078368e-06
0.025729429
4.6080381e-06
0.025730033
4.7031711e-06
0.025730625
4.7927124e-06
0.025731202
4.8761854e-06
0.025731763
4.9531674e-06
0.025732304
5.0232968e-06
0.025732824
5.0862775e-06
0.025733322
5.1418832e-06
0.025733794
5.189959e-06
0.025734241
5.2304213e-06
0.025734661
5.263257e-06
0.025735055
5.288521e-06
0.02573542
5.3063314e-06
0.025735759
5.3168645e-06
0.02573607
5.3203482e-06
0.025736354
5.3170535e-06
0.025736613
5.3072896e-06
0.025736846
5.2913954e-06
0.025737056
5.2697311e-06
0.025737242
5.2426733e-06
0.025737406
5.21061e-06
0.02573755
5.1739361e-06
0.025737674
5.1330477e-06
0.025737781
5.0883371e-06
0.025737871
5.0401897e-06
0.025737945
4.9889797e-06
0.025738006
4.9350671e-06
0.025738054
4.8787949e-06
0.025738091
4.8204866e-06
0.025738117
4.7604446e-06
0.025738134
4.6989495e-06
0.025738143
4.6362602e-06
0.025738145
4.5726139e-06
0.02573814
4.5082275e-06
0.02573813
4.443299e-06
0.025738115
4.3780084e-06
0.025738097
4.3125199e-06
0.025738075
4.2469828e-06
0.025738051
4.1815343e-06
0.025738024
4.1163021e-06
0.025737996
4.0514085e-06
0.025737967
3.9869688e-06
0.025737938
3.9230886e-06
0.025737908
3.8598578e-06
0.025737878
3.7973456e-06
0.025737849
3.7356012e-06
0.02573782
3.6746587e-06
0.025737792
3.6145408e-06
0.025737765
3.5552703e-06
0.02573774
3.4968749e-06
0.025737716
3.4393851e-06
0.025737694
3.3828353e-06
0.025737674
3.3272616e-06
0.025737656
3.272701e-06
0.025737639
3.2191945e-06
0.025737625
3.1667876e-06
0.025737613
3.1155228e-06
0.025737604
3.0654321e-06
0.025737596
3.0165379e-06
0.025737591
2.9688488e-06
0.025737588
2.9223732e-06
0.025737587
2.8771719e-06
0.025737588
2.8333485e-06
0.025737591
2.7909608e-06
0.025737596
2.7501919e-06
0.025737603
2.7111171e-06
0.025737612
2.673776e-06
0.025737623
2.6384416e-06
0.025737634
2.6054742e-06
0.025737647
2.5753869e-06
0.02573766
2.5488454e-06
0.025737673
2.526737e-06
0.025737687
2.5104574e-06
0.025737699
2.5015037e-06
0.02573771
2.5047529e-06
0.025737718
2.5198685e-06
0.025737737
2.5691406e-06
2.6170322e-06
0.035876584
1.8446655e-06
0.035876948
1.9183466e-06
0.03587733
1.9946485e-06
0.035877731
2.0735828e-06
0.035878152
2.1551312e-06
0.035878592
2.2392621e-06
0.035879054
2.3259259e-06
0.035879535
2.4150509e-06
0.035880037
2.5065414e-06
0.03588056
2.600276e-06
0.035881103
2.6961063e-06
0.035881665
2.7938546e-06
0.035882247
2.8933125e-06
0.035882847
2.9942402e-06
0.035883465
3.096366e-06
0.035884098
3.1993869e-06
0.035884746
3.3029692e-06
0.035885407
3.4067504e-06
0.03588608
3.5103408e-06
0.035886761
3.6133269e-06
0.035887449
3.7152748e-06
0.035888141
3.8157344e-06
0.035888835
3.9142453e-06
0.035889527
4.0103413e-06
0.035890217
4.1035572e-06
0.035890899
4.1934353e-06
0.035891573
4.2795309e-06
0.035892235
4.3614195e-06
0.035892882
4.4387023e-06
0.035893513
4.5110122e-06
0.035894125
4.578019e-06
0.035894716
4.6394338e-06
0.035895284
4.6950159e-06
0.035895828
4.7445733e-06
0.035896347
4.78797e-06
0.035896839
4.8251385e-06
0.035897303
4.8560567e-06
0.035897739
4.8807229e-06
0.035898147
4.8991816e-06
0.035898527
4.911523e-06
0.035898879
4.9178704e-06
0.035899203
4.9183907e-06
0.035899501
4.9132915e-06
0.035899772
4.902809e-06
0.035900018
4.8871982e-06
0.035900239
4.8667299e-06
0.035900438
4.8416897e-06
0.035900614
4.8123749e-06
0.03590077
4.7790904e-06
0.035900907
4.7421429e-06
0.035901026
4.7018367e-06
0.035901128
4.6584691e-06
0.035901214
4.6123284e-06
0.035901287
4.5636919e-06
0.035901346
4.5128262e-06
0.035901395
4.4599864e-06
0.035901433
4.4054161e-06
0.035901461
4.3493468e-06
0.035901482
4.2919994e-06
0.035901495
4.2335826e-06
0.035901502
4.1742919e-06
0.035901504
4.1143216e-06
0.035901502
4.0538699e-06
0.035901496
3.9931307e-06
0.035901487
3.9322887e-06
0.035901475
3.871497e-06
0.035901461
3.810868e-06
0.035901447
3.7504842e-06
0.035901431
3.6904083e-06
0.035901415
3.6306795e-06
0.035901399
3.571354e-06
0.035901383
3.5125049e-06
0.035901368
3.4542044e-06
0.035901354
3.3965295e-06
0.035901342
3.3395566e-06
0.035901331
3.2833557e-06
0.035901323
3.2280087e-06
0.035901316
3.1736082e-06
0.035901311
3.1202336e-06
0.035901309
3.0679382e-06
0.035901308
3.0167593e-06
0.035901311
2.9667286e-06
0.035901315
2.9178888e-06
0.035901322
2.8703111e-06
0.035901331
2.8240906e-06
0.035901343
2.7793396e-06
0.035901357
2.736226e-06
0.035901373
2.6949012e-06
0.035901391
2.6555343e-06
0.035901411
2.6184126e-06
0.035901433
2.583938e-06
0.035901455
2.5526658e-06
0.035901479
2.5253394e-06
0.035901503
2.5029214e-06
0.035901526
2.4867872e-06
0.035901549
2.4786144e-06
0.035901572
2.4822441e-06
0.035901593
2.499195e-06
0.035901621
2.5403363e-06
2.5871156e-06
0.050046973
1.4873227e-06
0.050047346
1.5444766e-06
0.050047737
1.6036985e-06
0.050048146
1.664998e-06
0.050048573
1.7283847e-06
0.050049018
1.7938807e-06
0.050049483
1.8614947e-06
0.050049966
1.9312202e-06
0.05005047
2.0030371e-06
0.050050993
2.0769104e-06
0.050051537
2.1527898e-06
0.0500521
2.2306079e-06
0.050052683
2.3102798e-06
0.050053285
2.391702e-06
0.050053907
2.4747513e-06
0.050054547
2.5592846e-06
0.050055205
2.6451376e-06
0.05005588
2.7321252e-06
0.05005657
2.820041e-06
0.050057274
2.9086548e-06
0.050057992
2.9977143e-06
0.050058721
3.0869464e-06
0.050059459
3.176057e-06
0.050060205
3.2647338e-06
0.050060956
3.3526494e-06
0.05006171
3.4394645e-06
0.050062464
3.5248296e-06
0.050063217
3.6083897e-06
0.050063966
3.6897838e-06
0.050064709
3.7686612e-06
0.050065442
3.844666e-06
0.050066164
3.9174167e-06
0.050066872
3.986588e-06
0.050067565
4.0518549e-06
0.05006824
4.1127783e-06
0.050068896
4.1693019e-06
0.05006953
4.2216537e-06
0.050070142
4.2693947e-06
0.050070729
4.3121424e-06
0.05007129
4.3500243e-06
0.050071825
4.3828826e-06
0.050072333
4.410525e-06
0.050072813
4.4330015e-06
0.050073266
4.4503981e-06
0.05007369
4.462794e-06
0.050074087
4.4702622e-06
0.050074456
4.4728938e-06
0.050074797
4.4708023e-06
0.050075112
4.4641209e-06
0.050075401
4.4529989e-06
0.050075665
4.4375996e-06
0.050075906
4.4180976e-06
0.050076124
4.3946784e-06
0.05007632
4.3675377e-06
0.050076496
4.336881e-06
0.050076653
4.3029221e-06
0.050076792
4.2658814e-06
0.050076916
4.2259802e-06
0.050077024
4.1834409e-06
0.050077119
4.13847e-06
0.050077202
4.0912667e-06
0.050077274
4.0421285e-06
0.050077337
3.9913672e-06
0.050077391
3.9393076e-06
0.050077437
3.8863015e-06
0.050077476
3.8324983e-06
0.050077509
3.7779772e-06
0.050077536
3.722823e-06
0.05007756
3.6671066e-06
0.050077579
3.6108059e-06
0.050077597
3.5540802e-06
0.050077612
3.4971073e-06
0.050077626
3.4400266e-06
0.05007764
3.3829816e-06
0.050077653
3.3261152e-06
0.050077667
3.2695205e-06
0.050077682
3.2133598e-06
0.050077698
3.1578396e-06
0.050077715
3.1031096e-06
0.050077733
3.0492392e-06
0.050077754
2.9962802e-06
0.050077776
2.944289e-06
0.050077801
2.8933423e-06
0.050077828
2.8435415e-06
0.050077857
2.7950156e-06
0.050077888
2.7479251e-06
0.050077922
2.7024692e-06
0.050077958
2.6588729e-06
0.050077996
2.6174018e-06
0.050078036
2.5784006e-06
0.050078078
2.5423256e-06
0.050078121
2.509779e-06
0.050078164
2.4815669e-06
0.050078209
2.4587068e-06
0.050078253
2.4424657e-06
0.050078297
2.4345477e-06
0.050078341
2.4379752e-06
0.050078385
2.4555879e-06
0.050078435
2.4899835e-06
2.5330224e-06
0.069812543
1.129208e-06
0.069812916
1.1713922e-06
0.069813304
1.2150935e-06
0.069813709
1.2603645e-06
0.06981413
1.3072335e-06
0.069814568
1.3557172e-06
0.069815024
1.4058328e-06
0.069815497
1.4575974e-06
0.069815989
1.511024e-06
0.0698165
1.5661214e-06
0.06981703
1.6228897e-06
0.069817579
1.6813148e-06
0.069818148
1.7413729e-06
0.069818737
1.8030362e-06
0.069819346
1.866271e-06
0.069819974
1.9310323e-06
0.069820622
1.997283e-06
0.069821289
2.0650292e-06
0.069821975
2.1342598e-06
0.069822678
2.2048431e-06
0.069823399
2.2765835e-06
0.069824137
2.3493412e-06
0.06982489
2.4230242e-06
0.069825657
2.4974863e-06
0.069826437
2.5725137e-06
0.069827229
2.6478952e-06
0.06982803
2.723423e-06
0.06982884
2.7988704e-06
0.069829656
2.87399e-06
0.069830476
2.948597e-06
0.069831298
3.0223502e-06
0.06983212
3.0955035e-06
0.069832939
3.1672723e-06
0.069833755
3.2362764e-06
0.069834564
3.3034505e-06
0.069835363
3.3704074e-06
0.069836148
3.4371313e-06
0.069836919
3.4980099e-06
0.069837676
3.554996e-06
0.069838416
3.6100395e-06
0.069839138
3.6609229e-06
0.069839841
3.7076747e-06
0.069840523
3.7505732e-06
0.069841184
3.7902747e-06
0.069841819
3.8268794e-06
0.06984243
3.8598548e-06
0.069843014
3.8888157e-06
0.069843571
3.9137182e-06
0.069844101
3.9345287e-06
0.069844602
3.9511749e-06
0.069845076
3.9635988e-06
0.069845523
3.9717643e-06
0.069845942
3.9756658e-06
0.069846334
3.9753324e-06
0.0698467
3.9708259e-06
0.069847041
3.9622368e-06
0.069847357
3.9496966e-06
0.06984765
3.9333004e-06
0.06984792
3.9134092e-06
0.069848168
3.8899092e-06
0.069848398
3.8616055e-06
0.06984861
3.8298354e-06
0.069848807
3.7948428e-06
0.069848989
3.7570609e-06
0.069849156
3.7191742e-06
0.069849309
3.6799279e-06
0.069849448
3.6388908e-06
0.069849574
3.5963703e-06
0.069849689
3.5527246e-06
0.069849794
3.5058604e-06
0.06984989
3.4572584e-06
0.06984998
3.4074519e-06
0.069850064
3.3564903e-06
0.069850142
3.3045507e-06
0.069850216
3.2517916e-06
0.069850288
3.1980688e-06
0.069850357
3.1441536e-06
0.069850424
3.0903637e-06
0.069850491
3.0368735e-06
0.069850556
2.9836484e-06
0.069850622
2.9307273e-06
0.069850688
2.8782217e-06
0.069850755
2.8262869e-06
0.069850823
2.7751101e-06
0.069850893
2.7249117e-06
0.069850965
2.6759447e-06
0.069851039
2.6284943e-06
0.069851115
2.5828772e-06
0.069851193
2.539451e-06
0.069851273
2.4986367e-06
0.069851354
2.4609585e-06
0.069851437
2.4270437e-06
0.069851521
2.3978145e-06
0.069851605
2.3745153e-06
0.06985169
2.3576516e-06
0.069851776
2.3488593e-06
0.069851863
2.3510792e-06
0.06985195
2.3679736e-06
0.069852041
2.3991794e-06
2.447831e-06
0.097381973
7.8305135e-07
0.097382332
8.1187589e-07
0.097382705
8.417548e-07
0.097383093
8.7271762e-07
0.097383495
9.0479389e-07
0.097383913
9.3801439e-07
0.097384347
9.7240361e-07
0.097384796
1.0079828e-06
0.097385262
1.0447629e-06
0.097385746
1.0827214e-06
0.097386247
1.1219115e-06
0.097386766
1.1626854e-06
0.097387302
1.2047512e-06
0.097387857
1.2477339e-06
0.097388432
1.2917932e-06
0.097389026
1.3368404e-06
0.097389641
1.3827588e-06
0.097390276
1.4300132e-06
0.097390931
1.4793525e-06
0.097391605
1.5304522e-06
0.097392298
1.583093e-06
0.097393011
1.6369941e-06
0.097393742
1.6918058e-06
0.097394492
1.7476634e-06
0.09739526
1.8045292e-06
0.097396045
1.8623238e-06
0.097396848
1.9210307e-06
0.097397666
1.9805709e-06
0.097398499
2.0408531e-06
0.097399346
2.1018061e-06
0.097400205
2.1631335e-06
0.097401076
2.2250182e-06
0.097401956
2.2865442e-06
0.097402845
2.3472084e-06
0.09740374
2.4086893e-06
0.097404639
2.4716377e-06
0.097405541
2.5347826e-06
0.097406446
2.5937151e-06
0.097407346
2.6551234e-06
0.097408238
2.7173353e-06
0.097409125
2.7741917e-06
0.097410006
2.8265281e-06
0.09741088
2.8768885e-06
0.09741174
2.9301067e-06
0.097412575
2.9921239e-06
0.097413381
3.0539065e-06
0.097414164
3.105025e-06
0.097414927
3.1516662e-06
0.097415666
3.1953359e-06
0.097416382
3.2352016e-06
0.097417074
3.2712219e-06
0.097417742
3.3033785e-06
0.097418386
3.3316633e-06
0.097419006
3.3560883e-06
0.0974196
3.3766315e-06
0.097420169
3.3932153e-06
0.097420713
3.405919e-06
0.097421231
3.4146997e-06
0.097421725
3.4196408e-06
0.097422195
3.4203109e-06
0.097422641
3.4149507e-06
0.097423066
3.4052852e-06
0.097423469
3.3914728e-06
0.097423852
3.3738535e-06
0.097424216
3.3560408e-06
0.097424559
3.3364295e-06
0.097424884
3.3143464e-06
0.09742519
3.2899746e-06
0.097425479
3.2636844e-06
0.097425752
3.2324434e-06
0.097426011
3.1983218e-06
0.097426257
3.1620632e-06
0.09742649
3.1235808e-06
0.097426711
3.0835783e-06
0.097426918
3.0443302e-06
0.097427122
2.9942743e-06
0.097427318
2.9482694e-06
0.097427506
2.9025554e-06
0.097427685
2.857531e-06
0.097427857
2.8113563e-06
0.097428024
2.7641189e-06
0.097428186
2.7158325e-06
0.097428346
2.6668734e-06
0.097428503
2.6175811e-06
0.09742866
2.568348e-06
0.097428816
2.5195835e-06
0.097428973
2.4717189e-06
0.097429131
2.4251945e-06
0.09742929
2.3804837e-06
0.09742945
2.3381045e-06
0.097429612
2.2986632e-06
0.097429777
2.262865e-06
0.097429943
2.2316713e-06
0.097430111
2.2064604e-06
0.097430281
2.187344e-06
0.097430454
2.1759388e-06
0.09743063
2.1753445e-06
0.09743081
2.188133e-06
0.097430989
2.2192513e-06
2.269912e-06
0.13583744
4.5969407e-07
0.13583777
4.7647009e-07
0.13583812
4.9384101e-07
0.13583848
5.1184816e-07
0.13583886
5.3050222e-07
0.13583925
5.4982326e-07
0.13583965
5.6983015e-07
0.13584007
5.9054148e-07
0.1358405
6.1199413e-07
0.13584095
6.3410698e-07
0.13584141
6.5681056e-07
0.13584189
6.8068861e-07
0.13584239
7.0541408e-07
0.13584291
7.3040903e-07
0.13584345
7.5600854e-07
0.135844
7.8213377e-07
0.13584458
8.0816599e-07
0.13584517
8.3391696e-07
0.13584579
8.6109977e-07
0.13584643
8.9073993e-07
0.13584709
9.2242897e-07
0.13584777
9.5556453e-07
0.13584847
9.9004188e-07
0.1358492
1.0261277e-06
0.13584994
1.0635998e-06
0.1358507
1.1021954e-06
0.13585148
1.1418135e-06
0.13585227
1.1824389e-06
0.13585309
1.2236991e-06
0.13585393
1.2667776e-06
0.13585478
1.3120278e-06
0.13585564
1.3576779e-06
0.13585653
1.4031144e-06
0.13585743
1.4483445e-06
0.13585834
1.4931469e-06
0.13585927
1.5391848e-06
0.13586022
1.5875137e-06
0.13586118
1.6370447e-06
0.13586214
1.6886212e-06
0.13586312
1.7403709e-06
0.1358641
1.7914253e-06
0.13586509
1.8437147e-06
0.13586606
1.9012766e-06
0.13586703
1.9641699e-06
0.13586799
2.0301105e-06
0.13586896
2.0850203e-06
0.13586994
2.1265408e-06
0.13587092
2.170905e-06
0.1358719
2.21699e-06
0.13587287
2.2620002e-06
0.13587384
2.3057901e-06
0.13587479
2.3482066e-06
0.13587573
2.3890773e-06
0.13587666
2.4283564e-06
0.13587757
2.465638e-06
0.13587847
2.5007383e-06
0.13587934
2.5357204e-06
0.13588018
2.5679605e-06
0.13588101
2.5948917e-06
0.13588181
2.6173387e-06
0.13588259
2.6352872e-06
0.13588334
2.6502794e-06
0.13588407
2.6634049e-06
0.13588477
2.6741296e-06
0.13588544
2.6857301e-06
0.13588608
2.6974724e-06
0.1358867
2.7004955e-06
0.13588729
2.6971418e-06
0.13588786
2.6886268e-06
0.13588842
2.6750756e-06
0.13588896
2.6574816e-06
0.13588949
2.636512e-06
0.13589
2.6123023e-06
0.1358905
2.5841174e-06
0.13589099
2.5551165e-06
0.13589146
2.5163364e-06
0.13589192
2.4906586e-06
0.13589236
2.463415e-06
0.13589279
2.4329222e-06
0.13589319
2.404391e-06
0.13589359
2.370757e-06
0.13589397
2.3357368e-06
0.13589433
2.2992228e-06
0.13589469
2.2613283e-06
0.13589504
2.2223527e-06
0.13589537
2.1826585e-06
0.1358957
2.1425903e-06
0.13589603
2.1024824e-06
0.13589634
2.0627566e-06
0.13589666
2.0239456e-06
0.13589697
1.9866666e-06
0.13589728
1.9517429e-06
0.13589759
1.9200728e-06
0.13589791
1.8928308e-06
0.13589822
1.8714348e-06
0.13589854
1.8574842e-06
0.13589886
1.8532785e-06
0.13589919
1.8611068e-06
0.13589952
1.885389e-06
1.9257721e-06
0.18947663
1.8599051e-07
0.18947692
1.9304578e-07
0.18947721
2.0039304e-07
0.18947751
2.0807042e-07
0.18947783
2.1608952e-07
0.18947815
2.2446649e-07
0.18947849
2.3321717e-07
0.18947884
2.4235871e-07
0.1894792
2.5195628e-07
0.18947957
2.6199854e-07
0.18947996
2.7236252e-07
0.18948035
2.8308399e-07
0.18948077
2.9404047e-07
0.18948119
3.0510742e-07
0.18948163
3.1647061e-07
0.18948208
3.2819469e-07
0.18948255
3.4007239e-07
0.18948303
3.5139548e-07
0.18948353
3.6230846e-07
0.18948405
3.7415373e-07
0.18948459
3.8705693e-07
0.18948514
4.0033307e-07
0.18948572
4.1409341e-07
0.18948631
4.2873241e-07
0.18948693
4.4432763e-07
0.18948757
4.6089558e-07
0.18948824
4.783393e-07
0.18948892
4.9654385e-07
0.18948963
5.1435359e-07
0.18949037
5.3314853e-07
0.18949112
5.5487875e-07
0.1894919
5.7839893e-07
0.1894927
6.0280352e-07
0.18949352
6.2752951e-07
0.18949437
6.5069246e-07
0.18949523
6.7324949e-07
0.18949612
6.9749736e-07
0.18949704
7.2273981e-07
0.18949798
7.4853109e-07
0.18949894
7.7502464e-07
0.18949993
8.0232907e-07
0.18950094
8.3049654e-07
0.18950198
8.6171817e-07
0.18950305
8.9481121e-07
0.18950416
9.2756159e-07
0.18950528
9.6097342e-07
0.18950641
9.9517083e-07
0.18950755
1.0300651e-06
0.1895087
1.0655512e-06
0.18950986
1.1015428e-06
0.18951103
1.1379582e-06
0.18951221
1.1747186e-06
0.18951338
1.2117675e-06
0.18951456
1.2491292e-06
0.18951574
1.2864041e-06
0.18951692
1.3237771e-06
0.18951809
1.3628113e-06
0.18951926
1.4000819e-06
0.18952042
1.4358632e-06
0.18952156
1.4720223e-06
0.18952269
1.5074742e-06
0.1895238
1.543409e-06
0.18952488
1.5786217e-06
0.18952595
1.6112903e-06
0.18952699
1.644327e-06
0.18952801
1.6746232e-06
0.18952901
1.6960855e-06
0.18952999
1.7166704e-06
0.18953095
1.7355153e-06
0.18953187
1.7507847e-06
0.18953277
1.762226e-06
0.18953364
1.7691344e-06
0.18953448
1.7708125e-06
0.18953529
1.7661702e-06
0.18953609
1.7572624e-06
0.18953686
1.7476753e-06
0.18953762
1.7319071e-06
0.18953838
1.7055668e-06
0.18953914
1.6752747e-06
0.18953989
1.6483641e-06
0.18954065
1.6161882e-06
0.18954139
1.5883848e-06
0.18954213
1.5639298e-06
0.18954285
1.5425214e-06
0.18954355
1.5223144e-06
0.18954423
1.5013582e-06
0.18954489
1.4783399e-06
0.18954554
1.4535275e-06
0.18954618
1.4271309e-06
0.1895468
1.3995948e-06
0.18954742
1.3715003e-06
0.18954803
1.343634e-06
0.18954863
1.3169199e-06
0.18954923
1.2924286e-06
0.18954983
1.2713382e-06
0.18955043
1.2550344e-06
0.18955104
1.2448014e-06
0.18955166
1.2430868e-06
0.18955229
1.249431e-06
1.2761471e-06
0.26429847
0.26429863
0.26429879
0.26429896
0.26429914
0.26429933
0.26429952
0.26429972
0.26429993
0.26430014
0.26430037
0.2643006
0.26430084
0.26430109
0.26430136
0.26430163
0.2643019
0.26430219
0.26430249
0.26430279
0.26430311
0.26430343
0.26430377
0.26430411
0.26430447
0.26430484
0.26430522
0.26430562
0.26430602
0.26430645
0.26430688
0.26430734
0.26430781
0.26430831
0.26430881
0.26430934
0.26430988
0.26431044
0.26431102
0.26431161
0.26431222
0.26431285
0.26431351
0.26431418
0.26431487
0.26431559
0.26431632
0.26431708
0.26431786
0.26431866
0.26431948
0.26432033
0.26432119
0.26432207
0.26432297
0.26432389
0.26432482
0.26432577
0.26432674
0.26432771
0.2643287
0.2643297
0.26433072
0.26433175
0.2643328
0.26433387
0.26433495
0.26433605
0.26433716
0.26433829
0.26433943
0.26434058
0.26434172
0.26434286
0.26434398
0.26434509
0.26434618
0.26434724
0.26434828
0.26434929
0.26435027
0.26435124
0.26435219
0.26435314
0.26435409
0.26435506
0.26435603
0.26435703
0.26435803
0.26435904
0.26436005
0.26436107
0.2643621
0.26436314
0.26436418
0.26436524
0.26436632
0.26436741
0.26436854
)
;

boundaryField
{
    inlet
    {
        type            calculated;
        value           nonuniform List<scalar> 
235
(
-5.4831586e-06
-5.6374121e-06
-5.7960051e-06
-5.9590596e-06
-6.1267012e-06
-6.299059e-06
-6.4762656e-06
-6.6584574e-06
-6.8457746e-06
-7.0383615e-06
-7.2363663e-06
-7.4399414e-06
-7.6492436e-06
-7.8644338e-06
-8.0856779e-06
-8.313146e-06
-8.5470134e-06
-8.7874599e-06
-9.0346707e-06
-9.2888361e-06
-9.5501519e-06
-9.8188188e-06
-1.0095044e-05
-1.037904e-05
-1.0671026e-05
-1.0971225e-05
-1.1279871e-05
-1.1597198e-05
-1.1923454e-05
-1.2258887e-05
-1.2603757e-05
-1.2958328e-05
-1.3322875e-05
-1.3697677e-05
-1.4083023e-05
-1.447921e-05
-1.4886543e-05
-1.5305334e-05
-1.5735908e-05
-1.6178594e-05
-1.6633734e-05
-1.7101678e-05
-1.7582786e-05
-1.8077429e-05
-1.8585987e-05
-1.9108852e-05
-1.9646427e-05
-2.0199125e-05
-2.0767371e-05
-2.1351604e-05
-2.1952272e-05
-2.2569838e-05
-2.3204778e-05
-2.385758e-05
-2.4528747e-05
-2.5218795e-05
-2.5928256e-05
-2.6657676e-05
-2.7407616e-05
-2.8178653e-05
-2.8971381e-05
-2.9786411e-05
-3.0624369e-05
-3.1485901e-05
-3.237167e-05
-3.3282356e-05
-3.4218664e-05
-3.5181311e-05
-3.6171039e-05
-3.7188612e-05
-3.823481e-05
-3.9310441e-05
-4.041633e-05
-4.1553333e-05
-4.272232e-05
-4.3924194e-05
-4.515988e-05
-4.6430328e-05
-4.7736516e-05
-4.9079451e-05
-5.0460165e-05
-5.1879723e-05
-5.3339214e-05
-5.4839766e-05
-5.638253e-05
-5.7968697e-05
-5.9599485e-05
-6.1276152e-05
-6.2999986e-05
-6.4772316e-05
-6.6594506e-05
-6.8467958e-05
-7.0394114e-05
-7.2374458e-05
-7.4410512e-05
-7.6503846e-05
-7.865607e-05
-8.086884e-05
-8.3143861e-05
-8.5482883e-05
-8.7887707e-05
-9.0360184e-05
-9.2902218e-05
-9.5515764e-05
-9.8202835e-05
-0.0001009655
-0.00010380588
-0.00010672618
-0.00010972862
-0.00011281553
-0.00011598928
-0.00011925232
-0.00012260715
-0.00012605637
-0.00012960261
-0.00013324862
-0.0001369972
-0.00014085124
-0.0001448137
-0.00014888763
-0.00015307617
-0.00015738255
-0.00016181007
-0.00016636215
-0.00017104228
-0.00017585409
-0.00018080125
-0.0001858876
-0.00019111703
-0.00019649358
-0.00020202138
-0.00020770469
-0.00021354789
-0.00021955546
-0.00022573205
-0.00023208239
-0.00023861139
-0.00024532406
-0.00025222557
-0.00025932124
-0.00026661652
-0.00027411704
-0.00028182856
-0.00028975703
-0.00029790855
-0.00030628937
-0.00031490598
-0.00032376498
-0.00033287321
-0.00034223768
-0.00035186559
-0.00036176435
-0.00037194159
-0.00038240514
-0.00039316304
-0.0004042236
-0.00041559531
-0.00042728693
-0.00043930746
-0.00045166616
-0.00046437254
-0.00047743637
-0.00049086772
-0.00050467693
-0.00051887461
-0.00053347171
-0.00054847946
-0.00056390941
-0.00057977343
-0.00059608376
-0.00061285292
-0.00063009384
-0.00064781978
-0.0006660444
-0.00068478172
-0.00070404614
-0.00072385254
-0.00074421612
-0.00076515258
-0.00078667802
-0.00080880904
-0.00083156263
-0.00085495635
-0.00087900817
-0.00090373663
-0.00092916075
-0.00095530012
-0.00098217485
-0.0010098056
-0.0010382137
-0.001067421
-0.0010974499
-0.0011283236
-0.0011600659
-0.0011927011
-0.0012262544
-0.0012607517
-0.0012962195
-0.001332685
-0.0013701764
-0.0014087225
-0.001448353
-0.0014890984
-0.0015309901
-0.0015740602
-0.0016183421
-0.0016638696
-0.001710678
-0.0017588032
-0.0018082822
-0.0018591533
-0.0019114554
-0.0019652289
-0.0020205151
-0.0020773567
-0.0021357974
-0.0021958822
-0.0022576572
-0.0023211701
-0.0023864698
-0.0024536066
-0.002522632
-0.0025935992
-0.002666563
-0.0027415793
-0.01321445
-0.018433508
-0.025713837
-0.035869537
-0.050036239
-0.069798092
-0.097364904
-0.13581925
-0.18946117
-0.26428901
)
;
    }
    top
    {
        type            calculated;
        value           nonuniform List<scalar> 
120
(
-1.6562136e-09
1.9229265e-08
6.2220076e-08
1.0399809e-07
1.2916181e-07
1.3807108e-07
1.3668637e-07
1.295831e-07
1.1948165e-07
1.0806296e-07
9.639392e-08
8.5121226e-08
7.4604267e-08
6.5015704e-08
5.6411953e-08
4.8779888e-08
4.2066947e-08
3.6200217e-08
3.1098334e-08
2.6679211e-08
3.3031864e-08
3.420997e-08
3.5440692e-08
3.6728969e-08
3.8078475e-08
3.9493067e-08
4.097695e-08
4.253473e-08
4.417145e-08
4.5892642e-08
4.7704373e-08
4.9613256e-08
5.1626473e-08
5.3751864e-08
5.5997974e-08
5.8374033e-08
6.088988e-08
6.3555897e-08
6.6383094e-08
6.9383282e-08
7.2568717e-08
7.5951681e-08
7.9544579e-08
8.3359603e-08
8.7407693e-08
9.1697334e-08
9.6233912e-08
1.0102e-07
1.0605591e-07
1.1134077e-07
1.1687404e-07
1.2265818e-07
1.2870144e-07
1.3502095e-07
1.416437e-07
1.4860531e-07
1.55948e-07
1.6371854e-07
1.7196458e-07
1.8073036e-07
1.9005247e-07
1.9995855e-07
2.1046717e-07
2.21586e-07
2.3331215e-07
2.4563626e-07
2.5855151e-07
2.7206211e-07
2.8618804e-07
3.0096596e-07
3.1644682e-07
3.3268996e-07
3.4975457e-07
3.6768957e-07
3.8652529e-07
4.0625351e-07
4.2681216e-07
4.4874925e-07
4.7266283e-07
4.9721041e-07
5.2041876e-07
5.4197733e-07
5.6159465e-07
5.7904965e-07
5.94091e-07
6.0638485e-07
6.1517149e-07
6.1856057e-07
6.2015379e-07
6.2154911e-07
6.2232186e-07
6.2344416e-07
6.2553092e-07
6.2877212e-07
6.3298794e-07
6.3769814e-07
6.4216063e-07
6.4500274e-07
6.4448526e-07
6.3893923e-07
6.3099897e-07
6.2292722e-07
6.1113785e-07
5.9358997e-07
5.6858075e-07
5.3634114e-07
4.999357e-07
4.6309947e-07
4.2639481e-07
3.9031658e-07
3.5516961e-07
3.2110871e-07
2.8819317e-07
2.5646122e-07
2.2600654e-07
1.9705613e-07
1.7001963e-07
1.4555404e-07
1.2459523e-07
1.0816134e-07
)
;
    }
    outlet
    {
        type            calculated;
        value           nonuniform List<scalar> 
235
(
1.2114809e-07
3.7712984e-07
6.5430347e-07
9.5161725e-07
1.2621258e-06
1.5720469e-06
1.8683691e-06
2.145963e-06
2.4067667e-06
2.6549255e-06
2.8937379e-06
3.1256996e-06
3.3529564e-06
3.5773448e-06
3.8004141e-06
4.0234694e-06
4.2476171e-06
4.4738025e-06
4.7028429e-06
4.935454e-06
5.1722711e-06
5.4138657e-06
5.6607601e-06
5.9134365e-06
6.1723468e-06
6.4379191e-06
6.7105629e-06
6.9906737e-06
7.278637e-06
7.574831e-06
7.8796291e-06
8.193402e-06
8.5165195e-06
8.8493523e-06
9.1922728e-06
9.5456566e-06
9.9098834e-06
1.0285338e-05
1.0672411e-05
1.10715e-05
1.148301e-05
1.1907352e-05
1.2344949e-05
1.279623e-05
1.3261636e-05
1.3741619e-05
1.4236639e-05
1.474717e-05
1.5273698e-05
1.5816722e-05
1.6376753e-05
1.6954317e-05
1.7549956e-05
1.8164224e-05
1.8797694e-05
1.9450954e-05
2.012461e-05
2.0819285e-05
2.153562e-05
2.2274276e-05
2.3035932e-05
2.3821287e-05
2.463106e-05
2.5465992e-05
2.6326843e-05
2.7214396e-05
2.8129457e-05
2.9072852e-05
3.0045431e-05
3.1048072e-05
3.2081672e-05
3.3147159e-05
3.4245482e-05
3.5377625e-05
3.6544592e-05
3.7747419e-05
3.8987167e-05
4.0264921e-05
4.1581784e-05
4.2938878e-05
4.4337325e-05
4.5778248e-05
4.7262758e-05
4.8791984e-05
5.0367074e-05
5.1989213e-05
5.3659611e-05
5.5379517e-05
5.7150212e-05
5.8973016e-05
6.0849288e-05
6.2780428e-05
6.4767876e-05
6.6813121e-05
6.8917691e-05
7.1083169e-05
7.3311181e-05
7.5603407e-05
7.7961581e-05
8.0387488e-05
8.288297e-05
8.5449916e-05
8.8090261e-05
9.0805965e-05
9.3598999e-05
9.6471318e-05
9.9424827e-05
0.00010246138
0.00010558277
0.0001087909
0.00011208787
0.00011547637
0.00011896023
0.00012254342
0.00012622909
0.00013002024
0.00013392001
0.0001379316
0.00014205833
0.0001463036
0.00015067089
0.00015516375
0.00015978575
0.00016454044
0.00016943127
0.00017446144
0.00017963365
0.00018494964
0.00019040944
0.0001960103
0.0002017456
0.0002076057
0.00021358301
0.0002196795
0.00022590846
0.00023228821
0.00023883491
0.00024556021
0.00025247237
0.00025957795
0.00026688289
0.00027439297
0.000282114
0.00029005194
0.00029821292
0.00030660319
0.00031522927
0.00032409779
0.00033321562
0.00034258984
0.00035222769
0.00036213662
0.00037232431
0.00038279862
0.0003935676
0.00040463957
0.00041602302
0.00042772671
0.00043975966
0.00045213112
0.00046485062
0.00047792793
0.00049137313
0.00050519659
0.0005194089
0.00053402105
0.00054904426
0.0005644901
0.00058037044
0.00059669755
0.00061348395
0.00063074258
0.00064848671
0.00066673002
0.00068548654
0.00070477068
0.00072459734
0.00074498173
0.00076593957
0.00078748697
0.00080964054
0.0008324173
0.00085583481
0.00087991106
0.00090466461
0.00093011449
0.00095628032
0.00098318222
0.0010108409
0.0010392775
0.0010685141
0.0010985732
0.0011294778
0.0011612517
0.0011939195
0.0012275062
0.0012620377
0.0012975406
0.0013340421
0.0013715704
0.0014101544
0.0014498237
0.0014906088
0.0015325412
0.0015756531
0.0016199776
0.001665549
0.0017124027
0.0017605756
0.0018101044
0.0018610265
0.0019133808
0.0019672074
0.0020225474
0.0020794434
0.0021379392
0.0021980802
0.0022599122
0.0023234827
0.0023888411
0.0024560378
0.0025251244
0.0025961545
0.0026691825
0.0027442637
0.013227254
0.018451078
0.025737747
0.035901651
0.050078489
0.069852126
0.097431167
0.13589987
0.18955294
0.26436971
)
;
    }
    slipsurface
    {
        type            calculated;
        value           uniform 0;
    }
    bottom
    {
        type            calculated;
        value           uniform 0;
    }
    frontandback
    {
        type            empty;
    }
}


// ************************************************************************* //
