/*--------------------------------*- C++ -*----------------------------------*\
  =========                 |
  \\      /  F ield         | OpenFOAM: The Open Source CFD Toolbox
   \\    /   O peration     | Website:  https://openfoam.org
    \\  /    A nd           | Version:  12
     \\/     M anipulation  |
\*---------------------------------------------------------------------------*/
FoamFile
{
    format      ascii;
    class       volScalarField;
    location    "1500";
    object      p;
}
// * * * * * * * * * * * * * * * * * * * * * * * * * * * * * * * * * * * * * //

dimensions      [0 2 -2 0 0 0 0];

internalField   nonuniform List<scalar> 
12953
(
0.0014129939
0.0014108019
0.0014086106
0.0014064187
0.0014042273
0.0014020385
0.0013998524
0.0013976713
0.0013954974
0.0013933288
0.0013911661
0.0013889945
0.0013868219
0.0013846316
0.0013824574
0.0013802444
0.0013780899
0.0013757553
0.0013737729
0.0013718686
0.0013695362
0.001367322
0.0013651598
0.0013630285
0.0013608468
0.0013586751
0.0013564977
0.0013543249
0.0013521516
0.0013499778
0.0013478037
0.0013456307
0.0013434599
0.0013412925
0.0013391294
0.0013369709
0.0013348165
0.0013326635
0.0013305064
0.0013283438
0.0013261788
0.0013240127
0.0013218452
0.0013196765
0.0013175076
0.0013153397
0.0013131739
0.0013110111
0.0013088522
0.0013066976
0.0013045457
0.0013023914
0.0013002309
0.001298066
0.0012958994
0.0012937311
0.0012915608
0.0012893893
0.0012872179
0.0012850478
0.00128288
0.0012807153
0.0012785544
0.0012763966
0.0012742385
0.001272075
0.0012699059
0.0012677348
0.0012655613
0.0012633852
0.0012612051
0.0012590103
0.0012568054
0.0012546066
0.0012524158
0.001250229
0.0012480477
0.0012458697
0.0012436896
0.0012415045
0.0012393159
0.0012371263
0.0012349337
0.0012327375
0.0012305386
0.0012283384
0.0012261382
0.0012239392
0.0012217421
0.0012195474
0.0012173532
0.0012151535
0.0012129455
0.0012107322
0.0012085157
0.0012062955
0.0012040713
0.0012018443
0.0011996158
0.0011973872
0.0011951592
0.0011929322
0.0011907062
0.0011884732
0.0011862275
0.0011839758
0.0011817255
0.0011794767
0.0011772252
0.0011749685
0.0011727078
0.0011704442
0.0011681785
0.0011659131
0.001163649
0.0011613882
0.0011591262
0.0011568567
0.001154578
0.0011522983
0.0011500185
0.0011477422
0.0011454624
0.0011431568
0.0011408287
0.0011384919
0.001136158
0.0011338326
0.0011315147
0.0011291961
0.0011268701
0.0011245383
0.001122202
0.0011198605
0.0011175118
0.0011151584
0.0011128041
0.0011104487
0.0011080909
0.0011057318
0.0011033689
0.0011010061
0.0010986191
0.0010962599
0.0010938386
0.0010913888
0.0010890051
0.0010866259
0.0010842202
0.0010817637
0.0010793221
0.00107688
0.0010744643
0.0010720418
0.0014129941
0.0014108021
0.0014086108
0.0014064189
0.0014042275
0.0014020387
0.0013998525
0.0013976715
0.0013954976
0.001393329
0.0013911662
0.0013889947
0.001386822
0.0013846318
0.0013824576
0.0013802446
0.0013780901
0.0013757555
0.0013737731
0.0013718687
0.0013695363
0.0013673222
0.0013651599
0.0013630286
0.0013608469
0.0013586752
0.0013564979
0.0013543251
0.0013521517
0.001349978
0.0013478038
0.0013456308
0.0013434601
0.0013412927
0.0013391296
0.001336971
0.0013348166
0.0013326637
0.0013305065
0.0013283439
0.0013261789
0.0013240128
0.0013218453
0.0013196766
0.0013175077
0.0013153399
0.0013131741
0.0013110113
0.0013088523
0.0013066977
0.0013045459
0.0013023916
0.001300231
0.0012980662
0.0012958995
0.0012937312
0.0012915609
0.0012893894
0.001287218
0.001285048
0.0012828801
0.0012807155
0.0012785545
0.0012763967
0.0012742386
0.0012720752
0.001269906
0.001267735
0.0012655614
0.0012633853
0.0012612052
0.0012590104
0.0012568055
0.0012546067
0.001252416
0.0012502291
0.0012480478
0.0012458698
0.0012436897
0.0012415046
0.001239316
0.0012371264
0.0012349338
0.0012327376
0.0012305387
0.0012283385
0.0012261383
0.0012239393
0.0012217422
0.0012195475
0.0012173533
0.0012151536
0.0012129456
0.0012107323
0.0012085158
0.0012062956
0.0012040715
0.0012018444
0.0011996159
0.0011973873
0.0011951593
0.0011929323
0.0011907063
0.0011884733
0.0011862276
0.0011839759
0.0011817256
0.0011794768
0.0011772253
0.0011749686
0.0011727079
0.0011704443
0.0011681786
0.0011659132
0.001163649
0.0011613883
0.0011591263
0.0011568568
0.0011545781
0.0011522983
0.0011500186
0.0011477422
0.0011454625
0.0011431569
0.0011408288
0.001138492
0.0011361581
0.0011338327
0.0011315148
0.0011291962
0.0011268702
0.0011245384
0.0011222021
0.0011198606
0.0011175118
0.0011151585
0.0011128042
0.0011104488
0.001108091
0.0011057319
0.001103369
0.0011010062
0.0010986192
0.00109626
0.0010938387
0.0010913889
0.0010890052
0.001086626
0.0010842203
0.0010817638
0.0010793222
0.00107688
0.0010744643
0.0010720419
0.0014129943
0.0014108023
0.001408611
0.0014064191
0.0014042277
0.0014020389
0.0013998527
0.0013976717
0.0013954978
0.0013933292
0.0013911664
0.0013889949
0.0013868222
0.001384632
0.0013824578
0.0013802448
0.0013780903
0.0013757556
0.0013737732
0.0013718689
0.0013695365
0.0013673223
0.0013651601
0.0013630288
0.0013608471
0.0013586754
0.0013564981
0.0013543252
0.0013521519
0.0013499781
0.001347804
0.001345631
0.0013434603
0.0013412929
0.0013391298
0.0013369712
0.0013348168
0.0013326638
0.0013305067
0.0013283441
0.0013261791
0.001324013
0.0013218455
0.0013196768
0.0013175079
0.00131534
0.0013131742
0.0013110114
0.0013088525
0.0013066979
0.001304546
0.0013023917
0.0013002312
0.0012980663
0.0012958997
0.0012937314
0.0012915611
0.0012893896
0.0012872182
0.0012850481
0.0012828802
0.0012807156
0.0012785547
0.0012763969
0.0012742388
0.0012720753
0.0012699061
0.0012677351
0.0012655616
0.0012633855
0.0012612053
0.0012590105
0.0012568057
0.0012546068
0.0012524161
0.0012502292
0.0012480479
0.00124587
0.0012436898
0.0012415047
0.0012393162
0.0012371265
0.001234934
0.0012327377
0.0012305388
0.0012283386
0.0012261385
0.0012239395
0.0012217423
0.0012195476
0.0012173534
0.0012151537
0.0012129458
0.0012107325
0.0012085159
0.0012062957
0.0012040716
0.0012018445
0.001199616
0.0011973874
0.0011951595
0.0011929324
0.0011907064
0.0011884734
0.0011862277
0.001183976
0.0011817257
0.0011794769
0.0011772254
0.0011749687
0.001172708
0.0011704444
0.0011681787
0.0011659133
0.0011636492
0.0011613884
0.0011591264
0.0011568569
0.0011545782
0.0011522984
0.0011500187
0.0011477423
0.0011454626
0.001143157
0.0011408289
0.0011384921
0.0011361582
0.0011338328
0.0011315149
0.0011291963
0.0011268703
0.0011245385
0.0011222022
0.0011198607
0.0011175119
0.0011151586
0.0011128043
0.0011104489
0.0011080911
0.001105732
0.0011033691
0.0011010063
0.0010986193
0.00109626
0.0010938388
0.0010913889
0.0010890053
0.0010866261
0.0010842204
0.0010817639
0.0010793223
0.0010768801
0.0010744644
0.001072042
0.0014129945
0.0014108025
0.0014086112
0.0014064193
0.0014042279
0.0014020391
0.0013998529
0.0013976718
0.0013954979
0.0013933294
0.0013911666
0.0013889951
0.0013868224
0.0013846322
0.001382458
0.0013802449
0.0013780904
0.0013757558
0.0013737734
0.0013718691
0.0013695367
0.0013673225
0.0013651603
0.001363029
0.0013608473
0.0013586756
0.0013564982
0.0013543254
0.0013521521
0.0013499783
0.0013478042
0.0013456311
0.0013434604
0.001341293
0.0013391299
0.0013369714
0.001334817
0.001332664
0.0013305068
0.0013283443
0.0013261792
0.0013240131
0.0013218456
0.001319677
0.0013175081
0.0013153402
0.0013131744
0.0013110116
0.0013088526
0.001306698
0.0013045462
0.0013023919
0.0013002313
0.0012980665
0.0012958998
0.0012937315
0.0012915612
0.0012893897
0.0012872183
0.0012850483
0.0012828804
0.0012807158
0.0012785548
0.001276397
0.0012742389
0.0012720755
0.0012699063
0.0012677352
0.0012655617
0.0012633856
0.0012612055
0.0012590107
0.0012568058
0.001254607
0.0012524162
0.0012502294
0.0012480481
0.0012458701
0.00124369
0.0012415048
0.0012393163
0.0012371266
0.0012349341
0.0012327379
0.0012305389
0.0012283387
0.0012261386
0.0012239396
0.0012217424
0.0012195477
0.0012173535
0.0012151538
0.0012129459
0.0012107326
0.001208516
0.0012062958
0.0012040717
0.0012018447
0.0011996161
0.0011973875
0.0011951596
0.0011929326
0.0011907066
0.0011884735
0.0011862278
0.0011839761
0.0011817258
0.001179477
0.0011772255
0.0011749688
0.0011727081
0.0011704445
0.0011681788
0.0011659134
0.0011636493
0.0011613885
0.0011591265
0.001156857
0.0011545783
0.0011522985
0.0011500188
0.0011477424
0.0011454627
0.0011431571
0.001140829
0.0011384922
0.0011361583
0.0011338329
0.001131515
0.0011291964
0.0011268704
0.0011245386
0.0011222023
0.0011198608
0.001117512
0.0011151587
0.0011128044
0.001110449
0.0011080911
0.001105732
0.0011033691
0.0011010064
0.0010986193
0.0010962601
0.0010938389
0.001091389
0.0010890053
0.0010866262
0.0010842205
0.0010817639
0.0010793224
0.0010768802
0.0010744645
0.001072042
0.0014129947
0.0014108027
0.0014086113
0.0014064195
0.0014042281
0.0014020393
0.0013998531
0.001397672
0.0013954981
0.0013933295
0.0013911668
0.0013889953
0.0013868226
0.0013846323
0.0013824581
0.0013802451
0.0013780906
0.001375756
0.0013737736
0.0013718693
0.0013695369
0.0013673227
0.0013651605
0.0013630292
0.0013608475
0.0013586757
0.0013564984
0.0013543256
0.0013521523
0.0013499785
0.0013478043
0.0013456313
0.0013434606
0.0013412932
0.0013391301
0.0013369715
0.0013348171
0.0013326641
0.001330507
0.0013283444
0.0013261794
0.0013240133
0.0013218458
0.0013196771
0.0013175082
0.0013153403
0.0013131745
0.0013110117
0.0013088528
0.0013066982
0.0013045463
0.001302392
0.0013002315
0.0012980666
0.0012959
0.0012937316
0.0012915614
0.0012893899
0.0012872185
0.0012850484
0.0012828805
0.0012807159
0.0012785549
0.0012763972
0.001274239
0.0012720756
0.0012699064
0.0012677354
0.0012655619
0.0012633858
0.0012612056
0.0012590108
0.0012568059
0.0012546071
0.0012524164
0.0012502295
0.0012480482
0.0012458702
0.0012436901
0.001241505
0.0012393164
0.0012371268
0.0012349342
0.001232738
0.001230539
0.0012283389
0.0012261387
0.0012239397
0.0012217426
0.0012195478
0.0012173536
0.001215154
0.001212946
0.0012107327
0.0012085162
0.001206296
0.0012040718
0.0012018448
0.0011996162
0.0011973876
0.0011951597
0.0011929327
0.0011907067
0.0011884736
0.0011862279
0.0011839762
0.0011817259
0.0011794771
0.0011772256
0.0011749689
0.0011727082
0.0011704446
0.0011681789
0.0011659135
0.0011636494
0.0011613886
0.0011591266
0.0011568571
0.0011545784
0.0011522986
0.0011500189
0.0011477425
0.0011454628
0.0011431571
0.0011408291
0.0011384923
0.0011361584
0.001133833
0.001131515
0.0011291965
0.0011268704
0.0011245387
0.0011222024
0.0011198608
0.0011175121
0.0011151588
0.0011128045
0.0011104491
0.0011080912
0.0011057321
0.0011033692
0.0011010065
0.0010986194
0.0010962602
0.001093839
0.0010913891
0.0010890054
0.0010866263
0.0010842205
0.001081764
0.0010793224
0.0010768803
0.0010744646
0.0010720421
0.0014129948
0.0014108029
0.0014086115
0.0014064197
0.0014042283
0.0014020395
0.0013998533
0.0013976722
0.0013954983
0.0013933297
0.001391167
0.0013889955
0.0013868228
0.0013846325
0.0013824583
0.0013802453
0.0013780908
0.0013757562
0.0013737738
0.0013718694
0.001369537
0.0013673229
0.0013651606
0.0013630294
0.0013608476
0.0013586759
0.0013564986
0.0013543257
0.0013521524
0.0013499786
0.0013478045
0.0013456315
0.0013434608
0.0013412933
0.0013391302
0.0013369717
0.0013348173
0.0013326643
0.0013305071
0.0013283446
0.0013261795
0.0013240134
0.001321846
0.0013196773
0.0013175084
0.0013153405
0.0013131747
0.0013110119
0.0013088529
0.0013066983
0.0013045465
0.0013023922
0.0013002316
0.0012980668
0.0012959001
0.0012937318
0.0012915615
0.00128939
0.0012872186
0.0012850485
0.0012828807
0.001280716
0.0012785551
0.0012763973
0.0012742392
0.0012720757
0.0012699066
0.0012677355
0.001265562
0.0012633859
0.0012612057
0.0012590109
0.0012568061
0.0012546072
0.0012524165
0.0012502296
0.0012480483
0.0012458703
0.0012436902
0.0012415051
0.0012393166
0.0012371269
0.0012349343
0.0012327381
0.0012305392
0.001228339
0.0012261388
0.0012239398
0.0012217427
0.001219548
0.0012173538
0.0012151541
0.0012129461
0.0012107328
0.0012085163
0.0012062961
0.0012040719
0.0012018449
0.0011996163
0.0011973877
0.0011951598
0.0011929328
0.0011907068
0.0011884737
0.001186228
0.0011839764
0.0011817261
0.0011794772
0.0011772257
0.001174969
0.0011727084
0.0011704447
0.001168179
0.0011659136
0.0011636495
0.0011613887
0.0011591267
0.0011568572
0.0011545785
0.0011522987
0.001150019
0.0011477426
0.0011454629
0.0011431572
0.0011408292
0.0011384924
0.0011361585
0.0011338331
0.0011315151
0.0011291966
0.0011268705
0.0011245388
0.0011222025
0.0011198609
0.0011175122
0.0011151589
0.0011128046
0.0011104492
0.0011080913
0.0011057322
0.0011033693
0.0011010065
0.0010986195
0.0010962603
0.0010938391
0.0010913892
0.0010890055
0.0010866264
0.0010842206
0.0010817641
0.0010793225
0.0010768804
0.0010744647
0.0010720422
0.001412995
0.0014108031
0.0014086117
0.0014064199
0.0014042284
0.0014020397
0.0013998535
0.0013976724
0.0013954985
0.0013933299
0.0013911672
0.0013889956
0.0013868229
0.0013846327
0.0013824585
0.0013802455
0.001378091
0.0013757564
0.0013737739
0.0013718696
0.0013695372
0.0013673231
0.0013651608
0.0013630295
0.0013608478
0.0013586761
0.0013564987
0.0013543259
0.0013521526
0.0013499788
0.0013478047
0.0013456316
0.0013434609
0.0013412935
0.0013391304
0.0013369718
0.0013348175
0.0013326645
0.0013305073
0.0013283447
0.0013261797
0.0013240136
0.0013218461
0.0013196774
0.0013175085
0.0013153406
0.0013131748
0.001311012
0.0013088531
0.0013066985
0.0013045466
0.0013023923
0.0013002318
0.0012980669
0.0012959003
0.0012937319
0.0012915616
0.0012893902
0.0012872187
0.0012850487
0.0012828808
0.0012807162
0.0012785552
0.0012763974
0.0012742393
0.0012720759
0.0012699067
0.0012677356
0.0012655621
0.001263386
0.0012612059
0.0012590111
0.0012568062
0.0012546074
0.0012524166
0.0012502297
0.0012480484
0.0012458705
0.0012436903
0.0012415052
0.0012393167
0.001237127
0.0012349345
0.0012327382
0.0012305393
0.0012283391
0.0012261389
0.0012239399
0.0012217428
0.0012195481
0.0012173539
0.0012151542
0.0012129462
0.0012107329
0.0012085164
0.0012062962
0.001204072
0.001201845
0.0011996164
0.0011973878
0.0011951599
0.0011929329
0.0011907069
0.0011884738
0.0011862281
0.0011839765
0.0011817262
0.0011794773
0.0011772258
0.0011749691
0.0011727085
0.0011704448
0.0011681791
0.0011659137
0.0011636496
0.0011613888
0.0011591268
0.0011568573
0.0011545786
0.0011522988
0.0011500191
0.0011477427
0.001145463
0.0011431573
0.0011408293
0.0011384925
0.0011361586
0.0011338332
0.0011315152
0.0011291967
0.0011268706
0.0011245389
0.0011222026
0.001119861
0.0011175123
0.001115159
0.0011128046
0.0011104493
0.0011080914
0.0011057323
0.0011033694
0.0011010066
0.0010986196
0.0010962604
0.0010938391
0.0010913893
0.0010890056
0.0010866264
0.0010842207
0.0010817642
0.0010793226
0.0010768804
0.0010744647
0.0010720423
0.0014129952
0.0014108033
0.0014086119
0.0014064201
0.0014042286
0.0014020398
0.0013998537
0.0013976726
0.0013954987
0.0013933301
0.0013911673
0.0013889958
0.0013868231
0.0013846329
0.0013824587
0.0013802457
0.0013780912
0.0013757565
0.0013737741
0.0013718698
0.0013695374
0.0013673232
0.001365161
0.0013630297
0.001360848
0.0013586763
0.0013564989
0.0013543261
0.0013521528
0.001349979
0.0013478048
0.0013456318
0.0013434611
0.0013412937
0.0013391306
0.001336972
0.0013348176
0.0013326646
0.0013305075
0.0013283449
0.0013261799
0.0013240138
0.0013218463
0.0013196776
0.0013175087
0.0013153408
0.001313175
0.0013110122
0.0013088532
0.0013066986
0.0013045468
0.0013023925
0.0013002319
0.0012980671
0.0012959004
0.0012937321
0.0012915618
0.0012893903
0.0012872189
0.0012850488
0.0012828809
0.0012807163
0.0012785554
0.0012763976
0.0012742394
0.001272076
0.0012699068
0.0012677358
0.0012655623
0.0012633862
0.001261206
0.0012590112
0.0012568063
0.0012546075
0.0012524167
0.0012502299
0.0012480486
0.0012458706
0.0012436905
0.0012415053
0.0012393168
0.0012371271
0.0012349346
0.0012327383
0.0012305394
0.0012283392
0.0012261391
0.0012239401
0.0012217429
0.0012195482
0.001217354
0.0012151543
0.0012129463
0.001210733
0.0012085165
0.0012062963
0.0012040721
0.0012018451
0.0011996165
0.001197388
0.00119516
0.001192933
0.001190707
0.0011884739
0.0011862282
0.0011839766
0.0011817263
0.0011794774
0.0011772259
0.0011749692
0.0011727086
0.0011704449
0.0011681792
0.0011659138
0.0011636497
0.0011613889
0.0011591269
0.0011568574
0.0011545787
0.0011522989
0.0011500192
0.0011477428
0.0011454631
0.0011431574
0.0011408294
0.0011384926
0.0011361587
0.0011338333
0.0011315153
0.0011291968
0.0011268707
0.001124539
0.0011222027
0.0011198611
0.0011175124
0.001115159
0.0011128047
0.0011104494
0.0011080915
0.0011057324
0.0011033695
0.0011010067
0.0010986197
0.0010962605
0.0010938392
0.0010913894
0.0010890057
0.0010866265
0.0010842208
0.0010817643
0.0010793227
0.0010768805
0.0010744648
0.0010720424
0.0014129954
0.0014108035
0.0014086121
0.0014064203
0.0014042288
0.00140204
0.0013998539
0.0013976728
0.0013954989
0.0013933303
0.0013911675
0.001388996
0.0013868233
0.0013846331
0.0013824589
0.0013802458
0.0013780913
0.0013757567
0.0013737743
0.00137187
0.0013695376
0.0013673234
0.0013651612
0.0013630299
0.0013608482
0.0013586764
0.0013564991
0.0013543262
0.0013521529
0.0013499792
0.001347805
0.001345632
0.0013434613
0.0013412938
0.0013391307
0.0013369722
0.0013348178
0.0013326648
0.0013305076
0.0013283451
0.00132618
0.0013240139
0.0013218464
0.0013196777
0.0013175088
0.0013153409
0.0013131751
0.0013110123
0.0013088534
0.0013066988
0.0013045469
0.0013023926
0.0013002321
0.0012980672
0.0012959006
0.0012937322
0.0012915619
0.0012893905
0.001287219
0.001285049
0.0012828811
0.0012807165
0.0012785555
0.0012763977
0.0012742396
0.0012720761
0.001269907
0.0012677359
0.0012655624
0.0012633863
0.0012612061
0.0012590113
0.0012568065
0.0012546076
0.0012524169
0.00125023
0.0012480487
0.0012458707
0.0012436906
0.0012415055
0.0012393169
0.0012371273
0.0012349347
0.0012327385
0.0012305395
0.0012283393
0.0012261392
0.0012239402
0.001221743
0.0012195483
0.0012173541
0.0012151544
0.0012129465
0.0012107332
0.0012085166
0.0012062964
0.0012040723
0.0012018452
0.0011996167
0.0011973881
0.0011951601
0.0011929331
0.0011907071
0.001188474
0.0011862283
0.0011839767
0.0011817264
0.0011794775
0.001177226
0.0011749693
0.0011727087
0.0011704451
0.0011681793
0.0011659139
0.0011636498
0.001161389
0.001159127
0.0011568575
0.0011545788
0.001152299
0.0011500193
0.0011477429
0.0011454632
0.0011431575
0.0011408294
0.0011384927
0.0011361588
0.0011338333
0.0011315154
0.0011291969
0.0011268708
0.0011245391
0.0011222028
0.0011198612
0.0011175125
0.0011151591
0.0011128048
0.0011104494
0.0011080916
0.0011057325
0.0011033696
0.0011010068
0.0010986198
0.0010962606
0.0010938393
0.0010913894
0.0010890058
0.0010866266
0.0010842209
0.0010817643
0.0010793228
0.0010768806
0.0010744649
0.0010720424
0.0014129956
0.0014108037
0.0014086123
0.0014064205
0.001404229
0.0014020402
0.0013998541
0.001397673
0.0013954991
0.0013933305
0.0013911677
0.0013889962
0.0013868235
0.0013846333
0.001382459
0.001380246
0.0013780915
0.0013757569
0.0013737745
0.0013718701
0.0013695377
0.0013673236
0.0013651614
0.0013630301
0.0013608483
0.0013586766
0.0013564993
0.0013543264
0.0013521531
0.0013499793
0.0013478052
0.0013456321
0.0013434614
0.001341294
0.0013391309
0.0013369723
0.001334818
0.001332665
0.0013305078
0.0013283452
0.0013261802
0.0013240141
0.0013218466
0.0013196779
0.001317509
0.0013153411
0.0013131753
0.0013110125
0.0013088535
0.0013066989
0.0013045471
0.0013023928
0.0013002322
0.0012980674
0.0012959007
0.0012937324
0.0012915621
0.0012893906
0.0012872192
0.0012850491
0.0012828812
0.0012807166
0.0012785556
0.0012763979
0.0012742397
0.0012720763
0.0012699071
0.0012677361
0.0012655625
0.0012633864
0.0012612063
0.0012590115
0.0012568066
0.0012546078
0.001252417
0.0012502301
0.0012480488
0.0012458709
0.0012436907
0.0012415056
0.0012393171
0.0012371274
0.0012349348
0.0012327386
0.0012305397
0.0012283395
0.0012261393
0.0012239403
0.0012217432
0.0012195484
0.0012173542
0.0012151545
0.0012129466
0.0012107333
0.0012085167
0.0012062965
0.0012040724
0.0012018453
0.0011996168
0.0011973882
0.0011951602
0.0011929332
0.0011907072
0.0011884741
0.0011862285
0.0011839768
0.0011817265
0.0011794776
0.0011772261
0.0011749694
0.0011727088
0.0011704452
0.0011681794
0.001165914
0.0011636499
0.0011613891
0.0011591271
0.0011568576
0.0011545789
0.0011522991
0.0011500194
0.001147743
0.0011454633
0.0011431576
0.0011408295
0.0011384928
0.0011361589
0.0011338334
0.0011315155
0.001129197
0.0011268709
0.0011245392
0.0011222029
0.0011198613
0.0011175126
0.0011151592
0.0011128049
0.0011104495
0.0011080917
0.0011057326
0.0011033697
0.0011010069
0.0010986199
0.0010962606
0.0010938394
0.0010913895
0.0010890058
0.0010866267
0.0010842209
0.0010817644
0.0010793228
0.0010768807
0.001074465
0.0010720425
0.0014129958
0.0014108039
0.0014086125
0.0014064206
0.0014042292
0.0014020404
0.0013998543
0.0013976732
0.0013954993
0.0013933307
0.0013911679
0.0013889964
0.0013868237
0.0013846334
0.0013824592
0.0013802462
0.0013780917
0.0013757571
0.0013737746
0.0013718703
0.0013695379
0.0013673238
0.0013651615
0.0013630302
0.0013608485
0.0013586768
0.0013564994
0.0013543266
0.0013521533
0.0013499795
0.0013478053
0.0013456323
0.0013434616
0.0013412942
0.0013391311
0.0013369725
0.0013348181
0.0013326651
0.001330508
0.0013283454
0.0013261803
0.0013240142
0.0013218467
0.001319678
0.0013175092
0.0013153413
0.0013131755
0.0013110127
0.0013088537
0.0013066991
0.0013045472
0.0013023929
0.0013002324
0.0012980675
0.0012959009
0.0012937325
0.0012915622
0.0012893908
0.0012872193
0.0012850493
0.0012828814
0.0012807167
0.0012785558
0.001276398
0.0012742399
0.0012720764
0.0012699072
0.0012677362
0.0012655627
0.0012633866
0.0012612064
0.0012590116
0.0012568067
0.0012546079
0.0012524171
0.0012502303
0.001248049
0.001245871
0.0012436909
0.0012415057
0.0012393172
0.0012371275
0.001234935
0.0012327387
0.0012305398
0.0012283396
0.0012261394
0.0012239404
0.0012217433
0.0012195486
0.0012173544
0.0012151547
0.0012129467
0.0012107334
0.0012085169
0.0012062966
0.0012040725
0.0012018455
0.0011996169
0.0011973883
0.0011951603
0.0011929333
0.0011907073
0.0011884743
0.0011862286
0.0011839769
0.0011817266
0.0011794777
0.0011772262
0.0011749695
0.0011727089
0.0011704453
0.0011681795
0.0011659141
0.00116365
0.0011613892
0.0011591272
0.0011568577
0.001154579
0.0011522992
0.0011500195
0.0011477431
0.0011454634
0.0011431577
0.0011408296
0.0011384929
0.001136159
0.0011338335
0.0011315156
0.0011291971
0.001126871
0.0011245393
0.001122203
0.0011198614
0.0011175127
0.0011151593
0.001112805
0.0011104496
0.0011080918
0.0011057327
0.0011033697
0.001101007
0.0010986199
0.0010962607
0.0010938395
0.0010913896
0.0010890059
0.0010866268
0.001084221
0.0010817645
0.0010793229
0.0010768808
0.0010744651
0.0010720426
0.001412996
0.0014108041
0.0014086127
0.0014064209
0.0014042294
0.0014020406
0.0013998545
0.0013976734
0.0013954995
0.0013933309
0.0013911681
0.0013889966
0.0013868239
0.0013846336
0.0013824594
0.0013802464
0.0013780919
0.0013757573
0.0013737748
0.0013718705
0.0013695381
0.001367324
0.0013651617
0.0013630304
0.0013608487
0.001358677
0.0013564996
0.0013543268
0.0013521535
0.0013499797
0.0013478055
0.0013456325
0.0013434618
0.0013412943
0.0013391312
0.0013369727
0.0013348183
0.0013326653
0.0013305081
0.0013283455
0.0013261805
0.0013240144
0.0013218469
0.0013196782
0.0013175093
0.0013153414
0.0013131756
0.0013110128
0.0013088539
0.0013066992
0.0013045474
0.0013023931
0.0013002325
0.0012980677
0.001295901
0.0012937327
0.0012915624
0.0012893909
0.0012872195
0.0012850494
0.0012828815
0.0012807169
0.0012785559
0.0012763982
0.00127424
0.0012720766
0.0012699074
0.0012677363
0.0012655628
0.0012633867
0.0012612065
0.0012590118
0.0012568069
0.001254608
0.0012524173
0.0012502304
0.0012480491
0.0012458711
0.001243691
0.0012415059
0.0012393173
0.0012371277
0.0012349351
0.0012327389
0.0012305399
0.0012283397
0.0012261396
0.0012239406
0.0012217434
0.0012195487
0.0012173545
0.0012151548
0.0012129468
0.0012107335
0.001208517
0.0012062968
0.0012040726
0.0012018456
0.001199617
0.0011973884
0.0011951605
0.0011929335
0.0011907074
0.0011884744
0.0011862287
0.001183977
0.0011817267
0.0011794779
0.0011772263
0.0011749696
0.001172709
0.0011704454
0.0011681797
0.0011659142
0.0011636501
0.0011613893
0.0011591273
0.0011568578
0.0011545791
0.0011522993
0.0011500196
0.0011477432
0.0011454635
0.0011431578
0.0011408297
0.001138493
0.0011361591
0.0011338336
0.0011315157
0.0011291972
0.0011268711
0.0011245394
0.001122203
0.0011198615
0.0011175127
0.0011151594
0.0011128051
0.0011104497
0.0011080919
0.0011057327
0.0011033698
0.0011010071
0.00109862
0.0010962608
0.0010938396
0.0010913897
0.001089006
0.0010866269
0.0010842211
0.0010817646
0.001079323
0.0010768808
0.0010744652
0.0010720427
0.0014129962
0.0014108043
0.0014086129
0.0014064211
0.0014042296
0.0014020408
0.0013998547
0.0013976736
0.0013954997
0.0013933311
0.0013911683
0.0013889968
0.0013868241
0.0013846338
0.0013824596
0.0013802466
0.0013780921
0.0013757575
0.001373775
0.0013718707
0.0013695383
0.0013673241
0.0013651619
0.0013630306
0.0013608489
0.0013586771
0.0013564998
0.001354327
0.0013521536
0.0013499798
0.0013478057
0.0013456327
0.0013434619
0.0013412945
0.0013391314
0.0013369728
0.0013348185
0.0013326655
0.0013305083
0.0013283457
0.0013261807
0.0013240146
0.0013218471
0.0013196784
0.0013175095
0.0013153416
0.0013131758
0.001311013
0.001308854
0.0013066994
0.0013045475
0.0013023932
0.0013002327
0.0012980678
0.0012959012
0.0012937328
0.0012915625
0.0012893911
0.0012872196
0.0012850496
0.0012828817
0.001280717
0.0012785561
0.0012763983
0.0012742402
0.0012720767
0.0012699075
0.0012677365
0.001265563
0.0012633868
0.0012612067
0.0012590119
0.001256807
0.0012546082
0.0012524174
0.0012502305
0.0012480492
0.0012458713
0.0012436911
0.001241506
0.0012393175
0.0012371278
0.0012349352
0.001232739
0.00123054
0.0012283399
0.0012261397
0.0012239407
0.0012217435
0.0012195488
0.0012173546
0.0012151549
0.0012129469
0.0012107336
0.0012085171
0.0012062969
0.0012040727
0.0012018457
0.0011996171
0.0011973885
0.0011951606
0.0011929336
0.0011907076
0.0011884745
0.0011862288
0.0011839771
0.0011817268
0.001179478
0.0011772265
0.0011749698
0.0011727091
0.0011704455
0.0011681798
0.0011659143
0.0011636502
0.0011613894
0.0011591274
0.0011568579
0.0011545792
0.0011522995
0.0011500197
0.0011477433
0.0011454636
0.0011431579
0.0011408298
0.0011384931
0.0011361592
0.0011338337
0.0011315158
0.0011291973
0.0011268712
0.0011245395
0.0011222031
0.0011198616
0.0011175128
0.0011151595
0.0011128052
0.0011104498
0.0011080919
0.0011057328
0.0011033699
0.0011010071
0.0010986201
0.0010962609
0.0010938397
0.0010913898
0.0010890061
0.0010866269
0.0010842212
0.0010817647
0.0010793231
0.0010768809
0.0010744652
0.0010720428
0.0014129965
0.0014108045
0.0014086131
0.0014064213
0.0014042298
0.001402041
0.0013998549
0.0013976738
0.0013954999
0.0013933313
0.0013911685
0.001388997
0.0013868243
0.001384634
0.0013824598
0.0013802468
0.0013780923
0.0013757577
0.0013737752
0.0013718708
0.0013695385
0.0013673243
0.0013651621
0.0013630308
0.0013608491
0.0013586773
0.0013565
0.0013543271
0.0013521538
0.00134998
0.0013478059
0.0013456328
0.0013434621
0.0013412947
0.0013391316
0.001336973
0.0013348186
0.0013326656
0.0013305085
0.0013283459
0.0013261808
0.0013240147
0.0013218472
0.0013196785
0.0013175096
0.0013153417
0.0013131759
0.0013110131
0.0013088542
0.0013066996
0.0013045477
0.0013023934
0.0013002328
0.001298068
0.0012959013
0.001293733
0.0012915627
0.0012893912
0.0012872198
0.0012850497
0.0012828818
0.0012807172
0.0012785562
0.0012763985
0.0012742403
0.0012720769
0.0012699077
0.0012677366
0.0012655631
0.001263387
0.0012612068
0.001259012
0.0012568071
0.0012546083
0.0012524176
0.0012502307
0.0012480494
0.0012458714
0.0012436913
0.0012415061
0.0012393176
0.0012371279
0.0012349354
0.0012327391
0.0012305402
0.00122834
0.0012261398
0.0012239408
0.0012217437
0.0012195489
0.0012173547
0.001215155
0.0012129471
0.0012107338
0.0012085172
0.001206297
0.0012040729
0.0012018458
0.0011996172
0.0011973887
0.0011951607
0.0011929337
0.0011907077
0.0011884746
0.0011862289
0.0011839772
0.0011817269
0.0011794781
0.0011772266
0.0011749699
0.0011727092
0.0011704456
0.0011681799
0.0011659144
0.0011636503
0.0011613895
0.0011591275
0.001156858
0.0011545793
0.0011522996
0.0011500198
0.0011477434
0.0011454637
0.001143158
0.0011408299
0.0011384932
0.0011361593
0.0011338338
0.0011315159
0.0011291974
0.0011268713
0.0011245396
0.0011222032
0.0011198617
0.0011175129
0.0011151596
0.0011128053
0.0011104499
0.001108092
0.0011057329
0.00110337
0.0011010072
0.0010986202
0.001096261
0.0010938398
0.0010913899
0.0010890062
0.001086627
0.0010842213
0.0010817648
0.0010793232
0.001076881
0.0010744653
0.0010720428
0.0014129967
0.0014108047
0.0014086133
0.0014064215
0.00140423
0.0014020412
0.0013998551
0.001397674
0.0013955001
0.0013933315
0.0013911687
0.0013889972
0.0013868245
0.0013846342
0.00138246
0.001380247
0.0013780925
0.0013757578
0.0013737754
0.001371871
0.0013695387
0.0013673245
0.0013651623
0.001363031
0.0013608492
0.0013586775
0.0013565001
0.0013543273
0.001352154
0.0013499802
0.001347806
0.001345633
0.0013434623
0.0013412949
0.0013391318
0.0013369732
0.0013348188
0.0013326658
0.0013305086
0.001328346
0.001326181
0.0013240149
0.0013218474
0.0013196787
0.0013175098
0.0013153419
0.0013131761
0.0013110133
0.0013088543
0.0013066997
0.0013045479
0.0013023935
0.001300233
0.0012980681
0.0012959015
0.0012937331
0.0012915628
0.0012893914
0.0012872199
0.0012850499
0.001282882
0.0012807173
0.0012785564
0.0012763986
0.0012742405
0.001272077
0.0012699078
0.0012677368
0.0012655633
0.0012633871
0.001261207
0.0012590122
0.0012568073
0.0012546084
0.0012524177
0.0012502308
0.0012480495
0.0012458715
0.0012436914
0.0012415063
0.0012393177
0.0012371281
0.0012349355
0.0012327392
0.0012305403
0.0012283401
0.0012261399
0.0012239409
0.0012217438
0.0012195491
0.0012173549
0.0012151552
0.0012129472
0.0012107339
0.0012085173
0.0012062971
0.001204073
0.0012018459
0.0011996174
0.0011973888
0.0011951608
0.0011929338
0.0011907078
0.0011884747
0.001186229
0.0011839774
0.0011817271
0.0011794782
0.0011772267
0.00117497
0.0011727093
0.0011704457
0.00116818
0.0011659145
0.0011636504
0.0011613896
0.0011591276
0.0011568581
0.0011545794
0.0011522997
0.0011500199
0.0011477435
0.0011454638
0.0011431581
0.00114083
0.0011384933
0.0011361594
0.0011338339
0.001131516
0.0011291975
0.0011268714
0.0011245397
0.0011222033
0.0011198618
0.001117513
0.0011151597
0.0011128054
0.00111045
0.0011080921
0.001105733
0.0011033701
0.0011010073
0.0010986203
0.0010962611
0.0010938398
0.00109139
0.0010890063
0.0010866271
0.0010842214
0.0010817649
0.0010793233
0.0010768811
0.0010744654
0.0010720429
0.0014129969
0.0014108049
0.0014086136
0.0014064217
0.0014042302
0.0014020414
0.0013998553
0.0013976742
0.0013955003
0.0013933317
0.0013911689
0.0013889974
0.0013868247
0.0013846344
0.0013824602
0.0013802472
0.0013780927
0.001375758
0.0013737756
0.0013718712
0.0013695389
0.0013673247
0.0013651625
0.0013630312
0.0013608494
0.0013586777
0.0013565003
0.0013543275
0.0013521542
0.0013499804
0.0013478062
0.0013456332
0.0013434625
0.001341295
0.0013391319
0.0013369734
0.001334819
0.001332666
0.0013305088
0.0013283462
0.0013261812
0.0013240151
0.0013218476
0.0013196789
0.00131751
0.0013153421
0.0013131763
0.0013110135
0.0013088545
0.0013066999
0.001304548
0.0013023937
0.0013002332
0.0012980683
0.0012959016
0.0012937333
0.001291563
0.0012893915
0.0012872201
0.00128505
0.0012828821
0.0012807175
0.0012785565
0.0012763988
0.0012742406
0.0012720772
0.001269908
0.0012677369
0.0012655634
0.0012633873
0.0012612071
0.0012590123
0.0012568074
0.0012546086
0.0012524178
0.001250231
0.0012480496
0.0012458717
0.0012436915
0.0012415064
0.0012393179
0.0012371282
0.0012349356
0.0012327394
0.0012305404
0.0012283402
0.0012261401
0.0012239411
0.0012217439
0.0012195492
0.001217355
0.0012151553
0.0012129473
0.001210734
0.0012085175
0.0012062973
0.0012040731
0.0012018461
0.0011996175
0.0011973889
0.0011951609
0.0011929339
0.0011907079
0.0011884748
0.0011862291
0.0011839775
0.0011817272
0.0011794783
0.0011772268
0.0011749701
0.0011727094
0.0011704458
0.0011681801
0.0011659146
0.0011636505
0.0011613898
0.0011591277
0.0011568582
0.0011545795
0.0011522998
0.00115002
0.0011477437
0.0011454639
0.0011431582
0.0011408302
0.0011384934
0.0011361595
0.001133834
0.0011315161
0.0011291976
0.0011268715
0.0011245398
0.0011222034
0.0011198619
0.0011175131
0.0011151598
0.0011128055
0.0011104501
0.0011080922
0.0011057331
0.0011033702
0.0011010074
0.0010986204
0.0010962612
0.0010938399
0.0010913901
0.0010890064
0.0010866272
0.0010842215
0.0010817649
0.0010793233
0.0010768812
0.0010744655
0.001072043
0.0014129971
0.0014108051
0.0014086138
0.0014064219
0.0014042305
0.0014020417
0.0013998555
0.0013976744
0.0013955005
0.0013933319
0.0013911691
0.0013889976
0.0013868249
0.0013846346
0.0013824604
0.0013802474
0.0013780929
0.0013757582
0.0013737758
0.0013718714
0.0013695391
0.0013673249
0.0013651627
0.0013630314
0.0013608496
0.0013586779
0.0013565005
0.0013543277
0.0013521544
0.0013499806
0.0013478064
0.0013456334
0.0013434627
0.0013412952
0.0013391321
0.0013369736
0.0013348192
0.0013326661
0.001330509
0.0013283464
0.0013261814
0.0013240153
0.0013218478
0.001319679
0.0013175101
0.0013153422
0.0013131764
0.0013110136
0.0013088547
0.0013067
0.0013045482
0.0013023939
0.0013002333
0.0012980685
0.0012959018
0.0012937335
0.0012915632
0.0012893917
0.0012872202
0.0012850502
0.0012828823
0.0012807177
0.0012785567
0.0012763989
0.0012742408
0.0012720773
0.0012699081
0.0012677371
0.0012655635
0.0012633874
0.0012612073
0.0012590125
0.0012568076
0.0012546087
0.001252418
0.0012502311
0.0012480498
0.0012458718
0.0012436917
0.0012415065
0.001239318
0.0012371283
0.0012349358
0.0012327395
0.0012305406
0.0012283404
0.0012261402
0.0012239412
0.0012217441
0.0012195493
0.0012173551
0.0012151554
0.0012129474
0.0012107341
0.0012085176
0.0012062974
0.0012040732
0.0012018462
0.0011996176
0.001197389
0.0011951611
0.0011929341
0.001190708
0.001188475
0.0011862293
0.0011839776
0.0011817273
0.0011794784
0.0011772269
0.0011749702
0.0011727096
0.0011704459
0.0011681802
0.0011659148
0.0011636506
0.0011613899
0.0011591278
0.0011568583
0.0011545797
0.0011522999
0.0011500201
0.0011477438
0.001145464
0.0011431584
0.0011408303
0.0011384935
0.0011361596
0.0011338341
0.0011315162
0.0011291977
0.0011268716
0.0011245399
0.0011222035
0.001119862
0.0011175132
0.0011151599
0.0011128056
0.0011104502
0.0011080923
0.0011057332
0.0011033703
0.0011010075
0.0010986205
0.0010962613
0.00109384
0.0010913902
0.0010890065
0.0010866273
0.0010842216
0.001081765
0.0010793234
0.0010768813
0.0010744656
0.0010720431
0.0014129973
0.0014108054
0.001408614
0.0014064221
0.0014042307
0.0014020419
0.0013998557
0.0013976746
0.0013955007
0.0013933321
0.0013911693
0.0013889978
0.0013868251
0.0013846348
0.0013824606
0.0013802476
0.0013780931
0.0013757584
0.001373776
0.0013718716
0.0013695393
0.0013673251
0.0013651629
0.0013630316
0.0013608498
0.0013586781
0.0013565007
0.0013543279
0.0013521546
0.0013499808
0.0013478066
0.0013456336
0.0013434628
0.0013412954
0.0013391323
0.0013369737
0.0013348193
0.0013326663
0.0013305092
0.0013283466
0.0013261815
0.0013240154
0.0013218479
0.0013196792
0.0013175103
0.0013153424
0.0013131766
0.0013110138
0.0013088548
0.0013067002
0.0013045484
0.001302394
0.0013002335
0.0012980686
0.001295902
0.0012937336
0.0012915633
0.0012893918
0.0012872204
0.0012850503
0.0012828824
0.0012807178
0.0012785568
0.0012763991
0.0012742409
0.0012720775
0.0012699083
0.0012677372
0.0012655637
0.0012633876
0.0012612074
0.0012590126
0.0012568077
0.0012546089
0.0012524181
0.0012502312
0.0012480499
0.001245872
0.0012436918
0.0012415067
0.0012393181
0.0012371285
0.0012349359
0.0012327397
0.0012305407
0.0012283405
0.0012261404
0.0012239413
0.0012217442
0.0012195495
0.0012173553
0.0012151556
0.0012129476
0.0012107343
0.0012085177
0.0012062975
0.0012040734
0.0012018463
0.0011996177
0.0011973891
0.0011951612
0.0011929342
0.0011907082
0.0011884751
0.0011862294
0.0011839777
0.0011817274
0.0011794785
0.001177227
0.0011749703
0.0011727097
0.0011704461
0.0011681803
0.0011659149
0.0011636507
0.00116139
0.0011591279
0.0011568584
0.0011545798
0.0011523
0.0011500203
0.0011477439
0.0011454641
0.0011431585
0.0011408304
0.0011384936
0.0011361597
0.0011338342
0.0011315163
0.0011291978
0.0011268717
0.00112454
0.0011222036
0.0011198621
0.0011175133
0.00111516
0.0011128057
0.0011104503
0.0011080924
0.0011057333
0.0011033704
0.0011010076
0.0010986206
0.0010962614
0.0010938401
0.0010913902
0.0010890066
0.0010866274
0.0010842216
0.0010817651
0.0010793235
0.0010768814
0.0010744657
0.0010720432
0.0014129975
0.0014108056
0.0014086142
0.0014064223
0.0014042309
0.0014020421
0.0013998559
0.0013976748
0.0013955009
0.0013933323
0.0013911695
0.001388998
0.0013868253
0.001384635
0.0013824608
0.0013802478
0.0013780933
0.0013757586
0.0013737762
0.0013718718
0.0013695395
0.0013673253
0.0013651631
0.0013630318
0.00136085
0.0013586783
0.0013565009
0.0013543281
0.0013521548
0.001349981
0.0013478068
0.0013456338
0.001343463
0.0013412956
0.0013391325
0.0013369739
0.0013348195
0.0013326665
0.0013305093
0.0013283468
0.0013261817
0.0013240156
0.0013218481
0.0013196794
0.0013175105
0.0013153426
0.0013131768
0.001311014
0.001308855
0.0013067004
0.0013045485
0.0013023942
0.0013002337
0.0012980688
0.0012959021
0.0012937338
0.0012915635
0.001289392
0.0012872206
0.0012850505
0.0012828826
0.001280718
0.001278557
0.0012763992
0.0012742411
0.0012720776
0.0012699084
0.0012677374
0.0012655639
0.0012633877
0.0012612076
0.0012590128
0.0012568079
0.001254609
0.0012524183
0.0012502314
0.0012480501
0.0012458721
0.001243692
0.0012415068
0.0012393183
0.0012371286
0.001234936
0.0012327398
0.0012305409
0.0012283407
0.0012261405
0.0012239415
0.0012217443
0.0012195496
0.0012173554
0.0012151557
0.0012129477
0.0012107344
0.0012085179
0.0012062976
0.0012040735
0.0012018464
0.0011996179
0.0011973893
0.0011951613
0.0011929343
0.0011907083
0.0011884752
0.0011862295
0.0011839778
0.0011817275
0.0011794787
0.0011772272
0.0011749705
0.0011727098
0.0011704462
0.0011681804
0.001165915
0.0011636509
0.0011613901
0.0011591281
0.0011568586
0.0011545799
0.0011523001
0.0011500204
0.001147744
0.0011454642
0.0011431586
0.0011408305
0.0011384937
0.0011361598
0.0011338344
0.0011315164
0.0011291979
0.0011268718
0.0011245401
0.0011222037
0.0011198622
0.0011175134
0.0011151601
0.0011128058
0.0011104504
0.0011080925
0.0011057334
0.0011033705
0.0011010077
0.0010986207
0.0010962615
0.0010938402
0.0010913903
0.0010890067
0.0010866275
0.0010842217
0.0010817652
0.0010793236
0.0010768815
0.0010744658
0.0010720433
0.0014129978
0.0014108058
0.0014086144
0.0014064225
0.0014042311
0.0014020423
0.0013998561
0.001397675
0.0013955011
0.0013933325
0.0013911697
0.0013889982
0.0013868255
0.0013846352
0.001382461
0.001380248
0.0013780935
0.0013757589
0.0013737764
0.001371872
0.0013695397
0.0013673255
0.0013651633
0.001363032
0.0013608502
0.0013586785
0.0013565011
0.0013543283
0.0013521549
0.0013499811
0.001347807
0.001345634
0.0013434632
0.0013412958
0.0013391327
0.0013369741
0.0013348197
0.0013326667
0.0013305095
0.0013283469
0.0013261819
0.0013240158
0.0013218483
0.0013196796
0.0013175107
0.0013153428
0.001313177
0.0013110142
0.0013088552
0.0013067006
0.0013045487
0.0013023944
0.0013002338
0.001298069
0.0012959023
0.001293734
0.0012915637
0.0012893922
0.0012872207
0.0012850507
0.0012828828
0.0012807181
0.0012785572
0.0012763994
0.0012742412
0.0012720778
0.0012699086
0.0012677375
0.001265564
0.0012633879
0.0012612077
0.0012590129
0.001256808
0.0012546092
0.0012524184
0.0012502315
0.0012480502
0.0012458723
0.0012436921
0.001241507
0.0012393184
0.0012371288
0.0012349362
0.0012327399
0.001230541
0.0012283408
0.0012261406
0.0012239416
0.0012217445
0.0012195497
0.0012173555
0.0012151558
0.0012129479
0.0012107345
0.001208518
0.0012062978
0.0012040736
0.0012018466
0.001199618
0.0011973894
0.0011951614
0.0011929344
0.0011907084
0.0011884753
0.0011862296
0.001183978
0.0011817277
0.0011794788
0.0011772273
0.0011749706
0.0011727099
0.0011704463
0.0011681806
0.0011659151
0.001163651
0.0011613902
0.0011591282
0.0011568587
0.00115458
0.0011523002
0.0011500205
0.0011477441
0.0011454643
0.0011431587
0.0011408306
0.0011384938
0.0011361599
0.0011338345
0.0011315165
0.001129198
0.0011268719
0.0011245402
0.0011222038
0.0011198623
0.0011175135
0.0011151602
0.0011128059
0.0011104505
0.0011080926
0.0011057335
0.0011033706
0.0011010078
0.0010986208
0.0010962616
0.0010938403
0.0010913904
0.0010890068
0.0010866276
0.0010842218
0.0010817653
0.0010793237
0.0010768816
0.0010744659
0.0010720434
0.001412998
0.001410806
0.0014086147
0.0014064228
0.0014042313
0.0014020425
0.0013998564
0.0013976753
0.0013955013
0.0013933327
0.00139117
0.0013889984
0.0013868257
0.0013846355
0.0013824612
0.0013802482
0.0013780937
0.0013757591
0.0013737766
0.0013718722
0.0013695399
0.0013673257
0.0013651635
0.0013630322
0.0013608504
0.0013586787
0.0013565013
0.0013543285
0.0013521551
0.0013499813
0.0013478072
0.0013456341
0.0013434634
0.001341296
0.0013391329
0.0013369743
0.0013348199
0.0013326669
0.0013305097
0.0013283471
0.0013261821
0.001324016
0.0013218485
0.0013196798
0.0013175109
0.001315343
0.0013131771
0.0013110143
0.0013088554
0.0013067007
0.0013045489
0.0013023946
0.001300234
0.0012980691
0.0012959025
0.0012937341
0.0012915638
0.0012893923
0.0012872209
0.0012850508
0.0012828829
0.0012807183
0.0012785573
0.0012763995
0.0012742414
0.0012720779
0.0012699088
0.0012677377
0.0012655642
0.001263388
0.0012612079
0.0012590131
0.0012568082
0.0012546093
0.0012524186
0.0012502317
0.0012480504
0.0012458724
0.0012436923
0.0012415071
0.0012393186
0.0012371289
0.0012349363
0.0012327401
0.0012305411
0.0012283409
0.0012261408
0.0012239418
0.0012217446
0.0012195499
0.0012173557
0.001215156
0.001212948
0.0012107347
0.0012085181
0.0012062979
0.0012040738
0.0012018467
0.0011996181
0.0011973895
0.0011951616
0.0011929346
0.0011907085
0.0011884755
0.0011862298
0.0011839781
0.0011817278
0.0011794789
0.0011772274
0.0011749707
0.00117271
0.0011704464
0.0011681807
0.0011659152
0.0011636511
0.0011613903
0.0011591283
0.0011568588
0.0011545801
0.0011523003
0.0011500206
0.0011477442
0.0011454644
0.0011431588
0.0011408307
0.0011384939
0.00113616
0.0011338346
0.0011315166
0.0011291981
0.001126872
0.0011245403
0.001122204
0.0011198624
0.0011175136
0.0011151603
0.001112806
0.0011104506
0.0011080927
0.0011057336
0.0011033707
0.0011010079
0.0010986209
0.0010962617
0.0010938404
0.0010913905
0.0010890068
0.0010866277
0.0010842219
0.0010817654
0.0010793238
0.0010768816
0.0010744659
0.0010720435
0.0014129982
0.0014108063
0.0014086149
0.001406423
0.0014042316
0.0014020428
0.0013998566
0.0013976755
0.0013955016
0.001393333
0.0013911702
0.0013889987
0.0013868259
0.0013846357
0.0013824615
0.0013802484
0.0013780939
0.0013757593
0.0013737768
0.0013718724
0.0013695401
0.001367326
0.0013651637
0.0013630324
0.0013608506
0.0013586789
0.0013565015
0.0013543287
0.0013521554
0.0013499816
0.0013478074
0.0013456343
0.0013434636
0.0013412962
0.0013391331
0.0013369745
0.0013348201
0.0013326671
0.0013305099
0.0013283473
0.0013261823
0.0013240162
0.0013218487
0.0013196799
0.001317511
0.0013153431
0.0013131773
0.0013110145
0.0013088555
0.0013067009
0.0013045491
0.0013023947
0.0013002342
0.0012980693
0.0012959027
0.0012937343
0.001291564
0.0012893925
0.0012872211
0.001285051
0.0012828831
0.0012807185
0.0012785575
0.0012763997
0.0012742416
0.0012720781
0.0012699089
0.0012677379
0.0012655643
0.0012633882
0.001261208
0.0012590132
0.0012568083
0.0012546095
0.0012524187
0.0012502319
0.0012480505
0.0012458726
0.0012436924
0.0012415073
0.0012393187
0.0012371291
0.0012349365
0.0012327402
0.0012305413
0.0012283411
0.0012261409
0.0012239419
0.0012217448
0.00121955
0.0012173558
0.0012151561
0.0012129481
0.0012107348
0.0012085183
0.0012062981
0.0012040739
0.0012018468
0.0011996183
0.0011973897
0.0011951617
0.0011929347
0.0011907087
0.0011884756
0.0011862299
0.0011839782
0.0011817279
0.0011794791
0.0011772275
0.0011749708
0.0011727102
0.0011704465
0.0011681808
0.0011659154
0.0011636512
0.0011613905
0.0011591284
0.0011568589
0.0011545802
0.0011523005
0.0011500207
0.0011477443
0.0011454646
0.0011431589
0.0011408308
0.0011384941
0.0011361601
0.0011338347
0.0011315168
0.0011291982
0.0011268721
0.0011245404
0.0011222041
0.0011198625
0.0011175138
0.0011151604
0.0011128061
0.0011104507
0.0011080928
0.0011057337
0.0011033708
0.001101008
0.001098621
0.0010962618
0.0010938405
0.0010913906
0.0010890069
0.0010866278
0.001084222
0.0010817655
0.0010793239
0.0010768817
0.001074466
0.0010720436
0.0014129985
0.0014108065
0.0014086151
0.0014064233
0.0014042318
0.001402043
0.0013998568
0.0013976757
0.0013955018
0.0013933332
0.0013911704
0.0013889989
0.0013868262
0.0013846359
0.0013824617
0.0013802486
0.0013780941
0.0013757595
0.001373777
0.0013718726
0.0013695403
0.0013673262
0.0013651639
0.0013630326
0.0013608509
0.0013586791
0.0013565017
0.0013543289
0.0013521556
0.0013499818
0.0013478076
0.0013456346
0.0013434638
0.0013412964
0.0013391333
0.0013369747
0.0013348203
0.0013326673
0.0013305101
0.0013283475
0.0013261825
0.0013240164
0.0013218489
0.0013196801
0.0013175112
0.0013153433
0.0013131775
0.0013110147
0.0013088557
0.0013067011
0.0013045492
0.0013023949
0.0013002344
0.0012980695
0.0012959028
0.0012937345
0.0012915642
0.0012893927
0.0012872213
0.0012850512
0.0012828833
0.0012807186
0.0012785577
0.0012763999
0.0012742417
0.0012720783
0.0012699091
0.001267738
0.0012655645
0.0012633884
0.0012612082
0.0012590134
0.0012568085
0.0012546097
0.0012524189
0.001250232
0.0012480507
0.0012458727
0.0012436926
0.0012415074
0.0012393189
0.0012371292
0.0012349366
0.0012327404
0.0012305414
0.0012283412
0.0012261411
0.0012239421
0.0012217449
0.0012195502
0.001217356
0.0012151563
0.0012129483
0.001210735
0.0012085184
0.0012062982
0.001204074
0.001201847
0.0011996184
0.0011973898
0.0011951619
0.0011929348
0.0011907088
0.0011884757
0.00118623
0.0011839784
0.001181728
0.0011794792
0.0011772277
0.001174971
0.0011727103
0.0011704467
0.0011681809
0.0011659155
0.0011636514
0.0011613906
0.0011591285
0.001156859
0.0011545804
0.0011523006
0.0011500208
0.0011477445
0.0011454647
0.001143159
0.0011408309
0.0011384942
0.0011361602
0.0011338348
0.0011315169
0.0011291983
0.0011268722
0.0011245405
0.0011222042
0.0011198626
0.0011175139
0.0011151605
0.0011128062
0.0011104508
0.0011080929
0.0011057338
0.0011033709
0.0011010081
0.0010986211
0.0010962619
0.0010938406
0.0010913907
0.0010890071
0.0010866279
0.0010842221
0.0010817656
0.001079324
0.0010768818
0.0010744661
0.0010720437
0.0014129987
0.0014108068
0.0014086154
0.0014064235
0.0014042321
0.0014020432
0.0013998571
0.001397676
0.001395502
0.0013933334
0.0013911707
0.0013889991
0.0013868264
0.0013846361
0.0013824619
0.0013802489
0.0013780944
0.0013757597
0.0013737772
0.0013718729
0.0013695405
0.0013673264
0.0013651642
0.0013630328
0.0013608511
0.0013586793
0.0013565019
0.0013543291
0.0013521558
0.001349982
0.0013478078
0.0013456348
0.001343464
0.0013412966
0.0013391335
0.0013369749
0.0013348205
0.0013326675
0.0013305103
0.0013283477
0.0013261827
0.0013240166
0.0013218491
0.0013196803
0.0013175114
0.0013153435
0.0013131777
0.0013110149
0.0013088559
0.0013067013
0.0013045494
0.0013023951
0.0013002346
0.0012980697
0.001295903
0.0012937347
0.0012915644
0.0012893929
0.0012872214
0.0012850514
0.0012828835
0.0012807188
0.0012785578
0.0012764001
0.0012742419
0.0012720784
0.0012699093
0.0012677382
0.0012655647
0.0012633885
0.0012612084
0.0012590136
0.0012568087
0.0012546098
0.0012524191
0.0012502322
0.0012480509
0.0012458729
0.0012436927
0.0012415076
0.0012393191
0.0012371294
0.0012349368
0.0012327406
0.0012305416
0.0012283414
0.0012261412
0.0012239422
0.0012217451
0.0012195503
0.0012173561
0.0012151564
0.0012129484
0.0012107351
0.0012085186
0.0012062983
0.0012040742
0.0012018471
0.0011996186
0.00119739
0.001195162
0.001192935
0.001190709
0.0011884759
0.0011862302
0.0011839785
0.0011817282
0.0011794793
0.0011772278
0.0011749711
0.0011727104
0.0011704468
0.0011681811
0.0011659156
0.0011636515
0.0011613907
0.0011591287
0.0011568592
0.0011545805
0.0011523007
0.001150021
0.0011477446
0.0011454648
0.0011431592
0.0011408311
0.0011384943
0.0011361604
0.0011338349
0.001131517
0.0011291984
0.0011268724
0.0011245406
0.0011222043
0.0011198627
0.001117514
0.0011151606
0.0011128063
0.0011104509
0.0011080931
0.0011057339
0.001103371
0.0011010082
0.0010986212
0.001096262
0.0010938407
0.0010913909
0.0010890072
0.001086628
0.0010842222
0.0010817657
0.0010793241
0.0010768819
0.0010744662
0.0010720438
0.001412999
0.001410807
0.0014086156
0.0014064237
0.0014042323
0.0014020435
0.0013998573
0.0013976762
0.0013955023
0.0013933337
0.0013911709
0.0013889994
0.0013868266
0.0013846364
0.0013824622
0.0013802491
0.0013780946
0.00137576
0.0013737775
0.0013718731
0.0013695408
0.0013673266
0.0013651644
0.0013630331
0.0013608513
0.0013586795
0.0013565022
0.0013543293
0.001352156
0.0013499822
0.001347808
0.001345635
0.0013434642
0.0013412968
0.0013391337
0.0013369751
0.0013348207
0.0013326677
0.0013305105
0.0013283479
0.0013261829
0.0013240168
0.0013218493
0.0013196805
0.0013175116
0.0013153437
0.0013131779
0.0013110151
0.0013088561
0.0013067015
0.0013045496
0.0013023953
0.0013002347
0.0012980699
0.0012959032
0.0012937349
0.0012915645
0.0012893931
0.0012872216
0.0012850515
0.0012828836
0.001280719
0.001278558
0.0012764002
0.0012742421
0.0012720786
0.0012699094
0.0012677384
0.0012655648
0.0012633887
0.0012612085
0.0012590137
0.0012568088
0.00125461
0.0012524192
0.0012502324
0.001248051
0.001245873
0.0012436929
0.0012415078
0.0012393192
0.0012371295
0.001234937
0.0012327407
0.0012305418
0.0012283416
0.0012261414
0.0012239424
0.0012217452
0.0012195505
0.0012173563
0.0012151566
0.0012129486
0.0012107353
0.0012085187
0.0012062985
0.0012040743
0.0012018473
0.0011996187
0.0011973901
0.0011951621
0.0011929351
0.0011907091
0.001188476
0.0011862303
0.0011839786
0.0011817283
0.0011794795
0.0011772279
0.0011749712
0.0011727106
0.0011704469
0.0011681812
0.0011659157
0.0011636516
0.0011613908
0.0011591288
0.0011568593
0.0011545806
0.0011523008
0.0011500211
0.0011477447
0.0011454649
0.0011431593
0.0011408312
0.0011384944
0.0011361605
0.001133835
0.0011315171
0.0011291986
0.0011268725
0.0011245407
0.0011222044
0.0011198628
0.0011175141
0.0011151608
0.0011128064
0.001110451
0.0011080932
0.001105734
0.0011033711
0.0011010083
0.0010986213
0.0010962621
0.0010938408
0.001091391
0.0010890073
0.0010866281
0.0010842223
0.0010817658
0.0010793242
0.001076882
0.0010744663
0.0010720439
0.0014129992
0.0014108073
0.0014086159
0.001406424
0.0014042326
0.0014020437
0.0013998576
0.0013976765
0.0013955025
0.0013933339
0.0013911711
0.0013889996
0.0013868269
0.0013846366
0.0013824624
0.0013802493
0.0013780948
0.0013757602
0.0013737777
0.0013718733
0.001369541
0.0013673269
0.0013651646
0.0013630333
0.0013608515
0.0013586798
0.0013565024
0.0013543295
0.0013521562
0.0013499824
0.0013478082
0.0013456352
0.0013434645
0.001341297
0.0013391339
0.0013369753
0.0013348209
0.0013326679
0.0013305107
0.0013283481
0.0013261831
0.001324017
0.0013218495
0.0013196807
0.0013175118
0.0013153439
0.0013131781
0.0013110153
0.0013088563
0.0013067017
0.0013045498
0.0013023955
0.0013002349
0.0012980701
0.0012959034
0.001293735
0.0012915647
0.0012893933
0.0012872218
0.0012850517
0.0012828838
0.0012807192
0.0012785582
0.0012764004
0.0012742423
0.0012720788
0.0012699096
0.0012677386
0.001265565
0.0012633889
0.0012612087
0.0012590139
0.001256809
0.0012546102
0.0012524194
0.0012502325
0.0012480512
0.0012458732
0.0012436931
0.0012415079
0.0012393194
0.0012371297
0.0012349371
0.0012327409
0.0012305419
0.0012283417
0.0012261415
0.0012239425
0.0012217454
0.0012195506
0.0012173564
0.0012151567
0.0012129487
0.0012107354
0.0012085189
0.0012062987
0.0012040745
0.0012018474
0.0011996189
0.0011973903
0.0011951623
0.0011929353
0.0011907092
0.0011884762
0.0011862305
0.0011839788
0.0011817285
0.0011794796
0.0011772281
0.0011749714
0.0011727107
0.0011704471
0.0011681813
0.0011659159
0.0011636518
0.001161391
0.0011591289
0.0011568594
0.0011545807
0.001152301
0.0011500212
0.0011477448
0.0011454651
0.0011431594
0.0011408313
0.0011384946
0.0011361606
0.0011338352
0.0011315172
0.0011291987
0.0011268726
0.0011245409
0.0011222045
0.001119863
0.0011175142
0.0011151609
0.0011128066
0.0011104512
0.0011080933
0.0011057342
0.0011033712
0.0011010085
0.0010986214
0.0010962622
0.0010938409
0.0010913911
0.0010890074
0.0010866282
0.0010842224
0.0010817659
0.0010793243
0.0010768822
0.0010744665
0.001072044
0.0014129995
0.0014108075
0.0014086162
0.0014064243
0.0014042328
0.001402044
0.0013998578
0.0013976767
0.0013955028
0.0013933342
0.0013911714
0.0013889999
0.0013868271
0.0013846369
0.0013824626
0.0013802496
0.0013780951
0.0013757604
0.0013737779
0.0013718736
0.0013695412
0.0013673271
0.0013651649
0.0013630335
0.0013608518
0.00135868
0.0013565026
0.0013543298
0.0013521564
0.0013499826
0.0013478085
0.0013456354
0.0013434647
0.0013412973
0.0013391341
0.0013369756
0.0013348211
0.0013326681
0.001330511
0.0013283484
0.0013261833
0.0013240172
0.0013218497
0.001319681
0.0013175121
0.0013153441
0.0013131783
0.0013110155
0.0013088565
0.0013067019
0.00130455
0.0013023957
0.0013002351
0.0012980703
0.0012959036
0.0012937352
0.0012915649
0.0012893935
0.001287222
0.0012850519
0.001282884
0.0012807194
0.0012785584
0.0012764006
0.0012742425
0.001272079
0.0012699098
0.0012677387
0.0012655652
0.0012633891
0.0012612089
0.0012590141
0.0012568092
0.0012546104
0.0012524196
0.0012502327
0.0012480514
0.0012458734
0.0012436932
0.0012415081
0.0012393196
0.0012371299
0.0012349373
0.001232741
0.0012305421
0.0012283419
0.0012261417
0.0012239427
0.0012217455
0.0012195508
0.0012173566
0.0012151569
0.0012129489
0.0012107356
0.001208519
0.0012062988
0.0012040746
0.0012018476
0.001199619
0.0011973904
0.0011951624
0.0011929354
0.0011907094
0.0011884763
0.0011862306
0.0011839789
0.0011817286
0.0011794797
0.0011772282
0.0011749715
0.0011727108
0.0011704472
0.0011681815
0.001165916
0.0011636519
0.0011613911
0.0011591291
0.0011568596
0.0011545809
0.0011523011
0.0011500214
0.001147745
0.0011454652
0.0011431595
0.0011408314
0.0011384947
0.0011361607
0.0011338353
0.0011315174
0.0011291988
0.0011268727
0.001124541
0.0011222047
0.0011198631
0.0011175143
0.001115161
0.0011128067
0.0011104513
0.0011080934
0.0011057343
0.0011033714
0.0011010086
0.0010986215
0.0010962623
0.0010938411
0.0010913912
0.0010890075
0.0010866283
0.0010842226
0.001081766
0.0010793244
0.0010768823
0.0010744666
0.0010720441
0.0014129998
0.0014108078
0.0014086164
0.0014064245
0.0014042331
0.0014020443
0.0013998581
0.001397677
0.0013955031
0.0013933344
0.0013911717
0.0013890001
0.0013868274
0.0013846371
0.0013824629
0.0013802499
0.0013780953
0.0013757607
0.0013737782
0.0013718738
0.0013695415
0.0013673274
0.0013651651
0.0013630338
0.001360852
0.0013586803
0.0013565029
0.00135433
0.0013521567
0.0013499829
0.0013478087
0.0013456357
0.0013434649
0.0013412975
0.0013391344
0.0013369758
0.0013348214
0.0013326684
0.0013305112
0.0013283486
0.0013261835
0.0013240174
0.0013218499
0.0013196812
0.0013175123
0.0013153444
0.0013131785
0.0013110157
0.0013088567
0.0013067021
0.0013045502
0.0013023959
0.0013002354
0.0012980705
0.0012959038
0.0012937355
0.0012915651
0.0012893937
0.0012872222
0.0012850521
0.0012828842
0.0012807196
0.0012785586
0.0012764008
0.0012742427
0.0012720792
0.00126991
0.0012677389
0.0012655654
0.0012633893
0.0012612091
0.0012590143
0.0012568094
0.0012546105
0.0012524198
0.0012502329
0.0012480516
0.0012458736
0.0012436934
0.0012415083
0.0012393197
0.0012371301
0.0012349375
0.0012327412
0.0012305423
0.0012283421
0.0012261419
0.0012239429
0.0012217457
0.001219551
0.0012173567
0.001215157
0.0012129491
0.0012107358
0.0012085192
0.001206299
0.0012040748
0.0012018477
0.0011996192
0.0011973906
0.0011951626
0.0011929356
0.0011907096
0.0011884765
0.0011862308
0.0011839791
0.0011817288
0.0011794799
0.0011772284
0.0011749717
0.001172711
0.0011704474
0.0011681816
0.0011659162
0.001163652
0.0011613913
0.0011591292
0.0011568597
0.001154581
0.0011523012
0.0011500215
0.0011477451
0.0011454653
0.0011431597
0.0011408316
0.0011384948
0.0011361609
0.0011338354
0.0011315175
0.0011291989
0.0011268729
0.0011245411
0.0011222048
0.0011198632
0.0011175145
0.0011151611
0.0011128068
0.0011104514
0.0011080935
0.0011057344
0.0011033715
0.0011010087
0.0010986217
0.0010962624
0.0010938412
0.0010913913
0.0010890076
0.0010866284
0.0010842227
0.0010817661
0.0010793245
0.0010768824
0.0010744667
0.0010720442
0.0014130001
0.0014108081
0.0014086167
0.0014064248
0.0014042334
0.0014020446
0.0013998584
0.0013976773
0.0013955033
0.0013933347
0.0013911719
0.0013890004
0.0013868277
0.0013846374
0.0013824632
0.0013802501
0.0013780956
0.001375761
0.0013737784
0.0013718741
0.0013695417
0.0013673276
0.0013651654
0.001363034
0.0013608523
0.0013586805
0.0013565031
0.0013543303
0.0013521569
0.0013499831
0.0013478089
0.0013456359
0.0013434652
0.0013412977
0.0013391346
0.001336976
0.0013348216
0.0013326686
0.0013305114
0.0013283488
0.0013261838
0.0013240176
0.0013218501
0.0013196814
0.0013175125
0.0013153446
0.0013131788
0.0013110159
0.001308857
0.0013067023
0.0013045505
0.0013023961
0.0013002356
0.0012980707
0.001295904
0.0012937357
0.0012915654
0.0012893939
0.0012872224
0.0012850523
0.0012828844
0.0012807198
0.0012785588
0.001276401
0.0012742429
0.0012720794
0.0012699102
0.0012677391
0.0012655656
0.0012633895
0.0012612093
0.0012590145
0.0012568096
0.0012546107
0.00125242
0.0012502331
0.0012480518
0.0012458738
0.0012436936
0.0012415085
0.0012393199
0.0012371302
0.0012349377
0.0012327414
0.0012305424
0.0012283422
0.0012261421
0.001223943
0.0012217459
0.0012195511
0.0012173569
0.0012151572
0.0012129492
0.0012107359
0.0012085194
0.0012062991
0.001204075
0.0012018479
0.0011996193
0.0011973907
0.0011951628
0.0011929357
0.0011907097
0.0011884766
0.0011862309
0.0011839792
0.0011817289
0.0011794801
0.0011772285
0.0011749718
0.0011727112
0.0011704475
0.0011681818
0.0011659163
0.0011636522
0.0011613914
0.0011591294
0.0011568599
0.0011545812
0.0011523014
0.0011500216
0.0011477452
0.0011454655
0.0011431598
0.0011408317
0.001138495
0.001136161
0.0011338356
0.0011315176
0.0011291991
0.001126873
0.0011245412
0.0011222049
0.0011198633
0.0011175146
0.0011151613
0.0011128069
0.0011104515
0.0011080937
0.0011057345
0.0011033716
0.0011010088
0.0010986218
0.0010962626
0.0010938413
0.0010913914
0.0010890077
0.0010866286
0.0010842228
0.0010817663
0.0010793247
0.0010768825
0.0010744668
0.0010720443
0.0014130004
0.0014108084
0.001408617
0.0014064251
0.0014042337
0.0014020448
0.0013998587
0.0013976775
0.0013955036
0.001393335
0.0013911722
0.0013890007
0.0013868279
0.0013846377
0.0013824634
0.0013802504
0.0013780959
0.0013757612
0.0013737787
0.0013718743
0.001369542
0.0013673279
0.0013651656
0.0013630343
0.0013608525
0.0013586808
0.0013565034
0.0013543305
0.0013521572
0.0013499834
0.0013478092
0.0013456362
0.0013434654
0.001341298
0.0013391348
0.0013369763
0.0013348219
0.0013326688
0.0013305117
0.0013283491
0.001326184
0.0013240179
0.0013218504
0.0013196816
0.0013175127
0.0013153448
0.001313179
0.0013110162
0.0013088572
0.0013067026
0.0013045507
0.0013023964
0.0013002358
0.0012980709
0.0012959043
0.0012937359
0.0012915656
0.0012893941
0.0012872226
0.0012850525
0.0012828846
0.00128072
0.001278559
0.0012764012
0.0012742431
0.0012720796
0.0012699104
0.0012677393
0.0012655658
0.0012633897
0.0012612095
0.0012590147
0.0012568098
0.0012546109
0.0012524202
0.0012502333
0.0012480519
0.001245874
0.0012436938
0.0012415087
0.0012393201
0.0012371304
0.0012349378
0.0012327416
0.0012305426
0.0012283424
0.0012261422
0.0012239432
0.0012217461
0.0012195513
0.0012173571
0.0012151574
0.0012129494
0.0012107361
0.0012085195
0.0012062993
0.0012040751
0.0012018481
0.0011996195
0.0011973909
0.0011951629
0.0011929359
0.0011907099
0.0011884768
0.0011862311
0.0011839794
0.0011817291
0.0011794802
0.0011772287
0.001174972
0.0011727113
0.0011704477
0.0011681819
0.0011659165
0.0011636523
0.0011613916
0.0011591295
0.00115686
0.0011545813
0.0011523015
0.0011500218
0.0011477454
0.0011454656
0.00114316
0.0011408319
0.0011384951
0.0011361612
0.0011338357
0.0011315178
0.0011291992
0.0011268731
0.0011245414
0.0011222051
0.0011198635
0.0011175147
0.0011151614
0.0011128071
0.0011104517
0.0011080938
0.0011057347
0.0011033717
0.001101009
0.0010986219
0.0010962627
0.0010938414
0.0010913916
0.0010890079
0.0010866287
0.0010842229
0.0010817664
0.0010793248
0.0010768826
0.0010744669
0.0010720444
0.0014130007
0.0014108087
0.0014086173
0.0014064254
0.001404234
0.0014020451
0.001399859
0.0013976778
0.0013955039
0.0013933353
0.0013911725
0.001389001
0.0013868282
0.001384638
0.0013824637
0.0013802507
0.0013780962
0.0013757615
0.001373779
0.0013718746
0.0013695423
0.0013673282
0.0013651659
0.0013630346
0.0013608528
0.001358681
0.0013565036
0.0013543308
0.0013521575
0.0013499836
0.0013478095
0.0013456364
0.0013434657
0.0013412982
0.0013391351
0.0013369765
0.0013348221
0.0013326691
0.0013305119
0.0013283493
0.0013261842
0.0013240181
0.0013218506
0.0013196819
0.001317513
0.0013153451
0.0013131792
0.0013110164
0.0013088574
0.0013067028
0.0013045509
0.0013023966
0.001300236
0.0012980712
0.0012959045
0.0012937361
0.0012915658
0.0012893943
0.0012872229
0.0012850528
0.0012828849
0.0012807202
0.0012785592
0.0012764014
0.0012742433
0.0012720798
0.0012699106
0.0012677396
0.001265566
0.0012633899
0.0012612097
0.0012590149
0.00125681
0.0012546111
0.0012524204
0.0012502335
0.0012480522
0.0012458742
0.001243694
0.0012415089
0.0012393203
0.0012371306
0.001234938
0.0012327418
0.0012305428
0.0012283426
0.0012261424
0.0012239434
0.0012217463
0.0012195515
0.0012173573
0.0012151576
0.0012129496
0.0012107363
0.0012085197
0.0012062995
0.0012040753
0.0012018483
0.0011996197
0.0011973911
0.0011951631
0.0011929361
0.0011907101
0.001188477
0.0011862313
0.0011839796
0.0011817293
0.0011794804
0.0011772289
0.0011749721
0.0011727115
0.0011704478
0.0011681821
0.0011659166
0.0011636525
0.0011613917
0.0011591297
0.0011568602
0.0011545815
0.0011523017
0.0011500219
0.0011477455
0.0011454658
0.0011431601
0.001140832
0.0011384952
0.0011361613
0.0011338359
0.0011315179
0.0011291994
0.0011268733
0.0011245415
0.0011222052
0.0011198636
0.0011175149
0.0011151615
0.0011128072
0.0011104518
0.0011080939
0.0011057348
0.0011033719
0.0011010091
0.001098622
0.0010962628
0.0010938416
0.0010913917
0.001089008
0.0010866288
0.001084223
0.0010817665
0.0010793249
0.0010768827
0.001074467
0.0010720445
0.001413001
0.001410809
0.0014086176
0.0014064257
0.0014042343
0.0014020455
0.0013998593
0.0013976782
0.0013955042
0.0013933356
0.0013911728
0.0013890013
0.0013868285
0.0013846383
0.001382464
0.001380251
0.0013780965
0.0013757618
0.0013737793
0.0013718749
0.0013695426
0.0013673285
0.0013651662
0.0013630349
0.0013608531
0.0013586813
0.0013565039
0.0013543311
0.0013521577
0.0013499839
0.0013478097
0.0013456367
0.0013434659
0.0013412985
0.0013391354
0.0013369768
0.0013348224
0.0013326693
0.0013305122
0.0013283496
0.0013261845
0.0013240184
0.0013218509
0.0013196821
0.0013175132
0.0013153453
0.0013131795
0.0013110167
0.0013088577
0.001306703
0.0013045512
0.0013023968
0.0013002363
0.0012980714
0.0012959047
0.0012937364
0.001291566
0.0012893945
0.0012872231
0.001285053
0.0012828851
0.0012807205
0.0012785595
0.0012764017
0.0012742435
0.00127208
0.0012699108
0.0012677398
0.0012655662
0.0012633901
0.0012612099
0.0012590151
0.0012568102
0.0012546114
0.0012524206
0.0012502337
0.0012480524
0.0012458744
0.0012436942
0.0012415091
0.0012393205
0.0012371308
0.0012349382
0.001232742
0.001230543
0.0012283428
0.0012261426
0.0012239436
0.0012217464
0.0012195517
0.0012173575
0.0012151578
0.0012129498
0.0012107365
0.0012085199
0.0012062997
0.0012040755
0.0012018484
0.0011996199
0.0011973913
0.0011951633
0.0011929363
0.0011907102
0.0011884771
0.0011862314
0.0011839798
0.0011817294
0.0011794806
0.001177229
0.0011749723
0.0011727116
0.001170448
0.0011681823
0.0011659168
0.0011636527
0.0011613919
0.0011591298
0.0011568603
0.0011545816
0.0011523019
0.0011500221
0.0011477457
0.0011454659
0.0011431603
0.0011408322
0.0011384954
0.0011361615
0.001133836
0.0011315181
0.0011291995
0.0011268734
0.0011245417
0.0011222053
0.0011198638
0.001117515
0.0011151617
0.0011128073
0.0011104519
0.0011080941
0.0011057349
0.001103372
0.0011010092
0.0010986222
0.001096263
0.0010938417
0.0010913918
0.0010890081
0.0010866289
0.0010842232
0.0010817667
0.001079325
0.0010768829
0.0010744672
0.0010720447
0.0014130013
0.0014108094
0.001408618
0.0014064261
0.0014042346
0.0014020458
0.0013998596
0.0013976785
0.0013955045
0.0013933359
0.0013911731
0.0013890016
0.0013868289
0.0013846386
0.0013824643
0.0013802513
0.0013780968
0.0013757621
0.0013737796
0.0013718752
0.0013695429
0.0013673288
0.0013651665
0.0013630352
0.0013608534
0.0013586816
0.0013565042
0.0013543314
0.001352158
0.0013499842
0.00134781
0.001345637
0.0013434662
0.0013412988
0.0013391356
0.0013369771
0.0013348227
0.0013326696
0.0013305124
0.0013283498
0.0013261848
0.0013240187
0.0013218511
0.0013196824
0.0013175135
0.0013153456
0.0013131797
0.0013110169
0.0013088579
0.0013067033
0.0013045514
0.0013023971
0.0013002365
0.0012980716
0.001295905
0.0012937366
0.0012915663
0.0012893948
0.0012872233
0.0012850532
0.0012828853
0.0012807207
0.0012785597
0.0012764019
0.0012742437
0.0012720803
0.0012699111
0.00126774
0.0012655665
0.0012633903
0.0012612101
0.0012590153
0.0012568104
0.0012546116
0.0012524208
0.0012502339
0.0012480526
0.0012458746
0.0012436944
0.0012415093
0.0012393207
0.001237131
0.0012349385
0.0012327422
0.0012305432
0.001228343
0.0012261428
0.0012239438
0.0012217467
0.0012195519
0.0012173577
0.001215158
0.00121295
0.0012107367
0.0012085201
0.0012062999
0.0012040757
0.0012018486
0.0011996201
0.0011973915
0.0011951635
0.0011929365
0.0011907104
0.0011884773
0.0011862316
0.0011839799
0.0011817296
0.0011794807
0.0011772292
0.0011749725
0.0011727118
0.0011704482
0.0011681825
0.001165917
0.0011636528
0.0011613921
0.00115913
0.0011568605
0.0011545818
0.001152302
0.0011500223
0.0011477459
0.0011454661
0.0011431604
0.0011408323
0.0011384956
0.0011361616
0.0011338362
0.0011315182
0.0011291997
0.0011268736
0.0011245418
0.0011222055
0.0011198639
0.0011175152
0.0011151618
0.0011128075
0.0011104521
0.0011080942
0.0011057351
0.0011033722
0.0011010094
0.0010986223
0.0010962631
0.0010938418
0.001091392
0.0010890083
0.0010866291
0.0010842233
0.0010817668
0.0010793252
0.001076883
0.0010744673
0.0010720448
0.0014130017
0.0014108097
0.0014086183
0.0014064264
0.001404235
0.0014020461
0.0013998599
0.0013976788
0.0013955049
0.0013933362
0.0013911735
0.0013890019
0.0013868292
0.0013846389
0.0013824647
0.0013802516
0.0013780971
0.0013757624
0.0013737799
0.0013718755
0.0013695432
0.0013673291
0.0013651668
0.0013630355
0.0013608537
0.0013586819
0.0013565045
0.0013543317
0.0013521583
0.0013499845
0.0013478103
0.0013456373
0.0013434665
0.0013412991
0.0013391359
0.0013369774
0.0013348229
0.0013326699
0.0013305127
0.0013283501
0.0013261851
0.0013240189
0.0013218514
0.0013196827
0.0013175138
0.0013153458
0.00131318
0.0013110172
0.0013088582
0.0013067036
0.0013045517
0.0013023974
0.0013002368
0.0012980719
0.0012959052
0.0012937369
0.0012915665
0.001289395
0.0012872236
0.0012850535
0.0012828856
0.0012807209
0.00127856
0.0012764022
0.001274244
0.0012720805
0.0012699113
0.0012677403
0.0012655667
0.0012633906
0.0012612104
0.0012590156
0.0012568107
0.0012546118
0.001252421
0.0012502341
0.0012480528
0.0012458748
0.0012436947
0.0012415095
0.001239321
0.0012371313
0.0012349387
0.0012327424
0.0012305435
0.0012283432
0.0012261431
0.001223944
0.0012217469
0.0012195521
0.0012173579
0.0012151582
0.0012129502
0.0012107369
0.0012085203
0.0012063001
0.0012040759
0.0012018488
0.0011996203
0.0011973917
0.0011951637
0.0011929367
0.0011907106
0.0011884775
0.0011862318
0.0011839801
0.0011817298
0.0011794809
0.0011772294
0.0011749727
0.001172712
0.0011704484
0.0011681826
0.0011659172
0.001163653
0.0011613922
0.0011591302
0.0011568607
0.001154582
0.0011523022
0.0011500225
0.0011477461
0.0011454663
0.0011431606
0.0011408325
0.0011384957
0.0011361618
0.0011338363
0.0011315184
0.0011291998
0.0011268738
0.001124542
0.0011222057
0.0011198641
0.0011175153
0.001115162
0.0011128077
0.0011104523
0.0011080944
0.0011057352
0.0011033723
0.0011010095
0.0010986225
0.0010962633
0.001093842
0.0010913921
0.0010890084
0.0010866292
0.0010842235
0.0010817669
0.0010793253
0.0010768832
0.0010744674
0.001072045
0.0014130021
0.0014108101
0.0014086187
0.0014064268
0.0014042353
0.0014020465
0.0013998603
0.0013976792
0.0013955052
0.0013933366
0.0013911738
0.0013890023
0.0013868295
0.0013846392
0.001382465
0.0013802519
0.0013780974
0.0013757628
0.0013737802
0.0013718758
0.0013695435
0.0013673294
0.0013651672
0.0013630358
0.001360854
0.0013586822
0.0013565048
0.001354332
0.0013521586
0.0013499848
0.0013478106
0.0013456376
0.0013434668
0.0013412994
0.0013391362
0.0013369777
0.0013348232
0.0013326702
0.001330513
0.0013283504
0.0013261854
0.0013240192
0.0013218517
0.001319683
0.0013175141
0.0013153461
0.0013131803
0.0013110175
0.0013088585
0.0013067039
0.001304552
0.0013023976
0.0013002371
0.0012980722
0.0012959055
0.0012937371
0.0012915668
0.0012893953
0.0012872239
0.0012850538
0.0012828859
0.0012807212
0.0012785602
0.0012764024
0.0012742443
0.0012720808
0.0012699116
0.0012677405
0.001265567
0.0012633908
0.0012612106
0.0012590158
0.0012568109
0.0012546121
0.0012524213
0.0012502344
0.0012480531
0.0012458751
0.0012436949
0.0012415097
0.0012393212
0.0012371315
0.0012349389
0.0012327427
0.0012305437
0.0012283435
0.0012261433
0.0012239443
0.0012217471
0.0012195523
0.0012173581
0.0012151584
0.0012129504
0.0012107371
0.0012085205
0.0012063003
0.0012040761
0.0012018491
0.0011996205
0.0011973919
0.0011951639
0.0011929369
0.0011907108
0.0011884777
0.001186232
0.0011839803
0.00118173
0.0011794811
0.0011772296
0.0011749729
0.0011727122
0.0011704486
0.0011681828
0.0011659174
0.0011636532
0.0011613924
0.0011591304
0.0011568609
0.0011545822
0.0011523024
0.0011500226
0.0011477462
0.0011454664
0.0011431608
0.0011408327
0.0011384959
0.001136162
0.0011338365
0.0011315186
0.0011292
0.0011268739
0.0011245422
0.0011222058
0.0011198643
0.0011175155
0.0011151622
0.0011128078
0.0011104524
0.0011080945
0.0011057354
0.0011033725
0.0011010097
0.0010986226
0.0010962634
0.0010938422
0.0010913923
0.0010890086
0.0010866294
0.0010842236
0.0010817671
0.0010793255
0.0010768833
0.0010744676
0.0010720451
0.0014130024
0.0014108105
0.0014086191
0.0014064272
0.0014042357
0.0014020469
0.0013998607
0.0013976795
0.0013955056
0.001393337
0.0013911742
0.0013890026
0.0013868299
0.0013846396
0.0013824654
0.0013802523
0.0013780978
0.0013757631
0.0013737805
0.0013718761
0.0013695439
0.0013673298
0.0013651675
0.0013630362
0.0013608544
0.0013586826
0.0013565052
0.0013543323
0.001352159
0.0013499852
0.001347811
0.0013456379
0.0013434672
0.0013412997
0.0013391366
0.001336978
0.0013348236
0.0013326705
0.0013305133
0.0013283507
0.0013261857
0.0013240195
0.001321852
0.0013196833
0.0013175144
0.0013153464
0.0013131806
0.0013110178
0.0013088588
0.0013067041
0.0013045523
0.0013023979
0.0013002374
0.0012980725
0.0012959058
0.0012937374
0.0012915671
0.0012893956
0.0012872241
0.0012850541
0.0012828861
0.0012807215
0.0012785605
0.0012764027
0.0012742445
0.0012720811
0.0012699119
0.0012677408
0.0012655672
0.0012633911
0.0012612109
0.0012590161
0.0012568112
0.0012546123
0.0012524215
0.0012502346
0.0012480533
0.0012458753
0.0012436952
0.00124151
0.0012393214
0.0012371317
0.0012349392
0.0012327429
0.0012305439
0.0012283437
0.0012261435
0.0012239445
0.0012217473
0.0012195526
0.0012173584
0.0012151586
0.0012129506
0.0012107373
0.0012085208
0.0012063005
0.0012040763
0.0012018493
0.0011996207
0.0011973921
0.0011951641
0.0011929371
0.001190711
0.0011884779
0.0011862322
0.0011839806
0.0011817302
0.0011794813
0.0011772298
0.0011749731
0.0011727124
0.0011704488
0.001168183
0.0011659176
0.0011636534
0.0011613926
0.0011591306
0.0011568611
0.0011545824
0.0011523026
0.0011500228
0.0011477464
0.0011454666
0.001143161
0.0011408329
0.0011384961
0.0011361622
0.0011338367
0.0011315188
0.0011292002
0.0011268741
0.0011245424
0.001122206
0.0011198644
0.0011175157
0.0011151623
0.001112808
0.0011104526
0.0011080947
0.0011057356
0.0011033727
0.0011010099
0.0010986228
0.0010962636
0.0010938423
0.0010913924
0.0010890087
0.0010866295
0.0010842238
0.0010817672
0.0010793256
0.0010768835
0.0010744677
0.0010720453
0.0014130029
0.0014108109
0.0014086195
0.0014064276
0.0014042361
0.0014020473
0.0013998611
0.0013976799
0.001395506
0.0013933374
0.0013911746
0.001389003
0.0013868303
0.00138464
0.0013824657
0.0013802527
0.0013780982
0.0013757635
0.0013737809
0.0013718765
0.0013695442
0.0013673301
0.0013651679
0.0013630365
0.0013608547
0.0013586829
0.0013565055
0.0013543327
0.0013521593
0.0013499855
0.0013478113
0.0013456383
0.0013434675
0.0013413
0.0013391369
0.0013369783
0.0013348239
0.0013326709
0.0013305137
0.0013283511
0.001326186
0.0013240199
0.0013218523
0.0013196836
0.0013175147
0.0013153468
0.0013131809
0.0013110181
0.0013088591
0.0013067045
0.0013045526
0.0013023982
0.0013002377
0.0012980728
0.0012959061
0.0012937377
0.0012915674
0.0012893959
0.0012872244
0.0012850543
0.0012828864
0.0012807218
0.0012785608
0.001276403
0.0012742448
0.0012720813
0.0012699121
0.0012677411
0.0012655675
0.0012633914
0.0012612112
0.0012590164
0.0012568114
0.0012546126
0.0012524218
0.0012502349
0.0012480536
0.0012458756
0.0012436954
0.0012415103
0.0012393217
0.001237132
0.0012349394
0.0012327432
0.0012305442
0.001228344
0.0012261438
0.0012239448
0.0012217476
0.0012195528
0.0012173586
0.0012151589
0.0012129509
0.0012107376
0.001208521
0.0012063008
0.0012040766
0.0012018495
0.0011996209
0.0011973923
0.0011951643
0.0011929373
0.0011907113
0.0011884782
0.0011862325
0.0011839808
0.0011817304
0.0011794816
0.00117723
0.0011749733
0.0011727126
0.001170449
0.0011681833
0.0011659178
0.0011636536
0.0011613928
0.0011591308
0.0011568613
0.0011545826
0.0011523028
0.001150023
0.0011477466
0.0011454668
0.0011431612
0.0011408331
0.0011384963
0.0011361624
0.0011338369
0.001131519
0.0011292004
0.0011268743
0.0011245425
0.0011222062
0.0011198646
0.0011175159
0.0011151625
0.0011128082
0.0011104528
0.0011080949
0.0011057358
0.0011033728
0.00110101
0.001098623
0.0010962638
0.0010938425
0.0010913926
0.0010890089
0.0010866297
0.0010842239
0.0010817674
0.0010793258
0.0010768836
0.0010744679
0.0010720454
0.0014130033
0.0014108113
0.0014086199
0.001406428
0.0014042365
0.0014020477
0.0013998615
0.0013976804
0.0013955064
0.0013933378
0.001391175
0.0013890034
0.0013868307
0.0013846404
0.0013824661
0.0013802531
0.0013780986
0.0013757639
0.0013737813
0.0013718769
0.0013695446
0.0013673305
0.0013651683
0.0013630369
0.0013608551
0.0013586833
0.0013565059
0.001354333
0.0013521597
0.0013499859
0.0013478117
0.0013456386
0.0013434679
0.0013413004
0.0013391373
0.0013369787
0.0013348243
0.0013326712
0.001330514
0.0013283514
0.0013261863
0.0013240202
0.0013218527
0.001319684
0.001317515
0.0013153471
0.0013131813
0.0013110184
0.0013088594
0.0013067048
0.0013045529
0.0013023986
0.001300238
0.0012980731
0.0012959064
0.001293738
0.0012915677
0.0012893962
0.0012872248
0.0012850547
0.0012828867
0.0012807221
0.0012785611
0.0012764033
0.0012742451
0.0012720816
0.0012699124
0.0012677414
0.0012655678
0.0012633917
0.0012612115
0.0012590167
0.0012568117
0.0012546129
0.0012524221
0.0012502352
0.0012480539
0.0012458759
0.0012436957
0.0012415105
0.001239322
0.0012371323
0.0012349397
0.0012327434
0.0012305445
0.0012283442
0.001226144
0.001223945
0.0012217478
0.0012195531
0.0012173589
0.0012151591
0.0012129511
0.0012107378
0.0012085213
0.001206301
0.0012040768
0.0012018498
0.0011996212
0.0011973926
0.0011951646
0.0011929376
0.0011907115
0.0011884784
0.0011862327
0.001183981
0.0011817307
0.0011794818
0.0011772303
0.0011749735
0.0011727129
0.0011704492
0.0011681835
0.001165918
0.0011636539
0.0011613931
0.001159131
0.0011568615
0.0011545828
0.001152303
0.0011500232
0.0011477468
0.0011454671
0.0011431614
0.0011408333
0.0011384965
0.0011361626
0.0011338371
0.0011315192
0.0011292006
0.0011268745
0.0011245427
0.0011222064
0.0011198648
0.0011175161
0.0011151627
0.0011128084
0.001110453
0.0011080951
0.001105736
0.001103373
0.0011010102
0.0010986232
0.0010962639
0.0010938427
0.0010913928
0.0010890091
0.0010866299
0.0010842241
0.0010817676
0.001079326
0.0010768838
0.0010744681
0.0010720456
0.0014130038
0.0014108118
0.0014086204
0.0014064284
0.001404237
0.0014020481
0.0013998619
0.0013976808
0.0013955069
0.0013933382
0.0013911754
0.0013890039
0.0013868311
0.0013846408
0.0013824666
0.0013802535
0.001378099
0.0013757643
0.0013737817
0.0013718773
0.001369545
0.0013673309
0.0013651687
0.0013630373
0.0013608555
0.0013586837
0.0013565063
0.0013543334
0.0013521601
0.0013499863
0.0013478121
0.001345639
0.0013434682
0.0013413008
0.0013391377
0.0013369791
0.0013348246
0.0013326716
0.0013305144
0.0013283518
0.0013261867
0.0013240206
0.0013218531
0.0013196843
0.0013175154
0.0013153475
0.0013131816
0.0013110188
0.0013088598
0.0013067051
0.0013045533
0.0013023989
0.0013002383
0.0012980734
0.0012959068
0.0012937384
0.0012915681
0.0012893966
0.0012872251
0.001285055
0.0012828871
0.0012807224
0.0012785614
0.0012764036
0.0012742454
0.001272082
0.0012699128
0.0012677417
0.0012655681
0.001263392
0.0012612118
0.001259017
0.001256812
0.0012546132
0.0012524224
0.0012502355
0.0012480542
0.0012458762
0.001243696
0.0012415108
0.0012393223
0.0012371326
0.00123494
0.0012327437
0.0012305447
0.0012283445
0.0012261443
0.0012239453
0.0012217481
0.0012195534
0.0012173591
0.0012151594
0.0012129514
0.0012107381
0.0012085215
0.0012063013
0.0012040771
0.00120185
0.0011996214
0.0011973928
0.0011951648
0.0011929378
0.0011907118
0.0011884787
0.001186233
0.0011839813
0.0011817309
0.0011794821
0.0011772305
0.0011749738
0.0011727131
0.0011704495
0.0011681837
0.0011659182
0.0011636541
0.0011613933
0.0011591312
0.0011568617
0.001154583
0.0011523032
0.0011500235
0.0011477471
0.0011454673
0.0011431616
0.0011408335
0.0011384967
0.0011361628
0.0011338373
0.0011315194
0.0011292008
0.0011268747
0.001124543
0.0011222066
0.001119865
0.0011175163
0.0011151629
0.0011128086
0.0011104532
0.0011080953
0.0011057362
0.0011033732
0.0011010104
0.0010986234
0.0010962641
0.0010938429
0.001091393
0.0010890093
0.0010866301
0.0010842243
0.0010817678
0.0010793262
0.001076884
0.0010744683
0.0010720458
0.0014130042
0.0014108122
0.0014086208
0.0014064289
0.0014042375
0.0014020486
0.0013998624
0.0013976813
0.0013955073
0.0013933387
0.0013911759
0.0013890043
0.0013868316
0.0013846413
0.001382467
0.001380254
0.0013780994
0.0013757648
0.0013737822
0.0013718777
0.0013695455
0.0013673314
0.0013651691
0.0013630378
0.001360856
0.0013586842
0.0013565067
0.0013543339
0.0013521605
0.0013499867
0.0013478125
0.0013456394
0.0013434687
0.0013413012
0.0013391381
0.0013369795
0.001334825
0.001332672
0.0013305148
0.0013283522
0.0013261871
0.001324021
0.0013218534
0.0013196847
0.0013175158
0.0013153478
0.001313182
0.0013110192
0.0013088602
0.0013067055
0.0013045536
0.0013023993
0.0013002387
0.0012980738
0.0012959071
0.0012937387
0.0012915684
0.0012893969
0.0012872254
0.0012850553
0.0012828874
0.0012807228
0.0012785618
0.001276404
0.0012742458
0.0012720823
0.0012699131
0.001267742
0.0012655685
0.0012633923
0.0012612121
0.0012590173
0.0012568124
0.0012546135
0.0012524227
0.0012502358
0.0012480545
0.0012458765
0.0012436963
0.0012415111
0.0012393226
0.0012371329
0.0012349403
0.001232744
0.0012305451
0.0012283448
0.0012261446
0.0012239456
0.0012217484
0.0012195537
0.0012173594
0.0012151597
0.0012129517
0.0012107384
0.0012085218
0.0012063016
0.0012040774
0.0012018503
0.0011996217
0.0011973931
0.0011951651
0.0011929381
0.001190712
0.0011884789
0.0011862332
0.0011839815
0.0011817312
0.0011794823
0.0011772308
0.001174974
0.0011727134
0.0011704497
0.001168184
0.0011659185
0.0011636544
0.0011613936
0.0011591315
0.001156862
0.0011545833
0.0011523035
0.0011500237
0.0011477473
0.0011454675
0.0011431619
0.0011408337
0.001138497
0.001136163
0.0011338376
0.0011315196
0.001129201
0.0011268749
0.0011245432
0.0011222068
0.0011198653
0.0011175165
0.0011151631
0.0011128088
0.0011104534
0.0011080955
0.0011057364
0.0011033734
0.0011010106
0.0010986236
0.0010962643
0.0010938431
0.0010913932
0.0010890095
0.0010866303
0.0010842245
0.001081768
0.0010793264
0.0010768842
0.0010744685
0.001072046
0.0014130048
0.0014108128
0.0014086214
0.0014064294
0.001404238
0.0014020491
0.0013998629
0.0013976818
0.0013955078
0.0013933392
0.0013911764
0.0013890048
0.0013868321
0.0013846418
0.0013824675
0.0013802544
0.0013780999
0.0013757652
0.0013737826
0.0013718782
0.0013695459
0.0013673319
0.0013651696
0.0013630382
0.0013608564
0.0013586846
0.0013565072
0.0013543343
0.001352161
0.0013499871
0.0013478129
0.0013456399
0.0013434691
0.0013413016
0.0013391385
0.0013369799
0.0013348255
0.0013326724
0.0013305152
0.0013283526
0.0013261875
0.0013240214
0.0013218539
0.0013196851
0.0013175162
0.0013153483
0.0013131824
0.0013110196
0.0013088606
0.0013067059
0.001304554
0.0013023997
0.0013002391
0.0012980742
0.0012959075
0.0012937391
0.0012915688
0.0012893973
0.0012872258
0.0012850557
0.0012828878
0.0012807231
0.0012785621
0.0012764043
0.0012742462
0.0012720827
0.0012699135
0.0012677424
0.0012655688
0.0012633927
0.0012612125
0.0012590176
0.0012568127
0.0012546139
0.0012524231
0.0012502362
0.0012480548
0.0012458768
0.0012436966
0.0012415115
0.0012393229
0.0012371332
0.0012349406
0.0012327443
0.0012305454
0.0012283452
0.001226145
0.0012239459
0.0012217487
0.001219554
0.0012173597
0.00121516
0.001212952
0.0012107387
0.0012085221
0.0012063019
0.0012040777
0.0012018506
0.001199622
0.0011973934
0.0011951654
0.0011929384
0.0011907123
0.0011884792
0.0011862335
0.0011839818
0.0011817315
0.0011794826
0.0011772311
0.0011749743
0.0011727136
0.00117045
0.0011681843
0.0011659188
0.0011636546
0.0011613938
0.0011591318
0.0011568622
0.0011545835
0.0011523037
0.001150024
0.0011477476
0.0011454678
0.0011431621
0.001140834
0.0011384972
0.0011361633
0.0011338378
0.0011315199
0.0011292013
0.0011268752
0.0011245434
0.0011222071
0.0011198655
0.0011175167
0.0011151634
0.001112809
0.0011104536
0.0011080957
0.0011057366
0.0011033737
0.0011010109
0.0010986238
0.0010962646
0.0010938433
0.0010913934
0.0010890097
0.0010866305
0.0010842247
0.0010817682
0.0010793266
0.0010768844
0.0010744687
0.0010720462
0.0014130053
0.0014108133
0.0014086219
0.00140643
0.0014042385
0.0014020497
0.0013998635
0.0013976823
0.0013955084
0.0013933397
0.0013911769
0.0013890053
0.0013868326
0.0013846423
0.001382468
0.0013802549
0.0013781004
0.0013757657
0.0013737831
0.0013718787
0.0013695464
0.0013673324
0.0013651701
0.0013630387
0.0013608569
0.0013586851
0.0013565077
0.0013543348
0.0013521614
0.0013499876
0.0013478134
0.0013456403
0.0013434696
0.0013413021
0.001339139
0.0013369804
0.0013348259
0.0013326729
0.0013305157
0.0013283531
0.001326188
0.0013240218
0.0013218543
0.0013196856
0.0013175166
0.0013153487
0.0013131828
0.00131102
0.001308861
0.0013067063
0.0013045545
0.0013024001
0.0013002395
0.0012980746
0.0012959079
0.0012937395
0.0012915692
0.0012893977
0.0012872262
0.0012850561
0.0012828882
0.0012807235
0.0012785625
0.0012764047
0.0012742465
0.0012720831
0.0012699138
0.0012677428
0.0012655692
0.001263393
0.0012612128
0.001259018
0.0012568131
0.0012546142
0.0012524234
0.0012502365
0.0012480552
0.0012458772
0.001243697
0.0012415118
0.0012393233
0.0012371336
0.001234941
0.0012327447
0.0012305457
0.0012283455
0.0012261453
0.0012239463
0.0012217491
0.0012195543
0.0012173601
0.0012151604
0.0012129523
0.001210739
0.0012085224
0.0012063022
0.001204078
0.0012018509
0.0011996223
0.0011973937
0.0011951657
0.0011929387
0.0011907126
0.0011884795
0.0011862338
0.0011839821
0.0011817318
0.0011794829
0.0011772314
0.0011749746
0.0011727139
0.0011704503
0.0011681845
0.0011659191
0.0011636549
0.0011613941
0.001159132
0.0011568625
0.0011545838
0.001152304
0.0011500243
0.0011477478
0.001145468
0.0011431624
0.0011408343
0.0011384975
0.0011361635
0.0011338381
0.0011315201
0.0011292015
0.0011268754
0.0011245437
0.0011222073
0.0011198657
0.001117517
0.0011151636
0.0011128093
0.0011104539
0.001108096
0.0011057368
0.0011033739
0.0011010111
0.001098624
0.0010962648
0.0010938435
0.0010913936
0.0010890099
0.0010866307
0.001084225
0.0010817684
0.0010793268
0.0010768846
0.0010744689
0.0010720464
0.0014130059
0.0014108139
0.0014086225
0.0014064306
0.0014042391
0.0014020502
0.001399864
0.0013976829
0.0013955089
0.0013933403
0.0013911775
0.0013890059
0.0013868331
0.0013846428
0.0013824686
0.0013802555
0.001378101
0.0013757663
0.0013737837
0.0013718792
0.0013695469
0.0013673329
0.0013651706
0.0013630393
0.0013608574
0.0013586856
0.0013565082
0.0013543353
0.001352162
0.0013499881
0.0013478139
0.0013456408
0.0013434701
0.0013413026
0.0013391394
0.0013369808
0.0013348264
0.0013326734
0.0013305162
0.0013283535
0.0013261885
0.0013240223
0.0013218548
0.001319686
0.0013175171
0.0013153491
0.0013131833
0.0013110205
0.0013088615
0.0013067068
0.0013045549
0.0013024005
0.00130024
0.0012980751
0.0012959084
0.00129374
0.0012915696
0.0012893981
0.0012872267
0.0012850566
0.0012828886
0.001280724
0.001278563
0.0012764051
0.001274247
0.0012720835
0.0012699143
0.0012677432
0.0012655696
0.0012633935
0.0012612132
0.0012590184
0.0012568135
0.0012546146
0.0012524238
0.0012502369
0.0012480556
0.0012458776
0.0012436974
0.0012415122
0.0012393237
0.0012371339
0.0012349413
0.0012327451
0.0012305461
0.0012283459
0.0012261457
0.0012239466
0.0012217494
0.0012195547
0.0012173604
0.0012151607
0.0012129527
0.0012107394
0.0012085228
0.0012063025
0.0012040784
0.0012018513
0.0011996227
0.0011973941
0.0011951661
0.001192939
0.001190713
0.0011884799
0.0011862341
0.0011839824
0.0011817321
0.0011794832
0.0011772317
0.0011749749
0.0011727143
0.0011704506
0.0011681848
0.0011659194
0.0011636552
0.0011613944
0.0011591323
0.0011568628
0.0011545841
0.0011523043
0.0011500245
0.0011477481
0.0011454683
0.0011431627
0.0011408345
0.0011384978
0.0011361638
0.0011338383
0.0011315204
0.0011292018
0.0011268757
0.001124544
0.0011222076
0.001119866
0.0011175172
0.0011151639
0.0011128095
0.0011104541
0.0011080962
0.0011057371
0.0011033742
0.0011010114
0.0010986243
0.0010962651
0.0010938438
0.0010913939
0.0010890102
0.001086631
0.0010842252
0.0010817687
0.001079327
0.0010768849
0.0010744691
0.0010720466
0.0014130066
0.0014108146
0.0014086231
0.0014064312
0.0014042397
0.0014020509
0.0013998646
0.0013976835
0.0013955095
0.0013933409
0.0013911781
0.0013890065
0.0013868337
0.0013846434
0.0013824692
0.0013802561
0.0013781015
0.0013757669
0.0013737842
0.0013718798
0.0013695475
0.0013673335
0.0013651712
0.0013630398
0.001360858
0.0013586862
0.0013565088
0.0013543359
0.0013521625
0.0013499887
0.0013478144
0.0013456414
0.0013434706
0.0013413031
0.00133914
0.0013369814
0.0013348269
0.0013326739
0.0013305167
0.001328354
0.001326189
0.0013240228
0.0013218553
0.0013196865
0.0013175176
0.0013153496
0.0013131838
0.0013110209
0.0013088619
0.0013067073
0.0013045554
0.001302401
0.0013002404
0.0012980755
0.0012959088
0.0012937405
0.0012915701
0.0012893986
0.0012872271
0.001285057
0.0012828891
0.0012807244
0.0012785634
0.0012764056
0.0012742474
0.0012720839
0.0012699147
0.0012677436
0.00126557
0.0012633939
0.0012612137
0.0012590188
0.0012568139
0.001254615
0.0012524242
0.0012502373
0.001248056
0.001245878
0.0012436978
0.0012415126
0.0012393241
0.0012371343
0.0012349417
0.0012327455
0.0012305465
0.0012283463
0.001226146
0.001223947
0.0012217498
0.0012195551
0.0012173608
0.0012151611
0.0012129531
0.0012107397
0.0012085232
0.0012063029
0.0012040787
0.0012018516
0.001199623
0.0011973944
0.0011951664
0.0011929394
0.0011907133
0.0011884802
0.0011862345
0.0011839828
0.0011817324
0.0011794836
0.001177232
0.0011749753
0.0011727146
0.0011704509
0.0011681852
0.0011659197
0.0011636555
0.0011613947
0.0011591327
0.0011568631
0.0011545844
0.0011523046
0.0011500249
0.0011477484
0.0011454686
0.001143163
0.0011408349
0.0011384981
0.0011361641
0.0011338386
0.0011315207
0.0011292021
0.001126876
0.0011245442
0.0011222079
0.0011198663
0.0011175175
0.0011151642
0.0011128098
0.0011104544
0.0011080965
0.0011057374
0.0011033744
0.0011010116
0.0010986246
0.0010962653
0.001093844
0.0010913942
0.0010890104
0.0010866312
0.0010842255
0.0010817689
0.0010793273
0.0010768851
0.0010744694
0.0010720469
0.0014130072
0.0014108152
0.0014086238
0.0014064319
0.0014042404
0.0014020515
0.0013998653
0.0013976842
0.0013955102
0.0013933415
0.0013911787
0.0013890071
0.0013868344
0.0013846441
0.0013824698
0.0013802567
0.0013781022
0.0013757675
0.0013737848
0.0013718804
0.0013695481
0.0013673341
0.0013651718
0.0013630404
0.0013608586
0.0013586868
0.0013565093
0.0013543365
0.0013521631
0.0013499892
0.001347815
0.0013456419
0.0013434712
0.0013413037
0.0013391405
0.0013369819
0.0013348275
0.0013326744
0.0013305172
0.0013283546
0.0013261895
0.0013240234
0.0013218558
0.0013196871
0.0013175181
0.0013153502
0.0013131843
0.0013110215
0.0013088625
0.0013067078
0.0013045559
0.0013024015
0.0013002409
0.001298076
0.0012959093
0.0012937409
0.0012915706
0.0012893991
0.0012872276
0.0012850575
0.0012828896
0.0012807249
0.0012785639
0.0012764061
0.0012742479
0.0012720844
0.0012699152
0.0012677441
0.0012655705
0.0012633943
0.0012612141
0.0012590193
0.0012568144
0.0012546155
0.0012524247
0.0012502378
0.0012480564
0.0012458784
0.0012436982
0.0012415131
0.0012393245
0.0012371348
0.0012349422
0.0012327459
0.0012305469
0.0012283467
0.0012261465
0.0012239474
0.0012217502
0.0012195555
0.0012173612
0.0012151615
0.0012129535
0.0012107401
0.0012085236
0.0012063033
0.0012040791
0.001201852
0.0011996234
0.0011973948
0.0011951668
0.0011929398
0.0011907137
0.0011884806
0.0011862349
0.0011839832
0.0011817328
0.0011794839
0.0011772324
0.0011749756
0.0011727149
0.0011704513
0.0011681855
0.00116592
0.0011636559
0.0011613951
0.001159133
0.0011568635
0.0011545848
0.001152305
0.0011500252
0.0011477488
0.001145469
0.0011431633
0.0011408352
0.0011384984
0.0011361644
0.001133839
0.001131521
0.0011292024
0.0011268763
0.0011245446
0.0011222082
0.0011198666
0.0011175178
0.0011151645
0.0011128101
0.0011104547
0.0011080968
0.0011057377
0.0011033747
0.0011010119
0.0010986249
0.0010962656
0.0010938443
0.0010913944
0.0010890107
0.0010866315
0.0010842257
0.0010817692
0.0010793276
0.0010768854
0.0010744697
0.0010720471
0.001413008
0.001410816
0.0014086245
0.0014064326
0.0014042411
0.0014020522
0.001399866
0.0013976849
0.0013955109
0.0013933422
0.0013911794
0.0013890078
0.0013868351
0.0013846447
0.0013824705
0.0013802574
0.0013781028
0.0013757682
0.0013737855
0.001371881
0.0013695487
0.0013673347
0.0013651725
0.0013630411
0.0013608593
0.0013586874
0.00135651
0.0013543371
0.0013521637
0.0013499899
0.0013478156
0.0013456426
0.0013434718
0.0013413043
0.0013391411
0.0013369825
0.0013348281
0.001332675
0.0013305178
0.0013283552
0.0013261901
0.0013240239
0.0013218564
0.0013196876
0.0013175187
0.0013153507
0.0013131849
0.001311022
0.001308863
0.0013067083
0.0013045564
0.0013024021
0.0013002415
0.0012980766
0.0012959099
0.0012937415
0.0012915711
0.0012893996
0.0012872281
0.001285058
0.0012828901
0.0012807254
0.0012785644
0.0012764066
0.0012742484
0.0012720849
0.0012699157
0.0012677446
0.001265571
0.0012633948
0.0012612146
0.0012590198
0.0012568148
0.001254616
0.0012524252
0.0012502382
0.0012480569
0.0012458789
0.0012436987
0.0012415135
0.0012393249
0.0012371352
0.0012349426
0.0012327463
0.0012305474
0.0012283471
0.0012261469
0.0012239479
0.0012217507
0.0012195559
0.0012173617
0.0012151619
0.0012129539
0.0012107406
0.001208524
0.0012063037
0.0012040795
0.0012018524
0.0011996238
0.0011973952
0.0011951672
0.0011929402
0.0011907141
0.001188481
0.0011862353
0.0011839836
0.0011817332
0.0011794843
0.0011772328
0.001174976
0.0011727153
0.0011704517
0.0011681859
0.0011659204
0.0011636563
0.0011613955
0.0011591334
0.0011568638
0.0011545851
0.0011523053
0.0011500256
0.0011477491
0.0011454693
0.0011431637
0.0011408355
0.0011384987
0.0011361648
0.0011338393
0.0011315213
0.0011292028
0.0011268767
0.0011245449
0.0011222085
0.0011198669
0.0011175182
0.0011151648
0.0011128104
0.001110455
0.0011080971
0.001105738
0.001103375
0.0011010122
0.0010986252
0.0010962659
0.0010938446
0.0010913947
0.001089011
0.0010866318
0.001084226
0.0010817695
0.0010793279
0.0010768857
0.0010744699
0.0010720474
0.0014130087
0.0014108167
0.0014086253
0.0014064333
0.0014042419
0.001402053
0.0013998668
0.0013976856
0.0013955116
0.001393343
0.0013911801
0.0013890085
0.0013868358
0.0013846455
0.0013824712
0.0013802581
0.0013781035
0.0013757689
0.0013737862
0.0013718817
0.0013695494
0.0013673354
0.0013651732
0.0013630418
0.0013608599
0.0013586881
0.0013565107
0.0013543377
0.0013521644
0.0013499905
0.0013478163
0.0013456432
0.0013434724
0.0013413049
0.0013391418
0.0013369832
0.0013348287
0.0013326757
0.0013305184
0.0013283558
0.0013261907
0.0013240246
0.001321857
0.0013196882
0.0013175193
0.0013153513
0.0013131855
0.0013110226
0.0013088636
0.0013067089
0.001304557
0.0013024027
0.0013002421
0.0012980772
0.0012959105
0.0012937421
0.0012915717
0.0012894002
0.0012872287
0.0012850586
0.0012828906
0.001280726
0.0012785649
0.0012764071
0.0012742489
0.0012720854
0.0012699162
0.0012677451
0.0012655715
0.0012633954
0.0012612151
0.0012590203
0.0012568154
0.0012546165
0.0012524257
0.0012502388
0.0012480574
0.0012458794
0.0012436992
0.001241514
0.0012393254
0.0012371357
0.0012349431
0.0012327468
0.0012305478
0.0012283476
0.0012261474
0.0012239483
0.0012217511
0.0012195564
0.0012173621
0.0012151624
0.0012129544
0.001210741
0.0012085244
0.0012063042
0.00120408
0.0012018529
0.0011996243
0.0011973956
0.0011951676
0.0011929406
0.0011907145
0.0011884814
0.0011862357
0.001183984
0.0011817336
0.0011794847
0.0011772332
0.0011749764
0.0011727157
0.0011704521
0.0011681863
0.0011659208
0.0011636567
0.0011613958
0.0011591338
0.0011568642
0.0011545855
0.0011523057
0.0011500259
0.0011477495
0.0011454697
0.001143164
0.0011408359
0.0011384991
0.0011361651
0.0011338397
0.0011315217
0.0011292031
0.001126877
0.0011245452
0.0011222089
0.0011198673
0.0011175185
0.0011151651
0.0011128108
0.0011104554
0.0011080975
0.0011057383
0.0011033754
0.0011010126
0.0010986255
0.0010962662
0.001093845
0.0010913951
0.0010890113
0.0010866321
0.0010842264
0.0010817698
0.0010793282
0.001076886
0.0010744702
0.0010720477
0.0014130096
0.0014108175
0.0014086261
0.0014064342
0.0014042427
0.0014020538
0.0013998676
0.0013976864
0.0013955124
0.0013933437
0.0013911809
0.0013890093
0.0013868366
0.0013846462
0.001382472
0.0013802588
0.0013781043
0.0013757696
0.0013737869
0.0013718824
0.0013695502
0.0013673362
0.0013651739
0.0013630425
0.0013608607
0.0013586888
0.0013565114
0.0013543385
0.0013521651
0.0013499912
0.001347817
0.0013456439
0.0013434731
0.0013413056
0.0013391425
0.0013369838
0.0013348294
0.0013326763
0.0013305191
0.0013283565
0.0013261914
0.0013240252
0.0013218577
0.0013196889
0.0013175199
0.001315352
0.0013131861
0.0013110233
0.0013088642
0.0013067096
0.0013045577
0.0013024033
0.0013002427
0.0012980778
0.0012959111
0.0012937427
0.0012915723
0.0012894008
0.0012872293
0.0012850592
0.0012828912
0.0012807265
0.0012785655
0.0012764077
0.0012742495
0.001272086
0.0012699168
0.0012677457
0.0012655721
0.0012633959
0.0012612157
0.0012590209
0.0012568159
0.001254617
0.0012524262
0.0012502393
0.0012480579
0.0012458799
0.0012436997
0.0012415145
0.001239326
0.0012371362
0.0012349436
0.0012327473
0.0012305483
0.0012283481
0.0012261479
0.0012239488
0.0012217516
0.0012195569
0.0012173626
0.0012151629
0.0012129548
0.0012107415
0.0012085249
0.0012063047
0.0012040804
0.0012018534
0.0011996247
0.0011973961
0.0011951681
0.001192941
0.001190715
0.0011884819
0.0011862361
0.0011839844
0.0011817341
0.0011794852
0.0011772336
0.0011749769
0.0011727162
0.0011704525
0.0011681867
0.0011659212
0.0011636571
0.0011613963
0.0011591342
0.0011568646
0.0011545859
0.0011523061
0.0011500263
0.0011477499
0.0011454701
0.0011431644
0.0011408363
0.0011384995
0.0011361655
0.0011338401
0.0011315221
0.0011292035
0.0011268774
0.0011245456
0.0011222093
0.0011198677
0.0011175189
0.0011151655
0.0011128112
0.0011104557
0.0011080978
0.0011057387
0.0011033757
0.0011010129
0.0010986258
0.0010962666
0.0010938453
0.0010913954
0.0010890117
0.0010866325
0.0010842267
0.0010817701
0.0010793285
0.0010768863
0.0010744706
0.0010720481
0.0014130105
0.0014108184
0.001408627
0.001406435
0.0014042435
0.0014020547
0.0013998684
0.0013976872
0.0013955133
0.0013933446
0.0013911818
0.0013890102
0.0013868374
0.0013846471
0.0013824728
0.0013802597
0.0013781051
0.0013757704
0.0013737877
0.0013718832
0.0013695509
0.001367337
0.0013651747
0.0013630433
0.0013608615
0.0013586896
0.0013565121
0.0013543392
0.0013521658
0.001349992
0.0013478177
0.0013456447
0.0013434739
0.0013413064
0.0013391432
0.0013369846
0.0013348301
0.001332677
0.0013305198
0.0013283572
0.0013261921
0.0013240259
0.0013218584
0.0013196896
0.0013175206
0.0013153527
0.0013131868
0.0013110239
0.0013088649
0.0013067102
0.0013045583
0.001302404
0.0013002433
0.0012980784
0.0012959117
0.0012937433
0.001291573
0.0012894014
0.0012872299
0.0012850598
0.0012828919
0.0012807272
0.0012785661
0.0012764083
0.0012742501
0.0012720866
0.0012699174
0.0012677463
0.0012655727
0.0012633965
0.0012612163
0.0012590214
0.0012568165
0.0012546176
0.0012524268
0.0012502399
0.0012480585
0.0012458805
0.0012437003
0.0012415151
0.0012393265
0.0012371368
0.0012349442
0.0012327479
0.0012305489
0.0012283486
0.0012261484
0.0012239494
0.0012217522
0.0012195574
0.0012173631
0.0012151634
0.0012129554
0.001210742
0.0012085254
0.0012063052
0.001204081
0.0012018539
0.0011996252
0.0011973966
0.0011951686
0.0011929415
0.0011907155
0.0011884824
0.0011862366
0.0011839849
0.0011817345
0.0011794856
0.0011772341
0.0011749773
0.0011727166
0.001170453
0.0011681872
0.0011659217
0.0011636575
0.0011613967
0.0011591346
0.0011568651
0.0011545864
0.0011523066
0.0011500268
0.0011477504
0.0011454705
0.0011431649
0.0011408367
0.0011384999
0.001136166
0.0011338405
0.0011315225
0.0011292039
0.0011268778
0.001124546
0.0011222097
0.0011198681
0.0011175193
0.0011151659
0.0011128115
0.0011104561
0.0011080982
0.0011057391
0.0011033761
0.0011010133
0.0010986262
0.001096267
0.0010938457
0.0010913958
0.001089012
0.0010866328
0.0010842271
0.0010817705
0.0010793289
0.0010768867
0.0010744709
0.0010720484
0.0014130114
0.0014108194
0.0014086279
0.001406436
0.0014042445
0.0014020556
0.0013998693
0.0013976882
0.0013955142
0.0013933455
0.0013911827
0.001389011
0.0013868383
0.0013846479
0.0013824736
0.0013802605
0.001378106
0.0013757713
0.0013737885
0.001371884
0.0013695518
0.0013673378
0.0013651756
0.0013630442
0.0013608623
0.0013586904
0.001356513
0.00135434
0.0013521666
0.0013499928
0.0013478185
0.0013456454
0.0013434746
0.0013413072
0.001339144
0.0013369853
0.0013348309
0.0013326778
0.0013305206
0.0013283579
0.0013261928
0.0013240267
0.0013218591
0.0013196903
0.0013175214
0.0013153534
0.0013131875
0.0013110247
0.0013088656
0.001306711
0.001304559
0.0013024047
0.0013002441
0.0012980791
0.0012959124
0.001293744
0.0012915736
0.0012894021
0.0012872306
0.0012850605
0.0012828925
0.0012807278
0.0012785668
0.001276409
0.0012742508
0.0012720873
0.001269918
0.0012677469
0.0012655733
0.0012633972
0.0012612169
0.0012590221
0.0012568171
0.0012546182
0.0012524274
0.0012502405
0.0012480591
0.0012458811
0.0012437009
0.0012415157
0.0012393271
0.0012371374
0.0012349448
0.0012327485
0.0012305495
0.0012283492
0.001226149
0.0012239499
0.0012217527
0.0012195579
0.0012173637
0.0012151639
0.0012129559
0.0012107426
0.001208526
0.0012063057
0.0012040815
0.0012018544
0.0011996258
0.0011973971
0.0011951691
0.0011929421
0.001190716
0.0011884829
0.0011862371
0.0011839854
0.001181735
0.0011794861
0.0011772346
0.0011749778
0.0011727171
0.0011704535
0.0011681877
0.0011659222
0.001163658
0.0011613972
0.0011591351
0.0011568656
0.0011545868
0.001152307
0.0011500272
0.0011477508
0.001145471
0.0011431653
0.0011408372
0.0011385004
0.0011361664
0.0011338409
0.0011315229
0.0011292043
0.0011268782
0.0011245465
0.0011222101
0.0011198685
0.0011175197
0.0011151663
0.001112812
0.0011104565
0.0011080986
0.0011057395
0.0011033765
0.0011010137
0.0010986266
0.0010962674
0.0010938461
0.0010913962
0.0010890124
0.0010866332
0.0010842274
0.0010817709
0.0010793292
0.001076887
0.0010744713
0.0010720488
0.0014130124
0.0014108204
0.0014086289
0.0014064369
0.0014042454
0.0014020565
0.0013998703
0.0013976891
0.0013955151
0.0013933464
0.0013911836
0.001389012
0.0013868392
0.0013846489
0.0013824746
0.0013802614
0.0013781069
0.0013757722
0.0013737894
0.0013718849
0.0013695526
0.0013673387
0.0013651765
0.0013630451
0.0013608632
0.0013586913
0.0013565138
0.0013543409
0.0013521675
0.0013499936
0.0013478194
0.0013456463
0.0013434755
0.001341308
0.0013391448
0.0013369862
0.0013348317
0.0013326786
0.0013305214
0.0013283587
0.0013261936
0.0013240275
0.0013218599
0.0013196911
0.0013175221
0.0013153542
0.0013131883
0.0013110254
0.0013088664
0.0013067117
0.0013045598
0.0013024054
0.0013002448
0.0012980799
0.0012959132
0.0012937447
0.0012915744
0.0012894028
0.0012872313
0.0012850612
0.0012828932
0.0012807285
0.0012785675
0.0012764097
0.0012742515
0.001272088
0.0012699187
0.0012677476
0.001265574
0.0012633978
0.0012612176
0.0012590227
0.0012568178
0.0012546189
0.0012524281
0.0012502411
0.0012480598
0.0012458817
0.0012437015
0.0012415163
0.0012393277
0.001237138
0.0012349454
0.0012327491
0.0012305501
0.0012283498
0.0012261496
0.0012239505
0.0012217533
0.0012195585
0.0012173643
0.0012151645
0.0012129565
0.0012107432
0.0012085266
0.0012063063
0.0012040821
0.001201855
0.0011996263
0.0011973977
0.0011951697
0.0011929426
0.0011907165
0.0011884834
0.0011862377
0.001183986
0.0011817356
0.0011794867
0.0011772351
0.0011749784
0.0011727176
0.001170454
0.0011681882
0.0011659227
0.0011636585
0.0011613977
0.0011591356
0.0011568661
0.0011545873
0.0011523075
0.0011500277
0.0011477513
0.0011454715
0.0011431658
0.0011408376
0.0011385008
0.0011361669
0.0011338414
0.0011315234
0.0011292048
0.0011268787
0.0011245469
0.0011222105
0.0011198689
0.0011175202
0.0011151668
0.0011128124
0.001110457
0.0011080991
0.0011057399
0.0011033769
0.0011010141
0.001098627
0.0010962678
0.0010938465
0.0010913966
0.0010890129
0.0010866336
0.0010842278
0.0010817713
0.0010793296
0.0010768874
0.0010744717
0.0010720492
0.0014130135
0.0014108214
0.00140863
0.001406438
0.0014042465
0.0014020576
0.0013998713
0.0013976901
0.0013955161
0.0013933474
0.0013911846
0.001389013
0.0013868402
0.0013846499
0.0013824756
0.0013802624
0.0013781079
0.0013757732
0.0013737904
0.0013718858
0.0013695536
0.0013673396
0.0013651774
0.001363046
0.0013608641
0.0013586922
0.0013565148
0.0013543418
0.0013521684
0.0013499945
0.0013478203
0.0013456472
0.0013434764
0.0013413089
0.0013391457
0.001336987
0.0013348326
0.0013326795
0.0013305223
0.0013283596
0.0013261945
0.0013240283
0.0013218607
0.0013196919
0.001317523
0.001315355
0.0013131891
0.0013110263
0.0013088672
0.0013067125
0.0013045606
0.0013024062
0.0013002456
0.0012980807
0.0012959139
0.0012937455
0.0012915751
0.0012894036
0.0012872321
0.001285062
0.001282894
0.0012807293
0.0012785683
0.0012764104
0.0012742522
0.0012720887
0.0012699194
0.0012677483
0.0012655747
0.0012633985
0.0012612183
0.0012590235
0.0012568185
0.0012546196
0.0012524288
0.0012502418
0.0012480605
0.0012458824
0.0012437022
0.001241517
0.0012393284
0.0012371387
0.0012349461
0.0012327498
0.0012305507
0.0012283505
0.0012261503
0.0012239512
0.001221754
0.0012195592
0.0012173649
0.0012151652
0.0012129571
0.0012107438
0.0012085272
0.0012063069
0.0012040827
0.0012018556
0.0011996269
0.0011973983
0.0011951703
0.0011929432
0.0011907171
0.001188484
0.0011862383
0.0011839865
0.0011817362
0.0011794872
0.0011772357
0.0011749789
0.0011727182
0.0011704545
0.0011681888
0.0011659232
0.0011636591
0.0011613982
0.0011591362
0.0011568666
0.0011545879
0.001152308
0.0011500283
0.0011477518
0.001145472
0.0011431663
0.0011408382
0.0011385014
0.0011361674
0.0011338419
0.0011315239
0.0011292053
0.0011268792
0.0011245474
0.001122211
0.0011198694
0.0011175206
0.0011151672
0.0011128129
0.0011104574
0.0011080995
0.0011057404
0.0011033774
0.0011010146
0.0010986275
0.0010962682
0.0010938469
0.001091397
0.0010890133
0.0010866341
0.0010842283
0.0010817717
0.0010793301
0.0010768879
0.0010744721
0.0010720496
0.0014152073
0.0014130146
0.0014108225
0.0014086311
0.0014064391
0.0014042476
0.0014020587
0.0013998724
0.0013976912
0.0013955172
0.0013933485
0.0013911857
0.0013890141
0.0013868413
0.0013846509
0.0013824766
0.0013802635
0.0013781089
0.0013757742
0.0013737914
0.0013718868
0.0013695546
0.0013673406
0.0013651784
0.001363047
0.0013608651
0.0013586932
0.0013565157
0.0013543428
0.0013521694
0.0013499955
0.0013478212
0.0013456481
0.0013434773
0.0013413098
0.0013391466
0.001336988
0.0013348335
0.0013326804
0.0013305232
0.0013283605
0.0013261954
0.0013240292
0.0013218616
0.0013196928
0.0013175239
0.0013153559
0.00131319
0.0013110271
0.0013088681
0.0013067134
0.0013045615
0.0013024071
0.0013002464
0.0012980815
0.0012959148
0.0012937463
0.001291576
0.0012894044
0.0012872329
0.0012850628
0.0012828948
0.0012807301
0.0012785691
0.0012764112
0.001274253
0.0012720895
0.0012699202
0.0012677491
0.0012655755
0.0012633993
0.0012612191
0.0012590242
0.0012568192
0.0012546203
0.0012524295
0.0012502426
0.0012480612
0.0012458831
0.0012437029
0.0012415177
0.0012393291
0.0012371394
0.0012349468
0.0012327505
0.0012305514
0.0012283512
0.001226151
0.0012239519
0.0012217547
0.0012195599
0.0012173656
0.0012151658
0.0012129578
0.0012107444
0.0012085278
0.0012063075
0.0012040833
0.0012018562
0.0011996276
0.0011973989
0.0011951709
0.0011929438
0.0011907178
0.0011884846
0.0011862389
0.0011839871
0.0011817368
0.0011794879
0.0011772363
0.0011749795
0.0011727188
0.0011704551
0.0011681893
0.0011659238
0.0011636596
0.0011613988
0.0011591367
0.0011568672
0.0011545884
0.0011523086
0.0011500288
0.0011477524
0.0011454725
0.0011431669
0.0011408387
0.0011385019
0.0011361679
0.0011338424
0.0011315244
0.0011292058
0.0011268797
0.0011245479
0.0011222115
0.0011198699
0.0011175211
0.0011151677
0.0011128134
0.0011104579
0.0011081
0.0011057409
0.0011033779
0.0011010151
0.001098628
0.0010962687
0.0010938474
0.0010913975
0.0010890138
0.0010866345
0.0010842287
0.0010817722
0.0010793305
0.0010768883
0.0010744726
0.00107205
0.0014152085
0.0014130158
0.0014108237
0.0014086323
0.0014064403
0.0014042488
0.0014020598
0.0013998736
0.0013976924
0.0013955184
0.0013933497
0.0013911868
0.0013890152
0.0013868424
0.001384652
0.0013824777
0.0013802646
0.00137811
0.0013757753
0.0013737925
0.0013718878
0.0013695556
0.0013673417
0.0013651795
0.0013630481
0.0013608662
0.0013586943
0.0013565168
0.0013543438
0.0013521704
0.0013499965
0.0013478223
0.0013456491
0.0013434783
0.0013413108
0.0013391476
0.001336989
0.0013348345
0.0013326814
0.0013305241
0.0013283615
0.0013261963
0.0013240302
0.0013218626
0.0013196938
0.0013175248
0.0013153568
0.0013131909
0.001311028
0.001308869
0.0013067143
0.0013045624
0.001302408
0.0013002473
0.0012980824
0.0012959157
0.0012937472
0.0012915768
0.0012894053
0.0012872338
0.0012850636
0.0012828957
0.001280731
0.0012785699
0.0012764121
0.0012742538
0.0012720903
0.001269921
0.0012677499
0.0012655763
0.0012634001
0.0012612199
0.001259025
0.00125682
0.0012546211
0.0012524303
0.0012502434
0.001248062
0.0012458839
0.0012437037
0.0012415185
0.0012393299
0.0012371402
0.0012349475
0.0012327512
0.0012305522
0.0012283519
0.0012261517
0.0012239526
0.0012217554
0.0012195606
0.0012173663
0.0012151665
0.0012129585
0.0012107451
0.0012085285
0.0012063082
0.001204084
0.0012018569
0.0011996283
0.0011973996
0.0011951716
0.0011929445
0.0011907184
0.0011884853
0.0011862395
0.0011839878
0.0011817374
0.0011794885
0.0011772369
0.0011749802
0.0011727194
0.0011704557
0.00116819
0.0011659244
0.0011636603
0.0011613994
0.0011591373
0.0011568678
0.001154589
0.0011523092
0.0011500294
0.001147753
0.0011454731
0.0011431674
0.0011408393
0.0011385025
0.0011361685
0.001133843
0.001131525
0.0011292064
0.0011268803
0.0011245485
0.0011222121
0.0011198705
0.0011175217
0.0011151683
0.0011128139
0.0011104585
0.0011081005
0.0011057414
0.0011033784
0.0011010156
0.0010986285
0.0010962692
0.0010938479
0.001091398
0.0010890143
0.001086635
0.0010842292
0.0010817726
0.001079331
0.0010768888
0.001074473
0.0010720505
0.0014152098
0.0014130171
0.001410825
0.0014086335
0.0014064415
0.00140425
0.0014020611
0.0013998748
0.0013976936
0.0013955196
0.0013933509
0.001391188
0.0013890164
0.0013868436
0.0013846532
0.0013824789
0.0013802657
0.0013781112
0.0013757765
0.0013737936
0.001371889
0.0013695567
0.0013673428
0.0013651807
0.0013630492
0.0013608673
0.0013586954
0.0013565179
0.0013543449
0.0013521715
0.0013499976
0.0013478233
0.0013456502
0.0013434794
0.0013413119
0.0013391487
0.00133699
0.0013348355
0.0013326824
0.0013305252
0.0013283625
0.0013261974
0.0013240312
0.0013218636
0.0013196948
0.0013175258
0.0013153578
0.0013131919
0.001311029
0.00130887
0.0013067153
0.0013045633
0.0013024089
0.0013002483
0.0012980833
0.0012959166
0.0012937482
0.0012915778
0.0012894062
0.0012872347
0.0012850645
0.0012828966
0.0012807319
0.0012785708
0.0012764129
0.0012742547
0.0012720912
0.0012699219
0.0012677508
0.0012655772
0.001263401
0.0012612207
0.0012590259
0.0012568209
0.001254622
0.0012524311
0.0012502442
0.0012480628
0.0012458847
0.0012437045
0.0012415193
0.0012393307
0.001237141
0.0012349483
0.001232752
0.001230553
0.0012283527
0.0012261525
0.0012239534
0.0012217561
0.0012195613
0.0012173671
0.0012151673
0.0012129593
0.0012107459
0.0012085293
0.001206309
0.0012040847
0.0012018576
0.001199629
0.0011974003
0.0011951723
0.0011929452
0.0011907191
0.001188486
0.0011862402
0.0011839885
0.0011817381
0.0011794892
0.0011772376
0.0011749808
0.0011727201
0.0011704564
0.0011681906
0.0011659251
0.0011636609
0.0011614001
0.001159138
0.0011568684
0.0011545897
0.0011523098
0.00115003
0.0011477536
0.0011454737
0.001143168
0.0011408399
0.0011385031
0.0011361691
0.0011338436
0.0011315256
0.001129207
0.0011268808
0.001124549
0.0011222127
0.001119871
0.0011175222
0.0011151688
0.0011128145
0.001110459
0.0011081011
0.0011057419
0.001103379
0.0011010161
0.001098629
0.0010962697
0.0010938484
0.0010913985
0.0010890148
0.0010866356
0.0010842297
0.0010817732
0.0010793315
0.0010768893
0.0010744735
0.001072051
0.0014152111
0.0014130184
0.0014108263
0.0014086348
0.0014064429
0.0014042513
0.0014020624
0.0013998761
0.0013976949
0.0013955209
0.0013933521
0.0013911893
0.0013890176
0.0013868448
0.0013846545
0.0013824801
0.001380267
0.0013781124
0.0013757777
0.0013737948
0.0013718901
0.0013695579
0.001367344
0.0013651819
0.0013630504
0.0013608685
0.0013586966
0.0013565191
0.0013543461
0.0013521727
0.0013499987
0.0013478245
0.0013456513
0.0013434805
0.001341313
0.0013391498
0.0013369911
0.0013348366
0.0013326835
0.0013305263
0.0013283636
0.0013261984
0.0013240322
0.0013218646
0.0013196958
0.0013175268
0.0013153589
0.0013131929
0.0013110301
0.001308871
0.0013067163
0.0013045643
0.0013024099
0.0013002493
0.0012980843
0.0012959176
0.0012937491
0.0012915788
0.0012894072
0.0012872357
0.0012850655
0.0012828975
0.0012807328
0.0012785718
0.0012764139
0.0012742557
0.0012720921
0.0012699228
0.0012677517
0.0012655781
0.0012634019
0.0012612216
0.0012590268
0.0012568218
0.0012546229
0.001252432
0.0012502451
0.0012480637
0.0012458856
0.0012437054
0.0012415202
0.0012393316
0.0012371418
0.0012349492
0.0012327528
0.0012305538
0.0012283535
0.0012261533
0.0012239542
0.001221757
0.0012195621
0.0012173679
0.0012151681
0.00121296
0.0012107467
0.00120853
0.0012063098
0.0012040855
0.0012018584
0.0011996297
0.0011974011
0.001195173
0.001192946
0.0011907199
0.0011884867
0.001186241
0.0011839892
0.0011817388
0.0011794899
0.0011772383
0.0011749815
0.0011727208
0.0011704571
0.0011681913
0.0011659258
0.0011636616
0.0011614008
0.0011591386
0.0011568691
0.0011545903
0.0011523105
0.0011500307
0.0011477542
0.0011454744
0.0011431687
0.0011408405
0.0011385037
0.0011361697
0.0011338442
0.0011315262
0.0011292076
0.0011268815
0.0011245497
0.0011222133
0.0011198716
0.0011175228
0.0011151694
0.0011128151
0.0011104596
0.0011081017
0.0011057425
0.0011033795
0.0011010167
0.0010986296
0.0010962703
0.001093849
0.0010913991
0.0010890153
0.0010866361
0.0010842303
0.0010817737
0.001079332
0.0010768898
0.0010744741
0.0010720515
0.0014152126
0.0014130198
0.0014108277
0.0014086362
0.0014064442
0.0014042527
0.0014020638
0.0013998775
0.0013976963
0.0013955222
0.0013933535
0.0013911906
0.001389019
0.0013868461
0.0013846558
0.0013824814
0.0013802683
0.0013781137
0.001375779
0.0013737961
0.0013718914
0.0013695591
0.0013673453
0.0013651831
0.0013630517
0.0013608698
0.0013586978
0.0013565203
0.0013543473
0.0013521739
0.00135
0.0013478257
0.0013456525
0.0013434817
0.0013413142
0.0013391509
0.0013369923
0.0013348378
0.0013326847
0.0013305274
0.0013283647
0.0013261996
0.0013240334
0.0013218658
0.001319697
0.001317528
0.00131536
0.001313194
0.0013110311
0.0013088721
0.0013067174
0.0013045654
0.001302411
0.0013002503
0.0012980854
0.0012959186
0.0012937502
0.0012915798
0.0012894082
0.0012872367
0.0012850665
0.0012828985
0.0012807338
0.0012785728
0.0012764149
0.0012742566
0.0012720931
0.0012699238
0.0012677527
0.0012655791
0.0012634029
0.0012612226
0.0012590277
0.0012568227
0.0012546238
0.0012524329
0.001250246
0.0012480646
0.0012458865
0.0012437063
0.0012415211
0.0012393325
0.0012371427
0.00123495
0.0012327537
0.0012305547
0.0012283544
0.0012261541
0.0012239551
0.0012217578
0.001219563
0.0012173687
0.0012151689
0.0012129609
0.0012107475
0.0012085309
0.0012063106
0.0012040863
0.0012018592
0.0011996306
0.0011974019
0.0011951738
0.0011929467
0.0011907207
0.0011884875
0.0011862417
0.00118399
0.0011817396
0.0011794907
0.0011772391
0.0011749823
0.0011727215
0.0011704579
0.0011681921
0.0011659265
0.0011636623
0.0011614015
0.0011591394
0.0011568698
0.0011545911
0.0011523112
0.0011500314
0.0011477549
0.0011454751
0.0011431694
0.0011408412
0.0011385044
0.0011361704
0.0011338449
0.0011315269
0.0011292083
0.0011268821
0.0011245503
0.0011222139
0.0011198723
0.0011175235
0.0011151701
0.0011128157
0.0011104602
0.0011081023
0.0011057431
0.0011033801
0.0011010173
0.0010986302
0.0010962709
0.0010938496
0.0010913997
0.0010890159
0.0010866367
0.0010842309
0.0010817743
0.0010793326
0.0010768904
0.0010744746
0.0010720521
0.001415214
0.0014130213
0.0014108292
0.0014086377
0.0014064457
0.0014042541
0.0014020652
0.0013998789
0.0013976977
0.0013955236
0.0013933549
0.001391192
0.0013890204
0.0013868475
0.0013846571
0.0013824828
0.0013802696
0.001378115
0.0013757803
0.0013737974
0.0013718927
0.0013695604
0.0013673466
0.0013651845
0.001363053
0.0013608711
0.0013586991
0.0013565216
0.0013543486
0.0013521751
0.0013500012
0.0013478269
0.0013456538
0.0013434829
0.0013413154
0.0013391522
0.0013369935
0.001334839
0.0013326859
0.0013305286
0.0013283659
0.0013262008
0.0013240345
0.0013218669
0.0013196981
0.0013175291
0.0013153611
0.0013131952
0.0013110323
0.0013088732
0.0013067185
0.0013045665
0.0013024121
0.0013002515
0.0012980865
0.0012959197
0.0012937513
0.0012915809
0.0012894093
0.0012872378
0.0012850676
0.0012828996
0.0012807349
0.0012785738
0.0012764159
0.0012742577
0.0012720941
0.0012699248
0.0012677537
0.0012655801
0.0012634039
0.0012612236
0.0012590287
0.0012568237
0.0012546248
0.0012524339
0.0012502469
0.0012480655
0.0012458875
0.0012437072
0.001241522
0.0012393334
0.0012371436
0.001234951
0.0012327546
0.0012305556
0.0012283553
0.001226155
0.0012239559
0.0012217587
0.0012195639
0.0012173696
0.0012151698
0.0012129617
0.0012107484
0.0012085317
0.0012063114
0.0012040872
0.00120186
0.0011996314
0.0011974027
0.0011951747
0.0011929476
0.0011907215
0.0011884883
0.0011862425
0.0011839908
0.0011817404
0.0011794914
0.0011772398
0.0011749831
0.0011727223
0.0011704586
0.0011681928
0.0011659273
0.0011636631
0.0011614022
0.0011591401
0.0011568705
0.0011545918
0.0011523119
0.0011500321
0.0011477557
0.0011454758
0.0011431701
0.0011408419
0.0011385051
0.0011361711
0.0011338456
0.0011315276
0.0011292089
0.0011268828
0.001124551
0.0011222146
0.001119873
0.0011175241
0.0011151707
0.0011128163
0.0011104609
0.0011081029
0.0011057438
0.0011033808
0.0011010179
0.0010986308
0.0010962715
0.0010938502
0.0010914003
0.0010890165
0.0010866373
0.0010842315
0.0010817749
0.0010793332
0.001076891
0.0010744752
0.0010720527
0.0014130228
0.0014108307
0.0014086392
0.0014064472
0.0014042556
0.0014020667
0.0013998804
0.0013976991
0.0013955251
0.0013933563
0.0013911934
0.0013890218
0.0013868489
0.0013846585
0.0013824842
0.001380271
0.0013781164
0.0013757817
0.0013737988
0.001371894
0.0013695618
0.001367348
0.0013651858
0.0013630544
0.0013608724
0.0013587005
0.0013565229
0.0013543499
0.0013521764
0.0013500025
0.0013478282
0.0013456551
0.0013434842
0.0013413167
0.0013391534
0.0013369947
0.0013348402
0.0013326871
0.0013305298
0.0013283671
0.001326202
0.0013240357
0.0013218681
0.0013196993
0.0013175303
0.0013153623
0.0013131964
0.0013110334
0.0013088744
0.0013067196
0.0013045677
0.0013024132
0.0013002526
0.0012980876
0.0012959209
0.0012937524
0.001291582
0.0012894104
0.0012872389
0.0012850687
0.0012829007
0.0012807359
0.0012785749
0.001276417
0.0012742587
0.0012720952
0.0012699259
0.0012677547
0.0012655811
0.0012634049
0.0012612246
0.0012590297
0.0012568247
0.0012546258
0.0012524349
0.0012502479
0.0012480665
0.0012458884
0.0012437082
0.001241523
0.0012393343
0.0012371446
0.0012349519
0.0012327556
0.0012305565
0.0012283562
0.001226156
0.0012239569
0.0012217596
0.0012195648
0.0012173705
0.0012151707
0.0012129626
0.0012107492
0.0012085326
0.0012063123
0.001204088
0.0012018609
0.0011996322
0.0011974036
0.0011951755
0.0011929484
0.0011907223
0.0011884891
0.0011862434
0.0011839916
0.0011817412
0.0011794923
0.0011772407
0.0011749839
0.0011727231
0.0011704594
0.0011681936
0.0011659281
0.0011636639
0.001161403
0.0011591409
0.0011568713
0.0011545925
0.0011523127
0.0011500329
0.0011477564
0.0011454765
0.0011431708
0.0011408426
0.0011385058
0.0011361718
0.0011338463
0.0011315283
0.0011292096
0.0011268835
0.0011245517
0.0011222153
0.0011198736
0.0011175248
0.0011151714
0.001112817
0.0011104616
0.0011081036
0.0011057444
0.0011033814
0.0011010186
0.0010986315
0.0010962722
0.0010938509
0.0010914009
0.0010890172
0.0010866379
0.0010842321
0.0010817755
0.0010793338
0.0010768916
0.0010744758
0.0010720533
0.0014130244
0.0014108323
0.0014086407
0.0014064487
0.0014042571
0.0014020682
0.0013998819
0.0013977006
0.0013955266
0.0013933578
0.0013911949
0.0013890233
0.0013868504
0.00138466
0.0013824857
0.0013802724
0.0013781178
0.0013757831
0.0013738002
0.0013718954
0.0013695631
0.0013673494
0.0013651872
0.0013630558
0.0013608738
0.0013587018
0.0013565243
0.0013543513
0.0013521778
0.0013500038
0.0013478295
0.0013456564
0.0013434855
0.001341318
0.0013391547
0.001336996
0.0013348415
0.0013326884
0.0013305311
0.0013283684
0.0013262032
0.001324037
0.0013218694
0.0013197005
0.0013175315
0.0013153635
0.0013131976
0.0013110347
0.0013088756
0.0013067208
0.0013045689
0.0013024144
0.0013002538
0.0012980888
0.001295922
0.0012937535
0.0012915831
0.0012894115
0.00128724
0.0012850698
0.0012829018
0.0012807371
0.001278576
0.0012764181
0.0012742598
0.0012720963
0.001269927
0.0012677558
0.0012655822
0.001263406
0.0012612257
0.0012590308
0.0012568258
0.0012546268
0.0012524359
0.001250249
0.0012480675
0.0012458895
0.0012437092
0.001241524
0.0012393353
0.0012371456
0.0012349529
0.0012327565
0.0012305575
0.0012283572
0.0012261569
0.0012239578
0.0012217606
0.0012195657
0.0012173714
0.0012151716
0.0012129636
0.0012107502
0.0012085335
0.0012063132
0.0012040889
0.0012018618
0.0011996331
0.0011974044
0.0011951764
0.0011929493
0.0011907232
0.00118849
0.0011862442
0.0011839924
0.001181742
0.0011794931
0.0011772415
0.0011749847
0.0011727239
0.0011704602
0.0011681944
0.0011659289
0.0011636647
0.0011614038
0.0011591417
0.0011568721
0.0011545933
0.0011523135
0.0011500336
0.0011477572
0.0011454773
0.0011431716
0.0011408434
0.0011385066
0.0011361725
0.001133847
0.001131529
0.0011292104
0.0011268842
0.0011245524
0.001122216
0.0011198744
0.0011175255
0.0011151721
0.0011128177
0.0011104623
0.0011081043
0.0011057451
0.0011033821
0.0011010193
0.0010986322
0.0010962728
0.0010938515
0.0010914016
0.0010890178
0.0010866386
0.0010842328
0.0010817761
0.0010793345
0.0010768922
0.0010744764
0.0010720539
0.001413026
0.0014108339
0.0014086424
0.0014064503
0.0014042588
0.0014020698
0.0013998835
0.0013977022
0.0013955282
0.0013933594
0.0013911965
0.0013890248
0.0013868519
0.0013846615
0.0013824872
0.001380274
0.0013781194
0.0013757846
0.0013738016
0.0013718968
0.0013695646
0.0013673508
0.0013651887
0.0013630573
0.0013608753
0.0013587033
0.0013565257
0.0013543527
0.0013521792
0.0013500053
0.0013478309
0.0013456578
0.0013434869
0.0013413193
0.0013391561
0.0013369974
0.0013348429
0.0013326897
0.0013305324
0.0013283697
0.0013262045
0.0013240383
0.0013218707
0.0013197018
0.0013175328
0.0013153648
0.0013131989
0.0013110359
0.0013088768
0.0013067221
0.0013045701
0.0013024157
0.001300255
0.00129809
0.0012959232
0.0012937548
0.0012915843
0.0012894127
0.0012872412
0.001285071
0.001282903
0.0012807382
0.0012785771
0.0012764193
0.001274261
0.0012720974
0.0012699281
0.0012677569
0.0012655833
0.0012634071
0.0012612268
0.0012590319
0.0012568269
0.0012546279
0.001252437
0.00125025
0.0012480686
0.0012458905
0.0012437103
0.001241525
0.0012393364
0.0012371466
0.0012349539
0.0012327576
0.0012305585
0.0012283582
0.0012261579
0.0012239588
0.0012217616
0.0012195667
0.0012173724
0.0012151726
0.0012129645
0.0012107511
0.0012085345
0.0012063142
0.0012040899
0.0012018627
0.0011996341
0.0011974054
0.0011951773
0.0011929502
0.0011907241
0.0011884909
0.0011862451
0.0011839934
0.0011817429
0.001179494
0.0011772424
0.0011749856
0.0011727248
0.0011704611
0.0011681953
0.0011659297
0.0011636655
0.0011614046
0.0011591425
0.0011568729
0.0011545942
0.0011523143
0.0011500345
0.001147758
0.0011454781
0.0011431724
0.0011408442
0.0011385074
0.0011361733
0.0011338478
0.0011315298
0.0011292112
0.001126885
0.0011245532
0.0011222168
0.0011198751
0.0011175263
0.0011151729
0.0011128185
0.001110463
0.001108105
0.0011057458
0.0011033828
0.00110102
0.0010986329
0.0010962736
0.0010938522
0.0010914023
0.0010890185
0.0010866393
0.0010842334
0.0010817768
0.0010793351
0.0010768929
0.0010744771
0.0010720546
0.0014108356
0.0014086441
0.0014064521
0.0014042605
0.0014020715
0.0013998852
0.0013977039
0.0013955298
0.0013933611
0.0013911981
0.0013890264
0.0013868536
0.0013846632
0.0013824888
0.0013802756
0.0013781209
0.0013757862
0.0013738032
0.0013718983
0.0013695661
0.0013673524
0.0013651903
0.0013630588
0.0013608768
0.0013587048
0.0013565272
0.0013543542
0.0013521807
0.0013500067
0.0013478324
0.0013456592
0.0013434884
0.0013413208
0.0013391575
0.0013369988
0.0013348443
0.0013326911
0.0013305338
0.0013283711
0.0013262059
0.0013240397
0.0013218721
0.0013197032
0.0013175342
0.0013153661
0.0013132002
0.0013110373
0.0013088782
0.0013067234
0.0013045714
0.001302417
0.0013002563
0.0012980913
0.0012959245
0.001293756
0.0012915856
0.001289414
0.0012872424
0.0012850722
0.0012829042
0.0012807395
0.0012785784
0.0012764205
0.0012742622
0.0012720986
0.0012699293
0.0012677581
0.0012655845
0.0012634083
0.001261228
0.001259033
0.001256828
0.0012546291
0.0012524382
0.0012502512
0.0012480697
0.0012458916
0.0012437114
0.0012415261
0.0012393375
0.0012371477
0.001234955
0.0012327587
0.0012305596
0.0012283593
0.001226159
0.0012239599
0.0012217626
0.0012195678
0.0012173735
0.0012151736
0.0012129656
0.0012107522
0.0012085355
0.0012063152
0.0012040909
0.0012018637
0.0011996351
0.0011974064
0.0011951783
0.0011929512
0.0011907251
0.0011884919
0.0011862461
0.0011839943
0.0011817439
0.0011794949
0.0011772433
0.0011749865
0.0011727257
0.001170462
0.0011681962
0.0011659306
0.0011636664
0.0011614055
0.0011591434
0.0011568738
0.001154595
0.0011523152
0.0011500353
0.0011477588
0.001145479
0.0011431732
0.001140845
0.0011385082
0.0011361742
0.0011338486
0.0011315306
0.001129212
0.0011268858
0.001124554
0.0011222176
0.0011198759
0.0011175271
0.0011151736
0.0011128192
0.0011104638
0.0011081058
0.0011057466
0.0011033836
0.0011010207
0.0010986336
0.0010962743
0.001093853
0.001091403
0.0010890192
0.00108664
0.0010842342
0.0010817775
0.0010793358
0.0010768936
0.0010744778
0.0010720553
0.0014108375
0.0014086459
0.0014064539
0.0014042623
0.0014020733
0.0013998869
0.0013977057
0.0013955316
0.0013933628
0.0013911999
0.0013890282
0.0013868553
0.0013846649
0.0013824905
0.0013802772
0.0013781226
0.0013757879
0.0013738048
0.0013718999
0.0013695677
0.001367354
0.0013651919
0.0013630605
0.0013608784
0.0013587064
0.0013565288
0.0013543558
0.0013521823
0.0013500083
0.001347834
0.0013456608
0.0013434899
0.0013413223
0.0013391591
0.0013370003
0.0013348458
0.0013326926
0.0013305353
0.0013283726
0.0013262074
0.0013240412
0.0013218735
0.0013197047
0.0013175356
0.0013153676
0.0013132016
0.0013110387
0.0013088796
0.0013067248
0.0013045728
0.0013024184
0.0013002577
0.0012980927
0.0012959259
0.0012937574
0.001291587
0.0012894153
0.0012872438
0.0012850736
0.0012829055
0.0012807408
0.0012785797
0.0012764218
0.0012742635
0.0012720999
0.0012699306
0.0012677594
0.0012655858
0.0012634095
0.0012612292
0.0012590343
0.0012568292
0.0012546303
0.0012524394
0.0012502524
0.0012480709
0.0012458928
0.0012437126
0.0012415273
0.0012393387
0.0012371489
0.0012349562
0.0012327598
0.0012305607
0.0012283604
0.0012261601
0.001223961
0.0012217637
0.0012195689
0.0012173746
0.0012151747
0.0012129667
0.0012107532
0.0012085366
0.0012063162
0.001204092
0.0012018648
0.0011996361
0.0011974074
0.0011951793
0.0011929522
0.0011907261
0.0011884929
0.0011862471
0.0011839953
0.0011817449
0.0011794959
0.0011772443
0.0011749875
0.0011727267
0.001170463
0.0011681972
0.0011659316
0.0011636674
0.0011614065
0.0011591443
0.0011568747
0.001154596
0.0011523161
0.0011500362
0.0011477598
0.0011454799
0.0011431741
0.0011408459
0.0011385091
0.001136175
0.0011338495
0.0011315315
0.0011292128
0.0011268867
0.0011245548
0.0011222184
0.0011198767
0.0011175279
0.0011151745
0.0011128201
0.0011104646
0.0011081066
0.0011057474
0.0011033844
0.0011010215
0.0010986344
0.0010962751
0.0010938537
0.0010914038
0.00108902
0.0010866408
0.0010842349
0.0010817783
0.0010793366
0.0010768943
0.0010744785
0.001072056
0.0014086478
0.0014064558
0.0014042642
0.0014020752
0.0013998888
0.0013977075
0.0013955334
0.0013933647
0.0013912017
0.00138903
0.0013868571
0.0013846667
0.0013824923
0.001380279
0.0013781244
0.0013757897
0.0013738066
0.0013719016
0.0013695694
0.0013673557
0.0013651937
0.0013630622
0.0013608802
0.0013587081
0.0013565305
0.0013543575
0.001352184
0.00135001
0.0013478356
0.0013456624
0.0013434915
0.0013413239
0.0013391607
0.0013370019
0.0013348474
0.0013326942
0.0013305369
0.0013283742
0.001326209
0.0013240427
0.0013218751
0.0013197062
0.0013175371
0.0013153691
0.0013132031
0.0013110402
0.0013088811
0.0013067263
0.0013045743
0.0013024198
0.0013002591
0.0012980941
0.0012959273
0.0012937588
0.0012915884
0.0012894168
0.0012872452
0.001285075
0.0012829069
0.0012807422
0.0012785811
0.0012764231
0.0012742649
0.0012721013
0.0012699319
0.0012677607
0.0012655871
0.0012634108
0.0012612305
0.0012590356
0.0012568305
0.0012546316
0.0012524407
0.0012502537
0.0012480722
0.0012458941
0.0012437138
0.0012415286
0.0012393399
0.0012371501
0.0012349574
0.001232761
0.0012305619
0.0012283616
0.0012261613
0.0012239622
0.0012217649
0.0012195701
0.0012173757
0.0012151759
0.0012129678
0.0012107544
0.0012085377
0.0012063174
0.0012040931
0.0012018659
0.0011996372
0.0011974085
0.0011951804
0.0011929533
0.0011907272
0.001188494
0.0011862482
0.0011839964
0.0011817459
0.001179497
0.0011772453
0.0011749885
0.0011727277
0.001170464
0.0011681982
0.0011659326
0.0011636684
0.0011614075
0.0011591453
0.0011568757
0.0011545969
0.0011523171
0.0011500372
0.0011477607
0.0011454808
0.0011431751
0.0011408469
0.00113851
0.001136176
0.0011338504
0.0011315324
0.0011292137
0.0011268876
0.0011245557
0.0011222193
0.0011198776
0.0011175288
0.0011151754
0.0011128209
0.0011104654
0.0011081075
0.0011057483
0.0011033852
0.0011010224
0.0010986352
0.0010962759
0.0010938546
0.0010914046
0.0010890208
0.0010866416
0.0010842357
0.0010817791
0.0010793374
0.0010768951
0.0010744793
0.0010720568
0.0014064578
0.0014042662
0.0014020772
0.0013998908
0.0013977095
0.0013955354
0.0013933666
0.0013912037
0.0013890319
0.001386859
0.0013846686
0.0013824942
0.0013802809
0.0013781263
0.0013757915
0.0013738084
0.0013719034
0.0013695712
0.0013673575
0.0013651955
0.001363064
0.001360882
0.0013587099
0.0013565323
0.0013543592
0.0013521857
0.0013500117
0.0013478374
0.0013456642
0.0013434932
0.0013413257
0.0013391624
0.0013370036
0.0013348491
0.0013326959
0.0013305386
0.0013283758
0.0013262106
0.0013240443
0.0013218767
0.0013197078
0.0013175388
0.0013153707
0.0013132047
0.0013110418
0.0013088826
0.0013067279
0.0013045758
0.0013024214
0.0013002607
0.0012980956
0.0012959288
0.0012937603
0.0012915899
0.0012894183
0.0012872467
0.0012850764
0.0012829084
0.0012807436
0.0012785825
0.0012764246
0.0012742663
0.0012721027
0.0012699334
0.0012677621
0.0012655885
0.0012634122
0.0012612319
0.0012590369
0.0012568319
0.0012546329
0.001252442
0.001250255
0.0012480735
0.0012458954
0.0012437152
0.0012415299
0.0012393412
0.0012371514
0.0012349587
0.0012327623
0.0012305632
0.0012283629
0.0012261626
0.0012239634
0.0012217662
0.0012195713
0.001217377
0.0012151771
0.001212969
0.0012107556
0.0012085389
0.0012063186
0.0012040943
0.0012018671
0.0011996384
0.0011974097
0.0011951816
0.0011929544
0.0011907283
0.0011884951
0.0011862493
0.0011839975
0.0011817471
0.0011794981
0.0011772464
0.0011749896
0.0011727288
0.0011704651
0.0011681992
0.0011659337
0.0011636694
0.0011614085
0.0011591464
0.0011568768
0.001154598
0.0011523181
0.0011500382
0.0011477617
0.0011454818
0.0011431761
0.0011408479
0.001138511
0.001136177
0.0011338514
0.0011315334
0.0011292147
0.0011268885
0.0011245567
0.0011222202
0.0011198786
0.0011175297
0.0011151763
0.0011128219
0.0011104664
0.0011081084
0.0011057492
0.0011033861
0.0011010233
0.0010986361
0.0010962768
0.0010938554
0.0010914055
0.0010890217
0.0010866424
0.0010842366
0.0010817799
0.0010793382
0.001076896
0.0010744802
0.0010720576
0.0014064599
0.0014042683
0.0014020793
0.0013998929
0.0013977116
0.0013955375
0.0013933687
0.0013912057
0.001389034
0.0013868611
0.0013846706
0.0013824962
0.0013802829
0.0013781283
0.0013757935
0.0013738103
0.0013719053
0.001369573
0.0013673594
0.0013651974
0.001363066
0.0013608839
0.0013587118
0.0013565342
0.0013543611
0.0013521876
0.0013500136
0.0013478392
0.001345666
0.0013434951
0.0013413275
0.0013391642
0.0013370054
0.0013348508
0.0013326977
0.0013305403
0.0013283776
0.0013262123
0.0013240461
0.0013218784
0.0013197095
0.0013175404
0.0013153724
0.0013132064
0.0013110434
0.0013088843
0.0013067295
0.0013045775
0.001302423
0.0013002623
0.0012980973
0.0012959304
0.0012937619
0.0012915915
0.0012894198
0.0012872482
0.001285078
0.0012829099
0.0012807452
0.001278584
0.0012764261
0.0012742678
0.0012721042
0.0012699348
0.0012677636
0.00126559
0.0012634137
0.0012612333
0.0012590384
0.0012568333
0.0012546344
0.0012524434
0.0012502564
0.001248075
0.0012458968
0.0012437165
0.0012415313
0.0012393426
0.0012371528
0.00123496
0.0012327637
0.0012305646
0.0012283642
0.0012261639
0.0012239648
0.0012217675
0.0012195726
0.0012173782
0.0012151784
0.0012129703
0.0012107569
0.0012085402
0.0012063198
0.0012040955
0.0012018683
0.0011996396
0.0011974109
0.0011951828
0.0011929557
0.0011907295
0.0011884963
0.0011862505
0.0011839987
0.0011817482
0.0011794992
0.0011772476
0.0011749908
0.00117273
0.0011704662
0.0011682004
0.0011659348
0.0011636705
0.0011614096
0.0011591475
0.0011568779
0.0011545991
0.0011523192
0.0011500393
0.0011477628
0.0011454829
0.0011431771
0.0011408489
0.001138512
0.001136178
0.0011338524
0.0011315344
0.0011292157
0.0011268895
0.0011245577
0.0011222212
0.0011198796
0.0011175307
0.0011151773
0.0011128228
0.0011104673
0.0011081093
0.0011057501
0.0011033871
0.0011010242
0.0010986371
0.0010962777
0.0010938563
0.0010914064
0.0010890226
0.0010866433
0.0010842375
0.0010817808
0.0010793391
0.0010768968
0.001074481
0.0010720584
0.0014042705
0.0014020815
0.0013998951
0.0013977138
0.0013955396
0.0013933708
0.0013912079
0.0013890361
0.0013868632
0.0013846727
0.0013824983
0.001380285
0.0013781303
0.0013757956
0.0013738124
0.0013719073
0.001369575
0.0013673614
0.0013651994
0.001363068
0.0013608859
0.0013587139
0.0013565362
0.0013543631
0.0013521895
0.0013500155
0.0013478411
0.0013456679
0.001343497
0.0013413293
0.001339166
0.0013370073
0.0013348527
0.0013326995
0.0013305422
0.0013283794
0.0013262142
0.0013240479
0.0013218802
0.0013197113
0.0013175422
0.0013153741
0.0013132082
0.0013110452
0.001308886
0.0013067312
0.0013045792
0.0013024247
0.001300264
0.001298099
0.0012959321
0.0012937636
0.0012915931
0.0012894215
0.0012872499
0.0012850796
0.0012829116
0.0012807468
0.0012785856
0.0012764277
0.0012742694
0.0012721058
0.0012699364
0.0012677652
0.0012655915
0.0012634152
0.0012612349
0.0012590399
0.0012568349
0.0012546359
0.0012524449
0.0012502579
0.0012480764
0.0012458983
0.001243718
0.0012415327
0.001239344
0.0012371542
0.0012349615
0.0012327651
0.001230566
0.0012283656
0.0012261653
0.0012239662
0.0012217688
0.001219574
0.0012173796
0.0012151798
0.0012129716
0.0012107582
0.0012085415
0.0012063211
0.0012040968
0.0012018696
0.0011996409
0.0011974122
0.0011951841
0.0011929569
0.0011907308
0.0011884976
0.0011862517
0.0011839999
0.0011817495
0.0011795005
0.0011772488
0.001174992
0.0011727312
0.0011704674
0.0011682016
0.001165936
0.0011636717
0.0011614108
0.0011591486
0.001156879
0.0011546002
0.0011523203
0.0011500404
0.0011477639
0.001145484
0.0011431782
0.00114085
0.0011385131
0.0011361791
0.0011338535
0.0011315355
0.0011292168
0.0011268906
0.0011245587
0.0011222223
0.0011198806
0.0011175317
0.0011151783
0.0011128238
0.0011104683
0.0011081103
0.0011057511
0.0011033881
0.0011010252
0.001098638
0.0010962787
0.0010938573
0.0010914073
0.0010890236
0.0010866443
0.0010842384
0.0010817818
0.00107934
0.0010768978
0.0010744819
0.0010720593
0.0014042728
0.0014020838
0.0013998974
0.0013977161
0.0013955419
0.0013933731
0.0013912101
0.0013890384
0.0013868654
0.0013846749
0.0013825005
0.0013802872
0.0013781325
0.0013757977
0.0013738145
0.0013719094
0.0013695771
0.0013673636
0.0013652016
0.0013630701
0.0013608881
0.001358716
0.0013565383
0.0013543652
0.0013521916
0.0013500176
0.0013478432
0.0013456699
0.001343499
0.0013413313
0.001339168
0.0013370093
0.0013348547
0.0013327015
0.0013305441
0.0013283813
0.0013262161
0.0013240498
0.0013218821
0.0013197132
0.0013175441
0.001315376
0.00131321
0.001311047
0.0013088879
0.0013067331
0.001304581
0.0013024265
0.0013002658
0.0012981007
0.0012959339
0.0012937654
0.0012915949
0.0012894232
0.0012872516
0.0012850814
0.0012829133
0.0012807485
0.0012785873
0.0012764294
0.0012742711
0.0012721074
0.0012699381
0.0012677668
0.0012655931
0.0012634169
0.0012612365
0.0012590415
0.0012568365
0.0012546375
0.0012524465
0.0012502595
0.001248078
0.0012458999
0.0012437196
0.0012415343
0.0012393456
0.0012371557
0.001234963
0.0012327666
0.0012305675
0.0012283671
0.0012261668
0.0012239676
0.0012217703
0.0012195754
0.0012173811
0.0012151812
0.0012129731
0.0012107596
0.0012085429
0.0012063225
0.0012040982
0.001201871
0.0011996423
0.0011974136
0.0011951854
0.0011929583
0.0011907321
0.0011884989
0.001186253
0.0011840012
0.0011817508
0.0011795018
0.0011772501
0.0011749933
0.0011727325
0.0011704687
0.0011682028
0.0011659372
0.001163673
0.001161412
0.0011591499
0.0011568802
0.0011546014
0.0011523215
0.0011500416
0.0011477651
0.0011454852
0.0011431794
0.0011408512
0.0011385143
0.0011361802
0.0011338547
0.0011315366
0.0011292179
0.0011268917
0.0011245599
0.0011222234
0.0011198817
0.0011175328
0.0011151794
0.0011128249
0.0011104694
0.0011081114
0.0011057522
0.0011033891
0.0011010262
0.0010986391
0.0010962797
0.0010938583
0.0010914084
0.0010890246
0.0010866453
0.0010842394
0.0010817827
0.001079341
0.0010768987
0.0010744829
0.0010720603
0.0014020862
0.0013998998
0.0013977185
0.0013955443
0.0013933755
0.0013912125
0.0013890407
0.0013868678
0.0013846773
0.0013825028
0.0013802895
0.0013781348
0.0013758
0.0013738167
0.0013719116
0.0013695793
0.0013673658
0.0013652038
0.0013630724
0.0013608903
0.0013587182
0.0013565405
0.0013543673
0.0013521938
0.0013500197
0.0013478453
0.001345672
0.0013435011
0.0013413334
0.0013391701
0.0013370113
0.0013348567
0.0013327035
0.0013305461
0.0013283833
0.0013262181
0.0013240518
0.0013218841
0.0013197152
0.0013175461
0.001315378
0.001313212
0.001311049
0.0013088898
0.001306735
0.0013045829
0.0013024284
0.0013002677
0.0012981026
0.0012959358
0.0012937672
0.0012915967
0.0012894251
0.0012872534
0.0012850832
0.0012829151
0.0012807503
0.0012785891
0.0012764312
0.0012742728
0.0012721092
0.0012699398
0.0012677686
0.0012655949
0.0012634186
0.0012612382
0.0012590432
0.0012568381
0.0012546391
0.0012524482
0.0012502611
0.0012480796
0.0012459015
0.0012437212
0.0012415359
0.0012393472
0.0012371573
0.0012349646
0.0012327682
0.001230569
0.0012283687
0.0012261683
0.0012239692
0.0012217718
0.0012195769
0.0012173826
0.0012151827
0.0012129746
0.0012107611
0.0012085444
0.001206324
0.0012040997
0.0012018725
0.0011996437
0.001197415
0.0011951869
0.0011929597
0.0011907335
0.0011885003
0.0011862544
0.0011840026
0.0011817521
0.0011795031
0.0011772515
0.0011749946
0.0011727338
0.00117047
0.0011682041
0.0011659385
0.0011636743
0.0011614133
0.0011591512
0.0011568815
0.0011546027
0.0011523228
0.0011500429
0.0011477664
0.0011454864
0.0011431807
0.0011408524
0.0011385155
0.0011361814
0.0011338559
0.0011315378
0.0011292191
0.0011268929
0.001124561
0.0011222246
0.0011198829
0.001117534
0.0011151805
0.0011128261
0.0011104705
0.0011081125
0.0011057533
0.0011033902
0.0011010273
0.0010986402
0.0010962808
0.0010938594
0.0010914094
0.0010890256
0.0010866464
0.0010842405
0.0010817838
0.0010793421
0.0010768998
0.0010744839
0.0010720613
0.0013825053
0.0013802919
0.0013781373
0.0013758024
0.0013738191
0.0013719139
0.0013695816
0.0013673681
0.0013652062
0.0013630748
0.0013608926
0.0013587205
0.0013565428
0.0013543696
0.001352196
0.001350022
0.0013478475
0.0013456743
0.0013435033
0.0013413357
0.0013391723
0.0013370135
0.0013348589
0.0013327057
0.0013305483
0.0013283855
0.0013262202
0.0013240539
0.0013218862
0.0013197173
0.0013175481
0.00131538
0.001313214
0.001311051
0.0013088918
0.001306737
0.0013045849
0.0013024304
0.0013002697
0.0012981046
0.0012959377
0.0012937692
0.0012915987
0.001289427
0.0012872554
0.0012850851
0.001282917
0.0012807522
0.001278591
0.001276433
0.0012742747
0.001272111
0.0012699417
0.0012677704
0.0012655967
0.0012634204
0.00126124
0.001259045
0.0012568399
0.0012546409
0.0012524499
0.0012502629
0.0012480814
0.0012459032
0.0012437229
0.0012415376
0.0012393489
0.001237159
0.0012349662
0.0012327698
0.0012305707
0.0012283703
0.00122617
0.0012239708
0.0012217734
0.0012195785
0.0012173842
0.0012151843
0.0012129761
0.0012107627
0.0012085459
0.0012063256
0.0012041012
0.001201874
0.0011996453
0.0011974165
0.0011951884
0.0011929612
0.001190735
0.0011885018
0.0011862559
0.0011840041
0.0011817536
0.0011795046
0.0011772529
0.001174996
0.0011727352
0.0011704714
0.0011682055
0.0011659399
0.0011636756
0.0011614147
0.0011591525
0.0011568829
0.001154604
0.0011523241
0.0011500442
0.0011477677
0.0011454877
0.001143182
0.0011408537
0.0011385168
0.0011361827
0.0011338571
0.0011315391
0.0011292204
0.0011268941
0.0011245623
0.0011222258
0.0011198841
0.0011175352
0.0011151817
0.0011128273
0.0011104717
0.0011081137
0.0011057545
0.0011033914
0.0011010285
0.0010986413
0.0010962819
0.0010938605
0.0010914105
0.0010890268
0.0010866475
0.0010842416
0.0010817849
0.0010793431
0.0010769008
0.001074485
0.0010720624
0.0013802945
0.0013781398
0.0013758049
0.0013738215
0.0013719164
0.0013695841
0.0013673706
0.0013652087
0.0013630772
0.0013608951
0.001358723
0.0013565452
0.001354372
0.0013521984
0.0013500243
0.0013478499
0.0013456766
0.0013435056
0.001341338
0.0013391746
0.0013370158
0.0013348612
0.0013327079
0.0013305505
0.0013283877
0.0013262225
0.0013240561
0.0013218884
0.0013197195
0.0013175503
0.0013153822
0.0013132162
0.0013110531
0.001308894
0.0013067391
0.001304587
0.0013024325
0.0013002717
0.0012981067
0.0012959398
0.0012937712
0.0012916007
0.001289429
0.0012872574
0.0012850871
0.001282919
0.0012807541
0.001278593
0.001276435
0.0012742766
0.001272113
0.0012699436
0.0012677723
0.0012655986
0.0012634223
0.0012612419
0.0012590469
0.0012568418
0.0012546427
0.0012524518
0.0012502647
0.0012480832
0.001245905
0.0012437247
0.0012415394
0.0012393506
0.0012371608
0.001234968
0.0012327716
0.0012305724
0.001228372
0.0012261717
0.0012239725
0.0012217751
0.0012195802
0.0012173858
0.001215186
0.0012129778
0.0012107643
0.0012085476
0.0012063272
0.0012041028
0.0012018756
0.0011996469
0.0011974181
0.00119519
0.0011929628
0.0011907366
0.0011885033
0.0011862574
0.0011840056
0.0011817551
0.0011795061
0.0011772544
0.0011749975
0.0011727367
0.0011704729
0.001168207
0.0011659414
0.0011636771
0.0011614162
0.0011591539
0.0011568843
0.0011546054
0.0011523255
0.0011500456
0.0011477691
0.0011454891
0.0011431833
0.0011408551
0.0011385181
0.0011361841
0.0011338585
0.0011315404
0.0011292217
0.0011268955
0.0011245636
0.0011222271
0.0011198854
0.0011175365
0.001115183
0.0011128285
0.001110473
0.001108115
0.0011057557
0.0011033926
0.0011010297
0.0010986425
0.0010962831
0.0010938617
0.0010914117
0.0010890279
0.0010866486
0.0010842427
0.001081786
0.0010793443
0.001076902
0.0010744861
0.0010720635
0.0013802971
0.0013781425
0.0013758075
0.0013738241
0.001371919
0.0013695867
0.0013673732
0.0013652113
0.0013630798
0.0013608977
0.0013587255
0.0013565478
0.0013543746
0.0013522009
0.0013500268
0.0013478524
0.0013456791
0.0013435081
0.0013413404
0.001339177
0.0013370182
0.0013348636
0.0013327103
0.0013305529
0.0013283901
0.0013262248
0.0013240584
0.0013218907
0.0013197218
0.0013175526
0.0013153845
0.0013132184
0.0013110554
0.0013088962
0.0013067413
0.0013045893
0.0013024347
0.0013002739
0.0012981088
0.001295942
0.0012937734
0.0012916029
0.0012894311
0.0012872595
0.0012850892
0.0012829211
0.0012807562
0.001278595
0.001276437
0.0012742787
0.001272115
0.0012699456
0.0012677743
0.0012656006
0.0012634243
0.0012612439
0.0012590488
0.0012568437
0.0012546447
0.0012524537
0.0012502666
0.0012480851
0.0012459069
0.0012437266
0.0012415412
0.0012393525
0.0012371626
0.0012349699
0.0012327734
0.0012305743
0.0012283739
0.0012261735
0.0012239743
0.0012217769
0.001219582
0.0012173876
0.0012151877
0.0012129795
0.001210766
0.0012085493
0.0012063289
0.0012041045
0.0012018773
0.0011996485
0.0011974198
0.0011951916
0.0011929644
0.0011907382
0.0011885049
0.0011862591
0.0011840072
0.0011817567
0.0011795077
0.001177256
0.0011749991
0.0011727383
0.0011704744
0.0011682085
0.0011659429
0.0011636786
0.0011614177
0.0011591555
0.0011568858
0.0011546069
0.001152327
0.0011500471
0.0011477705
0.0011454906
0.0011431848
0.0011408565
0.0011385196
0.0011361855
0.0011338599
0.0011315418
0.0011292231
0.0011268968
0.0011245649
0.0011222284
0.0011198867
0.0011175378
0.0011151843
0.0011128298
0.0011104743
0.0011081163
0.001105757
0.0011033939
0.001101031
0.0010986438
0.0010962844
0.001093863
0.001091413
0.0010890292
0.0010866499
0.001084244
0.0010817873
0.0010793455
0.0010769032
0.0010744873
0.0010720647
0.0013803
0.0013781453
0.0013758103
0.0013738268
0.0013719217
0.0013695894
0.0013673759
0.001365214
0.0013630826
0.0013609004
0.0013587282
0.0013565505
0.0013543772
0.0013522036
0.0013500295
0.001347855
0.0013456817
0.0013435107
0.001341343
0.0013391796
0.0013370208
0.0013348661
0.0013327128
0.0013305554
0.0013283926
0.0013262273
0.0013240609
0.0013218931
0.0013197242
0.001317555
0.0013153869
0.0013132208
0.0013110578
0.0013088986
0.0013067437
0.0013045916
0.001302437
0.0013002762
0.0012981111
0.0012959442
0.0012937756
0.0012916051
0.0012894334
0.0012872617
0.0012850914
0.0012829233
0.0012807584
0.0012785972
0.0012764392
0.0012742808
0.0012721171
0.0012699477
0.0012677764
0.0012656027
0.0012634263
0.0012612459
0.0012590509
0.0012568458
0.0012546467
0.0012524557
0.0012502686
0.0012480871
0.0012459089
0.0012437286
0.0012415432
0.0012393545
0.0012371646
0.0012349718
0.0012327753
0.0012305762
0.0012283758
0.0012261754
0.0012239762
0.0012217788
0.0012195839
0.0012173895
0.0012151896
0.0012129814
0.0012107679
0.0012085511
0.0012063307
0.0012041063
0.0012018791
0.0011996503
0.0011974215
0.0011951934
0.0011929661
0.0011907399
0.0011885066
0.0011862608
0.0011840089
0.0011817584
0.0011795093
0.0011772576
0.0011750007
0.0011727399
0.0011704761
0.0011682102
0.0011659445
0.0011636802
0.0011614193
0.001159157
0.0011568873
0.0011546085
0.0011523285
0.0011500486
0.0011477721
0.0011454921
0.0011431863
0.001140858
0.001138521
0.0011361869
0.0011338613
0.0011315432
0.0011292245
0.0011268983
0.0011245664
0.0011222299
0.0011198881
0.0011175392
0.0011151857
0.0011128312
0.0011104757
0.0011081176
0.0011057583
0.0011033953
0.0011010323
0.0010986451
0.0010962857
0.0010938643
0.0010914143
0.0010890305
0.0010866512
0.0010842452
0.0010817885
0.0010793468
0.0010769044
0.0010744886
0.0010720659
0.0013803029
0.0013781482
0.0013758131
0.0013738296
0.0013719245
0.0013695922
0.0013673787
0.0013652169
0.0013630855
0.0013609033
0.0013587311
0.0013565533
0.00135438
0.0013522064
0.0013500322
0.0013478577
0.0013456844
0.0013435134
0.0013413457
0.0013391823
0.0013370234
0.0013348687
0.0013327155
0.001330558
0.0013283952
0.0013262298
0.0013240635
0.0013218957
0.0013197267
0.0013175576
0.0013153894
0.0013132233
0.0013110602
0.001308901
0.0013067461
0.001304594
0.0013024395
0.0013002787
0.0012981135
0.0012959466
0.001293778
0.0012916075
0.0012894357
0.001287264
0.0012850937
0.0012829256
0.0012807607
0.0012785995
0.0012764415
0.0012742831
0.0012721194
0.00126995
0.0012677787
0.0012656049
0.0012634285
0.0012612481
0.0012590531
0.0012568479
0.0012546489
0.0012524579
0.0012502708
0.0012480892
0.001245911
0.0012437307
0.0012415453
0.0012393565
0.0012371666
0.0012349738
0.0012327774
0.0012305782
0.0012283778
0.0012261774
0.0012239781
0.0012217808
0.0012195858
0.0012173914
0.0012151915
0.0012129833
0.0012107698
0.001208553
0.0012063326
0.0012041082
0.0012018809
0.0011996522
0.0011974234
0.0011951952
0.001192968
0.0011907417
0.0011885084
0.0011862625
0.0011840107
0.0011817602
0.0011795111
0.0011772594
0.0011750025
0.0011727416
0.0011704778
0.0011682119
0.0011659462
0.0011636819
0.0011614209
0.0011591587
0.001156889
0.0011546101
0.0011523302
0.0011500502
0.0011477737
0.0011454937
0.0011431879
0.0011408596
0.0011385226
0.0011361885
0.0011338629
0.0011315448
0.001129226
0.0011268998
0.0011245679
0.0011222314
0.0011198896
0.0011175407
0.0011151872
0.0011128327
0.0011104771
0.0011081191
0.0011057598
0.0011033967
0.0011010337
0.0010986465
0.0010962871
0.0010938657
0.0010914157
0.0010890318
0.0010866525
0.0010842466
0.0010817899
0.0010793481
0.0010769058
0.0010744899
0.0010720672
0.001380306
0.0013781513
0.0013758161
0.0013738326
0.0013719275
0.0013695952
0.0013673817
0.0013652199
0.0013630885
0.0013609063
0.001358734
0.0013565562
0.001354383
0.0013522093
0.0013500351
0.0013478606
0.0013456873
0.0013435162
0.0013413485
0.0013391851
0.0013370262
0.0013348715
0.0013327182
0.0013305608
0.0013283979
0.0013262325
0.0013240662
0.0013218984
0.0013197294
0.0013175602
0.001315392
0.0013132259
0.0013110629
0.0013089036
0.0013067487
0.0013045966
0.001302442
0.0013002812
0.0012981161
0.0012959491
0.0012937805
0.0012916099
0.0012894382
0.0012872665
0.0012850962
0.001282928
0.0012807631
0.0012786019
0.0012764439
0.0012742855
0.0012721217
0.0012699523
0.001267781
0.0012656072
0.0012634308
0.0012612504
0.0012590554
0.0012568502
0.0012546511
0.0012524601
0.001250273
0.0012480914
0.0012459132
0.0012437328
0.0012415475
0.0012393587
0.0012371688
0.001234976
0.0012327795
0.0012305803
0.0012283799
0.0012261795
0.0012239802
0.0012217828
0.0012195879
0.0012173934
0.0012151935
0.0012129853
0.0012107718
0.001208555
0.0012063346
0.0012041102
0.0012018829
0.0011996541
0.0011974253
0.0011951971
0.0011929699
0.0011907436
0.0011885103
0.0011862644
0.0011840125
0.001181762
0.0011795129
0.0011772612
0.0011750043
0.0011727434
0.0011704796
0.0011682137
0.001165948
0.0011636837
0.0011614227
0.0011591604
0.0011568907
0.0011546119
0.0011523319
0.0011500519
0.0011477754
0.0011454954
0.0011431895
0.0011408612
0.0011385243
0.0011361901
0.0011338645
0.0011315464
0.0011292276
0.0011269014
0.0011245695
0.0011222329
0.0011198912
0.0011175423
0.0011151887
0.0011128342
0.0011104786
0.0011081206
0.0011057613
0.0011033982
0.0011010352
0.001098648
0.0010962886
0.0010938672
0.0010914171
0.0010890333
0.001086654
0.001084248
0.0010817913
0.0010793495
0.0010769072
0.0010744913
0.0010720686
0.0013803093
0.0013781546
0.0013758193
0.0013738356
0.0013719307
0.0013695983
0.0013673849
0.0013652231
0.0013630916
0.0013609094
0.0013587372
0.0013565593
0.001354386
0.0013522123
0.0013500381
0.0013478636
0.0013456902
0.0013435192
0.0013413514
0.001339188
0.0013370291
0.0013348744
0.0013327211
0.0013305636
0.0013284007
0.0013262354
0.001324069
0.0013219012
0.0013197322
0.001317563
0.0013153948
0.0013132287
0.0013110656
0.0013089063
0.0013067514
0.0013045993
0.0013024447
0.0013002838
0.0012981187
0.0012959518
0.0012937831
0.0012916125
0.0012894408
0.0012872691
0.0012850987
0.0012829306
0.0012807656
0.0012786044
0.0012764464
0.0012742879
0.0012721242
0.0012699548
0.0012677834
0.0012656096
0.0012634333
0.0012612528
0.0012590577
0.0012568526
0.0012546535
0.0012524625
0.0012502753
0.0012480938
0.0012459155
0.0012437351
0.0012415497
0.001239361
0.001237171
0.0012349782
0.0012327817
0.0012305825
0.0012283821
0.0012261816
0.0012239824
0.001221785
0.00121959
0.0012173956
0.0012151956
0.0012129874
0.0012107739
0.0012085571
0.0012063366
0.0012041122
0.0012018849
0.0011996561
0.0011974273
0.0011951991
0.0011929719
0.0011907456
0.0011885123
0.0011862664
0.0011840145
0.001181764
0.0011795149
0.0011772631
0.0011750062
0.0011727453
0.0011704815
0.0011682155
0.0011659498
0.0011636855
0.0011614245
0.0011591623
0.0011568925
0.0011546137
0.0011523337
0.0011500537
0.0011477771
0.0011454971
0.0011431913
0.001140863
0.001138526
0.0011361918
0.0011338662
0.0011315481
0.0011292293
0.0011269031
0.0011245711
0.0011222346
0.0011198928
0.0011175439
0.0011151903
0.0011128358
0.0011104802
0.0011081222
0.0011057629
0.0011033998
0.0011010368
0.0010986496
0.0010962901
0.0010938687
0.0010914186
0.0010890348
0.0010866555
0.0010842495
0.0010817928
0.001079351
0.0010769086
0.0010744927
0.00107207
0.0013803127
0.001378158
0.0013758225
0.0013738388
0.001371934
0.0013696016
0.0013673881
0.0013652264
0.0013630949
0.0013609127
0.0013587404
0.0013565625
0.0013543892
0.0013522155
0.0013500413
0.0013478668
0.0013456934
0.0013435223
0.0013413545
0.0013391911
0.0013370322
0.0013348775
0.0013327241
0.0013305666
0.0013284037
0.0013262384
0.0013240719
0.0013219041
0.0013197351
0.0013175659
0.0013153977
0.0013132316
0.0013110684
0.0013089092
0.0013067542
0.0013046021
0.0013024475
0.0013002866
0.0012981215
0.0012959545
0.0012937859
0.0012916153
0.0012894435
0.0012872718
0.0012851014
0.0012829332
0.0012807683
0.001278607
0.001276449
0.0012742905
0.0012721268
0.0012699573
0.001267786
0.0012656122
0.0012634358
0.0012612553
0.0012590602
0.0012568551
0.001254656
0.0012524649
0.0012502778
0.0012480962
0.0012459179
0.0012437375
0.0012415521
0.0012393633
0.0012371734
0.0012349806
0.001232784
0.0012305848
0.0012283844
0.0012261839
0.0012239847
0.0012217873
0.0012195923
0.0012173978
0.0012151979
0.0012129896
0.0012107761
0.0012085593
0.0012063388
0.0012041144
0.0012018871
0.0011996583
0.0011974294
0.0011952012
0.001192974
0.0011907477
0.0011885144
0.0011862684
0.0011840165
0.001181766
0.0011795169
0.0011772651
0.0011750082
0.0011727473
0.0011704834
0.0011682175
0.0011659518
0.0011636874
0.0011614264
0.0011591642
0.0011568944
0.0011546155
0.0011523355
0.0011500556
0.001147779
0.001145499
0.0011431931
0.0011408648
0.0011385278
0.0011361936
0.001133868
0.0011315499
0.0011292311
0.0011269048
0.0011245729
0.0011222363
0.0011198945
0.0011175456
0.001115192
0.0011128375
0.0011104819
0.0011081238
0.0011057645
0.0011034014
0.0011010384
0.0010986512
0.0010962918
0.0010938703
0.0010914202
0.0010890364
0.001086657
0.0010842511
0.0010817943
0.0010793525
0.0010769101
0.0010744942
0.0010720715
0.0013803162
0.0013781615
0.0013758259
0.0013738422
0.0013719375
0.0013696051
0.0013673916
0.0013652298
0.0013630984
0.0013609161
0.0013587438
0.0013565659
0.0013543926
0.0013522188
0.0013500446
0.0013478701
0.0013456966
0.0013435255
0.0013413578
0.0013391943
0.0013370354
0.0013348806
0.0013327273
0.0013305698
0.0013284069
0.0013262415
0.001324075
0.0013219072
0.0013197382
0.0013175689
0.0013154007
0.0013132346
0.0013110714
0.0013089122
0.0013067572
0.001304605
0.0013024504
0.0013002895
0.0012981244
0.0012959574
0.0012937887
0.0012916181
0.0012894463
0.0012872746
0.0012851042
0.001282936
0.0012807711
0.0012786098
0.0012764517
0.0012742933
0.0012721295
0.00126996
0.0012677887
0.0012656149
0.0012634384
0.001261258
0.0012590629
0.0012568577
0.0012546585
0.0012524675
0.0012502803
0.0012480987
0.0012459205
0.0012437401
0.0012415546
0.0012393658
0.0012371759
0.001234983
0.0012327865
0.0012305873
0.0012283868
0.0012261863
0.0012239871
0.0012217896
0.0012195946
0.0012174002
0.0012152002
0.0012129919
0.0012107784
0.0012085616
0.0012063411
0.0012041167
0.0012018893
0.0011996605
0.0011974317
0.0011952034
0.0011929762
0.0011907499
0.0011885166
0.0011862706
0.0011840187
0.0011817681
0.001179519
0.0011772673
0.0011750103
0.0011727494
0.0011704855
0.0011682195
0.0011659538
0.0011636895
0.0011614285
0.0011591662
0.0011568964
0.0011546175
0.0011523375
0.0011500575
0.0011477809
0.0011455009
0.001143195
0.0011408667
0.0011385297
0.0011361955
0.0011338699
0.0011315517
0.0011292329
0.0011269067
0.0011245747
0.0011222381
0.0011198964
0.0011175474
0.0011151938
0.0011128393
0.0011104837
0.0011081256
0.0011057663
0.0011034031
0.0011010401
0.0010986529
0.0010962935
0.001093872
0.0010914219
0.001089038
0.0010866587
0.0010842527
0.0010817959
0.0010793541
0.0010769117
0.0010744958
0.0010720731
0.0013803199
0.0013781652
0.0013758294
0.0013738457
0.0013719412
0.0013696087
0.0013673952
0.0013652334
0.001363102
0.0013609197
0.0013587474
0.0013565695
0.0013543961
0.0013522223
0.0013500481
0.0013478735
0.0013457001
0.001343529
0.0013413611
0.0013391977
0.0013370387
0.001334884
0.0013327306
0.0013305731
0.0013284101
0.0013262447
0.0013240783
0.0013219104
0.0013197414
0.0013175721
0.0013154039
0.0013132377
0.0013110746
0.0013089153
0.0013067603
0.0013046081
0.0013024535
0.0013002926
0.0012981274
0.0012959604
0.0012937917
0.0012916211
0.0012894493
0.0012872775
0.0012851071
0.0012829389
0.001280774
0.0012786127
0.0012764546
0.0012742961
0.0012721324
0.0012699629
0.0012677915
0.0012656176
0.0012634412
0.0012612607
0.0012590656
0.0012568604
0.0012546612
0.0012524702
0.001250283
0.0012481014
0.0012459231
0.0012437427
0.0012415573
0.0012393684
0.0012371785
0.0012349856
0.0012327891
0.0012305898
0.0012283893
0.0012261889
0.0012239896
0.0012217921
0.0012195971
0.0012174026
0.0012152026
0.0012129944
0.0012107808
0.001208564
0.0012063435
0.001204119
0.0012018917
0.0011996629
0.001197434
0.0011952058
0.0011929785
0.0011907522
0.0011885188
0.0011862729
0.0011840209
0.0011817704
0.0011795212
0.0011772695
0.0011750125
0.0011727516
0.0011704877
0.0011682217
0.001165956
0.0011636916
0.0011614306
0.0011591683
0.0011568985
0.0011546196
0.0011523396
0.0011500596
0.001147783
0.0011455029
0.001143197
0.0011408687
0.0011385317
0.0011361975
0.0011338718
0.0011315537
0.0011292349
0.0011269086
0.0011245766
0.00112224
0.0011198982
0.0011175493
0.0011151957
0.0011128411
0.0011104855
0.0011081274
0.0011057681
0.0011034049
0.0011010419
0.0010986547
0.0010962952
0.0010938737
0.0010914236
0.0010890398
0.0010866604
0.0010842544
0.0010817976
0.0010793558
0.0010769134
0.0010744975
0.0010720748
0.0013781691
0.001375833
0.0013738493
0.0013719451
0.0013696125
0.0013673989
0.0013652372
0.0013631057
0.0013609235
0.0013587511
0.0013565732
0.0013543998
0.001352226
0.0013500517
0.0013478771
0.0013457037
0.0013435325
0.0013413647
0.0013392012
0.0013370422
0.0013348875
0.0013327341
0.0013305765
0.0013284136
0.0013262481
0.0013240817
0.0013219138
0.0013197447
0.0013175755
0.0013154072
0.001313241
0.0013110779
0.0013089185
0.0013067636
0.0013046114
0.0013024567
0.0013002958
0.0012981306
0.0012959636
0.0012937949
0.0012916242
0.0012894524
0.0012872806
0.0012851102
0.001282942
0.001280777
0.0012786157
0.0012764576
0.0012742991
0.0012721353
0.0012699658
0.0012677944
0.0012656206
0.0012634441
0.0012612636
0.0012590685
0.0012568632
0.0012546641
0.001252473
0.0012502858
0.0012481042
0.0012459259
0.0012437455
0.00124156
0.0012393712
0.0012371812
0.0012349883
0.0012327917
0.0012305925
0.001228392
0.0012261915
0.0012239922
0.0012217947
0.0012195997
0.0012174052
0.0012152052
0.0012129969
0.0012107833
0.0012085665
0.001206346
0.0012041215
0.0012018942
0.0011996653
0.0011974364
0.0011952082
0.0011929809
0.0011907546
0.0011885212
0.0011862752
0.0011840233
0.0011817727
0.0011795236
0.0011772718
0.0011750148
0.0011727539
0.00117049
0.001168224
0.0011659582
0.0011636938
0.0011614328
0.0011591705
0.0011569007
0.0011546218
0.0011523417
0.0011500617
0.0011477851
0.0011455051
0.0011431992
0.0011408708
0.0011385338
0.0011361996
0.0011338739
0.0011315557
0.0011292369
0.0011269106
0.0011245786
0.001122242
0.0011199002
0.0011175512
0.0011151977
0.0011128431
0.0011104875
0.0011081293
0.00110577
0.0011034068
0.0011010438
0.0010986566
0.0010962971
0.0010938756
0.0010914255
0.0010890416
0.0010866622
0.0010842562
0.0010817994
0.0010793576
0.0010769152
0.0010744993
0.0010720765
0.0013781732
0.0013758367
0.0013738531
0.0013719492
0.0013696165
0.0013674029
0.0013652411
0.0013631097
0.0013609274
0.001358755
0.0013565771
0.0013544037
0.0013522298
0.0013500555
0.0013478809
0.0013457074
0.0013435362
0.0013413684
0.0013392049
0.0013370459
0.0013348911
0.0013327377
0.0013305801
0.0013284171
0.0013262517
0.0013240852
0.0013219173
0.0013197482
0.0013175789
0.0013154107
0.0013132445
0.0013110813
0.0013089219
0.0013067669
0.0013046147
0.00130246
0.0013002991
0.0012981339
0.0012959669
0.0012937981
0.0012916275
0.0012894556
0.0012872838
0.0012851134
0.0012829452
0.0012807802
0.0012786189
0.0012764607
0.0012743022
0.0012721384
0.0012699689
0.0012677975
0.0012656236
0.0012634472
0.0012612666
0.0012590715
0.0012568662
0.001254667
0.001252476
0.0012502887
0.0012481071
0.0012459288
0.0012437483
0.0012415629
0.001239374
0.001237184
0.0012349911
0.0012327945
0.0012305953
0.0012283947
0.0012261943
0.0012239949
0.0012217974
0.0012196024
0.0012174079
0.0012152079
0.0012129996
0.001210786
0.0012085691
0.0012063486
0.0012041241
0.0012018968
0.0011996679
0.001197439
0.0011952107
0.0011929834
0.0011907571
0.0011885237
0.0011862777
0.0011840257
0.0011817751
0.001179526
0.0011772742
0.0011750172
0.0011727562
0.0011704923
0.0011682263
0.0011659606
0.0011636962
0.0011614351
0.0011591728
0.001156903
0.0011546241
0.001152344
0.001150064
0.0011477873
0.0011455073
0.0011432014
0.001140873
0.0011385359
0.0011362017
0.001133876
0.0011315579
0.001129239
0.0011269127
0.0011245807
0.0011222441
0.0011199023
0.0011175533
0.0011151997
0.0011128451
0.0011104895
0.0011081314
0.001105772
0.0011034088
0.0011010458
0.0010986585
0.001096299
0.0010938775
0.0010914274
0.0010890435
0.0010866641
0.0010842581
0.0010818013
0.0010793594
0.001076917
0.0010745011
0.0013758405
0.001373857
0.0013719536
0.0013696207
0.001367407
0.0013652453
0.0013631138
0.0013609315
0.0013587591
0.0013565811
0.0013544077
0.0013522338
0.0013500595
0.0013478848
0.0013457113
0.0013435401
0.0013413723
0.0013392087
0.0013370497
0.0013348949
0.0013327415
0.0013305839
0.0013284209
0.0013262554
0.0013240889
0.001321921
0.0013197519
0.0013175826
0.0013154143
0.0013132481
0.0013110849
0.0013089255
0.0013067705
0.0013046182
0.0013024635
0.0013003026
0.0012981373
0.0012959703
0.0012938016
0.0012916309
0.001289459
0.0012872872
0.0012851168
0.0012829485
0.0012807835
0.0012786222
0.001276464
0.0012743055
0.0012721417
0.0012699721
0.0012678007
0.0012656268
0.0012634503
0.0012612698
0.0012590746
0.0012568693
0.0012546701
0.001252479
0.0012502918
0.0012481102
0.0012459318
0.0012437514
0.0012415659
0.001239377
0.001237187
0.0012349941
0.0012327975
0.0012305982
0.0012283976
0.0012261971
0.0012239978
0.0012218003
0.0012196052
0.0012174107
0.0012152107
0.0012130024
0.0012107887
0.0012085719
0.0012063513
0.0012041268
0.0012018995
0.0011996706
0.0011974417
0.0011952134
0.001192986
0.0011907597
0.0011885263
0.0011862803
0.0011840283
0.0011817777
0.0011795285
0.0011772767
0.0011750197
0.0011727587
0.0011704948
0.0011682288
0.001165963
0.0011636986
0.0011614375
0.0011591752
0.0011569054
0.0011546264
0.0011523464
0.0011500664
0.0011477897
0.0011455096
0.0011432037
0.0011408753
0.0011385382
0.001136204
0.0011338783
0.0011315601
0.0011292413
0.0011269149
0.0011245829
0.0011222463
0.0011199045
0.0011175555
0.0011152018
0.0011128473
0.0011104916
0.0011081335
0.0011057741
0.0011034109
0.0011010479
0.0010986606
0.0010963011
0.0010938795
0.0010914294
0.0010890455
0.0010866661
0.0010842601
0.0010818033
0.0010793614
0.001076919
0.001074503
0.0013758444
0.0013738611
0.0013719583
0.0013696251
0.0013674113
0.0013652496
0.0013631181
0.0013609358
0.0013587634
0.0013565853
0.0013544119
0.001352238
0.0013500636
0.001347889
0.0013457154
0.0013435442
0.0013413763
0.0013392127
0.0013370537
0.0013348989
0.0013327454
0.0013305878
0.0013284248
0.0013262593
0.0013240928
0.0013219248
0.0013197557
0.0013175864
0.0013154181
0.0013132518
0.0013110886
0.0013089292
0.0013067742
0.0013046219
0.0013024672
0.0013003062
0.001298141
0.0012959739
0.0012938052
0.0012916345
0.0012894626
0.0012872907
0.0012851203
0.001282952
0.001280787
0.0012786256
0.0012764674
0.0012743089
0.0012721451
0.0012699755
0.0012678041
0.0012656301
0.0012634536
0.0012612731
0.0012590779
0.0012568726
0.0012546734
0.0012524823
0.001250295
0.0012481133
0.001245935
0.0012437545
0.001241569
0.0012393801
0.0012371901
0.0012349971
0.0012328005
0.0012306012
0.0012284007
0.0012262001
0.0012240008
0.0012218033
0.0012196082
0.0012174136
0.0012152136
0.0012130053
0.0012107916
0.0012085747
0.0012063542
0.0012041297
0.0012019023
0.0011996734
0.0011974444
0.0011952162
0.0011929888
0.0011907625
0.001188529
0.001186283
0.001184031
0.0011817804
0.0011795312
0.0011772794
0.0011750223
0.0011727614
0.0011704974
0.0011682314
0.0011659656
0.0011637012
0.0011614401
0.0011591777
0.0011569079
0.0011546289
0.0011523489
0.0011500688
0.0011477921
0.001145512
0.0011432061
0.0011408777
0.0011385406
0.0011362064
0.0011338807
0.0011315624
0.0011292436
0.0011269172
0.0011245852
0.0011222486
0.0011199067
0.0011175577
0.0011152041
0.0011128495
0.0011104938
0.0011081357
0.0011057763
0.0011034131
0.00110105
0.0010986627
0.0010963032
0.0010938816
0.0010914315
0.0010890476
0.0010866682
0.0010842622
0.0010818053
0.0010793634
0.001076921
0.001074505
0.0013758483
0.0013738653
0.0013719634
0.0013696297
0.0013674158
0.001365254
0.0013631226
0.0013609402
0.0013587678
0.0013565898
0.0013544163
0.0013522423
0.001350068
0.0013478933
0.0013457197
0.0013435485
0.0013413805
0.0013392169
0.0013370579
0.001334903
0.0013327496
0.0013305919
0.0013284289
0.0013262634
0.0013240968
0.0013219289
0.0013197597
0.0013175904
0.001315422
0.0013132558
0.0013110925
0.0013089331
0.0013067781
0.0013046258
0.001302471
0.0013003101
0.0012981448
0.0012959777
0.0012938089
0.0012916382
0.0012894663
0.0012872944
0.0012851239
0.0012829556
0.0012807906
0.0012786292
0.001276471
0.0012743125
0.0012721486
0.001269979
0.0012678076
0.0012656336
0.0012634571
0.0012612765
0.0012590813
0.001256876
0.0012546768
0.0012524856
0.0012502984
0.0012481167
0.0012459383
0.0012437578
0.0012415723
0.0012393834
0.0012371933
0.0012350004
0.0012328037
0.0012306044
0.0012284038
0.0012262033
0.0012240039
0.0012218064
0.0012196113
0.0012174167
0.0012152167
0.0012130083
0.0012107946
0.0012085777
0.0012063572
0.0012041326
0.0012019052
0.0011996763
0.0011974474
0.0011952191
0.0011929917
0.0011907653
0.0011885319
0.0011862858
0.0011840338
0.0011817832
0.001179534
0.0011772821
0.0011750251
0.0011727641
0.0011705001
0.0011682341
0.0011659683
0.0011637038
0.0011614427
0.0011591804
0.0011569105
0.0011546315
0.0011523514
0.0011500714
0.0011477947
0.0011455146
0.0011432086
0.0011408802
0.0011385431
0.0011362089
0.0011338831
0.0011315649
0.001129246
0.0011269197
0.0011245876
0.001122251
0.0011199091
0.0011175601
0.0011152064
0.0011128518
0.0011104961
0.001108138
0.0011057785
0.0011034153
0.0011010523
0.001098665
0.0010963054
0.0010938838
0.0010914337
0.0010890498
0.0010866704
0.0010842643
0.0010818075
0.0010793656
0.0010769231
0.0010745071
0.0013738697
0.0013719687
0.0013696345
0.0013674204
0.0013652587
0.0013631273
0.0013609449
0.0013587724
0.0013565944
0.0013544208
0.0013522469
0.0013500725
0.0013478977
0.0013457242
0.0013435529
0.0013413849
0.0013392213
0.0013370622
0.0013349074
0.0013327539
0.0013305962
0.0013284331
0.0013262676
0.001324101
0.0013219331
0.0013197639
0.0013175945
0.0013154261
0.0013132599
0.0013110966
0.0013089372
0.0013067821
0.0013046298
0.001302475
0.001300314
0.0012981487
0.0012959816
0.0012938128
0.0012916421
0.0012894701
0.0012872983
0.0012851278
0.0012829594
0.0012807944
0.001278633
0.0012764748
0.0012743162
0.0012721523
0.0012699827
0.0012678112
0.0012656373
0.0012634607
0.0012612801
0.0012590849
0.0012568796
0.0012546803
0.0012524891
0.0012503019
0.0012481202
0.0012459418
0.0012437612
0.0012415757
0.0012393868
0.0012371967
0.0012350037
0.0012328071
0.0012306077
0.0012284071
0.0012262066
0.0012240072
0.0012218096
0.0012196145
0.0012174199
0.0012152199
0.0012130115
0.0012107978
0.0012085809
0.0012063603
0.0012041357
0.0012019083
0.0011996794
0.0011974504
0.0011952221
0.0011929947
0.0011907683
0.0011885349
0.0011862888
0.0011840368
0.0011817861
0.0011795369
0.001177285
0.001175028
0.001172767
0.001170503
0.0011682369
0.0011659711
0.0011637066
0.0011614455
0.0011591831
0.0011569133
0.0011546343
0.0011523541
0.0011500741
0.0011477974
0.0011455173
0.0011432113
0.0011408828
0.0011385457
0.0011362114
0.0011338857
0.0011315674
0.0011292486
0.0011269222
0.0011245901
0.0011222535
0.0011199116
0.0011175625
0.0011152089
0.0011128543
0.0011104985
0.0011081404
0.0011057809
0.0011034177
0.0011010546
0.0010986673
0.0010963078
0.0010938862
0.001091436
0.0010890521
0.0010866727
0.0010842666
0.0010818097
0.0010793678
0.0010769253
0.0010745093
0.0013738744
0.0013719743
0.0013696395
0.0013674253
0.0013652636
0.0013631321
0.0013609498
0.0013587773
0.0013565992
0.0013544256
0.0013522516
0.0013500772
0.0013479024
0.0013457288
0.0013435575
0.0013413895
0.0013392259
0.0013370668
0.0013349119
0.0013327584
0.0013306007
0.0013284376
0.001326272
0.0013241054
0.0013219374
0.0013197682
0.0013175988
0.0013154304
0.0013132641
0.0013111009
0.0013089414
0.0013067863
0.001304634
0.0013024792
0.0013003182
0.0012981528
0.0012959857
0.0012938169
0.0012916461
0.0012894742
0.0012873023
0.0012851317
0.0012829634
0.0012807983
0.0012786369
0.0012764787
0.0012743201
0.0012721562
0.0012699865
0.001267815
0.0012656411
0.0012634645
0.0012612839
0.0012590886
0.0012568833
0.001254684
0.0012524928
0.0012503055
0.0012481238
0.0012459454
0.0012437648
0.0012415793
0.0012393903
0.0012372002
0.0012350072
0.0012328106
0.0012306112
0.0012284106
0.00122621
0.0012240106
0.001221813
0.0012196179
0.0012174233
0.0012152232
0.0012130148
0.0012108011
0.0012085842
0.0012063635
0.001204139
0.0012019115
0.0011996826
0.0011974536
0.0011952252
0.0011929978
0.0011907714
0.001188538
0.0011862919
0.0011840398
0.0011817892
0.0011795399
0.0011772881
0.001175031
0.0011727699
0.0011705059
0.0011682398
0.001165974
0.0011637095
0.0011614484
0.001159186
0.0011569161
0.0011546371
0.001152357
0.0011500769
0.0011478002
0.00114552
0.001143214
0.0011408855
0.0011385484
0.0011362142
0.0011338884
0.0011315701
0.0011292512
0.0011269248
0.0011245928
0.0011222561
0.0011199142
0.0011175651
0.0011152114
0.0011128568
0.0011105011
0.0011081429
0.0011057834
0.0011034202
0.0011010571
0.0010986698
0.0010963102
0.0010938886
0.0010914384
0.0010890545
0.001086675
0.0010842689
0.001081812
0.0010793701
0.0010769276
0.0010745116
)
;

boundaryField
{
    front
    {
        type            empty;
    }
    back
    {
        type            empty;
    }
    inlet
    {
        type            zeroGradient;
    }
    outlet
    {
        type            fixedValue;
        value           nonuniform List<scalar> 0();
    }
    top
    {
        type            zeroGradient;
    }
    slipsurface
    {
        type            slip;
    }
    bottom
    {
        type            zeroGradient;
    }
    procBoundary8to0
    {
        type            processor;
        value           nonuniform List<scalar> 
87
(
0.0010695847
0.0010695848
0.0010695849
0.001069585
0.001069585
0.0010695851
0.0010695852
0.0010695853
0.0010695854
0.0010695854
0.0010695855
0.0010695856
0.0010695857
0.0010695858
0.0010695859
0.0010695859
0.001069586
0.0010695861
0.0010695862
0.0010695863
0.0010695864
0.0010695865
0.0010695866
0.0010695867
0.0010695868
0.0010695869
0.001069587
0.0010695871
0.0010695872
0.0010695873
0.0010695875
0.0010695876
0.0010695877
0.0010695879
0.001069588
0.0010695882
0.0010695883
0.0010695885
0.0010695887
0.0010695889
0.0010695891
0.0010695893
0.0010695895
0.0010695898
0.0010695901
0.0010695903
0.0010695906
0.001069591
0.0010695913
0.0010695917
0.0010695921
0.0010695925
0.0010695929
0.0010695934
0.0010695939
0.0010695944
0.001069595
0.0010695955
0.0010695961
0.0010695968
0.0010695974
0.0010695981
0.0010695988
0.0010695996
0.0010696004
0.0010696013
0.0010696022
0.0010696031
0.0010696041
0.0010696052
0.0010696063
0.0010696075
0.0010696087
0.00106961
0.0010696114
0.0010696128
0.0010696143
0.0010696159
0.0010696175
0.0010696193
0.0010720783
0.0010720783
0.0010720803
0.0010720823
0.0010720843
0.0010720865
0.0010720888
)
;
    }
    procBoundary8to9
    {
        type            processor;
        value           nonuniform List<scalar> 
135
(
0.0013738794
0.0013719799
0.0013696446
0.0013674304
0.0013652687
0.0013631372
0.0013609548
0.0013587823
0.0013566042
0.0013544306
0.0013522566
0.0013500821
0.0013479073
0.0013457337
0.0013435623
0.0013413943
0.0013392307
0.0013370715
0.0013349166
0.0013327631
0.0013306054
0.0013284422
0.0013262767
0.00132411
0.001321942
0.0013197728
0.0013176033
0.0013154349
0.0013132686
0.0013111053
0.0013089458
0.0013067907
0.0013046384
0.0013024835
0.0013003225
0.0012981571
0.00129599
0.0012938211
0.0012916503
0.0012894784
0.0012873065
0.0012851359
0.0012829675
0.0012808024
0.001278641
0.0012764827
0.0012743241
0.0012721602
0.0012699905
0.001267819
0.001265645
0.0012634684
0.0012612878
0.0012590925
0.0012568871
0.0012546878
0.0012524966
0.0012503093
0.0012481276
0.0012459492
0.0012437686
0.001241583
0.001239394
0.0012372039
0.0012350109
0.0012328142
0.0012306148
0.0012284142
0.0012262136
0.0012240142
0.0012218166
0.0012196214
0.0012174268
0.0012152267
0.0012130183
0.0012108045
0.0012085876
0.0012063669
0.0012041424
0.0012019149
0.0011996859
0.0011974569
0.0011952286
0.0011930011
0.0011907747
0.0011885412
0.0011862951
0.0011840431
0.0011817924
0.0011795431
0.0011772912
0.0011750341
0.0011727731
0.001170509
0.0011682429
0.0011659771
0.0011637126
0.0011614514
0.001159189
0.0011569191
0.0011546401
0.0011523599
0.0011500798
0.0011478031
0.0011455229
0.0011432169
0.0011408884
0.0011385513
0.001136217
0.0011338912
0.0011315729
0.001129254
0.0011269276
0.0011245955
0.0011222588
0.0011199169
0.0011175678
0.0011152141
0.0011128595
0.0011105037
0.0011081455
0.001105786
0.0011034228
0.0011010597
0.0010986723
0.0010963127
0.0010938911
0.0010914409
0.0010890569
0.0010866775
0.0010842714
0.0010818145
0.0010793725
0.00107693
0.001074514
)
;
    }
    procBoundary8to10
    {
        type            processor;
        value           nonuniform List<scalar> 
59
(
0.0014151865
0.0014151867
0.0014151869
0.0014151871
0.0014151873
0.0014151875
0.0014151877
0.0014151879
0.0014151881
0.0014151883
0.0014151885
0.0014151887
0.0014151889
0.0014151891
0.0014151893
0.0014151895
0.0014151897
0.0014151899
0.0014151902
0.0014151904
0.0014151906
0.0014151909
0.0014151911
0.0014151914
0.0014151916
0.0014151919
0.0014151922
0.0014151924
0.0014151927
0.001415193
0.0014151933
0.0014151937
0.001415194
0.0014151943
0.0014151947
0.0014151951
0.0014151955
0.001415196
0.0014151964
0.0014151969
0.0014151974
0.001415198
0.0014151986
0.0014151992
0.0014151999
0.0014152007
0.0014152014
0.0014152023
0.0014152032
0.0014152041
0.0014152051
0.0014152062
0.0014152062
0.0014174013
0.0014174025
0.0014174038
0.0014174052
0.0014174066
0.0014174081
)
;
    }
    procBoundary8to11
    {
        type            processor;
        value           nonuniform List<scalar> 
47
(
0.0014152155
0.0014152155
0.0014152171
0.0014152188
0.0014130277
0.0014130277
0.0014130296
0.0014108394
0.0014108394
0.0014086499
0.0014086499
0.001408652
0.0014064621
0.0014064621
0.0014064645
0.0014042753
0.0014042753
0.0014020888
0.0013999024
0.001397721
0.0013955469
0.001393378
0.001391215
0.0013890432
0.0013868702
0.0013846797
0.0013846797
0.0013825078
0.0013825078
0.0013825106
0.0013825134
0.0013825164
0.0013825195
0.0013825228
0.0013825262
0.0013825298
0.0013825335
0.0013803238
0.0013803238
0.0013803279
0.0013781775
0.0013781775
0.0013781819
0.0013781866
0.0013758523
0.0013758523
0.0013758565
)
;
    }
}


// ************************************************************************* //
