/*--------------------------------*- C++ -*----------------------------------*\
  =========                 |
  \\      /  F ield         | OpenFOAM: The Open Source CFD Toolbox
   \\    /   O peration     | Website:  https://openfoam.org
    \\  /    A nd           | Version:  12
     \\/     M anipulation  |
\*---------------------------------------------------------------------------*/
FoamFile
{
    format      ascii;
    class       volScalarField;
    location    "300";
    object      epsilon;
}
// * * * * * * * * * * * * * * * * * * * * * * * * * * * * * * * * * * * * * //

dimensions      [0 2 -3 0 0 0 0];

internalField   nonuniform List<scalar> 
13054
(
8.9529017e-05
8.9555831e-05
8.9581084e-05
8.9604733e-05
8.9626734e-05
8.9647044e-05
8.9665618e-05
8.9682413e-05
8.9697381e-05
8.9710476e-05
8.972165e-05
8.9730855e-05
8.9738041e-05
8.9743158e-05
8.9746155e-05
8.9746979e-05
8.9745578e-05
8.9741897e-05
8.973588e-05
8.9727473e-05
8.9716616e-05
8.9703253e-05
8.9687323e-05
8.9668767e-05
8.9647522e-05
8.9623525e-05
8.9596713e-05
8.9567021e-05
8.9534381e-05
8.9498727e-05
8.945999e-05
8.9418099e-05
8.9372983e-05
8.9324569e-05
8.9272783e-05
8.921755e-05
8.9158791e-05
8.9096429e-05
8.9030383e-05
8.8960572e-05
8.8886912e-05
8.880932e-05
8.8727707e-05
8.8641987e-05
8.855207e-05
8.8457864e-05
8.8359276e-05
8.8256211e-05
8.8148573e-05
8.8036263e-05
8.7919182e-05
8.7797226e-05
8.7670292e-05
8.7538273e-05
8.7401062e-05
8.7258547e-05
8.7110618e-05
8.6957159e-05
8.6798053e-05
8.6633182e-05
8.6462423e-05
8.6285655e-05
8.6102749e-05
8.5913579e-05
8.5718012e-05
8.5515916e-05
8.5307153e-05
8.5091586e-05
8.4869072e-05
8.4639468e-05
8.4402625e-05
8.4158395e-05
8.3906623e-05
8.3647154e-05
8.337983e-05
8.3104486e-05
8.2820959e-05
8.2529078e-05
8.2228673e-05
8.1919567e-05
8.1601582e-05
8.1274534e-05
8.0938237e-05
8.0592501e-05
8.0237131e-05
7.987193e-05
7.9496696e-05
7.9111221e-05
7.8715295e-05
7.8308703e-05
7.7891225e-05
7.7462636e-05
7.7022706e-05
7.6571201e-05
7.6107881e-05
7.5632498e-05
7.5144803e-05
7.4644536e-05
7.4131433e-05
7.3605223e-05
7.3065628e-05
7.2512363e-05
7.1945134e-05
7.1363641e-05
7.0767577e-05
7.0156625e-05
6.9530462e-05
6.888876e-05
6.8231184e-05
6.7557393e-05
6.6867045e-05
6.6159797e-05
6.5435306e-05
6.4693237e-05
6.393326e-05
6.315506e-05
6.2358341e-05
6.1542828e-05
6.0708281e-05
5.9854492e-05
5.8981303e-05
5.8088608e-05
5.717636e-05
5.6244592e-05
8.9394551e-05
8.9424473e-05
8.9452869e-05
8.9479698e-05
8.9504919e-05
8.9528488e-05
8.9550362e-05
8.9570497e-05
8.9588848e-05
8.9605369e-05
8.9620014e-05
8.9632734e-05
8.9643481e-05
8.9652206e-05
8.9658859e-05
8.9663388e-05
8.9665741e-05
8.9665866e-05
8.9663707e-05
8.965921e-05
8.9652319e-05
8.9642976e-05
8.9631124e-05
8.9616702e-05
8.9599651e-05
8.9579908e-05
8.9557412e-05
8.9532097e-05
8.95039e-05
8.9472753e-05
8.943859e-05
8.940134e-05
8.9360935e-05
8.9317303e-05
8.9270371e-05
8.9220065e-05
8.9166309e-05
8.9109026e-05
8.9048138e-05
8.8983565e-05
8.8915224e-05
8.8843033e-05
8.8766907e-05
8.868676e-05
8.8602504e-05
8.8514048e-05
8.8421302e-05
8.8324173e-05
8.8222566e-05
8.8116383e-05
8.8005528e-05
8.7889899e-05
8.7769395e-05
8.7643911e-05
8.7513341e-05
8.7377577e-05
8.7236508e-05
8.7090023e-05
8.6938006e-05
8.6780341e-05
8.6616909e-05
8.6447588e-05
8.6272255e-05
8.6090783e-05
8.5903044e-05
8.5708906e-05
8.5508236e-05
8.5300898e-05
8.5086752e-05
8.4865656e-05
8.4637467e-05
8.4402037e-05
8.4159215e-05
8.3908848e-05
8.365078e-05
8.3384851e-05
8.31109e-05
8.2828759e-05
8.2538261e-05
8.2239232e-05
8.1931497e-05
8.1614875e-05
8.1289184e-05
8.0954237e-05
8.0609843e-05
8.0255808e-05
7.9891932e-05
7.9518014e-05
7.9133845e-05
7.8739215e-05
7.8333907e-05
7.7917701e-05
7.7490372e-05
7.7051689e-05
7.6601416e-05
7.6139312e-05
7.5665131e-05
7.517862e-05
7.4679519e-05
7.4167564e-05
7.3642482e-05
7.3103994e-05
7.2551813e-05
7.1985646e-05
7.140519e-05
7.0810136e-05
7.0200168e-05
6.9574961e-05
6.8934183e-05
6.82775e-05
6.7604568e-05
6.6915045e-05
6.6208584e-05
6.5484841e-05
6.4743478e-05
6.3984164e-05
6.3206582e-05
6.2410431e-05
6.1595437e-05
6.0761354e-05
5.9907975e-05
5.9035136e-05
5.8142728e-05
5.7230705e-05
5.6299089e-05
5.5347986e-05
5.4377587e-05
5.3388183e-05
5.2380174e-05
5.1354069e-05
5.0310509e-05
8.9293484e-05
8.9324919e-05
8.9354826e-05
8.9383162e-05
8.9409885e-05
8.9434952e-05
8.9458321e-05
8.9479946e-05
8.9499783e-05
8.9517787e-05
8.953391e-05
8.9548105e-05
8.9560323e-05
8.9570516e-05
8.9578633e-05
8.9584622e-05
8.9588432e-05
8.959001e-05
8.9589302e-05
8.9586252e-05
8.9580805e-05
8.9572903e-05
8.9562489e-05
8.9549502e-05
8.9533882e-05
8.9515569e-05
8.9494499e-05
8.9470608e-05
8.9443832e-05
8.9414104e-05
8.9381357e-05
8.9345522e-05
8.9306529e-05
8.9264306e-05
8.9218781e-05
8.916988e-05
8.9117527e-05
8.9061645e-05
8.9002156e-05
8.893898e-05
8.8872034e-05
8.8801236e-05
8.8726502e-05
8.8647744e-05
8.8564876e-05
8.8477806e-05
8.8386445e-05
8.8290699e-05
8.8190473e-05
8.8085671e-05
8.7976194e-05
8.7861942e-05
8.7742812e-05
8.7618702e-05
8.7489504e-05
8.735511e-05
8.7215411e-05
8.7070293e-05
8.6919641e-05
8.676334e-05
8.660127e-05
8.643331e-05
8.6259335e-05
8.6079219e-05
8.5892834e-05
8.5700048e-05
8.5500728e-05
8.5294737e-05
8.5081935e-05
8.4862181e-05
8.4635331e-05
8.4401236e-05
8.4159746e-05
8.3910708e-05
8.3653965e-05
8.3389357e-05
8.3116722e-05
8.2835893e-05
8.2546702e-05
8.2248974e-05
8.1942535e-05
8.1627203e-05
8.1302796e-05
8.0969126e-05
8.0626001e-05
8.0273228e-05
7.9910605e-05
7.9537931e-05
7.9154998e-05
7.8761593e-05
7.83575e-05
7.7942498e-05
7.7516361e-05
7.7078857e-05
7.662975e-05
7.6168798e-05
7.5695754e-05
7.5210363e-05
7.4712367e-05
7.4201498e-05
7.3677483e-05
7.3140043e-05
7.258889e-05
7.2023727e-05
7.1444254e-05
7.0850158e-05
7.0241121e-05
6.9616819e-05
6.8976918e-05
6.8321081e-05
6.7648965e-05
6.6960223e-05
6.6254509e-05
6.5531476e-05
6.4790784e-05
6.4032101e-05
6.3255105e-05
6.2459496e-05
6.1644995e-05
6.0811355e-05
5.9958365e-05
5.9085861e-05
5.8193729e-05
5.7281921e-05
5.6350457e-05
5.5399439e-05
5.4429058e-05
5.3439601e-05
5.2431465e-05
5.1405159e-05
5.0361322e-05
8.916293e-05
8.9197309e-05
8.9230193e-05
8.9261544e-05
8.9291318e-05
8.9319476e-05
8.9345974e-05
8.9370768e-05
8.9393815e-05
8.9415071e-05
8.9434488e-05
8.945202e-05
8.9467621e-05
8.9481242e-05
8.9492832e-05
8.9502343e-05
8.9509724e-05
8.9514921e-05
8.9517883e-05
8.9518555e-05
8.9516882e-05
8.9512808e-05
8.9506277e-05
8.9497229e-05
8.9485607e-05
8.9471348e-05
8.9454393e-05
8.9434679e-05
8.9412141e-05
8.9386714e-05
8.9358334e-05
8.9326931e-05
8.9292438e-05
8.9254785e-05
8.92139e-05
8.9169711e-05
8.9122143e-05
8.9071121e-05
8.9016568e-05
8.8958405e-05
8.8896553e-05
8.883093e-05
8.8761453e-05
8.8688037e-05
8.8610596e-05
8.8529043e-05
8.8443287e-05
8.8353237e-05
8.82588e-05
8.8159882e-05
8.8056387e-05
8.7948214e-05
8.7835266e-05
8.7717438e-05
8.7594628e-05
8.7466729e-05
8.7333632e-05
8.7195228e-05
8.7051404e-05
8.6902046e-05
8.6747035e-05
8.6586254e-05
8.641958e-05
8.624689e-05
8.6068058e-05
8.5882954e-05
8.5691447e-05
8.5493403e-05
8.5288686e-05
8.5077156e-05
8.4858671e-05
8.4633087e-05
8.4400255e-05
8.4160025e-05
8.3912243e-05
8.3656753e-05
8.3393394e-05
8.3122004e-05
8.2842416e-05
8.255446e-05
8.2257963e-05
8.1952749e-05
8.1638637e-05
8.1315444e-05
8.0982981e-05
8.0641057e-05
8.0289476e-05
7.9928039e-05
7.9556543e-05
7.9174778e-05
7.8782532e-05
7.8379588e-05
7.7965725e-05
7.7540715e-05
7.7104326e-05
7.6656322e-05
7.619646e-05
7.5724491e-05
7.5240161e-05
7.474321e-05
7.4233369e-05
7.3710366e-05
7.3173918e-05
7.2623737e-05
7.2059526e-05
7.1480983e-05
7.0887794e-05
7.0279641e-05
6.9656196e-05
6.9017126e-05
6.8362092e-05
6.7690749e-05
6.7002749e-05
6.6297743e-05
6.5575385e-05
6.483533e-05
6.4077245e-05
6.3300807e-05
6.2505713e-05
6.1691682e-05
6.0858465e-05
6.0005847e-05
5.9133663e-05
5.8241796e-05
5.7330196e-05
5.639888e-05
5.5447947e-05
5.4477586e-05
5.3488082e-05
5.2479831e-05
5.1453339e-05
5.0409244e-05
8.9070059e-05
8.9105824e-05
8.9140092e-05
8.917282e-05
8.9203968e-05
8.9233495e-05
8.9261357e-05
8.9287512e-05
8.9311915e-05
8.9334522e-05
8.9355286e-05
8.9374163e-05
8.9391103e-05
8.9406058e-05
8.9418981e-05
8.9429819e-05
8.9438524e-05
8.9445041e-05
8.944932e-05
8.9451305e-05
8.9450942e-05
8.9448174e-05
8.9442946e-05
8.9435198e-05
8.9424872e-05
8.9411907e-05
8.9396242e-05
8.9377815e-05
8.9356562e-05
8.9332418e-05
8.9305316e-05
8.927519e-05
8.9241971e-05
8.9205589e-05
8.9165973e-05
8.9123051e-05
8.9076747e-05
8.9026987e-05
8.8973694e-05
8.8916789e-05
8.8856193e-05
8.8791824e-05
8.8723598e-05
8.8651432e-05
8.857524e-05
8.8494932e-05
8.841042e-05
8.8321613e-05
8.8228417e-05
8.8130738e-05
8.802848e-05
8.7921544e-05
8.7809829e-05
8.7693234e-05
8.7571655e-05
8.7444985e-05
8.7313116e-05
8.7175939e-05
8.7033339e-05
8.6885203e-05
8.6731413e-05
8.6571851e-05
8.6406395e-05
8.6234921e-05
8.6057302e-05
8.5873409e-05
8.5683112e-05
8.5486275e-05
8.5282763e-05
8.5072435e-05
8.4855151e-05
8.4630763e-05
8.4399126e-05
8.4160087e-05
8.3913493e-05
8.3659187e-05
8.3397009e-05
8.3126795e-05
8.284838e-05
8.2561592e-05
8.2266259e-05
8.1962204e-05
8.1649245e-05
8.1327199e-05
8.0995877e-05
8.0655088e-05
8.0304636e-05
7.994432e-05
7.9573936e-05
7.9193276e-05
7.8802126e-05
7.8400269e-05
7.7987483e-05
7.7563539e-05
7.7128206e-05
7.6681245e-05
7.6222413e-05
7.5751462e-05
7.5268136e-05
7.4772173e-05
7.4263305e-05
7.3741258e-05
7.3205749e-05
7.2656489e-05
7.209318e-05
7.1515517e-05
7.0923187e-05
7.031587e-05
6.9693238e-05
6.9054956e-05
6.8400683e-05
6.7730072e-05
6.7042775e-05
6.6338442e-05
6.5616723e-05
6.4877273e-05
6.4119757e-05
6.3343849e-05
6.2549245e-05
6.1735661e-05
6.0902846e-05
6.0050584e-05
5.9178705e-05
5.8287092e-05
5.7375691e-05
5.6444518e-05
5.5493669e-05
5.4523331e-05
5.3533787e-05
5.2525431e-05
5.1498767e-05
5.0454432e-05
8.8981761e-05
8.9018851e-05
8.9054437e-05
8.908848e-05
8.9120939e-05
8.9151771e-05
8.9180934e-05
8.9208386e-05
8.9234081e-05
8.9257976e-05
8.9280024e-05
8.9300179e-05
8.9318395e-05
8.9334622e-05
8.9348811e-05
8.9360914e-05
8.9370877e-05
8.9378651e-05
8.9384182e-05
8.9387415e-05
8.9388297e-05
8.9386771e-05
8.9382781e-05
8.9376268e-05
8.9367174e-05
8.9355437e-05
8.9340998e-05
8.9323794e-05
8.930376e-05
8.9280832e-05
8.9254945e-05
8.922603e-05
8.919402e-05
8.9158844e-05
8.9120432e-05
8.907871e-05
8.9033605e-05
8.8985042e-05
8.8932943e-05
8.8877231e-05
8.8817824e-05
8.8754643e-05
8.8687604e-05
8.8616622e-05
8.8541611e-05
8.8462483e-05
8.837915e-05
8.8291519e-05
8.8199498e-05
8.8102993e-05
8.8001906e-05
8.7896139e-05
8.7785593e-05
8.7670164e-05
8.754975e-05
8.7424243e-05
8.7293536e-05
8.7157518e-05
8.7016076e-05
8.6869097e-05
8.6716462e-05
8.6558053e-05
8.6393748e-05
8.6223423e-05
8.6046952e-05
8.5864205e-05
8.5675051e-05
8.5479355e-05
8.5276982e-05
8.5067791e-05
8.4851641e-05
8.4628385e-05
8.4397876e-05
8.4159963e-05
8.3914492e-05
8.3661306e-05
8.3400244e-05
8.3131143e-05
8.2853835e-05
8.2568152e-05
8.2273919e-05
8.1970958e-05
8.1659089e-05
8.1338128e-05
8.1007885e-05
8.0668169e-05
8.0318783e-05
7.9959526e-05
7.9590195e-05
7.9210579e-05
7.8820465e-05
7.8419636e-05
7.8007867e-05
7.7584931e-05
7.7150596e-05
7.6704621e-05
7.6246765e-05
7.5776776e-05
7.5294399e-05
7.4799371e-05
7.4291424e-05
7.3770282e-05
7.3235661e-05
7.2687272e-05
7.2124816e-05
7.1547987e-05
7.095647e-05
7.0349946e-05
6.9728083e-05
6.9090547e-05
6.8436994e-05
6.7767078e-05
6.7080448e-05
6.6376752e-05
6.565564e-05
6.4916764e-05
6.4159787e-05
6.3384383e-05
6.2590244e-05
6.1777086e-05
6.0944654e-05
6.009273e-05
5.9221143e-05
5.8329773e-05
5.7418564e-05
5.6487529e-05
5.5536763e-05
5.4566449e-05
5.3576871e-05
5.2568418e-05
5.1541595e-05
5.0497036e-05
8.8897854e-05
8.8936207e-05
8.8973052e-05
8.9008349e-05
8.9042056e-05
8.9074133e-05
8.9104536e-05
8.9133222e-05
8.9160148e-05
8.9185269e-05
8.9208539e-05
8.9229913e-05
8.9249342e-05
8.9266778e-05
8.9282174e-05
8.9295477e-05
8.9306639e-05
8.9315607e-05
8.9322327e-05
8.9326747e-05
8.9328812e-05
8.9328466e-05
8.9325652e-05
8.9320312e-05
8.9312387e-05
8.9301817e-05
8.9288541e-05
8.9272497e-05
8.9253621e-05
8.9231847e-05
8.9207112e-05
8.9179346e-05
8.9148482e-05
8.911445e-05
8.9077178e-05
8.9036595e-05
8.8992626e-05
8.8945197e-05
8.889423e-05
8.8839647e-05
8.8781368e-05
8.8719311e-05
8.8653395e-05
8.8583534e-05
8.8509643e-05
8.8431632e-05
8.8349414e-05
8.8262897e-05
8.8171988e-05
8.8076593e-05
8.7976614e-05
8.7871955e-05
8.7762513e-05
8.7648188e-05
8.7528876e-05
8.7404469e-05
8.727486e-05
8.7139939e-05
8.6999593e-05
8.6853707e-05
8.6702164e-05
8.6544845e-05
8.6381629e-05
8.621239e-05
8.6037003e-05
8.5855339e-05
8.5667266e-05
8.5472649e-05
8.5271353e-05
8.5063236e-05
8.4848157e-05
8.4625971e-05
8.4396529e-05
8.415968e-05
8.391527e-05
8.3663141e-05
8.3403134e-05
8.3135084e-05
8.2858824e-05
8.2574184e-05
8.228099e-05
8.1979064e-05
8.1668225e-05
8.1348289e-05
8.1019066e-05
8.0680363e-05
8.0331985e-05
7.997373e-05
7.9605392e-05
7.9226764e-05
7.8837629e-05
7.843777e-05
7.8026964e-05
7.7604981e-05
7.7171589e-05
7.6726547e-05
7.6269612e-05
7.5800533e-05
7.5319053e-05
7.482491e-05
7.4317834e-05
7.3797547e-05
7.3263767e-05
7.2716202e-05
7.2154553e-05
7.1578513e-05
7.0987767e-05
7.0381992e-05
6.9760858e-05
6.9124028e-05
6.8471158e-05
6.78019e-05
6.7115901e-05
6.641281e-05
6.5692272e-05
6.4953941e-05
6.4197476e-05
6.342255e-05
6.2628854e-05
6.18161e-05
6.0984032e-05
6.0132431e-05
5.9261122e-05
5.8369985e-05
5.7458959e-05
5.6528058e-05
5.5577373e-05
5.4607086e-05
5.3617478e-05
5.2608937e-05
5.1581966e-05
5.05372e-05
8.8818161e-05
8.8857719e-05
8.8895763e-05
8.8932254e-05
8.8967151e-05
8.9000413e-05
8.9031996e-05
8.9061859e-05
8.9089956e-05
8.9116244e-05
8.9140678e-05
8.9163209e-05
8.9183793e-05
8.920238e-05
8.9218921e-05
8.9233367e-05
8.9245667e-05
8.9255769e-05
8.9263621e-05
8.9269168e-05
8.9272356e-05
8.927313e-05
8.9271433e-05
8.9267206e-05
8.9260391e-05
8.9250928e-05
8.9238756e-05
8.9223812e-05
8.9206034e-05
8.9185355e-05
8.9161711e-05
8.9135035e-05
8.9105257e-05
8.9072309e-05
8.9036119e-05
8.8996615e-05
8.8953723e-05
8.8907367e-05
8.8857472e-05
8.8803958e-05
8.8746747e-05
8.8685756e-05
8.8620903e-05
8.8552103e-05
8.8479271e-05
8.8402318e-05
8.8321156e-05
8.8235693e-05
8.8145836e-05
8.805149e-05
8.795256e-05
8.7848947e-05
8.7740551e-05
8.762727e-05
8.7508999e-05
8.7385632e-05
8.7257062e-05
8.7123178e-05
8.6983867e-05
8.6839015e-05
8.6688504e-05
8.6532216e-05
8.6370028e-05
8.6201816e-05
8.6027455e-05
8.5846814e-05
8.5659762e-05
8.5466164e-05
8.5265885e-05
8.5058783e-05
8.4844717e-05
8.4623541e-05
8.4395107e-05
8.4159263e-05
8.3915856e-05
8.3664727e-05
8.3405715e-05
8.3138658e-05
8.2863388e-05
8.2579734e-05
8.2287521e-05
8.1986573e-05
8.1676707e-05
8.1357739e-05
8.1029479e-05
8.0691734e-05
8.0344308e-05
7.9986999e-05
7.9619601e-05
7.9241905e-05
7.8853696e-05
7.8454755e-05
7.8044858e-05
7.7623775e-05
7.7191274e-05
7.6747114e-05
7.629105e-05
7.5822831e-05
7.53422e-05
7.4848893e-05
7.4342639e-05
7.3823162e-05
7.3290177e-05
7.2743392e-05
7.2182506e-05
7.1607212e-05
7.1017195e-05
7.0412129e-05
6.9791685e-05
6.9155523e-05
6.8503299e-05
6.7834664e-05
6.7149265e-05
6.6446746e-05
6.5726753e-05
6.4988938e-05
6.4232959e-05
6.3458487e-05
6.266521e-05
6.185284e-05
6.1021119e-05
6.0169825e-05
5.9298782e-05
5.8407866e-05
5.7497017e-05
5.6566245e-05
5.5615639e-05
5.464538e-05
5.3655746e-05
5.2647125e-05
5.1620018e-05
5.0575057e-05
8.8742493e-05
8.8783198e-05
8.8822385e-05
8.8860015e-05
8.8896045e-05
8.8930435e-05
8.8963142e-05
8.8994124e-05
8.9023337e-05
8.9050735e-05
8.9076275e-05
8.9099908e-05
8.9121589e-05
8.914127e-05
8.9158901e-05
8.9174432e-05
8.9187814e-05
8.9198994e-05
8.9207919e-05
8.9214537e-05
8.9218793e-05
8.922063e-05
8.9219992e-05
8.9216822e-05
8.921106e-05
8.9202648e-05
8.9191522e-05
8.9177623e-05
8.9160885e-05
8.9141244e-05
8.9118636e-05
8.9092992e-05
8.9064244e-05
8.9032323e-05
8.8997157e-05
8.8958675e-05
8.8916803e-05
8.8871465e-05
8.8822585e-05
8.8770084e-05
8.8713883e-05
8.8653901e-05
8.8590054e-05
8.8522259e-05
8.845043e-05
8.8374478e-05
8.8294314e-05
8.8209848e-05
8.8120986e-05
8.8027634e-05
8.7929696e-05
8.7827073e-05
8.7719665e-05
8.760737e-05
8.7490085e-05
8.7367702e-05
8.7240114e-05
8.710721e-05
8.6968878e-05
8.6825002e-05
8.6675467e-05
8.6520153e-05
8.6358937e-05
8.6191696e-05
8.6018303e-05
8.5838629e-05
8.5652542e-05
8.5459908e-05
8.5260589e-05
8.5054447e-05
8.4841337e-05
8.4621116e-05
8.4393634e-05
8.415874e-05
8.3916279e-05
8.3666094e-05
8.3408024e-05
8.3141905e-05
8.2867569e-05
8.2584846e-05
8.2293561e-05
8.1993535e-05
8.1684589e-05
8.1366535e-05
8.1039185e-05
8.0702345e-05
8.0355818e-05
7.9999402e-05
7.9632892e-05
7.9256077e-05
7.8868742e-05
7.8470667e-05
7.8061629e-05
7.7641398e-05
7.7209739e-05
7.6766412e-05
7.6311171e-05
7.5843764e-05
7.5363935e-05
7.4871418e-05
7.4365942e-05
7.384723e-05
7.3314996e-05
7.2768948e-05
7.2208783e-05
7.1634195e-05
7.1044866e-05
7.0440471e-05
6.9820679e-05
6.918515e-05
6.8533537e-05
6.7865492e-05
6.7180658e-05
6.6478681e-05
6.5759205e-05
6.5021878e-05
6.426636e-05
6.3492317e-05
6.2699438e-05
6.1887433e-05
6.105604e-05
6.0205038e-05
5.9334247e-05
5.8443543e-05
5.7532863e-05
5.6602213e-05
5.5651684e-05
5.4681454e-05
5.3691798e-05
5.2683104e-05
5.165587e-05
5.0610728e-05
8.8670666e-05
8.8712465e-05
8.8752742e-05
8.8791455e-05
8.8828565e-05
8.8864029e-05
8.8897806e-05
8.8929854e-05
8.8960127e-05
8.8988582e-05
8.9015173e-05
8.9039855e-05
8.9062579e-05
8.9083299e-05
8.9101965e-05
8.9118528e-05
8.9132938e-05
8.9145141e-05
8.9155087e-05
8.9162721e-05
8.9167989e-05
8.9170836e-05
8.9171204e-05
8.9169036e-05
8.9164274e-05
8.9156857e-05
8.9146724e-05
8.9133814e-05
8.9118063e-05
8.9099407e-05
8.9077779e-05
8.9053114e-05
8.9025342e-05
8.8994394e-05
8.8960199e-05
8.8922685e-05
8.8881778e-05
8.8837403e-05
8.8789484e-05
8.8737942e-05
8.8682698e-05
8.862367e-05
8.8560777e-05
8.8493932e-05
8.8423051e-05
8.8348046e-05
8.8268828e-05
8.8185305e-05
8.8097385e-05
8.8004973e-05
8.7907972e-05
8.7806286e-05
8.7699813e-05
8.7588452e-05
8.7472098e-05
8.7350645e-05
8.7223985e-05
8.7092008e-05
8.6954601e-05
8.681165e-05
8.6663037e-05
8.6508643e-05
8.6348346e-05
8.6182022e-05
8.6009544e-05
8.5830784e-05
8.5645609e-05
8.5453884e-05
8.5255474e-05
8.5050237e-05
8.4838032e-05
8.4618712e-05
8.4392129e-05
8.4158132e-05
8.3916566e-05
8.3667272e-05
8.3410091e-05
8.3144858e-05
8.2871405e-05
8.2589561e-05
8.2299152e-05
8.1999998e-05
8.169192e-05
8.137473e-05
8.1048239e-05
8.0712253e-05
8.0366576e-05
8.0011004e-05
7.9645332e-05
7.9269349e-05
7.8882839e-05
7.8485584e-05
7.8077357e-05
7.7657929e-05
7.7227065e-05
7.6784525e-05
7.6330061e-05
7.5863423e-05
7.5384351e-05
7.489258e-05
7.4387839e-05
7.386985e-05
7.3338326e-05
7.2792974e-05
7.2233492e-05
7.1659571e-05
7.1070893e-05
7.0467132e-05
6.9847957e-05
6.9213025e-05
6.8561991e-05
6.7894503e-05
6.7210206e-05
6.6508741e-05
6.5789753e-05
6.505289e-05
6.4297807e-05
6.3524172e-05
6.273167e-05
6.192001e-05
6.108893e-05
6.0238205e-05
5.9367654e-05
5.8477152e-05
5.7566632e-05
5.6636101e-05
5.5685647e-05
5.4715445e-05
5.372577e-05
5.2717008e-05
5.1689656e-05
5.0644346e-05
8.8645398e-05
8.8686709e-05
8.8726453e-05
8.8764589e-05
8.8801075e-05
8.883587e-05
8.886893e-05
8.8900211e-05
8.892967e-05
8.8957261e-05
8.8982937e-05
8.9006653e-05
8.902836e-05
8.9048009e-05
8.9065551e-05
8.9080935e-05
8.9094111e-05
8.9105024e-05
8.9113622e-05
8.9119851e-05
8.9123654e-05
8.9124976e-05
8.9123759e-05
8.9119944e-05
8.9113471e-05
8.9104279e-05
8.9092307e-05
8.9077491e-05
8.9059767e-05
8.9039068e-05
8.9015329e-05
8.898848e-05
8.8958453e-05
8.8925177e-05
8.8888579e-05
8.8848586e-05
8.8805123e-05
8.8758113e-05
8.8707478e-05
8.8653139e-05
8.8595014e-05
8.8533021e-05
8.8467076e-05
8.8397093e-05
8.8322983e-05
8.8244659e-05
8.8162028e-05
8.8074998e-05
8.7983475e-05
8.7887362e-05
8.7786561e-05
8.7680972e-05
8.7570493e-05
8.745502e-05
8.7334446e-05
8.7208663e-05
8.7077562e-05
8.6941029e-05
8.679895e-05
8.6651208e-05
8.6497683e-05
8.6338254e-05
8.6172796e-05
8.6001182e-05
8.5823284e-05
8.563897e-05
8.5448105e-05
8.5250552e-05
8.504617e-05
8.4834818e-05
8.4616349e-05
8.4390615e-05
8.4157465e-05
8.3916743e-05
8.3668291e-05
8.3411949e-05
8.3147552e-05
8.2874932e-05
8.2593918e-05
8.2304335e-05
8.2006005e-05
8.1698746e-05
8.1382371e-05
8.1056691e-05
8.0721512e-05
8.0376636e-05
8.0021861e-05
7.965698e-05
7.9281783e-05
7.8896053e-05
7.849957e-05
7.8092109e-05
7.767344e-05
7.7243328e-05
7.680153e-05
7.6347801e-05
7.5881887e-05
7.540353e-05
7.4912465e-05
7.4408418e-05
7.3891112e-05
7.3360259e-05
7.2815565e-05
7.2256727e-05
7.1683436e-05
7.1095373e-05
7.0492212e-05
6.987362e-05
6.9239254e-05
6.8588767e-05
6.7921806e-05
6.7238015e-05
6.6537036e-05
6.5818511e-05
6.5082086e-05
6.4327415e-05
6.3554166e-05
6.2762022e-05
6.195069e-05
6.1119906e-05
6.0269444e-05
5.9399122e-05
5.8508811e-05
5.7598445e-05
5.6668028e-05
5.5717646e-05
5.4747473e-05
5.3757783e-05
5.2748959e-05
5.1721498e-05
5.0676031e-05
8.866486e-05
8.8703971e-05
8.8741427e-05
8.8777188e-05
8.881121e-05
8.8843449e-05
8.8873861e-05
8.8902401e-05
8.8929022e-05
8.8953679e-05
8.8976322e-05
8.8996904e-05
8.9015375e-05
8.9031684e-05
8.9045781e-05
8.9057612e-05
8.9067124e-05
8.9074263e-05
8.9078974e-05
8.90812e-05
8.9080883e-05
8.9077965e-05
8.9072386e-05
8.9064086e-05
8.9053002e-05
8.9039071e-05
8.9022229e-05
8.900241e-05
8.8979547e-05
8.8953573e-05
8.8924417e-05
8.889201e-05
8.8856278e-05
8.8817149e-05
8.8774547e-05
8.8728396e-05
8.8678619e-05
8.8625135e-05
8.8567864e-05
8.8506723e-05
8.8441628e-05
8.8372493e-05
8.8299231e-05
8.8221751e-05
8.8139964e-05
8.8053777e-05
8.7963094e-05
8.786782e-05
8.7767856e-05
8.7663102e-05
8.7553457e-05
8.7438816e-05
8.7319072e-05
8.7194119e-05
8.7063845e-05
8.6928137e-05
8.6786882e-05
8.6639963e-05
8.6487258e-05
8.6328648e-05
8.6164008e-05
8.599321e-05
8.5816127e-05
8.5632625e-05
8.5442571e-05
8.5245826e-05
8.5042252e-05
8.4831705e-05
8.461404e-05
8.4389107e-05
8.4156755e-05
8.391683e-05
8.3669172e-05
8.3413622e-05
8.3150014e-05
8.287818e-05
8.259795e-05
8.2309147e-05
8.2011594e-05
8.1705108e-05
8.1389503e-05
8.1064588e-05
8.0730171e-05
8.0386052e-05
8.0032028e-05
7.9667894e-05
7.9293438e-05
7.8908443e-05
7.851269e-05
7.8105953e-05
7.7688e-05
7.7258596e-05
7.68175e-05
7.6364464e-05
7.5899235e-05
7.5421553e-05
7.4931154e-05
7.4427763e-05
7.3911101e-05
7.3380882e-05
7.2836809e-05
7.227858e-05
7.1705885e-05
7.1118403e-05
7.0515809e-05
6.9897767e-05
6.9263935e-05
6.8613966e-05
6.7947504e-05
6.7264193e-05
6.6563672e-05
6.5845584e-05
6.5109574e-05
6.4355295e-05
6.3582411e-05
6.2790606e-05
6.1979584e-05
6.1149081e-05
6.0298869e-05
5.9428764e-05
5.8538636e-05
5.7628417e-05
5.6698109e-05
5.5747796e-05
5.4777652e-05
5.3787949e-05
5.2779069e-05
5.1751506e-05
5.0705892e-05
8.8606514e-05
8.8646552e-05
8.8684931e-05
8.872161e-05
8.8756546e-05
8.8789694e-05
8.8821011e-05
8.8850452e-05
8.887797e-05
8.8903519e-05
8.8927051e-05
8.8948518e-05
8.896787e-05
8.8985057e-05
8.9000027e-05
8.9012728e-05
8.9023107e-05
8.9031109e-05
8.9036679e-05
8.9039761e-05
8.9040297e-05
8.903823e-05
8.9033498e-05
8.9026041e-05
8.9015798e-05
8.9002705e-05
8.8986699e-05
8.8967712e-05
8.894568e-05
8.8920533e-05
8.8892202e-05
8.8860617e-05
8.8825705e-05
8.8787393e-05
8.8745607e-05
8.8700269e-05
8.8651303e-05
8.8598628e-05
8.8542164e-05
8.8481828e-05
8.8417537e-05
8.8349203e-05
8.827674e-05
8.8200059e-05
8.8119068e-05
8.8033675e-05
8.7943785e-05
8.7849302e-05
8.7750128e-05
8.7646163e-05
8.7537304e-05
8.7423448e-05
8.7304489e-05
8.7180317e-05
8.7050824e-05
8.6915896e-05
8.6775419e-05
8.6629276e-05
8.6477347e-05
8.631951e-05
8.6155641e-05
8.5985614e-05
8.5809299e-05
8.5626565e-05
8.5437276e-05
8.5241295e-05
8.5038483e-05
8.4828696e-05
8.4611789e-05
8.4387612e-05
8.4156015e-05
8.3916841e-05
8.3669934e-05
8.3415131e-05
8.3152268e-05
8.2881176e-05
8.2601685e-05
8.2313619e-05
8.2016799e-05
8.1711042e-05
8.1396163e-05
8.1071971e-05
8.0738272e-05
8.0394867e-05
8.0041553e-05
7.9678124e-05
7.9304367e-05
7.8920067e-05
7.8525003e-05
7.8118948e-05
7.7701671e-05
7.7272937e-05
7.6832502e-05
7.6380121e-05
7.5915538e-05
7.5438494e-05
7.4948723e-05
7.4445952e-05
7.3929899e-05
7.3400277e-05
7.2856791e-05
7.2299138e-05
7.1727005e-05
7.1140072e-05
7.0538013e-05
6.9920492e-05
6.9287166e-05
6.8637684e-05
6.7971694e-05
6.7288836e-05
6.6588749e-05
6.5871075e-05
6.5135457e-05
6.4381548e-05
6.360901e-05
6.2817526e-05
6.2006798e-05
6.1176562e-05
6.0326587e-05
5.9456688e-05
5.8566733e-05
5.7656654e-05
5.672645e-05
5.5776204e-05
5.4806089e-05
5.3816375e-05
5.2807443e-05
5.1779787e-05
5.0734036e-05
8.8592177e-05
8.8631431e-05
8.8668981e-05
8.8704784e-05
8.8738795e-05
8.8770971e-05
8.8801267e-05
8.8829636e-05
8.8856031e-05
8.8880406e-05
8.8902712e-05
8.89229e-05
8.8940918e-05
8.8956716e-05
8.8970241e-05
8.8981441e-05
8.8990261e-05
8.8996646e-05
8.9000539e-05
8.9001884e-05
8.9000621e-05
8.8996691e-05
8.8990033e-05
8.8980587e-05
8.8968287e-05
8.8953071e-05
8.8934873e-05
8.8913625e-05
8.8889261e-05
8.8861711e-05
8.8830903e-05
8.8796767e-05
8.8759229e-05
8.8718213e-05
8.8673645e-05
8.8625445e-05
8.8573535e-05
8.8517834e-05
8.8458259e-05
8.8394726e-05
8.832715e-05
8.8255443e-05
8.8179516e-05
8.8099277e-05
8.8014635e-05
8.7925495e-05
8.783176e-05
8.7733332e-05
8.7630112e-05
8.7521997e-05
8.7408883e-05
8.7290664e-05
8.7167231e-05
8.7038475e-05
8.6904284e-05
8.6764541e-05
8.661913e-05
8.6467933e-05
8.6310826e-05
8.6147686e-05
8.5978386e-05
8.5802796e-05
8.5620786e-05
8.5432219e-05
8.5236959e-05
8.5034866e-05
8.4825796e-05
8.4609605e-05
8.4386142e-05
8.4155256e-05
8.3916792e-05
8.3670592e-05
8.3416494e-05
8.3154333e-05
8.2883942e-05
8.2605148e-05
8.2317776e-05
8.2021648e-05
8.171658e-05
8.1402386e-05
8.1078876e-05
8.0745854e-05
8.0403123e-05
8.0050479e-05
7.9687714e-05
7.9314618e-05
7.8930973e-05
7.8536558e-05
7.8131147e-05
7.7714509e-05
7.7286406e-05
7.6846596e-05
7.6394832e-05
7.5930859e-05
7.5454417e-05
7.496524e-05
7.4463052e-05
7.3947574e-05
7.3418517e-05
7.2875586e-05
7.2318475e-05
7.1746873e-05
7.1160459e-05
7.0558906e-05
6.9941876e-05
6.9309026e-05
6.8660007e-05
6.7994462e-05
6.7312032e-05
6.6612356e-05
6.5895072e-05
6.5159826e-05
6.4406266e-05
6.3634055e-05
6.2842874e-05
6.2032425e-05
6.1202441e-05
6.035269e-05
5.9482987e-05
5.8593197e-05
5.768325e-05
5.6753146e-05
5.5802965e-05
5.4832878e-05
5.3843155e-05
5.2834175e-05
5.1806431e-05
5.0760551e-05
8.8540712e-05
8.8580798e-05
8.8619176e-05
8.8655801e-05
8.8690631e-05
8.8723622e-05
8.8754728e-05
8.8783904e-05
8.8811102e-05
8.8836276e-05
8.8859377e-05
8.8880356e-05
8.8899163e-05
8.8915745e-05
8.8930052e-05
8.8942029e-05
8.8951624e-05
8.8958779e-05
8.8963441e-05
8.896555e-05
8.8965049e-05
8.8961878e-05
8.8955977e-05
8.8947283e-05
8.8935734e-05
8.8921266e-05
8.8903813e-05
8.8883309e-05
8.8859685e-05
8.8832872e-05
8.88028e-05
8.8769397e-05
8.873259e-05
8.8692303e-05
8.8648461e-05
8.8600986e-05
8.8549799e-05
8.8494819e-05
8.8435963e-05
8.8373147e-05
8.8306287e-05
8.8235293e-05
8.8160078e-05
8.808055e-05
8.7996617e-05
8.7908184e-05
8.7815154e-05
8.7717431e-05
8.7614914e-05
8.75075e-05
8.7395085e-05
8.7277565e-05
8.715483e-05
8.702677e-05
8.6893272e-05
8.6754222e-05
8.6609503e-05
8.6458996e-05
8.6302578e-05
8.6140125e-05
8.5971511e-05
8.5796606e-05
8.5615279e-05
8.5427394e-05
8.5232814e-05
8.5031399e-05
8.4823006e-05
8.460749e-05
8.43847e-05
8.4154485e-05
8.3916691e-05
8.3671158e-05
8.3417725e-05
8.3156227e-05
8.2886497e-05
8.2608361e-05
8.2321644e-05
8.2026169e-05
8.172175e-05
8.1408203e-05
8.1085335e-05
8.0752953e-05
8.0410857e-05
8.0058845e-05
7.9696708e-05
7.9324234e-05
7.8941208e-05
7.8547406e-05
7.8142603e-05
7.7726566e-05
7.7299059e-05
7.6859839e-05
7.6408657e-05
7.594526e-05
7.5469386e-05
7.4980768e-05
7.4479133e-05
7.3964197e-05
7.3435673e-05
7.2893265e-05
7.2336666e-05
7.1765566e-05
7.1179642e-05
7.0578566e-05
6.9962e-05
6.9329601e-05
6.8681018e-05
6.8015893e-05
6.7333868e-05
6.6634579e-05
6.5917666e-05
6.5182769e-05
6.442954e-05
6.3657639e-05
6.2866745e-05
6.205656e-05
6.1226815e-05
6.0377277e-05
5.9507759e-05
5.8618126e-05
5.7708305e-05
5.6778296e-05
5.5828177e-05
5.4858117e-05
5.3868387e-05
5.2859362e-05
5.1831537e-05
5.0785538e-05
8.849201e-05
8.8532886e-05
8.8572048e-05
8.8609454e-05
8.8645061e-05
8.8678824e-05
8.8710698e-05
8.8740639e-05
8.8768598e-05
8.8794529e-05
8.8818384e-05
8.8840113e-05
8.8859666e-05
8.8876991e-05
8.8892037e-05
8.8904751e-05
8.8915079e-05
8.8922965e-05
8.8928353e-05
8.8931186e-05
8.8931406e-05
8.8928954e-05
8.8923768e-05
8.8915787e-05
8.8904948e-05
8.8891187e-05
8.8874439e-05
8.8854637e-05
8.8831713e-05
8.8805598e-05
8.8776222e-05
8.8743512e-05
8.8707396e-05
8.8667798e-05
8.8624643e-05
8.8577853e-05
8.8527349e-05
8.8473049e-05
8.8414873e-05
8.8352735e-05
8.828655e-05
8.821623e-05
8.8141687e-05
8.806283e-05
8.7979566e-05
8.7891801e-05
8.7799438e-05
8.770238e-05
8.7600526e-05
8.7493774e-05
8.738202e-05
8.7265159e-05
8.7143082e-05
8.7015678e-05
8.6882836e-05
8.674444e-05
8.6600374e-05
8.6450518e-05
8.629475e-05
8.6132946e-05
8.5964979e-05
8.579072e-05
8.5610036e-05
8.5422794e-05
8.5228856e-05
8.5028081e-05
8.4820327e-05
8.4605447e-05
8.4383292e-05
8.4153711e-05
8.3916548e-05
8.3671644e-05
8.3418839e-05
8.3157967e-05
8.2888859e-05
8.2611343e-05
8.2325245e-05
8.2030385e-05
8.1726579e-05
8.1413641e-05
8.109138e-05
8.0759601e-05
8.0418105e-05
8.0066688e-05
7.9705143e-05
7.9333257e-05
7.8950813e-05
7.855759e-05
7.815336e-05
7.7737891e-05
7.7310946e-05
7.6872282e-05
7.6421651e-05
7.5958796e-05
7.5483458e-05
7.4995369e-05
7.4494253e-05
7.397983e-05
7.3451809e-05
7.2909894e-05
7.2353779e-05
7.1783152e-05
7.119769e-05
7.0597064e-05
6.9980937e-05
6.9348964e-05
6.8700792e-05
6.8036065e-05
6.7354422e-05
6.6655499e-05
6.5938935e-05
6.520437e-05
6.4451453e-05
6.3679845e-05
6.2889223e-05
6.2079287e-05
6.1249768e-05
6.0400431e-05
5.9531088e-05
5.8641604e-05
5.7731903e-05
5.6801984e-05
5.5851925e-05
5.4881892e-05
5.3892156e-05
5.2883091e-05
5.185519e-05
5.0809078e-05
8.8445942e-05
8.8487566e-05
8.8527472e-05
8.8565618e-05
8.8601961e-05
8.8636456e-05
8.8669059e-05
8.8699723e-05
8.8728404e-05
8.8755052e-05
8.8779621e-05
8.880206e-05
8.8822319e-05
8.8840348e-05
8.8856095e-05
8.8869506e-05
8.8880527e-05
8.8889104e-05
8.889518e-05
8.8898698e-05
8.88996e-05
8.8897827e-05
8.8893318e-05
8.8886011e-05
8.8875843e-05
8.8862751e-05
8.8846669e-05
8.8827531e-05
8.8805269e-05
8.8779813e-05
8.8751094e-05
8.8719039e-05
8.8683576e-05
8.8644629e-05
8.8602123e-05
8.855598e-05
8.8506121e-05
8.8452465e-05
8.839493e-05
8.8333432e-05
8.8267885e-05
8.8198202e-05
8.8124294e-05
8.804607e-05
8.7963438e-05
8.7876303e-05
8.7784569e-05
8.7688138e-05
8.758691e-05
8.7480783e-05
8.7369653e-05
8.7253414e-05
8.7131957e-05
8.7005173e-05
8.6872949e-05
8.6735171e-05
8.659172e-05
8.6442478e-05
8.6287323e-05
8.6126131e-05
8.5958775e-05
8.5785125e-05
8.560505e-05
8.5418414e-05
8.5225081e-05
8.502491e-05
8.4817757e-05
8.4603478e-05
8.4381922e-05
8.4152938e-05
8.3916371e-05
8.3672061e-05
8.3419847e-05
8.3159564e-05
8.2891044e-05
8.2614114e-05
8.2328599e-05
8.2034319e-05
8.1731091e-05
8.1418728e-05
8.1097038e-05
8.0765828e-05
8.0424897e-05
8.0074043e-05
7.9713056e-05
7.9341724e-05
7.895983e-05
7.8567152e-05
7.8163462e-05
7.7748529e-05
7.7322114e-05
7.6883975e-05
7.6433862e-05
7.597152e-05
7.5496688e-05
7.5009097e-05
7.4508472e-05
7.3994531e-05
7.3466985e-05
7.2925536e-05
7.2369878e-05
7.1799697e-05
7.1214671e-05
7.0614471e-05
6.9998758e-05
6.9367185e-05
6.8719402e-05
6.8055051e-05
6.7373768e-05
6.6675191e-05
6.5958957e-05
6.5224705e-05
6.4472083e-05
6.3700752e-05
6.2910386e-05
6.2100687e-05
6.1271381e-05
6.0422235e-05
5.9553059e-05
5.8663715e-05
5.7754129e-05
5.6824296e-05
5.5874293e-05
5.4904287e-05
5.3914545e-05
5.2905443e-05
5.1877471e-05
5.0831255e-05
8.8402378e-05
8.8444711e-05
8.8485322e-05
8.8524169e-05
8.8561209e-05
8.8596398e-05
8.8629691e-05
8.8661042e-05
8.8690405e-05
8.8717733e-05
8.8742977e-05
8.8766088e-05
8.8787016e-05
8.8805711e-05
8.882212e-05
8.8836191e-05
8.8847869e-05
8.8857099e-05
8.8863826e-05
8.8867992e-05
8.8869539e-05
8.8868408e-05
8.8864539e-05
8.8857869e-05
8.8848336e-05
8.8835876e-05
8.8820424e-05
8.8801913e-05
8.8780276e-05
8.8755444e-05
8.8727346e-05
8.869591e-05
8.8661063e-05
8.8622731e-05
8.8580838e-05
8.8535306e-05
8.8486056e-05
8.8433007e-05
8.8376078e-05
8.8315184e-05
8.8250239e-05
8.8181157e-05
8.8107849e-05
8.8030223e-05
8.7948187e-05
8.7861647e-05
8.7770507e-05
8.7674668e-05
8.7574031e-05
8.7468493e-05
8.7357951e-05
8.7242299e-05
8.7121428e-05
8.6995229e-05
8.6863588e-05
8.6726391e-05
8.6583521e-05
8.6434859e-05
8.6280283e-05
8.6119668e-05
8.5952887e-05
8.5779812e-05
8.560031e-05
8.5414246e-05
8.5221484e-05
8.5021882e-05
8.4815297e-05
8.4601584e-05
8.4380593e-05
8.4152172e-05
8.3916166e-05
8.3672416e-05
8.342076e-05
8.3161034e-05
8.2893067e-05
8.2616689e-05
8.2331724e-05
8.2037991e-05
8.1735307e-05
8.1423486e-05
8.1102337e-05
8.0771663e-05
8.0431265e-05
8.008094e-05
7.9720479e-05
7.934967e-05
7.8968295e-05
7.8576131e-05
7.8172951e-05
7.7758523e-05
7.7332609e-05
7.6894964e-05
7.644534e-05
7.5983481e-05
7.5509125e-05
7.5022005e-05
7.4521843e-05
7.4008358e-05
7.348126e-05
7.294025e-05
7.2385022e-05
7.1815263e-05
7.1230649e-05
7.063085e-05
7.0015527e-05
6.9384334e-05
6.8736917e-05
6.807292e-05
6.7391978e-05
6.6693728e-05
6.5977805e-05
6.5243849e-05
6.4491506e-05
6.3720436e-05
6.2930313e-05
6.2120836e-05
6.1291733e-05
6.0442768e-05
5.9573749e-05
5.8684539e-05
5.7775061e-05
5.6845309e-05
5.589536e-05
5.492538e-05
5.3935634e-05
5.2926498e-05
5.189846e-05
5.0852146e-05
8.8361194e-05
8.8404199e-05
8.8445478e-05
8.848499e-05
8.852269e-05
8.8558536e-05
8.8592482e-05
8.8624482e-05
8.8654492e-05
8.8682462e-05
8.8708346e-05
8.8732093e-05
8.8753655e-05
8.877298e-05
8.8790016e-05
8.880471e-05
8.8817009e-05
8.8826857e-05
8.8834199e-05
8.8838978e-05
8.8841135e-05
8.8840611e-05
8.8837346e-05
8.8831279e-05
8.8822346e-05
8.8810483e-05
8.8795626e-05
8.8777708e-05
8.8756662e-05
8.8732418e-05
8.8704906e-05
8.8674055e-05
8.8639791e-05
8.8602039e-05
8.8560725e-05
8.851577e-05
8.8467095e-05
8.841462e-05
8.8358262e-05
8.8297938e-05
8.8233563e-05
8.8165048e-05
8.8092305e-05
8.8015243e-05
8.793377e-05
8.7847791e-05
8.7757211e-05
8.7661931e-05
8.7561851e-05
8.745687e-05
8.7346883e-05
8.7231784e-05
8.7111466e-05
8.6985818e-05
8.6854727e-05
8.6718079e-05
8.6575757e-05
8.6427642e-05
8.6273611e-05
8.611354e-05
8.5947302e-05
8.5774769e-05
8.5595808e-05
8.5410283e-05
8.5218059e-05
8.5018994e-05
8.4812944e-05
8.4599765e-05
8.4379307e-05
8.4151417e-05
8.391594e-05
8.3672718e-05
8.3421588e-05
8.3162386e-05
8.2894942e-05
8.2619084e-05
8.2334637e-05
8.204142e-05
8.173925e-05
8.142794e-05
8.1107299e-05
8.0777131e-05
8.0437236e-05
8.008741e-05
7.9727446e-05
7.9357129e-05
7.8976242e-05
7.8584564e-05
7.8181865e-05
7.7767913e-05
7.734247e-05
7.6905292e-05
7.6456129e-05
7.5994726e-05
7.552082e-05
7.5034142e-05
7.4534417e-05
7.4021362e-05
7.3494686e-05
7.295409e-05
7.2399269e-05
7.1829907e-05
7.1245682e-05
7.0646261e-05
7.0031307e-05
6.9400471e-05
6.8753401e-05
6.8089738e-05
6.7409118e-05
6.6711176e-05
6.5995547e-05
6.526187e-05
6.4509791e-05
6.3738967e-05
6.2949074e-05
6.2139808e-05
6.1310896e-05
6.0462102e-05
5.9593232e-05
5.8704148e-05
5.7794773e-05
5.6865099e-05
5.5915202e-05
5.4945247e-05
5.3955498e-05
5.2946329e-05
5.191823e-05
5.0871824e-05
8.832227e-05
8.8365911e-05
8.8407824e-05
8.8447964e-05
8.848629e-05
8.8522757e-05
8.8557322e-05
8.8589938e-05
8.8620558e-05
8.8649137e-05
8.8675626e-05
8.8699975e-05
8.8722136e-05
8.8742056e-05
8.8759685e-05
8.877497e-05
8.8787856e-05
8.8798288e-05
8.8806212e-05
8.881157e-05
8.8814303e-05
8.8814353e-05
8.881166e-05
8.8806161e-05
8.8797795e-05
8.8786497e-05
8.8772202e-05
8.8754844e-05
8.8734356e-05
8.8710667e-05
8.8683709e-05
8.865341e-05
8.8619696e-05
8.8582493e-05
8.8541724e-05
8.8497314e-05
8.8449182e-05
8.8397248e-05
8.8341431e-05
8.8281645e-05
8.8217806e-05
8.8149826e-05
8.8077617e-05
8.8001087e-05
8.7920145e-05
8.7834696e-05
8.7744644e-05
8.7649891e-05
8.7550337e-05
8.7445881e-05
8.7336417e-05
8.7221841e-05
8.7102043e-05
8.6976915e-05
8.6846343e-05
8.6710213e-05
8.6568408e-05
8.6420807e-05
8.6267291e-05
8.6107733e-05
8.5942008e-05
8.5769985e-05
8.5591534e-05
8.5406518e-05
8.5214801e-05
8.5016242e-05
8.4810697e-05
8.4598021e-05
8.4378065e-05
8.4150676e-05
8.3915698e-05
8.3672974e-05
8.342234e-05
8.3163632e-05
8.289668e-05
8.2621313e-05
8.2337354e-05
8.2044623e-05
8.1742938e-05
8.143211e-05
8.1111947e-05
8.0782256e-05
8.0442835e-05
8.009348e-05
7.9733983e-05
7.9364131e-05
7.8983706e-05
7.8592484e-05
7.8190238e-05
7.7776736e-05
7.7351737e-05
7.6914999e-05
7.6466271e-05
7.6005297e-05
7.5531815e-05
7.5045556e-05
7.4546243e-05
7.4033593e-05
7.3507315e-05
7.296711e-05
7.2412672e-05
7.1843685e-05
7.1259826e-05
7.0660763e-05
7.0046156e-05
6.9415658e-05
6.8768915e-05
6.8105567e-05
6.742525e-05
6.6727599e-05
6.6012248e-05
6.5278834e-05
6.4527004e-05
6.3756414e-05
6.2966737e-05
6.215767e-05
6.1328939e-05
6.0480306e-05
5.9611578e-05
5.8722614e-05
5.7813335e-05
5.6883736e-05
5.5933888e-05
5.4963957e-05
5.3974206e-05
5.2965008e-05
5.1936851e-05
5.0890359e-05
8.8285493e-05
8.8329737e-05
8.8372248e-05
8.8412984e-05
8.8451902e-05
8.8488958e-05
8.8524107e-05
8.8557305e-05
8.8588504e-05
8.8617658e-05
8.8644719e-05
8.8669638e-05
8.8692365e-05
8.8712849e-05
8.8731038e-05
8.874688e-05
8.8760321e-05
8.8771306e-05
8.877978e-05
8.8785684e-05
8.8788962e-05
8.8789555e-05
8.8787401e-05
8.878244e-05
8.8774609e-05
8.8763844e-05
8.875008e-05
8.8733251e-05
8.871329e-05
8.8690126e-05
8.8663691e-05
8.8633913e-05
8.8600718e-05
8.8564032e-05
8.852378e-05
8.8479883e-05
8.8432264e-05
8.8380841e-05
8.8325532e-05
8.8266254e-05
8.8202921e-05
8.8135447e-05
8.8063741e-05
8.7987714e-05
8.7907273e-05
8.7822323e-05
8.773277e-05
8.7638514e-05
8.7539456e-05
8.7435494e-05
8.7326524e-05
8.721244e-05
8.7093134e-05
8.6968496e-05
8.6838414e-05
8.6702772e-05
8.6561453e-05
8.6414339e-05
8.6261307e-05
8.6102233e-05
8.5936991e-05
8.576545e-05
8.5587479e-05
8.5402943e-05
8.5211704e-05
8.5013621e-05
8.4808553e-05
8.4596352e-05
8.4376869e-05
8.4149951e-05
8.3915444e-05
8.3673189e-05
8.3423022e-05
8.316478e-05
8.2898292e-05
8.2623387e-05
8.2339889e-05
8.2047617e-05
8.1746388e-05
8.1436014e-05
8.1116303e-05
8.0787061e-05
8.0448087e-05
8.0099176e-05
7.974012e-05
7.9370706e-05
7.8990715e-05
7.8599924e-05
7.8198106e-05
7.7785026e-05
7.7360447e-05
7.6924123e-05
7.6475805e-05
7.6015237e-05
7.5542154e-05
7.5056289e-05
7.4557364e-05
7.4045096e-05
7.3519194e-05
7.2979358e-05
7.2425281e-05
7.1856648e-05
7.1273134e-05
7.0674408e-05
7.0060129e-05
6.9429949e-05
6.8783514e-05
6.8120464e-05
6.7440433e-05
6.6743057e-05
6.6027968e-05
6.5294803e-05
6.4543208e-05
6.3772837e-05
6.2983365e-05
6.2174487e-05
6.1345927e-05
6.0497447e-05
5.9628852e-05
5.8740001e-05
5.7830815e-05
5.6901285e-05
5.5951485e-05
5.4981577e-05
5.3991824e-05
5.2982599e-05
5.1954389e-05
5.0907817e-05
8.8250752e-05
8.8295566e-05
8.8338644e-05
8.8379944e-05
8.8419421e-05
8.8457034e-05
8.8492737e-05
8.8526485e-05
8.8558232e-05
8.858793e-05
8.8615532e-05
8.8640989e-05
8.8664252e-05
8.8685268e-05
8.8703987e-05
8.8720356e-05
8.8734322e-05
8.8745829e-05
8.8754822e-05
8.8761243e-05
8.8765036e-05
8.876614e-05
8.8764496e-05
8.8760043e-05
8.8752717e-05
8.8742456e-05
8.8729194e-05
8.8712864e-05
8.86934e-05
8.8670732e-05
8.864479e-05
8.8615503e-05
8.8582799e-05
8.8546601e-05
8.8506836e-05
8.8463424e-05
8.8416288e-05
8.8365347e-05
8.8310519e-05
8.825172e-05
8.8188865e-05
8.8121867e-05
8.8050636e-05
8.7975083e-05
8.7895114e-05
8.7810636e-05
8.7721552e-05
8.7627765e-05
8.7529175e-05
8.7425679e-05
8.7317175e-05
8.7203556e-05
8.7084713e-05
8.6960537e-05
8.6830916e-05
8.6695734e-05
8.6554875e-05
8.6408219e-05
8.6255644e-05
8.6097027e-05
8.5932239e-05
8.5761152e-05
8.5583634e-05
8.539955e-05
8.5208762e-05
8.5011129e-05
8.4806509e-05
8.4594755e-05
8.4375718e-05
8.4149246e-05
8.3915182e-05
8.3673368e-05
8.3423643e-05
8.3165839e-05
8.2899789e-05
8.262532e-05
8.2342255e-05
8.2050415e-05
8.1749616e-05
8.143967e-05
8.1120386e-05
8.0791567e-05
8.0453014e-05
8.0104521e-05
7.9745881e-05
7.9376879e-05
7.8997298e-05
7.8606913e-05
7.8205498e-05
7.7792817e-05
7.7368633e-05
7.69327e-05
7.6484769e-05
7.6024582e-05
7.5551876e-05
7.5066383e-05
7.4567824e-05
7.4055917e-05
7.3530368e-05
7.299088e-05
7.2437144e-05
7.1868844e-05
7.1285656e-05
7.0687247e-05
7.0073277e-05
6.9443398e-05
6.8797253e-05
6.8134484e-05
6.7454724e-05
6.6757606e-05
6.6042764e-05
6.5309835e-05
6.4558461e-05
6.3788299e-05
6.299902e-05
6.2190319e-05
6.136192e-05
6.0513584e-05
5.9645116e-05
5.8756372e-05
5.7847274e-05
5.6917811e-05
5.5968055e-05
5.499817e-05
5.4008416e-05
5.2999164e-05
5.197091e-05
8.8217942e-05
8.8263296e-05
8.830691e-05
8.8348743e-05
8.8388751e-05
8.842689e-05
8.8463116e-05
8.8497385e-05
8.8529649e-05
8.8559862e-05
8.8587976e-05
8.8613941e-05
8.8637709e-05
8.8659229e-05
8.8678449e-05
8.8695316e-05
8.8709777e-05
8.8721777e-05
8.873126e-05
8.873817e-05
8.8742449e-05
8.8744037e-05
8.8742875e-05
8.8738901e-05
8.8732052e-05
8.8722266e-05
8.8709477e-05
8.8693619e-05
8.8674624e-05
8.8652424e-05
8.8626948e-05
8.8598125e-05
8.8565883e-05
8.8530146e-05
8.849084e-05
8.8447886e-05
8.8401206e-05
8.835072e-05
8.8296345e-05
8.8237998e-05
8.8175594e-05
8.8109045e-05
8.8038262e-05
8.7963155e-05
8.7883632e-05
8.7799598e-05
8.7710958e-05
8.7617613e-05
8.7519464e-05
8.7416408e-05
8.7308343e-05
8.7195161e-05
8.7076755e-05
8.6953015e-05
8.6823829e-05
8.6689081e-05
8.6548655e-05
8.640243e-05
8.6250287e-05
8.6092099e-05
8.592774e-05
8.5757082e-05
8.557999e-05
8.5396332e-05
8.5205969e-05
8.500876e-05
8.4804563e-05
8.459323e-05
8.4374614e-05
8.414856e-05
8.3914915e-05
8.3673517e-05
8.3424207e-05
8.3166817e-05
8.2901179e-05
8.2627121e-05
8.2344465e-05
8.2053033e-05
8.1752639e-05
8.1443096e-05
8.1124213e-05
8.0795793e-05
8.0457637e-05
8.0109539e-05
7.975129e-05
7.9382677e-05
7.9003482e-05
7.861348e-05
7.8212444e-05
7.7800139e-05
7.7376327e-05
7.6940763e-05
7.6493196e-05
7.6033369e-05
7.5561019e-05
7.5075875e-05
7.4577662e-05
7.4066094e-05
7.3540879e-05
7.3001719e-05
7.2448304e-05
7.1880318e-05
7.1297437e-05
7.0699328e-05
7.008565e-05
6.9456053e-05
6.8810183e-05
6.8147679e-05
6.7468173e-05
6.67713e-05
6.6056692e-05
6.5323984e-05
6.4572819e-05
6.3802853e-05
6.3013756e-05
6.2205224e-05
6.1376978e-05
6.0528778e-05
5.9660429e-05
5.8771787e-05
5.7862771e-05
5.6933371e-05
5.5983659e-05
5.5013794e-05
5.402404e-05
5.3014766e-05
5.1986465e-05
8.8186964e-05
8.8232828e-05
8.8276949e-05
8.8319286e-05
8.8359795e-05
8.8398432e-05
8.8435153e-05
8.8469914e-05
8.8502667e-05
8.8533366e-05
8.8561963e-05
8.8588409e-05
8.8612656e-05
8.8634651e-05
8.8654344e-05
8.8671681e-05
8.868661e-05
8.8699076e-05
8.8709023e-05
8.8716394e-05
8.8721131e-05
8.8723176e-05
8.8722468e-05
8.8718947e-05
8.8712549e-05
8.8703211e-05
8.8690869e-05
8.8675455e-05
8.8656903e-05
8.8635144e-05
8.8610108e-05
8.8581724e-05
8.8549918e-05
8.8514616e-05
8.8475743e-05
8.8433221e-05
8.8386971e-05
8.8336914e-05
8.8282967e-05
8.8225046e-05
8.8163066e-05
8.8096941e-05
8.802658e-05
8.7951895e-05
8.7872792e-05
8.7789177e-05
8.7700954e-05
8.7608026e-05
8.7510293e-05
8.7407652e-05
8.73e-05
8.7187232e-05
8.7069238e-05
8.6945909e-05
8.6817132e-05
8.6682793e-05
8.6542775e-05
8.6396958e-05
8.624522e-05
8.6087437e-05
8.5923483e-05
8.5753228e-05
8.5576539e-05
8.5393282e-05
8.5203319e-05
8.500651e-05
8.4802711e-05
8.4591776e-05
8.4373555e-05
8.4147897e-05
8.3914645e-05
8.367364e-05
8.3424721e-05
8.3167721e-05
8.2902472e-05
8.26288e-05
8.234653e-05
8.2055481e-05
8.1755469e-05
8.1446307e-05
8.1127802e-05
8.0799758e-05
8.0461975e-05
8.0114249e-05
7.9756369e-05
7.9388123e-05
7.9009291e-05
7.861965e-05
7.8218971e-05
7.7807021e-05
7.738356e-05
7.6948343e-05
7.6501119e-05
7.6041631e-05
7.5569616e-05
7.5084803e-05
7.4586914e-05
7.4075667e-05
7.3550767e-05
7.3011915e-05
7.2458803e-05
7.1891114e-05
7.1308522e-05
7.0710696e-05
7.0097292e-05
6.9467963e-05
6.8822351e-05
6.8160096e-05
6.7480831e-05
6.6784189e-05
6.60698e-05
6.5337301e-05
6.4586334e-05
6.3816553e-05
6.3027629e-05
6.2219255e-05
6.1391153e-05
6.0543082e-05
5.9674845e-05
5.8786299e-05
5.7877362e-05
5.6948022e-05
5.599835e-05
5.5028507e-05
5.4038751e-05
5.3029461e-05
8.815772e-05
8.8204067e-05
8.8248668e-05
8.8291481e-05
8.8332463e-05
8.8371571e-05
8.840876e-05
8.8443985e-05
8.8477201e-05
8.8508359e-05
8.8537413e-05
8.8564314e-05
8.8589012e-05
8.8611456e-05
8.8631595e-05
8.8649377e-05
8.8664748e-05
8.8677654e-05
8.8688038e-05
8.8695844e-05
8.8701015e-05
8.8703491e-05
8.8703212e-05
8.8700118e-05
8.8694145e-05
8.8685231e-05
8.867331e-05
8.8658316e-05
8.8640182e-05
8.861884e-05
8.8594218e-05
8.8566247e-05
8.8534852e-05
8.849996e-05
8.8461496e-05
8.8419381e-05
8.8373537e-05
8.8323885e-05
8.8270341e-05
8.8212822e-05
8.8151243e-05
8.8085517e-05
8.8015555e-05
8.7941266e-05
8.7862559e-05
8.777934e-05
8.7691511e-05
8.7598976e-05
8.7501635e-05
8.7399385e-05
8.7292123e-05
8.7179743e-05
8.7062137e-05
8.6939196e-05
8.6810805e-05
8.6676852e-05
8.6537218e-05
8.6391784e-05
8.624043e-05
8.6083029e-05
8.5919456e-05
8.574958e-05
8.5573271e-05
8.5390392e-05
8.5200806e-05
8.5004373e-05
8.480095e-05
8.4590389e-05
8.4372542e-05
8.4147256e-05
8.3914375e-05
8.367374e-05
8.3425189e-05
8.3168557e-05
8.2903674e-05
8.2630367e-05
8.2348459e-05
8.2057772e-05
8.175812e-05
8.1449316e-05
8.1131167e-05
8.0803478e-05
8.0466047e-05
8.0118671e-05
7.9761139e-05
7.9393238e-05
7.9014749e-05
7.8625448e-05
7.8225106e-05
7.781349e-05
7.739036e-05
7.695547e-05
7.6508569e-05
7.6049401e-05
7.5577701e-05
7.5093199e-05
7.4595617e-05
7.4084671e-05
7.3560068e-05
7.3021507e-05
7.246868e-05
7.1901271e-05
7.1318952e-05
7.0721392e-05
7.0108248e-05
6.947917e-05
6.8833802e-05
6.8171783e-05
6.7492745e-05
6.6796319e-05
6.6082138e-05
6.5349836e-05
6.4599056e-05
6.3829449e-05
6.3040688e-05
6.2232463e-05
6.1404497e-05
6.0556548e-05
5.9688418e-05
5.8799963e-05
5.7891099e-05
5.6961816e-05
5.6012183e-05
5.504236e-05
5.4052605e-05
5.3043294e-05
8.8130119e-05
8.8176922e-05
8.8221977e-05
8.826524e-05
8.830667e-05
8.8346223e-05
8.8383854e-05
8.8419518e-05
8.845317e-05
8.8484762e-05
8.8514248e-05
8.8541578e-05
8.8566702e-05
8.858957e-05
8.8610132e-05
8.8628333e-05
8.8644121e-05
8.8657442e-05
8.8668239e-05
8.8676456e-05
8.8682035e-05
8.8684918e-05
8.8685045e-05
8.8682353e-05
8.8676782e-05
8.8668267e-05
8.8656744e-05
8.8642146e-05
8.8624407e-05
8.8603457e-05
8.8579227e-05
8.8551645e-05
8.8520639e-05
8.8486134e-05
8.8448054e-05
8.8406324e-05
8.8360863e-05
8.8311591e-05
8.8258427e-05
8.8201287e-05
8.8140086e-05
8.8074737e-05
8.800515e-05
8.7931237e-05
8.7852903e-05
8.7770056e-05
8.7682599e-05
8.7590434e-05
8.7493462e-05
8.739158e-05
8.7284686e-05
8.7172673e-05
8.7055433e-05
8.6932856e-05
8.680483e-05
8.667124e-05
8.6531968e-05
8.6386896e-05
8.6235902e-05
8.6078861e-05
8.5915647e-05
8.574613e-05
8.5570177e-05
8.5387655e-05
8.5198425e-05
8.5002346e-05
8.4799276e-05
8.4589068e-05
8.4371573e-05
8.4146637e-05
8.3914106e-05
8.367382e-05
8.3425617e-05
8.316933e-05
8.2904792e-05
8.2631828e-05
8.2350263e-05
8.2059916e-05
8.1760604e-05
8.1452137e-05
8.1134324e-05
8.0806968e-05
8.0469869e-05
8.0122823e-05
7.9765619e-05
7.9398043e-05
7.9019877e-05
7.8630896e-05
7.8230872e-05
7.7819571e-05
7.7396752e-05
7.696217e-05
7.6515575e-05
7.6056707e-05
7.5585305e-05
7.5101096e-05
7.4603803e-05
7.4093141e-05
7.3568817e-05
7.3030531e-05
7.2477973e-05
7.1910827e-05
7.1328766e-05
7.0731457e-05
7.0118557e-05
6.9489716e-05
6.8844578e-05
6.8182781e-05
6.7503956e-05
6.6807736e-05
6.6093751e-05
6.5361635e-05
6.461103e-05
6.3841588e-05
6.305298e-05
6.2244896e-05
6.1417059e-05
6.0569225e-05
5.9701195e-05
5.8812826e-05
5.7904033e-05
5.6974804e-05
5.6025207e-05
5.5055403e-05
5.4065648e-05
5.3056319e-05
8.8104074e-05
8.8151308e-05
8.8196791e-05
8.8240481e-05
8.8282333e-05
8.8322306e-05
8.8360354e-05
8.8396434e-05
8.8430498e-05
8.84625e-05
8.8492393e-05
8.8520128e-05
8.8545655e-05
8.8568924e-05
8.8589883e-05
8.8608481e-05
8.8624663e-05
8.8638375e-05
8.8649562e-05
8.8658167e-05
8.8664132e-05
8.8667399e-05
8.8667907e-05
8.8665596e-05
8.8660404e-05
8.8652266e-05
8.8641117e-05
8.8626893e-05
8.8609526e-05
8.8588947e-05
8.8565085e-05
8.8537871e-05
8.8507231e-05
8.847309e-05
8.8435375e-05
8.8394006e-05
8.8348906e-05
8.8299994e-05
8.8247189e-05
8.8190406e-05
8.8129561e-05
8.8064567e-05
8.7995334e-05
8.7921773e-05
8.7843792e-05
8.7761295e-05
8.7674188e-05
8.7582373e-05
8.7485749e-05
8.7384215e-05
8.7277667e-05
8.7165999e-05
8.7049104e-05
8.6926871e-05
8.6799188e-05
8.666594e-05
8.652701e-05
8.6382279e-05
8.6231624e-05
8.6074922e-05
8.5912046e-05
8.5742867e-05
8.5567251e-05
8.5385064e-05
8.5196169e-05
8.5000425e-05
8.4797688e-05
8.4587812e-05
8.4370648e-05
8.4146043e-05
8.3913841e-05
8.3673883e-05
8.3426007e-05
8.3170047e-05
8.2905833e-05
8.2633193e-05
8.235195e-05
8.2061924e-05
8.1762931e-05
8.1454782e-05
8.1137285e-05
8.0810244e-05
8.0473458e-05
8.0126722e-05
7.9769827e-05
7.9402558e-05
7.9024695e-05
7.8636017e-05
7.8236292e-05
7.7825287e-05
7.7402761e-05
7.696847e-05
7.6522162e-05
7.6063578e-05
7.5592456e-05
7.5108523e-05
7.4611503e-05
7.4101109e-05
7.3577048e-05
7.303902e-05
7.2486716e-05
7.1919818e-05
7.1337999e-05
7.0740927e-05
7.0128257e-05
6.949964e-05
6.8854719e-05
6.8193131e-05
6.7514508e-05
6.6818481e-05
6.610468e-05
6.537274e-05
6.46223e-05
6.3853014e-05
6.3064551e-05
6.22566e-05
6.1428884e-05
6.0581158e-05
5.9713224e-05
5.8824936e-05
5.7916209e-05
5.6987031e-05
5.6037469e-05
5.5067683e-05
5.4077929e-05
5.3068583e-05
8.8079501e-05
8.8127143e-05
8.8173031e-05
8.8217122e-05
8.8259374e-05
8.8299743e-05
8.8338186e-05
8.8374657e-05
8.8409111e-05
8.84415e-05
8.8471778e-05
8.8499895e-05
8.8525802e-05
8.8549449e-05
8.8570784e-05
8.8589756e-05
8.8606309e-05
8.8620391e-05
8.8631946e-05
8.8640917e-05
8.8647246e-05
8.8650875e-05
8.8651744e-05
8.8649792e-05
8.8644956e-05
8.8637174e-05
8.862638e-05
8.8612508e-05
8.8595491e-05
8.8575261e-05
8.8551748e-05
8.852488e-05
8.8494585e-05
8.8460789e-05
8.8423415e-05
8.8382388e-05
8.8337628e-05
8.8289055e-05
8.8236588e-05
8.8180142e-05
8.8119633e-05
8.8054973e-05
8.7986074e-05
8.7912846e-05
8.7835196e-05
8.7753031e-05
8.7666254e-05
8.7574767e-05
8.7478471e-05
8.7377264e-05
8.7271043e-05
8.7159701e-05
8.7043131e-05
8.6921222e-05
8.6793862e-05
8.6660936e-05
8.6522328e-05
8.6377917e-05
8.6227583e-05
8.6071201e-05
8.5908644e-05
8.5739782e-05
8.5564483e-05
8.5382613e-05
8.5194033e-05
8.4998603e-05
8.4796181e-05
8.4586618e-05
8.4369766e-05
8.4145472e-05
8.391358e-05
8.3673932e-05
8.3426364e-05
8.3170711e-05
8.2906803e-05
8.2634468e-05
8.2353529e-05
8.2063805e-05
8.1765112e-05
8.1457263e-05
8.1140064e-05
8.0813319e-05
8.0476828e-05
8.0130384e-05
7.977378e-05
7.9406799e-05
7.9029224e-05
7.8640829e-05
7.8241386e-05
7.783066e-05
7.7408412e-05
7.6974394e-05
7.6528356e-05
7.607004e-05
7.5599182e-05
7.5115509e-05
7.4618745e-05
7.4108603e-05
7.3584791e-05
7.3047007e-05
7.2494942e-05
7.1928277e-05
7.1346687e-05
7.0749837e-05
7.0137385e-05
6.9508979e-05
6.8864262e-05
6.8202871e-05
6.7524438e-05
6.6828593e-05
6.6114966e-05
6.5383191e-05
6.4632908e-05
6.3863769e-05
6.3075442e-05
6.2267617e-05
6.1440015e-05
6.0592392e-05
5.9724547e-05
5.8836336e-05
5.7927672e-05
5.6998542e-05
5.6049013e-05
5.5079244e-05
5.4089491e-05
5.308013e-05
8.8056321e-05
8.8104348e-05
8.8150618e-05
8.8195089e-05
8.8237718e-05
8.8278462e-05
8.8317277e-05
8.8354119e-05
8.838894e-05
8.8421694e-05
8.8452335e-05
8.8480813e-05
8.8507079e-05
8.8531083e-05
8.8552773e-05
8.8572097e-05
8.8589001e-05
8.8603432e-05
8.8615334e-05
8.862465e-05
8.8631322e-05
8.8635293e-05
8.8636502e-05
8.8634888e-05
8.8630389e-05
8.8622942e-05
8.8612482e-05
8.8598942e-05
8.8582256e-05
8.8562356e-05
8.853917e-05
8.8512629e-05
8.848266e-05
8.8449188e-05
8.8412137e-05
8.8371432e-05
8.8326993e-05
8.827874e-05
8.8226591e-05
8.8170462e-05
8.8110269e-05
8.8045925e-05
8.7977341e-05
8.7904426e-05
8.7827089e-05
8.7745235e-05
8.7658769e-05
8.7567592e-05
8.7471605e-05
8.7370707e-05
8.7264793e-05
8.7153758e-05
8.7037494e-05
8.691589e-05
8.6788835e-05
8.6656213e-05
8.6517908e-05
8.63738e-05
8.6223767e-05
8.6067686e-05
8.5905429e-05
8.5736866e-05
8.5561866e-05
8.5380294e-05
8.5192011e-05
8.4996878e-05
8.4794751e-05
8.4585483e-05
8.4368925e-05
8.4144924e-05
8.3913325e-05
8.3673968e-05
8.342669e-05
8.3171326e-05
8.2907707e-05
8.2635659e-05
8.2355006e-05
8.2065567e-05
8.1767158e-05
8.145959e-05
8.1142672e-05
8.0816206e-05
8.0479992e-05
8.0133824e-05
7.9777494e-05
7.9410785e-05
7.903348e-05
7.8645353e-05
7.8246175e-05
7.7835712e-05
7.7413724e-05
7.6979964e-05
7.6534181e-05
7.6076117e-05
7.5605507e-05
7.512208e-05
7.4625558e-05
7.4115654e-05
7.3592075e-05
7.3054521e-05
7.250268e-05
7.1936236e-05
7.1354862e-05
7.0758222e-05
7.0145974e-05
6.9517766e-05
6.8873242e-05
6.8212037e-05
6.7533783e-05
6.683811e-05
6.6124647e-05
6.5393028e-05
6.4642893e-05
6.3873891e-05
6.3085693e-05
6.2277987e-05
6.1450493e-05
6.0602966e-05
5.9735207e-05
5.8847067e-05
5.7938462e-05
5.7009378e-05
5.6059881e-05
5.5090129e-05
5.4100377e-05
5.3091001e-05
8.8034459e-05
8.8082849e-05
8.812948e-05
8.8174309e-05
8.8217295e-05
8.8258393e-05
8.8297559e-05
8.833475e-05
8.8369918e-05
8.8403017e-05
8.8434001e-05
8.8462819e-05
8.8489424e-05
8.8513764e-05
8.8535789e-05
8.8555445e-05
8.8572681e-05
8.8587441e-05
8.859967e-05
8.8609311e-05
8.8616308e-05
8.8620601e-05
8.8622131e-05
8.8620836e-05
8.8616655e-05
8.8609523e-05
8.8599378e-05
8.8586151e-05
8.8569777e-05
8.8550187e-05
8.8527312e-05
8.8501078e-05
8.8471416e-05
8.8438249e-05
8.8401503e-05
8.8361101e-05
8.8316964e-05
8.8269012e-05
8.8217163e-05
8.8161334e-05
8.810144e-05
8.8037393e-05
8.7969105e-05
8.7896485e-05
8.7819443e-05
8.7737883e-05
8.7651709e-05
8.7560825e-05
8.7465129e-05
8.7364521e-05
8.7258897e-05
8.7148151e-05
8.7032175e-05
8.6910859e-05
8.6784091e-05
8.6651755e-05
8.6513735e-05
8.6369912e-05
8.6220164e-05
8.6064366e-05
8.5902392e-05
8.5734111e-05
8.5559393e-05
8.5378101e-05
8.5190099e-05
8.4995245e-05
8.4793396e-05
8.4584406e-05
8.4368125e-05
8.41444e-05
8.3913076e-05
8.3673993e-05
8.3426989e-05
8.3171898e-05
8.290855e-05
8.2636772e-05
8.2356388e-05
8.2067218e-05
8.1769075e-05
8.1461773e-05
8.1145119e-05
8.0818916e-05
8.0482964e-05
8.0137056e-05
7.9780983e-05
7.9414531e-05
7.9037479e-05
7.8649605e-05
7.8250677e-05
7.7840462e-05
7.7418719e-05
7.6985202e-05
7.653966e-05
7.6081833e-05
7.5611457e-05
7.5128261e-05
7.4631966e-05
7.4122286e-05
7.3598928e-05
7.3061589e-05
7.2509961e-05
7.1943725e-05
7.1362553e-05
7.0766111e-05
7.0154056e-05
6.9526035e-05
6.8881692e-05
6.8220663e-05
6.7542577e-05
6.6847066e-05
6.6133758e-05
6.5402286e-05
6.465229e-05
6.3883419e-05
6.3095342e-05
6.2287747e-05
6.1460355e-05
6.061292e-05
5.974524e-05
5.8857169e-05
5.7948621e-05
5.7019579e-05
5.6070112e-05
5.5100375e-05
5.4110625e-05
5.3101235e-05
8.8013842e-05
8.8062576e-05
8.8109547e-05
8.8154715e-05
8.8198036e-05
8.8239468e-05
8.8278967e-05
8.8316486e-05
8.8351982e-05
8.8385407e-05
8.8416714e-05
8.8445854e-05
8.8472778e-05
8.8497435e-05
8.8519776e-05
8.8539746e-05
8.8557294e-05
8.8572364e-05
8.8584902e-05
8.8594851e-05
8.8602153e-05
8.860675e-05
8.8608582e-05
8.8607588e-05
8.8603706e-05
8.8596873e-05
8.8587024e-05
8.8574093e-05
8.8558013e-05
8.8538716e-05
8.8516131e-05
8.8490189e-05
8.8460815e-05
8.8427937e-05
8.8391478e-05
8.8351362e-05
8.830751e-05
8.8259841e-05
8.8208275e-05
8.8152728e-05
8.8093114e-05
8.8029348e-05
8.7961339e-05
8.7888998e-05
8.7812233e-05
8.7730949e-05
8.7645052e-05
8.7554443e-05
8.7459022e-05
8.7358688e-05
8.7253337e-05
8.7142863e-05
8.7027158e-05
8.6906113e-05
8.6779615e-05
8.6647549e-05
8.6509798e-05
8.6366244e-05
8.6216763e-05
8.6061232e-05
8.5899524e-05
8.5731509e-05
8.5557056e-05
8.5376028e-05
8.518829e-05
8.4993699e-05
8.4792112e-05
8.4583384e-05
8.4367364e-05
8.4143899e-05
8.3912834e-05
8.367401e-05
8.3427263e-05
8.3172428e-05
8.2909336e-05
8.2637813e-05
8.2357683e-05
8.2068765e-05
8.1770874e-05
8.1463822e-05
8.1147417e-05
8.0821462e-05
8.0485755e-05
8.0140092e-05
7.9784262e-05
7.9418051e-05
7.9041239e-05
7.8653602e-05
7.825491e-05
7.7844928e-05
7.7423417e-05
7.6990128e-05
7.6544812e-05
7.6087208e-05
7.5617053e-05
7.5134074e-05
7.4637994e-05
7.4128525e-05
7.3605374e-05
7.306824e-05
7.2516811e-05
7.195077e-05
7.136979e-05
7.0773534e-05
7.0161661e-05
6.9533817e-05
6.8889645e-05
6.822878e-05
6.7550854e-05
6.6855495e-05
6.6142333e-05
6.5411e-05
6.4661134e-05
6.3892386e-05
6.3104423e-05
6.2296935e-05
6.1469638e-05
6.0622289e-05
5.9754685e-05
5.8866679e-05
5.7958183e-05
5.7029182e-05
5.6079743e-05
5.5110022e-05
5.4120273e-05
5.3110871e-05
8.7994402e-05
8.804346e-05
8.8090753e-05
8.813624e-05
8.8179879e-05
8.8221626e-05
8.8261437e-05
8.8299268e-05
8.8335073e-05
8.8368805e-05
8.8400416e-05
8.8429859e-05
8.8457085e-05
8.8482042e-05
8.850468e-05
8.8524947e-05
8.8542789e-05
8.8558152e-05
8.8570981e-05
8.8581219e-05
8.8588809e-05
8.8593693e-05
8.859581e-05
8.85951e-05
8.85915e-05
8.8584948e-05
8.8575379e-05
8.8562726e-05
8.8546923e-05
8.8527902e-05
8.8505593e-05
8.8479924e-05
8.8450823e-05
8.8418216e-05
8.8382027e-05
8.834218e-05
8.8298597e-05
8.8251196e-05
8.8199897e-05
8.8144615e-05
8.8085266e-05
8.8021763e-05
8.7954017e-05
8.7881939e-05
8.7805435e-05
8.7724413e-05
8.7638775e-05
8.7548425e-05
8.7453263e-05
8.7353186e-05
8.7248092e-05
8.7137875e-05
8.7022427e-05
8.6901637e-05
8.6775393e-05
8.6643581e-05
8.6506084e-05
8.6362782e-05
8.6213553e-05
8.6058274e-05
8.5896816e-05
8.5729052e-05
8.5554848e-05
8.537407e-05
8.5186579e-05
8.4992236e-05
8.4790897e-05
8.4582415e-05
8.436664e-05
8.414342e-05
8.39126e-05
8.3674018e-05
8.3427514e-05
8.3172921e-05
8.291007e-05
8.2638787e-05
8.2358896e-05
8.2070215e-05
8.1772561e-05
8.1465745e-05
8.1149574e-05
8.0823852e-05
8.0488377e-05
8.0142944e-05
7.9787343e-05
7.9421359e-05
7.9044773e-05
7.865736e-05
7.825889e-05
7.7849128e-05
7.7427834e-05
7.6994761e-05
7.6549657e-05
7.6092264e-05
7.5622317e-05
7.5139543e-05
7.4643664e-05
7.4134395e-05
7.3611439e-05
7.3074496e-05
7.2523256e-05
7.1957399e-05
7.1376599e-05
7.0780519e-05
7.0168816e-05
6.9541139e-05
6.8897128e-05
6.8236419e-05
6.7558642e-05
6.6863428e-05
6.6150403e-05
6.54192e-05
6.4669458e-05
6.3900826e-05
6.3112971e-05
6.2305582e-05
6.1478376e-05
6.0631108e-05
5.9763575e-05
5.887563e-05
5.7967184e-05
5.7038222e-05
5.608881e-05
5.5119103e-05
5.4129356e-05
5.3119941e-05
8.7976075e-05
8.8025438e-05
8.8073035e-05
8.8118824e-05
8.8162762e-05
8.8204806e-05
8.8244913e-05
8.8283037e-05
8.8319133e-05
8.8353155e-05
8.8385054e-05
8.8414783e-05
8.8442293e-05
8.8467533e-05
8.8490451e-05
8.8510997e-05
8.8529117e-05
8.8544756e-05
8.8557859e-05
8.8568371e-05
8.8576232e-05
8.8581386e-05
8.8583772e-05
8.8583329e-05
8.8579996e-05
8.8573709e-05
8.8564403e-05
8.8552013e-05
8.8536471e-05
8.851771e-05
8.8495659e-05
8.8470248e-05
8.8441404e-05
8.8409053e-05
8.8373119e-05
8.8333527e-05
8.8290196e-05
8.8243047e-05
8.8191999e-05
8.8136967e-05
8.8077868e-05
8.8014614e-05
8.7947116e-05
8.7875284e-05
8.7799027e-05
8.771825e-05
8.7632857e-05
8.7542751e-05
8.7447833e-05
8.7347999e-05
8.7243148e-05
8.7133172e-05
8.7017965e-05
8.6897415e-05
8.6771411e-05
8.6639838e-05
8.6502579e-05
8.6359515e-05
8.6210524e-05
8.6055482e-05
8.5894261e-05
8.5726732e-05
8.5552763e-05
8.5372219e-05
8.5184963e-05
8.4990853e-05
8.4789746e-05
8.4581496e-05
8.4365953e-05
8.4142964e-05
8.3912373e-05
8.3674021e-05
8.3427745e-05
8.317338e-05
8.2910755e-05
8.2639698e-05
8.2360032e-05
8.2071575e-05
8.1774144e-05
8.146755e-05
8.11516e-05
8.0826097e-05
8.0490841e-05
8.0145625e-05
7.9790239e-05
7.9424469e-05
7.9048095e-05
7.8660893e-05
7.8262631e-05
7.7853076e-05
7.7431987e-05
7.6999117e-05
7.6554214e-05
7.6097019e-05
7.5627268e-05
7.5144687e-05
7.4648999e-05
7.4139916e-05
7.3617145e-05
7.3080383e-05
7.252932e-05
7.1963636e-05
7.1383006e-05
7.0787092e-05
7.017555e-05
6.9548029e-05
6.8904169e-05
6.8243607e-05
6.7565972e-05
6.6870893e-05
6.6157997e-05
6.5426918e-05
6.4677292e-05
6.3908769e-05
6.3121016e-05
6.231372e-05
6.14866e-05
6.0639408e-05
5.9771943e-05
5.8884055e-05
5.7975657e-05
5.7046731e-05
5.6097344e-05
5.5127651e-05
5.4137906e-05
5.3128481e-05
8.7958799e-05
8.8008451e-05
8.8056334e-05
8.8102407e-05
8.8146627e-05
8.8188952e-05
8.8229337e-05
8.8267738e-05
8.8304109e-05
8.8338404e-05
8.8370575e-05
8.8400573e-05
8.8428351e-05
8.8453857e-05
8.8477041e-05
8.849785e-05
8.8516231e-05
8.8532131e-05
8.8545493e-05
8.8556261e-05
8.8564379e-05
8.8569788e-05
8.8572427e-05
8.8572236e-05
8.8569154e-05
8.8563116e-05
8.8554059e-05
8.8541916e-05
8.8526621e-05
8.8508105e-05
8.8486298e-05
8.846113e-05
8.8432528e-05
8.8400418e-05
8.8364724e-05
8.8325371e-05
8.8282278e-05
8.8235367e-05
8.8184555e-05
8.812976e-05
8.8070895e-05
8.8007875e-05
8.7940611e-05
8.7869012e-05
8.7792987e-05
8.7712441e-05
8.7627279e-05
8.7537403e-05
8.7442714e-05
8.7343109e-05
8.7238486e-05
8.7128738e-05
8.7013757e-05
8.6893434e-05
8.6767656e-05
8.6636308e-05
8.6499274e-05
8.6356434e-05
8.6207667e-05
8.6052847e-05
8.5891849e-05
8.5724542e-05
8.5550795e-05
8.5370472e-05
8.5183436e-05
8.4989545e-05
8.4788658e-05
8.4580626e-05
8.4365301e-05
8.4142529e-05
8.3912154e-05
8.3674018e-05
8.3427957e-05
8.3173806e-05
8.2911395e-05
8.2640551e-05
8.2361096e-05
8.2072851e-05
8.177563e-05
8.1469244e-05
8.1153502e-05
8.0828206e-05
8.0493155e-05
8.0148143e-05
7.9792961e-05
7.9427392e-05
7.9051218e-05
7.8664214e-05
7.826615e-05
7.785679e-05
7.7435893e-05
7.7003215e-05
7.65585e-05
7.6101492e-05
7.5631925e-05
7.5149526e-05
7.4654017e-05
7.414511e-05
7.3622513e-05
7.3085921e-05
7.2535025e-05
7.1969505e-05
7.1389034e-05
7.0793276e-05
7.0181886e-05
6.9554512e-05
6.8910796e-05
6.8250371e-05
6.7572869e-05
6.6877918e-05
6.6165144e-05
6.5434181e-05
6.4684664e-05
6.3916245e-05
6.3128587e-05
6.232138e-05
6.1494341e-05
6.0647221e-05
5.9779819e-05
5.8891986e-05
5.7983632e-05
5.7054741e-05
5.6105378e-05
5.5135698e-05
5.4145954e-05
5.3136519e-05
8.7942515e-05
8.7992439e-05
8.8040592e-05
8.8086934e-05
8.8131421e-05
8.817401e-05
8.8214658e-05
8.825332e-05
8.828995e-05
8.8324502e-05
8.8356929e-05
8.8387182e-05
8.8415212e-05
8.844097e-05
8.8464403e-05
8.848546e-05
8.8504088e-05
8.8520233e-05
8.8533839e-05
8.854485e-05
8.855321e-05
8.8558858e-05
8.8561736e-05
8.8561783e-05
8.8558937e-05
8.8553134e-05
8.8544311e-05
8.8532401e-05
8.8517338e-05
8.8499053e-05
8.8477476e-05
8.8452537e-05
8.8424163e-05
8.839228e-05
8.8356813e-05
8.8317685e-05
8.8274817e-05
8.8228129e-05
8.817754e-05
8.8122967e-05
8.8064324e-05
8.8001524e-05
8.793448e-05
8.7863101e-05
8.7787294e-05
8.7706966e-05
8.7622021e-05
8.7532362e-05
8.7437889e-05
8.73385e-05
8.7234091e-05
8.7124558e-05
8.7009791e-05
8.6889681e-05
8.6764115e-05
8.663298e-05
8.6496157e-05
8.6353529e-05
8.6204972e-05
8.6050362e-05
8.5889573e-05
8.5722476e-05
8.5548937e-05
8.5368822e-05
8.5181993e-05
8.498831e-05
8.4787628e-05
8.4579802e-05
8.4364682e-05
8.4142114e-05
8.3911944e-05
8.3674011e-05
8.3428153e-05
8.3174204e-05
8.2911994e-05
8.2641349e-05
8.2362094e-05
8.2074047e-05
8.1777024e-05
8.1470835e-05
8.1155289e-05
8.0830187e-05
8.049533e-05
8.015051e-05
7.9795519e-05
7.943014e-05
7.9054155e-05
7.8667337e-05
7.8269458e-05
7.7860281e-05
7.7439567e-05
7.7007068e-05
7.6562532e-05
7.6105699e-05
7.5636305e-05
7.5154078e-05
7.4658737e-05
7.4149997e-05
7.3627562e-05
7.3091131e-05
7.2540392e-05
7.1975026e-05
7.1394706e-05
7.0799094e-05
7.0187848e-05
6.9560613e-05
6.8917031e-05
6.8256737e-05
6.757936e-05
6.6884529e-05
6.617187e-05
6.5441016e-05
6.4691603e-05
6.392328e-05
6.3135713e-05
6.232859e-05
6.1501626e-05
6.0654575e-05
5.9787233e-05
5.889945e-05
5.7991138e-05
5.706228e-05
5.611294e-05
5.5143272e-05
5.415353e-05
5.3144086e-05
8.7927169e-05
8.7977349e-05
8.8025757e-05
8.8072352e-05
8.811709e-05
8.8159929e-05
8.8200824e-05
8.8239732e-05
8.8276607e-05
8.8311402e-05
8.834407e-05
8.8374563e-05
8.8402832e-05
8.8428826e-05
8.8452494e-05
8.8473786e-05
8.8492646e-05
8.8509022e-05
8.8522858e-05
8.8534098e-05
8.8542685e-05
8.8548559e-05
8.8551662e-05
8.8551933e-05
8.854931e-05
8.8543729e-05
8.8535127e-05
8.8523436e-05
8.8508592e-05
8.8490524e-05
8.8469164e-05
8.8444441e-05
8.8416282e-05
8.8384613e-05
8.8349359e-05
8.8310443e-05
8.8267786e-05
8.8221309e-05
8.817093e-05
8.8116566e-05
8.8058132e-05
8.799554e-05
8.7928703e-05
8.785753e-05
8.7781929e-05
8.7701806e-05
8.7617066e-05
8.7527611e-05
8.7433342e-05
8.7334155e-05
8.7229949e-05
8.7120617e-05
8.7006052e-05
8.6886143e-05
8.6760777e-05
8.6629842e-05
8.6493219e-05
8.6350789e-05
8.620243e-05
8.6048018e-05
8.5887427e-05
8.5720526e-05
8.5547183e-05
8.5367264e-05
8.518063e-05
8.4987142e-05
8.4786655e-05
8.4579022e-05
8.4364095e-05
8.414172e-05
8.3911741e-05
8.3674e-05
8.3428333e-05
8.3174573e-05
8.2912553e-05
8.2642097e-05
8.236303e-05
8.207517e-05
8.1778332e-05
8.1472329e-05
8.1156967e-05
8.0832049e-05
8.0497373e-05
8.0152735e-05
7.9797923e-05
7.9432723e-05
7.9056915e-05
7.8670274e-05
7.8272569e-05
7.7863565e-05
7.7443022e-05
7.7010692e-05
7.6566323e-05
7.6109657e-05
7.5640426e-05
7.515836e-05
7.4663178e-05
7.4154594e-05
7.3632313e-05
7.3096033e-05
7.2545442e-05
7.1980221e-05
7.1400043e-05
7.080457e-05
7.0193457e-05
6.9566354e-05
6.8922899e-05
6.8262727e-05
6.7585468e-05
6.689075e-05
6.61782e-05
6.5447449e-05
6.4698133e-05
6.3929902e-05
6.314242e-05
6.2335375e-05
6.1508483e-05
6.0661496e-05
5.979421e-05
5.8906476e-05
5.7998204e-05
5.7069377e-05
5.6120058e-05
5.5150402e-05
5.4160662e-05
5.3151208e-05
8.7912707e-05
8.7963129e-05
8.8011778e-05
8.8058611e-05
8.8103586e-05
8.814666e-05
8.8187789e-05
8.8226929e-05
8.8264034e-05
8.8299058e-05
8.8331954e-05
8.8362673e-05
8.8391166e-05
8.8417383e-05
8.8441274e-05
8.8462786e-05
8.8481866e-05
8.8498459e-05
8.8512512e-05
8.8523968e-05
8.8532768e-05
8.8538856e-05
8.8542172e-05
8.8542653e-05
8.854024e-05
8.8534868e-05
8.8526473e-05
8.851499e-05
8.8500351e-05
8.8482489e-05
8.8461333e-05
8.8436813e-05
8.8408856e-05
8.8377388e-05
8.8342335e-05
8.8303619e-05
8.8261162e-05
8.8214884e-05
8.8164702e-05
8.8110535e-05
8.8052297e-05
8.7989901e-05
8.7923259e-05
8.7852281e-05
8.7776874e-05
8.7696944e-05
8.7612397e-05
8.7523134e-05
8.7429056e-05
8.7330061e-05
8.7226045e-05
8.7116903e-05
8.7002528e-05
8.6882807e-05
8.6757631e-05
8.6626883e-05
8.6490448e-05
8.6348205e-05
8.6200033e-05
8.6045808e-05
8.5885402e-05
8.5718686e-05
8.5545528e-05
8.5365793e-05
8.5179344e-05
8.4986039e-05
8.4785734e-05
8.4578284e-05
8.4363539e-05
8.4141345e-05
8.3911548e-05
8.3673986e-05
8.3428498e-05
8.3174918e-05
8.2913076e-05
8.2642798e-05
8.2363907e-05
8.2076223e-05
8.1779561e-05
8.1473732e-05
8.1158543e-05
8.0833798e-05
8.0499294e-05
8.0154826e-05
7.9800184e-05
7.9435152e-05
7.9059511e-05
7.8673035e-05
7.8275494e-05
7.7866653e-05
7.7446271e-05
7.7014101e-05
7.656989e-05
7.6113379e-05
7.5644303e-05
7.5162388e-05
7.4667356e-05
7.4158919e-05
7.3636783e-05
7.3100645e-05
7.2550194e-05
7.1985109e-05
7.1405064e-05
7.0809721e-05
7.0198736e-05
6.9571755e-05
6.892842e-05
6.8268364e-05
6.7591216e-05
6.6896605e-05
6.6184157e-05
6.5453502e-05
6.4704278e-05
6.3936133e-05
6.3148732e-05
6.2341761e-05
6.1514936e-05
6.066801e-05
5.9800778e-05
5.8913089e-05
5.8004854e-05
5.7076056e-05
5.6126758e-05
5.5157113e-05
5.4167374e-05
5.3157913e-05
8.789908e-05
8.7949731e-05
8.7998606e-05
8.8045664e-05
8.8090862e-05
8.8134158e-05
8.8175508e-05
8.8214866e-05
8.8252189e-05
8.8287429e-05
8.8320539e-05
8.8351471e-05
8.8380175e-05
8.8406603e-05
8.8430703e-05
8.8452422e-05
8.8471709e-05
8.8488508e-05
8.8502765e-05
8.8514424e-05
8.8523426e-05
8.8529715e-05
8.853323e-05
8.8533911e-05
8.8531695e-05
8.852652e-05
8.8518321e-05
8.8507033e-05
8.8492588e-05
8.8474919e-05
8.8453955e-05
8.8429626e-05
8.840186e-05
8.8370583e-05
8.8335718e-05
8.8297191e-05
8.8254921e-05
8.820883e-05
8.8158835e-05
8.8104853e-05
8.80468e-05
8.7984589e-05
8.791813e-05
8.7847335e-05
8.7772111e-05
8.7692363e-05
8.7607998e-05
8.7518916e-05
8.7425018e-05
8.7326203e-05
8.7222367e-05
8.7113404e-05
8.6999206e-05
8.6879664e-05
8.6754665e-05
8.6624095e-05
8.6487836e-05
8.6345769e-05
8.6197773e-05
8.6043723e-05
8.5883492e-05
8.5716951e-05
8.5543967e-05
8.5364406e-05
8.5178129e-05
8.4984997e-05
8.4784865e-05
8.4577587e-05
8.4363012e-05
8.4140989e-05
8.3911362e-05
8.367397e-05
8.3428651e-05
8.3175239e-05
8.2913565e-05
8.2643454e-05
8.236473e-05
8.2077212e-05
8.1780714e-05
8.147505e-05
8.1160024e-05
8.0835441e-05
8.0501099e-05
8.0156792e-05
7.9802309e-05
7.9437435e-05
7.9061951e-05
7.8675631e-05
7.8278245e-05
7.7869558e-05
7.7449327e-05
7.7017307e-05
7.6573245e-05
7.6116881e-05
7.5647949e-05
7.5166177e-05
7.4671286e-05
7.4162988e-05
7.3640988e-05
7.3104984e-05
7.2554664e-05
7.1989708e-05
7.1409789e-05
7.0814569e-05
7.0203703e-05
6.9576838e-05
6.8933615e-05
6.8273668e-05
6.7596625e-05
6.6902114e-05
6.6189762e-05
6.5459199e-05
6.4710062e-05
6.3941998e-05
6.3154672e-05
6.2347771e-05
6.152101e-05
6.067414e-05
5.9806959e-05
5.8919313e-05
5.8011114e-05
5.7082343e-05
5.6133064e-05
5.516343e-05
5.4173693e-05
5.3164224e-05
8.7886241e-05
8.7937107e-05
8.7986196e-05
8.8033466e-05
8.8078875e-05
8.812238e-05
8.8163937e-05
8.8203502e-05
8.8241029e-05
8.8276472e-05
8.8309785e-05
8.8340917e-05
8.8369822e-05
8.8396448e-05
8.8420744e-05
8.844266e-05
8.8462141e-05
8.8479134e-05
8.8493583e-05
8.8505433e-05
8.8514626e-05
8.8521104e-05
8.8524807e-05
8.8525675e-05
8.8523646e-05
8.8518656e-05
8.8510642e-05
8.8499537e-05
8.8485275e-05
8.8467788e-05
8.8447005e-05
8.8422857e-05
8.839527e-05
8.8364171e-05
8.8329485e-05
8.8291135e-05
8.8249042e-05
8.8203127e-05
8.8153307e-05
8.8099501e-05
8.8041622e-05
8.7979584e-05
8.7913298e-05
8.7842676e-05
8.7767623e-05
8.7688047e-05
8.7603852e-05
8.7514941e-05
8.7421213e-05
8.7322567e-05
8.72189e-05
8.7110106e-05
8.6996076e-05
8.6876702e-05
8.675187e-05
8.6621467e-05
8.6485374e-05
8.6343473e-05
8.6195643e-05
8.6041758e-05
8.5881692e-05
8.5715315e-05
8.5542495e-05
8.5363097e-05
8.5176983e-05
8.4984013e-05
8.4784043e-05
8.4576927e-05
8.4362514e-05
8.4140652e-05
8.3911184e-05
8.3673952e-05
8.3428792e-05
8.3175539e-05
8.2914022e-05
8.2644069e-05
8.2365501e-05
8.2078139e-05
8.1781798e-05
8.1476287e-05
8.1161416e-05
8.0836986e-05
8.0502795e-05
8.0158639e-05
7.9804307e-05
7.9439582e-05
7.9064246e-05
7.8678073e-05
7.8280832e-05
7.7872289e-05
7.7452201e-05
7.7020323e-05
7.65764e-05
7.6120174e-05
7.5651379e-05
7.5169742e-05
7.4674983e-05
7.4166816e-05
7.3644945e-05
7.3109066e-05
7.255887e-05
7.1994035e-05
7.1414234e-05
7.081913e-05
7.0208376e-05
6.9581621e-05
6.8938504e-05
6.8278659e-05
6.7601715e-05
6.6907299e-05
6.6195038e-05
6.5464561e-05
6.4715505e-05
6.3947517e-05
6.3160263e-05
6.2353427e-05
6.1526726e-05
6.067991e-05
5.9812776e-05
5.8925171e-05
5.8017005e-05
5.7088261e-05
5.6138999e-05
5.5169375e-05
5.417964e-05
5.3170164e-05
8.7874145e-05
8.7925214e-05
8.7974505e-05
8.8021975e-05
8.8067582e-05
8.8111284e-05
8.8153037e-05
8.8192796e-05
8.8230517e-05
8.8266152e-05
8.8299654e-05
8.8330976e-05
8.8360068e-05
8.8386881e-05
8.8411364e-05
8.8433464e-05
8.8453128e-05
8.8470303e-05
8.8484934e-05
8.8496964e-05
8.8506336e-05
8.8512993e-05
8.8516873e-05
8.8517918e-05
8.8516064e-05
8.8511249e-05
8.8503408e-05
8.8492476e-05
8.8478387e-05
8.846107e-05
8.8440459e-05
8.841648e-05
8.8389063e-05
8.8358132e-05
8.8323614e-05
8.8285431e-05
8.8243504e-05
8.8197755e-05
8.8148101e-05
8.8094458e-05
8.8036743e-05
8.7974869e-05
8.7908747e-05
8.7838286e-05
8.7763396e-05
8.7683981e-05
8.7599947e-05
8.7511196e-05
8.7417628e-05
8.7319142e-05
8.7215634e-05
8.7106999e-05
8.6993127e-05
8.6873911e-05
8.6749237e-05
8.661899e-05
8.6483054e-05
8.634131e-05
8.6193635e-05
8.6039905e-05
8.5879994e-05
8.5713772e-05
8.5541106e-05
8.5361862e-05
8.5175902e-05
8.4983085e-05
8.4783268e-05
8.4576303e-05
8.4362042e-05
8.4140331e-05
8.3911014e-05
8.3673932e-05
8.3428923e-05
8.3175819e-05
8.2914451e-05
8.2644645e-05
8.2366226e-05
8.207901e-05
8.1782815e-05
8.147745e-05
8.1162723e-05
8.0838437e-05
8.050439e-05
8.0160376e-05
7.9806185e-05
7.9441601e-05
7.9066404e-05
7.8680369e-05
7.8283265e-05
7.7874858e-05
7.7454905e-05
7.7023159e-05
7.6579368e-05
7.6123273e-05
7.5654606e-05
7.5173095e-05
7.4678462e-05
7.4170417e-05
7.3648667e-05
7.3112907e-05
7.2562827e-05
7.1998107e-05
7.1418417e-05
7.0823421e-05
7.0212774e-05
6.9586122e-05
6.8943104e-05
6.8283356e-05
6.7606505e-05
6.6912178e-05
6.6200002e-05
6.5469606e-05
6.4720626e-05
6.3952711e-05
6.3165524e-05
6.235875e-05
6.1532106e-05
6.0685341e-05
5.9818251e-05
5.8930684e-05
5.802255e-05
5.709383e-05
5.6144586e-05
5.5174971e-05
5.4185238e-05
5.3175755e-05
8.7862751e-05
8.7914011e-05
8.7963491e-05
8.801115e-05
8.8056944e-05
8.8100832e-05
8.814277e-05
8.8182712e-05
8.8220614e-05
8.825643e-05
8.8290112e-05
8.8321612e-05
8.8350882e-05
8.837787e-05
8.8402528e-05
8.8424802e-05
8.8444639e-05
8.8461986e-05
8.8476787e-05
8.8488987e-05
8.8498529e-05
8.8505353e-05
8.85094e-05
8.8510611e-05
8.8508923e-05
8.8504272e-05
8.8496595e-05
8.8485826e-05
8.8471898e-05
8.8454744e-05
8.8434293e-05
8.8410474e-05
8.8383216e-05
8.8352444e-05
8.8318084e-05
8.8280058e-05
8.8238288e-05
8.8192695e-05
8.8143196e-05
8.8089709e-05
8.8032149e-05
8.7970428e-05
8.7904459e-05
8.7834152e-05
8.7759414e-05
8.7680151e-05
8.7596269e-05
8.7507669e-05
8.7414252e-05
8.7315916e-05
8.7212557e-05
8.7104071e-05
8.6990349e-05
8.6871281e-05
8.6746755e-05
8.6616656e-05
8.6480868e-05
8.633927e-05
8.6191742e-05
8.6038159e-05
8.5878394e-05
8.5712317e-05
8.5539797e-05
8.5360697e-05
8.5174882e-05
8.4982209e-05
8.4782535e-05
8.4575714e-05
8.4361596e-05
8.4140027e-05
8.3910852e-05
8.3673912e-05
8.3429043e-05
8.317608e-05
8.2914852e-05
8.2645186e-05
8.2366905e-05
8.2079828e-05
8.178377e-05
8.1478542e-05
8.1163952e-05
8.0839801e-05
8.0505889e-05
8.0162009e-05
7.9807951e-05
7.9443499e-05
7.9068433e-05
7.8682528e-05
7.8285554e-05
7.7877274e-05
7.7457448e-05
7.7025828e-05
7.6582161e-05
7.6126187e-05
7.5657641e-05
7.517625e-05
7.4681734e-05
7.4173805e-05
7.3652169e-05
7.3116521e-05
7.2566551e-05
7.2001937e-05
7.1422353e-05
7.0827459e-05
7.0216912e-05
6.9590356e-05
6.8947433e-05
6.8287775e-05
6.7611012e-05
6.6916769e-05
6.6204673e-05
6.5474354e-05
6.4725447e-05
6.3957599e-05
6.3170475e-05
6.236376e-05
6.1537168e-05
6.0690451e-05
5.9823404e-05
5.8935873e-05
5.8027769e-05
5.7099072e-05
5.6149844e-05
5.5180239e-05
5.4190507e-05
5.3181018e-05
8.7852018e-05
8.7903458e-05
8.7953118e-05
8.8000954e-05
8.8046925e-05
8.8090987e-05
8.8133099e-05
8.8173214e-05
8.8211287e-05
8.8247273e-05
8.8281124e-05
8.8312792e-05
8.8342229e-05
8.8369384e-05
8.8394206e-05
8.8416643e-05
8.8436643e-05
8.8454152e-05
8.8469115e-05
8.8481475e-05
8.8491175e-05
8.8498157e-05
8.8502362e-05
8.850373e-05
8.8502197e-05
8.8497701e-05
8.8490178e-05
8.8479563e-05
8.8465788e-05
8.8448785e-05
8.8428485e-05
8.8404818e-05
8.8377709e-05
8.8347087e-05
8.8312875e-05
8.8274998e-05
8.8233376e-05
8.8187929e-05
8.8138577e-05
8.8085236e-05
8.8027821e-05
8.7966245e-05
8.7900421e-05
8.7830257e-05
8.7755663e-05
8.7676544e-05
8.7592804e-05
8.7504346e-05
8.7411071e-05
8.7312876e-05
8.7209659e-05
8.7101313e-05
8.6987731e-05
8.6868803e-05
8.6744417e-05
8.6614457e-05
8.6478807e-05
8.6337349e-05
8.6189958e-05
8.6036513e-05
8.5876885e-05
8.5710946e-05
8.5538562e-05
8.5359599e-05
8.5173919e-05
8.4981382e-05
8.4781844e-05
8.4575157e-05
8.4361173e-05
8.4139739e-05
8.3910698e-05
8.3673891e-05
8.3429155e-05
8.3176324e-05
8.2915227e-05
8.2645693e-05
8.2367543e-05
8.2080596e-05
8.1784667e-05
8.1479569e-05
8.1165106e-05
8.0841083e-05
8.0507298e-05
8.0163544e-05
7.9809611e-05
7.9445284e-05
7.9070341e-05
7.8684559e-05
7.8287706e-05
7.7879547e-05
7.745984e-05
7.7028337e-05
7.6584787e-05
7.6128929e-05
7.5660497e-05
7.5179218e-05
7.4684813e-05
7.4176993e-05
7.3655463e-05
7.3119921e-05
7.2570054e-05
7.2005542e-05
7.1426056e-05
7.0831259e-05
7.0220805e-05
6.9594341e-05
6.8951506e-05
6.8291934e-05
6.7615253e-05
6.6921089e-05
6.6209069e-05
6.5478821e-05
6.4729982e-05
6.3962199e-05
6.3175135e-05
6.2368474e-05
6.1541933e-05
6.0695261e-05
5.9828253e-05
5.8940756e-05
5.803268e-05
5.7104005e-05
5.6154793e-05
5.5185196e-05
5.4195466e-05
5.3185971e-05
8.7841909e-05
8.7893519e-05
8.7943347e-05
8.799135e-05
8.8037487e-05
8.8081715e-05
8.812399e-05
8.8164268e-05
8.8202503e-05
8.8238649e-05
8.827266e-05
8.8304486e-05
8.833408e-05
8.8361391e-05
8.8386368e-05
8.840896e-05
8.8429114e-05
8.8446775e-05
8.8461889e-05
8.8474399e-05
8.848425e-05
8.8491381e-05
8.8495734e-05
8.8497249e-05
8.8495863e-05
8.8491513e-05
8.8484135e-05
8.8473664e-05
8.8460033e-05
8.8443174e-05
8.8423016e-05
8.839949e-05
8.8372523e-05
8.8342042e-05
8.830797e-05
8.8270232e-05
8.8228749e-05
8.8183441e-05
8.8134227e-05
8.8081023e-05
8.8023745e-05
8.7962306e-05
8.7896618e-05
8.782659e-05
8.775213e-05
8.7673146e-05
8.758954e-05
8.7501216e-05
8.7408075e-05
8.7310013e-05
8.7206929e-05
8.7098715e-05
8.6985266e-05
8.6866469e-05
8.6742214e-05
8.6612385e-05
8.6476866e-05
8.6335538e-05
8.6188278e-05
8.6034962e-05
8.5875464e-05
8.5709653e-05
8.5537398e-05
8.5358564e-05
8.5173012e-05
8.4980602e-05
8.4781191e-05
8.4574632e-05
8.4360774e-05
8.4139466e-05
8.3910551e-05
8.3673869e-05
8.3429258e-05
8.3176551e-05
8.2915579e-05
8.2646168e-05
8.2368141e-05
8.2081317e-05
8.178551e-05
8.1480533e-05
8.1166192e-05
8.0842289e-05
8.0508623e-05
8.0164987e-05
7.9811172e-05
7.9446962e-05
7.9072136e-05
7.8686469e-05
7.828973e-05
7.7881684e-05
7.7462089e-05
7.7030698e-05
7.6587258e-05
7.6131508e-05
7.5663183e-05
7.518201e-05
7.4687709e-05
7.4179992e-05
7.3658563e-05
7.312312e-05
7.257335e-05
7.2008933e-05
7.142954e-05
7.0834834e-05
7.0224468e-05
6.959809e-05
6.8955339e-05
6.8295847e-05
6.7619244e-05
6.6925154e-05
6.6213206e-05
6.5483026e-05
6.4734251e-05
6.3966528e-05
6.3179519e-05
6.2372911e-05
6.1546417e-05
6.0699788e-05
5.9832817e-05
5.8945352e-05
5.8037303e-05
5.7108648e-05
5.615945e-05
5.5189862e-05
5.4200133e-05
5.3190634e-05
8.7832388e-05
8.7884158e-05
8.7934145e-05
8.7982306e-05
8.8028599e-05
8.8072983e-05
8.8115412e-05
8.8155843e-05
8.819423e-05
8.8230528e-05
8.8264688e-05
8.8296664e-05
8.8326405e-05
8.8353864e-05
8.8378987e-05
8.8401724e-05
8.8422022e-05
8.8439827e-05
8.8455084e-05
8.8467737e-05
8.8477728e-05
8.8485e-05
8.8489493e-05
8.8491146e-05
8.8489898e-05
8.8485686e-05
8.8478445e-05
8.846811e-05
8.8454614e-05
8.8437889e-05
8.8417866e-05
8.8394474e-05
8.836764e-05
8.8337291e-05
8.8303351e-05
8.8265744e-05
8.8224392e-05
8.8179214e-05
8.813013e-05
8.8077056e-05
8.8019907e-05
8.7958596e-05
8.7893036e-05
8.7823135e-05
8.7748803e-05
8.7669946e-05
8.7586467e-05
8.7498269e-05
8.7405253e-05
8.7307317e-05
8.7204357e-05
8.7096269e-05
8.6982943e-05
8.6864271e-05
8.6740139e-05
8.6610434e-05
8.6475038e-05
8.6333832e-05
8.6186694e-05
8.6033501e-05
8.5874124e-05
8.5708435e-05
8.5536301e-05
8.5357587e-05
8.5172156e-05
8.4979867e-05
8.4780575e-05
8.4574135e-05
8.4360397e-05
8.4139208e-05
8.3910411e-05
8.3673847e-05
8.3429354e-05
8.3176764e-05
8.2915909e-05
8.2646614e-05
8.2368703e-05
8.2081994e-05
8.1786302e-05
8.1481439e-05
8.1167211e-05
8.0843422e-05
8.0509868e-05
8.0166345e-05
7.981264e-05
7.944854e-05
7.9073824e-05
7.8688265e-05
7.8291634e-05
7.7883695e-05
7.7464205e-05
7.7032919e-05
7.6589582e-05
7.6133934e-05
7.566571e-05
7.5184637e-05
7.4690434e-05
7.4182813e-05
7.3661479e-05
7.3126129e-05
7.2576451e-05
7.2012123e-05
7.1432818e-05
7.0838197e-05
7.0227915e-05
6.9601618e-05
6.8958945e-05
6.8299529e-05
6.7622999e-05
6.692898e-05
6.6217098e-05
6.5486982e-05
6.4738268e-05
6.3970601e-05
6.3183646e-05
6.2377087e-05
6.1550637e-05
6.0704047e-05
5.9837112e-05
5.8949678e-05
5.8041653e-05
5.7113018e-05
5.6163834e-05
5.5194253e-05
5.4204526e-05
5.3195022e-05
8.7823421e-05
8.7875342e-05
8.7925479e-05
8.7973788e-05
8.8020229e-05
8.8064759e-05
8.8107334e-05
8.8147909e-05
8.818644e-05
8.8222879e-05
8.8257181e-05
8.8289297e-05
8.8319179e-05
8.8346775e-05
8.8372037e-05
8.8394911e-05
8.8415345e-05
8.8433285e-05
8.8448676e-05
8.8461462e-05
8.8471587e-05
8.8478991e-05
8.8483615e-05
8.8485399e-05
8.8484281e-05
8.8480198e-05
8.8473086e-05
8.846288e-05
8.8449511e-05
8.8432914e-05
8.8413017e-05
8.838975e-05
8.8363041e-05
8.8332817e-05
8.8299001e-05
8.8261518e-05
8.8220289e-05
8.8175234e-05
8.8126272e-05
8.807332e-05
8.8016292e-05
8.7955102e-05
8.7889663e-05
8.7819883e-05
8.774567e-05
8.7666932e-05
8.7583572e-05
8.7495493e-05
8.7402595e-05
8.7304777e-05
8.7201935e-05
8.7093964e-05
8.6980755e-05
8.68622e-05
8.6738185e-05
8.6608595e-05
8.6473315e-05
8.6332225e-05
8.6185202e-05
8.6032124e-05
8.5872862e-05
8.5707287e-05
8.5535267e-05
8.5356667e-05
8.5171349e-05
8.4979173e-05
8.4779994e-05
8.4573667e-05
8.4360041e-05
8.4138963e-05
8.3910278e-05
8.3673825e-05
8.3429442e-05
8.3176963e-05
8.2916218e-05
8.2647033e-05
8.236923e-05
8.208263e-05
8.1787046e-05
8.1482291e-05
8.116817e-05
8.0844487e-05
8.0511039e-05
8.0167621e-05
7.9814021e-05
7.9450024e-05
7.9075411e-05
7.8689954e-05
7.8293425e-05
7.7885586e-05
7.7466196e-05
7.7035008e-05
7.6591768e-05
7.6136216e-05
7.5668088e-05
7.5187108e-05
7.4692997e-05
7.4185467e-05
7.3664223e-05
7.3128961e-05
7.2579368e-05
7.2015125e-05
7.1435902e-05
7.0841362e-05
7.0231159e-05
6.9604938e-05
6.8962339e-05
6.8302994e-05
6.7626533e-05
6.693258e-05
6.6220761e-05
6.5490705e-05
6.4742048e-05
6.3974435e-05
6.3187529e-05
6.2381016e-05
6.1554608e-05
6.0708056e-05
5.9841154e-05
5.8953748e-05
5.8045747e-05
5.7117131e-05
5.616796e-05
5.5198386e-05
5.420866e-05
5.3199151e-05
8.7814977e-05
8.786704e-05
8.7917318e-05
8.7965767e-05
8.8012347e-05
8.8057015e-05
8.8099727e-05
8.8140438e-05
8.8179103e-05
8.8215677e-05
8.8250112e-05
8.8282361e-05
8.8312374e-05
8.8340101e-05
8.8365492e-05
8.8388495e-05
8.8409057e-05
8.8427125e-05
8.8442642e-05
8.8455555e-05
8.8465804e-05
8.8473333e-05
8.8478081e-05
8.8479988e-05
8.8478992e-05
8.8475031e-05
8.8468041e-05
8.8457955e-05
8.8444706e-05
8.8428228e-05
8.840845e-05
8.8385302e-05
8.8358711e-05
8.8328604e-05
8.8294906e-05
8.8257539e-05
8.8216426e-05
8.8171487e-05
8.812264e-05
8.8069802e-05
8.8012888e-05
8.7951813e-05
8.7886486e-05
8.7816819e-05
8.774272e-05
8.7664094e-05
8.7580846e-05
8.7492879e-05
8.7400092e-05
8.7302385e-05
8.7199654e-05
8.7091793e-05
8.6978695e-05
8.6860249e-05
8.6736344e-05
8.6606864e-05
8.6471693e-05
8.6330711e-05
8.6183797e-05
8.6030826e-05
8.5871672e-05
8.5706205e-05
8.5534292e-05
8.53558e-05
8.5170589e-05
8.4978519e-05
8.4779446e-05
8.4573225e-05
8.4359704e-05
8.4138732e-05
8.3910151e-05
8.3673803e-05
8.3429525e-05
8.3177149e-05
8.2916507e-05
8.2647425e-05
8.2369726e-05
8.2083227e-05
8.1787746e-05
8.1483091e-05
8.1169071e-05
8.0845488e-05
8.051214e-05
8.016882e-05
7.9815319e-05
7.945142e-05
7.9076903e-05
7.8691543e-05
7.8295109e-05
7.7887364e-05
7.7468068e-05
7.7036973e-05
7.6593824e-05
7.6138364e-05
7.5670324e-05
7.5189432e-05
7.4695409e-05
7.4187964e-05
7.3666804e-05
7.3131625e-05
7.2582113e-05
7.201795e-05
7.1438805e-05
7.084434e-05
7.0234211e-05
6.9608061e-05
6.8965532e-05
6.8306255e-05
6.7629858e-05
6.6935967e-05
6.6224208e-05
6.5494209e-05
6.4745605e-05
6.3978042e-05
6.3191183e-05
6.2384713e-05
6.1558345e-05
6.0711829e-05
5.9844958e-05
5.8957579e-05
5.80496e-05
5.7121001e-05
5.6171842e-05
5.5202276e-05
5.4212551e-05
5.3203038e-05
8.7807025e-05
8.7859223e-05
8.7909633e-05
8.7958215e-05
8.8004926e-05
8.8049723e-05
8.8092564e-05
8.8133403e-05
8.8172196e-05
8.8208896e-05
8.8243456e-05
8.8275829e-05
8.8305966e-05
8.8333816e-05
8.835933e-05
8.8382454e-05
8.8403137e-05
8.8421324e-05
8.8436961e-05
8.8449992e-05
8.8460359e-05
8.8468005e-05
8.847287e-05
8.8474893e-05
8.8474013e-05
8.8470167e-05
8.846329e-05
8.8453317e-05
8.8440182e-05
8.8423817e-05
8.8404151e-05
8.8381114e-05
8.8354634e-05
8.8324638e-05
8.8291049e-05
8.8253792e-05
8.8212788e-05
8.8167958e-05
8.8119219e-05
8.806649e-05
8.8009684e-05
8.7948715e-05
8.7883496e-05
8.7813935e-05
8.7739942e-05
8.7661422e-05
8.7578279e-05
8.7490417e-05
8.7397735e-05
8.7300133e-05
8.7197506e-05
8.7089749e-05
8.6976755e-05
8.6858412e-05
8.673461e-05
8.6605233e-05
8.6470164e-05
8.6329285e-05
8.6182473e-05
8.6029604e-05
8.5870552e-05
8.5705186e-05
8.5533374e-05
8.5354982e-05
8.5169871e-05
8.4977902e-05
8.4778929e-05
8.4572808e-05
8.4359386e-05
8.4138513e-05
8.3910031e-05
8.3673781e-05
8.3429601e-05
8.3177323e-05
8.2916779e-05
8.2647794e-05
8.2370191e-05
8.2083789e-05
8.1788403e-05
8.1483843e-05
8.1169918e-05
8.0846429e-05
8.0513175e-05
8.0169948e-05
7.981654e-05
7.9452733e-05
7.9078307e-05
7.8693038e-05
7.8296693e-05
7.7889037e-05
7.7469829e-05
7.7038821e-05
7.6595759e-05
7.6140383e-05
7.5672428e-05
7.5191619e-05
7.4697677e-05
7.4190314e-05
7.3669233e-05
7.3134131e-05
7.2584696e-05
7.2020607e-05
7.1441535e-05
7.0847142e-05
7.0237082e-05
6.9611e-05
6.8968536e-05
6.8309322e-05
6.7632987e-05
6.6939154e-05
6.6227451e-05
6.5497505e-05
6.4748952e-05
6.3981437e-05
6.3194622e-05
6.2388193e-05
6.1561862e-05
6.0715379e-05
5.9848538e-05
5.8961184e-05
5.8053226e-05
5.7124644e-05
5.6175496e-05
5.5205936e-05
5.4216213e-05
5.3206696e-05
8.7799538e-05
8.7851862e-05
8.7902397e-05
8.7951103e-05
8.7997937e-05
8.8042857e-05
8.8085819e-05
8.8126779e-05
8.8165692e-05
8.8202511e-05
8.8237189e-05
8.826968e-05
8.8299933e-05
8.8327899e-05
8.8353527e-05
8.8376766e-05
8.8397563e-05
8.8415863e-05
8.8431612e-05
8.8444755e-05
8.8455233e-05
8.8462989e-05
8.8467964e-05
8.8470096e-05
8.8469324e-05
8.8465586e-05
8.8458817e-05
8.8448951e-05
8.8435923e-05
8.8419663e-05
8.8400103e-05
8.8377171e-05
8.8350796e-05
8.8320903e-05
8.8287418e-05
8.8250265e-05
8.8209364e-05
8.8164635e-05
8.8115999e-05
8.8063371e-05
8.8006666e-05
8.7945799e-05
8.788068e-05
8.7811219e-05
8.7737326e-05
8.7658905e-05
8.7575862e-05
8.7488099e-05
8.7395516e-05
8.7298012e-05
8.7195484e-05
8.7087825e-05
8.6974928e-05
8.6856682e-05
8.6732977e-05
8.6603697e-05
8.6468725e-05
8.6327942e-05
8.6181226e-05
8.6028453e-05
8.5869496e-05
8.5704225e-05
8.5532509e-05
8.5354212e-05
8.5169196e-05
8.497732e-05
8.4778442e-05
8.4572414e-05
8.4359086e-05
8.4138306e-05
8.3909917e-05
8.367376e-05
8.3429672e-05
8.3177486e-05
8.2917033e-05
8.2648139e-05
8.2370627e-05
8.2084316e-05
8.178902e-05
8.1484551e-05
8.1170714e-05
8.0847314e-05
8.0514148e-05
8.0171009e-05
7.9817688e-05
7.9453967e-05
7.9079628e-05
7.8694443e-05
7.8298183e-05
7.7890611e-05
7.7471486e-05
7.704056e-05
7.6597579e-05
7.6142283e-05
7.5674407e-05
7.5193677e-05
7.4699812e-05
7.4192524e-05
7.3671518e-05
7.3136489e-05
7.2587126e-05
7.2023108e-05
7.1444104e-05
7.0849779e-05
7.0239784e-05
6.9613766e-05
6.8971363e-05
6.8312209e-05
6.7635931e-05
6.6942154e-05
6.6230503e-05
6.5500608e-05
6.4752102e-05
6.3984631e-05
6.3197858e-05
6.2391467e-05
6.1565172e-05
6.071872e-05
5.9851907e-05
5.8964577e-05
5.8056639e-05
5.7128072e-05
5.6178935e-05
5.5209381e-05
5.421966e-05
5.3210139e-05
8.7792489e-05
8.7844931e-05
8.7895584e-05
8.7944407e-05
8.7991357e-05
8.8036392e-05
8.8079469e-05
8.8120543e-05
8.8159568e-05
8.8196499e-05
8.8231289e-05
8.826389e-05
8.8294253e-05
8.8322328e-05
8.8348065e-05
8.8371411e-05
8.8392315e-05
8.8410721e-05
8.8426576e-05
8.8439824e-05
8.8450407e-05
8.8458267e-05
8.8463344e-05
8.846558e-05
8.846491e-05
8.8461274e-05
8.8454606e-05
8.8444841e-05
8.8431913e-05
8.8415753e-05
8.8396292e-05
8.8373459e-05
8.8347182e-05
8.8317387e-05
8.8284e-05
8.8246943e-05
8.8206139e-05
8.8161507e-05
8.8112967e-05
8.8060434e-05
8.8003825e-05
8.7943053e-05
8.7878028e-05
8.7808662e-05
8.7734863e-05
8.7656536e-05
8.7573587e-05
8.7485917e-05
8.7393427e-05
8.7296015e-05
8.7193579e-05
8.7086012e-05
8.6973207e-05
8.6855053e-05
8.6731439e-05
8.660225e-05
8.6467369e-05
8.6326677e-05
8.6180051e-05
8.6027369e-05
8.5868501e-05
8.5703321e-05
8.5531694e-05
8.5353486e-05
8.5168559e-05
8.4976772e-05
8.4777982e-05
8.4572042e-05
8.4358803e-05
8.413811e-05
8.3909809e-05
8.3673739e-05
8.3429738e-05
8.3177639e-05
8.2917272e-05
8.2648464e-05
8.2371038e-05
8.2084811e-05
8.17896e-05
8.1485215e-05
8.1171463e-05
8.0848146e-05
8.0515063e-05
8.0172007e-05
7.9818767e-05
7.9455128e-05
7.9080869e-05
7.8695765e-05
7.8299584e-05
7.7892091e-05
7.7473044e-05
7.7042195e-05
7.6599291e-05
7.6144071e-05
7.5676269e-05
7.5195613e-05
7.470182e-05
7.4194604e-05
7.3673668e-05
7.3138708e-05
7.2589412e-05
7.202546e-05
7.1446522e-05
7.0852259e-05
7.0242326e-05
6.9616368e-05
6.8974023e-05
6.8314925e-05
6.7638701e-05
6.6944976e-05
6.6233375e-05
6.5503527e-05
6.4755065e-05
6.3987637e-05
6.3200903e-05
6.2394549e-05
6.1568286e-05
6.0721865e-05
5.9855077e-05
5.896777e-05
5.805985e-05
5.7131298e-05
5.6182172e-05
5.5212624e-05
5.4222903e-05
5.3213379e-05
8.7785851e-05
8.7838405e-05
8.788917e-05
8.7938103e-05
8.7985162e-05
8.8030306e-05
8.807349e-05
8.8114671e-05
8.8153803e-05
8.8190839e-05
8.8225734e-05
8.8258439e-05
8.8288905e-05
8.8317083e-05
8.8342922e-05
8.836637e-05
8.8387374e-05
8.8405881e-05
8.8421835e-05
8.8435182e-05
8.8445863e-05
8.8453821e-05
8.8458996e-05
8.8461328e-05
8.8460755e-05
8.8457214e-05
8.8450641e-05
8.8440971e-05
8.8428137e-05
8.8412071e-05
8.8392704e-05
8.8369964e-05
8.8343779e-05
8.8314077e-05
8.8280782e-05
8.8243817e-05
8.8203103e-05
8.8158562e-05
8.8110112e-05
8.805767e-05
8.800115e-05
8.7940467e-05
8.7875532e-05
8.7806255e-05
8.7732544e-05
8.7654306e-05
8.7571444e-05
8.7483862e-05
8.7391459e-05
8.7294135e-05
8.7191786e-05
8.7084305e-05
8.6971587e-05
8.6853519e-05
8.6729991e-05
8.6600888e-05
8.6466093e-05
8.6325485e-05
8.6178945e-05
8.6026347e-05
8.5867565e-05
8.5702468e-05
8.5530926e-05
8.5352802e-05
8.5167958e-05
8.4976255e-05
8.4777549e-05
8.4571692e-05
8.4358535e-05
8.4137925e-05
8.3909706e-05
8.3673718e-05
8.3429799e-05
8.3177781e-05
8.2917496e-05
8.2648769e-05
8.2371423e-05
8.2085277e-05
8.1790145e-05
8.148584e-05
8.1172167e-05
8.0848928e-05
8.0515923e-05
8.0172945e-05
7.9819783e-05
7.945622e-05
7.9082037e-05
7.8697008e-05
7.8300903e-05
7.7893484e-05
7.747451e-05
7.7043734e-05
7.6600901e-05
7.6145752e-05
7.5678021e-05
7.5197433e-05
7.4703709e-05
7.419656e-05
7.367569e-05
7.3140795e-05
7.2591563e-05
7.2027673e-05
7.1448796e-05
7.0854593e-05
7.0244718e-05
6.9618816e-05
6.8976526e-05
6.8317481e-05
6.7641307e-05
6.6947631e-05
6.6236077e-05
6.5506273e-05
6.4757854e-05
6.3990465e-05
6.3203769e-05
6.2397448e-05
6.1571217e-05
6.0724823e-05
5.9858061e-05
5.8970774e-05
5.8062873e-05
5.7134333e-05
5.6185217e-05
5.5215675e-05
5.4225956e-05
5.3216429e-05
8.7779602e-05
8.7832262e-05
8.7883131e-05
8.7932167e-05
8.797933e-05
8.8024576e-05
8.8067862e-05
8.8109143e-05
8.8148375e-05
8.8185511e-05
8.8220504e-05
8.8253307e-05
8.8283871e-05
8.8312145e-05
8.833808e-05
8.8361623e-05
8.8382723e-05
8.8401324e-05
8.8417372e-05
8.8430812e-05
8.8441586e-05
8.8449635e-05
8.8454902e-05
8.8457325e-05
8.8456843e-05
8.8453392e-05
8.8446909e-05
8.8437329e-05
8.8424583e-05
8.8408605e-05
8.8389326e-05
8.8366674e-05
8.8340576e-05
8.8310961e-05
8.8277752e-05
8.8240873e-05
8.8200246e-05
8.815579e-05
8.8107425e-05
8.8055067e-05
8.7998632e-05
8.7938033e-05
8.7873182e-05
8.7803989e-05
8.7730361e-05
8.7652206e-05
8.7569427e-05
8.7481927e-05
8.7389607e-05
8.7292365e-05
8.7190097e-05
8.7082699e-05
8.6970061e-05
8.6852075e-05
8.6728628e-05
8.6599605e-05
8.646489e-05
8.6324364e-05
8.6177903e-05
8.6025385e-05
8.5866683e-05
8.5701666e-05
8.5530202e-05
8.5352157e-05
8.5167393e-05
8.4975768e-05
8.477714e-05
8.4571362e-05
8.4358283e-05
8.4137751e-05
8.3909609e-05
8.3673698e-05
8.3429856e-05
8.3177915e-05
8.2917706e-05
8.2649055e-05
8.2371785e-05
8.2085714e-05
8.1790658e-05
8.1486427e-05
8.1172828e-05
8.0849664e-05
8.0516732e-05
8.0173827e-05
7.9820737e-05
7.9457247e-05
7.9083136e-05
7.8698178e-05
7.8302143e-05
7.7894794e-05
7.7475889e-05
7.7045181e-05
7.6602416e-05
7.6147334e-05
7.5679669e-05
7.5199147e-05
7.4705486e-05
7.41984e-05
7.3677593e-05
7.3142759e-05
7.2593587e-05
7.2029756e-05
7.1450936e-05
7.0856789e-05
7.0246968e-05
6.9621119e-05
6.8978881e-05
6.8319885e-05
6.764376e-05
6.695013e-05
6.623862e-05
6.5508858e-05
6.4760479e-05
6.3993127e-05
6.3206465e-05
6.2400177e-05
6.1573975e-05
6.0727607e-05
5.9860868e-05
5.8973602e-05
5.8065716e-05
5.713719e-05
5.6188083e-05
5.5218546e-05
5.4228829e-05
5.3219299e-05
8.7773719e-05
8.7826478e-05
8.7877445e-05
8.792658e-05
8.7973839e-05
8.8019182e-05
8.8062563e-05
8.8103939e-05
8.8143265e-05
8.8180495e-05
8.8215581e-05
8.8248476e-05
8.8279131e-05
8.8307497e-05
8.8333522e-05
8.8357155e-05
8.8378344e-05
8.8397034e-05
8.841317e-05
8.8426698e-05
8.8437559e-05
8.8445695e-05
8.8451048e-05
8.8453557e-05
8.845316e-05
8.8449794e-05
8.8443396e-05
8.8433899e-05
8.8421238e-05
8.8405343e-05
8.8386146e-05
8.8363576e-05
8.8337561e-05
8.8308028e-05
8.82749e-05
8.8238102e-05
8.8197555e-05
8.815318e-05
8.8104895e-05
8.8052617e-05
8.7996262e-05
8.7935742e-05
8.787097e-05
8.7801855e-05
8.7728306e-05
8.7650229e-05
8.7567528e-05
8.7480106e-05
8.7387863e-05
8.7290698e-05
8.7188507e-05
8.7081186e-05
8.6968625e-05
8.6850715e-05
8.6727344e-05
8.6598398e-05
8.6463758e-05
8.6323307e-05
8.6176922e-05
8.6024479e-05
8.5865852e-05
8.5700909e-05
8.5529521e-05
8.535155e-05
8.516686e-05
8.4975309e-05
8.4776755e-05
8.457105e-05
8.4358045e-05
8.4137586e-05
8.3909517e-05
8.3673679e-05
8.3429909e-05
8.317804e-05
8.2917903e-05
8.2649323e-05
8.2372125e-05
8.2086125e-05
8.1791139e-05
8.1486979e-05
8.117345e-05
8.0850356e-05
8.0517493e-05
8.0174657e-05
7.9821635e-05
7.9458213e-05
7.9084169e-05
7.8699278e-05
7.8303309e-05
7.7896026e-05
7.7477186e-05
7.7046542e-05
7.6603841e-05
7.6148822e-05
7.5681219e-05
7.5200758e-05
7.4707158e-05
7.4200132e-05
7.3679383e-05
7.3144607e-05
7.2595491e-05
7.2031715e-05
7.1452949e-05
7.0858855e-05
7.0249086e-05
6.9623287e-05
6.8981097e-05
6.8322148e-05
6.7646068e-05
6.6952481e-05
6.6241013e-05
6.551129e-05
6.4762948e-05
6.3995631e-05
6.3209002e-05
6.2402744e-05
6.157657e-05
6.0730227e-05
5.986351e-05
5.8976263e-05
5.8068393e-05
5.7139879e-05
5.6190781e-05
5.5221249e-05
5.4231532e-05
5.3221999e-05
8.7768181e-05
8.7821033e-05
8.7872093e-05
8.792132e-05
8.7968671e-05
8.8014104e-05
8.8057575e-05
8.809904e-05
8.8138455e-05
8.8175773e-05
8.8210946e-05
8.8243928e-05
8.827467e-05
8.8303121e-05
8.8329232e-05
8.835295e-05
8.8374222e-05
8.8392996e-05
8.8409215e-05
8.8422825e-05
8.8433768e-05
8.8441987e-05
8.8447421e-05
8.845001e-05
8.8449694e-05
8.8446408e-05
8.8440089e-05
8.8430671e-05
8.8418088e-05
8.8402272e-05
8.8383153e-05
8.8360661e-05
8.8334723e-05
8.8305266e-05
8.8272215e-05
8.8235493e-05
8.8195023e-05
8.8150723e-05
8.8102514e-05
8.8050311e-05
8.799403e-05
8.7933585e-05
8.7868887e-05
8.7799846e-05
8.7726371e-05
8.7648367e-05
8.756574e-05
8.7478391e-05
8.7386221e-05
8.7289129e-05
8.7187011e-05
8.7079761e-05
8.6967273e-05
8.6849435e-05
8.6726135e-05
8.659726e-05
8.6462692e-05
8.6322312e-05
8.6175998e-05
8.6023626e-05
8.5865069e-05
8.5700197e-05
8.5528879e-05
8.5350978e-05
8.5166358e-05
8.4974877e-05
8.4776392e-05
8.4570756e-05
8.435782e-05
8.413743e-05
8.390943e-05
8.367366e-05
8.3429958e-05
8.3178157e-05
8.2918088e-05
8.2649576e-05
8.2372444e-05
8.2086511e-05
8.1791592e-05
8.1487498e-05
8.1174035e-05
8.0851006e-05
8.0518209e-05
8.0175437e-05
7.982248e-05
7.9459121e-05
7.9085141e-05
7.8700313e-05
7.8304406e-05
7.7897184e-05
7.7478406e-05
7.7047823e-05
7.6605182e-05
7.6150222e-05
7.5682678e-05
7.5202274e-05
7.4708731e-05
7.4201761e-05
7.3681067e-05
7.3146345e-05
7.2597282e-05
7.2033559e-05
7.1454843e-05
7.0860799e-05
7.0251078e-05
6.9625326e-05
6.8983182e-05
6.8324277e-05
6.7648239e-05
6.6954693e-05
6.6243264e-05
6.5513578e-05
6.4765271e-05
6.3997988e-05
6.321139e-05
6.240516e-05
6.1579012e-05
6.0732693e-05
5.9865996e-05
5.8978766e-05
5.8070911e-05
5.7142409e-05
5.6193319e-05
5.5223791e-05
5.4234076e-05
5.3224541e-05
8.7762967e-05
8.7815907e-05
8.7867055e-05
8.7916368e-05
8.7963805e-05
8.8009323e-05
8.8052879e-05
8.8094429e-05
8.8133927e-05
8.8171327e-05
8.8206584e-05
8.8239647e-05
8.827047e-05
8.8299002e-05
8.8325193e-05
8.834899e-05
8.8370342e-05
8.8389194e-05
8.8405492e-05
8.841918e-05
8.84302e-05
8.8438495e-05
8.8444006e-05
8.8446672e-05
8.844643e-05
8.844322e-05
8.8436976e-05
8.8427632e-05
8.8415123e-05
8.8399381e-05
8.8380335e-05
8.8357916e-05
8.8332051e-05
8.8302667e-05
8.8269688e-05
8.8233038e-05
8.8192639e-05
8.8148411e-05
8.8100272e-05
8.804814e-05
8.799193e-05
8.7931555e-05
8.7866927e-05
8.7797956e-05
8.772455e-05
8.7646615e-05
8.7564057e-05
8.7476777e-05
8.7384675e-05
8.7287652e-05
8.7185602e-05
8.707842e-05
8.6965999e-05
8.6848229e-05
8.6724997e-05
8.659619e-05
8.6461689e-05
8.6321376e-05
8.6175128e-05
8.6022823e-05
8.5864332e-05
8.5699527e-05
8.5528274e-05
8.5350439e-05
8.5165885e-05
8.4974469e-05
8.477605e-05
8.4570479e-05
8.4357608e-05
8.4137282e-05
8.3909347e-05
8.3673642e-05
8.3430004e-05
8.3178267e-05
8.2918261e-05
8.2649812e-05
8.2372744e-05
8.2086874e-05
8.1792018e-05
8.1487986e-05
8.1174585e-05
8.0851617e-05
8.0518881e-05
8.0176171e-05
7.9823274e-05
7.9459975e-05
7.9086055e-05
7.8701286e-05
7.8305438e-05
7.7898274e-05
7.7479554e-05
7.7049028e-05
7.6606443e-05
7.6151539e-05
7.568405e-05
7.52037e-05
7.4710211e-05
7.4203294e-05
7.3682651e-05
7.314798e-05
7.2598968e-05
7.2035293e-05
7.1456625e-05
7.0862628e-05
7.0252952e-05
6.9627245e-05
6.8985143e-05
6.832628e-05
6.7650282e-05
6.6956775e-05
6.6245382e-05
6.5515732e-05
6.4767458e-05
6.4000205e-05
6.3213636e-05
6.2407433e-05
6.1581309e-05
6.0735013e-05
5.9868335e-05
5.8981122e-05
5.8073281e-05
5.714479e-05
5.6195707e-05
5.5226185e-05
5.423647e-05
5.3226933e-05
8.7758059e-05
8.7811082e-05
8.7862312e-05
8.7911707e-05
8.7959225e-05
8.8004823e-05
8.8048459e-05
8.8090088e-05
8.8129665e-05
8.8167143e-05
8.8202477e-05
8.8235618e-05
8.8266517e-05
8.8295125e-05
8.8321391e-05
8.8345264e-05
8.836669e-05
8.8385616e-05
8.8401988e-05
8.8415749e-05
8.8426842e-05
8.8435209e-05
8.8440792e-05
8.8443529e-05
8.8443359e-05
8.8440219e-05
8.8434045e-05
8.8424772e-05
8.8412333e-05
8.839666e-05
8.8377683e-05
8.8355333e-05
8.8329536e-05
8.830022e-05
8.8267309e-05
8.8230727e-05
8.8190395e-05
8.8146234e-05
8.8098162e-05
8.8046097e-05
8.7989953e-05
8.7929644e-05
8.7865082e-05
8.7796177e-05
8.7722836e-05
8.7644967e-05
8.7562473e-05
8.7475258e-05
8.7383221e-05
8.7286261e-05
8.7184276e-05
8.7077158e-05
8.6964801e-05
8.6847094e-05
8.6723926e-05
8.6595181e-05
8.6460743e-05
8.6320493e-05
8.6174309e-05
8.6022066e-05
8.5863638e-05
8.5698894e-05
8.5527704e-05
8.5349931e-05
8.5165438e-05
8.4974085e-05
8.4775727e-05
8.4570218e-05
8.4357407e-05
8.4137143e-05
8.3909268e-05
8.3673624e-05
8.3430046e-05
8.3178369e-05
8.2918423e-05
8.2650035e-05
8.2373025e-05
8.2087215e-05
8.1792417e-05
8.1488444e-05
8.1175101e-05
8.0852192e-05
8.0519514e-05
8.017686e-05
7.9824021e-05
7.9460779e-05
7.9086914e-05
7.8702201e-05
7.8306408e-05
7.78993e-05
7.7480633e-05
7.7050161e-05
7.6607629e-05
7.6152778e-05
7.568534e-05
7.5205042e-05
7.4711603e-05
7.4204735e-05
7.3684142e-05
7.3149519e-05
7.2600553e-05
7.2036924e-05
7.1458302e-05
7.0864348e-05
7.0254716e-05
6.962905e-05
6.8986989e-05
6.8328165e-05
6.7652204e-05
6.6958733e-05
6.6247375e-05
6.5517758e-05
6.4769515e-05
6.4002292e-05
6.321575e-05
6.2409572e-05
6.1583472e-05
6.0737195e-05
5.9870536e-05
5.8983339e-05
5.8075511e-05
5.714703e-05
5.6197955e-05
5.5228436e-05
5.4238723e-05
5.3229183e-05
8.7753439e-05
8.7806541e-05
8.7857848e-05
8.7907319e-05
8.7954913e-05
8.8000588e-05
8.8044299e-05
8.8086002e-05
8.8125653e-05
8.8163205e-05
8.8198611e-05
8.8231825e-05
8.8262796e-05
8.8291476e-05
8.8317813e-05
8.8341756e-05
8.8363252e-05
8.8382248e-05
8.8398689e-05
8.8412519e-05
8.8423681e-05
8.8432116e-05
8.8437766e-05
8.8440571e-05
8.8440468e-05
8.8437395e-05
8.8431287e-05
8.842208e-05
8.8409706e-05
8.8394099e-05
8.8375187e-05
8.8352901e-05
8.8327169e-05
8.8297917e-05
8.826507e-05
8.8228552e-05
8.8188283e-05
8.8144185e-05
8.8096176e-05
8.8044174e-05
8.7988092e-05
8.7927845e-05
8.7863345e-05
8.7794501e-05
8.7721222e-05
8.7643414e-05
8.7560982e-05
8.7473827e-05
8.7381851e-05
8.7284952e-05
8.7183027e-05
8.7075969e-05
8.6963672e-05
8.6846026e-05
8.6722917e-05
8.6594232e-05
8.6459853e-05
8.6319662e-05
8.6173537e-05
8.6021353e-05
8.5862984e-05
8.5698299e-05
8.5527167e-05
8.5349453e-05
8.5165018e-05
8.4973723e-05
8.4775423e-05
8.4569971e-05
8.4357219e-05
8.4137011e-05
8.3909194e-05
8.3673606e-05
8.3430086e-05
8.3178466e-05
8.2918576e-05
8.2650243e-05
8.237329e-05
8.2087535e-05
8.1792793e-05
8.1488875e-05
8.1175587e-05
8.0852733e-05
8.0520109e-05
8.0177509e-05
7.9824723e-05
7.9461534e-05
7.9087723e-05
7.8703062e-05
7.8307321e-05
7.7900264e-05
7.7481649e-05
7.7051227e-05
7.6608745e-05
7.6153943e-05
7.5686554e-05
7.5206304e-05
7.4712913e-05
7.4206092e-05
7.3685544e-05
7.3150966e-05
7.2602045e-05
7.2038459e-05
7.145988e-05
7.0865967e-05
7.0256375e-05
6.9630748e-05
6.8988725e-05
6.8329938e-05
6.7654013e-05
6.6960576e-05
6.624925e-05
6.5519664e-05
6.477145e-05
6.4004255e-05
6.3217739e-05
6.2411585e-05
6.1585506e-05
6.0739249e-05
5.9872608e-05
5.8985426e-05
5.807761e-05
5.7149138e-05
5.620007e-05
5.5230556e-05
5.4240844e-05
5.3231301e-05
8.7802267e-05
8.7853646e-05
8.7903189e-05
8.7950855e-05
8.7996601e-05
8.8040382e-05
8.8082156e-05
8.8121876e-05
8.8159498e-05
8.8194973e-05
8.8228254e-05
8.8259293e-05
8.828804e-05
8.8314444e-05
8.8338454e-05
8.8360016e-05
8.8379078e-05
8.8395584e-05
8.8409478e-05
8.8420704e-05
8.8429204e-05
8.8434918e-05
8.8437786e-05
8.8437746e-05
8.8434735e-05
8.842869e-05
8.8419545e-05
8.8407233e-05
8.8391686e-05
8.8372836e-05
8.8350611e-05
8.8324939e-05
8.8295747e-05
8.826296e-05
8.82265e-05
8.8186291e-05
8.8142252e-05
8.8094302e-05
8.8042357e-05
8.7986334e-05
8.7926146e-05
8.7861704e-05
8.7792918e-05
8.7719698e-05
8.7641948e-05
8.7559573e-05
8.7472476e-05
8.7380558e-05
8.7283717e-05
8.7181849e-05
8.7074849e-05
8.6962609e-05
8.6845019e-05
8.6721967e-05
8.6593339e-05
8.6459016e-05
8.6318882e-05
8.6172812e-05
8.6020684e-05
8.586237e-05
8.5697741e-05
8.5526664e-05
8.5349004e-05
8.5164625e-05
8.4973384e-05
8.4775138e-05
8.4569741e-05
8.4357042e-05
8.4136889e-05
8.3909125e-05
8.3673591e-05
8.3430123e-05
8.3178556e-05
8.291872e-05
8.265044e-05
8.2373539e-05
8.2087837e-05
8.1793147e-05
8.148928e-05
8.1176044e-05
8.0853241e-05
8.0520668e-05
8.0178119e-05
7.9825383e-05
7.9462245e-05
7.9088483e-05
7.8703871e-05
7.830818e-05
7.7901171e-05
7.7482604e-05
7.7052229e-05
7.6609795e-05
7.6155039e-05
7.5687696e-05
7.5207491e-05
7.4714144e-05
7.4207367e-05
7.3686863e-05
7.3152327e-05
7.2603448e-05
7.2039903e-05
7.1461363e-05
7.0867489e-05
7.0257935e-05
6.9632345e-05
6.8990358e-05
6.8331605e-05
6.7655714e-05
6.6962308e-05
6.6251014e-05
6.5521456e-05
6.4773271e-05
6.4006101e-05
6.3219609e-05
6.2413478e-05
6.1587419e-05
6.0741181e-05
5.9874556e-05
5.8987388e-05
5.8079584e-05
5.7151122e-05
5.620206e-05
5.5232549e-05
5.4242838e-05
5.3233294e-05
8.7798243e-05
8.7849691e-05
8.7899303e-05
8.7947036e-05
8.7992849e-05
8.8036697e-05
8.8078536e-05
8.8118322e-05
8.8156009e-05
8.8191549e-05
8.8224894e-05
8.8255997e-05
8.8284807e-05
8.8311274e-05
8.8335346e-05
8.8356971e-05
8.8376094e-05
8.8392662e-05
8.8406617e-05
8.8417904e-05
8.8426464e-05
8.8432238e-05
8.8435165e-05
8.8435185e-05
8.8432233e-05
8.8426247e-05
8.841716e-05
8.8404906e-05
8.8389417e-05
8.8370625e-05
8.8348457e-05
8.8322842e-05
8.8293707e-05
8.8260976e-05
8.8224573e-05
8.8184419e-05
8.8140436e-05
8.8092541e-05
8.8040653e-05
8.7984685e-05
8.7924551e-05
8.7860164e-05
8.7791433e-05
8.7718267e-05
8.7640571e-05
8.7558251e-05
8.7471208e-05
8.7379344e-05
8.7282556e-05
8.7180742e-05
8.7073795e-05
8.6961609e-05
8.6844072e-05
8.6721073e-05
8.6592497e-05
8.6458228e-05
8.6318146e-05
8.6172129e-05
8.6020053e-05
8.5861791e-05
8.5697214e-05
8.5526189e-05
8.5348581e-05
8.5164253e-05
8.4973063e-05
8.4774869e-05
8.4569523e-05
8.4356875e-05
8.4136772e-05
8.3909059e-05
8.3673575e-05
8.3430158e-05
8.3178641e-05
8.2918855e-05
8.2650624e-05
8.2373773e-05
8.208812e-05
8.1793479e-05
8.1489662e-05
8.1176474e-05
8.0853719e-05
8.0521194e-05
8.0178693e-05
7.9826005e-05
7.9462913e-05
7.9089198e-05
7.8704633e-05
7.8308987e-05
7.7902024e-05
7.7483502e-05
7.7053173e-05
7.6610782e-05
7.615607e-05
7.568877e-05
7.5208608e-05
7.4715303e-05
7.4208567e-05
7.3688104e-05
7.3153608e-05
7.2604768e-05
7.2041261e-05
7.1462759e-05
7.0868922e-05
7.0259403e-05
6.9633848e-05
6.8991895e-05
6.8333175e-05
6.7657315e-05
6.696394e-05
6.6252674e-05
6.5523144e-05
6.4774984e-05
6.4007839e-05
6.322137e-05
6.241526e-05
6.1589221e-05
6.0743e-05
5.987639e-05
5.8989235e-05
5.8081442e-05
5.7152988e-05
5.6203933e-05
5.5234426e-05
5.4244716e-05
5.323517e-05
8.7794455e-05
8.7845968e-05
8.7895644e-05
8.7943441e-05
8.7989317e-05
8.8033227e-05
8.8075129e-05
8.8114977e-05
8.8152725e-05
8.8188325e-05
8.8221732e-05
8.8252894e-05
8.8281764e-05
8.8308291e-05
8.8332422e-05
8.8354105e-05
8.8373286e-05
8.8389911e-05
8.8403924e-05
8.8415268e-05
8.8423885e-05
8.8429715e-05
8.8432699e-05
8.8432774e-05
8.8429878e-05
8.8423947e-05
8.8414915e-05
8.8402716e-05
8.8387282e-05
8.8368543e-05
8.8346429e-05
8.8320868e-05
8.8291786e-05
8.8259108e-05
8.8222758e-05
8.8182657e-05
8.8138726e-05
8.8090884e-05
8.8039047e-05
8.7983131e-05
8.7923049e-05
8.7858714e-05
8.7790034e-05
8.7716919e-05
8.7639275e-05
8.7557005e-05
8.7470014e-05
8.73782e-05
8.7281463e-05
8.7179699e-05
8.7072803e-05
8.6960667e-05
8.684318e-05
8.6720231e-05
8.6591706e-05
8.6457486e-05
8.6317453e-05
8.6171486e-05
8.6019459e-05
8.5861246e-05
8.5696718e-05
8.5525742e-05
8.5348183e-05
8.5163903e-05
8.4972762e-05
8.4774615e-05
8.4569317e-05
8.4356717e-05
8.4136663e-05
8.3908997e-05
8.3673561e-05
8.3430191e-05
8.3178721e-05
8.2918981e-05
8.2650798e-05
8.2373993e-05
8.2088386e-05
8.1793791e-05
8.149002e-05
8.1176878e-05
8.0854168e-05
8.0521689e-05
8.0179233e-05
7.9826589e-05
7.9463542e-05
7.9089871e-05
7.8705349e-05
7.8309747e-05
7.7902827e-05
7.7484347e-05
7.705406e-05
7.6611711e-05
7.615704e-05
7.5689781e-05
7.5209659e-05
7.4716394e-05
7.4209697e-05
7.3689271e-05
7.3154813e-05
7.260601e-05
7.204254e-05
7.1464073e-05
7.087027e-05
7.0260785e-05
6.9635263e-05
6.8993341e-05
6.8334651e-05
6.7658821e-05
6.6965474e-05
6.6254236e-05
6.5524732e-05
6.4776596e-05
6.4009475e-05
6.3223027e-05
6.2416937e-05
6.1590916e-05
6.0744711e-05
5.9878116e-05
5.8990973e-05
5.808319e-05
5.7154745e-05
5.6205695e-05
5.5236191e-05
5.4246482e-05
5.3236935e-05
8.7842465e-05
8.7892201e-05
8.7940057e-05
8.7985992e-05
8.8029962e-05
8.8071922e-05
8.8111828e-05
8.8149634e-05
8.8185292e-05
8.8218755e-05
8.8249974e-05
8.82789e-05
8.8305482e-05
8.8329669e-05
8.8351407e-05
8.8370643e-05
8.8387322e-05
8.8401389e-05
8.8412787e-05
8.8421457e-05
8.8427341e-05
8.8430377e-05
8.8430505e-05
8.8427661e-05
8.8421782e-05
8.8412801e-05
8.8400654e-05
8.8385271e-05
8.8366583e-05
8.8344519e-05
8.8319008e-05
8.8289976e-05
8.8257348e-05
8.8221047e-05
8.8180995e-05
8.8137113e-05
8.8089319e-05
8.8037531e-05
8.7981663e-05
8.792163e-05
8.7857343e-05
8.7788712e-05
8.7715645e-05
8.7638049e-05
8.7555828e-05
8.7468885e-05
8.737712e-05
8.7280431e-05
8.7178716e-05
8.7071868e-05
8.6959779e-05
8.6842341e-05
8.6719439e-05
8.6590961e-05
8.6456788e-05
8.6316803e-05
8.6170882e-05
8.6018901e-05
8.5860735e-05
8.5696253e-05
8.5525322e-05
8.5347809e-05
8.5163575e-05
8.4972479e-05
8.4774378e-05
8.4569125e-05
8.435657e-05
8.413656e-05
8.3908939e-05
8.3673547e-05
8.3430222e-05
8.3178796e-05
8.29191e-05
8.2650961e-05
8.23742e-05
8.2088636e-05
8.1794085e-05
8.1490357e-05
8.1177258e-05
8.0854591e-05
8.0522154e-05
8.017974e-05
7.9827138e-05
7.9464133e-05
7.9090503e-05
7.8706023e-05
7.8310461e-05
7.7903581e-05
7.7485142e-05
7.7054894e-05
7.6612584e-05
7.6157952e-05
7.5690731e-05
7.5210647e-05
7.4717419e-05
7.4210758e-05
7.3690369e-05
7.3155946e-05
7.2607177e-05
7.2043741e-05
7.1465307e-05
7.0871537e-05
7.0262084e-05
6.9636592e-05
6.89947e-05
6.833604e-05
6.7660237e-05
6.6966917e-05
6.6255704e-05
6.5526224e-05
6.4778112e-05
6.4011012e-05
6.3224585e-05
6.2418513e-05
6.1592509e-05
6.074632e-05
5.9879738e-05
5.8992608e-05
5.8084835e-05
5.7156397e-05
5.6207353e-05
5.5237852e-05
5.4248144e-05
5.3238595e-05
8.7839168e-05
8.788896e-05
8.7936873e-05
8.7982864e-05
8.8026889e-05
8.8068905e-05
8.8108865e-05
8.8146725e-05
8.8182437e-05
8.8215953e-05
8.8247226e-05
8.8276205e-05
8.8302839e-05
8.8327078e-05
8.8348868e-05
8.8368156e-05
8.8384886e-05
8.8399004e-05
8.8410452e-05
8.8419173e-05
8.8425106e-05
8.8428192e-05
8.842837e-05
8.8425575e-05
8.8419745e-05
8.8410813e-05
8.8398714e-05
8.8383379e-05
8.8364739e-05
8.8342723e-05
8.8317259e-05
8.8288274e-05
8.8255693e-05
8.8219439e-05
8.8179433e-05
8.8135598e-05
8.808785e-05
8.8036108e-05
8.7980287e-05
8.7920299e-05
8.7856058e-05
8.7787473e-05
8.7714451e-05
8.7636901e-05
8.7554725e-05
8.7467827e-05
8.7376107e-05
8.7279464e-05
8.7177793e-05
8.7070989e-05
8.6958946e-05
8.6841551e-05
8.6718694e-05
8.659026e-05
8.6456131e-05
8.6316189e-05
8.6170312e-05
8.6018376e-05
8.5860253e-05
8.5695814e-05
8.5524926e-05
8.5347456e-05
8.5163265e-05
8.4972212e-05
8.4774153e-05
8.4568943e-05
8.435643e-05
8.4136462e-05
8.3908883e-05
8.3673534e-05
8.343025e-05
8.3178866e-05
8.2919212e-05
8.2651114e-05
8.2374394e-05
8.2088872e-05
8.1794361e-05
8.1490673e-05
8.1177615e-05
8.0854988e-05
8.0522591e-05
8.0180217e-05
7.9827655e-05
7.9464689e-05
7.9091098e-05
7.8706657e-05
7.8311133e-05
7.7904291e-05
7.7485889e-05
7.7055679e-05
7.6613406e-05
7.615881e-05
7.5691625e-05
7.5211577e-05
7.4718384e-05
7.4211757e-05
7.3691402e-05
7.3157013e-05
7.2608277e-05
7.2044872e-05
7.146647e-05
7.087273e-05
7.0263307e-05
6.9637844e-05
6.899598e-05
6.8337347e-05
6.766157e-05
6.6968276e-05
6.6257086e-05
6.552763e-05
6.4779539e-05
6.401246e-05
6.3226051e-05
6.2419998e-05
6.159401e-05
6.0747835e-05
5.9881266e-05
5.8994146e-05
5.8086383e-05
5.7157952e-05
5.6208913e-05
5.5239416e-05
5.4249708e-05
5.3240158e-05
8.7836064e-05
8.788591e-05
8.7933876e-05
8.7979919e-05
8.8023997e-05
8.8066064e-05
8.8106076e-05
8.8143987e-05
8.817975e-05
8.8213317e-05
8.8244639e-05
8.8273668e-05
8.8300352e-05
8.832464e-05
8.8346478e-05
8.8365815e-05
8.8382593e-05
8.8396759e-05
8.8408255e-05
8.8417023e-05
8.8423003e-05
8.8426136e-05
8.842636e-05
8.8423612e-05
8.8417828e-05
8.8408942e-05
8.8396888e-05
8.8381598e-05
8.8363003e-05
8.8341032e-05
8.8315613e-05
8.8286673e-05
8.8254136e-05
8.8217925e-05
8.8177964e-05
8.8134172e-05
8.8086468e-05
8.803477e-05
8.7978991e-05
8.7919047e-05
8.7854849e-05
8.7786306e-05
8.7713328e-05
8.763582e-05
8.7553687e-05
8.7466831e-05
8.7375154e-05
8.7278552e-05
8.7176924e-05
8.7070162e-05
8.695816e-05
8.6840808e-05
8.6717992e-05
8.6589599e-05
8.6455512e-05
8.6315612e-05
8.6169776e-05
8.601788e-05
8.5859798e-05
8.56954e-05
8.5524553e-05
8.5347123e-05
8.5162972e-05
8.497196e-05
8.4773941e-05
8.4568771e-05
8.4356298e-05
8.413637e-05
8.3908831e-05
8.367352e-05
8.3430276e-05
8.3178932e-05
8.2919317e-05
8.2651257e-05
8.2374576e-05
8.2089092e-05
8.179462e-05
8.1490971e-05
8.1177951e-05
8.0855362e-05
8.0523003e-05
8.0180666e-05
7.9828141e-05
7.9465212e-05
7.9091658e-05
7.8707252e-05
7.8311765e-05
7.7904959e-05
7.7486593e-05
7.7056417e-05
7.6614179e-05
7.6159618e-05
7.5692466e-05
7.5212451e-05
7.4719291e-05
7.4212697e-05
7.3692374e-05
7.3158016e-05
7.2609311e-05
7.2045937e-05
7.1467563e-05
7.0873853e-05
7.0264457e-05
6.9639022e-05
6.8997184e-05
6.8338576e-05
6.7662825e-05
6.6969554e-05
6.6258387e-05
6.5528952e-05
6.4780882e-05
6.4013822e-05
6.3227431e-05
6.2421394e-05
6.1595421e-05
6.074926e-05
5.9882703e-05
5.8995594e-05
5.8087839e-05
5.7159415e-05
5.6210381e-05
5.5240887e-05
5.425118e-05
5.3241628e-05
8.788304e-05
8.7931055e-05
8.7977148e-05
8.8021275e-05
8.8063391e-05
8.8103451e-05
8.814141e-05
8.8177221e-05
8.8210835e-05
8.8242205e-05
8.827128e-05
8.8298011e-05
8.8322345e-05
8.8344229e-05
8.8363611e-05
8.8380435e-05
8.8394646e-05
8.8406187e-05
8.8414999e-05
8.8421024e-05
8.8424201e-05
8.8424468e-05
8.8421764e-05
8.8416023e-05
8.840718e-05
8.8395169e-05
8.8379922e-05
8.8361369e-05
8.833944e-05
8.8314063e-05
8.8285164e-05
8.8252668e-05
8.8216499e-05
8.8176578e-05
8.8132827e-05
8.8085163e-05
8.8033505e-05
8.7977767e-05
8.7917863e-05
8.7853704e-05
8.7785202e-05
8.7712264e-05
8.7634797e-05
8.7552704e-05
8.7465889e-05
8.7374251e-05
8.727769e-05
8.7176102e-05
8.7069381e-05
8.6957419e-05
8.6840106e-05
8.6717331e-05
8.6588978e-05
8.645493e-05
8.6315069e-05
8.6169272e-05
8.6017415e-05
8.5859371e-05
8.5695012e-05
8.5524203e-05
8.5346812e-05
8.5162699e-05
8.4971724e-05
8.4773743e-05
8.456861e-05
8.4356175e-05
8.4136284e-05
8.3908782e-05
8.3673509e-05
8.3430302e-05
8.3178994e-05
8.2919415e-05
8.2651393e-05
8.2374748e-05
8.20893e-05
8.1794865e-05
8.1491251e-05
8.1178267e-05
8.0855713e-05
8.0523389e-05
8.0181088e-05
7.9828598e-05
7.9465703e-05
7.9092184e-05
7.8707813e-05
7.8312359e-05
7.7905587e-05
7.7487254e-05
7.7057111e-05
7.6614906e-05
7.6160377e-05
7.5693257e-05
7.5213273e-05
7.4720144e-05
7.4213581e-05
7.3693287e-05
7.3158959e-05
7.2610282e-05
7.2046937e-05
7.1468591e-05
7.0874908e-05
7.0265539e-05
6.9640129e-05
6.8998316e-05
6.8339732e-05
6.7664004e-05
6.6970755e-05
6.625961e-05
6.5530195e-05
6.4782144e-05
6.4015102e-05
6.3228728e-05
6.2422707e-05
6.1596748e-05
6.07506e-05
5.9884055e-05
5.8996955e-05
5.8089208e-05
5.7160791e-05
5.6211762e-05
5.524227e-05
5.4252564e-05
5.3243011e-05
8.7880338e-05
8.7928401e-05
8.797454e-05
8.8018713e-05
8.8060875e-05
8.8100981e-05
8.8138986e-05
8.8174841e-05
8.82085e-05
8.8239914e-05
8.8269034e-05
8.8295808e-05
8.8320185e-05
8.8342113e-05
8.8361538e-05
8.8378405e-05
8.8392658e-05
8.8404241e-05
8.8413095e-05
8.8419161e-05
8.842238e-05
8.8422689e-05
8.8420025e-05
8.8414325e-05
8.8405522e-05
8.8393552e-05
8.8378344e-05
8.8359831e-05
8.8337942e-05
8.8312604e-05
8.8283745e-05
8.8251288e-05
8.8215158e-05
8.8175276e-05
8.8131564e-05
8.8083939e-05
8.8032319e-05
8.797662e-05
8.7916754e-05
8.7852634e-05
8.778417e-05
8.7711269e-05
8.763384e-05
8.7551785e-05
8.7465007e-05
8.7373407e-05
8.7276883e-05
8.7175332e-05
8.7068648e-05
8.6956723e-05
8.6839448e-05
8.6716709e-05
8.6588393e-05
8.6454382e-05
8.6314557e-05
8.6168796e-05
8.6016976e-05
8.5858968e-05
8.5694645e-05
8.5523873e-05
8.5346517e-05
8.516244e-05
8.49715e-05
8.4773555e-05
8.4568457e-05
8.4356057e-05
8.4136202e-05
8.3908735e-05
8.3673497e-05
8.3430324e-05
8.3179051e-05
8.2919507e-05
8.2651519e-05
8.2374909e-05
8.2089496e-05
8.1795094e-05
8.1491514e-05
8.1178563e-05
8.0856044e-05
8.0523753e-05
8.0181485e-05
7.9829028e-05
7.9466166e-05
7.9092679e-05
7.870834e-05
7.8312918e-05
7.7906178e-05
7.7487876e-05
7.7057764e-05
7.661559e-05
7.6161091e-05
7.5694001e-05
7.5214047e-05
7.4720947e-05
7.4214413e-05
7.3694147e-05
7.3159847e-05
7.2611197e-05
7.2047878e-05
7.1469559e-05
7.0875901e-05
7.0266557e-05
6.9641171e-05
6.8999382e-05
6.8340821e-05
6.7665114e-05
6.6971886e-05
6.6260761e-05
6.5531365e-05
6.4783333e-05
6.4016307e-05
6.322995e-05
6.2423943e-05
6.1597998e-05
6.0751862e-05
5.9885327e-05
5.8998237e-05
5.8090498e-05
5.7162086e-05
5.6213061e-05
5.5243572e-05
5.4253867e-05
5.3244313e-05
8.7925904e-05
8.7972086e-05
8.8016303e-05
8.8058508e-05
8.8098657e-05
8.8136704e-05
8.8172601e-05
8.8206303e-05
8.8237758e-05
8.8266919e-05
8.8293735e-05
8.8318153e-05
8.8340121e-05
8.8359586e-05
8.8376493e-05
8.8390786e-05
8.8402409e-05
8.8411302e-05
8.8417409e-05
8.8420666e-05
8.8421014e-05
8.8418389e-05
8.8412727e-05
8.8403963e-05
8.839203e-05
8.837686e-05
8.8358384e-05
8.8336532e-05
8.8311231e-05
8.8282408e-05
8.8249987e-05
8.8213894e-05
8.8174048e-05
8.8130372e-05
8.8082783e-05
8.8031199e-05
8.7975535e-05
8.7915705e-05
8.785162e-05
8.7783191e-05
8.7710327e-05
8.7632933e-05
8.7550913e-05
8.7464171e-05
8.7372607e-05
8.7276119e-05
8.7174604e-05
8.7067955e-05
8.6956066e-05
8.6838826e-05
8.6716122e-05
8.6587841e-05
8.6453865e-05
8.6314075e-05
8.6168349e-05
8.6016563e-05
8.585859e-05
8.56943e-05
8.5523562e-05
8.534624e-05
8.5162197e-05
8.4971291e-05
8.4773379e-05
8.4568315e-05
8.4355948e-05
8.4136125e-05
8.3908691e-05
8.3673486e-05
8.3430346e-05
8.3179106e-05
8.2919594e-05
8.2651638e-05
8.237506e-05
8.2089679e-05
8.1795309e-05
8.1491761e-05
8.1178842e-05
8.0856354e-05
8.0524095e-05
8.0181858e-05
7.9829431e-05
7.94666e-05
7.9093144e-05
7.8708835e-05
7.8313444e-05
7.7906733e-05
7.748846e-05
7.7058378e-05
7.6616232e-05
7.6161762e-05
7.5694701e-05
7.5214774e-05
7.4721702e-05
7.4215194e-05
7.3694956e-05
7.3160681e-05
7.2612057e-05
7.2048763e-05
7.1470468e-05
7.0876834e-05
7.0267513e-05
6.964215e-05
6.9000383e-05
6.8341843e-05
6.7666157e-05
6.6972949e-05
6.6261843e-05
6.5532465e-05
6.4784449e-05
6.401744e-05
6.3231098e-05
6.2425105e-05
6.1599172e-05
6.0753048e-05
5.9886523e-05
5.8999442e-05
5.809171e-05
5.7163304e-05
5.6214283e-05
5.5244797e-05
5.4255092e-05
5.3245537e-05
8.7923553e-05
8.7969777e-05
8.8014034e-05
8.805628e-05
8.8096469e-05
8.8134556e-05
8.8170494e-05
8.8204234e-05
8.823573e-05
8.8264929e-05
8.8291784e-05
8.831624e-05
8.8338247e-05
8.835775e-05
8.8374695e-05
8.8389025e-05
8.8400685e-05
8.8409616e-05
8.8415759e-05
8.8419053e-05
8.8419437e-05
8.8416848e-05
8.8411223e-05
8.8402494e-05
8.8390597e-05
8.8375463e-05
8.8357022e-05
8.8335205e-05
8.8309939e-05
8.8281151e-05
8.8248766e-05
8.8212707e-05
8.8172896e-05
8.8129254e-05
8.8081699e-05
8.8030149e-05
8.7974519e-05
8.7914722e-05
8.7850672e-05
8.7782277e-05
8.7709446e-05
8.7632085e-05
8.7550099e-05
8.746339e-05
8.7371859e-05
8.7275404e-05
8.7173922e-05
8.7067306e-05
8.695545e-05
8.6838242e-05
8.6715571e-05
8.6587322e-05
8.6453379e-05
8.6313621e-05
8.6167928e-05
8.6016174e-05
8.5858233e-05
8.5693975e-05
8.5523269e-05
8.5345978e-05
8.5161967e-05
8.4971092e-05
8.4773212e-05
8.4568179e-05
8.4355843e-05
8.4136052e-05
8.3908649e-05
8.3673475e-05
8.3430366e-05
8.3179156e-05
8.2919675e-05
8.265175e-05
8.2375202e-05
8.2089851e-05
8.1795512e-05
8.1491994e-05
8.1179104e-05
8.0856646e-05
8.0524416e-05
8.0182208e-05
7.9829811e-05
7.9467009e-05
7.9093581e-05
7.8709301e-05
7.8313938e-05
7.7907255e-05
7.7489011e-05
7.7058956e-05
7.6616837e-05
7.6162394e-05
7.5695359e-05
7.5215459e-05
7.4722412e-05
7.421593e-05
7.3695716e-05
7.3161466e-05
7.2612867e-05
7.2049596e-05
7.1471325e-05
7.0877713e-05
7.0268414e-05
6.9643073e-05
6.9001326e-05
6.8342806e-05
6.7667139e-05
6.697395e-05
6.6262862e-05
6.5533501e-05
6.4785501e-05
6.4018507e-05
6.3232179e-05
6.2426199e-05
6.1600278e-05
6.0754165e-05
5.9887649e-05
5.9000576e-05
5.8092851e-05
5.7164451e-05
5.6215434e-05
5.5245949e-05
5.4256246e-05
5.324669e-05
8.7967604e-05
8.80119e-05
8.8054184e-05
8.8094411e-05
8.8132535e-05
8.816851e-05
8.8202288e-05
8.823382e-05
8.8263057e-05
8.8289947e-05
8.831444e-05
8.8336483e-05
8.8356022e-05
8.8373001e-05
8.8387367e-05
8.8399064e-05
8.8408031e-05
8.8414207e-05
8.8417532e-05
8.8417949e-05
8.8415395e-05
8.8409805e-05
8.8401111e-05
8.8389247e-05
8.8374147e-05
8.835574e-05
8.8333956e-05
8.8308723e-05
8.8279968e-05
8.8247615e-05
8.8211588e-05
8.817181e-05
8.81282e-05
8.8080677e-05
8.8029158e-05
8.797356e-05
8.7913795e-05
8.7849775e-05
8.7781411e-05
8.7708612e-05
8.7631282e-05
8.7549327e-05
8.746265e-05
8.737115e-05
8.7274727e-05
8.7173276e-05
8.7066692e-05
8.6954867e-05
8.6837691e-05
8.6715051e-05
8.6586833e-05
8.6452921e-05
8.6313194e-05
8.6167531e-05
8.6015808e-05
8.5857897e-05
8.569367e-05
8.5522993e-05
8.5345733e-05
8.5161751e-05
8.4970906e-05
8.4773056e-05
8.4568052e-05
8.4355746e-05
8.4135984e-05
8.390861e-05
8.3673465e-05
8.3430385e-05
8.3179204e-05
8.2919752e-05
8.2651855e-05
8.2375336e-05
8.2090013e-05
8.1795702e-05
8.1492212e-05
8.1179351e-05
8.085692e-05
8.0524718e-05
8.0182538e-05
7.9830168e-05
7.9467394e-05
7.9093993e-05
7.8709739e-05
7.8314403e-05
7.7907746e-05
7.7489528e-05
7.7059499e-05
7.6617406e-05
7.6162988e-05
7.5695978e-05
7.5216102e-05
7.472308e-05
7.4216622e-05
7.3696431e-05
7.3162204e-05
7.2613628e-05
7.2050379e-05
7.1472129e-05
7.0878539e-05
7.0269261e-05
6.9643939e-05
6.9002212e-05
6.8343711e-05
6.7668062e-05
6.697489e-05
6.6263819e-05
6.5534474e-05
6.478649e-05
6.401951e-05
6.3233194e-05
6.2427227e-05
6.1601318e-05
6.0755214e-05
5.9888708e-05
5.9001642e-05
5.8093923e-05
5.7165528e-05
5.6216515e-05
5.5247033e-05
5.425733e-05
5.3247773e-05
8.7965559e-05
8.8009891e-05
8.8052211e-05
8.8092474e-05
8.8130635e-05
8.8166645e-05
8.8200458e-05
8.8232024e-05
8.8261295e-05
8.828822e-05
8.8312747e-05
8.8334824e-05
8.8354396e-05
8.8371408e-05
8.8385808e-05
8.8397539e-05
8.8406539e-05
8.8412745e-05
8.84161e-05
8.8416548e-05
8.8414027e-05
8.8408469e-05
8.8399808e-05
8.8387978e-05
8.837291e-05
8.8354535e-05
8.8332783e-05
8.8307581e-05
8.8278857e-05
8.8246535e-05
8.8210539e-05
8.8170791e-05
8.8127211e-05
8.8079718e-05
8.8028229e-05
8.797266e-05
8.7912925e-05
8.7848935e-05
8.7780601e-05
8.7707831e-05
8.7630531e-05
8.7548606e-05
8.7461958e-05
8.7370488e-05
8.7274094e-05
8.7172672e-05
8.7066117e-05
8.6954321e-05
8.6837174e-05
8.6714563e-05
8.6586374e-05
8.645249e-05
8.6312792e-05
8.6167157e-05
8.6015462e-05
8.585758e-05
8.5693381e-05
8.5522733e-05
8.5345501e-05
8.5161547e-05
8.497073e-05
8.4772907e-05
8.4567931e-05
8.4355653e-05
8.4135918e-05
8.3908572e-05
8.3673454e-05
8.3430401e-05
8.3179248e-05
8.2919823e-05
8.2651953e-05
8.2375461e-05
8.2090165e-05
8.179588e-05
8.1492417e-05
8.1179583e-05
8.0857178e-05
8.0525002e-05
8.0182848e-05
7.9830504e-05
7.9467755e-05
7.909438e-05
7.8710152e-05
7.831484e-05
7.7908209e-05
7.7490014e-05
7.706001e-05
7.6617941e-05
7.6163547e-05
7.569656e-05
7.5216708e-05
7.4723708e-05
7.4217273e-05
7.3697105e-05
7.3162899e-05
7.2614344e-05
7.2051117e-05
7.1472887e-05
7.0879317e-05
7.0270058e-05
6.9644755e-05
6.9003047e-05
6.8344563e-05
6.7668932e-05
6.6975776e-05
6.626472e-05
6.5535391e-05
6.478742e-05
6.4020454e-05
6.3234151e-05
6.2428195e-05
6.1602296e-05
6.0756203e-05
5.9889705e-05
5.9002646e-05
5.8094934e-05
5.7166543e-05
5.6217533e-05
5.5248053e-05
5.4258351e-05
5.3248794e-05
8.8008002e-05
8.8050355e-05
8.8090652e-05
8.8128845e-05
8.8164889e-05
8.8198734e-05
8.8230334e-05
8.8259637e-05
8.8286594e-05
8.8311154e-05
8.8333262e-05
8.8352866e-05
8.8369908e-05
8.8384338e-05
8.8396098e-05
8.8405147e-05
8.8411386e-05
8.8414757e-05
8.8415198e-05
8.8412753e-05
8.8407218e-05
8.8398585e-05
8.8386783e-05
8.8371745e-05
8.8353399e-05
8.8331677e-05
8.8306505e-05
8.8277809e-05
8.8245516e-05
8.8209548e-05
8.8169828e-05
8.8126276e-05
8.8078811e-05
8.8027351e-05
8.7971809e-05
8.7912102e-05
8.784814e-05
8.7779833e-05
8.7707091e-05
8.7629818e-05
8.7547921e-05
8.7461301e-05
8.7369858e-05
8.7273492e-05
8.7172098e-05
8.7065571e-05
8.6953803e-05
8.6836684e-05
8.6714101e-05
8.658594e-05
8.6452083e-05
8.6312412e-05
8.6166805e-05
8.6015138e-05
8.5857282e-05
8.569311e-05
8.5522489e-05
8.5345283e-05
8.5161356e-05
8.4970565e-05
8.4772769e-05
8.4567819e-05
8.4355566e-05
8.4135858e-05
8.3908537e-05
8.3673445e-05
8.3430418e-05
8.317929e-05
8.291989e-05
8.2652046e-05
8.2375579e-05
8.2090308e-05
8.1796049e-05
8.149261e-05
8.11798e-05
8.0857421e-05
8.0525269e-05
8.0183139e-05
7.983082e-05
7.9468095e-05
7.9094743e-05
7.8710539e-05
7.8315251e-05
7.7908643e-05
7.7490472e-05
7.706049e-05
7.6618444e-05
7.6164072e-05
7.5697108e-05
7.5217277e-05
7.4724299e-05
7.4217884e-05
7.3697737e-05
7.3163552e-05
7.2615017e-05
7.2051809e-05
7.1473599e-05
7.0880047e-05
7.0270807e-05
6.9645522e-05
6.900383e-05
6.8345364e-05
6.7669748e-05
6.6976608e-05
6.6265567e-05
6.5536252e-05
6.4788295e-05
6.4021341e-05
6.323505e-05
6.2429105e-05
6.1603216e-05
6.0757131e-05
5.9890641e-05
5.900359e-05
5.8095883e-05
5.7167497e-05
5.621849e-05
5.5249012e-05
5.4259311e-05
5.3249753e-05
8.8006222e-05
8.8048607e-05
8.8088935e-05
8.812716e-05
8.8163235e-05
8.8197112e-05
8.8228742e-05
8.8258076e-05
8.8285064e-05
8.8309653e-05
8.8331792e-05
8.8351425e-05
8.8368496e-05
8.8382956e-05
8.8394748e-05
8.8403825e-05
8.8410093e-05
8.8413493e-05
8.8413928e-05
8.8411563e-05
8.8406047e-05
8.8397437e-05
8.8385662e-05
8.837065e-05
8.8352332e-05
8.8330637e-05
8.8305492e-05
8.8276824e-05
8.8244557e-05
8.8208616e-05
8.8168923e-05
8.8125398e-05
8.807796e-05
8.8026526e-05
8.7971011e-05
8.791133e-05
8.7847395e-05
8.7779115e-05
8.7706398e-05
8.7629153e-05
8.7547281e-05
8.7460688e-05
8.7369271e-05
8.7272931e-05
8.7171563e-05
8.7065062e-05
8.695332e-05
8.6836226e-05
8.6713669e-05
8.6585533e-05
8.6451702e-05
8.6312057e-05
8.6166475e-05
8.6014833e-05
8.5857002e-05
8.5692855e-05
8.5522259e-05
8.5345078e-05
8.5161175e-05
8.4970409e-05
8.4772637e-05
8.4567712e-05
8.4355484e-05
8.41358e-05
8.3908504e-05
8.3673436e-05
8.3430433e-05
8.3179329e-05
8.2919953e-05
8.2652133e-05
8.237569e-05
8.2090443e-05
8.1796206e-05
8.1492792e-05
8.1180005e-05
8.0857649e-05
8.052552e-05
8.0183414e-05
7.9831117e-05
7.9468415e-05
7.9095085e-05
7.8710904e-05
7.8315638e-05
7.7909051e-05
7.7490902e-05
7.7060942e-05
7.6618917e-05
7.6164566e-05
7.5697623e-05
7.5217813e-05
7.4724855e-05
7.421846e-05
7.3698333e-05
7.3164167e-05
7.261565e-05
7.2052461e-05
7.1474269e-05
7.0880735e-05
7.0271512e-05
6.9646244e-05
6.9004569e-05
6.8346118e-05
6.7670518e-05
6.6977392e-05
6.6266365e-05
6.5537063e-05
6.4789118e-05
6.4022176e-05
6.3235896e-05
6.2429961e-05
6.1604082e-05
6.0758006e-05
5.9891523e-05
5.9004478e-05
5.8096777e-05
5.7168395e-05
5.6219392e-05
5.5249916e-05
5.4260215e-05
5.3250656e-05
8.8004546e-05
8.8046962e-05
8.808732e-05
8.8125574e-05
8.8161679e-05
8.8195585e-05
8.8227244e-05
8.8256607e-05
8.8283623e-05
8.8308242e-05
8.8330409e-05
8.835007e-05
8.8367169e-05
8.8381654e-05
8.8393476e-05
8.8402585e-05
8.8408879e-05
8.8412302e-05
8.841274e-05
8.8410435e-05
8.8404941e-05
8.8396356e-05
8.8384606e-05
8.836962e-05
8.8351328e-05
8.8329658e-05
8.8304539e-05
8.8275896e-05
8.8243655e-05
8.820774e-05
8.8168072e-05
8.8124572e-05
8.8077159e-05
8.802575e-05
8.7970261e-05
8.7910605e-05
8.7846694e-05
8.7778439e-05
8.7705748e-05
8.7628527e-05
8.754668e-05
8.7460111e-05
8.7368719e-05
8.7272404e-05
8.717106e-05
8.7064583e-05
8.6952865e-05
8.6835796e-05
8.6713262e-05
8.6585151e-05
8.6451344e-05
8.6311722e-05
8.6166164e-05
8.6014545e-05
8.5856738e-05
8.5692615e-05
8.5522042e-05
8.5344884e-05
8.5161005e-05
8.4970262e-05
8.4772513e-05
8.4567611e-05
8.4355406e-05
8.4135745e-05
8.3908472e-05
8.3673426e-05
8.3430446e-05
8.3179365e-05
8.2920012e-05
8.2652214e-05
8.2375793e-05
8.2090569e-05
8.1796355e-05
8.1492962e-05
8.1180197e-05
8.0857863e-05
8.0525756e-05
8.0183671e-05
7.9831396e-05
7.9468715e-05
7.9095407e-05
7.8711246e-05
7.8316001e-05
7.7909436e-05
7.7491307e-05
7.7061367e-05
7.6619362e-05
7.6165031e-05
7.5698107e-05
7.5218317e-05
7.4725378e-05
7.4219002e-05
7.3698893e-05
7.3164745e-05
7.2616247e-05
7.2053075e-05
7.14749e-05
7.0881382e-05
7.0272175e-05
6.9646923e-05
6.9005263e-05
6.8346827e-05
6.7671241e-05
6.6978129e-05
6.6267115e-05
6.5537826e-05
6.4789893e-05
6.4022962e-05
6.3236693e-05
6.2430767e-05
6.1604897e-05
6.0758829e-05
5.9892353e-05
5.9005314e-05
5.8097618e-05
5.716924e-05
5.622024e-05
5.5250765e-05
5.4261065e-05
5.3251505e-05
8.8002971e-05
8.8045414e-05
8.80858e-05
8.8124083e-05
8.8160215e-05
8.8194148e-05
8.8225835e-05
8.8255225e-05
8.8282268e-05
8.8306913e-05
8.8329108e-05
8.8348794e-05
8.836592e-05
8.8380427e-05
8.8392279e-05
8.8401424e-05
8.8407743e-05
8.8411183e-05
8.8411635e-05
8.8409365e-05
8.8403896e-05
8.8395335e-05
8.838361e-05
8.8368649e-05
8.8350381e-05
8.8328736e-05
8.830364e-05
8.8275022e-05
8.8242805e-05
8.8206914e-05
8.816727e-05
8.8123794e-05
8.8076405e-05
8.802502e-05
8.7969555e-05
8.7909922e-05
8.7846035e-05
8.7777804e-05
8.7705136e-05
8.7627938e-05
8.7546115e-05
8.7459569e-05
8.73682e-05
8.7271907e-05
8.7170587e-05
8.7064133e-05
8.6952437e-05
8.6835391e-05
8.671288e-05
8.6584791e-05
8.6451006e-05
8.6311407e-05
8.6165871e-05
8.6014274e-05
8.585649e-05
8.5692388e-05
8.5521837e-05
8.5344702e-05
8.5160844e-05
8.4970123e-05
8.4772396e-05
8.4567516e-05
8.4355333e-05
8.4135693e-05
8.3908441e-05
8.3673417e-05
8.3430459e-05
8.3179399e-05
8.2920067e-05
8.265229e-05
8.2375891e-05
8.2090687e-05
8.1796494e-05
8.1493122e-05
8.1180378e-05
8.0858064e-05
8.0525978e-05
8.0183913e-05
7.9831658e-05
7.9468997e-05
7.9095709e-05
7.8711568e-05
7.8316343e-05
7.7909797e-05
7.7491688e-05
7.7061767e-05
7.6619781e-05
7.6165468e-05
7.5698563e-05
7.521879e-05
7.4725869e-05
7.4219511e-05
7.3699419e-05
7.3165289e-05
7.2616807e-05
7.2053652e-05
7.1475493e-05
7.0881991e-05
7.0272799e-05
6.9647562e-05
6.9005917e-05
6.8347494e-05
6.7671922e-05
6.6978823e-05
6.6267821e-05
6.5538543e-05
6.4790622e-05
6.4023702e-05
6.3237442e-05
6.2431526e-05
6.1605664e-05
6.0759603e-05
5.9893134e-05
5.9006101e-05
5.8098409e-05
5.7170035e-05
5.6221037e-05
5.5251565e-05
5.4261865e-05
5.3252304e-05
8.8001488e-05
8.8043958e-05
8.8084371e-05
8.812268e-05
8.8158838e-05
8.8192797e-05
8.8224509e-05
8.8253925e-05
8.8280993e-05
8.8305664e-05
8.8327884e-05
8.8347594e-05
8.8364744e-05
8.8379272e-05
8.8391152e-05
8.8400331e-05
8.8406676e-05
8.8410129e-05
8.8410595e-05
8.8408361e-05
8.8402916e-05
8.8394378e-05
8.8382675e-05
8.8367735e-05
8.834949e-05
8.8327867e-05
8.8302794e-05
8.8274198e-05
8.8242004e-05
8.8206136e-05
8.8166515e-05
8.8123061e-05
8.8075695e-05
8.8024332e-05
8.7968889e-05
8.7909279e-05
8.7845415e-05
8.7777205e-05
8.770456e-05
8.7627384e-05
8.7545583e-05
8.7459058e-05
8.7367711e-05
8.727144e-05
8.7170141e-05
8.7063709e-05
8.6952035e-05
8.6835009e-05
8.671252e-05
8.6584452e-05
8.6450688e-05
8.631111e-05
8.6165595e-05
8.6014019e-05
8.5856256e-05
8.5692175e-05
8.5521644e-05
8.534453e-05
8.5160693e-05
8.4969993e-05
8.4772286e-05
8.4567426e-05
8.4355263e-05
8.4135644e-05
8.3908412e-05
8.3673409e-05
8.343047e-05
8.317943e-05
8.2920119e-05
8.2652362e-05
8.2375982e-05
8.2090798e-05
8.1796625e-05
8.1493272e-05
8.1180548e-05
8.0858253e-05
8.0526187e-05
8.0184141e-05
7.9831905e-05
7.9469263e-05
7.9095994e-05
7.8711871e-05
7.8316665e-05
7.7910137e-05
7.7492046e-05
7.7062143e-05
7.6620174e-05
7.616588e-05
7.5698991e-05
7.5219236e-05
7.4726332e-05
7.421999e-05
7.3699915e-05
7.3165801e-05
7.2617334e-05
7.2054195e-05
7.1476051e-05
7.0882564e-05
7.0273386e-05
6.9648163e-05
6.9006531e-05
6.8348122e-05
6.7672562e-05
6.6979475e-05
6.6268485e-05
6.5539218e-05
6.4791308e-05
6.4024397e-05
6.3238147e-05
6.2432239e-05
6.1606385e-05
6.0760331e-05
5.9893868e-05
5.900684e-05
5.8099153e-05
5.7170783e-05
5.6221788e-05
5.5252316e-05
5.4262617e-05
5.3253056e-05
8.8000093e-05
8.8042589e-05
8.8083026e-05
8.812136e-05
8.8157542e-05
8.8191526e-05
8.8223262e-05
8.8252701e-05
8.8279794e-05
8.8304488e-05
8.8326732e-05
8.8346466e-05
8.8363638e-05
8.8378184e-05
8.8390091e-05
8.8399305e-05
8.8405674e-05
8.8409139e-05
8.8409616e-05
8.8407414e-05
8.8401991e-05
8.8393475e-05
8.8381793e-05
8.8366875e-05
8.8348651e-05
8.8327049e-05
8.8301998e-05
8.8273423e-05
8.824125e-05
8.8205403e-05
8.8165803e-05
8.8122371e-05
8.8075026e-05
8.8023685e-05
8.7968263e-05
8.7908674e-05
8.784483e-05
8.7776642e-05
8.7704017e-05
8.7626862e-05
8.7545081e-05
8.7458578e-05
8.7367251e-05
8.7271e-05
8.7169722e-05
8.7063309e-05
8.6951656e-05
8.683465e-05
8.6712181e-05
8.6584132e-05
8.6450389e-05
8.631083e-05
8.6165335e-05
8.6013779e-05
8.5856035e-05
8.5691974e-05
8.5521463e-05
8.5344368e-05
8.516055e-05
8.496987e-05
8.4772183e-05
8.4567342e-05
8.4355198e-05
8.4135598e-05
8.3908385e-05
8.3673401e-05
8.3430481e-05
8.317946e-05
8.2920167e-05
8.2652429e-05
8.2376068e-05
8.2090902e-05
8.1796748e-05
8.1493414e-05
8.1180708e-05
8.0858431e-05
8.0526383e-05
8.0184355e-05
7.9832137e-05
7.9469513e-05
7.9096261e-05
7.8712156e-05
7.8316967e-05
7.7910456e-05
7.7492382e-05
7.7062496e-05
7.6620544e-05
7.6166266e-05
7.5699394e-05
7.5219655e-05
7.4726767e-05
7.4220441e-05
7.3700381e-05
7.3166282e-05
7.261783e-05
7.2054705e-05
7.1476575e-05
7.0883102e-05
7.0273938e-05
6.9648728e-05
6.9007109e-05
6.8348712e-05
6.7673164e-05
6.6980089e-05
6.626911e-05
6.5539853e-05
6.4791953e-05
6.4025051e-05
6.323881e-05
6.243291e-05
6.1607063e-05
6.0761016e-05
5.9894559e-05
5.9007536e-05
5.8099853e-05
5.7171486e-05
5.6222494e-05
5.5253024e-05
5.4263325e-05
5.3253763e-05
8.7998781e-05
8.80413e-05
8.8081761e-05
8.8120117e-05
8.8156323e-05
8.8190329e-05
8.8222088e-05
8.825155e-05
8.8278665e-05
8.8303382e-05
8.8325648e-05
8.8345404e-05
8.8362597e-05
8.8377161e-05
8.8389094e-05
8.8398341e-05
8.8404733e-05
8.8408207e-05
8.8408693e-05
8.840652e-05
8.8401118e-05
8.8392622e-05
8.838096e-05
8.8366063e-05
8.834786e-05
8.8326279e-05
8.8301248e-05
8.8272694e-05
8.8240542e-05
8.8204715e-05
8.8165135e-05
8.8121723e-05
8.8074398e-05
8.8023077e-05
8.7967675e-05
8.7908105e-05
8.7844281e-05
8.7776112e-05
8.7703507e-05
8.7626371e-05
8.754461e-05
8.7458125e-05
8.7366818e-05
8.7270586e-05
8.7169327e-05
8.7062934e-05
8.6951299e-05
8.6834312e-05
8.6711861e-05
8.6583832e-05
8.6450107e-05
8.6310568e-05
8.6165091e-05
8.6013553e-05
8.5855828e-05
8.5691785e-05
8.5521293e-05
8.5344216e-05
8.5160416e-05
8.4969754e-05
8.4772085e-05
8.4567262e-05
8.4355136e-05
8.4135554e-05
8.390836e-05
8.3673393e-05
8.3430491e-05
8.3179488e-05
8.2920213e-05
8.2652492e-05
8.2376148e-05
8.2091001e-05
8.1796863e-05
8.1493547e-05
8.1180858e-05
8.0858599e-05
8.0526567e-05
8.0184556e-05
7.9832355e-05
7.9469748e-05
7.9096513e-05
7.8712424e-05
7.8317251e-05
7.7910757e-05
7.7492699e-05
7.7062829e-05
7.6620892e-05
7.616663e-05
7.5699773e-05
7.5220049e-05
7.4727176e-05
7.4220865e-05
7.3700819e-05
7.3166734e-05
7.2618297e-05
7.2055185e-05
7.1477069e-05
7.0883609e-05
7.0274457e-05
6.964926e-05
6.9007653e-05
6.8349267e-05
6.7673731e-05
6.6980666e-05
6.6269697e-05
6.5540451e-05
6.4792559e-05
6.4025667e-05
6.3239433e-05
6.2433541e-05
6.1607701e-05
6.076166e-05
5.9895209e-05
5.9008191e-05
5.8100512e-05
5.7172148e-05
5.6223158e-05
5.5253689e-05
5.4263991e-05
5.3254429e-05
8.7997546e-05
8.8040087e-05
8.8080569e-05
8.8118948e-05
8.8155175e-05
8.8189203e-05
8.8220983e-05
8.8250467e-05
8.8277602e-05
8.8302341e-05
8.8324628e-05
8.8344404e-05
8.8361617e-05
8.8376198e-05
8.8388156e-05
8.8397431e-05
8.8403844e-05
8.8407328e-05
8.8407823e-05
8.8405679e-05
8.8400296e-05
8.8391819e-05
8.8380177e-05
8.83653e-05
8.8347116e-05
8.8325555e-05
8.8300543e-05
8.8272009e-05
8.8239876e-05
8.8204068e-05
8.8164507e-05
8.8121114e-05
8.8073808e-05
8.8022505e-05
8.7967121e-05
8.790757e-05
8.7843765e-05
8.7775614e-05
8.7703027e-05
8.7625909e-05
8.7544166e-05
8.74577e-05
8.736641e-05
8.7270197e-05
8.7168955e-05
8.706258e-05
8.6950963e-05
8.6833994e-05
8.6711561e-05
8.6583549e-05
8.6449842e-05
8.631032e-05
8.6164861e-05
8.6013341e-05
8.5855633e-05
8.5691607e-05
8.5521132e-05
8.5344072e-05
8.516029e-05
8.4969645e-05
8.4771993e-05
8.4567187e-05
8.4355078e-05
8.4135513e-05
8.3908335e-05
8.3673386e-05
8.34305e-05
8.3179514e-05
8.2920255e-05
8.2652551e-05
8.2376224e-05
8.2091093e-05
8.1796972e-05
8.1493672e-05
8.1180999e-05
8.0858756e-05
8.052674e-05
8.0184745e-05
7.983256e-05
7.9469968e-05
7.9096749e-05
7.8712676e-05
7.8317518e-05
7.7911039e-05
7.7492996e-05
7.7063141e-05
7.662122e-05
7.6166972e-05
7.570013e-05
7.522042e-05
7.4727561e-05
7.4221263e-05
7.3701231e-05
7.316716e-05
7.2618735e-05
7.2055636e-05
7.1477533e-05
7.0884085e-05
7.0274946e-05
6.964976e-05
6.9008164e-05
6.834979e-05
6.7674263e-05
6.6981209e-05
6.627025e-05
6.5541012e-05
6.479313e-05
6.4026245e-05
6.324002e-05
6.2434135e-05
6.1608301e-05
6.0762266e-05
5.989582e-05
5.9008807e-05
5.8101131e-05
5.7172771e-05
5.6223782e-05
5.5254315e-05
5.4264617e-05
5.3255054e-05
8.7996383e-05
8.8038945e-05
8.8079448e-05
8.8117847e-05
8.8154095e-05
8.8188143e-05
8.8219944e-05
8.8249447e-05
8.8276602e-05
8.8301361e-05
8.8323667e-05
8.8343463e-05
8.8360694e-05
8.8375292e-05
8.8387273e-05
8.8396575e-05
8.8403006e-05
8.8406497e-05
8.8407001e-05
8.8404886e-05
8.8399522e-05
8.8391063e-05
8.837944e-05
8.8364582e-05
8.8346417e-05
8.8324874e-05
8.8299881e-05
8.8271365e-05
8.823925e-05
8.820346e-05
8.8163917e-05
8.8120542e-05
8.8073253e-05
8.8021967e-05
8.7966601e-05
8.7907067e-05
8.7843278e-05
8.7775145e-05
8.7702575e-05
8.7625474e-05
8.7543748e-05
8.7457299e-05
8.7366026e-05
8.726983e-05
8.7168605e-05
8.7062246e-05
8.6950646e-05
8.6833694e-05
8.6711278e-05
8.6583283e-05
8.6449593e-05
8.6310087e-05
8.6164644e-05
8.6013141e-05
8.5855449e-05
8.569144e-05
8.5520981e-05
8.5343938e-05
8.5160172e-05
8.4969542e-05
8.4771906e-05
8.4567117e-05
8.4355024e-05
8.4135475e-05
8.3908313e-05
8.3673379e-05
8.3430509e-05
8.3179538e-05
8.2920295e-05
8.2652607e-05
8.2376295e-05
8.2091179e-05
8.1797074e-05
8.1493789e-05
8.1181131e-05
8.0858903e-05
8.0526903e-05
8.0184923e-05
7.9832753e-05
7.9470176e-05
7.9096971e-05
7.8712913e-05
7.831777e-05
7.7911305e-05
7.7493276e-05
7.7063435e-05
7.6621528e-05
7.6167293e-05
7.5700465e-05
7.5220768e-05
7.4727922e-05
7.4221638e-05
7.3701619e-05
7.316756e-05
7.2619148e-05
7.2056061e-05
7.1477969e-05
7.0884533e-05
7.0275405e-05
6.965023e-05
6.9008645e-05
6.8350281e-05
6.7674764e-05
6.698172e-05
6.627077e-05
6.5541541e-05
6.4793666e-05
6.402679e-05
6.3240571e-05
6.2434693e-05
6.1608866e-05
6.0762836e-05
5.9896395e-05
5.9009386e-05
5.8101714e-05
5.7173356e-05
5.622437e-05
5.5254904e-05
5.4265206e-05
5.3255643e-05
8.7995289e-05
8.8037871e-05
8.8078394e-05
8.8116812e-05
8.8153079e-05
8.8187146e-05
8.8218966e-05
8.8248488e-05
8.8275662e-05
8.8300439e-05
8.8322765e-05
8.8342579e-05
8.8359826e-05
8.837444e-05
8.8386442e-05
8.8395774e-05
8.8402229e-05
8.8405712e-05
8.8406216e-05
8.840414e-05
8.8398796e-05
8.8390355e-05
8.8378749e-05
8.8363908e-05
8.834576e-05
8.8324235e-05
8.8299259e-05
8.827076e-05
8.8238662e-05
8.8202888e-05
8.8163362e-05
8.8120003e-05
8.807273e-05
8.8021461e-05
8.796611e-05
8.7906593e-05
8.784282e-05
8.7774703e-05
8.7702149e-05
8.7625065e-05
8.7543354e-05
8.7456921e-05
8.7365665e-05
8.7269484e-05
8.7168275e-05
8.7061933e-05
8.6950348e-05
8.6833412e-05
8.6711012e-05
8.6583032e-05
8.6449357e-05
8.6309867e-05
8.6164441e-05
8.6012952e-05
8.5855276e-05
8.5691282e-05
8.5520839e-05
8.5343811e-05
8.516006e-05
8.4969446e-05
8.4771825e-05
8.456705e-05
8.4354973e-05
8.4135438e-05
8.3908291e-05
8.3673372e-05
8.3430517e-05
8.3179561e-05
8.2920333e-05
8.2652659e-05
8.2376362e-05
8.2091261e-05
8.179717e-05
8.1493899e-05
8.1181256e-05
8.0859042e-05
8.0527056e-05
8.018509e-05
7.9832934e-05
7.9470371e-05
7.909718e-05
7.8713136e-05
7.8318006e-05
7.7911555e-05
7.7493539e-05
7.7063711e-05
7.6621817e-05
7.6167596e-05
7.570078e-05
7.5221096e-05
7.4728263e-05
7.4221991e-05
7.3701983e-05
7.3167936e-05
7.2619536e-05
7.205646e-05
7.147838e-05
7.0884954e-05
7.0275837e-05
6.9650672e-05
6.9009097e-05
6.8350743e-05
6.7675236e-05
6.69822e-05
6.6271258e-05
6.5542038e-05
6.4794171e-05
6.4027302e-05
6.324109e-05
6.2435218e-05
6.1609397e-05
6.0763372e-05
5.9896936e-05
5.900993e-05
5.8102262e-05
5.7173907e-05
5.6224922e-05
5.5255458e-05
5.426576e-05
5.3256197e-05
8.799426e-05
8.803686e-05
8.8077401e-05
8.8115838e-05
8.8152123e-05
8.8186208e-05
8.8218045e-05
8.8247585e-05
8.8274777e-05
8.8299572e-05
8.8321915e-05
8.8341746e-05
8.835901e-05
8.8373638e-05
8.838566e-05
8.839502e-05
8.8401506e-05
8.8404974e-05
8.8405472e-05
8.8403437e-05
8.8398113e-05
8.8389688e-05
8.8378099e-05
8.8363273e-05
8.8345142e-05
8.8323633e-05
8.8298673e-05
8.827019e-05
8.8238108e-05
8.820235e-05
8.8162839e-05
8.8119496e-05
8.8072238e-05
8.8020984e-05
8.7965649e-05
8.7906147e-05
8.784239e-05
8.7774287e-05
8.7701749e-05
8.7624679e-05
8.7542984e-05
8.7456566e-05
8.7365325e-05
8.7269159e-05
8.7167965e-05
8.7061637e-05
8.6950068e-05
8.6833147e-05
8.6710761e-05
8.6582797e-05
8.6449136e-05
8.6309661e-05
8.6164249e-05
8.6012775e-05
8.5855114e-05
8.5691134e-05
8.5520705e-05
8.5343691e-05
8.5159955e-05
8.4969355e-05
8.4771748e-05
8.4566988e-05
8.4354924e-05
8.4135404e-05
8.3908271e-05
8.3673366e-05
8.3430525e-05
8.3179583e-05
8.2920368e-05
8.2652708e-05
8.2376425e-05
8.2091337e-05
8.179726e-05
8.1494003e-05
8.1181373e-05
8.0859173e-05
8.05272e-05
8.0185248e-05
7.9833104e-05
7.9470554e-05
7.9097377e-05
7.8713345e-05
7.8318228e-05
7.7911789e-05
7.7493787e-05
7.7063971e-05
7.6622089e-05
7.616788e-05
7.5701076e-05
7.5221404e-05
7.4728583e-05
7.4222322e-05
7.3702326e-05
7.316829e-05
7.2619901e-05
7.2056836e-05
7.1478766e-05
7.0885351e-05
7.0276243e-05
6.9651088e-05
6.9009522e-05
6.8351177e-05
6.7675679e-05
6.6982652e-05
6.6271718e-05
6.5542505e-05
6.4794646e-05
6.4027783e-05
6.3241578e-05
6.2435712e-05
6.1609896e-05
6.0763876e-05
5.9897444e-05
5.9010443e-05
5.8102778e-05
5.7174425e-05
5.6225442e-05
5.5255979e-05
5.4266282e-05
5.3256718e-05
8.7993291e-05
8.8035908e-05
8.8076467e-05
8.8114921e-05
8.8151223e-05
8.8185325e-05
8.8217179e-05
8.8246735e-05
8.8273944e-05
8.8298756e-05
8.8321115e-05
8.8340963e-05
8.8358241e-05
8.8372883e-05
8.8384922e-05
8.8394312e-05
8.8400827e-05
8.8404279e-05
8.8404772e-05
8.8402775e-05
8.839747e-05
8.8389061e-05
8.8377486e-05
8.8362676e-05
8.834456e-05
8.8323066e-05
8.8298121e-05
8.8269653e-05
8.8237586e-05
8.8201843e-05
8.8162347e-05
8.8119018e-05
8.8071776e-05
8.8020536e-05
8.7965216e-05
8.7905728e-05
8.7841985e-05
8.7773897e-05
8.7701372e-05
8.7624317e-05
8.7542636e-05
8.7456232e-05
8.7365005e-05
8.7268853e-05
8.7167673e-05
8.706136e-05
8.6949804e-05
8.6832897e-05
8.6710525e-05
8.6582575e-05
8.6448928e-05
8.6309467e-05
8.6164068e-05
8.6012608e-05
8.585496e-05
8.5690995e-05
8.5520579e-05
8.5343579e-05
8.5159856e-05
8.4969269e-05
8.4771676e-05
8.4566929e-05
8.4354878e-05
8.4135371e-05
8.3908252e-05
8.3673359e-05
8.3430532e-05
8.3179603e-05
8.2920401e-05
8.2652754e-05
8.2376484e-05
8.2091409e-05
8.1797344e-05
8.14941e-05
8.1181483e-05
8.0859296e-05
8.0527335e-05
8.0185395e-05
7.9833265e-05
7.9470727e-05
7.9097561e-05
7.8713542e-05
7.8318437e-05
7.791201e-05
7.7494019e-05
7.7064215e-05
7.6622345e-05
7.6168147e-05
7.5701355e-05
7.5221694e-05
7.4728883e-05
7.4222634e-05
7.3702648e-05
7.3168623e-05
7.2620244e-05
7.2057189e-05
7.1479129e-05
7.0885723e-05
7.0276625e-05
6.9651479e-05
6.9009922e-05
6.8351586e-05
6.7676096e-05
6.6983076e-05
6.6272151e-05
6.5542945e-05
6.4795092e-05
6.4028236e-05
6.3242037e-05
6.2436177e-05
6.1610366e-05
6.0764351e-05
5.9897923e-05
5.9010925e-05
5.8103263e-05
5.7174912e-05
5.6225931e-05
5.5256469e-05
5.4266772e-05
5.3257208e-05
8.799238e-05
8.8035013e-05
8.8075588e-05
8.8114058e-05
8.8150376e-05
8.8184494e-05
8.8216364e-05
8.8245936e-05
8.827316e-05
8.8297988e-05
8.8320363e-05
8.8340226e-05
8.8357518e-05
8.8372173e-05
8.8384229e-05
8.8393645e-05
8.8400188e-05
8.8403625e-05
8.8404111e-05
8.8402153e-05
8.8396866e-05
8.8388472e-05
8.8376912e-05
8.8362116e-05
8.8344014e-05
8.8322534e-05
8.8297603e-05
8.8269149e-05
8.8237095e-05
8.8201366e-05
8.8161884e-05
8.8118569e-05
8.807134e-05
8.8020114e-05
8.7964807e-05
8.7905332e-05
8.7841603e-05
8.7773528e-05
8.7701017e-05
8.7623976e-05
8.7542308e-05
8.7455917e-05
8.7364703e-05
8.7268565e-05
8.7167399e-05
8.7061098e-05
8.6949556e-05
8.6832662e-05
8.6710303e-05
8.6582366e-05
8.6448732e-05
8.6309284e-05
8.6163898e-05
8.6012451e-05
8.5854816e-05
8.5690863e-05
8.552046e-05
8.5343473e-05
8.5159762e-05
8.4969189e-05
8.4771608e-05
8.4566873e-05
8.4354835e-05
8.4135341e-05
8.3908233e-05
8.3673354e-05
8.3430539e-05
8.3179621e-05
8.2920432e-05
8.2652798e-05
8.2376539e-05
8.2091477e-05
8.1797424e-05
8.1494192e-05
8.1181587e-05
8.0859411e-05
8.0527462e-05
8.0185534e-05
7.9833415e-05
7.9470889e-05
7.9097735e-05
7.8713727e-05
7.8318633e-05
7.7912218e-05
7.7494238e-05
7.7064445e-05
7.6622586e-05
7.6168399e-05
7.5701617e-05
7.5221967e-05
7.4729166e-05
7.4222927e-05
7.3702952e-05
7.3168936e-05
7.2620566e-05
7.2057521e-05
7.147947e-05
7.0886074e-05
7.0276985e-05
6.9651847e-05
6.9010299e-05
6.835197e-05
6.7676488e-05
6.6983476e-05
6.6272557e-05
6.5543359e-05
6.4795512e-05
6.4028662e-05
6.3242469e-05
6.2436614e-05
6.1610808e-05
6.0764797e-05
5.9898373e-05
5.9011378e-05
5.8103719e-05
5.7175371e-05
5.6226391e-05
5.525693e-05
5.4267234e-05
5.3257669e-05
8.7991522e-05
8.8034171e-05
8.8074762e-05
8.8113247e-05
8.814958e-05
8.8183713e-05
8.8215598e-05
8.8245184e-05
8.8272423e-05
8.8297265e-05
8.8319656e-05
8.8339533e-05
8.8356837e-05
8.8371505e-05
8.8383578e-05
8.8393017e-05
8.8399584e-05
8.8403006e-05
8.8403488e-05
8.8401567e-05
8.8396298e-05
8.8387919e-05
8.8376372e-05
8.836159e-05
8.83435e-05
8.8322033e-05
8.8297116e-05
8.8268674e-05
8.8236633e-05
8.8200917e-05
8.8161448e-05
8.8118145e-05
8.8070929e-05
8.8019716e-05
8.7964422e-05
8.790496e-05
8.7841243e-05
8.7773182e-05
8.7700683e-05
8.7623654e-05
8.7541999e-05
8.7455621e-05
8.736442e-05
8.7268294e-05
8.716714e-05
8.7060852e-05
8.6949322e-05
8.6832441e-05
8.6710094e-05
8.6582169e-05
8.6448548e-05
8.6309112e-05
8.6163738e-05
8.6012304e-05
8.5854681e-05
8.569074e-05
8.5520349e-05
8.5343373e-05
8.5159675e-05
8.4969113e-05
8.4771544e-05
8.4566821e-05
8.4354795e-05
8.4135312e-05
8.3908216e-05
8.3673348e-05
8.3430545e-05
8.3179639e-05
8.2920461e-05
8.2652838e-05
8.2376591e-05
8.209154e-05
8.1797499e-05
8.1494278e-05
8.1181684e-05
8.0859519e-05
8.0527582e-05
8.0185665e-05
7.9833557e-05
7.9471041e-05
7.9097898e-05
7.8713901e-05
7.8318818e-05
7.7912413e-05
7.7494443e-05
7.7064661e-05
7.6622812e-05
7.6168635e-05
7.5701864e-05
7.5222223e-05
7.4729432e-05
7.4223202e-05
7.3703237e-05
7.316923e-05
7.262087e-05
7.2057834e-05
7.1479791e-05
7.0886403e-05
7.0277322e-05
6.9652193e-05
6.9010652e-05
6.8352331e-05
6.7676857e-05
6.6983852e-05
6.627294e-05
6.5543747e-05
6.4795907e-05
6.4029063e-05
6.3242875e-05
6.2437025e-05
6.1611223e-05
6.0765217e-05
5.9898796e-05
5.9011805e-05
5.8104148e-05
5.7175802e-05
5.6226824e-05
5.5257363e-05
5.4267667e-05
5.3258102e-05
8.7990716e-05
8.8033379e-05
8.8073984e-05
8.8112483e-05
8.8148831e-05
8.8182978e-05
8.8214877e-05
8.8244477e-05
8.827173e-05
8.8296586e-05
8.831899e-05
8.8338881e-05
8.8356196e-05
8.8370876e-05
8.8382965e-05
8.8392428e-05
8.839902e-05
8.8402427e-05
8.8402903e-05
8.8401016e-05
8.8395765e-05
8.8387398e-05
8.8375864e-05
8.8361094e-05
8.8343017e-05
8.8321562e-05
8.8296656e-05
8.8268227e-05
8.8236198e-05
8.8200494e-05
8.8161036e-05
8.8117746e-05
8.8070542e-05
8.8019341e-05
8.7964059e-05
8.7904609e-05
8.7840905e-05
8.7772855e-05
8.7700368e-05
8.7623351e-05
8.7541708e-05
8.7455342e-05
8.7364153e-05
8.7268039e-05
8.7166897e-05
8.7060621e-05
8.6949102e-05
8.6832232e-05
8.6709898e-05
8.6581984e-05
8.6448375e-05
8.630895e-05
8.6163588e-05
8.6012165e-05
8.5854553e-05
8.5690623e-05
8.5520244e-05
8.5343279e-05
8.5159592e-05
8.4969041e-05
8.4771484e-05
8.4566772e-05
8.4354757e-05
8.4135285e-05
8.39082e-05
8.3673343e-05
8.343055e-05
8.3179656e-05
8.2920489e-05
8.2652876e-05
8.237664e-05
8.20916e-05
8.1797569e-05
8.1494359e-05
8.1181775e-05
8.0859621e-05
8.0527694e-05
8.0185787e-05
7.983369e-05
7.9471185e-05
7.9098052e-05
7.8714064e-05
7.8318992e-05
7.7912597e-05
7.7494637e-05
7.7064865e-05
7.6623025e-05
7.6168858e-05
7.5702095e-05
7.5222464e-05
7.4729683e-05
7.4223462e-05
7.3703505e-05
7.3169507e-05
7.2621155e-05
7.2058128e-05
7.1480093e-05
7.0886713e-05
7.027764e-05
6.9652519e-05
6.9010985e-05
6.8352671e-05
6.7677203e-05
6.6984205e-05
6.62733e-05
6.5544113e-05
6.4796279e-05
6.402944e-05
6.3243257e-05
6.2437411e-05
6.1611614e-05
6.0765611e-05
5.9899194e-05
5.9012206e-05
5.8104551e-05
5.7176207e-05
5.6227231e-05
5.5257771e-05
5.4268076e-05
5.325851e-05
8.7989957e-05
8.8032634e-05
8.8073252e-05
8.8111765e-05
8.8148126e-05
8.8182286e-05
8.8214198e-05
8.8243812e-05
8.8271077e-05
8.8295947e-05
8.8318364e-05
8.8338268e-05
8.8355593e-05
8.8370283e-05
8.8382389e-05
8.8391876e-05
8.8398501e-05
8.8401878e-05
8.8402351e-05
8.8400497e-05
8.8395261e-05
8.8386907e-05
8.8375386e-05
8.8360627e-05
8.8342561e-05
8.8321117e-05
8.8296223e-05
8.8267805e-05
8.8235788e-05
8.8200095e-05
8.8160649e-05
8.811737e-05
8.8070177e-05
8.8018988e-05
8.7963717e-05
8.7904279e-05
8.7840586e-05
8.7772547e-05
8.7700072e-05
8.7623066e-05
8.7541435e-05
8.7455079e-05
8.7363901e-05
8.7267799e-05
8.7166668e-05
8.7060402e-05
8.6948895e-05
8.6832036e-05
8.6709713e-05
8.658181e-05
8.6448211e-05
8.6308797e-05
8.6163446e-05
8.6012034e-05
8.5854433e-05
8.5690514e-05
8.5520145e-05
8.5343191e-05
8.5159514e-05
8.4968974e-05
8.4771427e-05
8.4566725e-05
8.4354721e-05
8.4135259e-05
8.3908185e-05
8.3673338e-05
8.3430555e-05
8.3179671e-05
8.2920514e-05
8.2652912e-05
8.2376686e-05
8.2091655e-05
8.1797635e-05
8.1494434e-05
8.1181861e-05
8.0859717e-05
8.05278e-05
8.0185903e-05
7.9833815e-05
7.9471319e-05
7.9098196e-05
7.8714218e-05
7.8319155e-05
7.7912769e-05
7.7494819e-05
7.7065055e-05
7.6623225e-05
7.6169067e-05
7.5702313e-05
7.5222691e-05
7.4729918e-05
7.4223705e-05
7.3703757e-05
7.3169767e-05
7.2621424e-05
7.2058404e-05
7.1480377e-05
7.0887005e-05
7.0277939e-05
6.9652824e-05
6.9011298e-05
6.8352991e-05
6.767753e-05
6.6984537e-05
6.6273638e-05
6.5544457e-05
6.4796628e-05
6.4029795e-05
6.3243616e-05
6.2437775e-05
6.1611982e-05
6.0765983e-05
5.9899569e-05
5.9012583e-05
5.8104931e-05
5.7176589e-05
5.6227613e-05
5.5258155e-05
5.4268459e-05
5.3258894e-05
8.7989243e-05
8.8031933e-05
8.8072564e-05
8.811109e-05
8.8147463e-05
8.8181636e-05
8.821356e-05
8.8243186e-05
8.8270464e-05
8.8295345e-05
8.8317775e-05
8.8337691e-05
8.8355025e-05
8.8369725e-05
8.8381845e-05
8.8391361e-05
8.839802e-05
8.8401361e-05
8.840183e-05
8.8400005e-05
8.8394786e-05
8.8386444e-05
8.8374934e-05
8.8360187e-05
8.8342132e-05
8.8320699e-05
8.8295815e-05
8.8267408e-05
8.8235402e-05
8.819972e-05
8.8160285e-05
8.8117016e-05
8.8069834e-05
8.8018656e-05
8.7963396e-05
8.7903968e-05
8.7840286e-05
8.7772258e-05
8.7699793e-05
8.7622798e-05
8.7541177e-05
8.7454832e-05
8.7363665e-05
8.7267573e-05
8.7166452e-05
8.7060197e-05
8.6948701e-05
8.6831852e-05
8.6709539e-05
8.6581646e-05
8.6448058e-05
8.6308654e-05
8.6163313e-05
8.601191e-05
8.585432e-05
8.5690411e-05
8.5520052e-05
8.5343108e-05
8.5159441e-05
8.4968911e-05
8.4771373e-05
8.4566682e-05
8.4354687e-05
8.4135235e-05
8.390817e-05
8.3673333e-05
8.343056e-05
8.3179685e-05
8.2920538e-05
8.2652946e-05
8.2376729e-05
8.2091708e-05
8.1797697e-05
8.1494506e-05
8.1181942e-05
8.0859807e-05
8.0527899e-05
8.0186011e-05
7.9833932e-05
7.9471446e-05
7.9098332e-05
7.8714363e-05
7.8319308e-05
7.7912932e-05
7.749499e-05
7.7065235e-05
7.6623413e-05
7.6169263e-05
7.5702518e-05
7.5222904e-05
7.4730139e-05
7.4223935e-05
7.3703994e-05
7.3170012e-05
7.2621676e-05
7.2058664e-05
7.1480644e-05
7.0887279e-05
7.027822e-05
6.9653112e-05
6.9011593e-05
6.8353292e-05
6.7677836e-05
6.698485e-05
6.6273956e-05
6.5544781e-05
6.4796957e-05
6.4030128e-05
6.3243954e-05
6.2438117e-05
6.1612327e-05
6.0766332e-05
5.9899921e-05
5.9012938e-05
5.8105288e-05
5.7176947e-05
5.6227974e-05
5.5258516e-05
5.4268821e-05
5.3259255e-05
8.7988572e-05
8.8031274e-05
8.8071917e-05
8.8110454e-05
8.8146839e-05
8.8181024e-05
8.8212959e-05
8.8242596e-05
8.8269886e-05
8.8294779e-05
8.831722e-05
8.8337148e-05
8.835449e-05
8.83692e-05
8.8381332e-05
8.8390876e-05
8.8397573e-05
8.8400867e-05
8.8401332e-05
8.8399547e-05
8.839434e-05
8.8386009e-05
8.8374509e-05
8.8359772e-05
8.8341728e-05
8.8320305e-05
8.8295431e-05
8.8267034e-05
8.8235038e-05
8.8199366e-05
8.8159941e-05
8.8116684e-05
8.8069512e-05
8.8018343e-05
8.7963093e-05
8.7903676e-05
8.7840004e-05
8.7771986e-05
8.7699531e-05
8.7622546e-05
8.7540935e-05
8.74546e-05
8.7363442e-05
8.726736e-05
8.7166249e-05
8.7060004e-05
8.6948517e-05
8.6831678e-05
8.6709375e-05
8.6581492e-05
8.6447913e-05
8.6308519e-05
8.6163188e-05
8.6011794e-05
8.5854213e-05
8.5690314e-05
8.5519964e-05
8.5343029e-05
8.5159372e-05
8.4968851e-05
8.4771323e-05
8.456664e-05
8.4354655e-05
8.4135212e-05
8.3908156e-05
8.3673328e-05
8.3430565e-05
8.3179699e-05
8.2920561e-05
8.2652977e-05
8.237677e-05
8.2091757e-05
8.1797755e-05
8.1494573e-05
8.1182018e-05
8.0859891e-05
8.0527992e-05
8.0186113e-05
7.9834043e-05
7.9471565e-05
7.9098459e-05
7.8714499e-05
7.8319453e-05
7.7913084e-05
7.749515e-05
7.7065404e-05
7.662359e-05
7.6169448e-05
7.5702711e-05
7.5223104e-05
7.4730347e-05
7.422415e-05
7.3704217e-05
7.3170242e-05
7.2621913e-05
7.2058908e-05
7.1480895e-05
7.0887537e-05
7.0278485e-05
6.9653383e-05
6.9011869e-05
6.8353574e-05
6.7678125e-05
6.6985144e-05
6.6274255e-05
6.5545085e-05
6.4797266e-05
6.4030441e-05
6.3244272e-05
6.2438439e-05
6.1612653e-05
6.076666e-05
5.9900252e-05
5.9013272e-05
5.8105624e-05
5.7177285e-05
5.6228312e-05
5.5258855e-05
5.426916e-05
5.3259594e-05
8.798794e-05
8.8030653e-05
8.8071308e-05
8.8109856e-05
8.8146252e-05
8.8180448e-05
8.8212394e-05
8.8242042e-05
8.8269342e-05
8.8294246e-05
8.8316699e-05
8.8336637e-05
8.8353987e-05
8.8368706e-05
8.838085e-05
8.8390421e-05
8.8397156e-05
8.8400402e-05
8.8400862e-05
8.8399115e-05
8.839392e-05
8.8385599e-05
8.8374109e-05
8.8359381e-05
8.8341347e-05
8.8319934e-05
8.829507e-05
8.8266683e-05
8.8234696e-05
8.8199034e-05
8.8159619e-05
8.8116371e-05
8.8069208e-05
8.8018049e-05
8.7962809e-05
8.7903402e-05
8.7839738e-05
8.777173e-05
8.7699285e-05
8.7622309e-05
8.7540707e-05
8.7454382e-05
8.7363233e-05
8.726716e-05
8.7166059e-05
8.7059823e-05
8.6948345e-05
8.6831515e-05
8.6709221e-05
8.6581347e-05
8.6447777e-05
8.6308392e-05
8.616307e-05
8.6011686e-05
8.5854113e-05
8.5690222e-05
8.5519882e-05
8.5342956e-05
8.5159307e-05
8.4968795e-05
8.4771275e-05
8.4566602e-05
8.4354625e-05
8.4135191e-05
8.3908144e-05
8.3673324e-05
8.3430569e-05
8.3179712e-05
8.2920582e-05
8.2653007e-05
8.2376808e-05
8.2091804e-05
8.179781e-05
8.1494636e-05
8.1182089e-05
8.0859971e-05
8.052808e-05
8.0186209e-05
7.9834147e-05
7.9471677e-05
7.9098579e-05
7.8714627e-05
7.8319589e-05
7.7913228e-05
7.7495302e-05
7.7065563e-05
7.6623757e-05
7.6169622e-05
7.5702892e-05
7.5223293e-05
7.4730543e-05
7.4224353e-05
7.3704427e-05
7.3170459e-05
7.2622137e-05
7.2059138e-05
7.1481132e-05
7.088778e-05
7.0278733e-05
6.9653638e-05
6.901213e-05
6.8353841e-05
6.7678396e-05
6.6985421e-05
6.6274537e-05
6.5545372e-05
6.4797557e-05
6.4030737e-05
6.3244571e-05
6.2438741e-05
6.1612959e-05
6.0766969e-05
5.9900564e-05
5.9013586e-05
5.810594e-05
5.7177602e-05
5.6228631e-05
5.5259174e-05
5.426948e-05
5.3259913e-05
8.7987345e-05
8.803007e-05
8.8070734e-05
8.8109293e-05
8.81457e-05
8.8179906e-05
8.8211863e-05
8.8241521e-05
8.8268831e-05
8.8293745e-05
8.8316208e-05
8.8336155e-05
8.8353513e-05
8.8368241e-05
8.8380396e-05
8.8389991e-05
8.8396758e-05
8.8399962e-05
8.8400419e-05
8.8398709e-05
8.8393525e-05
8.8385213e-05
8.8373733e-05
8.8359014e-05
8.8340989e-05
8.8319585e-05
8.8294731e-05
8.8266352e-05
8.8234375e-05
8.8198722e-05
8.8159316e-05
8.8116077e-05
8.8068923e-05
8.8017773e-05
8.7962542e-05
8.7903143e-05
8.7839489e-05
8.7771489e-05
8.7699053e-05
8.7622086e-05
8.7540492e-05
8.7454176e-05
8.7363036e-05
8.7266972e-05
8.7165879e-05
8.7059652e-05
8.6948183e-05
8.6831361e-05
8.6709076e-05
8.658121e-05
8.6447649e-05
8.6308272e-05
8.6162958e-05
8.6011583e-05
8.5854018e-05
8.5690136e-05
8.5519804e-05
8.5342886e-05
8.5159246e-05
8.4968742e-05
8.477123e-05
8.4566565e-05
8.4354596e-05
8.413517e-05
8.3908131e-05
8.367332e-05
8.3430573e-05
8.3179723e-05
8.2920602e-05
8.2653034e-05
8.2376843e-05
8.2091847e-05
8.1797861e-05
8.1494695e-05
8.1182156e-05
8.0860046e-05
8.0528162e-05
8.0186299e-05
7.9834244e-05
7.9471782e-05
7.9098692e-05
7.8714747e-05
7.8319716e-05
7.7913362e-05
7.7495444e-05
7.7065712e-05
7.6623913e-05
7.6169785e-05
7.5703062e-05
7.522347e-05
7.4730727e-05
7.4224544e-05
7.3704624e-05
7.3170663e-05
7.2622346e-05
7.2059354e-05
7.1481354e-05
7.0888007e-05
7.0278967e-05
6.9653877e-05
6.9012374e-05
6.835409e-05
6.7678651e-05
6.6985681e-05
6.6274802e-05
6.5545641e-05
6.479783e-05
6.4031014e-05
6.3244852e-05
6.2439026e-05
6.1613246e-05
6.076726e-05
5.9900857e-05
5.9013881e-05
5.8106237e-05
5.7177901e-05
5.622893e-05
5.5259474e-05
5.426978e-05
5.3260213e-05
8.7986786e-05
8.8029521e-05
8.8070195e-05
8.8108764e-05
8.814518e-05
8.8179396e-05
8.8211362e-05
8.824103e-05
8.826835e-05
8.8293273e-05
8.8315746e-05
8.8335703e-05
8.8353068e-05
8.8367805e-05
8.8379969e-05
8.8389586e-05
8.8396385e-05
8.8399548e-05
8.8400002e-05
8.8398325e-05
8.8393151e-05
8.8384849e-05
8.8373378e-05
8.8358669e-05
8.8340652e-05
8.8319257e-05
8.8294412e-05
8.8266042e-05
8.8234074e-05
8.8198429e-05
8.8159032e-05
8.8115801e-05
8.8068656e-05
8.8017514e-05
8.7962291e-05
8.79029e-05
8.7839254e-05
8.7771263e-05
8.7698835e-05
8.7621876e-05
8.7540291e-05
8.7453983e-05
8.7362851e-05
8.7266795e-05
8.716571e-05
8.7059491e-05
8.694803e-05
8.6831217e-05
8.6708939e-05
8.6581082e-05
8.6447529e-05
8.630816e-05
8.6162854e-05
8.6011486e-05
8.585393e-05
8.5690056e-05
8.5519731e-05
8.5342821e-05
8.5159188e-05
8.4968692e-05
8.4771189e-05
8.4566531e-05
8.4354569e-05
8.4135151e-05
8.390812e-05
8.3673316e-05
8.3430576e-05
8.3179735e-05
8.2920621e-05
8.2653061e-05
8.2376877e-05
8.2091888e-05
8.179791e-05
8.1494751e-05
8.1182219e-05
8.0860116e-05
8.052824e-05
8.0186384e-05
7.9834337e-05
7.9471882e-05
7.9098798e-05
7.871486e-05
7.8319836e-05
7.791349e-05
7.7495578e-05
7.7065853e-05
7.662406e-05
7.6169939e-05
7.5703223e-05
7.5223637e-05
7.47309e-05
7.4224723e-05
7.370481e-05
7.3170854e-05
7.2622544e-05
7.2059557e-05
7.1481563e-05
7.0888222e-05
7.0279187e-05
6.9654103e-05
6.9012605e-05
6.8354326e-05
6.7678892e-05
6.6985926e-05
6.6275051e-05
6.5545894e-05
6.4798088e-05
6.4031275e-05
6.3245117e-05
6.2439294e-05
6.1613517e-05
6.0767533e-05
5.9901133e-05
5.9014159e-05
5.8106516e-05
5.7178182e-05
5.6229212e-05
5.5259757e-05
5.4270063e-05
5.3260496e-05
8.798626e-05
8.8029004e-05
8.8069688e-05
8.8108266e-05
8.8144691e-05
8.8178916e-05
8.8210892e-05
8.8240568e-05
8.8267897e-05
8.829283e-05
8.8315311e-05
8.8335277e-05
8.8352649e-05
8.8367393e-05
8.8379568e-05
8.8389205e-05
8.8396034e-05
8.8399158e-05
8.8399608e-05
8.8397963e-05
8.83928e-05
8.8384507e-05
8.8373044e-05
8.8358344e-05
8.8340335e-05
8.8318949e-05
8.8294112e-05
8.826575e-05
8.823379e-05
8.8198154e-05
8.8158764e-05
8.8115541e-05
8.8068404e-05
8.801727e-05
8.7962055e-05
8.7902672e-05
8.7839034e-05
8.777105e-05
8.769863e-05
8.7621679e-05
8.7540102e-05
8.7453801e-05
8.7362677e-05
8.7266628e-05
8.7165551e-05
8.705934e-05
8.6947886e-05
8.6831081e-05
8.6708811e-05
8.6580961e-05
8.6447415e-05
8.6308054e-05
8.6162755e-05
8.6011395e-05
8.5853846e-05
8.5689979e-05
8.5519662e-05
8.5342759e-05
8.5159134e-05
8.4968645e-05
8.4771148e-05
8.4566498e-05
8.4354544e-05
8.4135133e-05
8.3908108e-05
8.3673312e-05
8.3430579e-05
8.3179745e-05
8.2920638e-05
8.2653085e-05
8.2376908e-05
8.2091926e-05
8.1797955e-05
8.1494803e-05
8.1182278e-05
8.0860182e-05
8.0528313e-05
8.0186463e-05
7.9834423e-05
7.9471974e-05
7.9098898e-05
7.8714966e-05
7.8319949e-05
7.7913609e-05
7.7495703e-05
7.7065985e-05
7.6624198e-05
7.6170084e-05
7.5703373e-05
7.5223794e-05
7.4731063e-05
7.4224892e-05
7.3704984e-05
7.3171034e-05
7.262273e-05
7.2059748e-05
7.1481759e-05
7.0888424e-05
7.0279394e-05
6.9654314e-05
6.9012821e-05
6.8354547e-05
6.7679117e-05
6.6986155e-05
6.6275285e-05
6.5546132e-05
6.4798329e-05
6.403152e-05
6.3245365e-05
6.2439545e-05
6.1613771e-05
6.076779e-05
5.9901392e-05
5.901442e-05
5.8106779e-05
5.7178445e-05
5.6229477e-05
5.5260022e-05
5.4270328e-05
5.3260762e-05
8.7985765e-05
8.8028518e-05
8.806921e-05
8.8107797e-05
8.8144231e-05
8.8178465e-05
8.8210449e-05
8.8240134e-05
8.8267471e-05
8.8292412e-05
8.8314903e-05
8.8334877e-05
8.8352255e-05
8.8367007e-05
8.837919e-05
8.8388849e-05
8.8395704e-05
8.8398792e-05
8.8399239e-05
8.8397623e-05
8.8392471e-05
8.8384186e-05
8.8372731e-05
8.8358039e-05
8.8340038e-05
8.8318659e-05
8.829383e-05
8.8265476e-05
8.8233523e-05
8.8197894e-05
8.8158512e-05
8.8115297e-05
8.8068167e-05
8.801704e-05
8.7961833e-05
8.7902457e-05
8.7838826e-05
8.777085e-05
8.7698437e-05
8.7621493e-05
8.7539924e-05
8.745363e-05
8.7362513e-05
8.7266472e-05
8.7165402e-05
8.7059198e-05
8.6947752e-05
8.6830953e-05
8.670869e-05
8.6580848e-05
8.6447309e-05
8.6307955e-05
8.6162663e-05
8.6011309e-05
8.5853767e-05
8.5689907e-05
8.5519597e-05
8.5342702e-05
8.5159083e-05
8.4968601e-05
8.4771111e-05
8.4566468e-05
8.435452e-05
8.4135116e-05
8.3908099e-05
8.3673308e-05
8.3430583e-05
8.3179755e-05
8.2920654e-05
8.2653108e-05
8.2376938e-05
8.2091963e-05
8.1797998e-05
8.1494853e-05
8.1182334e-05
8.0860245e-05
8.0528382e-05
8.0186539e-05
7.9834504e-05
7.9472062e-05
7.9098992e-05
7.8715067e-05
7.8320055e-05
7.7913721e-05
7.7495822e-05
7.7066109e-05
7.6624329e-05
7.617022e-05
7.5703516e-05
7.5223941e-05
7.4731216e-05
7.4225051e-05
7.3705148e-05
7.3171204e-05
7.2622905e-05
7.2059929e-05
7.1481945e-05
7.0888614e-05
7.0279589e-05
6.9654514e-05
6.9013026e-05
6.8354756e-05
6.767933e-05
6.6986372e-05
6.6275506e-05
6.5546356e-05
6.4798557e-05
6.4031751e-05
6.3245599e-05
6.2439782e-05
6.1614011e-05
6.0768032e-05
5.9901636e-05
5.9014666e-05
5.8107027e-05
5.7178694e-05
5.6229727e-05
5.5260273e-05
5.4270579e-05
5.3261012e-05
8.7985299e-05
8.802806e-05
8.8068761e-05
8.8107356e-05
8.8143798e-05
8.817804e-05
8.8210032e-05
8.8239725e-05
8.826707e-05
8.8292019e-05
8.8314518e-05
8.8334499e-05
8.8351883e-05
8.8366642e-05
8.8378834e-05
8.8388513e-05
8.8395395e-05
8.8398447e-05
8.8398889e-05
8.8397303e-05
8.839216e-05
8.8383884e-05
8.8372436e-05
8.8357751e-05
8.8339758e-05
8.8318386e-05
8.8293564e-05
8.8265217e-05
8.8233271e-05
8.819765e-05
8.8158274e-05
8.8115066e-05
8.8067943e-05
8.8016824e-05
8.7961623e-05
8.7902255e-05
8.7838631e-05
8.7770661e-05
8.7698255e-05
8.7621318e-05
8.7539755e-05
8.7453469e-05
8.7362359e-05
8.7266324e-05
8.7165261e-05
8.7059064e-05
8.6947624e-05
8.6830832e-05
8.6708576e-05
8.658074e-05
8.6447208e-05
8.630786e-05
8.6162575e-05
8.6011228e-05
8.5853693e-05
8.5689839e-05
8.5519535e-05
8.5342646e-05
8.5159034e-05
8.4968559e-05
8.4771075e-05
8.4566438e-05
8.4354497e-05
8.4135099e-05
8.3908088e-05
8.3673304e-05
8.3430585e-05
8.3179763e-05
8.2920669e-05
8.2653129e-05
8.2376965e-05
8.2091996e-05
8.1798037e-05
8.1494898e-05
8.1182386e-05
8.0860302e-05
8.0528446e-05
8.0186609e-05
7.983458e-05
7.9472144e-05
7.9099079e-05
7.871516e-05
7.8320154e-05
7.7913826e-05
7.7495933e-05
7.7066226e-05
7.6624451e-05
7.6170347e-05
7.5703648e-05
7.522408e-05
7.473136e-05
7.4225199e-05
7.3705302e-05
7.3171363e-05
7.2623069e-05
7.2060097e-05
7.1482118e-05
7.0888792e-05
7.0279771e-05
6.9654701e-05
6.9013217e-05
6.8354951e-05
6.7679529e-05
6.6986575e-05
6.6275712e-05
6.5546567e-05
6.4798771e-05
6.4031968e-05
6.3245819e-05
6.2440005e-05
6.1614236e-05
6.0768259e-05
5.9901865e-05
5.9014896e-05
5.8107259e-05
5.7178928e-05
5.6229961e-05
5.5260507e-05
5.4270814e-05
5.3261246e-05
8.7984861e-05
8.802763e-05
8.8068339e-05
8.8106942e-05
8.8143392e-05
8.8177641e-05
8.820964e-05
8.8239341e-05
8.8266694e-05
8.829165e-05
8.8314157e-05
8.8334145e-05
8.8351535e-05
8.83663e-05
8.8378499e-05
8.8388199e-05
8.8395111e-05
8.8398123e-05
8.8398562e-05
8.8397003e-05
8.8391868e-05
8.8383599e-05
8.8372158e-05
8.835748e-05
8.8339494e-05
8.8318129e-05
8.8293314e-05
8.8264974e-05
8.8233035e-05
8.819742e-05
8.8158051e-05
8.811485e-05
8.8067734e-05
8.8016621e-05
8.7961427e-05
8.7902065e-05
8.7838447e-05
8.7770485e-05
8.7698085e-05
8.7621155e-05
8.7539598e-05
8.7453318e-05
8.7362214e-05
8.7266186e-05
8.7165129e-05
8.7058938e-05
8.6947505e-05
8.6830719e-05
8.6708469e-05
8.658064e-05
8.6447114e-05
8.6307772e-05
8.6162493e-05
8.6011153e-05
8.5853624e-05
8.5689776e-05
8.5519478e-05
8.5342596e-05
8.515899e-05
8.496852e-05
8.4771043e-05
8.4566412e-05
8.4354477e-05
8.4135085e-05
8.390808e-05
8.3673302e-05
8.3430588e-05
8.3179772e-05
8.2920684e-05
8.265315e-05
8.2376992e-05
8.2092029e-05
8.1798076e-05
8.1494942e-05
8.1182436e-05
8.0860358e-05
8.0528507e-05
8.0186675e-05
7.9834653e-05
7.9472222e-05
7.9099163e-05
7.8715249e-05
7.8320249e-05
7.7913926e-05
7.7496038e-05
7.7066336e-05
7.6624567e-05
7.6170468e-05
7.5703775e-05
7.5224211e-05
7.4731496e-05
7.422534e-05
7.3705448e-05
7.3171513e-05
7.2623224e-05
7.2060257e-05
7.1482282e-05
7.0888961e-05
7.0279944e-05
6.9654878e-05
6.9013398e-05
6.8355136e-05
6.7679718e-05
6.6986767e-05
6.6275908e-05
6.5546765e-05
6.4798973e-05
6.4032173e-05
6.3246026e-05
6.2440215e-05
6.1614448e-05
6.0768474e-05
5.9902081e-05
5.9015115e-05
5.8107478e-05
5.7179148e-05
5.6230182e-05
5.5260729e-05
5.4271036e-05
5.3261468e-05
8.7984448e-05
8.8027224e-05
8.8067941e-05
8.8106551e-05
8.8143008e-05
8.8177265e-05
8.8209271e-05
8.8238979e-05
8.8266338e-05
8.8291302e-05
8.8313816e-05
8.8333811e-05
8.8351206e-05
8.8365977e-05
8.8378183e-05
8.8387901e-05
8.8394839e-05
8.8397819e-05
8.8398254e-05
8.8396721e-05
8.8391593e-05
8.838333e-05
8.8371896e-05
8.8357225e-05
8.8339245e-05
8.8317887e-05
8.8293078e-05
8.8264744e-05
8.8232812e-05
8.8197203e-05
8.8157841e-05
8.8114645e-05
8.8067536e-05
8.8016429e-05
8.7961241e-05
8.7901885e-05
8.7838274e-05
8.7770317e-05
8.7697924e-05
8.7620999e-05
8.7539449e-05
8.7453175e-05
8.7362077e-05
8.7266055e-05
8.7165004e-05
8.7058819e-05
8.6947392e-05
8.6830612e-05
8.6708368e-05
8.6580544e-05
8.6447024e-05
8.6307689e-05
8.6162416e-05
8.6011081e-05
8.5853557e-05
8.5689716e-05
8.5519424e-05
8.5342546e-05
8.5158946e-05
8.4968482e-05
8.4771011e-05
8.4566385e-05
8.4354456e-05
8.413507e-05
8.390807e-05
8.3673298e-05
8.343059e-05
8.317978e-05
8.2920697e-05
8.2653168e-05
8.2377016e-05
8.2092058e-05
8.179811e-05
8.1494983e-05
8.1182481e-05
8.0860409e-05
8.0528563e-05
8.0186737e-05
7.9834719e-05
7.9472294e-05
7.909924e-05
7.8715331e-05
7.8320337e-05
7.7914019e-05
7.7496135e-05
7.7066439e-05
7.6624674e-05
7.6170581e-05
7.5703892e-05
7.5224333e-05
7.4731622e-05
7.4225471e-05
7.3705584e-05
7.3171654e-05
7.2623368e-05
7.2060406e-05
7.1482435e-05
7.0889118e-05
7.0280105e-05
6.9655043e-05
6.9013566e-05
6.8355308e-05
6.7679894e-05
6.6986947e-05
6.6276091e-05
6.5546951e-05
6.4799161e-05
6.4032364e-05
6.324622e-05
6.2440411e-05
6.1614647e-05
6.0768674e-05
5.9902284e-05
5.9015318e-05
5.8107683e-05
5.7179354e-05
5.6230389e-05
5.5260936e-05
5.4271243e-05
5.3261676e-05
8.7984061e-05
8.8026844e-05
8.8067567e-05
8.8106184e-05
8.8142648e-05
8.8176911e-05
8.8208925e-05
8.8238639e-05
8.8266005e-05
8.8290976e-05
8.8313497e-05
8.8333498e-05
8.8350897e-05
8.8365674e-05
8.8377888e-05
8.8387622e-05
8.8394581e-05
8.8397533e-05
8.8397966e-05
8.8396455e-05
8.8391335e-05
8.8383079e-05
8.8371651e-05
8.8356986e-05
8.8339013e-05
8.831766e-05
8.8292857e-05
8.826453e-05
8.8232603e-05
8.8197e-05
8.8157644e-05
8.8114454e-05
8.806735e-05
8.801625e-05
8.7961067e-05
8.7901717e-05
8.7838112e-05
8.7770161e-05
8.7697773e-05
8.7620854e-05
8.753931e-05
8.7453041e-05
8.7361949e-05
8.7265933e-05
8.7164888e-05
8.7058708e-05
8.6947286e-05
8.6830512e-05
8.6708274e-05
8.6580456e-05
8.6446941e-05
8.6307611e-05
8.6162344e-05
8.6011014e-05
8.5853496e-05
8.568966e-05
8.5519374e-05
8.5342502e-05
8.5158907e-05
8.4968448e-05
8.4770982e-05
8.4566362e-05
8.4354438e-05
8.4135057e-05
8.3908063e-05
8.3673296e-05
8.3430593e-05
8.3179788e-05
8.2920711e-05
8.2653187e-05
8.237704e-05
8.2092088e-05
8.1798145e-05
8.1495022e-05
8.1182526e-05
8.0860458e-05
8.0528618e-05
8.0186797e-05
7.9834784e-05
7.9472364e-05
7.9099315e-05
7.8715411e-05
7.8320421e-05
7.7914108e-05
7.7496229e-05
7.7066537e-05
7.6624777e-05
7.6170688e-05
7.5704004e-05
7.5224449e-05
7.4731743e-05
7.4225597e-05
7.3705713e-05
7.3171787e-05
7.2623506e-05
7.2060548e-05
7.1482581e-05
7.0889267e-05
7.0280259e-05
6.96552e-05
6.9013727e-05
6.8355472e-05
6.7680061e-05
6.6987117e-05
6.6276264e-05
6.5547128e-05
6.479934e-05
6.4032546e-05
6.3246405e-05
6.2440598e-05
6.1614835e-05
6.0768865e-05
5.9902476e-05
5.9015512e-05
5.8107878e-05
5.717955e-05
5.6230585e-05
5.5261133e-05
5.427144e-05
5.3261872e-05
8.7983695e-05
8.8026485e-05
8.8067214e-05
8.8105838e-05
8.8142308e-05
8.8176578e-05
8.8208598e-05
8.8238318e-05
8.8265691e-05
8.8290667e-05
8.8313195e-05
8.8333202e-05
8.8350606e-05
8.8365388e-05
8.8377609e-05
8.8387359e-05
8.8394337e-05
8.8397264e-05
8.8397694e-05
8.8396204e-05
8.8391091e-05
8.8382841e-05
8.8371419e-05
8.835676e-05
8.8338792e-05
8.8317446e-05
8.8292648e-05
8.8264327e-05
8.8232405e-05
8.8196808e-05
8.8157457e-05
8.8114273e-05
8.8067175e-05
8.8016079e-05
8.7960903e-05
8.7901558e-05
8.7837958e-05
8.7770012e-05
8.769763e-05
8.7620717e-05
8.7539177e-05
8.7452914e-05
8.7361827e-05
8.7265816e-05
8.7164776e-05
8.7058602e-05
8.6947186e-05
8.6830417e-05
8.6708184e-05
8.6580371e-05
8.6446862e-05
8.6307537e-05
8.6162274e-05
8.601095e-05
8.5853437e-05
8.5689606e-05
8.5519325e-05
8.5342458e-05
8.5158868e-05
8.4968415e-05
8.4770954e-05
8.4566339e-05
8.435442e-05
8.4135044e-05
8.3908054e-05
8.3673292e-05
8.3430595e-05
8.3179794e-05
8.2920722e-05
8.2653203e-05
8.2377061e-05
8.2092113e-05
8.1798175e-05
8.1495057e-05
8.1182566e-05
8.0860503e-05
8.0528667e-05
8.0186851e-05
7.9834843e-05
7.9472427e-05
7.9099383e-05
7.8715483e-05
7.8320498e-05
7.7914189e-05
7.7496315e-05
7.7066627e-05
7.6624872e-05
7.6170787e-05
7.5704107e-05
7.5224557e-05
7.4731855e-05
7.4225712e-05
7.3705833e-05
7.3171911e-05
7.2623634e-05
7.2060679e-05
7.1482716e-05
7.0889406e-05
7.0280401e-05
6.9655345e-05
6.9013876e-05
6.8355624e-05
6.7680216e-05
6.6987276e-05
6.6276425e-05
6.5547292e-05
6.4799507e-05
6.4032715e-05
6.3246576e-05
6.2440771e-05
6.1615011e-05
6.0769042e-05
5.9902654e-05
5.9015692e-05
5.8108059e-05
5.7179732e-05
5.6230768e-05
5.5261316e-05
5.4271623e-05
5.3262055e-05
8.7983352e-05
8.8026148e-05
8.8066884e-05
8.8105513e-05
8.814199e-05
8.8176265e-05
8.8208291e-05
8.8238017e-05
8.8265396e-05
8.8290378e-05
8.8312912e-05
8.8332925e-05
8.8350333e-05
8.836512e-05
8.8377347e-05
8.8387114e-05
8.8394113e-05
8.8397011e-05
8.8397438e-05
8.8395969e-05
8.8390863e-05
8.8382618e-05
8.8371203e-05
8.8356549e-05
8.8338586e-05
8.8317245e-05
8.8292453e-05
8.8264137e-05
8.8232221e-05
8.8196629e-05
8.8157283e-05
8.8114104e-05
8.8067011e-05
8.8015921e-05
8.7960749e-05
8.790141e-05
8.7837815e-05
8.7769874e-05
8.7697497e-05
8.7620588e-05
8.7539054e-05
8.7452796e-05
8.7361715e-05
8.7265708e-05
8.7164674e-05
8.7058505e-05
8.6947093e-05
8.6830329e-05
8.6708101e-05
8.6580293e-05
8.6446789e-05
8.6307469e-05
8.6162211e-05
8.6010892e-05
8.5853384e-05
8.5689558e-05
8.5519281e-05
8.5342419e-05
8.5158834e-05
8.4968386e-05
8.4770929e-05
8.4566319e-05
8.4354404e-05
8.4135033e-05
8.3908049e-05
8.3673291e-05
8.3430598e-05
8.3179803e-05
8.2920735e-05
8.2653221e-05
8.2377083e-05
8.209214e-05
8.1798206e-05
8.1495093e-05
8.1182606e-05
8.0860548e-05
8.0528716e-05
8.0186904e-05
7.98349e-05
7.9472489e-05
7.9099449e-05
7.8715554e-05
7.8320573e-05
7.7914268e-05
7.7496399e-05
7.7066715e-05
7.6624963e-05
7.6170883e-05
7.5704207e-05
7.522466e-05
7.4731962e-05
7.4225824e-05
7.3705948e-05
7.317203e-05
7.2623756e-05
7.2060805e-05
7.1482846e-05
7.0889539e-05
7.0280537e-05
6.9655485e-05
6.9014019e-05
6.835577e-05
6.7680365e-05
6.6987427e-05
6.627658e-05
6.5547448e-05
6.4799666e-05
6.4032877e-05
6.324674e-05
6.2440937e-05
6.1615178e-05
6.0769211e-05
5.9902825e-05
5.9015864e-05
5.8108232e-05
5.7179906e-05
5.6230942e-05
5.5261491e-05
5.4271798e-05
5.326223e-05
8.7983029e-05
8.8025831e-05
8.8066572e-05
8.8105207e-05
8.8141689e-05
8.817597e-05
8.8208001e-05
8.8237733e-05
8.8265117e-05
8.8290105e-05
8.8312645e-05
8.8332663e-05
8.8350076e-05
8.8364865e-05
8.83771e-05
8.8386882e-05
8.8393899e-05
8.8396772e-05
8.8397197e-05
8.8395746e-05
8.8390646e-05
8.8382407e-05
8.8370997e-05
8.8356348e-05
8.8338391e-05
8.8317055e-05
8.8292268e-05
8.8263956e-05
8.8232045e-05
8.8196458e-05
8.8157118e-05
8.8113944e-05
8.8066855e-05
8.801577e-05
8.7960603e-05
8.7901268e-05
8.7837678e-05
8.7769742e-05
8.769737e-05
8.7620466e-05
8.7538937e-05
8.7452683e-05
8.7361607e-05
8.7265605e-05
8.7164575e-05
8.7058411e-05
8.6947004e-05
8.6830245e-05
8.6708021e-05
8.6580218e-05
8.6446718e-05
8.6307403e-05
8.616215e-05
8.6010835e-05
8.5853332e-05
8.568951e-05
8.5519238e-05
8.5342381e-05
8.51588e-05
8.4968356e-05
8.4770904e-05
8.4566298e-05
8.4354388e-05
8.4135021e-05
8.3908041e-05
8.3673288e-05
8.3430599e-05
8.3179808e-05
8.2920744e-05
8.2653234e-05
8.2377101e-05
8.2092162e-05
8.1798233e-05
8.1495124e-05
8.1182641e-05
8.0860587e-05
8.052876e-05
8.0186952e-05
7.9834952e-05
7.9472545e-05
7.9099509e-05
7.8715618e-05
7.8320641e-05
7.791434e-05
7.7496475e-05
7.7066795e-05
7.6625047e-05
7.6170971e-05
7.5704298e-05
7.5224755e-05
7.4732061e-05
7.4225926e-05
7.3706054e-05
7.3172139e-05
7.2623869e-05
7.2060921e-05
7.1482965e-05
7.0889662e-05
7.0280663e-05
6.9655614e-05
6.9014151e-05
6.8355905e-05
6.7680503e-05
6.6987567e-05
6.6276722e-05
6.5547593e-05
6.4799813e-05
6.4033026e-05
6.3246891e-05
6.244109e-05
6.1615333e-05
6.0769367e-05
5.9902983e-05
5.9016023e-05
5.8108392e-05
5.7180066e-05
5.6231104e-05
5.5261653e-05
5.427196e-05
5.3262392e-05
8.7982726e-05
8.8025533e-05
8.806628e-05
8.810492e-05
8.8141408e-05
8.8175694e-05
8.8207731e-05
8.8237467e-05
8.8264857e-05
8.828985e-05
8.8312395e-05
8.8332418e-05
8.8349835e-05
8.8364628e-05
8.8376869e-05
8.8386668e-05
8.8393703e-05
8.8396549e-05
8.839697e-05
8.8395539e-05
8.8390445e-05
8.8382211e-05
8.8370805e-05
8.8356161e-05
8.8338209e-05
8.8316878e-05
8.8292096e-05
8.8263789e-05
8.8231882e-05
8.81963e-05
8.8156964e-05
8.8113794e-05
8.8066711e-05
8.801563e-05
8.7960467e-05
8.7901137e-05
8.7837552e-05
8.7769621e-05
8.7697252e-05
8.7620353e-05
8.7538828e-05
8.745258e-05
8.7361507e-05
8.726551e-05
8.7164485e-05
8.7058325e-05
8.6946923e-05
8.6830168e-05
8.6707949e-05
8.658015e-05
8.6446655e-05
8.6307344e-05
8.6162095e-05
8.6010785e-05
8.5853286e-05
8.5689468e-05
8.5519201e-05
8.5342347e-05
8.5158771e-05
8.4968331e-05
8.4770883e-05
8.4566281e-05
8.4354376e-05
8.4135013e-05
8.3908037e-05
8.3673288e-05
8.3430603e-05
8.3179816e-05
8.2920757e-05
8.2653251e-05
8.2377121e-05
8.2092187e-05
8.1798261e-05
8.1495156e-05
8.1182678e-05
8.0860628e-05
8.0528804e-05
8.0187e-05
7.9835005e-05
7.9472601e-05
7.9099569e-05
7.8715682e-05
7.8320708e-05
7.7914412e-05
7.7496549e-05
7.7066874e-05
7.6625129e-05
7.6171057e-05
7.5704388e-05
7.5224848e-05
7.4732158e-05
7.4226026e-05
7.3706157e-05
7.3172246e-05
7.2623979e-05
7.2061034e-05
7.1483081e-05
7.0889781e-05
7.0280785e-05
6.9655738e-05
6.9014278e-05
6.8356035e-05
6.7680635e-05
6.6987702e-05
6.627686e-05
6.5547733e-05
6.4799956e-05
6.403317e-05
6.3247037e-05
6.2441238e-05
6.1615483e-05
6.0769518e-05
5.9903135e-05
5.9016176e-05
5.8108546e-05
5.7180221e-05
5.6231259e-05
5.5261808e-05
5.4272116e-05
5.3262548e-05
8.7982439e-05
8.8025251e-05
8.8066003e-05
8.8104648e-05
8.8141141e-05
8.8175433e-05
8.8207474e-05
8.8237216e-05
8.826461e-05
8.8289608e-05
8.8312158e-05
8.8332186e-05
8.8349606e-05
8.8364402e-05
8.8376651e-05
8.8386463e-05
8.8393513e-05
8.8396337e-05
8.8396757e-05
8.8395342e-05
8.8390254e-05
8.8382024e-05
8.8370623e-05
8.8355984e-05
8.8338036e-05
8.8316709e-05
8.8291932e-05
8.8263629e-05
8.8231727e-05
8.8196149e-05
8.8156817e-05
8.8113652e-05
8.8066573e-05
8.8015496e-05
8.7960338e-05
8.7901012e-05
8.7837431e-05
8.7769504e-05
8.769714e-05
8.7620245e-05
8.7538724e-05
8.745248e-05
8.7361412e-05
8.7265419e-05
8.7164398e-05
8.7058242e-05
8.6946844e-05
8.6830093e-05
8.6707878e-05
8.6580083e-05
8.6446592e-05
8.6307285e-05
8.6162041e-05
8.6010734e-05
8.5853239e-05
8.5689426e-05
8.5519162e-05
8.5342313e-05
8.5158741e-05
8.4968304e-05
8.4770861e-05
8.4566263e-05
8.4354361e-05
8.4135002e-05
8.390803e-05
8.3673285e-05
8.3430604e-05
8.3179821e-05
8.2920765e-05
8.2653263e-05
8.2377137e-05
8.2092206e-05
8.1798285e-05
8.1495184e-05
8.1182709e-05
8.0860662e-05
8.0528842e-05
8.0187042e-05
7.983505e-05
7.9472651e-05
7.9099622e-05
7.8715738e-05
7.8320768e-05
7.7914475e-05
7.7496617e-05
7.7066944e-05
7.6625203e-05
7.6171134e-05
7.5704468e-05
7.5224932e-05
7.4732245e-05
7.4226116e-05
7.3706251e-05
7.3172342e-05
7.2624078e-05
7.2061137e-05
7.1483187e-05
7.0889889e-05
7.0280896e-05
6.9655852e-05
6.9014395e-05
6.8356154e-05
6.7680757e-05
6.6987826e-05
6.6276986e-05
6.5547861e-05
6.4800086e-05
6.4033302e-05
6.3247171e-05
6.2441373e-05
6.161562e-05
6.0769657e-05
5.9903275e-05
5.9016317e-05
5.8108687e-05
5.7180364e-05
5.6231402e-05
5.5261951e-05
5.4272259e-05
5.3262691e-05
8.7982172e-05
8.8024989e-05
8.8065746e-05
8.8104396e-05
8.8140893e-05
8.8175189e-05
8.8207235e-05
8.8236982e-05
8.826438e-05
8.8289383e-05
8.8311938e-05
8.833197e-05
8.8349394e-05
8.8364193e-05
8.8376448e-05
8.8386275e-05
8.8393341e-05
8.8396141e-05
8.8396557e-05
8.839516e-05
8.8390076e-05
8.8381851e-05
8.8370455e-05
8.835582e-05
8.8337876e-05
8.8316554e-05
8.829178e-05
8.8263481e-05
8.8231583e-05
8.819601e-05
8.8156682e-05
8.8113521e-05
8.8066445e-05
8.8015373e-05
8.7960219e-05
8.7900897e-05
8.7837319e-05
8.7769397e-05
8.7697037e-05
8.7620146e-05
8.7538629e-05
8.7452389e-05
8.7361325e-05
8.7265336e-05
8.7164319e-05
8.7058167e-05
8.6946773e-05
8.6830026e-05
8.6707815e-05
8.6580024e-05
8.6446537e-05
8.6307234e-05
8.6161993e-05
8.6010691e-05
8.58532e-05
8.568939e-05
8.551913e-05
8.5342285e-05
8.5158716e-05
8.4968284e-05
8.4770844e-05
8.4566249e-05
8.4354351e-05
8.4134996e-05
8.3908027e-05
8.3673286e-05
8.3430609e-05
8.3179829e-05
8.2920777e-05
8.2653279e-05
8.2377157e-05
8.2092229e-05
8.1798312e-05
8.1495214e-05
8.1182742e-05
8.0860699e-05
8.0528883e-05
8.0187086e-05
7.9835098e-05
7.9472702e-05
7.9099676e-05
7.8715796e-05
7.832083e-05
7.791454e-05
7.7496684e-05
7.7067015e-05
7.6625278e-05
7.6171211e-05
7.5704549e-05
7.5225016e-05
7.4732331e-05
7.4226206e-05
7.3706343e-05
7.3172438e-05
7.2624177e-05
7.2061238e-05
7.1483291e-05
7.0889996e-05
7.0281005e-05
6.9655964e-05
6.9014509e-05
6.8356271e-05
6.7680876e-05
6.6987947e-05
6.6277109e-05
6.5547987e-05
6.4800213e-05
6.4033431e-05
6.3247302e-05
6.2441506e-05
6.1615753e-05
6.0769792e-05
5.9903411e-05
5.9016454e-05
5.8108825e-05
5.7180502e-05
5.6231541e-05
5.5262091e-05
5.4272398e-05
5.326283e-05
8.7981919e-05
8.802474e-05
8.8065502e-05
8.8104156e-05
8.8140658e-05
8.8174959e-05
8.8207009e-05
8.8236759e-05
8.8264163e-05
8.828917e-05
8.8311729e-05
8.8331765e-05
8.8349192e-05
8.8363994e-05
8.8376255e-05
8.8386093e-05
8.8393172e-05
8.8395954e-05
8.8396368e-05
8.8394984e-05
8.8389907e-05
8.8381686e-05
8.8370294e-05
8.8355663e-05
8.8337723e-05
8.8316404e-05
8.8291634e-05
8.826334e-05
8.8231446e-05
8.8195876e-05
8.8156552e-05
8.8113394e-05
8.8066323e-05
8.8015254e-05
8.7960104e-05
8.7900786e-05
8.7837212e-05
8.7769293e-05
8.7696937e-05
8.762005e-05
8.7538537e-05
8.74523e-05
8.736124e-05
8.7265255e-05
8.7164241e-05
8.7058093e-05
8.6946703e-05
8.682996e-05
8.6707752e-05
8.6579965e-05
8.6446482e-05
8.6307182e-05
8.6161945e-05
8.6010646e-05
8.5853159e-05
8.5689353e-05
8.5519096e-05
8.5342254e-05
8.5158689e-05
8.496826e-05
8.4770824e-05
8.4566233e-05
8.4354338e-05
8.4134986e-05
8.3908021e-05
8.3673283e-05
8.343061e-05
8.3179833e-05
8.2920785e-05
8.265329e-05
8.2377171e-05
8.2092247e-05
8.1798332e-05
8.1495238e-05
8.118277e-05
8.086073e-05
8.0528917e-05
8.0187124e-05
7.9835138e-05
7.9472745e-05
7.9099723e-05
7.8715846e-05
7.8320883e-05
7.7914596e-05
7.7496744e-05
7.7067078e-05
7.6625343e-05
7.617128e-05
7.570462e-05
7.522509e-05
7.4732409e-05
7.4226286e-05
7.3706426e-05
7.3172524e-05
7.2624265e-05
7.2061329e-05
7.1483384e-05
7.0890092e-05
7.0281104e-05
6.9656065e-05
6.9014612e-05
6.8356376e-05
6.7680983e-05
6.6988057e-05
6.6277221e-05
6.55481e-05
6.4800328e-05
6.4033548e-05
6.324742e-05
6.2441625e-05
6.1615875e-05
6.0769914e-05
5.9903534e-05
5.9016578e-05
5.8108951e-05
5.7180628e-05
5.6231667e-05
5.5262217e-05
5.4272525e-05
5.3262957e-05
8.7981683e-05
8.8024508e-05
8.8065274e-05
8.8103933e-05
8.8140439e-05
8.8174744e-05
8.8206799e-05
8.8236553e-05
8.8263961e-05
8.8288972e-05
8.8311536e-05
8.8331576e-05
8.8349006e-05
8.836381e-05
8.8376077e-05
8.8385929e-05
8.8393019e-05
8.8395782e-05
8.8396193e-05
8.8394822e-05
8.8389753e-05
8.8381536e-05
8.8370147e-05
8.8355519e-05
8.8337583e-05
8.8316268e-05
8.8291501e-05
8.826321e-05
8.823132e-05
8.8195753e-05
8.8156433e-05
8.8113279e-05
8.8066211e-05
8.8015146e-05
8.7959999e-05
8.7900684e-05
8.7837114e-05
8.7769199e-05
8.7696846e-05
8.7619963e-05
8.7538453e-05
8.745222e-05
8.7361164e-05
8.7265182e-05
8.7164172e-05
8.7058028e-05
8.6946641e-05
8.6829902e-05
8.6707698e-05
8.6579914e-05
8.6446434e-05
8.6307138e-05
8.6161905e-05
8.6010609e-05
8.5853125e-05
8.5689323e-05
8.5519069e-05
8.5342231e-05
8.5158669e-05
8.4968244e-05
8.477081e-05
8.4566223e-05
8.4354331e-05
8.4134983e-05
8.3908021e-05
8.3673286e-05
8.3430616e-05
8.3179843e-05
8.2920797e-05
8.2653306e-05
8.237719e-05
8.2092269e-05
8.1798358e-05
8.1495267e-05
8.1182802e-05
8.0860765e-05
8.0528955e-05
8.0187165e-05
7.9835183e-05
7.9472793e-05
7.9099774e-05
7.87159e-05
7.8320939e-05
7.7914655e-05
7.7496806e-05
7.7067143e-05
7.6625411e-05
7.6171351e-05
7.5704694e-05
7.5225167e-05
7.4732488e-05
7.4226368e-05
7.370651e-05
7.3172611e-05
7.2624355e-05
7.2061421e-05
7.1483478e-05
7.0890188e-05
7.0281203e-05
6.9656166e-05
6.9014715e-05
6.8356482e-05
6.7681091e-05
6.6988167e-05
6.6277332e-05
6.5548213e-05
6.4800443e-05
6.4033665e-05
6.3247538e-05
6.2441745e-05
6.1615995e-05
6.0770036e-05
5.9903657e-05
5.9016702e-05
5.8109075e-05
5.7180753e-05
5.6231793e-05
5.5262343e-05
5.4272651e-05
5.3263082e-05
8.7981451e-05
8.8024281e-05
8.8065051e-05
8.8103714e-05
8.8140224e-05
8.8174533e-05
8.8206592e-05
8.823635e-05
8.8263762e-05
8.8288777e-05
8.8311345e-05
8.8331389e-05
8.8348822e-05
8.8363629e-05
8.8375901e-05
8.8385762e-05
8.8392857e-05
8.8395615e-05
8.8396025e-05
8.8394664e-05
8.8389601e-05
8.8381387e-05
8.8370002e-05
8.8355378e-05
8.8337446e-05
8.8316135e-05
8.8291372e-05
8.8263085e-05
8.8231198e-05
8.8195635e-05
8.8156318e-05
8.8113168e-05
8.8066103e-05
8.8015041e-05
8.7959898e-05
8.7900587e-05
8.7837021e-05
8.7769109e-05
8.769676e-05
8.761988e-05
8.7538374e-05
8.7452144e-05
8.7361091e-05
8.7265112e-05
8.7164106e-05
8.7057965e-05
8.6946581e-05
8.6829845e-05
8.6707644e-05
8.6579864e-05
8.6446387e-05
8.6307094e-05
8.6161864e-05
8.6010571e-05
8.585309e-05
8.5689291e-05
8.5519041e-05
8.5342205e-05
8.5158646e-05
8.4968224e-05
8.4770794e-05
8.4566209e-05
8.4354321e-05
8.4134975e-05
8.3908017e-05
8.3673285e-05
8.3430617e-05
8.3179847e-05
8.2920805e-05
8.2653316e-05
8.2377204e-05
8.2092286e-05
8.1798377e-05
8.1495289e-05
8.1182827e-05
8.0860793e-05
8.0528986e-05
8.0187199e-05
7.9835219e-05
7.9472832e-05
7.9099816e-05
7.8715945e-05
7.8320987e-05
7.7914706e-05
7.749686e-05
7.7067199e-05
7.662547e-05
7.6171412e-05
7.5704758e-05
7.5225234e-05
7.4732557e-05
7.422644e-05
7.3706585e-05
7.3172687e-05
7.2624434e-05
7.2061502e-05
7.1483562e-05
7.0890275e-05
7.0281291e-05
6.9656257e-05
6.9014808e-05
6.8356576e-05
6.7681187e-05
6.6988265e-05
6.6277432e-05
6.5548315e-05
6.4800546e-05
6.403377e-05
6.3247644e-05
6.2441852e-05
6.1616104e-05
6.0770146e-05
5.9903768e-05
5.9016813e-05
5.8109187e-05
5.7180865e-05
5.6231905e-05
5.5262456e-05
5.4272764e-05
5.3263195e-05
8.7980572e-05
8.8023411e-05
8.8064191e-05
8.8102864e-05
8.8139384e-05
8.8173703e-05
8.8205772e-05
8.8235541e-05
8.8262963e-05
8.8287987e-05
8.8310559e-05
8.8330617e-05
8.8348086e-05
8.8362928e-05
8.8375187e-05
8.8384852e-05
8.8391706e-05
8.8395077e-05
8.8395614e-05
8.8394046e-05
8.8388961e-05
8.8380753e-05
8.8369377e-05
8.8354763e-05
8.8336842e-05
8.8315542e-05
8.8290792e-05
8.8262517e-05
8.8230643e-05
8.8195093e-05
8.815579e-05
8.8112654e-05
8.8065604e-05
8.8014557e-05
8.7959428e-05
8.7900132e-05
8.783658e-05
8.7768683e-05
8.7696348e-05
8.7619483e-05
8.7537991e-05
8.7451776e-05
8.7360737e-05
8.7264773e-05
8.716378e-05
8.7057653e-05
8.6946284e-05
8.6829562e-05
8.6707375e-05
8.657961e-05
8.6446148e-05
8.6306871e-05
8.6161656e-05
8.601038e-05
8.5852915e-05
8.5689132e-05
8.55189e-05
8.5342082e-05
8.5158541e-05
8.4968137e-05
8.4770725e-05
8.456616e-05
8.4354291e-05
8.4134965e-05
8.3908025e-05
8.3673314e-05
8.3430666e-05
8.3179916e-05
8.2920894e-05
8.2653425e-05
8.2377333e-05
8.2092435e-05
8.1798547e-05
8.1495479e-05
8.1183038e-05
8.0861024e-05
8.0529238e-05
8.0187471e-05
7.9835512e-05
7.9473145e-05
7.9100149e-05
7.8716298e-05
7.8321361e-05
7.79151e-05
7.7497274e-05
7.7067633e-05
7.6625924e-05
7.6171886e-05
7.5705252e-05
7.5225747e-05
7.473309e-05
7.4226992e-05
7.3707156e-05
7.3173277e-05
7.2625042e-05
7.2062129e-05
7.1484207e-05
7.0890937e-05
7.0281971e-05
6.9656954e-05
6.9015522e-05
6.8357306e-05
6.7681933e-05
6.6989026e-05
6.6278208e-05
6.5549105e-05
6.4801349e-05
6.4034585e-05
6.3248472e-05
6.2442691e-05
6.1616953e-05
6.0771004e-05
5.9904635e-05
5.9017688e-05
5.8110068e-05
5.7181752e-05
5.6232797e-05
5.526335e-05
5.4273659e-05
5.3264091e-05
)
;

boundaryField
{
    front
    {
        type            empty;
    }
    back
    {
        type            empty;
    }
    inlet
    {
        type            zeroGradient;
    }
    outlet
    {
        type            zeroGradient;
    }
    top
    {
        type            zeroGradient;
    }
    slipsurface
    {
        type            slip;
    }
    bottom
    {
        type            epsilonWallFunction;
        value           nonuniform List<scalar> 0();
    }
    procBoundary5to4
    {
        type            processor;
        value           nonuniform List<scalar> 
131
(
8.9638748e-05
8.9663914e-05
8.968752e-05
8.9709526e-05
8.9729887e-05
8.9748561e-05
8.9765503e-05
8.9780667e-05
8.9794009e-05
8.9805481e-05
8.9815036e-05
8.9822625e-05
8.9828198e-05
8.9831705e-05
8.9833095e-05
8.9832316e-05
8.9829314e-05
8.9824035e-05
8.9816423e-05
8.9806423e-05
8.9793977e-05
8.9779027e-05
8.9761513e-05
8.9741375e-05
8.9718551e-05
8.9692977e-05
8.9664591e-05
8.9633326e-05
8.9599116e-05
8.9561894e-05
8.9521591e-05
8.9478136e-05
8.9431458e-05
8.9381484e-05
8.932814e-05
8.927135e-05
8.9211036e-05
8.9147121e-05
8.9079524e-05
8.9008163e-05
8.8932955e-05
8.8853816e-05
8.8770658e-05
8.8683394e-05
8.8591935e-05
8.8496188e-05
8.8396061e-05
8.8291458e-05
8.8182284e-05
8.8068439e-05
8.7949823e-05
8.7826335e-05
8.769787e-05
8.7564322e-05
8.7425583e-05
8.7281542e-05
8.7132088e-05
8.6977105e-05
8.6816478e-05
8.6650087e-05
8.647781e-05
8.6299526e-05
8.6115106e-05
8.5924424e-05
8.5727348e-05
8.5523745e-05
8.5313478e-05
8.5096409e-05
8.4872397e-05
8.4641297e-05
8.4402963e-05
8.4157244e-05
8.3903988e-05
8.3643039e-05
8.3374239e-05
8.3097425e-05
8.2812431e-05
8.2519091e-05
8.2217232e-05
8.1906678e-05
8.1587251e-05
8.1258769e-05
8.0921046e-05
8.0573891e-05
8.0217112e-05
7.9850511e-05
7.9473886e-05
7.9087032e-05
7.8689737e-05
7.8281789e-05
7.7862967e-05
7.7433047e-05
7.6991802e-05
7.6538996e-05
7.607439e-05
7.5597739e-05
7.5108794e-05
7.4607295e-05
7.4092981e-05
7.3565581e-05
7.3024819e-05
7.2470409e-05
7.1902061e-05
7.1319475e-05
7.0722344e-05
7.0110355e-05
6.9483186e-05
6.884051e-05
6.8181993e-05
6.7507297e-05
6.6816082e-05
6.6108006e-05
6.5382729e-05
6.4639917e-05
6.3879243e-05
6.3100395e-05
6.2303079e-05
6.1487024e-05
6.065199e-05
5.9797774e-05
5.8924221e-05
5.8031226e-05
5.7118748e-05
5.6186817e-05
5.5293384e-05
5.5293384e-05
5.4322968e-05
5.3333626e-05
5.2325755e-05
5.1299868e-05
5.0256602e-05
)
;
    }
    procBoundary5to6
    {
        type            processor;
        value           nonuniform List<scalar> 10(8.9500688e-05 8.9500688e-05 8.9363146e-05 8.9260566e-05 8.9260566e-05 8.9127099e-05 8.9032836e-05 8.8943209e-05 8.8858034e-05 8.8777132e-05);
    }
    procBoundary5to7
    {
        type            processor;
        value           nonuniform List<scalar> 
107
(
8.8700311e-05
8.8627386e-05
8.8602565e-05
8.8602565e-05
8.8581843e-05
8.8624142e-05
8.8624142e-05
8.856486e-05
8.8551264e-05
8.8551264e-05
8.8498959e-05
8.8449465e-05
8.8402645e-05
8.8358367e-05
8.8316507e-05
8.8276943e-05
8.823956e-05
8.8204245e-05
8.8170892e-05
8.81394e-05
8.810967e-05
8.808161e-05
8.805513e-05
8.8030148e-05
8.800658e-05
8.7984352e-05
8.7963389e-05
8.7943624e-05
8.7924989e-05
8.7907422e-05
8.7890864e-05
8.7875259e-05
8.7860553e-05
8.7846696e-05
8.783364e-05
8.782134e-05
8.7809753e-05
8.7798838e-05
8.7788558e-05
8.7778875e-05
8.7769757e-05
8.7761169e-05
8.7753083e-05
8.7745469e-05
8.7738299e-05
8.7731549e-05
8.7725194e-05
8.7719211e-05
8.7713578e-05
8.7708276e-05
8.7703285e-05
8.7698586e-05
8.7749095e-05
8.7749095e-05
8.7745002e-05
8.7741149e-05
8.7790894e-05
8.7790894e-05
8.7787539e-05
8.7784382e-05
8.7833146e-05
8.7833146e-05
8.7830397e-05
8.7877799e-05
8.7877799e-05
8.7875406e-05
8.7921344e-05
8.7921344e-05
8.7919262e-05
8.7963638e-05
8.7963638e-05
8.7961826e-05
8.796012e-05
8.7958516e-05
8.7957007e-05
8.7955587e-05
8.7954251e-05
8.7952993e-05
8.795181e-05
8.7950696e-05
8.7949648e-05
8.7948661e-05
8.7947733e-05
8.7946861e-05
8.7946039e-05
8.7945267e-05
8.794454e-05
8.7943856e-05
8.7943213e-05
8.7942608e-05
8.7942039e-05
8.7941503e-05
8.7940999e-05
8.7940525e-05
8.7940079e-05
8.7939659e-05
8.7939264e-05
8.7938892e-05
8.7938543e-05
8.7938214e-05
8.7937905e-05
8.7937613e-05
8.7937341e-05
8.7937083e-05
8.7936843e-05
8.7936608e-05
8.7935718e-05
)
;
    }
    procBoundary5to8
    {
        type            processor;
        value           nonuniform List<scalar> 
87
(
4.9843599e-05
5.0924236e-05
5.0924236e-05
5.0939723e-05
5.2001091e-05
5.2001091e-05
5.2014884e-05
5.2027871e-05
5.20401e-05
5.2051613e-05
5.2062453e-05
5.2072659e-05
5.2082267e-05
5.2091312e-05
5.2099828e-05
5.2107844e-05
5.211539e-05
5.2122493e-05
5.212918e-05
5.2135474e-05
5.2141398e-05
5.2146975e-05
5.2152223e-05
5.2157164e-05
5.2161813e-05
5.216619e-05
5.2170309e-05
5.2174186e-05
5.2177835e-05
5.2181269e-05
5.21845e-05
5.2187542e-05
5.2190405e-05
5.2193098e-05
5.2195634e-05
5.2198019e-05
5.2200265e-05
5.2202378e-05
5.2204365e-05
5.2206237e-05
5.2207997e-05
5.2209653e-05
5.2211212e-05
5.2212679e-05
5.2214059e-05
5.2215358e-05
5.2216579e-05
5.2217729e-05
5.221881e-05
5.2219828e-05
5.2220784e-05
5.2221685e-05
5.2222533e-05
5.222333e-05
5.222408e-05
5.2224786e-05
5.222545e-05
5.2226074e-05
5.2226662e-05
5.2227214e-05
5.2227734e-05
5.2228223e-05
5.2228683e-05
5.2229115e-05
5.2229522e-05
5.2229905e-05
5.2230265e-05
5.2230604e-05
5.2230922e-05
5.2231222e-05
5.2231504e-05
5.2231769e-05
5.2232018e-05
5.2232252e-05
5.2232474e-05
5.2232681e-05
5.2232877e-05
5.223306e-05
5.2233234e-05
5.2233395e-05
5.2233551e-05
5.2233694e-05
5.2233833e-05
5.2233959e-05
5.2234084e-05
5.2234197e-05
5.2235092e-05
)
;
    }
    procBoundary5to9
    {
        type            processor;
        value           nonuniform List<scalar> 
19
(
4.9250225e-05
4.9300682e-05
4.9348273e-05
4.9393152e-05
4.9435467e-05
4.947536e-05
4.9512965e-05
4.9548401e-05
4.9581798e-05
4.9613276e-05
4.9642944e-05
4.9670907e-05
4.9697253e-05
4.9722081e-05
4.9745473e-05
4.9767509e-05
4.978827e-05
4.9807826e-05
4.9826246e-05
)
;
    }
}


// ************************************************************************* //
