/*--------------------------------*- C++ -*----------------------------------*\
  =========                 |
  \\      /  F ield         | OpenFOAM: The Open Source CFD Toolbox
   \\    /   O peration     | Website:  https://openfoam.org
    \\  /    A nd           | Version:  12
     \\/     M anipulation  |
\*---------------------------------------------------------------------------*/
FoamFile
{
    format      ascii;
    class       volScalarField;
    location    "100";
    object      p;
}
// * * * * * * * * * * * * * * * * * * * * * * * * * * * * * * * * * * * * * //

dimensions      [0 2 -2 0 0 0 0];

internalField   nonuniform List<scalar> 
13075
(
2.5855277e-06
2.57843e-06
2.5715579e-06
2.5649223e-06
2.5584885e-06
2.5522313e-06
2.5461334e-06
2.5401788e-06
2.5343506e-06
2.5286325e-06
2.5230087e-06
2.5174654e-06
2.5119707e-06
2.506518e-06
2.5855573e-06
2.5784597e-06
2.5715881e-06
2.5649529e-06
2.5585195e-06
2.5522625e-06
2.5461648e-06
2.5402102e-06
2.534382e-06
2.5286637e-06
2.5230397e-06
2.5174957e-06
2.5120015e-06
2.5065495e-06
2.5011532e-06
2.4957861e-06
2.490437e-06
2.4851046e-06
2.5855889e-06
2.5784919e-06
2.5716211e-06
2.564986e-06
2.5585529e-06
2.5522962e-06
2.5461986e-06
2.5402441e-06
2.5344159e-06
2.5286976e-06
2.5230732e-06
2.5175287e-06
2.5120347e-06
2.5065834e-06
2.5011864e-06
2.4958193e-06
2.4904701e-06
2.4851369e-06
2.4798036e-06
2.4744512e-06
2.4690791e-06
2.4636942e-06
2.4582885e-06
2.4528261e-06
2.4472896e-06
2.4417095e-06
2.4360898e-06
2.4304125e-06
2.4246684e-06
2.418856e-06
2.4129732e-06
2.4070176e-06
2.4009865e-06
2.3948781e-06
2.3886907e-06
2.3824231e-06
2.3760742e-06
2.3696432e-06
2.3631296e-06
2.3565331e-06
2.3498536e-06
2.3430912e-06
2.3362462e-06
2.3293191e-06
2.3223105e-06
2.315221e-06
2.3080516e-06
2.3008033e-06
2.2934771e-06
2.2860743e-06
2.278596e-06
2.2710438e-06
2.2634189e-06
2.2557229e-06
2.2479573e-06
2.2401237e-06
2.2322236e-06
2.2242588e-06
2.2162309e-06
2.2081416e-06
2.1999927e-06
2.1917859e-06
2.1835229e-06
2.1752055e-06
2.1668354e-06
2.1584144e-06
2.1499443e-06
2.1414267e-06
2.1328635e-06
2.1242564e-06
2.1156071e-06
2.1069172e-06
2.0981886e-06
2.0894228e-06
2.0806215e-06
2.0717864e-06
2.0629191e-06
2.0540212e-06
2.0450942e-06
2.0361398e-06
2.0271595e-06
2.0181547e-06
2.0091269e-06
2.0000777e-06
1.9910085e-06
1.9819206e-06
1.9728155e-06
1.9636946e-06
1.9545592e-06
1.9454106e-06
1.9362501e-06
1.927079e-06
1.9178985e-06
1.9087099e-06
1.8995143e-06
1.890313e-06
1.8811071e-06
1.8718977e-06
1.8626859e-06
1.8534729e-06
1.8442596e-06
1.8350472e-06
1.8258366e-06
1.8166288e-06
1.8074249e-06
1.7982257e-06
1.7890323e-06
1.7798455e-06
1.7706662e-06
1.7614953e-06
1.7523337e-06
1.7431823e-06
1.7340417e-06
1.7249129e-06
1.7157967e-06
1.7066937e-06
1.6976048e-06
1.6885307e-06
1.6794722e-06
1.6704299e-06
1.6614046e-06
1.652397e-06
2.5856229e-06
2.5785267e-06
2.5716565e-06
2.5650217e-06
2.558589e-06
2.5523326e-06
2.5462352e-06
2.5402809e-06
2.5344526e-06
2.5287342e-06
2.5231096e-06
2.5175644e-06
2.5120708e-06
2.50662e-06
2.5012224e-06
2.4958552e-06
2.4905058e-06
2.4851718e-06
2.4798377e-06
2.4744853e-06
2.4691132e-06
2.4637273e-06
2.4583199e-06
2.4528568e-06
2.4473211e-06
2.4417408e-06
2.4361202e-06
2.4304422e-06
2.4246976e-06
2.4188846e-06
2.4130013e-06
2.4070451e-06
2.4010135e-06
2.3949046e-06
2.3887167e-06
2.3824485e-06
2.3760991e-06
2.3696676e-06
2.3631535e-06
2.3565565e-06
2.3498766e-06
2.3431137e-06
2.3362683e-06
2.3293407e-06
2.3223316e-06
2.3152417e-06
2.3080719e-06
2.3008231e-06
2.2934965e-06
2.2860933e-06
2.2786147e-06
2.271062e-06
2.2634368e-06
2.2557404e-06
2.2479744e-06
2.2401405e-06
2.23224e-06
2.2242749e-06
2.2162466e-06
2.208157e-06
2.2000078e-06
2.1918007e-06
2.1835374e-06
2.1752197e-06
2.1668494e-06
2.1584281e-06
2.1499576e-06
2.1414398e-06
2.1328763e-06
2.1242689e-06
2.1156194e-06
2.1069293e-06
2.0982005e-06
2.0894344e-06
2.0806329e-06
2.0717976e-06
2.0629301e-06
2.0540319e-06
2.0451048e-06
2.0361502e-06
2.0271696e-06
2.0181646e-06
2.0091367e-06
2.0000873e-06
1.9910178e-06
1.9819298e-06
1.9728245e-06
1.9637035e-06
1.9545679e-06
1.9454191e-06
1.9362584e-06
1.9270872e-06
1.9179066e-06
1.9087178e-06
1.8995221e-06
1.8903206e-06
1.8811145e-06
1.871905e-06
1.8626931e-06
1.8534799e-06
1.8442666e-06
1.835054e-06
1.8258433e-06
1.8166354e-06
1.8074313e-06
1.7982321e-06
1.7890385e-06
1.7798516e-06
1.7706722e-06
1.7615012e-06
1.7523395e-06
1.743188e-06
1.7340473e-06
1.7249184e-06
1.7158021e-06
1.706699e-06
1.69761e-06
1.6885358e-06
1.6794772e-06
1.6704348e-06
1.6614095e-06
1.6524018e-06
1.6434125e-06
1.6344417e-06
1.62549e-06
1.6165591e-06
2.5856595e-06
2.5785642e-06
2.5716948e-06
2.5650602e-06
2.558628e-06
2.552372e-06
2.5462748e-06
2.5403206e-06
2.5344924e-06
2.5287738e-06
2.5231489e-06
2.5176031e-06
2.5121098e-06
2.5066596e-06
2.5012614e-06
2.495894e-06
2.4905444e-06
2.4852096e-06
2.4798748e-06
2.4745222e-06
2.4691499e-06
2.4637631e-06
2.4583539e-06
2.4528902e-06
2.4473552e-06
2.4417746e-06
2.4361531e-06
2.4304744e-06
2.4247292e-06
2.4189156e-06
2.4130317e-06
2.4070749e-06
2.4010428e-06
2.3949332e-06
2.3887448e-06
2.3824761e-06
2.3761261e-06
2.369694e-06
2.3631794e-06
2.3565819e-06
2.3499014e-06
2.343138e-06
2.3362921e-06
2.329364e-06
2.3223544e-06
2.315264e-06
2.3080937e-06
2.3008445e-06
2.2935175e-06
2.2861138e-06
2.2786347e-06
2.2710817e-06
2.263456e-06
2.2557593e-06
2.2479929e-06
2.2401585e-06
2.2322578e-06
2.2242922e-06
2.2162636e-06
2.2081737e-06
2.2000241e-06
2.1918167e-06
2.1835531e-06
2.175235e-06
2.1668644e-06
2.1584428e-06
2.149972e-06
2.1414539e-06
2.1328902e-06
2.1242825e-06
2.1156327e-06
2.1069424e-06
2.0982132e-06
2.0894469e-06
2.0806452e-06
2.0718096e-06
2.0629418e-06
2.0540435e-06
2.0451161e-06
2.0361613e-06
2.0271805e-06
2.0181753e-06
2.0091472e-06
2.0000976e-06
1.9910279e-06
1.9819397e-06
1.9728343e-06
1.963713e-06
1.9545772e-06
1.9454283e-06
1.9362675e-06
1.927096e-06
1.9179152e-06
1.9087263e-06
1.8995304e-06
1.8903288e-06
1.8811226e-06
1.8719129e-06
1.8627009e-06
1.8534876e-06
1.844274e-06
1.8350613e-06
1.8258505e-06
1.8166425e-06
1.8074383e-06
1.7982389e-06
1.7890452e-06
1.7798582e-06
1.7706787e-06
1.7615076e-06
1.7523458e-06
1.7431941e-06
1.7340533e-06
1.7249243e-06
1.7158078e-06
1.7067047e-06
1.6976156e-06
1.6885413e-06
1.6794826e-06
1.6704401e-06
1.6614146e-06
1.6524068e-06
1.6434175e-06
1.6344466e-06
1.6254948e-06
1.6165639e-06
1.6076544e-06
1.5987662e-06
2.585699e-06
2.5786047e-06
2.5717361e-06
2.5651019e-06
2.5586702e-06
2.5524145e-06
2.5463177e-06
2.5403635e-06
2.5345353e-06
2.5288167e-06
2.5231915e-06
2.5176451e-06
2.512152e-06
2.5067024e-06
2.5013036e-06
2.4959359e-06
2.4905861e-06
2.4852505e-06
2.4799149e-06
2.4745621e-06
2.4691895e-06
2.4638017e-06
2.4583908e-06
2.4529263e-06
2.447392e-06
2.4418112e-06
2.4361887e-06
2.4305092e-06
2.4247634e-06
2.4189491e-06
2.4130646e-06
2.4071072e-06
2.4010743e-06
2.3949642e-06
2.3887751e-06
2.3825058e-06
2.3761552e-06
2.3697226e-06
2.3632073e-06
2.3566092e-06
2.3499282e-06
2.3431642e-06
2.3363177e-06
2.3293891e-06
2.322379e-06
2.3152881e-06
2.3081173e-06
2.3008676e-06
2.2935401e-06
2.2861359e-06
2.2786564e-06
2.2711029e-06
2.2634768e-06
2.2557796e-06
2.2480128e-06
2.240178e-06
2.2322768e-06
2.2243109e-06
2.2162819e-06
2.2081916e-06
2.2000417e-06
2.1918338e-06
2.1835699e-06
2.1752515e-06
2.1668805e-06
2.1584586e-06
2.1499875e-06
2.1414691e-06
2.132905e-06
2.1242971e-06
2.115647e-06
2.1069564e-06
2.098227e-06
2.0894604e-06
2.0806584e-06
2.0718226e-06
2.0629545e-06
2.0540559e-06
2.0451283e-06
2.0361732e-06
2.0271922e-06
2.0181868e-06
2.0091585e-06
2.0001086e-06
1.9910388e-06
1.9819504e-06
1.9728447e-06
1.9637232e-06
1.9545873e-06
1.9454382e-06
1.9362771e-06
1.9271055e-06
1.9179246e-06
1.9087355e-06
1.8995394e-06
1.8903376e-06
1.8811313e-06
1.8719214e-06
1.8627092e-06
1.8534957e-06
1.8442821e-06
1.8350692e-06
1.8258582e-06
1.8166501e-06
1.8074458e-06
1.7982462e-06
1.7890524e-06
1.7798652e-06
1.7706856e-06
1.7615144e-06
1.7523524e-06
1.7432006e-06
1.7340598e-06
1.7249306e-06
1.715814e-06
1.7067108e-06
1.6976216e-06
1.6885472e-06
1.6794883e-06
1.6704458e-06
1.6614202e-06
1.6524123e-06
1.6434228e-06
1.6344518e-06
1.6255e-06
1.616569e-06
1.6076594e-06
1.5987711e-06
1.5899053e-06
1.5810612e-06
1.5722408e-06
1.5634463e-06
2.5857415e-06
2.5786483e-06
2.5717808e-06
2.5651469e-06
2.5587158e-06
2.5524606e-06
2.546364e-06
2.54041e-06
2.5345818e-06
2.5288631e-06
2.5232376e-06
2.5176907e-06
2.5121977e-06
2.5067486e-06
2.5013493e-06
2.4959812e-06
2.4906311e-06
2.4852947e-06
2.4799583e-06
2.4746052e-06
2.4692324e-06
2.4638435e-06
2.4584309e-06
2.4529655e-06
2.4474317e-06
2.4418506e-06
2.4362271e-06
2.4305467e-06
2.4248002e-06
2.4189853e-06
2.4131001e-06
2.407142e-06
2.4011085e-06
2.3949976e-06
2.3888079e-06
2.3825379e-06
2.3761866e-06
2.3697534e-06
2.3632375e-06
2.3566388e-06
2.3499571e-06
2.3431925e-06
2.3363455e-06
2.3294163e-06
2.3224056e-06
2.3153141e-06
2.3081428e-06
2.3008925e-06
2.2935645e-06
2.2861598e-06
2.2786798e-06
2.2711258e-06
2.2634992e-06
2.2558015e-06
2.2480343e-06
2.240199e-06
2.2322974e-06
2.224331e-06
2.2163016e-06
2.2082109e-06
2.2000606e-06
2.1918524e-06
2.183588e-06
2.1752693e-06
2.1668979e-06
2.1584756e-06
2.1500042e-06
2.1414855e-06
2.1329211e-06
2.1243128e-06
2.1156624e-06
2.1069715e-06
2.0982417e-06
2.0894749e-06
2.0806726e-06
2.0718365e-06
2.0629682e-06
2.0540693e-06
2.0451414e-06
2.0361861e-06
2.0272049e-06
2.0181992e-06
2.0091706e-06
2.0001206e-06
1.9910505e-06
1.9819618e-06
1.972856e-06
1.9637343e-06
1.9545981e-06
1.9454488e-06
1.9362876e-06
1.9271158e-06
1.9179346e-06
1.9087453e-06
1.8995491e-06
1.8903471e-06
1.8811406e-06
1.8719305e-06
1.8627182e-06
1.8535045e-06
1.8442907e-06
1.8350777e-06
1.8258665e-06
1.8166582e-06
1.8074538e-06
1.7982541e-06
1.7890601e-06
1.7798728e-06
1.7706931e-06
1.7615217e-06
1.7523596e-06
1.7432077e-06
1.7340667e-06
1.7249374e-06
1.7158207e-06
1.7067173e-06
1.697628e-06
1.6885535e-06
1.6794945e-06
1.6704519e-06
1.6614262e-06
1.6524181e-06
1.6434286e-06
1.6344575e-06
1.6255055e-06
1.6165744e-06
1.6076647e-06
1.5987764e-06
1.5899104e-06
1.5810663e-06
1.5722458e-06
1.5634512e-06
2.5857874e-06
2.5786955e-06
2.571829e-06
2.5651957e-06
2.5587651e-06
2.5525104e-06
2.5464141e-06
2.5404603e-06
2.5346322e-06
2.5289133e-06
2.5232875e-06
2.51774e-06
2.5122472e-06
2.5067985e-06
2.5013986e-06
2.4960303e-06
2.4906798e-06
2.4853425e-06
2.4800052e-06
2.4746517e-06
2.4692786e-06
2.4638887e-06
2.4584743e-06
2.453008e-06
2.4474746e-06
2.4418932e-06
2.4362687e-06
2.4305874e-06
2.4248401e-06
2.4190244e-06
2.4131384e-06
2.4071796e-06
2.4011453e-06
2.3950337e-06
2.3888432e-06
2.3825725e-06
2.3762206e-06
2.3697866e-06
2.36327e-06
2.3566706e-06
2.3499883e-06
2.3432231e-06
2.3363754e-06
2.3294455e-06
2.3224342e-06
2.3153421e-06
2.3081702e-06
2.3009194e-06
2.2935908e-06
2.2861855e-06
2.278705e-06
2.2711504e-06
2.2635233e-06
2.2558251e-06
2.2480574e-06
2.2402217e-06
2.2323196e-06
2.2243527e-06
2.2163229e-06
2.2082317e-06
2.2000809e-06
2.1918723e-06
2.1836076e-06
2.1752884e-06
2.1669167e-06
2.158494e-06
2.1500222e-06
2.1415031e-06
2.1329383e-06
2.1243297e-06
2.1156789e-06
2.1069877e-06
2.0982577e-06
2.0894905e-06
2.0806879e-06
2.0718515e-06
2.0629829e-06
2.0540837e-06
2.0451556e-06
2.0362e-06
2.0272184e-06
2.0182125e-06
2.0091837e-06
2.0001334e-06
1.991063e-06
1.9819741e-06
1.972868e-06
1.9637461e-06
1.9546097e-06
1.9454602e-06
1.9362988e-06
1.9271267e-06
1.9179454e-06
1.9087559e-06
1.8995594e-06
1.8903573e-06
1.8811506e-06
1.8719404e-06
1.8627278e-06
1.853514e-06
1.8443e-06
1.8350868e-06
1.8258755e-06
1.816667e-06
1.8074624e-06
1.7982625e-06
1.7890684e-06
1.779881e-06
1.770701e-06
1.7615295e-06
1.7523673e-06
1.7432152e-06
1.7340741e-06
1.7249447e-06
1.7158279e-06
1.7067243e-06
1.6976349e-06
1.6885602e-06
1.6795012e-06
1.6704584e-06
1.6614326e-06
1.6524244e-06
1.6434347e-06
1.6344635e-06
1.6255115e-06
1.6165802e-06
1.6076704e-06
1.598782e-06
1.5899159e-06
1.5810717e-06
1.5722511e-06
1.5634564e-06
2.5858371e-06
2.5787465e-06
2.5718812e-06
2.5652485e-06
2.5588185e-06
2.5525643e-06
2.5464684e-06
2.5405147e-06
2.5346866e-06
2.5289676e-06
2.5233416e-06
2.5177935e-06
2.5123008e-06
2.5068525e-06
2.501452e-06
2.4960832e-06
2.4907324e-06
2.4853942e-06
2.480056e-06
2.4747021e-06
2.4693285e-06
2.4639375e-06
2.4585213e-06
2.4530541e-06
2.447521e-06
2.4419392e-06
2.4363135e-06
2.4306312e-06
2.4248831e-06
2.4190667e-06
2.4131799e-06
2.4072201e-06
2.4011851e-06
2.3950727e-06
2.3888814e-06
2.3826099e-06
2.3762572e-06
2.3698224e-06
2.3633051e-06
2.356705e-06
2.3500219e-06
2.343256e-06
2.3364076e-06
2.3294771e-06
2.3224651e-06
2.3153724e-06
2.3081998e-06
2.3009483e-06
2.2936191e-06
2.2862132e-06
2.2787321e-06
2.271177e-06
2.2635493e-06
2.2558505e-06
2.2480823e-06
2.240246e-06
2.2323434e-06
2.2243761e-06
2.2163457e-06
2.2082541e-06
2.2001029e-06
2.1918938e-06
2.1836286e-06
2.175309e-06
2.1669368e-06
2.1585137e-06
2.1500416e-06
2.141522e-06
2.1329569e-06
2.1243479e-06
2.1156968e-06
2.1070052e-06
2.0982748e-06
2.0895073e-06
2.0807043e-06
2.0718676e-06
2.0629987e-06
2.0540992e-06
2.0451707e-06
2.0362148e-06
2.027233e-06
2.0182268e-06
2.0091977e-06
2.0001471e-06
1.9910765e-06
1.9819874e-06
1.972881e-06
1.9637589e-06
1.9546222e-06
1.9454724e-06
1.9363108e-06
1.9271385e-06
1.9179569e-06
1.9087672e-06
1.8995706e-06
1.8903682e-06
1.8811613e-06
1.8719509e-06
1.8627381e-06
1.8535241e-06
1.8443099e-06
1.8350966e-06
1.8258851e-06
1.8166764e-06
1.8074716e-06
1.7982716e-06
1.7890773e-06
1.7798897e-06
1.7707096e-06
1.761538e-06
1.7523756e-06
1.7432234e-06
1.7340821e-06
1.7249525e-06
1.7158355e-06
1.7067319e-06
1.6976423e-06
1.6885675e-06
1.6795083e-06
1.6704654e-06
1.6614394e-06
1.6524312e-06
1.6434413e-06
1.63447e-06
1.6255179e-06
1.6165865e-06
1.6076766e-06
1.598788e-06
1.5899218e-06
1.5810775e-06
1.5722569e-06
1.5634619e-06
2.5858908e-06
2.5788016e-06
2.5719378e-06
2.5653056e-06
2.5588763e-06
2.5526227e-06
2.5465271e-06
2.5405737e-06
2.5347456e-06
2.5290265e-06
2.5234001e-06
2.5178514e-06
2.5123588e-06
2.5069108e-06
2.5015098e-06
2.4961405e-06
2.4907892e-06
2.4854501e-06
2.4801109e-06
2.4747565e-06
2.4693824e-06
2.4639902e-06
2.4585722e-06
2.4531039e-06
2.447571e-06
2.4419888e-06
2.436362e-06
2.4306786e-06
2.4249296e-06
2.4191123e-06
2.4132246e-06
2.4072639e-06
2.401228e-06
2.3951147e-06
2.3889226e-06
2.3826503e-06
2.3762967e-06
2.3698611e-06
2.363343e-06
2.3567421e-06
2.3500582e-06
2.3432915e-06
2.3364423e-06
2.3295111e-06
2.3224984e-06
2.3154049e-06
2.3082316e-06
2.3009795e-06
2.2936496e-06
2.2862431e-06
2.2787613e-06
2.2712055e-06
2.2635773e-06
2.2558779e-06
2.2481091e-06
2.2402723e-06
2.2323691e-06
2.2244012e-06
2.2163704e-06
2.2082782e-06
2.2001264e-06
2.1919169e-06
2.1836512e-06
2.1753312e-06
2.1669585e-06
2.158535e-06
2.1500624e-06
2.1415424e-06
2.1329769e-06
2.1243675e-06
2.1157159e-06
2.1070239e-06
2.0982932e-06
2.0895253e-06
2.080722e-06
2.0718849e-06
2.0630157e-06
2.0541158e-06
2.0451871e-06
2.0362308e-06
2.0272487e-06
2.0182422e-06
2.0092128e-06
2.0001619e-06
1.991091e-06
1.9820016e-06
1.972895e-06
1.9637725e-06
1.9546356e-06
1.9454856e-06
1.9363237e-06
1.9271512e-06
1.9179694e-06
1.9087794e-06
1.8995825e-06
1.89038e-06
1.8811728e-06
1.8719622e-06
1.8627492e-06
1.853535e-06
1.8443206e-06
1.835107e-06
1.8258953e-06
1.8166865e-06
1.8074815e-06
1.7982813e-06
1.7890869e-06
1.7798991e-06
1.7707188e-06
1.761547e-06
1.7523845e-06
1.7432321e-06
1.7340906e-06
1.7249609e-06
1.7158438e-06
1.7067399e-06
1.6976502e-06
1.6885753e-06
1.6795159e-06
1.6704729e-06
1.6614468e-06
1.6524384e-06
1.6434484e-06
1.6344769e-06
1.6255247e-06
1.6165932e-06
1.6076832e-06
1.5987945e-06
1.5899281e-06
1.5810837e-06
1.572263e-06
1.5634679e-06
2.5859491e-06
2.5788614e-06
2.571999e-06
2.5653676e-06
2.5589389e-06
2.5526859e-06
2.5465907e-06
2.5406375e-06
2.5348095e-06
2.5290902e-06
2.5234635e-06
2.5179142e-06
2.5124215e-06
2.5069738e-06
2.5015722e-06
2.4962024e-06
2.4908506e-06
2.4855105e-06
2.4801703e-06
2.4748153e-06
2.4694406e-06
2.4640471e-06
2.4586272e-06
2.4531579e-06
2.447625e-06
2.4420423e-06
2.4364143e-06
2.4307298e-06
2.4249798e-06
2.4191615e-06
2.4132728e-06
2.4073112e-06
2.4012743e-06
2.3951601e-06
2.388967e-06
2.3826938e-06
2.3763393e-06
2.3699028e-06
2.3633838e-06
2.356782e-06
2.3500973e-06
2.3433298e-06
2.3364798e-06
2.3295477e-06
2.3225342e-06
2.31544e-06
2.308266e-06
2.3010131e-06
2.2936825e-06
2.2862752e-06
2.2787928e-06
2.2712363e-06
2.2636074e-06
2.2559074e-06
2.2481379e-06
2.2403005e-06
2.2323967e-06
2.2244283e-06
2.2163968e-06
2.2083041e-06
2.2001518e-06
2.1919417e-06
2.1836755e-06
2.175355e-06
2.1669818e-06
2.1585578e-06
2.1500847e-06
2.1415643e-06
2.1329983e-06
2.1243885e-06
2.1157365e-06
2.1070441e-06
2.0983129e-06
2.0895447e-06
2.080741e-06
2.0719035e-06
2.0630339e-06
2.0541337e-06
2.0452046e-06
2.036248e-06
2.0272656e-06
2.0182587e-06
2.009229e-06
2.0001778e-06
1.9911066e-06
1.9820169e-06
1.9729099e-06
1.9637872e-06
1.95465e-06
1.9454997e-06
1.9363375e-06
1.9271648e-06
1.9179827e-06
1.9087925e-06
1.8995954e-06
1.8903926e-06
1.8811852e-06
1.8719743e-06
1.8627611e-06
1.8535467e-06
1.8443321e-06
1.8351183e-06
1.8259064e-06
1.8166973e-06
1.8074922e-06
1.7982918e-06
1.7890971e-06
1.7799091e-06
1.7707287e-06
1.7615567e-06
1.752394e-06
1.7432414e-06
1.7340998e-06
1.7249699e-06
1.7158526e-06
1.7067486e-06
1.6976587e-06
1.6885836e-06
1.6795241e-06
1.6704809e-06
1.6614547e-06
1.6524461e-06
1.643456e-06
1.6344844e-06
1.625532e-06
1.6166004e-06
1.6076902e-06
1.5988014e-06
1.5899349e-06
1.5810904e-06
1.5722695e-06
1.5634743e-06
2.5860123e-06
2.5789263e-06
2.5720655e-06
2.5654349e-06
2.5590069e-06
2.5527545e-06
2.5466597e-06
2.5407067e-06
2.5348787e-06
2.5291592e-06
2.5235322e-06
2.5179823e-06
2.5124895e-06
2.507042e-06
2.5016398e-06
2.4962693e-06
2.4909169e-06
2.4855758e-06
2.4802345e-06
2.4748788e-06
2.4695034e-06
2.4641086e-06
2.4586868e-06
2.4532163e-06
2.4476833e-06
2.4421001e-06
2.4364708e-06
2.430785e-06
2.425034e-06
2.4192146e-06
2.4133249e-06
2.4073622e-06
2.4013243e-06
2.3952091e-06
2.389015e-06
2.3827407e-06
2.3763852e-06
2.3699478e-06
2.3634278e-06
2.3568251e-06
2.3501394e-06
2.343371e-06
2.3365201e-06
2.3295872e-06
2.3225728e-06
2.3154778e-06
2.3083029e-06
2.3010492e-06
2.2937178e-06
2.2863099e-06
2.2788266e-06
2.2712695e-06
2.2636398e-06
2.2559391e-06
2.248169e-06
2.2403309e-06
2.2324265e-06
2.2244574e-06
2.2164253e-06
2.208332e-06
2.2001791e-06
2.1919684e-06
2.1837017e-06
2.1753806e-06
2.1670069e-06
2.1585824e-06
2.1501088e-06
2.1415879e-06
2.1330214e-06
2.1244111e-06
2.1157587e-06
2.1070658e-06
2.0983342e-06
2.0895655e-06
2.0807614e-06
2.0719235e-06
2.0630535e-06
2.0541529e-06
2.0452234e-06
2.0362665e-06
2.0272836e-06
2.0182764e-06
2.0092464e-06
2.0001948e-06
1.9911233e-06
1.9820332e-06
1.972926e-06
1.963803e-06
1.9546655e-06
1.9455149e-06
1.9363524e-06
1.9271794e-06
1.917997e-06
1.9088065e-06
1.8996092e-06
1.8904061e-06
1.8811984e-06
1.8719873e-06
1.8627739e-06
1.8535592e-06
1.8443444e-06
1.8351304e-06
1.8259182e-06
1.816709e-06
1.8075036e-06
1.798303e-06
1.7891081e-06
1.7799199e-06
1.7707393e-06
1.7615671e-06
1.7524041e-06
1.7432514e-06
1.7341096e-06
1.7249795e-06
1.715862e-06
1.7067579e-06
1.6976678e-06
1.6885926e-06
1.6795329e-06
1.6704895e-06
1.6614631e-06
1.6524544e-06
1.6434641e-06
1.6344924e-06
1.6255399e-06
1.6166081e-06
1.6076977e-06
1.5988088e-06
1.5899421e-06
1.5810975e-06
1.5722765e-06
1.5634811e-06
2.586081e-06
2.5789969e-06
2.5721377e-06
2.5655079e-06
2.5590807e-06
2.5528289e-06
2.5467345e-06
2.5407817e-06
2.5349537e-06
2.529234e-06
2.5236066e-06
2.5180561e-06
2.5125632e-06
2.5071158e-06
2.5017129e-06
2.4963417e-06
2.4909886e-06
2.4856464e-06
2.4803039e-06
2.4749474e-06
2.4695713e-06
2.4641751e-06
2.4587513e-06
2.4532794e-06
2.4477463e-06
2.4421624e-06
2.4365317e-06
2.4308446e-06
2.4250924e-06
2.4192719e-06
2.413381e-06
2.4074173e-06
2.4013782e-06
2.3952618e-06
2.3890666e-06
2.3827913e-06
2.3764348e-06
2.3699962e-06
2.3634752e-06
2.3568715e-06
2.3501848e-06
2.3434154e-06
2.3365636e-06
2.3296297e-06
2.3226144e-06
2.3155185e-06
2.3083427e-06
2.3010882e-06
2.2937559e-06
2.2863471e-06
2.2788631e-06
2.2713051e-06
2.2636747e-06
2.2559733e-06
2.2482023e-06
2.2403635e-06
2.2324584e-06
2.2244887e-06
2.2164559e-06
2.208362e-06
2.2002084e-06
2.1919971e-06
2.1837298e-06
2.1754081e-06
2.1670338e-06
2.1586088e-06
2.1501346e-06
2.1416132e-06
2.1330462e-06
2.1244354e-06
2.1157824e-06
2.1070891e-06
2.098357e-06
2.0895879e-06
2.0807833e-06
2.071945e-06
2.0630745e-06
2.0541736e-06
2.0452436e-06
2.0362863e-06
2.0273031e-06
2.0182955e-06
2.009265e-06
2.0002131e-06
1.9911413e-06
1.9820508e-06
1.9729433e-06
1.9638199e-06
1.9546821e-06
1.9455312e-06
1.9363684e-06
1.927195e-06
1.9180124e-06
1.9088216e-06
1.8996239e-06
1.8904206e-06
1.8812127e-06
1.8720013e-06
1.8627876e-06
1.8535727e-06
1.8443575e-06
1.8351433e-06
1.8259309e-06
1.8167214e-06
1.8075158e-06
1.798315e-06
1.7891199e-06
1.7799315e-06
1.7707506e-06
1.7615782e-06
1.7524151e-06
1.7432621e-06
1.7341201e-06
1.7249899e-06
1.7158722e-06
1.7067678e-06
1.6976776e-06
1.6886021e-06
1.6795423e-06
1.6704987e-06
1.6614722e-06
1.6524633e-06
1.6434728e-06
1.6345009e-06
1.6255483e-06
1.6166163e-06
1.6077058e-06
1.5988167e-06
1.5899499e-06
1.5811051e-06
1.572284e-06
1.5634884e-06
2.5861559e-06
2.5790736e-06
2.5722161e-06
2.5655873e-06
2.5591608e-06
2.5529097e-06
2.5468157e-06
2.5408631e-06
2.535035e-06
2.5293151e-06
2.5236873e-06
2.5181361e-06
2.512643e-06
2.5071956e-06
2.501792e-06
2.49642e-06
2.4910661e-06
2.4857228e-06
2.480379e-06
2.4750216e-06
2.4696445e-06
2.4642468e-06
2.4588211e-06
2.4533478e-06
2.4478143e-06
2.4422296e-06
2.4365975e-06
2.4309089e-06
2.4251555e-06
2.4193337e-06
2.4134416e-06
2.4074766e-06
2.4014363e-06
2.3953187e-06
2.3891223e-06
2.3828458e-06
2.3764881e-06
2.3700485e-06
2.3635263e-06
2.3569214e-06
2.3502337e-06
2.3434633e-06
2.3366104e-06
2.3296754e-06
2.3226592e-06
2.3155622e-06
2.3083855e-06
2.3011301e-06
2.2937969e-06
2.2863872e-06
2.2789022e-06
2.2713434e-06
2.2637122e-06
2.25601e-06
2.2482383e-06
2.2403987e-06
2.2324928e-06
2.2245223e-06
2.2164888e-06
2.2083942e-06
2.20024e-06
2.192028e-06
2.18376e-06
2.1754377e-06
2.1670628e-06
2.1586371e-06
2.1501624e-06
2.1416404e-06
2.1330728e-06
2.1244614e-06
2.115808e-06
2.1071141e-06
2.0983815e-06
2.0896119e-06
2.0808068e-06
2.071968e-06
2.0630971e-06
2.0541957e-06
2.0452653e-06
2.0363075e-06
2.0273239e-06
2.0183159e-06
2.009285e-06
2.0002328e-06
1.9911605e-06
1.9820697e-06
1.9729618e-06
1.9638381e-06
1.9546999e-06
1.9455486e-06
1.9363855e-06
1.9272118e-06
1.9180288e-06
1.9088378e-06
1.8996398e-06
1.8904361e-06
1.8812279e-06
1.8720163e-06
1.8628023e-06
1.8535871e-06
1.8443717e-06
1.8351572e-06
1.8259445e-06
1.8167348e-06
1.8075289e-06
1.7983278e-06
1.7891325e-06
1.7799438e-06
1.7707628e-06
1.7615901e-06
1.7524268e-06
1.7432736e-06
1.7341314e-06
1.7250009e-06
1.715883e-06
1.7067785e-06
1.697688e-06
1.6886124e-06
1.6795524e-06
1.6705086e-06
1.6614819e-06
1.6524728e-06
1.6434821e-06
1.63451e-06
1.6255573e-06
1.6166252e-06
1.6077145e-06
1.5988252e-06
1.5899582e-06
1.5811133e-06
1.5722921e-06
1.5634963e-06
2.5862375e-06
2.5791571e-06
2.5723015e-06
2.5656737e-06
2.559248e-06
2.5529975e-06
2.5469039e-06
2.5409514e-06
2.5351233e-06
2.5294031e-06
2.5237747e-06
2.5182229e-06
2.5127294e-06
2.5072819e-06
2.5018776e-06
2.4965047e-06
2.4911499e-06
2.4858053e-06
2.4804602e-06
2.4751017e-06
2.4697236e-06
2.4643244e-06
2.4588965e-06
2.4534217e-06
2.4478876e-06
2.442302e-06
2.4366685e-06
2.4309784e-06
2.4252235e-06
2.4194004e-06
2.4135069e-06
2.4075406e-06
2.4014989e-06
2.3953801e-06
2.3891824e-06
2.3829046e-06
2.3765456e-06
2.3701047e-06
2.3635813e-06
2.3569753e-06
2.3502864e-06
2.3435147e-06
2.3366607e-06
2.3297247e-06
2.3227073e-06
2.3156093e-06
2.3084316e-06
2.3011751e-06
2.2938409e-06
2.2864303e-06
2.2789444e-06
2.2713847e-06
2.2637525e-06
2.2560494e-06
2.2482768e-06
2.2404364e-06
2.2325297e-06
2.2245584e-06
2.2165242e-06
2.2084288e-06
2.2002739e-06
2.1920612e-06
2.1837924e-06
2.1754694e-06
2.1670939e-06
2.1586676e-06
2.1501922e-06
2.1416696e-06
2.1331014e-06
2.1244894e-06
2.1158354e-06
2.107141e-06
2.0984078e-06
2.0896376e-06
2.0808321e-06
2.0719928e-06
2.0631214e-06
2.0542194e-06
2.0452886e-06
2.0363304e-06
2.0273463e-06
2.0183378e-06
2.0093065e-06
2.0002538e-06
1.9911812e-06
1.98209e-06
1.9729816e-06
1.9638575e-06
1.954719e-06
1.9455673e-06
1.9364039e-06
1.9272298e-06
1.9180465e-06
1.9088551e-06
1.8996568e-06
1.8904528e-06
1.8812443e-06
1.8720323e-06
1.862818e-06
1.8536025e-06
1.8443868e-06
1.835172e-06
1.8259591e-06
1.8167491e-06
1.8075429e-06
1.7983416e-06
1.789146e-06
1.7799571e-06
1.7707758e-06
1.7616029e-06
1.7524393e-06
1.7432859e-06
1.7341434e-06
1.7250128e-06
1.7158947e-06
1.7067899e-06
1.6976992e-06
1.6886234e-06
1.6795631e-06
1.6705192e-06
1.6614922e-06
1.652483e-06
1.6434921e-06
1.6345198e-06
1.6255669e-06
1.6166346e-06
1.6077237e-06
1.5988342e-06
1.5899671e-06
1.5811221e-06
1.5723007e-06
1.5635046e-06
2.5863267e-06
2.5792483e-06
2.5723946e-06
2.5657678e-06
2.5593428e-06
2.553093e-06
2.5469998e-06
2.5410473e-06
2.5352191e-06
2.5294985e-06
2.5238696e-06
2.5183171e-06
2.5128231e-06
2.5073754e-06
2.5019702e-06
2.4965963e-06
2.4912405e-06
2.4858946e-06
2.480548e-06
2.4751883e-06
2.469809e-06
2.4644081e-06
2.458978e-06
2.4535015e-06
2.4479668e-06
2.4423802e-06
2.436745e-06
2.4310532e-06
2.4252969e-06
2.4194723e-06
2.4135774e-06
2.4076095e-06
2.4015665e-06
2.3954462e-06
2.389247e-06
2.3829678e-06
2.3766075e-06
2.3701653e-06
2.3636406e-06
2.3570332e-06
2.350343e-06
2.3435702e-06
2.3367149e-06
2.3297777e-06
2.3227591e-06
2.31566e-06
2.3084812e-06
2.3012236e-06
2.2938883e-06
2.2864766e-06
2.2789897e-06
2.271429e-06
2.2637959e-06
2.2560918e-06
2.2483183e-06
2.240477e-06
2.2325694e-06
2.2245973e-06
2.2165622e-06
2.208466e-06
2.2003102e-06
2.1920968e-06
2.1838273e-06
2.1755036e-06
2.1671273e-06
2.1587003e-06
2.1502242e-06
2.1417009e-06
2.1331321e-06
2.1245195e-06
2.1158648e-06
2.1071698e-06
2.0984361e-06
2.0896653e-06
2.0808592e-06
2.0720193e-06
2.0631474e-06
2.0542449e-06
2.0453136e-06
2.0363548e-06
2.0273703e-06
2.0183613e-06
2.0093296e-06
2.0002764e-06
1.9912033e-06
1.9821117e-06
1.9730029e-06
1.9638784e-06
1.9547395e-06
1.9455874e-06
1.9364236e-06
1.9272491e-06
1.9180654e-06
1.9088737e-06
1.899675e-06
1.8904707e-06
1.8812618e-06
1.8720495e-06
1.8628349e-06
1.8536191e-06
1.8444031e-06
1.835188e-06
1.8259747e-06
1.8167644e-06
1.807558e-06
1.7983564e-06
1.7891605e-06
1.7799713e-06
1.7707897e-06
1.7616166e-06
1.7524527e-06
1.7432991e-06
1.7341564e-06
1.7250254e-06
1.7159071e-06
1.7068021e-06
1.6977112e-06
1.6886351e-06
1.6795747e-06
1.6705305e-06
1.6615033e-06
1.6524939e-06
1.6435028e-06
1.6345303e-06
1.6255772e-06
1.6166447e-06
1.6077336e-06
1.598844e-06
1.5899766e-06
1.5811314e-06
1.5723098e-06
1.5635136e-06
2.5864242e-06
2.5793479e-06
2.5724961e-06
2.5658704e-06
2.5594461e-06
2.5531969e-06
2.547104e-06
2.5411516e-06
2.5353232e-06
2.5296022e-06
2.5239726e-06
2.5184192e-06
2.5129247e-06
2.5074766e-06
2.5020705e-06
2.4966955e-06
2.4913385e-06
2.4859911e-06
2.480643e-06
2.4752819e-06
2.4699013e-06
2.4644985e-06
2.4590661e-06
2.4535879e-06
2.4480523e-06
2.4424645e-06
2.4368276e-06
2.431134e-06
2.425376e-06
2.4195499e-06
2.4136533e-06
2.4076839e-06
2.4016392e-06
2.3955174e-06
2.3893167e-06
2.383036e-06
2.3766742e-06
2.3702305e-06
2.3637044e-06
2.3570956e-06
2.350404e-06
2.3436298e-06
2.3367732e-06
2.3298347e-06
2.3228149e-06
2.3157145e-06
2.3085344e-06
2.3012757e-06
2.2939393e-06
2.2865264e-06
2.2790384e-06
2.2714766e-06
2.2638425e-06
2.2561374e-06
2.2483629e-06
2.2405206e-06
2.2326121e-06
2.224639e-06
2.216603e-06
2.2085059e-06
2.2003493e-06
2.192135e-06
2.1838647e-06
2.1755402e-06
2.1671631e-06
2.1587353e-06
2.1502586e-06
2.1417345e-06
2.133165e-06
2.1245517e-06
2.1158964e-06
2.1072007e-06
2.0984663e-06
2.089695e-06
2.0808882e-06
2.0720478e-06
2.0631753e-06
2.0542723e-06
2.0453404e-06
2.0363811e-06
2.027396e-06
2.0183866e-06
2.0093543e-06
2.0003006e-06
1.9912271e-06
1.982135e-06
1.9730257e-06
1.9639008e-06
1.9547614e-06
1.9456089e-06
1.9364446e-06
1.9272698e-06
1.9180857e-06
1.9088936e-06
1.8996945e-06
1.8904898e-06
1.8812806e-06
1.8720679e-06
1.862853e-06
1.8536368e-06
1.8444205e-06
1.835205e-06
1.8259915e-06
1.8167808e-06
1.8075741e-06
1.7983722e-06
1.789176e-06
1.7799865e-06
1.7708046e-06
1.7616312e-06
1.7524671e-06
1.7433132e-06
1.7341702e-06
1.725039e-06
1.7159204e-06
1.7068152e-06
1.697724e-06
1.6886477e-06
1.679587e-06
1.6705426e-06
1.6615152e-06
1.6525055e-06
1.6435142e-06
1.6345416e-06
1.6255882e-06
1.6166555e-06
1.6077442e-06
1.5988544e-06
1.5899868e-06
1.5811414e-06
1.5723197e-06
1.5635232e-06
2.586531e-06
2.5794567e-06
2.572607e-06
2.5659823e-06
2.5595587e-06
2.55331e-06
2.5472174e-06
2.541265e-06
2.5354362e-06
2.5297147e-06
2.5240844e-06
2.5185301e-06
2.5130348e-06
2.5075862e-06
2.5021791e-06
2.4968028e-06
2.4914445e-06
2.4860955e-06
2.4807456e-06
2.4753831e-06
2.4700009e-06
2.4645962e-06
2.4591614e-06
2.4536812e-06
2.4481445e-06
2.4425555e-06
2.4369167e-06
2.4312212e-06
2.4254614e-06
2.4196334e-06
2.4137351e-06
2.407764e-06
2.4017176e-06
2.395594e-06
2.3893917e-06
2.3831094e-06
2.3767459e-06
2.3703006e-06
2.363773e-06
2.3571627e-06
2.3504696e-06
2.3436939e-06
2.3368359e-06
2.329896e-06
2.3228748e-06
2.3157731e-06
2.3085917e-06
2.3013317e-06
2.293994e-06
2.2865799e-06
2.2790908e-06
2.2715278e-06
2.2638925e-06
2.2561863e-06
2.2484107e-06
2.2405674e-06
2.2326579e-06
2.2246838e-06
2.2166468e-06
2.2085488e-06
2.2003912e-06
2.192176e-06
2.1839049e-06
2.1755795e-06
2.1672016e-06
2.158773e-06
2.1502954e-06
2.1417706e-06
2.1332003e-06
2.1245863e-06
2.1159303e-06
2.1072339e-06
2.0984988e-06
2.0897268e-06
2.0809194e-06
2.0720783e-06
2.0632052e-06
2.0543016e-06
2.0453691e-06
2.0364092e-06
2.0274236e-06
2.0184136e-06
2.0093808e-06
2.0003266e-06
1.9912525e-06
1.9821599e-06
1.9730502e-06
1.9639248e-06
1.9547849e-06
1.945632e-06
1.9364673e-06
1.927292e-06
1.9181075e-06
1.9089149e-06
1.8997154e-06
1.8905103e-06
1.8813007e-06
1.8720876e-06
1.8628723e-06
1.8536558e-06
1.8444391e-06
1.8352233e-06
1.8260094e-06
1.8167984e-06
1.8075913e-06
1.7983891e-06
1.7891926e-06
1.7800028e-06
1.7708206e-06
1.7616469e-06
1.7524825e-06
1.7433283e-06
1.734185e-06
1.7250536e-06
1.7159347e-06
1.7068292e-06
1.6977378e-06
1.6886612e-06
1.6796002e-06
1.6705556e-06
1.6615279e-06
1.652518e-06
1.6435264e-06
1.6345536e-06
1.6256e-06
1.6166671e-06
1.6077556e-06
1.5988655e-06
1.5899977e-06
1.5811521e-06
1.5723302e-06
1.5635335e-06
2.5866481e-06
2.5795759e-06
2.5727282e-06
2.5661045e-06
2.5596816e-06
2.5534333e-06
2.5473409e-06
2.5413884e-06
2.5355592e-06
2.529837e-06
2.5242058e-06
2.5186504e-06
2.5131543e-06
2.507705e-06
2.5022967e-06
2.4969189e-06
2.4915592e-06
2.4862084e-06
2.4808566e-06
2.4754924e-06
2.4701086e-06
2.4647017e-06
2.4592644e-06
2.4537821e-06
2.4482441e-06
2.4426536e-06
2.4370128e-06
2.4313151e-06
2.4255533e-06
2.4197235e-06
2.4138233e-06
2.4078503e-06
2.401802e-06
2.3956766e-06
2.3894725e-06
2.3831884e-06
2.3768232e-06
2.3703762e-06
2.3638468e-06
2.3572349e-06
2.3505402e-06
2.3437629e-06
2.3369033e-06
2.3299619e-06
2.3229392e-06
2.3158361e-06
2.3086533e-06
2.3013918e-06
2.2940528e-06
2.2866375e-06
2.279147e-06
2.2715828e-06
2.2639462e-06
2.2562389e-06
2.2484621e-06
2.2406176e-06
2.232707e-06
2.2247319e-06
2.2166939e-06
2.2085948e-06
2.2004363e-06
2.1922201e-06
2.183948e-06
2.1756216e-06
2.1672429e-06
2.1588134e-06
2.150335e-06
2.1418093e-06
2.1332382e-06
2.1246234e-06
2.1159666e-06
2.1072695e-06
2.0985337e-06
2.0897609e-06
2.0809528e-06
2.0721111e-06
2.0632373e-06
2.054333e-06
2.0453999e-06
2.0364394e-06
2.0274531e-06
2.0184426e-06
2.0094092e-06
2.0003544e-06
1.9912798e-06
1.9821866e-06
1.9730764e-06
1.9639505e-06
1.9548101e-06
1.9456567e-06
1.9364915e-06
1.9273158e-06
1.9181308e-06
1.9089377e-06
1.8997378e-06
1.8905323e-06
1.8813222e-06
1.8721088e-06
1.862893e-06
1.8536761e-06
1.844459e-06
1.8352428e-06
1.8260286e-06
1.8168173e-06
1.8076098e-06
1.7984072e-06
1.7892104e-06
1.7800203e-06
1.7708377e-06
1.7616637e-06
1.752499e-06
1.7433444e-06
1.7342009e-06
1.7250691e-06
1.71595e-06
1.7068441e-06
1.6977525e-06
1.6886756e-06
1.6796144e-06
1.6705695e-06
1.6615416e-06
1.6525313e-06
1.6435395e-06
1.6345664e-06
1.6256126e-06
1.6166795e-06
1.6077677e-06
1.5988774e-06
1.5900093e-06
1.5811636e-06
1.5723414e-06
1.5635444e-06
2.5867766e-06
2.5797065e-06
2.5728607e-06
2.5662381e-06
2.5598157e-06
2.5535678e-06
2.5474754e-06
2.5415226e-06
2.5356929e-06
2.5299699e-06
2.5243377e-06
2.5187811e-06
2.5132839e-06
2.5078337e-06
2.5024241e-06
2.4970447e-06
2.4916833e-06
2.4863306e-06
2.4809767e-06
2.4756106e-06
2.4702248e-06
2.4648156e-06
2.4593756e-06
2.453891e-06
2.4483515e-06
2.4427593e-06
2.4371163e-06
2.4314164e-06
2.4256525e-06
2.4198206e-06
2.4139183e-06
2.4079432e-06
2.401893e-06
2.3957656e-06
2.3895595e-06
2.3832734e-06
2.3769063e-06
2.3704574e-06
2.3639263e-06
2.3573125e-06
2.3506161e-06
2.3438371e-06
2.3369758e-06
2.3300328e-06
2.3230085e-06
2.3159037e-06
2.3087194e-06
2.3014565e-06
2.294116e-06
2.2866992e-06
2.2792074e-06
2.2716418e-06
2.264004e-06
2.2562953e-06
2.2485173e-06
2.2406716e-06
2.2327598e-06
2.2247835e-06
2.2167443e-06
2.2086441e-06
2.2004846e-06
2.1922673e-06
2.1839942e-06
2.1756669e-06
2.1672871e-06
2.1588567e-06
2.1503774e-06
2.1418508e-06
2.1332789e-06
2.1246632e-06
2.1160055e-06
2.1073076e-06
2.098571e-06
2.0897975e-06
2.0809887e-06
2.0721462e-06
2.0632716e-06
2.0543667e-06
2.0454328e-06
2.0364717e-06
2.0274848e-06
2.0184736e-06
2.0094396e-06
2.0003842e-06
1.991309e-06
1.9822153e-06
1.9731045e-06
1.963978e-06
1.9548371e-06
1.9456831e-06
1.9365174e-06
1.9273412e-06
1.9181557e-06
1.9089622e-06
1.8997618e-06
1.8905558e-06
1.8813453e-06
1.8721314e-06
1.8629152e-06
1.8536979e-06
1.8444804e-06
1.8352638e-06
1.8260491e-06
1.8168374e-06
1.8076296e-06
1.7984266e-06
1.7892294e-06
1.7800389e-06
1.7708561e-06
1.7616817e-06
1.7525166e-06
1.7433617e-06
1.7342178e-06
1.7250858e-06
1.7159663e-06
1.7068602e-06
1.6977682e-06
1.688691e-06
1.6796295e-06
1.6705843e-06
1.6615561e-06
1.6525456e-06
1.6435535e-06
1.6345801e-06
1.6256261e-06
1.6166927e-06
1.6077807e-06
1.5988901e-06
1.5900218e-06
1.5811758e-06
1.5723534e-06
1.5635562e-06
2.5869178e-06
2.5798497e-06
2.5730058e-06
2.5663841e-06
2.5599621e-06
2.5537145e-06
2.5476221e-06
2.5416688e-06
2.5358384e-06
2.5301144e-06
2.524481e-06
2.518923e-06
2.5134246e-06
2.5079733e-06
2.502562e-06
2.4971808e-06
2.4918176e-06
2.4864627e-06
2.4811066e-06
2.4757383e-06
2.4703504e-06
2.4649387e-06
2.4594958e-06
2.4540087e-06
2.4484674e-06
2.4428734e-06
2.437228e-06
2.4315257e-06
2.4257594e-06
2.4199252e-06
2.4140207e-06
2.4080433e-06
2.4019909e-06
2.3958613e-06
2.3896531e-06
2.3833649e-06
2.3769958e-06
2.3705449e-06
2.3640117e-06
2.357396e-06
2.3506977e-06
2.3439168e-06
2.3370538e-06
2.3301089e-06
2.3230829e-06
2.3159765e-06
2.3087905e-06
2.3015259e-06
2.2941839e-06
2.2867655e-06
2.2792722e-06
2.2717052e-06
2.2640659e-06
2.2563558e-06
2.2485765e-06
2.2407295e-06
2.2328164e-06
2.2248388e-06
2.2167985e-06
2.2086971e-06
2.2005364e-06
2.192318e-06
2.1840438e-06
2.1757154e-06
2.1673346e-06
2.1589032e-06
2.1504228e-06
2.1418953e-06
2.1333224e-06
2.1247058e-06
2.1160473e-06
2.1073485e-06
2.098611e-06
2.0898367e-06
2.081027e-06
2.0721838e-06
2.0633085e-06
2.0544028e-06
2.0454682e-06
2.0365063e-06
2.0275187e-06
2.0185068e-06
2.0094722e-06
2.0004162e-06
1.9913403e-06
1.982246e-06
1.9731346e-06
1.9640074e-06
1.954866e-06
1.9457115e-06
1.9365452e-06
1.9273684e-06
1.9181824e-06
1.9089884e-06
1.8997875e-06
1.890581e-06
1.88137e-06
1.8721556e-06
1.862939e-06
1.8537212e-06
1.8445032e-06
1.8352862e-06
1.8260711e-06
1.816859e-06
1.8076507e-06
1.7984474e-06
1.7892498e-06
1.7800589e-06
1.7708756e-06
1.7617009e-06
1.7525354e-06
1.7433802e-06
1.734236e-06
1.7251036e-06
1.7159837e-06
1.7068773e-06
1.697785e-06
1.6887075e-06
1.6796457e-06
1.6706002e-06
1.6615717e-06
1.6525609e-06
1.6435685e-06
1.6345948e-06
1.6256405e-06
1.6167069e-06
1.6077945e-06
1.5989037e-06
1.5900351e-06
1.5811889e-06
1.5723663e-06
1.5635687e-06
2.5870731e-06
2.5800069e-06
2.5731648e-06
2.5665439e-06
2.5601222e-06
2.5538746e-06
2.5477819e-06
2.5418281e-06
2.5359968e-06
2.5302716e-06
2.5246368e-06
2.5190771e-06
2.5135772e-06
2.5081246e-06
2.5027115e-06
2.4973283e-06
2.4919629e-06
2.4866056e-06
2.481247e-06
2.4758763e-06
2.4704861e-06
2.4650716e-06
2.4596257e-06
2.4541359e-06
2.4485925e-06
2.4429964e-06
2.4373485e-06
2.4316434e-06
2.4258746e-06
2.4200379e-06
2.4141309e-06
2.4081512e-06
2.4020963e-06
2.3959644e-06
2.3897538e-06
2.3834634e-06
2.377092e-06
2.3706389e-06
2.3641036e-06
2.3574858e-06
2.3507854e-06
2.3440025e-06
2.3371375e-06
2.3301907e-06
2.3231628e-06
2.3160545e-06
2.3088668e-06
2.3016005e-06
2.2942567e-06
2.2868368e-06
2.2793418e-06
2.2717732e-06
2.2641324e-06
2.2564208e-06
2.24864e-06
2.2407916e-06
2.2328771e-06
2.2248982e-06
2.2168566e-06
2.2087539e-06
2.2005919e-06
2.1923723e-06
2.1840969e-06
2.1757674e-06
2.1673855e-06
2.158953e-06
2.1504716e-06
2.141943e-06
2.1333691e-06
2.1247515e-06
2.116092e-06
2.1073923e-06
2.0986539e-06
2.0898787e-06
2.0810682e-06
2.0722241e-06
2.0633479e-06
2.0544414e-06
2.0455061e-06
2.0365434e-06
2.0275551e-06
2.0185425e-06
2.0095071e-06
2.0004504e-06
1.9913738e-06
1.9822788e-06
1.9731667e-06
1.964039e-06
1.9548969e-06
1.9457418e-06
1.9365749e-06
1.9273976e-06
1.918211e-06
1.9090164e-06
1.899815e-06
1.8906079e-06
1.8813964e-06
1.8721815e-06
1.8629644e-06
1.8537461e-06
1.8445277e-06
1.8353102e-06
1.8260946e-06
1.816882e-06
1.8076734e-06
1.7984696e-06
1.7892716e-06
1.7800803e-06
1.7708966e-06
1.7617214e-06
1.7525556e-06
1.7434e-06
1.7342554e-06
1.7251226e-06
1.7160024e-06
1.7068956e-06
1.6978029e-06
1.6887252e-06
1.679663e-06
1.6706171e-06
1.6615883e-06
1.6525772e-06
1.6435845e-06
1.6346105e-06
1.625656e-06
1.616722e-06
1.6078093e-06
1.5989182e-06
1.5900493e-06
1.5812029e-06
1.57238e-06
1.5635821e-06
2.5872439e-06
2.5801795e-06
2.573339e-06
2.5667188e-06
2.5602972e-06
2.5540494e-06
2.5479563e-06
2.5420016e-06
2.5361691e-06
2.5304426e-06
2.5248061e-06
2.5192446e-06
2.5137429e-06
2.5082886e-06
2.5028735e-06
2.4974879e-06
2.4921201e-06
2.4867603e-06
2.4813988e-06
2.4760255e-06
2.4706326e-06
2.4652151e-06
2.4597659e-06
2.4542731e-06
2.4487275e-06
2.443129e-06
2.4374783e-06
2.4317703e-06
2.4259987e-06
2.4201594e-06
2.4142497e-06
2.4082672e-06
2.4022098e-06
2.3960753e-06
2.3898622e-06
2.3835693e-06
2.3771955e-06
2.37074e-06
2.3642023e-06
2.3575823e-06
2.3508796e-06
2.3440946e-06
2.3372274e-06
2.3302786e-06
2.3232486e-06
2.3161384e-06
2.3089487e-06
2.3016805e-06
2.294335e-06
2.2869132e-06
2.2794165e-06
2.2718462e-06
2.2642037e-06
2.2564905e-06
2.2487082e-06
2.2408582e-06
2.2329422e-06
2.2249619e-06
2.2169188e-06
2.2088148e-06
2.2006515e-06
2.1924306e-06
2.1841539e-06
2.1758231e-06
2.16744e-06
2.1590063e-06
2.1505238e-06
2.1419941e-06
2.1334191e-06
2.1248005e-06
2.11614e-06
2.1074392e-06
2.0986999e-06
2.0899237e-06
2.0811122e-06
2.0722672e-06
2.0633902e-06
2.0544828e-06
2.0455466e-06
2.0365832e-06
2.027594e-06
2.0185806e-06
2.0095444e-06
2.000487e-06
1.9914097e-06
1.982314e-06
1.9732012e-06
1.9640728e-06
1.95493e-06
1.9457742e-06
1.9366067e-06
1.9274288e-06
1.9182416e-06
1.9090464e-06
1.8998444e-06
1.8906368e-06
1.8814247e-06
1.8722093e-06
1.8629916e-06
1.8537728e-06
1.8445538e-06
1.8353358e-06
1.8261198e-06
1.8169067e-06
1.8076976e-06
1.7984933e-06
1.7892948e-06
1.7801031e-06
1.770919e-06
1.7617434e-06
1.7525772e-06
1.7434212e-06
1.7342761e-06
1.725143e-06
1.7160224e-06
1.7069152e-06
1.6978222e-06
1.688744e-06
1.6796815e-06
1.6706353e-06
1.6616061e-06
1.6525946e-06
1.6436016e-06
1.6346273e-06
1.6256724e-06
1.6167381e-06
1.6078252e-06
1.5989337e-06
1.5900646e-06
1.5812178e-06
1.5723946e-06
1.5635964e-06
2.5874319e-06
2.5803691e-06
2.57353e-06
2.5669103e-06
2.5604886e-06
2.5542404e-06
2.5481465e-06
2.5421908e-06
2.5363569e-06
2.5306285e-06
2.5249901e-06
2.5194265e-06
2.5139228e-06
2.5084664e-06
2.503049e-06
2.4976608e-06
2.4922903e-06
2.4869275e-06
2.481563e-06
2.4761868e-06
2.4707909e-06
2.4653702e-06
2.4599174e-06
2.4544214e-06
2.4488731e-06
2.4432719e-06
2.4376182e-06
2.4319071e-06
2.4261324e-06
2.4202901e-06
2.4143775e-06
2.4083922e-06
2.4023319e-06
2.3961946e-06
2.3899788e-06
2.3836832e-06
2.3773067e-06
2.3708487e-06
2.3643085e-06
2.3576859e-06
2.3509809e-06
2.3441935e-06
2.337324e-06
2.3303729e-06
2.3233408e-06
2.3162284e-06
2.3090367e-06
2.3017664e-06
2.2944189e-06
2.2869952e-06
2.2794966e-06
2.2719245e-06
2.2642802e-06
2.2565653e-06
2.2487813e-06
2.2409296e-06
2.2330121e-06
2.2250301e-06
2.2169856e-06
2.2088801e-06
2.2007153e-06
2.192493e-06
2.184215e-06
2.1758829e-06
2.1674985e-06
2.1590635e-06
2.1505797e-06
2.1420489e-06
2.1334727e-06
2.124853e-06
2.1161913e-06
2.1074895e-06
2.0987491e-06
2.0899719e-06
2.0811594e-06
2.0723134e-06
2.0634354e-06
2.0545271e-06
2.04559e-06
2.0366257e-06
2.0276356e-06
2.0186214e-06
2.0095844e-06
2.0005262e-06
1.9914481e-06
1.9823516e-06
1.9732381e-06
1.9641089e-06
1.9549655e-06
1.945809e-06
1.9366408e-06
1.9274621e-06
1.9182743e-06
1.9090785e-06
1.8998758e-06
1.8906676e-06
1.8814549e-06
1.8722389e-06
1.8630207e-06
1.8538013e-06
1.8445818e-06
1.8353633e-06
1.8261467e-06
1.8169331e-06
1.8077235e-06
1.7985187e-06
1.7893198e-06
1.7801275e-06
1.770943e-06
1.7617669e-06
1.7526002e-06
1.7434438e-06
1.7342983e-06
1.7251647e-06
1.7160437e-06
1.7069362e-06
1.6978427e-06
1.6887642e-06
1.6797012e-06
1.6706547e-06
1.6616251e-06
1.6526133e-06
1.6436199e-06
1.6346452e-06
1.62569e-06
1.6167554e-06
1.6078421e-06
1.5989503e-06
1.5900808e-06
1.5812338e-06
1.5724103e-06
1.5636117e-06
2.5876389e-06
2.5805775e-06
2.5737395e-06
2.56712e-06
2.5606979e-06
2.554449e-06
2.5483541e-06
2.5423969e-06
2.5365613e-06
2.5308309e-06
2.5251902e-06
2.5196241e-06
2.514118e-06
2.5086593e-06
2.5032392e-06
2.4978481e-06
2.4924745e-06
2.4871085e-06
2.4817406e-06
2.476361e-06
2.4709619e-06
2.4655376e-06
2.460081e-06
2.4545814e-06
2.4490301e-06
2.443426e-06
2.437769e-06
2.4320545e-06
2.4262765e-06
2.4204309e-06
2.4145151e-06
2.4085267e-06
2.4024633e-06
2.396323e-06
2.3901042e-06
2.3838056e-06
2.3774263e-06
2.3709655e-06
2.3644226e-06
2.3577973e-06
2.3510897e-06
2.3442997e-06
2.3374278e-06
2.3304742e-06
2.3234397e-06
2.3163251e-06
2.309131e-06
2.3018586e-06
2.2945089e-06
2.2870831e-06
2.2795825e-06
2.2720084e-06
2.2643623e-06
2.2566455e-06
2.2488596e-06
2.2410062e-06
2.2330869e-06
2.2251033e-06
2.2170571e-06
2.20895e-06
2.2007837e-06
2.1925599e-06
2.1842804e-06
2.1759469e-06
2.1675611e-06
2.1591248e-06
2.1506397e-06
2.1421075e-06
2.1335301e-06
2.1249091e-06
2.1162463e-06
2.1075433e-06
2.0988018e-06
2.0900234e-06
2.0812099e-06
2.0723629e-06
2.0634839e-06
2.0545745e-06
2.0456365e-06
2.0366712e-06
2.0276802e-06
2.0186651e-06
2.0096272e-06
2.0005681e-06
1.9914892e-06
1.9823919e-06
1.9732776e-06
1.9641476e-06
1.9550034e-06
1.9458461e-06
1.9366772e-06
1.9274978e-06
1.9183093e-06
1.9091128e-06
1.8999095e-06
1.8907006e-06
1.8814873e-06
1.8722707e-06
1.8630518e-06
1.8538318e-06
1.8446117e-06
1.8353926e-06
1.8261755e-06
1.8169613e-06
1.8077511e-06
1.7985458e-06
1.7893464e-06
1.7801537e-06
1.7709686e-06
1.7617921e-06
1.7526249e-06
1.7434679e-06
1.734322e-06
1.725188e-06
1.7160666e-06
1.7069585e-06
1.6978647e-06
1.6887857e-06
1.6797224e-06
1.6706754e-06
1.6616454e-06
1.6526332e-06
1.6436394e-06
1.6346644e-06
1.6257088e-06
1.6167738e-06
1.6078602e-06
1.5989681e-06
1.5900982e-06
1.5812508e-06
1.572427e-06
1.5636281e-06
2.5878669e-06
2.5808065e-06
2.5739694e-06
2.5673498e-06
2.5609269e-06
2.554677e-06
2.5485807e-06
2.5426217e-06
2.5367839e-06
2.5310511e-06
2.5254077e-06
2.5198388e-06
2.5143299e-06
2.5088685e-06
2.5034454e-06
2.4980509e-06
2.4926738e-06
2.4873042e-06
2.4819326e-06
2.4765494e-06
2.4711465e-06
2.4657183e-06
2.4602575e-06
2.4547541e-06
2.4491995e-06
2.4435921e-06
2.4379314e-06
2.4322132e-06
2.4264316e-06
2.4205825e-06
2.4146633e-06
2.4086714e-06
2.4026046e-06
2.396461e-06
2.390239e-06
2.3839373e-06
2.3775549e-06
2.371091e-06
2.3645451e-06
2.357917e-06
2.3512065e-06
2.3444138e-06
2.3375391e-06
2.330583e-06
2.3235459e-06
2.3164287e-06
2.3092323e-06
2.3019575e-06
2.2946055e-06
2.2871775e-06
2.2796747e-06
2.2720985e-06
2.2644502e-06
2.2567314e-06
2.2489436e-06
2.2410883e-06
2.2331671e-06
2.2251817e-06
2.2171338e-06
2.209025e-06
2.200857e-06
2.1926316e-06
2.1843505e-06
2.1760154e-06
2.1676281e-06
2.1591904e-06
2.1507038e-06
2.1421703e-06
2.1335916e-06
2.1249693e-06
2.1163051e-06
2.1076009e-06
2.0988582e-06
2.0900786e-06
2.081264e-06
2.0724158e-06
2.0635357e-06
2.0546253e-06
2.0456862e-06
2.0367199e-06
2.0277279e-06
2.0187118e-06
2.009673e-06
2.000613e-06
1.9915331e-06
1.9824349e-06
1.9733198e-06
1.964189e-06
1.9550439e-06
1.9458859e-06
1.9367162e-06
1.927536e-06
1.9183467e-06
1.9091495e-06
1.8999455e-06
1.8907359e-06
1.8815219e-06
1.8723046e-06
1.8630851e-06
1.8538644e-06
1.8446437e-06
1.835424e-06
1.8262063e-06
1.8169915e-06
1.8077807e-06
1.7985749e-06
1.7893748e-06
1.7801816e-06
1.770996e-06
1.7618189e-06
1.7526512e-06
1.7434938e-06
1.7343474e-06
1.7252129e-06
1.7160909e-06
1.7069825e-06
1.6978881e-06
1.6888087e-06
1.6797449e-06
1.6706975e-06
1.6616671e-06
1.6526545e-06
1.6436603e-06
1.6346849e-06
1.6257289e-06
1.6167935e-06
1.6078795e-06
1.598987e-06
1.5901167e-06
1.581269e-06
1.5724449e-06
1.5636455e-06
2.5881179e-06
2.5810582e-06
2.5742216e-06
2.5676015e-06
2.5611775e-06
2.554926e-06
2.5488279e-06
2.5428667e-06
2.5370264e-06
2.5312907e-06
2.5256443e-06
2.5200721e-06
2.5145599e-06
2.5090953e-06
2.5036687e-06
2.4982705e-06
2.4928896e-06
2.4875159e-06
2.4821402e-06
2.4767528e-06
2.4713459e-06
2.4659134e-06
2.4604482e-06
2.4549405e-06
2.4493822e-06
2.4437711e-06
2.4381065e-06
2.4323842e-06
2.4265986e-06
2.4207457e-06
2.4148227e-06
2.4088271e-06
2.4027566e-06
2.3966095e-06
2.3903839e-06
2.3840788e-06
2.377693e-06
2.3712258e-06
2.3646767e-06
2.3580455e-06
2.351332e-06
2.3445363e-06
2.3376587e-06
2.3306997e-06
2.3236599e-06
2.31654e-06
2.3093409e-06
2.3020636e-06
2.2947091e-06
2.2872786e-06
2.2797735e-06
2.272195e-06
2.2645445e-06
2.2568236e-06
2.2490336e-06
2.2411763e-06
2.2332531e-06
2.2252658e-06
2.2172159e-06
2.2091053e-06
2.2009355e-06
2.1927083e-06
2.1844256e-06
2.1760888e-06
2.1676999e-06
2.1592606e-06
2.1507726e-06
2.1422376e-06
2.1336573e-06
2.1250336e-06
2.1163681e-06
2.1076625e-06
2.0989185e-06
2.0901377e-06
2.0813218e-06
2.0724724e-06
2.0635912e-06
2.0546796e-06
2.0457394e-06
2.036772e-06
2.027779e-06
2.0187618e-06
2.009722e-06
2.000661e-06
1.9915802e-06
1.982481e-06
1.9733649e-06
1.9642332e-06
1.9550873e-06
1.9459284e-06
1.9367578e-06
1.9275769e-06
1.9183868e-06
1.9091887e-06
1.899984e-06
1.8907736e-06
1.8815589e-06
1.8723408e-06
1.8631206e-06
1.8538993e-06
1.8446779e-06
1.8354575e-06
1.8262391e-06
1.8170238e-06
1.8078124e-06
1.7986059e-06
1.7894053e-06
1.7802114e-06
1.7710252e-06
1.7618476e-06
1.7526794e-06
1.7435214e-06
1.7343745e-06
1.7252394e-06
1.716117e-06
1.707008e-06
1.6979132e-06
1.6888333e-06
1.679769e-06
1.6707211e-06
1.6616903e-06
1.6526772e-06
1.6436826e-06
1.6347067e-06
1.6257504e-06
1.6168146e-06
1.6079001e-06
1.5990072e-06
1.5901366e-06
1.5812885e-06
1.5724639e-06
1.5636642e-06
2.5883943e-06
2.5813348e-06
2.5744982e-06
2.5678772e-06
2.5614516e-06
2.5551982e-06
2.5490977e-06
2.5431338e-06
2.5372904e-06
2.5315514e-06
2.5259014e-06
2.5203255e-06
2.5148096e-06
2.5093412e-06
2.5039107e-06
2.4985082e-06
2.493123e-06
2.4877449e-06
2.4823646e-06
2.4769727e-06
2.4715613e-06
2.466124e-06
2.4606539e-06
2.4551416e-06
2.4495791e-06
2.4439639e-06
2.438295e-06
2.4325683e-06
2.4267785e-06
2.4209214e-06
2.4149942e-06
2.4089945e-06
2.4029201e-06
2.396769e-06
2.3905397e-06
2.3842308e-06
2.3778414e-06
2.3713707e-06
2.3648181e-06
2.3581834e-06
2.3514666e-06
2.3446677e-06
2.3377869e-06
2.3308249e-06
2.3237821e-06
2.3166593e-06
2.3094574e-06
2.3021773e-06
2.2948202e-06
2.2873871e-06
2.2798794e-06
2.2722984e-06
2.2646456e-06
2.2569223e-06
2.2491301e-06
2.2412705e-06
2.2333452e-06
2.2253558e-06
2.2173039e-06
2.2091912e-06
2.2010195e-06
2.1927905e-06
2.1845059e-06
2.1761674e-06
2.1677768e-06
2.1593358e-06
2.1508461e-06
2.1423095e-06
2.1337278e-06
2.1251025e-06
2.1164356e-06
2.1077285e-06
2.0989831e-06
2.090201e-06
2.0813837e-06
2.072533e-06
2.0636505e-06
2.0547378e-06
2.0457963e-06
2.0368277e-06
2.0278336e-06
2.0188153e-06
2.0097744e-06
2.0007123e-06
1.9916305e-06
1.9825303e-06
1.9734132e-06
1.9642806e-06
1.9551337e-06
1.9459738e-06
1.9368024e-06
1.9276205e-06
1.9184296e-06
1.9092307e-06
1.9000251e-06
1.8908139e-06
1.8815984e-06
1.8723796e-06
1.8631586e-06
1.8539366e-06
1.8447145e-06
1.8354934e-06
1.8262743e-06
1.8170582e-06
1.8078462e-06
1.798639e-06
1.7894378e-06
1.7802433e-06
1.7710565e-06
1.7618783e-06
1.7527095e-06
1.7435509e-06
1.7344034e-06
1.7252678e-06
1.7161448e-06
1.7070353e-06
1.69794e-06
1.6888595e-06
1.6797948e-06
1.6707464e-06
1.6617151e-06
1.6527015e-06
1.6437064e-06
1.6347301e-06
1.6257733e-06
1.6168371e-06
1.6079221e-06
1.5990288e-06
1.5901577e-06
1.5813092e-06
1.5724843e-06
1.5636841e-06
2.5886986e-06
2.5816388e-06
2.5748016e-06
2.5681792e-06
2.5617514e-06
2.5554954e-06
2.5493921e-06
2.5434249e-06
2.5375779e-06
2.531835e-06
2.5261808e-06
2.5206007e-06
2.5150805e-06
2.5096078e-06
2.5041728e-06
2.4987656e-06
2.4933755e-06
2.4879925e-06
2.4826071e-06
2.4772102e-06
2.4717937e-06
2.4663513e-06
2.4608759e-06
2.4553585e-06
2.4497914e-06
2.4441717e-06
2.4384981e-06
2.4327666e-06
2.426972e-06
2.4211103e-06
2.4151787e-06
2.4091746e-06
2.4030959e-06
2.3969406e-06
2.3907071e-06
2.3843942e-06
2.3780008e-06
2.3715262e-06
2.3649699e-06
2.3583315e-06
2.3516111e-06
2.3448087e-06
2.3379246e-06
2.3309592e-06
2.3239132e-06
2.3167873e-06
2.3095823e-06
2.3022992e-06
2.2949392e-06
2.2875033e-06
2.2799929e-06
2.2724093e-06
2.2647538e-06
2.257028e-06
2.2492334e-06
2.2413714e-06
2.2334438e-06
2.2254521e-06
2.2173981e-06
2.2092833e-06
2.2011095e-06
2.1928785e-06
2.1845919e-06
2.1762515e-06
2.1678591e-06
2.1594162e-06
2.1509248e-06
2.1423865e-06
2.1338031e-06
2.1251762e-06
2.1165077e-06
2.1077991e-06
2.0990522e-06
2.0902686e-06
2.0814499e-06
2.0725979e-06
2.063714e-06
2.0547999e-06
2.0458572e-06
2.0368874e-06
2.027892e-06
2.0188725e-06
2.0098304e-06
2.0007672e-06
1.9916842e-06
1.982583e-06
1.9734648e-06
1.9643311e-06
1.9551832e-06
1.9460224e-06
1.93685e-06
1.9276672e-06
1.9184753e-06
1.9092755e-06
1.9000691e-06
1.8908571e-06
1.8816407e-06
1.872421e-06
1.8631993e-06
1.8539764e-06
1.8447535e-06
1.8355317e-06
1.8263118e-06
1.8170951e-06
1.8078823e-06
1.7986744e-06
1.7894725e-06
1.7802774e-06
1.7710899e-06
1.761911e-06
1.7527416e-06
1.7435824e-06
1.7344343e-06
1.7252981e-06
1.7161746e-06
1.7070645e-06
1.6979685e-06
1.6888876e-06
1.6798223e-06
1.6707734e-06
1.6617415e-06
1.6527275e-06
1.6437318e-06
1.634755e-06
1.6257978e-06
1.6168611e-06
1.6079456e-06
1.5990519e-06
1.5901803e-06
1.5813314e-06
1.572506e-06
1.5637054e-06
2.5890333e-06
2.5819726e-06
2.5751342e-06
2.5685097e-06
2.5620792e-06
2.55582e-06
2.5497131e-06
2.5437421e-06
2.5378908e-06
2.5321434e-06
2.5264845e-06
2.5208994e-06
2.5153743e-06
2.5098968e-06
2.5044567e-06
2.4990442e-06
2.4936487e-06
2.4882601e-06
2.4828691e-06
2.4774666e-06
2.4720446e-06
2.4665966e-06
2.4611153e-06
2.4555924e-06
2.4500202e-06
2.4443955e-06
2.4387167e-06
2.43298e-06
2.4271803e-06
2.4213136e-06
2.4153771e-06
2.4093682e-06
2.4032848e-06
2.3971249e-06
2.3908869e-06
2.3845696e-06
2.3781719e-06
2.3716931e-06
2.3651327e-06
2.3584904e-06
2.3517661e-06
2.34496e-06
2.3380722e-06
2.3311032e-06
2.3240537e-06
2.3169244e-06
2.3097162e-06
2.3024299e-06
2.2950668e-06
2.2876279e-06
2.2801145e-06
2.272528e-06
2.2648698e-06
2.2571413e-06
2.249344e-06
2.2414795e-06
2.2335494e-06
2.2255553e-06
2.2174989e-06
2.2093818e-06
2.2012059e-06
2.1929727e-06
2.184684e-06
2.1763416e-06
2.1679471e-06
2.1595023e-06
2.151009e-06
2.1424689e-06
2.1338837e-06
2.1252551e-06
2.1165849e-06
2.1078746e-06
2.0991261e-06
2.0903409e-06
2.0815208e-06
2.0726672e-06
2.0637819e-06
2.0548664e-06
2.0459223e-06
2.0369511e-06
2.0279544e-06
2.0189336e-06
2.0098903e-06
2.0008259e-06
1.9917417e-06
1.9826393e-06
1.97352e-06
1.9643852e-06
1.9552362e-06
1.9460744e-06
1.9369009e-06
1.9277171e-06
1.9185242e-06
1.9093235e-06
1.900116e-06
1.8909031e-06
1.8816858e-06
1.8724653e-06
1.8632427e-06
1.8540189e-06
1.8447952e-06
1.8355726e-06
1.826352e-06
1.8171344e-06
1.8079209e-06
1.7987123e-06
1.7895096e-06
1.7803138e-06
1.7711256e-06
1.761946e-06
1.7527759e-06
1.7436161e-06
1.7344673e-06
1.7253305e-06
1.7162063e-06
1.7070956e-06
1.6979991e-06
1.6889175e-06
1.6798516e-06
1.6708022e-06
1.6617698e-06
1.6527551e-06
1.6437589e-06
1.6347816e-06
1.6258239e-06
1.6168867e-06
1.6079708e-06
1.5990765e-06
1.5902044e-06
1.581355e-06
1.5725292e-06
1.563728e-06
2.5894013e-06
2.5823389e-06
2.5754987e-06
2.5688714e-06
2.5624373e-06
2.5561742e-06
2.5500632e-06
2.5440875e-06
2.5382313e-06
2.5324787e-06
2.5268143e-06
2.5212237e-06
2.515693e-06
2.5102099e-06
2.5047641e-06
2.4993457e-06
2.4939441e-06
2.4885494e-06
2.4831522e-06
2.4777435e-06
2.4723154e-06
2.4668611e-06
2.4613736e-06
2.4558445e-06
2.4502666e-06
2.4446365e-06
2.4389521e-06
2.4332096e-06
2.4274044e-06
2.4215323e-06
2.4155904e-06
2.4095763e-06
2.4034878e-06
2.3973229e-06
2.39108e-06
2.384758e-06
2.3783557e-06
2.3718723e-06
2.3653075e-06
2.3586609e-06
2.3519325e-06
2.3451222e-06
2.3382304e-06
2.3312576e-06
2.3242044e-06
2.3170714e-06
2.3098597e-06
2.30257e-06
2.2952034e-06
2.2877613e-06
2.2802447e-06
2.2726552e-06
2.264994e-06
2.2572625e-06
2.2494624e-06
2.2415952e-06
2.2336624e-06
2.2256657e-06
2.2176068e-06
2.2094873e-06
2.201309e-06
2.1930734e-06
2.1847825e-06
2.1764379e-06
2.1680413e-06
2.1595944e-06
2.1510991e-06
2.142557e-06
2.1339699e-06
2.1253394e-06
2.1166674e-06
2.1079554e-06
2.0992051e-06
2.0904183e-06
2.0815965e-06
2.0727413e-06
2.0638544e-06
2.0549374e-06
2.0459918e-06
2.0370192e-06
2.0280211e-06
2.018999e-06
2.0099543e-06
2.0008886e-06
1.9918032e-06
1.9826995e-06
1.973579e-06
1.964443e-06
1.9552929e-06
1.9461299e-06
1.9369553e-06
1.9277704e-06
1.9185765e-06
1.9093747e-06
1.9001662e-06
1.8909523e-06
1.8817341e-06
1.8725126e-06
1.863289e-06
1.8540644e-06
1.8448398e-06
1.8356163e-06
1.8263948e-06
1.8171764e-06
1.8079621e-06
1.7987527e-06
1.7895492e-06
1.7803526e-06
1.7711637e-06
1.7619834e-06
1.7528125e-06
1.743652e-06
1.7345026e-06
1.725365e-06
1.7162402e-06
1.7071288e-06
1.6980317e-06
1.6889495e-06
1.679883e-06
1.6708329e-06
1.6617999e-06
1.6527847e-06
1.6437879e-06
1.6348101e-06
1.6258518e-06
1.616914e-06
1.6079975e-06
1.5991027e-06
1.5902302e-06
1.5813803e-06
1.572554e-06
1.5637522e-06
2.5898056e-06
2.5827408e-06
2.5758978e-06
2.5692669e-06
2.5628285e-06
2.5565608e-06
2.5504446e-06
2.5444636e-06
2.5386016e-06
2.532843e-06
2.5271724e-06
2.5215755e-06
2.5160385e-06
2.510549e-06
2.5050968e-06
2.4996717e-06
2.4942634e-06
2.4888618e-06
2.4834578e-06
2.4780423e-06
2.4726075e-06
2.4671463e-06
2.4616519e-06
2.4561162e-06
2.4505321e-06
2.4448959e-06
2.4392053e-06
2.4334567e-06
2.4276454e-06
2.4217673e-06
2.4158197e-06
2.4097999e-06
2.4037058e-06
2.3975355e-06
2.3912874e-06
2.3849602e-06
2.3785528e-06
2.3720646e-06
2.3654951e-06
2.3588438e-06
2.3521108e-06
2.3452962e-06
2.3384001e-06
2.3314232e-06
2.3243659e-06
2.317229e-06
2.3100134e-06
2.30272e-06
2.2953498e-06
2.2879042e-06
2.2803842e-06
2.2727913e-06
2.2651269e-06
2.2573924e-06
2.2495892e-06
2.2417191e-06
2.2337834e-06
2.2257839e-06
2.2177223e-06
2.2096002e-06
2.2014192e-06
2.1931813e-06
2.1848879e-06
2.1765409e-06
2.168142e-06
2.159693e-06
2.1511955e-06
2.1426513e-06
2.1340621e-06
2.1254296e-06
2.1167556e-06
2.1080417e-06
2.0992896e-06
2.090501e-06
2.0816774e-06
2.0728206e-06
2.063932e-06
2.0550134e-06
2.0460662e-06
2.0370921e-06
2.0280924e-06
2.0190688e-06
2.0100227e-06
2.0009556e-06
1.9918688e-06
1.9827638e-06
1.973642e-06
1.9645048e-06
1.9553534e-06
1.9461892e-06
1.9370134e-06
1.9278274e-06
1.9186323e-06
1.9094294e-06
1.9002199e-06
1.8910049e-06
1.8817856e-06
1.8725631e-06
1.8633386e-06
1.854113e-06
1.8448874e-06
1.835663e-06
1.8264406e-06
1.8172213e-06
1.8080061e-06
1.7987958e-06
1.7895915e-06
1.7803941e-06
1.7712044e-06
1.7620233e-06
1.7528517e-06
1.7436904e-06
1.7345402e-06
1.7254019e-06
1.7162764e-06
1.7071643e-06
1.6980665e-06
1.6889836e-06
1.6799165e-06
1.6708657e-06
1.6618321e-06
1.6528163e-06
1.6438188e-06
1.6348404e-06
1.6258815e-06
1.6169432e-06
1.6080261e-06
1.5991308e-06
1.5902576e-06
1.5814072e-06
1.5725804e-06
1.5637781e-06
2.5902492e-06
2.5831809e-06
2.5763343e-06
2.5696989e-06
2.5632554e-06
2.556982e-06
2.5508599e-06
2.5448726e-06
2.539004e-06
2.5332385e-06
2.527561e-06
2.5219569e-06
2.5164127e-06
2.5109162e-06
2.5054567e-06
2.5000242e-06
2.4946084e-06
2.4891993e-06
2.4837877e-06
2.4783647e-06
2.4729224e-06
2.4674538e-06
2.4619519e-06
2.4564089e-06
2.450818e-06
2.445175e-06
2.4394777e-06
2.4337224e-06
2.4279044e-06
2.42202e-06
2.4160661e-06
2.4100401e-06
2.40394e-06
2.3977639e-06
2.39151e-06
2.3851772e-06
2.3787644e-06
2.3722709e-06
2.3656962e-06
2.3590399e-06
2.3523021e-06
2.3454827e-06
2.338582e-06
2.3316005e-06
2.3245389e-06
2.3173978e-06
2.310178e-06
2.3028806e-06
2.2955066e-06
2.2880572e-06
2.2805336e-06
2.2729371e-06
2.2652692e-06
2.2575314e-06
2.2497249e-06
2.2418516e-06
2.2339129e-06
2.2259104e-06
2.2178459e-06
2.2097209e-06
2.2015372e-06
2.1932966e-06
2.1850006e-06
2.1766511e-06
2.1682498e-06
2.1597983e-06
2.1512985e-06
2.142752e-06
2.1341606e-06
2.125526e-06
2.11685e-06
2.108134e-06
2.09938e-06
2.0905894e-06
2.081764e-06
2.0729053e-06
2.0640149e-06
2.0550946e-06
2.0461457e-06
2.0371699e-06
2.0281687e-06
2.0191435e-06
2.0100959e-06
2.0010272e-06
1.991939e-06
1.9828326e-06
1.9737094e-06
1.9645707e-06
1.955418e-06
1.9462525e-06
1.9370755e-06
1.9278882e-06
1.9186919e-06
1.9094878e-06
1.9002771e-06
1.891061e-06
1.8818406e-06
1.8726171e-06
1.8633914e-06
1.8541648e-06
1.8449383e-06
1.8357128e-06
1.8264895e-06
1.8172692e-06
1.808053e-06
1.7988419e-06
1.7896367e-06
1.7804384e-06
1.7712478e-06
1.7620659e-06
1.7528935e-06
1.7437313e-06
1.7345804e-06
1.7254413e-06
1.716315e-06
1.7072022e-06
1.6981036e-06
1.6890201e-06
1.6799522e-06
1.6709008e-06
1.6618664e-06
1.6528499e-06
1.6438519e-06
1.6348728e-06
1.6259133e-06
1.6169743e-06
1.6080567e-06
1.5991607e-06
1.590287e-06
1.5814359e-06
1.5726085e-06
1.5638057e-06
2.5907355e-06
2.5836629e-06
2.5768115e-06
2.5701706e-06
2.5637209e-06
2.5574409e-06
2.5513119e-06
2.5453173e-06
2.5394412e-06
2.5336679e-06
2.5279823e-06
2.5223702e-06
2.516818e-06
2.5113134e-06
2.5058458e-06
2.5004051e-06
2.494981e-06
2.4895636e-06
2.4841436e-06
2.4787124e-06
2.4732619e-06
2.4677851e-06
2.462275e-06
2.4567241e-06
2.4511256e-06
2.4454754e-06
2.4397707e-06
2.434008e-06
2.4281829e-06
2.4222915e-06
2.4163307e-06
2.4102981e-06
2.4041915e-06
2.3980089e-06
2.3917489e-06
2.38541e-06
2.3789914e-06
2.3724922e-06
2.3659119e-06
2.3592502e-06
2.352507e-06
2.3456825e-06
2.3387769e-06
2.3317906e-06
2.3247242e-06
2.3175786e-06
2.3103544e-06
2.3030527e-06
2.2956745e-06
2.288221e-06
2.2806934e-06
2.2730932e-06
2.2654216e-06
2.2576801e-06
2.2498702e-06
2.2419934e-06
2.2340514e-06
2.2260457e-06
2.217978e-06
2.20985e-06
2.2016634e-06
2.1934199e-06
2.1851212e-06
2.1767689e-06
2.1683649e-06
2.1599109e-06
2.1514086e-06
2.1428597e-06
2.134266e-06
2.1256291e-06
2.1169508e-06
2.1082327e-06
2.0994765e-06
2.0906839e-06
2.0818564e-06
2.0729958e-06
2.0641035e-06
2.0551813e-06
2.0462306e-06
2.037253e-06
2.0282501e-06
2.0192232e-06
2.010174e-06
2.0011037e-06
1.9920139e-06
1.982906e-06
1.9737813e-06
1.9646412e-06
1.9554871e-06
1.9463202e-06
1.9371418e-06
1.9279532e-06
1.9187556e-06
1.9095502e-06
1.9003383e-06
1.891121e-06
1.8818994e-06
1.8726747e-06
1.8634479e-06
1.8542202e-06
1.8449925e-06
1.835766e-06
1.8265416e-06
1.8173204e-06
1.8081032e-06
1.7988911e-06
1.789685e-06
1.7804857e-06
1.7712942e-06
1.7621114e-06
1.752938e-06
1.7437751e-06
1.7346232e-06
1.7254834e-06
1.7163563e-06
1.7072426e-06
1.6981433e-06
1.6890589e-06
1.6799903e-06
1.6709381e-06
1.6619031e-06
1.6528859e-06
1.6438871e-06
1.6349073e-06
1.6259472e-06
1.6170075e-06
1.6080892e-06
1.5991926e-06
1.5903182e-06
1.5814666e-06
1.5726386e-06
1.5638351e-06
2.5912675e-06
2.5841893e-06
2.5773321e-06
2.5706847e-06
2.5642277e-06
2.55794e-06
2.551803e-06
2.5458001e-06
2.5399154e-06
2.5341333e-06
2.5284388e-06
2.5228177e-06
2.5172564e-06
2.5117429e-06
2.5062663e-06
2.5008164e-06
2.4953831e-06
2.4899565e-06
2.4845274e-06
2.4790871e-06
2.4736276e-06
2.4681419e-06
2.4626229e-06
2.4570634e-06
2.4514566e-06
2.4457983e-06
2.4400857e-06
2.434315e-06
2.4284821e-06
2.4225831e-06
2.4166149e-06
2.410575e-06
2.4044614e-06
2.3982719e-06
2.3920052e-06
2.3856598e-06
2.3792348e-06
2.3727294e-06
2.366143e-06
2.3594755e-06
2.3527267e-06
2.3458967e-06
2.3389857e-06
2.3319941e-06
2.3249227e-06
2.3177722e-06
2.3105432e-06
2.3032369e-06
2.2958542e-06
2.2883963e-06
2.2808645e-06
2.2732601e-06
2.2655845e-06
2.2578392e-06
2.2500255e-06
2.2421451e-06
2.2341995e-06
2.2261904e-06
2.2181194e-06
2.2099881e-06
2.2017983e-06
2.1935517e-06
2.18525e-06
2.1768949e-06
2.1684881e-06
2.1600313e-06
2.1515264e-06
2.1429749e-06
2.1343786e-06
2.1257393e-06
2.1170585e-06
2.1083381e-06
2.0995797e-06
2.0907848e-06
2.0819552e-06
2.0730925e-06
2.0641982e-06
2.055274e-06
2.0463213e-06
2.0373419e-06
2.0283371e-06
2.0193084e-06
2.0102574e-06
2.0011854e-06
1.9920939e-06
1.9829844e-06
1.9738581e-06
1.9647165e-06
1.9555608e-06
1.9463924e-06
1.9372126e-06
1.9280225e-06
1.9188236e-06
1.9096169e-06
1.9004036e-06
1.891185e-06
1.8819622e-06
1.8727362e-06
1.8635082e-06
1.8542793e-06
1.8450505e-06
1.8358228e-06
1.8265973e-06
1.817375e-06
1.8081568e-06
1.7989436e-06
1.7897364e-06
1.7805362e-06
1.7713437e-06
1.7621599e-06
1.7529856e-06
1.7438217e-06
1.734669e-06
1.7255282e-06
1.7164003e-06
1.7072858e-06
1.6981856e-06
1.6891004e-06
1.680031e-06
1.670978e-06
1.6619422e-06
1.6529242e-06
1.6439247e-06
1.6349442e-06
1.6259833e-06
1.617043e-06
1.6081239e-06
1.5992266e-06
1.5903516e-06
1.5814993e-06
1.5726707e-06
1.5638664e-06
2.5918493e-06
2.5847644e-06
2.5779001e-06
2.5712448e-06
2.5647793e-06
2.5584827e-06
2.5523366e-06
2.5463242e-06
2.5404297e-06
2.5346377e-06
2.5289332e-06
2.5233019e-06
2.5177306e-06
2.5122071e-06
2.5067204e-06
2.5012604e-06
2.495817e-06
2.4903803e-06
2.4849411e-06
2.4794908e-06
2.4740215e-06
2.468526e-06
2.4629973e-06
2.4574284e-06
2.4518125e-06
2.4461455e-06
2.4404241e-06
2.4346449e-06
2.4288035e-06
2.4228962e-06
2.4169199e-06
2.4108723e-06
2.4047509e-06
2.398554e-06
2.39228e-06
2.3859276e-06
2.3794957e-06
2.3729836e-06
2.3663908e-06
2.359717e-06
2.352962e-06
2.346126e-06
2.3392092e-06
2.3322121e-06
2.3251353e-06
2.3179794e-06
2.3107453e-06
2.303434e-06
2.2960465e-06
2.2885839e-06
2.2810476e-06
2.2734388e-06
2.2657589e-06
2.2580094e-06
2.2501916e-06
2.2423073e-06
2.2343579e-06
2.2263451e-06
2.2182705e-06
2.2101358e-06
2.2019426e-06
2.1936927e-06
2.1853878e-06
2.1770295e-06
2.1686197e-06
2.16016e-06
2.1516522e-06
2.1430979e-06
2.134499e-06
2.125857e-06
2.1171737e-06
2.1084508e-06
2.0996899e-06
2.0908927e-06
2.0820608e-06
2.0731958e-06
2.0642993e-06
2.055373e-06
2.0464183e-06
2.0374368e-06
2.02843e-06
2.0193994e-06
2.0103465e-06
2.0012727e-06
1.9921794e-06
1.9830681e-06
1.9739401e-06
1.9647968e-06
1.9556395e-06
1.9464695e-06
1.9372882e-06
1.9280966e-06
1.9188962e-06
1.909688e-06
1.9004734e-06
1.8912534e-06
1.8820292e-06
1.8728019e-06
1.8635726e-06
1.8543424e-06
1.8451124e-06
1.8358835e-06
1.8266568e-06
1.8174333e-06
1.8082139e-06
1.7989996e-06
1.7897914e-06
1.78059e-06
1.7713965e-06
1.7622117e-06
1.7530364e-06
1.7438715e-06
1.7347178e-06
1.7255761e-06
1.7164472e-06
1.7073318e-06
1.6982307e-06
1.6891447e-06
1.6800744e-06
1.6710206e-06
1.6619839e-06
1.6529651e-06
1.6439648e-06
1.6349835e-06
1.6260219e-06
1.6170808e-06
1.608161e-06
1.5992629e-06
1.5903872e-06
1.5815342e-06
1.5727048e-06
1.5638999e-06
2.5924838e-06
2.5853907e-06
2.578518e-06
2.5718536e-06
2.5653784e-06
2.5590717e-06
2.5529151e-06
2.5468921e-06
2.5409867e-06
2.5351836e-06
2.5294678e-06
2.5238253e-06
2.5182428e-06
2.5127082e-06
2.5072104e-06
2.5017392e-06
2.4962846e-06
2.4908368e-06
2.4853866e-06
2.4799255e-06
2.4744454e-06
2.4689392e-06
2.4634001e-06
2.4578208e-06
2.4521951e-06
2.4465185e-06
2.4407877e-06
2.434999e-06
2.4291485e-06
2.4232322e-06
2.4172473e-06
2.4111911e-06
2.4050615e-06
2.3988566e-06
2.3925747e-06
2.3862146e-06
2.3797754e-06
2.3732561e-06
2.3666562e-06
2.3599756e-06
2.3532141e-06
2.3463716e-06
2.3394486e-06
2.3324455e-06
2.3253628e-06
2.3182012e-06
2.3109616e-06
2.3036449e-06
2.2962522e-06
2.2887846e-06
2.2812434e-06
2.2736299e-06
2.2659454e-06
2.2581914e-06
2.2503693e-06
2.2424808e-06
2.2345273e-06
2.2265105e-06
2.218432e-06
2.2102936e-06
2.2020968e-06
2.1938434e-06
2.185535e-06
2.1771734e-06
2.1687604e-06
2.1602975e-06
2.1517866e-06
2.1432294e-06
2.1346275e-06
2.1259827e-06
2.1172967e-06
2.1085711e-06
2.0998076e-06
2.0910079e-06
2.0821735e-06
2.0733061e-06
2.0644073e-06
2.0554787e-06
2.0465218e-06
2.0375381e-06
2.0285292e-06
2.0194966e-06
2.0104416e-06
2.0013659e-06
1.9922707e-06
1.9831575e-06
1.9740277e-06
1.9648826e-06
1.9557236e-06
1.9465519e-06
1.9373689e-06
1.9281757e-06
1.9189737e-06
1.909764e-06
1.9005478e-06
1.8913263e-06
1.8821007e-06
1.872872e-06
1.8636413e-06
1.8544098e-06
1.8451784e-06
1.8359482e-06
1.8267202e-06
1.8174955e-06
1.8082749e-06
1.7990594e-06
1.78985e-06
1.7806475e-06
1.7714529e-06
1.762267e-06
1.7530906e-06
1.7439247e-06
1.7347699e-06
1.7256272e-06
1.7164973e-06
1.7073809e-06
1.6982789e-06
1.6891919e-06
1.6801207e-06
1.671066e-06
1.6620284e-06
1.6530087e-06
1.6440075e-06
1.6350254e-06
1.626063e-06
1.6171211e-06
1.6082005e-06
1.5993017e-06
1.5904251e-06
1.5815714e-06
1.5727413e-06
1.5639356e-06
2.5931758e-06
2.5860732e-06
2.5791905e-06
2.5725155e-06
2.5660291e-06
2.5597109e-06
2.5535425e-06
2.5475073e-06
2.5415897e-06
2.5357742e-06
2.530046e-06
2.524391e-06
2.518796e-06
2.513249e-06
2.507739e-06
2.5022555e-06
2.4967887e-06
2.4913287e-06
2.4858664e-06
2.4803933e-06
2.4749015e-06
2.4693837e-06
2.4638331e-06
2.4582427e-06
2.4526062e-06
2.4469192e-06
2.441178e-06
2.4353792e-06
2.4295187e-06
2.4235928e-06
2.4175985e-06
2.4115331e-06
2.4053945e-06
2.3991809e-06
2.3928906e-06
2.3865223e-06
2.380075e-06
2.3735479e-06
2.3669406e-06
2.3602526e-06
2.3534839e-06
2.3466346e-06
2.3397049e-06
2.3326953e-06
2.3256062e-06
2.3184386e-06
2.311193e-06
2.3038706e-06
2.2964723e-06
2.2889993e-06
2.2814528e-06
2.2738342e-06
2.2661448e-06
2.2583859e-06
2.2505592e-06
2.2426662e-06
2.2347083e-06
2.2266873e-06
2.2186047e-06
2.2104622e-06
2.2022615e-06
2.1940043e-06
2.1856923e-06
2.1773272e-06
2.1689106e-06
2.1604444e-06
2.1519303e-06
2.1433698e-06
2.1347649e-06
2.126117e-06
2.1174281e-06
2.1086996e-06
2.0999334e-06
2.0911309e-06
2.0822939e-06
2.0734239e-06
2.0645226e-06
2.0555916e-06
2.0466323e-06
2.0376463e-06
2.0286351e-06
2.0196003e-06
2.0105432e-06
2.0014654e-06
1.9923681e-06
1.983253e-06
1.9741212e-06
1.9649742e-06
1.9558133e-06
1.9466398e-06
1.937455e-06
1.9282601e-06
1.9190564e-06
1.909845e-06
1.9006272e-06
1.8914042e-06
1.882177e-06
1.8729468e-06
1.8637146e-06
1.8544816e-06
1.8452488e-06
1.8360173e-06
1.826788e-06
1.8175619e-06
1.80834e-06
1.7991232e-06
1.7899126e-06
1.7807089e-06
1.771513e-06
1.7623259e-06
1.7531484e-06
1.7439813e-06
1.7348255e-06
1.7256817e-06
1.7165507e-06
1.7074333e-06
1.6983302e-06
1.6892423e-06
1.6801701e-06
1.6711144e-06
1.6620759e-06
1.6530553e-06
1.6440532e-06
1.6350701e-06
1.6261068e-06
1.6171641e-06
1.6082427e-06
1.599343e-06
1.5904656e-06
1.5816111e-06
1.5727802e-06
1.5639737e-06
2.593928e-06
2.5868142e-06
2.5799202e-06
2.5732331e-06
2.5667342e-06
2.560403e-06
2.5542213e-06
2.5481727e-06
2.5422414e-06
2.5364121e-06
2.5306701e-06
2.5250013e-06
2.5193927e-06
2.5138321e-06
2.5083085e-06
2.5028115e-06
2.4973313e-06
2.491858e-06
2.4863825e-06
2.4808964e-06
2.4753918e-06
2.4698614e-06
2.4642984e-06
2.4586959e-06
2.4530477e-06
2.4473493e-06
2.441597e-06
2.4357872e-06
2.4299159e-06
2.4239796e-06
2.417975e-06
2.4118997e-06
2.4057515e-06
2.3995284e-06
2.393229e-06
2.3868518e-06
2.3803959e-06
2.3738605e-06
2.367245e-06
2.3605491e-06
2.3537728e-06
2.3469161e-06
2.3399792e-06
2.3329625e-06
2.3258667e-06
2.3186925e-06
2.3114406e-06
2.304112e-06
2.2967077e-06
2.2892289e-06
2.2816767e-06
2.2740526e-06
2.2663579e-06
2.258594e-06
2.2507623e-06
2.2428644e-06
2.2349018e-06
2.2268762e-06
2.2187892e-06
2.2106425e-06
2.2024376e-06
2.1941763e-06
2.1858604e-06
2.1774914e-06
2.1690712e-06
2.1606013e-06
2.1520837e-06
2.1435198e-06
2.1349115e-06
2.1262605e-06
2.1175684e-06
2.1088369e-06
2.1000676e-06
2.0912623e-06
2.0824225e-06
2.0735498e-06
2.0646458e-06
2.0557121e-06
2.0467503e-06
2.0377618e-06
2.0287482e-06
2.019711e-06
2.0106517e-06
2.0015715e-06
1.9924721e-06
1.9833548e-06
1.974221e-06
1.965072e-06
1.9559091e-06
1.9467336e-06
1.9375469e-06
1.9283502e-06
1.9191446e-06
1.9099315e-06
1.900712e-06
1.8914872e-06
1.8822584e-06
1.8730266e-06
1.8637928e-06
1.8545583e-06
1.845324e-06
1.836091e-06
1.8268602e-06
1.8176327e-06
1.8084094e-06
1.7991913e-06
1.7899793e-06
1.7807743e-06
1.7715772e-06
1.7623888e-06
1.7532101e-06
1.7440418e-06
1.7348848e-06
1.7257398e-06
1.7166077e-06
1.7074892e-06
1.698385e-06
1.689296e-06
1.6802227e-06
1.671166e-06
1.6621265e-06
1.6531049e-06
1.6441018e-06
1.6351178e-06
1.6261536e-06
1.61721e-06
1.6082876e-06
1.599387e-06
1.5905088e-06
1.5816534e-06
1.5728216e-06
1.5640142e-06
2.5947463e-06
2.5876197e-06
2.5807125e-06
2.5740117e-06
2.5674984e-06
2.5611525e-06
2.554956e-06
2.5488924e-06
2.5429459e-06
2.5371013e-06
2.5313439e-06
2.5256599e-06
2.5200361e-06
2.5144605e-06
2.5089221e-06
2.5034103e-06
2.4979153e-06
2.4924275e-06
2.4869377e-06
2.4814374e-06
2.4759189e-06
2.4703747e-06
2.4647982e-06
2.4591826e-06
2.4535217e-06
2.4478109e-06
2.4420465e-06
2.4362248e-06
2.4303419e-06
2.4243942e-06
2.4183787e-06
2.4122926e-06
2.406134e-06
2.3999008e-06
2.3935915e-06
2.3872048e-06
2.3807396e-06
2.3741951e-06
2.3675709e-06
2.3608665e-06
2.354082e-06
2.3472172e-06
2.3402726e-06
2.3332484e-06
2.3261454e-06
2.3189641e-06
2.3117053e-06
2.3043701e-06
2.2969593e-06
2.2894743e-06
2.2819161e-06
2.2742862e-06
2.2665858e-06
2.2588163e-06
2.2509793e-06
2.2430762e-06
2.2351086e-06
2.2270781e-06
2.2189864e-06
2.210835e-06
2.2026257e-06
2.1943601e-06
2.1860399e-06
2.1776668e-06
2.1692426e-06
2.1607689e-06
2.1522475e-06
2.14368e-06
2.1350682e-06
2.1264137e-06
2.1177182e-06
2.1089834e-06
2.100211e-06
2.0914026e-06
2.0825597e-06
2.0736841e-06
2.0647772e-06
2.0558408e-06
2.0468762e-06
2.0378851e-06
2.0288689e-06
2.0198292e-06
2.0107674e-06
2.0016849e-06
1.9925831e-06
1.9834636e-06
1.9743275e-06
1.9651763e-06
1.9560113e-06
1.9468338e-06
1.937645e-06
1.9284463e-06
1.9192388e-06
1.9100238e-06
1.9008025e-06
1.8915759e-06
1.8823453e-06
1.8731117e-06
1.8638763e-06
1.8546401e-06
1.8454042e-06
1.8361696e-06
1.8269373e-06
1.8177082e-06
1.8084835e-06
1.7992639e-06
1.7900505e-06
1.7808441e-06
1.7716456e-06
1.7624559e-06
1.7532759e-06
1.7441063e-06
1.734948e-06
1.7258018e-06
1.7166685e-06
1.7075488e-06
1.6984435e-06
1.6893533e-06
1.6802789e-06
1.6712211e-06
1.6621805e-06
1.6531578e-06
1.6441537e-06
1.6351687e-06
1.6262035e-06
1.6172588e-06
1.6083355e-06
1.599434e-06
1.5905548e-06
1.5816985e-06
1.5728658e-06
1.5640575e-06
2.5956332e-06
2.588492e-06
2.5815699e-06
2.5748537e-06
2.5683245e-06
2.5619623e-06
2.5557493e-06
2.549669e-06
2.5437058e-06
2.5378444e-06
2.5320702e-06
2.5263694e-06
2.5207291e-06
2.515137e-06
2.5095823e-06
2.5040544e-06
2.4985434e-06
2.4930397e-06
2.4875342e-06
2.4820186e-06
2.4764849e-06
2.4709259e-06
2.4653348e-06
2.4597049e-06
2.4540303e-06
2.4483061e-06
2.4425286e-06
2.436694e-06
2.4307986e-06
2.4248387e-06
2.4188112e-06
2.4127136e-06
2.4065437e-06
2.4002996e-06
2.3939797e-06
2.3875826e-06
2.3811074e-06
2.3745533e-06
2.3679196e-06
2.3612061e-06
2.3544127e-06
2.3475394e-06
2.3405865e-06
2.3335542e-06
2.3264433e-06
2.3192544e-06
2.3119884e-06
2.304646e-06
2.2972284e-06
2.2897366e-06
2.282172e-06
2.2745357e-06
2.2668292e-06
2.2590539e-06
2.2512111e-06
2.2433025e-06
2.2353295e-06
2.2272938e-06
2.219197e-06
2.2110407e-06
2.2028265e-06
2.1945563e-06
2.1862316e-06
2.1778542e-06
2.1694257e-06
2.1609479e-06
2.1524224e-06
2.143851e-06
2.1352354e-06
2.1265772e-06
2.1178781e-06
2.1091399e-06
2.1003641e-06
2.0915523e-06
2.0827062e-06
2.0738274e-06
2.0649175e-06
2.0559781e-06
2.0470106e-06
2.0380167e-06
2.0289978e-06
2.0199554e-06
2.0108909e-06
2.0018058e-06
1.9927016e-06
1.9835796e-06
1.9744411e-06
1.9652876e-06
1.9561203e-06
1.9469406e-06
1.9377497e-06
1.9285489e-06
1.9193393e-06
1.9101223e-06
1.900899e-06
1.8916705e-06
1.882438e-06
1.8732026e-06
1.8639653e-06
1.8547274e-06
1.8454897e-06
1.8362534e-06
1.8270195e-06
1.8177888e-06
1.8085625e-06
1.7993414e-06
1.7901264e-06
1.7809185e-06
1.7717186e-06
1.7625274e-06
1.753346e-06
1.7441751e-06
1.7350154e-06
1.7258679e-06
1.7167333e-06
1.7076123e-06
1.6985058e-06
1.6894143e-06
1.6803388e-06
1.6712798e-06
1.662238e-06
1.6532142e-06
1.644209e-06
1.6352229e-06
1.6262566e-06
1.617311e-06
1.6083866e-06
1.599484e-06
1.5906039e-06
1.5817466e-06
1.5729129e-06
1.5641036e-06
2.5965959e-06
2.589438e-06
2.5824989e-06
2.5757653e-06
2.5692182e-06
2.5628379e-06
2.5566065e-06
2.5505077e-06
2.5445259e-06
2.5386459e-06
2.5328532e-06
2.527134e-06
2.5214754e-06
2.5158654e-06
2.5102928e-06
2.5047472e-06
2.4992187e-06
2.4936977e-06
2.4881752e-06
2.4826428e-06
2.4770927e-06
2.4715176e-06
2.4659107e-06
2.4602654e-06
2.4545758e-06
2.4488371e-06
2.4430454e-06
2.437197e-06
2.431288e-06
2.4253148e-06
2.4192745e-06
2.4131645e-06
2.4069825e-06
2.4007266e-06
2.3943952e-06
2.3879871e-06
2.3815011e-06
2.3749365e-06
2.3682928e-06
2.3615695e-06
2.3547665e-06
2.347884e-06
2.3409221e-06
2.3338812e-06
2.3267619e-06
2.3195649e-06
2.3122909e-06
2.3049409e-06
2.2975159e-06
2.290017e-06
2.2824454e-06
2.2748024e-06
2.2670894e-06
2.2593077e-06
2.2514588e-06
2.2435442e-06
2.2355654e-06
2.2275241e-06
2.2194219e-06
2.2112603e-06
2.2030411e-06
2.1947659e-06
2.1864364e-06
2.1780542e-06
2.1696212e-06
2.161139e-06
2.1526092e-06
2.1440336e-06
2.1354139e-06
2.1267518e-06
2.1180489e-06
2.1093069e-06
2.1005274e-06
2.0917121e-06
2.0828626e-06
2.0739805e-06
2.0650673e-06
2.0561246e-06
2.0471541e-06
2.0381571e-06
2.0291353e-06
2.02009e-06
2.0110227e-06
2.0019349e-06
1.992828e-06
1.9837034e-06
1.9745624e-06
1.9654064e-06
1.9562367e-06
1.9470546e-06
1.9378614e-06
1.9286583e-06
1.9194465e-06
1.9102273e-06
1.9010019e-06
1.8917713e-06
1.8825368e-06
1.8732994e-06
1.8640603e-06
1.8548205e-06
1.845581e-06
1.8363429e-06
1.8271071e-06
1.8178747e-06
1.8086467e-06
1.7994239e-06
1.7902074e-06
1.7809979e-06
1.7717964e-06
1.7626037e-06
1.7534208e-06
1.7442484e-06
1.7350873e-06
1.7259384e-06
1.7168024e-06
1.7076801e-06
1.6985722e-06
1.6894795e-06
1.6804026e-06
1.6713424e-06
1.6622994e-06
1.6532744e-06
1.644268e-06
1.6352807e-06
1.6263133e-06
1.6173665e-06
1.608441e-06
1.5995374e-06
1.5906562e-06
1.5817978e-06
1.5729632e-06
1.5641528e-06
2.5976363e-06
2.59046e-06
2.583502e-06
2.5767491e-06
2.5701822e-06
2.5637819e-06
2.5575303e-06
2.5514112e-06
2.545409e-06
2.5395087e-06
2.5336958e-06
2.5279565e-06
2.522278e-06
2.5166483e-06
2.5110562e-06
2.5054914e-06
2.4999439e-06
2.4944042e-06
2.4888633e-06
2.4833128e-06
2.4777449e-06
2.4721523e-06
2.4665283e-06
2.4608664e-06
2.4551607e-06
2.4494063e-06
2.4435993e-06
2.4377358e-06
2.4318122e-06
2.4258248e-06
2.4197707e-06
2.4136472e-06
2.4074522e-06
2.4011836e-06
2.39484e-06
2.3884199e-06
2.3819223e-06
2.3753465e-06
2.3686919e-06
2.361958e-06
2.3551449e-06
2.3482524e-06
2.3412809e-06
2.3342308e-06
2.3271025e-06
2.3198967e-06
2.3126143e-06
2.3052561e-06
2.2978231e-06
2.2903165e-06
2.2827375e-06
2.2750873e-06
2.2673673e-06
2.2595788e-06
2.2517233e-06
2.2438023e-06
2.2358174e-06
2.2277701e-06
2.219662e-06
2.2114948e-06
2.2032701e-06
2.1949896e-06
2.1866549e-06
2.1782678e-06
2.1698299e-06
2.1613429e-06
2.1528086e-06
2.1442285e-06
2.1356045e-06
2.1269381e-06
2.1182311e-06
2.1094851e-06
2.1007017e-06
2.0918827e-06
2.0830295e-06
2.0741437e-06
2.0652271e-06
2.056281e-06
2.0473071e-06
2.0383069e-06
2.0292819e-06
2.0202336e-06
2.0111633e-06
2.0020726e-06
1.9929628e-06
1.9838354e-06
1.9746917e-06
1.9655331e-06
1.9563608e-06
1.9471762e-06
1.9379805e-06
1.928775e-06
1.9195609e-06
1.9103394e-06
1.9011117e-06
1.8918789e-06
1.8826423e-06
1.8734028e-06
1.8641616e-06
1.8549197e-06
1.8456783e-06
1.8364382e-06
1.8272006e-06
1.8179664e-06
1.8087365e-06
1.799512e-06
1.7902937e-06
1.7810825e-06
1.7718794e-06
1.7626851e-06
1.7535005e-06
1.7443266e-06
1.735164e-06
1.7260136e-06
1.7168761e-06
1.7077523e-06
1.698643e-06
1.6895489e-06
1.6804707e-06
1.6714091e-06
1.6623648e-06
1.6533385e-06
1.6443308e-06
1.6353423e-06
1.6263737e-06
1.6174257e-06
1.6084991e-06
1.5995943e-06
1.5907119e-06
1.5818524e-06
1.5730167e-06
1.5642052e-06
2.5987633e-06
2.591566e-06
2.5845868e-06
2.5778122e-06
2.5712233e-06
2.5648008e-06
2.5585268e-06
2.5523853e-06
2.5463608e-06
2.5404381e-06
2.5346029e-06
2.5288416e-06
2.5231414e-06
2.5174902e-06
2.5118769e-06
2.5062911e-06
2.5007229e-06
2.4951628e-06
2.4896019e-06
2.4840317e-06
2.4784445e-06
2.4728331e-06
2.4671906e-06
2.4615107e-06
2.4557875e-06
2.4500162e-06
2.4441926e-06
2.438313e-06
2.4323736e-06
2.4263709e-06
2.4203019e-06
2.4141639e-06
2.4079548e-06
2.4016726e-06
2.3953158e-06
2.3888829e-06
2.3823729e-06
2.375785e-06
2.3691186e-06
2.3623735e-06
2.3555494e-06
2.3486463e-06
2.3416645e-06
2.3346043e-06
2.3274664e-06
2.3202513e-06
2.3129598e-06
2.3055928e-06
2.2981514e-06
2.2906365e-06
2.2830495e-06
2.2753916e-06
2.267664e-06
2.2598683e-06
2.2520058e-06
2.244078e-06
2.2360865e-06
2.2280327e-06
2.2199184e-06
2.2117452e-06
2.2035146e-06
2.1952284e-06
2.1868882e-06
2.1784957e-06
2.1700526e-06
2.1615606e-06
2.1530213e-06
2.1444365e-06
2.1358078e-06
2.1271369e-06
2.1184255e-06
2.1096753e-06
2.1008878e-06
2.0920646e-06
2.0832075e-06
2.0743179e-06
2.0653975e-06
2.0564478e-06
2.0474704e-06
2.0384668e-06
2.0294384e-06
2.0203868e-06
2.0113133e-06
2.0022195e-06
1.9931067e-06
1.9839763e-06
1.9748297e-06
1.9656682e-06
1.9564931e-06
1.9473058e-06
1.9381075e-06
1.9288994e-06
1.9196828e-06
1.9104589e-06
1.9012288e-06
1.8919937e-06
1.8827547e-06
1.873513e-06
1.8642696e-06
1.8550256e-06
1.845782e-06
1.8365399e-06
1.8273003e-06
1.8180641e-06
1.8088323e-06
1.7996059e-06
1.7903858e-06
1.7811728e-06
1.7719678e-06
1.7627718e-06
1.7535856e-06
1.7444099e-06
1.7352457e-06
1.7260937e-06
1.7169547e-06
1.7078293e-06
1.6987185e-06
1.6896229e-06
1.6805432e-06
1.6714802e-06
1.6624345e-06
1.6534069e-06
1.6443978e-06
1.635408e-06
1.6264381e-06
1.6174889e-06
1.6085609e-06
1.5996549e-06
1.5907713e-06
1.5819107e-06
1.5730737e-06
1.5642611e-06
2.5999785e-06
2.5927582e-06
2.5857556e-06
2.5789572e-06
2.5723442e-06
2.5658973e-06
2.559599e-06
2.553433e-06
2.547384e-06
2.541437e-06
2.5355777e-06
2.5297925e-06
2.5240686e-06
2.518394e-06
2.5127577e-06
2.5071492e-06
2.5015586e-06
2.4959765e-06
2.4903939e-06
2.4848025e-06
2.4791945e-06
2.4735627e-06
2.4679003e-06
2.462201e-06
2.456459e-06
2.4506693e-06
2.4448279e-06
2.4389309e-06
2.4329745e-06
2.4269553e-06
2.4208703e-06
2.4147168e-06
2.4084926e-06
2.4021957e-06
2.3958246e-06
2.389378e-06
2.3828546e-06
2.3762538e-06
2.3695749e-06
2.3628176e-06
2.3559817e-06
2.3490672e-06
2.3420744e-06
2.3350035e-06
2.3278552e-06
2.3206301e-06
2.3133289e-06
2.3059525e-06
2.298502e-06
2.2909783e-06
2.2833827e-06
2.2757165e-06
2.267981e-06
2.2601774e-06
2.2523074e-06
2.2443723e-06
2.2363737e-06
2.2283131e-06
2.2201921e-06
2.2120124e-06
2.2037756e-06
2.1954833e-06
2.1871372e-06
2.178739e-06
2.1702903e-06
2.1617929e-06
2.1532484e-06
2.1446585e-06
2.1360248e-06
2.1273491e-06
2.118633e-06
2.1098782e-06
2.1010862e-06
2.0922588e-06
2.0833974e-06
2.0745038e-06
2.0655794e-06
2.0566258e-06
2.0476446e-06
2.0386373e-06
2.0296053e-06
2.0205502e-06
2.0114733e-06
2.0023761e-06
1.9932601e-06
1.9841265e-06
1.9749768e-06
1.9658123e-06
1.9566343e-06
1.9474441e-06
1.938243e-06
1.9290321e-06
1.9198128e-06
1.9105863e-06
1.9013536e-06
1.892116e-06
1.8828746e-06
1.8736305e-06
1.8643847e-06
1.8551385e-06
1.8458927e-06
1.8366484e-06
1.8274066e-06
1.8181683e-06
1.8089345e-06
1.799706e-06
1.7904839e-06
1.781269e-06
1.7720621e-06
1.7628643e-06
1.7536762e-06
1.7444988e-06
1.7353328e-06
1.7261791e-06
1.7170384e-06
1.7079114e-06
1.698799e-06
1.6897018e-06
1.6806206e-06
1.671556e-06
1.6625089e-06
1.6534797e-06
1.6444692e-06
1.635478e-06
1.6265067e-06
1.6175561e-06
1.6086269e-06
1.5997195e-06
1.5908346e-06
1.5819727e-06
1.5731345e-06
1.5643206e-06
2.6012922e-06
2.594046e-06
2.5870174e-06
2.5801926e-06
2.5735529e-06
2.5670791e-06
2.5607539e-06
2.554561e-06
2.5484852e-06
2.5425116e-06
2.5366258e-06
2.5308145e-06
2.5250648e-06
2.5193648e-06
2.5137035e-06
2.5080703e-06
2.5024554e-06
2.4968494e-06
2.4912433e-06
2.4856289e-06
2.4799984e-06
2.4743446e-06
2.4686607e-06
2.4629405e-06
2.4571781e-06
2.4513687e-06
2.445508e-06
2.4395923e-06
2.4336176e-06
2.4275807e-06
2.4214784e-06
2.4153082e-06
2.4090677e-06
2.4027552e-06
2.3963688e-06
2.3899073e-06
2.3833696e-06
2.3767549e-06
2.3700625e-06
2.3632922e-06
2.3564437e-06
2.349517e-06
2.3425123e-06
2.33543e-06
2.3282706e-06
2.3210347e-06
2.3137231e-06
2.3063367e-06
2.2988763e-06
2.2913432e-06
2.2837385e-06
2.2760634e-06
2.2683193e-06
2.2605075e-06
2.2526294e-06
2.2446865e-06
2.2366803e-06
2.2286123e-06
2.2204843e-06
2.2122976e-06
2.2040541e-06
2.1957553e-06
2.1874029e-06
2.1789986e-06
2.1705439e-06
2.1620407e-06
2.1534906e-06
2.1448952e-06
2.1362563e-06
2.1275754e-06
2.1188543e-06
2.1100946e-06
2.1012979e-06
2.0924659e-06
2.0836e-06
2.074702e-06
2.0657734e-06
2.0568156e-06
2.0478304e-06
2.0388191e-06
2.0297833e-06
2.0207244e-06
2.0116439e-06
2.0025432e-06
1.9934236e-06
1.9842867e-06
1.9751337e-06
1.965966e-06
1.9567848e-06
1.9475916e-06
1.9383874e-06
1.9291737e-06
1.9199515e-06
1.9107221e-06
1.9014867e-06
1.8922465e-06
1.8830024e-06
1.8737558e-06
1.8645075e-06
1.8552588e-06
1.8460106e-06
1.836764e-06
1.8275199e-06
1.8182793e-06
1.8090433e-06
1.7998127e-06
1.7905885e-06
1.7813715e-06
1.7721627e-06
1.7629628e-06
1.7537728e-06
1.7445935e-06
1.7354257e-06
1.7262701e-06
1.7171276e-06
1.7079989e-06
1.6988847e-06
1.6897859e-06
1.680703e-06
1.6716368e-06
1.6625881e-06
1.6535573e-06
1.6445453e-06
1.6355526e-06
1.6265799e-06
1.6176278e-06
1.6086971e-06
1.5997883e-06
1.590902e-06
1.5820388e-06
1.5731992e-06
1.564384e-06
2.6027059e-06
2.5954315e-06
2.5883743e-06
2.5815207e-06
2.5748519e-06
2.5683489e-06
2.5619944e-06
2.5557724e-06
2.5496675e-06
2.543665e-06
2.5377506e-06
2.531911e-06
2.5261334e-06
2.5204059e-06
2.5147174e-06
2.5090576e-06
2.5034165e-06
2.4977847e-06
2.4921533e-06
2.4865141e-06
2.4808594e-06
2.4751819e-06
2.4694748e-06
2.463732e-06
2.4579478e-06
2.4521171e-06
2.4462358e-06
2.4402998e-06
2.4343055e-06
2.4282495e-06
2.4221288e-06
2.4159406e-06
2.4096827e-06
2.4033532e-06
2.3969504e-06
2.3904731e-06
2.38392e-06
2.3772904e-06
2.3705836e-06
2.3637993e-06
2.3569372e-06
2.3499974e-06
2.34298e-06
2.3358855e-06
2.3287142e-06
2.3214668e-06
2.314144e-06
2.3067468e-06
2.2992761e-06
2.2917328e-06
2.2841183e-06
2.2764338e-06
2.2686805e-06
2.2608597e-06
2.252973e-06
2.2450217e-06
2.2370075e-06
2.2289317e-06
2.220796e-06
2.212602e-06
2.2043513e-06
2.1960456e-06
2.1876864e-06
2.1792755e-06
2.1708145e-06
2.1623052e-06
2.153749e-06
2.1451478e-06
2.1365032e-06
2.1278169e-06
2.1190904e-06
2.1103255e-06
2.1015237e-06
2.0926867e-06
2.0838161e-06
2.0749134e-06
2.0659802e-06
2.0570181e-06
2.0480285e-06
2.039013e-06
2.0299731e-06
2.0209103e-06
2.0118258e-06
2.0027213e-06
1.9935981e-06
1.9844575e-06
1.975301e-06
1.9661298e-06
1.9569453e-06
1.9477488e-06
1.9385414e-06
1.9293245e-06
1.9200993e-06
1.910867e-06
1.9016287e-06
1.8923855e-06
1.8831387e-06
1.8738893e-06
1.8646384e-06
1.8553871e-06
1.8461363e-06
1.8368872e-06
1.8276406e-06
1.8183977e-06
1.8091594e-06
1.7999265e-06
1.7907e-06
1.7814808e-06
1.7722698e-06
1.7630679e-06
1.7538758e-06
1.7446944e-06
1.7355246e-06
1.7263671e-06
1.7172227e-06
1.7080921e-06
1.6989761e-06
1.6898755e-06
1.6807908e-06
1.6717229e-06
1.6626724e-06
1.6536401e-06
1.6446264e-06
1.6356321e-06
1.6266578e-06
1.6177042e-06
1.6087719e-06
1.5998617e-06
1.5909739e-06
1.5821092e-06
1.5732682e-06
1.5644516e-06
2.6042312e-06
2.5969253e-06
2.5898366e-06
2.5829511e-06
2.5762503e-06
2.5697152e-06
2.5633287e-06
2.5570747e-06
2.5509381e-06
2.5449041e-06
2.5389586e-06
2.5330881e-06
2.5272802e-06
2.5215228e-06
2.515805e-06
2.5101162e-06
2.5044467e-06
2.498787e-06
2.4931283e-06
2.4874623e-06
2.4817814e-06
2.4760784e-06
2.4703464e-06
2.4645793e-06
2.4587715e-06
2.452918e-06
2.4470143e-06
2.4410567e-06
2.4350413e-06
2.4289648e-06
2.4228241e-06
2.4166166e-06
2.41034e-06
2.4039924e-06
2.3975721e-06
2.3910777e-06
2.3845081e-06
2.3778625e-06
2.3711402e-06
2.3643409e-06
2.3574644e-06
2.3505105e-06
2.3434796e-06
2.3363718e-06
2.3291878e-06
2.3219281e-06
2.3145934e-06
2.3071847e-06
2.2997027e-06
2.2921487e-06
2.2845237e-06
2.276829e-06
2.2690659e-06
2.2612357e-06
2.2533397e-06
2.2453795e-06
2.2373566e-06
2.2292724e-06
2.2211286e-06
2.2129267e-06
2.2046684e-06
2.1963552e-06
2.1879888e-06
2.1795709e-06
2.1711032e-06
2.1625872e-06
2.1540247e-06
2.1454172e-06
2.1367666e-06
2.1280744e-06
2.1193422e-06
2.1105717e-06
2.1017645e-06
2.0929223e-06
2.0840465e-06
2.0751388e-06
2.0662008e-06
2.0572339e-06
2.0482398e-06
2.0392198e-06
2.0301755e-06
2.0211084e-06
2.0120198e-06
2.0029112e-06
1.9937841e-06
1.9846396e-06
1.9754794e-06
1.9663045e-06
1.9571164e-06
1.9479164e-06
1.9387056e-06
1.9294854e-06
1.9202569e-06
1.9110214e-06
1.9017799e-06
1.8925338e-06
1.883284e-06
1.8740316e-06
1.8647779e-06
1.8555238e-06
1.8462703e-06
1.8370185e-06
1.8277694e-06
1.8185239e-06
1.809283e-06
1.8000477e-06
1.7908188e-06
1.7815973e-06
1.772384e-06
1.7631798e-06
1.7539855e-06
1.744802e-06
1.7356301e-06
1.7264705e-06
1.717324e-06
1.7081915e-06
1.6990735e-06
1.6899709e-06
1.6808844e-06
1.6718147e-06
1.6627624e-06
1.6537282e-06
1.6447128e-06
1.6357168e-06
1.6267408e-06
1.6177855e-06
1.6088517e-06
1.5999398e-06
1.5910505e-06
1.5821842e-06
1.5733417e-06
1.5645236e-06
2.6058698e-06
2.5985298e-06
2.5914067e-06
2.5844866e-06
2.577751e-06
2.5711812e-06
2.5647599e-06
2.5584714e-06
2.5523005e-06
2.5462324e-06
2.5402532e-06
2.5343496e-06
2.5285088e-06
2.5227192e-06
2.5169697e-06
2.5112498e-06
2.5055496e-06
2.4998599e-06
2.4941718e-06
2.4884771e-06
2.482768e-06
2.4770375e-06
2.4712788e-06
2.4654856e-06
2.4596525e-06
2.4537743e-06
2.4478467e-06
2.4418657e-06
2.4358277e-06
2.4297292e-06
2.4235672e-06
2.4173391e-06
2.4110424e-06
2.4046753e-06
2.3982361e-06
2.3917235e-06
2.3851362e-06
2.3784735e-06
2.3717347e-06
2.3649193e-06
2.3580272e-06
2.3510584e-06
2.3440129e-06
2.3368911e-06
2.3296934e-06
2.3224205e-06
2.3150731e-06
2.307652e-06
2.3001581e-06
2.2925925e-06
2.2849563e-06
2.2772508e-06
2.2694772e-06
2.2616368e-06
2.253731e-06
2.2457612e-06
2.237729e-06
2.2296359e-06
2.2214834e-06
2.2132731e-06
2.2050065e-06
2.1966855e-06
2.1883114e-06
2.179886e-06
2.171411e-06
2.162888e-06
2.1543186e-06
2.1457046e-06
2.1370475e-06
2.1283489e-06
2.1196106e-06
2.1108342e-06
2.1020213e-06
2.0931734e-06
2.0842922e-06
2.0753792e-06
2.066436e-06
2.0574641e-06
2.048465e-06
2.0394402e-06
2.0303913e-06
2.0213196e-06
2.0122266e-06
2.0031137e-06
1.9939823e-06
1.9848338e-06
1.9756695e-06
1.9664907e-06
1.9572988e-06
1.948095e-06
1.9388806e-06
1.9296568e-06
1.9204248e-06
1.9111859e-06
1.9019412e-06
1.8926917e-06
1.8834388e-06
1.8741834e-06
1.8649266e-06
1.8556695e-06
1.8464131e-06
1.8371584e-06
1.8279065e-06
1.8186583e-06
1.8094148e-06
1.8001769e-06
1.7909454e-06
1.7817214e-06
1.7725057e-06
1.7632991e-06
1.7541024e-06
1.7449166e-06
1.7357424e-06
1.7265806e-06
1.717432e-06
1.7082973e-06
1.6991773e-06
1.6900726e-06
1.6809841e-06
1.6719124e-06
1.6628582e-06
1.6538221e-06
1.6448048e-06
1.635807e-06
1.6268292e-06
1.6178722e-06
1.6089366e-06
1.6000231e-06
1.591132e-06
1.5822642e-06
1.57342e-06
1.5646003e-06
2.6076341e-06
2.6002564e-06
2.5930956e-06
2.5861376e-06
2.579364e-06
2.5727561e-06
2.566297e-06
2.5599708e-06
2.5537626e-06
2.5476575e-06
2.5416418e-06
2.5357021e-06
2.5298259e-06
2.5240014e-06
2.5182176e-06
2.512464e-06
2.5067308e-06
2.5010087e-06
2.4952888e-06
2.4895631e-06
2.4838238e-06
2.4780637e-06
2.4722761e-06
2.4664549e-06
2.4605945e-06
2.4546899e-06
2.4487366e-06
2.4427306e-06
2.4366683e-06
2.4305462e-06
2.4243613e-06
2.4181109e-06
2.4117928e-06
2.4054048e-06
2.3989454e-06
2.3924132e-06
2.385807e-06
2.379126e-06
2.3723694e-06
2.3655369e-06
2.3586281e-06
2.3516432e-06
2.3445821e-06
2.3374453e-06
2.3302331e-06
2.3229461e-06
2.315585e-06
2.3081507e-06
2.300644e-06
2.2930661e-06
2.2854179e-06
2.2777008e-06
2.2699159e-06
2.2620647e-06
2.2541483e-06
2.2461684e-06
2.2381263e-06
2.2300236e-06
2.2218618e-06
2.2136425e-06
2.2053672e-06
2.1970377e-06
2.1886554e-06
2.1802221e-06
2.1717393e-06
2.1632087e-06
2.1546321e-06
2.1460109e-06
2.1373469e-06
2.1286417e-06
2.1198969e-06
2.1111142e-06
2.102295e-06
2.0934412e-06
2.0845541e-06
2.0756355e-06
2.0666867e-06
2.0577094e-06
2.0487051e-06
2.0396752e-06
2.0306213e-06
2.0215448e-06
2.012447e-06
2.0033295e-06
1.9941936e-06
1.9850407e-06
1.9758721e-06
1.9666892e-06
1.9574932e-06
1.9482854e-06
1.9390671e-06
1.9298395e-06
1.9206039e-06
1.9113613e-06
1.902113e-06
1.8928601e-06
1.8836038e-06
1.874345e-06
1.865085e-06
1.8558247e-06
1.8465653e-06
1.8373076e-06
1.8280527e-06
1.8188016e-06
1.8095552e-06
1.8003145e-06
1.7910804e-06
1.7818537e-06
1.7726353e-06
1.7634261e-06
1.754227e-06
1.7450387e-06
1.7358622e-06
1.726698e-06
1.717547e-06
1.7084101e-06
1.6992878e-06
1.690181e-06
1.6810903e-06
1.6720165e-06
1.6629602e-06
1.6539221e-06
1.6449029e-06
1.6359031e-06
1.6269234e-06
1.6179645e-06
1.6090271e-06
1.6001117e-06
1.5912189e-06
1.5823493e-06
1.5735035e-06
1.5646819e-06
2.6095271e-06
2.6021086e-06
2.5949067e-06
2.5879076e-06
2.5810929e-06
2.5744439e-06
2.5679439e-06
2.5615771e-06
2.5553286e-06
2.5491837e-06
2.5431285e-06
2.53715e-06
2.5312356e-06
2.5253735e-06
2.5195528e-06
2.513763e-06
2.5079942e-06
2.5022373e-06
2.4964834e-06
2.4907244e-06
2.4849525e-06
2.4791607e-06
2.4733422e-06
2.467491e-06
2.4616013e-06
2.4556683e-06
2.4496874e-06
2.4436546e-06
2.4375662e-06
2.4314189e-06
2.4252094e-06
2.4189353e-06
2.4125941e-06
2.4061838e-06
2.3997028e-06
2.3931496e-06
2.3865232e-06
2.3798225e-06
2.3730469e-06
2.366196e-06
2.3592695e-06
2.3522674e-06
2.3451896e-06
2.3380367e-06
2.3308089e-06
2.3235068e-06
2.3161312e-06
2.3086828e-06
2.3011624e-06
2.2935713e-06
2.2859103e-06
2.2781808e-06
2.2703839e-06
2.2625211e-06
2.2545935e-06
2.2466027e-06
2.23855e-06
2.2304371e-06
2.2222654e-06
2.2140364e-06
2.2057518e-06
2.1974132e-06
2.1890222e-06
2.1805803e-06
2.1720893e-06
2.1635507e-06
2.1549663e-06
2.1463375e-06
2.1376662e-06
2.1289538e-06
2.1202021e-06
2.1114126e-06
2.1025869e-06
2.0937266e-06
2.0848333e-06
2.0759086e-06
2.066954e-06
2.0579709e-06
2.048961e-06
2.0399257e-06
2.0308665e-06
2.0217848e-06
2.012682e-06
2.0035595e-06
1.9944188e-06
1.9852612e-06
1.9760881e-06
1.9669007e-06
1.9577003e-06
1.9484883e-06
1.9392659e-06
1.9300342e-06
1.9207946e-06
1.9115482e-06
1.9022961e-06
1.8930395e-06
1.8837796e-06
1.8745173e-06
1.8652538e-06
1.8559902e-06
1.8467274e-06
1.8374665e-06
1.8282085e-06
1.8189543e-06
1.8097049e-06
1.8004612e-06
1.7912241e-06
1.7819946e-06
1.7727734e-06
1.7635615e-06
1.7543597e-06
1.7451689e-06
1.7359897e-06
1.726823e-06
1.7176696e-06
1.7085302e-06
1.6994056e-06
1.6902964e-06
1.6812035e-06
1.6721274e-06
1.6630689e-06
1.6540287e-06
1.6450073e-06
1.6360055e-06
1.6270238e-06
1.6180629e-06
1.6091235e-06
1.6002062e-06
1.5913115e-06
1.58244e-06
1.5735923e-06
1.564769e-06
2.6115614e-06
2.6040982e-06
2.5968516e-06
2.5898076e-06
2.5829481e-06
2.5762544e-06
2.56971e-06
2.5632992e-06
2.5570069e-06
2.5508189e-06
2.5447212e-06
2.5387007e-06
2.532745e-06
2.5268424e-06
2.5209818e-06
2.515153e-06
2.5093459e-06
2.5035515e-06
2.497761e-06
2.4919661e-06
2.4861593e-06
2.4803334e-06
2.4744817e-06
2.4685982e-06
2.4626772e-06
2.4567137e-06
2.4507032e-06
2.4446416e-06
2.4385254e-06
2.4323509e-06
2.4261152e-06
2.4198155e-06
2.4134496e-06
2.4070155e-06
2.4005113e-06
2.3939357e-06
2.3872876e-06
2.3805659e-06
2.37377e-06
2.3668994e-06
2.3599539e-06
2.3529334e-06
2.3458378e-06
2.3386677e-06
2.3314232e-06
2.324105e-06
2.3167138e-06
2.3092503e-06
2.3017154e-06
2.2941101e-06
2.2864355e-06
2.2786927e-06
2.2708831e-06
2.2630078e-06
2.2550682e-06
2.2470657e-06
2.2390018e-06
2.230878e-06
2.2226957e-06
2.2144565e-06
2.2061619e-06
2.1978137e-06
2.1894133e-06
2.1809623e-06
2.1724624e-06
2.1639153e-06
2.1553225e-06
2.1466857e-06
2.1380065e-06
2.1292865e-06
2.1205274e-06
2.1117306e-06
2.1028979e-06
2.0940309e-06
2.0851309e-06
2.0761998e-06
2.0672388e-06
2.0582497e-06
2.0492338e-06
2.0401927e-06
2.0311278e-06
2.0220405e-06
2.0129324e-06
2.0038047e-06
1.9946589e-06
1.9854963e-06
1.9763182e-06
1.9671261e-06
1.9579211e-06
1.9487045e-06
1.9394777e-06
1.9302417e-06
1.9209979e-06
1.9117473e-06
1.9024912e-06
1.8932307e-06
1.8839669e-06
1.8747009e-06
1.8654337e-06
1.8561664e-06
1.8469001e-06
1.8376358e-06
1.8283744e-06
1.8191169e-06
1.8098643e-06
1.8006174e-06
1.7913773e-06
1.7821447e-06
1.7729206e-06
1.7637058e-06
1.7545011e-06
1.7453074e-06
1.7361255e-06
1.7269562e-06
1.7178001e-06
1.7086582e-06
1.699531e-06
1.6904194e-06
1.681324e-06
1.6722456e-06
1.6631847e-06
1.6541422e-06
1.6451186e-06
1.6361145e-06
1.6271306e-06
1.6181676e-06
1.6092261e-06
1.6003067e-06
1.59141e-06
1.5825365e-06
1.5736869e-06
1.5648616e-06
2.6137418e-06
2.6062302e-06
2.5989351e-06
2.5918427e-06
2.5849347e-06
2.5781929e-06
2.5716005e-06
2.5651422e-06
2.5588029e-06
2.5525684e-06
2.5464249e-06
2.5403592e-06
2.5343592e-06
2.528413e-06
2.5225097e-06
2.5166388e-06
2.5107907e-06
2.5049561e-06
2.4991262e-06
2.493293e-06
2.4874487e-06
2.4815862e-06
2.475699e-06
2.4697808e-06
2.4638262e-06
2.45783e-06
2.4517878e-06
2.4456955e-06
2.4395493e-06
2.4333458e-06
2.427082e-06
2.4207551e-06
2.4143628e-06
2.4079031e-06
2.4013741e-06
2.3947746e-06
2.3881032e-06
2.3813591e-06
2.3745415e-06
2.3676499e-06
2.360684e-06
2.3536438e-06
2.3465293e-06
2.3393407e-06
2.3320785e-06
2.3247431e-06
2.3173352e-06
2.3098556e-06
2.3023051e-06
2.2946847e-06
2.2869955e-06
2.2792386e-06
2.2714153e-06
2.2635268e-06
2.2555743e-06
2.2475595e-06
2.2394835e-06
2.231348e-06
2.2231544e-06
2.2149042e-06
2.2065991e-06
2.1982405e-06
2.1898301e-06
2.1813695e-06
2.1728602e-06
2.1643039e-06
2.1557023e-06
2.1470568e-06
2.1383693e-06
2.1296411e-06
2.1208741e-06
2.1120696e-06
2.1032295e-06
2.0943551e-06
2.0854481e-06
2.07651e-06
2.0675424e-06
2.0585467e-06
2.0495244e-06
2.0404771e-06
2.0314062e-06
2.0223131e-06
2.0131992e-06
2.0040659e-06
1.9949146e-06
1.9857467e-06
1.9765635e-06
1.9673662e-06
1.9581563e-06
1.9489349e-06
1.9397033e-06
1.9304628e-06
1.9212144e-06
1.9119595e-06
1.9026991e-06
1.8934344e-06
1.8841664e-06
1.8748964e-06
1.8656253e-06
1.8563542e-06
1.8470842e-06
1.8378162e-06
1.8285512e-06
1.8192901e-06
1.8100341e-06
1.8007838e-06
1.7915404e-06
1.7823046e-06
1.7730773e-06
1.7638594e-06
1.7546517e-06
1.7454551e-06
1.7362702e-06
1.727098e-06
1.7179392e-06
1.7087945e-06
1.6996646e-06
1.6905503e-06
1.6814524e-06
1.6723714e-06
1.6633081e-06
1.6542631e-06
1.6452371e-06
1.6362306e-06
1.6272444e-06
1.6182792e-06
1.6093354e-06
1.6004139e-06
1.591515e-06
1.5826394e-06
1.5737876e-06
1.5649603e-06
2.6160802e-06
2.608516e-06
2.6011682e-06
2.5940232e-06
2.5870628e-06
2.5802688e-06
2.5736247e-06
2.5671151e-06
2.5607251e-06
2.5544405e-06
2.5482475e-06
2.5421333e-06
2.5360854e-06
2.5300923e-06
2.524143e-06
2.5182271e-06
2.5123348e-06
2.506457e-06
2.5005849e-06
2.4947105e-06
2.488826e-06
2.4829244e-06
2.476999e-06
2.4710438e-06
2.4650531e-06
2.459022e-06
2.4529458e-06
2.4468205e-06
2.4406423e-06
2.4344078e-06
2.4281139e-06
2.4217578e-06
2.4153373e-06
2.4088502e-06
2.4022947e-06
2.3956696e-06
2.3889734e-06
2.3822052e-06
2.3753644e-06
2.3684504e-06
2.3614628e-06
2.3544016e-06
2.3472667e-06
2.3400585e-06
2.3327773e-06
2.3254235e-06
2.3179978e-06
2.310501e-06
2.3029339e-06
2.2952974e-06
2.2875926e-06
2.2798206e-06
2.2719827e-06
2.26408e-06
2.2561139e-06
2.2480858e-06
2.239997e-06
2.231849e-06
2.2236434e-06
2.2153815e-06
2.2070651e-06
2.1986955e-06
2.1902744e-06
2.1818034e-06
2.1732841e-06
2.1647181e-06
2.156107e-06
2.1474524e-06
2.1387558e-06
2.130019e-06
2.1212435e-06
2.1124309e-06
2.1035827e-06
2.0947006e-06
2.0857861e-06
2.0768406e-06
2.0678658e-06
2.0588632e-06
2.0498342e-06
2.0407802e-06
2.0317028e-06
2.0226034e-06
2.0134834e-06
2.0043442e-06
1.9951871e-06
1.9860135e-06
1.9768247e-06
1.9676221e-06
1.9584069e-06
1.9491804e-06
1.9399437e-06
1.9306983e-06
1.9214451e-06
1.9121855e-06
1.9029205e-06
1.8936513e-06
1.884379e-06
1.8751047e-06
1.8658294e-06
1.8565543e-06
1.8472802e-06
1.8380083e-06
1.8287395e-06
1.8194747e-06
1.8102149e-06
1.8009611e-06
1.7917142e-06
1.7824749e-06
1.7732443e-06
1.7640231e-06
1.7548121e-06
1.7456123e-06
1.7364244e-06
1.7272491e-06
1.7180873e-06
1.7089396e-06
1.6998069e-06
1.6906898e-06
1.6815891e-06
1.6725054e-06
1.6634394e-06
1.6543918e-06
1.6453632e-06
1.6363543e-06
1.6273657e-06
1.618398e-06
1.6094519e-06
1.6005279e-06
1.5916268e-06
1.5827489e-06
1.5738949e-06
1.5650654e-06
2.6185843e-06
2.6109631e-06
2.6035585e-06
2.5963567e-06
2.5893397e-06
2.5824895e-06
2.5757896e-06
2.5692248e-06
2.5627802e-06
2.5564417e-06
2.5501957e-06
2.5440292e-06
2.53793e-06
2.5318866e-06
2.5258878e-06
2.5199236e-06
2.513984e-06
2.5080598e-06
2.5021425e-06
2.4962239e-06
2.4902964e-06
2.4843529e-06
2.4783867e-06
2.4723918e-06
2.4663626e-06
2.460294e-06
2.4541815e-06
2.4480209e-06
2.4418085e-06
2.4355408e-06
2.4292147e-06
2.4228275e-06
2.4163767e-06
2.4098604e-06
2.4032767e-06
2.3966241e-06
2.3899014e-06
2.3831077e-06
2.3762421e-06
2.369304e-06
2.3622933e-06
2.3552096e-06
2.3480531e-06
2.3408238e-06
2.3335223e-06
2.3261489e-06
2.3187042e-06
2.3111891e-06
2.3036042e-06
2.2959505e-06
2.2882291e-06
2.280441e-06
2.2725875e-06
2.2646698e-06
2.2566891e-06
2.2486468e-06
2.2405443e-06
2.2323831e-06
2.2241645e-06
2.2158902e-06
2.2075616e-06
2.1991804e-06
2.1907479e-06
2.1822659e-06
2.1737359e-06
2.1651594e-06
2.1565382e-06
2.1478738e-06
2.1391678e-06
2.1304217e-06
2.1216372e-06
2.1128158e-06
2.1039591e-06
2.0950687e-06
2.0861461e-06
2.0771929e-06
2.0682105e-06
2.0592004e-06
2.0501641e-06
2.0411031e-06
2.0320189e-06
2.0229128e-06
2.0137862e-06
2.0046406e-06
1.9954773e-06
1.9862977e-06
1.977103e-06
1.9678947e-06
1.9586738e-06
1.9494418e-06
1.9401998e-06
1.9309491e-06
1.9216909e-06
1.9124262e-06
1.9031564e-06
1.8938824e-06
1.8846055e-06
1.8753266e-06
1.8660469e-06
1.8567673e-06
1.847489e-06
1.8382129e-06
1.82894e-06
1.8196712e-06
1.8104076e-06
1.8011499e-06
1.7918992e-06
1.7826563e-06
1.7734221e-06
1.7641973e-06
1.754983e-06
1.7457798e-06
1.7365885e-06
1.72741e-06
1.718245e-06
1.7090942e-06
1.6999584e-06
1.6908383e-06
1.6817347e-06
1.6726481e-06
1.6635793e-06
1.6545289e-06
1.6454976e-06
1.636486e-06
1.6274947e-06
1.6185244e-06
1.6095758e-06
1.6006494e-06
1.5917458e-06
1.5828655e-06
1.5740092e-06
1.5651773e-06
1.5563703e-06
2.6212644e-06
2.6135817e-06
2.6061157e-06
2.5988526e-06
2.5917747e-06
2.5848639e-06
2.578104e-06
2.5714798e-06
2.5649765e-06
2.5585801e-06
2.5522771e-06
2.5460545e-06
2.5399003e-06
2.5338028e-06
2.5277511e-06
2.521735e-06
2.5157447e-06
2.5097709e-06
2.5038052e-06
2.4978393e-06
2.4918658e-06
2.4858773e-06
2.4798675e-06
2.4738301e-06
2.4677597e-06
2.4616511e-06
2.4554998e-06
2.4493015e-06
2.4430525e-06
2.4367493e-06
2.4303888e-06
2.4239683e-06
2.4174853e-06
2.4109377e-06
2.4043238e-06
2.397642e-06
2.390891e-06
2.3840699e-06
2.3771778e-06
2.3702141e-06
2.3631786e-06
2.356071e-06
2.3488913e-06
2.3416397e-06
2.3343165e-06
2.3269221e-06
2.3194572e-06
2.3119225e-06
2.3043186e-06
2.2966466e-06
2.2889074e-06
2.2811022e-06
2.2732321e-06
2.2652982e-06
2.257302e-06
2.2492446e-06
2.2411275e-06
2.2329521e-06
2.2247199e-06
2.2164323e-06
2.2080908e-06
2.199697e-06
2.1912524e-06
2.1827586e-06
2.1742172e-06
2.1656297e-06
2.1569977e-06
2.1483228e-06
2.1396066e-06
2.1308507e-06
2.1220566e-06
2.1132259e-06
2.1043602e-06
2.0954609e-06
2.0865298e-06
2.0775681e-06
2.0685776e-06
2.0595596e-06
2.0505156e-06
2.0414471e-06
2.0323556e-06
2.0232423e-06
2.0141088e-06
2.0049565e-06
1.9957865e-06
1.9866005e-06
1.9773995e-06
1.968185e-06
1.9589582e-06
1.9497203e-06
1.9404726e-06
1.9312163e-06
1.9219526e-06
1.9126827e-06
1.9034076e-06
1.8941286e-06
1.8848466e-06
1.8755629e-06
1.8662784e-06
1.8569943e-06
1.8477114e-06
1.8384308e-06
1.8291536e-06
1.8198806e-06
1.8106127e-06
1.801351e-06
1.7920963e-06
1.7828495e-06
1.7736114e-06
1.7643829e-06
1.7551649e-06
1.7459581e-06
1.7367633e-06
1.7275813e-06
1.7184129e-06
1.7092588e-06
1.7001198e-06
1.6909965e-06
1.6818897e-06
1.6728e-06
1.6637282e-06
1.6546749e-06
1.6456407e-06
1.6366262e-06
1.6276321e-06
1.6186591e-06
1.6097078e-06
1.6007787e-06
1.5918725e-06
1.5829896e-06
1.5741308e-06
1.5652964e-06
1.556487e-06
2.6241326e-06
2.6163834e-06
2.6088509e-06
2.6015218e-06
2.5943781e-06
2.5874021e-06
2.5805776e-06
2.5738894e-06
2.567323e-06
2.5608644e-06
2.5545002e-06
2.5482174e-06
2.5420041e-06
2.5358487e-06
2.5297402e-06
2.5236685e-06
2.5176238e-06
2.511597e-06
2.5055794e-06
2.499563e-06
2.4935401e-06
2.4875037e-06
2.4814472e-06
2.4753644e-06
2.4692499e-06
2.4630985e-06
2.4569057e-06
2.4506671e-06
2.444379e-06
2.4380379e-06
2.4316407e-06
2.4251846e-06
2.4186672e-06
2.4120863e-06
2.4054401e-06
2.3987271e-06
2.3919459e-06
2.3850956e-06
2.3781752e-06
2.3711842e-06
2.3641223e-06
2.3569891e-06
2.3497847e-06
2.3425092e-06
2.3351629e-06
2.3277462e-06
2.3202597e-06
2.312704e-06
2.30508e-06
2.2973884e-06
2.2896303e-06
2.2818068e-06
2.2739189e-06
2.2659679e-06
2.2579551e-06
2.2498816e-06
2.2417489e-06
2.2335584e-06
2.2253116e-06
2.2170098e-06
2.2086546e-06
2.2002474e-06
2.1917899e-06
2.1832836e-06
2.17473e-06
2.1661307e-06
2.1574872e-06
2.1488012e-06
2.1400742e-06
2.1313077e-06
2.1225034e-06
2.1136627e-06
2.1047873e-06
2.0958787e-06
2.0869384e-06
2.0779679e-06
2.0689687e-06
2.0599422e-06
2.05089e-06
2.0418135e-06
2.0327142e-06
2.0235933e-06
2.0144524e-06
2.0052928e-06
1.9961159e-06
1.9869229e-06
1.9777153e-06
1.9684942e-06
1.959261e-06
1.9500169e-06
1.9407631e-06
1.9315009e-06
1.9222314e-06
1.9129558e-06
1.9036752e-06
1.8943907e-06
1.8851035e-06
1.8758146e-06
1.866525e-06
1.8572359e-06
1.8479482e-06
1.8386629e-06
1.829381e-06
1.8201035e-06
1.8108312e-06
1.8015651e-06
1.7923062e-06
1.7830552e-06
1.773813e-06
1.7645806e-06
1.7553586e-06
1.746148e-06
1.7369494e-06
1.7277638e-06
1.7185917e-06
1.7094341e-06
1.7002916e-06
1.6911649e-06
1.6820548e-06
1.6729618e-06
1.6638868e-06
1.6548303e-06
1.645793e-06
1.6367755e-06
1.6277784e-06
1.6188025e-06
1.6098483e-06
1.6009164e-06
1.5920074e-06
1.5831218e-06
1.5742603e-06
1.5654232e-06
1.5566112e-06
1.5478243e-06
2.6271965e-06
2.6193758e-06
2.6117721e-06
2.6043719e-06
2.5971577e-06
2.5901117e-06
2.5832179e-06
2.5764613e-06
2.5698273e-06
2.5633021e-06
2.5568723e-06
2.5505252e-06
2.5442486e-06
2.5380312e-06
2.531862e-06
2.5257309e-06
2.5196281e-06
2.5135445e-06
2.5074715e-06
2.5014011e-06
2.4953255e-06
2.4892379e-06
2.4831315e-06
2.4770003e-06
2.4708387e-06
2.4646417e-06
2.4584044e-06
2.4521229e-06
2.445793e-06
2.4394115e-06
2.4329752e-06
2.4264811e-06
2.419927e-06
2.4133105e-06
2.4066299e-06
2.3998835e-06
2.3930702e-06
2.3861886e-06
2.3792381e-06
2.372218e-06
2.3651279e-06
2.3579675e-06
2.3507367e-06
2.3434357e-06
2.3360648e-06
2.3286243e-06
2.3211147e-06
2.3135368e-06
2.3058912e-06
2.2981787e-06
2.2904005e-06
2.2825574e-06
2.2746507e-06
2.2666814e-06
2.2586508e-06
2.2505602e-06
2.2424109e-06
2.2342044e-06
2.2259419e-06
2.217625e-06
2.2092551e-06
2.2008338e-06
2.1923625e-06
2.1838428e-06
2.1752762e-06
2.1666643e-06
2.1580086e-06
2.1493107e-06
2.1405721e-06
2.1317945e-06
2.1229793e-06
2.114128e-06
2.1052423e-06
2.0963237e-06
2.0873736e-06
2.0783936e-06
2.0693852e-06
2.0603497e-06
2.0512888e-06
2.0422038e-06
2.0330961e-06
2.0239672e-06
2.0148184e-06
2.0056511e-06
1.9964666e-06
1.9872663e-06
1.9780515e-06
1.9688235e-06
1.9595835e-06
1.9503327e-06
1.9410725e-06
1.9318039e-06
1.9225282e-06
1.9132466e-06
1.9039601e-06
1.8946699e-06
1.885377e-06
1.8760826e-06
1.8667876e-06
1.8574932e-06
1.8482004e-06
1.8389101e-06
1.8296232e-06
1.8203408e-06
1.8110638e-06
1.8017931e-06
1.7925296e-06
1.7832742e-06
1.7740277e-06
1.764791e-06
1.7555649e-06
1.7463501e-06
1.7371476e-06
1.727958e-06
1.7187821e-06
1.7096207e-06
1.7004745e-06
1.6913442e-06
1.6822305e-06
1.6731341e-06
1.6640556e-06
1.6549957e-06
1.6459551e-06
1.6369344e-06
1.6279342e-06
1.6189551e-06
1.6099979e-06
1.601063e-06
1.592151e-06
1.5832625e-06
1.5743981e-06
1.5655583e-06
1.5567434e-06
1.5479539e-06
2.6304732e-06
2.6225751e-06
2.6148943e-06
2.6074176e-06
2.6001274e-06
2.593006e-06
2.5860377e-06
2.5792074e-06
2.5725008e-06
2.5659041e-06
2.559404e-06
2.5529878e-06
2.5466434e-06
2.5403596e-06
2.5341254e-06
2.5279306e-06
2.5217657e-06
2.5156213e-06
2.5094891e-06
2.5033609e-06
2.4972291e-06
2.4910867e-06
2.4849271e-06
2.4787441e-06
2.4725323e-06
2.4662864e-06
2.4600019e-06
2.4536744e-06
2.4473001e-06
2.4408754e-06
2.4343972e-06
2.4278627e-06
2.4212694e-06
2.414615e-06
2.4078976e-06
2.4011158e-06
2.394268e-06
2.3873533e-06
2.3803706e-06
2.3733195e-06
2.3661993e-06
2.3590098e-06
2.351751e-06
2.3444228e-06
2.3370256e-06
2.3295597e-06
2.3220256e-06
2.3144239e-06
2.3067553e-06
2.2990207e-06
2.2912209e-06
2.2833571e-06
2.2754302e-06
2.2674414e-06
2.2593919e-06
2.2512831e-06
2.2431161e-06
2.2348924e-06
2.2266133e-06
2.2182803e-06
2.2098948e-06
2.2014583e-06
2.1929724e-06
2.1844384e-06
2.175858e-06
2.1672326e-06
2.1585639e-06
2.1498534e-06
2.1411025e-06
2.1323129e-06
2.1234861e-06
2.1146236e-06
2.1057269e-06
2.0967976e-06
2.0878371e-06
2.078847e-06
2.0698287e-06
2.0607837e-06
2.0517134e-06
2.0426193e-06
2.0335028e-06
2.0243652e-06
2.015208e-06
2.0060325e-06
1.9968401e-06
1.987632e-06
1.9784096e-06
1.9691742e-06
1.9599269e-06
1.9506691e-06
1.9414019e-06
1.9321266e-06
1.9228443e-06
1.9135562e-06
1.9042635e-06
1.8949671e-06
1.8856682e-06
1.8763679e-06
1.8670673e-06
1.8577672e-06
1.8484689e-06
1.8391732e-06
1.8298811e-06
1.8205936e-06
1.8113115e-06
1.8020359e-06
1.7927676e-06
1.7835074e-06
1.7742563e-06
1.765015e-06
1.7557845e-06
1.7465654e-06
1.7373585e-06
1.7281648e-06
1.7189848e-06
1.7098194e-06
1.7006692e-06
1.6915351e-06
1.6824176e-06
1.6733174e-06
1.6642353e-06
1.6551719e-06
1.6461278e-06
1.6371036e-06
1.6281e-06
1.6191176e-06
1.6101571e-06
1.601219e-06
1.5923039e-06
1.5834123e-06
1.5745448e-06
1.565702e-06
1.5568842e-06
1.5480918e-06
2.6339668e-06
2.625986e-06
2.618223e-06
2.6106644e-06
2.6032929e-06
2.5960911e-06
2.5890432e-06
2.5821343e-06
2.5753502e-06
2.5686772e-06
2.562102e-06
2.555612e-06
2.5491954e-06
2.5428407e-06
2.5365371e-06
2.5302745e-06
2.5240432e-06
2.5178341e-06
2.5116387e-06
2.5054489e-06
2.4992572e-06
2.4930564e-06
2.48684e-06
2.4806019e-06
2.4743365e-06
2.4680386e-06
2.4617036e-06
2.4553272e-06
2.4489054e-06
2.4424348e-06
2.4359121e-06
2.4293344e-06
2.4226993e-06
2.4160045e-06
2.409248e-06
2.4024283e-06
2.395544e-06
2.3885938e-06
2.3815769e-06
2.3744926e-06
2.3673404e-06
2.36012e-06
2.3528312e-06
2.3454742e-06
2.338049e-06
2.330556e-06
2.3229957e-06
2.3153687e-06
2.3076757e-06
2.2999173e-06
2.2920947e-06
2.2842087e-06
2.2762603e-06
2.2682508e-06
2.2601812e-06
2.2520529e-06
2.2438671e-06
2.2356251e-06
2.2273283e-06
2.2189781e-06
2.210576e-06
2.2021234e-06
2.1936218e-06
2.1850727e-06
2.1764775e-06
2.1678379e-06
2.1591553e-06
2.1504313e-06
2.1416673e-06
2.132865e-06
2.1240258e-06
2.1151512e-06
2.1062429e-06
2.0973022e-06
2.0883307e-06
2.0793298e-06
2.070301e-06
2.0612458e-06
2.0521656e-06
2.0430618e-06
2.0339359e-06
2.0247891e-06
2.015623e-06
2.0064387e-06
1.9972378e-06
1.9880214e-06
1.9787909e-06
1.9695475e-06
1.9602925e-06
1.9510272e-06
1.9417527e-06
1.9324702e-06
1.9231809e-06
1.9138859e-06
1.9045865e-06
1.8952835e-06
1.8859783e-06
1.8766717e-06
1.8673649e-06
1.8580589e-06
1.8487547e-06
1.8394533e-06
1.8301556e-06
1.8208626e-06
1.8115752e-06
1.8022943e-06
1.7930209e-06
1.7837557e-06
1.7744996e-06
1.7652535e-06
1.7560182e-06
1.7467945e-06
1.7375831e-06
1.7283849e-06
1.7192006e-06
1.7100309e-06
1.7008765e-06
1.6917382e-06
1.6826167e-06
1.6735126e-06
1.6644266e-06
1.6553594e-06
1.6463115e-06
1.6372837e-06
1.6282765e-06
1.6192906e-06
1.6103266e-06
1.6013851e-06
1.5924666e-06
1.5835717e-06
1.574701e-06
1.565855e-06
1.5570341e-06
1.5482385e-06
2.6377e-06
2.6296298e-06
2.6217779e-06
2.6141311e-06
2.6066721e-06
2.5993837e-06
2.5922502e-06
2.5852568e-06
2.5783896e-06
2.5716347e-06
2.564979e-06
2.5584101e-06
2.551916e-06
2.5454855e-06
2.5391077e-06
2.5327725e-06
2.5264704e-06
2.5201921e-06
2.5139292e-06
2.5076737e-06
2.5014179e-06
2.4951548e-06
2.4888778e-06
2.4825809e-06
2.4762583e-06
2.469905e-06
2.4635162e-06
2.4570876e-06
2.4506153e-06
2.4440957e-06
2.4375255e-06
2.4309018e-06
2.4242222e-06
2.4174843e-06
2.4106862e-06
2.4038261e-06
2.3969028e-06
2.3899149e-06
2.3828616e-06
2.375742e-06
2.3685557e-06
2.3613023e-06
2.3539817e-06
2.3465937e-06
2.3391387e-06
2.331617e-06
2.3240288e-06
2.3163749e-06
2.3086557e-06
2.3008722e-06
2.2930251e-06
2.2851155e-06
2.2771443e-06
2.2691127e-06
2.2610217e-06
2.2528726e-06
2.2446667e-06
2.2364053e-06
2.2280896e-06
2.2197212e-06
2.2113014e-06
2.2028316e-06
2.1943133e-06
2.185748e-06
2.1771372e-06
2.1684823e-06
2.1597849e-06
2.1510466e-06
2.1422687e-06
2.1334528e-06
2.1246004e-06
2.1157131e-06
2.1067923e-06
2.0978395e-06
2.0888562e-06
2.0798438e-06
2.0708039e-06
2.0617378e-06
2.0526471e-06
2.043533e-06
2.034397e-06
2.0252404e-06
2.0160647e-06
2.0068712e-06
1.9976612e-06
1.9884359e-06
1.9791968e-06
1.969945e-06
1.9606818e-06
1.9514084e-06
1.9421261e-06
1.9328359e-06
1.9235392e-06
1.9142369e-06
1.9049303e-06
1.8956204e-06
1.8863084e-06
1.8769952e-06
1.8676818e-06
1.8583695e-06
1.849059e-06
1.8397515e-06
1.8304479e-06
1.821149e-06
1.8118559e-06
1.8025694e-06
1.7932905e-06
1.78402e-06
1.7747587e-06
1.7655074e-06
1.7562671e-06
1.7470384e-06
1.7378222e-06
1.7286192e-06
1.7194303e-06
1.710256e-06
1.7010972e-06
1.6919545e-06
1.6828287e-06
1.6737204e-06
1.6646302e-06
1.6555589e-06
1.6465071e-06
1.6374754e-06
1.6284644e-06
1.6194747e-06
1.610507e-06
1.6015618e-06
1.5926398e-06
1.5837414e-06
1.5748673e-06
1.5660178e-06
1.5571936e-06
1.5483948e-06
2.6416735e-06
2.6335082e-06
2.6255617e-06
2.6178209e-06
2.6102688e-06
2.6028883e-06
2.5956637e-06
2.5885805e-06
2.5816247e-06
2.5747826e-06
2.5680413e-06
2.5613884e-06
2.5548119e-06
2.5483006e-06
2.5418439e-06
2.5354315e-06
2.5290539e-06
2.522702e-06
2.5163673e-06
2.5100418e-06
2.5037179e-06
2.4973885e-06
2.4910471e-06
2.4846875e-06
2.4783042e-06
2.4718918e-06
2.4654458e-06
2.4589617e-06
2.4524355e-06
2.4458637e-06
2.439243e-06
2.4325704e-06
2.4258434e-06
2.4190597e-06
2.4122172e-06
2.4053143e-06
2.3983494e-06
2.3913214e-06
2.3842292e-06
2.3770721e-06
2.3698495e-06
2.362561e-06
2.3552064e-06
2.3477857e-06
2.340299e-06
2.3327465e-06
2.3251287e-06
2.3174461e-06
2.3096992e-06
2.3018888e-06
2.2940158e-06
2.286081e-06
2.2780855e-06
2.2700303e-06
2.2619165e-06
2.2537454e-06
2.2455181e-06
2.2372359e-06
2.2289002e-06
2.2205123e-06
2.2120736e-06
2.2035856e-06
2.1950495e-06
2.186467e-06
2.1778395e-06
2.1691684e-06
2.1604553e-06
2.1517016e-06
2.1429089e-06
2.1340786e-06
2.1252122e-06
2.1163112e-06
2.1073771e-06
2.0984114e-06
2.0894156e-06
2.0803911e-06
2.0713393e-06
2.0622616e-06
2.0531596e-06
2.0440345e-06
2.0348878e-06
2.0257208e-06
2.016535e-06
2.0073316e-06
1.9981119e-06
1.9888772e-06
1.9796289e-06
1.9703682e-06
1.9610962e-06
1.9518143e-06
1.9425236e-06
1.9332253e-06
1.9239206e-06
1.9146106e-06
1.9052964e-06
1.8959791e-06
1.8866597e-06
1.8773394e-06
1.8680192e-06
1.8587e-06
1.849383e-06
1.840069e-06
1.830759e-06
1.8214539e-06
1.8121547e-06
1.8028623e-06
1.7935775e-06
1.7843013e-06
1.7750344e-06
1.7657776e-06
1.7565319e-06
1.747298e-06
1.7380767e-06
1.7288686e-06
1.7196747e-06
1.7104956e-06
1.701332e-06
1.6921847e-06
1.6830543e-06
1.6739415e-06
1.664847e-06
1.6557714e-06
1.6467153e-06
1.6376794e-06
1.6286643e-06
1.6196706e-06
1.610699e-06
1.60175e-06
1.5928241e-06
1.583922e-06
1.5750442e-06
1.5661911e-06
1.5573633e-06
1.548561e-06
2.6459151e-06
2.6376471e-06
2.6295986e-06
2.6217567e-06
2.6141044e-06
2.6066248e-06
2.5993024e-06
2.5921228e-06
2.5850721e-06
2.5781368e-06
2.5713039e-06
2.564561e-06
2.5578964e-06
2.5512989e-06
2.5447578e-06
2.5382629e-06
2.5318048e-06
2.5253744e-06
2.5189631e-06
2.512563e-06
2.5061665e-06
2.4997665e-06
2.4933564e-06
2.4869301e-06
2.4804819e-06
2.4740067e-06
2.4674997e-06
2.4609565e-06
2.454373e-06
2.4477457e-06
2.4410712e-06
2.4343465e-06
2.4275691e-06
2.4207365e-06
2.4138468e-06
2.4068982e-06
2.3998892e-06
2.3928184e-06
2.3856849e-06
2.3784879e-06
2.3712267e-06
2.3639008e-06
2.3565101e-06
2.3490545e-06
2.341534e-06
2.3339489e-06
2.3262995e-06
2.3185863e-06
2.3108099e-06
2.3029709e-06
2.2950703e-06
2.2871087e-06
2.2790873e-06
2.2710071e-06
2.262869e-06
2.2546744e-06
2.2464243e-06
2.2381201e-06
2.229763e-06
2.2213544e-06
2.2128957e-06
2.2043881e-06
2.1958332e-06
2.1872324e-06
2.1785871e-06
2.1698988e-06
2.1611689e-06
2.1523989e-06
2.1435904e-06
2.1347447e-06
2.1258634e-06
2.1169479e-06
2.1079997e-06
2.0990203e-06
2.0900111e-06
2.0809736e-06
2.0719091e-06
2.0628192e-06
2.0537051e-06
2.0445684e-06
2.0354103e-06
2.0262322e-06
2.0170356e-06
2.0078216e-06
1.9985916e-06
1.989347e-06
1.9800889e-06
1.9708186e-06
1.9615373e-06
1.9522463e-06
1.9429467e-06
1.9336398e-06
1.9243266e-06
1.9150083e-06
1.905686e-06
1.8963608e-06
1.8870337e-06
1.8777059e-06
1.8683783e-06
1.8590519e-06
1.8497278e-06
1.8404068e-06
1.8310901e-06
1.8217784e-06
1.8124727e-06
1.803174e-06
1.793883e-06
1.7846006e-06
1.7753278e-06
1.7660653e-06
1.7568138e-06
1.7475743e-06
1.7383475e-06
1.7291341e-06
1.7199349e-06
1.7107506e-06
1.701582e-06
1.6924297e-06
1.6832944e-06
1.6741768e-06
1.6650776e-06
1.6559974e-06
1.6469368e-06
1.6378965e-06
1.6288771e-06
1.6198791e-06
1.6109033e-06
1.6019502e-06
1.5930203e-06
1.5841142e-06
1.5752325e-06
1.5663756e-06
1.557544e-06
1.548738e-06
2.6504225e-06
2.6420455e-06
2.6338888e-06
2.6259396e-06
2.618181e-06
2.6105964e-06
2.6031702e-06
2.5958883e-06
2.5887369e-06
2.5817025e-06
2.5747723e-06
2.567934e-06
2.5611758e-06
2.5544867e-06
2.547856e-06
2.5412736e-06
2.53473e-06
2.5282161e-06
2.5217236e-06
2.5152442e-06
2.5087705e-06
2.5022955e-06
2.4958124e-06
2.4893153e-06
2.4827983e-06
2.4762563e-06
2.4696845e-06
2.4630785e-06
2.4564341e-06
2.4497477e-06
2.443016e-06
2.436236e-06
2.429405e-06
2.4225206e-06
2.4155807e-06
2.4085836e-06
2.4015276e-06
2.3944114e-06
2.387234e-06
2.3799944e-06
2.3726921e-06
2.3653265e-06
2.3578974e-06
2.3504046e-06
2.3428483e-06
2.3352284e-06
2.3275455e-06
2.3197998e-06
2.3119919e-06
2.3041226e-06
2.2961925e-06
2.2882025e-06
2.2801536e-06
2.2720466e-06
2.2638828e-06
2.2556631e-06
2.2473889e-06
2.2390612e-06
2.2306814e-06
2.2222507e-06
2.2137706e-06
2.2052424e-06
2.1966674e-06
2.188047e-06
2.1793828e-06
2.1706761e-06
2.1619284e-06
2.1531411e-06
2.1443158e-06
2.1354537e-06
2.1265565e-06
2.1176256e-06
2.1086624e-06
2.0996684e-06
2.0906449e-06
2.0815936e-06
2.0725157e-06
2.0634126e-06
2.0542858e-06
2.0451366e-06
2.0359664e-06
2.0267765e-06
2.0175684e-06
2.0083432e-06
1.9991023e-06
1.9898469e-06
1.9805784e-06
1.9712979e-06
1.9620068e-06
1.9527061e-06
1.943397e-06
1.9340809e-06
1.9247587e-06
1.9154316e-06
1.9061007e-06
1.896767e-06
1.8874318e-06
1.8780959e-06
1.8687604e-06
1.8594263e-06
1.8500947e-06
1.8407664e-06
1.8314425e-06
1.8221237e-06
1.8128112e-06
1.8035057e-06
1.7942081e-06
1.7849193e-06
1.7756401e-06
1.7663714e-06
1.7571138e-06
1.7478684e-06
1.7386357e-06
1.7294166e-06
1.7202118e-06
1.711022e-06
1.701848e-06
1.6926904e-06
1.6835499e-06
1.6744273e-06
1.6653231e-06
1.656238e-06
1.6471726e-06
1.6381276e-06
1.6291035e-06
1.620101e-06
1.6111207e-06
1.6021632e-06
1.593229e-06
1.5843187e-06
1.5754328e-06
1.5665718e-06
1.5577362e-06
1.5489263e-06
2.6552277e-06
2.6467334e-06
2.6384603e-06
2.6303958e-06
2.6225231e-06
2.6148258e-06
2.6072885e-06
2.5998971e-06
2.592638e-06
2.5854977e-06
2.5784636e-06
2.5715233e-06
2.5646654e-06
2.5578786e-06
2.5511523e-06
2.5444766e-06
2.5378419e-06
2.5312392e-06
2.52466e-06
2.5180963e-06
2.5115405e-06
2.5049856e-06
2.498425e-06
2.4918524e-06
2.4852622e-06
2.4786492e-06
2.4720085e-06
2.4653356e-06
2.4586265e-06
2.4518774e-06
2.4450849e-06
2.4382461e-06
2.4313581e-06
2.4244185e-06
2.4174253e-06
2.4103765e-06
2.4032705e-06
2.3961061e-06
2.3888819e-06
2.3815972e-06
2.3742512e-06
2.3668434e-06
2.3593735e-06
2.3518412e-06
2.3442466e-06
2.3365899e-06
2.3288712e-06
2.321091e-06
2.3132497e-06
2.305348e-06
2.2973867e-06
2.2893664e-06
2.2812882e-06
2.2731529e-06
2.2649616e-06
2.2567153e-06
2.2484153e-06
2.2400626e-06
2.2316587e-06
2.2232046e-06
2.2147017e-06
2.2061514e-06
2.197555e-06
2.188914e-06
2.1802296e-06
2.1715033e-06
2.1627367e-06
2.153931e-06
2.1450877e-06
2.1362083e-06
2.1272942e-06
2.1183468e-06
2.1093676e-06
2.100358e-06
2.0913195e-06
2.0822534e-06
2.0731611e-06
2.0640441e-06
2.0549037e-06
2.0457413e-06
2.0365582e-06
2.0273558e-06
2.0181354e-06
2.0088982e-06
1.9996457e-06
1.990379e-06
1.9810994e-06
1.9718081e-06
1.9625064e-06
1.9531954e-06
1.9438763e-06
1.9345503e-06
1.9252185e-06
1.915882e-06
1.9065419e-06
1.8971994e-06
1.8878554e-06
1.8785109e-06
1.8691671e-06
1.8598248e-06
1.8504852e-06
1.8411491e-06
1.8318175e-06
1.8224912e-06
1.8131713e-06
1.8038587e-06
1.794554e-06
1.7852584e-06
1.7759724e-06
1.7666971e-06
1.7574331e-06
1.7481813e-06
1.7389424e-06
1.7297172e-06
1.7205064e-06
1.7113108e-06
1.7021311e-06
1.6929678e-06
1.6838219e-06
1.6746938e-06
1.6655843e-06
1.656494e-06
1.6474235e-06
1.6383734e-06
1.6293444e-06
1.6203371e-06
1.6113521e-06
1.6023899e-06
1.5934511e-06
1.5845363e-06
1.575646e-06
1.5667807e-06
1.5579408e-06
1.5491267e-06
2.6603258e-06
2.6517075e-06
2.6433113e-06
2.6351248e-06
2.6271315e-06
2.6193149e-06
2.61166e-06
2.6041527e-06
2.5967795e-06
2.5895272e-06
2.582383e-06
2.5753348e-06
2.5683711e-06
2.5614808e-06
2.5546534e-06
2.5478788e-06
2.5411475e-06
2.5344506e-06
2.5277796e-06
2.5211265e-06
2.5144837e-06
2.5078442e-06
2.5012012e-06
2.4945487e-06
2.4878809e-06
2.4811925e-06
2.4744787e-06
2.4677349e-06
2.4609571e-06
2.4541414e-06
2.4472844e-06
2.4403831e-06
2.4334346e-06
2.4264365e-06
2.4193866e-06
2.412283e-06
2.4051241e-06
2.3979083e-06
2.3906346e-06
2.3833019e-06
2.3759095e-06
2.3684568e-06
2.3609435e-06
2.3533693e-06
2.3457341e-06
2.3380381e-06
2.3302815e-06
2.3224645e-06
2.3145878e-06
2.3066517e-06
2.2986571e-06
2.2906047e-06
2.2824953e-06
2.2743298e-06
2.2661093e-06
2.2578348e-06
2.2495073e-06
2.2411282e-06
2.2326985e-06
2.2242194e-06
2.2156924e-06
2.2071187e-06
2.1984995e-06
2.1898364e-06
2.1811306e-06
2.1723836e-06
2.1635967e-06
2.1547714e-06
2.1459091e-06
2.1370112e-06
2.1280791e-06
2.1191142e-06
2.110118e-06
2.1010919e-06
2.0920373e-06
2.0829555e-06
2.073848e-06
2.0647162e-06
2.0555613e-06
2.0463848e-06
2.037188e-06
2.0279722e-06
2.0187387e-06
2.0094889e-06
2.0002239e-06
1.9909452e-06
1.9816538e-06
1.972351e-06
1.963038e-06
1.9537161e-06
1.9443863e-06
1.9350498e-06
1.9257078e-06
1.9163613e-06
1.9070115e-06
1.8976594e-06
1.8883061e-06
1.8789526e-06
1.8695998e-06
1.8602489e-06
1.8509007e-06
1.8415563e-06
1.8322165e-06
1.8228823e-06
1.8135546e-06
1.8042343e-06
1.7949222e-06
1.7856192e-06
1.7763261e-06
1.7670437e-06
1.7577728e-06
1.7485142e-06
1.7392688e-06
1.7300371e-06
1.72082e-06
1.7116181e-06
1.7024322e-06
1.693263e-06
1.6841112e-06
1.6749774e-06
1.6658622e-06
1.6567663e-06
1.6476904e-06
1.638635e-06
1.6296008e-06
1.6205883e-06
1.6115982e-06
1.6026311e-06
1.5936875e-06
1.5847679e-06
1.5758728e-06
1.5670029e-06
1.5581584e-06
1.5493399e-06
2.6657531e-06
2.6570015e-06
2.6484733e-06
2.6401561e-06
2.6320336e-06
2.6240895e-06
2.6163089e-06
2.6086779e-06
2.601183e-06
2.5938111e-06
2.5865496e-06
2.5793864e-06
2.5723101e-06
2.5653096e-06
2.5583745e-06
2.5514947e-06
2.5446608e-06
2.5378638e-06
2.5310952e-06
2.5243471e-06
2.5176118e-06
2.5108823e-06
2.5041519e-06
2.4974144e-06
2.4906642e-06
2.4838958e-06
2.4771043e-06
2.4702853e-06
2.4634345e-06
2.4565481e-06
2.4496226e-06
2.4426549e-06
2.4356423e-06
2.428582e-06
2.421472e-06
2.4143101e-06
2.4070949e-06
2.3998246e-06
2.3924982e-06
2.3851146e-06
2.3776729e-06
2.3701726e-06
2.3626131e-06
2.3549943e-06
2.3473161e-06
2.3395784e-06
2.3317814e-06
2.3239255e-06
2.3160109e-06
2.3080384e-06
2.3000084e-06
2.2919218e-06
2.2837793e-06
2.2755818e-06
2.2673302e-06
2.2590256e-06
2.2506691e-06
2.2422617e-06
2.2338046e-06
2.2252991e-06
2.2167464e-06
2.2081477e-06
2.1995044e-06
2.1908178e-06
2.1820892e-06
2.1733201e-06
2.1645117e-06
2.1556656e-06
2.146783e-06
2.1378654e-06
2.1289142e-06
2.1199307e-06
2.1109164e-06
2.1018727e-06
2.092801e-06
2.0837025e-06
2.0745788e-06
2.0654312e-06
2.056261e-06
2.0470695e-06
2.0378581e-06
2.028628e-06
2.0193807e-06
2.0101173e-06
2.0008392e-06
1.9915476e-06
1.9822436e-06
1.9729286e-06
1.9636037e-06
1.9542701e-06
1.9449289e-06
1.9355813e-06
1.9262284e-06
1.9168714e-06
1.9075112e-06
1.8981489e-06
1.8887857e-06
1.8794225e-06
1.8700603e-06
1.8607001e-06
1.8513428e-06
1.8419895e-06
1.8326411e-06
1.8232984e-06
1.8139624e-06
1.8046339e-06
1.7953139e-06
1.7860031e-06
1.7767023e-06
1.7674125e-06
1.7581343e-06
1.7488685e-06
1.739616e-06
1.7303774e-06
1.7211535e-06
1.7119451e-06
1.7027527e-06
1.6935771e-06
1.684419e-06
1.6752791e-06
1.6661579e-06
1.6570561e-06
1.6479744e-06
1.6389133e-06
1.6298735e-06
1.6208556e-06
1.6118602e-06
1.6028877e-06
1.5939389e-06
1.5850142e-06
1.5761142e-06
1.5672393e-06
1.55839e-06
1.5495668e-06
2.6715025e-06
2.6626105e-06
2.6539431e-06
2.645488e-06
2.6372292e-06
2.6291505e-06
2.6212372e-06
2.6134755e-06
2.6058521e-06
2.5983539e-06
2.5909685e-06
2.5836838e-06
2.5764885e-06
2.5693715e-06
2.5623225e-06
2.5553315e-06
2.548389e-06
2.5414861e-06
2.5346143e-06
2.5277656e-06
2.5209324e-06
2.5141077e-06
2.5072848e-06
2.5004574e-06
2.4936198e-06
2.4867667e-06
2.479893e-06
2.4729942e-06
2.4660661e-06
2.4591048e-06
2.4521067e-06
2.4450688e-06
2.437988e-06
2.4308618e-06
2.423688e-06
2.4164645e-06
2.4091894e-06
2.4018614e-06
2.3944791e-06
2.3870414e-06
2.3795475e-06
2.3719966e-06
2.3643882e-06
2.3567221e-06
2.3489981e-06
2.3412161e-06
2.3333763e-06
2.3254789e-06
2.3175243e-06
2.309513e-06
2.3014455e-06
2.2933225e-06
2.2851449e-06
2.2769133e-06
2.2686288e-06
2.2602922e-06
2.2519047e-06
2.2434673e-06
2.2349812e-06
2.2264475e-06
2.2178674e-06
2.2092423e-06
2.2005732e-06
2.1918617e-06
2.1831089e-06
2.1743163e-06
2.1654851e-06
2.1566168e-06
2.1477127e-06
2.1387742e-06
2.1298026e-06
2.1207993e-06
2.1117658e-06
2.1027034e-06
2.0936134e-06
2.0844973e-06
2.0753563e-06
2.0661919e-06
2.0570053e-06
2.0477979e-06
2.0385709e-06
2.0293258e-06
2.0200637e-06
2.0107859e-06
2.0014938e-06
1.9921885e-06
1.9828712e-06
1.9735431e-06
1.9642055e-06
1.9548595e-06
1.9455062e-06
1.9361468e-06
1.9267823e-06
1.917414e-06
1.9080428e-06
1.8986697e-06
1.889296e-06
1.8799224e-06
1.8705502e-06
1.8611801e-06
1.8518132e-06
1.8424505e-06
1.8330928e-06
1.8237411e-06
1.8143962e-06
1.8050591e-06
1.7957306e-06
1.7864115e-06
1.7771026e-06
1.7678048e-06
1.7585188e-06
1.7492454e-06
1.7399854e-06
1.7307395e-06
1.7215084e-06
1.7122929e-06
1.7030936e-06
1.6939113e-06
1.6847465e-06
1.6756e-06
1.6664725e-06
1.6573644e-06
1.6482766e-06
1.6392094e-06
1.6301637e-06
1.62114e-06
1.6121388e-06
1.6031607e-06
1.5942064e-06
1.5852763e-06
1.5763709e-06
1.5674908e-06
1.5586364e-06
1.5498081e-06
2.6776136e-06
2.6685712e-06
2.6597549e-06
2.6511525e-06
2.6427483e-06
2.634526e-06
2.6264713e-06
2.6185705e-06
2.6108102e-06
2.6031777e-06
2.5956604e-06
2.5882466e-06
2.5809249e-06
2.5736842e-06
2.5665143e-06
2.5594052e-06
2.5523474e-06
2.5453321e-06
2.5383508e-06
2.5313955e-06
2.5244585e-06
2.5175328e-06
2.5106117e-06
2.503689e-06
2.4967589e-06
2.4898159e-06
2.482855e-06
2.4758716e-06
2.4688615e-06
2.4618207e-06
2.4547457e-06
2.4476332e-06
2.4404802e-06
2.4332842e-06
2.4260427e-06
2.4187537e-06
2.4114153e-06
2.404026e-06
2.3965844e-06
2.3890893e-06
2.3815399e-06
2.3739353e-06
2.366275e-06
2.3585587e-06
2.3507861e-06
2.3429571e-06
2.3350719e-06
2.3271305e-06
2.3191334e-06
2.3110809e-06
2.3029735e-06
2.294812e-06
2.2865969e-06
2.2783292e-06
2.2700096e-06
2.2616391e-06
2.2532187e-06
2.2447495e-06
2.2362325e-06
2.2276688e-06
2.2190597e-06
2.2104064e-06
2.20171e-06
2.192972e-06
2.1841935e-06
2.1753758e-06
2.1665204e-06
2.1576285e-06
2.1487015e-06
2.1397407e-06
2.1307475e-06
2.1217233e-06
2.1126693e-06
2.1035869e-06
2.0944776e-06
2.0853426e-06
2.0761833e-06
2.067001e-06
2.0577971e-06
2.0485727e-06
2.0393293e-06
2.030068e-06
2.0207902e-06
2.0114972e-06
2.0021901e-06
1.9928703e-06
1.9835388e-06
1.9741969e-06
1.9648457e-06
1.9554865e-06
1.9461203e-06
1.9367483e-06
1.9273716e-06
1.9179912e-06
1.9086083e-06
1.8992238e-06
1.8898388e-06
1.8804543e-06
1.8710713e-06
1.8616907e-06
1.8523136e-06
1.8429409e-06
1.8335734e-06
1.824212e-06
1.8148578e-06
1.8055115e-06
1.7961739e-06
1.786846e-06
1.7775285e-06
1.7682222e-06
1.7589279e-06
1.7496464e-06
1.7403784e-06
1.7311247e-06
1.721886e-06
1.7126629e-06
1.7034563e-06
1.6942667e-06
1.6850949e-06
1.6759415e-06
1.6668071e-06
1.6576924e-06
1.648598e-06
1.6395244e-06
1.6304724e-06
1.6214425e-06
1.6124352e-06
1.6034512e-06
1.594491e-06
1.5855551e-06
1.576644e-06
1.5677584e-06
1.5588985e-06
1.5500649e-06
2.6840772e-06
2.6748768e-06
2.6659039e-06
2.6571466e-06
2.6485893e-06
2.640216e-06
2.6320124e-06
2.623965e-06
2.6160606e-06
2.6082865e-06
2.6006304e-06
2.5930805e-06
2.5856253e-06
2.5782542e-06
2.5709567e-06
2.563723e-06
2.5565436e-06
2.5494097e-06
2.5423128e-06
2.5352448e-06
2.5281982e-06
2.5211658e-06
2.514141e-06
2.5071176e-06
2.5000895e-06
2.4930515e-06
2.4859984e-06
2.4789256e-06
2.4718288e-06
2.464704e-06
2.4575475e-06
2.450356e-06
2.4431266e-06
2.4358566e-06
2.4285434e-06
2.4211851e-06
2.4137796e-06
2.4063253e-06
2.3988209e-06
2.391265e-06
2.3836568e-06
2.3759953e-06
2.36828e-06
2.3605104e-06
2.3526863e-06
2.3448075e-06
2.336874e-06
2.328886e-06
2.3208437e-06
2.3127474e-06
2.3045978e-06
2.2963953e-06
2.2881406e-06
2.2798344e-06
2.2714776e-06
2.2630711e-06
2.2546158e-06
2.2461127e-06
2.2375629e-06
2.2289675e-06
2.2203275e-06
2.2116443e-06
2.2029189e-06
2.1941527e-06
2.1853468e-06
2.1765026e-06
2.1676214e-06
2.1587045e-06
2.1497532e-06
2.1407687e-06
2.1317525e-06
2.1227059e-06
2.1136302e-06
2.1045267e-06
2.0953968e-06
2.0862418e-06
2.077063e-06
2.0678617e-06
2.0586392e-06
2.0493968e-06
2.0401358e-06
2.0308575e-06
2.021563e-06
2.0122537e-06
2.0029308e-06
1.9935954e-06
1.9842489e-06
1.9748922e-06
1.9655267e-06
1.9561535e-06
1.9467736e-06
1.9373882e-06
1.9279984e-06
1.9186052e-06
1.9092098e-06
1.8998131e-06
1.8904162e-06
1.8810201e-06
1.8716256e-06
1.8622339e-06
1.8528459e-06
1.8434625e-06
1.8340845e-06
1.824713e-06
1.8153488e-06
1.8059926e-06
1.7966455e-06
1.7873082e-06
1.7779815e-06
1.7686662e-06
1.7593631e-06
1.7500729e-06
1.7407965e-06
1.7315344e-06
1.7222876e-06
1.7130566e-06
1.7038421e-06
1.6946449e-06
1.6854655e-06
1.6763047e-06
1.6671631e-06
1.6580413e-06
1.6489399e-06
1.6398595e-06
1.6308008e-06
1.6217642e-06
1.6127505e-06
1.6037601e-06
1.5947937e-06
1.5858516e-06
1.5769346e-06
1.568043e-06
1.5591773e-06
1.550338e-06
2.6909361e-06
2.6815671e-06
2.6724274e-06
2.6635051e-06
2.6547849e-06
2.646251e-06
2.6378892e-06
2.6296861e-06
2.6216288e-06
2.6137045e-06
2.6059011e-06
2.5982067e-06
2.5906103e-06
2.5831009e-06
2.5756683e-06
2.5683026e-06
2.5609944e-06
2.5537348e-06
2.5465154e-06
2.5393282e-06
2.5321655e-06
2.5250203e-06
2.5178857e-06
2.5107555e-06
2.5036239e-06
2.4964853e-06
2.4893346e-06
2.4821671e-06
2.4749784e-06
2.4677646e-06
2.4605218e-06
2.4532468e-06
2.4459365e-06
2.438588e-06
2.431199e-06
2.4237672e-06
2.4162906e-06
2.4087675e-06
2.4011965e-06
2.3935762e-06
2.3859056e-06
2.3781838e-06
2.3704101e-06
2.3625841e-06
2.3547053e-06
2.3467737e-06
2.338789e-06
2.3307515e-06
2.3226613e-06
2.3145187e-06
2.3063241e-06
2.2980782e-06
2.2897814e-06
2.2814344e-06
2.2730382e-06
2.2645934e-06
2.256101e-06
2.247562e-06
2.2389774e-06
2.2303482e-06
2.2216755e-06
2.2129604e-06
2.2042042e-06
2.195408e-06
2.1865731e-06
2.1777008e-06
2.1687922e-06
2.1598486e-06
2.1508714e-06
2.1418619e-06
2.1328212e-06
2.1237508e-06
2.114652e-06
2.105526e-06
2.0963743e-06
2.087198e-06
2.0779984e-06
2.068777e-06
2.0595348e-06
2.0502733e-06
2.0409936e-06
2.0316971e-06
2.0223849e-06
2.0130583e-06
2.0037185e-06
1.9943667e-06
1.9850041e-06
1.9756318e-06
1.966251e-06
1.9568628e-06
1.9474684e-06
1.9380687e-06
1.928665e-06
1.9192583e-06
1.9098496e-06
1.9004399e-06
1.8910304e-06
1.8816218e-06
1.8722153e-06
1.8628117e-06
1.8534121e-06
1.8440173e-06
1.8346283e-06
1.8252459e-06
1.815871e-06
1.8065044e-06
1.7971471e-06
1.7877998e-06
1.7784633e-06
1.7691384e-06
1.7598259e-06
1.7505266e-06
1.7412411e-06
1.7319703e-06
1.7227147e-06
1.7134753e-06
1.7042525e-06
1.6950471e-06
1.6858597e-06
1.6766911e-06
1.6675417e-06
1.6584124e-06
1.6493036e-06
1.6402159e-06
1.63115e-06
1.6221065e-06
1.6130859e-06
1.6040887e-06
1.5951156e-06
1.5861671e-06
1.5772436e-06
1.5683457e-06
1.5594739e-06
1.5506285e-06
2.6981799e-06
2.6886341e-06
2.6793195e-06
2.6702242e-06
2.661333e-06
2.6526305e-06
2.6441026e-06
2.635736e-06
2.6275179e-06
2.6194357e-06
2.6114774e-06
2.6036312e-06
2.595886e-06
2.5882311e-06
2.5806562e-06
2.5731515e-06
2.5657077e-06
2.5583157e-06
2.5509673e-06
2.5436544e-06
2.5363694e-06
2.529105e-06
2.5218546e-06
2.5146119e-06
2.5073709e-06
2.5001261e-06
2.4928724e-06
2.4856049e-06
2.4783192e-06
2.4710113e-06
2.4636774e-06
2.4563141e-06
2.4489182e-06
2.4414868e-06
2.4340175e-06
2.426508e-06
2.4189561e-06
2.4113602e-06
2.4037187e-06
2.3960302e-06
2.3882936e-06
2.3805079e-06
2.3726725e-06
2.3647866e-06
2.35685e-06
2.3488623e-06
2.3408234e-06
2.3327334e-06
2.3245924e-06
2.3164007e-06
2.3081585e-06
2.2998664e-06
2.291525e-06
2.2831348e-06
2.2746967e-06
2.2662113e-06
2.2576796e-06
2.2491024e-06
2.2404808e-06
2.2318157e-06
2.2231083e-06
2.2143595e-06
2.2055705e-06
2.1967426e-06
2.1878769e-06
2.1789745e-06
2.1700368e-06
2.161065e-06
2.1520604e-06
2.1430241e-06
2.1339575e-06
2.1248619e-06
2.1157385e-06
2.1065886e-06
2.0974136e-06
2.0882147e-06
2.0789932e-06
2.0697502e-06
2.0604872e-06
2.0512053e-06
2.0419058e-06
2.0325899e-06
2.0232589e-06
2.0139139e-06
2.0045562e-06
1.995187e-06
1.9858073e-06
1.9764183e-06
1.9670213e-06
1.9576172e-06
1.9482073e-06
1.9387925e-06
1.929374e-06
1.9199528e-06
1.91053e-06
1.9011066e-06
1.8916835e-06
1.8822618e-06
1.8728423e-06
1.8634262e-06
1.8540142e-06
1.8446074e-06
1.8352065e-06
1.8258126e-06
1.8164264e-06
1.8070488e-06
1.7976806e-06
1.7883226e-06
1.7789758e-06
1.7696407e-06
1.7603182e-06
1.7510091e-06
1.741714e-06
1.7324338e-06
1.7231691e-06
1.7139206e-06
1.7046889e-06
1.6954749e-06
1.686279e-06
1.677102e-06
1.6679445e-06
1.6588071e-06
1.6496904e-06
1.640595e-06
1.6315215e-06
1.6224705e-06
1.6134425e-06
1.6044382e-06
1.595458e-06
1.5865026e-06
1.5775723e-06
1.5686677e-06
1.5597893e-06
1.5509375e-06
2.7058515e-06
2.6961181e-06
2.6866177e-06
2.677339e-06
2.6682667e-06
2.6593855e-06
2.6506817e-06
2.642142e-06
2.6337539e-06
2.6255047e-06
2.6173826e-06
2.6093759e-06
2.6014735e-06
2.5936649e-06
2.5859397e-06
2.5782881e-06
2.5707009e-06
2.5631692e-06
2.5556845e-06
2.5482388e-06
2.5408245e-06
2.5334343e-06
2.5260616e-06
2.5187e-06
2.5113435e-06
2.5039865e-06
2.4966238e-06
2.4892507e-06
2.4818625e-06
2.4744552e-06
2.4670249e-06
2.4595681e-06
2.4520817e-06
2.4445627e-06
2.4370085e-06
2.4294167e-06
2.4217853e-06
2.4141123e-06
2.4063962e-06
2.3986355e-06
2.390829e-06
2.3829757e-06
2.3750748e-06
2.3671255e-06
2.3591276e-06
2.3510806e-06
2.3429843e-06
2.3348387e-06
2.3266438e-06
2.3183999e-06
2.3101073e-06
2.3017663e-06
2.2933776e-06
2.2849415e-06
2.276459e-06
2.2679305e-06
2.2593571e-06
2.2507395e-06
2.2420786e-06
2.2333755e-06
2.2246311e-06
2.2158465e-06
2.2070228e-06
2.1981611e-06
2.1892626e-06
2.1803285e-06
2.1713599e-06
2.1623581e-06
2.1533243e-06
2.1442596e-06
2.1351655e-06
2.126043e-06
2.1168936e-06
2.1077184e-06
2.0985186e-06
2.0892957e-06
2.0800507e-06
2.070785e-06
2.0614998e-06
2.0521963e-06
2.0428757e-06
2.0335393e-06
2.0241882e-06
2.0148237e-06
2.005447e-06
1.9960591e-06
1.9866613e-06
1.9772547e-06
1.9678403e-06
1.9584194e-06
1.948993e-06
1.9395621e-06
1.9301279e-06
1.9206914e-06
1.9112536e-06
1.9018155e-06
1.8923781e-06
1.8829423e-06
1.8735092e-06
1.8640796e-06
1.8546546e-06
1.8452349e-06
1.8358215e-06
1.8264152e-06
1.817017e-06
1.8076276e-06
1.7982479e-06
1.7888787e-06
1.7795207e-06
1.7701749e-06
1.7608418e-06
1.7515222e-06
1.742217e-06
1.7329268e-06
1.7236522e-06
1.7143941e-06
1.7051531e-06
1.6959298e-06
1.6867249e-06
1.677539e-06
1.6683728e-06
1.6592268e-06
1.6501017e-06
1.6409981e-06
1.6319165e-06
1.6228576e-06
1.6138219e-06
1.6048099e-06
1.5958222e-06
1.5868594e-06
1.5779218e-06
1.5690101e-06
1.5601247e-06
1.5512661e-06
2.713943e-06
2.7040133e-06
2.6943187e-06
2.6848478e-06
2.6755858e-06
2.6665176e-06
2.6576294e-06
2.6489083e-06
2.6403417e-06
2.6319174e-06
2.6236233e-06
2.6154481e-06
2.6073807e-06
2.5994105e-06
2.5915273e-06
2.5837215e-06
2.5759836e-06
2.5683048e-06
2.5606767e-06
2.5530913e-06
2.5455409e-06
2.5380183e-06
2.5305168e-06
2.5230299e-06
2.5155516e-06
2.5080764e-06
2.5005989e-06
2.4931143e-06
2.485618e-06
2.4781058e-06
2.4705738e-06
2.4630184e-06
2.4554365e-06
2.4478249e-06
2.440181e-06
2.4325024e-06
2.4247868e-06
2.4170324e-06
2.4092374e-06
2.4014003e-06
2.3935199e-06
2.385595e-06
2.3776248e-06
2.3696086e-06
2.3615457e-06
2.3534359e-06
2.3452787e-06
2.3370742e-06
2.3288224e-06
2.3205233e-06
2.3121772e-06
2.3037844e-06
2.2953454e-06
2.2868608e-06
2.2783311e-06
2.269757e-06
2.2611393e-06
2.2524788e-06
2.2437763e-06
2.2350328e-06
2.2262493e-06
2.2174267e-06
2.2085661e-06
2.1996686e-06
2.1907354e-06
2.1817675e-06
2.1727661e-06
2.1637324e-06
2.1546676e-06
2.1455729e-06
2.1364495e-06
2.1272986e-06
2.1181214e-06
2.1089192e-06
2.0996933e-06
2.0904448e-06
2.081175e-06
2.0718851e-06
2.0625763e-06
2.0532498e-06
2.0439068e-06
2.0345486e-06
2.0251762e-06
2.015791e-06
2.006394e-06
1.9969864e-06
1.9875693e-06
1.9781439e-06
1.9687112e-06
1.9592723e-06
1.9498284e-06
1.9403805e-06
1.9309296e-06
1.9214767e-06
1.912023e-06
1.9025693e-06
1.8931166e-06
1.883666e-06
1.8742183e-06
1.8647745e-06
1.8553354e-06
1.8459021e-06
1.8364754e-06
1.8270561e-06
1.8176451e-06
1.8082432e-06
1.7988512e-06
1.78947e-06
1.7801003e-06
1.7707429e-06
1.7613985e-06
1.7520679e-06
1.7427518e-06
1.733451e-06
1.7241661e-06
1.7148977e-06
1.7056467e-06
1.6964136e-06
1.687199e-06
1.6780037e-06
1.6688282e-06
1.6596732e-06
1.6505392e-06
1.6414268e-06
1.6323367e-06
1.6232693e-06
1.6142253e-06
1.6052052e-06
1.5962095e-06
1.5872388e-06
1.5782936e-06
1.5693743e-06
1.5604815e-06
1.5516156e-06
2.7224942e-06
2.7123571e-06
2.7024573e-06
2.6927837e-06
2.6833215e-06
2.6740559e-06
2.6649733e-06
2.656061e-06
2.6473064e-06
2.6386974e-06
2.6302223e-06
2.6218695e-06
2.6136282e-06
2.6054878e-06
2.5974383e-06
2.5894698e-06
2.5815731e-06
2.5737395e-06
2.5659603e-06
2.5582277e-06
2.5505339e-06
2.5428717e-06
2.5352344e-06
2.5276154e-06
2.5200088e-06
2.5124089e-06
2.5048103e-06
2.4972081e-06
2.4895977e-06
2.4819748e-06
2.4743355e-06
2.4666761e-06
2.4589932e-06
2.4512839e-06
2.4435452e-06
2.4357748e-06
2.4279704e-06
2.4201299e-06
2.4122515e-06
2.4043337e-06
2.3963752e-06
2.3883746e-06
2.3803312e-06
2.372244e-06
2.3641124e-06
2.3559361e-06
2.3477146e-06
2.3394477e-06
2.3311355e-06
2.3227779e-06
2.3143751e-06
2.3059275e-06
2.2974354e-06
2.2888992e-06
2.2803196e-06
2.2716971e-06
2.2630325e-06
2.2543265e-06
2.2455799e-06
2.2367936e-06
2.2279685e-06
2.2191056e-06
2.2102059e-06
2.2012705e-06
2.1923003e-06
2.1832966e-06
2.1742604e-06
2.1651929e-06
2.1560953e-06
2.1469686e-06
2.1378141e-06
2.1286329e-06
2.1194264e-06
2.1101956e-06
2.1009418e-06
2.0916662e-06
2.08237e-06
2.0730544e-06
2.0637205e-06
2.0543696e-06
2.0450029e-06
2.0356215e-06
2.0262265e-06
2.0168192e-06
2.0074007e-06
1.9979721e-06
1.9885346e-06
1.9790892e-06
1.969637e-06
1.9601791e-06
1.9507166e-06
1.9412505e-06
1.9317818e-06
1.9223116e-06
1.9128409e-06
1.9033707e-06
1.8939018e-06
1.8844354e-06
1.8749722e-06
1.8655132e-06
1.8560594e-06
1.8466116e-06
1.8371706e-06
1.8277375e-06
1.8183129e-06
1.8088977e-06
1.7994927e-06
1.7900987e-06
1.7807165e-06
1.7713468e-06
1.7619905e-06
1.7526481e-06
1.7433205e-06
1.7340084e-06
1.7247124e-06
1.7154332e-06
1.7061716e-06
1.696928e-06
1.6877032e-06
1.6784979e-06
1.6693125e-06
1.6601478e-06
1.6510044e-06
1.6418827e-06
1.6327834e-06
1.6237071e-06
1.6146543e-06
1.6056255e-06
1.5966213e-06
1.5876423e-06
1.5786889e-06
1.5697615e-06
1.5608608e-06
1.5519872e-06
2.7315041e-06
2.7211503e-06
2.7110361e-06
2.7011504e-06
2.6914789e-06
2.6820067e-06
2.6727207e-06
2.6636081e-06
2.6546566e-06
2.6458542e-06
2.6371892e-06
2.6286503e-06
2.6202267e-06
2.6119078e-06
2.6036836e-06
2.5955445e-06
2.5874812e-06
2.5794848e-06
2.571547e-06
2.5636596e-06
2.5558151e-06
2.5480062e-06
2.540226e-06
2.5324682e-06
2.5247265e-06
2.5169953e-06
2.5092692e-06
2.5015432e-06
2.4938127e-06
2.4860732e-06
2.4783207e-06
2.4705516e-06
2.4627623e-06
2.4549499e-06
2.4471113e-06
2.4392441e-06
2.4313458e-06
2.4234144e-06
2.415448e-06
2.407445e-06
2.3994038e-06
2.3913233e-06
2.3832024e-06
2.3750402e-06
2.3668361e-06
2.3585894e-06
2.3502997e-06
2.3419669e-06
2.3335908e-06
2.3251713e-06
2.3167086e-06
2.3082029e-06
2.2996544e-06
2.2910637e-06
2.2824312e-06
2.2737574e-06
2.2650431e-06
2.2562888e-06
2.2474955e-06
2.2386638e-06
2.2297947e-06
2.2208891e-06
2.2119479e-06
2.2029722e-06
2.1939629e-06
2.1849212e-06
2.1758481e-06
2.1667447e-06
2.1576122e-06
2.1484516e-06
2.1392641e-06
2.1300509e-06
2.1208131e-06
2.111552e-06
2.1022687e-06
2.0929643e-06
2.0836401e-06
2.0742971e-06
2.0649367e-06
2.0555599e-06
2.0461679e-06
2.0367618e-06
2.0273429e-06
2.0179122e-06
2.0084708e-06
1.99902e-06
1.9895607e-06
1.980094e-06
1.9706211e-06
1.961143e-06
1.9516607e-06
1.9421753e-06
1.9326878e-06
1.9231992e-06
1.9137105e-06
1.9042227e-06
1.8947366e-06
1.8852533e-06
1.8757737e-06
1.8662986e-06
1.8568291e-06
1.8473658e-06
1.8379098e-06
1.8284619e-06
1.8190228e-06
1.8095935e-06
1.8001747e-06
1.7907671e-06
1.7813716e-06
1.771989e-06
1.7626199e-06
1.753265e-06
1.7439252e-06
1.7346011e-06
1.7252933e-06
1.7160026e-06
1.7067296e-06
1.697475e-06
1.6882393e-06
1.6790233e-06
1.6698275e-06
1.6606525e-06
1.6514989e-06
1.6423674e-06
1.6332584e-06
1.6241725e-06
1.6151104e-06
1.6060724e-06
1.5970592e-06
1.5880713e-06
1.5791092e-06
1.5701733e-06
1.5612642e-06
1.5523823e-06
2.7410068e-06
2.730425e-06
2.7200853e-06
2.7099769e-06
2.7000854e-06
2.6903963e-06
2.6808965e-06
2.6715735e-06
2.6624152e-06
2.6534097e-06
2.6445453e-06
2.635811e-06
2.6271958e-06
2.6186894e-06
2.6102818e-06
2.6019634e-06
2.5937249e-06
2.5855576e-06
2.577453e-06
2.569403e-06
2.5614e-06
2.5534368e-06
2.5455064e-06
2.5376024e-06
2.5297186e-06
2.5218493e-06
2.513989e-06
2.5061327e-06
2.4982755e-06
2.4904132e-06
2.4825415e-06
2.4746568e-06
2.4667554e-06
2.4588342e-06
2.4508903e-06
2.4429209e-06
2.4349236e-06
2.4268963e-06
2.4188369e-06
2.4107439e-06
2.4026155e-06
2.3944505e-06
2.3862478e-06
2.3780064e-06
2.3697255e-06
2.3614044e-06
2.3530428e-06
2.3446402e-06
2.3361964e-06
2.3277115e-06
2.3191853e-06
2.3106181e-06
2.3020101e-06
2.2933616e-06
2.284673e-06
2.275945e-06
2.267178e-06
2.2583726e-06
2.2495297e-06
2.24065e-06
2.2317342e-06
2.2227833e-06
2.2137981e-06
2.2047797e-06
2.195729e-06
2.186647e-06
2.1775347e-06
2.1683933e-06
2.1592237e-06
2.1500272e-06
2.1408047e-06
2.1315575e-06
2.1222866e-06
2.1129932e-06
2.1036785e-06
2.0943436e-06
2.0849896e-06
2.0756177e-06
2.066229e-06
2.0568247e-06
2.0474059e-06
2.0379737e-06
2.0285293e-06
2.0190737e-06
2.0096081e-06
2.0001336e-06
1.9906512e-06
1.981162e-06
1.9716671e-06
1.9621675e-06
1.9526642e-06
1.9431583e-06
1.9336508e-06
1.9241426e-06
1.9146348e-06
1.9051283e-06
1.895624e-06
1.8861228e-06
1.8766257e-06
1.8671335e-06
1.8576472e-06
1.8481676e-06
1.8386956e-06
1.829232e-06
1.8197776e-06
1.8103332e-06
1.8008997e-06
1.7914777e-06
1.7820681e-06
1.7726716e-06
1.763289e-06
1.7539209e-06
1.744568e-06
1.7352311e-06
1.7259109e-06
1.7166079e-06
1.7073229e-06
1.6980565e-06
1.6888093e-06
1.6795819e-06
1.670375e-06
1.6611891e-06
1.6520248e-06
1.6428827e-06
1.6337634e-06
1.6246674e-06
1.6155953e-06
1.6065476e-06
1.5975248e-06
1.5885275e-06
1.5795561e-06
1.5706111e-06
1.5616931e-06
1.5528025e-06
2.7510087e-06
2.740189e-06
2.7296138e-06
2.7192726e-06
2.7091513e-06
2.6992355e-06
2.6895123e-06
2.6799694e-06
2.6705948e-06
2.6613767e-06
2.6523037e-06
2.6433647e-06
2.634549e-06
2.6258462e-06
2.6172465e-06
2.6087401e-06
2.6003181e-06
2.5919715e-06
2.5836919e-06
2.5754713e-06
2.567302e-06
2.5591768e-06
2.5510887e-06
2.5430312e-06
2.5349981e-06
2.5269836e-06
2.5189822e-06
2.5109888e-06
2.5029985e-06
2.4950069e-06
2.4870098e-06
2.4790033e-06
2.4709839e-06
2.4629482e-06
2.4548932e-06
2.4468161e-06
2.4387144e-06
2.430586e-06
2.4224286e-06
2.4142406e-06
2.4060202e-06
2.397766e-06
2.3894769e-06
2.3811518e-06
2.3727898e-06
2.3643902e-06
2.3559525e-06
2.3474761e-06
2.3389609e-06
2.3304067e-06
2.3218134e-06
2.3131812e-06
2.3045101e-06
2.2958004e-06
2.2870526e-06
2.2782671e-06
2.2694443e-06
2.2605849e-06
2.2516895e-06
2.2427588e-06
2.2337936e-06
2.2247947e-06
2.215763e-06
2.2066993e-06
2.1976046e-06
2.1884798e-06
2.1793261e-06
2.1701443e-06
2.1609355e-06
2.1517008e-06
2.1424412e-06
2.1331579e-06
2.1238519e-06
2.1145243e-06
2.1051763e-06
2.095809e-06
2.0864235e-06
2.0770208e-06
2.0676022e-06
2.0581687e-06
2.0487214e-06
2.0392615e-06
2.02979e-06
2.020308e-06
2.0108167e-06
2.001317e-06
1.9918101e-06
1.982297e-06
1.9727787e-06
1.9632563e-06
1.9537308e-06
1.9442031e-06
1.9346743e-06
1.9251454e-06
1.9156172e-06
1.9060908e-06
1.8965671e-06
1.8870469e-06
1.8775313e-06
1.8680209e-06
1.8585169e-06
1.8490199e-06
1.8395308e-06
1.8300506e-06
1.8205799e-06
1.8111196e-06
1.8016704e-06
1.7922331e-06
1.7828085e-06
1.7733973e-06
1.7640003e-06
1.7546181e-06
1.7452514e-06
1.7359009e-06
1.7265674e-06
1.7172514e-06
1.7079536e-06
1.6986747e-06
1.6894152e-06
1.6801757e-06
1.670957e-06
1.6617595e-06
1.6525838e-06
1.6434306e-06
1.6343003e-06
1.6251935e-06
1.6161109e-06
1.6070528e-06
1.5980198e-06
1.5890124e-06
1.5800312e-06
1.5710766e-06
1.5621491e-06
1.5532491e-06
2.7615363e-06
2.7504674e-06
2.7396459e-06
2.7290613e-06
2.7186995e-06
2.7085464e-06
2.6985894e-06
2.6888163e-06
2.6792153e-06
2.6697748e-06
2.6604834e-06
2.6513301e-06
2.6423044e-06
2.6333959e-06
2.6245949e-06
2.6158917e-06
2.6072773e-06
2.5987428e-06
2.5902798e-06
2.5818803e-06
2.5735366e-06
2.5652414e-06
2.5569877e-06
2.5487691e-06
2.5405792e-06
2.5324123e-06
2.5242626e-06
2.5161251e-06
2.5079949e-06
2.4998674e-06
2.4917383e-06
2.4836038e-06
2.47546e-06
2.4673037e-06
2.4591318e-06
2.4509413e-06
2.4427297e-06
2.4344947e-06
2.426234e-06
2.4179458e-06
2.4096283e-06
2.4012801e-06
2.3928999e-06
2.3844864e-06
2.3760388e-06
2.3675562e-06
2.3590381e-06
2.3504838e-06
2.3418931e-06
2.3332657e-06
2.3246015e-06
2.3159004e-06
2.3071627e-06
2.2983884e-06
2.2895779e-06
2.2807315e-06
2.2718497e-06
2.262933e-06
2.2539821e-06
2.2449974e-06
2.2359799e-06
2.2269302e-06
2.217849e-06
2.2087374e-06
2.1995961e-06
2.1904261e-06
2.1812284e-06
2.1720038e-06
2.1627534e-06
2.1534783e-06
2.1441794e-06
2.1348578e-06
2.1255145e-06
2.1161507e-06
2.1067674e-06
2.0973657e-06
2.0879467e-06
2.0785114e-06
2.069061e-06
2.0595965e-06
2.050119e-06
2.0406296e-06
2.0311294e-06
2.0216195e-06
2.0121008e-06
2.0025745e-06
1.9930415e-06
1.983503e-06
1.9739599e-06
1.9644133e-06
1.9548641e-06
1.9453133e-06
1.9357619e-06
1.9262109e-06
1.9166612e-06
1.9071137e-06
1.8975694e-06
1.8880291e-06
1.8784937e-06
1.8689641e-06
1.8594411e-06
1.8499257e-06
1.8404186e-06
1.8309206e-06
1.8214326e-06
1.8119553e-06
1.8024895e-06
1.793036e-06
1.7835955e-06
1.7741687e-06
1.7647563e-06
1.7553591e-06
1.7459778e-06
1.7366129e-06
1.7272652e-06
1.7179354e-06
1.7086241e-06
1.6993318e-06
1.6900592e-06
1.680807e-06
1.6715757e-06
1.6623659e-06
1.6531781e-06
1.644013e-06
1.634871e-06
1.6257528e-06
1.6166589e-06
1.6075898e-06
1.598546e-06
1.589528e-06
1.5805363e-06
1.5715714e-06
1.5626338e-06
1.553724e-06
2.7726044e-06
2.7612756e-06
2.7501969e-06
2.7393586e-06
2.728746e-06
2.7183453e-06
2.7081442e-06
2.6981308e-06
2.6882934e-06
2.6786205e-06
2.6691009e-06
2.6597237e-06
2.6504785e-06
2.641355e-06
2.6323434e-06
2.6234343e-06
2.6146185e-06
2.6058872e-06
2.5972322e-06
2.5886453e-06
2.5801188e-06
2.5716455e-06
2.5632183e-06
2.5548307e-06
2.5464764e-06
2.5381494e-06
2.5298441e-06
2.5215554e-06
2.5132782e-06
2.5050079e-06
2.4967401e-06
2.4884709e-06
2.4801965e-06
2.4719134e-06
2.4636184e-06
2.4553086e-06
2.4469812e-06
2.4386339e-06
2.4302644e-06
2.4218706e-06
2.4134509e-06
2.4050035e-06
2.3965271e-06
2.3880205e-06
2.3794825e-06
2.3709124e-06
2.3623094e-06
2.3536729e-06
2.3450024e-06
2.3362977e-06
2.3275585e-06
2.3187848e-06
2.3099765e-06
2.3011338e-06
2.292257e-06
2.2833463e-06
2.2744021e-06
2.2654248e-06
2.256415e-06
2.2473734e-06
2.2383004e-06
2.2291968e-06
2.2200634e-06
2.210901e-06
2.2017104e-06
2.1924925e-06
2.1832481e-06
2.1739782e-06
2.1646838e-06
2.1553658e-06
2.1460251e-06
2.136663e-06
2.1272802e-06
2.1178779e-06
2.1084572e-06
2.099019e-06
2.0895645e-06
2.0800946e-06
2.0706105e-06
2.0611131e-06
2.0516036e-06
2.042083e-06
2.0325523e-06
2.0230127e-06
2.013465e-06
2.0039104e-06
1.9943498e-06
1.9847843e-06
1.9752149e-06
1.9656426e-06
1.9560683e-06
1.946493e-06
1.9369176e-06
1.9273432e-06
1.9177706e-06
1.9082007e-06
1.8986344e-06
1.8890727e-06
1.8795164e-06
1.8699663e-06
1.8604233e-06
1.8508883e-06
1.841362e-06
1.8318452e-06
1.8223388e-06
1.8128435e-06
1.8033601e-06
1.7938893e-06
1.7844318e-06
1.7749884e-06
1.7655599e-06
1.7561467e-06
1.7467498e-06
1.7373696e-06
1.728007e-06
1.7186624e-06
1.7093367e-06
1.7000302e-06
1.6907438e-06
1.681478e-06
1.6722333e-06
1.6630104e-06
1.6538098e-06
1.644632e-06
1.6354777e-06
1.6263473e-06
1.6172415e-06
1.6081606e-06
1.5991053e-06
1.590076e-06
1.5810732e-06
1.5720974e-06
1.5631491e-06
1.5542288e-06
2.7842308e-06
2.7726313e-06
2.7612847e-06
2.7501819e-06
2.7393079e-06
2.7286491e-06
2.7181936e-06
2.7079297e-06
2.6978457e-06
2.6879305e-06
2.6781728e-06
2.6685619e-06
2.6590875e-06
2.6497395e-06
2.640508e-06
2.6313837e-06
2.6223575e-06
2.6134206e-06
2.6045647e-06
2.5957817e-06
2.587064e-06
2.5784042e-06
2.5697954e-06
2.5612307e-06
2.5527041e-06
2.5442094e-06
2.535741e-06
2.5272936e-06
2.5188621e-06
2.5104419e-06
2.5020286e-06
2.493618e-06
2.4852063e-06
2.4767899e-06
2.4683655e-06
2.4599302e-06
2.451481e-06
2.4430156e-06
2.4345315e-06
2.4260266e-06
2.4174991e-06
2.4089472e-06
2.4003695e-06
2.3917647e-06
2.3831315e-06
2.3744691e-06
2.3657765e-06
2.3570532e-06
2.3482985e-06
2.3395122e-06
2.3306938e-06
2.3218433e-06
2.3129605e-06
2.3040456e-06
2.2950987e-06
2.28612e-06
2.2771097e-06
2.2680684e-06
2.2589965e-06
2.2498944e-06
2.2407628e-06
2.2316023e-06
2.2224135e-06
2.2131974e-06
2.2039545e-06
2.1946858e-06
2.1853921e-06
2.1760742e-06
2.166733e-06
2.1573696e-06
2.1479848e-06
2.1385796e-06
2.129155e-06
2.119712e-06
2.1102516e-06
2.1007748e-06
2.0912826e-06
2.0817761e-06
2.0722562e-06
2.0627239e-06
2.0531804e-06
2.0436267e-06
2.0340637e-06
2.0244925e-06
2.0149141e-06
2.0053294e-06
1.9957396e-06
1.9861455e-06
1.9765481e-06
1.9669485e-06
1.9573475e-06
1.9477462e-06
1.9381454e-06
1.9285461e-06
1.9189492e-06
1.9093555e-06
1.8997661e-06
1.8901816e-06
1.8806031e-06
1.8710312e-06
1.861467e-06
1.8519111e-06
1.8423644e-06
1.8328277e-06
1.8233018e-06
1.8137873e-06
1.8042852e-06
1.794796e-06
1.7853206e-06
1.7758596e-06
1.7664138e-06
1.7569838e-06
1.7475702e-06
1.7381738e-06
1.7287952e-06
1.7194351e-06
1.710094e-06
1.7007726e-06
1.6914714e-06
1.6821911e-06
1.6729322e-06
1.6636954e-06
1.6544811e-06
1.64529e-06
1.6361225e-06
1.6269792e-06
1.6178607e-06
1.6087674e-06
1.5996998e-06
1.5906585e-06
1.5816439e-06
1.5726565e-06
1.5636968e-06
1.5547653e-06
2.8085872e-06
2.7964377e-06
2.784556e-06
2.7729323e-06
2.761554e-06
2.7504074e-06
2.7394797e-06
2.7287591e-06
2.718234e-06
2.707893e-06
2.697725e-06
2.687719e-06
2.6778644e-06
2.6681509e-06
2.6585685e-06
2.6491074e-06
2.6397584e-06
2.6305124e-06
2.6213607e-06
2.6122949e-06
2.6033069e-06
2.5943892e-06
2.5855343e-06
2.5767353e-06
2.5679854e-06
2.5592782e-06
2.5506078e-06
2.5419685e-06
2.5333548e-06
2.5247616e-06
2.5161842e-06
2.5076181e-06
2.499059e-06
2.4905031e-06
2.4819467e-06
2.4733865e-06
2.4648192e-06
2.456242e-06
2.4476524e-06
2.4390477e-06
2.4304259e-06
2.421785e-06
2.4131231e-06
2.4044387e-06
2.3957303e-06
2.3869968e-06
2.378237e-06
2.3694501e-06
2.3606352e-06
2.3517917e-06
2.3429192e-06
2.3340173e-06
2.3250857e-06
2.3161243e-06
2.3071331e-06
2.2981121e-06
2.2890615e-06
2.2799815e-06
2.2708725e-06
2.2617347e-06
2.2525688e-06
2.2433752e-06
2.2341544e-06
2.2249071e-06
2.2156341e-06
2.2063359e-06
2.1970135e-06
2.1876675e-06
2.1782987e-06
2.1689082e-06
2.1594967e-06
2.1500651e-06
2.1406143e-06
2.1311454e-06
2.1216592e-06
2.1121567e-06
2.1026389e-06
2.0931068e-06
2.0835614e-06
2.0740036e-06
2.0644345e-06
2.0548549e-06
2.045266e-06
2.0356688e-06
2.0260641e-06
2.0164531e-06
2.0068366e-06
1.9972157e-06
1.9875912e-06
1.9779643e-06
1.9683357e-06
1.9587064e-06
1.9490775e-06
1.9394497e-06
1.929824e-06
1.9202013e-06
1.9105824e-06
1.9009683e-06
1.8913597e-06
1.8817576e-06
1.8721627e-06
1.8625758e-06
1.8529978e-06
1.8434295e-06
1.8338716e-06
1.8243249e-06
1.8147902e-06
1.8052682e-06
1.7957595e-06
1.786265e-06
1.7767853e-06
1.7673212e-06
1.7578732e-06
1.748442e-06
1.7390284e-06
1.7296329e-06
1.7202562e-06
1.7108988e-06
1.7015614e-06
1.6922446e-06
1.6829489e-06
1.673675e-06
1.6644234e-06
1.6551946e-06
1.6459892e-06
1.6368078e-06
1.6276508e-06
1.6185187e-06
1.6094122e-06
1.6003316e-06
1.5912776e-06
1.5822504e-06
1.5732507e-06
1.564279e-06
1.5553356e-06
2.8344067e-06
2.8216789e-06
2.8092339e-06
2.7970619e-06
2.7851501e-06
2.7734856e-06
2.7620559e-06
2.750849e-06
2.739853e-06
2.7290567e-06
2.7184486e-06
2.7080179e-06
2.6977537e-06
2.6876455e-06
2.6776832e-06
2.6678567e-06
2.6581566e-06
2.6485734e-06
2.6390983e-06
2.6297226e-06
2.6204378e-06
2.611236e-06
2.6021095e-06
2.5930508e-06
2.5840531e-06
2.5751095e-06
2.5662137e-06
2.5573596e-06
2.5485413e-06
2.5397535e-06
2.5309909e-06
2.5222488e-06
2.5135226e-06
2.5048079e-06
2.4961008e-06
2.4873976e-06
2.4786946e-06
2.4699889e-06
2.4612772e-06
2.452557e-06
2.4438257e-06
2.435081e-06
2.4263207e-06
2.4175431e-06
2.4087464e-06
2.3999291e-06
2.3910898e-06
2.3822275e-06
2.3733411e-06
2.3644297e-06
2.3554926e-06
2.3465292e-06
2.3375392e-06
2.3285221e-06
2.3194777e-06
2.3104059e-06
2.3013067e-06
2.2921802e-06
2.2830265e-06
2.2738459e-06
2.2646387e-06
2.2554052e-06
2.246146e-06
2.2368615e-06
2.2275524e-06
2.2182192e-06
2.2088625e-06
2.1994832e-06
2.1900819e-06
2.1806593e-06
2.1712165e-06
2.161754e-06
2.1522729e-06
2.1427739e-06
2.1332579e-06
2.123726e-06
2.114179e-06
2.1046178e-06
2.0950435e-06
2.0854568e-06
2.0758589e-06
2.0662505e-06
2.0566328e-06
2.0470067e-06
2.0373731e-06
2.027733e-06
2.0180874e-06
2.0084371e-06
1.9987832e-06
1.9891266e-06
1.9794682e-06
1.9698089e-06
1.9601497e-06
1.9504914e-06
1.940835e-06
1.9311813e-06
1.9215312e-06
1.9118856e-06
1.9022453e-06
1.8926111e-06
1.8829839e-06
1.8733645e-06
1.8637537e-06
1.8541523e-06
1.844561e-06
1.8349806e-06
1.8254119e-06
1.8158557e-06
1.8063125e-06
1.7967832e-06
1.7872684e-06
1.7777689e-06
1.7682853e-06
1.7588182e-06
1.7493684e-06
1.7399364e-06
1.730523e-06
1.7211286e-06
1.711754e-06
1.7023996e-06
1.6930662e-06
1.6837542e-06
1.6744643e-06
1.665197e-06
1.6559528e-06
1.6467323e-06
1.637536e-06
1.6283644e-06
1.6192181e-06
1.6100975e-06
1.6010031e-06
1.5919355e-06
1.582895e-06
1.5738823e-06
1.5648976e-06
1.5559416e-06
2.8617752e-06
2.848441e-06
2.8354037e-06
2.822654e-06
2.8101795e-06
2.7979672e-06
2.786005e-06
2.7742811e-06
2.7627839e-06
2.7515017e-06
2.7404232e-06
2.7295373e-06
2.7188332e-06
2.7083002e-06
2.697928e-06
2.6877066e-06
2.677626e-06
2.6676767e-06
2.6578496e-06
2.6481356e-06
2.6385262e-06
2.629013e-06
2.619588e-06
2.6102435e-06
2.6009722e-06
2.5917669e-06
2.582621e-06
2.5735279e-06
2.5644816e-06
2.5554761e-06
2.5465061e-06
2.5375663e-06
2.5286517e-06
2.5197578e-06
2.51088e-06
2.5020144e-06
2.4931571e-06
2.4843045e-06
2.4754534e-06
2.4666006e-06
2.4577433e-06
2.4488789e-06
2.4400049e-06
2.4311193e-06
2.4222199e-06
2.4133051e-06
2.4043731e-06
2.3954226e-06
2.3864524e-06
2.3774612e-06
2.3684481e-06
2.3594124e-06
2.3503533e-06
2.3412702e-06
2.3321629e-06
2.323031e-06
2.3138742e-06
2.3046925e-06
2.2954858e-06
2.2862543e-06
2.2769982e-06
2.2677175e-06
2.2584128e-06
2.2490843e-06
2.2397325e-06
2.2303579e-06
2.220961e-06
2.2115425e-06
2.202103e-06
2.1926432e-06
2.1831638e-06
2.1736655e-06
2.1641492e-06
2.1546155e-06
2.1450655e-06
2.1354998e-06
2.1259195e-06
2.1163253e-06
2.1067182e-06
2.097099e-06
2.0874687e-06
2.0778282e-06
2.0681784e-06
2.0585202e-06
2.0488546e-06
2.0391825e-06
2.0295049e-06
2.0198226e-06
2.0101365e-06
2.0004477e-06
1.9907569e-06
1.9810652e-06
1.9713733e-06
1.9616823e-06
1.9519929e-06
1.9423062e-06
1.9326228e-06
1.9229437e-06
1.9132697e-06
1.9036016e-06
1.8939403e-06
1.8842865e-06
1.8746411e-06
1.8650049e-06
1.8553785e-06
1.8457629e-06
1.8361587e-06
1.8265666e-06
1.8169875e-06
1.8074219e-06
1.7978706e-06
1.7883344e-06
1.7788138e-06
1.7693095e-06
1.7598222e-06
1.7503525e-06
1.7409011e-06
1.7314686e-06
1.7220555e-06
1.7126626e-06
1.7032902e-06
1.6939392e-06
1.6846099e-06
1.675303e-06
1.666019e-06
1.6567584e-06
1.6475219e-06
1.6383098e-06
1.6291227e-06
1.6199612e-06
1.6108257e-06
1.6017166e-06
1.5926346e-06
1.58358e-06
1.5745533e-06
1.5655551e-06
1.5565857e-06
2.8907365e-06
2.8767703e-06
2.8631157e-06
2.8497617e-06
2.8366969e-06
2.8239091e-06
2.8113861e-06
2.7991166e-06
2.7870889e-06
2.7752915e-06
2.763713e-06
2.7523424e-06
2.7411687e-06
2.7301814e-06
2.7193699e-06
2.7087239e-06
2.6982336e-06
2.6878892e-06
2.6776812e-06
2.6676006e-06
2.6576383e-06
2.6477859e-06
2.6380351e-06
2.6283777e-06
2.6188063e-06
2.6093133e-06
2.5998917e-06
2.5905347e-06
2.5812358e-06
2.5719889e-06
2.5627881e-06
2.5536277e-06
2.5445026e-06
2.5354077e-06
2.5263383e-06
2.5172898e-06
2.5082583e-06
2.4992396e-06
2.4902302e-06
2.4812267e-06
2.4722259e-06
2.4632248e-06
2.4542207e-06
2.4452111e-06
2.4361938e-06
2.4271665e-06
2.4181275e-06
2.4090751e-06
2.4000076e-06
2.3909237e-06
2.3818223e-06
2.3727022e-06
2.3635626e-06
2.3544026e-06
2.3452217e-06
2.3360193e-06
2.326795e-06
2.3175486e-06
2.3082799e-06
2.2989887e-06
2.2896751e-06
2.2803391e-06
2.270981e-06
2.2616009e-06
2.2521992e-06
2.2427763e-06
2.2333325e-06
2.2238684e-06
2.2143846e-06
2.2048815e-06
2.1953598e-06
2.1858202e-06
2.1762633e-06
2.16669e-06
2.1571009e-06
2.1474968e-06
2.1378785e-06
2.1282469e-06
2.1186028e-06
2.108947e-06
2.0992804e-06
2.0896039e-06
2.0799183e-06
2.0702245e-06
2.0605235e-06
2.0508161e-06
2.0411032e-06
2.0313857e-06
2.0216645e-06
2.0119406e-06
2.0022147e-06
1.9924878e-06
1.9827607e-06
1.9730343e-06
1.9633096e-06
1.9535873e-06
1.9438683e-06
1.9341534e-06
1.9244435e-06
1.9147394e-06
1.9050419e-06
1.8953518e-06
1.8856699e-06
1.8759969e-06
1.8663337e-06
1.8566809e-06
1.8470394e-06
1.8374099e-06
1.8277931e-06
1.8181896e-06
1.8086003e-06
1.7990257e-06
1.7894666e-06
1.7799237e-06
1.7703975e-06
1.7608887e-06
1.751398e-06
1.7419259e-06
1.7324732e-06
1.7230403e-06
1.7136278e-06
1.7042364e-06
1.6948666e-06
1.6855189e-06
1.676194e-06
1.6668923e-06
1.6576144e-06
1.6483607e-06
1.6391319e-06
1.6299284e-06
1.6207508e-06
1.6115994e-06
1.6024748e-06
1.5933774e-06
1.5843078e-06
1.5752664e-06
1.5662537e-06
1.55727e-06
2.9363546e-06
2.9213913e-06
2.9067634e-06
2.8924634e-06
2.878478e-06
2.8647948e-06
2.8514023e-06
2.8382892e-06
2.8254442e-06
2.8128559e-06
2.8005129e-06
2.788404e-06
2.7765181e-06
2.7648443e-06
2.7533719e-06
2.7420904e-06
2.7309896e-06
2.7200592e-06
2.7092895e-06
2.6986709e-06
2.6881939e-06
2.6778496e-06
2.667629e-06
2.6575237e-06
2.6475254e-06
2.6376261e-06
2.6278182e-06
2.6180942e-06
2.608447e-06
2.5988699e-06
2.5893563e-06
2.5799e-06
2.5704951e-06
2.561136e-06
2.5518172e-06
2.5425338e-06
2.5332808e-06
2.5240539e-06
2.5148486e-06
2.505661e-06
2.4964874e-06
2.4873243e-06
2.4781683e-06
2.4690164e-06
2.4598658e-06
2.4507139e-06
2.4415582e-06
2.4323967e-06
2.4232273e-06
2.4140482e-06
2.4048578e-06
2.3956545e-06
2.3864371e-06
2.3772044e-06
2.3679554e-06
2.3586892e-06
2.3494052e-06
2.3401027e-06
2.3307812e-06
2.3214403e-06
2.3120798e-06
2.3026994e-06
2.2932992e-06
2.2838791e-06
2.2744392e-06
2.2649796e-06
2.2555007e-06
2.2460026e-06
2.2364858e-06
2.2269507e-06
2.2173977e-06
2.2078274e-06
2.1982404e-06
2.1886371e-06
2.1790184e-06
2.1693847e-06
2.1597369e-06
2.1500756e-06
2.1404017e-06
2.1307159e-06
2.1210189e-06
2.1113116e-06
2.1015948e-06
2.0918694e-06
2.0821361e-06
2.0723958e-06
2.0626494e-06
2.0528977e-06
2.0431416e-06
2.0333819e-06
2.0236196e-06
2.0138554e-06
2.0040903e-06
1.994325e-06
1.9845605e-06
1.9747976e-06
1.9650371e-06
1.9552799e-06
1.9455267e-06
1.9357785e-06
1.926036e-06
1.9162999e-06
1.9065712e-06
1.8968506e-06
1.8871388e-06
1.8774366e-06
1.8677447e-06
1.858064e-06
1.848395e-06
1.8387387e-06
1.8290955e-06
1.8194664e-06
1.8098518e-06
1.8002525e-06
1.7906692e-06
1.7811025e-06
1.7715531e-06
1.7620215e-06
1.7525085e-06
1.7430145e-06
1.7335402e-06
1.7240863e-06
1.7146532e-06
1.7052415e-06
1.6958518e-06
1.6864846e-06
1.6771405e-06
1.66782e-06
1.6585237e-06
1.6492519e-06
1.6400053e-06
1.6307844e-06
1.6215896e-06
1.6124214e-06
1.6032803e-06
1.5941667e-06
1.5850811e-06
1.576024e-06
1.5669959e-06
1.5579972e-06
2.9537543e-06
2.9384471e-06
2.9234766e-06
2.9088347e-06
2.894509e-06
2.8804872e-06
2.8667581e-06
2.8533111e-06
2.8401351e-06
2.8272188e-06
2.8145513e-06
2.8021216e-06
2.7899188e-06
2.7779324e-06
2.7661517e-06
2.7545666e-06
2.7431668e-06
2.7319424e-06
2.7208838e-06
2.7099814e-06
2.6992259e-06
2.6886084e-06
2.6781201e-06
2.6677525e-06
2.6574975e-06
2.647347e-06
2.6372934e-06
2.6273293e-06
2.6174476e-06
2.6076414e-06
2.5979043e-06
2.58823e-06
2.5786125e-06
2.5690461e-06
2.5595254e-06
2.5500452e-06
2.5406007e-06
2.5311872e-06
2.5218005e-06
2.5124363e-06
2.5030909e-06
2.4937607e-06
2.4844422e-06
2.4751324e-06
2.4658283e-06
2.4565273e-06
2.4472267e-06
2.4379243e-06
2.4286181e-06
2.419306e-06
2.4099864e-06
2.4006576e-06
2.3913184e-06
2.3819673e-06
2.3726033e-06
2.3632255e-06
2.3538329e-06
2.344425e-06
2.3350011e-06
2.3255607e-06
2.3161035e-06
2.3066292e-06
2.2971377e-06
2.2876289e-06
2.2781027e-06
2.2685593e-06
2.2589988e-06
2.2494215e-06
2.2398276e-06
2.2302175e-06
2.2205916e-06
2.2109503e-06
2.2012941e-06
2.1916236e-06
2.1819394e-06
2.1722421e-06
2.1625322e-06
2.1528105e-06
2.1430777e-06
2.1333345e-06
2.1235816e-06
2.1138198e-06
2.1040499e-06
2.0942727e-06
2.0844889e-06
2.0746994e-06
2.0649049e-06
2.0551063e-06
2.0453045e-06
2.0355002e-06
2.0256942e-06
2.0158875e-06
2.0060808e-06
1.996275e-06
1.9864708e-06
1.9766691e-06
1.9668707e-06
1.9570765e-06
1.9472872e-06
1.9375036e-06
1.9277265e-06
1.9179566e-06
1.9081948e-06
1.8984418e-06
1.8886983e-06
1.8789651e-06
1.8692429e-06
1.8595324e-06
1.8498344e-06
1.8401496e-06
1.8304786e-06
1.8208221e-06
1.8111808e-06
1.8015553e-06
1.7919463e-06
1.7823545e-06
1.7727803e-06
1.7632246e-06
1.7536878e-06
1.7441706e-06
1.7346736e-06
1.7251972e-06
1.7157422e-06
1.706309e-06
1.6968982e-06
1.6875103e-06
1.6781459e-06
1.6688055e-06
1.6594896e-06
1.6501986e-06
1.6409332e-06
1.6316937e-06
1.6224807e-06
1.6132946e-06
1.6041359e-06
1.5950051e-06
1.5859026e-06
1.5768289e-06
1.5677845e-06
1.5587697e-06
2.9719291e-06
2.956266e-06
2.9409404e-06
2.9259442e-06
2.9112658e-06
2.8968933e-06
2.8828161e-06
2.8690234e-06
2.8555046e-06
2.8422488e-06
2.8292452e-06
2.8164833e-06
2.8039524e-06
2.7916421e-06
2.7795421e-06
2.7676423e-06
2.7559327e-06
2.7444036e-06
2.7330453e-06
2.7218485e-06
2.7108041e-06
2.6999031e-06
2.6891368e-06
2.6784968e-06
2.667975e-06
2.6575634e-06
2.6472543e-06
2.6370405e-06
2.6269147e-06
2.6168702e-06
2.6069004e-06
2.5969989e-06
2.5871598e-06
2.5773772e-06
2.5676459e-06
2.5579604e-06
2.5483159e-06
2.5387077e-06
2.5291313e-06
2.5195825e-06
2.5100575e-06
2.5005525e-06
2.4910641e-06
2.481589e-06
2.4721241e-06
2.4626667e-06
2.4532142e-06
2.4437642e-06
2.4343144e-06
2.4248628e-06
2.4154076e-06
2.4059471e-06
2.3964799e-06
2.3870044e-06
2.3775196e-06
2.3680243e-06
2.3585176e-06
2.3489988e-06
2.3394671e-06
2.3299219e-06
2.3203629e-06
2.3107897e-06
2.301202e-06
2.2915997e-06
2.2819826e-06
2.2723508e-06
2.2627043e-06
2.2530434e-06
2.2433681e-06
2.2336789e-06
2.2239759e-06
2.2142597e-06
2.2045306e-06
2.1947891e-06
2.1850358e-06
2.1752711e-06
2.1654956e-06
2.1557101e-06
2.145915e-06
2.1361112e-06
2.1262992e-06
2.1164798e-06
2.1066537e-06
2.0968217e-06
2.0869845e-06
2.0771429e-06
2.0672975e-06
2.0574493e-06
2.0475991e-06
2.0377475e-06
2.0278954e-06
2.0180436e-06
2.0081929e-06
1.9983441e-06
1.9884979e-06
1.9786551e-06
1.9688166e-06
1.9589832e-06
1.9491556e-06
1.9393345e-06
1.9295207e-06
1.919715e-06
1.9099181e-06
1.9001308e-06
1.8903538e-06
1.8805877e-06
1.8708334e-06
1.8610914e-06
1.8513626e-06
1.8416476e-06
1.831947e-06
1.8222615e-06
1.8125918e-06
1.8029386e-06
1.7933023e-06
1.7836838e-06
1.7740835e-06
1.7645021e-06
1.7549402e-06
1.7453983e-06
1.7358771e-06
1.7263771e-06
1.7168988e-06
1.7074428e-06
1.6980096e-06
1.6885997e-06
1.6792138e-06
1.6698522e-06
1.6605155e-06
1.6512041e-06
1.6419186e-06
1.6326595e-06
1.6234272e-06
1.6142222e-06
1.6050449e-06
1.5958958e-06
1.5867753e-06
1.5776839e-06
1.5686221e-06
1.5595903e-06
2.9908269e-06
2.9748012e-06
2.9591134e-06
2.9437558e-06
2.9287174e-06
2.9139868e-06
2.8995535e-06
2.8854071e-06
2.8715373e-06
2.8579335e-06
2.8445854e-06
2.8314826e-06
2.8186147e-06
2.8059716e-06
2.7935432e-06
2.7813196e-06
2.769291e-06
2.7574479e-06
2.7457806e-06
2.7342802e-06
2.7229374e-06
2.7117434e-06
2.7006898e-06
2.6897681e-06
2.6789702e-06
2.6682882e-06
2.6577145e-06
2.6472417e-06
2.6368628e-06
2.6265708e-06
2.6163592e-06
2.6062217e-06
2.5961522e-06
2.5861448e-06
2.5761942e-06
2.5662949e-06
2.5564421e-06
2.5466308e-06
2.5368566e-06
2.5271153e-06
2.5174028e-06
2.5077152e-06
2.4980492e-06
2.4884012e-06
2.4787682e-06
2.4691472e-06
2.4595357e-06
2.449931e-06
2.4403308e-06
2.430733e-06
2.4211356e-06
2.411537e-06
2.4019353e-06
2.3923293e-06
2.3827175e-06
2.3730989e-06
2.3634723e-06
2.3538368e-06
2.3441918e-06
2.3345365e-06
2.3248704e-06
2.315193e-06
2.3055041e-06
2.2958032e-06
2.2860904e-06
2.2763654e-06
2.2666283e-06
2.2568792e-06
2.2471182e-06
2.2373454e-06
2.2275613e-06
2.217766e-06
2.2079599e-06
2.1981434e-06
2.1883171e-06
2.1784813e-06
2.1686366e-06
2.1587835e-06
2.1489227e-06
2.1390548e-06
2.1291804e-06
2.1193001e-06
2.1094146e-06
2.0995247e-06
2.089631e-06
2.0797342e-06
2.0698351e-06
2.0599344e-06
2.0500329e-06
2.0401313e-06
2.0302304e-06
2.0203309e-06
2.0104336e-06
2.0005392e-06
1.9906485e-06
1.9807623e-06
1.9708814e-06
1.9610064e-06
1.9511382e-06
1.9412774e-06
1.9314248e-06
1.9215812e-06
1.9117471e-06
1.9019234e-06
1.8921108e-06
1.8823099e-06
1.8725215e-06
1.8627462e-06
1.8529847e-06
1.8432377e-06
1.8335058e-06
1.8237896e-06
1.8140898e-06
1.8044071e-06
1.794742e-06
1.7850952e-06
1.7754671e-06
1.7658585e-06
1.75627e-06
1.7467019e-06
1.7371551e-06
1.7276299e-06
1.7181269e-06
1.7086467e-06
1.6991897e-06
1.6897566e-06
1.6803478e-06
1.6709637e-06
1.661605e-06
1.652272e-06
1.6429653e-06
1.6336853e-06
1.6244325e-06
1.6152073e-06
1.6060102e-06
1.5968417e-06
1.5877022e-06
1.5785921e-06
1.5695119e-06
1.560462e-06
3.0105359e-06
2.9941352e-06
2.9780731e-06
2.9623422e-06
2.9469319e-06
2.9318312e-06
2.91703e-06
2.9025182e-06
2.8882858e-06
2.8743227e-06
2.8606187e-06
2.8471637e-06
2.8339477e-06
2.8209607e-06
2.8081929e-06
2.7956346e-06
2.7832762e-06
2.7711082e-06
2.7591213e-06
2.7473065e-06
2.7356549e-06
2.7241577e-06
2.7128063e-06
2.7015926e-06
2.6905085e-06
2.6795461e-06
2.6686978e-06
2.6579563e-06
2.6473145e-06
2.6367654e-06
2.6263026e-06
2.6159197e-06
2.6056105e-06
2.5953692e-06
2.5851903e-06
2.5750684e-06
2.5649984e-06
2.5549755e-06
2.5449951e-06
2.5350528e-06
2.5251445e-06
2.5152664e-06
2.5054147e-06
2.4955861e-06
2.4857773e-06
2.4759853e-06
2.4662073e-06
2.4564406e-06
2.4466829e-06
2.4369319e-06
2.4271856e-06
2.417442e-06
2.4076995e-06
2.3979565e-06
2.3882115e-06
2.3784633e-06
2.3687107e-06
2.3589528e-06
2.3491886e-06
2.3394175e-06
2.3296387e-06
2.3198518e-06
2.3100563e-06
2.3002518e-06
2.2904381e-06
2.280615e-06
2.2707825e-06
2.2609404e-06
2.251089e-06
2.2412283e-06
2.2313584e-06
2.2214797e-06
2.2115924e-06
2.2016969e-06
2.1917935e-06
2.1818826e-06
2.1719648e-06
2.1620405e-06
2.1521103e-06
2.1421747e-06
2.1322342e-06
2.1222896e-06
2.1123414e-06
2.1023902e-06
2.0924368e-06
2.0824817e-06
2.0725257e-06
2.0625695e-06
2.0526138e-06
2.0426593e-06
2.0327067e-06
2.0227568e-06
2.0128102e-06
2.0028677e-06
1.9929299e-06
1.9829977e-06
1.9730718e-06
1.9631529e-06
1.9532417e-06
1.9433389e-06
1.9334452e-06
1.9235613e-06
1.9136879e-06
1.9038257e-06
1.8939754e-06
1.8841376e-06
1.8743131e-06
1.8645024e-06
1.8547063e-06
1.8449254e-06
1.8351603e-06
1.8254116e-06
1.8156799e-06
1.805966e-06
1.7962702e-06
1.7865934e-06
1.776936e-06
1.7672985e-06
1.7576817e-06
1.7480859e-06
1.7385119e-06
1.72896e-06
1.7194308e-06
1.709925e-06
1.7004428e-06
1.690985e-06
1.6815519e-06
1.672144e-06
1.6627619e-06
1.6534059e-06
1.6440767e-06
1.6347746e-06
1.6255e-06
1.6162535e-06
1.6070355e-06
1.5978464e-06
1.5886866e-06
1.5795566e-06
1.5704569e-06
1.5613878e-06
3.030986e-06
3.0142053e-06
2.9977636e-06
2.9816537e-06
2.9658655e-06
2.9503883e-06
2.9352125e-06
2.9203284e-06
2.9057263e-06
2.8913964e-06
2.8773288e-06
2.8635138e-06
2.8499415e-06
2.8366024e-06
2.8234867e-06
2.8105851e-06
2.7978881e-06
2.7853864e-06
2.773071e-06
2.7609329e-06
2.7489634e-06
2.7371537e-06
2.7254955e-06
2.7139806e-06
2.702601e-06
2.691349e-06
2.6802169e-06
2.6691974e-06
2.6582835e-06
2.6474683e-06
2.6367452e-06
2.6261078e-06
2.61555e-06
2.605066e-06
2.59465e-06
2.5842967e-06
2.5740009e-06
2.5637578e-06
2.5535627e-06
2.5434111e-06
2.5332989e-06
2.523222e-06
2.5131768e-06
2.5031597e-06
2.4931673e-06
2.4831966e-06
2.4732446e-06
2.4633087e-06
2.4533862e-06
2.4434749e-06
2.4335726e-06
2.4236773e-06
2.4137871e-06
2.4039005e-06
2.3940158e-06
2.3841317e-06
2.3742469e-06
2.3643604e-06
2.3544712e-06
2.3445783e-06
2.3346812e-06
2.3247791e-06
2.3148715e-06
2.3049579e-06
2.2950381e-06
2.2851118e-06
2.2751788e-06
2.2652389e-06
2.2552923e-06
2.2453388e-06
2.2353787e-06
2.2254121e-06
2.2154392e-06
2.2054602e-06
2.1954756e-06
2.1854855e-06
2.1754906e-06
2.1654911e-06
2.1554875e-06
2.1454804e-06
2.1354703e-06
2.1254577e-06
2.1154432e-06
2.1054273e-06
2.0954108e-06
2.0853942e-06
2.0753781e-06
2.0653632e-06
2.0553502e-06
2.0453397e-06
2.0353325e-06
2.0253292e-06
2.0153305e-06
2.005337e-06
1.9953494e-06
1.9853685e-06
1.975395e-06
1.9654296e-06
1.955473e-06
1.9455257e-06
1.9355884e-06
1.925662e-06
1.9157469e-06
1.905844e-06
1.8959537e-06
1.8860769e-06
1.8762141e-06
1.866366e-06
1.8565332e-06
1.8467164e-06
1.8369161e-06
1.8271329e-06
1.8173675e-06
1.8076204e-06
1.7978923e-06
1.7881836e-06
1.778495e-06
1.768827e-06
1.7591802e-06
1.749555e-06
1.7399521e-06
1.730372e-06
1.7208151e-06
1.711282e-06
1.7017732e-06
1.6922891e-06
1.6828303e-06
1.6733971e-06
1.6639902e-06
1.6546099e-06
1.6452568e-06
1.6359312e-06
1.6266336e-06
1.6173645e-06
1.6081242e-06
1.5989132e-06
1.589732e-06
1.5805809e-06
1.5714604e-06
1.5623709e-06
3.0522811e-06
3.0351084e-06
3.0182751e-06
3.0017743e-06
2.9855964e-06
2.9697313e-06
2.9541695e-06
2.9389017e-06
2.9239186e-06
2.9092107e-06
2.8947684e-06
2.8805823e-06
2.8666429e-06
2.8529407e-06
2.8394664e-06
2.8262107e-06
2.8131644e-06
2.8003185e-06
2.787664e-06
2.7751921e-06
2.7628941e-06
2.7507616e-06
2.7387863e-06
2.72696e-06
2.7152749e-06
2.7037231e-06
2.6922972e-06
2.6809899e-06
2.6697941e-06
2.658703e-06
2.6477099e-06
2.6368085e-06
2.6259927e-06
2.6152564e-06
2.6045941e-06
2.5940003e-06
2.5834698e-06
2.5729976e-06
2.562579e-06
2.5522095e-06
2.5418848e-06
2.5316008e-06
2.5213537e-06
2.5111399e-06
2.5009559e-06
2.4907986e-06
2.4806649e-06
2.470552e-06
2.4604573e-06
2.4503783e-06
2.4403128e-06
2.4302586e-06
2.4202139e-06
2.4101768e-06
2.4001457e-06
2.3901191e-06
2.3800957e-06
2.3700742e-06
2.3600537e-06
2.3500331e-06
2.3400116e-06
2.3299885e-06
2.3199632e-06
2.309935e-06
2.2999036e-06
2.2898687e-06
2.2798299e-06
2.2697871e-06
2.2597402e-06
2.2496891e-06
2.2396339e-06
2.2295747e-06
2.2195115e-06
2.2094447e-06
2.1993744e-06
2.1893009e-06
2.1792245e-06
2.1691457e-06
2.1590648e-06
2.1489823e-06
2.1388986e-06
2.1288142e-06
2.1187297e-06
2.1086456e-06
2.0985624e-06
2.0884807e-06
2.0784011e-06
2.0683243e-06
2.0582507e-06
2.0481811e-06
2.0381161e-06
2.0280564e-06
2.0180026e-06
2.0079552e-06
1.9979149e-06
1.9878825e-06
1.9778587e-06
1.9678441e-06
1.9578393e-06
1.9478449e-06
1.9378616e-06
1.9278901e-06
1.917931e-06
1.9079848e-06
1.8980524e-06
1.8881342e-06
1.8782309e-06
1.8683432e-06
1.8584715e-06
1.8486166e-06
1.8387791e-06
1.8289594e-06
1.8191582e-06
1.8093761e-06
1.7996135e-06
1.7898712e-06
1.7801496e-06
1.7704492e-06
1.7607706e-06
1.7511143e-06
1.7414809e-06
1.7318707e-06
1.7222844e-06
1.7127225e-06
1.7031853e-06
1.6936735e-06
1.6841874e-06
1.6747275e-06
1.6652943e-06
1.6558882e-06
1.6465097e-06
1.6371592e-06
1.6278371e-06
1.618544e-06
1.6092801e-06
1.6000459e-06
1.5908419e-06
1.5816685e-06
1.572526e-06
1.5634149e-06
3.0743327e-06
3.0567648e-06
3.0395362e-06
3.0226404e-06
3.0060684e-06
2.9898102e-06
2.973857e-06
2.9581998e-06
2.9428297e-06
2.9277374e-06
2.9129138e-06
2.8983496e-06
2.8840358e-06
2.8699631e-06
2.8561224e-06
2.8425048e-06
2.8291011e-06
2.8159027e-06
2.8029006e-06
2.7900864e-06
2.7774514e-06
2.7649873e-06
2.7526859e-06
2.7405393e-06
2.7285395e-06
2.716679e-06
2.7049502e-06
2.6933459e-06
2.6818591e-06
2.670483e-06
2.6592109e-06
2.6480365e-06
2.6369535e-06
2.6259561e-06
2.6150385e-06
2.6041953e-06
2.5934212e-06
2.5827112e-06
2.5720605e-06
2.5614644e-06
2.5509187e-06
2.5404192e-06
2.529962e-06
2.5195433e-06
2.5091597e-06
2.4988078e-06
2.4884845e-06
2.478187e-06
2.4679124e-06
2.4576583e-06
2.4474221e-06
2.4372019e-06
2.4269954e-06
2.4168008e-06
2.4066164e-06
2.3964406e-06
2.3862719e-06
2.376109e-06
2.3659508e-06
2.3557962e-06
2.3456443e-06
2.3354941e-06
2.3253451e-06
2.3151965e-06
2.3050479e-06
2.2948988e-06
2.2847488e-06
2.2745978e-06
2.2644454e-06
2.2542916e-06
2.2441363e-06
2.2339796e-06
2.2238214e-06
2.213662e-06
2.2035014e-06
2.1933399e-06
2.1831778e-06
2.1730153e-06
2.1628529e-06
2.1526908e-06
2.1425295e-06
2.1323695e-06
2.1222111e-06
2.1120549e-06
2.1019013e-06
2.0917509e-06
2.0816043e-06
2.0714619e-06
2.0613244e-06
2.0511923e-06
2.0410663e-06
2.030947e-06
2.0208349e-06
2.0107306e-06
2.0006346e-06
1.9905476e-06
1.9804707e-06
1.9704041e-06
1.9603484e-06
1.9503042e-06
1.9402722e-06
1.930253e-06
1.9202472e-06
1.9102554e-06
1.9002782e-06
1.8903163e-06
1.8803702e-06
1.8704404e-06
1.8605277e-06
1.8506325e-06
1.8407555e-06
1.8308971e-06
1.8210581e-06
1.8112388e-06
1.8014399e-06
1.7916618e-06
1.7819052e-06
1.7721705e-06
1.7624583e-06
1.752769e-06
1.7431032e-06
1.7334613e-06
1.7238438e-06
1.7142513e-06
1.7046841e-06
1.6951428e-06
1.6856278e-06
1.6761395e-06
1.6666784e-06
1.657245e-06
1.6478396e-06
1.6384627e-06
1.6291148e-06
1.6197961e-06
1.6105072e-06
1.6012485e-06
1.5920203e-06
1.5828232e-06
1.5736573e-06
1.5645233e-06
3.0972574e-06
3.0792826e-06
3.0616473e-06
3.0443453e-06
3.0273679e-06
3.0107058e-06
2.9943503e-06
2.9782929e-06
2.962525e-06
2.9470377e-06
2.9318221e-06
2.9168694e-06
2.9021706e-06
2.887717e-06
2.8734996e-06
2.8595096e-06
2.8457383e-06
2.832177e-06
2.8188172e-06
2.8056503e-06
2.7926681e-06
2.7798623e-06
2.7672248e-06
2.7547477e-06
2.7424233e-06
2.730244e-06
2.7182024e-06
2.7062913e-06
2.6945037e-06
2.6828328e-06
2.671272e-06
2.6598148e-06
2.6484552e-06
2.6371872e-06
2.626005e-06
2.6149031e-06
2.6038762e-06
2.5929193e-06
2.5820274e-06
2.571196e-06
2.5604205e-06
2.5496968e-06
2.5390208e-06
2.5283889e-06
2.5177972e-06
2.5072425e-06
2.4967216e-06
2.4862314e-06
2.4757691e-06
2.465332e-06
2.4549177e-06
2.4445238e-06
2.4341483e-06
2.423789e-06
2.4134442e-06
2.4031121e-06
2.3927913e-06
2.3824803e-06
2.3721778e-06
2.3618827e-06
2.3515939e-06
2.3413106e-06
2.3310317e-06
2.3207568e-06
2.310485e-06
2.300216e-06
2.2899492e-06
2.2796843e-06
2.2694211e-06
2.2591593e-06
2.2488987e-06
2.2386393e-06
2.2283812e-06
2.2181242e-06
2.2078686e-06
2.1976145e-06
2.187362e-06
2.1771114e-06
2.166863e-06
2.1566171e-06
2.146374e-06
2.1361341e-06
2.1258978e-06
2.1156655e-06
2.1054377e-06
2.0952149e-06
2.0849974e-06
2.0747859e-06
2.0645809e-06
2.0543828e-06
2.0441923e-06
2.0340101e-06
2.0238364e-06
3.1209504e-06
3.1025674e-06
3.0845234e-06
3.0668127e-06
3.049427e-06
3.0323574e-06
3.0155957e-06
2.9991337e-06
2.9829632e-06
2.9670757e-06
2.9514626e-06
2.9361155e-06
2.9210256e-06
2.9061845e-06
2.8915835e-06
2.8772141e-06
2.8630678e-06
2.8491361e-06
2.8354107e-06
2.8218833e-06
2.8085457e-06
2.7953899e-06
2.7824078e-06
2.7695918e-06
2.7569341e-06
2.7444273e-06
2.7320641e-06
2.7198372e-06
2.7077399e-06
2.6957652e-06
2.6839067e-06
2.6721579e-06
2.6605126e-06
2.648965e-06
2.6375092e-06
2.6261397e-06
2.6148511e-06
2.6036384e-06
2.5924965e-06
2.5814209e-06
2.570407e-06
2.5594505e-06
2.5485473e-06
2.5376936e-06
2.5268856e-06
2.5161199e-06
2.5053931e-06
2.4947022e-06
2.4840443e-06
2.4734165e-06
2.4628162e-06
2.4522411e-06
2.441689e-06
2.4311576e-06
2.4206452e-06
2.4101498e-06
2.3996698e-06
2.3892038e-06
2.3787502e-06
2.368308e-06
2.3578758e-06
2.3474527e-06
2.3370378e-06
2.3266303e-06
2.3162294e-06
2.3058345e-06
2.295445e-06
2.2850606e-06
2.2746809e-06
2.2643055e-06
2.2539342e-06
2.243567e-06
2.2332036e-06
2.2228441e-06
2.2124885e-06
2.2021368e-06
2.1917892e-06
2.1814458e-06
2.1711068e-06
2.1607726e-06
2.1504432e-06
2.1401192e-06
2.1298008e-06
2.1194883e-06
2.1091822e-06
2.0988829e-06
2.0885908e-06
2.0783064e-06
2.0680301e-06
2.0577623e-06
2.0475037e-06
3.1455368e-06
3.1267349e-06
3.1082718e-06
3.0901421e-06
3.0723378e-06
3.0548507e-06
3.0376727e-06
3.0207962e-06
3.0042133e-06
2.9879157e-06
2.9718954e-06
2.956144e-06
2.9406532e-06
2.9254149e-06
2.9104206e-06
2.8956621e-06
2.881131e-06
2.8668193e-06
2.8527186e-06
2.8388209e-06
2.8251182e-06
2.8116025e-06
2.7982662e-06
2.7851014e-06
2.7721007e-06
2.7592567e-06
2.7465621e-06
2.7340099e-06
2.7215932e-06
2.7093051e-06
2.6971393e-06
2.6850893e-06
2.6731489e-06
2.6613122e-06
2.6495733e-06
2.6379269e-06
2.6263674e-06
2.6148896e-06
2.6034887e-06
2.5921599e-06
2.5808986e-06
2.5697004e-06
2.5585612e-06
2.547477e-06
2.5364441e-06
2.5254589e-06
2.5145179e-06
2.5036181e-06
2.4927563e-06
2.4819297e-06
2.4711356e-06
2.4603715e-06
2.449635e-06
2.438924e-06
2.4282365e-06
2.4175704e-06
2.406924e-06
2.3962958e-06
2.3856842e-06
2.3750879e-06
2.3645057e-06
2.3539363e-06
2.3433788e-06
2.3328323e-06
2.3222959e-06
2.3117689e-06
2.3012508e-06
2.2907409e-06
2.2802389e-06
2.2697442e-06
2.2592567e-06
2.2487761e-06
2.2383022e-06
2.2278348e-06
2.217374e-06
2.2069197e-06
2.196472e-06
2.1860309e-06
2.1755966e-06
2.1651693e-06
2.1547492e-06
2.1443365e-06
2.1339316e-06
2.1235346e-06
2.113146e-06
2.1027661e-06
2.0923952e-06
2.0820339e-06
3.1709014e-06
3.1516809e-06
3.1327983e-06
3.1142486e-06
3.0960244e-06
3.0781176e-06
3.0605209e-06
3.0432269e-06
3.026228e-06
3.0095165e-06
2.9930845e-06
2.9769241e-06
2.9610273e-06
2.9453863e-06
2.9299928e-06
2.914839e-06
2.8999167e-06
2.8852181e-06
2.8707351e-06
2.8564599e-06
2.8423846e-06
2.8285015e-06
2.814803e-06
2.8012815e-06
2.7879296e-06
2.7747401e-06
2.7617057e-06
2.7488196e-06
2.7360748e-06
2.7234646e-06
2.7109827e-06
2.6986226e-06
2.6863782e-06
2.6742436e-06
2.6622128e-06
2.6502805e-06
2.6384411e-06
2.6266895e-06
2.6150207e-06
2.6034299e-06
2.5919124e-06
2.5804638e-06
2.5690799e-06
2.5577567e-06
2.5464903e-06
2.5352771e-06
2.5241136e-06
2.5129965e-06
2.5019226e-06
2.4908891e-06
2.4798932e-06
2.4689321e-06
2.4580036e-06
2.4471052e-06
2.4362349e-06
2.4253907e-06
2.4145706e-06
2.4037729e-06
2.3929962e-06
2.3822388e-06
2.3714995e-06
2.360777e-06
2.3500702e-06
2.3393782e-06
2.3286999e-06
2.3180345e-06
2.3073815e-06
2.29674e-06
2.2861096e-06
2.2754899e-06
2.2648803e-06
2.2542806e-06
2.2436905e-06
2.2331099e-06
2.2225385e-06
2.2119764e-06
2.2014234e-06
2.1908796e-06
2.180345e-06
2.1698198e-06
2.1593041e-06
2.1487981e-06
2.1383021e-06
2.1278161e-06
2.1173405e-06
2.1068757e-06
2.0964217e-06
3.1971712e-06
3.1775228e-06
3.1582116e-06
3.1392329e-06
3.1205798e-06
3.1022446e-06
3.0842204e-06
3.0665e-06
3.0490765e-06
3.0319423e-06
3.0150899e-06
2.9985118e-06
2.9822003e-06
2.9661477e-06
2.9503463e-06
2.9347883e-06
2.919466e-06
2.9043715e-06
2.8894972e-06
2.8748354e-06
2.8603785e-06
2.8461188e-06
2.832049e-06
2.8181615e-06
2.8044493e-06
2.7909049e-06
2.7775215e-06
2.7642921e-06
2.75121e-06
2.7382684e-06
2.7254611e-06
2.7127816e-06
2.7002239e-06
2.687782e-06
2.6754501e-06
2.6632226e-06
2.6510942e-06
2.6390595e-06
2.6271137e-06
2.6152517e-06
2.603469e-06
2.591761e-06
2.5801236e-06
2.5685525e-06
2.5570439e-06
2.5455941e-06
2.5341994e-06
2.5228565e-06
2.5115623e-06
2.5003136e-06
2.4891075e-06
2.4779415e-06
2.4668128e-06
2.4557192e-06
2.4446584e-06
2.4336283e-06
2.4226269e-06
2.4116524e-06
2.4007031e-06
2.3897775e-06
2.378874e-06
2.3679914e-06
2.3571285e-06
2.3462841e-06
2.3354572e-06
2.324647e-06
2.3138525e-06
2.3030732e-06
2.2923083e-06
2.2815573e-06
2.2708197e-06
2.2600951e-06
2.2493831e-06
2.2386835e-06
2.227996e-06
2.2173205e-06
2.2066569e-06
2.1960051e-06
2.1853651e-06
2.1747369e-06
2.1641207e-06
2.1535166e-06
2.1429246e-06
2.1323449e-06
2.1217778e-06
3.2242261e-06
3.2041517e-06
3.184413e-06
3.165006e-06
3.1459239e-06
3.1271598e-06
3.1087068e-06
3.0905586e-06
3.0727082e-06
3.0551486e-06
3.0378728e-06
3.0208733e-06
3.0041431e-06
2.9876746e-06
2.9714604e-06
2.9554931e-06
2.9397652e-06
2.9242691e-06
2.9089974e-06
2.8939426e-06
2.8790973e-06
2.8644542e-06
2.8500058e-06
2.8357451e-06
2.8216648e-06
2.8077579e-06
2.7940175e-06
2.7804368e-06
2.7670091e-06
2.7537278e-06
2.7405866e-06
2.7275792e-06
2.7146996e-06
2.7019418e-06
2.6893e-06
2.6767687e-06
2.6643424e-06
2.6520159e-06
2.6397842e-06
2.6276423e-06
2.6155856e-06
2.6036096e-06
2.5917098e-06
2.5798822e-06
2.5681228e-06
2.5564277e-06
2.5447933e-06
2.5332162e-06
2.5216932e-06
2.5102209e-06
2.4987966e-06
2.4874173e-06
2.4760806e-06
2.4647838e-06
2.4535246e-06
2.4423008e-06
2.4311104e-06
2.4199515e-06
2.4088222e-06
2.3977209e-06
2.386646e-06
2.3755962e-06
2.36457e-06
2.3535664e-06
2.3425841e-06
2.3316222e-06
2.3206798e-06
2.3097561e-06
2.2988503e-06
2.2879618e-06
2.27709e-06
2.2662343e-06
2.2553945e-06
2.24457e-06
2.2337607e-06
2.2229663e-06
2.2121865e-06
2.2014212e-06
2.1906704e-06
2.1799341e-06
2.1692123e-06
2.1585049e-06
2.1478121e-06
2.1371337e-06
3.2521885e-06
3.2316805e-06
3.2115071e-06
3.1916643e-06
3.1721461e-06
3.1529456e-06
3.1340568e-06
3.1154734e-06
3.0971889e-06
3.0791967e-06
3.06149e-06
3.0440619e-06
3.0269054e-06
3.0100135e-06
2.9933789e-06
2.9769946e-06
2.9608532e-06
2.9449476e-06
2.9292705e-06
2.9138147e-06
2.8985729e-06
2.8835379e-06
2.8687027e-06
2.8540602e-06
2.8396034e-06
2.8253253e-06
2.8112193e-06
2.7972785e-06
2.7834964e-06
2.7698666e-06
2.7563826e-06
2.7430384e-06
2.7298279e-06
2.7167452e-06
2.7037845e-06
2.6909403e-06
2.6782071e-06
2.6655798e-06
2.6530532e-06
2.6406225e-06
2.6282829e-06
2.6160298e-06
2.6038588e-06
2.5917658e-06
2.5797467e-06
2.5677977e-06
2.555915e-06
2.5440951e-06
2.5323346e-06
2.5206304e-06
2.5089794e-06
2.4973786e-06
2.4858255e-06
2.4743174e-06
2.4628518e-06
2.4514264e-06
2.4400392e-06
2.4286881e-06
2.4173711e-06
2.4060866e-06
2.3948329e-06
2.3836085e-06
2.372412e-06
2.3612419e-06
2.3500973e-06
2.3389769e-06
2.3278797e-06
2.3168049e-06
2.3057516e-06
2.2947191e-06
2.2837067e-06
2.2727138e-06
2.26174e-06
2.2507847e-06
2.2398476e-06
2.2289283e-06
2.2180267e-06
2.2071423e-06
2.1962752e-06
2.1854252e-06
2.1745924e-06
2.1637766e-06
3.2809395e-06
3.2600012e-06
3.2393956e-06
3.2191191e-06
3.1991661e-06
3.1795302e-06
3.1602057e-06
3.1411868e-06
3.1224673e-06
3.1040412e-06
3.0859018e-06
3.0680426e-06
3.0504571e-06
3.0331385e-06
3.0160799e-06
2.9992745e-06
2.9827153e-06
2.9663954e-06
2.9503077e-06
2.9344454e-06
2.9188013e-06
2.9033685e-06
2.8881401e-06
2.8731092e-06
2.858269e-06
2.8436127e-06
2.8291337e-06
2.8148254e-06
2.8006814e-06
2.7866951e-06
2.7728605e-06
2.7591714e-06
2.7456218e-06
2.7322059e-06
2.718918e-06
2.7057524e-06
2.6927039e-06
2.6797672e-06
2.6669372e-06
2.6542089e-06
2.6415777e-06
2.6290389e-06
2.6165881e-06
2.604221e-06
2.5919337e-06
2.5797221e-06
2.5675824e-06
2.5555112e-06
2.5435048e-06
2.5315602e-06
2.5196741e-06
2.5078436e-06
2.4960658e-06
2.4843382e-06
2.4726581e-06
2.4610232e-06
2.4494312e-06
2.43788e-06
2.4263677e-06
2.4148924e-06
2.4034523e-06
2.3920458e-06
2.3806715e-06
2.3693278e-06
2.3580136e-06
2.3467276e-06
2.3354688e-06
2.324236e-06
2.3130285e-06
2.3018454e-06
2.2906859e-06
2.2795494e-06
2.2684352e-06
2.2573428e-06
2.2462718e-06
2.2352217e-06
2.2241923e-06
2.213183e-06
2.2021938e-06
2.1912247e-06
2.1802753e-06
3.3105898e-06
3.2892159e-06
3.2681728e-06
3.2474574e-06
3.2270642e-06
3.2069876e-06
3.1872221e-06
3.1677623e-06
3.1486025e-06
3.1297367e-06
3.111159e-06
3.092863e-06
3.0748426e-06
3.0570912e-06
3.0396025e-06
3.0223697e-06
3.0053862e-06
2.9886453e-06
2.9721404e-06
2.9558645e-06
2.9398111e-06
2.9239733e-06
2.9083443e-06
2.8929176e-06
2.8776864e-06
2.8626442e-06
2.8477844e-06
2.8331006e-06
2.8185865e-06
2.8042357e-06
2.7900422e-06
2.7759998e-06
2.7621027e-06
2.7483451e-06
2.7347213e-06
2.7212258e-06
2.7078533e-06
2.6945985e-06
2.6814563e-06
2.6684217e-06
2.6554902e-06
2.6426569e-06
2.6299175e-06
2.6172677e-06
2.6047033e-06
2.5922205e-06
2.5798152e-06
2.567484e-06
2.5552232e-06
2.5430296e-06
2.5309e-06
2.5188313e-06
2.5068206e-06
2.4948651e-06
2.4829623e-06
2.4711097e-06
2.4593049e-06
2.4475458e-06
2.4358302e-06
2.4241562e-06
2.412522e-06
2.4009259e-06
2.3893663e-06
2.3778416e-06
2.3663505e-06
2.3548918e-06
2.3434641e-06
2.3320664e-06
2.3206978e-06
2.3093572e-06
2.298044e-06
2.2867571e-06
2.2754961e-06
2.2642603e-06
2.2530491e-06
2.241862e-06
3.3410274e-06
3.3192224e-06
3.2977457e-06
3.2765947e-06
3.2557643e-06
3.2352491e-06
3.2150441e-06
3.1951444e-06
3.1755447e-06
3.1562393e-06
3.1372227e-06
3.1184889e-06
3.100032e-06
3.081846e-06
3.0639246e-06
3.0462616e-06
3.0288505e-06
3.0116851e-06
2.9947588e-06
2.9780652e-06
2.9615977e-06
2.9453497e-06
2.9293149e-06
2.9134867e-06
2.8978586e-06
2.8824242e-06
2.8671772e-06
2.8521112e-06
2.8372201e-06
2.8224977e-06
2.8079379e-06
2.7935349e-06
2.7792827e-06
2.7651756e-06
2.7512081e-06
2.7373747e-06
2.72367e-06
2.7100889e-06
2.6966263e-06
2.6832772e-06
2.6700368e-06
2.6569007e-06
2.6438642e-06
2.6309232e-06
2.6180733e-06
2.6053107e-06
2.5926313e-06
2.5800316e-06
2.567508e-06
2.555057e-06
2.5426754e-06
2.5303601e-06
2.5181081e-06
2.5059166e-06
2.4937828e-06
2.4817044e-06
2.4696787e-06
2.4577035e-06
2.4457768e-06
2.4338963e-06
2.4220603e-06
2.4102668e-06
2.3985143e-06
2.3868011e-06
2.3751257e-06
2.3634868e-06
2.351883e-06
2.3403133e-06
2.3287765e-06
2.3172716e-06
2.3057976e-06
2.2943537e-06
2.2829392e-06
2.2715534e-06
2.2601955e-06
2.2488651e-06
3.3723458e-06
3.3501068e-06
3.3281937e-06
3.3066041e-06
3.2853334e-06
3.2643766e-06
3.243729e-06
3.2233861e-06
3.203343e-06
3.1835945e-06
3.1641352e-06
3.1449597e-06
3.1260623e-06
3.1074372e-06
3.0890787e-06
3.0709808e-06
3.0531373e-06
3.0355423e-06
3.0181893e-06
3.0010724e-06
2.9841851e-06
2.9675212e-06
2.9510743e-06
2.9348383e-06
2.9188068e-06
2.9029737e-06
2.8873326e-06
2.8718775e-06
2.8566022e-06
2.8415008e-06
2.8265674e-06
2.811796e-06
2.797181e-06
2.7827167e-06
2.7683976e-06
2.7542182e-06
2.7401733e-06
2.7262577e-06
2.7124663e-06
2.6987943e-06
2.6852369e-06
2.6717894e-06
2.6584475e-06
2.6452066e-06
2.6320628e-06
2.6190118e-06
2.6060499e-06
2.5931732e-06
2.5803782e-06
2.5676613e-06
2.5550193e-06
2.542449e-06
2.5299474e-06
2.5175115e-06
2.5051386e-06
2.492826e-06
2.4805713e-06
2.4683721e-06
2.456226e-06
2.4441312e-06
2.4320853e-06
2.4200868e-06
2.4081336e-06
2.3962242e-06
2.3843569e-06
2.3725304e-06
2.3607433e-06
2.3489942e-06
2.337282e-06
2.3256056e-06
2.3139639e-06
2.3023561e-06
2.2907813e-06
2.2792387e-06
)
;

boundaryField
{
    front
    {
        type            empty;
    }
    back
    {
        type            empty;
    }
    inlet
    {
        type            zeroGradient;
    }
    outlet
    {
        type            fixedValue;
        value           nonuniform List<scalar> 0();
    }
    top
    {
        type            zeroGradient;
    }
    slipsurface
    {
        type            slip;
    }
    bottom
    {
        type            zeroGradient;
    }
    procBoundary9to2
    {
        type            processor;
        value           nonuniform List<scalar> 
11
(
2.5854995e-06
2.5784016e-06
2.5715304e-06
2.5648942e-06
2.55846e-06
2.5522025e-06
2.5461045e-06
2.5401498e-06
2.5343216e-06
2.5286036e-06
2.52298e-06
)
;
    }
    procBoundary9to4
    {
        type            processor;
        value           nonuniform List<scalar> 
91
(
2.5928723e-06
2.592901e-06
2.5929317e-06
2.5929647e-06
2.5930002e-06
2.5930386e-06
2.5930799e-06
2.5931245e-06
2.5931728e-06
2.593225e-06
2.5932817e-06
2.5933433e-06
2.5934103e-06
2.5934833e-06
2.593563e-06
2.5936501e-06
2.5937456e-06
2.5938502e-06
2.5939652e-06
2.5940916e-06
2.5942307e-06
2.5943839e-06
2.5945528e-06
2.5947391e-06
2.5949445e-06
2.5951712e-06
2.5954213e-06
2.5956972e-06
2.5960015e-06
2.5963368e-06
2.5967061e-06
2.5971125e-06
2.597559e-06
2.5980494e-06
2.5985865e-06
2.5991748e-06
2.5998169e-06
2.6005181e-06
2.6012809e-06
2.6021118e-06
2.6030128e-06
2.6039916e-06
2.6050502e-06
2.6061977e-06
2.6074357e-06
2.6087748e-06
2.6102165e-06
2.6117728e-06
2.6134452e-06
2.6152469e-06
2.6171805e-06
2.6192593e-06
2.621488e-06
2.6238789e-06
2.6264398e-06
2.6291814e-06
2.6321163e-06
2.6352518e-06
2.638606e-06
2.6421824e-06
2.6460054e-06
2.6500744e-06
2.6544193e-06
2.6590361e-06
2.6639594e-06
2.6691824e-06
2.674744e-06
2.6806348e-06
2.6868976e-06
2.6935204e-06
2.7005495e-06
2.7079715e-06
2.7158325e-06
2.7241221e-06
2.7328828e-06
2.7421114e-06
2.7518441e-06
2.7620862e-06
2.7728651e-06
2.7841954e-06
2.7960948e-06
2.7960948e-06
2.8210168e-06
2.8210168e-06
2.8474294e-06
2.8474294e-06
2.8754193e-06
2.8754193e-06
2.9196549e-06
2.9050276e-06
2.9050276e-06
)
;
    }
    procBoundary9to5
    {
        type            processor;
        value           nonuniform List<scalar> 
19
(
2.9516644e-06
2.9694086e-06
2.98794e-06
3.0072005e-06
3.0272848e-06
3.0481146e-06
3.0698017e-06
3.0922481e-06
3.1155793e-06
3.1396797e-06
3.1646844e-06
3.1904663e-06
3.2171628e-06
3.244642e-06
3.2730362e-06
3.3022151e-06
3.3322989e-06
3.3631646e-06
3.3949141e-06
)
;
    }
    procBoundary9to8
    {
        type            processor;
        value           nonuniform List<scalar> 
151
(
2.0136719e-06
2.0035172e-06
1.9933725e-06
1.9832393e-06
1.9731178e-06
1.9630083e-06
1.9529115e-06
1.9428279e-06
1.9327583e-06
1.9227032e-06
1.9126631e-06
1.9026386e-06
1.8926303e-06
1.8826388e-06
1.8726647e-06
1.8627084e-06
1.8527706e-06
1.8428518e-06
1.8329526e-06
1.8230734e-06
1.8132148e-06
1.8033773e-06
1.7935615e-06
1.7837678e-06
1.7739968e-06
1.7642489e-06
1.7545247e-06
1.7448246e-06
1.735149e-06
1.7254986e-06
1.7158736e-06
1.7062747e-06
1.6967021e-06
1.6871565e-06
1.6776381e-06
1.6681475e-06
1.6586851e-06
1.6492512e-06
1.6398463e-06
1.6304709e-06
1.6211253e-06
1.6118098e-06
1.602525e-06
1.5932713e-06
1.5840489e-06
1.5748584e-06
1.5657001e-06
2.0372553e-06
2.0136719e-06
2.0270166e-06
2.0716826e-06
2.0613412e-06
2.0372553e-06
2.0510106e-06
2.0716826e-06
2.0859795e-06
2.1112237e-06
2.0859795e-06
2.1006822e-06
2.1112237e-06
2.1264705e-06
2.1529779e-06
2.1264705e-06
2.1421958e-06
2.1529779e-06
2.1693458e-06
2.2306988e-06
2.2195585e-06
2.2084412e-06
2.197347e-06
2.1693458e-06
2.1862756e-06
2.2306988e-06
2.2677276e-06
2.2375617e-06
2.2562472e-06
3.4044436e-06
3.3817765e-06
3.3594322e-06
3.3374087e-06
3.3157017e-06
3.2943067e-06
3.2732195e-06
3.2524359e-06
3.2319513e-06
3.2117609e-06
3.1918598e-06
3.1722428e-06
3.1529048e-06
3.1338402e-06
3.1150435e-06
3.0965091e-06
3.0782313e-06
3.0602042e-06
3.0424219e-06
3.0248785e-06
3.0075679e-06
2.9904841e-06
2.9736211e-06
2.9569727e-06
2.940533e-06
2.9242958e-06
2.9082552e-06
2.8924052e-06
2.8767399e-06
2.8612533e-06
2.8459397e-06
2.8307934e-06
2.8158088e-06
2.8009801e-06
2.7863022e-06
2.7717695e-06
2.7573768e-06
2.743119e-06
2.7289912e-06
2.7149884e-06
2.7011059e-06
2.6873391e-06
2.6736835e-06
2.6601348e-06
2.6466888e-06
2.6333413e-06
2.6200884e-06
2.6069265e-06
2.5938517e-06
2.5808607e-06
2.56795e-06
2.5551164e-06
2.5423568e-06
2.5296682e-06
2.5170479e-06
2.5044931e-06
2.4920011e-06
2.4795697e-06
2.4671964e-06
2.4548791e-06
2.4426156e-06
2.430404e-06
2.4182424e-06
2.4061291e-06
2.3940624e-06
2.3820407e-06
2.3700626e-06
2.3581268e-06
2.3462319e-06
2.3343768e-06
2.3225603e-06
2.3107815e-06
2.2990395e-06
2.2677276e-06
2.2873332e-06
)
;
    }
    procBoundary9to11
    {
        type            processor;
        value           nonuniform List<scalar> 
90
(
1.5546774e-06
1.5546822e-06
1.5546873e-06
1.5546928e-06
1.5546986e-06
1.5547049e-06
1.5547116e-06
1.5547188e-06
1.5547264e-06
1.5547346e-06
1.5547434e-06
1.5547527e-06
1.5547627e-06
1.5547734e-06
1.5547849e-06
1.5547971e-06
1.5548101e-06
1.5548241e-06
1.554839e-06
1.5548549e-06
1.5548719e-06
1.5548901e-06
1.5549095e-06
1.5549302e-06
1.5549524e-06
1.554976e-06
1.5550012e-06
1.5550281e-06
1.5550568e-06
1.5550875e-06
1.5551202e-06
1.555155e-06
1.5551922e-06
1.5552319e-06
1.5552742e-06
1.5553193e-06
1.5553674e-06
1.5554186e-06
1.5554733e-06
1.5555315e-06
1.5555936e-06
1.5556597e-06
1.5557302e-06
1.5558053e-06
1.5558853e-06
1.5559704e-06
1.5560612e-06
1.5561578e-06
1.5562607e-06
1.5562607e-06
1.5475884e-06
1.5477027e-06
1.5477027e-06
1.5390626e-06
1.5391895e-06
1.5393247e-06
1.5394685e-06
1.5396216e-06
1.5397846e-06
1.539958e-06
1.5401425e-06
1.5403389e-06
1.5405478e-06
1.54077e-06
1.5410065e-06
1.541258e-06
1.5415256e-06
1.5418102e-06
1.5421128e-06
1.5424348e-06
1.5427771e-06
1.5431411e-06
1.5435282e-06
1.5439398e-06
1.5443773e-06
1.5448425e-06
1.5453369e-06
1.5458625e-06
1.5464211e-06
1.5470148e-06
1.5476457e-06
1.5483161e-06
1.5490283e-06
1.5497851e-06
1.550589e-06
1.5514428e-06
1.5523498e-06
1.5533129e-06
1.5543357e-06
1.5554215e-06
)
;
    }
    procBoundary9to14
    {
        type            processor;
        value           nonuniform List<scalar> 
126
(
2.5174375e-06
2.5119425e-06
2.5064891e-06
2.5011225e-06
2.5011225e-06
2.4957557e-06
2.4904065e-06
2.4850747e-06
2.479772e-06
2.479772e-06
2.4744199e-06
2.4690477e-06
2.4636636e-06
2.4582596e-06
2.4527978e-06
2.4472604e-06
2.4416805e-06
2.4360617e-06
2.430385e-06
2.4246414e-06
2.4188294e-06
2.4129472e-06
2.4069921e-06
2.4009615e-06
2.3948535e-06
2.3886667e-06
2.3823995e-06
2.3760511e-06
2.3696206e-06
2.3631074e-06
2.3565114e-06
2.3498323e-06
2.3430704e-06
2.3362258e-06
2.3292991e-06
2.3222909e-06
2.3152018e-06
2.3080329e-06
2.3007849e-06
2.2934591e-06
2.2860567e-06
2.2785788e-06
2.2710269e-06
2.2634024e-06
2.2557067e-06
2.2479415e-06
2.2401081e-06
2.2322084e-06
2.2242439e-06
2.2162163e-06
2.2081273e-06
2.1999787e-06
2.1917722e-06
2.1835095e-06
2.1751923e-06
2.1668225e-06
2.1584018e-06
2.1499319e-06
2.1414145e-06
2.1328516e-06
2.1242447e-06
2.1155956e-06
2.106906e-06
2.0981776e-06
2.089412e-06
2.080611e-06
2.071776e-06
2.0629089e-06
2.0540112e-06
2.0450845e-06
2.0361302e-06
2.0271501e-06
2.0181454e-06
2.0091179e-06
2.0000688e-06
1.9909997e-06
1.981912e-06
1.9728071e-06
1.9636864e-06
1.9545511e-06
1.9454026e-06
1.9362423e-06
1.9270713e-06
1.917891e-06
1.9087025e-06
1.8995071e-06
1.8903059e-06
1.8811001e-06
1.8718908e-06
1.8626792e-06
1.8534663e-06
1.8442531e-06
1.8350408e-06
1.8258303e-06
1.8166227e-06
1.8074189e-06
1.7982198e-06
1.7890265e-06
1.7798398e-06
1.7706606e-06
1.7614899e-06
1.7523284e-06
1.743177e-06
1.7340365e-06
1.7249078e-06
1.7157917e-06
1.7066888e-06
1.6976e-06
1.688526e-06
1.6794675e-06
1.6704253e-06
1.6614001e-06
1.6523926e-06
1.6434078e-06
1.6434078e-06
1.6344371e-06
1.6254855e-06
1.6165547e-06
1.6076498e-06
1.6076498e-06
1.5987617e-06
1.5899005e-06
1.5899005e-06
1.5810565e-06
1.5722362e-06
1.5634418e-06
)
;
    }
}


// ************************************************************************* //
