/*--------------------------------*- C++ -*----------------------------------*\
  =========                 |
  \\      /  F ield         | OpenFOAM: The Open Source CFD Toolbox
   \\    /   O peration     | Website:  https://openfoam.org
    \\  /    A nd           | Version:  12
     \\/     M anipulation  |
\*---------------------------------------------------------------------------*/
FoamFile
{
    format      ascii;
    class       volVectorField;
    location    "1500";
    object      U;
}
// * * * * * * * * * * * * * * * * * * * * * * * * * * * * * * * * * * * * * //

dimensions      [0 1 -1 0 0 0 0];

internalField   nonuniform List<vector> 
13186
(
(0.15606674 3.9964607e-06 0)
(0.15593025 3.9775069e-06 0)
(0.15579364 3.9538679e-06 0)
(0.15565695 3.9325109e-06 0)
(0.15552013 3.9143318e-06 0)
(0.15538317 3.8968985e-06 0)
(0.15524603 3.878026e-06 0)
(0.15510882 3.8579239e-06 0)
(0.15497149 3.8458688e-06 0)
(0.15483372 3.8409209e-06 0)
(0.1546955 3.8227422e-06 0)
(0.15455738 3.7860458e-06 0)
(0.15441972 3.7537336e-06 0)
(0.15428215 3.7395375e-06 0)
(0.15414422 3.7325609e-06 0)
(0.15400588 3.721463e-06 0)
(0.15386726 3.7053485e-06 0)
(0.15372846 3.6865591e-06 0)
(0.15358953 3.6667337e-06 0)
(0.15345051 3.6466439e-06 0)
(0.15331139 3.6266257e-06 0)
(0.15317218 3.6068258e-06 0)
(0.15303287 3.5872987e-06 0)
(0.15289344 3.5680389e-06 0)
(0.1527539 3.5490173e-06 0)
(0.15261423 3.5301998e-06 0)
(0.15247443 3.5115528e-06 0)
(0.15233449 3.4930437e-06 0)
(0.1521944 3.4746448e-06 0)
(0.15205416 3.4563394e-06 0)
(0.15191377 3.4381125e-06 0)
(0.15177322 3.4199506e-06 0)
(0.15163251 3.4018486e-06 0)
(0.15149163 3.3837975e-06 0)
(0.15135059 3.3657929e-06 0)
(0.15120937 3.3478337e-06 0)
(0.15106798 3.3299154e-06 0)
(0.15092641 3.312036e-06 0)
(0.15078466 3.2941922e-06 0)
(0.15064272 3.276386e-06 0)
(0.1505006 3.2586158e-06 0)
(0.15035829 3.2408788e-06 0)
(0.15021579 3.2231762e-06 0)
(0.15007309 3.2055069e-06 0)
(0.1499302 3.1878718e-06 0)
(0.1497871 3.1702701e-06 0)
(0.14964381 3.1526994e-06 0)
(0.1495003 3.1351599e-06 0)
(0.14935659 3.1176521e-06 0)
(0.14921267 3.1001756e-06 0)
(0.14906853 3.0827301e-06 0)
(0.14892417 3.0653139e-06 0)
(0.1487796 3.0479272e-06 0)
(0.1486348 3.0305709e-06 0)
(0.14848977 3.0132447e-06 0)
(0.14834452 2.9959474e-06 0)
(0.14819903 2.9786785e-06 0)
(0.14805331 2.9614397e-06 0)
(0.14790736 2.9442311e-06 0)
(0.14776116 2.9270511e-06 0)
(0.14761471 2.9098981e-06 0)
(0.14746802 2.8927724e-06 0)
(0.14732109 2.8756745e-06 0)
(0.14717389 2.8586052e-06 0)
(0.14702645 2.8415636e-06 0)
(0.14687874 2.8245477e-06 0)
(0.14673077 2.8075581e-06 0)
(0.14658254 2.7905968e-06 0)
(0.14643404 2.7736636e-06 0)
(0.14628526 2.7567567e-06 0)
(0.14613622 2.7398756e-06 0)
(0.14598689 2.7230202e-06 0)
(0.14583729 2.7061913e-06 0)
(0.1456874 2.6893894e-06 0)
(0.14553722 2.6726117e-06 0)
(0.14538675 2.6558583e-06 0)
(0.14523599 2.6391321e-06 0)
(0.14508493 2.6224335e-06 0)
(0.14493357 2.6057612e-06 0)
(0.14478191 2.5891138e-06 0)
(0.14462994 2.5724896e-06 0)
(0.14447766 2.5558903e-06 0)
(0.14432506 2.5393183e-06 0)
(0.14417215 2.5227717e-06 0)
(0.14401891 2.5062479e-06 0)
(0.14386535 2.4897482e-06 0)
(0.14371147 2.4732752e-06 0)
(0.14355725 2.4568283e-06 0)
(0.14340269 2.4404053e-06 0)
(0.1432478 2.4240059e-06 0)
(0.14309256 2.4076308e-06 0)
(0.14293698 2.3912809e-06 0)
(0.14278105 2.3749562e-06 0)
(0.14262476 2.3586558e-06 0)
(0.14246812 2.3423796e-06 0)
(0.14231111 2.3261279e-06 0)
(0.14215374 2.3099014e-06 0)
(0.141996 2.2936998e-06 0)
(0.14183789 2.2775217e-06 0)
(0.1416794 2.2613668e-06 0)
(0.14152053 2.2452358e-06 0)
(0.14136128 2.2291297e-06 0)
(0.14120163 2.2130489e-06 0)
(0.14104159 2.1969924e-06 0)
(0.14088116 2.180959e-06 0)
(0.14072033 2.164949e-06 0)
(0.14055908 2.1489637e-06 0)
(0.14039743 2.1330034e-06 0)
(0.14023537 2.1170684e-06 0)
(0.14007289 2.1011583e-06 0)
(0.13990998 2.0852718e-06 0)
(0.13974665 2.0694092e-06 0)
(0.13958289 2.0535712e-06 0)
(0.13941869 2.0377572e-06 0)
(0.13925405 2.0219674e-06 0)
(0.13908896 2.0062028e-06 0)
(0.13892343 1.9904637e-06 0)
(0.13875744 1.9747497e-06 0)
(0.138591 1.9590606e-06 0)
(0.13842408 1.9433963e-06 0)
(0.13825671 1.9277565e-06 0)
(0.13808885 1.9121421e-06 0)
(0.13792052 1.8965551e-06 0)
(0.13775171 1.8809955e-06 0)
(0.13758241 1.8654622e-06 0)
(0.13741261 1.8499555e-06 0)
(0.13724232 1.8344776e-06 0)
(0.13707152 1.8190293e-06 0)
(0.13690021 1.8036115e-06 0)
(0.13672839 1.7882245e-06 0)
(0.13655604 1.7728405e-06 0)
(0.13638317 1.7574238e-06 0)
(0.13620978 1.7420051e-06 0)
(0.13603586 1.7266588e-06 0)
(0.1358614 1.7113508e-06 0)
(0.13568639 1.6961147e-06 0)
(0.13551083 1.6809743e-06 0)
(0.13533469 1.6670335e-06 0)
(0.16015416 4.2629953e-06 0)
(0.16001299 4.2425e-06 0)
(0.15987168 4.2176071e-06 0)
(0.15973027 4.1949925e-06 0)
(0.15958873 4.1756078e-06 0)
(0.15944704 4.1570098e-06 0)
(0.15930517 4.1369062e-06 0)
(0.15916323 4.1155265e-06 0)
(0.15902114 4.1025164e-06 0)
(0.15887863 4.0969059e-06 0)
(0.15873566 4.0775782e-06 0)
(0.15859278 4.0389093e-06 0)
(0.15845036 4.0046351e-06 0)
(0.15830802 3.9892047e-06 0)
(0.15816534 3.981438e-06 0)
(0.15802224 3.9694864e-06 0)
(0.15787884 3.9523131e-06 0)
(0.15773527 3.9323167e-06 0)
(0.15759156 3.9112138e-06 0)
(0.15744775 3.8898173e-06 0)
(0.15730384 3.8684871e-06 0)
(0.15715983 3.8473825e-06 0)
(0.15701572 3.8265611e-06 0)
(0.15687149 3.806022e-06 0)
(0.15672714 3.7857352e-06 0)
(0.15658265 3.7656623e-06 0)
(0.15643803 3.7457684e-06 0)
(0.15629327 3.7260215e-06 0)
(0.15614835 3.706394e-06 0)
(0.15600328 3.6868642e-06 0)
(0.15585805 3.6674168e-06 0)
(0.15571266 3.648041e-06 0)
(0.1555671 3.6287277e-06 0)
(0.15542136 3.6094699e-06 0)
(0.15527546 3.5902625e-06 0)
(0.15512937 3.5711029e-06 0)
(0.15498311 3.5519872e-06 0)
(0.15483666 3.5329128e-06 0)
(0.15469002 3.5138779e-06 0)
(0.1545432 3.494882e-06 0)
(0.15439618 3.4759242e-06 0)
(0.15424896 3.4570029e-06 0)
(0.15410155 3.4381177e-06 0)
(0.15395394 3.4192693e-06 0)
(0.15380612 3.4004567e-06 0)
(0.15365809 3.3816793e-06 0)
(0.15350986 3.3629367e-06 0)
(0.15336141 3.3442274e-06 0)
(0.15321274 3.3255517e-06 0)
(0.15306386 3.3069084e-06 0)
(0.15291475 3.2882982e-06 0)
(0.15276542 3.2697204e-06 0)
(0.15261586 3.2511746e-06 0)
(0.15246607 3.2326606e-06 0)
(0.15231605 3.2141781e-06 0)
(0.15216579 3.1957271e-06 0)
(0.15201529 3.1773074e-06 0)
(0.15186455 3.15892e-06 0)
(0.15171356 3.140564e-06 0)
(0.15156232 3.122238e-06 0)
(0.15141083 3.1039421e-06 0)
(0.15125909 3.0856765e-06 0)
(0.15110708 3.0674402e-06 0)
(0.15095482 3.0492331e-06 0)
(0.15080229 3.0310554e-06 0)
(0.15064949 3.0129061e-06 0)
(0.15049642 2.9947856e-06 0)
(0.15034308 2.9766951e-06 0)
(0.15018946 2.9586339e-06 0)
(0.15003556 2.9406013e-06 0)
(0.14988137 2.9225975e-06 0)
(0.1497269 2.9046211e-06 0)
(0.14957213 2.886672e-06 0)
(0.14941708 2.8687511e-06 0)
(0.14926172 2.8508565e-06 0)
(0.14910606 2.8329887e-06 0)
(0.1489501 2.8151503e-06 0)
(0.14879384 2.7973407e-06 0)
(0.14863726 2.7795592e-06 0)
(0.14848036 2.7618052e-06 0)
(0.14832315 2.7440765e-06 0)
(0.14816562 2.7263738e-06 0)
(0.14800776 2.7086998e-06 0)
(0.14784957 2.6910528e-06 0)
(0.14769105 2.6734307e-06 0)
(0.14753219 2.6558349e-06 0)
(0.14737299 2.6382675e-06 0)
(0.14721345 2.6207274e-06 0)
(0.14705357 2.6032133e-06 0)
(0.14689333 2.5857249e-06 0)
(0.14673273 2.5682626e-06 0)
(0.14657178 2.550826e-06 0)
(0.14641047 2.5334156e-06 0)
(0.14624879 2.5160319e-06 0)
(0.14608674 2.4986751e-06 0)
(0.14592431 2.481345e-06 0)
(0.14576151 2.4640409e-06 0)
(0.14559832 2.4467623e-06 0)
(0.14543475 2.4295091e-06 0)
(0.14527079 2.4122816e-06 0)
(0.14510643 2.3950801e-06 0)
(0.14494168 2.3779052e-06 0)
(0.14477652 2.3607567e-06 0)
(0.14461095 2.3436343e-06 0)
(0.14444498 2.3265374e-06 0)
(0.14427858 2.3094658e-06 0)
(0.14411177 2.2924199e-06 0)
(0.14394453 2.2754005e-06 0)
(0.14377687 2.2584082e-06 0)
(0.14360877 2.241443e-06 0)
(0.14344023 2.2245042e-06 0)
(0.14327126 2.2075908e-06 0)
(0.14310183 2.1907024e-06 0)
(0.14293195 2.1738394e-06 0)
(0.14276162 2.1570025e-06 0)
(0.14259082 2.1401925e-06 0)
(0.14241956 2.1234097e-06 0)
(0.14224783 2.1066538e-06 0)
(0.14207563 2.0899242e-06 0)
(0.14190294 2.0732202e-06 0)
(0.14172977 2.0565427e-06 0)
(0.14155611 2.0398935e-06 0)
(0.14138195 2.0232736e-06 0)
(0.14120729 2.006682e-06 0)
(0.14103213 1.9901184e-06 0)
(0.14085645 1.9735835e-06 0)
(0.14068026 1.9570797e-06 0)
(0.14050354 1.9406075e-06 0)
(0.1403263 1.9241677e-06 0)
(0.14014852 1.9077616e-06 0)
(0.1399702 1.8913594e-06 0)
(0.13979134 1.8749222e-06 0)
(0.13961194 1.8584822e-06 0)
(0.13943198 1.8421188e-06 0)
(0.13925147 1.8257965e-06 0)
(0.1390704 1.8095508e-06 0)
(0.13888875 1.7934109e-06 0)
(0.13870649 1.7785063e-06 0)
(0.16434463 4.547199e-06 0)
(0.16419864 4.5250033e-06 0)
(0.16405247 4.4988115e-06 0)
(0.16390618 4.4748672e-06 0)
(0.16375976 4.454198e-06 0)
(0.16361319 4.4343593e-06 0)
(0.16346643 4.4129417e-06 0)
(0.16331958 4.3902073e-06 0)
(0.16317259 4.3761747e-06 0)
(0.16302517 4.3698318e-06 0)
(0.16287729 4.3492737e-06 0)
(0.1627295 4.3085294e-06 0)
(0.16258215 4.2721846e-06 0)
(0.1624349 4.2554277e-06 0)
(0.1622873 4.2467962e-06 0)
(0.16213928 4.233921e-06 0)
(0.16199096 4.2156151e-06 0)
(0.16184244 4.1943339e-06 0)
(0.16169379 4.1718703e-06 0)
(0.16154504 4.1490836e-06 0)
(0.16139618 4.1263579e-06 0)
(0.16124721 4.1038643e-06 0)
(0.16109814 4.0816657e-06 0)
(0.16094894 4.059763e-06 0)
(0.16079962 4.0381257e-06 0)
(0.16065017 4.0167142e-06 0)
(0.16050057 3.9954921e-06 0)
(0.16035082 3.9744259e-06 0)
(0.16020091 3.9534866e-06 0)
(0.16005085 3.9326514e-06 0)
(0.15990062 3.9119042e-06 0)
(0.15975022 3.8912334e-06 0)
(0.15959965 3.8706293e-06 0)
(0.1594489 3.8500847e-06 0)
(0.15929797 3.829594e-06 0)
(0.15914685 3.8091543e-06 0)
(0.15899555 3.7887618e-06 0)
(0.15884406 3.7684135e-06 0)
(0.15869238 3.7481075e-06 0)
(0.1585405 3.7278434e-06 0)
(0.15838842 3.7076201e-06 0)
(0.15823614 3.6874358e-06 0)
(0.15808365 3.6672902e-06 0)
(0.15793095 3.6471841e-06 0)
(0.15777805 3.6271162e-06 0)
(0.15762493 3.607086e-06 0)
(0.15747159 3.587093e-06 0)
(0.15731803 3.5671358e-06 0)
(0.15716425 3.5472145e-06 0)
(0.15701024 3.527328e-06 0)
(0.156856 3.5074769e-06 0)
(0.15670153 3.4876605e-06 0)
(0.15654682 3.4678785e-06 0)
(0.15639187 3.4481304e-06 0)
(0.15623669 3.4284161e-06 0)
(0.15608125 3.4087356e-06 0)
(0.15592557 3.3890887e-06 0)
(0.15576964 3.3694762e-06 0)
(0.15561345 3.3498973e-06 0)
(0.15545701 3.3303505e-06 0)
(0.1553003 3.310836e-06 0)
(0.15514333 3.2913539e-06 0)
(0.15498609 3.2719032e-06 0)
(0.15482859 3.2524838e-06 0)
(0.1546708 3.233096e-06 0)
(0.15451274 3.2137386e-06 0)
(0.1543544 3.1944121e-06 0)
(0.15419578 3.1751176e-06 0)
(0.15403687 3.1558544e-06 0)
(0.15387767 3.136622e-06 0)
(0.15371817 3.1174204e-06 0)
(0.15355838 3.098248e-06 0)
(0.15339829 3.079105e-06 0)
(0.15323789 3.0599923e-06 0)
(0.15307718 3.0409078e-06 0)
(0.15291616 3.021852e-06 0)
(0.15275483 3.0028276e-06 0)
(0.15259318 2.9838339e-06 0)
(0.1524312 2.9648702e-06 0)
(0.1522689 2.9459361e-06 0)
(0.15210628 2.9270291e-06 0)
(0.15194331 2.90815e-06 0)
(0.15178001 2.8893016e-06 0)
(0.15161638 2.8704821e-06 0)
(0.15145239 2.8516893e-06 0)
(0.15128806 2.8329247e-06 0)
(0.15112338 2.8141903e-06 0)
(0.15095834 2.7954852e-06 0)
(0.15079294 2.7768079e-06 0)
(0.15062718 2.7581583e-06 0)
(0.15046105 2.7395364e-06 0)
(0.15029455 2.7209422e-06 0)
(0.15012767 2.702376e-06 0)
(0.14996041 2.6838384e-06 0)
(0.14979278 2.6653295e-06 0)
(0.14962475 2.646849e-06 0)
(0.14945633 2.6283965e-06 0)
(0.14928752 2.6099713e-06 0)
(0.1491183 2.5915734e-06 0)
(0.14894868 2.5732028e-06 0)
(0.14877866 2.55486e-06 0)
(0.14860822 2.5365456e-06 0)
(0.14843736 2.5182596e-06 0)
(0.14826608 2.5000015e-06 0)
(0.14809437 2.4817706e-06 0)
(0.14792224 2.4635668e-06 0)
(0.14774967 2.4453904e-06 0)
(0.14757666 2.4272424e-06 0)
(0.1474032 2.4091235e-06 0)
(0.1472293 2.3910333e-06 0)
(0.14705494 2.3729713e-06 0)
(0.14688013 2.3549364e-06 0)
(0.14670485 2.3369285e-06 0)
(0.14652911 2.3189478e-06 0)
(0.14635289 2.300995e-06 0)
(0.14617619 2.2830708e-06 0)
(0.14599901 2.2651756e-06 0)
(0.14582135 2.2473092e-06 0)
(0.14564319 2.2294709e-06 0)
(0.14546453 2.2116601e-06 0)
(0.14528537 2.1938776e-06 0)
(0.1451057 2.1761252e-06 0)
(0.14492552 2.158404e-06 0)
(0.14474482 2.140713e-06 0)
(0.1445636 2.1230519e-06 0)
(0.14438185 2.1054215e-06 0)
(0.14419956 2.0878242e-06 0)
(0.14401672 2.0702606e-06 0)
(0.14383334 2.0527317e-06 0)
(0.14364941 2.0352385e-06 0)
(0.14346492 2.01775e-06 0)
(0.14327986 2.0002254e-06 0)
(0.14309425 1.9826981e-06 0)
(0.14290806 1.9652511e-06 0)
(0.14272129 1.9478479e-06 0)
(0.14253395 1.9305254e-06 0)
(0.142346 1.9133206e-06 0)
(0.14215742 1.8973757e-06 0)
(0.16864107 4.8502237e-06 0)
(0.16849008 4.8261544e-06 0)
(0.16833889 4.7986138e-06 0)
(0.16818757 4.7732626e-06 0)
(0.16803611 4.751225e-06 0)
(0.16788449 4.7300645e-06 0)
(0.16773267 4.7072471e-06 0)
(0.16758077 4.6830747e-06 0)
(0.16742871 4.6679454e-06 0)
(0.16727621 4.6607961e-06 0)
(0.16712326 4.6389211e-06 0)
(0.16697039 4.5959929e-06 0)
(0.16681796 4.5574615e-06 0)
(0.16666562 4.5392781e-06 0)
(0.16651294 4.5297012e-06 0)
(0.16635984 4.5158284e-06 0)
(0.16620642 4.4963126e-06 0)
(0.16605281 4.4736642e-06 0)
(0.16589906 4.4497532e-06 0)
(0.16574519 4.4254873e-06 0)
(0.16559122 4.4012761e-06 0)
(0.16543713 4.3773035e-06 0)
(0.16528293 4.353638e-06 0)
(0.16512861 4.3302824e-06 0)
(0.16497415 4.3072058e-06 0)
(0.16481956 4.2843676e-06 0)
(0.16466481 4.2617296e-06 0)
(0.16450992 4.2392569e-06 0)
(0.16435486 4.216919e-06 0)
(0.16419963 4.194692e-06 0)
(0.16404423 4.1725589e-06 0)
(0.16388866 4.1505074e-06 0)
(0.16373291 4.1285272e-06 0)
(0.16357698 4.1066106e-06 0)
(0.16342086 4.0847516e-06 0)
(0.16326455 4.0629473e-06 0)
(0.16310805 4.0411933e-06 0)
(0.16295135 4.0194868e-06 0)
(0.16279445 3.9978258e-06 0)
(0.16263734 3.9762095e-06 0)
(0.16248004 3.9546369e-06 0)
(0.16232252 3.9331062e-06 0)
(0.16216479 3.9116169e-06 0)
(0.16200684 3.8901697e-06 0)
(0.16184868 3.8687636e-06 0)
(0.16169029 3.8473978e-06 0)
(0.16153168 3.8260718e-06 0)
(0.16137284 3.8047841e-06 0)
(0.16121377 3.7835349e-06 0)
(0.16105446 3.762323e-06 0)
(0.16089492 3.741149e-06 0)
(0.16073514 3.7200123e-06 0)
(0.16057511 3.6989123e-06 0)
(0.16041484 3.6778487e-06 0)
(0.16025431 3.6568214e-06 0)
(0.16009353 3.6358301e-06 0)
(0.1599325 3.6148748e-06 0)
(0.1597712 3.5939563e-06 0)
(0.15960965 3.5730737e-06 0)
(0.15944782 3.5522256e-06 0)
(0.15928572 3.5314121e-06 0)
(0.15912336 3.5106332e-06 0)
(0.15896071 3.489888e-06 0)
(0.15879779 3.4691764e-06 0)
(0.15863458 3.4484986e-06 0)
(0.15847108 3.4278534e-06 0)
(0.15830729 3.4072413e-06 0)
(0.15814321 3.3866635e-06 0)
(0.15797884 3.3661191e-06 0)
(0.15781416 3.3456076e-06 0)
(0.15764917 3.3251291e-06 0)
(0.15748388 3.304682e-06 0)
(0.15731828 3.2842665e-06 0)
(0.15715236 3.2638833e-06 0)
(0.15698613 3.2435304e-06 0)
(0.15681957 3.2232084e-06 0)
(0.15665268 3.2029198e-06 0)
(0.15648547 3.182664e-06 0)
(0.15631792 3.1624404e-06 0)
(0.15615004 3.1422483e-06 0)
(0.15598181 3.1220854e-06 0)
(0.15581324 3.1019525e-06 0)
(0.15564432 3.0818522e-06 0)
(0.15547505 3.061783e-06 0)
(0.15530542 3.0417423e-06 0)
(0.15513543 3.021732e-06 0)
(0.15496508 3.0017538e-06 0)
(0.15479436 2.981807e-06 0)
(0.15462326 2.96189e-06 0)
(0.15445179 2.9420025e-06 0)
(0.15427994 2.9221448e-06 0)
(0.1541077 2.9023168e-06 0)
(0.15393508 2.8825188e-06 0)
(0.15376206 2.8627512e-06 0)
(0.15358865 2.8430144e-06 0)
(0.15341483 2.8233079e-06 0)
(0.15324061 2.8036314e-06 0)
(0.15306598 2.7839842e-06 0)
(0.15289094 2.7643661e-06 0)
(0.15271547 2.7447773e-06 0)
(0.15253959 2.7252183e-06 0)
(0.15236327 2.7056895e-06 0)
(0.15218652 2.6861911e-06 0)
(0.15200934 2.6667225e-06 0)
(0.15183172 2.6472831e-06 0)
(0.15165364 2.6278727e-06 0)
(0.15147512 2.6084916e-06 0)
(0.15129615 2.5891409e-06 0)
(0.15111671 2.5698211e-06 0)
(0.15093681 2.550532e-06 0)
(0.15075643 2.531273e-06 0)
(0.15057559 2.5120431e-06 0)
(0.15039426 2.492842e-06 0)
(0.15021245 2.4736701e-06 0)
(0.15003015 2.4545279e-06 0)
(0.14984736 2.4354164e-06 0)
(0.14966406 2.4163358e-06 0)
(0.14948026 2.3972859e-06 0)
(0.14929595 2.378266e-06 0)
(0.14911112 2.3592757e-06 0)
(0.14892577 2.3403155e-06 0)
(0.1487399 2.3213875e-06 0)
(0.14855349 2.3024926e-06 0)
(0.14836655 2.28363e-06 0)
(0.14817906 2.2647993e-06 0)
(0.14799103 2.2460014e-06 0)
(0.14780243 2.2272388e-06 0)
(0.14761328 2.2085122e-06 0)
(0.14742356 2.1898225e-06 0)
(0.14723327 2.1711708e-06 0)
(0.14704239 2.1525247e-06 0)
(0.14685094 2.1338414e-06 0)
(0.14665889 2.1151555e-06 0)
(0.14646626 2.0965537e-06 0)
(0.14627303 2.0779984e-06 0)
(0.1460792 2.0595284e-06 0)
(0.14588474 2.0411891e-06 0)
(0.14568964 2.0241221e-06 0)
(0.17304647 5.1733148e-06 0)
(0.17289031 5.1471927e-06 0)
(0.17273393 5.1182447e-06 0)
(0.17257741 5.0914039e-06 0)
(0.17242074 5.0679085e-06 0)
(0.1722639 5.0453401e-06 0)
(0.17210686 5.0210316e-06 0)
(0.17194973 4.9953327e-06 0)
(0.17179243 4.9790276e-06 0)
(0.1716347 4.970991e-06 0)
(0.1714765 4.9477059e-06 0)
(0.17131839 4.9024792e-06 0)
(0.1711607 4.8616391e-06 0)
(0.17100312 4.8419231e-06 0)
(0.17084518 4.8313135e-06 0)
(0.17068683 4.8163632e-06 0)
(0.17052815 4.7955549e-06 0)
(0.17036928 4.7714511e-06 0)
(0.17021025 4.7460003e-06 0)
(0.1700511 4.7201607e-06 0)
(0.16989184 4.6943685e-06 0)
(0.16973247 4.668821e-06 0)
(0.16957297 4.643593e-06 0)
(0.16941335 4.6186894e-06 0)
(0.16925359 4.5940791e-06 0)
(0.16909369 4.56972e-06 0)
(0.16893363 4.5455727e-06 0)
(0.16877341 4.5216005e-06 0)
(0.16861302 4.4977717e-06 0)
(0.16845247 4.4740609e-06 0)
(0.16829173 4.4504502e-06 0)
(0.16813082 4.4269266e-06 0)
(0.16796972 4.4034792e-06 0)
(0.16780843 4.3800997e-06 0)
(0.16764695 4.356782e-06 0)
(0.16748527 4.3335226e-06 0)
(0.16732339 4.3103172e-06 0)
(0.16716131 4.2871627e-06 0)
(0.16699902 4.2640569e-06 0)
(0.16683652 4.2409991e-06 0)
(0.16667381 4.2179879e-06 0)
(0.16651088 4.1950217e-06 0)
(0.16634773 4.1720999e-06 0)
(0.16618436 4.1492232e-06 0)
(0.16602077 4.1263904e-06 0)
(0.16585694 4.1036006e-06 0)
(0.16569288 4.0808535e-06 0)
(0.16552858 4.0581475e-06 0)
(0.16536405 4.0354826e-06 0)
(0.16519927 4.0128578e-06 0)
(0.16503425 3.9902735e-06 0)
(0.16486898 3.9677292e-06 0)
(0.16470346 3.9452242e-06 0)
(0.16453768 3.9227582e-06 0)
(0.16437164 3.9003311e-06 0)
(0.16420534 3.8779425e-06 0)
(0.16403877 3.8555925e-06 0)
(0.16387193 3.8332818e-06 0)
(0.16370483 3.8110095e-06 0)
(0.16353744 3.7887742e-06 0)
(0.16336978 3.7665759e-06 0)
(0.16320183 3.7444146e-06 0)
(0.1630336 3.7222895e-06 0)
(0.16286507 3.7002004e-06 0)
(0.16269626 3.6781475e-06 0)
(0.16252714 3.6561296e-06 0)
(0.16235773 3.6341471e-06 0)
(0.16218801 3.6122013e-06 0)
(0.16201799 3.5902912e-06 0)
(0.16184765 3.5684164e-06 0)
(0.161677 3.5465768e-06 0)
(0.16150603 3.524771e-06 0)
(0.16133473 3.5029989e-06 0)
(0.16116311 3.4812616e-06 0)
(0.16099116 3.4595568e-06 0)
(0.16081888 3.437885e-06 0)
(0.16064626 3.416249e-06 0)
(0.1604733 3.394648e-06 0)
(0.16029999 3.3730813e-06 0)
(0.16012633 3.3515484e-06 0)
(0.15995232 3.3300469e-06 0)
(0.15977795 3.3085776e-06 0)
(0.15960323 3.287143e-06 0)
(0.15942813 3.2657417e-06 0)
(0.15925267 3.2443711e-06 0)
(0.15907684 3.223033e-06 0)
(0.15890062 3.2017292e-06 0)
(0.15872403 3.1804589e-06 0)
(0.15854705 3.1592205e-06 0)
(0.15836968 3.1380138e-06 0)
(0.15819192 3.116839e-06 0)
(0.15801376 3.0956959e-06 0)
(0.1578352 3.074585e-06 0)
(0.15765622 3.0535066e-06 0)
(0.15747684 3.032461e-06 0)
(0.15729705 3.011448e-06 0)
(0.15711683 2.9904669e-06 0)
(0.15693619 2.9695172e-06 0)
(0.15675512 2.9485986e-06 0)
(0.15657361 2.9277115e-06 0)
(0.15639167 2.9068563e-06 0)
(0.15620928 2.8860333e-06 0)
(0.15602645 2.8652428e-06 0)
(0.15584316 2.8444841e-06 0)
(0.15565942 2.8237567e-06 0)
(0.15547522 2.8030603e-06 0)
(0.15529054 2.7823954e-06 0)
(0.1551054 2.7617628e-06 0)
(0.15491978 2.7411632e-06 0)
(0.15473368 2.7205964e-06 0)
(0.15454709 2.7000617e-06 0)
(0.15436001 2.6795582e-06 0)
(0.15417243 2.6590856e-06 0)
(0.15398436 2.6386441e-06 0)
(0.15379577 2.6182346e-06 0)
(0.15360667 2.5978577e-06 0)
(0.15341705 2.5775137e-06 0)
(0.15322691 2.5572026e-06 0)
(0.15303625 2.5369236e-06 0)
(0.15284504 2.5166761e-06 0)
(0.1526533 2.496461e-06 0)
(0.15246101 2.4762801e-06 0)
(0.15226817 2.4561344e-06 0)
(0.15207477 2.4360232e-06 0)
(0.15188081 2.415946e-06 0)
(0.15168628 2.395904e-06 0)
(0.15149118 2.3758995e-06 0)
(0.15129549 2.3559335e-06 0)
(0.15109922 2.3360068e-06 0)
(0.15090235 2.3161205e-06 0)
(0.15070488 2.2962407e-06 0)
(0.1505068 2.2763227e-06 0)
(0.15030812 2.2564022e-06 0)
(0.15010883 2.2365699e-06 0)
(0.14990892 2.2167869e-06 0)
(0.14970838 2.197094e-06 0)
(0.1495072 2.1775459e-06 0)
(0.14930534 2.1592692e-06 0)
(0.17756389 5.5177913e-06 0)
(0.17740239 5.4894309e-06 0)
(0.17724065 5.4590078e-06 0)
(0.17707875 5.4305891e-06 0)
(0.1769167 5.4055405e-06 0)
(0.17675447 5.3814729e-06 0)
(0.17659203 5.3555759e-06 0)
(0.17642951 5.328257e-06 0)
(0.1762668 5.3106918e-06 0)
(0.17610365 5.30168e-06 0)
(0.17594004 5.276884e-06 0)
(0.1757765 5.2292373e-06 0)
(0.1756134 5.1859605e-06 0)
(0.17545038 5.1645989e-06 0)
(0.17528702 5.1528628e-06 0)
(0.17512324 5.1367486e-06 0)
(0.17495914 5.114559e-06 0)
(0.17479482 5.0889058e-06 0)
(0.17463034 5.061817e-06 0)
(0.17446574 5.0343031e-06 0)
(0.17430102 5.0068282e-06 0)
(0.17413618 4.979604e-06 0)
(0.17397122 4.952712e-06 0)
(0.17380612 4.926159e-06 0)
(0.17364088 4.8999143e-06 0)
(0.17347549 4.8739344e-06 0)
(0.17330994 4.8481783e-06 0)
(0.17314423 4.8226076e-06 0)
(0.17297834 4.7971892e-06 0)
(0.17281228 4.7718965e-06 0)
(0.17264603 4.7467105e-06 0)
(0.17247959 4.7216175e-06 0)
(0.17231297 4.6966058e-06 0)
(0.17214614 4.6716668e-06 0)
(0.17197912 4.6467938e-06 0)
(0.1718119 4.6219832e-06 0)
(0.17164447 4.5972305e-06 0)
(0.17147682 4.5725322e-06 0)
(0.17130897 4.5478861e-06 0)
(0.1711409 4.5232914e-06 0)
(0.1709726 4.4987467e-06 0)
(0.17080408 4.4742501e-06 0)
(0.17063534 4.4498012e-06 0)
(0.17046636 4.4254004e-06 0)
(0.17029716 4.4010466e-06 0)
(0.17012771 4.3767389e-06 0)
(0.16995802 4.3524768e-06 0)
(0.16978809 4.3282587e-06 0)
(0.16961791 4.3040847e-06 0)
(0.16944748 4.2799537e-06 0)
(0.1692768 4.2558661e-06 0)
(0.16910586 4.2318212e-06 0)
(0.16893465 4.2078185e-06 0)
(0.16876319 4.1838575e-06 0)
(0.16859145 4.1599382e-06 0)
(0.16841944 4.1360602e-06 0)
(0.16824716 4.1122234e-06 0)
(0.1680746 4.0884286e-06 0)
(0.16790176 4.064675e-06 0)
(0.16772863 4.0409609e-06 0)
(0.16755521 4.0172865e-06 0)
(0.1673815 3.9936517e-06 0)
(0.1672075 3.9700557e-06 0)
(0.16703319 3.9464983e-06 0)
(0.16685858 3.9229796e-06 0)
(0.16668366 3.8994985e-06 0)
(0.16650843 3.8760553e-06 0)
(0.16633289 3.8526512e-06 0)
(0.16615703 3.8292856e-06 0)
(0.16598085 3.8059575e-06 0)
(0.16580433 3.7826672e-06 0)
(0.16562749 3.7594131e-06 0)
(0.16545032 3.7361952e-06 0)
(0.16527281 3.7130144e-06 0)
(0.16509496 3.6898686e-06 0)
(0.16491676 3.6667583e-06 0)
(0.16473821 3.643686e-06 0)
(0.16455931 3.6206512e-06 0)
(0.16438005 3.5976531e-06 0)
(0.16420043 3.5746911e-06 0)
(0.16402044 3.5517629e-06 0)
(0.16384009 3.5288691e-06 0)
(0.16365936 3.5060124e-06 0)
(0.16347825 3.4831914e-06 0)
(0.16329676 3.4604034e-06 0)
(0.16311489 3.43765e-06 0)
(0.16293262 3.4149334e-06 0)
(0.16274996 3.3922525e-06 0)
(0.1625669 3.3696058e-06 0)
(0.16238344 3.3469931e-06 0)
(0.16219956 3.3244145e-06 0)
(0.16201528 3.3018699e-06 0)
(0.16183058 3.2793597e-06 0)
(0.16164546 3.2568843e-06 0)
(0.16145991 3.2344439e-06 0)
(0.16127393 3.2120383e-06 0)
(0.16108752 3.1896668e-06 0)
(0.16090067 3.167329e-06 0)
(0.16071337 3.1450246e-06 0)
(0.16052562 3.1227538e-06 0)
(0.16033742 3.1005171e-06 0)
(0.16014876 3.0783149e-06 0)
(0.15995964 3.0561473e-06 0)
(0.15977005 3.0340138e-06 0)
(0.15957998 3.0119137e-06 0)
(0.15938944 2.9898468e-06 0)
(0.15919841 2.9678137e-06 0)
(0.1590069 2.945815e-06 0)
(0.15881489 2.9238515e-06 0)
(0.15862238 2.901923e-06 0)
(0.15842937 2.8800288e-06 0)
(0.15823585 2.8581681e-06 0)
(0.15804181 2.8363403e-06 0)
(0.15784726 2.814546e-06 0)
(0.15765217 2.7927857e-06 0)
(0.15745656 2.7710603e-06 0)
(0.15726041 2.7493701e-06 0)
(0.15706372 2.7277149e-06 0)
(0.15686648 2.706094e-06 0)
(0.15666869 2.6845069e-06 0)
(0.15647033 2.6629543e-06 0)
(0.15627142 2.6414383e-06 0)
(0.15607193 2.6199597e-06 0)
(0.15587186 2.5985179e-06 0)
(0.15567121 2.5771124e-06 0)
(0.15546997 2.5557445e-06 0)
(0.15526814 2.5344167e-06 0)
(0.1550657 2.5131298e-06 0)
(0.15486265 2.4918849e-06 0)
(0.15465899 2.4706829e-06 0)
(0.1544547 2.4494884e-06 0)
(0.15424979 2.4282548e-06 0)
(0.15404425 2.4070188e-06 0)
(0.15383807 2.3858752e-06 0)
(0.15363125 2.364784e-06 0)
(0.15342378 2.3437877e-06 0)
(0.15321565 2.3229518e-06 0)
(0.15300682 2.3033713e-06 0)
(0.18219649 5.8850558e-06 0)
(0.18202947 5.8542661e-06 0)
(0.18186219 5.8222914e-06 0)
(0.18169473 5.7921995e-06 0)
(0.18152712 5.7654966e-06 0)
(0.18135933 5.7398328e-06 0)
(0.18119132 5.7122433e-06 0)
(0.18102322 5.6832054e-06 0)
(0.18085492 5.6642904e-06 0)
(0.18068617 5.6542076e-06 0)
(0.18051697 5.6277919e-06 0)
(0.18034784 5.5775967e-06 0)
(0.18017913 5.5317483e-06 0)
(0.18001051 5.5086214e-06 0)
(0.17984155 5.4956578e-06 0)
(0.17967216 5.4782864e-06 0)
(0.17950244 5.4546203e-06 0)
(0.1793325 5.4273175e-06 0)
(0.1791624 5.3984862e-06 0)
(0.17899216 5.369191e-06 0)
(0.17882181 5.3399254e-06 0)
(0.17865132 5.3109161e-06 0)
(0.17848071 5.2822517e-06 0)
(0.17830996 5.2539418e-06 0)
(0.17813906 5.2259555e-06 0)
(0.177968 5.1982482e-06 0)
(0.17779678 5.1707772e-06 0)
(0.17762539 5.1435026e-06 0)
(0.17745382 5.1163897e-06 0)
(0.17728206 5.0894107e-06 0)
(0.17711012 5.0625454e-06 0)
(0.17693798 5.0357792e-06 0)
(0.17676565 5.0090999e-06 0)
(0.17659311 4.9824982e-06 0)
(0.17642036 4.9559672e-06 0)
(0.17624741 4.9295029e-06 0)
(0.17607424 4.9031005e-06 0)
(0.17590085 4.8767565e-06 0)
(0.17572725 4.8504684e-06 0)
(0.17555342 4.8242353e-06 0)
(0.17537936 4.7980557e-06 0)
(0.17520507 4.7719278e-06 0)
(0.17503054 4.7458509e-06 0)
(0.17485577 4.7198254e-06 0)
(0.17468077 4.6938502e-06 0)
(0.17450551 4.6679243e-06 0)
(0.17433001 4.6420472e-06 0)
(0.17415426 4.6162174e-06 0)
(0.17397825 4.5904347e-06 0)
(0.17380198 4.564698e-06 0)
(0.17362545 4.5390079e-06 0)
(0.17344865 4.5133634e-06 0)
(0.17327158 4.4877642e-06 0)
(0.17309423 4.4622097e-06 0)
(0.17291661 4.4366997e-06 0)
(0.17273871 4.4112341e-06 0)
(0.17256053 4.3858125e-06 0)
(0.17238205 4.3604358e-06 0)
(0.17220329 4.3351031e-06 0)
(0.17202422 4.3098128e-06 0)
(0.17184486 4.2845649e-06 0)
(0.1716652 4.2593596e-06 0)
(0.17148523 4.2341957e-06 0)
(0.17130495 4.2090732e-06 0)
(0.17112435 4.1839921e-06 0)
(0.17094344 4.1589514e-06 0)
(0.1707622 4.1339513e-06 0)
(0.17058064 4.108993e-06 0)
(0.17039875 4.0840758e-06 0)
(0.17021653 4.0591988e-06 0)
(0.17003396 4.0343622e-06 0)
(0.16985106 4.0095644e-06 0)
(0.16966781 3.9848055e-06 0)
(0.16948421 3.9600863e-06 0)
(0.16930026 3.9354046e-06 0)
(0.16911595 3.910761e-06 0)
(0.16893128 3.886158e-06 0)
(0.16874624 3.861595e-06 0)
(0.16856083 3.8370712e-06 0)
(0.16837505 3.8125861e-06 0)
(0.16818889 3.7881373e-06 0)
(0.16800235 3.7637253e-06 0)
(0.16781542 3.739353e-06 0)
(0.1676281 3.7150188e-06 0)
(0.16744038 3.6907201e-06 0)
(0.16725227 3.6664585e-06 0)
(0.16706375 3.6422361e-06 0)
(0.16687482 3.6180519e-06 0)
(0.16668547 3.5939042e-06 0)
(0.16649571 3.569793e-06 0)
(0.16630553 3.5457183e-06 0)
(0.16611492 3.5216801e-06 0)
(0.16592388 3.4976786e-06 0)
(0.1657324 3.4737144e-06 0)
(0.16554048 3.4497875e-06 0)
(0.16534812 3.4258978e-06 0)
(0.1651553 3.4020446e-06 0)
(0.16496203 3.3782275e-06 0)
(0.1647683 3.3544461e-06 0)
(0.1645741 3.3307007e-06 0)
(0.16437944 3.3069917e-06 0)
(0.1641843 3.2833196e-06 0)
(0.16398867 3.2596845e-06 0)
(0.16379257 3.2360858e-06 0)
(0.16359597 3.2125229e-06 0)
(0.16339888 3.1889956e-06 0)
(0.16320129 3.1655043e-06 0)
(0.16300319 3.1420498e-06 0)
(0.16280458 3.1186329e-06 0)
(0.16260545 3.0952533e-06 0)
(0.1624058 3.0719103e-06 0)
(0.16220562 3.0486032e-06 0)
(0.16200491 3.0253314e-06 0)
(0.16180366 3.0020953e-06 0)
(0.16160187 2.9788957e-06 0)
(0.16139952 2.9557332e-06 0)
(0.16119662 2.9326083e-06 0)
(0.16099316 2.9095208e-06 0)
(0.16078913 2.88647e-06 0)
(0.16058453 2.8634553e-06 0)
(0.16037935 2.8404775e-06 0)
(0.16017358 2.8175386e-06 0)
(0.15996722 2.7946397e-06 0)
(0.15976026 2.7717799e-06 0)
(0.15955269 2.748959e-06 0)
(0.15934452 2.7261782e-06 0)
(0.15913573 2.7034401e-06 0)
(0.15892631 2.6807457e-06 0)
(0.15871627 2.6580961e-06 0)
(0.15850558 2.635492e-06 0)
(0.15829425 2.6128966e-06 0)
(0.15808227 2.5902611e-06 0)
(0.15786964 2.5676233e-06 0)
(0.15765635 2.5450825e-06 0)
(0.15744239 2.5225972e-06 0)
(0.15722776 2.5002121e-06 0)
(0.15701244 2.478004e-06 0)
(0.1567964 2.4570184e-06 0)
(0.18694752 6.2766011e-06 0)
(0.18677479 6.2431856e-06 0)
(0.18660178 6.2095736e-06 0)
(0.18642859 6.1777058e-06 0)
(0.18625524 6.149241e-06 0)
(0.1860817 6.1218782e-06 0)
(0.18590793 6.0924854e-06 0)
(0.18573406 6.0616238e-06 0)
(0.18555999 6.0412636e-06 0)
(0.18538547 6.0300052e-06 0)
(0.18521049 6.0018523e-06 0)
(0.18503558 5.9489726e-06 0)
(0.18486107 5.9004107e-06 0)
(0.18468667 5.8753916e-06 0)
(0.18451192 5.8610917e-06 0)
(0.18433674 5.8423626e-06 0)
(0.18416122 5.8171178e-06 0)
(0.18398548 5.7880584e-06 0)
(0.18380957 5.7573735e-06 0)
(0.18363352 5.7261832e-06 0)
(0.18345733 5.695012e-06 0)
(0.18328102 5.6641024e-06 0)
(0.18310457 5.6335506e-06 0)
(0.18292798 5.6033692e-06 0)
(0.18275123 5.5735272e-06 0)
(0.18257432 5.543979e-06 0)
(0.18239724 5.5146804e-06 0)
(0.18221998 5.4855896e-06 0)
(0.18204254 5.4566705e-06 0)
(0.18186491 5.4278937e-06 0)
(0.18168709 5.3992382e-06 0)
(0.18150906 5.3706883e-06 0)
(0.18133083 5.3422313e-06 0)
(0.18115238 5.3138572e-06 0)
(0.18097373 5.2855587e-06 0)
(0.18079486 5.2573315e-06 0)
(0.18061576 5.2291706e-06 0)
(0.18043644 5.2010722e-06 0)
(0.1802569 5.1730337e-06 0)
(0.18007712 5.1450541e-06 0)
(0.1798971 5.1171318e-06 0)
(0.17971685 5.0892648e-06 0)
(0.17953635 5.0614524e-06 0)
(0.1793556 5.0336951e-06 0)
(0.17917461 5.0059915e-06 0)
(0.17899336 4.9783407e-06 0)
(0.17881185 4.9507422e-06 0)
(0.17863008 4.9231942e-06 0)
(0.17844805 4.8956967e-06 0)
(0.17826574 4.8682486e-06 0)
(0.17808317 4.8408502e-06 0)
(0.17790032 4.8135008e-06 0)
(0.17771719 4.7861998e-06 0)
(0.17753378 4.7589467e-06 0)
(0.17735008 4.7317413e-06 0)
(0.17716609 4.7045833e-06 0)
(0.1769818 4.6774724e-06 0)
(0.17679722 4.6504097e-06 0)
(0.17661233 4.6233939e-06 0)
(0.17642714 4.5964235e-06 0)
(0.17624164 4.5694986e-06 0)
(0.17605583 4.5426192e-06 0)
(0.17586969 4.5157841e-06 0)
(0.17568324 4.4889935e-06 0)
(0.17549646 4.4622472e-06 0)
(0.17530935 4.4355442e-06 0)
(0.17512191 4.4088846e-06 0)
(0.17493414 4.3822698e-06 0)
(0.17474602 4.3556988e-06 0)
(0.17455755 4.329171e-06 0)
(0.17436874 4.3026863e-06 0)
(0.17417957 4.2762433e-06 0)
(0.17399004 4.249842e-06 0)
(0.17380016 4.2234831e-06 0)
(0.1736099 4.1971645e-06 0)
(0.17341928 4.1708867e-06 0)
(0.17322828 4.1446522e-06 -1.1167509e-32)
(0.17303691 4.1184606e-06 0)
(0.17284515 4.0923108e-06 0)
(0.172653 4.0662023e-06 0)
(0.17246046 4.0401329e-06 0)
(0.17226753 4.014103e-06 0)
(0.17207419 3.9881154e-06 0)
(0.17188045 3.9621685e-06 0)
(0.1716863 3.9362598e-06 0)
(0.17149174 3.9103908e-06 0)
(0.17129676 3.8845637e-06 0)
(0.17110135 3.8587773e-06 0)
(0.17090552 3.8330301e-06 0)
(0.17070925 3.8073219e-06 0)
(0.17051255 3.7816528e-06 0)
(0.1703154 3.7560228e-06 0)
(0.17011781 3.730432e-06 0)
(0.16991976 3.7048811e-06 0)
(0.16972126 3.6793701e-06 0)
(0.1695223 3.6538988e-06 0)
(0.16932287 3.6284666e-06 0)
(0.16912297 3.603073e-06 0)
(0.16892259 3.5777176e-06 0)
(0.16872173 3.5524007e-06 0)
(0.16852038 3.5271228e-06 0)
(0.16831854 3.5018844e-06 0)
(0.16811621 3.4766854e-06 0)
(0.16791337 3.4515253e-06 0)
(0.16771002 3.4264035e-06 0)
(0.16750617 3.4013198e-06 0)
(0.16730179 3.3762747e-06 0)
(0.16709689 3.3512688e-06 0)
(0.16689145 3.326303e-06 0)
(0.16668549 3.3013771e-06 0)
(0.16647898 3.2764903e-06 0)
(0.16627192 3.2516418e-06 0)
(0.16606432 3.2268312e-06 0)
(0.16585615 3.2020587e-06 0)
(0.16564742 3.1773253e-06 0)
(0.16543812 3.1526315e-06 0)
(0.16522825 3.1279778e-06 0)
(0.16501779 3.103364e-06 0)
(0.16480674 3.0787894e-06 0)
(0.1645951 3.0542534e-06 0)
(0.16438286 3.029757e-06 0)
(0.16417002 3.005302e-06 0)
(0.16395656 2.9808894e-06 0)
(0.16374248 2.9565187e-06 0)
(0.16352777 2.9321895e-06 0)
(0.16331243 2.907903e-06 0)
(0.16309645 2.8836621e-06 0)
(0.16287982 2.8594678e-06 0)
(0.16266254 2.8353213e-06 0)
(0.1624446 2.8112232e-06 0)
(0.16222599 2.787135e-06 0)
(0.1620067 2.7630058e-06 0)
(0.16178674 2.7388745e-06 0)
(0.16156611 2.7148448e-06 0)
(0.16134477 2.690874e-06 0)
(0.16112274 2.6670088e-06 0)
(0.1609 2.643339e-06 0)
(0.1606765 2.6208385e-06 0)
(0.19182031 6.6940151e-06 0)
(0.19164168 6.6577735e-06 0)
(0.19146275 6.6224283e-06 0)
(0.19128364 6.5886738e-06 0)
(0.19110436 6.5583325e-06 0)
(0.19092487 6.5291617e-06 0)
(0.19074516 6.4978473e-06 0)
(0.19056535 6.4650515e-06 0)
(0.1903853 6.4431444e-06 0)
(0.19020481 6.4305967e-06 0)
(0.19002387 6.4005796e-06 0)
(0.18984299 6.344871e-06 0)
(0.18966251 6.2934467e-06 0)
(0.18948212 6.2664007e-06 0)
(0.1893014 6.2506479e-06 0)
(0.18912024 6.2304526e-06 0)
(0.18893874 6.2035196e-06 0)
(0.188757 6.1725893e-06 0)
(0.18857508 6.1399325e-06 0)
(0.18839302 6.1067263e-06 0)
(0.18821082 6.0735272e-06 0)
(0.18802849 6.0405947e-06 0)
(0.18784602 6.0080332e-06 0)
(0.18766339 5.9758583e-06 0)
(0.1874806 5.9440392e-06 0)
(0.18729765 5.9125295e-06 0)
(0.18711452 5.881283e-06 0)
(0.18693121 5.8502565e-06 0)
(0.1867477 5.8194121e-06 0)
(0.186564 5.7887191e-06 0)
(0.1863801 5.7581553e-06 0)
(0.18619599 5.7277041e-06 0)
(0.18601166 5.697352e-06 0)
(0.18582713 5.6670886e-06 0)
(0.18564237 5.636906e-06 0)
(0.18545738 5.6067996e-06 0)
(0.18527217 5.5767641e-06 0)
(0.18508672 5.5467956e-06 0)
(0.18490104 5.5168913e-06 0)
(0.18471511 5.48705e-06 0)
(0.18452895 5.45727e-06 0)
(0.18434253 5.4275493e-06 0)
(0.18415586 5.3978871e-06 0)
(0.18396894 5.3682837e-06 0)
(0.18378176 5.3387378e-06 0)
(0.18359432 5.3092484e-06 0)
(0.1834066 5.2798149e-06 0)
(0.18321862 5.2504356e-06 0)
(0.18303037 5.2211103e-06 0)
(0.18284184 5.191838e-06 0)
(0.18265302 5.1626188e-06 0)
(0.18246392 5.1334521e-06 0)
(0.18227453 5.1043372e-06 0)
(0.18208485 5.0752736e-06 0)
(0.18189487 5.0462611e-06 0)
(0.18170459 5.0172993e-06 0)
(0.181514 4.9883881e-06 0)
(0.18132311 4.9595281e-06 0)
(0.18113191 4.9307184e-06 0)
(0.18094038 4.9019574e-06 0)
(0.18074854 4.873245e-06 0)
(0.18055637 4.8445813e-06 0)
(0.18036388 4.8159652e-06 0)
(0.18017105 4.7873966e-06 0)
(0.17997788 4.7588755e-06 0)
(0.17978438 4.7304008e-06 0)
(0.17959053 4.7019726e-06 0)
(0.17939633 4.6735922e-06 0)
(0.17920177 4.6452588e-06 0)
(0.17900686 4.6169715e-06 0)
(0.17881159 4.5887304e-06 0)
(0.17861595 4.560534e-06 0)
(0.17841994 4.5323821e-06 0)
(0.17822356 4.5042757e-06 0)
(0.1780268 4.4762126e-06 0)
(0.17782965 4.4481932e-06 0)
(0.17763212 4.4202201e-06 1.1508345e-32)
(0.1774342 4.3922926e-06 0)
(0.17723588 4.3644099e-06 0)
(0.17703715 4.3365715e-06 0)
(0.17683803 4.3087749e-06 0)
(0.17663849 4.2810208e-06 0)
(0.17643854 4.2533117e-06 0)
(0.17623817 4.2256462e-06 0)
(0.17603737 4.1980217e-06 0)
(0.17583614 4.1704398e-06 0)
(0.17563449 4.1429024e-06 0)
(0.17543239 4.1154086e-06 0)
(0.17522985 4.0879568e-06 0)
(0.17502686 4.0605467e-06 0)
(0.17482342 4.0331786e-06 0)
(0.17461953 4.0058522e-06 0)
(0.17441516 3.9785679e-06 0)
(0.17421034 3.9513261e-06 0)
(0.17400503 3.924127e-06 0)
(0.17379925 3.8969703e-06 0)
(0.17359299 3.8698554e-06 0)
(0.17338624 3.8427817e-06 0)
(0.173179 3.815749e-06 0)
(0.17297125 3.7887576e-06 0)
(0.172763 3.7618078e-06 0)
(0.17255425 3.7349001e-06 0)
(0.17234498 3.7080346e-06 0)
(0.17213518 3.6812107e-06 0)
(0.17192486 3.6544278e-06 0)
(0.17171401 3.6276856e-06 0)
(0.17150263 3.6009846e-06 0)
(0.17129069 3.5743257e-06 0)
(0.17107821 3.5477094e-06 0)
(0.17086518 3.5211357e-06 0)
(0.17065159 3.4946038e-06 0)
(0.17043743 3.4681128e-06 0)
(0.17022269 3.4416624e-06 0)
(0.17000738 3.4152529e-06 0)
(0.16979149 3.388885e-06 0)
(0.169575 3.3625594e-06 0)
(0.16935792 3.3362767e-06 0)
(0.16914023 3.3100365e-06 0)
(0.16892194 3.2838382e-06 0)
(0.16870303 3.2576812e-06 0)
(0.1684835 3.2315664e-06 0)
(0.16826334 3.2054959e-06 0)
(0.16804254 3.1794705e-06 0)
(0.1678211 3.1534897e-06 0)
(0.16759901 3.1275533e-06 0)
(0.16737627 3.1016625e-06 0)
(0.16715286 3.0758203e-06 0)
(0.16692878 3.0500278e-06 0)
(0.16670403 3.0242861e-06 0)
(0.16647859 2.9985959e-06 0)
(0.16625245 2.9729171e-06 0)
(0.16602562 2.9471964e-06 0)
(0.16579809 2.9214739e-06 0)
(0.16556986 2.8958577e-06 0)
(0.1653409 2.870304e-06 0)
(0.16511123 2.8448618e-06 0)
(0.16488081 2.8196345e-06 0)
(0.16464961 2.7955006e-06 0)
(0.19681827 7.1389865e-06 0)
(0.19663355 7.0997157e-06 0)
(0.19644851 7.0625309e-06 0)
(0.19626328 7.0267695e-06 0)
(0.19607788 6.99443e-06 0)
(0.19589226 6.9633359e-06 0)
(0.19570641 6.9299737e-06 0)
(0.19552045 6.8951271e-06 0)
(0.19533424 6.8715649e-06 0)
(0.19514759 6.8576035e-06 0)
(0.19496049 6.8255852e-06 0)
(0.19477344 6.7668946e-06 0)
(0.19458679 6.7124512e-06 0)
(0.19440023 6.6832357e-06 0)
(0.19421333 6.6659049e-06 0)
(0.19402599 6.6441265e-06 0)
(0.19383831 6.6153878e-06 0)
(0.19365038 6.5824647e-06 0)
(0.19346227 6.54771e-06 0)
(0.193274 6.5123593e-06 0)
(0.19308559 6.4770025e-06 0)
(0.19289704 6.441917e-06 0)
(0.19270835 6.4072156e-06 0)
(0.19251949 6.3729173e-06 0)
(0.19233047 6.3389921e-06 0)
(0.19214127 6.3053922e-06 0)
(0.1919519 6.27207e-06 0)
(0.19176233 6.2389805e-06 0)
(0.19157256 6.206084e-06 0)
(0.19138259 6.1733486e-06 0)
(0.19119241 6.1407507e-06 0)
(0.19100202 6.1082729e-06 0)
(0.19081141 6.0759009e-06 0)
(0.19062057 6.0436236e-06 0)
(0.19042951 6.0114326e-06 0)
(0.19023821 5.9793232e-06 0)
(0.19004667 5.9472896e-06 0)
(0.1898549 5.9153277e-06 0)
(0.18966288 5.8834346e-06 0)
(0.18947061 5.8516089e-06 0)
(0.18927809 5.8198489e-06 0)
(0.18908531 5.7881524e-06 0)
(0.18889228 5.7565184e-06 0)
(0.18869897 5.7249474e-06 0)
(0.1885054 5.6934379e-06 0)
(0.18831156 5.6619888e-06 0)
(0.18811744 5.6305995e-06 0)
(0.18792305 5.5992682e-06 0)
(0.18772837 5.5679948e-06 0)
(0.1875334 5.5367781e-06 0)
(0.18733814 5.5056183e-06 0)
(0.18714258 5.4745146e-06 0)
(0.18694673 5.4434665e-06 0)
(0.18675057 5.4124733e-06 0)
(0.18655411 5.3815347e-06 0)
(0.18635733 5.3506505e-06 0)
(0.18616024 5.3198203e-06 0)
(0.18596283 5.2890449e-06 0)
(0.1857651 5.2583233e-06 0)
(0.18556703 5.2276538e-06 0)
(0.18536864 5.1970364e-06 0)
(0.18516991 5.1664711e-06 0)
(0.18497084 5.1359568e-06 0)
(0.18477143 5.1054933e-06 0)
(0.18457167 5.0750807e-06 0)
(0.18437155 5.0447178e-06 0)
(0.18417108 5.0144047e-06 0)
(0.18397025 4.9841427e-06 0)
(0.18376905 4.9539309e-06 0)
(0.18356748 4.9237686e-06 0)
(0.18336554 4.8936556e-06 0)
(0.18316322 4.8635905e-06 0)
(0.18296051 4.8335731e-06 0)
(0.18275742 4.8036044e-06 0)
(0.18255394 4.7736821e-06 0)
(0.18235006 4.7438067e-06 0)
(0.18214578 4.7139806e-06 0)
(0.18194109 4.6842034e-06 0)
(0.18173599 4.654474e-06 0)
(0.18153048 4.624792e-06 0)
(0.18132454 4.5951548e-06 0)
(0.18111818 4.5655631e-06 0)
(0.1809114 4.5360196e-06 0)
(0.18070417 4.5065226e-06 0)
(0.18049651 4.4770697e-06 0)
(0.18028841 4.4476623e-06 0)
(0.18007986 4.4183025e-06 0)
(0.17987085 4.3889892e-06 0)
(0.17966138 4.3597209e-06 0)
(0.17945145 4.3304973e-06 0)
(0.17924105 4.3013185e-06 0)
(0.17903018 4.2721845e-06 0)
(0.17881883 4.2430954e-06 0)
(0.17860699 4.2140518e-06 0)
(0.17839467 4.1850538e-06 0)
(0.17818185 4.1561011e-06 0)
(0.17796852 4.1271931e-06 0)
(0.1777547 4.0983292e-06 0)
(0.17754036 4.0695093e-06 0)
(0.1773255 4.0407334e-06 0)
(0.17711013 4.012002e-06 0)
(0.17689422 3.9833157e-06 0)
(0.17667778 3.9546743e-06 0)
(0.17646081 3.9260775e-06 0)
(0.17624328 3.8975245e-06 0)
(0.17602521 3.8690151e-06 0)
(0.17580658 3.8405497e-06 0)
(0.17558739 3.8121293e-06 0)
(0.17536763 3.7837543e-06 0)
(0.1751473 3.7554248e-06 0)
(0.17492638 3.7271399e-06 0)
(0.17470488 3.6988988e-06 0)
(0.17448279 3.6707011e-06 0)
(0.17426009 3.6425472e-06 0)
(0.17403679 3.6144377e-06 0)
(0.17381288 3.5863734e-06 0)
(0.17358836 3.5583548e-06 0)
(0.1733632 3.5303816e-06 0)
(0.17313742 3.5024532e-06 0)
(0.172911 3.474569e-06 0)
(0.17268393 3.4467299e-06 0)
(0.17245621 3.4189379e-06 0)
(0.17222784 3.391194e-06 0)
(0.17199879 3.3634977e-06 0)
(0.17176908 3.3358487e-06 0)
(0.17153869 3.3082484e-06 0)
(0.17130761 3.2806999e-06 0)
(0.17107583 3.2532044e-06 0)
(0.17084335 3.2257631e-06 0)
(0.17061016 3.1983765e-06 0)
(0.17037626 3.1710028e-06 0)
(0.17014163 3.1435864e-06 0)
(0.16990627 3.1161686e-06 0)
(0.16967019 3.088862e-06 0)
(0.16943336 3.0616218e-06 0)
(0.16919578 3.0344991e-06 0)
(0.16895744 3.0076125e-06 0)
(0.16871828 2.981721e-06 0)
(0.20194494 7.6133117e-06 0)
(0.20175391 7.5708071e-06 0)
(0.20156257 7.5316642e-06 0)
(0.20137102 7.4937656e-06 0)
(0.20117929 7.4592987e-06 0)
(0.20098734 7.4261592e-06 0)
(0.20079515 7.3906144e-06 0)
(0.20060284 7.3535942e-06 0)
(0.20041027 7.3282616e-06 0)
(0.20021725 7.3127508e-06 0)
(0.20002379 7.2785833e-06 0)
(0.19983038 7.2167485e-06 0)
(0.19963736 7.159121e-06 0)
(0.19944442 7.1275852e-06 0)
(0.19925114 7.1085424e-06 0)
(0.19905743 7.085055e-06 0)
(0.19886336 7.0543844e-06 0)
(0.19866905 7.0193385e-06 0)
(0.19847454 6.9823518e-06 0)
(0.19827987 6.94472e-06 0)
(0.19808504 6.9070675e-06 0)
(0.19789007 6.8696903e-06 0)
(0.19769495 6.8327106e-06 0)
(0.19749966 6.7961511e-06 0)
(0.1973042 6.7599823e-06 0)
(0.19710856 6.7241555e-06 0)
(0.19691273 6.6886214e-06 0)
(0.19671671 6.6533333e-06 0)
(0.19652047 6.6182499e-06 0)
(0.19632403 6.5833377e-06 0)
(0.19612737 6.5485718e-06 0)
(0.19593049 6.513934e-06 0)
(0.19573339 6.4794089e-06 0)
(0.19553605 6.4449851e-06 0)
(0.19533847 6.4106536e-06 0)
(0.19514066 6.3764092e-06 0)
(0.1949426 6.3422459e-06 0)
(0.19474429 6.3081594e-06 0)
(0.19454572 6.2741466e-06 0)
(0.1943469 6.2402059e-06 0)
(0.19414782 6.2063355e-06 0)
(0.19394847 6.172533e-06 0)
(0.19374886 6.1387976e-06 0)
(0.19354897 6.1051294e-06 0)
(0.1933488 6.071527e-06 0)
(0.19314835 6.0379893e-06 0)
(0.19294762 6.0045155e-06 0)
(0.1927466 5.9711039e-06 0)
(0.19254528 5.9377542e-06 0)
(0.19234367 5.9044652e-06 0)
(0.19214175 5.8712372e-06 0)
(0.19193953 5.8380692e-06 0)
(0.191737 5.8049606e-06 0)
(0.19153416 5.7719109e-06 0)
(0.191331 5.7389196e-06 0)
(0.19112751 5.7059865e-06 0)
(0.1909237 5.6731112e-06 0)
(0.19071956 5.6402945e-06 0)
(0.19051508 5.6075353e-06 0)
(0.19031027 5.5748319e-06 0)
(0.19010511 5.5421843e-06 0)
(0.18989961 5.5095924e-06 0)
(0.18969375 5.4770551e-06 0)
(0.18948753 5.4445722e-06 0)
(0.18928096 5.4121439e-06 0)
(0.18907402 5.3797687e-06 0)
(0.18886671 5.3474469e-06 0)
(0.18865903 5.3151797e-06 0)
(0.18845097 5.2829662e-06 0)
(0.18824252 5.2508055e-06 0)
(0.18803369 5.2186978e-06 0)
(0.18782447 5.1866413e-06 0)
(0.18761485 5.1546359e-06 0)
(0.18740483 5.1226826e-06 0)
(0.1871944 5.0907791e-06 0)
(0.18698356 5.0589259e-06 0)
(0.18677231 5.0271252e-06 0)
(0.18656064 4.9953768e-06 0)
(0.18634854 4.9636795e-06 0)
(0.18613601 4.9320328e-06 0)
(0.18592305 4.9004343e-06 0)
(0.18570964 4.8688845e-06 0)
(0.1854958 4.8373861e-06 0)
(0.1852815 4.8059375e-06 0)
(0.18506675 4.7745362e-06 0)
(0.18485154 4.7431836e-06 0)
(0.18463586 4.7118818e-06 0)
(0.18441972 4.6806297e-06 0)
(0.1842031 4.6494257e-06 0)
(0.183986 4.6182696e-06 0)
(0.18376841 4.5871615e-06 0)
(0.18355033 4.5561012e-06 0)
(0.18333176 4.5250891e-06 0)
(0.18311269 4.4941255e-06 0)
(0.1828931 4.4632106e-06 0)
(0.18267301 4.4323442e-06 0)
(0.1824524 4.4015255e-06 0)
(0.18223126 4.3707541e-06 0)
(0.1820096 4.3400297e-06 0)
(0.18178739 4.3093524e-06 0)
(0.18156465 4.2787227e-06 0)
(0.18134137 4.2481411e-06 0)
(0.18111752 4.2176076e-06 0)
(0.18089313 4.1871216e-06 0)
(0.18066816 4.1566825e-06 0)
(0.18044263 4.12629e-06 0)
(0.18021652 4.0959447e-06 0)
(0.17998983 4.0656473e-06 0)
(0.17976255 4.0353984e-06 0)
(0.17953467 4.005198e-06 0)
(0.17930619 3.9750453e-06 0)
(0.17907711 3.9449394e-06 0)
(0.17884741 3.91488e-06 0)
(0.17861709 3.8848674e-06 0)
(0.17838615 3.8549022e-06 0)
(0.17815457 3.8249854e-06 0)
(0.17792235 3.7951172e-06 0)
(0.17768948 3.7652975e-06 0)
(0.17745596 3.7355256e-06 0)
(0.17722178 3.7058011e-06 0)
(0.17698693 3.6761247e-06 0)
(0.1767514 3.6464984e-06 0)
(0.17651519 3.6169235e-06 0)
(0.1762783 3.5873992e-06 0)
(0.17604071 3.5579256e-06 0)
(0.17580241 3.5285039e-06 0)
(0.1755634 3.4991373e-06 0)
(0.17532367 3.4698272e-06 0)
(0.17508321 3.440575e-06 0)
(0.17484202 3.4113808e-06 0)
(0.17460008 3.3822013e-06 0)
(0.1743574 3.3529783e-06 0)
(0.17411396 3.3237543e-06 0)
(0.17386977 3.2946467e-06 0)
(0.1736248 3.2656095e-06 0)
(0.17337906 3.2366962e-06 0)
(0.17313252 3.2080418e-06 0)
(0.17288514 3.1802652e-06 0)
(0.17263726 3.153774e-06 0)
(0.20720391 8.1189005e-06 0)
(0.20700637 8.0729576e-06 0)
(0.20680852 8.0317253e-06 0)
(0.20661044 7.9915479e-06 0)
(0.20641219 7.9548164e-06 0)
(0.2062137 7.9195022e-06 0)
(0.20601495 7.8816311e-06 0)
(0.20581609 7.8423084e-06 0)
(0.20561695 7.8150823e-06 0)
(0.20541736 7.7978739e-06 0)
(0.20521734 7.7613973e-06 0)
(0.20501736 7.6962461e-06 0)
(0.20481776 7.6352613e-06 0)
(0.20461824 7.6012457e-06 0)
(0.20441838 7.5803471e-06 0)
(0.20421808 7.5550155e-06 0)
(0.20401743 7.5222775e-06 0)
(0.20381651 7.4849699e-06 0)
(0.20361539 7.4456086e-06 0)
(0.20341411 7.4055503e-06 0)
(0.20321267 7.3654554e-06 0)
(0.20301107 7.3256393e-06 0)
(0.20280931 7.2862342e-06 0)
(0.20260739 7.2472667e-06 0)
(0.20240528 7.2087081e-06 0)
(0.20220298 7.1705089e-06 0)
(0.20200049 7.1326181e-06 0)
(0.2017978 7.0949872e-06 0)
(0.20159489 7.0575733e-06 0)
(0.20139177 7.0203411e-06 0)
(0.20118842 6.9832647e-06 0)
(0.20098484 6.9463248e-06 0)
(0.20078103 6.9095051e-06 0)
(0.20057697 6.8727936e-06 0)
(0.20037268 6.8361807e-06 0)
(0.20016813 6.7996608e-06 0)
(0.19996333 6.7632278e-06 0)
(0.19975827 6.7268769e-06 0)
(0.19955295 6.6906049e-06 0)
(0.19934737 6.6544101e-06 0)
(0.19914151 6.6182905e-06 0)
(0.19893538 6.5822437e-06 0)
(0.19872898 6.5462686e-06 0)
(0.19852228 6.5103654e-06 0)
(0.19831531 6.4745325e-06 0)
(0.19810804 6.4387689e-06 0)
(0.19790047 6.4030736e-06 0)
(0.19769261 6.3674448e-06 0)
(0.19748444 6.3318824e-06 0)
(0.19727597 6.296385e-06 0)
(0.19706718 6.2609527e-06 0)
(0.19685807 6.2255847e-06 0)
(0.19664865 6.1902804e-06 0)
(0.1964389 6.155039e-06 0)
(0.19622882 6.1198602e-06 0)
(0.19601841 6.0847436e-06 0)
(0.19580766 6.0496889e-06 0)
(0.19559657 6.0146968e-06 0)
(0.19538514 5.9797662e-06 0)
(0.19517335 5.9448953e-06 0)
(0.1949612 5.9100841e-06 0)
(0.1947487 5.8753326e-06 0)
(0.19453583 5.8406395e-06 0)
(0.1943226 5.8060047e-06 0)
(0.19410899 5.7714282e-06 0)
(0.193895 5.7369087e-06 0)
(0.19368063 5.7024464e-06 0)
(0.19346587 5.6680423e-06 0)
(0.19325073 5.6336957e-06 0)
(0.19303518 5.5994057e-06 0)
(0.19281924 5.5651722e-06 0)
(0.19260289 5.5309937e-06 0)
(0.19238612 5.4968699e-06 0)
(0.19216895 5.4628018e-06 0)
(0.19195135 5.4287871e-06 0)
(0.19173333 5.3948263e-06 0)
(0.19151487 5.3609215e-06 0)
(0.19129599 5.3270726e-06 0)
(0.19107666 5.2932783e-06 0)
(0.19085689 5.2595382e-06 0)
(0.19063666 5.2258497e-06 0)
(0.19041599 5.1922134e-06 0)
(0.19019485 5.158632e-06 0)
(0.18997325 5.1251039e-06 0)
(0.18975117 5.0916264e-06 0)
(0.18952862 5.0582011e-06 0)
(0.18930559 5.02483e-06 0)
(0.18908208 4.991512e-06 0)
(0.18885807 4.9582455e-06 0)
(0.18863356 4.9250302e-06 0)
(0.18840855 4.8918663e-06 0)
(0.18818303 4.8587537e-06 0)
(0.187957 4.8256924e-06 0)
(0.18773045 4.7926831e-06 0)
(0.18750338 4.7597258e-06 0)
(0.18727577 4.7268202e-06 0)
(0.18704763 4.6939657e-06 0)
(0.18681894 4.6611618e-06 0)
(0.18658971 4.6284081e-06 0)
(0.18635992 4.5957049e-06 0)
(0.18612957 4.5630525e-06 0)
(0.18589866 4.5304515e-06 0)
(0.18566717 4.4979019e-06 0)
(0.18543511 4.465403e-06 0)
(0.18520246 4.4329543e-06 0)
(0.18496922 4.4005555e-06 0)
(0.18473539 4.3682071e-06 0)
(0.18450095 4.3359098e-06 0)
(0.1842659 4.3036644e-06 0)
(0.18403023 4.2714706e-06 0)
(0.18379394 4.2393278e-06 0)
(0.18355703 4.207235e-06 0)
(0.18331947 4.175192e-06 0)
(0.18308128 4.143199e-06 0)
(0.18284243 4.1112567e-06 0)
(0.18260293 4.079366e-06 0)
(0.18236276 4.0475272e-06 0)
(0.18212193 4.0157401e-06 0)
(0.18188041 3.9840041e-06 0)
(0.18163821 3.9523187e-06 0)
(0.18139532 3.9206848e-06 0)
(0.18115174 3.8891043e-06 0)
(0.18090744 3.8575785e-06 0)
(0.18066243 3.8261066e-06 0)
(0.1804167 3.7946888e-06 0)
(0.18017024 3.7633265e-06 0)
(0.17992304 3.7320228e-06 0)
(0.17967509 3.7007794e-06 0)
(0.17942639 3.6695976e-06 0)
(0.17917693 3.6384776e-06 0)
(0.1789267 3.607374e-06 0)
(0.17867569 3.5762263e-06 0)
(0.1784239 3.5450781e-06 0)
(0.17817133 3.5140518e-06 0)
(0.17791796 3.4831e-06 0)
(0.17766378 3.4522789e-06 0)
(0.17740878 3.421741e-06 0)
(0.1771529 3.3919495e-06 0)
(0.17689651 3.3637411e-06 0)
(0.21259889 8.6577835e-06 0)
(0.21239463 8.6081999e-06 0)
(0.21219004 8.564732e-06 0)
(0.21198523 8.5221222e-06 0)
(0.21178024 8.4829803e-06 0)
(0.211575 8.4453548e-06 0)
(0.21136949 8.4050042e-06 0)
(0.21116387 8.3632435e-06 0)
(0.21095794 8.3339929e-06 0)
(0.21075157 8.3149244e-06 0)
(0.21054477 8.2759664e-06 0)
(0.21033801 8.2073162e-06 0)
(0.21013162 8.1427916e-06 0)
(0.2099253 8.1061275e-06 0)
(0.20971865 8.0832198e-06 0)
(0.20951155 8.0558982e-06 0)
(0.2093041 8.0209479e-06 0)
(0.20909637 7.9812303e-06 0)
(0.20888844 7.9393424e-06 0)
(0.20868033 7.8967031e-06 0)
(0.20847205 7.8540099e-06 0)
(0.20826362 7.8115986e-06 0)
(0.20805501 7.7696116e-06 0)
(0.20784623 7.7280801e-06 0)
(0.20763726 7.6869762e-06 0)
(0.20742809 7.6462497e-06 0)
(0.20721873 7.6058481e-06 0)
(0.20700915 7.565721e-06 0)
(0.20679935 7.5258235e-06 0)
(0.20658933 7.4861192e-06 0)
(0.20637907 7.4465806e-06 0)
(0.20616858 7.4071872e-06 0)
(0.20595784 7.3679222e-06 0)
(0.20574686 7.3287726e-06 0)
(0.20553562 7.2897284e-06 0)
(0.20532413 7.2507836e-06 0)
(0.20511237 7.2119317e-06 0)
(0.20490035 7.1731676e-06 0)
(0.20468806 7.1344881e-06 0)
(0.20447549 7.095891e-06 0)
(0.20426264 7.0573745e-06 0)
(0.2040495 7.0189359e-06 0)
(0.20383608 6.980574e-06 0)
(0.20362237 6.9422889e-06 0)
(0.20340836 6.9040791e-06 0)
(0.20319405 6.8659433e-06 0)
(0.20297943 6.8278806e-06 0)
(0.2027645 6.7898892e-06 0)
(0.20254926 6.7519688e-06 0)
(0.2023337 6.7141179e-06 0)
(0.20211782 6.6763367e-06 0)
(0.20190161 6.6386243e-06 0)
(0.20168507 6.6009801e-06 0)
(0.20146819 6.5634032e-06 0)
(0.20125097 6.5258933e-06 0)
(0.20103341 6.48845e-06 0)
(0.2008155 6.4510728e-06 0)
(0.20059723 6.4137626e-06 0)
(0.2003786 6.376518e-06 0)
(0.20015962 6.3393375e-06 0)
(0.19994026 6.3022208e-06 0)
(0.19972053 6.2651679e-06 0)
(0.19950043 6.2281776e-06 0)
(0.19927994 6.1912498e-06 0)
(0.19905907 6.1543843e-06 0)
(0.1988378 6.1175798e-06 0)
(0.19861614 6.0808366e-06 0)
(0.19839408 6.0441556e-06 0)
(0.19817162 6.007536e-06 0)
(0.19794874 5.970977e-06 0)
(0.19772545 5.9344785e-06 0)
(0.19750174 5.8980388e-06 0)
(0.1972776 5.8616578e-06 0)
(0.19705304 5.8253362e-06 0)
(0.19682804 5.789072e-06 0)
(0.1966026 5.7528654e-06 0)
(0.19637671 5.7167187e-06 0)
(0.19615037 5.6806317e-06 0)
(0.19592358 5.644603e-06 0)
(0.19569633 5.6086322e-06 0)
(0.19546861 5.5727169e-06 0)
(0.19524042 5.5368574e-06 0)
(0.19501175 5.5010565e-06 0)
(0.19478261 5.4653126e-06 0)
(0.19455297 5.429623e-06 0)
(0.19432284 5.3939893e-06 0)
(0.19409222 5.3584133e-06 0)
(0.19386109 5.3228941e-06 0)
(0.19362945 5.28743e-06 0)
(0.19339729 5.2520208e-06 0)
(0.19316462 5.2166665e-06 0)
(0.19293142 5.181367e-06 0)
(0.19269768 5.1461225e-06 0)
(0.19246341 5.1109335e-06 0)
(0.1922286 5.0758e-06 0)
(0.19199324 5.0407218e-06 0)
(0.19175732 5.0056983e-06 0)
(0.19152083 4.9707288e-06 0)
(0.19128378 4.9358131e-06 0)
(0.19104616 4.9009513e-06 0)
(0.19080796 4.8661439e-06 0)
(0.19056917 4.8313913e-06 0)
(0.19032979 4.7966936e-06 0)
(0.19008981 4.7620502e-06 0)
(0.18984922 4.7274604e-06 0)
(0.18960802 4.692924e-06 0)
(0.18936621 4.6584414e-06 0)
(0.18912377 4.6240134e-06 0)
(0.18888069 4.5896407e-06 0)
(0.18863698 4.5553232e-06 0)
(0.18839263 4.5210601e-06 0)
(0.18814762 4.4868505e-06 0)
(0.18790195 4.452694e-06 0)
(0.18765562 4.4185911e-06 0)
(0.18740862 4.3845424e-06 0)
(0.18716093 4.3505486e-06 0)
(0.18691256 4.3166103e-06 0)
(0.18666349 4.2827272e-06 0)
(0.18641372 4.2488986e-06 0)
(0.18616324 4.2151241e-06 0)
(0.18591205 4.1814046e-06 0)
(0.18566013 4.1477421e-06 0)
(0.18540748 4.1141377e-06 0)
(0.18515409 4.0805909e-06 0)
(0.18489995 4.0471018e-06 0)
(0.18464505 4.0136718e-06 0)
(0.18438939 3.9803044e-06 0)
(0.18413296 3.9470012e-06 0)
(0.18387575 3.9137636e-06 0)
(0.18361775 3.8805917e-06 0)
(0.18335894 3.8474383e-06 0)
(0.18309934 3.8142402e-06 0)
(0.18283892 3.7810422e-06 0)
(0.18257769 3.7479716e-06 0)
(0.18231564 3.7149801e-06 0)
(0.18205275 3.6821263e-06 0)
(0.181789 3.6495817e-06 0)
(0.18152435 3.6176434e-06 0)
(0.18125917 3.5876339e-06 0)
(0.21813367 9.2321194e-06 0)
(0.21792246 9.1786968e-06 0)
(0.21771093 9.1328304e-06 0)
(0.21749917 9.0876211e-06 0)
(0.21728722 9.0459143e-06 0)
(0.21707501 9.0058328e-06 0)
(0.21686253 8.9628397e-06 0)
(0.21664993 8.9184997e-06 0)
(0.21643699 8.8870842e-06 0)
(0.21622362 8.8659778e-06 0)
(0.21600983 8.8243526e-06 0)
(0.21579607 8.7520092e-06 0)
(0.21558267 8.6837531e-06 0)
(0.21536934 8.6442624e-06 0)
(0.21515567 8.6191815e-06 0)
(0.21494156 8.5897136e-06 0)
(0.21472708 8.5523954e-06 0)
(0.21451233 8.5101093e-06 0)
(0.21429736 8.4655332e-06 0)
(0.2140822 8.4201487e-06 0)
(0.21386688 8.3746914e-06 0)
(0.21365138 8.3295186e-06 0)
(0.2134357 8.2847836e-06 0)
(0.21321985 8.2405221e-06 0)
(0.21300379 8.1967077e-06 0)
(0.21278754 8.1532893e-06 0)
(0.21257108 8.1102128e-06 0)
(0.21235439 8.0674261e-06 0)
(0.21213748 8.0248826e-06 0)
(0.21192034 7.982544e-06 0)
(0.21170295 7.9403816e-06 0)
(0.21148532 7.8983739e-06 0)
(0.21126744 7.8565031e-06 0)
(0.2110493 7.8147554e-06 0)
(0.21083091 7.7731203e-06 0)
(0.21061224 7.7315914e-06 0)
(0.2103933 7.6901618e-06 0)
(0.21017409 7.6488263e-06 0)
(0.20995459 7.6075811e-06 0)
(0.20973482 7.5664242e-06 0)
(0.20951475 7.5253534e-06 0)
(0.20929439 7.484366e-06 0)
(0.20907373 7.4434608e-06 0)
(0.20885276 7.4026376e-06 0)
(0.20863149 7.3618949e-06 0)
(0.20840991 7.3212314e-06 0)
(0.20818801 7.280646e-06 0)
(0.2079658 7.240137e-06 0)
(0.20774325 7.1997038e-06 0)
(0.20752038 7.1593451e-06 0)
(0.20729717 7.119061e-06 0)
(0.20707363 7.0788506e-06 0)
(0.20684974 7.038713e-06 0)
(0.2066255 6.9986474e-06 0)
(0.20640091 6.9586536e-06 0)
(0.20617597 6.918731e-06 0)
(0.20595066 6.8788792e-06 0)
(0.20572498 6.8390988e-06 0)
(0.20549894 6.7993887e-06 0)
(0.20527252 6.7597471e-06 0)
(0.20504572 6.7201739e-06 0)
(0.20481853 6.6806689e-06 0)
(0.20459095 6.6412309e-06 0)
(0.20436298 6.6018597e-06 0)
(0.20413461 6.5625552e-06 0)
(0.20390583 6.5233161e-06 0)
(0.20367664 6.4841425e-06 0)
(0.20344704 6.4450354e-06 0)
(0.20321702 6.405994e-06 0)
(0.20298658 6.3670174e-06 0)
(0.2027557 6.3281055e-06 0)
(0.20252439 6.2892565e-06 0)
(0.20229264 6.2504704e-06 0)
(0.20206045 6.2117479e-06 0)
(0.2018278 6.1730868e-06 0)
(0.2015947 6.1344875e-06 0)
(0.20136114 6.0959521e-06 0)
(0.20112711 6.0574804e-06 0)
(0.20089261 6.0190711e-06 0)
(0.20065764 5.9807237e-06 0)
(0.20042218 5.9424357e-06 0)
(0.20018623 5.9042075e-06 0)
(0.19994979 5.8660419e-06 0)
(0.19971286 5.8279371e-06 0)
(0.19947541 5.7898907e-06 0)
(0.19923746 5.7519039e-06 0)
(0.19899899 5.7139789e-06 0)
(0.19876 5.6761144e-06 0)
(0.19852048 5.638309e-06 0)
(0.19828043 5.6005623e-06 0)
(0.19803984 5.5628743e-06 0)
(0.19779871 5.5252449e-06 0)
(0.19755702 5.4876744e-06 0)
(0.19731478 5.4501631e-06 0)
(0.19707197 5.4127112e-06 0)
(0.1968286 5.3753183e-06 0)
(0.19658465 5.3379838e-06 0)
(0.19634012 5.3007071e-06 0)
(0.196095 5.2634879e-06 0)
(0.19584928 5.2263264e-06 0)
(0.19560297 5.1892231e-06 0)
(0.19535605 5.1521783e-06 0)
(0.19510851 5.1151921e-06 0)
(0.19486035 5.0782639e-06 0)
(0.19461157 5.041393e-06 0)
(0.19436215 5.0045792e-06 0)
(0.1941121 4.9678229e-06 0)
(0.19386139 4.9311249e-06 0)
(0.19361004 4.8944859e-06 0)
(0.19335802 4.8579058e-06 0)
(0.19310533 4.8213838e-06 0)
(0.19285197 4.7849189e-06 0)
(0.19259792 4.748511e-06 0)
(0.19234319 4.7121602e-06 0)
(0.19208775 4.6758673e-06 0)
(0.19183162 4.6396331e-06 0)
(0.19157477 4.603458e-06 0)
(0.1913172 4.5673419e-06 0)
(0.19105891 4.531284e-06 0)
(0.19079988 4.4952839e-06 0)
(0.19054011 4.4593424e-06 0)
(0.19027958 4.4234618e-06 0)
(0.1900183 4.387643e-06 0)
(0.18975626 4.3518857e-06 0)
(0.18949343 4.3161899e-06 0)
(0.18922983 4.2805572e-06 0)
(0.18896543 4.2449912e-06 0)
(0.18870023 4.2094935e-06 0)
(0.18843423 4.1740657e-06 0)
(0.1881674 4.1387077e-06 0)
(0.18789974 4.1033706e-06 0)
(0.18763126 4.0679881e-06 0)
(0.18736193 4.0326066e-06 0)
(0.18709176 3.9973583e-06 0)
(0.18682074 3.9621938e-06 0)
(0.18654885 3.9271745e-06 0)
(0.18627607 3.8924918e-06 0)
(0.18600236 3.8582686e-06 0)
(0.18572808 3.8263557e-06 0)
(0.22381214 9.8442026e-06 0)
(0.22359376 9.7867494e-06 0)
(0.22337505 9.7383019e-06 0)
(0.22315612 9.6903119e-06 0)
(0.222937 9.6458758e-06 0)
(0.2227176 9.6031851e-06 0)
(0.22249792 9.5573766e-06 0)
(0.22227811 9.5103102e-06 0)
(0.22205794 9.4765796e-06 0)
(0.22183734 9.45324e-06 0)
(0.22161633 9.4087475e-06 0)
(0.22139536 9.3325051e-06 0)
(0.22117473 9.2603159e-06 0)
(0.22095416 9.2178103e-06 0)
(0.22073325 9.1903811e-06 0)
(0.2205119 9.158599e-06 0)
(0.22029018 9.118746e-06 0)
(0.22006817 9.0737225e-06 0)
(0.21984594 9.0262859e-06 0)
(0.21962352 8.9779816e-06 0)
(0.21940091 8.9295844e-06 0)
(0.21917813 8.8814734e-06 0)
(0.21895516 8.8338136e-06 0)
(0.218732 8.786646e-06 0)
(0.21850864 8.7399453e-06 0)
(0.21828507 8.6936598e-06 0)
(0.21806128 8.647734e-06 0)
(0.21783726 8.602114e-06 0)
(0.21761301 8.5567513e-06 0)
(0.21738852 8.5116061e-06 0)
(0.21716378 8.4666481e-06 0)
(0.21693878 8.4218548e-06 0)
(0.21671353 8.3772073e-06 0)
(0.21648801 8.3326912e-06 0)
(0.21626221 8.2882955e-06 0)
(0.21603615 8.2440131e-06 0)
(0.2158098 8.1998369e-06 0)
(0.21558316 8.1557612e-06 0)
(0.21535624 8.1117823e-06 0)
(0.21512902 8.0678978e-06 0)
(0.2149015 8.0241054e-06 0)
(0.21467368 7.9804022e-06 0)
(0.21444555 7.9367869e-06 0)
(0.2142171 7.8932593e-06 0)
(0.21398834 7.8498178e-06 0)
(0.21375925 7.8064609e-06 0)
(0.21352984 7.7631876e-06 0)
(0.2133001 7.7199959e-06 0)
(0.21307002 7.6768855e-06 0)
(0.2128396 7.6338547e-06 0)
(0.21260883 7.5909038e-06 0)
(0.21237771 7.5480316e-06 0)
(0.21214624 7.5052373e-06 0)
(0.2119144 7.4625202e-06 0)
(0.21168221 7.4198798e-06 0)
(0.21144964 7.3773155e-06 0)
(0.2112167 7.334827e-06 0)
(0.21098338 7.2924149e-06 0)
(0.21074967 7.2500778e-06 0)
(0.21051558 7.207814e-06 0)
(0.21028109 7.1656234e-06 0)
(0.21004621 7.1235057e-06 0)
(0.20981092 7.0814598e-06 0)
(0.20957522 7.0394853e-06 0)
(0.2093391 6.9975823e-06 0)
(0.20910257 6.9557492e-06 0)
(0.20886562 6.9139862e-06 0)
(0.20862823 6.8722943e-06 0)
(0.20839041 6.8306726e-06 0)
(0.20815215 6.7891202e-06 0)
(0.20791345 6.747637e-06 0)
(0.20767429 6.7062212e-06 0)
(0.20743469 6.6648727e-06 0)
(0.20719462 6.6235922e-06 0)
(0.20695408 6.5823774e-06 0)
(0.20671307 6.5412288e-06 0)
(0.20647159 6.5001485e-06 0)
(0.20622962 6.4591361e-06 0)
(0.20598716 6.4181905e-06 0)
(0.20574421 6.3773111e-06 0)
(0.20550076 6.3364953e-06 0)
(0.20525681 6.2957436e-06 0)
(0.20501235 6.2550586e-06 0)
(0.20476737 6.2144387e-06 0)
(0.20452186 6.1738813e-06 0)
(0.20427583 6.1333878e-06 0)
(0.20402926 6.0929601e-06 0)
(0.20378216 6.0525971e-06 0)
(0.20353451 6.0122972e-06 0)
(0.2032863 5.9720602e-06 0)
(0.20303754 5.931886e-06 0)
(0.20278822 5.8917745e-06 0)
(0.20253832 5.8517259e-06 0)
(0.20228785 5.8117406e-06 0)
(0.20203679 5.7718187e-06 0)
(0.20178514 5.7319598e-06 0)
(0.2015329 5.6921634e-06 0)
(0.20128006 5.6524288e-06 0)
(0.2010266 5.6127557e-06 0)
(0.20077254 5.5731443e-06 0)
(0.20051784 5.533595e-06 0)
(0.20026253 5.4941082e-06 0)
(0.20000657 5.454684e-06 0)
(0.19974997 5.4153217e-06 0)
(0.19949273 5.3760207e-06 0)
(0.19923482 5.3367808e-06 0)
(0.19897626 5.2976023e-06 0)
(0.19871702 5.2584861e-06 0)
(0.19845711 5.2194328e-06 0)
(0.19819651 5.1804423e-06 0)
(0.19793522 5.1415138e-06 0)
(0.19767323 5.1026465e-06 0)
(0.19741053 5.0638399e-06 0)
(0.19714712 5.0250945e-06 0)
(0.19688299 4.9864109e-06 0)
(0.19661812 4.94779e-06 0)
(0.19635252 4.9092321e-06 0)
(0.19608618 4.870737e-06 0)
(0.19581908 4.8323042e-06 0)
(0.19555122 4.7939331e-06 0)
(0.19528259 4.7556247e-06 0)
(0.19501318 4.717381e-06 0)
(0.19474299 4.6792033e-06 0)
(0.194472 4.6410911e-06 0)
(0.19420021 4.6030445e-06 0)
(0.19392761 4.5650652e-06 0)
(0.19365419 4.5271569e-06 0)
(0.19337994 4.4893215e-06 0)
(0.19310485 4.4515605e-06 0)
(0.19282891 4.4138737e-06 0)
(0.19255211 4.3762101e-06 0)
(0.19227445 4.3385009e-06 0)
(0.19199593 4.3007934e-06 0)
(0.19171652 4.2632253e-06 0)
(0.19143623 4.2257459e-06 0)
(0.19115504 4.1884196e-06 0)
(0.19087294 4.151459e-06 0)
(0.19058987 4.114804e-06 0)
(0.1903062 4.0808854e-06 0)
(0.22963829 1.0496471e-05 0)
(0.2294125 1.0434805e-05 0)
(0.22918639 1.0383571e-05 0)
(0.22896006 1.0332604e-05 0)
(0.22873353 1.0285264e-05 0)
(0.22850672 1.0239801e-05 0)
(0.2282796 1.0190995e-05 0)
(0.22805236 1.014105e-05 0)
(0.22782472 1.0104843e-05 0)
(0.22759667 1.0079056e-05 0)
(0.22736822 1.0031481e-05 0)
(0.22713979 9.9511206e-06 0)
(0.2269117 9.8747861e-06 0)
(0.22668367 9.8290668e-06 0)
(0.22645529 9.7991027e-06 0)
(0.22622647 9.7648262e-06 0)
(0.22599728 9.7222598e-06 0)
(0.22576778 9.6743183e-06 0)
(0.22553806 9.623838e-06 0)
(0.22530814 9.5724283e-06 0)
(0.22507802 9.5209041e-06 0)
(0.22484772 9.4696674e-06 0)
(0.22461723 9.4188951e-06 0)
(0.22438654 9.3686339e-06 0)
(0.22415563 9.31886e-06 0)
(0.22392451 9.2695213e-06 0)
(0.22369317 9.2205609e-06 0)
(0.22346159 9.1719227e-06 0)
(0.22322976 9.1235568e-06 0)
(0.22299768 9.0754215e-06 0)
(0.22276535 9.0274851e-06 0)
(0.22253276 8.9797239e-06 0)
(0.22229989 8.9321181e-06 0)
(0.22206675 8.8846525e-06 0)
(0.22183333 8.8373154e-06 0)
(0.22159962 8.7900993e-06 0)
(0.22136562 8.7429966e-06 0)
(0.22113133 8.6960015e-06 0)
(0.22089674 8.6491099e-06 0)
(0.22066184 8.6023193e-06 0)
(0.22042664 8.5556271e-06 0)
(0.22019111 8.5090304e-06 0)
(0.21995527 8.4625276e-06 0)
(0.21971911 8.4161187e-06 0)
(0.21948261 8.3698017e-06 0)
(0.21924578 8.3235752e-06 0)
(0.21900862 8.2774381e-06 0)
(0.21877111 8.2313883e-06 0)
(0.21853325 8.1854254e-06 0)
(0.21829504 8.1395478e-06 0)
(0.21805647 8.0937555e-06 0)
(0.21781753 8.0480474e-06 0)
(0.21757823 8.0024228e-06 0)
(0.21733856 7.9568806e-06 0)
(0.21709851 7.9114205e-06 0)
(0.21685808 7.8660419e-06 0)
(0.21661726 7.8207442e-06 0)
(0.21637605 7.7755281e-06 0)
(0.21613444 7.7303923e-06 0)
(0.21589243 7.6853349e-06 0)
(0.21565001 7.6403558e-06 0)
(0.21540717 7.5954547e-06 0)
(0.21516392 7.5506303e-06 0)
(0.21492025 7.5058825e-06 0)
(0.21467615 7.4612109e-06 0)
(0.21443161 7.4166143e-06 0)
(0.21418663 7.3720927e-06 0)
(0.21394122 7.327647e-06 0)
(0.21369535 7.2832764e-06 0)
(0.21344902 7.2389799e-06 0)
(0.21320224 7.1947573e-06 0)
(0.21295499 7.1506069e-06 0)
(0.21270727 7.1065286e-06 0)
(0.21245907 7.0625229e-06 0)
(0.21221039 7.0185877e-06 0)
(0.21196122 6.9747233e-06 0)
(0.21171155 6.9309318e-06 0)
(0.21146139 6.8872129e-06 0)
(0.21121072 6.8435652e-06 0)
(0.21095954 6.7999884e-06 0)
(0.21070784 6.7564797e-06 0)
(0.21045562 6.7130396e-06 0)
(0.21020288 6.6696707e-06 0)
(0.20994959 6.6263714e-06 0)
(0.20969577 6.5831391e-06 0)
(0.2094414 6.5399751e-06 0)
(0.20918647 6.4968813e-06 0)
(0.20893099 6.4538567e-06 0)
(0.20867494 6.4108996e-06 0)
(0.20841832 6.3680097e-06 0)
(0.20816112 6.3251869e-06 0)
(0.20790334 6.2824313e-06 0)
(0.20764497 6.2397428e-06 0)
(0.207386 6.197122e-06 0)
(0.20712642 6.1545689e-06 0)
(0.20686624 6.1120831e-06 0)
(0.20660544 6.069664e-06 0)
(0.20634401 6.027311e-06 0)
(0.20608196 5.9850239e-06 0)
(0.20581926 5.9428026e-06 0)
(0.20555593 5.9006477e-06 0)
(0.20529194 5.8585595e-06 0)
(0.20502729 5.8165382e-06 0)
(0.20476198 5.7745831e-06 0)
(0.20449599 5.7326934e-06 0)
(0.20422933 5.690869e-06 0)
(0.20396198 5.6491103e-06 0)
(0.20369393 5.607418e-06 0)
(0.20342518 5.5657928e-06 0)
(0.20315573 5.5242347e-06 0)
(0.20288555 5.4827427e-06 0)
(0.20261466 5.4413161e-06 0)
(0.20234303 5.3999545e-06 0)
(0.20207066 5.3586582e-06 0)
(0.20179754 5.317428e-06 0)
(0.20152366 5.2762645e-06 0)
(0.20124903 5.2351683e-06 0)
(0.20097362 5.1941392e-06 0)
(0.20069743 5.1531765e-06 0)
(0.20042045 5.1122797e-06 0)
(0.20014267 5.0714499e-06 0)
(0.19986409 5.0306891e-06 0)
(0.19958469 4.9899985e-06 0)
(0.19930447 4.9493777e-06 0)
(0.19902342 4.9088269e-06 0)
(0.19874153 4.868348e-06 0)
(0.19845879 4.8279446e-06 0)
(0.19817519 4.7876188e-06 0)
(0.19789072 4.7473723e-06 0)
(0.19760537 4.7072046e-06 0)
(0.19731914 4.6670629e-06 0)
(0.19703201 4.6268753e-06 0)
(0.19674398 4.5866903e-06 0)
(0.19645504 4.5466511e-06 0)
(0.19616518 4.5067059e-06 0)
(0.19587439 4.466922e-06 0)
(0.19558265 4.4275345e-06 0)
(0.19528991 4.3882912e-06 0)
(0.19499655 4.352259e-06 0)
(0.23561618 1.1191516e-05 0)
(0.23538274 1.1125469e-05 0)
(0.235149 1.1071216e-05 0)
(0.23491503 1.101706e-05 0)
(0.23468087 1.0966626e-05 0)
(0.2344464 1.0918216e-05 0)
(0.23421163 1.0866222e-05 0)
(0.23397671 1.0813244e-05 0)
(0.23374137 1.0774385e-05 0)
(0.23350563 1.0745917e-05 0)
(0.2332695 1.0695027e-05 0)
(0.23303339 1.0610317e-05 0)
(0.23279761 1.0529614e-05 0)
(0.23256187 1.0480471e-05 0)
(0.23232579 1.0447773e-05 0)
(0.23208926 1.0410809e-05 0)
(0.23185235 1.0365338e-05 0)
(0.23161514 1.0314286e-05 0)
(0.23137769 1.0260567e-05 0)
(0.23114003 1.0205855e-05 0)
(0.23090217 1.0151005e-05 0)
(0.23066412 1.0096443e-05 0)
(0.23042586 1.0042359e-05 0)
(0.2301874 9.988805e-06 0)
(0.22994871 9.9357594e-06 0)
(0.22970981 9.8831696e-06 0)
(0.22947066 9.8309772e-06 0)
(0.22923128 9.7791246e-06 0)
(0.22899164 9.7275597e-06 0)
(0.22875174 9.6762391e-06 0)
(0.22851157 9.6251299e-06 0)
(0.22827113 9.5742069e-06 0)
(0.22803042 9.5234495e-06 0)
(0.22778942 9.4728416e-06 0)
(0.22754812 9.4223709e-06 0)
(0.22730654 9.3720293e-06 0)
(0.22706465 9.3218089e-06 0)
(0.22682246 9.2717036e-06 0)
(0.22657995 9.2217089e-06 0)
(0.22633713 9.1718222e-06 0)
(0.22609399 9.1220408e-06 0)
(0.22585053 9.0723614e-06 0)
(0.22560673 9.0227826e-06 0)
(0.2253626 8.9733039e-06 0)
(0.22511813 8.9239236e-06 0)
(0.22487331 8.87464e-06 0)
(0.22462814 8.825452e-06 0)
(0.22438261 8.7763574e-06 0)
(0.22413673 8.7273557e-06 0)
(0.22389048 8.6784452e-06 0)
(0.22364386 8.629626e-06 0)
(0.22339686 8.5808968e-06 0)
(0.22314949 8.5322568e-06 0)
(0.22290173 8.4837051e-06 0)
(0.22265357 8.4352412e-06 0)
(0.22240503 8.3868643e-06 0)
(0.22215608 8.338574e-06 0)
(0.22190672 8.2903709e-06 0)
(0.22165695 8.2422536e-06 0)
(0.22140677 8.1942202e-06 0)
(0.22115617 8.1462705e-06 0)
(0.22090513 8.0984041e-06 0)
(0.22065367 8.0506199e-06 0)
(0.22040176 8.0029176e-06 0)
(0.22014942 7.9552969e-06 0)
(0.21989662 7.9077563e-06 0)
(0.21964337 7.860296e-06 0)
(0.21938966 7.8129168e-06 0)
(0.21913548 7.7656178e-06 0)
(0.21888084 7.7183981e-06 0)
(0.21862571 7.6712574e-06 0)
(0.21837011 7.624194e-06 0)
(0.21811401 7.5772076e-06 0)
(0.21785742 7.530299e-06 0)
(0.21760034 7.4834658e-06 0)
(0.21734274 7.4367084e-06 0)
(0.21708464 7.3900288e-06 0)
(0.21682602 7.3434267e-06 0)
(0.21656687 7.2969008e-06 0)
(0.2163072 7.2504505e-06 0)
(0.21604699 7.2040732e-06 0)
(0.21578624 7.1577694e-06 0)
(0.21552494 7.1115416e-06 0)
(0.21526309 7.0653881e-06 0)
(0.21500068 7.0193063e-06 0)
(0.2147377 6.9732977e-06 0)
(0.21447415 6.9273639e-06 0)
(0.21421002 6.8815041e-06 0)
(0.2139453 6.8357164e-06 0)
(0.21367999 6.7900006e-06 0)
(0.21341409 6.7443566e-06 0)
(0.21314758 6.6987843e-06 0)
(0.21288046 6.6532839e-06 0)
(0.21261271 6.6078557e-06 0)
(0.21234435 6.5624998e-06 0)
(0.21207535 6.5172158e-06 0)
(0.21180571 6.4720031e-06 0)
(0.21153543 6.4268611e-06 0)
(0.21126449 6.3817893e-06 0)
(0.2109929 6.3367881e-06 0)
(0.21072063 6.2918577e-06 0)
(0.2104477 6.2469986e-06 0)
(0.21017408 6.2022109e-06 0)
(0.20989977 6.1574938e-06 0)
(0.20962476 6.1128467e-06 0)
(0.20934905 6.0682694e-06 0)
(0.20907263 6.0237622e-06 0)
(0.20879549 5.9793259e-06 0)
(0.20851763 5.9349613e-06 0)
(0.20823902 5.8906681e-06 0)
(0.20795968 5.8464456e-06 0)
(0.20767959 5.8022929e-06 0)
(0.20739873 5.7582097e-06 0)
(0.20711711 5.7141962e-06 0)
(0.20683472 5.6702533e-06 0)
(0.20655154 5.6263816e-06 0)
(0.20626757 5.5825817e-06 0)
(0.20598281 5.5388533e-06 0)
(0.20569723 5.4951958e-06 0)
(0.20541084 5.4516088e-06 0)
(0.20512362 5.4080932e-06 0)
(0.20483556 5.3646512e-06 0)
(0.20454667 5.3212839e-06 0)
(0.20425692 5.2779911e-06 0)
(0.2039663 5.2347729e-06 0)
(0.20367482 5.1916313e-06 0)
(0.20338246 5.1485702e-06 0)
(0.20308921 5.1055917e-06 0)
(0.20279505 5.0626976e-06 0)
(0.20249999 5.0198873e-06 0)
(0.202204 4.9771059e-06 0)
(0.20190709 4.9342784e-06 0)
(0.20160924 4.8914548e-06 0)
(0.20131046 4.8487835e-06 0)
(0.20101072 4.8062117e-06 0)
(0.20071002 4.7638101e-06 0)
(0.20040833 4.7218369e-06 0)
(0.20010561 4.6798392e-06 0)
(0.19980223 4.6415778e-06 0)
(0.24175 1.1932089e-05 0)
(0.24150865 1.1861514e-05 0)
(0.24126703 1.1803973e-05 0)
(0.24102519 1.1746402e-05 0)
(0.24078315 1.1692667e-05 0)
(0.2405408 1.1641116e-05 0)
(0.24029813 1.1585742e-05 0)
(0.2400553 1.1529574e-05 0)
(0.23981201 1.1487875e-05 0)
(0.23956834 1.1456469e-05 0)
(0.23932428 1.1402015e-05 0)
(0.23908026 1.1312709e-05 0)
(0.23883654 1.1227403e-05 0)
(0.23859286 1.1174615e-05 0)
(0.23834883 1.1138971e-05 0)
(0.23810435 1.1099113e-05 0)
(0.23785949 1.1050532e-05 0)
(0.23761432 1.0996164e-05 0)
(0.2373689 1.0938998e-05 0)
(0.23712326 1.0880774e-05 0)
(0.23687741 1.0822387e-05 0)
(0.23663136 1.0764289e-05 0)
(0.23638509 1.0706681e-05 0)
(0.23613861 1.0649623e-05 0)
(0.23589191 1.0593095e-05 0)
(0.23564497 1.0537044e-05 0)
(0.23539778 1.048141e-05 0)
(0.23515034 1.0426134e-05 0)
(0.23490264 1.0371162e-05 0)
(0.23465468 1.0316448e-05 0)
(0.23440643 1.026196e-05 0)
(0.2341579 1.0207669e-05 0)
(0.23390909 1.0153554e-05 0)
(0.23365998 1.0099599e-05 0)
(0.23341057 1.004579e-05 0)
(0.23316085 9.9921192e-06 0)
(0.23291083 9.9385777e-06 0)
(0.23266048 9.8851592e-06 0)
(0.23240982 9.8318589e-06 0)
(0.23215883 9.7786741e-06 0)
(0.2319075 9.7256018e-06 0)
(0.23165584 9.6726387e-06 0)
(0.23140384 9.6197831e-06 0)
(0.23115149 9.5670344e-06 0)
(0.23089878 9.5143909e-06 0)
(0.23064572 9.4618507e-06 0)
(0.2303923 9.4094127e-06 0)
(0.23013851 9.3570746e-06 0)
(0.22988435 9.3048359e-06 0)
(0.2296298 9.2526947e-06 0)
(0.22937488 9.2006511e-06 0)
(0.22911956 9.1487037e-06 0)
(0.22886386 9.0968518e-06 0)
(0.22860775 9.0450943e-06 0)
(0.22835124 8.9934305e-06 0)
(0.22809431 8.94186e-06 0)
(0.22783698 8.8903819e-06 0)
(0.22757922 8.838997e-06 0)
(0.22732104 8.7877037e-06 0)
(0.22706242 8.7365002e-06 0)
(0.22680337 8.6853862e-06 0)
(0.22654388 8.6343614e-06 0)
(0.22628394 8.5834244e-06 0)
(0.22602354 8.5325749e-06 0)
(0.22576269 8.4818128e-06 0)
(0.22550137 8.4311363e-06 0)
(0.22523958 8.3805457e-06 0)
(0.22497731 8.3300418e-06 0)
(0.22471457 8.2796236e-06 0)
(0.22445133 8.2292901e-06 0)
(0.2241876 8.1790411e-06 0)
(0.22392338 8.1288748e-06 0)
(0.22365864 8.0787909e-06 0)
(0.2233934 8.0287902e-06 0)
(0.22312764 7.9788701e-06 0)
(0.22286135 7.9290311e-06 0)
(0.22259454 7.8792753e-06 0)
(0.22232719 7.8296021e-06 0)
(0.2220593 7.7800103e-06 0)
(0.22179086 7.7304994e-06 0)
(0.22152186 7.6810667e-06 0)
(0.22125231 7.6317126e-06 0)
(0.22098219 7.5824395e-06 0)
(0.22071149 7.5332459e-06 0)
(0.22044022 7.4841291e-06 0)
(0.22016836 7.4350905e-06 0)
(0.2198959 7.3861318e-06 0)
(0.21962285 7.337252e-06 0)
(0.21934919 7.2884494e-06 0)
(0.21907492 7.2397236e-06 0)
(0.21880003 7.1910747e-06 0)
(0.21852451 7.1425023e-06 0)
(0.21824835 7.0940067e-06 0)
(0.21797156 7.0455883e-06 0)
(0.21769412 6.9972471e-06 0)
(0.21741603 6.9489827e-06 0)
(0.21713727 6.9007944e-06 0)
(0.21685784 6.8526817e-06 0)
(0.21657774 6.8046441e-06 0)
(0.21629696 6.7566818e-06 0)
(0.21601548 6.7087952e-06 0)
(0.21573331 6.6609848e-06 0)
(0.21545043 6.6132504e-06 0)
(0.21516683 6.5655916e-06 0)
(0.21488252 6.5180076e-06 0)
(0.21459747 6.470498e-06 0)
(0.21431169 6.4230634e-06 0)
(0.21402516 6.3757045e-06 0)
(0.21373788 6.328422e-06 0)
(0.21344984 6.2812157e-06 0)
(0.21316103 6.2340848e-06 0)
(0.21287144 6.1870286e-06 0)
(0.21258107 6.1400465e-06 0)
(0.2122899 6.093139e-06 0)
(0.21199794 6.0463068e-06 0)
(0.21170516 5.9995506e-06 0)
(0.21141156 5.9528709e-06 0)
(0.21111713 5.9062675e-06 0)
(0.21082186 5.8597398e-06 0)
(0.21052575 5.8132873e-06 0)
(0.21022878 5.7669111e-06 0)
(0.20993095 5.7206133e-06 0)
(0.20963224 5.6743951e-06 0)
(0.20933265 5.6282562e-06 0)
(0.20903217 5.5821969e-06 0)
(0.20873079 5.5362192e-06 0)
(0.20842849 5.4903273e-06 0)
(0.20812527 5.4445233e-06 0)
(0.20782112 5.3988092e-06 0)
(0.20751602 5.3531841e-06 0)
(0.20720997 5.3075911e-06 0)
(0.20690296 5.2619521e-06 0)
(0.20659498 5.2163182e-06 0)
(0.20628603 5.1708435e-06 0)
(0.20597609 5.1254742e-06 0)
(0.20566515 5.0802843e-06 0)
(0.20535319 5.0355564e-06 0)
(0.20504016 4.9906278e-06 0)
(0.20472645 4.9500134e-06 0)
(0.24804398 1.2721107e-05 0)
(0.24779446 1.2645884e-05 0)
(0.24754472 1.2584746e-05 0)
(0.24729476 1.2523511e-05 0)
(0.2470446 1.2466252e-05 0)
(0.24679413 1.2411344e-05 0)
(0.24654333 1.2352398e-05 0)
(0.24629234 1.2292889e-05 0)
(0.24604085 1.2248146e-05 0)
(0.245789 1.2213524e-05 0)
(0.24553678 1.2155238e-05 0)
(0.24528459 1.2061074e-05 0)
(0.24503269 1.1970918e-05 0)
(0.24478081 1.191425e-05 0)
(0.24452859 1.1875434e-05 0)
(0.24427592 1.1832461e-05 0)
(0.24402286 1.1780552e-05 0)
(0.24376948 1.1722647e-05 0)
(0.24351584 1.1661814e-05 0)
(0.24326197 1.1599855e-05 0)
(0.24300788 1.1537708e-05 0)
(0.24275358 1.1475848e-05 0)
(0.24249906 1.1414492e-05 0)
(0.24224432 1.1353705e-05 0)
(0.24198934 1.129347e-05 0)
(0.24173411 1.1233734e-05 0)
(0.24147863 1.1174436e-05 0)
(0.24122289 1.1115515e-05 0)
(0.24096688 1.1056914e-05 0)
(0.24071059 1.0998588e-05 0)
(0.24045402 1.0940499e-05 0)
(0.24019715 1.0882621e-05 0)
(0.23993998 1.0824931e-05 0)
(0.23968251 1.0767411e-05 0)
(0.23942472 1.0710046e-05 0)
(0.23916663 1.0652829e-05 0)
(0.2389082 1.059575e-05 0)
(0.23864945 1.0538803e-05 0)
(0.23839037 1.0481982e-05 0)
(0.23813095 1.0425284e-05 0)
(0.23787119 1.0368706e-05 0)
(0.23761107 1.0312245e-05 0)
(0.23735061 1.0255899e-05 0)
(0.23708978 1.0199668e-05 0)
(0.23682859 1.0143549e-05 0)
(0.23656703 1.008754e-05 0)
(0.23630509 1.003164e-05 0)
(0.23604277 9.9758473e-06 0)
(0.23578007 9.9201607e-06 0)
(0.23551697 9.8645784e-06 0)
(0.23525348 9.8091004e-06 0)
(0.23498958 9.7537253e-06 0)
(0.23472528 9.6984522e-06 0)
(0.23446056 9.6432801e-06 0)
(0.23419543 9.5882082e-06 0)
(0.23392987 9.5332359e-06 0)
(0.23366388 9.4783626e-06 0)
(0.23339746 9.4235887e-06 0)
(0.23313059 9.3689127e-06 0)
(0.23286328 9.3143327e-06 0)
(0.23259552 9.2598484e-06 0)
(0.2323273 9.2054594e-06 0)
(0.23205861 9.1511644e-06 0)
(0.23178946 9.0969629e-06 0)
(0.23151983 9.0428548e-06 0)
(0.23124972 8.9888385e-06 0)
(0.23097912 8.9349138e-06 0)
(0.23070803 8.8810817e-06 0)
(0.23043644 8.8273413e-06 0)
(0.23016434 8.7736914e-06 0)
(0.22989174 8.7201318e-06 0)
(0.22961862 8.6666607e-06 0)
(0.22934497 8.6132777e-06 0)
(0.22907079 8.5599835e-06 0)
(0.22879608 8.5067758e-06 0)
(0.22852083 8.4536547e-06 0)
(0.22824503 8.4006224e-06 0)
(0.22796868 8.3476784e-06 0)
(0.22769176 8.2948213e-06 0)
(0.22741428 8.2420506e-06 0)
(0.22713622 8.1893637e-06 0)
(0.22685758 8.1367607e-06 0)
(0.22657836 8.0842443e-06 0)
(0.22629854 8.0318129e-06 0)
(0.22601812 7.9794636e-06 0)
(0.22573709 7.9271978e-06 0)
(0.22545545 7.8750174e-06 0)
(0.22517319 7.8229212e-06 0)
(0.2248903 7.7709075e-06 0)
(0.22460678 7.718976e-06 0)
(0.22432262 7.6671266e-06 0)
(0.2240378 7.6153591e-06 0)
(0.22375233 7.5636735e-06 0)
(0.2234662 7.5120704e-06 0)
(0.2231794 7.4605497e-06 0)
(0.22289191 7.409111e-06 0)
(0.22260375 7.3577536e-06 0)
(0.22231489 7.3064769e-06 0)
(0.22202533 7.2552806e-06 0)
(0.22173506 7.2041647e-06 0)
(0.22144408 7.1531297e-06 0)
(0.22115237 7.1021759e-06 0)
(0.22085993 7.0513034e-06 0)
(0.22056675 7.0005115e-06 0)
(0.22027283 6.9497995e-06 0)
(0.21997815 6.899167e-06 0)
(0.21968271 6.8486146e-06 0)
(0.21938649 6.798143e-06 0)
(0.2190895 6.7477528e-06 0)
(0.21879171 6.697444e-06 0)
(0.21849313 6.6472157e-06 0)
(0.21819375 6.597067e-06 0)
(0.21789355 6.5469976e-06 0)
(0.21759253 6.4970079e-06 0)
(0.21729068 6.4470984e-06 0)
(0.21698799 6.3972701e-06 0)
(0.21668445 6.3475233e-06 0)
(0.21638005 6.2978579e-06 0)
(0.21607478 6.2482733e-06 0)
(0.21576863 6.1987691e-06 0)
(0.2154616 6.1493462e-06 0)
(0.21515368 6.1000068e-06 0)
(0.21484485 6.0507522e-06 0)
(0.2145351 6.0015821e-06 0)
(0.21422443 5.952497e-06 0)
(0.21391282 5.9034988e-06 0)
(0.21360027 5.8545919e-06 0)
(0.21328676 5.8057786e-06 0)
(0.21297229 5.757061e-06 0)
(0.21265684 5.708438e-06 0)
(0.2123404 5.6598505e-06 0)
(0.21202296 5.6112172e-06 0)
(0.21170453 5.5625904e-06 0)
(0.21138508 5.5141302e-06 0)
(0.21106461 5.4657813e-06 0)
(0.2107431 5.4176217e-06 0)
(0.21042054 5.3699592e-06 0)
(0.21009686 5.3219121e-06 0)
(0.20977247 5.2788121e-06 0)
(0.25450241 1.3561656e-05 0)
(0.25424448 1.3481703e-05 0)
(0.25398636 1.3416624e-05 0)
(0.25372803 1.3351425e-05 0)
(0.25346953 1.329038e-05 0)
(0.2532107 1.3231898e-05 0)
(0.25295154 1.3169197e-05 0)
(0.25269213 1.3106211e-05 0)
(0.25243219 1.3058199e-05 0)
(0.25217191 1.3020067e-05 0)
(0.25191127 1.295766e-05 0)
(0.25165066 1.2858358e-05 0)
(0.25139033 1.2763093e-05 0)
(0.25113001 1.2702297e-05 0)
(0.25086934 1.2660068e-05 0)
(0.25060822 1.2613745e-05 0)
(0.2503467 1.2558272e-05 0)
(0.25008486 1.2496598e-05 0)
(0.24982275 1.2431863e-05 0)
(0.2495604 1.2365931e-05 0)
(0.24929782 1.2299786e-05 0)
(0.24903502 1.2233926e-05 0)
(0.24877199 1.2168583e-05 0)
(0.24850872 1.2103829e-05 0)
(0.24824521 1.2039649e-05 0)
(0.24798145 1.1975991e-05 0)
(0.24771742 1.1912792e-05 0)
(0.24745312 1.184999e-05 0)
(0.24718854 1.1787526e-05 0)
(0.24692367 1.1725352e-05 0)
(0.2466585 1.1663431e-05 0)
(0.24639303 1.1601733e-05 0)
(0.24612725 1.1540234e-05 0)
(0.24586116 1.1478917e-05 0)
(0.24559474 1.1417766e-05 0)
(0.245328 1.1356772e-05 0)
(0.24506092 1.1295925e-05 0)
(0.2447935 1.1235219e-05 0)
(0.24452574 1.1174648e-05 0)
(0.24425763 1.1114209e-05 0)
(0.24398916 1.1053898e-05 0)
(0.24372033 1.0993713e-05 0)
(0.24345114 1.093365e-05 0)
(0.24318157 1.0873709e-05 0)
(0.24291162 1.0813887e-05 0)
(0.2426413 1.0754184e-05 0)
(0.24237058 1.0694598e-05 0)
(0.24209947 1.0635126e-05 0)
(0.24182796 1.0575767e-05 0)
(0.24155604 1.051652e-05 0)
(0.24128371 1.0457384e-05 0)
(0.24101097 1.0398359e-05 0)
(0.2407378 1.0339442e-05 0)
(0.24046421 1.0280633e-05 0)
(0.24019018 1.0221932e-05 0)
(0.23991572 1.0163337e-05 0)
(0.2396408 1.0104847e-05 0)
(0.23936544 1.0046464e-05 0)
(0.23908962 9.9881857e-06 0)
(0.23881334 9.9300098e-06 0)
(0.23853659 9.8719362e-06 0)
(0.23825937 9.8139644e-06 0)
(0.23798167 9.756093e-06 0)
(0.23770348 9.6983218e-06 0)
(0.2374248 9.6406503e-06 0)
(0.23714562 9.5830769e-06 0)
(0.23686593 9.5256015e-06 0)
(0.23658574 9.468225e-06 0)
(0.23630503 9.4109465e-06 0)
(0.2360238 9.3537647e-06 0)
(0.23574203 9.2966794e-06 0)
(0.23545974 9.2396886e-06 0)
(0.2351769 9.1827922e-06 0)
(0.23489351 9.1259907e-06 0)
(0.23460957 9.0692816e-06 0)
(0.23432507 9.0126652e-06 0)
(0.23403999 8.9561436e-06 0)
(0.23375435 8.8997162e-06 0)
(0.23346812 8.8433816e-06 0)
(0.23318131 8.7871394e-06 0)
(0.23289391 8.7309868e-06 0)
(0.2326059 8.674924e-06 0)
(0.23231728 8.6189536e-06 0)
(0.23202805 8.5630739e-06 0)
(0.2317382 8.5072821e-06 0)
(0.23144772 8.4515797e-06 0)
(0.2311566 8.3959682e-06 0)
(0.23086484 8.3404467e-06 0)
(0.23057243 8.2850134e-06 0)
(0.23027936 8.2296679e-06 0)
(0.22998563 8.1744101e-06 0)
(0.22969123 8.1192399e-06 0)
(0.22939615 8.0641572e-06 0)
(0.22910038 8.0091625e-06 0)
(0.22880391 7.9542558e-06 0)
(0.22850675 7.8994366e-06 0)
(0.22820887 7.8447043e-06 0)
(0.22791028 7.7900582e-06 0)
(0.22761096 7.735498e-06 0)
(0.22731091 7.6810237e-06 0)
(0.22701011 7.6266357e-06 0)
(0.22670857 7.5723345e-06 0)
(0.22640627 7.5181199e-06 0)
(0.22610321 7.4639915e-06 0)
(0.22579937 7.4099483e-06 0)
(0.22549474 7.3559902e-06 0)
(0.22518933 7.3021174e-06 0)
(0.22488312 7.248331e-06 0)
(0.2245761 7.1946313e-06 0)
(0.22426827 7.1410184e-06 0)
(0.22395961 7.0874915e-06 0)
(0.22365011 7.0340495e-06 0)
(0.22333977 6.9806923e-06 0)
(0.22302858 6.9274201e-06 0)
(0.22271653 6.8742335e-06 0)
(0.22240361 6.8211335e-06 0)
(0.22208981 6.7681205e-06 0)
(0.22177512 6.7151943e-06 0)
(0.22145953 6.6623542e-06 0)
(0.22114304 6.6095999e-06 0)
(0.22082562 6.5569325e-06 0)
(0.22050728 6.5043539e-06 0)
(0.220188 6.4518657e-06 0)
(0.21986777 6.3994675e-06 0)
(0.21954658 6.3471599e-06 0)
(0.21922442 6.294945e-06 0)
(0.21890129 6.2428272e-06 0)
(0.21857716 6.190809e-06 0)
(0.21825204 6.1388927e-06 0)
(0.2179259 6.0870769e-06 0)
(0.21759873 6.0353003e-06 0)
(0.21727054 5.9834784e-06 0)
(0.2169413 5.9316646e-06 0)
(0.21661102 5.8800249e-06 0)
(0.21627968 5.828503e-06 0)
(0.21594726 5.7771808e-06 0)
(0.21561375 5.7263919e-06 0)
(0.21527909 5.6750273e-06 0)
(0.21494368 5.6292989e-06 0)
(0.26006231 1.4168225e-05 0)
(0.25979491 1.4105914e-05 0)
(0.25952715 1.4039322e-05 0)
(0.25925906 1.3972738e-05 0)
(0.25899043 1.3921212e-05 0)
(0.25872146 1.3879266e-05 0)
(0.25845214 1.3812428e-05 0)
(0.25818286 1.370769e-05 0)
(0.25791384 1.3607041e-05 0)
(0.25764482 1.3541857e-05 0)
(0.25737544 1.3495959e-05 0)
(0.25710561 1.3446032e-05 0)
(0.25683538 1.3386747e-05 0)
(0.25656482 1.3321054e-05 0)
(0.25629397 1.3252166e-05 0)
(0.25602288 1.3182011e-05 0)
(0.25575155 1.3111614e-05 0)
(0.25547999 1.3041502e-05 0)
(0.25520818 1.2971918e-05 0)
(0.25493614 1.2902944e-05 0)
(0.25466383 1.2834567e-05 0)
(0.25439126 1.2766735e-05 0)
(0.25411842 1.2699384e-05 0)
(0.2538453 1.263245e-05 0)
(0.25357188 1.2565873e-05 0)
(0.25329817 1.2499602e-05 0)
(0.25302415 1.2433599e-05 0)
(0.25274981 1.2367834e-05 0)
(0.25247516 1.230228e-05 0)
(0.25220018 1.223692e-05 0)
(0.25192486 1.2171737e-05 0)
(0.2516492 1.2106721e-05 0)
(0.2513732 1.2041862e-05 0)
(0.25109685 1.1977154e-05 0)
(0.25082014 1.191259e-05 0)
(0.25054307 1.1848167e-05 0)
(0.25026563 1.178388e-05 0)
(0.24998782 1.1719728e-05 0)
(0.24970962 1.1655706e-05 0)
(0.24943104 1.1591815e-05 0)
(0.24915207 1.1528052e-05 0)
(0.24887271 1.1464415e-05 0)
(0.24859294 1.1400903e-05 0)
(0.24831276 1.1337513e-05 0)
(0.24803217 1.1274244e-05 0)
(0.24775116 1.1211094e-05 0)
(0.24746972 1.1148063e-05 0)
(0.24718785 1.108515e-05 0)
(0.24690555 1.1022354e-05 0)
(0.2466228 1.0959672e-05 0)
(0.24633961 1.0897106e-05 0)
(0.24605596 1.0834653e-05 0)
(0.24577184 1.0772313e-05 0)
(0.24548727 1.0710086e-05 0)
(0.24520221 1.0647971e-05 0)
(0.24491669 1.0585966e-05 0)
(0.24463067 1.052407e-05 0)
(0.24434417 1.0462283e-05 0)
(0.24405716 1.0400603e-05 0)
(0.24376966 1.0339031e-05 0)
(0.24348164 1.0277565e-05 0)
(0.24319311 1.0216203e-05 0)
(0.24290406 1.0154947e-05 0)
(0.24261448 1.0093796e-05 0)
(0.24232436 1.003275e-05 0)
(0.24203371 9.9718072e-06 0)
(0.2417425 9.9109674e-06 0)
(0.24145074 9.8502288e-06 0)
(0.24115842 9.789591e-06 0)
(0.24086553 9.7290546e-06 0)
(0.24057207 9.6686171e-06 0)
(0.24027803 9.6082787e-06 0)
(0.2399834 9.5480414e-06 0)
(0.23968817 9.4879046e-06 0)
(0.23939235 9.4278671e-06 0)
(0.23909591 9.3679282e-06 0)
(0.23879886 9.3080851e-06 0)
(0.23850119 9.2483381e-06 0)
(0.23820289 9.1886896e-06 0)
(0.23790395 9.1291381e-06 0)
(0.23760437 9.0696806e-06 0)
(0.23730413 9.0103185e-06 0)
(0.23700324 8.9510535e-06 0)
(0.23670168 8.8918846e-06 0)
(0.23639945 8.8328098e-06 0)
(0.23609654 8.7738289e-06 0)
(0.23579294 8.7149418e-06 0)
(0.23548865 8.6561481e-06 0)
(0.23518365 8.597448e-06 0)
(0.23487794 8.5388418e-06 0)
(0.23457151 8.4803295e-06 0)
(0.23426435 8.4219106e-06 0)
(0.23395646 8.3635845e-06 0)
(0.23364783 8.3053505e-06 0)
(0.23333844 8.2472082e-06 0)
(0.2330283 8.1891577e-06 0)
(0.23271738 8.1311993e-06 0)
(0.23240569 8.0733334e-06 0)
(0.23209322 8.0155602e-06 0)
(0.23177995 7.9578787e-06 0)
(0.23146589 7.9002884e-06 0)
(0.23115101 7.8427889e-06 0)
(0.23083531 7.7853805e-06 0)
(0.23051879 7.7280642e-06 0)
(0.23020142 7.6708405e-06 0)
(0.22988322 7.6137092e-06 0)
(0.22956416 7.5566696e-06 0)
(0.22924423 7.4997209e-06 0)
(0.22892343 7.4428625e-06 0)
(0.22860175 7.3860949e-06 0)
(0.22827917 7.3294187e-06 0)
(0.2279557 7.2728348e-06 0)
(0.22763131 7.2163436e-06 0)
(0.227306 7.159945e-06 0)
(0.22697976 7.1036384e-06 0)
(0.22665258 7.0474232e-06 0)
(0.22632445 6.9913007e-06 0)
(0.22599536 6.9352729e-06 0)
(0.2256653 6.8793413e-06 0)
(0.22533425 6.8235056e-06 0)
(0.22500221 6.7677664e-06 0)
(0.22466917 6.7121259e-06 0)
(0.22433511 6.6565889e-06 0)
(0.22400003 6.6011579e-06 0)
(0.22366391 6.5458351e-06 0)
(0.22332674 6.4906193e-06 0)
(0.2229885 6.4354467e-06 0)
(0.2226492 6.3802294e-06 0)
(0.22230883 6.3250222e-06 0)
(0.22196737 6.2699967e-06 0)
(0.2216248 6.2150959e-06 0)
(0.22128113 6.1604057e-06 0)
(0.22093632 6.1062867e-06 0)
(0.22059032 6.0513932e-06 0)
(0.22024354 6.0028827e-06 0)
(0.26655123 1.5036704e-05 0)
(0.26627463 1.4966144e-05 0)
(0.26599759 1.4895841e-05 0)
(0.26572004 1.4840533e-05 0)
(0.26544212 1.4794483e-05 0)
(0.26516386 1.4722879e-05 0)
(0.26488564 1.4612389e-05 0)
(0.26460766 1.4506069e-05 0)
(0.26432967 1.4436217e-05 0)
(0.26405133 1.4386379e-05 0)
(0.26377253 1.4332579e-05 0)
(0.26349331 1.4269215e-05 0)
(0.26321376 1.4199237e-05 0)
(0.26293392 1.4125929e-05 0)
(0.26265383 1.4051285e-05 0)
(0.26237348 1.3976369e-05 0)
(0.26209289 1.3901735e-05 0)
(0.26181204 1.3827642e-05 0)
(0.26153095 1.3754179e-05 0)
(0.26124958 1.3681337e-05 0)
(0.26096794 1.3609063e-05 0)
(0.26068602 1.3537293e-05 0)
(0.26040381 1.3465961e-05 0)
(0.26012129 1.3395006e-05 0)
(0.25983846 1.3324374e-05 0)
(0.25955531 1.3254026e-05 0)
(0.25927184 1.318393e-05 0)
(0.25898804 1.3114059e-05 0)
(0.2587039 1.3044394e-05 0)
(0.25841941 1.2974917e-05 0)
(0.25813457 1.2905619e-05 0)
(0.25784937 1.2836489e-05 0)
(0.25756381 1.276752e-05 0)
(0.25727788 1.2698704e-05 0)
(0.25699157 1.2630038e-05 0)
(0.25670489 1.256152e-05 0)
(0.25641781 1.2493143e-05 0)
(0.25613034 1.2424907e-05 0)
(0.25584248 1.235681e-05 0)
(0.2555542 1.2288849e-05 0)
(0.25526552 1.2221024e-05 0)
(0.25497642 1.2153331e-05 0)
(0.2546869 1.2085769e-05 0)
(0.25439695 1.2018337e-05 0)
(0.25410656 1.1951032e-05 0)
(0.25381574 1.1883854e-05 0)
(0.25352447 1.1816802e-05 0)
(0.25323274 1.1749874e-05 0)
(0.25294056 1.1683069e-05 0)
(0.25264791 1.1616387e-05 0)
(0.25235479 1.1549826e-05 0)
(0.2520612 1.1483386e-05 0)
(0.25176712 1.1417067e-05 0)
(0.25147255 1.1350868e-05 0)
(0.25117748 1.1284785e-05 0)
(0.25088192 1.121882e-05 0)
(0.25058584 1.115297e-05 0)
(0.25028926 1.1087236e-05 0)
(0.24999215 1.1021616e-05 0)
(0.24969451 1.0956109e-05 0)
(0.24939634 1.0890715e-05 0)
(0.24909762 1.0825433e-05 0)
(0.24879837 1.0760263e-05 0)
(0.24849855 1.0695206e-05 0)
(0.24819818 1.0630258e-05 0)
(0.24789724 1.0565421e-05 0)
(0.24759572 1.0500692e-05 0)
(0.24729363 1.043607e-05 0)
(0.24699094 1.0371557e-05 0)
(0.24668767 1.030715e-05 0)
(0.24638379 1.0242848e-05 0)
(0.2460793 1.0178655e-05 0)
(0.24577419 1.0114569e-05 0)
(0.24546847 1.0050589e-05 0)
(0.24516211 9.9867135e-06 0)
(0.24485512 9.9229411e-06 0)
(0.24454748 9.8592713e-06 0)
(0.24423919 9.7957066e-06 0)
(0.24393024 9.7322454e-06 0)
(0.24362063 9.6688849e-06 0)
(0.24331034 9.6056263e-06 0)
(0.24299936 9.5424712e-06 0)
(0.2426877 9.4794187e-06 0)
(0.24237534 9.4164668e-06 0)
(0.24206228 9.3536151e-06 0)
(0.2417485 9.2908636e-06 0)
(0.24143401 9.2282119e-06 0)
(0.24111878 9.1656601e-06 0)
(0.24080282 9.1032086e-06 0)
(0.24048611 9.0408572e-06 0)
(0.24016865 8.9786056e-06 0)
(0.23985043 8.916453e-06 0)
(0.23953144 8.8543987e-06 0)
(0.23921167 8.7924424e-06 0)
(0.23889112 8.7305841e-06 0)
(0.23856976 8.6688242e-06 0)
(0.23824761 8.6071629e-06 0)
(0.23792464 8.5456005e-06 0)
(0.23760085 8.484136e-06 0)
(0.23727624 8.4227688e-06 0)
(0.23695078 8.3614986e-06 0)
(0.23662447 8.3003257e-06 0)
(0.23629731 8.2392509e-06 0)
(0.23596928 8.1782748e-06 0)
(0.23564037 8.1173974e-06 0)
(0.23531058 8.0566177e-06 0)
(0.23497989 7.995935e-06 0)
(0.2346483 7.9353488e-06 0)
(0.2343158 7.8748594e-06 0)
(0.23398237 7.8144676e-06 0)
(0.233648 7.7541742e-06 0)
(0.2333127 7.6939796e-06 0)
(0.23297643 7.6338836e-06 0)
(0.23263921 7.5738858e-06 0)
(0.23230101 7.5139856e-06 0)
(0.23196182 7.4541842e-06 0)
(0.23162164 7.3944837e-06 0)
(0.23128045 7.3348855e-06 0)
(0.23093824 7.2753896e-06 0)
(0.230595 7.2159965e-06 0)
(0.23025073 7.1567086e-06 0)
(0.2299054 7.0975307e-06 0)
(0.22955901 7.0384657e-06 0)
(0.22921155 6.9795158e-06 0)
(0.22886299 6.9206794e-06 0)
(0.22851334 6.8618907e-06 0)
(0.22816258 6.8030582e-06 0)
(0.22781071 6.7442378e-06 0)
(0.22745771 6.6856074e-06 0)
(0.22710357 6.6271087e-06 0)
(0.22674828 6.5688324e-06 0)
(0.22639181 6.511166e-06 0)
(0.22603411 6.4525192e-06 0)
(0.22567559 6.401061e-06 0)
(0.27348421 1.6027845e-05 0)
(0.2731985 1.5953234e-05 0)
(0.27291227 1.5879044e-05 0)
(0.27262556 1.5819683e-05 0)
(0.27233842 1.576928e-05 0)
(0.27205095 1.5692555e-05 0)
(0.27176353 1.5575976e-05 0)
(0.27147633 1.5463678e-05 0)
(0.27118911 1.5388864e-05 0)
(0.27090152 1.5334796e-05 0)
(0.27061348 1.5276837e-05 0)
(0.27032502 1.5209109e-05 0)
(0.27003621 1.5134563e-05 0)
(0.2697471 1.5056554e-05 0)
(0.26945773 1.4977136e-05 0)
(0.26916809 1.4897416e-05 0)
(0.2688782 1.4817975e-05 0)
(0.26858805 1.4739089e-05 0)
(0.26829763 1.4660852e-05 0)
(0.26800693 1.458326e-05 0)
(0.26771595 1.4506261e-05 0)
(0.26742467 1.4429789e-05 0)
(0.26713309 1.4353777e-05 0)
(0.26684119 1.4278161e-05 0)
(0.26654897 1.4202888e-05 0)
(0.26625643 1.4127915e-05 0)
(0.26596354 1.4053209e-05 0)
(0.26567031 1.3978742e-05 0)
(0.26537673 1.3904494e-05 0)
(0.2650828 1.3830447e-05 0)
(0.26478849 1.3756591e-05 0)
(0.26449382 1.3682913e-05 0)
(0.26419877 1.3609407e-05 0)
(0.26390334 1.3536065e-05 0)
(0.26360752 1.3462883e-05 0)
(0.2633113 1.3389858e-05 0)
(0.26301469 1.3316985e-05 0)
(0.26271766 1.3244261e-05 0)
(0.26242023 1.3171687e-05 0)
(0.26212237 1.3099258e-05 0)
(0.26182409 1.3026973e-05 0)
(0.26152537 1.295483e-05 0)
(0.26122622 1.2882827e-05 0)
(0.26092663 1.2810962e-05 0)
(0.26062658 1.2739233e-05 0)
(0.26032608 1.266764e-05 0)
(0.26002511 1.2596181e-05 0)
(0.25972368 1.2524855e-05 0)
(0.25942177 1.2453661e-05 0)
(0.25911939 1.2382597e-05 0)
(0.25881651 1.2311663e-05 0)
(0.25851314 1.2240858e-05 0)
(0.25820927 1.2170183e-05 0)
(0.25790489 1.2099634e-05 0)
(0.2576 1.2029211e-05 0)
(0.25729459 1.1958913e-05 0)
(0.25698865 1.1888739e-05 0)
(0.25668218 1.1818688e-05 0)
(0.25637518 1.1748758e-05 0)
(0.25606762 1.1678951e-05 0)
(0.25575951 1.1609263e-05 0)
(0.25545084 1.1539694e-05 0)
(0.25514161 1.1470247e-05 0)
(0.2548318 1.1400918e-05 0)
(0.25452141 1.1331707e-05 0)
(0.25421043 1.1262614e-05 0)
(0.25389886 1.1193637e-05 0)
(0.25358669 1.1124774e-05 0)
(0.25327391 1.1056027e-05 0)
(0.25296051 1.0987394e-05 0)
(0.25264649 1.0918873e-05 0)
(0.25233184 1.0850468e-05 0)
(0.25201656 1.0782177e-05 0)
(0.25170062 1.0713999e-05 0)
(0.25138404 1.0645934e-05 0)
(0.25106679 1.0577978e-05 0)
(0.25074888 1.0510132e-05 0)
(0.25043029 1.0442398e-05 0)
(0.25011102 1.0374775e-05 0)
(0.24979106 1.0307259e-05 0)
(0.24947041 1.0239852e-05 0)
(0.24914904 1.0172555e-05 0)
(0.24882696 1.0105368e-05 0)
(0.24850416 1.0038288e-05 0)
(0.24818063 9.9713159e-06 0)
(0.24785636 9.9044502e-06 0)
(0.24753135 9.8376912e-06 0)
(0.24720558 9.7710388e-06 0)
(0.24687904 9.7044934e-06 0)
(0.24655174 9.6380549e-06 0)
(0.24622365 9.5717228e-06 0)
(0.24589478 9.5054964e-06 0)
(0.24556511 9.439375e-06 0)
(0.24523463 9.3733582e-06 0)
(0.24490334 9.307446e-06 0)
(0.24457123 9.2416387e-06 0)
(0.24423828 9.1759368e-06 0)
(0.24390449 9.1103402e-06 0)
(0.24356985 9.0448482e-06 0)
(0.24323436 8.9794599e-06 0)
(0.24289799 8.9141752e-06 0)
(0.24256074 8.8489944e-06 0)
(0.2422226 8.7839182e-06 0)
(0.24188357 8.7189472e-06 0)
(0.24154363 8.6540813e-06 0)
(0.24120277 8.5893198e-06 0)
(0.24086099 8.5246616e-06 0)
(0.24051827 8.4601065e-06 0)
(0.2401746 8.3956548e-06 0)
(0.23982997 8.331307e-06 0)
(0.23948438 8.2670642e-06 0)
(0.2391378 8.2029267e-06 0)
(0.23879024 8.1388943e-06 0)
(0.23844168 8.0749666e-06 0)
(0.23809211 8.011143e-06 0)
(0.23774152 7.9474247e-06 0)
(0.2373899 7.883814e-06 0)
(0.23703723 7.8203122e-06 0)
(0.23668351 7.7569192e-06 0)
(0.23632873 7.6936358e-06 0)
(0.23597286 7.6304644e-06 0)
(0.23561591 7.5674101e-06 0)
(0.23525786 7.5044758e-06 0)
(0.23489869 7.441664e-06 0)
(0.23453839 7.3789728e-06 0)
(0.23417696 7.316334e-06 0)
(0.23381438 7.2536525e-06 0)
(0.23345064 7.1909854e-06 0)
(0.23308574 7.1285169e-06 0)
(0.23271966 7.0661876e-06 0)
(0.23235238 7.004093e-06 0)
(0.23198388 6.9426482e-06 0)
(0.23161411 6.8800101e-06 0)
(0.23124347 6.8254257e-06 0)
(0.28000771 1.6926043e-05 0)
(0.27971163 1.6862368e-05 0)
(0.27941499 1.6807429e-05 0)
(0.27911804 1.6725207e-05 0)
(0.27882114 1.6602182e-05 0)
(0.27852445 1.6483584e-05 0)
(0.27822771 1.6403494e-05 0)
(0.27793062 1.6344886e-05 0)
(0.27763305 1.6282463e-05 0)
(0.27733507 1.6210069e-05 0)
(0.27703673 1.6130655e-05 0)
(0.27673809 1.6047643e-05 0)
(0.27643916 1.596315e-05 0)
(0.27613996 1.5878326e-05 0)
(0.27584049 1.5793776e-05 0)
(0.27554075 1.5709793e-05 0)
(0.27524073 1.5626481e-05 0)
(0.27494042 1.5543837e-05 0)
(0.27463982 1.5461812e-05 0)
(0.2743389 1.5380338e-05 0)
(0.27403767 1.5299346e-05 0)
(0.27373612 1.5218771e-05 0)
(0.27343423 1.5138558e-05 0)
(0.273132 1.5058662e-05 0)
(0.27282942 1.497905e-05 0)
(0.27252649 1.4899692e-05 0)
(0.27222319 1.4820566e-05 0)
(0.27191952 1.4741654e-05 0)
(0.27161547 1.4662945e-05 0)
(0.27131104 1.4584427e-05 0)
(0.27100622 1.4506092e-05 0)
(0.270701 1.4427932e-05 0)
(0.27039538 1.4349943e-05 0)
(0.27008934 1.4272121e-05 0)
(0.2697829 1.4194462e-05 0)
(0.26947603 1.4116963e-05 0)
(0.26916873 1.4039622e-05 0)
(0.268861 1.3962436e-05 0)
(0.26855283 1.3885405e-05 0)
(0.26824421 1.3808525e-05 0)
(0.26793514 1.3731794e-05 0)
(0.26762561 1.3655211e-05 0)
(0.26731561 1.3578773e-05 0)
(0.26700514 1.350248e-05 0)
(0.26669419 1.342633e-05 0)
(0.26638276 1.3350323e-05 0)
(0.26607083 1.3274456e-05 0)
(0.26575841 1.3198728e-05 0)
(0.26544548 1.3123139e-05 0)
(0.26513204 1.3047688e-05 0)
(0.26481808 1.2972375e-05 0)
(0.2645036 1.2897198e-05 0)
(0.26418858 1.2822154e-05 0)
(0.26387303 1.2747244e-05 0)
(0.26355693 1.2672466e-05 0)
(0.26324028 1.2597819e-05 0)
(0.26292307 1.2523303e-05 0)
(0.26260529 1.2448917e-05 0)
(0.26228694 1.2374659e-05 0)
(0.26196801 1.2300528e-05 0)
(0.2616485 1.2226526e-05 0)
(0.26132839 1.2152651e-05 0)
(0.26100768 1.2078902e-05 0)
(0.26068636 1.2005279e-05 0)
(0.26036443 1.1931779e-05 0)
(0.26004187 1.1858402e-05 0)
(0.25971868 1.1785149e-05 0)
(0.25939486 1.1712016e-05 0)
(0.25907039 1.1639004e-05 0)
(0.25874527 1.1566116e-05 0)
(0.25841948 1.1493349e-05 0)
(0.25809303 1.1420703e-05 0)
(0.25776591 1.1348177e-05 0)
(0.2574381 1.1275768e-05 0)
(0.25710959 1.1203476e-05 0)
(0.25678039 1.1131304e-05 0)
(0.25645049 1.105925e-05 0)
(0.25611986 1.0987311e-05 0)
(0.25578852 1.0915488e-05 0)
(0.25545644 1.0843783e-05 0)
(0.25512362 1.0772195e-05 0)
(0.25479006 1.0700721e-05 0)
(0.25445574 1.0629362e-05 0)
(0.25412065 1.0558117e-05 0)
(0.25378479 1.0486985e-05 0)
(0.25344815 1.0415968e-05 0)
(0.25311072 1.0345065e-05 0)
(0.25277249 1.0274275e-05 0)
(0.25243346 1.0203599e-05 0)
(0.2520936 1.0133036e-05 0)
(0.25175292 1.0062585e-05 0)
(0.25141141 9.9922462e-06 0)
(0.25106905 9.9220185e-06 0)
(0.25072584 9.8519028e-06 0)
(0.25038176 9.7818995e-06 0)
(0.25003682 9.7120085e-06 0)
(0.24969099 9.642229e-06 0)
(0.24934427 9.5725603e-06 0)
(0.24899666 9.5030021e-06 0)
(0.24864813 9.4335546e-06 0)
(0.24829868 9.3642188e-06 0)
(0.2479483 9.2949951e-06 0)
(0.24759698 9.2258834e-06 0)
(0.24724471 9.156883e-06 0)
(0.24689148 9.0879928e-06 0)
(0.24653728 9.0192126e-06 0)
(0.2461821 8.9505427e-06 0)
(0.24582593 8.8819837e-06 0)
(0.24546875 8.8135365e-06 0)
(0.24511057 8.7452015e-06 0)
(0.24475135 8.6769786e-06 0)
(0.24439111 8.6088672e-06 0)
(0.24402981 8.5408669e-06 0)
(0.24366746 8.4729789e-06 0)
(0.24330404 8.4052053e-06 0)
(0.24293954 8.3375477e-06 0)
(0.24257394 8.270006e-06 0)
(0.24220724 8.2025811e-06 0)
(0.24183943 8.1352754e-06 0)
(0.24147049 8.0680942e-06 0)
(0.2411004 8.0010407e-06 0)
(0.24072916 7.9341174e-06 0)
(0.24035676 7.8673223e-06 0)
(0.23998317 7.8005845e-06 0)
(0.23960839 7.7338054e-06 0)
(0.23923242 7.6670435e-06 0)
(0.23885524 7.6004891e-06 0)
(0.23847683 7.5340817e-06 0)
(0.23809719 7.4679221e-06 0)
(0.23771629 7.4024532e-06 0)
(0.23733406 7.3355711e-06 0)
(0.23695093 7.2776679e-06 0)
(0.28728862 1.8040751e-05 0)
(0.28698292 1.797251e-05 0)
(0.28667652 1.7912916e-05 0)
(0.28636982 1.7824805e-05 0)
(0.28606315 1.7694966e-05 0)
(0.28575668 1.7569722e-05 0)
(0.28545017 1.748402e-05 0)
(0.28514328 1.7420544e-05 0)
(0.28483592 1.7353333e-05 0)
(0.28452813 1.7275951e-05 0)
(0.28421999 1.7191348e-05 0)
(0.28391152 1.7103016e-05 0)
(0.28360276 1.7013128e-05 0)
(0.28329371 1.6922879e-05 0)
(0.28298438 1.68329e-05 0)
(0.28267477 1.67435e-05 0)
(0.28236487 1.6654792e-05 0)
(0.28205467 1.6566777e-05 0)
(0.28174416 1.6479406e-05 0)
(0.28143333 1.6392611e-05 0)
(0.28112217 1.6306321e-05 0)
(0.28081067 1.6220471e-05 0)
(0.28049883 1.6135002e-05 0)
(0.28018663 1.6049868e-05 0)
(0.27987407 1.5965034e-05 0)
(0.27956114 1.5880471e-05 0)
(0.27924783 1.5796154e-05 0)
(0.27893414 1.5712066e-05 0)
(0.27862005 1.5628193e-05 0)
(0.27830557 1.5544524e-05 0)
(0.27799069 1.5461049e-05 0)
(0.27767539 1.5377761e-05 0)
(0.27735968 1.5294657e-05 0)
(0.27704354 1.521173e-05 0)
(0.27672697 1.5128977e-05 0)
(0.27640997 1.5046394e-05 0)
(0.27609252 1.4963981e-05 0)
(0.27577462 1.4881733e-05 0)
(0.27545626 1.479965e-05 0)
(0.27513744 1.4717728e-05 0)
(0.27481816 1.4635966e-05 0)
(0.27449839 1.4554361e-05 0)
(0.27417814 1.4472911e-05 0)
(0.27385741 1.4391617e-05 0)
(0.27353618 1.4310475e-05 0)
(0.27321444 1.4229485e-05 0)
(0.2728922 1.4148644e-05 0)
(0.27256943 1.4067953e-05 0)
(0.27224615 1.398741e-05 0)
(0.27192234 1.3907014e-05 0)
(0.27159799 1.3826765e-05 0)
(0.27127309 1.3746661e-05 0)
(0.27094765 1.36667e-05 0)
(0.27062164 1.3586881e-05 0)
(0.27029508 1.3507203e-05 0)
(0.26996794 1.3427666e-05 0)
(0.26964022 1.3348268e-05 0)
(0.26931192 1.3269008e-05 0)
(0.26898302 1.3189886e-05 0)
(0.26865352 1.3110899e-05 0)
(0.26832342 1.303205e-05 0)
(0.2679927 1.2953337e-05 0)
(0.26766136 1.2874758e-05 0)
(0.26732938 1.2796313e-05 0)
(0.26699677 1.2718e-05 0)
(0.26666352 1.2639818e-05 0)
(0.26632961 1.2561768e-05 0)
(0.26599504 1.2483847e-05 0)
(0.2656598 1.2406055e-05 0)
(0.26532389 1.2328394e-05 0)
(0.26498729 1.2250864e-05 0)
(0.26465 1.2173462e-05 0)
(0.26431201 1.2096189e-05 0)
(0.26397332 1.201904e-05 0)
(0.2636339 1.1942017e-05 0)
(0.26329377 1.1865121e-05 0)
(0.2629529 1.1788351e-05 0)
(0.26261129 1.1711704e-05 0)
(0.26226893 1.1635181e-05 0)
(0.26192581 1.1558784e-05 0)
(0.26158193 1.1482511e-05 0)
(0.26123727 1.1406361e-05 0)
(0.26089183 1.1330332e-05 0)
(0.2605456 1.1254426e-05 0)
(0.26019857 1.1178641e-05 0)
(0.25985072 1.1102977e-05 0)
(0.25950206 1.1027435e-05 0)
(0.25915257 1.0952015e-05 0)
(0.25880225 1.0876716e-05 0)
(0.25845107 1.0801537e-05 0)
(0.25809905 1.0726478e-05 0)
(0.25774615 1.0651538e-05 0)
(0.25739239 1.0576717e-05 0)
(0.25703774 1.0502015e-05 0)
(0.2566822 1.0427434e-05 0)
(0.25632575 1.0352972e-05 0)
(0.25596839 1.0278629e-05 0)
(0.25561011 1.0204404e-05 0)
(0.25525089 1.0130297e-05 0)
(0.25489074 1.0056308e-05 0)
(0.25452963 9.9824383e-06 0)
(0.25416755 9.9086879e-06 0)
(0.2538045 9.835057e-06 0)
(0.25344047 9.7615446e-06 0)
(0.25307545 9.6881498e-06 0)
(0.25270941 9.6148724e-06 0)
(0.25234236 9.5417125e-06 0)
(0.25197429 9.4686709e-06 0)
(0.25160517 9.3957483e-06 0)
(0.251235 9.3229454e-06 0)
(0.25086378 9.2502619e-06 0)
(0.25049148 9.1776972e-06 0)
(0.2501181 9.105251e-06 0)
(0.24974362 9.0329245e-06 0)
(0.24936803 8.9607198e-06 0)
(0.24899132 8.8886385e-06 0)
(0.24861349 8.8166806e-06 0)
(0.2482345 8.7448471e-06 0)
(0.24785437 8.6731405e-06 0)
(0.24747306 8.6015663e-06 0)
(0.24709057 8.5301278e-06 0)
(0.24670688 8.4588278e-06 0)
(0.24632198 8.3876639e-06 0)
(0.24593587 8.3165628e-06 0)
(0.24554852 8.2454221e-06 0)
(0.24515992 8.1743016e-06 0)
(0.24477008 8.1033978e-06 0)
(0.24437896 8.0326492e-06 0)
(0.24398657 7.9621625e-06 0)
(0.24359286 7.892408e-06 0)
(0.2431978 7.8210143e-06 0)
(0.24280177 7.7595846e-06 0)
(0.29475977 1.922733e-05 0)
(0.29444419 1.915428e-05 0)
(0.29412775 1.9089953e-05 0)
(0.29381102 1.8995555e-05 0)
(0.29349431 1.8858519e-05 0)
(0.29317778 1.8726259e-05 0)
(0.29286119 1.8634586e-05 0)
(0.29254423 1.8565891e-05 0)
(0.29222679 1.8493547e-05 0)
(0.29190892 1.8410836e-05 0)
(0.29159068 1.8320706e-05 0)
(0.29127211 1.8226714e-05 0)
(0.29095323 1.8131093e-05 0)
(0.29063405 1.803508e-05 0)
(0.29031458 1.7939332e-05 0)
(0.28999481 1.7844176e-05 0)
(0.28967474 1.7749732e-05 0)
(0.28935436 1.7656007e-05 0)
(0.28903365 1.7562952e-05 0)
(0.28871261 1.7470498e-05 0)
(0.28839123 1.7378574e-05 0)
(0.2880695 1.7287111e-05 0)
(0.28774741 1.7196051e-05 0)
(0.28742496 1.7105345e-05 0)
(0.28710212 1.7014957e-05 0)
(0.2867789 1.6924855e-05 0)
(0.2864553 1.6835015e-05 0)
(0.28613129 1.6745419e-05 0)
(0.28580688 1.6656051e-05 0)
(0.28548205 1.6566901e-05 0)
(0.28515681 1.6477958e-05 0)
(0.28483114 1.6389214e-05 0)
(0.28450504 1.6300666e-05 0)
(0.28417849 1.6212307e-05 0)
(0.28385151 1.6124134e-05 0)
(0.28352407 1.6036142e-05 0)
(0.28319616 1.5948331e-05 0)
(0.2828678 1.5860697e-05 0)
(0.28253896 1.5773238e-05 0)
(0.28220964 1.5685952e-05 0)
(0.28187983 1.5598835e-05 0)
(0.28154953 1.5511887e-05 0)
(0.28121873 1.5425104e-05 0)
(0.28088743 1.5338487e-05 0)
(0.28055561 1.5252033e-05 0)
(0.28022327 1.516574e-05 0)
(0.2798904 1.5079608e-05 0)
(0.27955699 1.4993635e-05 0)
(0.27922305 1.490782e-05 0)
(0.27888855 1.4822162e-05 0)
(0.2785535 1.473666e-05 0)
(0.27821789 1.4651313e-05 0)
(0.27788171 1.4566119e-05 0)
(0.27754494 1.4481077e-05 0)
(0.2772076 1.4396186e-05 0)
(0.27686966 1.4311444e-05 0)
(0.27653112 1.4226851e-05 0)
(0.27619197 1.4142406e-05 0)
(0.27585221 1.4058106e-05 0)
(0.27551183 1.3973953e-05 0)
(0.27517082 1.3889945e-05 0)
(0.27482917 1.3806083e-05 0)
(0.27448688 1.3722364e-05 0)
(0.27414393 1.3638788e-05 0)
(0.27380032 1.3555353e-05 0)
(0.27345605 1.3472058e-05 0)
(0.2731111 1.3388903e-05 0)
(0.27276546 1.3305887e-05 0)
(0.27241913 1.3223008e-05 0)
(0.27207211 1.314027e-05 0)
(0.27172437 1.305767e-05 0)
(0.27137592 1.2975207e-05 0)
(0.27102674 1.2892881e-05 0)
(0.27067683 1.2810689e-05 0)
(0.27032618 1.272863e-05 0)
(0.26997477 1.2646707e-05 0)
(0.26962261 1.2564919e-05 0)
(0.26926968 1.2483262e-05 0)
(0.26891598 1.2401737e-05 0)
(0.26856149 1.2320346e-05 0)
(0.2682062 1.2239088e-05 0)
(0.26785012 1.2157961e-05 0)
(0.26749322 1.2076963e-05 0)
(0.26713551 1.1996096e-05 0)
(0.26677696 1.1915359e-05 0)
(0.26641757 1.1834751e-05 0)
(0.26605734 1.1754272e-05 0)
(0.26569625 1.1673924e-05 0)
(0.26533429 1.1593705e-05 0)
(0.26497146 1.1513613e-05 0)
(0.26460774 1.143365e-05 0)
(0.26424312 1.1353814e-05 0)
(0.2638776 1.1274104e-05 0)
(0.26351117 1.1194522e-05 0)
(0.2631438 1.1115068e-05 0)
(0.26277551 1.1035741e-05 0)
(0.26240626 1.0956541e-05 0)
(0.26203606 1.0877468e-05 0)
(0.2616649 1.079852e-05 0)
(0.26129276 1.0719698e-05 0)
(0.26091963 1.0641002e-05 0)
(0.2605455 1.0562434e-05 0)
(0.26017036 1.0483994e-05 0)
(0.25979421 1.0405679e-05 0)
(0.25941702 1.032749e-05 0)
(0.25903879 1.0249426e-05 0)
(0.25865951 1.0171488e-05 0)
(0.25827916 1.0093675e-05 0)
(0.25789774 1.001599e-05 0)
(0.25751523 9.9384315e-06 0)
(0.25713162 9.8610005e-06 0)
(0.2567469 9.7836961e-06 0)
(0.25636105 9.706518e-06 0)
(0.25597407 9.6294674e-06 0)
(0.25558594 9.5525465e-06 0)
(0.25519666 9.4757569e-06 0)
(0.2548062 9.3990987e-06 0)
(0.25441455 9.3225728e-06 0)
(0.25402171 9.2461821e-06 0)
(0.25362765 9.169932e-06 0)
(0.25323237 9.0938263e-06 0)
(0.25283585 9.0178677e-06 0)
(0.25243808 8.9420537e-06 0)
(0.25203904 8.8663084e-06 0)
(0.25163872 8.7905255e-06 0)
(0.25123711 8.7147659e-06 0)
(0.25083421 8.6392329e-06 0)
(0.25042999 8.5638638e-06 0)
(0.25002445 8.4887713e-06 0)
(0.24961754 8.4144533e-06 0)
(0.24920923 8.3382638e-06 0)
(0.24879991 8.2730837e-06 0)
(0.30242599 2.0490246e-05 0)
(0.30210023 2.0412127e-05 0)
(0.30177348 2.0342981e-05 0)
(0.30144644 2.0241903e-05 0)
(0.30111939 2.0097284e-05 0)
(0.30079252 1.9957606e-05 0)
(0.30046557 1.9859574e-05 0)
(0.30013825 1.9785289e-05 0)
(0.29981045 1.9707446e-05 0)
(0.29948221 1.9619044e-05 0)
(0.29915358 1.9523027e-05 0)
(0.29882462 1.9423015e-05 0)
(0.29849533 1.9321303e-05 0)
(0.29816573 1.9219166e-05 0)
(0.29783583 1.911729e-05 0)
(0.29750562 1.9016018e-05 0)
(0.29717509 1.8915479e-05 0)
(0.29684423 1.8815685e-05 0)
(0.29651304 1.8716586e-05 0)
(0.2961815 1.8618116e-05 0)
(0.2958496 1.8520201e-05 0)
(0.29551735 1.842277e-05 0)
(0.29518471 1.8325762e-05 0)
(0.2948517 1.822913e-05 0)
(0.2945183 1.8132833e-05 0)
(0.2941845 1.803684e-05 0)
(0.29385029 1.7941125e-05 0)
(0.29351567 1.7845669e-05 0)
(0.29318063 1.7750456e-05 0)
(0.29284516 1.7655475e-05 0)
(0.29250926 1.7560714e-05 0)
(0.29217292 1.7466167e-05 0)
(0.29183613 1.7371827e-05 0)
(0.29149888 1.7277689e-05 0)
(0.29116117 1.7183749e-05 0)
(0.29082299 1.7090003e-05 0)
(0.29048433 1.699645e-05 0)
(0.2901452 1.6903085e-05 0)
(0.28980557 1.6809907e-05 0)
(0.28946544 1.6716913e-05 0)
(0.28912481 1.6624101e-05 0)
(0.28878367 1.6531467e-05 0)
(0.28844201 1.6439011e-05 0)
(0.28809982 1.6346731e-05 0)
(0.28775711 1.6254625e-05 0)
(0.28741385 1.6162691e-05 0)
(0.28707005 1.6070929e-05 0)
(0.28672569 1.5979336e-05 0)
(0.28638077 1.5887912e-05 0)
(0.28603528 1.5796655e-05 0)
(0.28568922 1.5705565e-05 0)
(0.28534257 1.5614641e-05 0)
(0.28499533 1.5523879e-05 0)
(0.28464749 1.5433279e-05 0)
(0.28429905 1.5342841e-05 0)
(0.28394999 1.5252562e-05 0)
(0.28360031 1.5162441e-05 0)
(0.28325001 1.5072479e-05 0)
(0.28289906 1.4982672e-05 0)
(0.28254748 1.489302e-05 0)
(0.28219524 1.4803525e-05 0)
(0.28184234 1.4714184e-05 0)
(0.28148877 1.4624996e-05 0)
(0.28113452 1.4535961e-05 0)
(0.28077959 1.4447076e-05 0)
(0.28042397 1.4358341e-05 0)
(0.28006765 1.4269755e-05 0)
(0.27971062 1.4181317e-05 0)
(0.27935287 1.4093026e-05 0)
(0.2789944 1.4004884e-05 0)
(0.27863519 1.391689e-05 0)
(0.27827524 1.3829043e-05 0)
(0.27791454 1.3741341e-05 0)
(0.27755308 1.3653782e-05 0)
(0.27719086 1.3566366e-05 0)
(0.27682785 1.3479094e-05 0)
(0.27646406 1.3391966e-05 0)
(0.27609947 1.3304978e-05 0)
(0.27573409 1.3218131e-05 0)
(0.27536788 1.3131427e-05 0)
(0.27500086 1.3044864e-05 0)
(0.274633 1.2958441e-05 0)
(0.27426431 1.2872156e-05 0)
(0.27389476 1.2786011e-05 0)
(0.27352436 1.2700003e-05 0)
(0.27315308 1.2614134e-05 0)
(0.27278093 1.2528403e-05 0)
(0.27240789 1.2442811e-05 0)
(0.27203395 1.2357356e-05 0)
(0.2716591 1.2272038e-05 0)
(0.27128334 1.2186856e-05 0)
(0.27090665 1.2101809e-05 0)
(0.27052902 1.2016898e-05 0)
(0.27015044 1.1932123e-05 0)
(0.2697709 1.1847484e-05 0)
(0.26939039 1.1762981e-05 0)
(0.2690089 1.1678613e-05 0)
(0.26862643 1.1594379e-05 0)
(0.26824295 1.151028e-05 0)
(0.26785846 1.1426314e-05 0)
(0.26747295 1.1342484e-05 0)
(0.2670864 1.125879e-05 0)
(0.26669881 1.1175231e-05 0)
(0.26631016 1.1091806e-05 0)
(0.26592044 1.1008515e-05 0)
(0.26552964 1.0925358e-05 0)
(0.26513776 1.0842334e-05 0)
(0.26474477 1.0759445e-05 0)
(0.26435066 1.0676691e-05 0)
(0.26395543 1.0594072e-05 0)
(0.26355906 1.0511589e-05 0)
(0.26316153 1.042924e-05 0)
(0.26276285 1.0347027e-05 0)
(0.26236298 1.0264949e-05 0)
(0.26196193 1.0183009e-05 0)
(0.26155968 1.0101209e-05 0)
(0.26115621 1.0019548e-05 0)
(0.26075151 9.9380287e-06 0)
(0.26034557 9.8566529e-06 0)
(0.25993837 9.7754267e-06 0)
(0.25952991 9.6943539e-06 0)
(0.25912016 9.6134374e-06 0)
(0.25870911 9.5326744e-06 0)
(0.25829675 9.4519863e-06 0)
(0.25788307 9.3712631e-06 0)
(0.25746805 9.2905668e-06 0)
(0.25705169 9.2101073e-06 0)
(0.25663396 9.1298207e-06 0)
(0.25621486 9.0498265e-06 0)
(0.25579435 8.9706494e-06 0)
(0.25537239 8.8893633e-06 0)
(0.25494936 8.8201913e-06 0)
(0.31029212 2.1834274e-05 0)
(0.30995588 2.1750793e-05 0)
(0.30961855 2.1676685e-05 0)
(0.30928092 2.1568555e-05 0)
(0.30894324 2.1415967e-05 0)
(0.30860572 2.1268429e-05 0)
(0.30826813 2.1163618e-05 0)
(0.30793016 2.1083345e-05 0)
(0.30759171 2.0999617e-05 0)
(0.3072528 2.0905143e-05 0)
(0.30691351 2.0802857e-05 0)
(0.30657385 2.0696445e-05 0)
(0.30623387 2.0588261e-05 0)
(0.30589356 2.0479619e-05 0)
(0.30555293 2.0371234e-05 0)
(0.30521198 2.0263465e-05 0)
(0.30487069 2.0156451e-05 0)
(0.30452907 2.0050207e-05 0)
(0.30418709 1.9944686e-05 0)
(0.30384476 1.983982e-05 0)
(0.30350205 1.9735535e-05 0)
(0.30315897 1.9631759e-05 0)
(0.3028155 1.9528428e-05 0)
(0.30247163 1.9425492e-05 0)
(0.30212736 1.9322912e-05 0)
(0.30178267 1.9220654e-05 0)
(0.30143757 1.9118691e-05 0)
(0.30109203 1.9017002e-05 0)
(0.30074606 1.8915573e-05 0)
(0.30039965 1.881439e-05 0)
(0.30005279 1.8713442e-05 0)
(0.29970546 1.8612721e-05 0)
(0.29935768 1.8512221e-05 0)
(0.29900942 1.8411937e-05 0)
(0.29866068 1.8311863e-05 0)
(0.29831146 1.8211997e-05 0)
(0.29796174 1.8112335e-05 0)
(0.29761152 1.8012875e-05 0)
(0.29726079 1.7913614e-05 0)
(0.29690955 1.7814549e-05 0)
(0.29655778 1.7715678e-05 0)
(0.29620549 1.7616997e-05 0)
(0.29585265 1.7518506e-05 0)
(0.29549928 1.7420202e-05 0)
(0.29514535 1.7322084e-05 0)
(0.29479086 1.722415e-05 0)
(0.29443581 1.7126399e-05 0)
(0.29408018 1.7028829e-05 0)
(0.29372397 1.6931438e-05 0)
(0.29336717 1.6834225e-05 0)
(0.29300977 1.6737191e-05 0)
(0.29265177 1.6640334e-05 0)
(0.29229315 1.6543649e-05 0)
(0.29193392 1.6447138e-05 0)
(0.29157406 1.6350798e-05 0)
(0.29121356 1.6254629e-05 0)
(0.29085242 1.6158629e-05 0)
(0.29049063 1.6062797e-05 0)
(0.29012817 1.5967131e-05 0)
(0.28976505 1.5871631e-05 0)
(0.28940126 1.5776298e-05 0)
(0.28903678 1.5681129e-05 0)
(0.28867161 1.5586124e-05 0)
(0.28830573 1.5491281e-05 0)
(0.28793915 1.5396598e-05 0)
(0.28757185 1.5302076e-05 0)
(0.28720383 1.5207713e-05 0)
(0.28683507 1.5113507e-05 0)
(0.28646557 1.5019458e-05 0)
(0.28609531 1.4925568e-05 0)
(0.2857243 1.4831836e-05 0)
(0.28535252 1.473826e-05 0)
(0.28497996 1.4644839e-05 0)
(0.28460661 1.4551571e-05 0)
(0.28423246 1.4458455e-05 0)
(0.28385751 1.4365493e-05 0)
(0.28348175 1.4272684e-05 0)
(0.28310516 1.4180025e-05 0)
(0.28272775 1.4087516e-05 0)
(0.28234948 1.3995159e-05 0)
(0.28197037 1.3902953e-05 0)
(0.2815904 1.3810896e-05 0)
(0.28120955 1.3718987e-05 0)
(0.28082783 1.3627225e-05 0)
(0.28044521 1.3535612e-05 0)
(0.28006169 1.3444145e-05 0)
(0.27967727 1.3352826e-05 0)
(0.27929192 1.3261654e-05 0)
(0.27890564 1.3170629e-05 0)
(0.27851843 1.307975e-05 0)
(0.27813026 1.2989016e-05 0)
(0.27774113 1.2898426e-05 0)
(0.27735103 1.2807981e-05 0)
(0.27695994 1.271768e-05 0)
(0.27656787 1.2627525e-05 0)
(0.27617478 1.2537514e-05 0)
(0.27578069 1.2447648e-05 0)
(0.27538556 1.2357924e-05 0)
(0.2749894 1.2268344e-05 0)
(0.2745922 1.2178906e-05 0)
(0.27419393 1.2089613e-05 0)
(0.27379459 1.2000464e-05 0)
(0.27339417 1.1911459e-05 0)
(0.27299265 1.1822598e-05 0)
(0.27259002 1.1733879e-05 0)
(0.27218628 1.1645302e-05 0)
(0.27178141 1.1556867e-05 0)
(0.27137539 1.1468576e-05 0)
(0.27096822 1.1380428e-05 0)
(0.27055988 1.1292425e-05 0)
(0.27015036 1.1204566e-05 0)
(0.26973965 1.1116851e-05 0)
(0.26932773 1.1029279e-05 0)
(0.2689146 1.0941852e-05 0)
(0.26850023 1.0854572e-05 0)
(0.26808461 1.076744e-05 0)
(0.26766774 1.0680457e-05 0)
(0.26724959 1.0593624e-05 0)
(0.26683016 1.0506943e-05 0)
(0.26640942 1.0420422e-05 0)
(0.26598737 1.0334064e-05 0)
(0.26556399 1.0247871e-05 0)
(0.26513927 1.0161842e-05 0)
(0.26471318 1.0075894e-05 0)
(0.26428572 9.9899141e-06 0)
(0.26385688 9.9039649e-06 0)
(0.26342665 9.8182631e-06 0)
(0.262995 9.7327438e-06 0)
(0.26256192 9.6475336e-06 0)
(0.26212739 9.5631834e-06 0)
(0.26169135 9.4764816e-06 0)
(0.26125419 9.4030576e-06 0)
(0.31836307 2.3264476e-05 0)
(0.318016 2.317531e-05 0)
(0.31766783 2.3095997e-05 0)
(0.31731932 2.2980493e-05 0)
(0.31697071 2.2819551e-05 0)
(0.31662225 2.2663661e-05 0)
(0.31627373 2.2551612e-05 0)
(0.31592482 2.2464929e-05 0)
(0.31557542 2.2374909e-05 0)
(0.31522556 2.2273957e-05 0)
(0.3148753 2.2164999e-05 0)
(0.31452466 2.2051785e-05 0)
(0.31417369 2.1936725e-05 0)
(0.31382237 2.1821176e-05 0)
(0.31347072 2.1705879e-05 0)
(0.31311873 2.159121e-05 0)
(0.31276639 2.1477318e-05 0)
(0.3124137 2.1364221e-05 0)
(0.31206064 2.1251876e-05 0)
(0.31170721 2.1140214e-05 0)
(0.31135339 2.1029159e-05 0)
(0.31099918 2.0918637e-05 0)
(0.31064457 2.0808584e-05 0)
(0.31028955 2.0698948e-05 0)
(0.3099341 2.0589687e-05 0)
(0.30957823 2.0480767e-05 0)
(0.30922192 2.0372161e-05 0)
(0.30886517 2.0263845e-05 0)
(0.30850796 2.0155806e-05 0)
(0.3081503 2.0048028e-05 0)
(0.30779216 1.99405e-05 0)
(0.30743355 1.9833214e-05 0)
(0.30707446 1.9726164e-05 0)
(0.30671488 1.9619344e-05 0)
(0.30635481 1.9512748e-05 0)
(0.30599423 1.9406373e-05 0)
(0.30563313 1.9300216e-05 0)
(0.30527152 1.9194274e-05 0)
(0.30490938 1.9088544e-05 0)
(0.30454671 1.8983023e-05 0)
(0.30418349 1.8877708e-05 0)
(0.30381973 1.8772597e-05 0)
(0.30345541 1.8667687e-05 0)
(0.30309052 1.8562978e-05 0)
(0.30272506 1.8458466e-05 0)
(0.30235903 1.8354151e-05 0)
(0.3019924 1.8250031e-05 0)
(0.30162518 1.8146103e-05 0)
(0.30125736 1.8042367e-05 0)
(0.30088892 1.7938821e-05 0)
(0.30051987 1.7835465e-05 0)
(0.30015019 1.7732297e-05 0)
(0.29977988 1.7629314e-05 0)
(0.29940892 1.7526515e-05 0)
(0.29903731 1.74239e-05 0)
(0.29866505 1.7321466e-05 0)
(0.29829212 1.7219212e-05 0)
(0.29791851 1.7117138e-05 0)
(0.29754422 1.7015242e-05 0)
(0.29716923 1.6913522e-05 0)
(0.29679355 1.6811979e-05 0)
(0.29641715 1.6710612e-05 0)
(0.29604004 1.6609419e-05 0)
(0.29566221 1.6508399e-05 0)
(0.29528364 1.6407551e-05 0)
(0.29490432 1.6306872e-05 0)
(0.29452426 1.6206365e-05 0)
(0.29414343 1.6106024e-05 0)
(0.29376183 1.6005852e-05 0)
(0.29337946 1.5905848e-05 0)
(0.2929963 1.5806012e-05 0)
(0.29261234 1.5706343e-05 0)
(0.29222757 1.560684e-05 0)
(0.29184199 1.5507499e-05 0)
(0.29145558 1.5408321e-05 0)
(0.29106834 1.5309307e-05 0)
(0.29068026 1.5210455e-05 0)
(0.29029132 1.5111763e-05 0)
(0.28990152 1.5013232e-05 0)
(0.28951085 1.4914863e-05 0)
(0.28911929 1.4816654e-05 0)
(0.28872684 1.4718604e-05 0)
(0.28833349 1.4620712e-05 0)
(0.28793923 1.4522977e-05 0)
(0.28754405 1.44254e-05 0)
(0.28714793 1.4327979e-05 0)
(0.28675087 1.4230716e-05 0)
(0.28635286 1.413361e-05 0)
(0.28595388 1.4036659e-05 0)
(0.28555393 1.3939865e-05 0)
(0.28515299 1.3843225e-05 0)
(0.28475106 1.3746738e-05 0)
(0.28434812 1.3650406e-05 0)
(0.28394416 1.3554228e-05 0)
(0.28353917 1.3458204e-05 0)
(0.28313314 1.3362335e-05 0)
(0.28272606 1.3266619e-05 0)
(0.28231792 1.3171056e-05 0)
(0.2819087 1.3075645e-05 0)
(0.2814984 1.2980386e-05 0)
(0.28108699 1.2885281e-05 0)
(0.28067448 1.2790329e-05 0)
(0.28026085 1.2695531e-05 0)
(0.27984608 1.2600886e-05 0)
(0.27943016 1.2506392e-05 0)
(0.27901309 1.241205e-05 0)
(0.27859484 1.231786e-05 0)
(0.27817541 1.2223821e-05 0)
(0.27775478 1.2129936e-05 0)
(0.27733295 1.2036205e-05 0)
(0.27690989 1.1942627e-05 0)
(0.27648559 1.1849202e-05 0)
(0.27606004 1.175593e-05 0)
(0.27563323 1.1662811e-05 0)
(0.27520515 1.1569849e-05 0)
(0.27477577 1.1477045e-05 0)
(0.27434509 1.1384399e-05 0)
(0.27391309 1.1291913e-05 0)
(0.27347975 1.1199589e-05 0)
(0.27304507 1.1107434e-05 0)
(0.27260903 1.1015452e-05 0)
(0.2721716 1.0923646e-05 0)
(0.27173278 1.0832013e-05 0)
(0.27129255 1.074047e-05 0)
(0.2708509 1.0648896e-05 0)
(0.27040782 1.0557359e-05 0)
(0.26996329 1.0466079e-05 0)
(0.2695173 1.0374992e-05 0)
(0.26906983 1.0284233e-05 0)
(0.26862085 1.0194376e-05 0)
(0.26817031 1.010192e-05 0)
(0.26771859 1.0023964e-05 0)
(0.32664371 2.4786213e-05 0)
(0.32628548 2.4690996e-05 0)
(0.32592622 2.4606112e-05 0)
(0.32556654 2.4482994e-05 0)
(0.32520667 2.4313306e-05 0)
(0.32484698 2.4148511e-05 0)
(0.32448723 2.4028721e-05 0)
(0.32412709 2.3935179e-05 0)
(0.32376645 2.3838437e-05 0)
(0.32340534 2.3730582e-05 0)
(0.32304382 2.3614526e-05 0)
(0.32268191 2.3494084e-05 0)
(0.32231964 2.3371722e-05 0)
(0.32195702 2.3248839e-05 0)
(0.32159404 2.3126204e-05 0)
(0.32123072 2.3004208e-05 0)
(0.32086703 2.2883011e-05 0)
(0.32050297 2.2762638e-05 0)
(0.32013853 2.2643043e-05 0)
(0.3197737 2.252416e-05 0)
(0.31940847 2.240591e-05 0)
(0.31904283 2.228822e-05 -1.724224e-32)
(0.31867677 2.2171023e-05 0)
(0.31831029 2.2054265e-05 0)
(0.31794337 2.1937904e-05 0)
(0.317576 2.1821903e-05 0)
(0.31720818 2.1706234e-05 0)
(0.3168399 2.1590875e-05 0)
(0.31647115 2.1475808e-05 0)
(0.31610192 2.136102e-05 0)
(0.31573221 2.1246498e-05 0)
(0.315362 2.1132233e-05 0)
(0.3149913 2.1018219e-05 0)
(0.31462009 2.090445e-05 0)
(0.31424836 2.079092e-05 0)
(0.3138761 2.0677625e-05 0)
(0.31350332 2.0564562e-05 0)
(0.31313 2.0451729e-05 0)
(0.31275613 2.0339121e-05 0)
(0.31238171 2.0226736e-05 0)
(0.31200673 2.011457e-05 0)
(0.31163117 2.0002622e-05 0)
(0.31125504 1.9890888e-05 0)
(0.31087833 1.9779368e-05 0)
(0.31050102 1.9668059e-05 0)
(0.31012311 1.9556959e-05 0)
(0.30974459 1.9446067e-05 0)
(0.30936546 1.933538e-05 0)
(0.3089857 1.9224897e-05 0)
(0.3086053 1.9114617e-05 0)
(0.30822427 1.9004539e-05 0)
(0.30784258 1.8894661e-05 0)
(0.30746024 1.8784981e-05 0)
(0.30707723 1.8675497e-05 0)
(0.30669355 1.8566209e-05 0)
(0.30630918 1.8457114e-05 0)
(0.30592413 1.8348211e-05 0)
(0.30553837 1.8239499e-05 0)
(0.3051519 1.8130977e-05 0)
(0.30476472 1.8022643e-05 0)
(0.30437681 1.7914498e-05 0)
(0.30398817 1.780654e-05 0)
(0.30359878 1.7698767e-05 0)
(0.30320864 1.759118e-05 0)
(0.30281774 1.7483774e-05 0)
(0.30242607 1.737655e-05 0)
(0.30203362 1.7269508e-05 0)
(0.30164038 1.7162645e-05 0)
(0.30124635 1.705596e-05 0)
(0.3008515 1.6949455e-05 0)
(0.30045584 1.6843129e-05 0)
(0.30005936 1.6736981e-05 0)
(0.29966204 1.6631009e-05 0)
(0.29926387 1.6525211e-05 0)
(0.29886485 1.6419585e-05 0)
(0.29846497 1.6314135e-05 0)
(0.29806421 1.6208857e-05 0)
(0.29766257 1.610375e-05 0)
(0.29726003 1.5998815e-05 0)
(0.29685659 1.5894051e-05 0)
(0.29645223 1.5789459e-05 0)
(0.29604695 1.5685036e-05 0)
(0.29564074 1.5580781e-05 0)
(0.29523358 1.5476693e-05 0)
(0.29482546 1.5372774e-05 0)
(0.29441638 1.5269021e-05 0)
(0.29400632 1.5165436e-05 0)
(0.29359527 1.5062018e-05 0)
(0.29318322 1.4958767e-05 0)
(0.29277016 1.4855681e-05 0)
(0.29235609 1.4752759e-05 0)
(0.29194098 1.4650002e-05 0)
(0.29152482 1.4547409e-05 0)
(0.29110761 1.444498e-05 0)
(0.29068934 1.4342715e-05 0)
(0.29026999 1.4240614e-05 0)
(0.28984954 1.4138677e-05 0)
(0.289428 1.4036903e-05 0)
(0.28900534 1.393529e-05 0)
(0.28858156 1.383384e-05 0)
(0.28815664 1.3732553e-05 0)
(0.28773056 1.363143e-05 0)
(0.28730333 1.353047e-05 0)
(0.28687492 1.3429673e-05 0)
(0.28644532 1.3329037e-05 0)
(0.28601452 1.3228562e-05 0)
(0.28558251 1.3128249e-05 0)
(0.28514927 1.3028098e-05 0)
(0.28471478 1.292811e-05 0)
(0.28427905 1.2828286e-05 0)
(0.28384205 1.2728625e-05 0)
(0.28340376 1.2629126e-05 0)
(0.28296419 1.252979e-05 0)
(0.2825233 1.2430618e-05 0)
(0.28208109 1.2331612e-05 0)
(0.28163754 1.2232774e-05 0)
(0.28119264 1.2134104e-05 0)
(0.28074637 1.2035604e-05 0)
(0.28029872 1.1937277e-05 0)
(0.27984968 1.1839129e-05 0)
(0.27939922 1.1741164e-05 0)
(0.27894733 1.1643387e-05 0)
(0.278494 1.1545794e-05 0)
(0.2780392 1.1448296e-05 0)
(0.27758294 1.1350773e-05 0)
(0.27712518 1.1253291e-05 0)
(0.27666593 1.1156078e-05 0)
(0.27620516 1.1059069e-05 0)
(0.27574286 1.0962405e-05 0)
(0.27527899 1.0866687e-05 0)
(0.27481352 1.076812e-05 0)
(0.2743468 1.068533e-05 0)
(0.33513884 2.6405104e-05 0)
(0.33476919 2.6303361e-05 0)
(0.33439858 2.6212493e-05 0)
(0.33402744 2.6081642e-05 0)
(0.33365601 2.5902804e-05 0)
(0.33328478 2.5728475e-05 0)
(0.33291351 2.5600391e-05 0)
(0.33254184 2.5499514e-05 0)
(0.33216967 2.5395599e-05 0)
(0.33179702 2.5280393e-05 0)
(0.33142394 2.515679e-05 0)
(0.33105045 2.5028668e-05 0)
(0.33067659 2.4898554e-05 0)
(0.33030237 2.4767886e-05 0)
(0.32992777 2.4637462e-05 0)
(0.32955281 2.4507689e-05 0)
(0.32917747 2.4378737e-05 0)
(0.32880174 2.4250636e-05 0)
(0.32842562 2.4123343e-05 0)
(0.32804909 2.3996789e-05 0)
(0.32767214 2.3870898e-05 0)
(0.32729477 2.3745593e-05 1.7733768e-32)
(0.32691696 2.3620805e-05 0)
(0.3265387 2.349648e-05 0)
(0.32616 2.3372573e-05 0)
(0.32578083 2.3249048e-05 0)
(0.32540119 2.3125874e-05 0)
(0.32502107 2.3003029e-05 0)
(0.32464046 2.2880494e-05 0)
(0.32425936 2.2758255e-05 0)
(0.32387776 2.2636299e-05 0)
(0.32349564 2.2514617e-05 0)
(0.32311301 2.2393202e-05 0)
(0.32272985 2.2272047e-05 0)
(0.32234615 2.2151147e-05 0)
(0.32196191 2.2030497e-05 0)
(0.32157712 2.1910095e-05 0)
(0.32119178 2.1789936e-05 0)
(0.32080586 2.1670018e-05 0)
(0.32041937 2.1550337e-05 0)
(0.3200323 2.143089e-05 0)
(0.31964464 2.1311674e-05 0)
(0.31925637 2.1192687e-05 0)
(0.31886751 2.1073928e-05 0)
(0.31847802 2.0955393e-05 0)
(0.31808792 2.0837081e-05 0)
(0.31769718 2.071899e-05 0)
(0.3173058 2.0601118e-05 0)
(0.31691377 2.0483464e-05 0)
(0.31652109 2.0366025e-05 0)
(0.31612774 2.0248802e-05 0)
(0.31573372 2.0131792e-05 0)
(0.31533902 2.0014993e-05 0)
(0.31494363 1.9898402e-05 0)
(0.31454753 1.978202e-05 0)
(0.31415073 1.9665844e-05 0)
(0.31375321 1.9549872e-05 0)
(0.31335497 1.9434105e-05 0)
(0.31295599 1.9318539e-05 0)
(0.31255627 1.9203174e-05 0)
(0.3121558 1.908801e-05 0)
(0.31175456 1.8973045e-05 0)
(0.31135256 1.8858278e-05 0)
(0.31094977 1.8743708e-05 0)
(0.3105462 1.8629332e-05 0)
(0.31014183 1.8515149e-05 0)
(0.30973665 1.840116e-05 0)
(0.30933065 1.8287361e-05 0)
(0.30892382 1.8173753e-05 0)
(0.30851616 1.8060336e-05 0)
(0.30810766 1.7947111e-05 0)
(0.30769829 1.7834073e-05 0)
(0.30728806 1.7721224e-05 0)
(0.30687696 1.760856e-05 0)
(0.30646497 1.749608e-05 0)
(0.30605208 1.7383787e-05 0)
(0.30563829 1.7271678e-05 0)
(0.30522358 1.715975e-05 0)
(0.30480795 1.7048005e-05 0)
(0.30439138 1.6936443e-05 0)
(0.30397386 1.6825063e-05 0)
(0.30355538 1.6713863e-05 0)
(0.30313593 1.6602843e-05 0)
(0.30271551 1.6492002e-05 0)
(0.30229409 1.6381338e-05 0)
(0.30187167 1.6270853e-05 0)
(0.30144824 1.6160546e-05 0)
(0.30102378 1.6050417e-05 0)
(0.30059829 1.5940465e-05 0)
(0.30017176 1.583069e-05 0)
(0.29974416 1.5721089e-05 0)
(0.2993155 1.5611664e-05 0)
(0.29888575 1.5502413e-05 0)
(0.29845491 1.5393336e-05 0)
(0.29802297 1.5284435e-05 0)
(0.29758991 1.5175708e-05 0)
(0.29715572 1.5067156e-05 0)
(0.29672038 1.4958777e-05 0)
(0.2962839 1.485057e-05 0)
(0.29584624 1.4742536e-05 0)
(0.29540741 1.4634675e-05 0)
(0.29496739 1.4526989e-05 0)
(0.29452616 1.4419476e-05 0)
(0.29408371 1.4312136e-05 0)
(0.29364003 1.4204969e-05 0)
(0.2931951 1.4097972e-05 0)
(0.29274892 1.3991148e-05 0)
(0.29230147 1.3884497e-05 0)
(0.29185273 1.3778018e-05 0)
(0.29140269 1.3671714e-05 0)
(0.29095134 1.3565583e-05 0)
(0.29049866 1.3459626e-05 0)
(0.29004464 1.3353841e-05 0)
(0.28958926 1.3248231e-05 0)
(0.28913251 1.3142797e-05 0)
(0.28867437 1.3037541e-05 0)
(0.28821484 1.2932465e-05 0)
(0.28775388 1.2827568e-05 0)
(0.2872915 1.2722856e-05 0)
(0.28682766 1.2618333e-05 0)
(0.28636237 1.2514006e-05 0)
(0.28589559 1.2409878e-05 0)
(0.28542731 1.2305944e-05 0)
(0.28495752 1.2202114e-05 0)
(0.2844862 1.2098263e-05 0)
(0.28401335 1.1994458e-05 0)
(0.28353894 1.1890935e-05 0)
(0.28306295 1.1787625e-05 0)
(0.28258538 1.1684682e-05 0)
(0.28210618 1.1582727e-05 0)
(0.28162532 1.147767e-05 0)
(0.28114315 1.1389721e-05 0)
(0.34347198 2.8018211e-05 0)
(0.34308977 2.7920889e-05 0)
(0.34270686 2.778233e-05 0)
(0.34232357 2.7593919e-05 0)
(0.34194049 2.7409341e-05 0)
(0.34155741 2.7272359e-05 0)
(0.34117393 2.7163642e-05 0)
(0.34078994 2.7052082e-05 0)
(0.34040545 2.6929054e-05 0)
(0.34002051 2.679743e-05 0)
(0.33963515 2.6661154e-05 0)
(0.33924941 2.6522811e-05 0)
(0.33886328 2.6383882e-05 0)
(0.33847676 2.6245191e-05 0)
(0.33808986 2.6107166e-05 0)
(0.33770257 2.5969983e-05 0)
(0.33731487 2.5833679e-05 0)
(0.33692675 2.5698212e-05 0)
(0.33653822 2.5563515e-05 0)
(0.33614925 2.5429509e-05 0)
(0.33575983 2.5296115e-05 0)
(0.33536997 2.5163265e-05 0)
(0.33497964 2.5030902e-05 0)
(0.33458884 2.489898e-05 0)
(0.33419756 2.4767461e-05 0)
(0.33380579 2.4636315e-05 0)
(0.33341352 2.4505516e-05 0)
(0.33302075 2.4375047e-05 0)
(0.33262747 2.4244891e-05 0)
(0.33223366 2.4115037e-05 0)
(0.33183932 2.3985474e-05 0)
(0.33144444 2.3856195e-05 0)
(0.33104901 2.3727193e-05 0)
(0.33065303 2.3598462e-05 0)
(0.33025649 2.3469997e-05 0)
(0.32985937 2.3341796e-05 0)
(0.32946168 2.3213854e-05 0)
(0.3290634 2.3086167e-05 0)
(0.32866452 2.2958734e-05 0)
(0.32826503 2.2831549e-05 0)
(0.32786494 2.2704611e-05 0)
(0.32746422 2.2577917e-05 0)
(0.32706287 2.2451464e-05 0)
(0.32666089 2.2325251e-05 0)
(0.32625826 2.2199275e-05 0)
(0.32585497 2.2073534e-05 0)
(0.32545102 2.1948027e-05 0)
(0.3250464 2.1822751e-05 0)
(0.3246411 2.1697705e-05 0)
(0.3242351 2.1572888e-05 0)
(0.32382841 2.1448299e-05 0)
(0.32342101 2.1323933e-05 0)
(0.3230129 2.1199791e-05 0)
(0.32260406 2.1075869e-05 0)
(0.32219449 2.0952167e-05 0)
(0.32178417 2.0828684e-05 0)
(0.3213731 2.0705417e-05 0)
(0.32096127 2.0582366e-05 0)
(0.32054867 2.0459528e-05 0)
(0.32013529 2.0336904e-05 0)
(0.31972112 2.0214492e-05 0)
(0.31930615 2.0092291e-05 0)
(0.31889037 1.9970299e-05 0)
(0.31847378 1.9848514e-05 0)
(0.31805636 1.9726936e-05 0)
(0.31763809 1.9605563e-05 0)
(0.31721899 1.9484393e-05 0)
(0.31679902 1.9363426e-05 0)
(0.31637819 1.9242663e-05 0)
(0.31595648 1.9122103e-05 0)
(0.31553388 1.9001744e-05 0)
(0.31511039 1.8881585e-05 0)
(0.31468599 1.8761623e-05 0)
(0.31426067 1.8641857e-05 0)
(0.31383442 1.8522289e-05 0)
(0.31340723 1.8402918e-05 0)
(0.31297909 1.8283741e-05 0)
(0.31255 1.8164757e-05 0)
(0.31211993 1.8045968e-05 0)
(0.31168888 1.7927374e-05 0)
(0.31125683 1.7808971e-05 0)
(0.31082378 1.7690759e-05 0)
(0.31038972 1.7572737e-05 0)
(0.30995463 1.7454905e-05 0)
(0.3095185 1.7337263e-05 0)
(0.30908132 1.721981e-05 0)
(0.30864308 1.7102547e-05 0)
(0.30820377 1.6985472e-05 0)
(0.30776338 1.6868585e-05 0)
(0.30732188 1.6751884e-05 0)
(0.30687928 1.6635369e-05 0)
(0.30643556 1.651904e-05 0)
(0.3059907 1.6402897e-05 0)
(0.3055447 1.628694e-05 0)
(0.30509754 1.617117e-05 0)
(0.30464921 1.6055584e-05 0)
(0.3041997 1.5940182e-05 0)
(0.30374899 1.5824964e-05 0)
(0.30329707 1.570993e-05 0)
(0.30284393 1.5595081e-05 0)
(0.30238956 1.5480416e-05 0)
(0.30193393 1.5365937e-05 0)
(0.30147704 1.5251641e-05 0)
(0.30101888 1.5137528e-05 0)
(0.30055943 1.5023598e-05 0)
(0.30009867 1.4909851e-05 0)
(0.29963659 1.4796287e-05 0)
(0.29917319 1.4682908e-05 0)
(0.29870843 1.4569714e-05 0)
(0.29824232 1.4456704e-05 0)
(0.29777483 1.4343878e-05 0)
(0.29730594 1.4231236e-05 0)
(0.29683565 1.411878e-05 0)
(0.29636395 1.4006511e-05 0)
(0.2958908 1.3894432e-05 0)
(0.2954162 1.3782542e-05 0)
(0.29494013 1.3670845e-05 0)
(0.29446258 1.3559342e-05 0)
(0.29398353 1.3448041e-05 0)
(0.29350296 1.3336948e-05 0)
(0.29302085 1.3226065e-05 0)
(0.2925372 1.3115388e-05 0)
(0.29205197 1.3004825e-05 0)
(0.29156516 1.2894244e-05 0)
(0.29107676 1.2783715e-05 0)
(0.29058674 1.2673481e-05 0)
(0.2900951 1.2563472e-05 0)
(0.2896018 1.2453851e-05 0)
(0.28910683 1.2345259e-05 0)
(0.28861013 1.2233312e-05 0)
(0.28811206 1.2139855e-05 0)
(0.35239866 2.9841656e-05 0)
(0.3520046 2.9737374e-05 0)
(0.35160963 2.959126e-05 0)
(0.35121415 2.9392825e-05 0)
(0.35081894 2.9197203e-05 0)
(0.35042376 2.9050659e-05 0)
(0.35002818 2.8933569e-05 0)
(0.34963206 2.8813871e-05 0)
(0.34923544 2.8682528e-05 0)
(0.34883835 2.8542385e-05 0)
(0.34844083 2.8397454e-05 0)
(0.34804289 2.8250379e-05 0)
(0.34764456 2.8102686e-05 0)
(0.34724583 2.7955227e-05 0)
(0.34684669 2.7808445e-05 0)
(0.34644714 2.7662529e-05 0)
(0.34604717 2.751752e-05 0)
(0.34564676 2.7373379e-05 0)
(0.34524592 2.7230037e-05 0)
(0.34484462 2.7087415e-05 0)
(0.34444286 2.6945435e-05 0)
(0.34404063 2.6804025e-05 0)
(0.34363792 2.6663126e-05 0)
(0.34323472 2.6522693e-05 0)
(0.34283102 2.6382685e-05 0)
(0.34242681 2.6243071e-05 0)
(0.34202209 2.6103825e-05 0)
(0.34161684 2.5964929e-05 0)
(0.34121105 2.5826366e-05 0)
(0.34080473 2.5688123e-05 0)
(0.34039785 2.5550189e-05 0)
(0.33999041 2.5412557e-05 0)
(0.3395824 2.527522e-05 0)
(0.33917382 2.513817e-05 0)
(0.33876465 2.5001404e-05 0)
(0.33835489 2.4864918e-05 0)
(0.33794453 2.4728708e-05 0)
(0.33753356 2.459277e-05 0)
(0.33712197 2.4457101e-05 0)
(0.33670975 2.4321697e-05 0)
(0.3362969 2.4186555e-05 0)
(0.3358834 2.4051673e-05 0)
(0.33546925 2.3917047e-05 0)
(0.33505443 2.3782677e-05 0)
(0.33463895 2.3648559e-05 0)
(0.33422279 2.3514692e-05 0)
(0.33380594 2.3381073e-05 0)
(0.33338839 2.32477e-05 0)
(0.33297013 2.3114572e-05 0)
(0.33255116 2.2981688e-05 0)
(0.33213147 2.2849045e-05 0)
(0.33171104 2.2716642e-05 0)
(0.33128987 2.2584475e-05 0)
(0.33086794 2.2452544e-05 0)
(0.33044526 2.2320846e-05 0)
(0.3300218 2.2189381e-05 0)
(0.32959757 2.2058147e-05 0)
(0.32917254 2.1927142e-05 0)
(0.32874672 2.1796364e-05 0)
(0.32832008 2.1665814e-05 0)
(0.32789263 2.1535489e-05 0)
(0.32746435 2.1405389e-05 0)
(0.32703523 2.1275512e-05 0)
(0.32660527 2.1145855e-05 0)
(0.32617444 2.1016417e-05 0)
(0.32574275 2.0887199e-05 0)
(0.32531018 2.0758196e-05 0)
(0.32487672 2.062941e-05 0)
(0.32444236 2.050084e-05 0)
(0.32400709 2.0372486e-05 0)
(0.3235709 2.0244347e-05 0)
(0.32313378 2.011642e-05 0)
(0.32269572 1.9988702e-05 0)
(0.32225671 1.9861194e-05 0)
(0.32181673 1.9733897e-05 0)
(0.32137578 1.9606809e-05 0)
(0.32093385 1.9479926e-05 0)
(0.32049092 1.935325e-05 0)
(0.32004699 1.9226782e-05 0)
(0.31960204 1.9100519e-05 0)
(0.31915605 1.8974461e-05 0)
(0.31870903 1.8848606e-05 0)
(0.31826095 1.8722954e-05 0)
(0.31781181 1.8597503e-05 0)
(0.3173616 1.8472254e-05 0)
(0.31691029 1.8347207e-05 0)
(0.31645789 1.8222361e-05 0)
(0.31600437 1.8097716e-05 0)
(0.31554973 1.797327e-05 0)
(0.31509395 1.7849023e-05 0)
(0.31463703 1.7724973e-05 0)
(0.31417894 1.7601122e-05 0)
(0.31371967 1.7477467e-05 0)
(0.31325922 1.7354011e-05 0)
(0.31279757 1.7230753e-05 0)
(0.31233471 1.7107692e-05 0)
(0.31187062 1.6984826e-05 0)
(0.31140529 1.6862156e-05 0)
(0.31093871 1.6739681e-05 0)
(0.31047086 1.6617403e-05 0)
(0.31000173 1.6495321e-05 0)
(0.3095313 1.6373435e-05 0)
(0.30905957 1.6251746e-05 0)
(0.30858651 1.6130251e-05 0)
(0.30811212 1.600895e-05 0)
(0.30763638 1.5887843e-05 0)
(0.30715927 1.5766932e-05 0)
(0.30668077 1.5646216e-05 0)
(0.30620089 1.5525697e-05 0)
(0.30571959 1.5405374e-05 0)
(0.30523686 1.5285247e-05 0)
(0.3047527 1.5165316e-05 0)
(0.30426707 1.5045581e-05 0)
(0.30377998 1.4926046e-05 0)
(0.30329139 1.4806712e-05 0)
(0.3028013 1.4687579e-05 0)
(0.30230969 1.4568651e-05 0)
(0.30181653 1.4449929e-05 0)
(0.30132183 1.4331421e-05 0)
(0.30082555 1.4213134e-05 0)
(0.30032767 1.4095069e-05 0)
(0.29982819 1.3977223e-05 0)
(0.29932709 1.38595e-05 0)
(0.29882434 1.3741765e-05 0)
(0.29831994 1.3624087e-05 0)
(0.29781387 1.3506718e-05 0)
(0.2973061 1.3389585e-05 0)
(0.29679663 1.3272864e-05 0)
(0.29628542 1.3157212e-05 0)
(0.29577242 1.303795e-05 0)
(0.29525798 1.293861e-05 0)
(0.36155399 3.1780119e-05 0)
(0.36114779 3.1668382e-05 0)
(0.36074045 3.1514938e-05 0)
(0.3603325 3.1305995e-05 0)
(0.35992487 3.1098454e-05 0)
(0.3595173 3.0941633e-05 0)
(0.35910933 3.0815609e-05 0)
(0.35870081 3.068726e-05 0)
(0.35829175 3.0547088e-05 0)
(0.35788222 3.0397903e-05 0)
(0.35747223 3.0243787e-05 0)
(0.35706182 3.0087451e-05 0)
(0.35665099 2.9930463e-05 0)
(0.35623974 2.9773704e-05 0)
(0.35582807 2.9617635e-05 0)
(0.35541596 2.9462457e-05 0)
(0.35500342 2.9308213e-05 0)
(0.35459042 2.9154868e-05 0)
(0.35417697 2.9002354e-05 0)
(0.35376304 2.885059e-05 0)
(0.35334863 2.8699496e-05 0)
(0.35293374 2.8549e-05 0)
(0.35251834 2.8399042e-05 0)
(0.35210243 2.8249573e-05 0)
(0.351686 2.8100553e-05 0)
(0.35126905 2.795195e-05 0)
(0.35085155 2.7803736e-05 0)
(0.35043351 2.7655893e-05 0)
(0.35001492 2.7508403e-05 0)
(0.34959576 2.7361252e-05 0)
(0.34917603 2.721443e-05 0)
(0.34875572 2.7067929e-05 0)
(0.34833482 2.6921741e-05 0)
(0.34791332 2.6775859e-05 0)
(0.34749121 2.6630278e-05 0)
(0.34706848 2.6484995e-05 0)
(0.34664514 2.6340005e-05 0)
(0.34622115 2.6195304e-05 0)
(0.34579653 2.605089e-05 0)
(0.34537126 2.5906757e-05 0)
(0.34494532 2.5762903e-05 0)
(0.34451872 2.5619325e-05 0)
(0.34409144 2.5476021e-05 0)
(0.34366347 2.5332988e-05 0)
(0.3432348 2.5190223e-05 0)
(0.34280543 2.5047725e-05 0)
(0.34237535 2.4905491e-05 0)
(0.34194454 2.4763519e-05 0)
(0.341513 2.4621807e-05 0)
(0.34108072 2.4480355e-05 0)
(0.34064768 2.4339159e-05 0)
(0.34021389 2.4198218e-05 0)
(0.33977932 2.4057529e-05 0)
(0.33934397 2.391709e-05 0)
(0.33890784 2.37769e-05 0)
(0.3384709 2.3636958e-05 0)
(0.33803316 2.3497261e-05 0)
(0.33759459 2.3357807e-05 0)
(0.3371552 2.3218595e-05 0)
(0.33671497 2.3079626e-05 0)
(0.33627389 2.2940897e-05 0)
(0.33583195 2.2802406e-05 0)
(0.33538914 2.2664152e-05 0)
(0.33494545 2.2526133e-05 0)
(0.33450087 2.2388347e-05 0)
(0.33405539 2.2250794e-05 0)
(0.333609 2.2113471e-05 0)
(0.33316169 2.1976378e-05 0)
(0.33271345 2.1839516e-05 0)
(0.33226426 2.1702883e-05 0)
(0.33181412 2.1566477e-05 0)
(0.33136301 2.1430298e-05 0)
(0.33091093 2.1294342e-05 0)
(0.33045786 2.1158608e-05 0)
(0.3300038 2.1023099e-05 0)
(0.32954872 2.0887812e-05 0)
(0.32909262 2.0752744e-05 0)
(0.32863549 2.0617895e-05 0)
(0.32817732 2.0483268e-05 0)
(0.32771809 2.0348859e-05 0)
(0.3272578 2.0214667e-05 0)
(0.32679642 2.0080692e-05 0)
(0.32633396 1.9946932e-05 0)
(0.32587039 1.9813386e-05 0)
(0.3254057 1.9680056e-05 0)
(0.32493989 1.9546939e-05 0)
(0.32447294 1.9414037e-05 0)
(0.32400483 1.9281347e-05 0)
(0.32353556 1.914887e-05 0)
(0.32306511 1.9016604e-05 0)
(0.32259347 1.8884548e-05 0)
(0.32212062 1.8752703e-05 0)
(0.32164656 1.8621067e-05 0)
(0.32117126 1.8489642e-05 0)
(0.32069472 1.8358427e-05 0)
(0.32021693 1.8227422e-05 0)
(0.31973786 1.8096625e-05 0)
(0.31925751 1.7966035e-05 0)
(0.31877586 1.7835653e-05 0)
(0.31829289 1.770548e-05 0)
(0.3178086 1.7575515e-05 0)
(0.31732297 1.744576e-05 0)
(0.31683598 1.7316212e-05 0)
(0.31634761 1.7186871e-05 0)
(0.31585787 1.7057737e-05 0)
(0.31536672 1.6928809e-05 0)
(0.31487415 1.6800088e-05 0)
(0.31438016 1.6671576e-05 0)
(0.31388471 1.6543272e-05 0)
(0.31338781 1.6415177e-05 0)
(0.31288942 1.6287289e-05 0)
(0.31238955 1.615961e-05 0)
(0.31188816 1.603214e-05 0)
(0.31138524 1.5904881e-05 0)
(0.31088078 1.5777836e-05 0)
(0.31037476 1.5651004e-05 0)
(0.30986716 1.5524389e-05 0)
(0.30935797 1.5397994e-05 0)
(0.30884716 1.5271826e-05 0)
(0.30833472 1.5145891e-05 0)
(0.30782064 1.5020193e-05 0)
(0.30730489 1.4894726e-05 0)
(0.30678745 1.4769392e-05 0)
(0.30626831 1.464405e-05 0)
(0.30574745 1.4518774e-05 0)
(0.30522487 1.439382e-05 0)
(0.30470053 1.4269115e-05 0)
(0.30417442 1.4144846e-05 0)
(0.3036465 1.4021685e-05 0)
(0.30311674 1.389466e-05 0)
(0.30258545 1.3789034e-05 0)
(0.37094262 3.3840472e-05 0)
(0.37052396 3.3720737e-05 0)
(0.37010397 3.3560176e-05 0)
(0.36968327 3.3340191e-05 0)
(0.36926293 3.3119796e-05 0)
(0.36884269 3.2951938e-05 0)
(0.36842205 3.2816392e-05 0)
(0.36800083 3.2678858e-05 0)
(0.36757907 3.2529319e-05 0)
(0.3671568 3.2370542e-05 0)
(0.36673406 3.2206686e-05 0)
(0.36631088 3.2040531e-05 0)
(0.36588726 3.1873689e-05 0)
(0.36546319 3.170707e-05 0)
(0.36503869 3.1541156e-05 0)
(0.36461374 3.1376156e-05 0)
(0.36418832 3.121212e-05 0)
(0.36376244 3.1049014e-05 0)
(0.36333607 3.0886771e-05 0)
(0.36290922 3.0725309e-05 0)
(0.36248186 3.0564546e-05 0)
(0.36205399 3.040441e-05 0)
(0.3616256 3.0244839e-05 0)
(0.36119668 3.0085782e-05 0)
(0.36076722 2.9927199e-05 0)
(0.36033721 2.9769056e-05 0)
(0.35990665 2.9611325e-05 0)
(0.35947551 2.9453986e-05 0)
(0.3590438 2.9297021e-05 0)
(0.3586115 2.9140417e-05 0)
(0.3581786 2.8984161e-05 0)
(0.35774511 2.8828246e-05 0)
(0.35731099 2.8672663e-05 0)
(0.35687626 2.8517406e-05 0)
(0.3564409 2.8362468e-05 0)
(0.3560049 2.8207847e-05 0)
(0.35556824 2.8053537e-05 0)
(0.35513093 2.7899535e-05 0)
(0.35469296 2.7745836e-05 0)
(0.3542543 2.7592438e-05 0)
(0.35381497 2.7439335e-05 0)
(0.35337493 2.7286526e-05 0)
(0.3529342 2.7134008e-05 0)
(0.35249275 2.6981778e-05 0)
(0.35205057 2.6829834e-05 0)
(0.35160767 2.6678173e-05 0)
(0.35116402 2.6526792e-05 0)
(0.35071963 2.637569e-05 0)
(0.35027447 2.6224865e-05 0)
(0.34982854 2.6074316e-05 0)
(0.34938183 2.592404e-05 0)
(0.34893433 2.5774034e-05 0)
(0.34848604 2.5624296e-05 0)
(0.34803693 2.5474825e-05 0)
(0.347587 2.5325618e-05 0)
(0.34713625 2.5176673e-05 0)
(0.34668465 2.502799e-05 0)
(0.34623221 2.4879566e-05 0)
(0.3457789 2.4731399e-05 0)
(0.34532473 2.458349e-05 0)
(0.34486967 2.4435836e-05 0)
(0.34441372 2.4288435e-05 0)
(0.34395687 2.4141286e-05 0)
(0.34349911 2.3994387e-05 0)
(0.34304043 2.3847736e-05 0)
(0.34258081 2.3701332e-05 0)
(0.34212024 2.3555174e-05 0)
(0.34165872 2.3409259e-05 0)
(0.34119624 2.326359e-05 0)
(0.34073277 2.3118164e-05 0)
(0.34026832 2.297298e-05 0)
(0.33980286 2.2828037e-05 0)
(0.3393364 2.2683331e-05 0)
(0.33886891 2.2538862e-05 0)
(0.33840038 2.2394631e-05 0)
(0.33793081 2.2250636e-05 0)
(0.33746018 2.2106874e-05 0)
(0.33698848 2.1963345e-05 0)
(0.3365157 2.1820051e-05 0)
(0.33604182 2.167699e-05 0)
(0.33556683 2.153416e-05 0)
(0.33509073 2.1391559e-05 0)
(0.33461349 2.1249187e-05 0)
(0.33413511 2.1107044e-05 0)
(0.33365558 2.0965128e-05 0)
(0.33317487 2.082344e-05 0)
(0.33269298 2.068198e-05 0)
(0.3322099 2.0540745e-05 0)
(0.33172561 2.0399737e-05 0)
(0.3312401 2.0258952e-05 0)
(0.33075335 2.0118392e-05 0)
(0.33026535 1.9978054e-05 0)
(0.32977609 1.983794e-05 0)
(0.32928555 1.9698049e-05 0)
(0.32879373 1.9558382e-05 0)
(0.3283006 1.9418937e-05 0)
(0.32780615 1.9279713e-05 0)
(0.32731037 1.914071e-05 0)
(0.32681325 1.9001928e-05 0)
(0.32631476 1.8863367e-05 0)
(0.32581489 1.8725028e-05 0)
(0.32531364 1.858691e-05 0)
(0.32481097 1.8449014e-05 0)
(0.32430689 1.8311337e-05 0)
(0.32380137 1.8173879e-05 0)
(0.3232944 1.8036641e-05 0)
(0.32278596 1.7899623e-05 0)
(0.32227603 1.7762826e-05 0)
(0.32176461 1.762625e-05 0)
(0.32125167 1.7489896e-05 0)
(0.32073719 1.7353763e-05 0)
(0.32022117 1.721785e-05 0)
(0.31970358 1.708216e-05 0)
(0.31918441 1.6946694e-05 0)
(0.31866363 1.6811454e-05 0)
(0.31814124 1.6676442e-05 0)
(0.31761722 1.6541659e-05 0)
(0.31709154 1.6407109e-05 0)
(0.31656418 1.62728e-05 0)
(0.31603514 1.6138738e-05 0)
(0.31550439 1.6004926e-05 0)
(0.31497191 1.587136e-05 0)
(0.31443768 1.5737937e-05 0)
(0.31390169 1.5604513e-05 0)
(0.31336392 1.547116e-05 0)
(0.31282436 1.5338145e-05 0)
(0.31228298 1.5205392e-05 0)
(0.31173976 1.5073101e-05 0)
(0.31119466 1.4941955e-05 0)
(0.31064767 1.4806694e-05 0)
(0.31009906 1.469435e-05 0)
(0.38056906 3.6029939e-05 0)
(0.38013762 3.5901671e-05 0)
(0.37970469 3.5734096e-05 0)
(0.37927098 3.5502457e-05 0)
(0.37883766 3.5268241e-05 0)
(0.37840447 3.5088548e-05 0)
(0.37797088 3.4942866e-05 0)
(0.37753669 3.4795596e-05 0)
(0.37710193 3.463613e-05 0)
(0.37666664 3.4467186e-05 0)
(0.37623087 3.4293007e-05 0)
(0.37579462 3.4116444e-05 0)
(0.37535792 3.3939158e-05 0)
(0.37492076 3.3762092e-05 0)
(0.37448314 3.3585743e-05 0)
(0.37404505 3.3410333e-05 0)
(0.37360647 3.3235917e-05 0)
(0.3731674 3.3062464e-05 0)
(0.37272784 3.2889905e-05 0)
(0.37228776 3.2718159e-05 0)
(0.37184715 3.2547144e-05 0)
(0.37140602 3.2376784e-05 0)
(0.37096434 3.2207016e-05 0)
(0.37052211 3.2037791e-05 0)
(0.37007932 3.1869063e-05 0)
(0.36963595 3.17008e-05 0)
(0.36919201 3.1532973e-05 0)
(0.36874747 3.1365561e-05 0)
(0.36830234 3.1198545e-05 0)
(0.36785659 3.103191e-05 0)
(0.36741023 3.0865646e-05 0)
(0.36696323 3.0699743e-05 0)
(0.3665156 3.0534192e-05 0)
(0.36606733 3.0368987e-05 0)
(0.3656184 3.0204121e-05 0)
(0.3651688 3.0039592e-05 0)
(0.36471853 2.9875393e-05 0)
(0.36426758 2.971152e-05 0)
(0.36381593 2.954797e-05 0)
(0.36336358 2.9384739e-05 0)
(0.36291052 2.9221823e-05 0)
(0.36245674 2.9059218e-05 0)
(0.36200223 2.8896922e-05 0)
(0.36154697 2.8734932e-05 0)
(0.36109097 2.8573246e-05 0)
(0.3606342 2.841186e-05 0)
(0.36017667 2.8250774e-05 0)
(0.35971836 2.8089983e-05 0)
(0.35925925 2.7929486e-05 0)
(0.35879935 2.7769282e-05 0)
(0.35833864 2.7609368e-05 0)
(0.3578771 2.7449741e-05 0)
(0.35741474 2.7290399e-05 0)
(0.35695154 2.713134e-05 0)
(0.35648749 2.6972562e-05 0)
(0.35602257 2.6814063e-05 0)
(0.35555679 2.6655842e-05 0)
(0.35509012 2.6497896e-05 0)
(0.35462256 2.6340224e-05 0)
(0.35415409 2.6182825e-05 0)
(0.35368472 2.6025697e-05 0)
(0.35321442 2.5868838e-05 0)
(0.35274318 2.5712247e-05 0)
(0.35227099 2.5555921e-05 0)
(0.35179785 2.5399859e-05 0)
(0.35132374 2.524406e-05 0)
(0.35084865 2.5088522e-05 0)
(0.35037256 2.4933242e-05 0)
(0.34989548 2.4778223e-05 0)
(0.34941738 2.4623463e-05 0)
(0.34893825 2.446896e-05 0)
(0.34845808 2.4314712e-05 0)
(0.34797687 2.4160717e-05 0)
(0.34749459 2.4006972e-05 0)
(0.34701124 2.3853481e-05 0)
(0.34652681 2.3700241e-05 0)
(0.34604127 2.3547248e-05 0)
(0.34555463 2.3394503e-05 0)
(0.34506686 2.3242008e-05 0)
(0.34457796 2.3089759e-05 0)
(0.34408791 2.2937756e-05 0)
(0.3435967 2.2785996e-05 0)
(0.34310432 2.263448e-05 0)
(0.34261075 2.2483207e-05 0)
(0.34211598 2.2332175e-05 0)
(0.34161999 2.2181385e-05 0)
(0.34112278 2.2030837e-05 0)
(0.34062434 2.1880529e-05 0)
(0.34012463 2.173046e-05 0)
(0.33962367 2.158063e-05 0)
(0.33912142 2.1431037e-05 0)
(0.33861787 2.1281681e-05 0)
(0.33811302 2.1132563e-05 0)
(0.33760684 2.0983681e-05 0)
(0.33709933 2.0835037e-05 0)
(0.33659046 2.0686629e-05 0)
(0.33608023 2.0538456e-05 0)
(0.33556862 2.0390516e-05 0)
(0.33505561 2.0242812e-05 0)
(0.33454118 2.0095342e-05 0)
(0.33402533 1.9948108e-05 0)
(0.33350804 1.9801109e-05 0)
(0.33298929 1.9654344e-05 0)
(0.33246907 1.9507813e-05 0)
(0.33194735 1.9361515e-05 0)
(0.33142414 1.9215449e-05 0)
(0.33089939 1.9069617e-05 0)
(0.33037311 1.892402e-05 0)
(0.32984528 1.8778657e-05 0)
(0.32931587 1.863353e-05 0)
(0.32878487 1.8488637e-05 0)
(0.32825227 1.8343978e-05 0)
(0.32771804 1.8199555e-05 0)
(0.32718217 1.805537e-05 0)
(0.32664465 1.7911425e-05 0)
(0.32610544 1.7767721e-05 0)
(0.32556454 1.762426e-05 0)
(0.32502192 1.7481046e-05 0)
(0.32447758 1.7338088e-05 0)
(0.32393147 1.7195391e-05 0)
(0.3233836 1.7052959e-05 0)
(0.32283394 1.6910787e-05 0)
(0.32228246 1.6768769e-05 0)
(0.32172915 1.6626757e-05 0)
(0.321174 1.6484824e-05 0)
(0.32061699 1.6343244e-05 0)
(0.32005809 1.6201939e-05 0)
(0.31949729 1.6061124e-05 0)
(0.31893455 1.592149e-05 0)
(0.31836984 1.5777492e-05 0)
(0.31780343 1.5657966e-05 0)
(0.39043765 3.8356116e-05 0)
(0.3899931 3.8218816e-05 0)
(0.38954694 3.8044131e-05 0)
(0.38909997 3.7800122e-05 0)
(0.38865343 3.7551111e-05 0)
(0.38820702 3.7358766e-05 0)
(0.38776021 3.720231e-05 0)
(0.38731278 3.7044731e-05 0)
(0.38686474 3.6874756e-05 0)
(0.38641616 3.6695044e-05 0)
(0.38596707 3.6509928e-05 0)
(0.38551749 3.6322339e-05 0)
(0.38506743 3.6133991e-05 0)
(0.38461689 3.5945857e-05 0)
(0.38416586 3.5758454e-05 0)
(0.38371435 3.5572015e-05 0)
(0.38326232 3.5386601e-05 0)
(0.38280979 3.5202182e-05 0)
(0.38235673 3.5018692e-05 0)
(0.38190314 3.4836047e-05 0)
(0.381449 3.4654164e-05 0)
(0.38099431 3.4472966e-05 0)
(0.38053905 3.429239e-05 0)
(0.38008322 3.4112382e-05 0)
(0.3796268 3.39329e-05 0)
(0.37916978 3.3753906e-05 0)
(0.37871216 3.3575373e-05 0)
(0.37825393 3.3397279e-05 0)
(0.37779507 3.3219604e-05 0)
(0.37733558 3.3042334e-05 0)
(0.37687544 3.2865455e-05 0)
(0.37641465 3.2688959e-05 0)
(0.3759532 3.2512838e-05 0)
(0.37549108 3.2337082e-05 0)
(0.37502827 3.2161687e-05 0)
(0.37456478 3.1986648e-05 0)
(0.37410058 3.1811961e-05 0)
(0.37363567 3.1637619e-05 0)
(0.37317004 3.1463621e-05 0)
(0.37270369 3.128996e-05 0)
(0.37223659 3.1116633e-05 0)
(0.37176874 3.0943637e-05 0)
(0.37130014 3.077097e-05 0)
(0.37083076 3.0598627e-05 0)
(0.37036061 3.0426607e-05 0)
(0.36988966 3.0254906e-05 0)
(0.36941792 3.0083522e-05 0)
(0.36894536 2.9912452e-05 0)
(0.36847199 2.9741695e-05 0)
(0.36799778 2.9571248e-05 0)
(0.36752274 2.940111e-05 0)
(0.36704684 2.9231276e-05 0)
(0.36657008 2.9061744e-05 0)
(0.36609245 2.8892514e-05 0)
(0.36561394 2.8723581e-05 0)
(0.36513453 2.8554945e-05 0)
(0.36465422 2.8386604e-05 0)
(0.36417299 2.8218555e-05 0)
(0.36369084 2.8050796e-05 0)
(0.36320774 2.7883328e-05 0)
(0.3627237 2.7716147e-05 0)
(0.3622387 2.7549253e-05 0)
(0.36175273 2.7382643e-05 0)
(0.36126578 2.7216314e-05 0)
(0.36077783 2.7050265e-05 0)
(0.36028888 2.6884496e-05 0)
(0.35979891 2.6719003e-05 0)
(0.35930791 2.6553786e-05 0)
(0.35881587 2.6388844e-05 0)
(0.35832277 2.6224178e-05 0)
(0.35782861 2.6059784e-05 0)
(0.35733338 2.5895662e-05 0)
(0.35683705 2.5731807e-05 0)
(0.35633963 2.5568219e-05 0)
(0.35584109 2.54049e-05 0)
(0.35534142 2.5241847e-05 0)
(0.35484062 2.5079057e-05 0)
(0.35433866 2.491653e-05 0)
(0.35383554 2.4754268e-05 0)
(0.35333124 2.4592268e-05 0)
(0.35282575 2.4430528e-05 0)
(0.35231906 2.4269047e-05 0)
(0.35181115 2.4107824e-05 0)
(0.35130201 2.3946859e-05 0)
(0.35079162 2.378615e-05 0)
(0.35027998 2.3625698e-05 0)
(0.34976706 2.3465503e-05 0)
(0.34925286 2.3305562e-05 0)
(0.34873736 2.3145875e-05 0)
(0.34822055 2.2986442e-05 0)
(0.3477024 2.282726e-05 0)
(0.34718292 2.266833e-05 0)
(0.34666207 2.2509652e-05 0)
(0.34613986 2.2351225e-05 0)
(0.34561625 2.219305e-05 0)
(0.34509125 2.2035126e-05 0)
(0.34456483 2.187745e-05 0)
(0.34403697 2.1720023e-05 0)
(0.34350767 2.1562845e-05 0)
(0.3429769 2.1405916e-05 0)
(0.34244465 2.1249237e-05 0)
(0.34191091 2.1092808e-05 0)
(0.34137566 2.0936626e-05 0)
(0.34083887 2.0780693e-05 0)
(0.34030054 2.0625006e-05 0)
(0.33976065 2.0469567e-05 0)
(0.33921918 2.0314375e-05 0)
(0.33867612 2.0159432e-05 0)
(0.33813144 2.0004739e-05 0)
(0.33758514 1.9850294e-05 0)
(0.33703718 1.9696098e-05 0)
(0.33648756 1.9542151e-05 0)
(0.33593626 1.9388453e-05 0)
(0.33538325 1.9235008e-05 0)
(0.33482852 1.9081817e-05 0)
(0.33427206 1.8928881e-05 0)
(0.33371383 1.8776204e-05 0)
(0.33315383 1.8623788e-05 0)
(0.33259203 1.8471642e-05 0)
(0.33202841 1.8319773e-05 0)
(0.33146296 1.8168185e-05 0)
(0.33089565 1.8016872e-05 0)
(0.33032646 1.7865725e-05 0)
(0.32975537 1.7714589e-05 0)
(0.32918237 1.7563542e-05 0)
(0.32860744 1.7412863e-05 0)
(0.32803055 1.7262475e-05 0)
(0.32745169 1.7112605e-05 0)
(0.32687082 1.6963948e-05 0)
(0.32628791 1.6810687e-05 0)
(0.32570322 1.6683482e-05 0)
(0.40055252 4.0826987e-05 0)
(0.40009453 4.0680194e-05 0)
(0.39963486 4.0498011e-05 0)
(0.39917443 4.0240791e-05 0)
(0.3987144 3.997605e-05 0)
(0.39825452 3.9770225e-05 0)
(0.39779423 3.9602331e-05 0)
(0.3973333 3.9433849e-05 0)
(0.39687173 3.9252762e-05 0)
(0.39640958 3.9061651e-05 0)
(0.3959469 3.8864955e-05 0)
(0.39548372 3.8665694e-05 0)
(0.39502002 3.8465633e-05 0)
(0.39455583 3.8265779e-05 0)
(0.39409113 3.8066671e-05 0)
(0.39362591 3.7868553e-05 0)
(0.39316017 3.7671492e-05 0)
(0.39269389 3.7475459e-05 0)
(0.39222706 3.7280389e-05 0)
(0.39175968 3.7086198e-05 0)
(0.39129173 3.6892801e-05 0)
(0.39082319 3.670012e-05 0)
(0.39035407 3.650809e-05 0)
(0.38988435 3.6316657e-05 0)
(0.38941402 3.6125777e-05 0)
(0.38894307 3.5935413e-05 0)
(0.38847148 3.5745533e-05 0)
(0.38799926 3.5556118e-05 0)
(0.38752639 3.5367146e-05 0)
(0.38705286 3.5178601e-05 0)
(0.38657865 3.4990472e-05 0)
(0.38610377 3.4802748e-05 0)
(0.3856282 3.461542e-05 0)
(0.38515193 3.4428481e-05 0)
(0.38467495 3.4241924e-05 0)
(0.38419726 3.4055744e-05 0)
(0.38371883 3.3869937e-05 0)
(0.38323967 3.3684497e-05 0)
(0.38275975 3.3499421e-05 0)
(0.38227908 3.3314702e-05 0)
(0.38179764 3.3130339e-05 0)
(0.38131542 3.2946326e-05 0)
(0.38083241 3.2762662e-05 0)
(0.3803486 3.2579342e-05 0)
(0.37986398 3.2396364e-05 0)
(0.37937854 3.2213725e-05 0)
(0.37889227 3.2031422e-05 0)
(0.37840516 3.1849453e-05 0)
(0.3779172 3.1667815e-05 0)
(0.37742837 3.1486507e-05 0)
(0.37693867 3.1305526e-05 0)
(0.37644809 3.1124868e-05 0)
(0.37595661 3.0944531e-05 0)
(0.37546422 3.0764513e-05 0)
(0.37497092 3.0584811e-05 0)
(0.37447669 3.0405424e-05 0)
(0.37398152 3.022635e-05 0)
(0.3734854 3.0047586e-05 0)
(0.37298832 2.986913e-05 0)
(0.37249026 2.9690982e-05 0)
(0.37199122 2.9513139e-05 0)
(0.37149118 2.93356e-05 0)
(0.37099014 2.9158362e-05 0)
(0.37048807 2.8981423e-05 0)
(0.36998497 2.8804781e-05 0)
(0.36948083 2.8628436e-05 0)
(0.36897564 2.8452384e-05 0)
(0.36846937 2.8276624e-05 0)
(0.36796202 2.8101157e-05 0)
(0.36745359 2.7925982e-05 0)
(0.36694404 2.7751096e-05 0)
(0.36643338 2.7576498e-05 0)
(0.36592159 2.7402184e-05 0)
(0.36540866 2.7228153e-05 0)
(0.36489457 2.7054407e-05 0)
(0.36437931 2.6880943e-05 0)
(0.36386287 2.6707758e-05 0)
(0.36334524 2.6534853e-05 0)
(0.36282639 2.6362227e-05 0)
(0.36230633 2.618988e-05 0)
(0.36178502 2.6017809e-05 0)
(0.36126247 2.5846013e-05 0)
(0.36073866 2.5674491e-05 0)
(0.36021357 2.5503241e-05 0)
(0.35968719 2.5332265e-05 0)
(0.3591595 2.516156e-05 0)
(0.3586305 2.4991127e-05 0)
(0.35810016 2.4820964e-05 0)
(0.35756847 2.4651071e-05 0)
(0.35703542 2.4481446e-05 0)
(0.356501 2.4312088e-05 0)
(0.35596517 2.4142997e-05 0)
(0.35542795 2.3974173e-05 0)
(0.35488929 2.3805616e-05 0)
(0.3543492 2.3637325e-05 0)
(0.35380766 2.34693e-05 0)
(0.35326464 2.3301539e-05 0)
(0.35272014 2.3134042e-05 0)
(0.35217414 2.2966809e-05 0)
(0.35162661 2.279984e-05 0)
(0.35107756 2.2633135e-05 0)
(0.35052695 2.2466695e-05 0)
(0.34997477 2.2300518e-05 0)
(0.34942101 2.2134604e-05 0)
(0.34886564 2.1968952e-05 0)
(0.34830866 2.1803561e-05 0)
(0.34775004 2.1638434e-05 0)
(0.34718976 2.1473569e-05 0)
(0.34662781 2.1308969e-05 0)
(0.34606417 2.1144633e-05 0)
(0.34549883 2.0980561e-05 0)
(0.34493175 2.0816751e-05 0)
(0.34436293 2.0653207e-05 0)
(0.34379234 2.048993e-05 0)
(0.34321997 2.0326922e-05 0)
(0.3426458 2.0164185e-05 0)
(0.3420698 2.0001721e-05 0)
(0.34149196 1.9839534e-05 0)
(0.34091225 1.9677633e-05 0)
(0.34033066 1.9516024e-05 0)
(0.33974717 1.9354713e-05 0)
(0.33916174 1.9193692e-05 0)
(0.33857437 1.903285e-05 0)
(0.33798504 1.8872026e-05 0)
(0.33739372 1.8711301e-05 0)
(0.33680039 1.855096e-05 0)
(0.33620504 1.8390925e-05 0)
(0.33560764 1.8231439e-05 0)
(0.33500815 1.8073196e-05 0)
(0.33440656 1.7910112e-05 0)
(0.33380309 1.7774698e-05 0)
(0.41091754 4.3450924e-05 0)
(0.41044579 4.3294184e-05 0)
(0.40997237 4.3103734e-05 0)
(0.40949827 4.2832356e-05 0)
(0.40902453 4.2551035e-05 0)
(0.40855093 4.23309e-05 0)
(0.4080769 4.2150869e-05 0)
(0.40760221 4.1970866e-05 0)
(0.40712685 4.1778037e-05 0)
(0.40665089 4.1574873e-05 0)
(0.40617437 4.1365925e-05 0)
(0.40569731 4.1154311e-05 0)
(0.40521973 4.0941855e-05 0)
(0.40474162 4.0729598e-05 0)
(0.40426298 4.0518103e-05 0)
(0.4037838 4.0307624e-05 0)
(0.40330407 4.0098233e-05 0)
(0.40282378 3.9889906e-05 0)
(0.40234292 3.9682576e-05 0)
(0.40186147 3.947616e-05 0)
(0.40137944 3.927057e-05 0)
(0.40089679 3.906573e-05 0)
(0.40041353 3.886157e-05 0)
(0.39992965 3.8658037e-05 0)
(0.39944513 3.8455085e-05 0)
(0.39895996 3.8252675e-05 0)
(0.39847414 3.8050778e-05 0)
(0.39798765 3.7849369e-05 0)
(0.39750048 3.7648429e-05 0)
(0.39701263 3.7447941e-05 0)
(0.39652408 3.7247893e-05 0)
(0.39603482 3.7048273e-05 0)
(0.39554484 3.6849073e-05 0)
(0.39505414 3.6650285e-05 0)
(0.3945627 3.6451901e-05 0)
(0.39407051 3.6253917e-05 0)
(0.39357756 3.6056327e-05 0)
(0.39308385 3.5859127e-05 0)
(0.39258935 3.5662312e-05 0)
(0.39209407 3.5465876e-05 0)
(0.39159798 3.5269817e-05 0)
(0.39110109 3.5074129e-05 0)
(0.39060338 3.4878811e-05 0)
(0.39010483 3.4683858e-05 0)
(0.38960544 3.4489267e-05 0)
(0.3891052 3.4295036e-05 0)
(0.3886041 3.4101161e-05 0)
(0.38810212 3.390764e-05 0)
(0.38759926 3.371447e-05 0)
(0.38709549 3.3521649e-05 0)
(0.38659083 3.3329175e-05 0)
(0.38608524 3.3137044e-05 0)
(0.38557872 3.2945253e-05 0)
(0.38507126 3.27538e-05 0)
(0.38456285 3.2562683e-05 0)
(0.38405348 3.2371899e-05 0)
(0.38354313 3.2181447e-05 0)
(0.38303179 3.1991324e-05 0)
(0.38251945 3.1801528e-05 0)
(0.3820061 3.1612057e-05 0)
(0.38149173 3.1422911e-05 0)
(0.38097632 3.1234086e-05 0)
(0.38045987 3.1045581e-05 0)
(0.37994236 3.0857393e-05 0)
(0.37942378 3.066952e-05 0)
(0.37890411 3.0481961e-05 0)
(0.37838334 3.0294713e-05 0)
(0.37786147 3.0107775e-05 0)
(0.37733848 2.9921147e-05 0)
(0.37681435 2.9734828e-05 0)
(0.37628907 2.9548816e-05 0)
(0.37576264 2.9363109e-05 0)
(0.37523503 2.9177703e-05 0)
(0.37470623 2.8992598e-05 0)
(0.37417624 2.8807794e-05 0)
(0.37364503 2.862329e-05 0)
(0.37311259 2.8439081e-05 0)
(0.37257892 2.8255169e-05 0)
(0.37204399 2.8071553e-05 0)
(0.37150779 2.7888232e-05 0)
(0.37097031 2.7705204e-05 0)
(0.37043154 2.7522467e-05 0)
(0.36989145 2.734002e-05 0)
(0.36935004 2.7157862e-05 0)
(0.36880729 2.6975994e-05 0)
(0.36826318 2.6794413e-05 0)
(0.36771771 2.6613121e-05 0)
(0.36717085 2.6432115e-05 0)
(0.3666226 2.6251394e-05 0)
(0.36607293 2.6070958e-05 0)
(0.36552183 2.5890805e-05 0)
(0.36496928 2.5710935e-05 0)
(0.36441527 2.5531347e-05 0)
(0.36385979 2.5352042e-05 0)
(0.36330282 2.517302e-05 0)
(0.36274433 2.4994278e-05 0)
(0.36218432 2.4815817e-05 0)
(0.36162277 2.4637635e-05 0)
(0.36105966 2.4459733e-05 0)
(0.36049497 2.428211e-05 0)
(0.3599287 2.4104768e-05 0)
(0.35936081 2.3927705e-05 0)
(0.3587913 2.3750922e-05 0)
(0.35822014 2.3574417e-05 0)
(0.35764732 2.3398189e-05 0)
(0.35707282 2.3222239e-05 0)
(0.35649662 2.3046567e-05 0)
(0.35591871 2.2871174e-05 0)
(0.35533906 2.269606e-05 0)
(0.35475766 2.2521226e-05 0)
(0.35417448 2.2346672e-05 0)
(0.35358952 2.2172396e-05 0)
(0.35300274 2.19984e-05 0)
(0.35241413 2.1824688e-05 0)
(0.35182367 2.165126e-05 0)
(0.35123134 2.1478119e-05 0)
(0.35063712 2.1305267e-05 0)
(0.35004099 2.1132709e-05 0)
(0.34944292 2.0960452e-05 0)
(0.3488429 2.0788505e-05 0)
(0.3482409 2.0616872e-05 0)
(0.34763691 2.0445546e-05 0)
(0.34703089 2.0274411e-05 0)
(0.34642283 2.0103303e-05 0)
(0.34581272 1.9932302e-05 0)
(0.34520053 1.9761705e-05 0)
(0.34458624 1.9591427e-05 0)
(0.34396982 1.9421733e-05 0)
(0.34335123 1.9253307e-05 0)
(0.34273047 1.9079814e-05 0)
(0.34210773 1.8935622e-05 0)
(0.42153627 4.6236689e-05 0)
(0.42105046 4.6069459e-05 0)
(0.42056309 4.5869538e-05 0)
(0.42007514 4.5583014e-05 0)
(0.41958746 4.5284397e-05 0)
(0.41909988 4.5049119e-05 0)
(0.41861189 4.4856202e-05 0)
(0.4181232 4.4664023e-05 0)
(0.41763381 4.4458801e-05 0)
(0.41714379 4.42429e-05 0)
(0.41665318 4.4020998e-05 0)
(0.41616202 4.379632e-05 0)
(0.4156703 4.3570754e-05 0)
(0.41517803 4.334538e-05 0)
(0.4146852 4.3120781e-05 0)
(0.41419181 4.2897225e-05 0)
(0.41369784 4.267479e-05 0)
(0.41320329 4.2453455e-05 0)
(0.41270814 4.2233154e-05 0)
(0.41221238 4.2013801e-05 0)
(0.411716 4.1795309e-05 0)
(0.41121898 4.1577599e-05 0)
(0.41072133 4.1360601e-05 0)
(0.41022302 4.114426e-05 0)
(0.40972405 4.0928529e-05 0)
(0.40922441 4.0713369e-05 0)
(0.40872408 4.0498748e-05 0)
(0.40822305 4.0284642e-05 0)
(0.40772132 4.0071031e-05 0)
(0.40721888 3.9857898e-05 0)
(0.4067157 3.9645229e-05 0)
(0.4062118 3.9433014e-05 0)
(0.40570714 3.9221243e-05 0)
(0.40520173 3.9009907e-05 0)
(0.40469554 3.8798999e-05 0)
(0.40418858 3.8588514e-05 0)
(0.40368083 3.8378447e-05 0)
(0.40317229 3.8168792e-05 0)
(0.40266293 3.7959545e-05 0)
(0.40215275 3.7750699e-05 0)
(0.40164173 3.7542253e-05 0)
(0.40112988 3.7334199e-05 0)
(0.40061717 3.7126537e-05 0)
(0.40010359 3.6919262e-05 0)
(0.39958914 3.6712371e-05 0)
(0.39907381 3.6505861e-05 0)
(0.39855757 3.6299728e-05 0)
(0.39804043 3.6093969e-05 0)
(0.39752236 3.5888582e-05 0)
(0.39700337 3.5683566e-05 0)
(0.39648343 3.5478917e-05 0)
(0.39596253 3.5274631e-05 0)
(0.39544067 3.5070705e-05 0)
(0.39491783 3.4867137e-05 0)
(0.394394 3.4663925e-05 0)
(0.39386917 3.4461067e-05 0)
(0.39334332 3.425856e-05 0)
(0.39281645 3.40564e-05 0)
(0.39228854 3.3854588e-05 0)
(0.39175958 3.365312e-05 0)
(0.39122956 3.3451996e-05 0)
(0.39069846 3.3251212e-05 0)
(0.39016627 3.3050767e-05 0)
(0.38963299 3.2850658e-05 0)
(0.38909859 3.2650882e-05 0)
(0.38856306 3.2451439e-05 0)
(0.3880264 3.2252326e-05 0)
(0.38748859 3.205354e-05 0)
(0.38694961 3.1855084e-05 0)
(0.38640945 3.1656955e-05 0)
(0.3858681 3.145915e-05 0)
(0.38532555 3.1261668e-05 0)
(0.38478178 3.1064506e-05 0)
(0.38423677 3.0867662e-05 0)
(0.38369053 3.0671137e-05 0)
(0.38314302 3.0474929e-05 0)
(0.38259424 3.0279035e-05 0)
(0.38204417 3.0083453e-05 0)
(0.3814928 2.9888187e-05 0)
(0.38094011 2.9693232e-05 0)
(0.38038609 2.9498587e-05 0)
(0.37983073 2.9304251e-05 0)
(0.37927401 2.9110222e-05 0)
(0.37871591 2.8916499e-05 0)
(0.37815642 2.8723083e-05 0)
(0.37759552 2.8529971e-05 0)
(0.37703321 2.8337164e-05 0)
(0.37646946 2.8144661e-05 0)
(0.37590425 2.7952459e-05 0)
(0.37533758 2.7760559e-05 0)
(0.37476943 2.7568958e-05 0)
(0.37419978 2.7377657e-05 0)
(0.37362861 2.7186655e-05 0)
(0.3730559 2.6995953e-05 0)
(0.37248165 2.6805549e-05 0)
(0.37190584 2.6615443e-05 0)
(0.37132844 2.6425633e-05 0)
(0.37074944 2.6236119e-05 0)
(0.37016882 2.6046901e-05 0)
(0.36958657 2.5857979e-05 0)
(0.36900267 2.5669354e-05 0)
(0.3684171 2.5481025e-05 0)
(0.36782984 2.5292991e-05 0)
(0.36724087 2.5105251e-05 0)
(0.36665019 2.4917805e-05 0)
(0.36605775 2.4730653e-05 0)
(0.36546356 2.4543795e-05 0)
(0.36486758 2.4357233e-05 0)
(0.36426981 2.4170966e-05 0)
(0.36367022 2.3984996e-05 0)
(0.36306878 2.379932e-05 0)
(0.36246549 2.361394e-05 0)
(0.36186032 2.3428856e-05 0)
(0.36125325 2.3244071e-05 0)
(0.36064426 2.3059588e-05 0)
(0.36003333 2.2875408e-05 0)
(0.35942044 2.2691534e-05 0)
(0.35880556 2.250797e-05 0)
(0.35818868 2.2324725e-05 0)
(0.35756978 2.2141806e-05 0)
(0.35694882 2.195922e-05 0)
(0.35632579 2.1776958e-05 0)
(0.35570066 2.15949e-05 0)
(0.35507342 2.1412877e-05 0)
(0.35444404 2.1230973e-05 0)
(0.35381251 2.104949e-05 0)
(0.3531788 2.0868342e-05 0)
(0.35254288 2.0687813e-05 0)
(0.35190471 2.0508574e-05 0)
(0.35126429 2.0324054e-05 0)
(0.3506218 2.0170476e-05 0)
(0.4324119 4.9193374e-05 0)
(0.43191178 4.901486e-05 0)
(0.4314103 4.8803884e-05 0)
(0.43090834 4.8501313e-05 0)
(0.43040648 4.8184856e-05 0)
(0.4299047 4.7933572e-05 0)
(0.42940251 4.7726941e-05 0)
(0.4288996 4.7521883e-05 0)
(0.42839596 4.7303587e-05 0)
(0.42789166 4.7074241e-05 0)
(0.42738674 4.6838653e-05 0)
(0.42688124 4.6600169e-05 0)
(0.42637516 4.6360747e-05 0)
(0.4258685 4.6121507e-05 0)
(0.42536125 4.5883055e-05 0)
(0.42485342 4.5645674e-05 0)
(0.42434498 4.5409448e-05 0)
(0.42383592 4.5174359e-05 0)
(0.42332624 4.494034e-05 0)
(0.42281593 4.4707307e-05 0)
(0.42230497 4.4475169e-05 0)
(0.42179334 4.4243847e-05 0)
(0.42128105 4.4013269e-05 0)
(0.42076807 4.378338e-05 0)
(0.42025441 4.355413e-05 0)
(0.41974004 4.332548e-05 0)
(0.41922495 4.3097398e-05 0)
(0.41870914 4.2869859e-05 0)
(0.41819259 4.2642841e-05 0)
(0.4176753 4.2416328e-05 0)
(0.41715725 4.2190305e-05 0)
(0.41663843 4.1964761e-05 0)
(0.41611884 4.1739686e-05 0)
(0.41559845 4.1515071e-05 0)
(0.41507727 4.1290909e-05 0)
(0.41455527 4.1067194e-05 0)
(0.41403246 4.0843921e-05 0)
(0.41350881 4.0621084e-05 0)
(0.41298431 4.0398678e-05 0)
(0.41245896 4.0176698e-05 0)
(0.41193275 3.9955139e-05 0)
(0.41140566 3.9733997e-05 0)
(0.41087768 3.9513268e-05 0)
(0.41034879 3.9292949e-05 0)
(0.409819 3.9073036e-05 0)
(0.40928829 3.8853526e-05 0)
(0.40875664 3.8634416e-05 0)
(0.40822404 3.8415701e-05 0)
(0.40769049 3.8197381e-05 0)
(0.40715597 3.7979452e-05 0)
(0.40662047 3.7761911e-05 0)
(0.40608397 3.7544755e-05 0)
(0.40554647 3.732798e-05 0)
(0.40500796 3.7111585e-05 0)
(0.40446841 3.6895565e-05 0)
(0.40392782 3.667992e-05 0)
(0.40338618 3.6464647e-05 0)
(0.40284347 3.6249742e-05 0)
(0.40229968 3.6035203e-05 0)
(0.4017548 3.582103e-05 0)
(0.40120881 3.560722e-05 0)
(0.40066171 3.539377e-05 0)
(0.40011348 3.5180679e-05 0)
(0.39956411 3.4967943e-05 0)
(0.39901358 3.475556e-05 0)
(0.39846188 3.454353e-05 0)
(0.39790899 3.4331848e-05 0)
(0.39735491 3.4120513e-05 0)
(0.39679962 3.3909526e-05 0)
(0.39624311 3.3698886e-05 0)
(0.39568536 3.3488588e-05 0)
(0.39512636 3.3278633e-05 0)
(0.39456609 3.3069015e-05 0)
(0.39400455 3.2859734e-05 0)
(0.39344171 3.2650791e-05 0)
(0.39287756 3.2442184e-05 0)
(0.39231209 3.2233907e-05 0)
(0.39174529 3.2025963e-05 0)
(0.39117713 3.1818351e-05 0)
(0.3906076 3.1611069e-05 0)
(0.3900367 3.1404115e-05 0)
(0.38946439 3.1197487e-05 0)
(0.38889068 3.0991185e-05 0)
(0.38831553 3.0785206e-05 0)
(0.38773895 3.0579551e-05 0)
(0.3871609 3.0374219e-05 0)
(0.38658138 3.0169209e-05 0)
(0.38600037 2.996452e-05 0)
(0.38541785 2.976015e-05 0)
(0.38483381 2.9556099e-05 0)
(0.38424823 2.9352365e-05 0)
(0.38366109 2.9148948e-05 0)
(0.38307238 2.8945847e-05 0)
(0.38248208 2.8743062e-05 0)
(0.38189017 2.8540594e-05 0)
(0.38129663 2.8338441e-05 0)
(0.38070145 2.8136601e-05 0)
(0.38010462 2.7935073e-05 0)
(0.3795061 2.7733859e-05 0)
(0.37890589 2.7532957e-05 0)
(0.37830397 2.733237e-05 0)
(0.37770031 2.7132095e-05 0)
(0.3770949 2.6932133e-05 0)
(0.37648772 2.6732481e-05 0)
(0.37587875 2.6533141e-05 0)
(0.37526797 2.6334111e-05 0)
(0.37465537 2.6135392e-05 0)
(0.37404092 2.5936985e-05 0)
(0.3734246 2.5738891e-05 0)
(0.37280639 2.554111e-05 0)
(0.37218627 2.5343641e-05 0)
(0.37156423 2.5146484e-05 0)
(0.37094023 2.494964e-05 0)
(0.37031427 2.4753113e-05 0)
(0.36968631 2.4556905e-05 0)
(0.36905634 2.4361016e-05 0)
(0.36842434 2.4165451e-05 0)
(0.36779028 2.3970213e-05 0)
(0.36715413 2.3775312e-05 0)
(0.36651589 2.3580756e-05 0)
(0.36587551 2.338655e-05 0)
(0.36523299 2.3192686e-05 0)
(0.36458829 2.2999041e-05 0)
(0.3639414 2.280544e-05 0)
(0.36329229 2.2611968e-05 0)
(0.36264095 2.2418936e-05 0)
(0.36198734 2.2226256e-05 0)
(0.36133145 2.2034232e-05 0)
(0.36067322 2.1843516e-05 0)
(0.36001266 2.1647316e-05 0)
(0.35934992 2.1483706e-05 0)
(0.44354717 5.2330283e-05 0)
(0.44303264 5.2139235e-05 0)
(0.44251691 5.1915526e-05 0)
(0.44200076 5.1596216e-05 0)
(0.44148451 5.1261538e-05 0)
(0.44096828 5.0993325e-05 0)
(0.44045168 5.0772034e-05 0)
(0.43993435 5.0553322e-05 0)
(0.43941627 5.0321237e-05 0)
(0.43889748 5.0077712e-05 0)
(0.43837805 4.9827676e-05 0)
(0.437858 4.9574613e-05 0)
(0.43733735 4.9320556e-05 0)
(0.43681609 4.9066668e-05 0)
(0.43629421 4.8813582e-05 0)
(0.43577172 4.8561594e-05 0)
(0.43524859 4.8310797e-05 0)
(0.43472482 4.8061174e-05 0)
(0.4342004 4.781266e-05 0)
(0.43367531 4.7565168e-05 0)
(0.43314955 4.7318609e-05 0)
(0.43262309 4.7072899e-05 0)
(0.43209593 4.6827967e-05 0)
(0.43156807 4.6583756e-05 0)
(0.43103947 4.6340215e-05 0)
(0.43051015 4.6097304e-05 0)
(0.42998007 4.585499e-05 0)
(0.42944925 4.5613247e-05 0)
(0.42891765 4.5372054e-05 0)
(0.42838528 4.5131392e-05 0)
(0.42785211 4.4891247e-05 0)
(0.42731815 4.4651608e-05 0)
(0.42678337 4.4412465e-05 0)
(0.42624777 4.4173807e-05 0)
(0.42571134 4.3935627e-05 0)
(0.42517406 4.369792e-05 0)
(0.42463593 4.3460679e-05 0)
(0.42409693 4.3223899e-05 0)
(0.42355704 4.2987575e-05 0)
(0.42301627 4.27517e-05 0)
(0.4224746 4.2516271e-05 0)
(0.42193201 4.2281282e-05 0)
(0.4213885 4.204673e-05 0)
(0.42084405 4.1812612e-05 0)
(0.42029866 4.1578923e-05 0)
(0.4197523 4.134566e-05 0)
(0.41920497 4.1112819e-05 0)
(0.41865666 4.0880397e-05 0)
(0.41810735 4.0648391e-05 0)
(0.41755703 4.0416799e-05 0)
(0.41700569 4.0185618e-05 0)
(0.41645331 3.9954842e-05 0)
(0.4158999 3.9724471e-05 0)
(0.41534542 3.94945e-05 0)
(0.41478987 3.9264927e-05 0)
(0.41423324 3.9035749e-05 0)
(0.41367552 3.8806965e-05 0)
(0.41311668 3.857857e-05 0)
(0.41255673 3.8350562e-05 0)
(0.41199563 3.8122941e-05 0)
(0.41143339 3.7895703e-05 0)
(0.41086999 3.7668847e-05 0)
(0.41030542 3.744237e-05 0)
(0.40973965 3.7216268e-05 0)
(0.40917269 3.6990539e-05 0)
(0.40860451 3.6765182e-05 0)
(0.4080351 3.6540195e-05 0)
(0.40746444 3.6315574e-05 0)
(0.40689253 3.6091322e-05 0)
(0.40631935 3.5867434e-05 0)
(0.40574488 3.564391e-05 0)
(0.40516911 3.5420747e-05 0)
(0.40459203 3.5197941e-05 0)
(0.40401362 3.4975492e-05 0)
(0.40343387 3.4753399e-05 0)
(0.40285275 3.453166e-05 0)
(0.40227027 3.4310273e-05 0)
(0.40168639 3.4089235e-05 0)
(0.40110111 3.3868549e-05 0)
(0.40051441 3.3648212e-05 0)
(0.39992628 3.3428221e-05 0)
(0.39933669 3.3208575e-05 0)
(0.39874564 3.2989273e-05 0)
(0.39815311 3.2770313e-05 0)
(0.39755907 3.2551695e-05 0)
(0.39696353 3.2333418e-05 0)
(0.39636645 3.2115482e-05 0)
(0.39576782 3.1897884e-05 0)
(0.39516763 3.1680625e-05 0)
(0.39456586 3.1463701e-05 0)
(0.39396248 3.1247113e-05 0)
(0.3933575 3.103086e-05 0)
(0.39275087 3.081494e-05 0)
(0.3921426 3.0599355e-05 0)
(0.39153266 3.0384104e-05 0)
(0.39092103 3.0169186e-05 0)
(0.3903077 2.9954598e-05 0)
(0.38969264 2.9740341e-05 0)
(0.38907585 2.9526415e-05 0)
(0.38845729 2.9312819e-05 0)
(0.38783695 2.9099554e-05 0)
(0.38721481 2.8886621e-05 0)
(0.38659086 2.8674016e-05 0)
(0.38596507 2.8461741e-05 0)
(0.38533742 2.8249794e-05 0)
(0.3847079 2.8038175e-05 0)
(0.38407647 2.7826884e-05 0)
(0.38344313 2.7615924e-05 0)
(0.38280786 2.7405293e-05 0)
(0.38217062 2.7194993e-05 0)
(0.3815314 2.6985022e-05 0)
(0.38089019 2.6775381e-05 0)
(0.38024694 2.6566071e-05 0)
(0.37960166 2.6357095e-05 0)
(0.37895431 2.6148456e-05 0)
(0.37830486 2.5940154e-05 0)
(0.37765331 2.5732193e-05 0)
(0.37699962 2.5524578e-05 0)
(0.37634377 2.5317319e-05 0)
(0.37568574 2.5110423e-05 0)
(0.3750255 2.4903896e-05 0)
(0.37436304 2.469773e-05 0)
(0.37369831 2.4491796e-05 0)
(0.37303131 2.4285918e-05 0)
(0.37236201 2.4080179e-05 0)
(0.37169039 2.38749e-05 0)
(0.37101642 2.3669989e-05 0)
(0.37034008 2.3465774e-05 0)
(0.36966132 2.3262882e-05 0)
(0.36898014 2.3054317e-05 0)
(0.36829667 2.2879983e-05 0)
(0.45494436 5.5656754e-05 0)
(0.45441535 5.5451365e-05 0)
(0.45388534 5.5213474e-05 0)
(0.45335481 5.487714e-05 0)
(0.45282394 5.4523986e-05 0)
(0.45229306 5.4237809e-05 0)
(0.45176185 5.4000756e-05 0)
(0.45122992 5.3767518e-05 0)
(0.45069721 5.3520884e-05 0)
(0.45016377 5.3262416e-05 0)
(0.44962964 5.2997146e-05 0)
(0.44909487 5.2728699e-05 0)
(0.44855946 5.2459197e-05 0)
(0.44802341 5.2189849e-05 0)
(0.44748672 5.1921313e-05 0)
(0.44694938 5.1653905e-05 0)
(0.44641138 5.1387722e-05 0)
(0.4458727 5.1122753e-05 0)
(0.44533334 5.0858932e-05 0)
(0.44479328 5.0596172e-05 0)
(0.44425252 5.0334381e-05 0)
(0.44371103 5.0073476e-05 0)
(0.44316881 4.9813383e-05 0)
(0.44262584 4.9554043e-05 0)
(0.44208212 4.9295405e-05 0)
(0.44153764 4.9037429e-05 0)
(0.44099237 4.8780079e-05 0)
(0.44044631 4.852333e-05 0)
(0.43989945 4.8267159e-05 0)
(0.43935178 4.8011548e-05 0)
(0.43880329 4.7756481e-05 0)
(0.43825396 4.7501947e-05 0)
(0.43770378 4.7247936e-05 0)
(0.43715275 4.6994438e-05 0)
(0.43660084 4.6741443e-05 0)
(0.43604806 4.6488948e-05 0)
(0.43549438 4.6236945e-05 0)
(0.4349398 4.5985427e-05 0)
(0.4343843 4.5734391e-05 0)
(0.43382787 4.548383e-05 0)
(0.43327051 4.5233739e-05 0)
(0.43271219 4.4984113e-05 0)
(0.43215291 4.4734948e-05 0)
(0.43159265 4.4486241e-05 0)
(0.4310314 4.4237987e-05 0)
(0.43046916 4.3990183e-05 0)
(0.4299059 4.3742825e-05 0)
(0.42934162 4.3495909e-05 0)
(0.4287763 4.3249433e-05 0)
(0.42820993 4.3003394e-05 0)
(0.4276425 4.2757788e-05 0)
(0.42707399 4.2512611e-05 0)
(0.42650439 4.2267861e-05 0)
(0.4259337 4.2023533e-05 0)
(0.42536189 4.1779626e-05 0)
(0.42478895 4.1536136e-05 0)
(0.42421487 4.1293061e-05 0)
(0.42363964 4.1050398e-05 0)
(0.42306324 4.0808144e-05 0)
(0.42248567 4.0566298e-05 0)
(0.42190689 4.0324857e-05 0)
(0.42132691 4.0083819e-05 0)
(0.42074571 3.984318e-05 0)
(0.42016328 3.9602938e-05 0)
(0.41957959 3.936309e-05 0)
(0.41899464 3.9123636e-05 0)
(0.41840841 3.8884571e-05 0)
(0.41782089 3.8645893e-05 0)
(0.41723206 3.8407604e-05 0)
(0.41664192 3.81697e-05 0)
(0.41605043 3.793218e-05 0)
(0.4154576 3.7695041e-05 0)
(0.41486339 3.745828e-05 0)
(0.41426781 3.7221894e-05 0)
(0.41367083 3.6985885e-05 0)
(0.41307244 3.675025e-05 0)
(0.41247262 3.6514985e-05 0)
(0.41187136 3.6280091e-05 0)
(0.41126864 3.6045567e-05 0)
(0.41066445 3.5811411e-05 0)
(0.41005876 3.5577621e-05 0)
(0.40945157 3.5344195e-05 0)
(0.40884286 3.5111132e-05 0)
(0.4082326 3.487843e-05 0)
(0.40762079 3.4646089e-05 0)
(0.4070074 3.4414108e-05 0)
(0.40639243 3.4182487e-05 0)
(0.40577584 3.3951223e-05 0)
(0.40515763 3.3720315e-05 0)
(0.40453778 3.3489763e-05 0)
(0.40391627 3.3259564e-05 0)
(0.40329308 3.3029718e-05 0)
(0.40266819 3.2800226e-05 0)
(0.40204159 3.2571086e-05 0)
(0.40141326 3.2342298e-05 0)
(0.40078318 3.2113861e-05 0)
(0.40015132 3.1885774e-05 0)
(0.39951768 3.1658035e-05 0)
(0.39888223 3.1430645e-05 0)
(0.39824495 3.1203604e-05 0)
(0.39760582 3.0976913e-05 0)
(0.39696482 3.075057e-05 0)
(0.39632194 3.0524575e-05 0)
(0.39567715 3.0298927e-05 0)
(0.39503044 3.0073625e-05 0)
(0.39438177 2.984867e-05 0)
(0.39373114 2.9624061e-05 0)
(0.39307852 2.9399801e-05 0)
(0.39242388 2.9175888e-05 0)
(0.39176721 2.8952324e-05 0)
(0.39110849 2.8729107e-05 0)
(0.39044768 2.8506239e-05 0)
(0.38978478 2.8283719e-05 0)
(0.38911976 2.8061552e-05 0)
(0.38845259 2.783974e-05 0)
(0.38778325 2.7618284e-05 0)
(0.38711172 2.7397187e-05 0)
(0.38643797 2.7176455e-05 0)
(0.38576199 2.6956097e-05 0)
(0.38508374 2.6736123e-05 0)
(0.3844032 2.6516537e-05 0)
(0.38372034 2.6297332e-05 0)
(0.38303514 2.6078374e-05 0)
(0.38234758 2.585948e-05 0)
(0.38165764 2.5640739e-05 0)
(0.38096528 2.5422477e-05 0)
(0.38027049 2.5204602e-05 0)
(0.37957323 2.4987464e-05 0)
(0.37887347 2.4771656e-05 0)
(0.37817119 2.4550006e-05 0)
(0.37746652 2.4364216e-05 0)
(0.4660618 5.8960595e-05 0)
(0.46551737 5.8707128e-05 0)
(0.46497231 5.8353872e-05 0)
(0.46442664 5.7982089e-05 0)
(0.46388091 5.7676798e-05 0)
(0.46333491 5.7422696e-05 0)
(0.46278823 5.7173935e-05 0)
(0.46224075 5.6911933e-05 0)
(0.46169249 5.6637729e-05 0)
(0.46114352 5.6356408e-05 0)
(0.46059387 5.6071745e-05 0)
(0.46004355 5.5785957e-05 0)
(0.45949256 5.5500303e-05 0)
(0.4589409 5.5215472e-05 0)
(0.45838855 5.4931796e-05 0)
(0.45783551 5.4649382e-05 0)
(0.45728176 5.4368222e-05 0)
(0.4567273 5.4088249e-05 0)
(0.4561721 5.3809378e-05 0)
(0.45561617 5.3531515e-05 0)
(0.45505947 5.3254574e-05 0)
(0.45450202 5.297848e-05 0)
(0.45394378 5.2703172e-05 0)
(0.45338475 5.24286e-05 0)
(0.45282492 5.2154721e-05 0)
(0.45226428 5.1881499e-05 0)
(0.45170281 5.1608908e-05 0)
(0.4511405 5.1336925e-05 0)
(0.45057735 5.1065531e-05 0)
(0.45001333 5.0794709e-05 0)
(0.44944845 5.0524449e-05 0)
(0.44888267 5.0254739e-05 0)
(0.44831601 4.9985569e-05 0)
(0.44774843 4.9716931e-05 0)
(0.44717994 4.9448818e-05 0)
(0.44661052 4.9181224e-05 0)
(0.44604015 4.8914142e-05 0)
(0.44546883 4.8647568e-05 0)
(0.44489654 4.8381493e-05 0)
(0.44432327 4.8115915e-05 0)
(0.443749 4.7850828e-05 0)
(0.44317374 4.7586227e-05 0)
(0.44259745 4.7322108e-05 0)
(0.44202014 4.7058468e-05 0)
(0.44144179 4.6795302e-05 0)
(0.44086238 4.6532606e-05 0)
(0.4402819 4.6270377e-05 0)
(0.43970034 4.6008611e-05 0)
(0.43911769 4.5747306e-05 0)
(0.43853394 4.5486459e-05 0)
(0.43794906 4.5226064e-05 0)
(0.43736305 4.4966118e-05 0)
(0.4367759 4.4706619e-05 0)
(0.43618758 4.4447562e-05 0)
(0.43559809 4.4188946e-05 0)
(0.43500742 4.3930768e-05 0)
(0.43441554 4.3673025e-05 0)
(0.43382245 4.3415712e-05 0)
(0.43322814 4.315883e-05 0)
(0.43263258 4.2902375e-05 0)
(0.43203576 4.2646344e-05 0)
(0.43143767 4.2390736e-05 0)
(0.4308383 4.2135545e-05 0)
(0.43023763 4.188077e-05 0)
(0.42963564 4.162641e-05 0)
(0.42903233 4.1372461e-05 0)
(0.42842767 4.111892e-05 0)
(0.42782165 4.0865789e-05 0)
(0.42721426 4.0613064e-05 0)
(0.42660548 4.0360744e-05 0)
(0.42599529 4.0108826e-05 0)
(0.42538369 3.9857305e-05 0)
(0.42477065 3.9606182e-05 0)
(0.42415615 3.9355455e-05 0)
(0.42354019 3.9105122e-05 0)
(0.42292275 3.885518e-05 0)
(0.42230381 3.8605628e-05 0)
(0.42168335 3.8356467e-05 0)
(0.42106136 3.8107694e-05 0)
(0.42043782 3.7859307e-05 0)
(0.41981271 3.7611303e-05 0)
(0.41918602 3.7363682e-05 0)
(0.41855773 3.7116442e-05 0)
(0.41792782 3.6869583e-05 0)
(0.41729628 3.6623103e-05 0)
(0.41666308 3.6377001e-05 0)
(0.41602822 3.6131277e-05 0)
(0.41539167 3.5885928e-05 0)
(0.41475341 3.5640953e-05 0)
(0.41411342 3.5396352e-05 0)
(0.4134717 3.5152123e-05 0)
(0.41282821 3.4908265e-05 0)
(0.41218294 3.4664779e-05 0)
(0.41153587 3.4421664e-05 0)
(0.41088698 3.417892e-05 0)
(0.41023626 3.3936543e-05 0)
(0.40958367 3.3694535e-05 0)
(0.40892921 3.3452893e-05 0)
(0.40827285 3.321162e-05 0)
(0.40761457 3.2970714e-05 0)
(0.40695435 3.2730176e-05 0)
(0.40629218 3.2490005e-05 0)
(0.40562802 3.2250199e-05 0)
(0.40496186 3.2010759e-05 0)
(0.40429368 3.1771683e-05 0)
(0.40362345 3.1532973e-05 0)
(0.40295116 3.1294629e-05 0)
(0.40227678 3.1056652e-05 0)
(0.40160029 3.0819042e-05 0)
(0.40092166 3.0581798e-05 0)
(0.40024088 3.0344921e-05 0)
(0.39955791 3.0108412e-05 0)
(0.39887275 2.9872275e-05 0)
(0.39818535 2.963651e-05 0)
(0.39749571 2.9401121e-05 0)
(0.39680379 2.916611e-05 0)
(0.39610957 2.8931484e-05 0)
(0.39541303 2.8697252e-05 0)
(0.39471413 2.8463423e-05 0)
(0.39401286 2.8230003e-05 0)
(0.39330918 2.7996982e-05 0)
(0.39260307 2.7764226e-05 0)
(0.39189451 2.7531544e-05 0)
(0.39118348 2.7299026e-05 0)
(0.39046994 2.7067009e-05 0)
(0.38975388 2.6835397e-05 0)
(0.38903525 2.6604565e-05 0)
(0.38831402 2.6375066e-05 0)
(0.3875902 2.6139574e-05 0)
(0.38686385 2.5941547e-05 0)
(0.47797306 6.2676477e-05 0)
(0.47741412 6.2406324e-05 0)
(0.4768544 6.2036446e-05 0)
(0.47629379 6.1645962e-05 0)
(0.47573307 6.1320334e-05 0)
(0.47517213 6.1047722e-05 0)
(0.47461057 6.0782294e-05 0)
(0.4740482 6.050403e-05 0)
(0.47348502 6.0213262e-05 0)
(0.47292109 5.9915049e-05 0)
(0.47235644 5.961331e-05 0)
(0.47179109 5.9310366e-05 0)
(0.47122503 5.9007532e-05 0)
(0.47065826 5.8705528e-05 0)
(0.47009078 5.8404705e-05 0)
(0.46952257 5.8105183e-05 0)
(0.46895362 5.7806954e-05 0)
(0.46838392 5.7509956e-05 0)
(0.46781345 5.72141e-05 0)
(0.46724221 5.691929e-05 0)
(0.46667017 5.6625441e-05 0)
(0.46609733 5.6332475e-05 0)
(0.46552368 5.6040331e-05 0)
(0.4649492 5.5748955e-05 0)
(0.46437388 5.5458304e-05 0)
(0.46379771 5.5168342e-05 0)
(0.46322067 5.4879042e-05 0)
(0.46264276 5.459038e-05 0)
(0.46206397 5.4302337e-05 0)
(0.46148427 5.4014896e-05 0)
(0.46090367 5.3728045e-05 0)
(0.46032214 5.3441773e-05 0)
(0.45973967 5.3156068e-05 0)
(0.45915626 5.2870924e-05 0)
(0.45857189 5.2586332e-05 0)
(0.45798655 5.2302286e-05 0)
(0.45740022 5.201878e-05 0)
(0.45681289 5.1735808e-05 0)
(0.45622456 5.1453363e-05 0)
(0.4556352 5.117144e-05 0)
(0.45504481 5.0890034e-05 0)
(0.45445338 5.060914e-05 0)
(0.45386088 5.0328754e-05 0)
(0.45326731 5.0048872e-05 0)
(0.45267265 4.976949e-05 0)
(0.45207689 4.9490602e-05 0)
(0.45148002 4.9212207e-05 0)
(0.45088203 4.8934299e-05 0)
(0.45028289 4.8656877e-05 0)
(0.44968261 4.8379936e-05 0)
(0.44908115 4.8103472e-05 0)
(0.44847852 4.7827482e-05 0)
(0.44787469 4.7551961e-05 0)
(0.44726966 4.7276908e-05 0)
(0.4466634 4.7002318e-05 0)
(0.44605591 4.6728189e-05 0)
(0.44544717 4.6454518e-05 0)
(0.44483716 4.6181301e-05 0)
(0.44422588 4.5908537e-05 0)
(0.4436133 4.5636223e-05 0)
(0.44299942 4.5364356e-05 0)
(0.44238421 4.5092933e-05 0)
(0.44176766 4.4821951e-05 0)
(0.44114977 4.4551407e-05 0)
(0.4405305 4.4281299e-05 0)
(0.43990986 4.4011624e-05 0)
(0.43928781 4.374238e-05 0)
(0.43866435 4.3473566e-05 0)
(0.43803947 4.3205181e-05 0)
(0.43741313 4.2937221e-05 0)
(0.43678534 4.2669685e-05 0)
(0.43615607 4.2402568e-05 0)
(0.43552531 4.2135868e-05 0)
(0.43489303 4.1869587e-05 0)
(0.43425924 4.160372e-05 0)
(0.43362389 4.1338265e-05 0)
(0.43298699 4.107322e-05 0)
(0.43234852 4.0808587e-05 0)
(0.43170845 4.0544363e-05 0)
(0.43106677 4.0280544e-05 0)
(0.43042346 4.001713e-05 0)
(0.42977851 3.9754118e-05 0)
(0.42913189 3.9491507e-05 0)
(0.4284836 3.9229297e-05 0)
(0.4278336 3.8967486e-05 0)
(0.42718189 3.8706074e-05 0)
(0.42652844 3.8445059e-05 0)
(0.42587324 3.8184439e-05 0)
(0.42521626 3.7924213e-05 0)
(0.42455749 3.766438e-05 0)
(0.42389691 3.7404938e-05 0)
(0.42323451 3.7145888e-05 0)
(0.42257025 3.6887229e-05 0)
(0.42190412 3.6628961e-05 0)
(0.4212361 3.6371082e-05 0)
(0.42056617 3.6113591e-05 0)
(0.41989431 3.5856486e-05 0)
(0.4192205 3.5599769e-05 0)
(0.41854472 3.5343438e-05 0)
(0.41786695 3.5087495e-05 0)
(0.41718717 3.4831939e-05 0)
(0.41650534 3.4576768e-05 0)
(0.41582146 3.4321982e-05 0)
(0.41513551 3.406758e-05 0)
(0.41444745 3.3813562e-05 0)
(0.41375727 3.3559929e-05 0)
(0.41306494 3.3306682e-05 0)
(0.41237044 3.305382e-05 0)
(0.41167375 3.2801345e-05 0)
(0.41097485 3.2549255e-05 0)
(0.4102737 3.2297551e-05 0)
(0.4095703 3.2046235e-05 0)
(0.4088646 3.1795309e-05 0)
(0.40815659 3.1544775e-05 0)
(0.40744625 3.1294636e-05 0)
(0.40673354 3.1044896e-05 0)
(0.40601845 3.079556e-05 0)
(0.40530094 3.0546638e-05 0)
(0.40458098 3.029814e-05 0)
(0.40385857 3.0050072e-05 0)
(0.40313365 2.9802423e-05 0)
(0.40240622 2.9555055e-05 0)
(0.40167623 2.9307771e-05 0)
(0.40094368 2.9060666e-05 0)
(0.40020853 2.8814082e-05 0)
(0.39947075 2.8567921e-05 0)
(0.39873032 2.8322586e-05 0)
(0.39798718 2.8078582e-05 0)
(0.39724136 2.7828454e-05 0)
(0.39649288 2.7617363e-05 0)
(0.49014942 6.6608872e-05 0)
(0.48957589 6.6321095e-05 0)
(0.48900143 6.5934969e-05 0)
(0.48842583 6.5525801e-05 0)
(0.48785001 6.5178634e-05 0)
(0.48727405 6.4885928e-05 0)
(0.48669752 6.4602544e-05 0)
(0.48612018 6.4307034e-05 0)
(0.485542 6.3998829e-05 0)
(0.48496303 6.3682856e-05 0)
(0.4843833 6.3363156e-05 0)
(0.48380283 6.304216e-05 0)
(0.48322162 6.2721242e-05 0)
(0.48263966 6.240116e-05 0)
(0.48205696 6.2082283e-05 0)
(0.48147348 6.1764744e-05 0)
(0.48088924 6.1448541e-05 0)
(0.4803042 6.1133611e-05 0)
(0.47971836 6.0819865e-05 0)
(0.4791317 6.0507207e-05 0)
(0.47854422 6.0195547e-05 0)
(0.4779559 5.9884808e-05 0)
(0.47736672 5.9574925e-05 0)
(0.47677667 5.9265846e-05 0)
(0.47618575 5.8957525e-05 0)
(0.47559394 5.8649925e-05 0)
(0.47500122 5.8343019e-05 0)
(0.47440759 5.8036781e-05 0)
(0.47381303 5.7731192e-05 0)
(0.47321753 5.7426235e-05 0)
(0.47262108 5.7121899e-05 0)
(0.47202366 5.6818169e-05 0)
(0.47142526 5.6515037e-05 0)
(0.47082588 5.6212492e-05 0)
(0.47022549 5.5910529e-05 0)
(0.46962409 5.560914e-05 0)
(0.46902166 5.5308318e-05 0)
(0.46841819 5.5008057e-05 0)
(0.46781367 5.4708351e-05 0)
(0.46720808 5.4409194e-05 0)
(0.46660141 5.4110579e-05 0)
(0.46599365 5.3812504e-05 0)
(0.46538478 5.3514964e-05 0)
(0.46477479 5.3217953e-05 0)
(0.46416367 5.2921467e-05 0)
(0.4635514 5.2625502e-05 0)
(0.46293797 5.2330054e-05 0)
(0.46232337 5.203512e-05 0)
(0.46170758 5.1740696e-05 0)
(0.46109059 5.1446778e-05 0)
(0.46047238 5.1153362e-05 0)
(0.45985295 5.0860444e-05 0)
(0.45923227 5.056802e-05 0)
(0.45861033 5.0276087e-05 0)
(0.45798712 4.9984641e-05 0)
(0.45736262 4.9693681e-05 0)
(0.45673682 4.9403202e-05 0)
(0.4561097 4.9113201e-05 0)
(0.45548126 4.8823676e-05 0)
(0.45485146 4.8534625e-05 0)
(0.45422031 4.8246043e-05 0)
(0.45358777 4.7957929e-05 0)
(0.45295385 4.7670278e-05 0)
(0.45231852 4.7383087e-05 0)
(0.45168176 4.7096356e-05 0)
(0.45104357 4.6810079e-05 0)
(0.45040392 4.6524256e-05 0)
(0.4497628 4.6238885e-05 0)
(0.44912019 4.5953965e-05 0)
(0.44847608 4.5669492e-05 0)
(0.44783044 4.5385464e-05 0)
(0.44718328 4.5101877e-05 0)
(0.44653456 4.4818729e-05 0)
(0.44588427 4.453602e-05 0)
(0.44523239 4.4253748e-05 0)
(0.4445789 4.3971908e-05 0)
(0.4439238 4.3690501e-05 0)
(0.44326706 4.3409525e-05 0)
(0.44260866 4.3128979e-05 0)
(0.44194858 4.284886e-05 0)
(0.44128682 4.2569165e-05 0)
(0.44062334 4.2289894e-05 0)
(0.43995813 4.2011045e-05 0)
(0.43929118 4.1732616e-05 0)
(0.43862246 4.1454607e-05 0)
(0.43795195 4.1177017e-05 0)
(0.43727964 4.0899845e-05 0)
(0.43660551 4.0623087e-05 0)
(0.43592953 4.0346745e-05 0)
(0.43525169 4.0070814e-05 0)
(0.43457197 3.9795296e-05 0)
(0.43389035 3.9520188e-05 0)
(0.4332068 3.9245492e-05 0)
(0.43252132 3.8971206e-05 0)
(0.43183386 3.869733e-05 0)
(0.43114443 3.8423861e-05 0)
(0.43045299 3.8150798e-05 0)
(0.42975952 3.7878142e-05 0)
(0.429064 3.7605893e-05 0)
(0.42836641 3.733405e-05 0)
(0.42766673 3.7062614e-05 0)
(0.42696494 3.6791584e-05 0)
(0.42626101 3.6520957e-05 0)
(0.42555492 3.6250735e-05 0)
(0.42484664 3.5980916e-05 0)
(0.42413617 3.5711501e-05 0)
(0.42342346 3.5442491e-05 0)
(0.4227085 3.5173887e-05 0)
(0.42199126 3.4905689e-05 0)
(0.42127172 3.4637896e-05 0)
(0.42054986 3.4370508e-05 0)
(0.41982564 3.4103527e-05 0)
(0.41909905 3.3836957e-05 0)
(0.41837006 3.3570799e-05 0)
(0.41763863 3.3305055e-05 0)
(0.41690476 3.303973e-05 0)
(0.41616841 3.2774829e-05 0)
(0.41542954 3.2510364e-05 0)
(0.41468815 3.2246344e-05 0)
(0.41394419 3.1982774e-05 0)
(0.41319764 3.1719646e-05 0)
(0.41244847 3.1456813e-05 0)
(0.41169666 3.1194077e-05 0)
(0.41094218 3.0931531e-05 0)
(0.410185 3.066953e-05 0)
(0.40942509 3.040797e-05 0)
(0.40866243 3.0147284e-05 0)
(0.40789695 2.9887918e-05 0)
(0.40712869 2.9622324e-05 0)
(0.40635765 2.9397292e-05 0)
(0.50259025 7.0768144e-05 0)
(0.50200211 7.0461555e-05 0)
(0.50141293 7.0059478e-05 0)
(0.50082234 6.9631764e-05 0)
(0.50023142 6.9261987e-05 0)
(0.49964037 6.8947557e-05 0)
(0.49904882 6.8644798e-05 0)
(0.49845647 6.8330963e-05 0)
(0.49786326 6.8004402e-05 0)
(0.49726922 6.7669774e-05 0)
(0.49667437 6.7331205e-05 0)
(0.49607875 6.6991235e-05 0)
(0.49548234 6.6651307e-05 0)
(0.49488515 6.6312213e-05 0)
(0.49428717 6.5974348e-05 0)
(0.49368839 6.5637856e-05 0)
(0.49308879 6.5302743e-05 0)
(0.49248836 6.4968947e-05 0)
(0.49188709 6.463638e-05 0)
(0.49128497 6.4304941e-05 0)
(0.49068198 6.3974541e-05 0)
(0.4900781 6.3645099e-05 0)
(0.48947333 6.331655e-05 0)
(0.48886765 6.2988839e-05 0)
(0.48826106 6.266192e-05 0)
(0.48765353 6.2335755e-05 0)
(0.48704505 6.2010316e-05 0)
(0.48643562 6.1685576e-05 0)
(0.48582521 6.1361517e-05 0)
(0.48521382 6.103812e-05 0)
(0.48460144 6.0715372e-05 0)
(0.48398804 6.0393262e-05 0)
(0.48337363 6.0071779e-05 0)
(0.48275818 5.9750912e-05 0)
(0.48214168 5.9430655e-05 0)
(0.48152412 5.9111e-05 0)
(0.48090549 5.8791941e-05 0)
(0.48028577 5.847347e-05 0)
(0.47966495 5.8155582e-05 0)
(0.47904301 5.783827e-05 0)
(0.47841995 5.7521528e-05 0)
(0.47779575 5.7205353e-05 0)
(0.47717039 5.6889738e-05 0)
(0.47654386 5.657468e-05 0)
(0.47591615 5.6260173e-05 0)
(0.47528725 5.5946214e-05 0)
(0.47465713 5.5632797e-05 0)
(0.47402579 5.5319919e-05 0)
(0.47339321 5.5007577e-05 0)
(0.47275938 5.4695767e-05 0)
(0.47212428 5.4384483e-05 0)
(0.4714879 5.4073722e-05 0)
(0.47085022 5.3763481e-05 0)
(0.47021123 5.3453754e-05 0)
(0.46957092 5.314454e-05 0)
(0.46892926 5.2835836e-05 0)
(0.46828625 5.2527636e-05 0)
(0.46764186 5.2219938e-05 0)
(0.46699609 5.1912741e-05 0)
(0.46634891 5.160604e-05 0)
(0.46570032 5.1299832e-05 0)
(0.46505029 5.0994116e-05 0)
(0.46439881 5.0688885e-05 0)
(0.46374587 5.0384138e-05 0)
(0.46309144 5.0079873e-05 0)
(0.46243551 4.9776086e-05 0)
(0.46177807 4.9472774e-05 0)
(0.4611191 4.9169938e-05 0)
(0.46045858 4.8867574e-05 0)
(0.4597965 4.8565679e-05 0)
(0.45913283 4.8264252e-05 0)
(0.45846757 4.7963288e-05 0)
(0.45780069 4.7662785e-05 0)
(0.45713217 4.7362743e-05 0)
(0.456462 4.7063158e-05 0)
(0.45579017 4.6764028e-05 0)
(0.45511664 4.6465351e-05 0)
(0.45444141 4.6167128e-05 0)
(0.45376446 4.5869355e-05 0)
(0.45308577 4.557203e-05 0)
(0.45240531 4.5275151e-05 0)
(0.45172308 4.4978717e-05 0)
(0.45103905 4.4682725e-05 0)
(0.4503532 4.4387174e-05 0)
(0.44966551 4.4092064e-05 0)
(0.44897597 4.3797394e-05 0)
(0.44828455 4.3503161e-05 0)
(0.44759123 4.3209364e-05 0)
(0.446896 4.2916002e-05 0)
(0.44619884 4.2623073e-05 0)
(0.44549971 4.2330576e-05 0)
(0.44479861 4.203851e-05 0)
(0.44409551 4.1746876e-05 0)
(0.44339039 4.1455672e-05 0)
(0.44268323 4.1164898e-05 0)
(0.44197401 4.0874551e-05 0)
(0.4412627 4.0584631e-05 0)
(0.44054928 4.0295137e-05 0)
(0.43983374 4.000607e-05 0)
(0.43911604 3.9717429e-05 0)
(0.43839618 3.9429215e-05 0)
(0.43767411 3.9141427e-05 0)
(0.43694982 3.8854062e-05 0)
(0.43622329 3.8567121e-05 0)
(0.43549449 3.8280603e-05 0)
(0.4347634 3.799451e-05 0)
(0.43403 3.7708841e-05 0)
(0.43329425 3.7423598e-05 0)
(0.43255614 3.7138781e-05 0)
(0.43181563 3.6854388e-05 0)
(0.43107271 3.6570421e-05 0)
(0.43032735 3.6286881e-05 0)
(0.42957952 3.6003771e-05 0)
(0.42882919 3.5721094e-05 0)
(0.42807635 3.5438852e-05 0)
(0.42732095 3.5157048e-05 0)
(0.42656298 3.487569e-05 0)
(0.4258024 3.4594788e-05 0)
(0.42503919 3.4314352e-05 0)
(0.42427332 3.403439e-05 0)
(0.42350476 3.3754889e-05 0)
(0.42273348 3.34757e-05 0)
(0.42195945 3.3196619e-05 0)
(0.42118265 3.2917743e-05 0)
(0.42040305 3.2639432e-05 0)
(0.41962062 3.2361583e-05 0)
(0.41883532 3.2084657e-05 0)
(0.4180471 3.1809035e-05 0)
(0.417256 3.1527104e-05 0)
(0.41646197 3.1287206e-05 0)
(0.51529404 7.5164344e-05 0)
(0.51469132 7.4837818e-05 0)
(0.51408746 7.4419958e-05 0)
(0.51348196 7.3973917e-05 0)
(0.51287597 7.3580659e-05 0)
(0.51226986 7.3242913e-05 0)
(0.5116633 7.2919274e-05 0)
(0.51105596 7.2585941e-05 0)
(0.51044773 7.224005e-05 0)
(0.50983863 7.1885844e-05 0)
(0.50922868 7.1527477e-05 0)
(0.50861791 7.1167593e-05 0)
(0.50800632 7.0807704e-05 0)
(0.5073939 7.0448644e-05 0)
(0.50678065 7.0090831e-05 0)
(0.50616655 6.9734427e-05 0)
(0.5055516 6.9379444e-05 0)
(0.50493578 6.9025824e-05 0)
(0.50431907 6.8673476e-05 0)
(0.50370147 6.83223e-05 0)
(0.50308295 6.7972203e-05 0)
(0.50246351 6.7623103e-05 0)
(0.50184313 6.7274933e-05 0)
(0.5012218 6.6927637e-05 0)
(0.5005995 6.6581166e-05 0)
(0.49997622 6.6235483e-05 0)
(0.49935196 6.5890558e-05 0)
(0.49872669 6.5546365e-05 0)
(0.4981004 6.5202882e-05 0)
(0.49747309 6.4860093e-05 0)
(0.49684473 6.4517984e-05 0)
(0.49621532 6.4176543e-05 0)
(0.49558483 6.3835757e-05 0)
(0.49495327 6.3495617e-05 0)
(0.49432061 6.3156116e-05 0)
(0.49368683 6.2817246e-05 0)
(0.49305194 6.2479e-05 0)
(0.49241591 6.2141371e-05 0)
(0.49177873 6.1804352e-05 0)
(0.49114038 6.1467937e-05 0)
(0.49050086 6.113212e-05 0)
(0.48986014 6.0796896e-05 0)
(0.48921822 6.0462261e-05 0)
(0.48857508 6.0128208e-05 0)
(0.48793071 5.9794733e-05 0)
(0.48728508 5.9461832e-05 0)
(0.48663819 5.91295e-05 0)
(0.48599002 5.8797732e-05 0)
(0.48534057 5.8466526e-05 0)
(0.4846898 5.8135878e-05 0)
(0.48403771 5.7805782e-05 0)
(0.48338428 5.7476233e-05 0)
(0.4827295 5.7147229e-05 0)
(0.48207336 5.6818765e-05 0)
(0.48141582 5.6490838e-05 0)
(0.4807569 5.6163445e-05 0)
(0.48009655 5.5836581e-05 0)
(0.47943478 5.5510243e-05 0)
(0.47877156 5.5184429e-05 0)
(0.47810687 5.4859136e-05 0)
(0.47744071 5.4534359e-05 0)
(0.47677306 5.4210097e-05 0)
(0.47610389 5.3886345e-05 0)
(0.4754332 5.3563099e-05 0)
(0.47476096 5.3240359e-05 0)
(0.47408717 5.2918119e-05 0)
(0.47341179 5.2596378e-05 0)
(0.47273482 5.2275134e-05 0)
(0.47205624 5.1954386e-05 0)
(0.47137602 5.1634129e-05 0)
(0.47069416 5.1314362e-05 0)
(0.47001064 5.099508e-05 0)
(0.46932543 5.0676281e-05 0)
(0.46863852 5.0357965e-05 0)
(0.46794989 5.0040129e-05 0)
(0.46725953 4.9722768e-05 0)
(0.46656741 4.9405882e-05 0)
(0.46587351 4.9089472e-05 0)
(0.46517782 4.8773533e-05 0)
(0.46448032 4.8458064e-05 0)
(0.46378098 4.8143061e-05 0)
(0.4630798 4.7828524e-05 0)
(0.46237674 4.7514451e-05 0)
(0.46167179 4.720084e-05 0)
(0.46096493 4.6887691e-05 0)
(0.46025615 4.6575002e-05 0)
(0.4595454 4.6262771e-05 0)
(0.45883269 4.5950997e-05 0)
(0.45811799 4.5639678e-05 0)
(0.45740127 4.5328813e-05 0)
(0.45668251 4.50184e-05 0)
(0.4559617 4.4708439e-05 0)
(0.45523881 4.4398929e-05 0)
(0.45451382 4.4089871e-05 0)
(0.45378671 4.3781262e-05 0)
(0.45305746 4.3473101e-05 0)
(0.45232603 4.3165386e-05 0)
(0.45159242 4.2858119e-05 0)
(0.45085659 4.2551298e-05 0)
(0.45011853 4.2244923e-05 0)
(0.44937821 4.1938995e-05 0)
(0.4486356 4.1633513e-05 0)
(0.44789068 4.1328475e-05 0)
(0.44714344 4.102388e-05 0)
(0.44639383 4.0719729e-05 0)
(0.44564184 4.0416022e-05 0)
(0.44488745 4.011276e-05 0)
(0.44413062 3.9809943e-05 0)
(0.44337134 3.9507572e-05 0)
(0.44260957 3.9205646e-05 0)
(0.44184529 3.8904166e-05 0)
(0.44107847 3.8603133e-05 0)
(0.44030909 3.830255e-05 0)
(0.43953711 3.8002421e-05 0)
(0.43876252 3.7702746e-05 0)
(0.43798527 3.7403531e-05 0)
(0.43720535 3.7104782e-05 0)
(0.43642273 3.6806511e-05 0)
(0.43563737 3.6508728e-05 0)
(0.43484924 3.621144e-05 0)
(0.43405832 3.5914635e-05 0)
(0.43326457 3.5618159e-05 0)
(0.43246797 3.5321801e-05 0)
(0.43166849 3.5025662e-05 0)
(0.4308661 3.4730112e-05 0)
(0.43006077 3.4435041e-05 0)
(0.42925246 3.4140946e-05 0)
(0.42844112 3.3848131e-05 0)
(0.42762678 3.3548956e-05 0)
(0.42680939 3.3293215e-05 0)
(0.5282582 7.9807722e-05 0)
(0.52764095 7.9460091e-05 0)
(0.52702251 7.9026375e-05 0)
(0.52640225 7.8562217e-05 0)
(0.52578132 7.8144808e-05 0)
(0.52516023 7.7782265e-05 0)
(0.52453873 7.7436201e-05 0)
(0.52391646 7.7082118e-05 0)
(0.52329329 7.671587e-05 0)
(0.5226692 7.6341137e-05 0)
(0.52204423 7.5962027e-05 0)
(0.52141838 7.5581272e-05 0)
(0.52079166 7.5200456e-05 0)
(0.52016408 7.4820455e-05 0)
(0.51953561 7.4441717e-05 0)
(0.51890626 7.4064419e-05 0)
(0.518276 7.3688584e-05 0)
(0.51764483 7.3314158e-05 0)
(0.51701273 7.2941049e-05 0)
(0.51637969 7.2569156e-05 0)
(0.51574569 7.2198384e-05 0)
(0.51511072 7.1828649e-05 0)
(0.51447477 7.1459881e-05 0)
(0.51383781 7.1092022e-05 0)
(0.51319984 7.0725024e-05 0)
(0.51256085 7.0358846e-05 0)
(0.51192082 6.999346e-05 0)
(0.51127974 6.9628837e-05 0)
(0.51063759 6.9264956e-05 0)
(0.50999436 6.89018e-05 0)
(0.50935004 6.8539354e-05 0)
(0.50870462 6.8177606e-05 0)
(0.50805807 6.7816543e-05 0)
(0.50741039 6.7456155e-05 0)
(0.50676157 6.7096436e-05 0)
(0.50611158 6.6737376e-05 0)
(0.50546042 6.6378969e-05 0)
(0.50480807 6.6021207e-05 0)
(0.50415451 6.5664083e-05 0)
(0.50349974 6.5307591e-05 0)
(0.50284374 6.4951724e-05 0)
(0.50218649 6.4596478e-05 0)
(0.50152798 6.4241847e-05 0)
(0.5008682 6.3887826e-05 0)
(0.50020712 6.353441e-05 0)
(0.49954474 6.3181594e-05 0)
(0.49888104 6.2829372e-05 0)
(0.49821601 6.2477742e-05 0)
(0.49754963 6.2126699e-05 0)
(0.49688188 6.177624e-05 0)
(0.49621275 6.1426357e-05 0)
(0.49554223 6.1077048e-05 0)
(0.49487029 6.0728309e-05 0)
(0.49419693 6.0380134e-05 0)
(0.49352212 6.003252e-05 0)
(0.49284585 5.9685466e-05 0)
(0.49216811 5.9338965e-05 0)
(0.49148888 5.8993014e-05 0)
(0.49080813 5.8647611e-05 0)
(0.49012587 5.8302753e-05 0)
(0.48944206 5.7958436e-05 0)
(0.48875669 5.7614656e-05 0)
(0.48806975 5.7271409e-05 0)
(0.48738122 5.6928692e-05 0)
(0.48669108 5.6586504e-05 0)
(0.48599931 5.6244839e-05 0)
(0.48530589 5.5903696e-05 0)
(0.48461082 5.5563073e-05 0)
(0.48391406 5.5222967e-05 0)
(0.48321561 5.4883376e-05 0)
(0.48251544 5.4544297e-05 0)
(0.48181354 5.4205725e-05 0)
(0.48110988 5.3867658e-05 0)
(0.48040446 5.3530096e-05 0)
(0.47969724 5.3193036e-05 0)
(0.47898821 5.2856472e-05 0)
(0.47827736 5.2520406e-05 0)
(0.47756465 5.2184836e-05 0)
(0.47685008 5.1849759e-05 0)
(0.47613363 5.1515173e-05 0)
(0.47541526 5.1181075e-05 0)
(0.47469497 5.0847464e-05 0)
(0.47397273 5.0514337e-05 0)
(0.47324853 5.0181694e-05 0)
(0.47252233 4.9849533e-05 0)
(0.47179413 4.9517853e-05 0)
(0.47106389 4.9186652e-05 0)
(0.47033161 4.8855928e-05 0)
(0.46959725 4.852568e-05 0)
(0.46886079 4.8195907e-05 0)
(0.46812222 4.7866606e-05 0)
(0.46738151 4.7537777e-05 0)
(0.46663864 4.720942e-05 0)
(0.46589358 4.6881535e-05 0)
(0.46514631 4.6554119e-05 0)
(0.46439682 4.6227172e-05 0)
(0.46364507 4.5900691e-05 0)
(0.46289104 4.5574677e-05 0)
(0.46213471 4.524913e-05 0)
(0.46137606 4.4924049e-05 0)
(0.46061505 4.4599436e-05 0)
(0.45985167 4.4275287e-05 0)
(0.45908589 4.3951603e-05 0)
(0.45831769 4.3628383e-05 0)
(0.45754704 4.3305626e-05 0)
(0.45677391 4.2983333e-05 0)
(0.45599827 4.2661505e-05 0)
(0.45522011 4.2340143e-05 0)
(0.45443939 4.2019246e-05 0)
(0.45365609 4.1698815e-05 0)
(0.45287018 4.1378849e-05 0)
(0.45208163 4.1059351e-05 0)
(0.45129042 4.0740323e-05 0)
(0.45049651 4.0421769e-05 0)
(0.44969988 4.0103691e-05 0)
(0.44890049 3.9786092e-05 0)
(0.44809833 3.9468981e-05 0)
(0.44729335 3.9152369e-05 0)
(0.44648553 3.8836267e-05 0)
(0.44567484 3.8520682e-05 0)
(0.44486124 3.8205601e-05 0)
(0.44404471 3.7890866e-05 0)
(0.44322521 3.7576261e-05 0)
(0.44240272 3.7261887e-05 0)
(0.44157721 3.6948125e-05 0)
(0.44074863 3.6634862e-05 0)
(0.43991697 3.6322628e-05 0)
(0.43908215 3.6011643e-05 0)
(0.43824423 3.5694277e-05 0)
(0.4374031 3.5421665e-05 0)
(0.54147894 8.470858e-05 0)
(0.54084729 8.4338604e-05 0)
(0.54021442 8.3888664e-05 0)
(0.53957959 8.340649e-05 0)
(0.53894391 8.2964423e-05 0)
(0.538308 8.2575748e-05 0)
(0.5376717 8.2205723e-05 0)
(0.53703464 8.1829582e-05 0)
(0.53639667 8.1441902e-05 0)
(0.53575773 8.1045669e-05 0)
(0.53511786 8.0644857e-05 0)
(0.53447706 8.0242263e-05 0)
(0.53383535 7.9839541e-05 0)
(0.53319272 7.9437614e-05 0)
(0.53254916 7.9036957e-05 0)
(0.53190467 7.8637769e-05 0)
(0.53125922 7.8240084e-05 0)
(0.53061282 7.7843852e-05 0)
(0.52996544 7.7448984e-05 0)
(0.52931706 7.7055377e-05 0)
(0.52866768 7.6662933e-05 0)
(0.52801728 7.6271566e-05 0)
(0.52736584 7.5881204e-05 0)
(0.52671336 7.5491788e-05 0)
(0.52605981 7.5103267e-05 0)
(0.52540519 7.4715601e-05 0)
(0.52474948 7.4328757e-05 0)
(0.52409266 7.394271e-05 0)
(0.52343472 7.3557436e-05 0)
(0.52277566 7.3172917e-05 0)
(0.52211545 7.2789139e-05 0)
(0.52145408 7.2406089e-05 0)
(0.52079153 7.2023753e-05 0)
(0.5201278 7.1642122e-05 0)
(0.51946287 7.1261188e-05 0)
(0.51879672 7.0880943e-05 0)
(0.51812935 7.0501378e-05 0)
(0.51746072 7.0122487e-05 0)
(0.51679084 6.9744262e-05 0)
(0.51611969 6.9366696e-05 0)
(0.51544724 6.8989784e-05 0)
(0.5147735 6.8613519e-05 0)
(0.51409843 6.8237896e-05 0)
(0.51342203 6.7862909e-05 0)
(0.51274429 6.7488554e-05 0)
(0.51206518 6.7114826e-05 0)
(0.51138469 6.6741718e-05 0)
(0.5107028 6.6369227e-05 0)
(0.51001951 6.599735e-05 0)
(0.50933479 6.5626081e-05 0)
(0.50864862 6.5255415e-05 0)
(0.507961 6.4885347e-05 0)
(0.50727191 6.4515873e-05 0)
(0.50658132 6.4146989e-05 0)
(0.50588923 6.3778691e-05 0)
(0.50519562 6.3410977e-05 0)
(0.50450046 6.304384e-05 0)
(0.50380375 6.2677277e-05 0)
(0.50310546 6.2311286e-05 0)
(0.50240559 6.1945863e-05 0)
(0.5017041 6.1581005e-05 0)
(0.50100099 6.1216708e-05 0)
(0.50029624 6.0852967e-05 0)
(0.49958983 6.0489779e-05 0)
(0.49888174 6.0127142e-05 0)
(0.49817195 5.9765052e-05 0)
(0.49746045 5.9403505e-05 0)
(0.49674722 5.9042502e-05 0)
(0.49603224 5.8682039e-05 0)
(0.49531548 5.8322112e-05 0)
(0.49459694 5.7962719e-05 0)
(0.49387659 5.7603855e-05 0)
(0.49315442 5.7245518e-05 0)
(0.4924304 5.6887708e-05 0)
(0.49170451 5.6530421e-05 0)
(0.49097674 5.6173653e-05 0)
(0.49024706 5.5817403e-05 0)
(0.48951546 5.546167e-05 0)
(0.48878192 5.5106453e-05 0)
(0.48804641 5.4751747e-05 0)
(0.48730891 5.439755e-05 0)
(0.48656941 5.404386e-05 0)
(0.48582788 5.3690676e-05 0)
(0.4850843 5.3337996e-05 0)
(0.48433866 5.2985819e-05 0)
(0.48359092 5.2634144e-05 0)
(0.48284106 5.2282968e-05 0)
(0.48208907 5.193229e-05 0)
(0.48133492 5.1582108e-05 0)
(0.4805786 5.123242e-05 0)
(0.47982007 5.0883226e-05 0)
(0.47905931 5.0534524e-05 0)
(0.4782963 5.0186314e-05 0)
(0.47753102 4.9838595e-05 0)
(0.47676344 4.9491367e-05 0)
(0.47599355 4.9144626e-05 0)
(0.47522131 4.8798372e-05 0)
(0.47444669 4.8452605e-05 0)
(0.47366969 4.8107324e-05 0)
(0.47289026 4.7762531e-05 0)
(0.47210839 4.7418223e-05 0)
(0.47132406 4.7074401e-05 0)
(0.47053722 4.6731063e-05 0)
(0.46974786 4.6388209e-05 0)
(0.46895596 4.6045838e-05 0)
(0.46816148 4.570395e-05 0)
(0.46736439 4.5362548e-05 0)
(0.46656468 4.5021631e-05 0)
(0.46576231 4.46812e-05 0)
(0.46495725 4.4341254e-05 0)
(0.46414948 4.4001794e-05 0)
(0.46333897 4.3662821e-05 0)
(0.46252569 4.3324339e-05 0)
(0.4617096 4.298635e-05 0)
(0.46089069 4.2648858e-05 0)
(0.46006891 4.2311866e-05 0)
(0.45924424 4.1975382e-05 0)
(0.45841665 4.1639419e-05 0)
(0.45758611 4.1303987e-05 0)
(0.45675258 4.0969095e-05 0)
(0.45591603 4.0634727e-05 0)
(0.45507642 4.0300723e-05 0)
(0.45423374 3.9966859e-05 0)
(0.45338795 3.9633239e-05 0)
(0.45253901 3.9300254e-05 0)
(0.45168689 3.8967787e-05 0)
(0.45083156 3.8636405e-05 0)
(0.44997296 3.8306231e-05 0)
(0.44911112 3.7969688e-05 0)
(0.44824594 3.7679127e-05 0)
(0.55495112 8.9877071e-05 0)
(0.55430526 8.9483477e-05 0)
(0.55365816 8.9016659e-05 0)
(0.55300902 8.851639e-05 0)
(0.55235885 8.8049256e-05 0)
(0.55170837 8.7633267e-05 0)
(0.55105748 8.7237792e-05 0)
(0.55040585 8.6838253e-05 0)
(0.54975328 8.642803e-05 0)
(0.5490997 8.6009302e-05 0)
(0.54844514 8.5585822e-05 0)
(0.5477896 8.5160417e-05 0)
(0.54713309 8.4734806e-05 0)
(0.54647561 8.430996e-05 0)
(0.54581715 8.3886383e-05 0)
(0.5451577 8.3464298e-05 0)
(0.54449726 8.3043752e-05 0)
(0.5438358 8.2624705e-05 0)
(0.54317331 8.2207067e-05 0)
(0.54250977 8.1790735e-05 0)
(0.54184518 8.137561e-05 0)
(0.54117952 8.0961601e-05 0)
(0.54051277 8.0548637e-05 0)
(0.53984491 8.0136654e-05 0)
(0.53917595 7.9725601e-05 0)
(0.53850584 7.9315437e-05 0)
(0.5378346 7.8906128e-05 0)
(0.5371622 7.8497646e-05 0)
(0.53648862 7.8089969e-05 0)
(0.53581386 7.7683077e-05 0)
(0.53513789 7.7276956e-05 0)
(0.53446071 7.6871592e-05 0)
(0.5337823 7.6466972e-05 0)
(0.53310265 7.6063086e-05 0)
(0.53242173 7.5659925e-05 0)
(0.53173954 7.5257481e-05 0)
(0.53105607 7.4855746e-05 0)
(0.53037129 7.4454713e-05 0)
(0.52968519 7.4054372e-05 0)
(0.52899776 7.3654719e-05 0)
(0.52830897 7.3255745e-05 0)
(0.52761883 7.2857446e-05 0)
(0.5269273 7.2459816e-05 0)
(0.52623438 7.2062848e-05 0)
(0.52554005 7.1666538e-05 0)
(0.5248443 7.127088e-05 0)
(0.5241471 7.0875869e-05 0)
(0.52344844 7.0481499e-05 0)
(0.52274831 7.0087769e-05 0)
(0.52204669 6.9694673e-05 0)
(0.52134356 6.9302203e-05 0)
(0.52063891 6.8910357e-05 0)
(0.51993271 6.851913e-05 0)
(0.51922496 6.8128516e-05 0)
(0.51851564 6.7738513e-05 0)
(0.51780473 6.7349117e-05 0)
(0.51709221 6.6960322e-05 0)
(0.51637806 6.6572125e-05 0)
(0.51566227 6.6184524e-05 0)
(0.51494482 6.5797514e-05 0)
(0.51422569 6.5411091e-05 0)
(0.51350486 6.5025253e-05 0)
(0.51278232 6.4639993e-05 0)
(0.51205805 6.4255309e-05 0)
(0.51133203 6.3871199e-05 0)
(0.51060424 6.3487658e-05 0)
(0.50987466 6.3104683e-05 0)
(0.50914327 6.2722272e-05 0)
(0.50841006 6.2340424e-05 0)
(0.50767501 6.1959134e-05 0)
(0.50693808 6.15784e-05 0)
(0.50619928 6.1198216e-05 0)
(0.50545857 6.0818581e-05 0)
(0.50471594 6.0439493e-05 0)
(0.50397136 6.006095e-05 0)
(0.50322482 5.9682947e-05 0)
(0.50247629 5.9305482e-05 0)
(0.50172576 5.8928557e-05 0)
(0.5009732 5.8552167e-05 0)
(0.5002186 5.8176308e-05 0)
(0.49946192 5.780098e-05 0)
(0.49870316 5.742618e-05 0)
(0.49794228 5.7051905e-05 0)
(0.49717928 5.6678155e-05 0)
(0.49641411 5.6304928e-05 0)
(0.49564677 5.5932223e-05 0)
(0.49487722 5.5560037e-05 0)
(0.49410545 5.5188369e-05 0)
(0.49333144 5.4817217e-05 0)
(0.49255515 5.4446579e-05 0)
(0.49177657 5.4076454e-05 0)
(0.49099568 5.3706841e-05 0)
(0.49021244 5.333774e-05 0)
(0.48942683 5.2969151e-05 0)
(0.48863884 5.260107e-05 0)
(0.48784843 5.2233497e-05 0)
(0.48705558 5.1866431e-05 0)
(0.48626027 5.149987e-05 0)
(0.48546246 5.1133816e-05 0)
(0.48466214 5.0768268e-05 0)
(0.48385927 5.0403226e-05 0)
(0.48305383 5.0038689e-05 0)
(0.4822458 4.9674655e-05 0)
(0.48143514 4.9311124e-05 0)
(0.48062183 4.8948096e-05 0)
(0.47980584 4.8585571e-05 0)
(0.47898715 4.822355e-05 0)
(0.47816572 4.7862035e-05 0)
(0.47734152 4.7501024e-05 0)
(0.47651454 4.7140519e-05 0)
(0.47568473 4.6780518e-05 0)
(0.47485207 4.6421025e-05 0)
(0.47401652 4.6062042e-05 0)
(0.47317806 4.5703573e-05 0)
(0.47233666 4.534562e-05 0)
(0.47149229 4.4988188e-05 0)
(0.47064491 4.4631284e-05 0)
(0.46979448 4.4274922e-05 0)
(0.46894099 4.3919112e-05 0)
(0.46808439 4.3563863e-05 0)
(0.46722465 4.3209161e-05 0)
(0.46636175 4.2854838e-05 0)
(0.46549563 4.2500665e-05 0)
(0.46462628 4.214675e-05 0)
(0.46375367 4.1793491e-05 0)
(0.46287775 4.144077e-05 0)
(0.46199849 4.1089189e-05 0)
(0.46111583 4.0738768e-05 0)
(0.46022981 4.0382024e-05 0)
(0.45934028 4.0072388e-05 0)
(0.56866806 9.5323011e-05 0)
(0.56800828 9.4904541e-05 0)
(0.56734724 9.4419971e-05 0)
(0.56668411 9.390132e-05 0)
(0.56601979 9.3408746e-05 0)
(0.56535506 9.2964394e-05 0)
(0.56468989 9.2542046e-05 0)
(0.56402397 9.2117763e-05 0)
(0.5633571 9.1683856e-05 0)
(0.56268917 9.1241628e-05 0)
(0.56202021 9.0794514e-05 0)
(0.56135021 9.0345327e-05 0)
(0.56067918 8.9895847e-05 0)
(0.56000712 8.9447089e-05 0)
(0.55933403 8.8999593e-05 0)
(0.5586599 8.8553602e-05 0)
(0.55798471 8.8109183e-05 0)
(0.55730845 8.7666303e-05 0)
(0.55663111 8.7224878e-05 0)
(0.55595267 8.6784805e-05 0)
(0.55527312 8.6345982e-05 0)
(0.55459244 8.5908316e-05 0)
(0.55391061 8.5471732e-05 0)
(0.55322763 8.5036167e-05 0)
(0.55254347 8.4601566e-05 0)
(0.55185812 8.4167886e-05 0)
(0.55117157 8.3735093e-05 0)
(0.55048381 8.3303158e-05 0)
(0.54979481 8.2872059e-05 0)
(0.54910456 8.2441775e-05 0)
(0.54841306 8.201229e-05 0)
(0.54772027 8.1583592e-05 0)
(0.5470262 8.1155666e-05 0)
(0.54633082 8.0728502e-05 0)
(0.54563412 8.0302091e-05 0)
(0.54493609 7.9876424e-05 0)
(0.5442367 7.9451494e-05 0)
(0.54353595 7.9027292e-05 0)
(0.54283382 7.860381e-05 0)
(0.54213029 7.8181042e-05 0)
(0.54142534 7.7758979e-05 0)
(0.54071897 7.7337617e-05 0)
(0.54001115 7.691695e-05 0)
(0.53930188 7.6496971e-05 0)
(0.53859112 7.6077674e-05 0)
(0.53787888 7.5659056e-05 0)
(0.53716512 7.5241108e-05 0)
(0.53644984 7.4823828e-05 0)
(0.53573302 7.4407211e-05 0)
(0.53501464 7.3991252e-05 0)
(0.53429468 7.3575944e-05 0)
(0.53357313 7.3161284e-05 0)
(0.53284997 7.2747266e-05 0)
(0.53212518 7.2333885e-05 0)
(0.53139875 7.1921138e-05 0)
(0.53067066 7.1509021e-05 0)
(0.52994088 7.1097529e-05 0)
(0.52920941 7.0686658e-05 0)
(0.52847622 7.0276404e-05 0)
(0.5277413 6.9866765e-05 0)
(0.52700462 6.9457735e-05 0)
(0.52626618 6.9049312e-05 0)
(0.52552594 6.8641489e-05 0)
(0.5247839 6.8234264e-05 0)
(0.52404003 6.7827635e-05 0)
(0.52329431 6.7421596e-05 0)
(0.52254673 6.7016144e-05 0)
(0.52179726 6.6611279e-05 0)
(0.52104588 6.6206997e-05 0)
(0.52029259 6.5803294e-05 0)
(0.51953734 6.5400168e-05 0)
(0.51878014 6.4997613e-05 0)
(0.51802094 6.4595627e-05 0)
(0.51725974 6.419421e-05 0)
(0.51649652 6.3793357e-05 0)
(0.51573124 6.3393065e-05 0)
(0.5149639 6.2993331e-05 0)
(0.51419446 6.2594157e-05 0)
(0.51342292 6.2195538e-05 0)
(0.51264924 6.179747e-05 0)
(0.5118734 6.1399953e-05 0)
(0.51109539 6.1002983e-05 0)
(0.51031517 6.0606558e-05 0)
(0.50953274 6.0210678e-05 0)
(0.50874805 5.981534e-05 0)
(0.5079611 5.9420543e-05 0)
(0.50717185 5.9026285e-05 0)
(0.50638029 5.8632564e-05 0)
(0.50558639 5.8239378e-05 0)
(0.50479012 5.7846725e-05 0)
(0.50399147 5.7454605e-05 0)
(0.5031904 5.7063015e-05 0)
(0.50238689 5.6671956e-05 0)
(0.50158092 5.6281428e-05 0)
(0.50077246 5.5891427e-05 0)
(0.49996149 5.5501953e-05 0)
(0.49914798 5.5113004e-05 0)
(0.4983319 5.4724581e-05 0)
(0.49751322 5.4336682e-05 0)
(0.49669193 5.3949308e-05 0)
(0.49586799 5.3562458e-05 0)
(0.49504137 5.3176132e-05 0)
(0.49421205 5.2790329e-05 0)
(0.49338 5.2405047e-05 0)
(0.49254519 5.2020286e-05 0)
(0.4917076 5.1636048e-05 0)
(0.49086719 5.1252333e-05 0)
(0.49002393 5.0869141e-05 0)
(0.48917779 5.0486473e-05 0)
(0.48832875 5.0104329e-05 0)
(0.48747678 4.972271e-05 0)
(0.48662184 4.9341616e-05 0)
(0.48576389 4.8961052e-05 0)
(0.48490292 4.858102e-05 0)
(0.48403889 4.8201525e-05 0)
(0.48317176 4.7822569e-05 0)
(0.4823015 4.7444163e-05 0)
(0.48142809 4.7066317e-05 0)
(0.48055148 4.6689046e-05 0)
(0.47967164 4.6312356e-05 0)
(0.47878853 4.5936234e-05 0)
(0.47790213 4.5560505e-05 0)
(0.47701239 4.5184936e-05 0)
(0.47611929 4.4809638e-05 0)
(0.47522279 4.4435018e-05 0)
(0.47432286 4.4060953e-05 0)
(0.47341945 4.3688087e-05 0)
(0.47251251 4.3316322e-05 0)
(0.47160208 4.2938317e-05 0)
(0.47068798 4.2608427e-05 0)
(0.58262145 0.00010105571 0)
(0.58194811 0.00010061116 0)
(0.58127352 0.00010010781 0)
(0.58059679 9.9570308e-05 0)
(0.57991875 9.9051907e-05 0)
(0.57924017 9.857825e-05 0)
(0.57856112 9.8127685e-05 0)
(0.5778813 9.7677318e-05 0)
(0.5772005 9.7218576e-05 0)
(0.57651861 9.6751835e-05 0)
(0.57583561 9.6280127e-05 0)
(0.57515152 9.5806202e-05 0)
(0.57446634 9.5331883e-05 0)
(0.57378007 9.4858233e-05 0)
(0.57309271 9.4385824e-05 0)
(0.57240424 9.3914927e-05 0)
(0.57171466 9.3445626e-05 0)
(0.57102395 9.2977901e-05 0)
(0.5703321 9.2511674e-05 0)
(0.5696391 9.2046844e-05 0)
(0.56894492 9.1583306e-05 0)
(0.56824955 9.1120967e-05 0)
(0.56755297 9.0659748e-05 0)
(0.56685518 9.0199583e-05 0)
(0.56615615 8.9740416e-05 0)
(0.56545587 8.9282203e-05 0)
(0.56475433 8.8824908e-05 0)
(0.5640515 8.8368501e-05 0)
(0.56334739 8.7912958e-05 0)
(0.56264196 8.7458259e-05 0)
(0.56193521 8.7004389e-05 0)
(0.56122711 8.6551331e-05 0)
(0.56051767 8.6099074e-05 0)
(0.55980685 8.5647605e-05 0)
(0.55909464 8.5196916e-05 0)
(0.55838104 8.4746999e-05 0)
(0.55766602 8.4297843e-05 0)
(0.55694956 8.3849441e-05 0)
(0.55623166 8.3401786e-05 0)
(0.55551229 8.2954869e-05 0)
(0.55479144 8.2508683e-05 0)
(0.55406909 8.2063223e-05 0)
(0.55334523 8.1618481e-05 0)
(0.55261984 8.1174453e-05 0)
(0.55189291 8.0731131e-05 0)
(0.55116441 8.0288511e-05 0)
(0.55043433 7.9846586e-05 0)
(0.54970265 7.9405352e-05 0)
(0.54896936 7.8964805e-05 0)
(0.54823444 7.8524938e-05 0)
(0.54749787 7.8085747e-05 0)
(0.54675964 7.7647224e-05 0)
(0.54601972 7.7209367e-05 0)
(0.54527809 7.677217e-05 0)
(0.54453475 7.6335629e-05 0)
(0.54378967 7.589974e-05 0)
(0.54304284 7.5464498e-05 0)
(0.54229423 7.5029898e-05 0)
(0.54154382 7.4595937e-05 0)
(0.54079161 7.4162612e-05 0)
(0.54003756 7.3729918e-05 0)
(0.53928167 7.3297852e-05 0)
(0.5385239 7.2866407e-05 0)
(0.53776425 7.243558e-05 0)
(0.53700268 7.200537e-05 0)
(0.53623919 7.157577e-05 0)
(0.53547376 7.1146779e-05 0)
(0.53470635 7.0718394e-05 0)
(0.53393696 7.0290611e-05 0)
(0.53316555 6.9863428e-05 0)
(0.53239212 6.9436842e-05 0)
(0.53161664 6.9010847e-05 0)
(0.53083908 6.858544e-05 0)
(0.53005944 6.8160621e-05 0)
(0.52927767 6.7736386e-05 0)
(0.52849378 6.7312731e-05 0)
(0.52770772 6.6889653e-05 0)
(0.52691948 6.6467154e-05 0)
(0.52612905 6.6045228e-05 0)
(0.52533638 6.5623874e-05 0)
(0.52454147 6.5203088e-05 0)
(0.52374429 6.4782868e-05 0)
(0.52294482 6.4363212e-05 0)
(0.52214302 6.3944118e-05 0)
(0.52133889 6.3525586e-05 0)
(0.52053239 6.3107612e-05 0)
(0.5197235 6.2690196e-05 0)
(0.5189122 6.2273335e-05 0)
(0.51809846 6.1857027e-05 0)
(0.51728226 6.1441271e-05 0)
(0.51646357 6.1026064e-05 0)
(0.51564236 6.0611407e-05 0)
(0.51481861 6.0197298e-05 0)
(0.5139923 5.9783737e-05 0)
(0.5131634 5.9370723e-05 0)
(0.51233188 5.8958252e-05 0)
(0.51149771 5.8546324e-05 0)
(0.51066087 5.8134939e-05 0)
(0.50982133 5.7724097e-05 0)
(0.50897906 5.7313798e-05 0)
(0.50813403 5.690404e-05 0)
(0.50728622 5.6494824e-05 0)
(0.5064356 5.6086148e-05 0)
(0.50558213 5.5678011e-05 0)
(0.50472579 5.5270413e-05 0)
(0.50386655 5.4863356e-05 0)
(0.50300438 5.4456839e-05 0)
(0.50213925 5.4050864e-05 0)
(0.50127112 5.364543e-05 0)
(0.50039997 5.3240538e-05 0)
(0.49952576 5.2836188e-05 0)
(0.49864847 5.2432382e-05 0)
(0.49776805 5.2029124e-05 0)
(0.49688448 5.1626417e-05 0)
(0.49599773 5.1224264e-05 0)
(0.49510776 5.082267e-05 0)
(0.49421453 5.0421644e-05 0)
(0.49331801 5.0021198e-05 0)
(0.49241818 4.9621347e-05 0)
(0.49151498 4.9222097e-05 0)
(0.49060838 4.8823434e-05 0)
(0.48969836 4.842518e-05 0)
(0.48878487 4.8027093e-05 0)
(0.48786788 4.7629288e-05 0)
(0.48694735 4.7232182e-05 0)
(0.48602325 4.6835649e-05 0)
(0.48509554 4.6440373e-05 0)
(0.48416415 4.6046131e-05 0)
(0.48322913 4.5645767e-05 0)
(0.48229028 4.5294404e-05 0)
(0.59680109 0.00010708379 0)
(0.5961147 0.00010661204 0)
(0.59542702 0.00010608882 0)
(0.5947372 0.00010553183 0)
(0.59404595 0.00010498719 0)
(0.59335404 0.00010448338 0)
(0.59266158 0.00010400332 0)
(0.59196835 0.00010352555 0)
(0.5912741 0.00010304082 0)
(0.59057872 0.00010254856 0)
(0.58988217 0.00010205131 0)
(0.58918446 0.00010155171 0)
(0.58848559 0.0001010516 0)
(0.58778556 0.0001005521 0)
(0.58708438 0.00010005381 0)
(0.58638203 9.955702e-05 0)
(0.5856785 9.9061844e-05 0)
(0.58497379 9.8568275e-05 0)
(0.58426786 9.8076243e-05 0)
(0.58356072 9.758565e-05 0)
(0.58285234 9.7096392e-05 0)
(0.58214271 9.6608373e-05 0)
(0.5814318 9.6121511e-05 0)
(0.58071962 9.5635738e-05 0)
(0.58000613 9.5150997e-05 0)
(0.57929133 9.4667239e-05 0)
(0.5785752 9.418443e-05 0)
(0.57785772 9.3702538e-05 0)
(0.57713888 9.3221537e-05 0)
(0.57641866 9.2741407e-05 0)
(0.57569705 9.2262133e-05 0)
(0.57497403 9.1783697e-05 0)
(0.57424959 9.1306087e-05 0)
(0.57352371 9.0829292e-05 0)
(0.57279637 9.0353301e-05 0)
(0.57206756 8.9878106e-05 0)
(0.57133727 8.9403698e-05 0)
(0.57060547 8.8930068e-05 0)
(0.56987215 8.8457208e-05 0)
(0.56913729 8.798511e-05 0)
(0.56840088 8.7513767e-05 0)
(0.5676629 8.7043173e-05 0)
(0.56692334 8.6573321e-05 0)
(0.56618217 8.6104204e-05 0)
(0.56543938 8.5635817e-05 0)
(0.56469495 8.5168154e-05 0)
(0.56394887 8.4701209e-05 0)
(0.56320111 8.4234976e-05 0)
(0.56245167 8.3769452e-05 0)
(0.56170052 8.330463e-05 0)
(0.56094764 8.2840504e-05 0)
(0.56019302 8.2377069e-05 0)
(0.55943663 8.1914321e-05 0)
(0.55867846 8.1452253e-05 0)
(0.5579185 8.0990862e-05 0)
(0.55715672 8.0530143e-05 0)
(0.5563931 8.0070091e-05 0)
(0.55562762 7.9610702e-05 0)
(0.55486027 7.9151973e-05 0)
(0.55409103 7.8693899e-05 0)
(0.55331987 7.8236475e-05 0)
(0.55254678 7.7779699e-05 0)
(0.55177174 7.7323563e-05 0)
(0.55099472 7.6868065e-05 0)
(0.55021571 7.6413202e-05 0)
(0.54943468 7.5958969e-05 0)
(0.54865162 7.5505363e-05 0)
(0.54786651 7.5052382e-05 0)
(0.54707931 7.4600022e-05 0)
(0.54629002 7.414828e-05 0)
(0.54549862 7.3697153e-05 0)
(0.54470507 7.3246635e-05 0)
(0.54390936 7.2796724e-05 0)
(0.54311146 7.2347418e-05 0)
(0.54231136 7.1898714e-05 0)
(0.54150903 7.1450608e-05 0)
(0.54070445 7.1003097e-05 0)
(0.53989759 7.0556181e-05 0)
(0.53908844 7.0109857e-05 0)
(0.53827696 6.9664121e-05 0)
(0.53746314 6.921897e-05 0)
(0.53664696 6.8774403e-05 0)
(0.53582838 6.8330417e-05 0)
(0.53500738 6.788701e-05 0)
(0.53418394 6.7444182e-05 0)
(0.53335804 6.7001929e-05 0)
(0.53252965 6.656025e-05 0)
(0.53169874 6.6119143e-05 0)
(0.53086529 6.5678605e-05 0)
(0.53002927 6.5238636e-05 0)
(0.52919066 6.4799234e-05 0)
(0.52834943 6.4360396e-05 0)
(0.52750555 6.3922124e-05 0)
(0.526659 6.3484416e-05 0)
(0.52580974 6.3047271e-05 0)
(0.52495776 6.2610686e-05 0)
(0.52410303 6.217466e-05 0)
(0.5232455 6.1739194e-05 0)
(0.52238517 6.1304286e-05 0)
(0.52152199 6.0869937e-05 0)
(0.52065595 6.0436147e-05 0)
(0.519787 6.0002915e-05 0)
(0.51891512 5.9570238e-05 0)
(0.51804029 5.9138117e-05 0)
(0.51716246 5.8706552e-05 0)
(0.51628161 5.8275543e-05 0)
(0.51539771 5.7845091e-05 0)
(0.51451073 5.7415198e-05 0)
(0.51362063 5.6985862e-05 0)
(0.51272738 5.6557084e-05 0)
(0.51183095 5.6128866e-05 0)
(0.5109313 5.5701208e-05 0)
(0.51002841 5.5274114e-05 0)
(0.50912224 5.4847588e-05 0)
(0.50821275 5.4421634e-05 0)
(0.5072999 5.3996256e-05 0)
(0.50638368 5.3571463e-05 0)
(0.50546403 5.314727e-05 0)
(0.50454092 5.2723689e-05 0)
(0.50361432 5.2300729e-05 0)
(0.50268418 5.1878374e-05 0)
(0.50175047 5.145644e-05 0)
(0.50081316 5.1034681e-05 0)
(0.4998722 5.0613213e-05 0)
(0.49892757 5.0192464e-05 0)
(0.49797922 4.9772304e-05 0)
(0.49702711 4.9353461e-05 0)
(0.49607117 4.8935574e-05 0)
(0.49511147 4.851172e-05 0)
(0.49414775 4.8137619e-05 0)
(0.61119482 0.00011341502 0)
(0.61049597 0.00011291503 0)
(0.60979581 0.00011237081 0)
(0.6090935 0.00011179362 0)
(0.60838964 0.00011122231 0)
(0.607685 0.00011068755 0)
(0.60697975 0.00011017681 0)
(0.60627369 0.00010967036 0)
(0.60556658 0.00010915848 0)
(0.60485828 0.00010863969 0)
(0.60414876 0.00010811598 0)
(0.603438 0.00010758981 0)
(0.60272602 0.000107063 0)
(0.60201281 0.00010653672 0)
(0.60129837 0.0001060116 0)
(0.60058269 0.00010548797 0)
(0.59986577 0.00010496595 0)
(0.59914759 0.00010444556 0)
(0.59842813 0.00010392674 0)
(0.59770739 0.0001034094 0)
(0.59698535 0.00010289344 0)
(0.59626198 0.00010237875 0)
(0.59553727 0.00010186526 0)
(0.59481122 0.00010135289 0)
(0.59408379 0.00010084158 0)
(0.59335497 0.00010033129 0)
(0.59262476 9.9821969e-05 0)
(0.59189313 9.9313595e-05 0)
(0.59116006 9.8806138e-05 0)
(0.59042555 9.8299577e-05 0)
(0.58968957 9.7793896e-05 0)
(0.58895211 9.7289077e-05 0)
(0.58821316 9.6785108e-05 0)
(0.58747269 9.6281977e-05 0)
(0.58673069 9.5779673e-05 0)
(0.58598715 9.5278187e-05 0)
(0.58524204 9.4777511e-05 0)
(0.58449536 9.4277635e-05 0)
(0.58374708 9.3778551e-05 0)
(0.58299718 9.3280251e-05 0)
(0.58224566 9.2782727e-05 0)
(0.58149249 9.2285972e-05 0)
(0.58073766 9.1789981e-05 0)
(0.57998114 9.1294746e-05 0)
(0.57922292 9.0800262e-05 0)
(0.57846299 9.0306521e-05 0)
(0.57770133 8.9813519e-05 0)
(0.57693791 8.9321248e-05 0)
(0.57617272 8.8829706e-05 0)
(0.57540574 8.8338886e-05 0)
(0.57463695 8.7848781e-05 0)
(0.57386634 8.7359387e-05 0)
(0.57309388 8.6870697e-05 0)
(0.57231956 8.6382707e-05 0)
(0.57154335 8.5895413e-05 0)
(0.57076524 8.5408809e-05 0)
(0.56998521 8.4922891e-05 0)
(0.56920324 8.4437653e-05 0)
(0.56841931 8.3953093e-05 0)
(0.5676334 8.3469206e-05 0)
(0.56684548 8.2985987e-05 0)
(0.56605554 8.2503433e-05 0)
(0.56526356 8.2021537e-05 0)
(0.56446952 8.1540295e-05 0)
(0.5636734 8.1059706e-05 0)
(0.56287517 8.0579764e-05 0)
(0.56207481 8.0100466e-05 0)
(0.56127231 7.9621809e-05 0)
(0.56046763 7.914379e-05 0)
(0.55966077 7.8666405e-05 0)
(0.55885169 7.8189651e-05 0)
(0.55804038 7.7713522e-05 0)
(0.55722681 7.7238016e-05 0)
(0.55641096 7.6763132e-05 0)
(0.5555928 7.6288865e-05 0)
(0.55477232 7.5815211e-05 0)
(0.55394949 7.5342169e-05 0)
(0.55312428 7.4869737e-05 0)
(0.55229668 7.4397912e-05 0)
(0.55146665 7.3926691e-05 0)
(0.55063418 7.3456071e-05 0)
(0.54979924 7.2986049e-05 0)
(0.5489618 7.2516623e-05 0)
(0.54812184 7.2047791e-05 0)
(0.54727934 7.1579552e-05 0)
(0.54643426 7.1111904e-05 0)
(0.54558659 7.0644845e-05 0)
(0.54473629 7.0178373e-05 0)
(0.54388334 6.9712485e-05 0)
(0.54302772 6.9247179e-05 0)
(0.54216939 6.8782455e-05 0)
(0.54130833 6.8318311e-05 0)
(0.54044451 6.7854746e-05 0)
(0.53957791 6.739176e-05 0)
(0.53870849 6.6929351e-05 0)
(0.53783622 6.6467517e-05 0)
(0.53696109 6.6006257e-05 0)
(0.53608305 6.554557e-05 0)
(0.53520208 6.5085457e-05 0)
(0.53431815 6.4625917e-05 0)
(0.53343123 6.416695e-05 0)
(0.53254129 6.3708554e-05 0)
(0.5316483 6.325073e-05 0)
(0.53075222 6.2793475e-05 0)
(0.52985303 6.2336791e-05 0)
(0.52895069 6.1880677e-05 0)
(0.52804517 6.1425135e-05 0)
(0.52713644 6.0970166e-05 0)
(0.52622447 6.0515769e-05 0)
(0.52530921 6.0061946e-05 0)
(0.52439065 5.9608696e-05 0)
(0.52346873 5.9156021e-05 0)
(0.52254344 5.8703926e-05 0)
(0.52161473 5.8252414e-05 0)
(0.52068256 5.7801489e-05 0)
(0.51974691 5.7351156e-05 0)
(0.51880773 5.6901424e-05 0)
(0.517865 5.6452307e-05 0)
(0.51691866 5.600382e-05 0)
(0.51596868 5.5555972e-05 0)
(0.51501502 5.5108744e-05 0)
(0.51405765 5.466195e-05 0)
(0.51309652 5.4215335e-05 0)
(0.51213161 5.3769019e-05 0)
(0.51116286 5.332344e-05 0)
(0.51019025 5.2878465e-05 0)
(0.50921372 5.2434865e-05 0)
(0.50823322 5.1992136e-05 0)
(0.50724879 5.1543631e-05 0)
(0.50626016 5.1145489e-05 0)
(0.62578826 0.00012005609 0)
(0.62507768 0.00011952692 0)
(0.62436576 0.00011896058 0)
(0.62365167 0.00011836241 0)
(0.62293593 0.00011776401 0)
(0.62221929 0.00011719762 0)
(0.62150195 0.00011665508 0)
(0.62078377 0.00011611869 0)
(0.6200645 0.00011557852 0)
(0.61934399 0.00011503222 0)
(0.61862219 0.00011448117 0)
(0.61789908 0.00011392755 0)
(0.61717467 0.00011337318 0)
(0.61644895 0.00011281923 0)
(0.61572194 0.00011226639 0)
(0.61499361 0.000111715 0)
(0.61426396 0.00011116521 0)
(0.61353297 0.00011061707 0)
(0.61280065 0.00011007052 0)
(0.61206696 0.00010952548 0)
(0.61133189 0.00010898186 0)
(0.61059544 0.00010843955 0)
(0.60985757 0.00010789847 0)
(0.60911827 0.00010735854 0)
(0.60837753 0.0001068197 0)
(0.60763533 0.00010628191 0)
(0.60689166 0.00010574512 0)
(0.60614649 0.00010520929 0)
(0.60539981 0.00010467441 0)
(0.60465161 0.00010414044 0)
(0.60390187 0.00010360738 0)
(0.60315057 0.0001030752 0)
(0.60239769 0.00010254389 0)
(0.60164322 0.00010201344 0)
(0.60088715 0.00010148383 0)
(0.60012945 0.00010095506 0)
(0.5993701 0.00010042713 0)
(0.5986091 9.990001e-05 0)
(0.59784643 9.9373703e-05 0)
(0.59708206 9.88482e-05 0)
(0.59631598 9.8323491e-05 0)
(0.59554817 9.779957e-05 0)
(0.59477861 9.727643e-05 0)
(0.59400729 9.6754065e-05 0)
(0.59323418 9.6232468e-05 0)
(0.59245928 9.5711633e-05 0)
(0.59168256 9.5191552e-05 0)
(0.590904 9.4672222e-05 0)
(0.59012358 9.4153636e-05 0)
(0.58934129 9.363579e-05 0)
(0.5885571 9.3118675e-05 0)
(0.587771 9.2602288e-05 0)
(0.58698296 9.2086621e-05 0)
(0.58619298 9.157167e-05 0)
(0.58540102 9.1057431e-05 0)
(0.58460707 9.0543898e-05 0)
(0.58381111 9.0031066e-05 0)
(0.58301312 8.951893e-05 0)
(0.58221307 8.9007488e-05 0)
(0.58141095 8.8496733e-05 0)
(0.58060674 8.7986662e-05 0)
(0.57980041 8.747727e-05 0)
(0.57899194 8.6968551e-05 0)
(0.57818132 8.6460501e-05 0)
(0.57736852 8.5953118e-05 0)
(0.57655352 8.5446397e-05 0)
(0.57573629 8.4940333e-05 0)
(0.57491683 8.4434925e-05 0)
(0.57409509 8.3930168e-05 0)
(0.57327106 8.342606e-05 0)
(0.57244473 8.2922596e-05 0)
(0.57161605 8.2419771e-05 0)
(0.57078502 8.1917582e-05 0)
(0.5699516 8.1416029e-05 0)
(0.56911578 8.0915106e-05 0)
(0.56827753 8.0414809e-05 0)
(0.56743683 7.9915137e-05 0)
(0.56659364 7.9416088e-05 0)
(0.56574796 7.8917659e-05 0)
(0.56489974 7.8419847e-05 0)
(0.56404897 7.7922648e-05 0)
(0.56319563 7.742606e-05 0)
(0.56233967 7.6930081e-05 0)
(0.56148109 7.6434708e-05 0)
(0.56061985 7.5939941e-05 0)
(0.55975593 7.5445777e-05 0)
(0.5588893 7.4952214e-05 0)
(0.55801993 7.445925e-05 0)
(0.5571478 7.3966883e-05 0)
(0.55627287 7.3475111e-05 0)
(0.55539513 7.2983932e-05 0)
(0.55451453 7.2493345e-05 0)
(0.55363106 7.2003349e-05 0)
(0.55274469 7.1513945e-05 0)
(0.55185538 7.1025129e-05 0)
(0.5509631 7.0536901e-05 0)
(0.55006783 7.0049258e-05 0)
(0.54916954 6.9562201e-05 0)
(0.54826819 6.9075729e-05 0)
(0.54736375 6.8589843e-05 0)
(0.5464562 6.8104541e-05 0)
(0.5455455 6.7619823e-05 0)
(0.54463162 6.7135688e-05 0)
(0.54371452 6.6652136e-05 0)
(0.54279418 6.6169165e-05 0)
(0.54187057 6.5686778e-05 0)
(0.54094363 6.5204974e-05 0)
(0.54001336 6.4723755e-05 0)
(0.5390797 6.4243122e-05 0)
(0.53814262 6.3763073e-05 0)
(0.5372021 6.3283611e-05 0)
(0.53625809 6.2804737e-05 0)
(0.53531056 6.2326455e-05 0)
(0.53435947 6.1848769e-05 0)
(0.53340478 6.1371682e-05 0)
(0.53244646 6.0895202e-05 0)
(0.53148447 6.0419336e-05 0)
(0.53051878 5.99441e-05 0)
(0.52954933 5.9469509e-05 0)
(0.52857609 5.8995571e-05 0)
(0.52759903 5.8522268e-05 0)
(0.52661809 5.8049407e-05 0)
(0.52563325 5.7576728e-05 0)
(0.52464446 5.7104354e-05 0)
(0.52365169 5.6632733e-05 0)
(0.52265489 5.6161728e-05 0)
(0.52165402 5.5692156e-05 0)
(0.520649 5.5223358e-05 0)
(0.5196399 5.4749014e-05 0)
(0.51862642 5.4325497e-05 0)
(0.64056466 0.00012701239 0)
(0.63984323 0.00012645317 0)
(0.63912038 0.00012586365 0)
(0.63839537 0.00012524372 0)
(0.63766862 0.00012461784 0)
(0.63694082 0.0001240192 0)
(0.63621224 0.00012344386 0)
(0.63548276 0.00012287634 0)
(0.63475215 0.00012230676 0)
(0.63402026 0.000121732 0)
(0.633287 0.00012115273 0)
(0.63255236 0.00012057086 0)
(0.63181633 0.00011998811 0)
(0.63107893 0.00011940568 0)
(0.63034013 0.00011882427 0)
(0.62959995 0.00011824427 0)
(0.62885836 0.00011766585 0)
(0.62811537 0.00011708907 0)
(0.62737095 0.0001165139 0)
(0.6266251 0.00011594027 0)
(0.62587779 0.00011536807 0)
(0.625129 0.00011479723 0)
(0.62437874 0.00011422764 0)
(0.62362696 0.00011365924 0)
(0.62287366 0.00011309196 0)
(0.62211883 0.00011252574 0)
(0.62136243 0.00011196055 0)
(0.62060447 0.00011139635 0)
(0.61984491 0.00011083311 0)
(0.61908375 0.0001102708 0)
(0.61832097 0.00010970942 0)
(0.61755654 0.00010914894 0)
(0.61679046 0.00010858934 0)
(0.6160227 0.00010803062 0)
(0.61525326 0.00010747276 0)
(0.6144821 0.00010691576 0)
(0.61370922 0.00010635961 0)
(0.61293459 0.00010580429 0)
(0.6121582 0.00010524979 0)
(0.61138004 0.00010469612 0)
(0.61060007 0.00010414325 0)
(0.60981829 0.00010359119 0)
(0.60903468 0.00010303992 0)
(0.60824922 0.00010248945 0)
(0.60746188 0.00010193975 0)
(0.60667265 0.00010139083 0)
(0.60588152 0.00010084268 0)
(0.60508846 0.0001002953 0)
(0.60429345 9.9748668e-05 0)
(0.60349647 9.9202793e-05 0)
(0.60269751 9.8657664e-05 0)
(0.60189654 9.8113274e-05 0)
(0.60109355 9.7569618e-05 0)
(0.60028851 9.7026691e-05 0)
(0.59948141 9.6484488e-05 0)
(0.59867222 9.5943004e-05 0)
(0.59786092 9.5402233e-05 0)
(0.59704749 9.4862171e-05 0)
(0.59623192 9.4322814e-05 0)
(0.59541417 9.3784157e-05 0)
(0.59459423 9.3246195e-05 0)
(0.59377208 9.2708923e-05 0)
(0.5929477 9.2172337e-05 0)
(0.59212105 9.1636431e-05 0)
(0.59129213 9.1101202e-05 0)
(0.59046091 9.0566647e-05 0)
(0.58962736 9.0032759e-05 0)
(0.58879146 8.9499539e-05 0)
(0.5879532 8.8966981e-05 0)
(0.58711254 8.8435081e-05 0)
(0.58626946 8.7903837e-05 0)
(0.58542394 8.7373242e-05 0)
(0.58457595 8.6843294e-05 0)
(0.58372548 8.631399e-05 0)
(0.58287249 8.5785328e-05 0)
(0.58201697 8.5257301e-05 0)
(0.58115888 8.4729909e-05 0)
(0.5802982 8.4203151e-05 0)
(0.5794349 8.3677022e-05 0)
(0.57856897 8.3151519e-05 0)
(0.57770037 8.2626639e-05 0)
(0.57682908 8.210238e-05 0)
(0.57595507 8.1578739e-05 0)
(0.57507831 8.1055714e-05 0)
(0.57419878 8.0533304e-05 0)
(0.57331645 8.0011506e-05 0)
(0.57243129 7.9490319e-05 0)
(0.57154328 7.8969739e-05 0)
(0.57065238 7.8449766e-05 0)
(0.56975857 7.7930397e-05 0)
(0.56886181 7.7411629e-05 0)
(0.56796209 7.6893463e-05 0)
(0.56705936 7.6375898e-05 0)
(0.5661536 7.5858933e-05 0)
(0.56524478 7.5342565e-05 0)
(0.56433287 7.4826794e-05 0)
(0.56341784 7.4311617e-05 0)
(0.56249965 7.3797035e-05 0)
(0.56157828 7.3283047e-05 0)
(0.56065369 7.2769654e-05 0)
(0.55972585 7.2256854e-05 0)
(0.55879473 7.1744648e-05 0)
(0.5578603 7.1233033e-05 0)
(0.55692251 7.072201e-05 0)
(0.55598134 7.0211578e-05 0)
(0.55503675 6.9701738e-05 0)
(0.55408872 6.9192492e-05 0)
(0.55313719 6.868384e-05 0)
(0.55218214 6.8175782e-05 0)
(0.55122354 6.7668319e-05 0)
(0.55026133 6.7161451e-05 0)
(0.5492955 6.6655182e-05 0)
(0.548326 6.6149515e-05 0)
(0.54735279 6.5644453e-05 0)
(0.54637583 6.5140002e-05 0)
(0.54539509 6.4636167e-05 0)
(0.54441053 6.4132957e-05 0)
(0.5434221 6.3630389e-05 0)
(0.54242977 6.3128477e-05 0)
(0.54143349 6.2627232e-05 0)
(0.54043322 6.2126633e-05 0)
(0.53942893 6.1626482e-05 0)
(0.53842057 6.1126512e-05 0)
(0.53740809 6.0626851e-05 0)
(0.53639147 6.0127954e-05 0)
(0.53537065 5.9629685e-05 0)
(0.53434559 5.9132904e-05 0)
(0.53331622 5.8636791e-05 0)
(0.5322826 5.8135397e-05 0)
(0.5312444 5.7685144e-05 0)
(0.65550477 0.00013428776 0)
(0.65477346 0.00013369771 0)
(0.6540407 0.000133084 0)
(0.65330575 0.00013244157 0)
(0.65256897 0.00013178785 0)
(0.65183101 0.0001311565 0)
(0.65109217 0.00013054748 0)
(0.65035235 0.00012994771 0)
(0.64961137 0.00012934765 0)
(0.64886904 0.00012874347 0)
(0.64812529 0.00012813519 0)
(0.64738007 0.00012752431 0)
(0.64663339 0.00012691245 0)
(0.64588523 0.00012630079 0)
(0.6451356 0.00012569005 0)
(0.6443845 0.00012508066 0)
(0.64363191 0.0001244728 0)
(0.64287782 0.00012386657 0)
(0.64212223 0.00012326195 0)
(0.64136512 0.00012265888 0)
(0.64060648 0.00012205728 0)
(0.63984627 0.00012145705 0)
(0.6390845 0.00012085811 0)
(0.63832114 0.00012026037 0)
(0.63755617 0.00011966378 0)
(0.63678958 0.00011906828 0)
(0.63602135 0.00011847383 0)
(0.63525146 0.00011788037 0)
(0.63447989 0.0001172879 0)
(0.63370663 0.00011669638 0)
(0.63293166 0.00011610579 0)
(0.63215497 0.00011551612 0)
(0.63137653 0.00011492734 0)
(0.63059632 0.00011433946 0)
(0.62981434 0.00011375245 0)
(0.62903056 0.00011316631 0)
(0.62824497 0.00011258103 0)
(0.62745754 0.00011199659 0)
(0.62666826 0.00011141299 0)
(0.62587711 0.00011083022 0)
(0.62508407 0.00011024827 0)
(0.62428912 0.00010966714 0)
(0.62349225 0.00010908681 0)
(0.62269343 0.00010850728 0)
(0.62189264 0.00010792855 0)
(0.62108988 0.0001073506 0)
(0.62028511 0.00010677343 0)
(0.61947831 0.00010619703 0)
(0.61866948 0.00010562141 0)
(0.61785858 0.00010504654 0)
(0.6170456 0.00010447243 0)
(0.61623052 0.00010389906 0)
(0.61541331 0.00010332644 0)
(0.61459395 0.00010275456 0)
(0.61377244 0.00010218341 0)
(0.61294873 0.00010161299 0)
(0.61212282 0.00010104329 0)
(0.61129468 0.0001004743 0)
(0.61046429 9.9906033e-05 0)
(0.60963162 9.9338469e-05 0)
(0.60879666 9.8771609e-05 0)
(0.60795938 9.8205447e-05 0)
(0.60711977 9.7639977e-05 0)
(0.60627779 9.7075195e-05 0)
(0.60543342 9.6511098e-05 0)
(0.60458665 9.594768e-05 0)
(0.60373744 9.5384939e-05 0)
(0.60288578 9.4822871e-05 0)
(0.60203164 9.4261472e-05 0)
(0.60117499 9.3700738e-05 0)
(0.60031582 9.3140666e-05 0)
(0.5994541 9.258125e-05 0)
(0.5985898 9.2022487e-05 0)
(0.59772289 9.1464375e-05 0)
(0.59685336 9.090691e-05 0)
(0.59598118 9.0350088e-05 0)
(0.59510631 8.9793906e-05 0)
(0.59422874 8.9238363e-05 0)
(0.59334844 8.8683456e-05 0)
(0.59246538 8.8129181e-05 0)
(0.59157954 8.7575535e-05 0)
(0.59069089 8.7022514e-05 0)
(0.58979939 8.6470118e-05 0)
(0.58890503 8.5918344e-05 0)
(0.58800777 8.5367189e-05 0)
(0.58710759 8.4816653e-05 0)
(0.58620445 8.4266732e-05 0)
(0.58529834 8.3717425e-05 0)
(0.58438921 8.3168729e-05 0)
(0.58347705 8.2620643e-05 0)
(0.58256181 8.2073163e-05 0)
(0.58164347 8.1526291e-05 0)
(0.580722 8.0980024e-05 0)
(0.57979737 8.0434363e-05 0)
(0.57886954 7.9889305e-05 0)
(0.57793849 7.9344849e-05 0)
(0.57700419 7.8800992e-05 0)
(0.57606659 7.8257735e-05 0)
(0.57512567 7.7715078e-05 0)
(0.5741814 7.7173021e-05 0)
(0.57323373 7.6631563e-05 0)
(0.57228265 7.6090703e-05 0)
(0.5713281 7.555044e-05 0)
(0.57037007 7.5010775e-05 0)
(0.5694085 7.4471706e-05 0)
(0.56844338 7.3933235e-05 0)
(0.56747465 7.3395364e-05 0)
(0.56650229 7.2858091e-05 0)
(0.56552626 7.232142e-05 0)
(0.56454652 7.1785349e-05 0)
(0.56356304 7.124988e-05 0)
(0.56257576 7.0715015e-05 0)
(0.56158467 7.0180758e-05 0)
(0.56058971 6.9647114e-05 0)
(0.55959085 6.9114086e-05 0)
(0.55858804 6.8581682e-05 0)
(0.55758125 6.8049911e-05 0)
(0.55657044 6.7518789e-05 0)
(0.55555555 6.6988332e-05 0)
(0.55453656 6.6458551e-05 0)
(0.55351341 6.5929424e-05 0)
(0.55248607 6.5400747e-05 0)
(0.55145448 6.4872248e-05 0)
(0.55041862 6.4344056e-05 0)
(0.54937844 6.381664e-05 0)
(0.54833388 6.3289857e-05 0)
(0.54728491 6.2764615e-05 0)
(0.54623144 6.2239925e-05 0)
(0.54517355 6.1710254e-05 0)
(0.54411089 6.1231885e-05 0)
(0.67058658 0.00014188417 0)
(0.66984656 0.00014126263 0)
(0.66910502 0.00014062381 0)
(0.66836128 0.00013995816 0)
(0.66761561 0.00013927635 0)
(0.66686863 0.00013861194 0)
(0.66612063 0.00013796852 0)
(0.6653716 0.00013733552 0)
(0.66462135 0.00013670395 0)
(0.6638697 0.00013606947 0)
(0.66311655 0.00013543141 0)
(0.66236185 0.00013479085 0)
(0.6616056 0.00013414921 0)
(0.66084778 0.00013350766 0)
(0.66008841 0.00013286692 0)
(0.65932746 0.00013222744 0)
(0.65856495 0.00013158945 0)
(0.65780084 0.00013095304 0)
(0.65703514 0.00013031823 0)
(0.65626784 0.00012968498 0)
(0.6554989 0.0001290532 0)
(0.65472833 0.00012842282 0)
(0.65395609 0.00012779374 0)
(0.65318218 0.0001271659 0)
(0.65240657 0.00012653921 0)
(0.65162925 0.00012591364 0)
(0.6508502 0.00012528912 0)
(0.6500694 0.00012466562 0)
(0.64928684 0.00012404311 0)
(0.64850249 0.00012342156 0)
(0.64771634 0.00012280095 0)
(0.64692837 0.00012218127 0)
(0.64613856 0.0001215625 0)
(0.6453469 0.00012094462 0)
(0.64455336 0.00012032763 0)
(0.64375793 0.00011971151 0)
(0.64296059 0.00011909625 0)
(0.64216132 0.00011848185 0)
(0.64136011 0.00011786829 0)
(0.64055693 0.00011725557 0)
(0.63975176 0.00011664368 0)
(0.63894459 0.0001160326 0)
(0.63813539 0.00011542234 0)
(0.63732415 0.00011481288 0)
(0.63651085 0.00011420422 0)
(0.63569546 0.00011359635 0)
(0.63487797 0.00011298927 0)
(0.63405836 0.00011238296 0)
(0.6332366 0.00011177743 0)
(0.63241268 0.00011117266 0)
(0.63158657 0.00011056865 0)
(0.63075826 0.0001099654 0)
(0.62992772 0.00010936289 0)
(0.62909493 0.00010876112 0)
(0.62825987 0.00010816009 0)
(0.62742252 0.00010755979 0)
(0.62658286 0.00010696022 0)
(0.62574086 0.00010636136 0)
(0.6248965 0.00010576323 0)
(0.62404976 0.0001051658 0)
(0.62320061 0.00010456908 0)
(0.62234904 0.00010397306 0)
(0.62149502 0.00010337773 0)
(0.62063853 0.00010278309 0)
(0.61977953 0.00010218915 0)
(0.61891802 0.00010159588 0)
(0.61805396 0.00010100329 0)
(0.61718734 0.00010041138 0)
(0.61631811 9.9820141e-05 0)
(0.61544627 9.9229567e-05 0)
(0.61457179 9.8639657e-05 0)
(0.61369463 9.8050405e-05 0)
(0.61281478 9.7461807e-05 0)
(0.61193221 9.6873862e-05 0)
(0.6110469 9.6286566e-05 0)
(0.6101588 9.5699913e-05 0)
(0.60926791 9.5113903e-05 0)
(0.60837419 9.4528532e-05 0)
(0.60747762 9.3943799e-05 0)
(0.60657816 9.3359699e-05 0)
(0.6056758 9.2776229e-05 0)
(0.60477049 9.2193386e-05 0)
(0.60386222 9.1611168e-05 0)
(0.60295096 9.1029572e-05 0)
(0.60203667 9.0448598e-05 0)
(0.60111932 8.9868243e-05 0)
(0.6001989 8.9288504e-05 0)
(0.59927536 8.8709379e-05 0)
(0.59834867 8.8130867e-05 0)
(0.59741882 8.7552965e-05 0)
(0.59648575 8.6975671e-05 0)
(0.59554945 8.6398984e-05 0)
(0.59460989 8.5822905e-05 0)
(0.59366702 8.5247431e-05 0)
(0.59272082 8.4672561e-05 0)
(0.59177125 8.4098294e-05 0)
(0.59081829 8.3524627e-05 0)
(0.58986189 8.2951561e-05 0)
(0.58890203 8.2379095e-05 0)
(0.58793867 8.180723e-05 0)
(0.58697177 8.1235966e-05 0)
(0.5860013 8.06653e-05 0)
(0.58502722 8.0095233e-05 0)
(0.58404951 7.9525764e-05 0)
(0.58306811 7.8956893e-05 0)
(0.582083 7.8388621e-05 0)
(0.58109414 7.782095e-05 0)
(0.58010149 7.7253879e-05 0)
(0.57910501 7.668741e-05 0)
(0.57810466 7.6121544e-05 0)
(0.5771004 7.5556281e-05 0)
(0.5760922 7.4991624e-05 0)
(0.57508002 7.4427578e-05 0)
(0.5740638 7.3864146e-05 0)
(0.57304352 7.3301333e-05 0)
(0.57201913 7.2739147e-05 0)
(0.57099059 7.2177597e-05 0)
(0.56995785 7.16167e-05 0)
(0.56892087 7.1056472e-05 0)
(0.56787961 7.0496925e-05 0)
(0.56683402 6.9938036e-05 0)
(0.56578406 6.9379596e-05 0)
(0.56472968 6.8821324e-05 0)
(0.56367084 6.8263355e-05 0)
(0.5626075 6.7706166e-05 0)
(0.56153961 6.7149615e-05 0)
(0.56046711 6.6594654e-05 0)
(0.55938994 6.6040118e-05 0)
(0.55830814 6.5480933e-05 0)
(0.55722138 6.497306e-05 0)
(0.68578525 0.00014980145 0)
(0.68503782 0.00014914788 0)
(0.68428881 0.00014848312 0)
(0.68353756 0.00014779363 0)
(0.6827843 0.00014708355 0)
(0.68202959 0.00014638591 0)
(0.68127374 0.00014570755 0)
(0.68051676 0.00014504048 0)
(0.67975849 0.00014437647 0)
(0.67899877 0.00014371087 0)
(0.67823747 0.00014304234 0)
(0.67747455 0.00014237149 0)
(0.67670999 0.00014169953 0)
(0.67594376 0.00014102752 0)
(0.67517588 0.00014035622 0)
(0.67440633 0.00013968608 0)
(0.67363511 0.00013901735 0)
(0.67286222 0.00013835015 0)
(0.67208763 0.00013768452 0)
(0.67131134 0.00013702043 0)
(0.67053333 0.00013635782 0)
(0.66975358 0.00013569661 0)
(0.66897208 0.00013503672 0)
(0.66818881 0.00013437807 0)
(0.66740375 0.00013372061 0)
(0.66661688 0.00013306426 0)
(0.66582819 0.00013240897 0)
(0.66503765 0.00013175472 0)
(0.66424525 0.00013110146 0)
(0.66345097 0.00013044916 0)
(0.66265479 0.00012979781 0)
(0.66185669 0.00012914739 0)
(0.66105666 0.00012849788 0)
(0.66025468 0.00012784927 0)
(0.65945072 0.00012720154 0)
(0.65864477 0.00012655469 0)
(0.65783681 0.0001259087 0)
(0.65702682 0.00012526356 0)
(0.65621478 0.00012461927 0)
(0.65540067 0.00012397582 0)
(0.65458448 0.00012333319 0)
(0.65376617 0.00012269139 0)
(0.65294574 0.00012205039 0)
(0.65212317 0.0001214102 0)
(0.65129842 0.00012077081 0)
(0.65047149 0.00012013221 0)
(0.64964235 0.00011949439 0)
(0.64881098 0.00011885734 0)
(0.64797736 0.00011822107 0)
(0.64714146 0.00011758557 0)
(0.64630328 0.00011695082 0)
(0.64546278 0.00011631682 0)
(0.64461994 0.00011568357 0)
(0.64377474 0.00011505105 0)
(0.64292716 0.00011441927 0)
(0.64207718 0.00011378822 0)
(0.64122478 0.0001131579 0)
(0.64036992 0.00011252829 0)
(0.6395126 0.00011189939 0)
(0.63865278 0.0001112712 0)
(0.63779044 0.00011064372 0)
(0.63692555 0.00011001693 0)
(0.6360581 0.00010939083 0)
(0.63518807 0.00010876543 0)
(0.63431541 0.0001081407 0)
(0.63344012 0.00010751666 0)
(0.63256216 0.00010689329 0)
(0.63168152 0.00010627059 0)
(0.63079815 0.00010564856 0)
(0.62991205 0.00010502719 0)
(0.62902318 0.00010440648 0)
(0.62813152 0.00010378643 0)
(0.62723704 0.00010316703 0)
(0.62633971 0.00010254827 0)
(0.62543951 0.00010193016 0)
(0.62453641 0.00010131269 0)
(0.62363038 0.00010069586 0)
(0.6227214 0.00010007967 0)
(0.62180943 9.9464102e-05 0)
(0.62089445 9.8849167e-05 0)
(0.61997643 9.8234858e-05 0)
(0.61905534 9.7621172e-05 0)
(0.61813114 9.7008106e-05 0)
(0.61720382 9.6395658e-05 0)
(0.61627334 9.5783827e-05 0)
(0.61533967 9.517261e-05 0)
(0.61440278 9.4562005e-05 0)
(0.61346264 9.395201e-05 0)
(0.61251921 9.3342622e-05 0)
(0.61157247 9.273384e-05 0)
(0.61062239 9.2125662e-05 0)
(0.60966892 9.1518086e-05 0)
(0.60871204 9.0911113e-05 0)
(0.60775172 9.030474e-05 0)
(0.60678792 8.9698968e-05 0)
(0.6058206 8.9093793e-05 0)
(0.60484974 8.8489214e-05 0)
(0.6038753 8.7885231e-05 0)
(0.60289724 8.7281844e-05 0)
(0.60191552 8.6679054e-05 0)
(0.60093012 8.6076859e-05 0)
(0.59994099 8.547526e-05 0)
(0.5989481 8.4874254e-05 0)
(0.59795142 8.4273843e-05 0)
(0.59695089 8.3674025e-05 0)
(0.59594649 8.3074802e-05 0)
(0.59493818 8.2476176e-05 0)
(0.59392591 8.1878146e-05 0)
(0.59290965 8.1280715e-05 0)
(0.59188936 8.0683883e-05 0)
(0.59086499 8.0087651e-05 0)
(0.58983651 7.9492021e-05 0)
(0.58880388 7.8896999e-05 0)
(0.58776704 7.8302588e-05 0)
(0.58672597 7.7708794e-05 0)
(0.58568061 7.7115624e-05 0)
(0.58463092 7.6523088e-05 0)
(0.58357686 7.5931204e-05 0)
(0.58251838 7.5339989e-05 0)
(0.58145544 7.4749454e-05 0)
(0.58038798 7.4159576e-05 0)
(0.57931597 7.357014e-05 0)
(0.57823935 7.2980858e-05 0)
(0.57715809 7.239187e-05 0)
(0.57607213 7.1803662e-05 0)
(0.57498143 7.121609e-05 0)
(0.57388593 7.0630153e-05 0)
(0.57278556 7.0044505e-05 0)
(0.57168038 6.9454566e-05 0)
(0.57057001 6.8915805e-05 0)
(0.70107292 0.00015803693 0)
(0.70031955 0.00015735093 0)
(0.69956453 0.00015665953 0)
(0.69880724 0.00015594565 0)
(0.69804785 0.00015520725 0)
(0.69728687 0.0001544764 0)
(0.6965246 0.00015376278 0)
(0.69576111 0.00015306098 0)
(0.69499625 0.00015236376 0)
(0.69422988 0.0001516663 0)
(0.69346186 0.00015096669 0)
(0.69269213 0.00015026505 0)
(0.69192066 0.0001495623 0)
(0.69114743 0.00014885941 0)
(0.69037245 0.00014815711 0)
(0.6895957 0.00014745585 0)
(0.68881717 0.00014675592 0)
(0.68803687 0.00014605744 0)
(0.68725478 0.00014536049 0)
(0.68647088 0.00014466504 0)
(0.68568516 0.00014397105 0)
(0.68489761 0.00014327847 0)
(0.6841082 0.0001425872 0)
(0.68331693 0.00014189719 0)
(0.68252377 0.00014120836 0)
(0.68172869 0.00014052065 0)
(0.6809317 0.00013983401 0)
(0.68013275 0.00013914841 0)
(0.67933185 0.00013846379 0)
(0.67852896 0.00013778014 0)
(0.67772407 0.00013709744 0)
(0.67691716 0.00013641565 0)
(0.67610821 0.00013573477 0)
(0.6752972 0.00013505479 0)
(0.67448412 0.00013437568 0)
(0.67366893 0.00013369744 0)
(0.67285164 0.00013302006 0)
(0.6720322 0.00013234353 0)
(0.67121062 0.00013166783 0)
(0.67038685 0.00013099297 0)
(0.66956089 0.00013031892 0)
(0.66873272 0.00012964569 0)
(0.66790231 0.00012897326 0)
(0.66706964 0.00012830163 0)
(0.6662347 0.00012763079 0)
(0.66539745 0.00012696073 0)
(0.66455789 0.00012629145 0)
(0.66371599 0.00012562293 0)
(0.66287172 0.00012495518 0)
(0.66202507 0.00012428818 0)
(0.66117601 0.00012362194 0)
(0.66032452 0.00012295643 0)
(0.65947058 0.00012229167 0)
(0.65861416 0.00012162763 0)
(0.65775525 0.00012096432 0)
(0.65689382 0.00012030173 0)
(0.65602985 0.00011963985 0)
(0.6551633 0.00011897868 0)
(0.65429417 0.00011831821 0)
(0.65342242 0.00011765845 0)
(0.65254804 0.00011699937 0)
(0.65167099 0.00011634099 0)
(0.65079125 0.00011568329 0)
(0.6499088 0.00011502626 0)
(0.64902361 0.00011436991 0)
(0.64813565 0.00011371423 0)
(0.64724491 0.00011305921 0)
(0.64635135 0.00011240485 0)
(0.64545495 0.00011175115 0)
(0.64455568 0.00011109811 0)
(0.64365352 0.00011044571 0)
(0.64274843 0.00010979396 0)
(0.64184039 0.00010914285 0)
(0.64092938 0.00010849237 0)
(0.64001536 0.00010784253 0)
(0.63909831 0.00010719332 0)
(0.63817819 0.00010654474 0)
(0.63725499 0.00010589678 0)
(0.63632867 0.00010524944 0)
(0.63539919 0.00010460272 0)
(0.63446654 0.00010395661 0)
(0.63353068 0.00010331112 0)
(0.63259158 0.00010266624 0)
(0.6316492 0.00010202196 0)
(0.63070353 0.00010137829 0)
(0.62975452 0.00010073522 0)
(0.62880215 0.00010009275 0)
(0.62784639 9.9450887e-05 0)
(0.62688719 9.8809615e-05 0)
(0.62592453 9.8168938e-05 0)
(0.62495838 9.7528853e-05 0)
(0.6239887 9.688936e-05 0)
(0.62301545 9.6250459e-05 0)
(0.62203861 9.5612147e-05 0)
(0.62105813 9.4974425e-05 0)
(0.62007399 9.4337289e-05 0)
(0.61908615 9.3700738e-05 0)
(0.61809456 9.3064772e-05 0)
(0.61709921 9.2429392e-05 0)
(0.61610004 9.1794597e-05 0)
(0.61509702 9.1160388e-05 0)
(0.61409011 9.0526763e-05 0)
(0.61307928 8.9893721e-05 0)
(0.61206448 8.9261263e-05 0)
(0.61104568 8.8629388e-05 0)
(0.61002284 8.7998098e-05 0)
(0.60899591 8.7367395e-05 0)
(0.60796486 8.6737278e-05 0)
(0.60692965 8.610775e-05 0)
(0.60589023 8.5478811e-05 0)
(0.60484656 8.4850462e-05 0)
(0.6037986 8.4222706e-05 0)
(0.60274631 8.3595548e-05 0)
(0.60168964 8.2968993e-05 0)
(0.60062855 8.2343045e-05 0)
(0.59956299 8.1717713e-05 0)
(0.59849291 8.1093008e-05 0)
(0.59741828 8.0468948e-05 0)
(0.59633904 7.9845549e-05 0)
(0.59525514 7.9222824e-05 0)
(0.59416655 7.8600749e-05 0)
(0.5930732 7.7979103e-05 0)
(0.59197505 7.7357591e-05 0)
(0.59087206 7.6736357e-05 0)
(0.58976418 7.6115897e-05 0)
(0.58865135 7.5496066e-05 0)
(0.58753352 7.487791e-05 0)
(0.58641062 7.4259895e-05 0)
(0.58528269 7.3637974e-05 0)
(0.58414937 7.3066954e-05 0)
(0.71641861 0.00016658512 0)
(0.71566095 0.00016586645 0)
(0.71490155 0.00016514785 0)
(0.71413985 0.00016440917 0)
(0.71337596 0.00016364251 0)
(0.71261033 0.00016287863 0)
(0.71184328 0.00016212969 0)
(0.71107488 0.00016139274 0)
(0.71030503 0.00016066171 0)
(0.70953359 0.00015993178 0)
(0.70876043 0.00015920059 0)
(0.70798547 0.00015846776 0)
(0.70720868 0.00015773391 0)
(0.70643003 0.00015699984 0)
(0.70564952 0.00015626624 0)
(0.70486714 0.00015553357 0)
(0.70408288 0.00015480211 0)
(0.70329673 0.00015407203 0)
(0.70250868 0.00015334339 0)
(0.70171872 0.00015261621 0)
(0.70092684 0.00015189046 0)
(0.70013302 0.00015116609 0)
(0.69933724 0.00015044304 0)
(0.69853949 0.00014972123 0)
(0.69773974 0.0001490006 0)
(0.69693798 0.00014828108 0)
(0.69613419 0.00014756263 0)
(0.69532835 0.00014684521 0)
(0.69452044 0.00014612877 0)
(0.69371043 0.00014541329 0)
(0.69289832 0.00014469874 0)
(0.69208408 0.0001439851 0)
(0.69126769 0.00014327235 0)
(0.69044914 0.00014256048 0)
(0.68962839 0.00014184948 0)
(0.68880544 0.00014113933 0)
(0.68798027 0.00014043002 0)
(0.68715284 0.00013972155 0)
(0.68632315 0.00013901389 0)
(0.68549117 0.00013830706 0)
(0.68465688 0.00013760103 0)
(0.68382027 0.00013689579 0)
(0.6829813 0.00013619135 0)
(0.68213996 0.00013548768 0)
(0.68129623 0.00013478479 0)
(0.68045008 0.00013408267 0)
(0.6796015 0.00013338131 0)
(0.67875046 0.00013268069 0)
(0.67789693 0.00013198083 0)
(0.6770409 0.00013128171 0)
(0.67618235 0.00013058331 0)
(0.67532125 0.00012988565 0)
(0.67445758 0.0001291887 0)
(0.6735913 0.00012849247 0)
(0.67272242 0.00012779695 0)
(0.67185088 0.00012710213 0)
(0.67097668 0.000126408 0)
(0.67009979 0.00012571457 0)
(0.66922019 0.00012502182 0)
(0.66833784 0.00012432976 0)
(0.66745273 0.00012363837 0)
(0.66656483 0.00012294765 0)
(0.66567411 0.0001222576 0)
(0.66478054 0.00012156821 0)
(0.66388412 0.00012087947 0)
(0.66298479 0.00012019138 0)
(0.66208255 0.00011950394 0)
(0.66117735 0.00011881715 0)
(0.66026919 0.00011813099 0)
(0.65935802 0.00011744547 0)
(0.65844382 0.00011676058 0)
(0.65752656 0.00011607632 0)
(0.65660621 0.00011539267 0)
(0.65568275 0.00011470965 0)
(0.65475615 0.00011402724 0)
(0.65382638 0.00011334545 0)
(0.6528934 0.00011266426 0)
(0.65195719 0.00011198368 0)
(0.65101772 0.0001113037 0)
(0.65007495 0.00011062432 0)
(0.64912886 0.00010994554 0)
(0.64817942 0.00010926735 0)
(0.64722659 0.00010858975 0)
(0.64627034 0.00010791274 0)
(0.64531065 0.00010723632 0)
(0.64434747 0.00010656048 0)
(0.64338077 0.00010588522 0)
(0.64241053 0.00010521055 0)
(0.6414367 0.00010453645 0)
(0.64045926 0.00010386293 0)
(0.63947817 0.00010318998 0)
(0.63849339 0.00010251761 0)
(0.63750489 0.00010184581 0)
(0.63651263 0.00010117458 0)
(0.63551658 0.00010050392 0)
(0.6345167 9.9833826e-05 0)
(0.63351296 9.9164302e-05 0)
(0.63250531 9.8495344e-05 0)
(0.63149373 9.7826954e-05 0)
(0.63047816 9.7159131e-05 0)
(0.62945858 9.6491876e-05 0)
(0.62843493 9.5825187e-05 0)
(0.6274072 9.5159063e-05 0)
(0.62637532 9.4493505e-05 0)
(0.62533927 9.3828513e-05 0)
(0.624299 9.3164088e-05 0)
(0.62325447 9.2500232e-05 0)
(0.62220564 9.1836946e-05 0)
(0.62115246 9.1174231e-05 0)
(0.6200949 9.0512087e-05 0)
(0.6190329 8.9850517e-05 0)
(0.61796643 8.9189524e-05 0)
(0.61689543 8.8529112e-05 0)
(0.61581988 8.7869286e-05 0)
(0.6147397 8.7210052e-05 0)
(0.61365487 8.6551418e-05 0)
(0.61256534 8.5893396e-05 0)
(0.61147105 8.5236004e-05 0)
(0.61037195 8.457926e-05 0)
(0.609268 8.3923177e-05 0)
(0.60815915 8.3267729e-05 0)
(0.60704535 8.2612691e-05 0)
(0.60592654 8.1957758e-05 0)
(0.60480269 8.130308e-05 0)
(0.60367373 8.0649164e-05 0)
(0.60253961 7.9995863e-05 0)
(0.60140029 7.9344269e-05 0)
(0.60025568 7.8692659e-05 0)
(0.59910582 7.8037547e-05 0)
(0.59795034 7.7432925e-05 0)
(0.73178815 0.0001754373 0)
(0.73102801 0.00017468591 0)
(0.73026604 0.00017393974 0)
(0.72950174 0.00017317598 0)
(0.72873515 0.00017238126 0)
(0.72796668 0.00017158476 0)
(0.72719664 0.00017080069 0)
(0.72642512 0.00017002843 0)
(0.72565205 0.00016926319 0)
(0.72487731 0.00016850037 0)
(0.72410077 0.00016773725 0)
(0.72332234 0.00016697298 0)
(0.72254199 0.00016620783 0)
(0.72175967 0.00016544245 0)
(0.72097538 0.00016467742 0)
(0.72018911 0.00016391321 0)
(0.71940085 0.00016315008 0)
(0.71861059 0.00016238822 0)
(0.71781832 0.00016162773 0)
(0.71702403 0.00016086862 0)
(0.71622771 0.0001601109 0)
(0.71542933 0.00015935451 0)
(0.71462889 0.00015859941 0)
(0.71382637 0.00015784553 0)
(0.71302174 0.00015709282 0)
(0.71221498 0.00015634121 0)
(0.71140609 0.00015559066 0)
(0.71059503 0.00015484111 0)
(0.70978178 0.00015409254 0)
(0.70896634 0.0001533449 0)
(0.70814868 0.00015259817 0)
(0.70732877 0.00015185233 0)
(0.7065066 0.00015110736 0)
(0.70568215 0.00015036325 0)
(0.70485539 0.00014961998 0)
(0.70402632 0.00014887754 0)
(0.7031949 0.00014813592 0)
(0.70236112 0.00014739511 0)
(0.70152495 0.0001466551 0)
(0.70068637 0.00014591588 0)
(0.69984537 0.00014517743 0)
(0.69900192 0.00014443976 0)
(0.698156 0.00014370286 0)
(0.69730759 0.00014296671 0)
(0.69645667 0.00014223131 0)
(0.6956032 0.00014149665 0)
(0.69474718 0.00014076273 0)
(0.69388858 0.00014002953 0)
(0.69302737 0.00013929705 0)
(0.69216354 0.00013856529 0)
(0.69129705 0.00013783424 0)
(0.69042789 0.00013710388 0)
(0.68955603 0.00013637422 0)
(0.68868145 0.00013564525 0)
(0.68780412 0.00013491696 0)
(0.68692402 0.00013418935 0)
(0.68604112 0.00013346241 0)
(0.6851554 0.00013273613 0)
(0.68426684 0.00013201051 0)
(0.6833754 0.00013128555 0)
(0.68248107 0.00013056124 0)
(0.68158381 0.00012983757 0)
(0.6806836 0.00012911454 0)
(0.67978041 0.00012839214 0)
(0.67887422 0.00012767038 0)
(0.677965 0.00012694923 0)
(0.67705272 0.00012622871 0)
(0.67613736 0.00012550881 0)
(0.67521888 0.00012478951 0)
(0.67429726 0.00012407083 0)
(0.67337246 0.00012335274 0)
(0.67244447 0.00012263526 0)
(0.67151325 0.00012191837 0)
(0.67057877 0.00012120208 0)
(0.669641 0.00012048637 0)
(0.66869991 0.00011977125 0)
(0.66775547 0.0001190567 0)
(0.66680765 0.00011834274 0)
(0.66585642 0.00011762935 0)
(0.66490175 0.00011691654 0)
(0.66394361 0.00011620429 0)
(0.66298195 0.00011549261 0)
(0.66201676 0.0001147815 0)
(0.661048 0.00011407094 0)
(0.66007563 0.00011336095 0)
(0.65909962 0.00011265151 0)
(0.65811993 0.00011194262 0)
(0.65713654 0.00011123429 0)
(0.65614941 0.00011052652 0)
(0.6551585 0.00010981928 0)
(0.65416378 0.0001091126 0)
(0.6531652 0.00010840646 0)
(0.65216274 0.00010770087 0)
(0.65115636 0.00010699582 0)
(0.65014602 0.00010629132 0)
(0.64913168 0.00010558735 0)
(0.6481133 0.00010488393 0)
(0.64709085 0.00010418105 0)
(0.64606428 0.00010347871 0)
(0.64503356 0.0001027769 0)
(0.64399865 0.00010207564 0)
(0.6429595 0.00010137492 0)
(0.64191607 0.00010067474 0)
(0.64086833 9.9975095e-05 0)
(0.63981623 9.9275992e-05 0)
(0.63875973 9.8577429e-05 0)
(0.63769878 9.787941e-05 0)
(0.63663334 9.7181934e-05 0)
(0.63556337 9.6485004e-05 0)
(0.63448883 9.578862e-05 0)
(0.63340966 9.5092785e-05 0)
(0.63232582 9.43975e-05 0)
(0.63123726 9.3702773e-05 0)
(0.63014394 9.3008606e-05 0)
(0.62904581 9.2315008e-05 0)
(0.62794283 9.1621985e-05 0)
(0.62683493 9.0929551e-05 0)
(0.62572207 9.0237724e-05 0)
(0.62460421 8.9546523e-05 0)
(0.62348128 8.8855961e-05 0)
(0.62235324 8.8166012e-05 0)
(0.62122004 8.7476444e-05 0)
(0.62008162 8.6786946e-05 0)
(0.61893794 8.609767e-05 0)
(0.61778893 8.5409135e-05 0)
(0.61663455 8.4721195e-05 0)
(0.61547474 8.4034985e-05 0)
(0.61430941 8.3348589e-05 0)
(0.61313862 8.2659114e-05 0)
(0.61196197 8.2019593e-05 0)
(0.74714412 0.00018458117 0)
(0.7463835 0.00018379724 0)
(0.74562095 0.00018302333 0)
(0.74485602 0.0001822344 0)
(0.74408872 0.00018141199 0)
(0.74331939 0.00018058346 0)
(0.74254833 0.00017976472 0)
(0.74177565 0.0001789573 0)
(0.74100132 0.00017815775 0)
(0.74022523 0.00017736182 0)
(0.73944724 0.00017656658 0)
(0.73866728 0.00017577077 0)
(0.73788529 0.00017497433 0)
(0.73710124 0.00017417766 0)
(0.7363151 0.00017338127 0)
(0.73552687 0.00017258556 0)
(0.73473653 0.00017179082 0)
(0.73394408 0.00017099723 0)
(0.73314951 0.00017020489 0)
(0.7323528 0.00016941386 0)
(0.73155393 0.00016862414 0)
(0.7307529 0.00016783569 0)
(0.72994969 0.00016704849 0)
(0.72914428 0.00016626248 0)
(0.72833664 0.0001654776 0)
(0.72752677 0.0001646938 0)
(0.72671464 0.00016391102 0)
(0.72590024 0.00016312923 0)
(0.72508353 0.00016234838 0)
(0.7242645 0.00016156844 0)
(0.72344314 0.00016078939 0)
(0.72261941 0.00016001119 0)
(0.7217933 0.00015923383 0)
(0.72096479 0.00015845729 0)
(0.72013386 0.00015768156 0)
(0.71930049 0.00015690663 0)
(0.71846465 0.00015613248 0)
(0.71762633 0.0001553591 0)
(0.7167855 0.00015458649 0)
(0.71594213 0.00015381464 0)
(0.71509622 0.00015304353 0)
(0.71424774 0.00015227315 0)
(0.71339666 0.00015150351 0)
(0.71254296 0.00015073458 0)
(0.71168663 0.00014996637 0)
(0.71082763 0.00014919887 0)
(0.70996594 0.00014843206 0)
(0.70910154 0.00014766595 0)
(0.70823441 0.00014690052 0)
(0.70736452 0.00014613577 0)
(0.70649185 0.00014537169 0)
(0.70561638 0.00014460827 0)
(0.70473807 0.00014384552 0)
(0.70385691 0.00014308341 0)
(0.70297287 0.00014232195 0)
(0.70208593 0.00014156113 0)
(0.70119605 0.00014080095 0)
(0.70030321 0.00014004139 0)
(0.6994074 0.00013928246 0)
(0.69850857 0.00013852414 0)
(0.69760671 0.00013776644 0)
(0.69670178 0.00013700935 0)
(0.69579376 0.00013625285 0)
(0.69488263 0.00013549696 0)
(0.69396835 0.00013474165 0)
(0.6930509 0.00013398693 0)
(0.69213024 0.0001332328 0)
(0.69120636 0.00013247925 0)
(0.69027922 0.00013172627 0)
(0.68934878 0.00013097386 0)
(0.68841503 0.00013022202 0)
(0.68747793 0.00012947074 0)
(0.68653745 0.00012872002 0)
(0.68559357 0.00012796985 0)
(0.68464624 0.00012722023 0)
(0.68369545 0.00012647116 0)
(0.68274115 0.00012572264 0)
(0.68178331 0.00012497465 0)
(0.68082191 0.00012422721 0)
(0.67985691 0.0001234803 0)
(0.67888828 0.00012273392 0)
(0.67791598 0.00012198807 0)
(0.67693999 0.00012124274 0)
(0.67596026 0.00012049794 0)
(0.67497676 0.00011975367 0)
(0.67398946 0.00011900991 0)
(0.67299832 0.00011826667 0)
(0.67200331 0.00011752394 0)
(0.67100439 0.00011678173 0)
(0.67000152 0.00011604003 0)
(0.66899467 0.00011529884 0)
(0.66798379 0.00011455816 0)
(0.66696886 0.00011381799 0)
(0.66594984 0.00011307832 0)
(0.66492667 0.00011233916 0)
(0.66389934 0.00011160051 0)
(0.66286778 0.00011086236 0)
(0.66183198 0.00011012471 0)
(0.66079188 0.00010938757 0)
(0.65974744 0.00010865093 0)
(0.65869863 0.00010791479 0)
(0.65764539 0.00010717916 0)
(0.6565877 0.00010644403 0)
(0.65552549 0.0001057094 0)
(0.65445874 0.00010497528 0)
(0.6533874 0.00010424166 0)
(0.65231141 0.00010350855 0)
(0.65123075 0.00010277595 0)
(0.65014535 0.00010204386 0)
(0.64905518 0.00010131228 0)
(0.64796018 0.00010058121 0)
(0.64686031 9.9850657e-05 0)
(0.64575553 9.9120627e-05 0)
(0.64464577 9.8391125e-05 0)
(0.643531 9.7662155e-05 0)
(0.64241116 9.6933728e-05 0)
(0.6412862 9.6205857e-05 0)
(0.64015606 9.547856e-05 0)
(0.63902071 9.4751858e-05 0)
(0.63788007 9.4025763e-05 0)
(0.63673411 9.3300249e-05 0)
(0.63558275 9.2575078e-05 0)
(0.63442596 9.1849931e-05 0)
(0.63326368 9.1124965e-05 0)
(0.63209585 9.0400709e-05 0)
(0.63092241 8.9677018e-05 0)
(0.62974331 8.8955069e-05 0)
(0.62855847 8.8232757e-05 0)
(0.62736792 8.7507795e-05 0)
(0.62617127 8.6832139e-05 0)
(0.76244593 0.00019400053 0)
(0.76168697 0.00019318448 0)
(0.76092601 0.0001923829 0)
(0.7601626 0.0001915689 0)
(0.75939674 0.00019071934 0)
(0.75862871 0.00018985962 0)
(0.75785879 0.00018900696 0)
(0.7570871 0.00018816483 0)
(0.75631364 0.00018733115 0)
(0.75553831 0.00018650217 0)
(0.754761 0.00018567485 0)
(0.75398162 0.00018484761 0)
(0.75320011 0.00018402004 0)
(0.75241643 0.00018319232 0)
(0.75163055 0.00018236482 0)
(0.75084247 0.0001815379 0)
(0.75005216 0.00018071181 0)
(0.74925961 0.00017988674 0)
(0.74846483 0.00017906281 0)
(0.74766778 0.00017824008 0)
(0.74686846 0.00017741856 0)
(0.74606686 0.00017659824 0)
(0.74526295 0.0001757791 0)
(0.74445673 0.00017496109 0)
(0.74364816 0.00017414418 0)
(0.74283724 0.00017332829 0)
(0.74202393 0.0001725134 0)
(0.74120823 0.00017169945 0)
(0.74039011 0.0001708864 0)
(0.73956954 0.00017007423 0)
(0.73874652 0.00016926289 0)
(0.73792101 0.00016845237 0)
(0.737093 0.00016764265 0)
(0.73626246 0.0001668337 0)
(0.73542937 0.00016602552 0)
(0.73459372 0.00016521809 0)
(0.73375548 0.00016441139 0)
(0.73291462 0.00016360543 0)
(0.73207113 0.00016280018 0)
(0.73122498 0.00016199563 0)
(0.73037615 0.00016119179 0)
(0.72952463 0.00016038864 0)
(0.72867037 0.00015958616 0)
(0.72781337 0.00015878436 0)
(0.7269536 0.00015798323 0)
(0.72609103 0.00015718276 0)
(0.72522564 0.00015638293 0)
(0.72435741 0.00015558375 0)
(0.72348631 0.00015478521 0)
(0.72261233 0.0001539873 0)
(0.72173542 0.00015319002 0)
(0.72085557 0.00015239335 0)
(0.71997276 0.00015159728 0)
(0.71908695 0.00015080183 0)
(0.71819812 0.00015000697 0)
(0.71730625 0.0001492127 0)
(0.71641131 0.00014841902 0)
(0.71551326 0.00014762592 0)
(0.7146121 0.0001468334 0)
(0.71370778 0.00014604144 0)
(0.71280028 0.00014525005 0)
(0.71188958 0.00014445922 0)
(0.71097564 0.00014366894 0)
(0.71005843 0.00014287921 0)
(0.70913794 0.00014209003 0)
(0.70821412 0.00014130138 0)
(0.70728695 0.00014051327 0)
(0.7063564 0.00013972568 0)
(0.70542244 0.00013893863 0)
(0.70448504 0.0001381521 0)
(0.70354417 0.00013736608 0)
(0.70259979 0.00013658058 0)
(0.70165188 0.00013579558 0)
(0.70070041 0.0001350111 0)
(0.69974534 0.00013422711 0)
(0.69878664 0.00013344362 0)
(0.69782428 0.00013266063 0)
(0.69685823 0.00013187813 0)
(0.69588845 0.00013109612 0)
(0.6949149 0.0001303146 0)
(0.69393756 0.00012953356 0)
(0.69295639 0.000128753 0)
(0.69197135 0.00012797292 0)
(0.69098241 0.00012719331 0)
(0.68998954 0.00012641417 0)
(0.68899269 0.00012563551 0)
(0.68799183 0.00012485731 0)
(0.68698693 0.00012407959 0)
(0.68597794 0.00012330232 0)
(0.68496483 0.00012252552 0)
(0.68394756 0.00012174919 0)
(0.68292609 0.00012097331 0)
(0.68190039 0.00012019789 0)
(0.6808704 0.00011942293 0)
(0.6798361 0.00011864843 0)
(0.67879744 0.00011787438 0)
(0.67775439 0.00011710079 0)
(0.67670689 0.00011632766 0)
(0.6756549 0.00011555498 0)
(0.67459839 0.00011478276 0)
(0.67353732 0.00011401099 0)
(0.67247163 0.00011323968 0)
(0.67140128 0.00011246883 0)
(0.67032623 0.00011169843 0)
(0.66924643 0.00011092849 0)
(0.66816184 0.000110159 0)
(0.66707241 0.00010938998 0)
(0.6659781 0.00010862141 0)
(0.66487885 0.00010785331 0)
(0.66377461 0.00010708568 0)
(0.66266535 0.00010631851 0)
(0.661551 0.00010555181 0)
(0.66043152 0.00010478559 0)
(0.65930686 0.00010401985 0)
(0.65817697 0.00010325459 0)
(0.65704179 0.00010248984 0)
(0.65590127 0.00010172559 0)
(0.65475535 0.00010096188 0)
(0.65360399 0.00010019872 0)
(0.65244712 9.9436125e-05 0)
(0.6512847 9.8674067e-05 0)
(0.65011665 9.7912302e-05 0)
(0.64894294 9.7150504e-05 0)
(0.6477635 9.6388835e-05 0)
(0.64657827 9.5627834e-05 0)
(0.6453872 9.4867357e-05 0)
(0.64419022 9.4108622e-05 0)
(0.64298726 9.3349336e-05 0)
(0.64177833 9.2587833e-05 0)
(0.64056307 9.1874889e-05 0)
(0.7776498 0.00020367487 0)
(0.77689486 0.00020282737 0)
(0.77613781 0.00020199848 0)
(0.77537824 0.00020115975 0)
(0.77461614 0.00020028378 0)
(0.77385174 0.00019939393 0)
(0.77308528 0.00019850839 0)
(0.77231691 0.00019763237 0)
(0.77154663 0.00019676508 0)
(0.77077437 0.00019590339 0)
(0.77000002 0.00019504429 0)
(0.76922352 0.00019418595 0)
(0.76844477 0.00019332765 0)
(0.76766375 0.00019246935 0)
(0.76688042 0.00019161124 0)
(0.76609476 0.00019075361 0)
(0.76530676 0.00018989668 0)
(0.7645164 0.00018904064 0)
(0.76372367 0.00018818561 0)
(0.76292857 0.00018733164 0)
(0.76213107 0.00018647878 0)
(0.76133115 0.00018562702 0)
(0.76052881 0.00018477635 0)
(0.75972403 0.00018392674 0)
(0.75891678 0.00018307816 0)
(0.75810705 0.00018223055 0)
(0.75729482 0.00018138387 0)
(0.75648006 0.00018053808 0)
(0.75566276 0.00017969315 0)
(0.75484289 0.00017884903 0)
(0.75402044 0.0001780057 0)
(0.75319537 0.00017716313 0)
(0.75236767 0.0001763213 0)
(0.75153732 0.00017548019 0)
(0.7507043 0.00017463979 0)
(0.74986857 0.00017380008 0)
(0.74903013 0.00017296105 0)
(0.74818894 0.00017212268 0)
(0.74734499 0.00017128497 0)
(0.74649825 0.00017044791 0)
(0.74564869 0.00016961149 0)
(0.74479631 0.0001687757 0)
(0.74394106 0.00016794053 0)
(0.74308293 0.00016710597 0)
(0.74222189 0.00016627202 0)
(0.74135792 0.00016543866 0)
(0.740491 0.0001646059 0)
(0.7396211 0.00016377372 0)
(0.73874819 0.00016294212 0)
(0.73787225 0.00016211108 0)
(0.73699325 0.00016128061 0)
(0.73611117 0.0001604507 0)
(0.73522598 0.00015962133 0)
(0.73433765 0.00015879251 0)
(0.73344617 0.00015796423 0)
(0.73255149 0.00015713647 0)
(0.7316536 0.00015630924 0)
(0.73075246 0.00015548253 0)
(0.72984806 0.00015465633 0)
(0.72894035 0.00015383065 0)
(0.72802932 0.00015300546 0)
(0.72711493 0.00015218078 0)
(0.72619715 0.00015135658 0)
(0.72527596 0.00015053288 0)
(0.72435132 0.00014970965 0)
(0.72342321 0.0001488869 0)
(0.72249159 0.00014806463 0)
(0.72155644 0.00014724282 0)
(0.72061772 0.00014642148 0)
(0.7196754 0.0001456006 0)
(0.71872946 0.00014478018 0)
(0.71777985 0.0001439602 0)
(0.71682655 0.00014314068 0)
(0.71586952 0.0001423216 0)
(0.71490873 0.00014150296 0)
(0.71394415 0.00014068476 0)
(0.71297574 0.00013986698 0)
(0.71200347 0.00013904965 0)
(0.71102731 0.00013823274 0)
(0.71004721 0.00013741625 0)
(0.70906315 0.00013660018 0)
(0.70807509 0.00013578454 0)
(0.70708298 0.0001349693 0)
(0.70608681 0.00013415449 0)
(0.70508652 0.00013334008 0)
(0.70408208 0.00013252608 0)
(0.70307346 0.0001317125 0)
(0.70206061 0.00013089931 0)
(0.70104349 0.00013008653 0)
(0.70002208 0.00012927415 0)
(0.69899632 0.00012846218 0)
(0.69796617 0.0001276506 0)
(0.69693161 0.00012683942 0)
(0.69589257 0.00012602863 0)
(0.69484903 0.00012521825 0)
(0.69380095 0.00012440826 0)
(0.69274826 0.00012359866 0)
(0.69169095 0.00012278946 0)
(0.69062896 0.00012198065 0)
(0.68956224 0.00012117224 0)
(0.68849075 0.00012036423 0)
(0.68741446 0.00011955661 0)
(0.6863333 0.00011874938 0)
(0.68524724 0.00011794255 0)
(0.68415622 0.00011713612 0)
(0.68306021 0.00011633009 0)
(0.68195914 0.00011552445 0)
(0.68085298 0.00011471922 0)
(0.67974167 0.00011391439 0)
(0.67862516 0.00011310996 0)
(0.6775034 0.00011230595 0)
(0.67637635 0.00011150234 0)
(0.67524394 0.00011069916 0)
(0.67410613 0.00010989639 0)
(0.67296285 0.00010909406 0)
(0.67181407 0.00010829217 0)
(0.67065972 0.00010749073 0)
(0.66949974 0.00010668976 0)
(0.66833408 0.0001058893 0)
(0.66716268 0.00010508934 0)
(0.66598548 0.00010428986 0)
(0.66480243 0.00010349062 0)
(0.66361346 0.00010269127 0)
(0.66241852 0.00010189199 0)
(0.66121755 0.00010109331 0)
(0.66001049 0.00010029511 0)
(0.65879727 9.9498644e-05 0)
(0.6575778 9.8701421e-05 0)
(0.65635212 9.7902413e-05 0)
(0.65511985 9.715113e-05 0)
(0.79270905 0.00021357907 0)
(0.79196061 0.00021270113 0)
(0.79120996 0.00021184556 0)
(0.79045672 0.00021098271 0)
(0.78970086 0.00021008131 0)
(0.78894257 0.00020916264 0)
(0.78818207 0.00020824557 0)
(0.7874195 0.00020733679 0)
(0.78665488 0.00020643678 0)
(0.78588815 0.00020554308 0)
(0.78511924 0.00020465281 0)
(0.78434806 0.00020376398 0)
(0.78357454 0.00020287561 0)
(0.78279863 0.00020198741 0)
(0.7820203 0.00020109944 0)
(0.78123952 0.00020021186 0)
(0.78045628 0.00019932488 0)
(0.77967056 0.00019843863 0)
(0.77888235 0.00019755324 0)
(0.77809163 0.00019666879 0)
(0.77729839 0.00019578531 0)
(0.77650261 0.00019490281 0)
(0.77570427 0.0001940213 0)
(0.77490337 0.00019314075 0)
(0.77409987 0.00019226114 0)
(0.77329377 0.00019138243 0)
(0.77248503 0.00019050457 0)
(0.77167364 0.00018962754 0)
(0.77085958 0.00018875128 0)
(0.77004283 0.00018787578 0)
(0.76922335 0.000187001 0)
(0.76840114 0.00018612691 0)
(0.76757617 0.00018525349 0)
(0.76674841 0.00018438072 0)
(0.76591784 0.00018350858 0)
(0.76508445 0.00018263706 0)
(0.7642482 0.00018176615 0)
(0.76340907 0.00018089583 0)
(0.76256704 0.0001800261 0)
(0.76172209 0.00017915694 0)
(0.7608742 0.00017828834 0)
(0.76002333 0.00017742029 0)
(0.75916946 0.0001765528 0)
(0.75831257 0.00017568584 0)
(0.75745264 0.00017481941 0)
(0.75658964 0.00017395351 0)
(0.75572354 0.00017308812 0)
(0.75485432 0.00017222324 0)
(0.75398195 0.00017135886 0)
(0.7531064 0.00017049498 0)
(0.75222766 0.00016963158 0)
(0.75134569 0.00016876867 0)
(0.75046046 0.00016790623 0)
(0.74957196 0.00016704425 0)
(0.74868014 0.00016618274 0)
(0.74778499 0.00016532169 0)
(0.74688647 0.00016446108 0)
(0.74598456 0.00016360092 0)
(0.74507923 0.0001627412 0)
(0.74417044 0.00016188191 0)
(0.74325817 0.00016102304 0)
(0.7423424 0.0001601646 0)
(0.74142308 0.00015930658 0)
(0.74050019 0.00015844897 0)
(0.73957371 0.00015759176 0)
(0.73864358 0.00015673496 0)
(0.7377098 0.00015587855 0)
(0.73677232 0.00015502253 0)
(0.73583111 0.00015416691 0)
(0.73488614 0.00015331167 0)
(0.73393738 0.00015245681 0)
(0.73298479 0.00015160233 0)
(0.73202835 0.00015074821 0)
(0.73106801 0.00014989447 0)
(0.73010374 0.00014904109 0)
(0.72913551 0.00014818807 0)
(0.72816329 0.00014733541 0)
(0.72718703 0.0001464831 0)
(0.7262067 0.00014563115 0)
(0.72522227 0.00014477954 0)
(0.72423369 0.00014392828 0)
(0.72324094 0.00014307737 0)
(0.72224397 0.00014222679 0)
(0.72124275 0.00014137655 0)
(0.72023724 0.00014052664 0)
(0.71922739 0.00013967707 0)
(0.71821318 0.00013882783 0)
(0.71719455 0.00013797892 0)
(0.71617148 0.00013713034 0)
(0.71514391 0.00013628209 0)
(0.71411181 0.00013543416 0)
(0.71307513 0.00013458655 0)
(0.71203384 0.00013373926 0)
(0.71098789 0.0001328923 0)
(0.70993724 0.00013204566 0)
(0.70888184 0.00013119934 0)
(0.70782165 0.00013035334 0)
(0.70675663 0.00012950766 0)
(0.70568672 0.00012866229 0)
(0.70461189 0.00012781725 0)
(0.70353208 0.00012697253 0)
(0.70244726 0.00012612813 0)
(0.70135736 0.00012528405 0)
(0.70026235 0.00012444029 0)
(0.69916217 0.00012359685 0)
(0.69805678 0.00012275374 0)
(0.69694612 0.00012191095 0)
(0.69583015 0.00012106849 0)
(0.69470881 0.00012022636 0)
(0.69358205 0.00011938457 0)
(0.69244981 0.0001185431 0)
(0.69131205 0.00011770198 0)
(0.69016871 0.0001168612 0)
(0.68901973 0.00011602077 0)
(0.68786506 0.0001151807 0)
(0.68670464 0.00011434099 0)
(0.68553842 0.00011350167 0)
(0.68436633 0.00011266276 0)
(0.68318831 0.00011182427 0)
(0.68200432 0.00011098622 0)
(0.68081428 0.00011014858 0)
(0.67961814 0.0001093111 0)
(0.67841583 0.00010847343 0)
(0.67720729 0.00010763574 0)
(0.67599247 0.0001067986 0)
(0.67477129 0.00010596186 0)
(0.67354369 0.00010512682 0)
(0.67230959 0.00010429082 0)
(0.671069 0.00010345346 0)
(0.66982156 0.00010266291 0)
(0.80757426 0.00022368319 0)
(0.80683496 0.00022277611 0)
(0.80609334 0.00022189484 0)
(0.80534906 0.00022100876 0)
(0.80460208 0.00022008316 0)
(0.80385254 0.00021913724 0)
(0.80310063 0.00021819029 0)
(0.80234649 0.00021725026 0)
(0.80159016 0.00021631881 0)
(0.80083161 0.00021539415 0)
(0.80007075 0.00021447366 0)
(0.79930751 0.00021355525 0)
(0.79854182 0.00021263774 0)
(0.79777364 0.00021172064 0)
(0.79700292 0.00021080382 0)
(0.79622964 0.00020988735 0)
(0.79545377 0.00020897135 0)
(0.7946753 0.00020805595 0)
(0.79389422 0.00020714127 0)
(0.79311049 0.00020622736 0)
(0.79232412 0.00020531428 0)
(0.79153508 0.00020440205 0)
(0.79074336 0.00020349067 0)
(0.78994894 0.00020258015 0)
(0.7891518 0.00020167044 0)
(0.78835192 0.00020076154 0)
(0.78754928 0.0001998534 0)
(0.78674386 0.000198946 0)
(0.78593563 0.00019803929 0)
(0.78512458 0.00019713324 0)
(0.78431068 0.00019622783 0)
(0.78349391 0.00019532303 0)
(0.78267425 0.00019441881 0)
(0.78185167 0.00019351516 0)
(0.78102615 0.00019261206 0)
(0.78019766 0.00019170948 0)
(0.77936618 0.00019080743 0)
(0.77853169 0.00018990588 0)
(0.77769417 0.00018900482 0)
(0.77685358 0.00018810425 0)
(0.77600991 0.00018720415 0)
(0.77516312 0.00018630451 0)
(0.7743132 0.00018540534 0)
(0.77346012 0.00018450661 0)
(0.77260385 0.00018360832 0)
(0.77174437 0.00018271046 0)
(0.77088165 0.00018181303 0)
(0.77001566 0.00018091601 0)
(0.76914638 0.00018001941 0)
(0.76827378 0.00017912321 0)
(0.76739783 0.00017822741 0)
(0.76651851 0.000177332 0)
(0.76563579 0.00017643697 0)
(0.76474963 0.00017554232 0)
(0.76386002 0.00017464804 0)
(0.76296691 0.00017375413 0)
(0.7620703 0.00017286057 0)
(0.76117013 0.00017196737 0)
(0.76026639 0.00017107451 0)
(0.75935904 0.000170182 0)
(0.75844805 0.00016928982 0)
(0.7575334 0.00016839798 0)
(0.75661505 0.00016750646 0)
(0.75569297 0.00016661526 0)
(0.75476713 0.00016572437 0)
(0.75383749 0.00016483379 0)
(0.75290403 0.00016394352 0)
(0.7519667 0.00016305356 0)
(0.75102549 0.00016216389 0)
(0.75008035 0.00016127451 0)
(0.74913125 0.00016038542 0)
(0.74817815 0.00015949662 0)
(0.74722103 0.0001586081 0)
(0.74625984 0.00015771985 0)
(0.74529456 0.00015683188 0)
(0.74432513 0.00015594417 0)
(0.74335154 0.00015505673 0)
(0.74237374 0.00015416956 0)
(0.74139169 0.00015328264 0)
(0.74040536 0.00015239598 0)
(0.73941471 0.00015150958 0)
(0.73841969 0.00015062342 0)
(0.73742028 0.00014973752 0)
(0.73641644 0.00014885186 0)
(0.73540811 0.00014796644 0)
(0.73439526 0.00014708127 0)
(0.73337786 0.00014619634 0)
(0.73235586 0.00014531164 0)
(0.73132921 0.00014442718 0)
(0.73029788 0.00014354296 0)
(0.72926182 0.00014265897 0)
(0.72822099 0.00014177521 0)
(0.72717535 0.00014089168 0)
(0.72612485 0.00014000838 0)
(0.72506944 0.00013912531 0)
(0.72400909 0.00013824248 0)
(0.72294374 0.00013735987 0)
(0.72187335 0.00013647748 0)
(0.72079787 0.00013559533 0)
(0.71971725 0.00013471341 0)
(0.71863145 0.00013383171 0)
(0.71754041 0.00013295025 0)
(0.71644409 0.00013206902 0)
(0.71534244 0.00013118801 0)
(0.71423539 0.00013030724 0)
(0.71312292 0.0001294267 0)
(0.71200495 0.0001285464 0)
(0.71088144 0.00012766634 0)
(0.70975234 0.00012678651 0)
(0.70861759 0.00012590693 0)
(0.70747713 0.00012502759 0)
(0.70633091 0.00012414851 0)
(0.70517887 0.00012326967 0)
(0.70402096 0.0001223911 0)
(0.70285712 0.0001215128 0)
(0.70168728 0.00012063478 0)
(0.7005114 0.00011975706 0)
(0.6993294 0.00011887965 0)
(0.69814123 0.00011800258 0)
(0.69694682 0.00011712587 0)
(0.69574612 0.00011624949 0)
(0.69453905 0.00011537316 0)
(0.69332555 0.00011449655 0)
(0.69210557 0.00011361982 0)
(0.69087903 0.00011274356 0)
(0.68964588 0.00011186761 0)
(0.68840603 0.00011099332 0)
(0.6871594 0.00011011784 0)
(0.68590601 0.00010924141 0)
(0.68464549 0.00010841082 0)
(0.82219368 0.00023395223 0)
(0.82146628 0.00023301765 0)
(0.82073645 0.00023211199 0)
(0.82000389 0.00023120391 0)
(0.81926854 0.00023025561 0)
(0.81853051 0.00022928427 0)
(0.81778996 0.00022830943 0)
(0.81704704 0.00022734003 0)
(0.81630177 0.00022637878 0)
(0.81555413 0.00022542463 0)
(0.81480408 0.00022447522 0)
(0.81405155 0.00022352849 0)
(0.81329645 0.0002225831 0)
(0.81253875 0.00022163837 0)
(0.8117784 0.00022069403 0)
(0.81101537 0.00021975 0)
(0.81024963 0.00021880635 0)
(0.80948117 0.00021786317 0)
(0.80870997 0.00021692053 0)
(0.807936 0.00021597852 0)
(0.80715926 0.00021503718 0)
(0.80637973 0.00021409652 0)
(0.80559738 0.00021315658 0)
(0.8048122 0.00021221735 0)
(0.80402418 0.00021127881 0)
(0.80323328 0.00021034095 0)
(0.8024395 0.00020940374 0)
(0.8016428 0.00020846715 0)
(0.80084317 0.00020753116 0)
(0.80004058 0.00020659572 0)
(0.79923501 0.00020566082 0)
(0.79842643 0.00020472643 0)
(0.79761483 0.00020379252 0)
(0.79680018 0.00020285907 0)
(0.79598245 0.00020192607 0)
(0.79516163 0.00020099349 0)
(0.79433767 0.00020006133 0)
(0.79351057 0.00019912957 0)
(0.7926803 0.0001981982 0)
(0.79184682 0.0001972672 0)
(0.79101012 0.00019633658 0)
(0.79017016 0.00019540631 0)
(0.78932693 0.00019447639 0)
(0.7884804 0.00019354681 0)
(0.78763053 0.00019261756 0)
(0.78677731 0.00019168864 0)
(0.78592071 0.00019076004 0)
(0.78506069 0.00018983175 0)
(0.78419723 0.00018890376 0)
(0.78333031 0.00018797607 0)
(0.78245989 0.00018704868 0)
(0.78158595 0.00018612156 0)
(0.78070846 0.00018519472 0)
(0.77982739 0.00018426815 0)
(0.7789427 0.00018334184 0)
(0.77805437 0.00018241579 0)
(0.77716237 0.00018148999 0)
(0.77626667 0.00018056443 0)
(0.77536724 0.00017963912 0)
(0.77446404 0.00017871404 0)
(0.77355705 0.00017778919 0)
(0.77264624 0.00017686456 0)
(0.77173156 0.00017594015 0)
(0.77081299 0.00017501595 0)
(0.7698905 0.00017409195 0)
(0.76896405 0.00017316816 0)
(0.76803361 0.00017224457 0)
(0.76709914 0.00017132117 0)
(0.76616061 0.00017039796 0)
(0.76521799 0.00016947493 0)
(0.76427124 0.00016855209 0)
(0.76332032 0.00016762942 0)
(0.76236521 0.00016670692 0)
(0.76140585 0.00016578459 0)
(0.76044222 0.00016486243 0)
(0.75947428 0.00016394042 0)
(0.75850199 0.00016301857 0)
(0.75752531 0.00016209688 0)
(0.7565442 0.00016117534 0)
(0.75555863 0.00016025394 0)
(0.75456856 0.00015933269 0)
(0.75357394 0.00015841159 0)
(0.75257474 0.00015749062 0)
(0.75157091 0.00015656979 0)
(0.75056241 0.00015564909 0)
(0.7495492 0.00015472853 0)
(0.74853124 0.0001538081 0)
(0.74750849 0.0001528878 0)
(0.7464809 0.00015196762 0)
(0.74544843 0.00015104757 0)
(0.74441103 0.00015012765 0)
(0.74336866 0.00014920785 0)
(0.74232127 0.00014828817 0)
(0.74126882 0.00014736861 0)
(0.74021126 0.00014644918 0)
(0.73914855 0.00014552986 0)
(0.73808062 0.00014461066 0)
(0.73700745 0.00014369159 0)
(0.73592897 0.00014277263 0)
(0.73484514 0.0001418538 0)
(0.73375591 0.00014093508 0)
(0.73266122 0.00014001649 0)
(0.73156103 0.00013909802 0)
(0.73045529 0.00013817967 0)
(0.72934393 0.00013726145 0)
(0.7282269 0.00013634335 0)
(0.72710416 0.00013542538 0)
(0.72597565 0.00013450754 0)
(0.7248413 0.00013358983 0)
(0.72370107 0.00013267226 0)
(0.7225549 0.00013175482 0)
(0.72140272 0.00013083753 0)
(0.72024449 0.00012992038 0)
(0.71908013 0.00012900339 0)
(0.7179096 0.00012808656 0)
(0.71673282 0.00012716991 0)
(0.71554974 0.00012625345 0)
(0.71436029 0.0001253372 0)
(0.71316441 0.00012442119 0)
(0.71196204 0.00012350543 0)
(0.7107531 0.00012258989 0)
(0.70953754 0.00012167431 0)
(0.70831528 0.00012075831 0)
(0.70708626 0.00011984209 0)
(0.70585041 0.00011892622 0)
(0.70460767 0.00011801058 0)
(0.70335795 0.00011709652 0)
(0.70210118 0.00011618104 0)
(0.70083735 0.00011526498 0)
(0.69956611 0.00011439376 0)
(0.83651369 0.00024434607 0)
(0.83580105 0.00024338598 0)
(0.83508587 0.00024245762 0)
(0.83436788 0.00024152908 0)
(0.83364701 0.00024055987 0)
(0.83292336 0.00023956524 0)
(0.83219705 0.00023856478 0)
(0.83146821 0.00023756825 0)
(0.83073688 0.00023657926 0)
(0.83000305 0.00023559747 0)
(0.82926668 0.00023462086 0)
(0.82852771 0.00023364742 0)
(0.82778608 0.00023267576 0)
(0.82704173 0.00023170502 0)
(0.82629463 0.00023073477 0)
(0.82554472 0.00022976485 0)
(0.824792 0.00022879523 0)
(0.82403643 0.00022782594 0)
(0.82327799 0.00022685704 0)
(0.82251668 0.0002258886 0)
(0.82175245 0.00022492065 0)
(0.82098531 0.00022395322 0)
(0.82021523 0.00022298634 0)
(0.8194422 0.00022202002 0)
(0.81866618 0.00022105423 0)
(0.81788717 0.00022008898 0)
(0.81710513 0.00021912425 0)
(0.81632006 0.00021816 0)
(0.81553192 0.00021719622 0)
(0.81474069 0.00021623288 0)
(0.81394635 0.00021526996 0)
(0.81314888 0.00021430742 0)
(0.81234824 0.00021334524 0)
(0.81154442 0.00021238341 0)
(0.81073739 0.0002114219 0)
(0.80992713 0.0002104607 0)
(0.80911361 0.0002094998 0)
(0.8082968 0.00020853917 0)
(0.80747668 0.00020757881 0)
(0.80665322 0.0002066187 0)
(0.80582639 0.00020565884 0)
(0.80499618 0.00020469921 0)
(0.80416255 0.00020373981 0)
(0.80332547 0.00020278062 0)
(0.80248492 0.00020182165 0)
(0.80164087 0.00020086287 0)
(0.80079329 0.00019990429 0)
(0.79994215 0.00019894589 0)
(0.79908743 0.00019798768 0)
(0.7982291 0.00019702963 0)
(0.79736712 0.00019607176 0)
(0.79650147 0.00019511403 0)
(0.79563212 0.00019415646 0)
(0.79475903 0.00019319904 0)
(0.79388218 0.00019224175 0)
(0.79300154 0.00019128459 0)
(0.79211707 0.00019032756 0)
(0.79122874 0.00018937065 0)
(0.79033653 0.00018841385 0)
(0.78944039 0.00018745717 0)
(0.7885403 0.00018650058 0)
(0.78763622 0.00018554409 0)
(0.78672812 0.0001845877 0)
(0.78581597 0.00018363139 0)
(0.78489973 0.00018267515 0)
(0.78397937 0.000181719 0)
(0.78305485 0.00018076292 0)
(0.78212613 0.0001798069 0)
(0.78119319 0.00017885095 0)
(0.78025599 0.00017789505 0)
(0.77931448 0.00017693921 0)
(0.77836863 0.00017598342 0)
(0.77741841 0.00017502767 0)
(0.77646378 0.00017407196 0)
(0.7755047 0.0001731163 0)
(0.77454112 0.00017216066 0)
(0.77357302 0.00017120505 0)
(0.77260035 0.00017024947 0)
(0.77162307 0.00016929392 0)
(0.77064114 0.00016833839 0)
(0.76965452 0.00016738287 0)
(0.76866316 0.00016642737 0)
(0.76766704 0.00016547188 0)
(0.7666661 0.0001645164 0)
(0.7656603 0.00016356093 0)
(0.76464959 0.00016260546 0)
(0.76363394 0.00016165 0)
(0.7626133 0.00016069454 0)
(0.76158762 0.00015973908 0)
(0.76055686 0.00015878362 0)
(0.75952097 0.00015782815 0)
(0.7584799 0.00015687268 0)
(0.75743362 0.0001559172 0)
(0.75638206 0.00015496172 0)
(0.75532518 0.00015400623 0)
(0.75426293 0.00015305073 0)
(0.75319527 0.00015209523 0)
(0.75212214 0.00015113972 0)
(0.75104348 0.0001501842 0)
(0.74995926 0.00014922867 0)
(0.74886941 0.00014827314 0)
(0.74777389 0.0001473176 0)
(0.74667263 0.00014636206 0)
(0.74556559 0.00014540651 0)
(0.74445271 0.00014445095 0)
(0.74333393 0.0001434954 0)
(0.7422092 0.00014253984 0)
(0.74107846 0.00014158429 0)
(0.73994165 0.00014062874 0)
(0.73879871 0.00013967321 0)
(0.73764959 0.00013871768 0)
(0.73649421 0.00013776217 0)
(0.73533253 0.00013680668 0)
(0.73416448 0.00013585122 0)
(0.73299 0.00013489579 0)
(0.73180901 0.00013394042 0)
(0.73062147 0.00013298511 0)
(0.7294273 0.00013202989 0)
(0.72822643 0.00013107478 0)
(0.72701879 0.00013011981 0)
(0.72580433 0.00012916492 0)
(0.72458296 0.00012820986 0)
(0.72335463 0.00012725426 0)
(0.72211926 0.00012629829 0)
(0.72087678 0.00012534255 0)
(0.71962711 0.00012438692 0)
(0.71837019 0.00012343278 0)
(0.71710592 0.00012247697 0)
(0.71583429 0.00012152094 0)
(0.71455498 0.00012060868 0)
(0.8504794 0.00025481946 0)
(0.84978444 0.00025383624 0)
(0.84908682 0.00025288725 0)
(0.84838631 0.00025194011 0)
(0.84768287 0.00025095208 0)
(0.84697653 0.00024993657 0)
(0.8462674 0.0002489131 0)
(0.84555559 0.00024789203 0)
(0.84484116 0.00024687776 0)
(0.84412409 0.00024587059 0)
(0.84340437 0.00024486887 0)
(0.84268192 0.00024387075 0)
(0.84195671 0.00024287476 0)
(0.84122868 0.00024187996 0)
(0.84049778 0.00024088579 0)
(0.83976397 0.00023989197 0)
(0.83902723 0.00023889837 0)
(0.83828753 0.00023790499 0)
(0.83754485 0.00023691185 0)
(0.83679916 0.00023591898 0)
(0.83605045 0.00023492643 0)
(0.8352987 0.00023393422 0)
(0.83454388 0.00023294238 0)
(0.83378599 0.00023195091 0)
(0.83302499 0.00023095982 0)
(0.83226086 0.00022996909 0)
(0.83149359 0.00022897873 0)
(0.83072315 0.0002279887 0)
(0.82994952 0.00022699899 0)
(0.82917267 0.00022600957 0)
(0.82839259 0.00022502043 0)
(0.82760923 0.00022403154 0)
(0.82682259 0.00022304287 0)
(0.82603264 0.00022205441 0)
(0.82523934 0.00022106613 0)
(0.82444268 0.00022007803 0)
(0.82364262 0.00021909008 0)
(0.82283915 0.00021810227 0)
(0.82203222 0.00021711459 0)
(0.82122183 0.00021612702 0)
(0.82040793 0.00021513956 0)
(0.8195905 0.00021415218 0)
(0.81876952 0.00021316489 0)
(0.81794495 0.00021217768 0)
(0.81711678 0.00021119053 0)
(0.81628495 0.00021020345 0)
(0.81544946 0.00020921641 0)
(0.81461027 0.00020822942 0)
(0.81376735 0.00020724246 0)
(0.81292067 0.00020625553 0)
(0.8120702 0.00020526863 0)
(0.81121591 0.00020428174 0)
(0.81035777 0.00020329485 0)
(0.80949574 0.00020230797 0)
(0.8086298 0.00020132108 0)
(0.80775992 0.00020033418 0)
(0.80688605 0.00019934726 0)
(0.80600818 0.00019836031 0)
(0.80512626 0.00019737334 0)
(0.80424026 0.00019638633 0)
(0.80335015 0.00019539928 0)
(0.8024559 0.00019441218 0)
(0.80155746 0.00019342503 0)
(0.80065481 0.00019243781 0)
(0.79974791 0.00019145054 0)
(0.79883672 0.00019046319 0)
(0.79792121 0.00018947577 0)
(0.79700134 0.00018848827 0)
(0.79607707 0.00018750069 0)
(0.79514837 0.00018651303 0)
(0.7942152 0.00018552527 0)
(0.79327751 0.00018453741 0)
(0.79233528 0.00018354945 0)
(0.79138846 0.00018256139 0)
(0.79043701 0.00018157322 0)
(0.78948089 0.00018058493 0)
(0.78852007 0.00017959653 0)
(0.78755449 0.00017860801 0)
(0.78658412 0.00017761936 0)
(0.78560892 0.00017663059 0)
(0.78462884 0.0001756417 0)
(0.78364385 0.00017465266 0)
(0.78265389 0.0001736635 0)
(0.78165892 0.00017267419 0)
(0.7806589 0.00017168475 0)
(0.77965378 0.00017069516 0)
(0.77864352 0.00016970543 0)
(0.77762807 0.00016871556 0)
(0.77660738 0.00016772553 0)
(0.77558141 0.00016673536 0)
(0.77455011 0.00016574503 0)
(0.77351343 0.00016475456 0)
(0.77247131 0.00016376392 0)
(0.77142372 0.00016277314 0)
(0.7703706 0.0001617822 0)
(0.76931189 0.00016079111 0)
(0.76824755 0.00015979986 0)
(0.76717752 0.00015880845 0)
(0.76610176 0.00015781689 0)
(0.7650202 0.00015682517 0)
(0.76393279 0.0001558333 0)
(0.76283948 0.00015484127 0)
(0.76174021 0.00015384909 0)
(0.76063492 0.00015285675 0)
(0.75952356 0.00015186427 0)
(0.75840607 0.00015087163 0)
(0.75728239 0.00014987885 0)
(0.75615246 0.00014888592 0)
(0.75501621 0.00014789285 0)
(0.7538736 0.00014689963 0)
(0.75272455 0.00014590628 0)
(0.751569 0.0001449128 0)
(0.75040689 0.00014391919 0)
(0.74923815 0.00014292547 0)
(0.74806272 0.00014193163 0)
(0.74688054 0.0001409377 0)
(0.74569152 0.00013994368 0)
(0.74449561 0.00013894961 0)
(0.74329274 0.00013795551 0)
(0.74208283 0.00013696139 0)
(0.74086582 0.00013596722 0)
(0.73964162 0.00013497272 0)
(0.73841018 0.00013397751 0)
(0.73717141 0.00013298178 0)
(0.73592525 0.00013198614 0)
(0.73467161 0.00013099047 0)
(0.73341042 0.00012999617 0)
(0.73214159 0.00012899993 0)
(0.73086509 0.0001280038 0)
(0.72958061 0.00012705035 0)
(0.86403536 0.00026532228 0)
(0.86336102 0.00026431873 0)
(0.8626839 0.00026335155 0)
(0.86200382 0.00026238797 0)
(0.86132074 0.00026138344 0)
(0.86063468 0.00026034976 0)
(0.85994572 0.0002593062 0)
(0.85925394 0.00025826352 0)
(0.85855939 0.0002572268 0)
(0.85786209 0.00025619691 0)
(0.85716201 0.00025517259 0)
(0.8564591 0.00025415217 0)
(0.85575332 0.00025313419 0)
(0.85504462 0.00025211764 0)
(0.85433294 0.00025110187 0)
(0.85361826 0.00025008647 0)
(0.85290053 0.00024907124 0)
(0.85217974 0.00024805612 0)
(0.85145585 0.00024704109 0)
(0.85072884 0.00024602615 0)
(0.8499987 0.00024501135 0)
(0.8492654 0.00024399669 0)
(0.84852892 0.0002429822 0)
(0.84778924 0.0002419679 0)
(0.84704633 0.00024095379 0)
(0.84630018 0.00023993986 0)
(0.84555076 0.00023892611 0)
(0.84479806 0.00023791253 0)
(0.84404203 0.0002368991 0)
(0.84328268 0.0002358858 0)
(0.84251995 0.00023487261 0)
(0.84175384 0.00023385951 0)
(0.84098431 0.00023284648 0)
(0.84021135 0.0002318335 0)
(0.83943491 0.00023082055 0)
(0.83865498 0.00022980761 0)
(0.83787153 0.00022879467 0)
(0.83708454 0.00022778172 0)
(0.83629396 0.00022676874 0)
(0.83549978 0.00022575571 0)
(0.83470197 0.00022474263 0)
(0.8339005 0.00022372948 0)
(0.83309533 0.00022271625 0)
(0.83228645 0.00022170294 0)
(0.83147382 0.00022068954 0)
(0.8306574 0.00021967603 0)
(0.82983718 0.00021866242 0)
(0.82901313 0.00021764869 0)
(0.8281852 0.00021663483 0)
(0.82735337 0.00021562084 0)
(0.82651761 0.00021460671 0)
(0.82567788 0.00021359243 0)
(0.82483416 0.000212578 0)
(0.82398641 0.0002115634 0)
(0.8231346 0.00021054864 0)
(0.82227869 0.0002095337 0)
(0.82141865 0.00020851858 0)
(0.82055446 0.00020750327 0)
(0.81968606 0.00020648777 0)
(0.81881344 0.00020547207 0)
(0.81793655 0.00020445617 0)
(0.81705536 0.00020344005 0)
(0.81616983 0.00020242372 0)
(0.81527992 0.00020140716 0)
(0.81438561 0.00020039037 0)
(0.81348685 0.00019937335 0)
(0.8125836 0.00019835609 0)
(0.81167583 0.00019733859 0)
(0.81076349 0.00019632084 0)
(0.80984656 0.00019530283 0)
(0.80892498 0.00019428457 0)
(0.80799873 0.00019326605 0)
(0.80706775 0.00019224725 0)
(0.80613201 0.00019122819 0)
(0.80519147 0.00019020885 0)
(0.80424609 0.00018918923 0)
(0.80329582 0.00018816933 0)
(0.80234062 0.00018714914 0)
(0.80138044 0.00018612867 0)
(0.80041525 0.0001851079 0)
(0.799445 0.00018408683 0)
(0.79846965 0.00018306546 0)
(0.79748914 0.00018204379 0)
(0.79650343 0.00018102181 0)
(0.79551248 0.00017999952 0)
(0.79451624 0.00017897693 0)
(0.79351467 0.00017795402 0)
(0.7925077 0.0001769308 0)
(0.7914953 0.00017590726 0)
(0.79047741 0.0001748834 0)
(0.78945399 0.00017385922 0)
(0.78842499 0.00017283472 0)
(0.78739034 0.00017180989 0)
(0.78635001 0.00017078475 0)
(0.78530393 0.00016975928 0)
(0.78425206 0.00016873348 0)
(0.78319434 0.00016770736 0)
(0.78213071 0.00016668091 0)
(0.78106113 0.00016565414 0)
(0.77998553 0.00016462704 0)
(0.77890385 0.00016359961 0)
(0.77781605 0.00016257186 0)
(0.77672206 0.00016154379 0)
(0.77562182 0.00016051539 0)
(0.77451527 0.00015948667 0)
(0.77340235 0.00015845762 0)
(0.772283 0.00015742826 0)
(0.77115716 0.00015639859 0)
(0.77002477 0.0001553686 0)
(0.76888576 0.0001543383 0)
(0.76774006 0.00015330769 0)
(0.76658761 0.00015227678 0)
(0.76542834 0.00015124557 0)
(0.76426219 0.00015021407 0)
(0.76308909 0.00014918229 0)
(0.76190896 0.00014815025 0)
(0.76072175 0.00014711795 0)
(0.75952736 0.00014608543 0)
(0.75832574 0.0001450527 0)
(0.75711681 0.00014401979 0)
(0.75590049 0.00014298667 0)
(0.75467671 0.00014195303 0)
(0.7534454 0.0001409185 0)
(0.75220647 0.00013988328 0)
(0.75095986 0.00013884797 0)
(0.74970547 0.00013781247 0)
(0.74844324 0.0001367782 0)
(0.74717306 0.00013574171 0)
(0.74589491 0.0001347056 0)
(0.74460848 0.00013371107 0)
(0.87712644 0.00027579984 0)
(0.87647562 0.00027477931 0)
(0.87582189 0.00027379685 0)
(0.87516515 0.00027281915 0)
(0.87450537 0.00027180059 0)
(0.87384254 0.00027075163 0)
(0.87317671 0.00026969115 0)
(0.87250794 0.00026863014 0)
(0.87183628 0.00026757414 0)
(0.87116175 0.00026652458 0)
(0.87048432 0.00026548058 0)
(0.86980397 0.00026444064 0)
(0.86912063 0.00026340339 0)
(0.86843428 0.00026236777 0)
(0.86774486 0.00026133304 0)
(0.86705233 0.00026029874 0)
(0.86635667 0.00025926457 0)
(0.86565784 0.0002582304 0)
(0.86495581 0.00025719617 0)
(0.86425056 0.00025616186 0)
(0.86354206 0.00025512749 0)
(0.8628303 0.00025409306 0)
(0.86211525 0.0002530586 0)
(0.86139689 0.00025202412 0)
(0.86067519 0.00025098963 0)
(0.85995014 0.00024995512 0)
(0.85922171 0.0002489206 0)
(0.85848987 0.00024788605 0)
(0.85775461 0.00024685146 0)
(0.85701589 0.00024581681 0)
(0.85627369 0.0002447821 0)
(0.85552798 0.0002437473 0)
(0.85477875 0.00024271239 0)
(0.85402595 0.00024167736 0)
(0.85326957 0.00024064219 0)
(0.85250957 0.00023960685 0)
(0.85174594 0.00023857134 0)
(0.85097863 0.00023753564 0)
(0.85020762 0.00023649973 0)
(0.84943288 0.0002354636 0)
(0.84865439 0.00023442725 0)
(0.84787211 0.00023339065 0)
(0.84708601 0.00023235379 0)
(0.84629606 0.00023131668 0)
(0.84550224 0.00023027929 0)
(0.84470451 0.00022924162 0)
(0.84390283 0.00022820367 0)
(0.84309719 0.00022716541 0)
(0.84228754 0.00022612685 0)
(0.84147386 0.00022508798 0)
(0.8406561 0.00022404879 0)
(0.83983425 0.00022300927 0)
(0.83900826 0.00022196941 0)
(0.8381781 0.00022092921 0)
(0.83734375 0.00021988867 0)
(0.83650515 0.00021884776 0)
(0.83566228 0.00021780649 0)
(0.83481511 0.00021676485 0)
(0.83396359 0.00021572284 0)
(0.8331077 0.00021468044 0)
(0.83224739 0.00021363766 0)
(0.83138263 0.00021259448 0)
(0.83051337 0.00021155089 0)
(0.8296396 0.0002105069 0)
(0.82876125 0.0002094625 0)
(0.8278783 0.00020841768 0)
(0.82699071 0.00020737244 0)
(0.82609844 0.00020632676 0)
(0.82520145 0.00020528066 0)
(0.82429969 0.00020423411 0)
(0.82339313 0.00020318712 0)
(0.82248172 0.00020213969 0)
(0.82156542 0.00020109179 0)
(0.8206442 0.00020004344 0)
(0.819718 0.00019899463 0)
(0.81878679 0.00019794535 0)
(0.81785051 0.0001968956 0)
(0.81690914 0.00019584538 0)
(0.81596261 0.00019479467 0)
(0.81501088 0.00019374349 0)
(0.81405392 0.00019269182 0)
(0.81309167 0.00019163966 0)
(0.81212408 0.00019058701 0)
(0.81115111 0.00018953386 0)
(0.8101727 0.00018848021 0)
(0.80918882 0.00018742607 0)
(0.8081994 0.00018637142 0)
(0.80720441 0.00018531627 0)
(0.80620378 0.0001842606 0)
(0.80519747 0.00018320443 0)
(0.80418542 0.00018214775 0)
(0.80316759 0.00018109055 0)
(0.80214391 0.00018003284 0)
(0.80111434 0.00017897461 0)
(0.80007881 0.00017791587 0)
(0.79903728 0.00017685661 0)
(0.79798969 0.00017579683 0)
(0.79693598 0.00017473653 0)
(0.79587608 0.00017367571 0)
(0.79480996 0.00017261438 0)
(0.79373753 0.00017155252 0)
(0.79265875 0.00017049015 0)
(0.79157356 0.00016942726 0)
(0.79048188 0.00016836385 0)
(0.78938367 0.00016729992 0)
(0.78827885 0.00016623548 0)
(0.78716736 0.00016517052 0)
(0.78604913 0.00016410506 0)
(0.78492411 0.00016303908 0)
(0.78379223 0.0001619726 0)
(0.7826534 0.00016090562 0)
(0.78150758 0.00015983814 0)
(0.78035468 0.00015877017 0)
(0.77919464 0.00015770171 0)
(0.77802739 0.00015663278 0)
(0.77685285 0.00015556338 0)
(0.77567095 0.00015449354 0)
(0.77448161 0.00015342328 0)
(0.77328476 0.00015235263 0)
(0.77208033 0.0001512816 0)
(0.77086822 0.00015021015 0)
(0.76964837 0.00014913799 0)
(0.7684207 0.00014806473 0)
(0.76718513 0.00014699058 0)
(0.76594157 0.00014591613 0)
(0.76468995 0.00014484131 0)
(0.76343017 0.00014376755 0)
(0.76216215 0.00014269127 0)
(0.76088584 0.00014161561 0)
(0.75960095 0.00014058041 0)
(0.88969875 0.00028619338 0)
(0.8890743 0.00028515991 0)
(0.88844677 0.00028416582 0)
(0.88781619 0.00028317642 0)
(0.88718256 0.00028214614 0)
(0.88654585 0.00028108483 0)
(0.88590606 0.00028001079 0)
(0.88526323 0.00027893496 0)
(0.8846174 0.00027786322 0)
(0.88396859 0.00027679742 0)
(0.88331677 0.00027573703 0)
(0.88266193 0.00027468076 0)
(0.88200402 0.00027362732 0)
(0.881343 0.00027257567 0)
(0.88067883 0.00027152502 0)
(0.88001146 0.00027047481 0)
(0.87934087 0.00026942471 0)
(0.87866702 0.0002683745 0)
(0.87798988 0.0002673241 0)
(0.87730943 0.00026627344 0)
(0.87662564 0.00026522252 0)
(0.87593848 0.00026417133 0)
(0.87524794 0.00026311991 0)
(0.87455399 0.00026206824 0)
(0.8738566 0.00026101634 0)
(0.87315576 0.00025996422 0)
(0.87245143 0.00025891186 0)
(0.8717436 0.00025785927 0)
(0.87103223 0.00025680644 0)
(0.87031731 0.00025575335 0)
(0.8695988 0.00025469999 0)
(0.86887668 0.00025364635 0)
(0.86815091 0.0002525924 0)
(0.86742148 0.00025153814 0)
(0.86668836 0.00025048354 0)
(0.86595151 0.00024942859 0)
(0.86521091 0.00024837327 0)
(0.86446653 0.00024731757 0)
(0.86371833 0.00024626148 0)
(0.86296629 0.00024520497 0)
(0.86221038 0.00024414804 0)
(0.86145057 0.00024309067 0)
(0.86068682 0.00024203286 0)
(0.8599191 0.00024097459 0)
(0.85914739 0.00023991585 0)
(0.85837165 0.00023885663 0)
(0.85759184 0.00023779693 0)
(0.85680795 0.00023673674 0)
(0.85601992 0.00023567604 0)
(0.85522773 0.00023461483 0)
(0.85443135 0.00023355311 0)
(0.85363074 0.00023249086 0)
(0.85282586 0.00023142807 0)
(0.85201669 0.00023036474 0)
(0.85120318 0.00022930086 0)
(0.8503853 0.00022823642 0)
(0.84956302 0.00022717142 0)
(0.84873629 0.00022610585 0)
(0.84790508 0.0002250397 0)
(0.84706936 0.00022397297 0)
(0.84622908 0.00022290564 0)
(0.84538421 0.00022183772 0)
(0.8445347 0.0002207692 0)
(0.84368052 0.00021970006 0)
(0.84282163 0.00021863031 0)
(0.84195799 0.00021755993 0)
(0.84108956 0.00021648893 0)
(0.8402163 0.00021541729 0)
(0.83933816 0.00021434501 0)
(0.8384551 0.00021327209 0)
(0.83756708 0.00021219852 0)
(0.83667406 0.0002111243 0)
(0.83577599 0.00021004941 0)
(0.83487284 0.00020897386 0)
(0.83396454 0.00020789763 0)
(0.83305107 0.00020682074 0)
(0.83213237 0.00020574316 0)
(0.8312084 0.0002046649 0)
(0.83027911 0.00020358595 0)
(0.82934445 0.00020250631 0)
(0.82840437 0.00020142597 0)
(0.82745884 0.00020034494 0)
(0.82650779 0.0001992632 0)
(0.82555117 0.00019818075 0)
(0.82458895 0.0001970976 0)
(0.82362105 0.00019601373 0)
(0.82264745 0.00019492915 0)
(0.82166807 0.00019384385 0)
(0.82068287 0.00019275783 0)
(0.8196918 0.00019167108 0)
(0.81869479 0.00019058361 0)
(0.8176918 0.00018949541 0)
(0.81668277 0.00018840648 0)
(0.81566765 0.00018731682 0)
(0.81464637 0.00018622643 0)
(0.81361887 0.00018513531 0)
(0.8125851 0.00018404345 0)
(0.81154501 0.00018295086 0)
(0.81049852 0.00018185752 0)
(0.80944558 0.00018076346 0)
(0.80838612 0.00017966866 0)
(0.80732009 0.00017857312 0)
(0.80624741 0.00017747684 0)
(0.80516804 0.00017637983 0)
(0.80408189 0.00017528208 0)
(0.8029889 0.0001741836 0)
(0.80188901 0.00017308439 0)
(0.80078216 0.00017198445 0)
(0.79966826 0.00017088377 0)
(0.79854725 0.00016978238 0)
(0.79741906 0.00016868026 0)
(0.79628361 0.00016757742 0)
(0.79514085 0.00016647387 0)
(0.79399068 0.00016536961 0)
(0.79283304 0.00016426466 0)
(0.79166785 0.00016315902 0)
(0.79049504 0.00016205272 0)
(0.78931452 0.00016094578 0)
(0.78812621 0.00015983822 0)
(0.78693004 0.00015873006 0)
(0.78572593 0.00015762128 0)
(0.78451379 0.00015651155 0)
(0.78329354 0.00015540048 0)
(0.78206509 0.00015428828 0)
(0.78082837 0.00015317558 0)
(0.77958328 0.00015206227 0)
(0.77832974 0.00015094984 0)
(0.77706765 0.00014983456 0)
(0.77579695 0.00014872009 0)
(0.77451738 0.00014764494 0)
(0.90170078 0.0002964408 0)
(0.90110541 0.0002953986 0)
(0.90050688 0.00029439716 0)
(0.89990515 0.00029339923 0)
(0.8993004 0.00029235964 0)
(0.89869256 0.00029128878 0)
(0.89808158 0.00029020456 0)
(0.89746748 0.00028911764 0)
(0.89685029 0.00028803397 0)
(0.89623001 0.00028695569 0)
(0.89560664 0.00028588256 0)
(0.89498016 0.00028481348 0)
(0.89435053 0.0002837473 0)
(0.89371772 0.00028268298 0)
(0.89308168 0.00028161973 0)
(0.89244238 0.00028055694 0)
(0.89179977 0.00027949422 0)
(0.89115384 0.0002784313 0)
(0.89050453 0.00027736803 0)
(0.88985184 0.00027630434 0)
(0.88919572 0.00027524019 0)
(0.88853616 0.00027417557 0)
(0.88787314 0.00027311049 0)
(0.88720661 0.00027204494 0)
(0.88653657 0.00027097893 0)
(0.88586298 0.00026991247 0)
(0.88518581 0.00026884555 0)
(0.88450506 0.00026777818 0)
(0.88382068 0.00026671034 0)
(0.88313264 0.00026564202 0)
(0.88244093 0.00026457322 0)
(0.88174552 0.00026350393 0)
(0.88104637 0.00026243412 0)
(0.88034346 0.00026136378 0)
(0.87963676 0.0002602929 0)
(0.87892624 0.00025922146 0)
(0.87821187 0.00025814944 0)
(0.87749362 0.00025707684 0)
(0.87677145 0.00025600363 0)
(0.87604534 0.0002549298 0)
(0.87531526 0.00025385534 0)
(0.87458117 0.00025278023 0)
(0.87384304 0.00025170447 0)
(0.87310084 0.00025062804 0)
(0.87235454 0.00024955094 0)
(0.8716041 0.00024847314 0)
(0.87084948 0.00024739465 0)
(0.87009067 0.00024631545 0)
(0.86932761 0.00024523553 0)
(0.86856028 0.00024415489 0)
(0.86778864 0.00024307351 0)
(0.86701266 0.0002419914 0)
(0.86623229 0.00024090853 0)
(0.86544751 0.0002398249 0)
(0.86465827 0.00023874051 0)
(0.86386454 0.00023765534 0)
(0.86306629 0.00023656939 0)
(0.86226347 0.00023548265 0)
(0.86145604 0.00023439511 0)
(0.86064397 0.00023330677 0)
(0.85982721 0.00023221762 0)
(0.85900573 0.00023112765 0)
(0.85817949 0.00023003686 0)
(0.85734844 0.00022894523 0)
(0.85651254 0.00022785276 0)
(0.85567176 0.00022675945 0)
(0.85482605 0.00022566528 0)
(0.85397537 0.00022457026 0)
(0.85311966 0.00022347437 0)
(0.8522589 0.00022237762 0)
(0.85139304 0.00022127999 0)
(0.85052202 0.00022018147 0)
(0.84964582 0.00021908207 0)
(0.84876437 0.00021798178 0)
(0.84787763 0.00021688059 0)
(0.84698556 0.00021577849 0)
(0.8460881 0.00021467549 0)
(0.84518522 0.00021357157 0)
(0.84427686 0.00021246674 0)
(0.84336297 0.00021136098 0)
(0.8424435 0.0002102543 0)
(0.8415184 0.00020914669 0)
(0.84058762 0.00020803814 0)
(0.83965111 0.00020692865 0)
(0.83870881 0.00020581821 0)
(0.83776067 0.00020470683 0)
(0.83680664 0.0002035945 0)
(0.83584667 0.00020248122 0)
(0.83488069 0.00020136698 0)
(0.83390865 0.00020025179 0)
(0.8329305 0.00019913563 0)
(0.83194617 0.0001980185 0)
(0.83095562 0.00019690041 0)
(0.82995877 0.00019578135 0)
(0.82895557 0.00019466132 0)
(0.82794597 0.00019354031 0)
(0.82692989 0.00019241833 0)
(0.82590727 0.00019129538 0)
(0.82487806 0.00019017145 0)
(0.82384219 0.00018904654 0)
(0.8227996 0.00018792065 0)
(0.82175021 0.00018679379 0)
(0.82069397 0.00018566594 0)
(0.8196308 0.00018453712 0)
(0.81856065 0.00018340732 0)
(0.81748343 0.00018227654 0)
(0.81639907 0.00018114478 0)
(0.81530752 0.00018001205 0)
(0.81420869 0.00017887834 0)
(0.81310251 0.00017774366 0)
(0.81198892 0.00017660802 0)
(0.81086782 0.0001754714 0)
(0.80973916 0.00017433383 0)
(0.80860285 0.00017319531 0)
(0.80745881 0.00017205584 0)
(0.80630696 0.00017091544 0)
(0.80514722 0.00016977413 0)
(0.80397952 0.00016863193 0)
(0.80280377 0.00016748887 0)
(0.80161988 0.00016634496 0)
(0.80042777 0.00016520017 0)
(0.79922735 0.00016405419 0)
(0.79801854 0.0001629066 0)
(0.79680125 0.00016175762 0)
(0.79557539 0.00016060788 0)
(0.79434087 0.0001594573 0)
(0.7930976 0.00015830735 0)
(0.79184547 0.00015715422 0)
(0.79058444 0.00015600205 0)
(0.78931422 0.00015488805 0)
(0.91252072 0.00030543073 0)
(0.91195372 0.00030442569 0)
(0.91138361 0.00030342272 0)
(0.91081037 0.00030237738 0)
(0.91023394 0.00030130064 0)
(0.90965431 0.00030021005 0)
(0.90907149 0.00029911592 0)
(0.90848552 0.00029802426 0)
(0.9078964 0.00029693739 0)
(0.90730413 0.00029585534 0)
(0.90670867 0.0002947772 0)
(0.90611001 0.00029370192 0)
(0.90550811 0.00029262855 0)
(0.90490292 0.00029155627 0)
(0.90429442 0.00029048447 0)
(0.90368256 0.00028941268 0)
(0.90306731 0.0002883406 0)
(0.90244863 0.00028726805 0)
(0.90182651 0.00028619491 0)
(0.9012009 0.00028512112 0)
(0.90057178 0.00028404664 0)
(0.89993913 0.00028297148 0)
(0.89930291 0.00028189562 0)
(0.89866311 0.00028081907 0)
(0.89801969 0.00027974183 0)
(0.89737263 0.00027866391 0)
(0.8967219 0.00027758529 0)
(0.89606747 0.00027650597 0)
(0.89540932 0.00027542595 0)
(0.89474741 0.00027434522 0)
(0.89408172 0.00027326376 0)
(0.89341223 0.00027218156 0)
(0.89273889 0.00027109861 0)
(0.89206168 0.00027001489 0)
(0.89138057 0.00026893039 0)
(0.89069553 0.0002678451 0)
(0.89000652 0.00026675899 0)
(0.88931352 0.00026567206 0)
(0.8886165 0.00026458429 0)
(0.88791541 0.00026349567 0)
(0.88721023 0.00026240618 0)
(0.88650092 0.0002613158 0)
(0.88578745 0.00026022454 0)
(0.88506979 0.00025913238 0)
(0.88434789 0.0002580393 0)
(0.88362174 0.00025694529 0)
(0.88289128 0.00025585035 0)
(0.88215649 0.00025475447 0)
(0.88141733 0.00025365764 0)
(0.88067376 0.00025255984 0)
(0.87992575 0.00025146107 0)
(0.87917325 0.00025036131 0)
(0.87841623 0.00024926057 0)
(0.87765466 0.00024815882 0)
(0.87688849 0.00024705607 0)
(0.87611768 0.00024595231 0)
(0.8753422 0.00024484751 0)
(0.87456201 0.00024374169 0)
(0.87377706 0.00024263483 0)
(0.87298731 0.00024152691 0)
(0.87219272 0.00024041795 0)
(0.87139325 0.00023930792 0)
(0.87058887 0.00023819681 0)
(0.86977951 0.00023708463 0)
(0.86896515 0.00023597137 0)
(0.86814573 0.000234857 0)
(0.86732122 0.00023374155 0)
(0.86649156 0.00023262498 0)
(0.86565671 0.0002315073 0)
(0.86481663 0.0002303885 0)
(0.86397127 0.00022926858 0)
(0.86312058 0.00022814752 0)
(0.86226452 0.00022702533 0)
(0.86140303 0.00022590199 0)
(0.86053607 0.00022477749 0)
(0.85966358 0.00022365184 0)
(0.85878552 0.00022252503 0)
(0.85790183 0.00022139705 0)
(0.85701247 0.0002202679 0)
(0.85611738 0.00021913757 0)
(0.85521651 0.00021800606 0)
(0.8543098 0.00021687336 0)
(0.85339721 0.00021573946 0)
(0.85247867 0.00021460437 0)
(0.85155413 0.00021346808 0)
(0.85062354 0.00021233058 0)
(0.84968683 0.00021119187 0)
(0.84874395 0.00021005195 0)
(0.84779485 0.00020891081 0)
(0.84683945 0.00020776845 0)
(0.84587771 0.00020662486 0)
(0.84490956 0.00020548005 0)
(0.84393494 0.00020433401 0)
(0.84295379 0.00020318674 0)
(0.84196604 0.00020203823 0)
(0.84097163 0.00020088848 0)
(0.8399705 0.0001997375 0)
(0.83896257 0.00019858527 0)
(0.83794779 0.0001974318 0)
(0.83692609 0.00019627709 0)
(0.83589739 0.00019512114 0)
(0.83486163 0.00019396393 0)
(0.83381874 0.00019280548 0)
(0.83276864 0.00019164578 0)
(0.83171127 0.00019048484 0)
(0.83064655 0.00018932265 0)
(0.82957441 0.00018815921 0)
(0.82849477 0.00018699453 0)
(0.82740755 0.0001858286 0)
(0.82631269 0.00018466143 0)
(0.82521009 0.00018349303 0)
(0.82409968 0.00018232339 0)
(0.82298139 0.00018115253 0)
(0.82185512 0.00017998044 0)
(0.8207208 0.00017880715 0)
(0.81957834 0.00017763268 0)
(0.81842766 0.00017645704 0)
(0.81726866 0.00017528026 0)
(0.81610127 0.00017410236 0)
(0.81492539 0.0001729233 0)
(0.81374093 0.00017174276 0)
(0.8125478 0.00017056033 0)
(0.81134592 0.00016937621 0)
(0.81013518 0.00016819105 0)
(0.8089155 0.00016700478 0)
(0.80768677 0.00016581889 0)
(0.80644888 0.00016462944 0)
(0.80520179 0.00016344104 0)
(0.80394522 0.00016228966 0)
(0.92327663 0.00031519109 0)
(0.92274355 0.00031418463 0)
(0.92220734 0.00031318004 0)
(0.92166793 0.00031213372 0)
(0.92112526 0.00031105583 0)
(0.92057934 0.00030996322 0)
(0.92003018 0.00030886606 0)
(0.91947781 0.00030777046 0)
(0.91892224 0.00030667902 0)
(0.91836346 0.00030559199 0)
(0.91780147 0.00030450867 0)
(0.91723622 0.00030342813 0)
(0.9166677 0.00030234948 0)
(0.91609586 0.00030127193 0)
(0.91552067 0.00030019483 0)
(0.91494208 0.00029911772 0)
(0.91436007 0.00029804023 0)
(0.9137746 0.00029696215 0)
(0.91318564 0.00029588333 0)
(0.91259315 0.00029480367 0)
(0.91199712 0.00029372312 0)
(0.9113975 0.00029264167 0)
(0.91079428 0.00029155929 0)
(0.91018741 0.000290476 0)
(0.90957689 0.00028939177 0)
(0.90896267 0.00028830662 0)
(0.90834473 0.00028722053 0)
(0.90772304 0.00028613351 0)
(0.90709757 0.00028504554 0)
(0.9064683 0.00028395663 0)
(0.90583518 0.00028286675 0)
(0.9051982 0.0002817759 0)
(0.90455732 0.00028068406 0)
(0.90391251 0.00027959122 0)
(0.90326374 0.00027849737 0)
(0.90261097 0.00027740249 0)
(0.90195418 0.00027630656 0)
(0.90129333 0.00027520958 0)
(0.90062839 0.00027411153 0)
(0.89995932 0.00027301239 0)
(0.89928609 0.00027191215 0)
(0.89860866 0.00027081079 0)
(0.89792701 0.00026970831 0)
(0.89724109 0.00026860469 0)
(0.89655087 0.00026749992 0)
(0.89585631 0.00026639399 0)
(0.89515738 0.00026528688 0)
(0.89445403 0.00026417859 0)
(0.89374624 0.00026306911 0)
(0.89303396 0.00026195842 0)
(0.89231716 0.00026084651 0)
(0.89159579 0.00025973339 0)
(0.89086982 0.00025861902 0)
(0.89013921 0.00025750341 0)
(0.88940392 0.00025638655 0)
(0.8886639 0.00025526842 0)
(0.88791912 0.00025414902 0)
(0.88716953 0.00025302834 0)
(0.88641509 0.00025190637 0)
(0.88565576 0.0002507831 0)
(0.8848915 0.00024965853 0)
(0.88412226 0.00024853264 0)
(0.883348 0.00024740542 0)
(0.88256868 0.00024627687 0)
(0.88178424 0.00024514697 0)
(0.88099464 0.00024401573 0)
(0.88019985 0.00024288313 0)
(0.8793998 0.00024174917 0)
(0.87859445 0.00024061384 0)
(0.87778376 0.00023947712 0)
(0.87696767 0.00023833902 0)
(0.87614614 0.00023719952 0)
(0.87531912 0.00023605862 0)
(0.87448655 0.00023491632 0)
(0.87364838 0.00023377259 0)
(0.87280457 0.00023262745 0)
(0.87195506 0.00023148087 0)
(0.8710998 0.00023033286 0)
(0.87023874 0.00022918341 0)
(0.86937181 0.00022803251 0)
(0.86849897 0.00022688016 0)
(0.86762015 0.00022572634 0)
(0.86673531 0.00022457106 0)
(0.86584438 0.00022341431 0)
(0.86494731 0.00022225608 0)
(0.86404404 0.00022109638 0)
(0.86313451 0.00021993518 0)
(0.86221866 0.0002187725 0)
(0.86129643 0.00021760832 0)
(0.86036775 0.00021644264 0)
(0.85943257 0.00021527545 0)
(0.85849081 0.00021410676 0)
(0.85754243 0.00021293656 0)
(0.85658734 0.00021176484 0)
(0.85562549 0.0002105916 0)
(0.85465681 0.00020941684 0)
(0.85368123 0.00020824055 0)
(0.85269868 0.00020706273 0)
(0.85170909 0.00020588339 0)
(0.8507124 0.00020470251 0)
(0.84970852 0.0002035201 0)
(0.8486974 0.00020233615 0)
(0.84767895 0.00020115066 0)
(0.8466531 0.00019996363 0)
(0.84561977 0.00019877506 0)
(0.8445789 0.00019758494 0)
(0.84353039 0.00019639329 0)
(0.84247418 0.0001952001 0)
(0.84141018 0.00019400536 0)
(0.84033832 0.00019280909 0)
(0.8392585 0.00019161128 0)
(0.83817065 0.00019041194 0)
(0.83707469 0.00018921106 0)
(0.83597052 0.00018800867 0)
(0.83485807 0.00018680478 0)
(0.83373723 0.00018559939 0)
(0.83260794 0.00018439253 0)
(0.83147008 0.00018318424 0)
(0.83032358 0.00018197452 0)
(0.82916833 0.00018076333 0)
(0.82800425 0.00017955036 0)
(0.82683123 0.00017833516 0)
(0.82564919 0.00017711796 0)
(0.82445803 0.00017589941 0)
(0.82325764 0.00017467945 0)
(0.82204793 0.00017345956 0)
(0.82082878 0.00017223575 0)
(0.81960012 0.00017101301 0)
(0.81836171 0.00016982612 0)
(0.93333567 0.00032461452 0)
(0.93283835 0.00032360907 0)
(0.93233793 0.00032260668 0)
(0.93183431 0.00032156385 0)
(0.93132742 0.00032048922 0)
(0.93081726 0.00031939901 0)
(0.93030383 0.00031830319 0)
(0.92978715 0.000317208 0)
(0.92926725 0.00031611624 0)
(0.92874411 0.00031502841 0)
(0.92821772 0.00031394399 0)
(0.92768806 0.00031286219 0)
(0.9271551 0.00031178219 0)
(0.92661881 0.00031070325 0)
(0.92607915 0.00030962474 0)
(0.92553609 0.00030854615 0)
(0.92498959 0.00030746712 0)
(0.92443961 0.00030638739 0)
(0.92388613 0.00030530677 0)
(0.92332911 0.00030422515 0)
(0.92276852 0.00030314246 0)
(0.92220432 0.00030205865 0)
(0.9216365 0.0003009737 0)
(0.92106502 0.0002998876 0)
(0.92048984 0.00029880033 0)
(0.91991095 0.0002977119 0)
(0.91932831 0.0002966223 0)
(0.91874189 0.00029553152 0)
(0.91815167 0.00029443956 0)
(0.9175576 0.0002933464 0)
(0.91695966 0.00029225204 0)
(0.91635782 0.00029115647 0)
(0.91575205 0.00029005967 0)
(0.91514231 0.00028896163 0)
(0.91452857 0.00028786234 0)
(0.9139108 0.00028676178 0)
(0.91328897 0.00028565993 0)
(0.91266303 0.00028455679 0)
(0.91203296 0.00028345234 0)
(0.91139872 0.00028234656 0)
(0.91076028 0.00028123944 0)
(0.9101176 0.00028013097 0)
(0.90947064 0.00027902112 0)
(0.90881937 0.0002779099 0)
(0.90816375 0.00027679728 0)
(0.90750374 0.00027568325 0)
(0.90683931 0.0002745678 0)
(0.90617041 0.00027345092 0)
(0.90549701 0.0002723326 0)
(0.90481907 0.00027121282 0)
(0.90413654 0.00027009157 0)
(0.90344939 0.00026896885 0)
(0.90275758 0.00026784464 0)
(0.90206107 0.00026671893 0)
(0.90135981 0.00026559171 0)
(0.90065376 0.00026446297 0)
(0.89994288 0.00026333269 0)
(0.89922713 0.00026220088 0)
(0.89850646 0.00026106752 0)
(0.89778083 0.00025993259 0)
(0.89705019 0.0002587961 0)
(0.8963145 0.00025765802 0)
(0.89557372 0.00025651836 0)
(0.89482779 0.00025537709 0)
(0.89407667 0.00025423422 0)
(0.89332031 0.00025308973 0)
(0.89255866 0.00025194361 0)
(0.89179168 0.00025079586 0)
(0.89101931 0.00024964646 0)
(0.89024151 0.00024849541 0)
(0.88945822 0.00024734269 0)
(0.8886694 0.00024618831 0)
(0.88787498 0.00024503225 0)
(0.88707493 0.0002438745 0)
(0.88626919 0.00024271505 0)
(0.88545769 0.0002415539 0)
(0.88464039 0.00024039104 0)
(0.88381724 0.00023922646 0)
(0.88298817 0.00023806016 0)
(0.88215313 0.00023689212 0)
(0.88131207 0.00023572234 0)
(0.88046492 0.00023455082 0)
(0.87961163 0.00023337754 0)
(0.87875213 0.00023220249 0)
(0.87788637 0.00023102568 0)
(0.87701428 0.0002298471 0)
(0.8761358 0.00022866673 0)
(0.87525088 0.00022748458 0)
(0.87435944 0.00022630064 0)
(0.87346143 0.0002251149 0)
(0.87255677 0.00022392735 0)
(0.8716454 0.000222738 0)
(0.87072726 0.00022154683 0)
(0.86980227 0.00022035385 0)
(0.86887037 0.00021915904 0)
(0.86793149 0.0002179624 0)
(0.86698555 0.00021676393 0)
(0.86603249 0.00021556363 0)
(0.86507223 0.00021436148 0)
(0.8641047 0.0002131575 0)
(0.86312983 0.00021195166 0)
(0.86214753 0.00021074398 0)
(0.86115774 0.00020953444 0)
(0.86016037 0.00020832305 0)
(0.85915535 0.0002071098 0)
(0.8581426 0.00020589469 0)
(0.85712203 0.00020467772 0)
(0.85609356 0.00020345889 0)
(0.85505711 0.0002022382 0)
(0.8540126 0.00020101565 0)
(0.85295994 0.00019979123 0)
(0.85189904 0.00019856496 0)
(0.85082982 0.00019733683 0)
(0.84975218 0.00019610686 0)
(0.84866604 0.00019487505 0)
(0.8475713 0.00019364142 0)
(0.84646787 0.000192406 0)
(0.84535566 0.00019116881 0)
(0.84423456 0.00018992986 0)
(0.84310448 0.00018868911 0)
(0.84196533 0.00018744623 0)
(0.840817 0.00018620078 0)
(0.8396594 0.00018495297 0)
(0.83849241 0.00018370348 0)
(0.83731594 0.00018245225 0)
(0.83612988 0.00018120076 0)
(0.83493412 0.00017994495 0)
(0.83372857 0.00017869018 0)
(0.832513 0.00017747009 0)
(0.94266724 0.00033363787 0)
(0.9422072 0.00033263694 0)
(0.94174408 0.0003316406 0)
(0.94127781 0.00033060501 0)
(0.9408083 0.00032953753 0)
(0.94033554 0.00032845381 0)
(0.93985952 0.00032736364 0)
(0.93938026 0.00032627321 0)
(0.93889777 0.0003251855 0)
(0.93841203 0.00032410118 0)
(0.93792304 0.00032301989 0)
(0.93743077 0.00032194097 0)
(0.93693521 0.0003208637 0)
(0.93643632 0.00031978739 0)
(0.93593407 0.00031871143 0)
(0.93542843 0.00031763532 0)
(0.93491936 0.00031655868 0)
(0.93440682 0.00031548124 0)
(0.93389079 0.00031440278 0)
(0.93337123 0.00031332316 0)
(0.9328481 0.00031224229 0)
(0.93232138 0.00031116012 0)
(0.93179103 0.0003100766 0)
(0.93125703 0.00030899172 0)
(0.93071934 0.00030790544 0)
(0.93017793 0.00030681778 0)
(0.92963277 0.0003057287 0)
(0.92908383 0.00030463822 0)
(0.92853108 0.00030354631 0)
(0.92797448 0.00030245297 0)
(0.92741401 0.00030135818 0)
(0.92684963 0.00030026195 0)
(0.9262813 0.00029916424 0)
(0.925709 0.00029806505 0)
(0.92513269 0.00029696437 0)
(0.92455234 0.00029586219 0)
(0.92396791 0.00029475847 0)
(0.92337937 0.00029365322 0)
(0.92278668 0.00029254642 0)
(0.9221898 0.00029143805 0)
(0.9215887 0.00029032809 0)
(0.92098334 0.00028921653 0)
(0.92037369 0.00028810335 0)
(0.9197597 0.00028698855 0)
(0.91914134 0.00028587211 0)
(0.91851857 0.00028475401 0)
(0.91789135 0.00028363423 0)
(0.91725964 0.00028251278 0)
(0.9166234 0.00028138963 0)
(0.91598258 0.00028026477 0)
(0.91533716 0.00027913819 0)
(0.91468708 0.00027800987 0)
(0.91403231 0.0002768798 0)
(0.91337279 0.00027574797 0)
(0.9127085 0.00027461438 0)
(0.91203938 0.000273479 0)
(0.91136539 0.00027234182 0)
(0.91068648 0.00027120284 0)
(0.91000262 0.00027006204 0)
(0.90931375 0.00026891941 0)
(0.90861983 0.00026777494 0)
(0.9079208 0.00026662862 0)
(0.90721664 0.00026548043 0)
(0.90650727 0.00026433038 0)
(0.90579267 0.00026317843 0)
(0.90507277 0.00026202459 0)
(0.90434752 0.00026086885 0)
(0.90361689 0.00025971119 0)
(0.90288081 0.00025855161 0)
(0.90213923 0.00025739009 0)
(0.9013921 0.00025622662 0)
(0.90063937 0.00025506119 0)
(0.89988099 0.0002538938 0)
(0.89911689 0.00025272444 0)
(0.89834703 0.00025155308 0)
(0.89757134 0.00025037973 0)
(0.89678978 0.00024920438 0)
(0.89600228 0.00024802702 0)
(0.89520879 0.00024684763 0)
(0.89440924 0.00024566621 0)
(0.89360358 0.00024448275 0)
(0.89279175 0.00024329724 0)
(0.89197369 0.00024210968 0)
(0.89114932 0.00024092004 0)
(0.8903186 0.00023972834 0)
(0.88948146 0.00023853455 0)
(0.88863783 0.00023733868 0)
(0.88778765 0.00023614071 0)
(0.88693084 0.00023494063 0)
(0.88606736 0.00023373844 0)
(0.88519712 0.00023253413 0)
(0.88432005 0.0002313277 0)
(0.8834361 0.00023011914 0)
(0.88254518 0.00022890844 0)
(0.88164722 0.00022769559 0)
(0.88074216 0.00022648059 0)
(0.87982992 0.00022526344 0)
(0.87891042 0.00022404412 0)
(0.87798359 0.00022282264 0)
(0.87704936 0.00022159898 0)
(0.87610763 0.00022037315 0)
(0.87515834 0.00021914514 0)
(0.87420141 0.00021791493 0)
(0.87323675 0.00021668254 0)
(0.87226429 0.00021544795 0)
(0.87128393 0.00021421117 0)
(0.87029559 0.00021297218 0)
(0.8692992 0.00021173099 0)
(0.86829465 0.0002104876 0)
(0.86728187 0.00020924199 0)
(0.86626077 0.00020799418 0)
(0.86523124 0.00020674417 0)
(0.86419321 0.00020549195 0)
(0.86314658 0.00020423753 0)
(0.86209124 0.00020298093 0)
(0.86102712 0.00020172215 0)
(0.8599541 0.00020046122 0)
(0.8588721 0.00019919817 0)
(0.857781 0.00019793301 0)
(0.85668071 0.00019666569 0)
(0.85557112 0.00019539586 0)
(0.85445214 0.00019412309 0)
(0.85332365 0.00019284759 0)
(0.85218554 0.00019157004 0)
(0.85103772 0.00019029038 0)
(0.84988006 0.00018901012 0)
(0.84871246 0.00018772509 0)
(0.84753481 0.00018644105 0)
(0.84634689 0.0001851905 0)
(0.95124903 0.00034220195 0)
(0.95082735 0.00034120933 0)
(0.95040263 0.00034022272 0)
(0.94997482 0.00033919789 0)
(0.94954384 0.00033814113 0)
(0.94910966 0.00033706771 0)
(0.94867228 0.00033598717 0)
(0.94823169 0.00033490565 0)
(0.94778789 0.00033382619 0)
(0.94734089 0.00033274959 0)
(0.94689065 0.00033167563 0)
(0.94643717 0.00033060374 0)
(0.94598041 0.0003295333 0)
(0.94552036 0.00032846365 0)
(0.94505698 0.00032739424 0)
(0.94459024 0.00032632457 0)
(0.94412011 0.00032525427 0)
(0.94364655 0.00032418305 0)
(0.94316952 0.00032311069 0)
(0.94268901 0.00032203702 0)
(0.94220496 0.00032096195 0)
(0.94171736 0.00031988539 0)
(0.94122616 0.0003188073 0)
(0.94073134 0.00031772764 0)
(0.94023286 0.00031664638 0)
(0.93973069 0.00031556352 0)
(0.9392248 0.00031447902 0)
(0.93871516 0.00031339289 0)
(0.93820173 0.0003123051 0)
(0.93768448 0.00031121566 0)
(0.93716337 0.00031012453 0)
(0.93663838 0.00030903172 0)
(0.93610947 0.00030793721 0)
(0.93557661 0.00030684098 0)
(0.93503975 0.00030574303 0)
(0.93449887 0.00030464332 0)
(0.93395393 0.00030354186 0)
(0.93340489 0.00030243862 0)
(0.93285171 0.00030133359 0)
(0.93229437 0.00030022674 0)
(0.93173281 0.00029911807 0)
(0.93116701 0.00029800756 0)
(0.93059692 0.00029689519 0)
(0.93002251 0.00029578094 0)
(0.92944373 0.00029466481 0)
(0.92886055 0.00029354677 0)
(0.92827292 0.00029242682 0)
(0.92768081 0.00029130493 0)
(0.92708417 0.00029018109 0)
(0.92648296 0.00028905529 0)
(0.92587713 0.00028792751 0)
(0.92526666 0.00028679773 0)
(0.92465148 0.00028566595 0)
(0.92403156 0.00028453215 0)
(0.92340685 0.00028339632 0)
(0.92277731 0.00028225844 0)
(0.9221429 0.0002811185 0)
(0.92150355 0.00027997649 0)
(0.92085924 0.00027883238 0)
(0.92020991 0.00027768618 0)
(0.9195555 0.00027653787 0)
(0.91889599 0.00027538743 0)
(0.91823131 0.00027423486 0)
(0.91756141 0.00027308013 0)
(0.91688625 0.00027192323 0)
(0.91620577 0.00027076416 0)
(0.91551992 0.00026960291 0)
(0.91482866 0.00026843945 0)
(0.91413192 0.00026727378 0)
(0.91342965 0.00026610589 0)
(0.9127218 0.00026493576 0)
(0.91200831 0.00026376338 0)
(0.91128913 0.00026258874 0)
(0.9105642 0.00026141184 0)
(0.90983346 0.00026023264 0)
(0.90909686 0.00025905116 0)
(0.90835434 0.00025786737 0)
(0.90760583 0.00025668126 0)
(0.90685128 0.00025549283 0)
(0.90609062 0.00025430206 0)
(0.9053238 0.00025310894 0)
(0.90455074 0.00025191346 0)
(0.9037714 0.00025071562 0)
(0.90298569 0.00024951539 0)
(0.90219357 0.00024831278 0)
(0.90139495 0.00024710777 0)
(0.90058978 0.00024590035 0)
(0.89977799 0.00024469051 0)
(0.8989595 0.00024347824 0)
(0.89813425 0.00024226354 0)
(0.89730217 0.00024104639 0)
(0.89646318 0.00023982678 0)
(0.89561722 0.00023860472 0)
(0.8947642 0.00023738018 0)
(0.89390406 0.00023615317 0)
(0.89303672 0.00023492366 0)
(0.8921621 0.00023369166 0)
(0.89128013 0.00023245716 0)
(0.89039072 0.00023122015 0)
(0.88949379 0.00022998062 0)
(0.88858927 0.00022873857 0)
(0.88767707 0.00022749399 0)
(0.88675711 0.00022624687 0)
(0.88582931 0.0002249972 0)
(0.88489357 0.00022374499 0)
(0.88394982 0.00022249022 0)
(0.88299795 0.0002212329 0)
(0.8820379 0.00021997301 0)
(0.88106955 0.00021871055 0)
(0.88009283 0.00021744552 0)
(0.87910764 0.00021617792 0)
(0.87811387 0.00021490774 0)
(0.87711145 0.00021363499 0)
(0.87610026 0.00021235967 0)
(0.87508022 0.00021108179 0)
(0.87405122 0.00020980136 0)
(0.87301315 0.0002085184 0)
(0.87196592 0.00020723294 0)
(0.87090941 0.00020594499 0)
(0.86984353 0.00020465449 0)
(0.86876817 0.0002033611 0)
(0.86768321 0.00020206437 0)
(0.86658854 0.0002007645 0)
(0.86548407 0.00019946219 0)
(0.86436966 0.0001981574 0)
(0.8632452 0.0001968516 0)
(0.86211057 0.00019554061 0)
(0.86096567 0.00019423046 0)
(0.85981028 0.00019295261 0)
(0.95906787 0.00035025296 0)
(0.95868514 0.00034927226 0)
(0.95829944 0.00034829888 0)
(0.95791073 0.00034728816 0)
(0.95751894 0.00034624555 0)
(0.95712404 0.00034518595 0)
(0.95672601 0.0003441187 0)
(0.95632485 0.00034304987 0)
(0.95592055 0.00034198255 0)
(0.9555131 0.00034091763 0)
(0.95510248 0.00033985497 0)
(0.95468867 0.00033879409 0)
(0.95427165 0.00033773441 0)
(0.95385139 0.00033667536 0)
(0.95342786 0.00033561639 0)
(0.95300103 0.00033455704 0)
(0.95257087 0.00033349693 0)
(0.95213735 0.00033243577 0)
(0.95170043 0.00033137335 0)
(0.95126009 0.00033030949 0)
(0.95081627 0.00032924406 0)
(0.95036896 0.000328177 0)
(0.94991813 0.00032710822 0)
(0.94946372 0.00032603769 0)
(0.94900573 0.00032496538 0)
(0.9485441 0.00032389125 0)
(0.94807881 0.00032281529 0)
(0.94760983 0.00032173749 0)
(0.94713711 0.00032065782 0)
(0.94666064 0.00031957627 0)
(0.94618036 0.00031849283 0)
(0.94569625 0.00031740748 0)
(0.94520827 0.00031632021 0)
(0.94471639 0.000315231 0)
(0.94422057 0.00031413983 0)
(0.94372078 0.00031304669 0)
(0.94321697 0.00031195156 0)
(0.94270911 0.00031085443 0)
(0.94219717 0.00030975527 0)
(0.9416811 0.00030865407 0)
(0.94116087 0.00030755081 0)
(0.94063643 0.00030644547 0)
(0.94010775 0.00030533804 0)
(0.93957478 0.0003042285 0)
(0.9390375 0.00030311684 0)
(0.93849584 0.00030200302 0)
(0.93794978 0.00030088705 0)
(0.93739928 0.0002997689 0)
(0.93684427 0.00029864855 0)
(0.93628474 0.000297526 0)
(0.93572063 0.00029640121 0)
(0.93515189 0.00029527419 0)
(0.93457848 0.0002941449 0)
(0.93400036 0.00029301334 0)
(0.93341749 0.00029187949 0)
(0.9328298 0.00029074333 0)
(0.93223726 0.00028960485 0)
(0.93163983 0.00028846403 0)
(0.93103744 0.00028732086 0)
(0.93043005 0.00028617533 0)
(0.92981762 0.00028502741 0)
(0.92920009 0.0002838771 0)
(0.92857741 0.00028272437 0)
(0.92794953 0.00028156922 0)
(0.92731639 0.00028041163 0)
(0.92667795 0.00027925158 0)
(0.92603416 0.00027808906 0)
(0.92538495 0.00027692406 0)
(0.92473027 0.00027575657 0)
(0.92407007 0.00027458656 0)
(0.92340429 0.00027341403 0)
(0.92273287 0.00027223895 0)
(0.92205576 0.00027106132 0)
(0.92137289 0.00026988113 0)
(0.92068421 0.00026869835 0)
(0.91998966 0.00026751298 0)
(0.91928918 0.00026632501 0)
(0.9185827 0.00026513441 0)
(0.91787017 0.00026394118 0)
(0.91715151 0.00026274531 0)
(0.91642667 0.00026154677 0)
(0.91569558 0.00026034556 0)
(0.91495817 0.00025914167 0)
(0.91421438 0.00025793508 0)
(0.91346414 0.00025672578 0)
(0.91270738 0.00025551376 0)
(0.91194404 0.00025429901 0)
(0.91117403 0.00025308151 0)
(0.9103973 0.00025186125 0)
(0.90961376 0.00025063823 0)
(0.90882334 0.00024941243 0)
(0.90802598 0.00024818383 0)
(0.90722158 0.00024695244 0)
(0.90641009 0.00024571824 0)
(0.90559141 0.00024448121 0)
(0.90476548 0.00024324135 0)
(0.90393221 0.00024199864 0)
(0.90309152 0.00024075308 0)
(0.90224333 0.00023950466 0)
(0.90138755 0.00023825337 0)
(0.9005241 0.0002369992 0)
(0.8996529 0.00023574213 0)
(0.89877386 0.00023448217 0)
(0.89788689 0.00023321929 0)
(0.8969919 0.0002319535 0)
(0.89608881 0.00023068479 0)
(0.89517751 0.00022941314 0)
(0.89425791 0.00022813856 0)
(0.89332993 0.00022686103 0)
(0.89239347 0.00022558055 0)
(0.89144842 0.00022429711 0)
(0.89049469 0.00022301072 0)
(0.88953218 0.00022172137 0)
(0.88856079 0.00022042906 0)
(0.88758042 0.00021913379 0)
(0.88659095 0.00021783558 0)
(0.88559228 0.00021653445 0)
(0.88458431 0.00021523042 0)
(0.88356693 0.0002139235 0)
(0.88254001 0.00021261364 0)
(0.88150346 0.00021130046 0)
(0.88045716 0.00020998352 0)
(0.87940099 0.00020866302 0)
(0.87833483 0.00020733967 0)
(0.87725857 0.00020601343 0)
(0.87617208 0.00020468577 0)
(0.87507523 0.00020335245 0)
(0.87396793 0.00020201981 0)
(0.87284995 0.00020071826 0)
(0.96612049 0.00035774427 0)
(0.96577676 0.00035677878 0)
(0.96543017 0.00035582185 0)
(0.96508068 0.00035482838 0)
(0.96472823 0.00035380303 0)
(0.96437277 0.00035276046 0)
(0.9640143 0.00035170982 0)
(0.96365279 0.0003506571 0)
(0.96328825 0.00034960543 0)
(0.96292064 0.00034855577 0)
(0.96254997 0.00034750803 0)
(0.96217619 0.0003464618 0)
(0.9617993 0.00034541656 0)
(0.96141925 0.00034437175 0)
(0.96103603 0.00034332687 0)
(0.9606496 0.00034228147 0)
(0.96025994 0.00034123518 0)
(0.959867 0.00034018773 0)
(0.95947076 0.00033913888 0)
(0.95907119 0.00033808846 0)
(0.95866824 0.00033703634 0)
(0.95826189 0.00033598243 0)
(0.95785211 0.00033492665 0)
(0.95743886 0.00033386896 0)
(0.9570221 0.00033280931 0)
(0.9566018 0.00033174767 0)
(0.95617794 0.00033068402 0)
(0.95575047 0.00032961833 0)
(0.95531935 0.00032855058 0)
(0.95488457 0.00032748076 0)
(0.95444607 0.00032640885 0)
(0.95400383 0.00032533483 0)
(0.9535578 0.00032425868 0)
(0.95310796 0.00032318039 0)
(0.95265426 0.00032209993 0)
(0.95219667 0.00032101729 0)
(0.95173515 0.00031993245 0)
(0.95126966 0.00031884539 0)
(0.95080017 0.0003177561 0)
(0.95032663 0.00031666454 0)
(0.94984901 0.00031557071 0)
(0.94936726 0.00031447458 0)
(0.94888134 0.00031337613 0)
(0.94839122 0.00031227536 0)
(0.94789685 0.00031117223 0)
(0.94739819 0.00031006672 0)
(0.9468952 0.00030895883 0)
(0.94638782 0.00030784853 0)
(0.94587603 0.0003067358 0)
(0.94535978 0.00030562063 0)
(0.94483901 0.00030450299 0)
(0.94431369 0.00030338287 0)
(0.94378377 0.00030226024 0)
(0.9432492 0.0003011351 0)
(0.94270994 0.00030000742 0)
(0.94216593 0.00029887719 0)
(0.94161713 0.00029774439 0)
(0.94106349 0.00029660899 0)
(0.94050496 0.000295471 0)
(0.93994149 0.00029433037 0)
(0.93937303 0.00029318711 0)
(0.93879953 0.00029204119 0)
(0.93822093 0.00029089259 0)
(0.93763719 0.0002897413 0)
(0.93704824 0.0002885873 0)
(0.93645404 0.00028743058 0)
(0.93585452 0.00028627111 0)
(0.93524964 0.00028510888 0)
(0.93463934 0.00028394388 0)
(0.93402355 0.00028277609 0)
(0.93340223 0.00028160548 0)
(0.9327753 0.00028043206 0)
(0.93214273 0.00027925579 0)
(0.93150443 0.00027807666 0)
(0.93086036 0.00027689466 0)
(0.93021044 0.00027570977 0)
(0.92955462 0.00027452197 0)
(0.92889284 0.00027333126 0)
(0.92822502 0.0002721376 0)
(0.92755111 0.000270941 0)
(0.92687103 0.00026974143 0)
(0.92618472 0.00026853887 0)
(0.92549212 0.00026733332 0)
(0.92479315 0.00026612475 0)
(0.92408774 0.00026491316 0)
(0.92337582 0.00026369852 0)
(0.92265732 0.00026248083 0)
(0.92193217 0.00026126006 0)
(0.92120029 0.00026003621 0)
(0.9204616 0.00025880926 0)
(0.91971604 0.00025757919 0)
(0.91896353 0.000256346 0)
(0.91820398 0.00025510967 0)
(0.91743732 0.00025387018 0)
(0.91666346 0.00025262752 0)
(0.91588233 0.00025138168 0)
(0.91509385 0.00025013264 0)
(0.91429792 0.00024888039 0)
(0.91349446 0.00024762493 0)
(0.9126834 0.00024636623 0)
(0.91186463 0.00024510429 0)
(0.91103807 0.0002438391 0)
(0.91020364 0.00024257063 0)
(0.90936123 0.00024129888 0)
(0.90851076 0.00024002385 0)
(0.90765214 0.00023874551 0)
(0.90678526 0.00023746386 0)
(0.90591003 0.00023617889 0)
(0.90502635 0.00023489058 0)
(0.90413412 0.00023359894 0)
(0.90323325 0.00023230395 0)
(0.90232362 0.0002310056 0)
(0.90140514 0.0002297039 0)
(0.90047769 0.00022839884 0)
(0.89954118 0.00022709042 0)
(0.89859549 0.00022577865 0)
(0.8976405 0.00022446355 0)
(0.89667611 0.00022314514 0)
(0.89570221 0.00022182342 0)
(0.89471867 0.00022049834 0)
(0.89372539 0.00021916952 0)
(0.89272223 0.0002178365 0)
(0.89170908 0.00021649948 0)
(0.89068582 0.00021515918 0)
(0.88965233 0.00021381556 0)
(0.88860847 0.00021247009 0)
(0.88755411 0.0002111185 0)
(0.88648914 0.00020976736 0)
(0.88541335 0.00020844609 0)
(0.97241392 0.00036463823 0)
(0.97210871 0.00036369082 0)
(0.97180078 0.00036275314 0)
(0.97149008 0.00036177964 0)
(0.97117656 0.0003607743 0)
(0.97086017 0.00035975157 0)
(0.9705409 0.00035872045 0)
(0.97021873 0.00035768683 0)
(0.96989365 0.00035665389 0)
(0.96956564 0.00035562261 0)
(0.96923467 0.00035459299 0)
(0.96890074 0.00035356463 0)
(0.9685638 0.00035253705 0)
(0.96822384 0.00035150975 0)
(0.96788082 0.00035048223 0)
(0.96753472 0.00034945406 0)
(0.96718551 0.00034842488 0)
(0.96683315 0.00034739442 0)
(0.96647761 0.00034636245 0)
(0.96611885 0.00034532878 0)
(0.96575686 0.0003442933 0)
(0.96539158 0.00034325589 0)
(0.965023 0.00034221649 0)
(0.96465106 0.00034117503 0)
(0.96427575 0.00034013146 0)
(0.96389703 0.00033908575 0)
(0.96351485 0.00033803788 0)
(0.9631292 0.0003369878 0)
(0.96274002 0.00033593549 0)
(0.96234729 0.00033488095 0)
(0.96195098 0.00033382413 0)
(0.96155103 0.00033276503 0)
(0.96114743 0.00033170363 0)
(0.96074013 0.00033063989 0)
(0.96032909 0.00032957381 0)
(0.95991428 0.00032850536 0)
(0.95949565 0.00032743452 0)
(0.95907317 0.00032636127 0)
(0.95864681 0.00032528558 0)
(0.95821651 0.00032420745 0)
(0.95778224 0.00032312684 0)
(0.95734396 0.00032204374 0)
(0.95690163 0.00032095812 0)
(0.9564552 0.00031986996 0)
(0.95600464 0.00031877924 0)
(0.9555499 0.00031768595 0)
(0.95509093 0.00031659005 0)
(0.9546277 0.00031549154 0)
(0.95416015 0.00031439039 0)
(0.95368825 0.00031328657 0)
(0.95321195 0.00031218007 0)
(0.95273119 0.00031107087 0)
(0.95224594 0.00030995894 0)
(0.95175615 0.00030884427 0)
(0.95126176 0.00030772683 0)
(0.95076273 0.00030660661 0)
(0.95025901 0.00030548359 0)
(0.94975056 0.00030435774 0)
(0.94923731 0.00030322905 0)
(0.94871921 0.00030209749 0)
(0.94819622 0.00030096305 0)
(0.94766829 0.00029982571 0)
(0.94713535 0.00029868544 0)
(0.94659736 0.00029754223 0)
(0.94605426 0.00029639605 0)
(0.94550599 0.0002952469 0)
(0.9449525 0.00029409474 0)
(0.94439372 0.00029293956 0)
(0.94382961 0.00029178134 0)
(0.94326011 0.00029062007 0)
(0.94268515 0.00028945571 0)
(0.94210467 0.00028828826 0)
(0.94151861 0.00028711769 0)
(0.94092692 0.00028594398 0)
(0.94032952 0.00028476712 0)
(0.93972636 0.00028358709 0)
(0.93911737 0.00028240386 0)
(0.93850248 0.00028121743 0)
(0.93788163 0.00028002776 0)
(0.93725475 0.00027883485 0)
(0.93662177 0.00027763868 0)
(0.93598262 0.00027643921 0)
(0.93533724 0.00027523645 0)
(0.93468555 0.00027403036 0)
(0.93402748 0.00027282094 0)
(0.93336295 0.00027160816 0)
(0.9326919 0.00027039201 0)
(0.93201424 0.00026917247 0)
(0.93132991 0.00026794951 0)
(0.93063882 0.00026672314 0)
(0.92994089 0.00026549331 0)
(0.92923605 0.00026426003 0)
(0.92852422 0.00026302327 0)
(0.92780531 0.00026178302 0)
(0.92707924 0.00026053926 0)
(0.92634592 0.00025929196 0)
(0.92560527 0.00025804113 0)
(0.92485721 0.00025678674 0)
(0.92410164 0.00025552877 0)
(0.92333848 0.00025426721 0)
(0.92256764 0.00025300204 0)
(0.92178902 0.00025173326 0)
(0.92100252 0.00025046083 0)
(0.92020807 0.00024918476 0)
(0.91940555 0.00024790501 0)
(0.91859488 0.00024662159 0)
(0.91777594 0.00024533447 0)
(0.91694865 0.00024404365 0)
(0.91611291 0.0002427491 0)
(0.91526859 0.00024145083 0)
(0.91441561 0.0002401488 0)
(0.91355386 0.00023884303 0)
(0.91268322 0.00023753349 0)
(0.91180359 0.00023622019 0)
(0.91091485 0.00023490312 0)
(0.9100169 0.00023358229 0)
(0.90910961 0.00023225771 0)
(0.90819287 0.0002309294 0)
(0.90726656 0.00022959736 0)
(0.90633056 0.00022826153 0)
(0.90538474 0.00022692154 0)
(0.90442899 0.00022557687 0)
(0.90346318 0.00022422778 0)
(0.90248718 0.00022287495 0)
(0.90150086 0.00022151836 0)
(0.90050408 0.00022015948 0)
(0.89949671 0.00021879399 0)
(0.89847864 0.00021742871 0)
(0.89744964 0.00021609207 0)
(0.97796561 0.00037090766 0)
(0.97769791 0.00036998067 0)
(0.97742762 0.00036906453 0)
(0.97715474 0.00036811323 0)
(0.97687919 0.00036713016 0)
(0.97660094 0.00036612959 0)
(0.97631997 0.00036512038 0)
(0.97603626 0.00036410836 0)
(0.9757498 0.00036309669 0)
(0.97546056 0.00036208642 0)
(0.97516852 0.00036107756 0)
(0.97487366 0.00036006978 0)
(0.97457596 0.00035906262 0)
(0.97427538 0.00035805558 0)
(0.9739719 0.0003570482 0)
(0.97366548 0.00035604006 0)
(0.97335611 0.00035503082 0)
(0.97304374 0.00035402019 0)
(0.97272835 0.00035300795 0)
(0.9724099 0.00035199392 0)
(0.97208835 0.00035097798 0)
(0.97176369 0.00034996 0)
(0.97143587 0.00034893992 0)
(0.97110486 0.00034791767 0)
(0.97077062 0.00034689319 0)
(0.97043312 0.00034586645 0)
(0.97009234 0.00034483741 0)
(0.96974822 0.00034380603 0)
(0.96940074 0.00034277229 0)
(0.96904986 0.00034173617 0)
(0.96869554 0.00034069764 0)
(0.96833775 0.00033965667 0)
(0.96797646 0.00033861325 0)
(0.96761162 0.00033756734 0)
(0.96724319 0.00033651893 0)
(0.96687114 0.000335468 0)
(0.96649543 0.00033441451 0)
(0.96611603 0.00033335846 0)
(0.96573288 0.0003322998 0)
(0.96534595 0.00033123853 0)
(0.9649552 0.00033017461 0)
(0.96456059 0.00032910803 0)
(0.96416208 0.00032803875 0)
(0.96375962 0.00032696676 0)
(0.96335318 0.00032589204 0)
(0.9629427 0.00032481455 0)
(0.96252814 0.00032373429 0)
(0.96210947 0.00032265121 0)
(0.96168662 0.00032156531 0)
(0.96125957 0.00032047656 0)
(0.96082826 0.00031938493 0)
(0.96039264 0.0003182904 0)
(0.95995267 0.00031719295 0)
(0.9595083 0.00031609255 0)
(0.95905948 0.00031498918 0)
(0.95860616 0.00031388283 0)
(0.95814829 0.00031277346 0)
(0.95768581 0.00031166106 0)
(0.95721869 0.00031054559 0)
(0.95674686 0.00030942705 0)
(0.95627027 0.00030830541 0)
(0.95578888 0.00030718063 0)
(0.95530261 0.00030605271 0)
(0.95481143 0.00030492161 0)
(0.95431526 0.00030378732 0)
(0.95381407 0.00030264982 0)
(0.95330778 0.00030150908 0)
(0.95279634 0.00030036507 0)
(0.95227969 0.00029921778 0)
(0.95175778 0.00029806719 0)
(0.95123053 0.00029691327 0)
(0.95069789 0.000295756 0)
(0.9501598 0.00029459536 0)
(0.9496162 0.00029343133 0)
(0.94906701 0.00029226387 0)
(0.94851217 0.00029109298 0)
(0.94795163 0.00028991863 0)
(0.9473853 0.0002887408 0)
(0.94681313 0.00028755947 0)
(0.94623504 0.0002863746 0)
(0.94565096 0.0002851862 0)
(0.94506083 0.00028399422 0)
(0.94446457 0.00028279865 0)
(0.94386211 0.00028159948 0)
(0.94325337 0.00028039667 0)
(0.94263828 0.0002791902 0)
(0.94201677 0.00027798006 0)
(0.94138875 0.00027676623 0)
(0.94075415 0.00027554867 0)
(0.94011288 0.00027432738 0)
(0.93946488 0.00027310233 0)
(0.93881005 0.0002718735 0)
(0.93814831 0.00027064087 0)
(0.93747959 0.00026940442 0)
(0.93680378 0.00026816413 0)
(0.93612081 0.00026691998 0)
(0.9354306 0.00026567194 0)
(0.93473304 0.00026442001 0)
(0.93402804 0.00026316416 0)
(0.93331553 0.00026190436 0)
(0.9325954 0.00026064061 0)
(0.93186755 0.00025937288 0)
(0.9311319 0.00025810115 0)
(0.93038834 0.00025682541 0)
(0.92963678 0.00025554563 0)
(0.92887711 0.00025426179 0)
(0.92810923 0.00025297389 0)
(0.92733304 0.0002516819 0)
(0.92654844 0.00025038581 0)
(0.92575531 0.00024908559 0)
(0.92495354 0.00024778123 0)
(0.92414303 0.00024647273 0)
(0.92332367 0.00024516007 0)
(0.92249534 0.00024384323 0)
(0.92165792 0.00024252222 0)
(0.9208113 0.00024119704 0)
(0.91995535 0.00023986769 0)
(0.91908996 0.00023853418 0)
(0.91821501 0.00023719653 0)
(0.91733036 0.00023585466 0)
(0.91643589 0.00023450817 0)
(0.91553147 0.00023315658 0)
(0.91461698 0.00023180009 0)
(0.91369227 0.00023043943 0)
(0.91275722 0.00022907456 0)
(0.91181168 0.00022770694 0)
(0.91085552 0.00022633225 0)
(0.9098886 0.00022495746 0)
(0.90891072 0.00022361011 0)
(0.98280314 0.00037653703 0)
(0.98257138 0.00037563221 0)
(0.98233721 0.00037473927 0)
(0.98210063 0.00037381182 0)
(0.98186158 0.00037285271 0)
(0.98162001 0.00037187604 0)
(0.9813759 0.00037089057 0)
(0.98112924 0.00036990203 0)
(0.98088001 0.0003689136 0)
(0.98062818 0.00036792635 0)
(0.98037373 0.00036694034 0)
(0.98011664 0.00036595526 0)
(0.97985688 0.00036497065 0)
(0.97959442 0.00036398607 0)
(0.97932924 0.00036300105 0)
(0.97906132 0.00036201519 0)
(0.9787906 0.00036102814 0)
(0.97851708 0.00036003964 0)
(0.97824071 0.00035904945 0)
(0.97796147 0.00035805741 0)
(0.97767932 0.00035706337 0)
(0.97739423 0.00035606723 0)
(0.97710617 0.00035506891 0)
(0.97681509 0.00035406832 0)
(0.97652098 0.00035306543 0)
(0.9762238 0.00035206018 0)
(0.9759235 0.00035105253 0)
(0.97562006 0.00035004245 0)
(0.97531344 0.0003490299 0)
(0.97500361 0.00034801487 0)
(0.97469053 0.00034699731 0)
(0.97437416 0.00034597721 0)
(0.97405446 0.00034495453 0)
(0.9737314 0.00034392925 0)
(0.97340495 0.00034290135 0)
(0.97307506 0.00034187079 0)
(0.97274169 0.00034083756 0)
(0.97240481 0.00033980163 0)
(0.97206437 0.00033876297 0)
(0.97172034 0.00033772156 0)
(0.97137267 0.00033667736 0)
(0.97102132 0.00033563036 0)
(0.97066625 0.00033458053 0)
(0.97030742 0.00033352784 0)
(0.96994479 0.00033247227 0)
(0.96957831 0.00033141379 0)
(0.96920793 0.00033035237 0)
(0.96883362 0.00032928799 0)
(0.96845533 0.00032822064 0)
(0.968073 0.00032715026 0)
(0.9676866 0.00032607685 0)
(0.96729608 0.00032500038 0)
(0.96690139 0.00032392082 0)
(0.96650247 0.00032283814 0)
(0.96609929 0.00032175232 0)
(0.96569179 0.00032066334 0)
(0.96527991 0.00031957116 0)
(0.96486362 0.00031847577 0)
(0.96444285 0.00031737714 0)
(0.96401756 0.00031627524 0)
(0.96358769 0.00031517004 0)
(0.96315318 0.00031406153 0)
(0.96271399 0.00031294967 0)
(0.96227005 0.00031183443 0)
(0.9618213 0.00031071581 0)
(0.9613677 0.00030959375 0)
(0.96090919 0.00030846826 0)
(0.96044569 0.00030733929 0)
(0.95997716 0.00030620682 0)
(0.95950353 0.00030507083 0)
(0.95902475 0.00030393129 0)
(0.95854074 0.00030278818 0)
(0.95805145 0.00030164146 0)
(0.95755681 0.00030049112 0)
(0.95705675 0.00029933713 0)
(0.95655122 0.00029817946 0)
(0.95604013 0.00029701809 0)
(0.95552344 0.00029585299 0)
(0.95500105 0.00029468415 0)
(0.95447292 0.00029351152 0)
(0.95393895 0.00029233509 0)
(0.95339909 0.00029115483 0)
(0.95285326 0.00028997072 0)
(0.95230138 0.00028878273 0)
(0.95174338 0.00028759083 0)
(0.95117919 0.00028639501 0)
(0.95060872 0.00028519523 0)
(0.95003189 0.00028399147 0)
(0.94944863 0.00028278371 0)
(0.94885886 0.00028157193 0)
(0.94826248 0.00028035608 0)
(0.94765943 0.00027913616 0)
(0.94704961 0.00027791214 0)
(0.94643293 0.000276684 0)
(0.94580932 0.0002754517 0)
(0.94517868 0.00027421523 0)
(0.94454092 0.00027297455 0)
(0.94389594 0.00027172966 0)
(0.94324367 0.00027048051 0)
(0.94258399 0.0002692271 0)
(0.94191683 0.00026796939 0)
(0.94124207 0.00026670736 0)
(0.94055962 0.00026544099 0)
(0.93986937 0.00026417026 0)
(0.93917124 0.00026289514 0)
(0.93846511 0.0002616156 0)
(0.93775088 0.00026033164 0)
(0.93702844 0.00025904322 0)
(0.93629768 0.00025775032 0)
(0.9355585 0.00025645293 0)
(0.93481077 0.00025515102 0)
(0.9340544 0.00025384458 0)
(0.93328925 0.00025253358 0)
(0.93251522 0.00025121802 0)
(0.93173218 0.00024989789 0)
(0.93094001 0.00024857317 0)
(0.9301386 0.00024724389 0)
(0.92932781 0.00024591004 0)
(0.92850751 0.00024457162 0)
(0.92767758 0.00024322856 0)
(0.92683789 0.00024188046 0)
(0.9259883 0.0002405268 0)
(0.92512868 0.00023916779 0)
(0.92425889 0.00023780417 0)
(0.92337879 0.00023643591 0)
(0.92248823 0.00023506443 0)
(0.92158708 0.00023368542 0)
(0.92067518 0.000232306 0)
(0.91975236 0.00023095282 0)
(0.98696348 0.00038152316 0)
(0.98676563 0.00038064161 0)
(0.98656557 0.00037977289 0)
(0.98636331 0.0003788703 0)
(0.98615877 0.00037793619 0)
(0.98595193 0.00037698453 0)
(0.98574275 0.00037602398 0)
(0.98553122 0.00037506017 0)
(0.98531732 0.0003740963 0)
(0.98510102 0.00037313345 0)
(0.98488231 0.00037217171 0)
(0.98466116 0.00037121079 0)
(0.98443754 0.00037025026 0)
(0.98421143 0.00036928968 0)
(0.9839828 0.0003683286 0)
(0.98375162 0.00036736662 0)
(0.98351786 0.00036640341 0)
(0.9832815 0.0003654387 0)
(0.98304249 0.00036447228 0)
(0.98280082 0.00036350395 0)
(0.98255644 0.00036253359 0)
(0.98230934 0.00036156108 0)
(0.98205947 0.00036058634 0)
(0.9818068 0.0003596093 0)
(0.9815513 0.00035862989 0)
(0.98129293 0.00035764806 0)
(0.98103167 0.00035666378 0)
(0.98076748 0.00035567701 0)
(0.98050032 0.0003546877 0)
(0.98023015 0.00035369583 0)
(0.97995695 0.00035270137 0)
(0.97968068 0.00035170429 0)
(0.97940129 0.00035070455 0)
(0.97911876 0.00034970214 0)
(0.97883304 0.00034869701 0)
(0.9785441 0.00034768915 0)
(0.9782519 0.00034667852 0)
(0.97795639 0.0003456651 0)
(0.97765755 0.00034464886 0)
(0.97735533 0.00034362976 0)
(0.97704969 0.00034260779 0)
(0.97674059 0.00034158291 0)
(0.97642798 0.00034055509 0)
(0.97611184 0.00033952431 0)
(0.9757921 0.00033849054 0)
(0.97546873 0.00033745375 0)
(0.97514169 0.0003364139 0)
(0.97481092 0.00033537099 0)
(0.97447639 0.00033432496 0)
(0.97413805 0.00033327581 0)
(0.97379585 0.00033222349 0)
(0.97344975 0.00033116798 0)
(0.97309969 0.00033010925 0)
(0.97274563 0.00032904727 0)
(0.97238753 0.00032798201 0)
(0.97202532 0.00032691345 0)
(0.97165895 0.00032584156 0)
(0.97128839 0.0003247663 0)
(0.97091357 0.00032368766 0)
(0.97053444 0.00032260559 0)
(0.97015095 0.00032152008 0)
(0.96976305 0.00032043109 0)
(0.96937067 0.0003193386 0)
(0.96897377 0.00031824257 0)
(0.96857228 0.00031714298 0)
(0.96816615 0.00031603979 0)
(0.96775531 0.00031493299 0)
(0.96733972 0.00031382253 0)
(0.96691931 0.0003127084 0)
(0.96649402 0.00031159057 0)
(0.96606378 0.00031046899 0)
(0.96562854 0.00030934365 0)
(0.96518822 0.00030821452 0)
(0.96474278 0.00030708156 0)
(0.96429213 0.00030594475 0)
(0.96383621 0.00030480406 0)
(0.96337495 0.00030365946 0)
(0.9629083 0.00030251092 0)
(0.96243617 0.00030135841 0)
(0.96195849 0.0003002019 0)
(0.96147519 0.00029904137 0)
(0.96098621 0.00029787678 0)
(0.96049146 0.00029670811 0)
(0.95999087 0.00029553532 0)
(0.95948437 0.00029435839 0)
(0.95897187 0.00029317728 0)
(0.9584533 0.00029199198 0)
(0.95792858 0.00029080244 0)
(0.95739762 0.00028960865 0)
(0.95686035 0.00028841056 0)
(0.95631668 0.00028720816 0)
(0.95576652 0.00028600141 0)
(0.95520979 0.00028479029 0)
(0.95464641 0.00028357477 0)
(0.95407627 0.00028235481 0)
(0.9534993 0.00028113039 0)
(0.95291539 0.00027990148 0)
(0.95232446 0.00027866805 0)
(0.95172641 0.00027743007 0)
(0.95112115 0.00027618752 0)
(0.95050858 0.00027494036 0)
(0.94988859 0.00027368857 0)
(0.94926108 0.00027243212 0)
(0.94862597 0.00027117098 0)
(0.94798313 0.00026990512 0)
(0.94733246 0.00026863452 0)
(0.94667386 0.00026735915 0)
(0.94600722 0.00026607898 0)
(0.94533242 0.00026479398 0)
(0.94464936 0.00026350413 0)
(0.94395791 0.00026220941 0)
(0.94325796 0.00026090979 0)
(0.94254939 0.00025960525 0)
(0.94183209 0.00025829577 0)
(0.94110592 0.00025698133 0)
(0.94037077 0.00025566193 0)
(0.9396265 0.00025433757 0)
(0.938873 0.00025300825 0)
(0.93811012 0.00025167396 0)
(0.93733773 0.00025033462 0)
(0.9365557 0.00024898983 0)
(0.93576389 0.00024763904 0)
(0.93496217 0.00024628248 0)
(0.93415038 0.00024492086 0)
(0.93332839 0.00024355418 0)
(0.93249605 0.00024218384 0)
(0.93165321 0.00024080552 0)
(0.93079971 0.00023942646 0)
(0.92993538 0.00023807245 0)
(0.99049193 0.00038587542 0)
(0.99032554 0.00038501759 0)
(0.99015717 0.0003841734 0)
(0.98998681 0.00038329604 0)
(0.98981439 0.00038238732 0)
(0.98963988 0.00038146112 0)
(0.98946326 0.000380526 0)
(0.9892845 0.00037958751 0)
(0.98910359 0.00037864882 0)
(0.98892051 0.00037771106 0)
(0.98873523 0.00037677433 0)
(0.98854773 0.00037583835 0)
(0.98835798 0.00037490273 0)
(0.98816596 0.00037396702 0)
(0.98797163 0.00037303078 0)
(0.98777499 0.00037209362 0)
(0.98757599 0.00037115523 0)
(0.9873746 0.00037021533 0)
(0.9871708 0.0003692737 0)
(0.98696456 0.00036833016 0)
(0.98675585 0.00036738458 0)
(0.98654463 0.00036643685 0)
(0.98633087 0.00036548687 0)
(0.98611455 0.00036453457 0)
(0.98589563 0.0003635799 0)
(0.98567408 0.00036262279 0)
(0.98544986 0.0003616632 0)
(0.98522294 0.00036070109 0)
(0.9849933 0.00035973643 0)
(0.98476088 0.00035876917 0)
(0.98452566 0.00035779929 0)
(0.98428761 0.00035682675 0)
(0.98404669 0.00035585152 0)
(0.98380285 0.00035487356 0)
(0.98355608 0.00035389286 0)
(0.98330631 0.00035290937 0)
(0.98305353 0.00035192307 0)
(0.9827977 0.00035093392 0)
(0.98253876 0.0003499419 0)
(0.98227669 0.00034894697 0)
(0.98201144 0.0003479491 0)
(0.98174298 0.00034694826 0)
(0.98147126 0.00034594443 0)
(0.98119624 0.00034493756 0)
(0.98091788 0.00034392764 0)
(0.98063613 0.00034291463 0)
(0.98035096 0.00034189849 0)
(0.98006232 0.0003408792 0)
(0.97977016 0.00033985672 0)
(0.97947443 0.00033883103 0)
(0.97917511 0.0003378021 0)
(0.97887212 0.00033676989 0)
(0.97856544 0.00033573436 0)
(0.978255 0.0003346955 0)
(0.97794077 0.00033365327 0)
(0.97762269 0.00033260763 0)
(0.97730071 0.00033155856 0)
(0.97697478 0.00033050602 0)
(0.97664485 0.00032944999 0)
(0.97631087 0.00032839043 0)
(0.97597278 0.0003273273 0)
(0.97563053 0.00032626059 0)
(0.97528407 0.00032519025 0)
(0.97493333 0.00032411625 0)
(0.97457826 0.00032303856 0)
(0.97421881 0.00032195715 0)
(0.97385491 0.00032087199 0)
(0.97348652 0.00031978304 0)
(0.97311355 0.00031869028 0)
(0.97273597 0.00031759367 0)
(0.9723537 0.00031649317 0)
(0.97196667 0.00031538876 0)
(0.97157484 0.00031428041 0)
(0.97117813 0.00031316807 0)
(0.97077647 0.00031205172 0)
(0.97036981 0.00031093132 0)
(0.96995806 0.00030980684 0)
(0.96954117 0.00030867826 0)
(0.96911906 0.00030754553 0)
(0.96869166 0.00030640862 0)
(0.9682589 0.0003052675 0)
(0.96782071 0.00030412213 0)
(0.96737701 0.00030297249 0)
(0.96692772 0.00030181854 0)
(0.96647277 0.00030066024 0)
(0.96601209 0.00029949757 0)
(0.96554558 0.00029833049 0)
(0.96507318 0.00029715896 0)
(0.96459479 0.00029598296 0)
(0.96411034 0.00029480244 0)
(0.96361975 0.00029361738 0)
(0.96312291 0.00029242775 0)
(0.96261976 0.0002912335 0)
(0.96211019 0.00029003461 0)
(0.96159413 0.00028883104 0)
(0.96107147 0.00028762276 0)
(0.96054212 0.00028640973 0)
(0.960006 0.00028519192 0)
(0.959463 0.00028396931 0)
(0.95891303 0.00028274184 0)
(0.95835598 0.0002815095 0)
(0.95779176 0.00028027225 0)
(0.95722027 0.00027903005 0)
(0.95664139 0.00027778287 0)
(0.95605503 0.00027653068 0)
(0.95546107 0.00027527344 0)
(0.95485941 0.00027401113 0)
(0.95424993 0.0002727437 0)
(0.95363253 0.00027147114 0)
(0.95300708 0.0002701934 0)
(0.95237347 0.00026891045 0)
(0.95173158 0.00026762228 0)
(0.95108129 0.00026632884 0)
(0.95042247 0.00026503012 0)
(0.94975501 0.00026372609 0)
(0.94907877 0.00026241674 0)
(0.94839362 0.00026110207 0)
(0.94769943 0.00025978207 0)
(0.94699608 0.00025845673 0)
(0.94628341 0.00025712596 0)
(0.94556129 0.00025578935 0)
(0.94482959 0.00025444633 0)
(0.94408815 0.00025309713 0)
(0.94333684 0.00025174247 0)
(0.9425755 0.00025038234 0)
(0.94180399 0.00024901812 0)
(0.94102214 0.00024764551 0)
(0.94022981 0.00024627183 0)
(0.93942681 0.00024492203 0)
(0.99344065 0.00038961536 0)
(0.99330296 0.00038878102 0)
(0.9931635 0.00038796105 0)
(0.99302227 0.00038710859 0)
(0.99287922 0.00038622502 0)
(0.99273431 0.00038532408 0)
(0.99258751 0.00038441424 0)
(0.99243881 0.00038350096 0)
(0.99228818 0.00038258742 0)
(0.99213561 0.00038167475 0)
(0.99198107 0.00038076309 0)
(0.99182455 0.00037985215 0)
(0.991666 0.00037894157 0)
(0.99150542 0.00037803091 0)
(0.99134277 0.00037711973 0)
(0.99117804 0.00037620765 0)
(0.99101118 0.00037529436 0)
(0.99084218 0.00037437958 0)
(0.990671 0.00037346311 0)
(0.99049763 0.00037254475 0)
(0.99032202 0.00037162438 0)
(0.99014415 0.00037070188 0)
(0.98996399 0.00036977715 0)
(0.98978151 0.00036885014 0)
(0.98959667 0.00036792076 0)
(0.98940946 0.00036698897 0)
(0.98921983 0.00036605472 0)
(0.98902775 0.00036511797 0)
(0.98883319 0.00036417867 0)
(0.98863612 0.00036323678 0)
(0.9884365 0.00036229228 0)
(0.98823431 0.00036134513 0)
(0.9880295 0.00036039528 0)
(0.98782204 0.00035944271 0)
(0.98761189 0.00035848739 0)
(0.98739902 0.00035752928 0)
(0.9871834 0.00035656835 0)
(0.98696498 0.00035560457 0)
(0.98674373 0.0003546379 0)
(0.98651961 0.00035366831 0)
(0.98629258 0.00035269576 0)
(0.9860626 0.00035172023 0)
(0.98582963 0.00035074168 0)
(0.98559364 0.00034976007 0)
(0.98535457 0.00034877538 0)
(0.98511239 0.00034778758 0)
(0.98486706 0.00034679661 0)
(0.98461854 0.00034580247 0)
(0.98436677 0.0003448051 0)
(0.98411172 0.00034380449 0)
(0.98385333 0.00034280058 0)
(0.98359158 0.00034179336 0)
(0.9833264 0.00034078278 0)
(0.98305775 0.00033976881 0)
(0.98278559 0.00033875142 0)
(0.98250986 0.00033773057 0)
(0.98223052 0.00033670624 0)
(0.98194751 0.00033567837 0)
(0.98166079 0.00033464695 0)
(0.9813703 0.00033361194 0)
(0.98107599 0.0003325733 0)
(0.98077781 0.00033153099 0)
(0.98047571 0.00033048498 0)
(0.98016962 0.00032943524 0)
(0.9798595 0.00032838173 0)
(0.97954528 0.00032732441 0)
(0.97922691 0.00032626325 0)
(0.97890433 0.00032519822 0)
(0.97857749 0.00032412928 0)
(0.97824631 0.00032305639 0)
(0.97791074 0.00032197952 0)
(0.97757073 0.00032089863 0)
(0.97722619 0.00031981368 0)
(0.97687708 0.00031872465 0)
(0.97652332 0.00031763148 0)
(0.97616484 0.00031653415 0)
(0.97580159 0.00031543262 0)
(0.97543349 0.00031432685 0)
(0.97506048 0.0003132168 0)
(0.97468247 0.00031210245 0)
(0.97429941 0.00031098374 0)
(0.97391121 0.00030986065 0)
(0.97351781 0.00030873313 0)
(0.97311912 0.00030760115 0)
(0.97271508 0.00030646468 0)
(0.9723056 0.00030532366 0)
(0.9718906 0.00030417808 0)
(0.97147001 0.00030302788 0)
(0.97104373 0.00030187303 0)
(0.9706117 0.0003007135 0)
(0.97017382 0.00029954923 0)
(0.96973 0.00029838021 0)
(0.96928017 0.00029720638 0)
(0.96882423 0.00029602771 0)
(0.96836209 0.00029484416 0)
(0.96789366 0.0002936557 0)
(0.96741884 0.00029246228 0)
(0.96693755 0.00029126386 0)
(0.96644968 0.00029006041 0)
(0.96595513 0.00028885189 0)
(0.96545381 0.00028763826 0)
(0.96494562 0.00028641948 0)
(0.96443045 0.00028519551 0)
(0.96390819 0.00028396632 0)
(0.96337874 0.00028273186 0)
(0.96284199 0.0002814921 0)
(0.96229783 0.00028024699 0)
(0.96174615 0.0002789965 0)
(0.96118683 0.0002777406 0)
(0.96061975 0.00027647924 0)
(0.9600448 0.00027521239 0)
(0.95946186 0.00027394001 0)
(0.9588708 0.00027266207 0)
(0.9582715 0.00027137854 0)
(0.95766384 0.00027008939 0)
(0.95704767 0.00026879461 0)
(0.95642288 0.00026749417 0)
(0.95578932 0.00026618808 0)
(0.95514686 0.00026487631 0)
(0.95449536 0.00026355877 0)
(0.95383468 0.00026223502 0)
(0.95316468 0.0002609045 0)
(0.95248521 0.00025956743 0)
(0.95179612 0.00025822452 0)
(0.95109726 0.00025687578 0)
(0.95038848 0.00025552255 0)
(0.94966962 0.00025416055 0)
(0.94894052 0.00025279715 0)
(0.94820099 0.00025145652 0)
(0.9958669 0.00039277575 0)
(0.99575488 0.00039196407 0)
(0.99564134 0.00039116733 0)
(0.99552625 0.00039033888 0)
(0.99540957 0.00038947957 0)
(0.99529125 0.00038860307 0)
(0.99517129 0.00038771774 0)
(0.99504965 0.00038682894 0)
(0.99492632 0.00038593985 0)
(0.99480128 0.00038505164 0)
(0.99467451 0.00038416444 0)
(0.99454598 0.00038327799 0)
(0.99441568 0.00038239193 0)
(0.99428358 0.00038150582 0)
(0.99414966 0.00038061925 0)
(0.99401389 0.00037973184 0)
(0.99387624 0.00037884327 0)
(0.9937367 0.00037795327 0)
(0.99359523 0.00037706163 0)
(0.9934518 0.00037616817 0)
(0.9933064 0.00037527276 0)
(0.99315898 0.00037437527 0)
(0.99300953 0.00037347563 0)
(0.99285802 0.00037257375 0)
(0.99270441 0.00037166956 0)
(0.99254868 0.00037076302 0)
(0.99239079 0.00036985407 0)
(0.99223072 0.00036894266 0)
(0.99206843 0.00036802876 0)
(0.99190389 0.00036711233 0)
(0.99173708 0.00036619332 0)
(0.99156796 0.0003652717 0)
(0.99139649 0.00036434744 0)
(0.99122264 0.00036342049 0)
(0.99104639 0.00036249082 0)
(0.99086768 0.00036155841 0)
(0.9906865 0.0003606232 0)
(0.9905028 0.00035968518 0)
(0.99031655 0.0003587443 0)
(0.99012771 0.00035780052 0)
(0.98993625 0.00035685382 0)
(0.98974212 0.00035590415 0)
(0.9895453 0.00035495149 0)
(0.98934573 0.00035399579 0)
(0.98914338 0.00035303702 0)
(0.98893821 0.00035207516 0)
(0.98873018 0.00035111015 0)
(0.98851925 0.00035014197 0)
(0.98830538 0.00034917058 0)
(0.98808852 0.00034819594 0)
(0.98786863 0.00034721802 0)
(0.98764566 0.00034623678 0)
(0.98741958 0.00034525219 0)
(0.98719033 0.00034426421 0)
(0.98695787 0.0003432728 0)
(0.98672216 0.00034227792 0)
(0.98648313 0.00034127954 0)
(0.98624076 0.00034027763 0)
(0.98599498 0.00033927214 0)
(0.98574575 0.00033826303 0)
(0.98549301 0.00033725028 0)
(0.98523672 0.00033623384 0)
(0.98497682 0.00033521368 0)
(0.98471326 0.00033418975 0)
(0.98444599 0.00033316201 0)
(0.98417494 0.00033213044 0)
(0.98390006 0.00033109499 0)
(0.9836213 0.00033005562 0)
(0.9833386 0.00032901229 0)
(0.98305189 0.00032796497 0)
(0.98276112 0.00032691362 0)
(0.98246624 0.00032585819 0)
(0.98216716 0.00032479864 0)
(0.98186384 0.00032373495 0)
(0.98155621 0.00032266706 0)
(0.9812442 0.00032159493 0)
(0.98092775 0.00032051853 0)
(0.98060679 0.00031943782 0)
(0.98028126 0.00031835275 0)
(0.97995107 0.00031726329 0)
(0.97961617 0.00031616938 0)
(0.97927647 0.000315071 0)
(0.97893191 0.0003139681 0)
(0.97858242 0.00031286064 0)
(0.97822791 0.00031174858 0)
(0.97786831 0.00031063187 0)
(0.97750354 0.00030951047 0)
(0.97713352 0.00030838435 0)
(0.97675817 0.00030725345 0)
(0.97637741 0.00030611774 0)
(0.97599115 0.00030497717 0)
(0.97559931 0.00030383171 0)
(0.9752018 0.0003026813 0)
(0.97479854 0.0003015259 0)
(0.97438943 0.00030036548 0)
(0.97397438 0.00029919999 0)
(0.9735533 0.00029802938 0)
(0.9731261 0.00029685361 0)
(0.97269267 0.00029567263 0)
(0.97225293 0.00029448641 0)
(0.97180676 0.0002932949 0)
(0.97135408 0.00029209805 0)
(0.97089477 0.00029089583 0)
(0.97042873 0.00028968818 0)
(0.96995585 0.00028847506 0)
(0.96947603 0.00028725643 0)
(0.96898915 0.00028603224 0)
(0.9684951 0.00028480245 0)
(0.96799377 0.00028356702 0)
(0.96748504 0.0002823259 0)
(0.96696879 0.00028107905 0)
(0.96644489 0.00027982642 0)
(0.96591323 0.00027856799 0)
(0.96537368 0.0002773037 0)
(0.96482611 0.00027603354 0)
(0.96427039 0.00027475746 0)
(0.96370639 0.00027347546 0)
(0.96313397 0.00027218753 0)
(0.962553 0.00027089362 0)
(0.96196333 0.00026959364 0)
(0.96136482 0.00026828715 0)
(0.96075733 0.00026697356 0)
(0.9601407 0.00026565309 0)
(0.9595148 0.00026432646 0)
(0.95887946 0.00026299367 0)
(0.95823453 0.00026165604 0)
(0.95757984 0.0002603093 0)
(0.95691524 0.00025896088 0)
(0.95624055 0.00025763415 0)
(0.99783106 0.00039539899 0)
(0.9977416 0.0003946086 0)
(0.99765083 0.00039383359 0)
(0.99755873 0.00039302767 0)
(0.99746527 0.00039219123 0)
(0.99737041 0.00039133779 0)
(0.99727412 0.00039047562 0)
(0.99717639 0.00038961001 0)
(0.9970772 0.00038874412 0)
(0.99697653 0.00038787913 0)
(0.99687437 0.00038701519 0)
(0.99677069 0.00038615207 0)
(0.99666548 0.0003852894 0)
(0.9965587 0.00038442676 0)
(0.99645035 0.00038356374 0)
(0.99634038 0.00038269996 0)
(0.99622879 0.00038183511 0)
(0.99611555 0.00038096892 0)
(0.99600062 0.00038010118 0)
(0.995884 0.00037923171 0)
(0.99576565 0.00037836038 0)
(0.99564554 0.00037748706 0)
(0.99552366 0.00037661168 0)
(0.99539997 0.00037573415 0)
(0.99527444 0.0003748544 0)
(0.99514705 0.00037397238 0)
(0.99501778 0.00037308804 0)
(0.99488659 0.00037220134 0)
(0.99475345 0.00037131222 0)
(0.99461833 0.00037042065 0)
(0.99448121 0.00036952658 0)
(0.99434205 0.00036862999 0)
(0.99420083 0.00036773082 0)
(0.9940575 0.00036682905 0)
(0.99391205 0.00036592464 0)
(0.99376443 0.00036501755 0)
(0.99361462 0.00036410775 0)
(0.99346258 0.00036319519 0)
(0.99330828 0.00036227985 0)
(0.99315168 0.00036136168 0)
(0.99299275 0.00036044065 0)
(0.99283145 0.00035951671 0)
(0.99266775 0.00035858985 0)
(0.99250161 0.00035766001 0)
(0.99233299 0.00035672716 0)
(0.99216185 0.00035579127 0)
(0.99198816 0.00035485229 0)
(0.99181187 0.00035391019 0)
(0.99163295 0.00035296493 0)
(0.99145136 0.00035201648 0)
(0.99126705 0.00035106479 0)
(0.99107998 0.00035010983 0)
(0.99089011 0.00034915156 0)
(0.9906974 0.00034818994 0)
(0.9905018 0.00034722493 0)
(0.99030326 0.00034625649 0)
(0.99010175 0.00034528459 0)
(0.98989721 0.00034430918 0)
(0.98968961 0.00034333022 0)
(0.98947888 0.00034234769 0)
(0.98926498 0.00034136153 0)
(0.98904786 0.0003403717 0)
(0.98882747 0.00033937817 0)
(0.98860377 0.00033838089 0)
(0.98837669 0.00033737983 0)
(0.98814618 0.00033637493 0)
(0.98791219 0.00033536618 0)
(0.98767467 0.0003343535 0)
(0.98743356 0.00033333688 0)
(0.9871888 0.00033231627 0)
(0.98694034 0.00033129161 0)
(0.98668811 0.00033026288 0)
(0.98643205 0.00032923003 0)
(0.98617211 0.00032819301 0)
(0.98590822 0.00032715179 0)
(0.98564032 0.00032610631 0)
(0.98536835 0.00032505654 0)
(0.98509223 0.00032400243 0)
(0.98481191 0.00032294394 0)
(0.98452732 0.00032188102 0)
(0.98423837 0.00032081362 0)
(0.98394502 0.00031974171 0)
(0.98364718 0.00031866524 0)
(0.98334478 0.00031758416 0)
(0.98303776 0.00031649843 0)
(0.98272602 0.000315408 0)
(0.9824095 0.00031431282 0)
(0.98208812 0.00031321285 0)
(0.9817618 0.00031210805 0)
(0.98143045 0.00031099836 0)
(0.98109401 0.00030988373 0)
(0.98075237 0.00030876413 0)
(0.98040546 0.0003076395 0)
(0.98005319 0.0003065098 0)
(0.97969548 0.00030537498 0)
(0.97933222 0.00030423498 0)
(0.97896334 0.00030308976 0)
(0.97858873 0.00030193928 0)
(0.9782083 0.00030078348 0)
(0.97782196 0.00029962231 0)
(0.9774296 0.00029845573 0)
(0.97703113 0.00029728369 0)
(0.97662644 0.00029610613 0)
(0.97621544 0.000294923 0)
(0.975798 0.00029373427 0)
(0.97537403 0.00029253986 0)
(0.97494342 0.00029133975 0)
(0.97450605 0.00029013387 0)
(0.9740618 0.00028892217 0)
(0.97361057 0.00028770462 0)
(0.97315223 0.00028648115 0)
(0.97268667 0.00028525172 0)
(0.97221375 0.00028401628 0)
(0.97173336 0.0002827748 0)
(0.97124536 0.00028152722 0)
(0.97074963 0.00028027353 0)
(0.97024603 0.00027901369 0)
(0.96973443 0.00027774768 0)
(0.96921469 0.00027647546 0)
(0.96868667 0.00027519694 0)
(0.96815022 0.00027391166 0)
(0.9676052 0.00027261901 0)
(0.96705146 0.0002713192 0)
(0.96648886 0.00027001296 0)
(0.96591723 0.00026870028 0)
(0.96533641 0.00026738247 0)
(0.96474625 0.00026605528 0)
(0.96414659 0.00026472614 0)
(0.96353724 0.00026341768 0)
(0.99939464 0.00039753515 0)
(0.99932457 0.00039676423 0)
(0.9992534 0.000396009 0)
(0.99918113 0.00039522372 0)
(0.9991077 0.00039440828 0)
(0.9990331 0.00039357605 0)
(0.99895729 0.00039273525 0)
(0.99888026 0.00039189106 0)
(0.99880199 0.00039104661 0)
(0.99872248 0.00039020313 0)
(0.9986417 0.00038936077 0)
(0.99855963 0.00038851931 0)
(0.99847625 0.00038767839 0)
(0.99839155 0.00038683761 0)
(0.9983055 0.00038599655 0)
(0.99821808 0.00038515484 0)
(0.99812927 0.00038431217 0)
(0.99803906 0.00038346828 0)
(0.99794741 0.00038262296 0)
(0.9978543 0.00038177602 0)
(0.99775971 0.00038092733 0)
(0.99766362 0.00038007678 0)
(0.99756601 0.00037922427 0)
(0.99746684 0.00037836973 0)
(0.9973661 0.0003775131 0)
(0.99726375 0.00037665431 0)
(0.99715978 0.00037579331 0)
(0.99705415 0.00037493006 0)
(0.99694685 0.0003740645 0)
(0.99683784 0.00037319661 0)
(0.99672709 0.00037232634 0)
(0.99661458 0.00037145364 0)
(0.99650028 0.00037057849 0)
(0.99638416 0.00036970084 0)
(0.99626619 0.00036882065 0)
(0.99614634 0.0003679379 0)
(0.99602458 0.00036705253 0)
(0.99590089 0.00036616452 0)
(0.99577522 0.00036527382 0)
(0.99564754 0.0003643804 0)
(0.99551783 0.00036348422 0)
(0.99538605 0.00036258523 0)
(0.99525217 0.00036168341 0)
(0.99511615 0.00036077872 0)
(0.99497795 0.00035987111 0)
(0.99483755 0.00035896055 0)
(0.99469491 0.000358047 0)
(0.99454998 0.00035713043 0)
(0.99440274 0.00035621078 0)
(0.99425313 0.00035528803 0)
(0.99410114 0.00035436213 0)
(0.99394671 0.00035343305 0)
(0.9937898 0.00035250073 0)
(0.99363038 0.00035156515 0)
(0.99346841 0.00035062627 0)
(0.99330383 0.00034968404 0)
(0.99313661 0.00034873841 0)
(0.99296671 0.00034778936 0)
(0.99279408 0.00034683684 0)
(0.99261867 0.00034588081 0)
(0.99244044 0.00034492123 0)
(0.99225934 0.00034395804 0)
(0.99207532 0.00034299122 0)
(0.99188834 0.00034202072 0)
(0.99169834 0.00034104649 0)
(0.99150528 0.00034006849 0)
(0.9913091 0.00033908668 0)
(0.99110975 0.00033810102 0)
(0.99090718 0.00033711146 0)
(0.99070133 0.00033611795 0)
(0.99049215 0.00033512046 0)
(0.99027959 0.00033411893 0)
(0.99006357 0.00033311333 0)
(0.98984406 0.0003321036 0)
(0.98962098 0.00033108969 0)
(0.98939428 0.00033007157 0)
(0.98916389 0.00032904919 0)
(0.98892975 0.0003280225 0)
(0.98869181 0.00032699144 0)
(0.98844998 0.00032595599 0)
(0.98820421 0.00032491608 0)
(0.98795444 0.00032387167 0)
(0.98770058 0.0003228227 0)
(0.98744258 0.00032176914 0)
(0.98718035 0.00032071093 0)
(0.98691383 0.00031964803 0)
(0.98664294 0.00031858037 0)
(0.98636761 0.00031750792 0)
(0.98608777 0.00031643062 0)
(0.98580332 0.00031534843 0)
(0.98551419 0.00031426128 0)
(0.98522031 0.00031316913 0)
(0.98492159 0.00031207193 0)
(0.98461793 0.00031096962 0)
(0.98430927 0.00030986216 0)
(0.98399551 0.00030874949 0)
(0.98367655 0.00030763155 0)
(0.98335232 0.0003065083 0)
(0.98302271 0.00030537968 0)
(0.98268764 0.00030424563 0)
(0.982347 0.00030310611 0)
(0.9820007 0.00030196105 0)
(0.98164864 0.00030081041 0)
(0.98129071 0.00029965412 0)
(0.98092681 0.00029849214 0)
(0.98055684 0.0002973244 0)
(0.98018069 0.00029615085 0)
(0.97979824 0.00029497144 0)
(0.97940939 0.00029378611 0)
(0.97901401 0.0002925948 0)
(0.978612 0.00029139746 0)
(0.97820323 0.00029019403 0)
(0.97778758 0.00028898447 0)
(0.97736493 0.00028776873 0)
(0.97693515 0.00028654675 0)
(0.97649811 0.00028531849 0)
(0.97605368 0.00028408394 0)
(0.97560173 0.00028284306 0)
(0.97514212 0.00028159579 0)
(0.9746747 0.00028034205 0)
(0.97419934 0.00027908136 0)
(0.9737159 0.00027781309 0)
(0.97322421 0.00027653745 0)
(0.97272414 0.00027525518 0)
(0.97221553 0.00027396627 0)
(0.97169823 0.00027267198 0)
(0.97117206 0.00027136811 0)
(0.97063686 0.00027006206 0)
(0.97009248 0.00026877577 0)
(1.0006182 0.00039923956 0)
(1.0005644 0.00039848596 0)
(1.0005098 0.00039774824 0)
(1.0004542 0.00039698137 0)
(1.0003977 0.00039618473 0)
(1.0003403 0.00039537156 0)
(1.0002818 0.00039454997 0)
(1.0002223 0.00039372506 0)
(1.0001618 0.00039289995 0)
(1.0001002 0.00039207588 0)
(1.0000376 0.00039125302 0)
(0.99997397 0.00039043116 0)
(0.99990922 0.00038960996 0)
(0.99984336 0.00038878902 0)
(0.99977637 0.00038796792 0)
(0.99970824 0.0003871463 0)
(0.99963895 0.00038632385 0)
(0.99956849 0.00038550031 0)
(0.99949682 0.00038467548 0)
(0.99942393 0.00038384916 0)
(0.99934979 0.00038302123 0)
(0.9992744 0.00038219157 0)
(0.99919772 0.0003813601 0)
(0.99911973 0.00038052673 0)
(0.99904042 0.0003796914 0)
(0.99895975 0.00037885405 0)
(0.99887771 0.00037801463 0)
(0.99879427 0.00037717309 0)
(0.99870941 0.00037632939 0)
(0.9986231 0.00037548348 0)
(0.99853532 0.00037463533 0)
(0.99844604 0.00037378489 0)
(0.99835524 0.00037293212 0)
(0.9982629 0.000372077 0)
(0.99816897 0.00037121947 0)
(0.99807345 0.0003703595 0)
(0.99797629 0.00036949706 0)
(0.99787747 0.00036863211 0)
(0.99777697 0.0003677646 0)
(0.99767475 0.00036689449 0)
(0.99757079 0.00036602176 0)
(0.99746505 0.00036514635 0)
(0.9973575 0.00036426824 0)
(0.99724811 0.00036338738 0)
(0.99713685 0.00036250374 0)
(0.99702369 0.00036161727 0)
(0.99690859 0.00036072794 0)
(0.99679152 0.0003598357 0)
(0.99667245 0.00035894053 0)
(0.99655134 0.00035804236 0)
(0.99642815 0.00035714118 0)
(0.99630285 0.00035623693 0)
(0.9961754 0.00035532957 0)
(0.99604577 0.00035441906 0)
(0.99591391 0.00035350537 0)
(0.99577978 0.00035258844 0)
(0.99564335 0.00035166825 0)
(0.99550458 0.00035074474 0)
(0.99536342 0.00034981787 0)
(0.99521984 0.0003488876 0)
(0.99507378 0.00034795389 0)
(0.9949252 0.0003470167 0)
(0.99477407 0.00034607596 0)
(0.99462033 0.00034513166 0)
(0.99446394 0.00034418373 0)
(0.99430486 0.00034323214 0)
(0.99414302 0.00034227684 0)
(0.99397839 0.00034131779 0)
(0.99381092 0.00034035493 0)
(0.99364055 0.00033938823 0)
(0.99346722 0.00033841763 0)
(0.9932909 0.00033744308 0)
(0.99311153 0.00033646455 0)
(0.99292904 0.00033548199 0)
(0.99274339 0.00033449533 0)
(0.99255451 0.00033350454 0)
(0.99236235 0.00033250957 0)
(0.99216685 0.00033151037 0)
(0.99196795 0.00033050688 0)
(0.99176559 0.00032949906 0)
(0.9915597 0.00032848686 0)
(0.99135022 0.00032747023 0)
(0.99113709 0.00032644911 0)
(0.99092024 0.00032542345 0)
(0.99069959 0.0003243932 0)
(0.99047509 0.00032335832 0)
(0.99024666 0.00032231874 0)
(0.99001422 0.00032127441 0)
(0.98977771 0.00032022528 0)
(0.98953706 0.00031917129 0)
(0.98929217 0.00031811239 0)
(0.98904298 0.00031704853 0)
(0.98878941 0.00031597965 0)
(0.98853137 0.00031490569 0)
(0.98826879 0.0003138266 0)
(0.98800157 0.00031274233 0)
(0.98772964 0.0003116528 0)
(0.9874529 0.00031055797 0)
(0.98717127 0.00030945778 0)
(0.98688465 0.00030835217 0)
(0.98659295 0.00030724108 0)
(0.98629607 0.00030612445 0)
(0.98599393 0.00030500223 0)
(0.98568641 0.00030387435 0)
(0.98537343 0.00030274075 0)
(0.98505487 0.00030160137 0)
(0.98473063 0.00030045616 0)
(0.9844006 0.00029930504 0)
(0.98406468 0.00029814796 0)
(0.98372275 0.00029698487 0)
(0.9833747 0.00029581568 0)
(0.98302041 0.00029464036 0)
(0.98265976 0.00029345884 0)
(0.98229264 0.00029227106 0)
(0.98191891 0.00029107697 0)
(0.98153845 0.00028987653 0)
(0.98115114 0.0002886697 0)
(0.98075684 0.00028745645 0)
(0.98035541 0.00028623672 0)
(0.97994672 0.0002850104 0)
(0.97953063 0.00028377701 0)
(0.97910699 0.00028253592 0)
(0.97867566 0.00028128731 0)
(0.9782365 0.00028003194 0)
(0.97778934 0.00027876978 0)
(0.97733404 0.00027750209 0)
(0.97687043 0.00027622469 0)
(0.97639835 0.00027494493 0)
(0.97591764 0.00027368408 0)
(1.0015595 0.00040057025 0)
(1.0015192 0.00039983163 0)
(1.0014781 0.00039910897 0)
(1.0014364 0.00039835808 0)
(1.0013938 0.00039757787 0)
(1.0013505 0.00039678135 0)
(1.0013064 0.00039597661 0)
(1.0012615 0.00039516863 0)
(1.0012157 0.0003943605 0)
(1.0011691 0.0003935535 0)
(1.0011216 0.00039274781 0)
(1.0010732 0.00039194324 0)
(1.001024 0.00039113944 0)
(1.0009739 0.00039033604 0)
(1.0009228 0.00038953261 0)
(1.0008708 0.00038872881 0)
(1.0008179 0.00038792431 0)
(1.000764 0.00038711888 0)
(1.0007091 0.00038631228 0)
(1.0006532 0.00038550436 0)
(1.0005963 0.00038469497 0)
(1.0005384 0.00038388401 0)
(1.0004794 0.00038307137 0)
(1.0004193 0.00038225699 0)
(1.0003581 0.0003814408 0)
(1.0002958 0.00038062274 0)
(1.0002324 0.00037980276 0)
(1.0001678 0.00037898081 0)
(1.000102 0.00037815685 0)
(1.0000351 0.00037733084 0)
(0.99996687 0.00037650273 0)
(0.99989743 0.0003756725 0)
(0.99982672 0.00037484008 0)
(0.99975472 0.00037400546 0)
(0.9996814 0.00037316859 0)
(0.99960674 0.00037232943 0)
(0.99953072 0.00037148795 0)
(0.99945331 0.00037064411 0)
(0.99937448 0.00036979786 0)
(0.99929421 0.00036894918 0)
(0.99921247 0.00036809802 0)
(0.99912924 0.00036724434 0)
(0.99904449 0.0003663881 0)
(0.99895818 0.00036552927 0)
(0.99887029 0.00036466781 0)
(0.99878079 0.00036380367 0)
(0.99868966 0.00036293682 0)
(0.99859685 0.00036206722 0)
(0.99850234 0.00036119483 0)
(0.9984061 0.0003603196 0)
(0.99830809 0.0003594415 0)
(0.99820829 0.00035856049 0)
(0.99810665 0.00035767651 0)
(0.99800315 0.00035678954 0)
(0.99789775 0.00035589953 0)
(0.99779041 0.00035500644 0)
(0.9976811 0.00035411022 0)
(0.99756978 0.00035321084 0)
(0.99745641 0.00035230824 0)
(0.99734095 0.00035140239 0)
(0.99722337 0.00035049324 0)
(0.99710362 0.00034958075 0)
(0.99698166 0.00034866487 0)
(0.99685746 0.00034774555 0)
(0.99673097 0.00034682276 0)
(0.99660214 0.00034589644 0)
(0.99647093 0.00034496655 0)
(0.9963373 0.00034403304 0)
(0.9962012 0.00034309587 0)
(0.99606258 0.00034215498 0)
(0.99592139 0.00034121034 0)
(0.99577759 0.00034026188 0)
(0.99563113 0.00033930957 0)
(0.99548196 0.00033835335 0)
(0.99533001 0.00033739317 0)
(0.99517525 0.00033642899 0)
(0.99501761 0.00033546074 0)
(0.99485705 0.00033448839 0)
(0.99469349 0.00033351188 0)
(0.9945269 0.00033253116 0)
(0.9943572 0.00033154617 0)
(0.99418434 0.00033055686 0)
(0.99400826 0.00032956319 0)
(0.99382889 0.00032856508 0)
(0.99364617 0.0003275625 0)
(0.99346004 0.00032655538 0)
(0.99327043 0.00032554367 0)
(0.99307727 0.00032452732 0)
(0.9928805 0.00032350627 0)
(0.99268003 0.00032248045 0)
(0.99247581 0.00032144982 0)
(0.99226775 0.00032041432 0)
(0.99205578 0.00031937389 0)
(0.99183983 0.00031832846 0)
(0.99161981 0.00031727798 0)
(0.99139565 0.0003162224 0)
(0.99116726 0.00031516164 0)
(0.99093457 0.00031409565 0)
(0.99069748 0.00031302437 0)
(0.99045591 0.00031194773 0)
(0.99020976 0.00031086567 0)
(0.98995896 0.00030977814 0)
(0.98970341 0.00030868506 0)
(0.98944301 0.00030758637 0)
(0.98917766 0.00030648201 0)
(0.98890727 0.00030537191 0)
(0.98863174 0.000304256 0)
(0.98835096 0.00030313423 0)
(0.98806482 0.00030200653 0)
(0.98777323 0.00030087282 0)
(0.98747607 0.00029973305 0)
(0.98717322 0.00029858714 0)
(0.98686458 0.00029743505 0)
(0.98655002 0.00029627669 0)
(0.98622943 0.00029511203 0)
(0.98590269 0.000293941 0)
(0.98556966 0.00029276356 0)
(0.98523023 0.00029157968 0)
(0.98488425 0.0002903893 0)
(0.9845316 0.00028919229 0)
(0.98417215 0.00028798817 0)
(0.98380574 0.00028677629 0)
(0.98343224 0.00028555683 0)
(0.98305151 0.00028433054 0)
(0.9826634 0.00028309741 0)
(0.98226774 0.00028185865 0)
(0.98186439 0.00028061013 0)
(0.9814532 0.00027935914 0)
(0.98103399 0.0002781263 0)
(1.0022721 0.00040158543 0)
(1.0022426 0.00040085941 0)
(1.0022125 0.00040014929 0)
(1.0021818 0.00039941189 0)
(1.0021505 0.00039864563 0)
(1.0021186 0.00039786332 0)
(1.0020861 0.00039707296 0)
(1.0020529 0.00039627945 0)
(1.0020191 0.00039548586 0)
(1.0019845 0.00039469347 0)
(1.0019494 0.0003939025 0)
(1.0019135 0.00039311276 0)
(1.0018769 0.00039232393 0)
(1.0018396 0.00039153561 0)
(1.0018015 0.00039074742 0)
(1.0017628 0.00038995899 0)
(1.0017232 0.00038917002 0)
(1.0016829 0.00038838025 0)
(1.0016418 0.00038758948 0)
(1.0015999 0.00038679753 0)
(1.0015572 0.00038600427 0)
(1.0015136 0.00038520958 0)
(1.0014692 0.00038441338 0)
(1.0014239 0.00038361559 0)
(1.0013777 0.00038281615 0)
(1.0013307 0.00038201499 0)
(1.0012827 0.00038121207 0)
(1.0012337 0.00038040734 0)
(1.0011838 0.00037960076 0)
(1.001133 0.00037879229 0)
(1.0010811 0.00037798188 0)
(1.0010282 0.0003771695 0)
(1.0009743 0.00037635511 0)
(1.0009194 0.00037553867 0)
(1.0008633 0.00037472015 0)
(1.0008062 0.00037389951 0)
(1.0007479 0.0003730767 0)
(1.0006885 0.0003722517 0)
(1.000628 0.00037142446 0)
(1.0005662 0.00037059495 0)
(1.0005033 0.00036976312 0)
(1.0004391 0.00036892895 0)
(1.0003736 0.00036809239 0)
(1.0003069 0.0003672534 0)
(1.0002389 0.00036641194 0)
(1.0001695 0.00036556798 0)
(1.0000988 0.00036472148 0)
(1.0000267 0.00036387239 0)
(0.99995314 0.00036302068 0)
(0.99987816 0.00036216631 0)
(0.99980172 0.00036130923 0)
(0.99972377 0.00036044941 0)
(0.99964429 0.0003595868 0)
(0.99956326 0.00035872137 0)
(0.99948063 0.00035785306 0)
(0.99939637 0.00035698184 0)
(0.99931046 0.00035610767 0)
(0.99922286 0.0003552305 0)
(0.99913353 0.00035435029 0)
(0.99904245 0.000353467 0)
(0.99894957 0.00035258058 0)
(0.99885486 0.00035169099 0)
(0.99875828 0.00035079817 0)
(0.9986598 0.0003499021 0)
(0.99855938 0.00034900271 0)
(0.99845698 0.00034809997 0)
(0.99835255 0.00034719383 0)
(0.99824606 0.00034628424 0)
(0.99813746 0.00034537115 0)
(0.99802672 0.00034445452 0)
(0.99791379 0.00034353429 0)
(0.99779862 0.00034261042 0)
(0.99768117 0.00034168286 0)
(0.99756139 0.00034075156 0)
(0.99743924 0.00033981647 0)
(0.99731466 0.00033887753 0)
(0.99718761 0.00033793469 0)
(0.99705804 0.00033698791 0)
(0.99692589 0.00033603713 0)
(0.99679111 0.0003350823 0)
(0.99665365 0.00033412336 0)
(0.99651346 0.00033316026 0)
(0.99637047 0.00033219294 0)
(0.99622463 0.00033122136 0)
(0.99607588 0.00033024545 0)
(0.99592416 0.00032926515 0)
(0.99576941 0.00032828042 0)
(0.99561156 0.00032729118 0)
(0.99545056 0.0003262974 0)
(0.99528633 0.000325299 0)
(0.99511881 0.00032429592 0)
(0.99494794 0.00032328812 0)
(0.99477363 0.00032227552 0)
(0.99459582 0.00032125806 0)
(0.99441444 0.00032023569 0)
(0.99422941 0.00031920835 0)
(0.99404066 0.00031817596 0)
(0.9938481 0.00031713846 0)
(0.99365166 0.0003160958 0)
(0.99345126 0.0003150479 0)
(0.9932468 0.0003139947 0)
(0.99303822 0.00031293614 0)
(0.99282541 0.00031187215 0)
(0.99260829 0.00031080265 0)
(0.99238678 0.00030972759 0)
(0.99216077 0.00030864689 0)
(0.99193016 0.00030756049 0)
(0.99169488 0.00030646832 0)
(0.9914548 0.0003053703 0)
(0.99120984 0.00030426636 0)
(0.99095988 0.00030315645 0)
(0.99070482 0.00030204048 0)
(0.99044455 0.00030091839 0)
(0.99017896 0.00029979011 0)
(0.98990794 0.00029865559 0)
(0.98963136 0.00029751476 0)
(0.98934911 0.00029636758 0)
(0.98906107 0.00029521401 0)
(0.98876711 0.00029405398 0)
(0.9884671 0.00029288737 0)
(0.98816091 0.00029171367 0)
(0.9878484 0.00029053223 0)
(0.98752945 0.00028934322 0)
(0.98720391 0.0002881474 0)
(0.98687164 0.00028694475 0)
(0.98653248 0.00028573646 0)
(0.9861863 0.00028451845 0)
(0.98583292 0.00028329791 0)
(0.98547222 0.00028209486 0)
(1.002804 0.00040234117 0)
(1.0027829 0.00040162538 0)
(1.0027613 0.00040092535 0)
(1.0027394 0.00040019903 0)
(1.0027169 0.0003994443 0)
(1.002694 0.00039867377 0)
(1.0026706 0.00039789537 0)
(1.0026467 0.0003971139 0)
(1.0026223 0.00039633241 0)
(1.0025974 0.0003955522 0)
(1.0025719 0.00039477351 0)
(1.0025459 0.00039399615 0)
(1.0025194 0.00039321982 0)
(1.0024923 0.00039244414 0)
(1.0024646 0.00039166872 0)
(1.0024364 0.0003908932 0)
(1.0024075 0.00039011728 0)
(1.0023781 0.00038934071 0)
(1.002348 0.00038856328 0)
(1.0023173 0.00038778483 0)
(1.002286 0.00038700521 0)
(1.002254 0.00038622432 0)
(1.0022213 0.00038544207 0)
(1.002188 0.00038465838 0)
(1.0021539 0.00038387319 0)
(1.0021192 0.00038308645 0)
(1.0020837 0.0003822981 0)
(1.0020474 0.0003815081 0)
(1.0020105 0.00038071641 0)
(1.0019727 0.00037992299 0)
(1.0019341 0.00037912779 0)
(1.0018948 0.00037833079 0)
(1.0018546 0.00037753194 0)
(1.0018136 0.0003767312 0)
(1.0017717 0.00037592855 0)
(1.0017289 0.00037512394 0)
(1.0016852 0.00037431734 0)
(1.0016407 0.00037350871 0)
(1.0015952 0.00037269802 0)
(1.0015487 0.00037188522 0)
(1.0015012 0.00037107028 0)
(1.0014528 0.00037025316 0)
(1.0014034 0.00036943383 0)
(1.0013529 0.00036861225 0)
(1.0013013 0.00036778837 0)
(1.0012487 0.00036696217 0)
(1.001195 0.0003661336 0)
(1.0011401 0.00036530263 0)
(1.0010841 0.00036446922 0)
(1.0010269 0.00036363331 0)
(1.0009685 0.00036279489 0)
(1.0009089 0.0003619539 0)
(1.0008481 0.00036111031 0)
(1.0007859 0.00036026408 0)
(1.0007225 0.00035941515 0)
(1.0006577 0.0003585635 0)
(1.0005915 0.00035770909 0)
(1.000524 0.00035685186 0)
(1.000455 0.00035599177 0)
(1.0003846 0.00035512879 0)
(1.0003127 0.00035426287 0)
(1.0002393 0.00035339397 0)
(1.0001644 0.00035252203 0)
(1.0000878 0.00035164702 0)
(1.0000097 0.00035076889 0)
(0.99992987 0.00034988759 0)
(0.99984838 0.00034900308 0)
(0.99976517 0.00034811532 0)
(0.9996802 0.00034722425 0)
(0.99959344 0.00034632982 0)
(0.99950483 0.00034543199 0)
(0.99941436 0.00034453071 0)
(0.99932196 0.00034362593 0)
(0.99922761 0.00034271761 0)
(0.99913126 0.00034180567 0)
(0.99903287 0.00034089009 0)
(0.99893239 0.0003399708 0)
(0.99882978 0.00033904776 0)
(0.99872498 0.00033812091 0)
(0.99861796 0.0003371902 0)
(0.99850866 0.00033625557 0)
(0.99839704 0.00033531697 0)
(0.99828303 0.00033437435 0)
(0.9981666 0.00033342765 0)
(0.99804769 0.0003324768 0)
(0.99792624 0.00033152177 0)
(0.9978022 0.00033056248 0)
(0.9976755 0.00032959888 0)
(0.9975461 0.00032863091 0)
(0.99741393 0.00032765851 0)
(0.99727893 0.00032668162 0)
(0.99714104 0.00032570019 0)
(0.9970002 0.00032471414 0)
(0.99685633 0.00032372342 0)
(0.99670937 0.00032272796 0)
(0.99655926 0.0003217277 0)
(0.99640591 0.00032072258 0)
(0.99624927 0.00031971252 0)
(0.99608925 0.00031869747 0)
(0.99592579 0.00031767736 0)
(0.9957588 0.00031665212 0)
(0.9955882 0.00031562168 0)
(0.99541392 0.00031458597 0)
(0.99523587 0.00031354492 0)
(0.99505396 0.00031249847 0)
(0.99486812 0.00031144654 0)
(0.99467824 0.00031038906 0)
(0.99448425 0.00030932596 0)
(0.99428604 0.00030825716 0)
(0.99408352 0.0003071826 0)
(0.9938766 0.0003061022 0)
(0.99366517 0.00030501589 0)
(0.99344913 0.00030392359 0)
(0.99322838 0.00030282524 0)
(0.9930028 0.00030172077 0)
(0.99277229 0.00030061013 0)
(0.99253674 0.00029949326 0)
(0.99229603 0.00029837011 0)
(0.99205004 0.00029724061 0)
(0.99179865 0.00029610465 0)
(0.99154173 0.00029496171 0)
(0.99127917 0.00029381111 0)
(0.99101082 0.00029265303 0)
(0.99073656 0.00029148823 0)
(0.99045625 0.00029031668 0)
(0.99016974 0.00028913956 0)
(0.9898769 0.00028795285 0)
(0.98957758 0.0002867636 0)
(0.98927164 0.00028559127 0)
(1.0031969 0.00040288935 0)
(1.0031822 0.00040218161 0)
(1.0031672 0.0004014894 0)
(1.0031519 0.00040077188 0)
(1.0031362 0.00040002642 0)
(1.0031202 0.0003992654 0)
(1.0031038 0.00039849667 0)
(1.003087 0.00039772496 0)
(1.0030698 0.00039695326 0)
(1.0030523 0.00039618292 0)
(1.0030343 0.00039541417 0)
(1.003016 0.00039464686 0)
(1.0029972 0.00039388069 0)
(1.002978 0.00039311528 0)
(1.0029584 0.00039235026 0)
(1.0029383 0.00039158527 0)
(1.0029178 0.00039082001 0)
(1.0028968 0.00039005425 0)
(1.0028754 0.00038928776 0)
(1.0028534 0.00038852038 0)
(1.002831 0.00038775198 0)
(1.0028081 0.00038698245 0)
(1.0027847 0.00038621171 0)
(1.0027607 0.00038543968 0)
(1.0027362 0.00038466629 0)
(1.0027112 0.0003838915 0)
(1.0026856 0.00038311525 0)
(1.0026594 0.0003823375 0)
(1.0026326 0.00038155822 0)
(1.0026052 0.00038077735 0)
(1.0025773 0.00037999487 0)
(1.0025487 0.00037921074 0)
(1.0025194 0.00037842492 0)
(1.0024895 0.00037763737 0)
(1.0024589 0.00037684807 0)
(1.0024277 0.00037605697 0)
(1.0023957 0.00037526405 0)
(1.002363 0.00037446926 0)
(1.0023296 0.00037367258 0)
(1.0022954 0.00037287396 0)
(1.0022605 0.00037207336 0)
(1.0022248 0.00037127076 0)
(1.0021883 0.00037046612 0)
(1.002151 0.0003696594 0)
(1.0021128 0.00036885057 0)
(1.0020738 0.00036803958 0)
(1.0020339 0.0003672264 0)
(1.0019931 0.000366411 0)
(1.0019514 0.00036559333 0)
(1.0019087 0.00036477337 0)
(1.0018651 0.00036395106 0)
(1.0018205 0.00036312637 0)
(1.0017749 0.00036229926 0)
(1.0017283 0.00036146969 0)
(1.0016807 0.00036063763 0)
(1.0016319 0.00035980303 0)
(1.0015821 0.00035896585 0)
(1.0015312 0.00035812604 0)
(1.0014791 0.00035728358 0)
(1.0014258 0.00035643842 0)
(1.0013713 0.00035559051 0)
(1.0013156 0.00035473981 0)
(1.0012587 0.00035388628 0)
(1.0012004 0.00035302987 0)
(1.0011409 0.00035217054 0)
(1.00108 0.00035130825 0)
(1.0010177 0.00035044294 0)
(1.0009541 0.00034957459 0)
(1.0008889 0.00034870312 0)
(1.0008224 0.00034782852 0)
(1.0007543 0.00034695071 0)
(1.0006846 0.00034606965 0)
(1.0006134 0.00034518531 0)
(1.0005406 0.00034429762 0)
(1.0004661 0.00034340654 0)
(1.00039 0.00034251202 0)
(1.0003121 0.000341614 0)
(1.0002324 0.00034071245 0)
(1.000151 0.00033980729 0)
(1.0000677 0.00033889848 0)
(0.99998246 0.00033798597 0)
(0.99989532 0.00033706971 0)
(0.99980619 0.00033614963 0)
(0.99971504 0.00033522568 0)
(0.9996218 0.00033429781 0)
(0.99952644 0.00033336596 0)
(0.99942891 0.00033243008 0)
(0.99932915 0.0003314901 0)
(0.99922711 0.00033054596 0)
(0.99912274 0.00032959762 0)
(0.99901598 0.00032864499 0)
(0.99890678 0.00032768803 0)
(0.99879507 0.00032672668 0)
(0.99868081 0.00032576087 0)
(0.99856393 0.00032479053 0)
(0.99844436 0.00032381561 0)
(0.99832205 0.00032283604 0)
(0.99819693 0.00032185175 0)
(0.99806892 0.00032086267 0)
(0.99793798 0.00031986875 0)
(0.99780401 0.0003188699 0)
(0.99766696 0.00031786607 0)
(0.99752674 0.00031685718 0)
(0.99738329 0.00031584316 0)
(0.99723652 0.00031482394 0)
(0.99708635 0.00031379944 0)
(0.99693271 0.0003127696 0)
(0.99677551 0.00031173435 0)
(0.99661466 0.00031069359 0)
(0.99645008 0.00030964727 0)
(0.99628168 0.00030859531 0)
(0.99610936 0.00030753763 0)
(0.99593303 0.00030647416 0)
(0.9957526 0.00030540483 0)
(0.99556795 0.00030432957 0)
(0.995379 0.00030324831 0)
(0.99518564 0.00030216101 0)
(0.99498775 0.00030106762 0)
(0.99478523 0.00029996806 0)
(0.99457797 0.0002988622 0)
(0.99436584 0.00029774953 0)
(0.99414874 0.00029662936 0)
(0.99392653 0.00029550187 0)
(0.9936991 0.00029436781 0)
(0.99346632 0.00029322718 0)
(0.99322805 0.0002920811 0)
(0.99298416 0.00029092563 0)
(0.99273451 0.00028976768 0)
(0.99247897 0.00028862616 0)
(1.003486 0.00040327628 0)
(1.003476 0.00040257461 0)
(1.0034658 0.0004018882 0)
(1.0034554 0.00040117743 0)
(1.0034448 0.00040043921 0)
(1.0034339 0.00039968564 0)
(1.0034227 0.00039892453 0)
(1.0034113 0.00039816049 0)
(1.0033995 0.0003973965 0)
(1.0033875 0.00039663391 0)
(1.0033752 0.00039587298 0)
(1.0033626 0.00039511358 0)
(1.0033496 0.00039435541 0)
(1.0033364 0.00039359812 0)
(1.0033228 0.00039284131 0)
(1.003309 0.00039208466 0)
(1.0032948 0.00039132786 0)
(1.0032802 0.00039057067 0)
(1.0032653 0.00038981289 0)
(1.0032501 0.00038905434 0)
(1.0032344 0.0003882949 0)
(1.0032184 0.00038753447 0)
(1.0032021 0.00038677295 0)
(1.0031853 0.00038601027 0)
(1.0031681 0.00038524638 0)
(1.0031505 0.00038448121 0)
(1.0031325 0.00038371473 0)
(1.0031141 0.00038294688 0)
(1.0030952 0.00038217764 0)
(1.0030759 0.00038140696 0)
(1.0030561 0.0003806348 0)
(1.0030358 0.00037986114 0)
(1.003015 0.00037908594 0)
(1.0029938 0.00037830916 0)
(1.002972 0.00037753078 0)
(1.0029497 0.00037675075 0)
(1.0029269 0.00037596905 0)
(1.0029035 0.00037518563 0)
(1.0028796 0.00037440048 0)
(1.0028551 0.00037361355 0)
(1.00283 0.00037282481 -3.3835486e-31)
(1.0028043 0.00037203422 0)
(1.002778 0.00037124175 0)
(1.0027511 0.00037044737 0)
(1.0027235 0.00036965105 0)
(1.0026952 0.00036885273 0)
(1.0026663 0.0003680524 0)
(1.0026367 0.00036725002 0)
(1.0026064 0.00036644554 0)
(1.0025753 0.00036563894 0)
(1.0025435 0.00036483017 0)
(1.0025109 0.0003640192 0)
(1.0024776 0.00036320599 0)
(1.0024434 0.00036239051 0)
(1.0024085 0.00036157271 0)
(1.0023726 0.00036075256 0)
(1.002336 0.00035993002 0)
(1.0022984 0.00035910504 0)
(1.00226 0.0003582776 0)
(1.0022206 0.00035744764 0)
(1.0021802 0.00035661514 0)
(1.0021389 0.00035578004 0)
(1.0020966 0.0003549423 0)
(1.0020533 0.00035410188 0)
(1.0020089 0.00035325875 0)
(1.0019635 0.00035241285 0)
(1.001917 0.00035156414 0)
(1.0018693 0.00035071259 0)
(1.0018205 0.00034985814 0)
(1.0017705 0.00034900075 0)
(1.0017193 0.00034814037 0)
(1.0016669 0.00034727695 0)
(1.0016132 0.00034641046 0)
(1.0015582 0.00034554084 0)
(1.0015019 0.00034466804 0)
(1.0014442 0.00034379202 0)
(1.0013851 0.00034291272 0)
(1.0013246 0.0003420301 0)
(1.0012626 0.0003411441 0)
(1.0011991 0.00034025468 0)
(1.001134 0.00033936177 0)
(1.0010674 0.00033846534 0)
(1.0009992 0.00033756532 0)
(1.0009293 0.00033666166 0)
(1.0008577 0.00033575431 0)
(1.0007843 0.00033484321 0)
(1.0007092 0.0003339283 0)
(1.0006322 0.00033300953 0)
(1.0005534 0.00033208684 0)
(1.0004726 0.00033116017 0)
(1.0003898 0.00033022946 0)
(1.0003051 0.00032929465 0)
(1.0002182 0.00032835568 0)
(1.0001293 0.00032741249 0)
(1.0000381 0.00032646502 0)
(0.99994473 0.0003255132 0)
(0.99984906 0.00032455697 0)
(0.99975104 0.00032359626 0)
(0.99965061 0.00032263101 0)
(0.99954771 0.00032166115 0)
(0.99944228 0.00032068661 0)
(0.99933425 0.00031970732 0)
(0.99922356 0.00031872322 0)
(0.99911014 0.00031773423 0)
(0.99899392 0.00031674028 0)
(0.99887483 0.0003157413 0)
(0.9987528 0.00031473721 0)
(0.99862775 0.00031372795 0)
(0.9984996 0.00031271344 0)
(0.99836827 0.00031169359 0)
(0.99823369 0.00031066835 0)
(0.99809577 0.00030963762 0)
(0.99795441 0.00030860134 0)
(0.99780955 0.00030755944 0)
(0.99766108 0.00030651184 0)
(0.99750891 0.00030545849 0)
(0.99735294 0.00030439932 0)
(0.99719308 0.00030333429 0)
(0.99702923 0.00030226333 0)
(0.99686128 0.0003011863 0)
(0.99668913 0.00030010269 0)
(0.99651266 0.00029901178 0)
(0.99633177 0.00029791377 0)
(0.99614634 0.00029680942 0)
(0.99595625 0.00029569871 0)
(0.99576138 0.00029458274 0)
(0.9955616 0.00029345766 0)
(0.99535679 0.00029233021 0)
(0.99514682 0.00029121879 0)
(1.0036998 0.00040354169 0)
(1.0036933 0.00040284443 0)
(1.0036866 0.00040216205 0)
(1.0036798 0.00040145629 0)
(1.0036727 0.00040072355 0)
(1.0036655 0.00039997568 0)
(1.0036581 0.0003992204 0)
(1.0036505 0.00039846225 0)
(1.0036427 0.00039770416 0)
(1.0036347 0.00039694749 0)
(1.0036265 0.00039619255 0)
(1.0036181 0.00039543919 0)
(1.0036094 0.00039468714 0)
(1.0036005 0.00039393605 0)
(1.0035914 0.00039318554 0)
(1.0035821 0.00039243528 0)
(1.0035725 0.00039168498 0)
(1.0035627 0.00039093439 0)
(1.0035527 0.00039018332 0)
(1.0035423 0.00038943159 0)
(1.0035317 0.00038867909 0)
(1.0035209 0.0003879257 0)
(1.0035097 0.00038717134 0)
(1.0034983 0.00038641594 0)
(1.0034866 0.00038565944 0)
(1.0034746 0.00038490179 0)
(1.0034622 0.00038414294 0)
(1.0034496 0.00038338285 0)
(1.0034366 0.00038262149 0)
(1.0034233 0.00038185881 0)
(1.0034097 0.0003810948 0)
(1.0033957 0.0003803294 0)
(1.0033814 0.00037956259 0)
(1.0033667 0.00037879434 0)
(1.0033516 0.00037802462 0)
(1.0033361 0.00037725339 0)
(1.0033202 0.00037648062 0)
(1.0033039 0.00037570629 0)
(1.0032872 0.00037493035 0)
(1.0032701 0.00037415278 0)
(1.0032526 0.00037337354 3.3191846e-31)
(1.0032345 0.00037259261 0)
(1.0032161 0.00037180994 0)
(1.0031971 0.00037102551 0)
(1.0031777 0.00037023929 0)
(1.0031578 0.00036945124 0)
(1.0031373 0.00036866132 0)
(1.0031163 0.00036786951 0)
(1.0030948 0.00036707576 0)
(1.0030728 0.00036628005 0)
(1.0030502 0.00036548234 0)
(1.003027 0.0003646826 0)
(1.0030032 0.00036388079 0)
(1.0029788 0.00036307686 0)
(1.0029537 0.0003622708 0)
(1.002928 0.00036146256 0)
(1.0029017 0.0003606521 0)
(1.0028747 0.00035983939 0)
(1.002847 0.00035902438 0)
(1.0028186 0.00035820705 0)
(1.0027894 0.00035738736 0)
(1.0027595 0.00035656525 0)
(1.0027288 0.00035574069 0)
(1.0026974 0.00035491365 0)
(1.0026651 0.00035408408 0)
(1.002632 0.00035325194 0)
(1.002598 0.00035241719 0)
(1.0025632 0.00035157979 0)
(1.0025275 0.00035073969 0)
(1.0024908 0.00034989686 0)
(1.0024532 0.00034905124 0)
(1.0024146 0.0003482028 0)
(1.0023751 0.00034735148 0)
(1.0023345 0.00034649725 0)
(1.0022928 0.00034564006 0)
(1.0022501 0.00034477985 0)
(1.0022063 0.00034391659 0)
(1.0021613 0.00034305022 0)
(1.0021152 0.00034218069 0)
(1.0020679 0.00034130797 0)
(1.0020193 0.00034043199 0)
(1.0019695 0.0003395527 0)
(1.0019184 0.00033867006 0)
(1.0018659 0.00033778401 0)
(1.0018121 0.0003368945 0)
(1.001757 0.00033600148 0)
(1.0017003 0.00033510488 0)
(1.0016422 0.00033420467 0)
(1.0015826 0.00033330077 0)
(1.0015214 0.00033239313 0)
(1.0014586 0.0003314817 0)
(1.0013942 0.00033056642 0)
(1.0013281 0.00032964722 0)
(1.0012603 0.00032872406 0)
(1.0011907 0.00032779686 0)
(1.0011193 0.00032686557 0)
(1.001046 0.00032593011 0)
(1.0009707 0.00032499044 0)
(1.0008935 0.00032404648 0)
(1.0008143 0.00032309817 0)
(1.000733 0.00032214544 0)
(1.0006496 0.00032118822 0)
(1.000564 0.00032022645 0)
(1.0004761 0.00031926006 0)
(1.0003859 0.00031828897 0)
(1.0002933 0.00031731312 0)
(1.0001983 0.00031633243 0)
(1.0001007 0.00031534683 0)
(1.0000006 0.00031435624 0)
(0.99989783 0.0003133606 0)
(0.99979234 0.00031235982 0)
(0.99968406 0.00031135383 0)
(0.9995729 0.00031034256 0)
(0.99945879 0.00030932594 0)
(0.99934165 0.00030830389 0)
(0.99922139 0.00030727636 0)
(0.99909794 0.00030624329 0)
(0.99897119 0.00030520463 0)
(0.99884106 0.00030416031 0)
(0.99870746 0.00030311019 0)
(0.99857029 0.00030205376 0)
(0.99842944 0.0003009903 0)
(0.99828483 0.00029991999 0)
(0.99813635 0.00029884362 0)
(0.99798388 0.00029776116 0)
(0.99782732 0.00029667369 0)
(0.99766656 0.00029557743 0)
(0.99750147 0.00029447894 0)
(0.99733195 0.00029339618 0)
(1.0038611 0.00040371846 0)
(1.0038569 0.00040302419 0)
(1.0038526 0.00040234446 0)
(1.0038483 0.00040164228 0)
(1.0038438 0.00040091358 0)
(1.0038392 0.00040016993 0)
(1.0038344 0.000399419 0)
(1.0038295 0.00039866521 0)
(1.0038245 0.00039791149 0)
(1.0038193 0.0003971592 0)
(1.003814 0.00039640867 0)
(1.0038085 0.00039565977 0)
(1.0038029 0.00039491225 0)
(1.0037971 0.00039416575 0)
(1.0037912 0.00039341991 0)
(1.0037851 0.0003926744 0)
(1.0037788 0.00039192893 0)
(1.0037724 0.00039118327 0)
(1.0037658 0.0003904372 0)
(1.003759 0.00038969058 0)
(1.003752 0.00038894327 0)
(1.0037448 0.00038819518 0)
(1.0037375 0.00038744621 0)
(1.0037299 0.0003866963 0)
(1.0037221 0.00038594538 0)
(1.0037142 0.00038519342 0)
(1.003706 0.00038444036 0)
(1.0036975 0.00038368616 0)
(1.0036889 0.0003829308 0)
(1.00368 0.00038217423 0)
(1.0036708 0.00038141643 0)
(1.0036615 0.00038065736 0)
(1.0036518 0.00037989699 0)
(1.0036419 0.00037913529 0)
(1.0036317 0.00037837223 0)
(1.0036213 0.00037760778 0)
(1.0036105 0.00037684191 0)
(1.0035995 0.0003760746 0)
(1.0035882 0.00037530581 0)
(1.0035765 0.0003745355 0)
(1.0035646 0.00037376366 0)
(1.0035523 0.00037299025 0)
(1.0035396 0.00037221524 0)
(1.0035267 0.00037143859 0)
(1.0035133 0.00037066029 0)
(1.0034996 0.00036988029 0)
(1.0034856 0.00036909856 0)
(1.0034711 0.00036831508 0)
(1.0034563 0.00036752981 0)
(1.003441 0.00036674272 0)
(1.0034254 0.00036595378 0)
(1.0034093 0.00036516295 0)
(1.0033927 0.0003643702 0)
(1.0033757 0.00036357549 0)
(1.0033583 0.0003627788 0)
(1.0033403 0.00036198008 0)
(1.0033219 0.00036117931 0)
(1.0033029 0.00036037645 0)
(1.0032835 0.00035957146 0)
(1.0032635 0.0003587643 0)
(1.0032429 0.00035795495 0)
(1.0032218 0.00035714336 0)
(1.0032002 0.00035632949 0)
(1.0031779 0.00035551331 0)
(1.003155 0.00035469478 0)
(1.0031315 0.00035387386 0)
(1.0031073 0.00035305052 0)
(1.0030824 0.00035222471 0)
(1.0030569 0.00035139638 0)
(1.0030307 0.00035056551 0)
(1.0030037 0.00034973205 0)
(1.0029761 0.00034889595 0)
(1.0029476 0.00034805719 0)
(1.0029184 0.0003472157 0)
(1.0028883 0.00034637145 0)
(1.0028574 0.00034552439 0)
(1.0028257 0.00034467449 0)
(1.0027931 0.00034382168 0)
(1.0027596 0.00034296594 0)
(1.0027251 0.0003421072 0)
(1.0026897 0.00034124543 0)
(1.0026534 0.00034038057 0)
(1.002616 0.00033951258 0)
(1.0025775 0.0003386414 0)
(1.0025381 0.00033776699 0)
(1.0024975 0.00033688929 0)
(1.0024558 0.00033600826 0)
(1.0024129 0.00033512384 0)
(1.0023688 0.00033423597 0)
(1.0023235 0.00033334461 0)
(1.002277 0.00033244969 0)
(1.0022291 0.00033155116 0)
(1.0021799 0.00033064897 0)
(1.0021293 0.00032974305 0)
(1.0020774 0.00032883336 0)
(1.0020239 0.00032791982 0)
(1.001969 0.00032700238 0)
(1.0019125 0.00032608098 0)
(1.0018545 0.00032515555 0)
(1.0017948 0.00032422604 0)
(1.0017335 0.00032329237 0)
(1.0016704 0.00032235449 0)
(1.0016056 0.00032141232 0)
(1.0015389 0.0003204658 0)
(1.0014704 0.00031951486 0)
(1.0013999 0.00031855943 0)
(1.0013274 0.00031759944 0)
(1.0012529 0.00031663483 0)
(1.0011763 0.00031566551 0)
(1.0010976 0.00031469141 0)
(1.0010166 0.00031371247 0)
(1.0009333 0.00031272861 0)
(1.0008476 0.00031173976 0)
(1.0007596 0.00031074585 0)
(1.000669 0.0003097468 0)
(1.0005758 0.00030874257 0)
(1.0004801 0.00030773309 0)
(1.0003815 0.00030671833 0)
(1.0002802 0.00030569819 0)
(1.000176 0.00030467257 0)
(1.0000688 0.00030364094 0)
(0.99995859 0.00030260257 0)
(0.9998452 0.00030155764 0)
(0.99972857 0.00030050695 0)
(0.9996086 0.00029945049 0)
(0.99948519 0.0002983893 0)
(0.99935824 0.0002973197 0)
(0.99922765 0.00029624804 0)
(0.99909332 0.00029519184 0)
(1.0039869 0.00040383282 0)
(1.0039843 0.00040314037 0)
(1.0039817 0.00040246202 0)
(1.003979 0.00040176222 0)
(1.0039762 0.00040103641 0)
(1.0039733 0.00040029584 0)
(1.0039704 0.00039954811 0)
(1.0039673 0.00039879754 0)
(1.0039642 0.000398047 0)
(1.0039609 0.00039729788 0)
(1.0039576 0.00039655054 0)
(1.0039541 0.00039580487 0)
(1.0039506 0.0003950606 0)
(1.0039469 0.00039431739 0)
(1.0039432 0.00039357489 0)
(1.0039393 0.00039283279 0)
(1.0039353 0.00039209081 0)
(1.0039312 0.00039134869 0)
(1.003927 0.00039060624 0)
(1.0039227 0.0003898633 0)
(1.0039182 0.00038911975 0)
(1.0039136 0.0003883755 0)
(1.0039089 0.00038763045 0)
(1.003904 0.00038688453 0)
(1.003899 0.00038613768 0)
(1.0038939 0.00038538988 0)
(1.0038886 0.00038464106 0)
(1.0038831 0.0003838912 0)
(1.0038775 0.00038314024 0)
(1.0038717 0.00038238817 0)
(1.0038658 0.00038163496 0)
(1.0038596 0.00038088057 0)
(1.0038533 0.00038012496 0)
(1.0038469 0.00037936813 0)
(1.0038402 0.00037861003 0)
(1.0038333 0.00037785065 0)
(1.0038263 0.00037708993 0)
(1.003819 0.00037632787 0)
(1.0038115 0.00037556443 0)
(1.0038038 0.0003747996 0)
(1.0037959 0.00037403333 0)
(1.0037877 0.0003732656 0)
(1.0037793 0.00037249636 0)
(1.0037707 0.00037172562 0)
(1.0037618 0.00037095333 0)
(1.0037527 0.00037017946 0)
(1.0037432 0.00036940397 0)
(1.0037336 0.00036862685 0)
(1.0037236 0.00036784807 0)
(1.0037133 0.0003670676 0)
(1.0037028 0.00036628538 0)
(1.0036919 0.00036550141 0)
(1.0036807 0.00036471564 0)
(1.0036692 0.00036392806 0)
(1.0036573 0.00036313863 0)
(1.0036451 0.00036234731 0)
(1.0036326 0.00036155406 0)
(1.0036197 0.00036075887 0)
(1.0036064 0.00035996169 0)
(1.0035927 0.0003591625 0)
(1.0035786 0.00035836125 0)
(1.0035641 0.00035755791 0)
(1.0035491 0.00035675245 0)
(1.0035338 0.00035594484 0)
(1.003518 0.00035513503 0)
(1.0035017 0.00035432299 0)
(1.0034849 0.00035350868 0)
(1.0034677 0.00035269208 0)
(1.0034499 0.00035187314 0)
(1.0034316 0.00035105181 0)
(1.0034128 0.00035022806 0)
(1.0033934 0.00034940185 0)
(1.0033735 0.00034857316 0)
(1.0033529 0.00034774192 0)
(1.0033318 0.0003469081 0)
(1.00331 0.00034607166 0)
(1.0032876 0.00034523256 0)
(1.0032646 0.00034439076 0)
(1.0032408 0.00034354621 0)
(1.0032164 0.00034269886 0)
(1.0031912 0.00034184868 0)
(1.0031653 0.00034099561 0)
(1.0031386 0.00034013963 0)
(1.0031112 0.00033928066 0)
(1.0030829 0.00033841867 0)
(1.0030538 0.0003375536 0)
(1.0030238 0.00033668542 0)
(1.0029929 0.00033581407 0)
(1.0029611 0.00033493951 0)
(1.0029284 0.00033406166 0)
(1.0028947 0.00033318049 0)
(1.0028599 0.00033229594 0)
(1.0028242 0.00033140797 0)
(1.0027874 0.00033051652 0)
(1.0027495 0.00032962152 0)
(1.0027104 0.00032872292 0)
(1.0026702 0.00032782068 0)
(1.0026288 0.00032691472 0)
(1.0025862 0.00032600499 0)
(1.0025422 0.00032509144 0)
(1.002497 0.00032417398 0)
(1.0024504 0.00032325258 0)
(1.0024024 0.00032232715 0)
(1.002353 0.00032139765 0)
(1.0023021 0.00032046399 0)
(1.0022496 0.00031952612 0)
(1.0021956 0.00031858398 0)
(1.0021399 0.00031763748 0)
(1.0020826 0.00031668657 0)
(1.0020236 0.00031573117 0)
(1.0019627 0.00031477121 0)
(1.0019 0.00031380662 0)
(1.0018355 0.00031283734 0)
(1.0017689 0.0003118633 0)
(1.0017004 0.00031088443 0)
(1.0016298 0.00030990067 0)
(1.001557 0.00030891198 0)
(1.0014821 0.00030791831 0)
(1.0014048 0.00030691958 0)
(1.0013252 0.00030591568 0)
(1.0012432 0.00030490609 0)
(1.0011587 0.00030389007 0)
(1.0010716 0.0003028678 0)
(1.0009818 0.0003018401 0)
(1.0008893 0.00030080696 0)
(1.000794 0.0002997694 0)
(1.0006957 0.00029872381 0)
(1.0005945 0.00029767638 0)
(1.0004902 0.00029664416 0)
)
;

boundaryField
{
    front
    {
        type            empty;
    }
    back
    {
        type            empty;
    }
    inlet
    {
        type            fixedValue;
        value           nonuniform List<vector> 0();
    }
    outlet
    {
        type            zeroGradient;
    }
    top
    {
        type            zeroGradient;
    }
    slipsurface
    {
        type            slip;
    }
    bottom
    {
        type            fixedValue;
        value           nonuniform List<vector> 0();
    }
    procBoundary15to4
    {
        type            processor;
        value           nonuniform List<vector> 
20
(
(0.1562034 4.0071869e-06 0)
(0.16029558 4.274878e-06 0)
(0.16449097 4.560349e-06 0)
(0.1687925 4.8647758e-06 0)
(0.17320314 5.1894014e-06 0)
(0.17772598 5.5355492e-06 0)
(0.18236417 5.9046276e-06 0)
(0.18712096 6.2981353e-06 0)
(0.19199969 6.7176663e-06 0)
(0.19700379 7.164916e-06 0)
(0.20213678 7.6416872e-06 0)
(0.20740228 8.1498964e-06 0)
(0.21280397 8.6915805e-06 0)
(0.21834568 9.2689035e-06 0)
(0.22403129 9.8841642e-06 0)
(0.22986479 1.0539803e-05 0)
(0.23585026 1.123841e-05 0)
(0.24199186 1.1982729e-05 0)
(0.24829385 1.2775663e-05 0)
(0.25476054 1.3620301e-05 0)
)
;
    }
    procBoundary15to5
    {
        type            processor;
        value           nonuniform List<vector> 
90
(
(0.26112972 1.445706e-05 0)
(0.26086313 1.4372265e-05 0)
(0.26059638 1.4302892e-05 0)
(0.26032943 1.4233392e-05 0)
(0.26032943 1.4233392e-05 0)
(0.26682746 1.510317e-05 0)
(0.26682746 1.510317e-05 0)
(0.27376952 1.6098823e-05 0)
(0.28059849 1.7083203e-05 0)
(0.2803034 1.7004386e-05 0)
(0.2803034 1.7004386e-05 0)
(0.28759402 1.8123619e-05 0)
(0.29507515 1.9315229e-05 0)
(0.30275162 2.058374e-05 0)
(0.31062829 2.1933962e-05 0)
(0.31871003 2.3370933e-05 0)
(0.32700174 2.4899951e-05 0)
(0.33550829 2.6526681e-05 0)
(0.34385342 2.8127214e-05 0)
(0.34385342 2.8127214e-05 0)
(0.35279213 2.9958713e-05 0)
(0.36195981 3.1906298e-05 0)
(0.37136106 3.3976779e-05 0)
(0.3810004 3.6177364e-05 0)
(0.39088214 3.8515562e-05 0)
(0.40101043 4.0999208e-05 0)
(0.41138911 4.3636487e-05 0)
(0.42202175 4.6435942e-05 0)
(0.43291154 4.9406503e-05 0)
(0.44406124 5.2557529e-05 0)
(0.4554731 5.5898748e-05 0)
(0.46660551 5.9182343e-05 0)
(0.46660551 5.9182343e-05 0)
(0.47853131 6.2916196e-05 0)
(0.49072244 6.686809e-05 0)
(0.50317798 7.1047874e-05 0)
(0.51589642 7.5465898e-05 0)
(0.52887514 8.0132564e-05 0)
(0.5421103 8.505817e-05 0)
(0.55559667 9.0252779e-05 0)
(0.5693275 9.572609e-05 0)
(0.58329437 0.00010148729 0)
(0.59748701 0.0001075449 0)
(0.61189311 0.00011390658 0)
(0.62649818 0.00012057892 0)
(0.64128535 0.00012756722 0)
(0.65623522 0.00013487521 0)
(0.67132564 0.00014250476 0)
(0.6865316 0.00015045556 0)
(0.70182509 0.00015872481 0)
(0.71717496 0.00016730682 0)
(0.73254685 0.00017619271 0)
(0.74790319 0.00018536997 0)
(0.76320318 0.00019482213 0)
(0.77840291 0.00020452845 0)
(0.79345552 0.00021446352 0)
(0.80831145 0.00022459711 0)
(0.82291884 0.00023489388 0)
(0.83722396 0.00024531339 0)
(0.85117187 0.00025581007 0)
(0.8647071 0.00026633341 0)
(0.87777453 0.00027682837 0)
(0.89032037 0.00028723586 0)
(0.90229324 0.00029749365 0)
(0.91308449 0.00030647798 0)
(0.91308449 0.00030647798 0)
(0.92380668 0.00031623994 0)
(0.93382998 0.00032566174 0)
(0.94312431 0.00033468002 0)
(0.95166779 0.00034323531 0)
(0.95944776 0.0003512739 0)
(0.96646146 0.00035874949 0)
(0.97271649 0.00036562485 0)
(0.97823085 0.00037187333 0)
(0.9830326 0.00037747998 0)
(0.98715922 0.00038244223 0)
(0.9906564 0.00038677014 0)
(0.99357664 0.00039048591 0)
(0.99597742 0.0003936229 0)
(0.99791925 0.00039622407 0)
(0.99946363 0.00039833993 0)
(1.000671 0.00040002613 0)
(1.0015991 0.00040134091 0)
(1.0023011 0.00040234254 0)
(1.0028247 0.00040308703 0)
(1.0032113 0.00040362614 0)
(1.0034957 0.00040400592 0)
(1.0037062 0.00040426585 0)
(1.0038652 0.00040443854 0)
(1.0039894 0.00040454986 0)
)
;
    }
    procBoundary15to11
    {
        type            processor;
        value           nonuniform List<vector> 
129
(
(1.0040898 0.00040390455 0)
(1.0040883 0.00040321329 0)
(1.0040867 0.00040253558 0)
(1.0040851 0.0004018373 0)
(1.0040834 0.00040111349 0)
(1.0040817 0.00040037507 0)
(1.0040799 0.00039962959 0)
(1.004078 0.00039888128 0)
(1.0040761 0.00039813297 0)
(1.0040741 0.00039738606 0)
(1.0040721 0.00039664091 0)
(1.00407 0.00039589747 0)
(1.0040678 0.00039515545 0)
(1.0040656 0.00039441451 0)
(1.0040633 0.00039367434 0)
(1.0040609 0.0003929346 0)
(1.0040584 0.00039219503 0)
(1.0040559 0.00039145537 0)
(1.0040533 0.00039071544 0)
(1.0040506 0.00038997508 0)
(1.0040478 0.00038923417 0)
(1.004045 0.0003884926 0)
(1.004042 0.0003877503 0)
(1.004039 0.00038700719 0)
(1.0040358 0.00038626323 0)
(1.0040326 0.00038551837 0)
(1.0040293 0.00038477256 0)
(1.0040258 0.00038402576 0)
(1.0040223 0.00038327794 0)
(1.0040187 0.00038252908 0)
(1.0040149 0.00038177914 0)
(1.004011 0.0003810281 0)
(1.004007 0.00038027592 0)
(1.0040029 0.00037952258 0)
(1.0039987 0.00037876806 0)
(1.0039943 0.00037801232 0)
(1.0039898 0.00037725534 0)
(1.0039851 0.00037649708 0)
(1.0039803 0.00037573754 0)
(1.0039754 0.00037497668 0)
(1.0039703 0.00037421447 0)
(1.003965 0.00037345088 0)
(1.0039596 0.00037268588 0)
(1.003954 0.00037191946 0)
(1.0039482 0.00037115158 0)
(1.0039423 0.00037038222 0)
(1.0039362 0.00036961134 0)
(1.0039299 0.00036883893 0)
(1.0039234 0.00036806495 0)
(1.0039166 0.00036728939 0)
(1.0039097 0.00036651218 0)
(1.0039026 0.00036573332 0)
(1.0038952 0.00036495277 0)
(1.0038876 0.00036417052 0)
(1.0038798 0.00036338653 0)
(1.0038718 0.00036260076 0)
(1.0038634 0.00036181318 0)
(1.0038549 0.00036102378 0)
(1.003846 0.00036023251 0)
(1.0038369 0.00035943935 0)
(1.0038275 0.00035864425 0)
(1.0038178 0.00035784719 0)
(1.0038078 0.00035704814 0)
(1.0037975 0.00035624707 0)
(1.0037869 0.00035544394 0)
(1.0037759 0.00035463871 0)
(1.0037646 0.00035383135 0)
(1.0037529 0.00035302184 0)
(1.0037409 0.00035221013 0)
(1.0037285 0.00035139618 0)
(1.0037157 0.00035057997 0)
(1.0037025 0.00034976145 0)
(1.0036889 0.00034894059 0)
(1.0036749 0.00034811735 0)
(1.0036604 0.00034729169 0)
(1.0036455 0.00034646356 0)
(1.0036301 0.00034563295 0)
(1.0036142 0.0003447998 0)
(1.0035978 0.00034396407 0)
(1.0035809 0.00034312573 0)
(1.0035635 0.00034228472 0)
(1.0035455 0.00034144101 0)
(1.0035269 0.00034059456 0)
(1.0035078 0.00033974533 0)
(1.003488 0.00033889325 0)
(1.0034677 0.0003380383 0)
(1.0034467 0.00033718042 0)
(1.003425 0.00033631958 0)
(1.0034026 0.00033545572 0)
(1.0033796 0.00033458879 0)
(1.0033558 0.00033371874 0)
(1.0033312 0.00033284554 0)
(1.0033059 0.00033196912 0)
(1.0032797 0.00033108944 0)
(1.0032528 0.00033020644 0)
(1.0032249 0.00032932007 0)
(1.0031962 0.00032843027 0)
(1.0031666 0.000327537 0)
(1.003136 0.0003266402 0)
(1.0031045 0.00032573981 0)
(1.0030719 0.00032483577 0)
(1.0030383 0.00032392802 0)
(1.0030036 0.00032301651 0)
(1.0029678 0.00032210116 0)
(1.0029309 0.00032118193 0)
(1.0028928 0.00032025875 0)
(1.0028534 0.00031933155 0)
(1.0028128 0.00031840028 0)
(1.0027709 0.00031746487 0)
(1.0027277 0.00031652524 0)
(1.002683 0.00031558133 0)
(1.0026369 0.00031463308 0)
(1.0025894 0.00031368043 0)
(1.0025402 0.00031272331 0)
(1.0024895 0.00031176166 0)
(1.0024372 0.00031079543 0)
(1.0023832 0.00030982455 0)
(1.0023274 0.00030884901 0)
(1.0022698 0.00030786872 0)
(1.0022103 0.00030688358 0)
(1.0021489 0.00030589307 0)
(1.0020855 0.00030489644 0)
(1.0020201 0.00030389388 0)
(1.0019525 0.00030288621 0)
(1.0018827 0.00030187344 0)
(1.0018106 0.00030085657 0)
(1.0017362 0.00029983208 0)
(1.0016594 0.00029880594 0)
(1.00158 0.0002977948 0)
)
;
    }
    procBoundary15to12
    {
        type            processor;
        value           nonuniform List<vector> 
90
(
(0.17238783 3.1316769e-06 0)
(0.17663848 3.3401705e-06 0)
(0.18099223 3.5624715e-06 0)
(0.18545196 3.7994735e-06 0)
(0.19002058 4.0521458e-06 0)
(0.19470112 4.3215149e-06 0)
(0.19949668 4.6086722e-06 0)
(0.20441044 4.9147791e-06 0)
(0.20944569 5.2410706e-06 0)
(0.21460577 5.5888603e-06 0)
(0.21989414 5.9595447e-06 0)
(0.22531435 6.3546083e-06 0)
(0.23087002 6.7756288e-06 0)
(0.23656487 7.2242825e-06 0)
(0.24240273 7.70235e-06 0)
(0.24838749 8.2117221e-06 0)
(0.25452314 8.7544062e-06 0)
(0.26081376 9.3325325e-06 0)
(0.26726351 9.9483611e-06 0)
(0.27387665 1.0604289e-05 0)
(0.28065748 1.1302855e-05 0)
(0.28761041 1.2046753e-05 0)
(0.2947399 1.2838833e-05 0)
(0.30205047 1.3682111e-05 0)
(0.30954671 1.4579779e-05 0)
(0.31723322 1.5535212e-05 0)
(0.32511467 1.6551974e-05 0)
(0.33319573 1.7633826e-05 0)
(0.34148106 1.8784736e-05 0)
(0.34997534 2.0008887e-05 0)
(0.35868318 2.1310679e-05 0)
(0.36760917 2.2694739e-05 0)
(0.37675779 2.4165928e-05 0)
(0.38613343 2.5729342e-05 0)
(0.39574031 2.7390317e-05 0)
(0.4055825 2.9154433e-05 0)
(0.41566382 3.1027509e-05 0)
(0.42598785 3.3015608e-05 0)
(0.43655781 3.5125025e-05 0)
(0.44737657 3.7362283e-05 0)
(0.45844654 3.9734122e-05 0)
(0.46976963 4.2247479e-05 0)
(0.48134715 4.490947e-05 0)
(0.49317971 4.7727362e-05 0)
(0.50526717 5.070854e-05 0)
(0.51760851 5.3860462e-05 0)
(0.5302017 5.7190611e-05 0)
(0.54304362 6.0706436e-05 0)
(0.55612991 6.4415276e-05 0)
(0.56945481 6.832428e-05 0)
(0.58301106 7.2440306e-05 0)
(0.59678972 7.6769812e-05 0)
(0.61077999 8.1318726e-05 0)
(0.62496909 8.6092301e-05 0)
(0.63934204 9.1094953e-05 0)
(0.65388156 9.633008e-05 0)
(0.66856783 0.00010179986 0)
(0.6833784 0.00010750505 0)
(0.69828801 0.00011344473 0)
(0.71326849 0.00011961607 0)
(0.72828864 0.00012601407 0)
(0.74331422 0.00013263129 0)
(0.75830789 0.00013945763 0)
(0.7732293 0.00014647998 0)
(0.78803516 0.00015368208 0)
(0.80267948 0.00016104426 0)
(0.8171138 0.00016854327 0)
(0.83128763 0.00017615219 0)
(0.84514889 0.0001838404 0)
(0.85864456 0.00019157361 0)
(0.87172141 0.00019931406 0)
(0.88432683 0.00020702081 0)
(0.89640979 0.0002146502 0)
(0.90792192 0.00022215644 0)
(0.91881862 0.00022949236 0)
(0.9290602 0.00023661039 0)
(0.93861312 0.00024346357 0)
(0.947451 0.00025000678 0)
(0.95555571 0.00025619804 0)
(0.96291814 0.00026199976 0)
(0.96953881 0.00026738013 0)
(0.9754282 0.0002723142 0)
(0.98060666 0.00027678495 0)
(0.98510407 0.00028078402 0)
(0.98895896 0.00028431208 0)
(0.99221743 0.00028737888 0)
(0.99493159 0.00029000289 0)
(0.99715789 0.00029221036 0)
(0.99895516 0.0002940343 0)
(1.0003826 0.00029551243 0)
)
;
    }
    procBoundary15to13
    {
        type            processor;
        value           nonuniform List<vector> 
11
(
(0.13515786 1.6530992e-06 0)
(0.13852356 1.7636468e-06 0)
(0.14196819 1.8815237e-06 0)
(0.14549389 2.0072137e-06 0)
(0.14910286 2.1412329e-06 0)
(0.15279738 2.2841316e-06 0)
(0.15657977 2.4364962e-06 0)
(0.16045245 2.598952e-06 0)
(0.16441788 2.772166e-06 0)
(0.16847861 2.9568467e-06 0)
(0.16847861 2.9568467e-06 0)
)
;
    }
    procBoundary15to14
    {
        type            processor;
        value           nonuniform List<vector> 
138
(
(0.15207954 3.7464662e-06 0)
(0.15194757 3.7289216e-06 0)
(0.15181551 3.7064921e-06 0)
(0.15168339 3.6863248e-06 0)
(0.15155114 3.6692735e-06 0)
(0.15141875 3.6529322e-06 0)
(0.1512862 3.6352181e-06 0)
(0.15115357 3.6163174e-06 0)
(0.15102083 3.6051534e-06 0)
(0.15088766 3.6008075e-06 0)
(0.15075404 3.5837042e-06 0)
(0.15062053 3.5488829e-06 0)
(0.15048747 3.5184259e-06 0)
(0.15035451 3.5053731e-06 0)
(0.15022118 3.4991162e-06 0)
(0.15008745 3.4888091e-06 0)
(0.14995345 3.4736879e-06 0)
(0.14981927 3.4560333e-06 0)
(0.14968497 3.4374111e-06 0)
(0.14955058 3.4185491e-06 0)
(0.1494161 3.3997625e-06 0)
(0.14928153 3.3811883e-06 0)
(0.14914686 3.3628753e-06 0)
(0.14901209 3.3448163e-06 0)
(0.1488772 3.3269834e-06 0)
(0.14874219 3.3093442e-06 0)
(0.14860705 3.2918656e-06 0)
(0.14847178 3.2745167e-06 0)
(0.14833636 3.2572717e-06 0)
(0.1482008 3.2401152e-06 0)
(0.14806509 3.2230325e-06 0)
(0.14792923 3.2060104e-06 0)
(0.14779321 3.1890439e-06 0)
(0.14765703 3.1721249e-06 0)
(0.14752069 3.1552492e-06 0)
(0.14738418 3.1384154e-06 0)
(0.14724751 3.1216198e-06 0)
(0.14711066 3.1048606e-06 0)
(0.14697363 3.0881351e-06 0)
(0.14683643 3.0714445e-06 0)
(0.14669905 3.0547875e-06 0)
(0.14656149 3.0381619e-06 0)
(0.14642374 3.0215684e-06 0)
(0.1462858 3.0050057e-06 0)
(0.14614767 2.9884746e-06 0)
(0.14600935 2.9719745e-06 0)
(0.14587083 2.9555032e-06 0)
(0.14573211 2.9390614e-06 0)
(0.14559319 2.9226492e-06 0)
(0.14545407 2.9062666e-06 0)
(0.14531474 2.8899127e-06 0)
(0.1451752 2.8735862e-06 0)
(0.14503544 2.8572875e-06 0)
(0.14489547 2.8410172e-06 0)
(0.14475528 2.8247751e-06 0)
(0.14461487 2.80856e-06 0)
(0.14447424 2.7923712e-06 0)
(0.14433338 2.7762099e-06 0)
(0.14419229 2.7600765e-06 0)
(0.14405097 2.74397e-06 0)
(0.14390941 2.7278888e-06 0)
(0.14376761 2.7118329e-06 0)
(0.14362557 2.6958034e-06 0)
(0.14348329 2.6798007e-06 0)
(0.14334076 2.6638238e-06 0)
(0.14319798 2.6478713e-06 0)
(0.14305495 2.6319434e-06 0)
(0.14291166 2.6160415e-06 0)
(0.14276812 2.6001656e-06 0)
(0.14262431 2.5843142e-06 0)
(0.14248023 2.5684867e-06 0)
(0.14233589 2.5526836e-06 0)
(0.14219127 2.5369057e-06 0)
(0.14204638 2.5211528e-06 0)
(0.14190122 2.5054232e-06 0)
(0.14175577 2.4897167e-06 0)
(0.14161004 2.4740348e-06 0)
(0.14146402 2.458378e-06 0)
(0.14131771 2.4427455e-06 0)
(0.14117111 2.4271361e-06 0)
(0.14102421 2.4115492e-06 0)
(0.14087701 2.395986e-06 0)
(0.14072951 2.3804476e-06 0)
(0.1405817 2.3649327e-06 0)
(0.14043358 2.34944e-06 0)
(0.14028515 2.3339701e-06 0)
(0.1401364 2.3185242e-06 0)
(0.13998733 2.3031022e-06 0)
(0.13983793 2.2877029e-06 0)
(0.13968821 2.2723259e-06 0)
(0.13953816 2.2569718e-06 0)
(0.13938777 2.2416414e-06 0)
(0.13923705 2.2263346e-06 0)
(0.13908598 2.2110502e-06 0)
(0.13893457 2.1957881e-06 0)
(0.13878281 2.1805486e-06 0)
(0.13863069 2.1653326e-06 0)
(0.13847822 2.1501401e-06 0)
(0.13832539 2.1349699e-06 0)
(0.1381722 2.1198216e-06 0)
(0.13801864 2.1046957e-06 0)
(0.1378647 2.0895927e-06 0)
(0.1377104 2.0745131e-06 0)
(0.13755571 2.0594561e-06 0)
(0.13740064 2.044421e-06 0)
(0.13724518 2.0294082e-06 0)
(0.13708933 2.0144185e-06 0)
(0.13693308 1.999452e-06 0)
(0.13677644 1.9845085e-06 0)
(0.13661939 1.9695879e-06 0)
(0.13646193 1.9546894e-06 0)
(0.13630406 1.9398134e-06 0)
(0.13614578 1.924961e-06 0)
(0.13598707 1.9101315e-06 0)
(0.13582794 1.8953246e-06 0)
(0.13566838 1.8805411e-06 0)
(0.13550839 1.8657812e-06 0)
(0.13534796 1.8510445e-06 0)
(0.13518708 1.8363313e-06 0)
(0.13502576 1.8216419e-06 0)
(0.13486398 1.8069756e-06 0)
(0.13470175 1.7923326e-06 0)
(0.13453906 1.7777145e-06 0)
(0.1343759 1.7631218e-06 0)
(0.13421227 1.7485542e-06 0)
(0.13404816 1.7340119e-06 0)
(0.13388357 1.7194967e-06 0)
(0.1337185 1.70501e-06 0)
(0.13355293 1.6905523e-06 0)
(0.13338687 1.6761221e-06 0)
(0.1332203 1.6616936e-06 0)
(0.13305323 1.6472346e-06 0)
(0.13288565 1.6327743e-06 0)
(0.13271757 1.6183821e-06 0)
(0.13254896 1.6040261e-06 0)
(0.13237983 1.589737e-06 0)
(0.13221016 1.5755351e-06 0)
(0.13203993 1.5624889e-06 0)
)
;
    }
}


// ************************************************************************* //
