/*--------------------------------*- C++ -*----------------------------------*\
  =========                 |
  \\      /  F ield         | OpenFOAM: The Open Source CFD Toolbox
   \\    /   O peration     | Website:  https://openfoam.org
    \\  /    A nd           | Version:  12
     \\/     M anipulation  |
\*---------------------------------------------------------------------------*/
FoamFile
{
    format      ascii;
    class       volScalarField;
    location    "1300";
    object      k;
}
// * * * * * * * * * * * * * * * * * * * * * * * * * * * * * * * * * * * * * //

dimensions      [0 2 -2 0 0 0 0];

internalField   nonuniform List<scalar> 
13167
(
0.0040630929
0.0040615061
0.0040599215
0.004058338
0.0040567546
0.0040551725
0.0040535859
0.0040520017
0.004050418
0.004048835
0.0040472534
0.0040456729
0.004044093
0.0040425134
0.0040409342
0.0040393552
0.0040377767
0.0040361985
0.0040346209
0.0040330437
0.004031467
0.0040298907
0.0040283148
0.0040267393
0.0040251641
0.0040235893
0.0040220149
0.0040204407
0.0040188669
0.0040172933
0.0040157199
0.0040141469
0.004012574
0.0040110014
0.0040094289
0.0040078566
0.0040062845
0.0040047125
0.0040031405
0.0040015687
0.003999997
0.0039984252
0.0039968535
0.0039952819
0.0039937101
0.0039921384
0.0039905666
0.0039889947
0.0039874227
0.0039858505
0.0039842782
0.0039827057
0.003981133
0.0039795601
0.0039779869
0.0039764135
0.0039748397
0.0039732657
0.0039716912
0.0039701164
0.0039685411
0.0039669654
0.0039653893
0.0039638126
0.0039622354
0.0039606576
0.0039590793
0.0039575003
0.0039559207
0.0039543404
0.0039527594
0.0039511776
0.003949595
0.0039480116
0.0039464273
0.0039448421
0.003943256
0.003941669
0.0039400809
0.0039384917
0.0039369015
0.0039353101
0.0039337175
0.0039321237
0.0039305287
0.0039289323
0.0039273346
0.0039257355
0.003924135
0.0039225329
0.0039209293
0.003919324
0.0039177172
0.0039161086
0.0039144982
0.0039128861
0.0039112721
0.0039096561
0.0039080382
0.0039064182
0.0039047961
0.0039031718
0.0039015453
0.0038999165
0.0038982854
0.0038966518
0.0038950157
0.003893377
0.0038917354
0.0038900911
0.003888444
0.0038867942
0.0038851416
0.0038834861
0.0038818275
0.0038801658
0.0038785007
0.0038768321
0.00387516
0.0038734844
0.0038718051
0.003870122
0.0038684351
0.0038667444
0.0038650495
0.0038633506
0.0038616475
0.00385994
0.0038582283
0.0038565107
0.0038547947
0.0038530341
0.0038513009
0.0038495694
0.0038478367
0.0038460988
0.0038443529
0.0038425984
0.0038408385
0.004060927
0.0040593304
0.004057736
0.0040561427
0.0040545496
0.0040529578
0.004051361
0.004049767
0.0040481736
0.004046581
0.0040449895
0.004043399
0.0040418091
0.0040402196
0.0040386304
0.0040370414
0.0040354527
0.0040338645
0.0040322766
0.0040306892
0.0040291023
0.0040275157
0.0040259295
0.0040243437
0.0040227581
0.0040211729
0.004019588
0.0040180033
0.004016419
0.0040148348
0.0040132509
0.0040116672
0.0040100836
0.0040085003
0.0040069171
0.004005334
0.0040037511
0.0040021682
0.0040005854
0.0039990027
0.0039974199
0.0039958372
0.0039942545
0.0039926717
0.0039910889
0.003989506
0.003987923
0.0039863399
0.0039847567
0.0039831732
0.0039815896
0.0039800058
0.0039784217
0.0039768373
0.0039752527
0.0039736677
0.0039720824
0.0039704968
0.0039689107
0.0039673242
0.0039657373
0.0039641499
0.003962562
0.0039609735
0.0039593845
0.0039577949
0.0039562046
0.0039546137
0.0039530222
0.0039514298
0.0039498368
0.0039482429
0.0039466482
0.0039450527
0.0039434562
0.0039418589
0.0039402605
0.0039386612
0.0039370608
0.0039354593
0.0039338567
0.0039322529
0.0039306479
0.0039290416
0.0039274341
0.0039258252
0.0039242149
0.0039226032
0.00392099
0.0039193752
0.0039177589
0.003916141
0.0039145213
0.0039129
0.0039112768
0.0039096518
0.0039080249
0.003906396
0.0039047651
0.0039031321
0.003901497
0.0038998597
0.0038982201
0.0038965783
0.003894934
0.0038932873
0.003891638
0.003889986
0.0038883313
0.0038866737
0.0038850133
0.0038833501
0.0038816841
0.0038800152
0.0038783433
0.0038766681
0.0038749895
0.0038733074
0.0038716218
0.0038699326
0.0038682397
0.0038665431
0.0038648426
0.0038631381
0.0038614296
0.003859717
0.0038580001
0.0038562788
0.0038545533
0.0038528219
0.0038510924
0.0038493122
0.0038475672
0.0038458236
0.0038440776
0.0038423259
0.0038405661
0.0038387977
0.003837024
0.004057835
0.004056229
0.004054625
0.0040530222
0.0040514195
0.0040498183
0.0040482116
0.0040466079
0.0040450052
0.0040434029
0.0040418018
0.0040402016
0.004038602
0.0040370027
0.0040354036
0.0040338048
0.0040322063
0.0040306081
0.0040290103
0.0040274129
0.0040258159
0.0040242192
0.0040226229
0.0040210269
0.0040194312
0.0040178358
0.0040162406
0.0040146456
0.0040130509
0.0040114564
0.0040098621
0.0040082679
0.0040066739
0.00400508
0.0040034862
0.0040018926
0.004000299
0.0039987055
0.0039971119
0.0039955185
0.0039939249
0.0039923314
0.0039907378
0.0039891442
0.0039875504
0.0039859566
0.0039843625
0.0039827684
0.003981174
0.0039795795
0.0039779847
0.0039763896
0.0039747943
0.0039731987
0.0039716027
0.0039700064
0.0039684098
0.0039668127
0.0039652152
0.0039636172
0.0039620187
0.0039604197
0.0039588202
0.0039572201
0.0039556194
0.003954018
0.0039524161
0.0039508134
0.0039492099
0.0039476058
0.0039460008
0.003944395
0.0039427883
0.0039411808
0.0039395723
0.0039379628
0.0039363524
0.0039347409
0.0039331283
0.0039315146
0.0039298997
0.0039282836
0.0039266663
0.0039250476
0.0039234277
0.0039218064
0.0039201836
0.0039185594
0.0039169337
0.0039153064
0.0039136774
0.0039120469
0.0039104145
0.0039087805
0.0039071446
0.0039055068
0.0039038671
0.0039022254
0.0039005816
0.0038989358
0.0038972877
0.0038956375
0.0038939849
0.00389233
0.0038906727
0.0038890129
0.0038873505
0.0038856854
0.0038840174
0.0038823467
0.003880673
0.0038789966
0.0038773173
0.0038756351
0.0038739498
0.0038722612
0.0038705692
0.0038688737
0.0038671746
0.0038654719
0.0038637655
0.0038620553
0.0038603412
0.0038586231
0.003856901
0.0038551746
0.0038534441
0.0038517091
0.0038499698
0.0038482245
0.0038464816
0.0038446828
0.0038429253
0.0038411695
0.0038394101
0.0038376446
0.0038358711
0.0038340887
0.0038323013
0.004053847
0.0040522318
0.0040506184
0.0040490062
0.0040473942
0.0040457837
0.0040441676
0.0040425545
0.0040409424
0.0040393308
0.0040377202
0.0040361105
0.0040345014
0.0040328925
0.0040312839
0.0040296754
0.0040280672
0.0040264593
0.0040248518
0.0040232446
0.0040216377
0.0040200312
0.004018425
0.0040168191
0.0040152134
0.0040136079
0.0040120027
0.0040103976
0.0040087928
0.0040071881
0.0040055835
0.0040039791
0.0040023748
0.0040007706
0.0039991665
0.0039975624
0.0039959584
0.0039943543
0.0039927503
0.0039911462
0.0039895421
0.003987938
0.0039863337
0.0039847293
0.0039831248
0.0039815201
0.0039799153
0.0039783103
0.003976705
0.0039750995
0.0039734937
0.0039718876
0.0039702812
0.0039686745
0.0039670674
0.0039654599
0.003963852
0.0039622437
0.0039606348
0.0039590255
0.0039574157
0.0039558052
0.0039541943
0.0039525827
0.0039509704
0.0039493575
0.0039477439
0.0039461296
0.0039445144
0.0039428985
0.0039412818
0.0039396642
0.0039380457
0.0039364263
0.0039348059
0.0039331844
0.003931562
0.0039299385
0.0039283138
0.003926688
0.003925061
0.0039234327
0.0039218032
0.0039201723
0.0039185401
0.0039169064
0.0039152713
0.0039136347
0.0039119966
0.0039103568
0.0039087154
0.0039070723
0.0039054274
0.0039037807
0.0039021322
0.0039004817
0.0038988293
0.0038971749
0.0038955184
0.0038938597
0.0038921988
0.0038905357
0.0038888702
0.0038872024
0.0038855321
0.0038838593
0.0038821839
0.0038805057
0.0038788247
0.0038771407
0.0038754539
0.0038737643
0.0038720718
0.0038703763
0.0038686777
0.0038669758
0.0038652704
0.0038635616
0.0038618491
0.003860133
0.0038584131
0.0038566894
0.0038549617
0.0038532301
0.0038514943
0.0038497544
0.0038480102
0.0038462615
0.0038445085
0.0038427494
0.0038409931
0.0038391768
0.0038374061
0.0038356378
0.0038338651
0.0038320859
0.0038302986
0.0038285024
0.0038267011
0.0040489916
0.0040473674
0.0040457449
0.0040441237
0.0040425026
0.0040408831
0.0040392578
0.0040376354
0.0040360142
0.0040343936
0.0040327737
0.0040311547
0.0040295363
0.0040279181
0.0040263001
0.0040246822
0.0040230646
0.0040214472
0.0040198301
0.0040182133
0.0040165969
0.0040149807
0.0040133648
0.0040117491
0.0040101337
0.0040085184
0.0040069033
0.0040052884
0.0040036736
0.0040020589
0.0040004443
0.0039988299
0.0039972155
0.0039956011
0.0039939868
0.0039923726
0.0039907583
0.003989144
0.0039875296
0.0039859152
0.0039843006
0.003982686
0.0039810713
0.0039794563
0.0039778413
0.003976226
0.0039746105
0.0039729948
0.0039713788
0.0039697625
0.0039681459
0.0039665289
0.0039649117
0.003963294
0.0039616759
0.0039600574
0.0039584384
0.003956819
0.003955199
0.0039535785
0.0039519574
0.0039503358
0.0039487135
0.0039470905
0.0039454669
0.0039438426
0.0039422175
0.0039405917
0.003938965
0.0039373375
0.0039357092
0.0039340799
0.0039324497
0.0039308185
0.0039291864
0.0039275531
0.0039259188
0.0039242834
0.0039226468
0.003921009
0.00391937
0.0039177297
0.0039160881
0.0039144451
0.0039128007
0.0039111549
0.0039095075
0.0039078587
0.0039062082
0.0039045561
0.0039029023
0.0039012467
0.0038995894
0.0038979302
0.0038962692
0.0038946062
0.0038929412
0.0038912741
0.0038896049
0.0038879335
0.0038862599
0.003884584
0.0038829057
0.003881225
0.0038795418
0.0038778561
0.0038761678
0.0038744766
0.0038727826
0.0038710856
0.0038693857
0.003867683
0.0038659773
0.0038642686
0.0038625568
0.0038608416
0.003859123
0.0038574008
0.003855675
0.0038539455
0.0038522122
0.0038504751
0.003848734
0.0038469888
0.0038452395
0.003843486
0.0038417282
0.0038399659
0.0038381992
0.0038364264
0.0038346567
0.0038328242
0.0038310394
0.0038292584
0.0038274724
0.0038256796
0.0038238785
0.0038220684
0.0038202535
0.0040432968
0.0040416639
0.0040400326
0.0040384025
0.0040367725
0.0040351442
0.0040335102
0.0040318787
0.0040302486
0.004028619
0.0040269902
0.0040253621
0.0040237346
0.0040221073
0.0040204802
0.0040188532
0.0040172263
0.0040155996
0.0040139732
0.0040123471
0.0040107213
0.0040090957
0.0040074703
0.0040058451
0.0040042201
0.0040025952
0.0040009705
0.0039993459
0.0039977214
0.0039960969
0.0039944726
0.0039928483
0.003991224
0.0039895998
0.0039879755
0.0039863512
0.0039847269
0.0039831025
0.003981478
0.0039798534
0.0039782286
0.0039766038
0.0039749787
0.0039733535
0.003971728
0.0039701023
0.0039684764
0.0039668501
0.0039652236
0.0039635967
0.0039619695
0.0039603419
0.0039587139
0.0039570854
0.0039554566
0.0039538272
0.0039521974
0.003950567
0.0039489361
0.0039473045
0.0039456724
0.0039440397
0.0039424062
0.0039407721
0.0039391373
0.0039375017
0.0039358653
0.0039342281
0.0039325901
0.0039309512
0.0039293114
0.0039276706
0.0039260289
0.0039243861
0.0039227423
0.0039210974
0.0039194514
0.0039178042
0.0039161558
0.0039145062
0.0039128553
0.0039112031
0.0039095496
0.0039078946
0.0039062382
0.0039045802
0.0039029208
0.0039012598
0.0038995971
0.0038979328
0.0038962667
0.0038945989
0.0038929292
0.0038912577
0.0038895842
0.0038879087
0.0038862312
0.0038845516
0.0038828699
0.0038811859
0.0038794997
0.0038778111
0.0038761201
0.0038744266
0.0038727307
0.0038710321
0.0038693309
0.0038676269
0.0038659199
0.00386421
0.0038624971
0.0038607813
0.0038590626
0.0038573408
0.0038556158
0.0038538875
0.0038521557
0.0038504203
0.0038486812
0.0038469384
0.0038451918
0.0038434413
0.0038416868
0.0038399282
0.0038381654
0.0038363984
0.003834627
0.0038328511
0.0038310709
0.0038292844
0.0038275014
0.0038256536
0.0038238543
0.0038220602
0.003820261
0.0038184546
0.0038166398
0.0038148159
0.0038129874
0.0040367894
0.004035148
0.0040335082
0.0040318695
0.004030231
0.004028594
0.0040269516
0.0040253113
0.0040236725
0.0040220342
0.0040203966
0.0040187598
0.0040171234
0.0040154873
0.0040138512
0.0040122153
0.0040105794
0.0040089437
0.0040073083
0.004005673
0.004004038
0.0040024032
0.0040007686
0.0039991341
0.0039974998
0.0039958656
0.0039942314
0.0039925974
0.0039909634
0.0039893294
0.0039876955
0.0039860615
0.0039844276
0.0039827937
0.0039811596
0.0039795256
0.0039778914
0.0039762571
0.0039746227
0.0039729882
0.0039713534
0.0039697185
0.0039680834
0.003966448
0.0039648123
0.0039631764
0.0039615402
0.0039599037
0.0039582668
0.0039566295
0.0039549918
0.0039533538
0.0039517152
0.0039500762
0.0039484367
0.0039467967
0.0039451562
0.0039435151
0.0039418734
0.003940231
0.003938588
0.0039369444
0.0039353
0.0039336549
0.003932009
0.0039303623
0.0039287148
0.0039270665
0.0039254172
0.0039237671
0.0039221159
0.0039204638
0.0039188107
0.0039171565
0.0039155012
0.0039138448
0.0039121872
0.0039105285
0.0039088684
0.0039072072
0.0039055445
0.0039038806
0.0039022152
0.0039005484
0.00389888
0.0038972102
0.0038955388
0.0038938658
0.003892191
0.0038905146
0.0038888364
0.0038871564
0.0038854745
0.0038837907
0.003882105
0.0038804172
0.0038787273
0.0038770353
0.0038753411
0.0038736446
0.0038719459
0.0038702447
0.0038685411
0.003866835
0.0038651264
0.0038634151
0.0038617012
0.0038599844
0.0038582646
0.0038565418
0.003854816
0.0038530873
0.0038513555
0.0038496207
0.0038478827
0.0038461413
0.0038443964
0.0038426478
0.0038408956
0.0038391395
0.0038373797
0.0038356159
0.003833848
0.0038320761
0.0038302999
0.0038285195
0.0038267346
0.0038249452
0.0038231515
0.0038213514
0.003819555
0.0038176928
0.0038158786
0.0038140713
0.0038122588
0.0038104388
0.0038086104
0.0038067728
0.0038049307
0.0040294955
0.004027846
0.0040261978
0.0040245508
0.004022904
0.0040212587
0.0040196082
0.0040179594
0.0040163121
0.0040146653
0.0040130192
0.0040113738
0.0040097288
0.0040080841
0.0040064394
0.0040047947
0.0040031501
0.0040015057
0.0039998614
0.0039982173
0.0039965734
0.0039949296
0.003993286
0.0039916425
0.003989999
0.0039883557
0.0039867124
0.0039850691
0.0039834258
0.0039817826
0.0039801393
0.003978496
0.0039768526
0.0039752092
0.0039735657
0.003971922
0.0039702782
0.0039686343
0.0039669902
0.0039653459
0.0039637014
0.0039620566
0.0039604116
0.0039587663
0.0039571207
0.0039554748
0.0039538285
0.0039521819
0.0039505348
0.0039488874
0.0039472395
0.0039455911
0.0039439423
0.0039422929
0.003940643
0.0039389925
0.0039373415
0.0039356898
0.0039340375
0.0039323846
0.0039307309
0.0039290765
0.0039274213
0.0039257654
0.0039241087
0.0039224511
0.0039207926
0.0039191333
0.003917473
0.0039158117
0.0039141495
0.0039124862
0.0039108218
0.0039091564
0.0039074898
0.0039058221
0.0039041531
0.0039024829
0.0039008114
0.0038991386
0.0038974644
0.0038957888
0.0038941118
0.0038924332
0.0038907532
0.0038890716
0.0038873883
0.0038857034
0.0038840168
0.0038823284
0.0038806382
0.0038789462
0.0038772522
0.0038755563
0.0038738584
0.0038721584
0.0038704563
0.003868752
0.0038670455
0.0038653366
0.0038636254
0.0038619118
0.0038601958
0.0038584771
0.0038567559
0.0038550321
0.0038533055
0.003851576
0.0038498435
0.003848108
0.0038463694
0.0038446278
0.0038428832
0.0038411355
0.0038393845
0.0038376301
0.0038358721
0.0038341105
0.0038323452
0.003830576
0.003828803
0.003827026
0.0038252449
0.0038234597
0.0038216702
0.0038198764
0.0038180782
0.0038162753
0.0038144681
0.0038126545
0.0038108448
0.003808969
0.0038071396
0.0038053189
0.0038034931
0.0038016596
0.0037998177
0.0037979664
0.0037961107
0.0037942335
0.0040230996
0.0040214403
0.0040197828
0.0040181267
0.0040164717
0.0040148168
0.0040131634
0.0040115051
0.0040098481
0.0040081926
0.0040065376
0.0040048832
0.0040032295
0.0040015762
0.0039999231
0.00399827
0.0039966169
0.0039949638
0.0039933109
0.003991658
0.0039900053
0.0039883527
0.0039867002
0.0039850478
0.0039833955
0.0039817433
0.003980091
0.0039784388
0.0039767865
0.0039751343
0.0039734819
0.0039718295
0.0039701771
0.0039685245
0.0039668718
0.003965219
0.003963566
0.0039619129
0.0039602595
0.003958606
0.0039569522
0.0039552981
0.0039536437
0.003951989
0.003950334
0.0039486787
0.003947023
0.0039453669
0.0039437104
0.0039420534
0.003940396
0.003938738
0.0039370796
0.0039354207
0.0039337611
0.003932101
0.0039304403
0.003928779
0.003927117
0.0039254543
0.0039237908
0.0039221267
0.0039204618
0.003918796
0.0039171295
0.0039154621
0.0039137938
0.0039121245
0.0039104544
0.0039087832
0.0039071111
0.0039054379
0.0039037636
0.0039020882
0.0039004117
0.003898734
0.003897055
0.0038953748
0.0038936934
0.0038920106
0.0038903264
0.0038886408
0.0038869537
0.0038852652
0.0038835752
0.0038818835
0.0038801903
0.0038784954
0.0038767987
0.0038751004
0.0038734002
0.0038716981
0.0038699942
0.0038682883
0.0038665804
0.0038648705
0.0038631584
0.0038614442
0.0038597277
0.003858009
0.003856288
0.0038545645
0.0038528386
0.0038511101
0.0038493791
0.0038476455
0.0038459091
0.00384417
0.003842428
0.0038406829
0.0038389347
0.0038371834
0.0038354291
0.0038336717
0.0038319112
0.0038301473
0.0038283801
0.0038266092
0.0038248346
0.0038230563
0.0038212741
0.003819488
0.0038176978
0.0038159036
0.0038141052
0.0038123025
0.0038104954
0.0038086839
0.0038068677
0.0038050471
0.00380322
0.0038013971
0.0037995084
0.0037976636
0.0037958293
0.0037939901
0.0037921433
0.0037902878
0.003788423
0.0037865539
0.0037846612
0.0040143151
0.0040126482
0.0040109831
0.0040093193
0.0040076565
0.0040059939
0.0040043327
0.0040026669
0.004001002
0.0039993384
0.0039976755
0.0039960132
0.0039943514
0.00399269
0.0039910288
0.0039893676
0.0039877063
0.003986045
0.0039843838
0.0039827226
0.0039810616
0.0039794006
0.0039777396
0.0039760788
0.0039744179
0.0039727571
0.0039710962
0.0039694353
0.0039677743
0.0039661133
0.0039644521
0.0039627909
0.0039611295
0.003959468
0.0039578063
0.0039561445
0.0039544824
0.0039528201
0.0039511576
0.0039494948
0.0039478317
0.0039461683
0.0039445045
0.0039428405
0.003941176
0.0039395111
0.0039378459
0.0039361801
0.003934514
0.0039328473
0.0039311801
0.0039295124
0.0039278441
0.0039261753
0.0039245058
0.0039228357
0.003921165
0.0039194935
0.0039178214
0.0039161485
0.0039144749
0.0039128004
0.0039111252
0.0039094491
0.0039077721
0.0039060942
0.0039044154
0.0039027356
0.0039010548
0.003899373
0.0038976902
0.0038960062
0.0038943211
0.0038926349
0.0038909474
0.0038892588
0.0038875688
0.0038858776
0.003884185
0.0038824911
0.0038807957
0.0038790989
0.0038774006
0.0038757007
0.0038739993
0.0038722962
0.0038705915
0.0038688851
0.0038671769
0.003865467
0.0038637551
0.0038620414
0.0038603257
0.003858608
0.0038568883
0.0038551665
0.0038534425
0.0038517163
0.0038499879
0.0038482571
0.003846524
0.0038447883
0.0038430502
0.0038413096
0.0038395663
0.0038378203
0.0038360716
0.0038343201
0.0038325656
0.0038308081
0.0038290474
0.0038272836
0.0038255166
0.0038237465
0.0038219733
0.0038201967
0.0038184167
0.003816633
0.0038148456
0.0038130543
0.0038112592
0.0038094601
0.003807657
0.0038058497
0.0038040382
0.0038022223
0.0038004021
0.0037985773
0.0037967479
0.003794914
0.0037930736
0.0037912375
0.0037893363
0.0037874761
0.0037856281
0.0037837756
0.0037819154
0.0037800466
0.0037781682
0.0037762857
0.003774378
0.0040048169
0.0040031429
0.0040014704
0.0039997992
0.003998129
0.0039964589
0.0039947901
0.0039931171
0.0039914446
0.0039897734
0.0039881028
0.0039864327
0.0039847632
0.003983094
0.003981425
0.0039797559
0.0039780867
0.0039764175
0.0039747483
0.0039730791
0.0039714099
0.0039697408
0.0039680717
0.0039664026
0.0039647335
0.0039630643
0.0039613951
0.0039597258
0.0039580563
0.0039563868
0.0039547171
0.0039530473
0.0039513772
0.003949707
0.0039480366
0.003946366
0.0039446951
0.0039430239
0.0039413524
0.0039396806
0.0039380085
0.003936336
0.0039346631
0.0039329899
0.0039313162
0.0039296421
0.0039279675
0.0039262924
0.0039246168
0.0039229406
0.0039212639
0.0039195867
0.0039179088
0.0039162302
0.0039145511
0.0039128712
0.0039111906
0.0039095093
0.0039078273
0.0039061444
0.0039044608
0.0039027763
0.0039010909
0.0038994046
0.0038977174
0.0038960293
0.0038943402
0.00389265
0.0038909588
0.0038892666
0.0038875732
0.0038858787
0.003884183
0.0038824861
0.003880788
0.0038790885
0.0038773878
0.0038756857
0.0038739822
0.0038722774
0.003870571
0.0038688631
0.0038671537
0.0038654427
0.0038637301
0.0038620158
0.0038602998
0.003858582
0.0038568625
0.003855141
0.0038534177
0.0038516925
0.0038499652
0.0038482359
0.0038465045
0.003844771
0.0038430352
0.0038412972
0.0038395569
0.0038378143
0.0038360692
0.0038343216
0.0038325714
0.0038308187
0.0038290633
0.0038273051
0.0038255442
0.0038237804
0.0038220136
0.0038202437
0.0038184707
0.0038166944
0.0038149149
0.0038131323
0.0038113465
0.0038095573
0.0038077646
0.0038059682
0.0038041681
0.0038023641
0.0038005561
0.0037987442
0.0037969281
0.0037951079
0.0037932834
0.0037914545
0.0037896212
0.0037877834
0.0037859408
0.0037840937
0.00378224
0.0037803907
0.0037784776
0.0037766021
0.0037747402
0.0037728744
0.003771001
0.0037691188
0.003767227
0.0037653311
0.0037634089
0.003994628
0.0039929471
0.0039912676
0.0039895894
0.003987912
0.0039862347
0.0039845588
0.0039828789
0.0039811991
0.0039795205
0.0039778425
0.0039761649
0.0039744879
0.0039728112
0.0039711346
0.003969458
0.0039677812
0.0039661044
0.0039644275
0.0039627505
0.0039610735
0.0039593965
0.0039577195
0.0039560425
0.0039543654
0.0039526882
0.0039510108
0.0039493334
0.0039476558
0.003945978
0.0039443
0.0039426218
0.0039409434
0.0039392648
0.0039375859
0.0039359067
0.0039342272
0.0039325474
0.0039308673
0.0039291867
0.0039275058
0.0039258245
0.0039241428
0.0039224606
0.0039207779
0.0039190948
0.0039174111
0.0039157269
0.0039140421
0.0039123568
0.0039106708
0.0039089842
0.0039072969
0.003905609
0.0039039203
0.0039022309
0.0039005407
0.0038988498
0.0038971581
0.0038954655
0.0038937721
0.0038920777
0.0038903825
0.0038886863
0.0038869891
0.0038852909
0.0038835917
0.0038818914
0.00388019
0.0038784875
0.0038767838
0.003875079
0.0038733729
0.0038716655
0.0038699569
0.0038682469
0.0038665356
0.0038648228
0.0038631086
0.003861393
0.0038596758
0.0038579571
0.0038562368
0.0038545148
0.0038527912
0.0038510658
0.0038493387
0.0038476098
0.003845879
0.0038441464
0.0038424117
0.0038406751
0.0038389365
0.0038371957
0.0038354528
0.0038337077
0.0038319604
0.0038302108
0.0038284588
0.0038267043
0.0038249474
0.003823188
0.003821426
0.0038196613
0.0038178939
0.0038161237
0.0038143508
0.0038125749
0.0038107959
0.0038090138
0.0038072285
0.0038054399
0.0038036481
0.0038018531
0.0038000548
0.0037982531
0.0037964479
0.003794639
0.0037928262
0.0037910095
0.0037891889
0.0037873642
0.0037855353
0.0037837023
0.0037818649
0.0037800231
0.0037781769
0.003776326
0.0037744703
0.0037726102
0.0037707433
0.003768881
0.0037669562
0.0037650656
0.0037631897
0.0037613107
0.003759424
0.0037575285
0.0037556234
0.0037537143
0.003751778
0.0039837704
0.003982083
0.003980397
0.003978712
0.0039770278
0.0039753437
0.0039736608
0.0039719743
0.0039702876
0.0039686018
0.0039669167
0.0039652321
0.0039635479
0.0039618639
0.0039601801
0.0039584962
0.0039568121
0.0039551279
0.0039534436
0.0039517591
0.0039500747
0.0039483901
0.0039467055
0.0039450208
0.0039433359
0.003941651
0.0039399658
0.0039382805
0.003936595
0.0039349093
0.0039332233
0.003931537
0.0039298505
0.0039281637
0.0039264766
0.0039247892
0.0039231014
0.0039214132
0.0039197247
0.0039180357
0.0039163463
0.0039146564
0.0039129661
0.0039112752
0.0039095838
0.0039078919
0.0039061994
0.0039045064
0.0039028127
0.0039011183
0.0038994233
0.0038977276
0.0038960312
0.0038943341
0.0038926362
0.0038909375
0.003889238
0.0038875377
0.0038858365
0.0038841345
0.0038824315
0.0038807275
0.0038790226
0.0038773167
0.0038756098
0.0038739018
0.0038721927
0.0038704825
0.0038687711
0.0038670586
0.0038653448
0.0038636298
0.0038619136
0.003860196
0.003858477
0.0038567567
0.003855035
0.0038533118
0.0038515871
0.0038498609
0.0038481332
0.0038464038
0.0038446728
0.00384294
0.0038412056
0.0038394694
0.0038377314
0.0038359915
0.0038342497
0.003832506
0.0038307602
0.0038290124
0.0038272625
0.0038255105
0.0038237563
0.0038219998
0.0038202411
0.00381848
0.0038167164
0.0038149505
0.0038131819
0.0038114108
0.0038096371
0.0038078606
0.0038060814
0.0038042994
0.0038025145
0.0038007266
0.0037989357
0.0037971415
0.0037953441
0.0037935433
0.0037917393
0.0037899321
0.0037881215
0.0037863074
0.0037844898
0.0037826684
0.0037808432
0.003779014
0.0037771808
0.0037753435
0.003773502
0.0037716562
0.0037698061
0.0037679515
0.0037660924
0.0037642286
0.00376236
0.0037604869
0.003758607
0.0037567316
0.0037547955
0.0037528901
0.0037510001
0.0037491078
0.003747208
0.0037452994
0.0037433811
0.0037414587
0.0037395088
0.0039722658
0.0039705723
0.00396888
0.0039671886
0.0039654979
0.0039638073
0.0039621177
0.0039604249
0.0039587316
0.0039570391
0.0039553472
0.0039536557
0.0039519646
0.0039502738
0.003948583
0.0039468921
0.003945201
0.0039435098
0.0039418183
0.0039401267
0.003938435
0.0039367432
0.0039350513
0.0039333592
0.0039316669
0.0039299745
0.0039282819
0.003926589
0.0039248958
0.0039232024
0.0039215087
0.0039198147
0.0039181204
0.0039164257
0.0039147307
0.0039130353
0.0039113395
0.0039096432
0.0039079465
0.0039062494
0.0039045517
0.0039028536
0.0039011549
0.0038994557
0.0038977558
0.0038960554
0.0038943544
0.0038926527
0.0038909503
0.0038892473
0.0038875435
0.003885839
0.0038841338
0.0038824277
0.0038807208
0.0038790131
0.0038773045
0.0038755951
0.0038738847
0.0038721734
0.0038704611
0.0038687478
0.0038670335
0.0038653181
0.0038636016
0.0038618841
0.0038601653
0.0038584455
0.0038567244
0.003855002
0.0038532785
0.0038515536
0.0038498273
0.0038480997
0.0038463707
0.0038446403
0.0038429084
0.003841175
0.00383944
0.0038377035
0.0038359653
0.0038342255
0.003832484
0.0038307407
0.0038289957
0.0038272488
0.0038255001
0.0038237494
0.0038219968
0.0038202422
0.0038184855
0.0038167268
0.0038149659
0.0038132027
0.0038114374
0.0038096697
0.0038078997
0.0038061273
0.0038043525
0.0038025751
0.0038007951
0.0037990125
0.0037972272
0.0037954392
0.0037936483
0.0037918546
0.0037900579
0.0037882582
0.0037864554
0.0037846494
0.00378284
0.0037810273
0.0037792112
0.0037773918
0.0037755691
0.0037737429
0.003771913
0.0037700793
0.0037682417
0.0037664002
0.0037645545
0.0037627047
0.0037608507
0.0037589923
0.0037571296
0.0037552624
0.0037533905
0.003751514
0.0037496326
0.0037477466
0.0037458538
0.0037439655
0.0037420183
0.0037400982
0.0037381942
0.0037362886
0.0037343757
0.0037324541
0.0037305227
0.0037285873
0.0037266241
0.003960135
0.0039584357
0.0039567374
0.00395504
0.0039533432
0.0039516463
0.0039499505
0.0039482516
0.0039465521
0.0039448532
0.0039431548
0.0039414568
0.0039397592
0.0039380617
0.0039363643
0.0039346667
0.003932969
0.0039312709
0.0039295727
0.0039278743
0.0039261757
0.0039244769
0.0039227779
0.0039210788
0.0039193794
0.0039176798
0.00391598
0.0039142798
0.0039125794
0.0039108786
0.0039091775
0.003907476
0.0039057742
0.0039040719
0.0039023692
0.0039006662
0.0038989626
0.0038972586
0.0038955541
0.003893849
0.0038921434
0.0038904373
0.0038887305
0.0038870232
0.0038853152
0.0038836065
0.0038818972
0.0038801872
0.0038784765
0.003876765
0.0038750528
0.0038733397
0.0038716258
0.0038699111
0.0038681955
0.0038664791
0.0038647617
0.0038630433
0.003861324
0.0038596037
0.0038578824
0.00385616
0.0038544365
0.0038527119
0.0038509862
0.0038492593
0.0038475312
0.0038458019
0.0038440713
0.0038423394
0.0038406062
0.0038388716
0.0038371357
0.0038353983
0.0038336595
0.0038319192
0.0038301773
0.0038284339
0.0038266889
0.0038249423
0.0038231939
0.0038214439
0.0038196921
0.0038179385
0.0038161831
0.0038144258
0.0038126665
0.0038109053
0.0038091421
0.0038073768
0.0038056094
0.0038038399
0.0038020682
0.0038002942
0.0037985179
0.0037967392
0.0037949582
0.0037931747
0.0037913887
0.0037896001
0.0037878089
0.0037860149
0.0037842183
0.0037824188
0.0037806165
0.0037788112
0.003777003
0.0037751917
0.0037733772
0.0037715594
0.0037697383
0.0037679137
0.0037660857
0.0037642544
0.0037624197
0.0037605814
0.0037587394
0.0037568936
0.0037550438
0.00375319
0.0037513321
0.00374947
0.0037476036
0.0037457328
0.0037438576
0.0037419778
0.0037400934
0.0037382042
0.0037363102
0.0037344115
0.0037325059
0.0037306047
0.0037286467
0.0037267122
0.0037247941
0.0037228754
0.0037209495
0.003719015
0.0037170706
0.0037151221
0.003713146
0.0039473981
0.0039456934
0.0039439896
0.0039422865
0.0039405839
0.0039388812
0.0039371793
0.0039354748
0.0039337694
0.0039320644
0.0039303599
0.0039286557
0.0039269518
0.0039252481
0.0039235443
0.0039218404
0.0039201363
0.0039184318
0.0039167271
0.0039150222
0.003913317
0.0039116116
0.0039099059
0.0039082
0.0039064939
0.0039047874
0.0039030807
0.0039013736
0.0038996661
0.0038979583
0.00389625
0.0038945414
0.0038928323
0.0038911228
0.0038894128
0.0038877024
0.0038859914
0.0038842799
0.0038825678
0.0038808552
0.0038791419
0.003877428
0.0038757135
0.0038739984
0.0038722825
0.0038705659
0.0038688487
0.0038671306
0.0038654118
0.0038636921
0.0038619717
0.0038602504
0.0038585282
0.0038568051
0.0038550811
0.0038533561
0.0038516302
0.0038499032
0.0038481752
0.0038464462
0.0038447161
0.0038429849
0.0038412525
0.003839519
0.0038377842
0.0038360483
0.003834311
0.0038325725
0.0038308327
0.0038290916
0.003827349
0.003825605
0.0038238596
0.0038221127
0.0038203643
0.0038186144
0.0038168628
0.0038151096
0.0038133548
0.0038115983
0.00380984
0.00380808
0.0038063182
0.0038045545
0.0038027889
0.0038010213
0.0037992518
0.0037974803
0.0037957067
0.003793931
0.0037921531
0.003790373
0.0037885906
0.003786806
0.0037850189
0.0037832295
0.0037814376
0.0037796432
0.0037778463
0.0037760467
0.0037742444
0.0037724393
0.0037706315
0.0037688208
0.0037670072
0.0037651906
0.0037633709
0.0037615482
0.0037597222
0.0037578929
0.0037560602
0.0037542239
0.0037523843
0.0037505412
0.0037486946
0.0037468444
0.0037449905
0.0037431327
0.0037412709
0.0037394051
0.003737535
0.0037356607
0.0037337821
0.003731899
0.0037300115
0.0037281193
0.0037262225
0.0037243208
0.0037224143
0.003720503
0.0037185848
0.0037166708
0.0037147022
0.0037127536
0.0037108215
0.0037088896
0.0037069509
0.0037050035
0.0037030463
0.0037010849
0.0036990962
0.0039340749
0.0039323651
0.0039306561
0.0039289477
0.0039272396
0.0039255313
0.0039238239
0.003922114
0.0039204031
0.0039186924
0.0039169821
0.003915272
0.0039135622
0.0039118525
0.0039101428
0.0039084329
0.0039067227
0.0039050122
0.0039033013
0.0039015902
0.0038998787
0.003898167
0.003896455
0.0038947427
0.0038930301
0.0038913171
0.0038896038
0.0038878901
0.0038861759
0.0038844613
0.0038827463
0.0038810308
0.0038793149
0.0038775984
0.0038758814
0.0038741638
0.0038724457
0.0038707271
0.0038690078
0.0038672878
0.0038655672
0.003863846
0.003862124
0.0038604013
0.0038586779
0.0038569537
0.0038552287
0.0038535029
0.0038517763
0.0038500488
0.0038483204
0.0038465912
0.0038448609
0.0038431298
0.0038413976
0.0038396644
0.0038379302
0.003836195
0.0038344586
0.0038327211
0.0038309825
0.0038292427
0.0038275017
0.0038257595
0.0038240161
0.0038222713
0.0038205252
0.0038187778
0.003817029
0.0038152788
0.0038135272
0.0038117741
0.0038100195
0.0038082633
0.0038065055
0.0038047462
0.0038029852
0.0038012225
0.0037994581
0.003797692
0.0037959241
0.0037941543
0.0037923826
0.0037906091
0.0037888335
0.003787056
0.0037852765
0.0037834948
0.0037817111
0.0037799251
0.003778137
0.0037763466
0.0037745538
0.0037727587
0.0037709612
0.0037691612
0.0037673586
0.0037655536
0.0037637458
0.0037619355
0.0037601223
0.0037583064
0.0037564875
0.0037546658
0.0037528411
0.0037510134
0.0037491825
0.0037473485
0.0037455113
0.0037436706
0.0037418264
0.0037399787
0.0037381275
0.0037362728
0.0037344146
0.0037325527
0.0037306871
0.0037288175
0.0037269439
0.0037250661
0.0037231841
0.0037212978
0.0037194071
0.0037175119
0.0037156122
0.0037137078
0.0037117987
0.0037098847
0.0037079657
0.003706042
0.0037041114
0.0037021847
0.0037002057
0.0036982433
0.0036962974
0.0036943523
0.0036924008
0.0036904408
0.0036884708
0.0036864966
0.0036844955
0.0039201844
0.0039184698
0.003916756
0.0039150425
0.0039133293
0.003911616
0.0039099032
0.0039081883
0.0039064722
0.0039047562
0.0039030404
0.0039013249
0.0038996095
0.0038978943
0.0038961789
0.0038944634
0.0038927474
0.0038910312
0.0038893145
0.0038875975
0.0038858801
0.0038841625
0.0038824444
0.0038807261
0.0038790073
0.0038772882
0.0038755686
0.0038738485
0.0038721281
0.0038704071
0.0038686856
0.0038669636
0.003865241
0.0038635179
0.0038617943
0.00386007
0.0038583451
0.0038566195
0.0038548933
0.0038531664
0.0038514388
0.0038497104
0.0038479813
0.0038462515
0.0038445208
0.0038427893
0.0038410569
0.0038393237
0.0038375896
0.0038358545
0.0038341186
0.0038323816
0.0038306436
0.0038289047
0.0038271647
0.0038254236
0.0038236814
0.0038219381
0.0038201937
0.0038184481
0.0038167013
0.0038149532
0.0038132039
0.0038114533
0.0038097014
0.0038079481
0.0038061934
0.0038044374
0.0038026799
0.003800921
0.0037991605
0.0037973985
0.0037956349
0.0037938698
0.003792103
0.0037903345
0.0037885643
0.0037867924
0.0037850187
0.0037832432
0.0037814658
0.0037796866
0.0037779054
0.0037761222
0.003774337
0.0037725497
0.0037707604
0.0037689689
0.0037671752
0.0037653793
0.0037635811
0.0037617806
0.0037599777
0.0037581723
0.0037563645
0.0037545542
0.0037527413
0.0037509257
0.0037491075
0.0037472865
0.0037454627
0.0037436361
0.0037418065
0.003739974
0.0037381384
0.0037362997
0.0037344579
0.0037326129
0.0037307645
0.0037289127
0.0037270573
0.0037251983
0.0037233358
0.0037214697
0.0037196
0.0037177266
0.0037158494
0.0037139682
0.0037120829
0.0037101934
0.0037082996
0.0037064014
0.0037044988
0.0037025917
0.00370068
0.0036987636
0.0036968423
0.0036949162
0.003692985
0.0036910491
0.0036891061
0.0036871669
0.0036851776
0.0036832018
0.0036812421
0.0036792839
0.0036773197
0.0036753472
0.0036733646
0.0036713778
0.0036693646
0.0039057449
0.0039040259
0.0039023076
0.0039005895
0.0038988716
0.0038971534
0.0038954358
0.0038937162
0.0038919953
0.0038902743
0.0038885535
0.0038868329
0.0038851123
0.0038833918
0.0038816712
0.0038799503
0.003878229
0.0038765074
0.0038747853
0.0038730628
0.0038713398
0.0038696165
0.0038678929
0.0038661687
0.0038644442
0.0038627192
0.0038609937
0.0038592678
0.0038575413
0.0038558142
0.0038540866
0.0038523584
0.0038506297
0.0038489003
0.0038471702
0.0038454395
0.0038437082
0.0038419761
0.0038402433
0.0038385098
0.0038367755
0.0038350403
0.0038333044
0.0038315677
0.00382983
0.0038280915
0.0038263521
0.0038246118
0.0038228705
0.0038211282
0.003819385
0.0038176407
0.0038158953
0.0038141488
0.0038124013
0.0038106526
0.0038089028
0.0038071518
0.0038053996
0.0038036461
0.0038018914
0.0038001353
0.003798378
0.0037966193
0.0037948592
0.0037930977
0.0037913348
0.0037895704
0.0037878045
0.0037860371
0.0037842681
0.0037824975
0.0037807253
0.0037789514
0.0037771758
0.0037753985
0.0037736194
0.0037718385
0.0037700558
0.0037682712
0.0037664847
0.0037646962
0.0037629057
0.0037611131
0.0037593185
0.0037575218
0.0037557229
0.0037539218
0.0037521185
0.0037503128
0.0037485049
0.0037466945
0.0037448816
0.0037430663
0.0037412485
0.0037394281
0.003737605
0.0037357792
0.0037339507
0.0037321194
0.0037302852
0.0037284481
0.003726608
0.0037247648
0.0037229186
0.0037210692
0.0037192166
0.0037173607
0.0037155015
0.0037136387
0.0037117723
0.0037099023
0.0037080286
0.0037061513
0.0037042704
0.0037023857
0.0037004971
0.0036986044
0.0036967077
0.0036948066
0.0036929012
0.0036909915
0.0036890772
0.0036871583
0.0036852347
0.0036833064
0.0036813733
0.0036794352
0.0036774919
0.0036755439
0.0036735887
0.0036716372
0.0036696378
0.0036676488
0.0036656755
0.0036637043
0.0036617276
0.0036597426
0.0036577477
0.0036557483
0.0036537232
0.0038907744
0.0038890513
0.0038873289
0.0038856065
0.0038838843
0.0038821617
0.0038804395
0.0038787156
0.0038769903
0.0038752648
0.0038735393
0.0038718139
0.0038700885
0.0038683631
0.0038666376
0.0038649118
0.0038631855
0.0038614588
0.0038597317
0.003858004
0.0038562759
0.0038545474
0.0038528183
0.0038510889
0.0038493589
0.0038476284
0.0038458974
0.0038441658
0.0038424337
0.0038407009
0.0038389676
0.0038372336
0.0038354989
0.0038337636
0.0038320275
0.0038302908
0.0038285533
0.003826815
0.003825076
0.0038233362
0.0038215955
0.003819854
0.0038181116
0.0038163683
0.0038146241
0.0038128789
0.0038111328
0.0038093857
0.0038076375
0.0038058883
0.0038041381
0.0038023868
0.0038006343
0.0037988807
0.0037971259
0.00379537
0.0037936128
0.0037918544
0.0037900947
0.0037883337
0.0037865714
0.0037848077
0.0037830426
0.0037812761
0.0037795082
0.0037777388
0.0037759679
0.0037741955
0.0037724215
0.0037706459
0.0037688687
0.0037670898
0.0037653092
0.0037635269
0.0037617428
0.0037599569
0.0037581692
0.0037563796
0.0037545881
0.0037527947
0.0037509993
0.0037492019
0.0037474024
0.0037456007
0.003743797
0.0037419911
0.0037401829
0.0037383725
0.0037365597
0.0037347446
0.0037329271
0.0037311071
0.0037292847
0.0037274596
0.003725632
0.0037238017
0.0037219687
0.003720133
0.0037182944
0.003716453
0.0037146086
0.0037127613
0.0037109109
0.0037090574
0.0037072007
0.0037053408
0.0037034777
0.0037016112
0.0036997413
0.0036978678
0.0036959906
0.0036941098
0.0036922252
0.0036903369
0.0036884449
0.0036865491
0.0036846493
0.0036827455
0.0036808374
0.0036789251
0.0036770083
0.0036750871
0.0036731613
0.0036712308
0.0036692957
0.0036673557
0.0036654108
0.0036634609
0.0036615058
0.0036595458
0.0036575787
0.0036556149
0.0036536055
0.0036516038
0.003649617
0.003647633
0.0036456438
0.0036436466
0.0036416393
0.0036396276
0.0036375908
0.0038752903
0.0038735634
0.0038718371
0.0038701109
0.0038683847
0.0038666581
0.0038649318
0.0038632039
0.0038614746
0.0038597449
0.0038580152
0.0038562854
0.0038545556
0.0038528257
0.0038510957
0.0038493653
0.0038476344
0.0038459031
0.0038441712
0.0038424388
0.0038407059
0.0038389724
0.0038372385
0.003835504
0.003833769
0.0038320334
0.0038302972
0.0038285604
0.003826823
0.0038250849
0.0038233461
0.0038216066
0.0038198664
0.0038181255
0.0038163838
0.0038146414
0.0038128981
0.0038111541
0.0038094092
0.0038076634
0.0038059167
0.0038041691
0.0038024206
0.0038006711
0.0037989206
0.0037971691
0.0037954166
0.0037936631
0.0037919084
0.0037901527
0.0037883958
0.0037866378
0.0037848786
0.0037831182
0.0037813565
0.0037795936
0.0037778294
0.0037760639
0.0037742971
0.0037725289
0.0037707593
0.0037689883
0.0037672158
0.0037654419
0.0037636664
0.0037618894
0.0037601108
0.0037583307
0.0037565489
0.0037547654
0.0037529803
0.0037511934
0.0037494048
0.0037476143
0.003745822
0.0037440279
0.0037422319
0.0037404339
0.0037386339
0.003736832
0.003735028
0.0037332219
0.0037314137
0.0037296033
0.0037277907
0.0037259758
0.0037241586
0.0037223392
0.0037205173
0.003718693
0.0037168662
0.0037150369
0.003713205
0.0037113706
0.0037095334
0.0037076935
0.0037058509
0.0037040054
0.0037021571
0.0037003058
0.0036984515
0.0036965942
0.0036947337
0.0036928701
0.0036910033
0.0036891332
0.0036872598
0.0036853829
0.0036835026
0.0036816186
0.0036797308
0.0036778394
0.0036759441
0.003674045
0.0036721422
0.0036702355
0.0036683248
0.00366641
0.0036644909
0.0036625674
0.0036606394
0.003658707
0.0036567699
0.0036548281
0.0036528815
0.00365093
0.0036489735
0.003647012
0.0036450453
0.0036430736
0.0036410947
0.0036391189
0.0036370997
0.0036350855
0.0036330855
0.0036310887
0.0036290872
0.0036270778
0.0036250585
0.0036230345
0.0036209863
0.0038593093
0.003857579
0.0038558493
0.0038541195
0.0038523897
0.0038506596
0.0038489295
0.003847198
0.0038454651
0.0038437317
0.003841998
0.0038402643
0.0038385305
0.0038367965
0.0038350623
0.0038333277
0.0038315927
0.0038298571
0.0038281208
0.0038263841
0.0038246467
0.0038229088
0.0038211703
0.0038194312
0.0038176915
0.0038159512
0.0038142102
0.0038124686
0.0038107262
0.0038089831
0.0038072393
0.0038054948
0.0038037494
0.0038020033
0.0038002564
0.0037985086
0.0037967599
0.0037950104
0.00379326
0.0037915086
0.0037897563
0.003788003
0.0037862487
0.0037844934
0.003782737
0.0037809796
0.0037792211
0.0037774614
0.0037757006
0.0037739387
0.0037721755
0.0037704111
0.0037686455
0.0037668786
0.0037651104
0.0037633409
0.0037615701
0.0037597979
0.0037580242
0.0037562492
0.0037544726
0.0037526946
0.0037509151
0.003749134
0.0037473513
0.003745567
0.0037437811
0.0037419936
0.0037402043
0.0037384133
0.0037366206
0.003734826
0.0037330296
0.0037312314
0.0037294312
0.0037276291
0.0037258251
0.003724019
0.0037222109
0.0037204007
0.0037185884
0.003716774
0.0037149573
0.0037131384
0.0037113173
0.0037094938
0.0037076679
0.0037058397
0.003704009
0.0037021758
0.00370034
0.0036985017
0.0036966607
0.003694817
0.0036929706
0.0036911214
0.0036892694
0.0036874145
0.0036855566
0.0036836958
0.0036818318
0.0036799648
0.0036780946
0.0036762211
0.0036743444
0.0036724643
0.0036705808
0.0036686938
0.0036668033
0.003664909
0.003663011
0.0036611091
0.0036592034
0.0036572939
0.0036553804
0.0036534631
0.0036515417
0.0036496161
0.0036476861
0.0036457517
0.0036438128
0.0036418693
0.0036399212
0.0036379682
0.0036360104
0.0036340477
0.0036320799
0.003630107
0.0036281288
0.0036261455
0.0036241551
0.0036221674
0.0036201385
0.0036181122
0.0036160992
0.0036140898
0.0036120762
0.0036100548
0.0036080236
0.0036059876
0.0036039281
0.0038428477
0.0038411143
0.0038393815
0.0038376486
0.0038359157
0.0038341823
0.0038324489
0.0038307142
0.0038289781
0.0038272413
0.0038255042
0.003823767
0.0038220295
0.0038202919
0.003818554
0.0038168156
0.0038150767
0.0038133372
0.0038115971
0.0038098563
0.0038081149
0.0038063729
0.0038046303
0.003802887
0.003801143
0.0037993983
0.003797653
0.0037959069
0.00379416
0.0037924123
0.0037906639
0.0037889146
0.0037871645
0.0037854136
0.0037836617
0.003781909
0.0037801553
0.0037784007
0.0037766452
0.0037748886
0.003773131
0.0037713724
0.0037696127
0.0037678519
0.00376609
0.003764327
0.0037625628
0.0037607975
0.0037590309
0.0037572631
0.003755494
0.0037537237
0.003751952
0.003750179
0.0037484046
0.0037466289
0.0037448517
0.0037430731
0.003741293
0.0037395114
0.0037377283
0.0037359436
0.0037341574
0.0037323695
0.00373058
0.0037287888
0.0037269959
0.0037252012
0.0037234048
0.0037216066
0.0037198066
0.0037180047
0.0037162009
0.0037143951
0.0037125874
0.0037107777
0.003708966
0.0037071522
0.0037053362
0.0037035182
0.0037016979
0.0036998754
0.0036980506
0.0036962235
0.0036943941
0.0036925623
0.003690728
0.0036888913
0.0036870521
0.0036852103
0.0036833659
0.0036815188
0.003679669
0.0036778164
0.0036759611
0.0036741028
0.0036722417
0.0036703776
0.0036685105
0.0036666404
0.0036647671
0.0036628906
0.0036610108
0.0036591278
0.0036572414
0.0036553516
0.0036534583
0.0036515615
0.003649661
0.0036477568
0.0036458487
0.0036439367
0.0036420208
0.003640101
0.0036381772
0.0036362495
0.0036343176
0.0036323814
0.0036304409
0.0036284959
0.0036265462
0.003624592
0.0036226329
0.0036206691
0.0036187003
0.0036167265
0.0036147476
0.0036127635
0.003610774
0.0036087795
0.0036067777
0.0036047784
0.00360274
0.0036007019
0.0035986761
0.0035966543
0.0035946286
0.0035925955
0.0035905526
0.0035885046
0.0035864341
0.0038259213
0.0038241852
0.0038224496
0.003820714
0.0038189783
0.0038172421
0.0038155059
0.0038137684
0.0038120295
0.0038102898
0.0038085497
0.0038068093
0.0038050687
0.0038033278
0.0038015865
0.0037998448
0.0037981025
0.0037963596
0.0037946159
0.0037928716
0.0037911266
0.0037893809
0.0037876345
0.0037858874
0.0037841395
0.0037823909
0.0037806416
0.0037788914
0.0037771404
0.0037753886
0.0037736359
0.0037718823
0.0037701278
0.0037683725
0.0037666161
0.0037648588
0.0037631006
0.0037613413
0.0037595809
0.0037578196
0.0037560571
0.0037542935
0.0037525288
0.003750763
0.0037489959
0.0037472277
0.0037454583
0.0037436876
0.0037419156
0.0037401423
0.0037383677
0.0037365918
0.0037348144
0.0037330357
0.0037312555
0.0037294738
0.0037276907
0.0037259061
0.0037241199
0.0037223322
0.0037205428
0.0037187519
0.0037169592
0.0037151649
0.0037133689
0.0037115711
0.0037097716
0.0037079702
0.003706167
0.003704362
0.003702555
0.0037007461
0.0036989352
0.0036971223
0.0036953074
0.0036934904
0.0036916713
0.0036898501
0.0036880266
0.003686201
0.0036843731
0.0036825429
0.0036807103
0.0036788754
0.003677038
0.0036751982
0.0036733558
0.003671511
0.0036696635
0.0036678134
0.0036659606
0.0036641051
0.0036622468
0.0036603856
0.0036585216
0.0036566547
0.0036547848
0.0036529118
0.0036510358
0.0036491566
0.0036472742
0.0036453885
0.0036434996
0.0036416072
0.0036397115
0.0036378122
0.0036359094
0.003634003
0.0036320929
0.003630179
0.0036282611
0.0036263393
0.0036244134
0.0036224836
0.0036205497
0.0036186118
0.0036166697
0.0036147233
0.0036127724
0.003610817
0.0036088569
0.0036068921
0.0036049224
0.0036029479
0.0036009683
0.0035989837
0.003596994
0.0035949989
0.0035929985
0.0035909928
0.00358898
0.0035869691
0.0035849214
0.0035828719
0.0035808336
0.0035787995
0.003576762
0.0035747172
0.0035726628
0.0035706032
0.0035685218
0.0038085454
0.0038068068
0.0038050689
0.003803331
0.0038015929
0.0037998544
0.0037981157
0.0037963759
0.0037946346
0.0037928924
0.0037911497
0.0037894067
0.0037876633
0.0037859196
0.0037841754
0.0037824308
0.0037806855
0.0037789395
0.0037771928
0.0037754453
0.0037736971
0.0037719481
0.0037701984
0.0037684479
0.0037666966
0.0037649445
0.0037631916
0.0037614378
0.0037596831
0.0037579275
0.003756171
0.0037544135
0.0037526551
0.0037508957
0.0037491352
0.0037473738
0.0037456113
0.0037438477
0.0037420831
0.0037403173
0.0037385503
0.0037367822
0.0037350129
0.0037332424
0.0037314706
0.0037296976
0.0037279232
0.0037261476
0.0037243706
0.0037225922
0.0037208125
0.0037190313
0.0037172487
0.0037154645
0.0037136789
0.0037118918
0.0037101031
0.0037083128
0.003706521
0.0037047274
0.0037029323
0.0037011354
0.0036993367
0.0036975364
0.0036957342
0.0036939302
0.0036921244
0.0036903167
0.0036885071
0.0036866955
0.003684882
0.0036830664
0.0036812488
0.0036794291
0.0036776074
0.0036757834
0.0036739573
0.003672129
0.0036702984
0.0036684655
0.0036666303
0.0036647927
0.0036629527
0.0036611102
0.0036592652
0.0036574177
0.0036555677
0.003653715
0.0036518596
0.0036500015
0.0036481407
0.003646277
0.0036444105
0.0036425411
0.0036406688
0.0036387934
0.003636915
0.0036350335
0.0036331488
0.0036312609
0.0036293697
0.0036274752
0.0036255773
0.003623676
0.0036217711
0.0036198627
0.0036179507
0.003616035
0.0036141155
0.0036121922
0.0036102648
0.0036083334
0.0036063979
0.0036044583
0.0036025147
0.0036005669
0.0035986148
0.0035966584
0.0035946974
0.0035927318
0.0035907615
0.0035887864
0.0035868064
0.0035848215
0.0035828314
0.0035808363
0.0035788359
0.0035768301
0.0035748189
0.0035728024
0.0035707787
0.0035687566
0.0035666997
0.0035646392
0.0035625887
0.0035605425
0.0035584933
0.0035564371
0.0035543713
0.0035523003
0.0035502082
0.0037907345
0.003788994
0.0037872541
0.0037855143
0.0037837744
0.0037820339
0.0037802933
0.0037785515
0.0037768083
0.0037750641
0.0037733193
0.003771574
0.0037698283
0.0037680822
0.0037663356
0.0037645885
0.0037628407
0.0037610921
0.0037593427
0.0037575926
0.0037558416
0.0037540898
0.0037523371
0.0037505837
0.0037488294
0.0037470742
0.0037453181
0.0037435611
0.0037418031
0.0037400442
0.0037382842
0.0037365233
0.0037347614
0.0037329983
0.0037312343
0.0037294691
0.0037277028
0.0037259354
0.0037241668
0.003722397
0.003720626
0.0037188537
0.0037170802
0.0037153054
0.0037135293
0.0037117519
0.0037099731
0.0037081929
0.0037064113
0.0037046282
0.0037028437
0.0037010577
0.0036992702
0.0036974811
0.0036956905
0.0036938982
0.0036921044
0.0036903089
0.0036885117
0.0036867127
0.0036849121
0.0036831097
0.0036813054
0.0036794994
0.0036776914
0.0036758816
0.0036740699
0.0036722562
0.0036704405
0.0036686228
0.0036668031
0.0036649813
0.0036631573
0.0036613312
0.003659503
0.0036576724
0.0036558397
0.0036540046
0.0036521672
0.0036503275
0.0036484853
0.0036466407
0.0036447935
0.0036429439
0.0036410917
0.0036392369
0.0036373794
0.0036355192
0.0036336563
0.0036317906
0.003629922
0.0036280506
0.0036261762
0.0036242989
0.0036224185
0.0036205351
0.0036186485
0.0036167587
0.0036148657
0.0036129694
0.0036110698
0.0036091668
0.0036072602
0.0036053502
0.0036034366
0.0036015193
0.0035995984
0.0035976737
0.0035957451
0.0035938126
0.0035918761
0.0035899354
0.0035879905
0.0035860415
0.0035840883
0.0035821309
0.0035801692
0.003578203
0.0035762323
0.0035742568
0.0035722766
0.0035702914
0.0035683014
0.0035663062
0.003564306
0.0035623005
0.0035602897
0.0035582735
0.0035562518
0.0035542248
0.0035521904
0.0035501573
0.0035480914
0.0035460201
0.0035439578
0.0035418997
0.003539839
0.0035377716
0.0035356948
0.0035336124
0.0035315099
0.0037742453
0.003772503
0.003770761
0.0037690196
0.0037672784
0.003765537
0.0037637951
0.0037620529
0.0037603096
0.003758565
0.0037568193
0.0037550728
0.0037533257
0.0037515782
0.0037498302
0.0037480816
0.0037463324
0.0037445825
0.0037428318
0.0037410802
0.0037393278
0.0037375745
0.0037358203
0.0037340653
0.0037323093
0.0037305524
0.0037287946
0.0037270358
0.003725276
0.0037235152
0.0037217533
0.0037199905
0.0037182265
0.0037164614
0.0037146953
0.0037129279
0.0037111595
0.0037093898
0.0037076189
0.0037058468
0.0037040735
0.0037022988
0.0037005229
0.0036987456
0.003696967
0.0036951869
0.0036934055
0.0036916227
0.0036898384
0.0036880526
0.0036862653
0.0036844764
0.003682686
0.003680894
0.0036791004
0.0036773051
0.0036755082
0.0036737095
0.0036719092
0.003670107
0.0036683031
0.0036664974
0.0036646899
0.0036628804
0.0036610691
0.0036592558
0.0036574405
0.0036556233
0.003653804
0.0036519827
0.0036501592
0.0036483337
0.003646506
0.0036446761
0.0036428439
0.0036410095
0.0036391728
0.0036373338
0.0036354923
0.0036336485
0.0036318023
0.0036299535
0.0036281022
0.0036262484
0.0036243919
0.0036225328
0.003620671
0.0036188064
0.0036169391
0.003615069
0.003613196
0.0036113201
0.0036094412
0.0036075594
0.0036056744
0.0036037864
0.0036018952
0.0036000008
0.0035981031
0.0035962021
0.0035942978
0.00359239
0.0035904787
0.0035885639
0.0035866455
0.0035847234
0.0035827977
0.0035808681
0.0035789347
0.0035769974
0.0035750561
0.0035731106
0.003571161
0.003569207
0.0035672489
0.0035652865
0.0035633198
0.0035613487
0.0035593731
0.0035573928
0.0035554078
0.0035534179
0.003551423
0.0035494231
0.0035474181
0.0035454079
0.0035433924
0.0035413715
0.0035393452
0.0035373132
0.0035352758
0.0035332311
0.0035311872
0.0035291125
0.0035270309
0.003524957
0.0035228873
0.0035208153
0.0035187369
0.0035166492
0.0035145559
0.0035124431
0.0037556072
0.0037538645
0.0037521216
0.0037503792
0.0037486371
0.0037468947
0.0037451518
0.0037434085
0.0037416642
0.0037399186
0.0037381718
0.0037364241
0.0037346758
0.0037329269
0.0037311774
0.0037294274
0.0037276766
0.0037259251
0.0037241727
0.0037224194
0.0037206652
0.00371891
0.0037171539
0.0037153968
0.0037136388
0.0037118798
0.0037101198
0.0037083588
0.0037065967
0.0037048335
0.0037030692
0.0037013038
0.0036995373
0.0036977695
0.0036960007
0.0036942306
0.0036924592
0.0036906867
0.0036889128
0.0036871376
0.0036853612
0.0036835833
0.0036818041
0.0036800235
0.0036782414
0.0036764579
0.003674673
0.0036728865
0.0036710985
0.0036693089
0.0036675178
0.003665725
0.0036639306
0.0036621346
0.0036603368
0.0036585374
0.0036567362
0.0036549332
0.0036531284
0.0036513218
0.0036495133
0.0036477029
0.0036458906
0.0036440764
0.0036422601
0.0036404419
0.0036386216
0.0036367993
0.0036349748
0.0036331482
0.0036313194
0.0036294885
0.0036276553
0.0036258198
0.003623982
0.0036221418
0.0036202993
0.0036184544
0.003616607
0.0036147572
0.0036129048
0.0036110498
0.0036091922
0.003607332
0.0036054691
0.0036036035
0.0036017351
0.0035998639
0.0035979898
0.0035961128
0.0035942329
0.00359235
0.0035904641
0.003588575
0.0035866829
0.0035847875
0.0035828889
0.003580987
0.0035790818
0.0035771732
0.0035752611
0.0035733455
0.0035714264
0.0035695036
0.0035675772
0.003565647
0.003563713
0.0035617752
0.0035598335
0.0035578877
0.0035559379
0.0035539839
0.0035520255
0.0035500629
0.0035480959
0.0035461246
0.0035441489
0.0035421687
0.003540184
0.0035381945
0.0035362002
0.0035342009
0.0035321966
0.0035301872
0.0035281726
0.0035261527
0.0035241275
0.0035220968
0.0035200606
0.0035180186
0.0035159712
0.0035139164
0.0035118621
0.0035097787
0.0035076871
0.003505602
0.003503521
0.0035014379
0.0034993487
0.0034972504
0.0034951463
0.0034930235
0.0037365747
0.0037348323
0.0037330891
0.0037313463
0.0037296037
0.0037278608
0.0037261174
0.0037243736
0.0037226287
0.0037208826
0.0037191352
0.0037173868
0.0037156377
0.003713888
0.0037121375
0.0037103864
0.0037086346
0.0037068819
0.0037051283
0.0037033738
0.0037016183
0.0036998617
0.0036981042
0.0036963456
0.003694586
0.0036928253
0.0036910636
0.0036893008
0.0036875368
0.0036857718
0.0036840055
0.003682238
0.0036804694
0.0036786995
0.0036769284
0.0036751559
0.0036733822
0.0036716072
0.0036698308
0.0036680531
0.0036662739
0.0036644933
0.0036627113
0.0036609278
0.0036591428
0.0036573563
0.0036555682
0.0036537785
0.0036519873
0.0036501944
0.0036483999
0.0036466037
0.0036448057
0.0036430061
0.0036412046
0.0036394014
0.0036375963
0.0036357894
0.0036339806
0.00363217
0.0036303573
0.0036285427
0.0036267262
0.0036249075
0.0036230868
0.0036212641
0.0036194392
0.0036176121
0.0036157829
0.0036139515
0.0036121178
0.0036102818
0.0036084435
0.0036066029
0.0036047598
0.0036029144
0.0036010664
0.003599216
0.0035973631
0.0035955076
0.0035936495
0.0035917887
0.0035899252
0.0035880591
0.0035861901
0.0035843183
0.0035824437
0.0035805662
0.0035786858
0.0035768024
0.0035749159
0.0035730264
0.0035711337
0.0035692379
0.0035673389
0.0035654365
0.0035635309
0.0035616219
0.0035597095
0.0035577936
0.0035558742
0.0035539512
0.0035520245
0.0035500941
0.00354816
0.0035462221
0.0035442802
0.0035423345
0.0035403848
0.0035384309
0.0035364729
0.0035345106
0.003532544
0.0035305729
0.0035285974
0.0035266176
0.0035246332
0.0035226443
0.0035206507
0.0035186523
0.003516649
0.0035146407
0.0035126273
0.0035106087
0.0035085848
0.0035065556
0.0035045209
0.0035024807
0.0035004349
0.0034983833
0.0034963261
0.0034942615
0.003492197
0.0034901052
0.003488004
0.003485908
0.0034838159
0.0034817221
0.0034796223
0.0034775136
0.003475399
0.0034732665
0.0037171608
0.0037154193
0.0037136764
0.0037119338
0.0037101912
0.0037084483
0.0037067049
0.003704961
0.0037032161
0.0037014699
0.0036997225
0.0036979739
0.0036962246
0.0036944744
0.0036927236
0.0036909719
0.0036892195
0.0036874662
0.0036857119
0.0036839566
0.0036822002
0.0036804428
0.0036786843
0.0036769247
0.003675164
0.0036734022
0.0036716392
0.0036698751
0.0036681098
0.0036663433
0.0036645755
0.0036628065
0.0036610362
0.0036592646
0.0036574917
0.0036557175
0.0036539418
0.0036521648
0.0036503864
0.0036486065
0.0036468251
0.0036450423
0.0036432579
0.003641472
0.0036396845
0.0036378954
0.0036361047
0.0036343124
0.0036325183
0.0036307226
0.0036289251
0.0036271259
0.0036253249
0.003623522
0.0036217174
0.0036199108
0.0036181024
0.003616292
0.0036144797
0.0036126654
0.0036108491
0.0036090307
0.0036072102
0.0036053877
0.003603563
0.0036017361
0.003599907
0.0035980757
0.0035962422
0.0035944063
0.0035925681
0.0035907276
0.0035888846
0.0035870393
0.0035851914
0.003583341
0.0035814881
0.0035796327
0.0035777746
0.0035759138
0.0035740504
0.0035721842
0.0035703153
0.0035684435
0.0035665689
0.0035646915
0.003562811
0.0035609276
0.0035590412
0.0035571517
0.0035552591
0.0035533634
0.0035514644
0.0035495622
0.0035476567
0.0035457478
0.0035438355
0.0035419198
0.0035400006
0.0035380778
0.0035361514
0.0035342213
0.0035322875
0.0035303499
0.0035284084
0.0035264631
0.0035245137
0.0035225604
0.003520603
0.0035186415
0.0035166757
0.0035147055
0.0035127308
0.0035107517
0.0035087681
0.00350678
0.0035047873
0.00350279
0.0035007879
0.003498781
0.003496769
0.003494752
0.0034927298
0.0034907023
0.0034886695
0.0034866312
0.0034845874
0.003482538
0.0034804829
0.0034784219
0.0034763553
0.0034742812
0.0034722068
0.0034701068
0.0034679964
0.0034658899
0.003463787
0.0034616826
0.0034595726
0.0034574538
0.0034553289
0.0034531869
0.003697378
0.0036956378
0.003693896
0.003692154
0.003690412
0.0036886697
0.0036869268
0.0036851834
0.003683439
0.0036816932
0.0036799462
0.003678198
0.0036764489
0.0036746989
0.0036729481
0.0036711965
0.003669444
0.0036676905
0.003665936
0.0036641805
0.0036624238
0.003660666
0.003658907
0.0036571469
0.0036553856
0.0036536232
0.0036518595
0.0036500946
0.0036483284
0.003646561
0.0036447922
0.0036430221
0.0036412507
0.0036394779
0.0036377037
0.0036359281
0.003634151
0.0036323725
0.0036305925
0.003628811
0.0036270279
0.0036252433
0.003623457
0.0036216692
0.0036198797
0.0036180885
0.0036162957
0.0036145011
0.0036127047
0.0036109066
0.0036091067
0.0036073049
0.0036055013
0.0036036958
0.0036018883
0.0036000789
0.0035982676
0.0035964542
0.0035946388
0.0035928213
0.0035910017
0.0035891801
0.0035873562
0.0035855302
0.0035837019
0.0035818714
0.0035800386
0.0035782035
0.0035763661
0.0035745262
0.003572684
0.0035708393
0.0035689921
0.0035671425
0.0035652902
0.0035634354
0.0035615779
0.0035597178
0.003557855
0.0035559895
0.0035541212
0.00355225
0.003550376
0.0035484992
0.0035466193
0.0035447365
0.0035428507
0.0035409618
0.0035390698
0.0035371747
0.0035352764
0.0035333748
0.0035314699
0.0035295617
0.0035276501
0.0035257351
0.0035238165
0.0035218945
0.0035199688
0.0035180395
0.0035161065
0.0035141698
0.0035122292
0.0035102847
0.0035083363
0.003506384
0.0035044275
0.003502467
0.0035005023
0.0034985334
0.0034965602
0.0034945824
0.0034926002
0.0034906134
0.0034886219
0.0034866259
0.0034846253
0.0034826199
0.0034806097
0.0034785946
0.0034765743
0.0034745489
0.0034725183
0.0034704822
0.0034684408
0.0034663938
0.0034643412
0.0034622829
0.0034602189
0.0034581488
0.0034560731
0.0034539899
0.0034519059
0.0034497979
0.0034476787
0.0034455621
0.0034434488
0.0034413341
0.0034392141
0.0034370854
0.0034349506
0.0034327992
0.0036772382
0.0036754999
0.0036737597
0.003672019
0.0036702782
0.003668537
0.0036667951
0.0036650527
0.0036633093
0.0036615646
0.0036598185
0.0036580712
0.0036563228
0.0036545735
0.0036528234
0.0036510723
0.0036493202
0.0036475671
0.003645813
0.0036440577
0.0036423012
0.0036405435
0.0036387846
0.0036370245
0.0036352632
0.0036335006
0.0036317367
0.0036299715
0.003628205
0.0036264372
0.0036246679
0.0036228973
0.0036211252
0.0036193517
0.0036175767
0.0036158003
0.0036140223
0.0036122428
0.0036104617
0.0036086791
0.0036068948
0.0036051089
0.0036033213
0.003601532
0.003599741
0.0035979482
0.0035961537
0.0035943573
0.0035925592
0.0035907592
0.0035889573
0.0035871535
0.0035853477
0.00358354
0.0035817303
0.0035799185
0.0035781047
0.0035762888
0.0035744708
0.0035726506
0.0035708283
0.0035690038
0.003567177
0.0035653479
0.0035635166
0.0035616829
0.0035598468
0.0035580084
0.0035561675
0.0035543242
0.0035524784
0.00355063
0.0035487791
0.0035469256
0.0035450694
0.0035432105
0.003541349
0.0035394847
0.0035376176
0.0035357477
0.003533875
0.0035319993
0.0035301207
0.0035282391
0.0035263545
0.0035244668
0.003522576
0.0035206821
0.003518785
0.0035168846
0.003514981
0.003513074
0.0035111637
0.0035092499
0.0035073326
0.0035054118
0.0035034874
0.0035015595
0.0034996278
0.0034976924
0.0034957532
0.0034938101
0.0034918632
0.0034899123
0.0034879574
0.0034859984
0.0034840352
0.0034820679
0.0034800963
0.0034781204
0.0034761401
0.0034741552
0.0034721657
0.0034701716
0.0034681728
0.0034661693
0.003464161
0.0034621479
0.00346013
0.003458107
0.0034560788
0.0034540454
0.0034520066
0.0034499624
0.0034479127
0.0034458573
0.0034437963
0.0034417295
0.0034396568
0.0034375781
0.0034354936
0.0034334015
0.0034313083
0.0034291925
0.0034270649
0.0034249386
0.0034228152
0.0034206906
0.0034185608
0.0034164225
0.003414278
0.0034121177
0.0036567532
0.0036550172
0.0036532791
0.0036515404
0.0036498013
0.0036480617
0.0036463215
0.0036445806
0.0036428388
0.0036410956
0.003639351
0.0036376051
0.0036358581
0.0036341101
0.003632361
0.003630611
0.00362886
0.0036271078
0.0036253545
0.0036236001
0.0036218443
0.0036200873
0.0036183291
0.0036165695
0.0036148086
0.0036130464
0.0036112829
0.0036095179
0.0036077516
0.0036059838
0.0036042146
0.003602444
0.0036006718
0.0035988981
0.0035971229
0.0035953461
0.0035935678
0.0035917878
0.0035900062
0.0035882229
0.0035864379
0.0035846512
0.0035828628
0.0035810725
0.0035792805
0.0035774867
0.003575691
0.0035738935
0.003572094
0.0035702926
0.0035684892
0.0035666839
0.0035648765
0.0035630671
0.0035612555
0.0035594419
0.0035576262
0.0035558082
0.0035539881
0.0035521658
0.0035503412
0.0035485143
0.0035466851
0.0035448535
0.0035430195
0.0035411831
0.0035393443
0.003537503
0.0035356592
0.0035338129
0.0035319639
0.0035301124
0.0035282581
0.0035264012
0.0035245416
0.0035226792
0.003520814
0.003518946
0.0035170751
0.0035152013
0.0035133246
0.0035114449
0.0035095621
0.0035076763
0.0035057873
0.0035038952
0.0035019999
0.0035001014
0.0034981996
0.0034962944
0.0034943859
0.003492474
0.0034905586
0.0034886396
0.0034867171
0.003484791
0.0034828613
0.0034809278
0.0034789905
0.0034770494
0.0034751045
0.0034731556
0.0034712027
0.0034692457
0.0034672847
0.0034653194
0.00346335
0.0034613763
0.0034593982
0.0034574157
0.0034554287
0.0034534371
0.0034514408
0.0034494397
0.0034474339
0.0034454232
0.0034434078
0.0034413874
0.003439362
0.0034373315
0.0034352958
0.0034332547
0.0034312082
0.0034291562
0.0034270986
0.0034250353
0.0034229662
0.0034208912
0.0034188102
0.0034167232
0.0034146302
0.0034125297
0.0034104276
0.0034083044
0.0034061687
0.0034040332
0.0034019
0.0033997657
0.0033976265
0.003395479
0.0033933251
0.0033911561
0.003635934
0.0036342007
0.0036324654
0.0036307292
0.0036289924
0.0036272551
0.0036255171
0.0036237783
0.0036220386
0.0036202975
0.003618555
0.0036168111
0.003615066
0.0036133198
0.0036115725
0.0036098241
0.0036080746
0.0036063239
0.0036045721
0.003602819
0.0036010645
0.0035993088
0.0035975516
0.0035957932
0.0035940333
0.0035922721
0.0035905094
0.0035887453
0.0035869797
0.0035852126
0.003583444
0.0035816738
0.0035799021
0.0035781287
0.0035763538
0.0035745773
0.003572799
0.0035710191
0.0035692375
0.0035674541
0.003565669
0.003563882
0.0035620933
0.0035603027
0.0035585102
0.0035567158
0.0035549195
0.0035531212
0.003551321
0.0035495187
0.0035477144
0.003545908
0.0035440996
0.0035422889
0.0035404761
0.0035386612
0.003536844
0.0035350245
0.0035332028
0.0035313788
0.0035295524
0.0035277237
0.0035258925
0.0035240589
0.0035222229
0.0035203843
0.0035185432
0.0035166995
0.0035148533
0.0035130044
0.0035111528
0.0035092985
0.0035074415
0.0035055817
0.0035037191
0.0035018537
0.0034999853
0.0034981141
0.0034962399
0.0034943627
0.0034924824
0.0034905991
0.0034887126
0.003486823
0.0034849302
0.0034830342
0.0034811348
0.0034792321
0.0034773261
0.0034754166
0.0034735037
0.0034715873
0.0034696673
0.0034677436
0.0034658164
0.0034638854
0.0034619506
0.0034600121
0.0034580697
0.0034561234
0.0034541731
0.0034522188
0.0034502603
0.0034482978
0.003446331
0.00344436
0.0034423847
0.003440405
0.0034384208
0.0034364322
0.003434439
0.003432441
0.0034304382
0.0034284306
0.0034264182
0.0034244008
0.0034223785
0.0034203513
0.0034183189
0.0034162813
0.0034142384
0.0034121901
0.0034101363
0.0034080768
0.0034060117
0.0034039407
0.0034018639
0.0033997811
0.0033976923
0.0033955973
0.0033934963
0.0033913876
0.0033892771
0.0033871466
0.0033850032
0.0033828589
0.0033807165
0.0033785728
0.0033764244
0.003374268
0.0033721051
0.0033699277
0.0036147912
0.0036130612
0.0036113292
0.0036095961
0.0036078623
0.0036061278
0.0036043926
0.0036026565
0.0036009195
0.0035991811
0.0035974412
0.0035956999
0.0035939573
0.0035922134
0.0035904684
0.0035887223
0.0035869749
0.0035852264
0.0035834765
0.0035817253
0.0035799728
0.0035782188
0.0035764634
0.0035747066
0.0035729483
0.0035711886
0.0035694273
0.0035676646
0.0035659003
0.0035641344
0.003562367
0.0035605979
0.0035588271
0.0035570547
0.0035552807
0.0035535049
0.0035517273
0.003549948
0.003548167
0.0035463841
0.0035445993
0.0035428127
0.0035410242
0.0035392337
0.0035374413
0.0035356469
0.0035338505
0.0035320521
0.0035302516
0.003528449
0.0035266443
0.0035248374
0.0035230284
0.0035212171
0.0035194036
0.0035175878
0.0035157697
0.0035139493
0.0035121265
0.0035103013
0.0035084737
0.0035066436
0.003504811
0.0035029759
0.0035011383
0.003499298
0.0034974552
0.0034956097
0.0034937615
0.0034919105
0.0034900569
0.0034882004
0.0034863411
0.0034844789
0.0034826139
0.0034807458
0.0034788749
0.0034770009
0.0034751238
0.0034732437
0.0034713604
0.003469474
0.0034675843
0.0034656914
0.0034637952
0.0034618957
0.0034599928
0.0034580865
0.0034561767
0.0034542634
0.0034523465
0.003450426
0.0034485019
0.003446574
0.0034446425
0.0034427071
0.0034407678
0.0034388247
0.0034368776
0.0034349265
0.0034329713
0.003431012
0.0034290485
0.0034270808
0.0034251088
0.0034231324
0.0034211517
0.0034191664
0.0034171766
0.0034151823
0.0034131832
0.0034111793
0.0034091706
0.0034071569
0.0034051382
0.0034031146
0.0034010859
0.0033990522
0.0033970132
0.003394969
0.0033929193
0.0033908642
0.0033888034
0.0033867369
0.0033846646
0.0033825865
0.0033805023
0.0033784122
0.0033763158
0.0033742132
0.0033721045
0.0033699882
0.0033678695
0.0033657321
0.0033635815
0.0033614288
0.0033592774
0.0033571248
0.0033549677
0.0033528026
0.0033506311
0.0033484456
0.003593335
0.0035916087
0.0035898806
0.0035881512
0.003586421
0.0035846901
0.0035829582
0.0035812255
0.0035794917
0.0035777566
0.00357602
0.0035742818
0.0035725423
0.0035708015
0.0035690594
0.003567316
0.0035655714
0.0035638255
0.0035620783
0.0035603296
0.0035585795
0.003556828
0.0035550749
0.0035533203
0.0035515642
0.0035498066
0.0035480474
0.0035462866
0.0035445241
0.0035427601
0.0035409943
0.0035392269
0.0035374577
0.0035356869
0.0035339142
0.0035321398
0.0035303635
0.0035285854
0.0035268054
0.0035250235
0.0035232398
0.003521454
0.0035196663
0.0035178766
0.0035160848
0.003514291
0.003512495
0.003510697
0.0035088968
0.0035070945
0.0035052899
0.0035034831
0.003501674
0.0034998626
0.0034980489
0.0034962329
0.0034944144
0.0034925936
0.0034907702
0.0034889444
0.0034871161
0.0034852853
0.0034834518
0.0034816158
0.0034797771
0.0034779357
0.0034760916
0.0034742448
0.0034723952
0.0034705428
0.0034686875
0.0034668293
0.0034649683
0.0034631042
0.0034612372
0.0034593672
0.003457494
0.0034556178
0.0034537385
0.0034518559
0.0034499701
0.0034480811
0.0034461888
0.0034442931
0.003442394
0.0034404915
0.0034385855
0.003436676
0.003434763
0.0034328463
0.003430926
0.003429002
0.0034270742
0.0034251426
0.0034232072
0.0034212679
0.0034193247
0.0034173774
0.0034154261
0.0034134707
0.0034115111
0.0034095473
0.0034075792
0.0034056068
0.00340363
0.0034016487
0.003399663
0.0033976726
0.0033956777
0.0033936781
0.0033916736
0.0033896643
0.00338765
0.0033856306
0.0033836062
0.0033815767
0.0033795421
0.0033775023
0.0033754572
0.0033734067
0.0033713507
0.0033692891
0.0033672218
0.0033651487
0.0033630697
0.0033609848
0.0033588938
0.0033567966
0.0033546932
0.0033525834
0.0033504674
0.0033483438
0.0033462174
0.0033440734
0.0033419159
0.0033397554
0.0033375955
0.0033354343
0.0033332687
0.0033310954
0.0033289156
0.0033267223
0.0035715751
0.0035698532
0.0035681295
0.0035664045
0.0035646785
0.0035629516
0.0035612239
0.0035594951
0.0035577652
0.003556034
0.0035543012
0.0035525668
0.003550831
0.0035490938
0.0035473553
0.0035456154
0.0035438741
0.0035421315
0.0035403875
0.0035386419
0.0035368949
0.0035351463
0.0035333962
0.0035316445
0.0035298912
0.0035281362
0.0035263796
0.0035246214
0.0035228614
0.0035210998
0.0035193364
0.0035175712
0.0035158042
0.0035140354
0.0035122647
0.0035104922
0.0035087178
0.0035069415
0.0035051633
0.003503383
0.0035016008
0.0034998165
0.0034980301
0.0034962417
0.0034944512
0.0034926585
0.0034908636
0.0034890666
0.0034872673
0.0034854657
0.0034836619
0.0034818557
0.0034800472
0.0034782363
0.0034764229
0.0034746072
0.0034727889
0.0034709682
0.0034691449
0.0034673191
0.0034654906
0.0034636595
0.0034618258
0.0034599893
0.0034581501
0.0034563081
0.0034544634
0.0034526158
0.0034507653
0.0034489119
0.0034470556
0.0034451964
0.0034433341
0.0034414687
0.0034396003
0.0034377287
0.003435854
0.0034339761
0.0034320949
0.0034302105
0.0034283228
0.0034264317
0.0034245372
0.0034226392
0.0034207378
0.0034188328
0.0034169243
0.0034150121
0.0034130963
0.0034111768
0.0034092536
0.0034073265
0.0034053956
0.0034034608
0.0034015221
0.0033995794
0.0033976326
0.0033956817
0.0033937267
0.0033917674
0.0033898039
0.0033878361
0.0033858639
0.0033838873
0.0033819062
0.0033799205
0.0033779302
0.0033759353
0.0033739357
0.0033719312
0.0033699219
0.0033679075
0.0033658881
0.0033638636
0.0033618339
0.003359799
0.0033577589
0.0033557134
0.0033536626
0.0033516064
0.0033495445
0.0033474769
0.0033454035
0.0033433243
0.003341239
0.0033391477
0.0033370502
0.0033349465
0.0033328364
0.0033307199
0.003328597
0.0033264665
0.0033243328
0.0033221825
0.0033200187
0.0033178507
0.0033156828
0.0033135135
0.0033113398
0.0033091586
0.0033069708
0.0033047701
0.0035495208
0.0035478038
0.0035460852
0.0035443651
0.003542644
0.0035409219
0.0035391988
0.0035374746
0.0035357493
0.0035340226
0.0035322943
0.0035305644
0.0035288329
0.0035271
0.0035253656
0.0035236298
0.0035218925
0.0035201538
0.0035184136
0.0035166719
0.0035149285
0.0035131836
0.003511437
0.0035096888
0.0035079388
0.0035061872
0.0035044339
0.0035026788
0.003500922
0.0034991633
0.0034974028
0.0034956405
0.0034938763
0.0034921102
0.0034903422
0.0034885723
0.0034868003
0.0034850264
0.0034832504
0.0034814724
0.0034796923
0.0034779101
0.0034761258
0.0034743392
0.0034725505
0.0034707596
0.0034689663
0.0034671709
0.0034653731
0.0034635729
0.0034617704
0.0034599654
0.0034581581
0.0034563482
0.0034545359
0.003452721
0.0034509035
0.0034490835
0.0034472608
0.0034454355
0.0034436075
0.0034417767
0.0034399433
0.003438107
0.0034362678
0.0034344259
0.003432581
0.0034307332
0.0034288824
0.0034270287
0.0034251719
0.0034233121
0.0034214491
0.003419583
0.0034177137
0.0034158412
0.0034139654
0.0034120864
0.003410204
0.0034083182
0.0034064291
0.0034045364
0.0034026403
0.0034007406
0.0033988374
0.0033969305
0.0033950199
0.0033931057
0.0033911877
0.0033892659
0.0033873402
0.0033854107
0.0033834771
0.0033815396
0.0033795981
0.0033776524
0.0033757026
0.0033737487
0.0033717904
0.0033698279
0.003367861
0.0033658897
0.0033639138
0.0033619335
0.0033599486
0.003357959
0.0033559647
0.0033539657
0.0033519618
0.003349953
0.0033479393
0.0033459204
0.0033438964
0.0033418672
0.0033398326
0.0033377928
0.0033357477
0.0033336971
0.0033316411
0.0033295795
0.0033275122
0.0033254391
0.0033233601
0.0033212751
0.003319184
0.0033170868
0.0033149833
0.0033128734
0.0033107572
0.0033086343
0.003306505
0.003304368
0.0033022274
0.0033000713
0.0032979015
0.0032957267
0.0032935512
0.0032913741
0.0032891927
0.0032870041
0.0032848087
0.0032826009
0.0035271808
0.0035254694
0.0035237564
0.003522042
0.0035203264
0.0035186098
0.003516892
0.0035151731
0.003513453
0.0035117315
0.0035100083
0.0035082835
0.003506557
0.003504829
0.0035030994
0.0035013683
0.0034996357
0.0034979016
0.0034961659
0.0034944286
0.0034926896
0.0034909489
0.0034892065
0.0034874624
0.0034857165
0.0034839689
0.0034822194
0.0034804682
0.0034787151
0.0034769601
0.0034752032
0.0034734444
0.0034716836
0.0034699208
0.0034681561
0.0034663893
0.0034646205
0.0034628496
0.0034610765
0.0034593014
0.0034575241
0.0034557445
0.0034539628
0.0034521788
0.0034503925
0.0034486039
0.003446813
0.0034450197
0.003443224
0.0034414258
0.0034396252
0.0034378221
0.0034360165
0.0034342083
0.0034323975
0.0034305841
0.0034287681
0.0034269494
0.0034251279
0.0034233037
0.0034214768
0.003419647
0.0034178143
0.0034159788
0.0034141403
0.0034122989
0.0034104545
0.0034086071
0.0034067567
0.0034049031
0.0034030465
0.0034011866
0.0033993236
0.0033974573
0.0033955877
0.0033937148
0.0033918386
0.003389959
0.0033880759
0.0033861894
0.0033842994
0.0033824058
0.0033805086
0.0033786077
0.0033767032
0.003374795
0.003372883
0.0033709672
0.0033690475
0.003367124
0.0033651964
0.0033632649
0.0033613293
0.0033593897
0.0033574458
0.0033554978
0.0033535456
0.003351589
0.0033496281
0.0033476628
0.003345693
0.0033437187
0.0033417398
0.0033397563
0.003337768
0.0033357751
0.0033337773
0.0033317746
0.003329767
0.0033277545
0.0033257368
0.003323714
0.0033216858
0.0033196524
0.0033176135
0.0033155693
0.0033135196
0.0033114644
0.0033094036
0.0033073372
0.0033052649
0.0033031868
0.0033011026
0.0032990124
0.003296916
0.0032948133
0.0032927042
0.0032905887
0.0032884667
0.003286338
0.0032842028
0.0032820597
0.0032799128
0.0032777511
0.0032755757
0.0032733945
0.003271212
0.0032690276
0.003266839
0.0032646433
0.0032624408
0.0032602263
0.0035045634
0.0035028584
0.0035011517
0.0034994436
0.0034977342
0.0034960236
0.0034943119
0.003492599
0.0034908848
0.0034891691
0.0034874517
0.0034857327
0.0034840119
0.0034822894
0.0034805654
0.0034788397
0.0034771125
0.0034753836
0.003473653
0.0034719208
0.0034701868
0.0034684511
0.0034667136
0.0034649742
0.0034632331
0.0034614901
0.0034597452
0.0034579984
0.0034562497
0.003454499
0.0034527463
0.0034509917
0.003449235
0.0034474762
0.0034457154
0.0034439524
0.0034421873
0.0034404201
0.0034386507
0.003436879
0.0034351051
0.0034333289
0.0034315504
0.0034297696
0.0034279864
0.0034262008
0.0034244127
0.0034226223
0.0034208293
0.0034190338
0.0034172358
0.0034154351
0.0034136319
0.003411826
0.0034100174
0.0034082061
0.0034063921
0.0034045753
0.0034027557
0.0034009333
0.003399108
0.0033972797
0.0033954486
0.0033936144
0.0033917772
0.003389937
0.0033880937
0.0033862473
0.0033843978
0.003382545
0.0033806891
0.0033788298
0.0033769673
0.0033751014
0.0033732322
0.0033713595
0.0033694834
0.0033676038
0.0033657207
0.003363834
0.0033619437
0.0033600497
0.003358152
0.0033562506
0.0033543454
0.0033524364
0.0033505235
0.0033486067
0.003346686
0.0033447612
0.0033428324
0.0033408995
0.0033389624
0.0033370211
0.0033350756
0.0033331258
0.0033311716
0.003329213
0.00332725
0.0033252824
0.0033233103
0.0033213336
0.0033193521
0.0033173659
0.003315375
0.0033133791
0.0033113784
0.0033093727
0.0033073619
0.0033053461
0.003303325
0.0033012987
0.0032992669
0.0032972298
0.0032951871
0.003293139
0.0032910853
0.0032890259
0.0032869609
0.0032848901
0.0032828134
0.0032807307
0.003278642
0.003276547
0.0032744457
0.003272338
0.0032702239
0.0032681033
0.003265976
0.0032638419
0.0032617011
0.0032595526
0.0032573997
0.0032552329
0.0032530525
0.0032508654
0.0032486764
0.0032464851
0.0032442898
0.0032420873
0.0032398781
0.0032376574
0.0034816766
0.0034799786
0.0034782789
0.0034765778
0.0034748753
0.0034731715
0.0034714666
0.0034697603
0.0034680527
0.0034663435
0.0034646327
0.0034629201
0.0034612057
0.0034594895
0.0034577717
0.0034560521
0.0034543309
0.0034526079
0.0034508833
0.0034491568
0.0034474285
0.0034456984
0.0034439665
0.0034422326
0.0034404969
0.0034387592
0.0034370195
0.0034352779
0.0034335342
0.0034317885
0.0034300408
0.003428291
0.003426539
0.0034247849
0.0034230287
0.0034212702
0.0034195096
0.0034177467
0.0034159815
0.003414214
0.0034124442
0.003410672
0.0034088974
0.0034071204
0.0034053409
0.003403559
0.0034017745
0.0033999875
0.003398198
0.0033964058
0.003394611
0.0033928135
0.0033910132
0.0033892103
0.0033874046
0.003385596
0.0033837847
0.0033819705
0.0033801534
0.0033783333
0.0033765103
0.0033746843
0.0033728552
0.003371023
0.0033691878
0.0033673494
0.0033655078
0.003363663
0.003361815
0.0033599637
0.0033581091
0.0033562511
0.0033543897
0.0033525248
0.0033506565
0.0033487847
0.0033469093
0.0033450304
0.0033431478
0.0033412615
0.0033393715
0.0033374778
0.0033355802
0.0033336789
0.0033317736
0.0033298644
0.0033279512
0.003326034
0.0033241128
0.0033221874
0.0033202579
0.0033183242
0.0033163862
0.0033144439
0.0033124972
0.0033105461
0.0033085906
0.0033066306
0.003304666
0.0033026968
0.0033007229
0.0032987443
0.0032967609
0.0032947726
0.0032927795
0.0032907813
0.0032887782
0.0032867699
0.0032847565
0.003282738
0.0032807141
0.0032786848
0.00327665
0.0032746097
0.0032725638
0.0032705122
0.003268455
0.0032663921
0.0032643234
0.0032622487
0.0032601681
0.0032580814
0.0032559885
0.0032538893
0.0032517837
0.0032496715
0.0032475529
0.0032454275
0.0032432955
0.0032411565
0.0032390108
0.0032368572
0.0032346989
0.0032325274
0.0032303424
0.00322815
0.003225955
0.0032237574
0.0032215557
0.003219347
0.0032171316
0.0032149049
0.0034585276
0.0034568374
0.0034551455
0.003453452
0.0034517572
0.003450061
0.0034483635
0.0034466646
0.0034449643
0.0034432624
0.0034415588
0.0034398534
0.0034381461
0.0034364369
0.003434726
0.0034330133
0.0034312988
0.0034295825
0.0034278644
0.0034261444
0.0034244226
0.0034226988
0.0034209731
0.0034192455
0.0034175158
0.0034157841
0.0034140504
0.0034123146
0.0034105768
0.0034088368
0.0034070947
0.0034053504
0.0034036039
0.0034018552
0.0034001042
0.0033983509
0.0033965954
0.0033948375
0.0033930773
0.0033913147
0.0033895496
0.0033877821
0.0033860121
0.0033842396
0.0033824646
0.003380687
0.0033789068
0.003377124
0.0033753384
0.0033735502
0.0033717593
0.0033699656
0.0033681691
0.0033663698
0.0033645676
0.0033627625
0.0033609544
0.0033591435
0.0033573295
0.0033555125
0.0033536924
0.0033518693
0.003350043
0.0033482135
0.0033463808
0.0033445449
0.0033427057
0.0033408632
0.0033390173
0.0033371681
0.0033353154
0.0033334593
0.0033315997
0.0033297366
0.0033278698
0.0033259995
0.0033241255
0.0033222478
0.0033203663
0.0033184811
0.0033165921
0.0033146992
0.0033128024
0.0033109017
0.003308997
0.0033070882
0.0033051754
0.0033032584
0.0033013373
0.0032994119
0.0032974823
0.0032955484
0.0032936101
0.0032916673
0.0032897202
0.0032877685
0.0032858122
0.0032838513
0.0032818858
0.0032799155
0.0032779405
0.0032759605
0.0032739757
0.003271986
0.0032699912
0.0032679913
0.0032659863
0.0032639761
0.0032619607
0.0032599399
0.0032579138
0.0032558821
0.0032538449
0.0032518019
0.0032497533
0.0032476989
0.0032456388
0.0032435728
0.0032415009
0.003239423
0.003237339
0.0032352488
0.0032331523
0.0032310494
0.00322894
0.0032268239
0.0032247012
0.0032225718
0.0032204354
0.0032182921
0.0032161419
0.0032139838
0.0032118206
0.0032096449
0.0032074557
0.0032052586
0.0032030581
0.0032008548
0.0031986472
0.0031964328
0.0031942115
0.0031919795
0.0034351235
0.0034334419
0.0034317584
0.0034300734
0.0034283869
0.003426699
0.0034250097
0.0034233189
0.0034216267
0.0034199329
0.0034182372
0.0034165397
0.0034148402
0.0034131389
0.0034114356
0.0034097305
0.0034080235
0.0034063146
0.0034046038
0.0034028911
0.0034011764
0.0033994597
0.003397741
0.0033960203
0.0033942974
0.0033925725
0.0033908455
0.0033891163
0.0033873849
0.0033856514
0.0033839156
0.0033821775
0.0033804372
0.0033786946
0.0033769496
0.0033752023
0.0033734526
0.0033717005
0.0033699459
0.0033681888
0.0033664293
0.0033646672
0.0033629025
0.0033611352
0.0033593653
0.0033575927
0.0033558175
0.0033540395
0.0033522588
0.0033504753
0.0033486889
0.0033468997
0.0033451076
0.0033433126
0.0033415146
0.0033397136
0.0033379096
0.0033361026
0.0033342924
0.0033324792
0.0033306627
0.0033288431
0.0033270203
0.0033251941
0.0033233647
0.0033215319
0.0033196958
0.0033178562
0.0033160132
0.0033141667
0.0033123167
0.0033104632
0.003308606
0.0033067452
0.0033048807
0.0033030124
0.0033011405
0.0032992647
0.0032973851
0.0032955016
0.0032936142
0.0032917228
0.0032898274
0.003287928
0.0032860244
0.0032841167
0.0032822049
0.0032802888
0.0032783684
0.0032764437
0.0032745146
0.0032725811
0.0032706431
0.0032687006
0.0032667535
0.0032648018
0.0032628454
0.0032608843
0.0032589184
0.0032569477
0.0032549721
0.0032529915
0.0032510059
0.0032490152
0.0032470194
0.0032450184
0.0032430122
0.0032410007
0.0032389838
0.0032369614
0.0032349336
0.0032329001
0.003230861
0.003228816
0.0032267653
0.0032247087
0.0032226462
0.0032205777
0.0032185032
0.0032164226
0.0032143358
0.0032122427
0.0032101431
0.003208037
0.0032059243
0.0032038049
0.0032016788
0.0031995457
0.0031974057
0.0031952585
0.0031931044
0.0031909422
0.0031887747
0.0031865952
0.0031844025
0.0031822012
0.0031799958
0.0031777873
0.0031755744
0.0031733547
0.0031711281
0.0031688911
0.0034114707
0.0034097984
0.0034081242
0.0034064483
0.003404771
0.0034030921
0.0034014118
0.00339973
0.0033980466
0.0033963616
0.0033946747
0.0033929858
0.003391295
0.0033896021
0.0033879073
0.0033862105
0.0033845118
0.0033828111
0.0033811084
0.0033794036
0.0033776969
0.003375988
0.0033742771
0.003372564
0.0033708488
0.0033691314
0.0033674117
0.0033656899
0.0033639658
0.0033622394
0.0033605107
0.0033587797
0.0033570463
0.0033553105
0.0033535723
0.0033518316
0.0033500885
0.0033483428
0.0033465946
0.0033448439
0.0033430906
0.0033413346
0.0033395759
0.0033378146
0.0033360506
0.0033342838
0.0033325142
0.0033307418
0.0033289666
0.0033271885
0.0033254074
0.0033236234
0.0033218364
0.0033200464
0.0033182534
0.0033164573
0.003314658
0.0033128556
0.00331105
0.0033092412
0.0033074291
0.0033056137
0.003303795
0.0033019729
0.0033001475
0.0032983185
0.0032964861
0.0032946502
0.0032928108
0.0032909677
0.0032891211
0.0032872707
0.0032854167
0.0032835589
0.0032816973
0.0032798319
0.0032779626
0.0032760895
0.0032742124
0.0032723313
0.0032704461
0.0032685569
0.0032666636
0.0032647661
0.0032628644
0.0032609585
0.0032590482
0.0032571337
0.0032552147
0.0032532913
0.0032513634
0.003249431
0.003247494
0.0032455523
0.003243606
0.0032416549
0.003239699
0.0032377383
0.0032357728
0.0032338022
0.0032318266
0.003229846
0.0032278603
0.0032258693
0.0032238731
0.0032218716
0.0032198648
0.0032178525
0.0032158348
0.0032138115
0.0032117826
0.0032097479
0.0032077074
0.0032056611
0.0032036088
0.0032015505
0.0031994863
0.0031974159
0.0031953394
0.0031932567
0.0031911677
0.0031890722
0.0031869702
0.0031848615
0.0031827462
0.003180624
0.0031784949
0.0031763588
0.0031742156
0.0031720652
0.0031699077
0.0031677421
0.0031655708
0.0031633881
0.0031611922
0.0031589873
0.0031567777
0.0031545645
0.0031523468
0.0031501224
0.0031478911
0.0031456496
0.0033875751
0.0033859129
0.0033842488
0.0033825829
0.0033809155
0.0033792465
0.003377576
0.0033759039
0.0033742302
0.0033725547
0.0033708774
0.003369198
0.0033675165
0.003365833
0.0033641474
0.0033624597
0.0033607701
0.0033590783
0.0033573845
0.0033556886
0.0033539905
0.0033522903
0.0033505879
0.0033488833
0.0033471764
0.0033454673
0.0033437559
0.0033420421
0.0033403261
0.0033386076
0.0033368868
0.0033351635
0.0033334378
0.0033317096
0.0033299789
0.0033282457
0.0033265099
0.0033247715
0.0033230305
0.0033212868
0.0033195404
0.0033177914
0.0033160395
0.0033142849
0.0033125275
0.0033107672
0.0033090041
0.003307238
0.003305469
0.0033036971
0.0033019221
0.0033001441
0.0032983629
0.0032965787
0.0032947913
0.0032930008
0.003291207
0.0032894099
0.0032876096
0.003285806
0.003283999
0.0032821886
0.0032803748
0.0032785575
0.0032767367
0.0032749123
0.0032730844
0.0032712529
0.0032694177
0.0032675788
0.0032657362
0.0032638898
0.0032620396
0.0032601855
0.0032583276
0.0032564657
0.0032545998
0.00325273
0.0032508561
0.0032489781
0.0032470959
0.0032452096
0.003243319
0.0032414242
0.003239525
0.0032376215
0.0032357136
0.0032338012
0.0032318844
0.0032299629
0.0032280369
0.0032261062
0.0032241709
0.0032222307
0.0032202858
0.0032183361
0.0032163814
0.0032144218
0.0032124571
0.0032104874
0.0032085126
0.0032065326
0.0032045473
0.0032025567
0.0032005608
0.0031985595
0.0031965526
0.0031945403
0.0031925223
0.0031904987
0.0031884693
0.0031864341
0.003184393
0.0031823459
0.0031802927
0.0031782334
0.003176168
0.0031740964
0.0031720185
0.0031699343
0.0031678436
0.0031657464
0.0031636425
0.0031615319
0.0031594144
0.0031572901
0.0031551586
0.0031530201
0.0031508744
0.0031487213
0.003146561
0.0031443926
0.0031422181
0.0031400326
0.0031378342
0.0031356263
0.0031334131
0.0031311958
0.0031289739
0.0031267453
0.0031245097
0.0031222642
0.0033634422
0.003361791
0.0033601377
0.0033584827
0.0033568261
0.0033551678
0.0033535079
0.0033518464
0.0033501831
0.003348518
0.003346851
0.0033451819
0.0033435106
0.0033418372
0.0033401617
0.003338484
0.0033368042
0.0033351223
0.0033334381
0.0033317518
0.0033300633
0.0033283725
0.0033266794
0.0033249841
0.0033232864
0.0033215864
0.003319884
0.0033181792
0.0033164719
0.0033147623
0.0033130501
0.0033113354
0.0033096182
0.0033078984
0.003306176
0.003304451
0.0033027233
0.0033009929
0.0032992599
0.0032975241
0.0032957855
0.0032940441
0.0032922998
0.0032905527
0.0032888027
0.0032870497
0.0032852938
0.0032835349
0.0032817729
0.0032800078
0.0032782397
0.0032764684
0.0032746939
0.0032729162
0.0032711353
0.003269351
0.0032675635
0.0032657726
0.0032639783
0.0032621806
0.0032603795
0.0032585748
0.0032567666
0.0032549549
0.0032531395
0.0032513204
0.0032494977
0.0032476713
0.0032458411
0.0032440071
0.0032421693
0.0032403276
0.003238482
0.0032366324
0.0032347788
0.0032329212
0.0032310595
0.0032291937
0.0032273237
0.0032254495
0.0032235711
0.0032216883
0.0032198013
0.0032179098
0.0032160139
0.0032141135
0.0032122086
0.0032102992
0.0032083851
0.0032064664
0.0032045429
0.0032026147
0.0032006817
0.0031987438
0.003196801
0.0031948532
0.0031929004
0.0031909425
0.0031889795
0.0031870114
0.0031850379
0.0031830592
0.0031810751
0.0031790856
0.0031770906
0.0031750901
0.003173084
0.0031710722
0.0031690547
0.0031670314
0.0031650023
0.0031629671
0.003160926
0.0031588787
0.0031568253
0.0031547656
0.0031526997
0.0031506275
0.0031485488
0.0031464637
0.0031443721
0.0031422738
0.0031401687
0.0031380567
0.0031359378
0.0031338118
0.0031316787
0.0031295384
0.0031273907
0.0031252356
0.0031230731
0.0031209024
0.0031187253
0.0031165376
0.0031143372
0.003112127
0.0031099108
0.0031076901
0.0031054646
0.0031032324
0.0031009931
0.0030987441
0.0033390769
0.0033374375
0.003335796
0.0033341527
0.0033325077
0.003330861
0.0033292126
0.0033275624
0.0033259105
0.0033242567
0.0033226008
0.0033209429
0.0033192827
0.0033176203
0.0033159556
0.0033142888
0.0033126197
0.0033109483
0.0033092747
0.0033075989
0.0033059207
0.0033042402
0.0033025573
0.0033008721
0.0032991844
0.0032974943
0.0032958018
0.0032941067
0.0032924092
0.0032907091
0.0032890064
0.0032873011
0.0032855932
0.0032838826
0.0032821693
0.0032804534
0.0032787347
0.0032770132
0.0032752889
0.0032735617
0.0032718317
0.0032700988
0.003268363
0.0032666242
0.0032648823
0.0032631375
0.0032613896
0.0032596385
0.0032578844
0.0032561271
0.0032543666
0.0032526028
0.0032508357
0.0032490654
0.0032472917
0.0032455146
0.0032437341
0.0032419501
0.0032401627
0.0032383717
0.0032365771
0.003234779
0.0032329772
0.0032311718
0.0032293626
0.0032275497
0.0032257329
0.0032239124
0.003222088
0.0032202597
0.0032184274
0.0032165912
0.0032147509
0.0032129066
0.0032110581
0.0032092055
0.0032073487
0.0032054877
0.0032036224
0.0032017527
0.0031998787
0.0031980004
0.0031961175
0.0031942301
0.0031923382
0.0031904418
0.0031885406
0.0031866348
0.0031847243
0.003182809
0.0031808888
0.0031789638
0.0031770339
0.0031750989
0.0031731589
0.0031712139
0.0031692637
0.0031673083
0.0031653476
0.0031633817
0.0031614104
0.0031594336
0.0031574514
0.0031554637
0.0031534703
0.0031514713
0.0031494666
0.0031474561
0.0031454397
0.0031434174
0.0031413892
0.0031393549
0.0031373144
0.0031352676
0.0031332146
0.0031311553
0.0031290895
0.0031270173
0.0031249386
0.0031228533
0.0031207613
0.0031186625
0.0031165569
0.0031144442
0.0031123245
0.0031101976
0.0031080634
0.0031059219
0.0031037729
0.0031016163
0.0030994523
0.00309728
0.003095101
0.0030929116
0.0030907099
0.0030884979
0.0030862794
0.003084056
0.0030818275
0.0030795922
0.0030773498
0.003075098
0.0033144836
0.003312857
0.0033112281
0.0033095974
0.0033079649
0.0033063306
0.0033046946
0.0033030568
0.003301417
0.0032997754
0.0032981316
0.0032964856
0.0032948374
0.0032931868
0.003291534
0.0032898788
0.0032882213
0.0032865615
0.0032848993
0.0032832347
0.0032815678
0.0032798985
0.0032782267
0.0032765524
0.0032748756
0.0032731963
0.0032715145
0.00326983
0.003268143
0.0032664533
0.003264761
0.003263066
0.0032613682
0.0032596677
0.0032579644
0.0032562584
0.0032545495
0.0032528377
0.003251123
0.0032494054
0.0032476848
0.0032459612
0.0032442346
0.0032425049
0.0032407722
0.0032390363
0.0032372972
0.0032355549
0.0032338094
0.0032320607
0.0032303086
0.0032285532
0.0032267944
0.0032250322
0.0032232665
0.0032214974
0.0032197247
0.0032179485
0.0032161687
0.0032143853
0.0032125982
0.0032108074
0.0032090128
0.0032072145
0.0032054123
0.0032036063
0.0032017964
0.0031999825
0.0031981647
0.0031963428
0.0031945169
0.0031926869
0.0031908528
0.0031890145
0.0031871719
0.0031853251
0.003183474
0.0031816185
0.0031797587
0.0031778944
0.0031760257
0.0031741524
0.0031722745
0.0031703921
0.0031685049
0.0031666131
0.0031647165
0.0031628151
0.0031609089
0.0031589978
0.0031570817
0.0031551606
0.0031532344
0.0031513032
0.0031493668
0.0031474252
0.0031454783
0.0031435262
0.0031415686
0.0031396056
0.0031376372
0.0031356632
0.0031336835
0.0031316983
0.0031297073
0.0031277105
0.0031257079
0.0031236993
0.0031216849
0.0031196643
0.0031176377
0.0031156049
0.0031135657
0.0031115203
0.0031094683
0.00310741
0.0031053451
0.0031032736
0.0031011955
0.0030991107
0.0030970191
0.0030949205
0.003092815
0.0030907023
0.0030885824
0.0030864553
0.0030843207
0.0030821786
0.003080029
0.0030778717
0.0030757068
0.0030735334
0.0030713532
0.0030691628
0.0030669603
0.0030647473
0.0030625271
0.0030603016
0.0030580708
0.0030558331
0.0030535882
0.0030513341
0.0032896663
0.0032880533
0.0032864379
0.0032848207
0.0032832017
0.0032815808
0.0032799581
0.0032783335
0.0032767069
0.0032750783
0.0032734475
0.0032718145
0.0032701791
0.0032685413
0.0032669011
0.0032652585
0.0032636135
0.0032619661
0.0032603162
0.0032586639
0.0032570091
0.0032553518
0.003253692
0.0032520296
0.0032503646
0.003248697
0.0032470267
0.0032453538
0.0032436782
0.0032419999
0.0032403188
0.0032386349
0.0032369482
0.0032352587
0.0032335663
0.003231871
0.0032301727
0.0032284715
0.0032267673
0.0032250601
0.0032233498
0.0032216365
0.00321992
0.0032182003
0.0032164774
0.0032147513
0.003213022
0.0032112893
0.0032095534
0.003207814
0.0032060713
0.0032043251
0.0032025754
0.0032008222
0.0031990654
0.0031973051
0.0031955411
0.0031937735
0.0031920022
0.0031902271
0.0031884483
0.0031866657
0.0031848792
0.0031830888
0.0031812945
0.0031794962
0.0031776939
0.0031758875
0.0031740771
0.0031722626
0.0031704439
0.0031686209
0.0031667937
0.0031649623
0.0031631264
0.0031612863
0.0031594416
0.0031575926
0.003155739
0.0031538809
0.0031520182
0.0031501508
0.0031482787
0.003146402
0.0031445204
0.003142634
0.0031407427
0.0031388465
0.0031369454
0.0031350392
0.003133128
0.0031312116
0.0031292901
0.0031273633
0.0031254313
0.0031234939
0.0031215511
0.003119603
0.0031176493
0.00311569
0.0031137252
0.0031117547
0.0031097784
0.0031077964
0.0031058085
0.0031038147
0.0031018149
0.0030998091
0.0030977972
0.0030957792
0.0030937549
0.0030917243
0.0030896873
0.0030876438
0.0030855937
0.0030835371
0.0030814738
0.0030794037
0.003077327
0.0030752433
0.0030731528
0.0030710552
0.0030689504
0.0030668385
0.0030647191
0.0030625924
0.0030604581
0.0030583163
0.0030561667
0.0030540093
0.0030518441
0.0030496705
0.0030474896
0.0030452989
0.0030430963
0.0030408829
0.0030386618
0.0030364349
0.0030342024
0.003031963
0.0030297163
0.0030274605
0.0032646283
0.0032630299
0.003261429
0.0032598262
0.0032582216
0.0032566151
0.0032550067
0.0032533962
0.0032517837
0.0032501691
0.0032485523
0.0032469331
0.0032453114
0.0032436874
0.0032420608
0.0032404317
0.0032388002
0.0032371661
0.0032355295
0.0032338904
0.0032322486
0.0032306043
0.0032289574
0.0032273078
0.0032256555
0.0032240005
0.0032223428
0.0032206823
0.0032190191
0.003217353
0.003215684
0.0032140122
0.0032123375
0.0032106598
0.0032089792
0.0032072956
0.003205609
0.0032039193
0.0032022265
0.0032005306
0.0031988315
0.0031971292
0.0031954237
0.003193715
0.0031920029
0.0031902875
0.0031885688
0.0031868467
0.0031851211
0.003183392
0.0031816595
0.0031799234
0.0031781837
0.0031764404
0.0031746934
0.0031729428
0.0031711884
0.0031694303
0.0031676683
0.0031659025
0.0031641328
0.0031623592
0.0031605817
0.0031588001
0.0031570145
0.0031552248
0.003153431
0.003151633
0.0031498309
0.0031480245
0.0031462138
0.0031443988
0.0031425794
0.0031407556
0.0031389274
0.0031370946
0.0031352574
0.0031334155
0.0031315691
0.0031297179
0.0031278621
0.0031260015
0.003124136
0.0031222658
0.0031203906
0.0031185105
0.0031166254
0.0031147352
0.00311284
0.0031109396
0.003109034
0.0031071232
0.003105207
0.0031032855
0.0031013587
0.0030994263
0.0030974885
0.0030955451
0.003093596
0.0030916413
0.0030896809
0.0030877146
0.0030857425
0.0030837645
0.0030817805
0.0030797905
0.0030777944
0.0030757921
0.0030737836
0.0030717688
0.0030697476
0.00306772
0.0030656858
0.003063645
0.0030615976
0.0030595434
0.0030574824
0.0030554146
0.0030533399
0.0030512582
0.0030491695
0.0030470735
0.0030449703
0.0030428598
0.0030407418
0.0030386162
0.0030364829
0.003034342
0.0030321932
0.0030300364
0.0030278717
0.0030256985
0.0030235178
0.0030213273
0.0030191252
0.0030169121
0.0030146909
0.0030124634
0.0030102299
0.0030079895
0.0030057416
0.0030034847
0.0032393723
0.0032377895
0.0032362041
0.0032346168
0.0032330276
0.0032314365
0.0032298433
0.003228248
0.0032266506
0.003225051
0.003223449
0.0032218446
0.0032202378
0.0032186284
0.0032170164
0.0032154018
0.0032137847
0.0032121649
0.0032105426
0.0032089175
0.0032072899
0.0032056595
0.0032040264
0.0032023906
0.003200752
0.0031991106
0.0031974664
0.0031958193
0.0031941693
0.0031925164
0.0031908606
0.0031892018
0.00318754
0.0031858752
0.0031842073
0.0031825363
0.0031808622
0.0031791849
0.0031775045
0.0031758208
0.0031741339
0.0031724437
0.0031707501
0.0031690532
0.0031673529
0.0031656492
0.003163942
0.0031622313
0.003160517
0.0031587992
0.0031570778
0.0031553527
0.0031536239
0.0031518914
0.0031501552
0.0031484151
0.0031466712
0.0031449235
0.0031431718
0.0031414162
0.0031396565
0.0031378929
0.0031361251
0.0031343533
0.0031325773
0.0031307971
0.0031290127
0.003127224
0.003125431
0.0031236336
0.0031218318
0.0031200256
0.0031182149
0.0031163997
0.0031145799
0.0031127555
0.0031109265
0.0031090928
0.0031072543
0.003105411
0.0031035629
0.0031017099
0.003099852
0.0030979891
0.0030961211
0.0030942481
0.00309237
0.0030904867
0.0030885983
0.0030867045
0.0030848054
0.003082901
0.0030809911
0.0030790757
0.0030771548
0.0030752284
0.0030732963
0.0030713585
0.0030694149
0.0030674656
0.0030655103
0.0030635492
0.0030615821
0.0030596089
0.0030576296
0.0030556441
0.0030536524
0.0030516545
0.0030496501
0.0030476394
0.0030456221
0.0030435983
0.0030415677
0.0030395305
0.0030374864
0.0030354355
0.0030333777
0.0030313128
0.003029241
0.003027162
0.0030250758
0.0030229823
0.0030208814
0.0030187731
0.0030166571
0.0030145334
0.0030124019
0.0030102626
0.0030081153
0.0030059599
0.0030037965
0.0030016244
0.0029994446
0.0029972551
0.0029950542
0.0029928421
0.0029906215
0.0029883941
0.0029861605
0.0029839197
0.0029816714
0.0029794141
0.0032139006
0.0032123343
0.0032107654
0.0032091947
0.003207622
0.0032060473
0.0032044704
0.0032028913
0.00320131
0.0031997263
0.0031981403
0.0031965518
0.0031949607
0.0031933669
0.0031917706
0.0031901715
0.0031885698
0.0031869654
0.0031853582
0.0031837484
0.0031821357
0.0031805203
0.0031789021
0.003177281
0.0031756571
0.0031740303
0.0031724005
0.0031707678
0.0031691322
0.0031674935
0.0031658518
0.003164207
0.0031625591
0.0031609081
0.0031592539
0.0031575965
0.003155936
0.0031542721
0.003152605
0.0031509345
0.0031492607
0.0031475835
0.0031459029
0.0031442188
0.0031425312
0.00314084
0.0031391453
0.003137447
0.0031357451
0.0031340395
0.0031323301
0.003130617
0.0031289001
0.0031271794
0.0031254548
0.0031237263
0.0031219938
0.0031202574
0.0031185169
0.0031167724
0.0031150238
0.003113271
0.003111514
0.0031097528
0.0031079873
0.0031062176
0.0031044435
0.0031026649
0.003100882
0.0030990946
0.0030973027
0.0030955062
0.0030937051
0.0030918994
0.003090089
0.0030882738
0.0030864539
0.0030846292
0.0030827996
0.0030809651
0.0030791256
0.0030772811
0.0030754316
0.0030735769
0.0030717171
0.0030698522
0.0030679819
0.0030661064
0.0030642256
0.0030623393
0.0030604476
0.0030585504
0.0030566476
0.0030547393
0.0030528253
0.0030509055
0.00304898
0.0030470487
0.0030451115
0.0030431684
0.0030412192
0.003039264
0.0030373027
0.0030353352
0.0030333614
0.0030313814
0.003029395
0.0030274021
0.0030254028
0.0030233969
0.0030213844
0.0030193652
0.0030173391
0.0030153062
0.0030132664
0.0030112195
0.0030091656
0.0030071046
0.0030050363
0.0030029609
0.0030008781
0.0029987878
0.00299669
0.0029945846
0.0029924715
0.0029903505
0.0029882216
0.0029860847
0.0029839397
0.0029817864
0.002979625
0.0029774548
0.0029752766
0.0029730889
0.0029708899
0.0029686796
0.0029664604
0.0029642339
0.0029620009
0.0029597605
0.0029575125
0.0029552555
0.0031882147
0.003186666
0.0031851148
0.0031835618
0.0031820067
0.0031804494
0.0031788899
0.003177328
0.0031757638
0.0031741972
0.0031726282
0.0031710565
0.0031694822
0.0031679052
0.0031663255
0.003164743
0.0031631578
0.0031615697
0.0031599788
0.0031583852
0.0031567886
0.0031551892
0.0031535869
0.0031519816
0.0031503734
0.0031487622
0.003147148
0.0031455307
0.0031439104
0.0031422869
0.0031406603
0.0031390306
0.0031373976
0.0031357614
0.003134122
0.0031324793
0.0031308332
0.0031291838
0.003127531
0.0031258748
0.0031242151
0.0031225519
0.0031208852
0.0031192149
0.003117541
0.0031158635
0.0031141823
0.0031124974
0.0031108088
0.0031091163
0.0031074201
0.0031057199
0.0031040159
0.0031023079
0.0031005959
0.0030988799
0.0030971599
0.0030954358
0.0030937075
0.003091975
0.0030902384
0.0030884974
0.0030867522
0.0030850026
0.0030832487
0.0030814903
0.0030797274
0.0030779601
0.0030761882
0.0030744117
0.0030726306
0.0030708448
0.0030690543
0.003067259
0.0030654589
0.0030636539
0.0030618441
0.0030600293
0.0030582095
0.0030563846
0.0030545547
0.0030527197
0.0030508795
0.003049034
0.0030471833
0.0030453273
0.0030434659
0.003041599
0.0030397267
0.0030378489
0.0030359655
0.0030340764
0.0030321817
0.0030302812
0.003028375
0.0030264629
0.0030245449
0.0030226209
0.003020691
0.0030187549
0.0030168127
0.0030148643
0.0030129097
0.0030109488
0.0030089814
0.0030070077
0.0030050274
0.0030030406
0.0030010472
0.002999047
0.0029970401
0.0029950263
0.0029930056
0.0029909779
0.0029889431
0.0029869011
0.002984852
0.0029827956
0.0029807319
0.0029786607
0.0029765821
0.002974496
0.0029724021
0.0029703005
0.002968191
0.0029660735
0.002963948
0.0029618143
0.0029596724
0.0029575221
0.0029553635
0.002953196
0.0029510202
0.002948835
0.0029466387
0.002944431
0.0029422139
0.0029399892
0.0029377575
0.0029355184
0.0029332715
0.0029310155
0.0031623156
0.0031607858
0.0031592534
0.0031577191
0.0031561827
0.003154644
0.0031531029
0.0031515594
0.0031500135
0.003148465
0.003146914
0.0031453603
0.0031438039
0.0031422448
0.0031406828
0.0031391179
0.0031375502
0.0031359796
0.0031344061
0.0031328297
0.0031312503
0.003129668
0.0031280826
0.0031264943
0.0031249029
0.0031233083
0.0031217107
0.0031201099
0.003118506
0.0031168988
0.0031152884
0.0031136748
0.0031120578
0.0031104375
0.0031088139
0.0031071869
0.0031055564
0.0031039225
0.0031022851
0.0031006442
0.0030989997
0.0030973515
0.0030956998
0.0030940444
0.0030923852
0.0030907224
0.0030890557
0.0030873852
0.0030857109
0.0030840327
0.0030823505
0.0030806644
0.0030789742
0.00307728
0.0030755817
0.0030738793
0.0030721727
0.0030704619
0.0030687468
0.0030670274
0.0030653037
0.0030635757
0.0030618432
0.0030601062
0.0030583648
0.0030566188
0.0030548682
0.003053113
0.0030513532
0.0030495886
0.0030478193
0.0030460451
0.0030442661
0.0030424823
0.0030406935
0.0030388997
0.0030371009
0.003035297
0.003033488
0.0030316738
0.0030298545
0.0030280298
0.0030261999
0.0030243646
0.0030225239
0.0030206778
0.0030188261
0.0030169689
0.0030151061
0.0030132376
0.0030113635
0.0030094835
0.0030075978
0.0030057061
0.0030038086
0.0030019051
0.0029999955
0.0029980798
0.002996158
0.00299423
0.0029922957
0.0029903551
0.002988408
0.0029864546
0.0029844946
0.002982528
0.0029805548
0.0029785749
0.0029765882
0.0029745947
0.0029725943
0.0029705869
0.0029685724
0.0029665507
0.0029645218
0.0029624857
0.0029604422
0.0029583913
0.0029563329
0.002954267
0.0029521935
0.0029501123
0.0029480232
0.0029459262
0.0029438212
0.0029417081
0.0029395868
0.0029374572
0.0029353192
0.0029331727
0.0029310177
0.0029288538
0.0029266813
0.0029244994
0.0029223065
0.0029201022
0.0029178881
0.002915666
0.0029134366
0.0029111995
0.0029089544
0.0029067003
0.0031362037
0.003134694
0.0031331816
0.0031316673
0.0031301507
0.0031286317
0.0031271103
0.0031255862
0.0031240596
0.0031225305
0.0031209986
0.0031194641
0.0031179267
0.0031163865
0.0031148433
0.0031132972
0.0031117482
0.0031101962
0.0031086412
0.0031070832
0.0031055221
0.0031039579
0.0031023907
0.0031008203
0.0030992468
0.0030976701
0.0030960902
0.003094507
0.0030929206
0.0030913309
0.0030897378
0.0030881413
0.0030865415
0.0030849382
0.0030833315
0.0030817212
0.0030801075
0.0030784901
0.0030768692
0.0030752446
0.0030736164
0.0030719845
0.0030703488
0.0030687093
0.003067066
0.0030654189
0.0030637678
0.0030621129
0.0030604539
0.003058791
0.003057124
0.0030554529
0.0030537777
0.0030520984
0.0030504148
0.003048727
0.0030470349
0.0030453384
0.0030436376
0.0030419324
0.0030402227
0.0030385086
0.0030367899
0.0030350666
0.0030333387
0.0030316062
0.0030298689
0.0030281269
0.0030263801
0.0030246284
0.0030228719
0.0030211105
0.0030193441
0.0030175727
0.0030157962
0.0030140146
0.0030122278
0.0030104359
0.0030086387
0.0030068362
0.0030050284
0.0030032152
0.0030013965
0.0029995724
0.0029977427
0.0029959075
0.0029940666
0.00299222
0.0029903677
0.0029885096
0.0029866456
0.0029847758
0.0029829
0.0029810181
0.0029791303
0.0029772363
0.0029753361
0.0029734297
0.002971517
0.002969598
0.0029676725
0.0029657406
0.0029638021
0.0029618571
0.0029599054
0.0029579469
0.0029559817
0.0029540097
0.0029520307
0.0029500448
0.0029480518
0.0029460516
0.0029440442
0.0029420296
0.0029400076
0.0029379781
0.0029359412
0.0029338967
0.0029318446
0.0029297849
0.0029277173
0.0029256419
0.0029235585
0.002921467
0.0029193674
0.0029172596
0.0029151434
0.0029130187
0.0029108855
0.0029087437
0.0029065932
0.0029044336
0.0029022653
0.0029000876
0.0028978989
0.0028956988
0.0028934887
0.00289127
0.0028890437
0.0028868095
0.0028845671
0.0028823157
0.0031098788
0.0031083905
0.0031068994
0.0031054062
0.0031039106
0.0031024125
0.0031009118
0.0030994084
0.0030979024
0.0030963937
0.0030948822
0.0030933679
0.0030918507
0.0030903306
0.0030888075
0.0030872814
0.0030857522
0.0030842199
0.0030826846
0.0030811461
0.0030796045
0.0030780597
0.0030765118
0.0030749606
0.0030734061
0.0030718484
0.0030702873
0.0030687229
0.0030671552
0.003065584
0.0030640094
0.0030624313
0.0030608497
0.0030592646
0.0030576759
0.0030560836
0.0030544876
0.003052888
0.0030512847
0.0030496777
0.0030480668
0.0030464522
0.0030448337
0.0030432113
0.003041585
0.0030399547
0.0030383204
0.0030366821
0.0030350397
0.0030333931
0.0030317424
0.0030300875
0.0030284284
0.003026765
0.0030250972
0.0030234251
0.0030217486
0.0030200677
0.0030183822
0.0030166922
0.0030149977
0.0030132986
0.0030115947
0.0030098862
0.003008173
0.0030064549
0.003004732
0.0030030043
0.0030012716
0.002999534
0.0029977914
0.0029960437
0.0029942909
0.002992533
0.0029907699
0.0029890016
0.0029872279
0.002985449
0.0029836646
0.0029818749
0.0029800797
0.0029782789
0.0029764726
0.0029746607
0.0029728431
0.0029710197
0.0029691906
0.0029673557
0.0029655149
0.0029636682
0.0029618155
0.0029599567
0.0029580919
0.0029562209
0.0029543437
0.0029524603
0.0029505705
0.0029486744
0.0029467718
0.0029448627
0.0029429471
0.0029410249
0.002939096
0.0029371603
0.0029352179
0.0029332686
0.0029313124
0.0029293491
0.0029273789
0.0029254014
0.0029234168
0.0029214249
0.0029194257
0.002917419
0.0029154048
0.002913383
0.0029113536
0.0029093165
0.0029072716
0.0029052188
0.0029031582
0.0029010895
0.0028990127
0.0028969278
0.0028948345
0.0028927328
0.0028906226
0.0028885038
0.0028863763
0.00288424
0.0028820949
0.0028799407
0.0028777774
0.0028756047
0.0028734212
0.0028712262
0.0028690208
0.0028668065
0.0028645843
0.0028623538
0.0028601151
0.0028578672
0.0030833401
0.0030818744
0.0030804058
0.0030789349
0.0030774615
0.0030759855
0.0030745068
0.0030730253
0.003071541
0.003070054
0.0030685641
0.0030670714
0.0030655756
0.0030640768
0.003062575
0.00306107
0.0030595619
0.0030580506
0.0030565361
0.0030550184
0.0030534975
0.0030519733
0.0030504458
0.003048915
0.0030473808
0.0030458433
0.0030443023
0.0030427579
0.00304121
0.0030396586
0.0030381037
0.0030365451
0.003034983
0.0030334172
0.0030318477
0.0030302746
0.0030286977
0.003027117
0.0030255325
0.0030239441
0.0030223519
0.0030207557
0.0030191556
0.0030175514
0.0030159432
0.003014331
0.0030127146
0.0030110941
0.0030094693
0.0030078404
0.0030062071
0.0030045696
0.0030029277
0.0030012813
0.0029996306
0.0029979753
0.0029963156
0.0029946512
0.0029929823
0.0029913087
0.0029896304
0.0029879474
0.0029862596
0.002984567
0.0029828695
0.0029811671
0.0029794597
0.0029777474
0.00297603
0.0029743075
0.0029725799
0.0029708471
0.002969109
0.0029673657
0.0029656171
0.0029638631
0.0029621037
0.0029603388
0.0029585685
0.0029567925
0.002955011
0.0029532238
0.0029514309
0.0029496322
0.0029478278
0.0029460174
0.0029442012
0.002942379
0.0029405508
0.0029387165
0.0029368761
0.0029350296
0.0029331767
0.0029313176
0.0029294522
0.0029275803
0.002925702
0.0029238172
0.0029219258
0.0029200278
0.002918123
0.0029162115
0.0029142932
0.002912368
0.0029104358
0.0029084967
0.0029065504
0.0029045971
0.0029026365
0.0029006686
0.0028986934
0.0028967107
0.0028947206
0.0028927228
0.0028907174
0.0028887043
0.0028866834
0.0028846546
0.0028826179
0.0028805732
0.0028785205
0.0028764595
0.0028743903
0.0028723128
0.0028702267
0.0028681322
0.0028660289
0.002863917
0.0028617961
0.0028596664
0.0028575276
0.0028553796
0.0028532224
0.0028510556
0.002848878
0.002846689
0.0028444894
0.0028422805
0.0028400632
0.0028378375
0.0028356032
0.0028333597
0.003056586
0.0030551442
0.0030536992
0.0030522518
0.0030508019
0.0030493493
0.0030478938
0.0030464355
0.0030449743
0.0030435103
0.0030420433
0.0030405733
0.0030391002
0.003037624
0.0030361447
0.0030346621
0.0030331764
0.0030316873
0.003030195
0.0030286994
0.0030272004
0.003025698
0.0030241923
0.0030226831
0.0030211705
0.0030196544
0.0030181348
0.0030166116
0.0030150848
0.0030135544
0.0030120204
0.0030104827
0.0030089412
0.003007396
0.0030058471
0.0030042943
0.0030027376
0.0030011771
0.0029996126
0.0029980442
0.0029964718
0.0029948953
0.0029933148
0.0029917301
0.0029901413
0.0029885483
0.002986951
0.0029853495
0.0029837437
0.0029821335
0.0029805189
0.0029788999
0.0029772764
0.0029756484
0.0029740158
0.0029723786
0.0029707368
0.0029690902
0.002967439
0.002965783
0.0029641221
0.0029624565
0.0029607858
0.0029591103
0.0029574297
0.0029557441
0.0029540535
0.0029523577
0.0029506567
0.0029489505
0.002947239
0.0029455223
0.0029438002
0.0029420726
0.0029403396
0.0029386011
0.0029368571
0.0029351075
0.0029333522
0.0029315912
0.0029298245
0.002928052
0.0029262737
0.0029244894
0.0029226992
0.002920903
0.0029191007
0.0029172924
0.0029154779
0.0029136572
0.0029118302
0.0029099969
0.0029081572
0.0029063111
0.0029044584
0.0029025993
0.0029007335
0.0028988611
0.002896982
0.002895096
0.0028932033
0.0028913036
0.0028893969
0.0028874832
0.0028855624
0.0028836344
0.0028816992
0.0028797568
0.0028778069
0.0028758497
0.0028738849
0.0028719125
0.0028699325
0.0028679447
0.0028659492
0.0028639457
0.0028619344
0.002859915
0.0028578875
0.0028558519
0.002853808
0.0028517558
0.0028496952
0.002847626
0.0028455483
0.0028434618
0.0028413666
0.0028392624
0.0028371492
0.002835027
0.0028328956
0.0028307547
0.0028286045
0.0028264445
0.002824274
0.0028220919
0.0028198989
0.0028176963
0.002815485
0.002813265
0.0028110362
0.002808798
0.003029614
0.0030281973
0.0030267772
0.0030253547
0.0030239295
0.0030225016
0.0030210707
0.0030196369
0.0030182001
0.0030167604
0.0030153176
0.0030138717
0.0030124227
0.0030109704
0.0030095149
0.0030080562
0.003006594
0.0030051286
0.0030036597
0.0030021875
0.0030007117
0.0029992326
0.0029977499
0.0029962637
0.002994774
0.0029932806
0.0029917836
0.002990283
0.0029887787
0.0029872706
0.0029857588
0.0029842431
0.0029827237
0.0029812004
0.0029796732
0.0029781421
0.002976607
0.0029750679
0.0029735248
0.0029719776
0.0029704262
0.0029688707
0.002967311
0.0029657471
0.0029641789
0.0029626064
0.0029610296
0.0029594483
0.0029578627
0.0029562725
0.0029546779
0.0029530787
0.0029514748
0.0029498664
0.0029482532
0.0029466353
0.0029450127
0.0029433852
0.0029417529
0.0029401157
0.0029384736
0.0029368264
0.0029351742
0.002933517
0.0029318546
0.002930187
0.0029285142
0.0029268362
0.0029251529
0.0029234642
0.0029217701
0.0029200706
0.0029183656
0.002916655
0.0029149389
0.0029132171
0.0029114896
0.0029097564
0.0029080174
0.0029062726
0.0029045219
0.0029027652
0.0029010026
0.0028992339
0.0028974592
0.0028956782
0.0028938911
0.0028920978
0.0028902982
0.0028884922
0.0028866798
0.0028848609
0.0028830355
0.0028812035
0.0028793648
0.0028775195
0.0028756674
0.0028738085
0.0028719428
0.0028700701
0.0028681904
0.0028663036
0.0028644097
0.0028625086
0.0028606003
0.0028586847
0.0028567616
0.0028548312
0.0028528932
0.0028509476
0.0028489944
0.0028470334
0.0028450646
0.0028430879
0.0028411032
0.0028391106
0.0028371098
0.0028351008
0.0028330836
0.0028310581
0.0028290242
0.0028269818
0.0028249308
0.0028228712
0.0028208028
0.0028187254
0.0028166392
0.0028145438
0.0028124394
0.0028103256
0.0028082025
0.0028060699
0.0028039277
0.0028017756
0.002799613
0.0027974388
0.0027952535
0.0027930583
0.0027908539
0.0027886406
0.0027864183
0.0027841864
0.0030024205
0.0030010302
0.0029996365
0.0029982401
0.0029968412
0.0029954393
0.0029940345
0.0029926266
0.0029912156
0.0029898016
0.0029883844
0.002986964
0.0029855404
0.0029841135
0.0029826832
0.0029812496
0.0029798125
0.002978372
0.002976928
0.0029754805
0.0029740295
0.0029725748
0.0029711166
0.0029696548
0.0029681892
0.00296672
0.002965247
0.0029637703
0.0029622898
0.0029608054
0.0029593172
0.002957825
0.0029563289
0.0029548289
0.0029533248
0.0029518167
0.0029503045
0.0029487882
0.0029472677
0.0029457431
0.0029442142
0.002942681
0.0029411435
0.0029396017
0.0029380555
0.0029365048
0.0029349497
0.00293339
0.0029318258
0.002930257
0.0029286836
0.0029271055
0.0029255227
0.0029239351
0.0029223426
0.0029207454
0.0029191432
0.0029175361
0.002915924
0.0029143069
0.0029126847
0.0029110574
0.0029094249
0.0029077872
0.0029061443
0.002904496
0.0029028424
0.0029011835
0.002899519
0.0028978491
0.0028961737
0.0028944927
0.002892806
0.0028911137
0.0028894156
0.0028877117
0.0028860021
0.0028842865
0.0028825651
0.0028808376
0.0028791042
0.0028773646
0.0028756189
0.0028738671
0.002872109
0.0028703446
0.0028685738
0.0028667967
0.0028650131
0.0028632231
0.0028614264
0.0028596232
0.0028578132
0.0028559966
0.0028541731
0.0028523428
0.0028505056
0.0028486614
0.0028468102
0.0028449519
0.0028430865
0.0028412138
0.0028393338
0.0028374466
0.0028355519
0.0028336497
0.00283174
0.0028298226
0.0028278977
0.0028259649
0.0028240244
0.0028220759
0.0028201194
0.002818155
0.0028161824
0.0028142016
0.0028122125
0.0028102151
0.0028082093
0.002806195
0.0028041721
0.0028021406
0.0028001004
0.0027980513
0.0027959933
0.0027939262
0.00279185
0.0027897646
0.0027876699
0.0027855657
0.002783452
0.0027813287
0.0027791955
0.0027770524
0.0027748987
0.0027727334
0.0027705569
0.00276837
0.0027661737
0.0027639682
0.0027617533
0.0027595289
0.0029736384
0.0029722728
0.0029709042
0.0029695328
0.0029681586
0.0029667813
0.0029654007
0.0029640171
0.0029626302
0.0029612401
0.0029598467
0.00295845
0.0029570498
0.0029556463
0.0029542392
0.0029528287
0.0029514146
0.0029499969
0.0029485756
0.0029471506
0.002945722
0.0029442896
0.0029428535
0.0029414137
0.00293997
0.0029385225
0.0029370711
0.0029356158
0.0029341565
0.0029326933
0.002931226
0.0029297547
0.0029282793
0.0029267998
0.0029253161
0.0029238282
0.0029223361
0.0029208397
0.002919339
0.002917834
0.0029163245
0.0029148106
0.0029132922
0.0029117694
0.0029102419
0.0029087099
0.0029071732
0.0029056319
0.0029040858
0.002902535
0.0029009794
0.0028994189
0.0028978535
0.0028962832
0.0028947079
0.0028931275
0.0028915421
0.0028899516
0.0028883559
0.0028867551
0.0028851489
0.0028835375
0.0028819207
0.0028802986
0.0028786709
0.0028770379
0.0028753992
0.0028737551
0.0028721052
0.0028704497
0.0028687885
0.0028671215
0.0028654487
0.0028637701
0.0028620855
0.0028603949
0.0028586983
0.0028569957
0.0028552869
0.0028535719
0.0028518508
0.0028501233
0.0028483895
0.0028466494
0.0028449028
0.0028431497
0.00284139
0.0028396238
0.0028378509
0.0028360713
0.0028342849
0.0028324917
0.0028306916
0.0028288846
0.0028270705
0.0028252494
0.0028234212
0.0028215858
0.0028197431
0.0028178931
0.0028160358
0.002814171
0.0028122987
0.0028104188
0.0028085313
0.0028066361
0.0028047332
0.0028028224
0.0028009036
0.0027989769
0.0027970422
0.0027950993
0.0027931482
0.0027911888
0.002789221
0.0027872449
0.0027852602
0.0027832669
0.002781265
0.0027792544
0.0027772349
0.0027752065
0.0027731691
0.0027711226
0.0027690669
0.0027670019
0.0027649276
0.0027628437
0.0027607502
0.0027586471
0.0027565341
0.0027544111
0.002752278
0.0027501343
0.002747979
0.0027458123
0.002743635
0.0027414478
0.0027392511
0.0027370449
0.0027348288
0.0029460168
0.0029446811
0.0029433418
0.0029419997
0.0029406546
0.0029393064
0.0029379548
0.0029365999
0.0029352418
0.0029338803
0.0029325154
0.0029311471
0.0029297753
0.0029284
0.002927021
0.0029256385
0.0029242523
0.0029228624
0.0029214688
0.0029200715
0.0029186703
0.0029172654
0.0029158566
0.0029144439
0.0029130272
0.0029116067
0.0029101821
0.0029087535
0.0029073209
0.0029058841
0.0029044432
0.0029029981
0.0029015489
0.0029000954
0.0028986376
0.0028971755
0.002895709
0.0028942382
0.0028927629
0.0028912831
0.0028897988
0.00288831
0.0028868165
0.0028853185
0.0028838157
0.0028823082
0.002880796
0.0028792789
0.002877757
0.0028762302
0.0028746985
0.0028731618
0.00287162
0.0028700732
0.0028685213
0.0028669642
0.0028654019
0.0028638344
0.0028622616
0.0028606834
0.0028590999
0.0028575109
0.0028559164
0.0028543164
0.0028527108
0.0028510996
0.0028494828
0.0028478602
0.0028462318
0.0028445977
0.0028429577
0.0028413117
0.0028396598
0.0028380019
0.0028363379
0.0028346678
0.0028329915
0.002831309
0.0028296202
0.0028279252
0.0028262237
0.0028245158
0.0028228015
0.0028210806
0.0028193531
0.0028176189
0.0028158781
0.0028141305
0.0028123761
0.0028106149
0.0028088467
0.0028070715
0.0028052893
0.0028034999
0.0028017034
0.0027998997
0.0027980887
0.0027962704
0.0027944447
0.0027926114
0.0027907707
0.0027889223
0.0027870663
0.0027852025
0.0027833309
0.0027814515
0.0027795641
0.0027776688
0.0027757653
0.0027738537
0.0027719339
0.0027700058
0.0027680692
0.0027661243
0.0027641708
0.0027622088
0.002760238
0.0027582585
0.0027562702
0.0027542729
0.0027522667
0.0027502514
0.0027482269
0.0027461931
0.00274415
0.0027420974
0.0027400352
0.0027379633
0.0027358817
0.0027337903
0.0027316888
0.0027295771
0.0027274552
0.0027253227
0.0027231785
0.0027210227
0.002718856
0.0027166791
0.0027144925
0.002712296
0.0027100894
0.0029181592
0.0029168553
0.0029155471
0.002914236
0.0029129217
0.0029116042
0.0029102832
0.0029089588
0.002907631
0.0029062997
0.002904965
0.0029036267
0.0029022848
0.0029009393
0.0028995901
0.0028982371
0.0028968804
0.0028955199
0.0028941556
0.0028927875
0.0028914154
0.0028900394
0.0028886594
0.0028872755
0.0028858875
0.0028844954
0.0028830993
0.0028816989
0.0028802944
0.0028788857
0.0028774728
0.0028760555
0.0028746339
0.002873208
0.0028717776
0.0028703428
0.0028689036
0.0028674598
0.0028660114
0.0028645585
0.0028631009
0.0028616386
0.0028601716
0.0028586998
0.0028572233
0.0028557418
0.0028542555
0.0028527643
0.002851268
0.0028497668
0.0028482605
0.002846749
0.0028452324
0.0028437106
0.0028421835
0.0028406512
0.0028391135
0.0028375704
0.0028360219
0.0028344679
0.0028329084
0.0028313433
0.0028297726
0.0028281962
0.0028266142
0.0028250263
0.0028234326
0.0028218331
0.0028202277
0.0028186163
0.0028169988
0.0028153754
0.0028137458
0.00281211
0.0028104681
0.0028088198
0.0028071653
0.0028055044
0.002803837
0.0028021632
0.0028004829
0.002798796
0.0027971024
0.0027954022
0.0027936952
0.0027919814
0.0027902608
0.0027885332
0.0027867987
0.0027850571
0.0027833085
0.0027815527
0.0027797897
0.0027780194
0.0027762418
0.0027744569
0.0027726645
0.0027708645
0.002769057
0.0027672419
0.0027654191
0.0027635884
0.00276175
0.0027599036
0.0027580493
0.002756187
0.0027543165
0.0027524379
0.002750551
0.0027486558
0.0027467522
0.0027448401
0.0027429195
0.0027409903
0.0027390523
0.0027371056
0.0027351501
0.0027331856
0.0027312121
0.0027292295
0.0027272378
0.0027252368
0.0027232264
0.0027212066
0.0027191772
0.0027171382
0.0027150895
0.0027130309
0.0027109623
0.0027088838
0.002706795
0.0027046959
0.0027025864
0.0027004661
0.0026983342
0.0026961905
0.0026940356
0.0026918703
0.0026896948
0.0026875092
0.0026853134
0.002890059
0.0028887885
0.0028875133
0.0028862349
0.0028849532
0.0028836681
0.0028823794
0.0028810872
0.0028797914
0.0028784921
0.0028771892
0.0028758826
0.0028745723
0.0028732583
0.0028719404
0.0028706188
0.0028692933
0.0028679638
0.0028666305
0.0028652931
0.0028639518
0.0028626064
0.002861257
0.0028599034
0.0028585457
0.0028571837
0.0028558176
0.0028544472
0.0028530725
0.0028516934
0.00285031
0.0028489222
0.0028475299
0.0028461331
0.0028447319
0.002843326
0.0028419155
0.0028405004
0.0028390806
0.0028376561
0.0028362268
0.0028347927
0.0028333537
0.0028319098
0.002830461
0.0028290072
0.0028275484
0.0028260845
0.0028246155
0.0028231414
0.002821662
0.0028201774
0.0028186875
0.0028171922
0.0028156916
0.0028141855
0.002812674
0.0028111569
0.0028096342
0.002808106
0.002806572
0.0028050324
0.002803487
0.0028019357
0.0028003786
0.0027988156
0.0027972467
0.0027956717
0.0027940907
0.0027925035
0.0027909103
0.0027893107
0.002787705
0.0027860929
0.0027844744
0.0027828496
0.0027812182
0.0027795804
0.0027779359
0.0027762849
0.0027746271
0.0027729626
0.0027712913
0.0027696132
0.0027679282
0.0027662362
0.0027645372
0.0027628311
0.0027611178
0.0027593974
0.0027576698
0.0027559348
0.0027541924
0.0027524427
0.0027506854
0.0027489206
0.0027471482
0.002745368
0.0027435802
0.0027417845
0.002739981
0.0027381695
0.00273635
0.0027345225
0.0027326868
0.0027308429
0.0027289907
0.0027271302
0.0027252612
0.0027233838
0.0027214977
0.002719603
0.0027176996
0.0027157875
0.0027138664
0.0027119364
0.0027099974
0.0027080492
0.0027060919
0.0027041253
0.0027021493
0.0027001639
0.002698169
0.0026961644
0.0026941501
0.002692126
0.0026900919
0.0026880479
0.0026859937
0.0026839293
0.0026818545
0.0026797691
0.0026776732
0.0026755665
0.002673448
0.0026713177
0.0026691759
0.0026670233
0.0026648602
0.0026626869
0.0026605029
0.0028617083
0.002860473
0.0028592326
0.0028579887
0.0028567414
0.0028554905
0.0028542359
0.0028529777
0.0028517158
0.0028504502
0.0028491808
0.0028479077
0.0028466308
0.00284535
0.0028440653
0.0028427767
0.0028414841
0.0028401875
0.0028388868
0.0028375821
0.0028362732
0.0028349602
0.0028336429
0.0028323215
0.0028309957
0.0028296657
0.0028283313
0.0028269925
0.0028256493
0.0028243016
0.0028229495
0.0028215928
0.0028202315
0.0028188656
0.0028174951
0.0028161198
0.0028147398
0.0028133551
0.0028119655
0.0028105711
0.0028091717
0.0028077675
0.0028063582
0.0028049439
0.0028035245
0.0028021
0.0028006703
0.0027992355
0.0027977953
0.0027963499
0.0027948992
0.002793443
0.0027919814
0.0027905144
0.0027890418
0.0027875636
0.0027860798
0.0027845903
0.0027830952
0.0027815942
0.0027800875
0.0027785749
0.0027770563
0.0027755318
0.0027740013
0.0027724648
0.0027709221
0.0027693733
0.0027678182
0.0027662569
0.0027646893
0.0027631154
0.002761535
0.0027599481
0.0027583547
0.0027567548
0.0027551482
0.0027535349
0.0027519149
0.0027502881
0.0027486545
0.002747014
0.0027453665
0.002743712
0.0027420504
0.0027403817
0.0027387058
0.0027370227
0.0027353323
0.0027336346
0.0027319294
0.0027302167
0.0027284965
0.0027267687
0.0027250332
0.00272329
0.002721539
0.0027197802
0.0027180135
0.0027162387
0.002714456
0.0027126651
0.002710866
0.0027090587
0.002707243
0.002705419
0.0027035865
0.0027017455
0.0026998959
0.0026980376
0.0026961706
0.0026942947
0.0026924099
0.0026905162
0.0026886134
0.0026867015
0.0026847803
0.0026828499
0.0026809101
0.0026789609
0.0026770021
0.0026750336
0.0026730555
0.0026710675
0.0026690696
0.0026670617
0.0026650437
0.0026630154
0.0026609769
0.002658928
0.0026568685
0.0026547982
0.0026527173
0.0026506253
0.0026485216
0.0026464059
0.0026442785
0.0026421399
0.0026399906
0.0026378307
0.00263566
0.0028330982
0.0028318997
0.0028306959
0.0028294885
0.0028282775
0.0028270627
0.0028258441
0.0028246217
0.0028233956
0.0028221655
0.0028209317
0.0028196939
0.0028184522
0.0028172065
0.0028159569
0.0028147031
0.0028134453
0.0028121833
0.0028109172
0.0028096468
0.0028083722
0.0028070934
0.0028058102
0.0028045226
0.0028032307
0.0028019343
0.0028006335
0.0027993281
0.0027980182
0.0027967037
0.0027953846
0.0027940608
0.0027927323
0.0027913991
0.0027900611
0.0027887182
0.0027873705
0.0027860179
0.0027846603
0.0027832977
0.0027819301
0.0027805574
0.0027791796
0.0027777966
0.0027764084
0.0027750149
0.0027736161
0.002772212
0.0027708025
0.0027693875
0.0027679671
0.0027665411
0.0027651096
0.0027636724
0.0027622296
0.002760781
0.0027593267
0.0027578665
0.0027564005
0.0027549286
0.0027534507
0.0027519668
0.0027504768
0.0027489807
0.0027474785
0.00274597
0.0027444553
0.0027429343
0.0027414069
0.0027398731
0.0027383328
0.002736786
0.0027352326
0.0027336726
0.0027321059
0.0027305325
0.0027289523
0.0027273653
0.0027257713
0.0027241704
0.0027225625
0.0027209476
0.0027193255
0.0027176962
0.0027160597
0.0027144159
0.0027127647
0.0027111062
0.0027094401
0.0027077666
0.0027060854
0.0027043966
0.0027027001
0.0027009958
0.0026992837
0.0026975637
0.0026958357
0.0026940997
0.0026923556
0.0026906033
0.0026888428
0.002687074
0.0026852969
0.0026835113
0.0026817172
0.0026799146
0.0026781033
0.0026762833
0.0026744545
0.0026726169
0.0026707703
0.0026689147
0.00266705
0.0026651762
0.0026632931
0.0026614007
0.002659499
0.0026575877
0.0026556669
0.0026537364
0.0026517962
0.0026498461
0.0026478862
0.0026459162
0.0026439361
0.0026419458
0.0026399452
0.0026379343
0.0026359128
0.0026338807
0.0026318379
0.0026297841
0.0026277194
0.0026256436
0.002623556
0.0026214562
0.0026193445
0.0026172214
0.0026150871
0.002612942
0.0026107858
0.0028042183
0.0028030585
0.0028018933
0.0028007242
0.0027995515
0.0027983748
0.0027971942
0.0027960097
0.0027948212
0.0027936288
0.0027924323
0.0027912319
0.0027900273
0.0027888187
0.002787606
0.0027863891
0.0027851679
0.0027839425
0.0027827129
0.0027814789
0.0027802405
0.0027789977
0.0027777505
0.0027764988
0.0027752425
0.0027739817
0.0027727163
0.0027714463
0.0027701716
0.0027688922
0.002767608
0.002766319
0.0027650251
0.0027637264
0.0027624228
0.0027611142
0.0027598006
0.002758482
0.0027571582
0.0027558293
0.0027544953
0.002753156
0.0027518115
0.0027504616
0.0027491064
0.0027477458
0.0027463797
0.0027450081
0.0027436311
0.0027422484
0.0027408601
0.0027394661
0.0027380664
0.0027366609
0.0027352496
0.0027338324
0.0027324093
0.0027309803
0.0027295452
0.002728104
0.0027266568
0.0027252034
0.0027237437
0.0027222778
0.0027208056
0.002719327
0.0027178419
0.0027163505
0.0027148524
0.0027133479
0.0027118366
0.0027103187
0.0027087941
0.0027072627
0.0027057244
0.0027041792
0.0027026271
0.0027010679
0.0026995017
0.0026979284
0.0026963479
0.0026947602
0.0026931652
0.0026915628
0.002689953
0.0026883358
0.002686711
0.0026850787
0.0026834387
0.002681791
0.0026801355
0.0026784722
0.002676801
0.0026751219
0.0026734347
0.0026717395
0.0026700361
0.0026683245
0.0026666047
0.0026648765
0.0026631399
0.0026613948
0.0026596411
0.0026578789
0.0026561079
0.0026543282
0.0026525397
0.0026507423
0.0026489359
0.0026471205
0.0026452959
0.0026434621
0.002641619
0.0026397666
0.0026379048
0.0026360335
0.0026341526
0.002632262
0.0026303616
0.0026284514
0.0026265313
0.0026246011
0.0026226609
0.0026207104
0.0026187496
0.0026167784
0.0026147967
0.0026128044
0.0026108014
0.0026087877
0.002606763
0.0026047271
0.0026026801
0.0026006219
0.0025985517
0.0025964693
0.0025943747
0.0025922684
0.0025901507
0.0025880218
0.0025858815
0.0027750571
0.0027739379
0.0027728133
0.0027716847
0.0027705522
0.0027694158
0.0027682752
0.0027671306
0.0027659819
0.0027648291
0.0027636721
0.002762511
0.0027613458
0.0027601763
0.0027590025
0.0027578245
0.0027566421
0.0027554553
0.0027542641
0.0027530685
0.0027518683
0.0027506637
0.0027494544
0.0027482405
0.002747022
0.0027457988
0.0027445708
0.0027433381
0.0027421006
0.0027408582
0.0027396109
0.0027383587
0.0027371015
0.0027358393
0.002734572
0.0027332996
0.0027320221
0.0027307394
0.0027294514
0.0027281582
0.0027268597
0.0027255557
0.0027242464
0.0027229316
0.0027216113
0.0027202855
0.0027189541
0.002717617
0.0027162742
0.0027149257
0.0027135715
0.0027122114
0.0027108454
0.0027094734
0.0027080956
0.0027067116
0.0027053217
0.0027039256
0.0027025233
0.0027011148
0.0026997
0.0026982789
0.0026968515
0.0026954175
0.0026939772
0.0026925303
0.0026910768
0.0026896166
0.0026881498
0.0026866763
0.0026851959
0.0026837088
0.0026822146
0.0026807136
0.0026792055
0.0026776904
0.0026761681
0.0026746387
0.002673102
0.002671558
0.0026700067
0.002668448
0.0026668818
0.0026653081
0.0026637268
0.0026621378
0.0026605412
0.0026589368
0.0026573245
0.0026557044
0.0026540764
0.0026524403
0.0026507961
0.0026491439
0.0026474834
0.0026458146
0.0026441376
0.0026424521
0.0026407582
0.0026390557
0.0026373447
0.0026356249
0.0026338965
0.0026321592
0.002630413
0.0026286579
0.0026268938
0.0026251206
0.0026233382
0.0026215466
0.0026197457
0.0026179353
0.0026161155
0.0026142862
0.0026124472
0.0026105985
0.0026087401
0.0026068717
0.0026049934
0.002603105
0.0026012066
0.0025992978
0.0025973788
0.0025954494
0.0025935094
0.0025915588
0.0025895976
0.0025876255
0.0025856425
0.0025836486
0.0025816435
0.002579627
0.0025775992
0.0025755601
0.0025735089
0.0025714452
0.0025693692
0.0025672812
0.0025651815
0.0025630703
0.0025609475
0.0027456014
0.002744525
0.002743443
0.002742357
0.0027412671
0.002740173
0.0027390747
0.0027379722
0.0027368654
0.0027357544
0.0027346392
0.0027335196
0.0027323958
0.0027312676
0.002730135
0.0027289979
0.0027278564
0.0027267104
0.0027255599
0.0027244047
0.002723245
0.0027220805
0.0027209114
0.0027197375
0.0027185588
0.0027173753
0.0027161869
0.0027149936
0.0027137953
0.0027125921
0.0027113838
0.0027101704
0.0027089519
0.0027077283
0.0027064994
0.0027052653
0.0027040259
0.0027027812
0.0027015311
0.0027002756
0.0026990146
0.0026977481
0.002696476
0.0026951983
0.0026939149
0.0026926259
0.0026913311
0.0026900305
0.0026887241
0.0026874118
0.0026860935
0.0026847693
0.002683439
0.0026821027
0.0026807602
0.0026794115
0.0026780566
0.0026766954
0.0026753279
0.002673954
0.0026725737
0.0026711869
0.0026697935
0.0026683936
0.002666987
0.0026655737
0.0026641537
0.0026627268
0.0026612931
0.0026598525
0.002658405
0.0026569504
0.0026554887
0.0026540199
0.002652544
0.0026510607
0.0026495702
0.0026480723
0.0026465671
0.0026450543
0.002643534
0.0026420062
0.0026404707
0.0026389274
0.0026373764
0.0026358176
0.0026342509
0.0026326763
0.0026310937
0.002629503
0.0026279041
0.0026262971
0.0026246818
0.0026230581
0.0026214261
0.0026197856
0.0026181366
0.0026164791
0.0026148128
0.0026131379
0.0026114541
0.0026097615
0.00260806
0.0026063494
0.0026046298
0.002602901
0.002601163
0.0025994158
0.0025976591
0.002595893
0.0025941174
0.0025923322
0.0025905373
0.0025887327
0.0025869183
0.0025850939
0.0025832596
0.0025814152
0.0025795606
0.0025776957
0.0025758205
0.0025739348
0.0025720387
0.0025701319
0.0025682144
0.0025662861
0.0025643468
0.0025623966
0.0025604352
0.0025584627
0.0025564788
0.0025544833
0.0025524763
0.0025504577
0.002548427
0.0025463837
0.0025443278
0.0025422597
0.0025401795
0.0025380876
0.0025359837
0.0027158364
0.0027148052
0.0027137683
0.0027127272
0.002711682
0.0027106326
0.0027095788
0.0027085207
0.0027074582
0.0027063913
0.0027053201
0.0027042444
0.0027031642
0.0027020796
0.0027009904
0.0026998967
0.0026987984
0.0026976954
0.0026965878
0.0026954754
0.0026943583
0.0026932363
0.0026921095
0.0026909778
0.0026898412
0.0026886996
0.0026875529
0.0026864013
0.0026852445
0.0026840826
0.0026829155
0.0026817432
0.0026805656
0.0026793828
0.0026781945
0.0026770009
0.0026758018
0.0026745973
0.0026733872
0.0026721715
0.0026709502
0.0026697232
0.0026684905
0.0026672521
0.0026660078
0.0026647577
0.0026635017
0.0026622397
0.0026609717
0.0026596977
0.0026584176
0.0026571314
0.0026558389
0.0026545402
0.0026532352
0.0026519238
0.0026506061
0.0026492819
0.0026479512
0.002646614
0.0026452702
0.0026439197
0.0026425625
0.0026411985
0.0026398278
0.0026384501
0.0026370656
0.0026356741
0.0026342755
0.0026328699
0.0026314571
0.0026300371
0.0026286099
0.0026271754
0.0026257335
0.0026242841
0.0026228273
0.002621363
0.0026198911
0.0026184115
0.0026169242
0.0026154292
0.0026139263
0.0026124155
0.0026108968
0.00260937
0.0026078352
0.0026062923
0.0026047411
0.0026031817
0.002601614
0.0026000379
0.0025984533
0.0025968602
0.0025952585
0.0025936482
0.0025920292
0.0025904014
0.0025887647
0.0025871191
0.0025854645
0.0025838008
0.002582128
0.002580446
0.0025787548
0.0025770541
0.0025753441
0.0025736246
0.0025718955
0.0025701567
0.0025684082
0.0025666499
0.0025648817
0.0025631036
0.0025613155
0.0025595172
0.0025577088
0.00255589
0.0025540608
0.0025522212
0.002550371
0.0025485101
0.0025466386
0.0025447561
0.0025428628
0.0025409584
0.0025390429
0.0025371161
0.0025351781
0.0025332286
0.0025312676
0.0025292947
0.0025273101
0.0025253138
0.0025233051
0.0025212838
0.0025192496
0.002517203
0.002515144
0.0025130729
0.0025109896
0.0026857459
0.0026847623
0.0026837729
0.0026827791
0.0026817813
0.002680779
0.0026797721
0.0026787608
0.002677745
0.0026767247
0.0026756999
0.0026746705
0.0026736365
0.0026725979
0.0026715546
0.0026705066
0.0026694538
0.0026683963
0.002667334
0.0026662667
0.0026651946
0.0026641175
0.0026630354
0.0026619483
0.0026608561
0.0026597588
0.0026586563
0.0026575486
0.0026564357
0.0026553175
0.0026541939
0.002653065
0.0026519306
0.0026507908
0.0026496455
0.0026484946
0.0026473382
0.0026461761
0.0026450083
0.0026438347
0.0026426554
0.0026414703
0.0026402792
0.0026390823
0.0026378793
0.0026366704
0.0026354554
0.0026342343
0.002633007
0.0026317735
0.0026305338
0.0026292877
0.0026280353
0.0026267764
0.0026255111
0.0026242393
0.0026229609
0.0026216759
0.0026203842
0.0026190859
0.0026177807
0.0026164687
0.0026151498
0.002613824
0.0026124912
0.0026111514
0.0026098044
0.0026084504
0.0026070891
0.0026057205
0.0026043446
0.0026029614
0.0026015707
0.0026001725
0.0025987668
0.0025973535
0.0025959325
0.0025945038
0.0025930673
0.002591623
0.0025901707
0.0025887105
0.0025872423
0.002585766
0.0025842816
0.0025827889
0.002581288
0.0025797788
0.0025782612
0.0025767351
0.0025752005
0.0025736573
0.0025721054
0.0025705449
0.0025689755
0.0025673973
0.0025658102
0.0025642141
0.0025626089
0.0025609947
0.0025593712
0.0025577384
0.0025560963
0.0025544448
0.0025527838
0.0025511132
0.002549433
0.0025477431
0.0025460434
0.0025443339
0.0025426144
0.0025408849
0.0025391453
0.0025373955
0.0025356355
0.0025338652
0.0025320845
0.0025302932
0.0025284913
0.0025266787
0.0025248553
0.0025230211
0.0025211759
0.0025193196
0.0025174522
0.0025155735
0.0025136835
0.002511782
0.002509869
0.0025079444
0.002506008
0.0025040595
0.002502099
0.0025001266
0.0024981418
0.002496144
0.0024941333
0.0024921098
0.0024900737
0.0024880252
0.0024859641
0.0026553117
0.0026543784
0.0026534391
0.0026524954
0.0026515473
0.0026505947
0.0026496375
0.0026486756
0.0026477091
0.002646738
0.0026457621
0.0026447816
0.0026437963
0.0026428063
0.0026418114
0.0026408117
0.0026398071
0.0026387976
0.002637783
0.0026367635
0.0026357389
0.0026347092
0.0026336743
0.0026326343
0.002631589
0.0026305384
0.0026294826
0.0026284214
0.0026273548
0.0026262827
0.0026252052
0.0026241221
0.0026230334
0.0026219391
0.0026208392
0.0026197335
0.0026186221
0.0026175048
0.0026163818
0.0026152528
0.0026141178
0.0026129769
0.0026118299
0.0026106769
0.0026095177
0.0026083523
0.0026071807
0.0026060028
0.0026048185
0.0026036279
0.0026024309
0.0026012274
0.0026000173
0.0025988006
0.0025975773
0.0025963474
0.0025951106
0.0025938671
0.0025926168
0.0025913595
0.0025900953
0.0025888241
0.0025875459
0.0025862605
0.0025849679
0.0025836681
0.0025823611
0.0025810467
0.0025797249
0.0025783957
0.0025770589
0.0025757146
0.0025743627
0.0025730031
0.0025716358
0.0025702606
0.0025688776
0.0025674867
0.0025660879
0.002564681
0.002563266
0.0025618428
0.0025604114
0.0025589718
0.0025575238
0.0025560674
0.0025546025
0.0025531291
0.0025516472
0.0025501565
0.0025486571
0.002547149
0.0025456319
0.002544106
0.0025425711
0.0025410271
0.0025394739
0.0025379116
0.00253634
0.0025347591
0.0025331688
0.0025315689
0.0025299596
0.0025283405
0.0025267118
0.0025250733
0.002523425
0.0025217667
0.0025200985
0.0025184201
0.0025167316
0.0025150328
0.0025133238
0.0025116044
0.0025098745
0.0025081341
0.0025063829
0.0025046211
0.0025028484
0.0025010648
0.0024992701
0.0024974644
0.0024956475
0.0024938192
0.0024919796
0.0024901286
0.0024882659
0.0024863916
0.0024845054
0.0024826074
0.0024806975
0.0024787752
0.0024768407
0.0024748941
0.0024729348
0.0024709624
0.0024689769
0.0024669784
0.0024649669
0.0024629428
0.0024609057
0.0026245137
0.0026236336
0.0026227472
0.0026218562
0.0026209608
0.0026200608
0.0026191559
0.0026182462
0.0026173317
0.0026164125
0.0026154884
0.0026145595
0.0026136256
0.0026126869
0.0026117432
0.0026107945
0.0026098407
0.0026088819
0.0026079179
0.0026069487
0.0026059743
0.0026049947
0.0026040097
0.0026030194
0.0026020237
0.0026010226
0.002600016
0.0025990039
0.0025979862
0.0025969629
0.002595934
0.0025948993
0.002593859
0.0025928128
0.0025917608
0.0025907029
0.0025896391
0.0025885693
0.0025874935
0.0025864117
0.0025853237
0.0025842295
0.0025831291
0.0025820225
0.0025809095
0.0025797902
0.0025786645
0.0025775323
0.0025763936
0.0025752484
0.0025740965
0.002572938
0.0025717728
0.0025706008
0.002569422
0.0025682363
0.0025670437
0.0025658441
0.0025646375
0.0025634238
0.002562203
0.002560975
0.0025597397
0.0025584972
0.0025572473
0.0025559899
0.0025547251
0.0025534528
0.0025521729
0.0025508854
0.0025495901
0.0025482871
0.0025469763
0.0025456576
0.002544331
0.0025429964
0.0025416537
0.002540303
0.002538944
0.0025375769
0.0025362014
0.0025348176
0.0025334253
0.0025320246
0.0025306153
0.0025291974
0.0025277708
0.0025263355
0.0025248914
0.0025234385
0.0025219766
0.0025205056
0.0025190257
0.0025175365
0.0025160382
0.0025145306
0.0025130137
0.0025114873
0.0025099515
0.0025084061
0.002506851
0.0025052863
0.0025037118
0.0025021274
0.0025005331
0.0024989288
0.0024973145
0.00249569
0.0024940552
0.0024924102
0.0024907547
0.0024890888
0.0024874124
0.0024857253
0.0024840276
0.0024823191
0.0024805997
0.0024788693
0.0024771278
0.0024753752
0.0024736113
0.002471836
0.0024700494
0.0024682512
0.0024664414
0.0024646198
0.0024627865
0.0024609412
0.002459084
0.0024572146
0.0024553329
0.0024534388
0.0024515322
0.0024496132
0.0024476814
0.0024457363
0.0024437779
0.0024418062
0.0024398212
0.0024378233
0.0024358121
0.0025933297
0.0025925058
0.0025916754
0.0025908401
0.0025900004
0.0025891558
0.0025883062
0.0025874517
0.0025865922
0.0025857278
0.0025848584
0.002583984
0.0025831045
0.00258222
0.0025813303
0.0025804355
0.0025795354
0.0025786302
0.0025777196
0.0025768036
0.0025758823
0.0025749555
0.0025740233
0.0025730855
0.0025721423
0.0025711934
0.0025702389
0.0025692786
0.0025683127
0.002567341
0.0025663634
0.00256538
0.0025643907
0.0025633954
0.0025623941
0.0025613867
0.0025603733
0.0025593537
0.0025583279
0.0025572958
0.0025562574
0.0025552127
0.0025541616
0.0025531041
0.0025520401
0.0025509695
0.0025498923
0.0025488086
0.0025477181
0.0025466208
0.0025455168
0.0025444059
0.0025432882
0.0025421634
0.0025410317
0.0025398929
0.002538747
0.002537594
0.0025364337
0.0025352662
0.0025340913
0.0025329091
0.0025317194
0.0025305222
0.0025293174
0.0025281051
0.0025268851
0.0025256573
0.0025244218
0.0025231785
0.0025219272
0.002520668
0.0025194008
0.0025181255
0.0025168421
0.0025155505
0.0025142506
0.0025129424
0.0025116258
0.0025103008
0.0025089673
0.0025076252
0.0025062745
0.0025049151
0.0025035469
0.0025021699
0.002500784
0.0024993892
0.0024979854
0.0024965724
0.0024951503
0.002493719
0.0024922784
0.0024908285
0.0024893691
0.0024879002
0.0024864217
0.0024849337
0.0024834359
0.0024819283
0.0024804109
0.0024788835
0.0024773461
0.0024757986
0.002474241
0.0024726731
0.002471095
0.0024695065
0.0024679075
0.0024662979
0.0024646777
0.0024630469
0.0024614052
0.0024597528
0.0024580894
0.002456415
0.0024547294
0.0024530326
0.0024513244
0.0024496049
0.0024478739
0.0024461313
0.002444377
0.0024426109
0.002440833
0.0024390431
0.0024372411
0.002435427
0.0024336006
0.0024317619
0.0024299106
0.0024280466
0.0024261699
0.0024242806
0.0024223782
0.0024204624
0.002418533
0.0024165901
0.0024146337
0.0024126639
0.0024106806
0.0025617353
0.0025609707
0.0025601995
0.0025594232
0.0025586423
0.0025578564
0.0025570653
0.002556269
0.0025554677
0.0025546613
0.0025538496
0.0025530329
0.0025522109
0.0025513836
0.0025505511
0.0025497132
0.00254887
0.0025480213
0.0025471671
0.0025463075
0.0025454422
0.0025445714
0.0025436949
0.0025428127
0.0025419248
0.0025410312
0.0025401317
0.0025392264
0.0025383151
0.0025373979
0.0025364747
0.0025355455
0.0025346101
0.0025336686
0.0025327209
0.002531767
0.0025308068
0.0025298403
0.0025288674
0.002527888
0.0025269022
0.0025259098
0.0025249108
0.0025239052
0.002522893
0.002521874
0.0025208482
0.0025198156
0.0025187761
0.0025177297
0.0025166763
0.0025156159
0.0025145483
0.0025134737
0.0025123918
0.0025113027
0.0025102062
0.0025091024
0.0025079912
0.0025068726
0.0025057464
0.0025046126
0.0025034712
0.002502322
0.0025011652
0.0025000005
0.0024988279
0.0024976475
0.002496459
0.0024952625
0.0024940579
0.0024928451
0.0024916241
0.0024903949
0.0024891572
0.0024879112
0.0024866567
0.0024853937
0.0024841221
0.0024828418
0.0024815528
0.002480255
0.0024789484
0.0024776329
0.0024763083
0.0024749748
0.0024736321
0.0024722803
0.0024709192
0.0024695488
0.002468169
0.0024667798
0.0024653811
0.0024639727
0.0024625547
0.002461127
0.0024596895
0.0024582421
0.0024567848
0.0024553175
0.0024538401
0.0024523525
0.0024508546
0.0024493464
0.0024478278
0.0024462988
0.0024447592
0.002443209
0.0024416481
0.0024400764
0.0024384938
0.0024369003
0.0024352958
0.0024336802
0.0024320534
0.0024304153
0.0024287659
0.0024271049
0.0024254324
0.0024237483
0.0024220523
0.0024203446
0.0024186249
0.0024168932
0.0024151493
0.0024133932
0.0024116248
0.002409844
0.0024080507
0.0024062447
0.002404426
0.0024025943
0.0024007496
0.002398892
0.0023970212
0.0023951368
0.0023932385
0.0023913264
0.0023894005
0.0023874611
0.0023855076
0.0025297034
0.0025290017
0.002528293
0.0025275792
0.0025268605
0.0025261367
0.0025254075
0.0025246729
0.0025239331
0.0025231879
0.0025224374
0.0025216816
0.0025209204
0.0025201537
0.0025193816
0.002518604
0.0025178208
0.002517032
0.0025162375
0.0025154373
0.0025146314
0.0025138197
0.0025130022
0.0025121788
0.0025113495
0.0025105143
0.002509673
0.0025088258
0.0025079724
0.0025071129
0.0025062471
0.0025053752
0.0025044969
0.0025036123
0.0025027214
0.002501824
0.0025009201
0.0025000097
0.0024990928
0.0024981692
0.0024972389
0.0024963019
0.0024953581
0.0024944075
0.00249345
0.0024924856
0.0024915143
0.0024905358
0.0024895504
0.0024885577
0.0024875579
0.0024865509
0.0024855366
0.0024845149
0.0024834858
0.0024824492
0.0024814052
0.0024803536
0.0024792944
0.0024782274
0.0024771528
0.0024760704
0.0024749801
0.0024738819
0.0024727758
0.0024716616
0.0024705394
0.002469409
0.0024682704
0.0024671236
0.0024659684
0.0024648049
0.0024636329
0.0024624524
0.0024612634
0.0024600657
0.0024588594
0.0024576443
0.0024564203
0.0024551875
0.0024539458
0.002452695
0.0024514352
0.0024501663
0.0024488881
0.0024476006
0.0024463038
0.0024449977
0.002443682
0.0024423568
0.002441022
0.0024396775
0.0024383232
0.0024369591
0.0024355851
0.0024342012
0.0024328072
0.0024314031
0.0024299889
0.0024285643
0.0024271295
0.0024256842
0.0024242284
0.002422762
0.002421285
0.0024197972
0.0024182987
0.0024167893
0.002415269
0.0024137376
0.0024121951
0.0024106414
0.0024090765
0.0024075002
0.0024059124
0.0024043131
0.0024027022
0.0024010795
0.002399445
0.0023977986
0.0023961401
0.0023944695
0.0023927868
0.0023910917
0.0023893843
0.0023876643
0.0023859318
0.0023841866
0.0023824286
0.0023806577
0.0023788738
0.0023770766
0.0023752662
0.0023734426
0.0023716055
0.0023697546
0.0023678897
0.0023660107
0.0023641175
0.0023622105
0.0023602891
0.0024972044
0.0024965692
0.0024959268
0.0024952791
0.0024946264
0.0024939683
0.0024933046
0.0024926353
0.0024919605
0.0024912802
0.0024905945
0.0024899031
0.0024892062
0.0024885037
0.0024877955
0.0024870816
0.002486362
0.0024856366
0.0024849053
0.002484168
0.0024834249
0.0024826757
0.0024819206
0.0024811594
0.0024803922
0.0024796188
0.0024788391
0.0024780533
0.0024772611
0.0024764626
0.0024756578
0.0024748464
0.0024740286
0.0024732043
0.0024723734
0.0024715358
0.0024706916
0.0024698406
0.0024689829
0.0024681183
0.0024672468
0.0024663685
0.0024654831
0.0024645907
0.0024636912
0.0024627846
0.0024618708
0.0024609498
0.0024600215
0.0024590859
0.0024581428
0.0024571923
0.0024562343
0.0024552688
0.0024542956
0.0024533147
0.0024523262
0.0024513299
0.0024503257
0.0024493136
0.0024482936
0.0024472656
0.0024462295
0.0024451853
0.002444133
0.0024430723
0.0024420034
0.0024409261
0.0024398404
0.0024387462
0.0024376435
0.0024365322
0.0024354122
0.0024342835
0.002433146
0.0024319996
0.0024308443
0.0024296801
0.0024285067
0.0024273243
0.0024261327
0.0024249319
0.0024237217
0.0024225022
0.0024212732
0.0024200348
0.0024187867
0.002417529
0.0024162616
0.0024149844
0.0024136973
0.0024124003
0.0024110933
0.0024097763
0.0024084491
0.0024071116
0.0024057639
0.0024044059
0.0024030374
0.0024016583
0.0024002687
0.0023988684
0.0023974574
0.0023960355
0.0023946027
0.002393159
0.0023917042
0.0023902382
0.0023887611
0.0023872726
0.0023857728
0.0023842615
0.0023827387
0.0023812043
0.0023796582
0.0023781002
0.0023765303
0.0023749485
0.0023733545
0.0023717483
0.0023701298
0.0023684989
0.0023668556
0.0023651996
0.0023635311
0.0023618497
0.0023601555
0.0023584483
0.0023567281
0.0023549946
0.0023532479
0.0023514877
0.0023497139
0.0023479267
0.0023461257
0.0023443106
0.0023424813
0.0023406376
0.0023387796
0.0023369073
0.0023350202
0.0024642055
0.0024636409
0.0024630689
0.0024624912
0.0024619084
0.0024613199
0.0024607256
0.0024601254
0.0024595195
0.002458908
0.0024582907
0.0024576677
0.0024570389
0.0024564043
0.0024557638
0.0024551174
0.0024544651
0.0024538068
0.0024531423
0.0024524718
0.0024517951
0.0024511122
0.0024504232
0.0024497278
0.0024490262
0.0024483183
0.0024476039
0.0024468831
0.0024461558
0.0024454219
0.0024446814
0.0024439343
0.0024431805
0.0024424199
0.0024416526
0.0024408784
0.0024400973
0.0024393093
0.0024385142
0.0024377122
0.002436903
0.0024360867
0.0024352632
0.0024344325
0.0024335944
0.0024327491
0.0024318963
0.002431036
0.0024301683
0.002429293
0.0024284101
0.0024275195
0.0024266212
0.0024257151
0.0024248012
0.0024238794
0.0024229496
0.0024220118
0.002421066
0.0024201121
0.00241915
0.0024181797
0.0024172011
0.0024162141
0.0024152187
0.0024142148
0.0024132024
0.0024121815
0.0024111518
0.0024101135
0.0024090664
0.0024080104
0.0024069456
0.0024058718
0.0024047889
0.002403697
0.0024025959
0.0024014855
0.0024003659
0.002399237
0.0023980986
0.0023969507
0.0023957933
0.0023946263
0.0023934495
0.0023922631
0.0023910667
0.0023898605
0.0023886443
0.0023874181
0.0023861818
0.0023849353
0.0023836785
0.0023824114
0.0023811339
0.0023798459
0.0023785474
0.0023772383
0.0023759185
0.0023745878
0.0023732464
0.0023718939
0.0023705305
0.0023691559
0.0023677702
0.0023663733
0.002364965
0.0023635453
0.0023621141
0.0023606714
0.002359217
0.0023577509
0.002356273
0.0023547832
0.0023532813
0.0023517674
0.0023502413
0.0023487029
0.0023471521
0.0023455888
0.0023440129
0.0023424244
0.0023408231
0.002339209
0.0023375818
0.0023359417
0.0023342883
0.0023326218
0.0023309418
0.0023292484
0.0023275415
0.0023258206
0.002324086
0.0023223376
0.0023205752
0.0023187985
0.0023170072
0.0023152014
0.0023133808
0.0023115457
0.0023096954
0.0024306709
0.0024301812
0.0024296838
0.0024291805
0.0024286717
0.002428157
0.0024276362
0.0024271093
0.0024265765
0.0024260378
0.0024254931
0.0024249425
0.0024243859
0.0024238233
0.0024232546
0.0024226797
0.0024220987
0.0024215115
0.0024209179
0.002420318
0.0024197117
0.0024190991
0.00241848
0.0024178545
0.0024172225
0.0024165839
0.0024159386
0.0024152867
0.0024146281
0.0024139627
0.0024132904
0.0024126113
0.0024119253
0.0024112323
0.0024105323
0.0024098252
0.0024091111
0.0024083897
0.0024076611
0.0024069253
0.0024061822
0.0024054316
0.0024046737
0.0024039083
0.0024031353
0.0024023548
0.0024015667
0.0024007709
0.0023999673
0.002399156
0.0023983368
0.0023975097
0.0023966746
0.0023958316
0.0023949805
0.0023941212
0.0023932538
0.0023923781
0.0023914942
0.0023906019
0.0023897012
0.002388792
0.0023878743
0.002386948
0.0023860131
0.0023850694
0.002384117
0.0023831557
0.0023821856
0.0023812065
0.0023802183
0.0023792211
0.0023782148
0.0023771992
0.0023761744
0.0023751402
0.0023740966
0.0023730435
0.0023719809
0.0023709087
0.0023698268
0.0023687352
0.0023676338
0.0023665224
0.0023654012
0.0023642699
0.0023631285
0.002361977
0.0023608152
0.0023596432
0.0023584608
0.0023572679
0.0023560645
0.0023548505
0.0023536258
0.0023523904
0.0023511442
0.002349887
0.002348619
0.0023473398
0.0023460495
0.002344748
0.0023434352
0.002342111
0.0023407753
0.0023394282
0.0023380694
0.0023366989
0.0023353167
0.0023339226
0.0023325166
0.0023310986
0.0023296684
0.0023282261
0.0023267716
0.0023253046
0.0023238251
0.002322333
0.0023208282
0.0023193106
0.0023177802
0.0023162368
0.0023146803
0.0023131107
0.0023115278
0.0023099316
0.0023083219
0.0023066987
0.0023050617
0.0023034111
0.0023017465
0.0023000678
0.002298375
0.0022966681
0.0022949469
0.0022932111
0.0022914605
0.002289695
0.0022879145
0.0022861191
0.0022843082
0.0023965612
0.0023961509
0.0023957327
0.0023953083
0.002394878
0.0023944416
0.0023939989
0.0023935497
0.0023930944
0.0023926329
0.0023921653
0.0023916915
0.0023912115
0.0023907253
0.0023902327
0.0023897338
0.0023892285
0.0023887166
0.0023881982
0.0023876732
0.0023871417
0.0023866035
0.0023860586
0.0023855071
0.0023849488
0.0023843837
0.0023838117
0.0023832329
0.0023826471
0.0023820542
0.0023814544
0.0023808474
0.0023802332
0.0023796119
0.0023789832
0.0023783473
0.0023777041
0.0023770534
0.0023763953
0.0023757297
0.0023750565
0.0023743757
0.0023736873
0.0023729911
0.0023722872
0.0023715755
0.0023708559
0.0023701283
0.0023693928
0.0023686493
0.0023678977
0.0023671379
0.00236637
0.0023655938
0.0023648092
0.0023640163
0.002363215
0.0023624052
0.0023615869
0.00236076
0.0023599244
0.0023590801
0.002358227
0.002357365
0.0023564942
0.0023556144
0.0023547256
0.0023538277
0.0023529207
0.0023520044
0.0023510789
0.002350144
0.0023491997
0.002348246
0.0023472827
0.0023463098
0.0023453272
0.002344335
0.0023433329
0.0023423209
0.002341299
0.0023402671
0.0023392251
0.002338173
0.0023371106
0.002336038
0.002334955
0.0023338616
0.0023327576
0.0023316431
0.002330518
0.0023293821
0.0023282354
0.0023270778
0.0023259093
0.0023247298
0.0023235391
0.0023223373
0.0023211242
0.0023198998
0.002318664
0.0023174166
0.0023161576
0.002314887
0.0023136046
0.0023123104
0.0023110043
0.0023096862
0.0023083561
0.0023070138
0.0023056592
0.0023042924
0.0023029132
0.0023015215
0.0023001172
0.0022987002
0.0022972703
0.0022958276
0.0022943719
0.002292903
0.002291421
0.0022899257
0.0022884171
0.0022868949
0.0022853592
0.0022838098
0.0022822467
0.0022806696
0.0022790786
0.0022774735
0.0022758542
0.0022742205
0.0022725723
0.0022709097
0.0022692325
0.0022675404
0.0022658333
0.0022641109
0.0022623732
0.0022606203
0.0022588514
0.0023618326
0.0023615068
0.0023611727
0.002360832
0.0023604852
0.0023601319
0.002359772
0.0023594055
0.0023590325
0.0023586531
0.0023582673
0.0023578752
0.0023574766
0.0023570714
0.0023566597
0.0023562414
0.0023558164
0.0023553846
0.0023549461
0.0023545006
0.0023540483
0.0023535891
0.002353123
0.00235265
0.0023521699
0.0023516829
0.0023511887
0.0023506873
0.0023501788
0.0023496629
0.0023491398
0.0023486093
0.0023480714
0.002347526
0.0023469732
0.0023464128
0.0023458447
0.0023452691
0.0023446857
0.0023440946
0.0023434956
0.0023428888
0.0023422741
0.0023416514
0.0023410207
0.0023403819
0.002339735
0.0023390799
0.0023384166
0.002337745
0.0023370651
0.0023363768
0.00233568
0.0023349747
0.0023342608
0.0023335383
0.0023328071
0.0023320672
0.0023313185
0.0023305609
0.0023297944
0.002329019
0.0023282344
0.0023274408
0.002326638
0.002325826
0.0023250047
0.0023241741
0.002323334
0.0023224845
0.0023216254
0.0023207567
0.0023198783
0.0023189902
0.0023180923
0.0023171845
0.0023162667
0.002315339
0.0023144011
0.0023134532
0.002312495
0.0023115265
0.0023105477
0.0023095584
0.0023085586
0.0023075483
0.0023065273
0.0023054956
0.0023044531
0.0023033997
0.0023023354
0.0023012601
0.0023001737
0.0022990761
0.0022979673
0.0022968472
0.0022957156
0.0022945726
0.002293418
0.0022922518
0.0022910739
0.0022898841
0.0022886825
0.0022874688
0.0022862431
0.0022850052
0.0022837552
0.0022824928
0.0022812181
0.0022799309
0.0022786312
0.0022773189
0.0022759939
0.002274656
0.0022733053
0.0022719415
0.0022705646
0.0022691744
0.0022677709
0.002266354
0.0022649236
0.0022634796
0.0022620219
0.0022605503
0.0022590649
0.0022575655
0.0022560519
0.0022545242
0.0022529822
0.0022514257
0.0022498547
0.0022482689
0.0022466684
0.0022450531
0.0022434228
0.0022417774
0.0022401166
0.0022384403
0.0022367483
0.0022350408
0.0022333168
0.0023264372
0.002326201
0.0023259563
0.0023257045
0.0023254464
0.0023251816
0.0023249098
0.0023246312
0.0023243459
0.0023240538
0.0023237552
0.0023234498
0.0023231378
0.0023228189
0.0023224932
0.0023221606
0.002321821
0.0023214743
0.0023211205
0.0023207596
0.0023203914
0.0023200162
0.0023196338
0.0023192441
0.0023188472
0.002318443
0.0023180314
0.0023176123
0.0023171858
0.0023167517
0.0023163101
0.0023158608
0.0023154039
0.0023149392
0.0023144668
0.0023139865
0.0023134983
0.0023130023
0.0023124982
0.0023119862
0.002311466
0.0023109377
0.0023104013
0.0023098565
0.0023093036
0.0023087422
0.0023081725
0.0023075943
0.0023070077
0.0023064124
0.0023058086
0.0023051961
0.0023045748
0.0023039448
0.0023033059
0.0023026582
0.0023020014
0.0023013357
0.0023006609
0.0022999769
0.0022992838
0.0022985814
0.0022978697
0.0022971486
0.002296418
0.002295678
0.0022949284
0.0022941691
0.0022934002
0.0022926215
0.002291833
0.0022910346
0.0022902262
0.0022894078
0.0022885793
0.0022877406
0.0022868917
0.0022860325
0.0022851629
0.0022842829
0.0022833924
0.0022824913
0.0022815796
0.0022806571
0.0022797239
0.0022787797
0.0022778246
0.0022768586
0.0022758814
0.002274893
0.0022738934
0.0022728825
0.0022718602
0.0022708264
0.002269781
0.0022687241
0.0022676554
0.0022665749
0.0022654825
0.0022643782
0.0022632619
0.0022621334
0.0022609927
0.0022598396
0.0022586742
0.0022574964
0.002256306
0.0022551029
0.0022538872
0.0022526587
0.0022514174
0.0022501631
0.0022488958
0.0022476153
0.0022463215
0.0022450144
0.0022436938
0.0022423597
0.0022410119
0.0022396503
0.0022382749
0.0022368855
0.0022354821
0.0022340645
0.0022326327
0.0022311866
0.0022297259
0.0022282508
0.002226761
0.0022252564
0.0022237369
0.0022222023
0.0022206525
0.0022190877
0.0022175076
0.002215912
0.0022143006
0.0022126735
0.0022110303
0.0022093712
0.0022076952
0.0022903214
0.0022901804
0.0022900307
0.0022898738
0.0022897102
0.0022895396
0.0022893619
0.002289177
0.002288985
0.0022887862
0.0022885803
0.0022883675
0.0022881476
0.0022879206
0.0022876864
0.002287445
0.0022871963
0.0022869402
0.0022866766
0.0022864055
0.002286127
0.002285841
0.0022855475
0.0022852466
0.002284938
0.0022846219
0.0022842981
0.0022839665
0.0022836272
0.00228328
0.002282925
0.0022825621
0.0022821911
0.0022818122
0.0022814252
0.0022810301
0.0022806268
0.0022802153
0.0022797956
0.0022793675
0.002278931
0.0022784862
0.0022780328
0.002277571
0.0022771005
0.0022766214
0.0022761337
0.0022756372
0.0022751319
0.0022746178
0.0022740948
0.0022735628
0.0022730218
0.0022724717
0.0022719125
0.0022713441
0.0022707665
0.0022701795
0.0022695832
0.0022689775
0.0022683622
0.0022677375
0.0022671031
0.002266459
0.0022658052
0.0022651416
0.0022644681
0.0022637848
0.0022630914
0.0022623879
0.0022616744
0.0022609506
0.0022602166
0.0022594723
0.0022587175
0.0022579523
0.0022571766
0.0022563902
0.0022555932
0.0022547855
0.0022539669
0.0022531374
0.002252297
0.0022514455
0.002250583
0.0022497092
0.0022488242
0.0022479278
0.0022470201
0.0022461009
0.0022451701
0.0022442276
0.0022432735
0.0022423075
0.0022413297
0.0022403399
0.002239338
0.0022383241
0.0022372979
0.0022362595
0.0022352087
0.0022341454
0.0022330695
0.002231981
0.0022308797
0.0022297657
0.0022286388
0.002227499
0.0022263461
0.0022251801
0.0022240009
0.0022228084
0.0022216025
0.0022203831
0.0022191501
0.0022179034
0.0022166428
0.0022153683
0.0022140798
0.0022127772
0.0022114604
0.0022101293
0.0022087837
0.0022074237
0.002206049
0.0022046597
0.0022032555
0.0022018364
0.0022004023
0.002198953
0.0021974885
0.0021960084
0.0021945129
0.002193002
0.0021914753
0.0021899328
0.0021883743
0.0021867996
0.0021852085
0.0021836011
0.0021819763
0.0022534257
0.0022533859
0.0022533378
0.0022532822
0.0022532196
0.0022531496
0.0022530723
0.0022529875
0.0022528954
0.0022527959
0.0022526892
0.0022525751
0.0022524535
0.0022523245
0.0022521879
0.0022520438
0.0022518919
0.0022517322
0.0022515648
0.0022513894
0.0022512062
0.0022510153
0.0022508166
0.00225061
0.0022503956
0.0022501732
0.0022499428
0.0022497044
0.0022494578
0.0022492032
0.0022489403
0.0022486692
0.0022483898
0.002248102
0.0022478059
0.0022475013
0.0022471883
0.0022468668
0.0022465366
0.0022461979
0.0022458504
0.0022454942
0.0022451292
0.0022447554
0.0022443728
0.0022439811
0.0022435805
0.0022431709
0.0022427521
0.0022423242
0.0022418871
0.0022414407
0.0022409849
0.0022405198
0.0022400453
0.0022395612
0.0022390677
0.0022385644
0.0022380516
0.0022375289
0.0022369965
0.0022364543
0.0022359021
0.0022353399
0.0022347676
0.0022341853
0.0022335928
0.00223299
0.0022323769
0.0022317535
0.0022311196
0.0022304752
0.0022298203
0.0022291546
0.0022284783
0.0022277912
0.0022270932
0.0022263843
0.0022256645
0.0022249335
0.0022241914
0.0022234381
0.0022226735
0.0022218976
0.0022211102
0.0022203112
0.0022195007
0.0022186786
0.0022178447
0.002216999
0.0022161414
0.0022152718
0.0022143901
0.0022134963
0.0022125903
0.002211672
0.0022107413
0.0022097981
0.0022088424
0.0022078741
0.0022068931
0.0022058991
0.0022048923
0.0022038724
0.0022028395
0.0022017935
0.0022007342
0.0021996616
0.0021985756
0.0021974761
0.0021963631
0.0021952364
0.002194096
0.0021929417
0.0021917734
0.002190591
0.0021893944
0.0021881835
0.0021869582
0.0021857184
0.0021844641
0.002183195
0.0021819112
0.0021806125
0.0021792988
0.0021779699
0.0021766259
0.0021752666
0.0021738919
0.0021725017
0.0021710958
0.002169674
0.0021682363
0.0021667828
0.0021653132
0.0021638274
0.0021623252
0.0021608065
0.002159271
0.0021577188
0.0021561487
0.0022156838
0.0022157521
0.002215813
0.0022158661
0.0022159114
0.0022159491
0.0022159792
0.0022160016
0.0022160163
0.0022160233
0.0022160225
0.0022160138
0.0022159973
0.0022159729
0.0022159405
0.0022159002
0.0022158516
0.0022157949
0.00221573
0.0022156568
0.0022155754
0.0022154858
0.0022153881
0.0022152823
0.0022151681
0.0022150457
0.0022149149
0.0022147757
0.002214628
0.0022144719
0.0022143071
0.0022141338
0.0022139519
0.0022137613
0.0022135619
0.0022133538
0.0022131368
0.002212911
0.0022126763
0.0022124326
0.0022121798
0.002211918
0.0022116471
0.002211367
0.0022110777
0.0022107791
0.0022104712
0.0022101539
0.0022098272
0.002209491
0.0022091452
0.0022087899
0.0022084249
0.0022080501
0.0022076656
0.0022072713
0.0022068671
0.002206453
0.0022060288
0.0022055946
0.0022051502
0.0022046957
0.0022042309
0.0022037558
0.0022032703
0.0022027743
0.0022022679
0.0022017509
0.0022012232
0.0022006849
0.0022001357
0.0021995757
0.0021990049
0.002198423
0.00219783
0.002197226
0.0021966107
0.0021959842
0.0021953464
0.0021946971
0.0021940364
0.0021933641
0.0021926802
0.0021919846
0.0021912771
0.0021905579
0.0021898266
0.0021890834
0.0021883281
0.0021875606
0.0021867809
0.0021859888
0.0021851843
0.0021843673
0.0021835377
0.0021826955
0.0021818406
0.0021809728
0.0021800921
0.0021791984
0.0021782916
0.0021773715
0.0021764382
0.0021754914
0.0021745313
0.0021735577
0.0021725704
0.0021715694
0.0021705546
0.0021695261
0.0021684836
0.0021674271
0.0021663564
0.0021652715
0.0021641721
0.0021630583
0.0021619299
0.0021607867
0.0021596288
0.002158456
0.0021572682
0.0021560654
0.0021548473
0.002153614
0.0021523652
0.002151101
0.0021498212
0.0021485256
0.0021472143
0.002145887
0.0021445436
0.002143184
0.002141808
0.0021404159
0.0021390071
0.0021375818
0.0021361398
0.0021346808
0.0021332047
0.0021317114
0.0021301996
0.0021770222
0.0021772067
0.0021773846
0.0021775544
0.0021777154
0.0021778685
0.0021780139
0.0021781513
0.0021782804
0.0021784013
0.0021785139
0.0021786182
0.0021787141
0.0021788016
0.0021788807
0.0021789513
0.0021790132
0.0021790665
0.0021791112
0.0021791472
0.0021791746
0.0021791934
0.0021792037
0.0021792054
0.0021791984
0.0021791826
0.0021791581
0.0021791249
0.0021790827
0.0021790316
0.0021789717
0.0021789027
0.0021788247
0.0021787376
0.0021786414
0.0021785361
0.0021784215
0.0021782978
0.0021781647
0.0021780223
0.0021778705
0.0021777092
0.0021775385
0.0021773582
0.0021771683
0.0021769688
0.0021767597
0.0021765407
0.002176312
0.0021760735
0.002175825
0.0021755666
0.0021752981
0.0021750196
0.002174731
0.0021744322
0.0021741231
0.0021738037
0.002173474
0.0021731339
0.0021727833
0.0021724221
0.0021720503
0.0021716679
0.0021712747
0.0021708707
0.0021704559
0.0021700301
0.0021695933
0.0021691455
0.0021686866
0.0021682164
0.002167735
0.0021672422
0.002166738
0.0021662224
0.0021656952
0.0021651563
0.0021646058
0.0021640435
0.0021634694
0.0021628833
0.0021622852
0.0021616751
0.0021610528
0.0021604183
0.0021597714
0.0021591122
0.0021584406
0.0021577564
0.0021570595
0.00215635
0.0021556276
0.0021548924
0.0021541443
0.0021533831
0.0021526087
0.0021518212
0.0021510204
0.0021502061
0.0021493784
0.002148537
0.002147682
0.0021468132
0.0021459306
0.0021450341
0.0021441235
0.0021431989
0.0021422601
0.0021413072
0.0021403399
0.0021393581
0.0021383618
0.0021373507
0.0021363249
0.0021352841
0.0021342284
0.0021331575
0.0021320714
0.00213097
0.0021298532
0.002128721
0.0021275731
0.0021264095
0.0021252301
0.0021240347
0.0021228233
0.0021215958
0.0021203521
0.0021190919
0.0021178153
0.002116522
0.0021152119
0.0021138851
0.0021125414
0.0021111807
0.0021098028
0.0021084077
0.0021069948
0.0021055644
0.0021041149
0.0021379723
0.0021382673
0.0021385527
0.00213883
0.0021390993
0.00213936
0.0021396121
0.0021398553
0.0021400895
0.0021403149
0.0021405313
0.0021407387
0.0021409373
0.0021411268
0.0021413069
0.0021414781
0.0021416403
0.0021417933
0.0021419373
0.0021420723
0.0021421981
0.0021423149
0.0021424225
0.0021425209
0.0021426101
0.0021426901
0.0021427607
0.002142822
0.0021428739
0.0021429164
0.0021429494
0.002142973
0.002142987
0.0021429914
0.0021429862
0.0021429713
0.0021429467
0.0021429124
0.0021428683
0.0021428143
0.0021427504
0.0021426766
0.0021425928
0.002142499
0.0021423951
0.002142281
0.0021421568
0.0021420223
0.0021418776
0.0021417225
0.0021415569
0.002141381
0.0021411945
0.0021409974
0.0021407897
0.0021405714
0.0021403423
0.0021401023
0.0021398516
0.0021395899
0.0021393172
0.0021390334
0.0021387386
0.0021384325
0.0021381152
0.0021377866
0.0021374467
0.0021370953
0.0021367323
0.0021363579
0.0021359717
0.0021355738
0.0021351642
0.0021347426
0.0021343092
0.0021338637
0.0021334061
0.0021329364
0.0021324545
0.0021319603
0.0021314536
0.0021309345
0.0021304029
0.0021298587
0.0021293017
0.002128732
0.0021281494
0.0021275539
0.0021269454
0.0021263237
0.0021256889
0.0021250408
0.0021243794
0.0021237045
0.002123016
0.002122314
0.0021215983
0.0021208687
0.0021201253
0.0021193677
0.0021185961
0.0021178104
0.0021170105
0.0021161962
0.0021153674
0.0021145242
0.0021136665
0.0021127941
0.002111907
0.0021110049
0.0021100879
0.0021091556
0.0021082082
0.0021072454
0.0021062671
0.0021052733
0.0021042638
0.0021032386
0.0021021975
0.0021011406
0.0021000675
0.0020989783
0.0020978728
0.002096751
0.0020956127
0.0020944578
0.0020932861
0.0020920977
0.0020908923
0.0020896697
0.0020884299
0.002087173
0.0020858986
0.0020846069
0.0020832976
0.0020819705
0.0020806251
0.0020792618
0.0020778789
0.0020974849
0.0020979146
0.0020983343
0.0020987456
0.0020991482
0.0020995417
0.0020999258
0.0021003004
0.0021006655
0.0021010209
0.0021013669
0.0021017032
0.0021020301
0.0021023473
0.0021026546
0.0021029524
0.0021032408
0.0021035197
0.0021037889
0.0021040484
0.0021042983
0.0021045385
0.0021047691
0.0021049899
0.0021052009
0.0021054022
0.0021055937
0.0021057753
0.002105947
0.0021061089
0.0021062607
0.0021064026
0.0021065345
0.0021066563
0.002106768
0.0021068696
0.0021069611
0.0021070423
0.0021071133
0.0021071739
0.0021072242
0.0021072642
0.0021072937
0.0021073127
0.0021073212
0.0021073191
0.0021073064
0.0021072831
0.002107249
0.0021072041
0.0021071484
0.0021070819
0.0021070044
0.0021069158
0.0021068163
0.0021067057
0.0021065838
0.0021064508
0.0021063065
0.0021061509
0.0021059838
0.0021058053
0.0021056153
0.0021054136
0.0021052004
0.0021049754
0.0021047386
0.0021044899
0.0021042294
0.0021039568
0.0021036722
0.0021033755
0.0021030665
0.0021027453
0.0021024118
0.0021020658
0.0021017073
0.0021013363
0.0021009526
0.0021005562
0.002100147
0.002099725
0.00209929
0.0020988419
0.0020983807
0.0020979064
0.0020974188
0.0020969178
0.0020964034
0.0020958754
0.0020953338
0.0020947786
0.0020942095
0.0020936266
0.0020930298
0.0020924189
0.0020917938
0.0020911546
0.002090501
0.0020898328
0.0020891502
0.0020884531
0.0020877414
0.0020870148
0.0020862732
0.0020855168
0.0020847456
0.0020839592
0.0020831576
0.0020823406
0.0020815081
0.0020806599
0.0020797961
0.0020789164
0.0020780208
0.0020771092
0.0020761815
0.0020752376
0.0020742773
0.0020733007
0.0020723075
0.0020712977
0.0020702712
0.0020692278
0.0020681674
0.00206709
0.0020659953
0.0020648834
0.002063754
0.002062607
0.0020614423
0.00206026
0.0020590597
0.0020578415
0.0020566054
0.0020553509
0.0020540777
0.0020527859
0.0020514743
0.0020558167
0.0020563926
0.0020569583
0.0020575145
0.0020580611
0.0020585977
0.0020591243
0.0020596406
0.0020601466
0.0020606424
0.002061128
0.0020616034
0.0020620686
0.0020625234
0.0020629677
0.0020634021
0.0020638265
0.0020642408
0.0020646448
0.0020650385
0.0020654218
0.0020657949
0.0020661576
0.0020665099
0.0020668519
0.0020671835
0.0020675048
0.0020678156
0.0020681159
0.0020684058
0.0020686852
0.002068954
0.0020692123
0.00206946
0.0020696971
0.0020699235
0.0020701392
0.0020703442
0.0020705384
0.0020707218
0.0020708944
0.0020710561
0.0020712068
0.0020713466
0.0020714753
0.002071593
0.0020716996
0.0020717951
0.0020718793
0.0020719523
0.002072014
0.0020720644
0.0020721033
0.0020721308
0.0020721468
0.0020721512
0.002072144
0.0020721251
0.0020720945
0.0020720521
0.0020719978
0.0020719316
0.0020718535
0.0020717633
0.002071661
0.0020715465
0.0020714198
0.0020712809
0.0020711295
0.0020709657
0.0020707895
0.0020706006
0.0020703991
0.0020701849
0.0020699579
0.0020697181
0.0020694653
0.0020691995
0.0020689206
0.0020686286
0.0020683233
0.0020680047
0.0020676727
0.0020673273
0.0020669683
0.0020665956
0.0020662092
0.0020658091
0.002065395
0.002064967
0.0020645249
0.0020640686
0.0020635981
0.0020631133
0.0020626141
0.0020621004
0.0020615721
0.0020610292
0.0020604713
0.0020598985
0.002059311
0.0020587084
0.0020580908
0.0020574578
0.0020568092
0.0020561456
0.0020554667
0.0020547721
0.0020540617
0.0020533354
0.0020525931
0.0020518347
0.0020510601
0.0020502692
0.0020494618
0.002048638
0.0020477975
0.0020469403
0.0020460664
0.0020451755
0.0020442676
0.0020433426
0.0020424003
0.0020414406
0.0020404635
0.0020394688
0.0020384564
0.0020374262
0.0020363781
0.0020353117
0.0020342272
0.0020331245
0.0020320033
0.0020308638
0.0020297058
0.0020285288
0.0020273325
0.0020261171
0.0020248817
0.0020128463
0.002013582
0.0020143069
0.0020150206
0.0020157233
0.002016415
0.0020170957
0.0020177655
0.0020184242
0.002019072
0.0020197088
0.0020203346
0.0020209494
0.0020215532
0.0020221457
0.0020227278
0.0020232992
0.0020238598
0.0020244093
0.0020249478
0.0020254751
0.0020259914
0.0020264966
0.0020269908
0.0020274739
0.002027946
0.002028407
0.0020288569
0.0020292957
0.0020297234
0.00203014
0.0020305454
0.0020309396
0.0020313226
0.0020316944
0.0020320549
0.0020324042
0.0020327421
0.0020330686
0.0020333838
0.0020336875
0.0020339798
0.0020342606
0.0020345299
0.0020347876
0.0020350337
0.0020352681
0.0020354909
0.0020357019
0.0020359011
0.0020360885
0.002036264
0.0020364276
0.0020365793
0.0020367189
0.0020368464
0.0020369618
0.002037065
0.002037156
0.0020372347
0.002037301
0.0020373549
0.0020373964
0.0020374253
0.0020374416
0.0020374453
0.0020374363
0.0020374145
0.0020373798
0.0020373322
0.0020372716
0.002037198
0.0020371113
0.0020370113
0.0020368981
0.0020367716
0.0020366316
0.0020364782
0.0020363112
0.0020361306
0.0020359363
0.0020357281
0.0020355061
0.0020352701
0.0020350201
0.002034756
0.0020344777
0.0020341851
0.0020338782
0.0020335568
0.0020332208
0.0020328702
0.0020325049
0.0020321249
0.0020317299
0.0020313199
0.0020308948
0.0020304546
0.0020299991
0.0020295281
0.002029042
0.0020285404
0.0020280231
0.00202749
0.0020269409
0.0020263763
0.0020257959
0.0020251993
0.0020245864
0.0020239569
0.002023311
0.0020226484
0.002021969
0.0020212728
0.0020205597
0.0020198296
0.0020190823
0.0020183178
0.0020175359
0.0020167367
0.0020159198
0.0020150853
0.002014233
0.0020133629
0.0020124747
0.0020115684
0.0020106438
0.0020097009
0.0020087395
0.0020077593
0.0020067604
0.0020057428
0.0020047062
0.0020036507
0.0020025761
0.0020014818
0.0020003678
0.0019992339
0.00199808
0.0019684333
0.0019693445
0.0019702433
0.0019711289
0.0019720018
0.0019728625
0.0019737112
0.0019745481
0.0019753731
0.0019761862
0.0019769874
0.0019777767
0.0019785542
0.0019793197
0.0019800734
0.0019808158
0.0019815466
0.0019822656
0.0019829727
0.0019836679
0.0019843512
0.0019850225
0.001985682
0.0019863296
0.0019869654
0.0019875894
0.0019882015
0.0019888017
0.0019893901
0.0019899667
0.0019905313
0.0019910841
0.001991625
0.0019921539
0.0019926709
0.001993176
0.0019936691
0.0019941502
0.0019946192
0.0019950762
0.0019955212
0.001995954
0.0019963747
0.0019967832
0.0019971795
0.0019975636
0.0019979354
0.0019982949
0.001998642
0.0019989768
0.0019992992
0.001999609
0.0019999064
0.0020001912
0.0020004634
0.0020007229
0.0020009698
0.0020012039
0.0020014251
0.0020016336
0.0020018291
0.0020020117
0.0020021812
0.0020023377
0.002002481
0.0020026111
0.002002728
0.0020028315
0.0020029217
0.0020029984
0.0020030617
0.0020031113
0.0020031472
0.0020031695
0.002003178
0.0020031726
0.0020031533
0.0020031199
0.0020030725
0.002003011
0.0020029352
0.0020028451
0.0020027406
0.0020026216
0.0020024881
0.0020023399
0.0020021771
0.0020019994
0.0020018069
0.0020015994
0.0020013768
0.0020011391
0.0020008861
0.0020006179
0.0020003342
0.002000035
0.0019997202
0.0019993897
0.0019990435
0.0019986814
0.0019983035
0.0019979097
0.0019974996
0.0019970732
0.0019966303
0.0019961715
0.0019956963
0.0019952043
0.0019946954
0.0019941695
0.0019936264
0.0019930661
0.0019924886
0.0019918936
0.0019912811
0.0019906511
0.0019900034
0.0019893379
0.0019886545
0.0019879531
0.0019872335
0.0019864958
0.0019857397
0.0019849651
0.0019841719
0.00198336
0.0019825294
0.0019816797
0.001980811
0.001979923
0.0019790157
0.001978089
0.0019771428
0.001976177
0.0019751914
0.0019741855
0.0019731593
0.0019721127
0.0019710459
0.001969957
0.0019356879
0.0019366176
0.0019375347
0.001938439
0.0019393303
0.0019402088
0.0019410745
0.0019419272
0.0019427672
0.0019435943
0.0019444086
0.0019452102
0.0019459991
0.0019467752
0.0019475385
0.0019482891
0.001949027
0.0019497522
0.0019504646
0.0019511643
0.0019518512
0.0019525254
0.0019531868
0.0019538354
0.0019544713
0.0019550943
0.0019557046
0.0019563019
0.0019568865
0.0019574581
0.0019580168
0.0019585626
0.0019590955
0.0019596153
0.0019601222
0.001960616
0.0019610967
0.0019615643
0.0019620188
0.00196246
0.0019628881
0.0019633028
0.0019637043
0.0019640924
0.0019644671
0.0019648284
0.0019651762
0.0019655104
0.0019658311
0.0019661381
0.0019664314
0.001966711
0.0019669768
0.0019672287
0.0019674666
0.0019676907
0.0019679006
0.0019680965
0.0019682781
0.0019684456
0.0019685987
0.0019687375
0.0019688618
0.0019689717
0.0019690669
0.0019691475
0.0019692134
0.0019692645
0.0019693007
0.0019693219
0.0019693281
0.0019693192
0.0019692951
0.0019692557
0.001969201
0.0019691308
0.0019690451
0.0019689438
0.0019688267
0.0019686939
0.0019685452
0.0019683805
0.0019681997
0.0019680028
0.0019677896
0.0019675602
0.0019673143
0.0019670521
0.0019667734
0.0019664779
0.0019661655
0.0019658362
0.0019654903
0.0019651274
0.0019647472
0.0019643495
0.0019639341
0.001963501
0.0019630501
0.0019625813
0.0019620946
0.0019615897
0.0019610667
0.0019605254
0.0019599657
0.0019593875
0.0019587907
0.0019581752
0.0019575409
0.0019568876
0.0019562152
0.0019555236
0.0019548127
0.0019540824
0.0019533325
0.0019525629
0.0019517734
0.001950964
0.0019501346
0.001949285
0.001948415
0.0019475244
0.0019466131
0.001945681
0.0019447278
0.0019437541
0.0019427568
0.0018905008
0.0018916236
0.0018927318
0.0018938258
0.0018949057
0.0018959715
0.0018970234
0.0018980614
0.0018990855
0.0019000956
0.0019010919
0.0019020744
0.001903043
0.0019039979
0.001904939
0.0019058663
0.0019067798
0.0019076796
0.0019085657
0.001909438
0.0019102967
0.0019111416
0.0019119729
0.0019127904
0.0019135942
0.0019143843
0.0019151607
0.0019159233
0.0019166722
0.0019174074
0.0019181287
0.0019188363
0.0019195301
0.0019202101
0.0019208763
0.0019215286
0.001922167
0.0019227915
0.0019234021
0.0019239987
0.0019245812
0.0019251498
0.0019257043
0.0019262447
0.001926771
0.0019272831
0.001927781
0.0019282646
0.0019287339
0.0019291888
0.0019296294
0.0019300555
0.0019304671
0.0019308642
0.0019312467
0.0019316145
0.0019319676
0.0019323059
0.0019326294
0.001932938
0.0019332316
0.0019335102
0.0019337737
0.0019340221
0.0019342553
0.0019344732
0.0019346757
0.0019348628
0.0019350343
0.0019351903
0.0019353306
0.0019354552
0.001935564
0.0019356569
0.0019357338
0.0019357946
0.0019358393
0.0019358678
0.0019358799
0.0019358757
0.0019358549
0.0019358176
0.0019357635
0.0019356928
0.0019356051
0.0019355006
0.001935379
0.0019352404
0.0019350848
0.0019349117
0.0019347213
0.0019345133
0.001934288
0.0019340451
0.0019337844
0.0019335056
0.0019332085
0.001932893
0.001932559
0.0019322066
0.0019318355
0.0019314457
0.0019310371
0.0019306097
0.0019301632
0.0019296975
0.0019292126
0.0019287084
0.0019281847
0.0019276413
0.0019270783
0.0019264953
0.0019258925
0.0019252695
0.0019246263
0.0019239628
0.0019232787
0.0019225739
0.0019218486
0.0019211024
0.0019203348
0.0019195459
0.0019187359
0.0019179045
0.0019170513
0.001916177
0.0019152781
0.0019028112
0.0019028226
0.0019028164
0.0019027924
0.0019027505
0.0019026905
0.0019026121
0.0019025157
0.0019024011
0.0019022683
0.0019021168
0.0019019463
0.0019017566
0.0019015478
0.0019013198
0.0019010726
0.001900806
0.0019005199
0.0019002143
0.0018998889
0.0018995437
0.0018991786
0.0018987934
0.001898388
0.0018979624
0.0018975163
0.0018970497
0.0018965624
0.0018960543
0.0018955253
0.0018949753
0.0018944039
0.0018938113
0.0018931973
0.0018925618
0.0018919038
0.0018912239
0.0018905224
0.0018897988
0.0018890527
0.001888285
0.0018874915
0.001870018
0.0018700783
0.00187012
0.0018701429
0.0018701471
0.0018701319
0.0018700969
0.001870042
0.0018699673
0.0018698727
0.0018697581
0.0018696234
0.0018694685
0.0018692933
0.0018690977
0.0018688815
0.0018686446
0.0018683869
0.0018681083
0.0018678087
0.0018674879
0.0018671458
0.0018667824
0.0018663973
0.0018659906
0.0018655621
0.0018651115
0.0018646389
0.0018641441
0.0018636272
)
;

boundaryField
{
    front
    {
        type            empty;
    }
    back
    {
        type            empty;
    }
    inlet
    {
        type            fixedValue;
        value           nonuniform List<scalar> 0();
    }
    outlet
    {
        type            zeroGradient;
    }
    top
    {
        type            zeroGradient;
    }
    slipsurface
    {
        type            slip;
    }
    bottom
    {
        type            kqRWallFunction;
        value           nonuniform List<scalar> 0();
    }
    procBoundary3to0
    {
        type            processor;
        value           nonuniform List<scalar> 
126
(
0.0040548553
0.004053281
0.0040517071
0.0040501341
0.0040485626
0.0040469922
0.0040454224
0.0040438531
0.004042284
0.0040407153
0.004039147
0.0040375792
0.0040360119
0.0040344451
0.0040328788
0.004031313
0.0040297476
0.0040281827
0.0040266181
0.0040250539
0.0040234901
0.0040219266
0.0040203634
0.0040188006
0.004017238
0.0040156757
0.0040141137
0.004012552
0.0040109904
0.0040094291
0.0040078679
0.0040063069
0.0040047461
0.0040031854
0.0040016247
0.0040000642
0.0039985037
0.0039969432
0.0039953828
0.0039938223
0.0039922618
0.0039907013
0.0039891407
0.00398758
0.0039860192
0.0039844582
0.003982897
0.0039813357
0.0039797741
0.0039782123
0.0039766503
0.0039750879
0.0039735252
0.0039719622
0.0039703987
0.0039688349
0.0039672706
0.0039657059
0.0039641406
0.0039625749
0.0039610085
0.0039594416
0.0039578741
0.0039563059
0.003954737
0.0039531674
0.0039515971
0.0039500259
0.0039484539
0.0039468811
0.0039453073
0.0039437326
0.003942157
0.0039405803
0.0039390025
0.0039374236
0.0039358436
0.0039342624
0.00393268
0.0039310962
0.0039295112
0.0039279248
0.003926337
0.0039247476
0.0039231568
0.0039215644
0.0039199704
0.0039183747
0.0039167773
0.003915178
0.003913577
0.003911974
0.0039103691
0.0039087622
0.0039071532
0.003905542
0.0039039286
0.003902313
0.0039006951
0.0038990747
0.0038974519
0.0038958264
0.0038941982
0.0038925672
0.0038909334
0.003889297
0.0038876578
0.0038860158
0.0038843707
0.0038827224
0.0038810708
0.0038794158
0.0038777573
0.0038760953
0.0038744296
0.0038727602
0.003871087
0.0038694099
0.0038677288
0.0038660437
0.0038643543
0.0038626607
0.0038609628
0.0038592591
0.0038575567
0.0038558163
)
;
    }
    procBoundary3to1
    {
        type            processor;
        value           nonuniform List<scalar> 7(0.0038540943 0.0038523748 0.0038506556 0.0038489314 0.0038471994 0.0038454589 0.0038437129);
    }
    procBoundary3to2
    {
        type            processor;
        value           nonuniform List<scalar> 
96
(
0.0038390721
0.0038352413
0.0038305026
0.0038248867
0.0038184233
0.0038111414
0.003803069
0.003803069
0.0037923574
0.0037827717
0.0037724749
0.0037614921
0.0037498473
0.0037375641
0.0037246654
0.0037111734
0.0036971097
0.0036824954
0.0036673509
0.0036516962
0.0036355508
0.0036189334
0.0036018626
0.0035843563
0.003566432
0.0035481067
0.003529397
0.0035103191
0.0034908887
0.0034711211
0.0034510314
0.003430634
0.0034099431
0.0033889724
0.0033677353
0.0033462448
0.0033245136
0.0033025539
0.0032803777
0.0032579964
0.0032354213
0.0032126631
0.0031897324
0.0031666392
0.0031433934
0.0031200043
0.003096481
0.0030728322
0.0030490663
0.0030251913
0.0030012147
0.002977144
0.002952986
0.0029287474
0.0029044342
0.0028800525
0.0028556076
0.0028311047
0.0028065485
0.0027819433
0.0027572932
0.0027326016
0.0027078717
0.0026831064
0.0026583078
0.002633478
0.0026086183
0.0025837298
0.002558813
0.002533868
0.0025088943
0.0024838909
0.0024588563
0.0024337883
0.0024086844
0.002383541
0.0023583543
0.0023331196
0.0023078313
0.0022824832
0.0022570682
0.0022315783
0.0022060046
0.0021803369
0.0021545641
0.0021286735
0.0021026511
0.0020764812
0.0020501466
0.0020236282
0.0019969058
0.0019969058
0.0019688507
0.0019417403
0.0019143574
0.0018866735
)
;
    }
    procBoundary3to4
    {
        type            processor;
        value           nonuniform List<scalar> 
37
(
0.0018630866
0.0018625236
0.0018619382
0.0018613302
0.0018606988
0.001860045
0.0018593647
0.0018368516
0.0018370414
0.0018372118
0.0018373628
0.0018374937
0.0018376041
0.0018376938
0.0018377629
0.0018378113
0.0018378389
0.0018378457
0.0018378315
0.0018377962
0.0018377396
0.0018376617
0.0018375623
0.0018374413
0.0018372986
0.001837134
0.0018369475
0.0018367389
0.0018365081
0.0018362549
0.0018359792
0.0018356809
0.0018353598
0.0018350158
0.0018346488
0.0018630866
0.0018342588
)
;
    }
    procBoundary3to7
    {
        type            processor;
        value           nonuniform List<scalar> 
115
(
0.0021373589
0.0021376692
0.0021376692
0.0020970464
0.0020552313
0.0020121008
0.001967513
0.0019224162
0.0019235186
0.0019246077
0.0019256819
0.0019267418
0.001927788
0.001928821
0.0019298409
0.0019308478
0.0019318417
0.0019328227
0.0019337907
0.0019347457
0.0019347457
0.001889365
0.0018435755
0.00184491
0.0018462289
0.0018475317
0.0018488189
0.0018500908
0.0018513474
0.0018525887
0.0018538148
0.0018550258
0.0018562216
0.0018574023
0.001858568
0.0018597186
0.0018608542
0.0018619748
0.0018630805
0.0018641712
0.001865247
0.001866308
0.0018673542
0.0018683854
0.0018694019
0.0018704036
0.0018713905
0.0018723626
0.00187332
0.0018742625
0.0018751902
0.0018761032
0.0018770014
0.0018778849
0.0018787535
0.0018796074
0.0018804465
0.0018812708
0.0018820802
0.0018828748
0.0018836546
0.0018844194
0.0018851694
0.0018859045
0.0018866246
0.0018873297
0.0018880199
0.001888695
0.0018893551
0.00189
0.0018906299
0.0018912445
0.001891844
0.0018924282
0.0018929971
0.0018935507
0.0018940889
0.0018946117
0.001895119
0.0018956107
0.0018960869
0.0018965474
0.0018969922
0.0018974213
0.0018978345
0.0018982319
0.0018986133
0.0018989787
0.001899328
0.0018996612
0.0018999782
0.0019002789
0.0019005632
0.0019008311
0.0019010825
0.0019013173
0.0019015354
0.0019017368
0.0019019214
0.001902089
0.0019022397
0.0019023732
0.0019024896
0.0019025888
0.0019026706
0.0019027349
0.0019027817
0.0019027817
0.0018694322
0.0018695864
0.0018697222
0.0018698394
0.001869938
0.001869938
0.0018366419
)
;
    }
    procBoundary3to9
    {
        type            processor;
        value           nonuniform List<scalar> 
95
(
0.0040643021
0.0040627252
0.0040611506
0.0040595771
0.0040580036
0.0040564314
0.0040646832
0.0040625263
0.0040594433
0.0040554641
0.0040506174
0.0040449312
0.0040384322
0.0040311466
0.0040311466
0.0040247606
0.0040159832
0.004006492
0.0039963098
0.0039854589
0.0039739606
0.0039618358
0.0039491048
0.0039357869
0.0039219014
0.0039074664
0.0038925
0.0038770194
0.0038610416
0.0038445827
0.0038276587
0.0038102849
0.0037924757
0.0037924757
0.0037759842
0.003757346
0.0037383133
0.003718899
0.0036991154
0.0036789746
0.0036584879
0.0036376664
0.0036165208
0.0035950611
0.003573297
0.0035512377
0.0035288921
0.0035062683
0.0034833744
0.0034602176
0.0034368048
0.0034131426
0.0033892367
0.0033650927
0.0033407154
0.0033161093
0.0032912782
0.0032662255
0.0032409538
0.0032154654
0.0031897619
0.0031638441
0.0031377123
0.0031113662
0.0030848047
0.0030580259
0.0030310272
0.0030038055
0.0029750007
0.0029750007
0.0029473487
0.0029194594
0.0028913259
0.0028629405
0.0028342939
0.0028053757
0.002776174
0.0027466754
0.0027168653
0.002686727
0.0026562423
0.002625391
0.0025941507
0.0025624968
0.0025304019
0.0024978361
0.0024647665
0.0024311568
0.0023969672
0.0023621538
0.0023266682
0.0022904565
0.0022534588
0.0022156082
0.0021768299
)
;
    }
}


// ************************************************************************* //
