/*--------------------------------*- C++ -*----------------------------------*\
  =========                 |
  \\      /  F ield         | OpenFOAM: The Open Source CFD Toolbox
   \\    /   O peration     | Website:  https://openfoam.org
    \\  /    A nd           | Version:  12
     \\/     M anipulation  |
\*---------------------------------------------------------------------------*/
FoamFile
{
    format      ascii;
    class       surfaceScalarField;
    location    "1000";
    object      phi;
}
// * * * * * * * * * * * * * * * * * * * * * * * * * * * * * * * * * * * * * //

dimensions      [0 3 -1 0 0 0 0];

internalField   nonuniform List<scalar> 
25624
(
2.5532525e-09
3.3524085e-15
2.5532395e-09
1.2912039e-14
2.5532278e-09
1.17092e-14
2.5532178e-09
1.00235e-14
2.553209e-09
8.8377236e-15
2.5532005e-09
8.5047829e-15
2.553192e-09
8.5066276e-15
2.5531834e-09
8.5269018e-15
2.5531749e-09
8.5404702e-15
2.5531663e-09
8.5640789e-15
2.5531577e-09
8.5956297e-15
2.5531491e-09
8.6377578e-15
2.5531404e-09
8.6581896e-15
2.5531318e-09
8.6772576e-15
2.553123e-09
8.7091693e-15
2.5531143e-09
8.740461e-15
2.5531055e-09
8.7711531e-15
2.5530967e-09
8.8014201e-15
2.5530879e-09
8.8307811e-15
2.553079e-09
8.8591019e-15
2.5530702e-09
8.886511e-15
2.5530612e-09
8.9131645e-15
2.5530523e-09
8.9392139e-15
2.5530433e-09
8.9647773e-15
2.5530344e-09
8.9899354e-15
2.5530253e-09
9.0147173e-15
2.5530163e-09
9.0391558e-15
2.5530072e-09
9.0632836e-15
2.5529981e-09
9.0871089e-15
2.552989e-09
9.1106402e-15
2.5529799e-09
9.133887e-15
2.5529707e-09
9.156855e-15
2.5529616e-09
9.1795343e-15
2.5529524e-09
9.2019411e-15
2.5529431e-09
9.2240584e-15
2.5529339e-09
9.2459299e-15
2.5529246e-09
9.2675056e-15
2.5529153e-09
9.2887827e-15
2.552906e-09
9.3098239e-15
2.5528967e-09
9.3305976e-15
2.5528873e-09
9.3510817e-15
2.552878e-09
9.37128e-15
2.5528686e-09
9.391215e-15
2.5528592e-09
9.4108671e-15
2.5528497e-09
9.4302319e-15
2.5528403e-09
9.4493391e-15
2.5528308e-09
9.4681885e-15
2.5528213e-09
9.4867688e-15
2.5528118e-09
9.5050594e-15
2.5528023e-09
9.5230768e-15
2.5527928e-09
9.5408033e-15
2.5527832e-09
9.5582668e-15
2.5527736e-09
9.5754858e-15
2.552764e-09
9.5923853e-15
2.5527544e-09
9.6090168e-15
2.5527448e-09
9.6253675e-15
2.5527352e-09
9.6414865e-15
2.5527255e-09
9.6573303e-15
2.5527158e-09
9.6728495e-15
2.5527062e-09
9.6881362e-15
2.5526964e-09
9.7031509e-15
2.5526867e-09
9.7178335e-15
2.552677e-09
9.7322821e-15
2.5526673e-09
9.7464754e-15
2.5526575e-09
9.7603427e-15
2.5526477e-09
9.7739576e-15
2.5526379e-09
9.7873341e-15
2.5526281e-09
9.8004064e-15
2.5526183e-09
9.8131654e-15
2.5526085e-09
9.8256882e-15
2.5525987e-09
9.8379345e-15
2.5525888e-09
9.8498852e-15
2.5525789e-09
9.8615829e-15
2.5525691e-09
9.8730257e-15
2.5525592e-09
9.8841628e-15
2.5525493e-09
9.8949967e-15
2.5525394e-09
9.9055593e-15
2.5525295e-09
9.9159012e-15
2.5525195e-09
9.9258734e-15
2.5525096e-09
9.9352779e-15
2.5524997e-09
9.9445856e-15
2.5524897e-09
9.9540542e-15
2.5524797e-09
9.9632006e-15
2.5524698e-09
9.9718443e-15
2.5524598e-09
9.9801799e-15
2.5524498e-09
9.9882332e-15
2.5524398e-09
9.996078e-15
2.5524298e-09
1.0003827e-14
2.5524198e-09
1.0011164e-14
2.5524098e-09
1.0017862e-14
2.5523998e-09
1.0024077e-14
2.5523897e-09
1.0030343e-14
2.5523797e-09
1.0036869e-14
2.5523696e-09
1.00428e-14
2.5523596e-09
1.0048162e-14
2.5523495e-09
1.0053666e-14
2.5523395e-09
1.0058945e-14
2.5523294e-09
1.006345e-14
2.5523193e-09
1.0067423e-14
2.5523093e-09
1.0071376e-14
2.5522992e-09
1.0075373e-14
2.5522891e-09
1.007898e-14
2.552279e-09
1.0082286e-14
2.552269e-09
1.0085626e-14
2.5522589e-09
1.0088528e-14
2.5522488e-09
1.0090884e-14
2.5522387e-09
1.0093113e-14
2.5522286e-09
1.0095102e-14
2.5522185e-09
1.0096608e-14
2.5522084e-09
1.0097777e-14
2.5521983e-09
1.0098655e-14
2.5521882e-09
1.009961e-14
2.5521781e-09
1.0100905e-14
2.552168e-09
1.010242e-14
2.5521579e-09
1.0104589e-14
2.5521478e-09
1.0104182e-14
2.5521377e-09
1.0098091e-14
2.5521276e-09
1.0092538e-14
2.5521175e-09
1.0093212e-14
2.5521074e-09
1.0095174e-14
2.5520973e-09
1.0095152e-14
2.5520872e-09
1.0090425e-14
2.5520771e-09
1.0090622e-14
2.5520671e-09
1.0068637e-14
2.552057e-09
1.0090587e-14
2.5520467e-09
1.0226162e-14
2.5520366e-09
1.0140226e-14
2.5520267e-09
9.8956007e-15
2.5520168e-09
9.9403957e-15
2.5520067e-09
1.0097015e-14
2.5519965e-09
1.0120034e-14
2.5519865e-09
1.0052489e-14
2.5519765e-09
1.0006768e-14
2.5519665e-09
1.001219e-14
2.5519563e-09
1.0174388e-14
2.5519462e-09
1.006012e-14
2.5519362e-09
1.0049421e-14
4.9945314e-15
7.6661518e-09
1.3433828e-14
7.666113e-09
5.1745723e-14
7.6660778e-09
4.6881879e-14
7.6660477e-09
4.0128093e-14
7.6660212e-09
3.5393137e-14
7.6659956e-09
3.4060443e-14
7.6659701e-09
3.4064138e-14
7.6659444e-09
3.4146975e-14
7.6659188e-09
3.4201471e-14
7.665893e-09
3.4295788e-14
7.6658672e-09
3.442247e-14
7.6658413e-09
3.4589396e-14
7.6658153e-09
3.4672724e-14
7.6657892e-09
3.4749169e-14
7.665763e-09
3.4876768e-14
7.6657367e-09
3.5002088e-14
7.6657104e-09
3.5125012e-14
7.665684e-09
3.5246221e-14
7.6656574e-09
3.5363807e-14
7.6656308e-09
3.547723e-14
7.6656041e-09
3.5587002e-14
7.6655773e-09
3.5693748e-14
7.6655505e-09
3.5798075e-14
7.6655235e-09
3.5900456e-14
7.6654965e-09
3.6001212e-14
7.6654694e-09
3.6100461e-14
7.6654423e-09
3.6198336e-14
7.665415e-09
3.6294965e-14
7.6653877e-09
3.6390383e-14
7.6653604e-09
3.6484623e-14
7.6653329e-09
3.6577725e-14
7.6653054e-09
3.6669709e-14
7.6652778e-09
3.6760536e-14
7.6652502e-09
3.6850273e-14
7.6652225e-09
3.693885e-14
7.6651947e-09
3.7026443e-14
7.6651668e-09
3.711285e-14
7.6651389e-09
3.7198062e-14
7.665111e-09
3.728233e-14
7.6650829e-09
3.7365526e-14
7.6650548e-09
3.7447562e-14
7.6650267e-09
3.7528454e-14
7.6649984e-09
3.7608292e-14
7.6649702e-09
3.7686996e-14
7.6649418e-09
3.776455e-14
7.6649134e-09
3.7841072e-14
7.664885e-09
3.7916562e-14
7.6648565e-09
3.7990974e-14
7.6648279e-09
3.8064226e-14
7.6647993e-09
3.8136384e-14
7.6647707e-09
3.8207377e-14
7.6647419e-09
3.8277317e-14
7.6647132e-09
3.8346279e-14
7.6646843e-09
3.8413958e-14
7.6646555e-09
3.8480567e-14
7.6646265e-09
3.854605e-14
7.6645976e-09
3.8610606e-14
7.6645686e-09
3.867406e-14
7.6645395e-09
3.8736212e-14
7.6645104e-09
3.8797436e-14
7.6644812e-09
3.885757e-14
7.664452e-09
3.8916371e-14
7.6644228e-09
3.8974239e-14
7.6643935e-09
3.9031082e-14
7.6643642e-09
3.9086619e-14
7.6643348e-09
3.9141148e-14
7.6643054e-09
3.9194721e-14
7.664276e-09
3.9247075e-14
7.6642465e-09
3.9298174e-14
7.664217e-09
3.9348329e-14
7.6641874e-09
3.9397375e-14
7.6641578e-09
3.9445237e-14
7.6641282e-09
3.9492087e-14
7.6640985e-09
3.9537916e-14
7.6640688e-09
3.9582519e-14
7.6640391e-09
3.9625909e-14
7.6640093e-09
3.9668211e-14
7.6639795e-09
3.9709637e-14
7.6639497e-09
3.9749571e-14
7.6639198e-09
3.9787269e-14
7.66389e-09
3.9824549e-14
7.6638601e-09
3.9862438e-14
7.6638301e-09
3.9899062e-14
7.6638002e-09
3.9933686e-14
7.6637702e-09
3.9967078e-14
7.6637402e-09
3.999933e-14
7.6637101e-09
4.0030755e-14
7.6636801e-09
4.0061766e-14
7.66365e-09
4.0091153e-14
7.6636199e-09
4.0118005e-14
7.6635898e-09
4.0142926e-14
7.6635596e-09
4.0168029e-14
7.6635295e-09
4.0194114e-14
7.6634993e-09
4.021788e-14
7.6634691e-09
4.0239386e-14
7.6634389e-09
4.0261396e-14
7.6634087e-09
4.0282534e-14
7.6633784e-09
4.03006e-14
7.6633482e-09
4.0316547e-14
7.6633179e-09
4.0332388e-14
7.6632877e-09
4.0348368e-14
7.6632574e-09
4.0362825e-14
7.6632271e-09
4.0376072e-14
7.6631968e-09
4.0389429e-14
7.6631665e-09
4.040105e-14
7.6631361e-09
4.0410508e-14
7.6631058e-09
4.0419428e-14
7.6630755e-09
4.0427392e-14
7.6630451e-09
4.0433451e-14
7.6630148e-09
4.0438145e-14
7.6629845e-09
4.0441675e-14
7.6629541e-09
4.0445504e-14
7.6629238e-09
4.0450639e-14
7.6628934e-09
4.0456693e-14
7.6628631e-09
4.0465282e-14
7.6628327e-09
4.0463664e-14
7.6628023e-09
4.0439626e-14
7.662772e-09
4.0417478e-14
7.6627417e-09
4.0419938e-14
7.6627114e-09
4.0427666e-14
7.662681e-09
4.0427707e-14
7.6626507e-09
4.0408744e-14
7.6626204e-09
4.0410039e-14
7.6625901e-09
4.0321546e-14
7.6625598e-09
4.0412581e-14
7.6625291e-09
4.0938226e-14
7.6624986e-09
4.0601336e-14
7.6624689e-09
3.9648465e-14
7.662439e-09
3.9815274e-14
7.6624087e-09
4.0430192e-14
7.6623783e-09
4.0523179e-14
7.6623481e-09
4.0256861e-14
7.662318e-09
4.0077618e-14
7.6622879e-09
4.0094655e-14
7.6622574e-09
4.0744706e-14
7.6622271e-09
4.0278672e-14
7.6621969e-09
4.0241405e-14
2.0009255e-14
1.2801351e-08
3.0298727e-14
1.2801286e-08
1.166776e-13
1.2801228e-08
1.0566952e-13
1.2801177e-08
9.0429841e-14
1.2801133e-08
7.978213e-14
1.280109e-08
7.6778779e-14
1.2801047e-08
7.6781236e-14
1.2801005e-08
7.6969855e-14
1.2800962e-08
7.7093252e-14
1.2800919e-08
7.7305571e-14
1.2800876e-08
7.7591286e-14
1.2800832e-08
7.7965199e-14
1.2800789e-08
7.8155058e-14
1.2800745e-08
7.8327803e-14
1.2800701e-08
7.861509e-14
1.2800657e-08
7.8897611e-14
1.2800613e-08
7.9174755e-14
1.2800569e-08
7.9448017e-14
1.2800525e-08
7.9713115e-14
1.280048e-08
7.9968831e-14
1.2800436e-08
8.0216315e-14
1.2800391e-08
8.0456975e-14
1.2800346e-08
8.0692179e-14
1.2800301e-08
8.0922995e-14
1.2800256e-08
8.1150146e-14
1.2800211e-08
8.1373897e-14
1.2800165e-08
8.159455e-14
1.280012e-08
8.1812395e-14
1.2800074e-08
8.2027507e-14
1.2800028e-08
8.2239962e-14
1.2799982e-08
8.244985e-14
1.2799936e-08
8.2657218e-14
1.279989e-08
8.286198e-14
1.2799844e-08
8.3064283e-14
1.2799798e-08
8.3263969e-14
1.2799751e-08
8.346144e-14
1.2799705e-08
8.3656234e-14
1.2799658e-08
8.3848333e-14
1.2799611e-08
8.4038309e-14
1.2799565e-08
8.4225865e-14
1.2799518e-08
8.4410805e-14
1.2799471e-08
8.4593167e-14
1.2799423e-08
8.4773153e-14
1.2799376e-08
8.4950581e-14
1.2799329e-08
8.5125417e-14
1.2799281e-08
8.5297929e-14
1.2799234e-08
8.5468114e-14
1.2799186e-08
8.5635868e-14
1.2799138e-08
8.5801006e-14
1.2799091e-08
8.5963679e-14
1.2799043e-08
8.6123724e-14
1.2798995e-08
8.6281399e-14
1.2798947e-08
8.6436866e-14
1.2798898e-08
8.6589443e-14
1.279885e-08
8.6739606e-14
1.2798802e-08
8.6887233e-14
1.2798753e-08
8.7032771e-14
1.2798705e-08
8.717582e-14
1.2798656e-08
8.7315937e-14
1.2798608e-08
8.7453963e-14
1.2798559e-08
8.758953e-14
1.279851e-08
8.7722092e-14
1.2798461e-08
8.7852552e-14
1.2798412e-08
8.7980703e-14
1.2798363e-08
8.8105906e-14
1.2798314e-08
8.8228838e-14
1.2798265e-08
8.8349618e-14
1.2798216e-08
8.8467645e-14
1.2798166e-08
8.8582846e-14
1.2798117e-08
8.8695919e-14
1.2798068e-08
8.8806492e-14
1.2798018e-08
8.8914395e-14
1.2797969e-08
8.9020017e-14
1.2797919e-08
8.9123338e-14
1.279787e-08
8.9223894e-14
1.279782e-08
8.9321716e-14
1.279777e-08
8.9417086e-14
1.279772e-08
8.9510484e-14
1.279767e-08
8.9600514e-14
1.2797621e-08
8.9685557e-14
1.2797571e-08
8.9769605e-14
1.2797521e-08
8.9854976e-14
1.2797471e-08
8.9937532e-14
1.279742e-08
9.0015602e-14
1.279737e-08
9.0090898e-14
1.279732e-08
9.0163611e-14
1.279727e-08
9.0234465e-14
1.279722e-08
9.0304344e-14
1.2797169e-08
9.0370604e-14
1.2797119e-08
9.0431185e-14
1.2797069e-08
9.0487424e-14
1.2797018e-08
9.0544029e-14
1.2796968e-08
9.0602762e-14
1.2796918e-08
9.0656356e-14
1.2796867e-08
9.0704893e-14
1.2796817e-08
9.0754472e-14
1.2796766e-08
9.0802117e-14
1.2796716e-08
9.0842889e-14
1.2796665e-08
9.0878905e-14
1.2796614e-08
9.0914632e-14
1.2796564e-08
9.0950629e-14
1.2796513e-08
9.0983239e-14
1.2796463e-08
9.1013119e-14
1.2796412e-08
9.1043201e-14
1.2796361e-08
9.10694e-14
1.2796311e-08
9.1090763e-14
1.279626e-08
9.1110871e-14
1.2796209e-08
9.1128833e-14
1.2796158e-08
9.1142534e-14
1.2796108e-08
9.1153146e-14
1.2796057e-08
9.1161133e-14
1.2796006e-08
9.1169771e-14
1.2795956e-08
9.1181278e-14
1.2795905e-08
9.1194888e-14
1.2795854e-08
9.1214097e-14
1.2795803e-08
9.1210509e-14
1.2795753e-08
9.115689e-14
1.2795702e-08
9.1107135e-14
1.2795651e-08
9.1112302e-14
1.2795601e-08
9.112952e-14
1.279555e-08
9.1129756e-14
1.2795499e-08
9.1087145e-14
1.2795448e-08
9.1090474e-14
1.2795398e-08
9.0891511e-14
1.2795347e-08
9.1098695e-14
1.2795296e-08
9.2258499e-14
1.2795245e-08
9.1511462e-14
1.2795195e-08
8.9403665e-14
1.2795145e-08
8.9762667e-14
1.2795095e-08
9.1127692e-14
1.2795044e-08
9.1337918e-14
1.2794993e-08
9.0745019e-14
1.2794943e-08
9.0346423e-14
1.2794893e-08
9.0378704e-14
1.2794842e-08
9.1842815e-14
1.2794791e-08
9.0780247e-14
1.2794741e-08
9.0702756e-14
4.5125406e-14
1.7973755e-08
5.4034051e-14
1.7973663e-08
2.0796852e-13
1.7973581e-08
1.8832505e-13
1.797351e-08
1.6113065e-13
1.7973447e-08
1.4219775e-13
1.7973387e-08
1.3684519e-13
1.7973327e-08
1.3684016e-13
1.7973267e-08
1.3717832e-13
1.7973207e-08
1.3739945e-13
1.7973146e-08
1.3777752e-13
1.7973086e-08
1.3828657e-13
1.7973025e-08
1.3894993e-13
1.7972964e-08
1.3929105e-13
1.7972902e-08
1.3959996e-13
1.7972841e-08
1.4011146e-13
1.7972779e-08
1.406151e-13
1.7972717e-08
1.4110923e-13
1.7972655e-08
1.415964e-13
1.7972593e-08
1.4206903e-13
1.797253e-08
1.4252493e-13
1.7972467e-08
1.4296615e-13
1.7972404e-08
1.433952e-13
1.7972341e-08
1.4381451e-13
1.7972278e-08
1.44226e-13
1.7972214e-08
1.4463095e-13
1.7972151e-08
1.4502983e-13
1.7972087e-08
1.4542319e-13
1.7972023e-08
1.4581153e-13
1.7971959e-08
1.4619501e-13
1.7971895e-08
1.4657374e-13
1.797183e-08
1.469479e-13
1.7971765e-08
1.4731757e-13
1.7971701e-08
1.4768258e-13
1.7971636e-08
1.4804322e-13
1.797157e-08
1.4839919e-13
1.7971505e-08
1.4875121e-13
1.797144e-08
1.4909845e-13
1.7971374e-08
1.4944089e-13
1.7971308e-08
1.4977955e-13
1.7971242e-08
1.5011389e-13
1.7971176e-08
1.5044357e-13
1.797111e-08
1.5076866e-13
1.7971044e-08
1.510895e-13
1.7970977e-08
1.5140579e-13
1.7970911e-08
1.5171746e-13
1.7970844e-08
1.5202499e-13
1.7970777e-08
1.5232836e-13
1.797071e-08
1.5262741e-13
1.7970643e-08
1.5292179e-13
1.7970576e-08
1.5321177e-13
1.7970509e-08
1.5349708e-13
1.7970441e-08
1.5377815e-13
1.7970373e-08
1.540553e-13
1.7970306e-08
1.5432729e-13
1.7970238e-08
1.5459497e-13
1.797017e-08
1.5485814e-13
1.7970102e-08
1.5511758e-13
1.7970034e-08
1.5537259e-13
1.7969965e-08
1.5562237e-13
1.7969897e-08
1.5586843e-13
1.7969828e-08
1.561101e-13
1.796976e-08
1.5634641e-13
1.7969691e-08
1.5657898e-13
1.7969622e-08
1.5680743e-13
1.7969553e-08
1.5703062e-13
1.7969484e-08
1.5724978e-13
1.7969415e-08
1.5746509e-13
1.7969346e-08
1.5767549e-13
1.7969277e-08
1.5788086e-13
1.7969207e-08
1.5808244e-13
1.7969138e-08
1.5827956e-13
1.7969068e-08
1.5847191e-13
1.7968999e-08
1.5866021e-13
1.7968929e-08
1.588444e-13
1.7968859e-08
1.5902367e-13
1.7968789e-08
1.5919805e-13
1.7968719e-08
1.5936808e-13
1.7968649e-08
1.5953459e-13
1.7968579e-08
1.5969509e-13
1.7968509e-08
1.5984678e-13
1.7968439e-08
1.5999662e-13
1.7968368e-08
1.6014874e-13
1.7968298e-08
1.6029589e-13
1.7968228e-08
1.6043509e-13
1.7968157e-08
1.6056935e-13
1.7968087e-08
1.6069898e-13
1.7968016e-08
1.6082531e-13
1.7967945e-08
1.6094984e-13
1.7967875e-08
1.6106797e-13
1.7967804e-08
1.6117604e-13
1.7967733e-08
1.612764e-13
1.7967662e-08
1.6137733e-13
1.7967591e-08
1.6148193e-13
1.7967521e-08
1.615775e-13
1.796745e-08
1.6166411e-13
1.7967379e-08
1.6175244e-13
1.7967308e-08
1.6183736e-13
1.7967236e-08
1.6191012e-13
1.7967165e-08
1.6197444e-13
1.7967094e-08
1.6203816e-13
1.7967023e-08
1.621023e-13
1.7966952e-08
1.6216046e-13
1.7966881e-08
1.6221376e-13
1.7966809e-08
1.6226735e-13
1.7966738e-08
1.6231407e-13
1.7966667e-08
1.6235222e-13
1.7966596e-08
1.6238808e-13
1.7966524e-08
1.6242012e-13
1.7966453e-08
1.6244462e-13
1.7966382e-08
1.624636e-13
1.796631e-08
1.6247789e-13
1.7966239e-08
1.6249331e-13
1.7966168e-08
1.6251373e-13
1.7966096e-08
1.6253792e-13
1.7966025e-08
1.6257193e-13
1.7965954e-08
1.6256568e-13
1.7965882e-08
1.6247099e-13
1.7965811e-08
1.6238262e-13
1.796574e-08
1.6239125e-13
1.7965669e-08
1.6242163e-13
1.7965597e-08
1.624222e-13
1.7965526e-08
1.6234668e-13
1.7965455e-08
1.6235279e-13
1.7965384e-08
1.6200039e-13
1.7965312e-08
1.6236916e-13
1.796524e-08
1.6440085e-13
1.7965169e-08
1.630894e-13
1.7965099e-08
1.5939094e-13
1.7965028e-08
1.600081e-13
1.7964957e-08
1.6240705e-13
1.7964886e-08
1.6278202e-13
1.7964815e-08
1.6173758e-13
1.7964744e-08
1.6103471e-13
1.7964673e-08
1.6108434e-13
1.7964602e-08
1.6368992e-13
1.7964531e-08
1.617786e-13
1.796446e-08
1.6164724e-13
8.0479063e-14
2.3198321e-08
8.4759807e-14
2.3198203e-08
3.2597039e-13
2.3198096e-08
2.9519681e-13
2.3198005e-08
2.5251968e-13
2.3197924e-08
2.229113e-13
2.3197846e-08
2.1451968e-13
2.3197768e-08
2.1449712e-13
2.3197691e-08
2.1502919e-13
2.3197613e-08
2.1537787e-13
2.3197534e-08
2.159701e-13
2.3197456e-08
2.1676747e-13
2.3197377e-08
2.178034e-13
2.3197298e-08
2.1834186e-13
2.3197219e-08
2.1882796e-13
2.3197139e-08
2.1962902e-13
2.319706e-08
2.2041877e-13
2.3196979e-08
2.2119373e-13
2.3196899e-08
2.2195775e-13
2.3196818e-08
2.2269896e-13
2.3196738e-08
2.2341394e-13
2.3196656e-08
2.2410588e-13
2.3196575e-08
2.2477872e-13
2.3196493e-08
2.2543628e-13
2.3196412e-08
2.2608155e-13
2.3196329e-08
2.2671656e-13
2.3196247e-08
2.2734204e-13
2.3196165e-08
2.2795885e-13
2.3196082e-08
2.285678e-13
2.3195999e-08
2.2916911e-13
2.3195916e-08
2.2976298e-13
2.3195832e-08
2.3034967e-13
2.3195749e-08
2.3092931e-13
2.3195665e-08
2.3150166e-13
2.3195581e-08
2.3206714e-13
2.3195497e-08
2.326253e-13
2.3195412e-08
2.3317727e-13
2.3195328e-08
2.3372175e-13
2.3195243e-08
2.342587e-13
2.3195158e-08
2.3478972e-13
2.3195073e-08
2.3531397e-13
2.3194987e-08
2.358309e-13
2.3194902e-08
2.3634063e-13
2.3194816e-08
2.3684372e-13
2.319473e-08
2.3733966e-13
2.3194644e-08
2.3782835e-13
2.3194557e-08
2.3831055e-13
2.3194471e-08
2.3878625e-13
2.3194384e-08
2.3925515e-13
2.3194298e-08
2.3971674e-13
2.3194211e-08
2.4017143e-13
2.3194124e-08
2.4061879e-13
2.3194036e-08
2.4105952e-13
2.3193949e-08
2.4149408e-13
2.3193861e-08
2.4192056e-13
2.3193773e-08
2.423403e-13
2.3193686e-08
2.4275295e-13
2.3193598e-08
2.4315977e-13
2.3193509e-08
2.4355962e-13
2.3193421e-08
2.4395128e-13
2.3193333e-08
2.443371e-13
2.3193244e-08
2.4471605e-13
2.3193155e-08
2.4508659e-13
2.3193066e-08
2.4545127e-13
2.3192977e-08
2.458095e-13
2.3192888e-08
2.4615947e-13
2.3192799e-08
2.4650311e-13
2.319271e-08
2.4684074e-13
2.319262e-08
2.4717066e-13
2.319253e-08
2.4749269e-13
2.3192441e-08
2.4780878e-13
2.3192351e-08
2.4811788e-13
2.3192261e-08
2.4841951e-13
2.3192171e-08
2.4871478e-13
2.3192081e-08
2.4900361e-13
2.319199e-08
2.4928472e-13
2.31919e-08
2.4955817e-13
2.319181e-08
2.4982479e-13
2.3191719e-08
2.5008591e-13
2.3191628e-08
2.5033762e-13
2.3191538e-08
2.5057558e-13
2.3191447e-08
2.5081057e-13
2.3191356e-08
2.5104901e-13
2.3191265e-08
2.5127972e-13
2.3191174e-08
2.5149804e-13
2.3191083e-08
2.517086e-13
2.3190992e-08
2.5191191e-13
2.31909e-08
2.5211e-13
2.3190809e-08
2.5230523e-13
2.3190718e-08
2.524905e-13
2.3190626e-08
2.5266009e-13
2.3190535e-08
2.5281761e-13
2.3190443e-08
2.529759e-13
2.3190351e-08
2.5313978e-13
2.319026e-08
2.5328969e-13
2.3190168e-08
2.5342562e-13
2.3190076e-08
2.5356408e-13
2.3189984e-08
2.5369723e-13
2.3189892e-08
2.5381146e-13
2.31898e-08
2.5391248e-13
2.3189708e-08
2.5401246e-13
2.3189616e-08
2.54113e-13
2.3189524e-08
2.5420426e-13
2.3189432e-08
2.5428789e-13
2.318934e-08
2.5437189e-13
2.3189248e-08
2.5444517e-13
2.3189156e-08
2.545051e-13
2.3189064e-08
2.5456137e-13
2.3188971e-08
2.5461166e-13
2.3188879e-08
2.546502e-13
2.3188787e-08
2.5468007e-13
2.3188695e-08
2.5470259e-13
2.3188603e-08
2.5472679e-13
2.318851e-08
2.547587e-13
2.3188418e-08
2.5479652e-13
2.3188326e-08
2.5484953e-13
2.3188234e-08
2.5483999e-13
2.3188141e-08
2.5469287e-13
2.3188049e-08
2.5455482e-13
2.3187957e-08
2.5456751e-13
2.3187865e-08
2.5461469e-13
2.3187773e-08
2.5461575e-13
2.318768e-08
2.5449819e-13
2.3187588e-08
2.5450764e-13
2.3187496e-08
2.539596e-13
2.3187404e-08
2.54534e-13
2.3187311e-08
2.5767043e-13
2.3187218e-08
2.5564449e-13
2.3187128e-08
2.4992792e-13
2.3187037e-08
2.5086521e-13
2.3186945e-08
2.5457565e-13
2.3186852e-08
2.5516345e-13
2.3186761e-08
2.5354474e-13
2.3186669e-08
2.5245317e-13
2.3186578e-08
2.5252074e-13
2.3186485e-08
2.5659821e-13
2.3186393e-08
2.5357673e-13
2.3186301e-08
2.5337685e-13
1.2626207e-13
2.8490087e-08
1.2262992e-13
2.8489941e-08
4.7112708e-13
2.848981e-08
4.2672972e-13
2.8489697e-08
3.6497453e-13
2.8489598e-08
3.2227351e-13
2.8489502e-08
3.1013798e-13
2.8489407e-08
3.1008348e-13
2.8489311e-08
3.1085444e-13
2.8489215e-08
3.1136158e-13
2.8489119e-08
3.1221725e-13
2.8489022e-08
3.133689e-13
2.8488925e-08
3.148616e-13
2.8488828e-08
3.1564506e-13
2.848873e-08
3.1635076e-13
2.8488632e-08
3.1750788e-13
2.8488534e-08
3.1865013e-13
2.8488436e-08
3.1977121e-13
2.8488337e-08
3.208764e-13
2.8488237e-08
3.219486e-13
2.8488138e-08
3.2298286e-13
2.8488038e-08
3.2398376e-13
2.8487938e-08
3.2495699e-13
2.8487837e-08
3.259081e-13
2.8487737e-08
3.2684141e-13
2.8487635e-08
3.2775985e-13
2.8487534e-08
3.2866449e-13
2.8487433e-08
3.2955658e-13
2.8487331e-08
3.304373e-13
2.8487229e-08
3.3130695e-13
2.8487126e-08
3.3216584e-13
2.8487023e-08
3.3301433e-13
2.8486921e-08
3.3385264e-13
2.8486817e-08
3.3468039e-13
2.8486714e-08
3.354982e-13
2.848661e-08
3.3630543e-13
2.8486506e-08
3.371037e-13
2.8486402e-08
3.3789112e-13
2.8486298e-08
3.3866767e-13
2.8486193e-08
3.3943564e-13
2.8486088e-08
3.4019381e-13
2.8485983e-08
3.409414e-13
2.8485878e-08
3.4167857e-13
2.8485772e-08
3.4240615e-13
2.8485666e-08
3.4312337e-13
2.848556e-08
3.4383012e-13
2.8485454e-08
3.4452748e-13
2.8485348e-08
3.4521544e-13
2.8485241e-08
3.4589357e-13
2.8485134e-08
3.4656112e-13
2.8485027e-08
3.4721871e-13
2.848492e-08
3.4786567e-13
2.8484813e-08
3.4850307e-13
2.8484705e-08
3.4913154e-13
2.8484597e-08
3.4974832e-13
2.8484489e-08
3.5035535e-13
2.8484381e-08
3.5095214e-13
2.8484273e-08
3.5154049e-13
2.8484164e-08
3.5211877e-13
2.8484055e-08
3.526852e-13
2.8483946e-08
3.5324319e-13
2.8483837e-08
3.5379124e-13
2.8483728e-08
3.5432714e-13
2.8483619e-08
3.5485456e-13
2.8483509e-08
3.5537264e-13
2.8483399e-08
3.5587879e-13
2.8483289e-08
3.5637579e-13
2.8483179e-08
3.5686409e-13
2.8483069e-08
3.5734125e-13
2.8482959e-08
3.57807e-13
2.8482848e-08
3.5826416e-13
2.8482738e-08
3.587112e-13
2.8482627e-08
3.5914746e-13
2.8482516e-08
3.5957451e-13
2.8482405e-08
3.5999225e-13
2.8482294e-08
3.6039881e-13
2.8482183e-08
3.6079432e-13
2.8482072e-08
3.6117995e-13
2.848196e-08
3.6155762e-13
2.8481849e-08
3.6192171e-13
2.8481737e-08
3.6226604e-13
2.8481625e-08
3.6260594e-13
2.8481513e-08
3.6295066e-13
2.8481401e-08
3.632843e-13
2.8481289e-08
3.6360011e-13
2.8481177e-08
3.6390472e-13
2.8481065e-08
3.641988e-13
2.8480952e-08
3.6448534e-13
2.848084e-08
3.6476764e-13
2.8480727e-08
3.6503563e-13
2.8480615e-08
3.6528109e-13
2.8480502e-08
3.6550914e-13
2.8480389e-08
3.6573812e-13
2.8480276e-08
3.6597498e-13
2.8480163e-08
3.6619186e-13
2.848005e-08
3.6638864e-13
2.8479937e-08
3.6658883e-13
2.8479824e-08
3.6678141e-13
2.8479711e-08
3.6694681e-13
2.8479598e-08
3.6709317e-13
2.8479485e-08
3.6723787e-13
2.8479372e-08
3.6738325e-13
2.8479258e-08
3.6751534e-13
2.8479145e-08
3.6763639e-13
2.8479031e-08
3.6775784e-13
2.8478918e-08
3.6786389e-13
2.8478805e-08
3.6795075e-13
2.8478691e-08
3.6803221e-13
2.8478578e-08
3.6810503e-13
2.8478464e-08
3.6816097e-13
2.8478351e-08
3.6820435e-13
2.8478237e-08
3.6823709e-13
2.8478124e-08
3.6827214e-13
2.847801e-08
3.6831817e-13
2.8477896e-08
3.6837271e-13
2.8477783e-08
3.6844895e-13
2.8477669e-08
3.6843557e-13
2.8477556e-08
3.6822474e-13
2.8477442e-08
3.6802587e-13
2.8477329e-08
3.6804308e-13
2.8477215e-08
3.6811069e-13
2.8477102e-08
3.681124e-13
2.8476988e-08
3.6794373e-13
2.8476875e-08
3.6795695e-13
2.8476762e-08
3.6717158e-13
2.8476648e-08
3.6799453e-13
2.8476533e-08
3.7246502e-13
2.8476419e-08
3.6957806e-13
2.8476308e-08
3.6142171e-13
2.8476196e-08
3.6273727e-13
2.8476083e-08
3.6803214e-13
2.8475969e-08
3.688818e-13
2.8475856e-08
3.6656775e-13
2.8475743e-08
3.6500312e-13
2.8475631e-08
3.6508773e-13
2.8475516e-08
3.7097238e-13
2.8475403e-08
3.6656829e-13
2.847529e-08
3.6628319e-13
1.8272342e-13
3.3864188e-08
1.6783334e-13
3.3864015e-08
6.4397573e-13
3.3863858e-08
5.8346682e-13
3.3863724e-08
4.9896268e-13
3.3863606e-08
4.4071612e-13
3.3863492e-08
4.2411308e-13
3.3863378e-08
4.2400715e-13
3.3863264e-08
4.2506266e-13
3.3863149e-08
4.2576039e-13
3.3863035e-08
4.2692987e-13
3.386292e-08
4.2850306e-13
3.3862804e-08
4.3053819e-13
3.3862688e-08
4.316162e-13
3.3862572e-08
4.3258549e-13
3.3862455e-08
4.3416665e-13
3.3862338e-08
4.3572951e-13
3.386222e-08
4.3726376e-13
3.3862103e-08
4.3877618e-13
3.3861984e-08
4.4024347e-13
3.3861866e-08
4.4165882e-13
3.3861747e-08
4.4302846e-13
3.3861627e-08
4.4436019e-13
3.3861507e-08
4.456616e-13
3.3861387e-08
4.4693861e-13
3.3861267e-08
4.4819523e-13
3.3861146e-08
4.4943296e-13
3.3861025e-08
4.5065349e-13
3.3860904e-08
4.5185844e-13
3.3860782e-08
4.5304823e-13
3.386066e-08
4.5422329e-13
3.3860537e-08
4.5538412e-13
3.3860415e-08
4.56531e-13
3.3860292e-08
4.5766344e-13
3.3860168e-08
4.5878228e-13
3.3860045e-08
4.5988662e-13
3.3859921e-08
4.6097871e-13
3.3859797e-08
4.6205597e-13
3.3859672e-08
4.6311833e-13
3.3859548e-08
4.6416896e-13
3.3859423e-08
4.6520619e-13
3.3859297e-08
4.6622893e-13
3.3859172e-08
4.6723743e-13
3.3859046e-08
4.6823279e-13
3.385892e-08
4.69214e-13
3.3858794e-08
4.7018087e-13
3.3858667e-08
4.711349e-13
3.385854e-08
4.7207607e-13
3.3858413e-08
4.7300378e-13
3.3858286e-08
4.7391703e-13
3.3858158e-08
4.7481665e-13
3.385803e-08
4.7570174e-13
3.3857902e-08
4.7657374e-13
3.3857774e-08
4.7743353e-13
3.3857645e-08
4.7827733e-13
3.3857516e-08
4.7910779e-13
3.3857388e-08
4.7992425e-13
3.3857258e-08
4.8072915e-13
3.3857129e-08
4.8152029e-13
3.3856999e-08
4.8229521e-13
3.385687e-08
4.830586e-13
3.3856739e-08
4.8380837e-13
3.3856609e-08
4.8454154e-13
3.3856479e-08
4.8526311e-13
3.3856348e-08
4.859719e-13
3.3856217e-08
4.8666438e-13
3.3856087e-08
4.8734434e-13
3.3855955e-08
4.8801239e-13
3.3855824e-08
4.8866521e-13
3.3855693e-08
4.8930242e-13
3.3855561e-08
4.8992789e-13
3.3855429e-08
4.9053951e-13
3.3855297e-08
4.9113638e-13
3.3855165e-08
4.9172066e-13
3.3855033e-08
4.9229221e-13
3.38549e-08
4.9284846e-13
3.3854768e-08
4.933896e-13
3.3854635e-08
4.9391723e-13
3.3854502e-08
4.9443398e-13
3.3854369e-08
4.9493216e-13
3.3854236e-08
4.9540349e-13
3.3854103e-08
4.9586857e-13
3.3853969e-08
4.9634004e-13
3.3853836e-08
4.9679648e-13
3.3853702e-08
4.9722865e-13
3.3853568e-08
4.9764549e-13
3.3853434e-08
4.9804792e-13
3.38533e-08
4.9843999e-13
3.3853166e-08
4.9882617e-13
3.3853032e-08
4.9919289e-13
3.3852898e-08
4.9952898e-13
3.3852764e-08
4.9984131e-13
3.3852629e-08
5.0015467e-13
3.3852495e-08
5.0047853e-13
3.385236e-08
5.0077537e-13
3.3852226e-08
5.0104485e-13
3.3852091e-08
5.0131869e-13
3.3851956e-08
5.0158218e-13
3.3851821e-08
5.0180876e-13
3.3851686e-08
5.0200937e-13
3.3851551e-08
5.0220751e-13
3.3851416e-08
5.0240641e-13
3.3851281e-08
5.0258727e-13
3.3851146e-08
5.0275303e-13
3.3851011e-08
5.0291919e-13
3.3850876e-08
5.0306439e-13
3.385074e-08
5.0318349e-13
3.3850605e-08
5.0329507e-13
3.385047e-08
5.0339486e-13
3.3850335e-08
5.0347168e-13
3.3850199e-08
5.0353129e-13
3.3850064e-08
5.0357635e-13
3.3849929e-08
5.0362442e-13
3.3849793e-08
5.0368725e-13
3.3849658e-08
5.0376168e-13
3.3849522e-08
5.0386545e-13
3.3849387e-08
5.0384777e-13
3.3849252e-08
5.0356196e-13
3.3849116e-08
5.0329106e-13
3.3848981e-08
5.0331311e-13
3.3848846e-08
5.0340475e-13
3.384871e-08
5.0340731e-13
3.3848575e-08
5.0317851e-13
3.384844e-08
5.0319577e-13
3.3848305e-08
5.0213172e-13
3.384817e-08
5.0324519e-13
3.3848033e-08
5.0927693e-13
3.3847897e-08
5.0538528e-13
3.3847764e-08
4.9437085e-13
3.3847631e-08
4.9611913e-13
3.3847496e-08
5.0326831e-13
3.384736e-08
5.0443018e-13
3.3847225e-08
5.0130082e-13
3.3847091e-08
4.991784e-13
3.3846957e-08
4.9927765e-13
3.3846821e-08
5.0731151e-13
3.3846686e-08
5.0123937e-13
3.3846551e-08
5.0084928e-13
2.5017104e-13
3.9335882e-08
2.2059538e-13
3.9335681e-08
8.4514816e-13
3.9335498e-08
7.6605121e-13
3.9335342e-08
6.5504348e-13
3.9335204e-08
5.7875383e-13
3.9335072e-08
5.5693713e-13
3.9334939e-08
5.567545e-13
3.9334806e-08
5.5814094e-13
3.9334672e-08
5.5906275e-13
3.9334539e-08
5.605977e-13
3.9334405e-08
5.6266128e-13
3.933427e-08
5.6532635e-13
3.9334135e-08
5.6675061e-13
3.9333999e-08
5.6802935e-13
3.9333863e-08
5.7010432e-13
3.9333727e-08
5.72158e-13
3.933359e-08
5.7417457e-13
3.9333453e-08
5.7616238e-13
3.9333315e-08
5.7809087e-13
3.9333176e-08
5.7995106e-13
3.9333038e-08
5.8175109e-13
3.9332899e-08
5.8350121e-13
3.9332759e-08
5.852114e-13
3.9332619e-08
5.8688947e-13
3.9332479e-08
5.8854069e-13
3.9332338e-08
5.9016704e-13
3.9332197e-08
5.9177076e-13
3.9332055e-08
5.9335397e-13
3.9331913e-08
5.9491725e-13
3.9331771e-08
5.9646115e-13
3.9331629e-08
5.9798635e-13
3.9331486e-08
5.9949321e-13
3.9331342e-08
6.0098108e-13
3.9331199e-08
6.0245106e-13
3.9331055e-08
6.0390201e-13
3.933091e-08
6.0533684e-13
3.9330766e-08
6.0675218e-13
3.9330621e-08
6.0814795e-13
3.9330475e-08
6.0952831e-13
3.933033e-08
6.1089105e-13
3.9330184e-08
6.1223476e-13
3.9330037e-08
6.1355975e-13
3.9329891e-08
6.1486748e-13
3.9329744e-08
6.1615662e-13
3.9329596e-08
6.1742692e-13
3.9329449e-08
6.1868035e-13
3.9329301e-08
6.1991688e-13
3.9329153e-08
6.2113573e-13
3.9329004e-08
6.2233558e-13
3.9328856e-08
6.2351753e-13
3.9328707e-08
6.2468039e-13
3.9328558e-08
6.2582605e-13
3.9328408e-08
6.2695568e-13
3.9328258e-08
6.2806429e-13
3.9328108e-08
6.2915538e-13
3.9327958e-08
6.3022808e-13
3.9327807e-08
6.3128561e-13
3.9327657e-08
6.3232504e-13
3.9327505e-08
6.3334317e-13
3.9327354e-08
6.3434617e-13
3.9327203e-08
6.3533127e-13
3.9327051e-08
6.3629455e-13
3.9326899e-08
6.3724261e-13
3.9326747e-08
6.3817388e-13
3.9326594e-08
6.3908371e-13
3.9326442e-08
6.3997712e-13
3.9326289e-08
6.4085488e-13
3.9326136e-08
6.4171262e-13
3.9325983e-08
6.4254986e-13
3.9325829e-08
6.4337168e-13
3.9325675e-08
6.4417532e-13
3.9325522e-08
6.4495957e-13
3.9325368e-08
6.457273e-13
3.9325213e-08
6.4647829e-13
3.9325059e-08
6.4720919e-13
3.9324905e-08
6.4792024e-13
3.932475e-08
6.4861355e-13
3.9324595e-08
6.4929257e-13
3.932444e-08
6.4994725e-13
3.9324285e-08
6.5056683e-13
3.9324129e-08
6.5117801e-13
3.9323974e-08
6.517973e-13
3.9323818e-08
6.5239698e-13
3.9323663e-08
6.5296496e-13
3.9323507e-08
6.535128e-13
3.9323351e-08
6.5404167e-13
3.9323195e-08
6.5455691e-13
3.9323038e-08
6.5506426e-13
3.9322882e-08
6.5554622e-13
3.9322726e-08
6.5598818e-13
3.9322569e-08
6.56399e-13
3.9322412e-08
6.5681086e-13
3.9322256e-08
6.5723616e-13
3.9322099e-08
6.5762635e-13
3.9321942e-08
6.5798079e-13
3.9321785e-08
6.5834056e-13
3.9321628e-08
6.5868682e-13
3.9321471e-08
6.5898492e-13
3.9321313e-08
6.5924901e-13
3.9321156e-08
6.5950958e-13
3.9320999e-08
6.5977096e-13
3.9320841e-08
6.6000882e-13
3.9320684e-08
6.6022685e-13
3.9320526e-08
6.6044519e-13
3.9320369e-08
6.6063617e-13
3.9320211e-08
6.6079302e-13
3.9320053e-08
6.6093984e-13
3.9319896e-08
6.610712e-13
3.9319738e-08
6.6117254e-13
3.931958e-08
6.6125127e-13
3.9319423e-08
6.6131086e-13
3.9319265e-08
6.6137419e-13
3.9319107e-08
6.6145662e-13
3.9318949e-08
6.615542e-13
3.9318791e-08
6.6168987e-13
3.9318634e-08
6.6166752e-13
3.9318476e-08
6.6129551e-13
3.9318318e-08
6.609412e-13
3.9318161e-08
6.6096826e-13
3.9318003e-08
6.6108756e-13
3.9317845e-08
6.6109122e-13
3.9317688e-08
6.6079325e-13
3.931753e-08
6.6081473e-13
3.9317373e-08
6.5943073e-13
3.9317215e-08
6.6087597e-13
3.9317056e-08
6.6869526e-13
3.9316897e-08
6.6365759e-13
3.9316742e-08
6.4936779e-13
3.9316587e-08
6.5159964e-13
3.9316429e-08
6.6087145e-13
3.9316271e-08
6.6239755e-13
3.9316114e-08
6.5833346e-13
3.9315958e-08
6.5556782e-13
3.9315802e-08
6.5567779e-13
3.9315643e-08
6.6621149e-13
3.9315486e-08
6.5817091e-13
3.9315329e-08
6.5765177e-13
3.2897402e-13
4.492057e-08
2.8117937e-13
4.492034e-08
1.0753726e-12
4.4920131e-08
9.7522827e-13
4.4919952e-08
8.3387041e-13
4.4919794e-08
7.3698664e-13
4.4919641e-08
7.0918368e-13
4.4919489e-08
7.0889253e-13
4.4919337e-08
7.10657e-13
4.4919184e-08
7.1183789e-13
4.4919031e-08
7.137915e-13
4.4918877e-08
7.1641622e-13
4.4918723e-08
7.1980103e-13
4.4918568e-08
7.2162572e-13
4.4918412e-08
7.2326186e-13
4.4918257e-08
7.2590254e-13
4.49181e-08
7.2851971e-13
4.4917943e-08
7.3109026e-13
4.4917786e-08
7.3362404e-13
4.4917628e-08
7.3608221e-13
4.4917469e-08
7.3845325e-13
4.491731e-08
7.407475e-13
4.4917151e-08
7.42978e-13
4.4916991e-08
7.451575e-13
4.4916831e-08
7.4729598e-13
4.491667e-08
7.4940014e-13
4.4916508e-08
7.5147254e-13
4.4916347e-08
7.5351606e-13
4.4916184e-08
7.5553343e-13
4.4916022e-08
7.5752534e-13
4.4915859e-08
7.5949254e-13
4.4915695e-08
7.6143589e-13
4.4915532e-08
7.6335585e-13
4.4915367e-08
7.652516e-13
4.4915203e-08
7.6712455e-13
4.4915038e-08
7.6897325e-13
4.4914872e-08
7.708014e-13
4.4914706e-08
7.7260469e-13
4.491454e-08
7.7438306e-13
4.4914373e-08
7.7614179e-13
4.4914206e-08
7.7787805e-13
4.4914039e-08
7.7959007e-13
4.4913871e-08
7.8127824e-13
4.4913703e-08
7.8294442e-13
4.4913535e-08
7.845869e-13
4.4913366e-08
7.8620539e-13
4.4913197e-08
7.8780239e-13
4.4913027e-08
7.8937784e-13
4.4912858e-08
7.9093077e-13
4.4912688e-08
7.9245949e-13
4.4912517e-08
7.9396541e-13
4.4912346e-08
7.9544702e-13
4.4912175e-08
7.9690672e-13
4.4912004e-08
7.9834597e-13
4.4911832e-08
7.9975846e-13
4.491166e-08
8.0114864e-13
4.4911488e-08
8.0251539e-13
4.4911315e-08
8.038628e-13
4.4911142e-08
8.0518716e-13
4.4910969e-08
8.064844e-13
4.4910796e-08
8.0776236e-13
4.4910622e-08
8.0901751e-13
4.4910448e-08
8.1024487e-13
4.4910274e-08
8.1145285e-13
4.49101e-08
8.1263943e-13
4.4909925e-08
8.1379871e-13
4.490975e-08
8.1493706e-13
4.4909575e-08
8.1605549e-13
4.4909399e-08
8.1714841e-13
4.4909224e-08
8.1821523e-13
4.4909048e-08
8.1926241e-13
4.4908872e-08
8.2028642e-13
4.4908695e-08
8.2128573e-13
4.4908519e-08
8.22264e-13
4.4908342e-08
8.2322095e-13
4.4908165e-08
8.2415231e-13
4.4907988e-08
8.2505838e-13
4.4907811e-08
8.2594188e-13
4.4907633e-08
8.2680716e-13
4.4907455e-08
8.2764149e-13
4.4907277e-08
8.2843134e-13
4.4907099e-08
8.2921024e-13
4.4906921e-08
8.2999912e-13
4.4906743e-08
8.3076321e-13
4.4906564e-08
8.3148712e-13
4.4906386e-08
8.3218537e-13
4.4906207e-08
8.3285944e-13
4.4906028e-08
8.3351608e-13
4.4905849e-08
8.3416251e-13
4.490567e-08
8.3477678e-13
4.490549e-08
8.3534041e-13
4.4905311e-08
8.3586446e-13
4.4905131e-08
8.3638944e-13
4.4904951e-08
8.3693112e-13
4.4904772e-08
8.3742854e-13
4.4904592e-08
8.3788065e-13
4.4904412e-08
8.3833907e-13
4.4904232e-08
8.3878036e-13
4.4904052e-08
8.3916075e-13
4.4903871e-08
8.3949792e-13
4.4903691e-08
8.398303e-13
4.4903511e-08
8.4016343e-13
4.490333e-08
8.4046683e-13
4.490315e-08
8.4074498e-13
4.4902969e-08
8.4102327e-13
4.4902788e-08
8.4126689e-13
4.4902608e-08
8.4146727e-13
4.4902427e-08
8.4165468e-13
4.4902246e-08
8.418224e-13
4.4902065e-08
8.4195211e-13
4.4901885e-08
8.4205298e-13
4.4901704e-08
8.4212945e-13
4.4901523e-08
8.4221042e-13
4.4901342e-08
8.4231533e-13
4.4901161e-08
8.4243943e-13
4.490098e-08
8.4261151e-13
4.4900799e-08
8.4258424e-13
4.4900619e-08
8.4211476e-13
4.4900438e-08
8.4166549e-13
4.4900257e-08
8.4169764e-13
4.4900076e-08
8.4184825e-13
4.4899896e-08
8.4185326e-13
4.4899715e-08
8.4147709e-13
4.4899534e-08
8.4150285e-13
4.4899354e-08
8.3975753e-13
4.4899173e-08
8.4157527e-13
4.4898991e-08
8.5140879e-13
4.4898809e-08
8.4508552e-13
4.4898631e-08
8.2710182e-13
4.4898453e-08
8.2986456e-13
4.4898272e-08
8.4152717e-13
4.4898091e-08
8.4347162e-13
4.4897911e-08
8.3835344e-13
4.4897732e-08
8.3485798e-13
4.4897553e-08
8.3497319e-13
4.4897371e-08
8.4836799e-13
4.4897191e-08
8.3804142e-13
4.4897011e-08
8.373637e-13
4.1956527e-13
5.0633817e-08
3.4988857e-13
5.0633557e-08
1.3354758e-12
5.063332e-08
1.2118483e-12
5.0633118e-08
1.0361939e-12
5.0632938e-08
9.1610259e-13
5.0632766e-08
8.8151035e-13
5.0632594e-08
8.8107147e-13
5.0632421e-08
8.8326183e-13
5.0632248e-08
8.8473843e-13
5.0632075e-08
8.8716568e-13
5.0631901e-08
8.9042452e-13
5.0631726e-08
8.9462161e-13
5.0631551e-08
8.9690363e-13
5.0631375e-08
8.9894752e-13
5.0631199e-08
9.0222832e-13
5.0631022e-08
9.0548445e-13
5.0630844e-08
9.086835e-13
5.0630666e-08
9.1183668e-13
5.0630487e-08
9.1489574e-13
5.0630308e-08
9.178463e-13
5.0630128e-08
9.207011e-13
5.0629948e-08
9.2347641e-13
5.0629766e-08
9.2618809e-13
5.0629585e-08
9.2884858e-13
5.0629403e-08
9.3146628e-13
5.062922e-08
9.3404436e-13
5.0629037e-08
9.3658646e-13
5.0628854e-08
9.3909595e-13
5.062867e-08
9.4157373e-13
5.0628485e-08
9.4402075e-13
5.06283e-08
9.4643806e-13
5.0628115e-08
9.4882624e-13
5.0627929e-08
9.511843e-13
5.0627742e-08
9.5351398e-13
5.0627555e-08
9.5581348e-13
5.0627368e-08
9.580874e-13
5.062718e-08
9.603304e-13
5.0626992e-08
9.6254239e-13
5.0626804e-08
9.6472994e-13
5.0626615e-08
9.6688954e-13
5.0626425e-08
9.6901898e-13
5.0626235e-08
9.7111877e-13
5.0626045e-08
9.7319119e-13
5.0625855e-08
9.7523413e-13
5.0625663e-08
9.7724723e-13
5.0625472e-08
9.792336e-13
5.062528e-08
9.8119317e-13
5.0625088e-08
9.8312472e-13
5.0624895e-08
9.8502617e-13
5.0624703e-08
9.8689926e-13
5.0624509e-08
9.8874211e-13
5.0624316e-08
9.9055772e-13
5.0624122e-08
9.923479e-13
5.0623927e-08
9.941048e-13
5.0623733e-08
9.9583395e-13
5.0623538e-08
9.9753397e-13
5.0623342e-08
9.9920993e-13
5.0623147e-08
1.0008572e-12
5.0622951e-08
1.0024708e-12
5.0622754e-08
1.0040604e-12
5.0622558e-08
1.0056216e-12
5.0622361e-08
1.0071483e-12
5.0622164e-08
1.0086509e-12
5.0621966e-08
1.0101268e-12
5.0621768e-08
1.0115689e-12
5.062157e-08
1.0129849e-12
5.0621372e-08
1.0143761e-12
5.0621173e-08
1.0157356e-12
5.0620974e-08
1.0170626e-12
5.0620775e-08
1.0183652e-12
5.0620576e-08
1.0196391e-12
5.0620376e-08
1.0208822e-12
5.0620177e-08
1.0220991e-12
5.0619977e-08
1.0232895e-12
5.0619776e-08
1.0244481e-12
5.0619576e-08
1.0255753e-12
5.0619375e-08
1.0266744e-12
5.0619174e-08
1.0277509e-12
5.0618973e-08
1.0287889e-12
5.0618772e-08
1.0297719e-12
5.061857e-08
1.030741e-12
5.0618368e-08
1.0317221e-12
5.0618166e-08
1.0326725e-12
5.0617964e-08
1.0335733e-12
5.0617762e-08
1.0344421e-12
5.061756e-08
1.0352808e-12
5.0617357e-08
1.0360978e-12
5.0617154e-08
1.0369019e-12
5.0616951e-08
1.0376663e-12
5.0616748e-08
1.038368e-12
5.0616545e-08
1.0390206e-12
5.0616342e-08
1.039674e-12
5.0616139e-08
1.0403475e-12
5.0615935e-08
1.0409666e-12
5.0615731e-08
1.0415296e-12
5.0615528e-08
1.0420999e-12
5.0615324e-08
1.042649e-12
5.061512e-08
1.0431229e-12
5.0614916e-08
1.0435432e-12
5.0614712e-08
1.0439571e-12
5.0614507e-08
1.0443717e-12
5.0614303e-08
1.0447495e-12
5.0614099e-08
1.045096e-12
5.0613894e-08
1.0454423e-12
5.061369e-08
1.0457458e-12
5.0613485e-08
1.0459957e-12
5.0613281e-08
1.0462293e-12
5.0613076e-08
1.0464385e-12
5.0612871e-08
1.0466006e-12
5.0612667e-08
1.0467268e-12
5.0612462e-08
1.0468227e-12
5.0612257e-08
1.0469238e-12
5.0612053e-08
1.0470542e-12
5.0611848e-08
1.0472083e-12
5.0611643e-08
1.0474215e-12
5.0611438e-08
1.0473892e-12
5.0611234e-08
1.0468109e-12
5.0611029e-08
1.0462549e-12
5.0610824e-08
1.0462921e-12
5.061062e-08
1.0464777e-12
5.0610415e-08
1.0464844e-12
5.0610211e-08
1.0460209e-12
5.0610006e-08
1.0460509e-12
5.0609802e-08
1.0439026e-12
5.0609597e-08
1.0461332e-12
5.0609391e-08
1.0582093e-12
5.0609185e-08
1.0504621e-12
5.0608984e-08
1.0283625e-12
5.0608782e-08
1.0316999e-12
5.0608578e-08
1.0460228e-12
5.0608373e-08
1.0484421e-12
5.0608169e-08
1.0421501e-12
5.0607966e-08
1.0378367e-12
5.0607763e-08
1.0379501e-12
5.0607557e-08
1.0545798e-12
5.0607353e-08
1.0416303e-12
5.060715e-08
1.0407577e-12
5.224447e-13
5.6491373e-08
4.2706835e-13
5.6491082e-08
1.626385e-12
5.6490817e-08
1.4768696e-12
5.649059e-08
1.2628643e-12
5.6490389e-08
1.1168809e-12
5.6490196e-08
1.0746619e-12
5.6490003e-08
1.0740277e-12
5.648981e-08
1.0766927e-12
5.6489616e-08
1.0785034e-12
5.6489422e-08
1.0814613e-12
5.6489227e-08
1.0854298e-12
5.6489031e-08
1.0905348e-12
5.6488835e-08
1.0933342e-12
5.6488638e-08
1.0958389e-12
5.648844e-08
1.0998371e-12
5.6488242e-08
1.1038109e-12
5.6488043e-08
1.1077162e-12
5.6487843e-08
1.1115654e-12
5.6487643e-08
1.1152997e-12
5.6487441e-08
1.1189014e-12
5.648724e-08
1.122386e-12
5.6487037e-08
1.1257733e-12
5.6486835e-08
1.1290827e-12
5.6486631e-08
1.1323295e-12
5.6486427e-08
1.1355238e-12
5.6486222e-08
1.1386697e-12
5.6486017e-08
1.1417716e-12
5.6485812e-08
1.1448336e-12
5.6485605e-08
1.1478569e-12
5.6485398e-08
1.1508425e-12
5.6485191e-08
1.1537919e-12
5.6484983e-08
1.1567057e-12
5.6484775e-08
1.1595828e-12
5.6484566e-08
1.1624251e-12
5.6484356e-08
1.1652307e-12
5.6484147e-08
1.168005e-12
5.6483936e-08
1.1707416e-12
5.6483725e-08
1.1734403e-12
5.6483514e-08
1.1761092e-12
5.6483302e-08
1.178744e-12
5.648309e-08
1.181342e-12
5.6482877e-08
1.1839038e-12
5.6482664e-08
1.1864322e-12
5.648245e-08
1.1889246e-12
5.6482236e-08
1.1913807e-12
5.6482021e-08
1.1938041e-12
5.6481806e-08
1.1961948e-12
5.6481591e-08
1.1985514e-12
5.6481375e-08
1.2008712e-12
5.6481159e-08
1.2031564e-12
5.6480942e-08
1.2054048e-12
5.6480725e-08
1.2076199e-12
5.6480508e-08
1.209804e-12
5.648029e-08
1.2119475e-12
5.6480071e-08
1.2140571e-12
5.6479853e-08
1.2161312e-12
5.6479634e-08
1.218176e-12
5.6479415e-08
1.2201858e-12
5.6479195e-08
1.2221544e-12
5.6478975e-08
1.2240938e-12
5.6478754e-08
1.2259987e-12
5.6478534e-08
1.2278613e-12
5.6478313e-08
1.2296946e-12
5.6478091e-08
1.2314955e-12
5.647787e-08
1.2332549e-12
5.6477648e-08
1.2349826e-12
5.6477425e-08
1.23668e-12
5.6477203e-08
1.2383388e-12
5.647698e-08
1.239958e-12
5.6476757e-08
1.2415474e-12
5.6476533e-08
1.2431017e-12
5.6476309e-08
1.2446185e-12
5.6476085e-08
1.2461034e-12
5.6475861e-08
1.247556e-12
5.6475637e-08
1.2489698e-12
5.6475412e-08
1.2503452e-12
5.6475187e-08
1.2516864e-12
5.6474962e-08
1.253e-12
5.6474736e-08
1.2542668e-12
5.647451e-08
1.2554668e-12
5.6474285e-08
1.2566495e-12
5.6474058e-08
1.2578463e-12
5.6473832e-08
1.2590059e-12
5.6473606e-08
1.2601053e-12
5.6473379e-08
1.2611658e-12
5.6473152e-08
1.2621895e-12
5.6472925e-08
1.2631866e-12
5.6472698e-08
1.2641678e-12
5.647247e-08
1.2651007e-12
5.6472243e-08
1.2659577e-12
5.6472015e-08
1.266755e-12
5.6471787e-08
1.2675525e-12
5.6471559e-08
1.2683741e-12
5.6471331e-08
1.2691299e-12
5.6471102e-08
1.2698177e-12
5.6470874e-08
1.2705137e-12
5.6470646e-08
1.2711839e-12
5.6470417e-08
1.271763e-12
5.6470188e-08
1.272277e-12
5.6469959e-08
1.2727827e-12
5.646973e-08
1.2732888e-12
5.6469501e-08
1.2737504e-12
5.6469272e-08
1.2741738e-12
5.6469043e-08
1.2745966e-12
5.6468814e-08
1.2749675e-12
5.6468585e-08
1.2752734e-12
5.6468355e-08
1.275559e-12
5.6468126e-08
1.2758149e-12
5.6467897e-08
1.2760137e-12
5.6467667e-08
1.2761687e-12
5.6467438e-08
1.2762866e-12
5.6467208e-08
1.2764106e-12
5.6466979e-08
1.2765697e-12
5.6466749e-08
1.2767576e-12
5.646652e-08
1.2770166e-12
5.646629e-08
1.2769792e-12
5.646606e-08
1.2762807e-12
5.6465831e-08
1.2756061e-12
5.6465602e-08
1.2756482e-12
5.6465372e-08
1.2758725e-12
5.6465143e-08
1.2758813e-12
5.6464914e-08
1.2753212e-12
5.6464684e-08
1.2753555e-12
5.6464455e-08
1.272762e-12
5.6464226e-08
1.2754457e-12
5.6463994e-08
1.2899953e-12
5.6463764e-08
1.2806866e-12
5.6463538e-08
1.2540436e-12
5.6463312e-08
1.2579959e-12
5.6463083e-08
1.2752511e-12
5.6462853e-08
1.2782048e-12
5.6462625e-08
1.2706182e-12
5.6462397e-08
1.2653967e-12
5.646217e-08
1.2654996e-12
5.6461938e-08
1.2857529e-12
5.646171e-08
1.2698216e-12
5.6461482e-08
1.2687096e-12
6.3818282e-13
6.2509198e-08
5.131088e-13
6.2508875e-08
1.9491307e-12
6.2508581e-08
1.7713615e-12
6.2508329e-08
1.5148357e-12
6.2508105e-08
1.3401956e-12
6.250789e-08
1.2894735e-12
6.2507676e-08
1.2885874e-12
6.2507461e-08
1.2917762e-12
6.2507245e-08
1.2939616e-12
6.2507029e-08
1.2975093e-12
6.2506812e-08
1.302266e-12
6.2506595e-08
1.3083782e-12
6.2506376e-08
1.3117586e-12
6.2506157e-08
1.31478e-12
6.2505938e-08
1.3195761e-12
6.2505717e-08
1.3243499e-12
6.2505496e-08
1.329043e-12
6.2505274e-08
1.3336685e-12
6.2505051e-08
1.3381559e-12
6.2504827e-08
1.3424838e-12
6.2504603e-08
1.3466706e-12
6.2504378e-08
1.3507402e-12
6.2504152e-08
1.3547159e-12
6.2503926e-08
1.3586161e-12
6.2503699e-08
1.3624531e-12
6.2503471e-08
1.3662318e-12
6.2503243e-08
1.3699574e-12
6.2503014e-08
1.3736351e-12
6.2502785e-08
1.3772661e-12
6.2502555e-08
1.3808519e-12
6.2502324e-08
1.3843941e-12
6.2502093e-08
1.3878935e-12
6.2501861e-08
1.3913487e-12
6.2501629e-08
1.3947622e-12
6.2501396e-08
1.3981315e-12
6.2501163e-08
1.4014633e-12
6.2500929e-08
1.4047497e-12
6.2500694e-08
1.4079906e-12
6.2500459e-08
1.4111958e-12
6.2500224e-08
1.4143599e-12
6.2499987e-08
1.4174798e-12
6.2499751e-08
1.4205563e-12
6.2499514e-08
1.4235927e-12
6.2499276e-08
1.4265858e-12
6.2499038e-08
1.4295353e-12
6.2498799e-08
1.4324456e-12
6.249856e-08
1.4353166e-12
6.249832e-08
1.4381465e-12
6.249808e-08
1.4409324e-12
6.249784e-08
1.4436767e-12
6.2497599e-08
1.4463768e-12
6.2497357e-08
1.4490369e-12
6.2497116e-08
1.4516598e-12
6.2496873e-08
1.4542339e-12
6.2496631e-08
1.4567674e-12
6.2496387e-08
1.4592583e-12
6.2496144e-08
1.4617139e-12
6.24959e-08
1.4641274e-12
6.2495656e-08
1.4664917e-12
6.2495411e-08
1.4688208e-12
6.2495166e-08
1.4711084e-12
6.249492e-08
1.4733454e-12
6.2494674e-08
1.4755471e-12
6.2494428e-08
1.4777099e-12
6.2494182e-08
1.4798229e-12
6.2493935e-08
1.4818979e-12
6.2493688e-08
1.4839365e-12
6.249344e-08
1.4859287e-12
6.2493192e-08
1.4878734e-12
6.2492944e-08
1.4897824e-12
6.2492695e-08
1.4916491e-12
6.2492446e-08
1.4934709e-12
6.2492197e-08
1.4952544e-12
6.2491948e-08
1.4969991e-12
6.2491698e-08
1.4986972e-12
6.2491448e-08
1.5003492e-12
6.2491198e-08
1.5019603e-12
6.2490947e-08
1.5035381e-12
6.2490696e-08
1.5050599e-12
6.2490445e-08
1.5065019e-12
6.2490194e-08
1.5079226e-12
6.2489943e-08
1.5093597e-12
6.2489691e-08
1.5107526e-12
6.2489439e-08
1.5120734e-12
6.2489187e-08
1.5133475e-12
6.2488934e-08
1.5145774e-12
6.2488682e-08
1.5157753e-12
6.2488429e-08
1.5169538e-12
6.2488176e-08
1.5180747e-12
6.2487923e-08
1.519105e-12
6.248767e-08
1.5200637e-12
6.2487416e-08
1.5210221e-12
6.2487162e-08
1.5220086e-12
6.2486909e-08
1.522917e-12
6.2486655e-08
1.523744e-12
6.2486401e-08
1.5245801e-12
6.2486146e-08
1.5253854e-12
6.2485892e-08
1.5260822e-12
6.2485638e-08
1.5267008e-12
6.2485383e-08
1.527309e-12
6.2485129e-08
1.5279173e-12
6.2484874e-08
1.5284725e-12
6.2484619e-08
1.5289819e-12
6.2484364e-08
1.5294901e-12
6.2484109e-08
1.5299363e-12
6.2483854e-08
1.5303048e-12
6.2483599e-08
1.5306488e-12
6.2483344e-08
1.530957e-12
6.2483089e-08
1.5311971e-12
6.2482833e-08
1.5313846e-12
6.2482578e-08
1.5315275e-12
6.2482323e-08
1.5316771e-12
6.2482068e-08
1.5318684e-12
6.2481812e-08
1.5320937e-12
6.2481557e-08
1.5324037e-12
6.2481302e-08
1.5323613e-12
6.2481046e-08
1.5315312e-12
6.2480791e-08
1.5307257e-12
6.2480536e-08
1.5307723e-12
6.2480281e-08
1.5310393e-12
6.2480026e-08
1.5310506e-12
6.2479771e-08
1.5303847e-12
6.2479516e-08
1.5304229e-12
6.2479261e-08
1.5273415e-12
6.2479006e-08
1.5305183e-12
6.2478748e-08
1.5477768e-12
6.2478492e-08
1.5367692e-12
6.2478241e-08
1.5051474e-12
6.2477989e-08
1.5097513e-12
6.2477734e-08
1.5302147e-12
6.2477479e-08
1.5337656e-12
6.2477225e-08
1.5247623e-12
6.2476971e-08
1.5185405e-12
6.2476718e-08
1.5186224e-12
6.2476461e-08
1.5429049e-12
6.2476207e-08
1.5236085e-12
6.2475954e-08
1.5222027e-12
7.6742488e-13
6.8703478e-08
6.0844753e-13
6.8703122e-08
2.3048493e-12
6.8702797e-08
2.0965084e-12
6.8702519e-08
1.7931696e-12
6.8702272e-08
1.5870195e-12
6.8702035e-08
1.526875e-12
6.8701797e-08
1.5256697e-12
6.870156e-08
1.5294327e-12
6.8701322e-08
1.5320352e-12
6.8701083e-08
1.5362347e-12
6.8700843e-08
1.5418612e-12
6.8700603e-08
1.5490841e-12
6.8700361e-08
1.5531127e-12
6.8700119e-08
1.5567102e-12
6.8699877e-08
1.5623885e-12
6.8699633e-08
1.5680487e-12
6.8699388e-08
1.5736152e-12
6.8699143e-08
1.5791015e-12
6.8698897e-08
1.5844238e-12
6.869865e-08
1.5895567e-12
6.8698402e-08
1.5945218e-12
6.8698153e-08
1.5993475e-12
6.8697904e-08
1.6040615e-12
6.8697654e-08
1.6086856e-12
6.8697403e-08
1.6132345e-12
6.8697151e-08
1.6177139e-12
6.8696899e-08
1.6221304e-12
6.8696646e-08
1.6264899e-12
6.8696393e-08
1.630794e-12
6.8696139e-08
1.6350444e-12
6.8695884e-08
1.639243e-12
6.8695628e-08
1.6433908e-12
6.8695372e-08
1.6474862e-12
6.8695115e-08
1.6515322e-12
6.8694858e-08
1.6555256e-12
6.86946e-08
1.6594746e-12
6.8694341e-08
1.6633698e-12
6.8694082e-08
1.6672111e-12
6.8693822e-08
1.6710099e-12
6.8693562e-08
1.6747601e-12
6.8693301e-08
1.6784579e-12
6.8693039e-08
1.6821042e-12
6.8692777e-08
1.6857029e-12
6.8692515e-08
1.6892505e-12
6.8692251e-08
1.6927462e-12
6.8691988e-08
1.6961955e-12
6.8691723e-08
1.6995983e-12
6.8691459e-08
1.7029523e-12
6.8691193e-08
1.7062542e-12
6.8690927e-08
1.7095068e-12
6.8690661e-08
1.712707e-12
6.8690394e-08
1.7158598e-12
6.8690127e-08
1.7189685e-12
6.8689859e-08
1.7220194e-12
6.8689591e-08
1.7250222e-12
6.8689322e-08
1.7279745e-12
6.8689053e-08
1.7308849e-12
6.8688783e-08
1.7337456e-12
6.8688513e-08
1.7365479e-12
6.8688243e-08
1.7393085e-12
6.8687972e-08
1.7420199e-12
6.8687701e-08
1.7446714e-12
6.8687429e-08
1.747281e-12
6.8687157e-08
1.7498445e-12
6.8686884e-08
1.7523491e-12
6.8686611e-08
1.7548086e-12
6.8686338e-08
1.757225e-12
6.8686064e-08
1.7595864e-12
6.868579e-08
1.7618916e-12
6.8685516e-08
1.7641545e-12
6.8685241e-08
1.7663673e-12
6.8684966e-08
1.7685268e-12
6.8684691e-08
1.770641e-12
6.8684415e-08
1.7727092e-12
6.8684139e-08
1.7747222e-12
6.8683863e-08
1.7766806e-12
6.8683586e-08
1.7785905e-12
6.8683309e-08
1.780461e-12
6.8683032e-08
1.7822653e-12
6.8682755e-08
1.7839755e-12
6.8682477e-08
1.78566e-12
6.8682199e-08
1.7873631e-12
6.8681921e-08
1.7890142e-12
6.8681642e-08
1.7905804e-12
6.8681363e-08
1.7920913e-12
6.8681084e-08
1.7935497e-12
6.8680805e-08
1.7949701e-12
6.8680526e-08
1.7963672e-12
6.8680246e-08
1.7976964e-12
6.8679966e-08
1.7989189e-12
6.8679686e-08
1.8000568e-12
6.8679406e-08
1.8011934e-12
6.8679126e-08
1.8023626e-12
6.8678845e-08
1.8034401e-12
6.8678565e-08
1.8044217e-12
6.8678284e-08
1.8054132e-12
6.8678003e-08
1.8063682e-12
6.8677722e-08
1.8071956e-12
6.867744e-08
1.8079307e-12
6.8677159e-08
1.8086527e-12
6.8676878e-08
1.8093743e-12
6.8676596e-08
1.8100335e-12
6.8676314e-08
1.8106383e-12
6.8676033e-08
1.8112414e-12
6.8675751e-08
1.8117712e-12
6.8675469e-08
1.8122096e-12
6.8675187e-08
1.8126185e-12
6.8674905e-08
1.812985e-12
6.8674623e-08
1.8132713e-12
6.8674341e-08
1.8134952e-12
6.8674059e-08
1.8136662e-12
6.8673776e-08
1.8138446e-12
6.8673494e-08
1.8140715e-12
6.8673212e-08
1.8143385e-12
6.867293e-08
1.8147048e-12
6.8672647e-08
1.8146577e-12
6.8672365e-08
1.8136843e-12
6.8672083e-08
1.8127353e-12
6.8671801e-08
1.8127862e-12
6.8671519e-08
1.8130996e-12
6.8671237e-08
1.813114e-12
6.8670955e-08
1.8123327e-12
6.8670673e-08
1.8123749e-12
6.8670392e-08
1.8087617e-12
6.867011e-08
1.8124721e-12
6.8669825e-08
1.8326796e-12
6.8669542e-08
1.8198358e-12
6.8669264e-08
1.7827901e-12
6.8668986e-08
1.7880784e-12
6.8668704e-08
1.8120312e-12
6.8668422e-08
1.8162457e-12
6.8668141e-08
1.8057021e-12
6.8667861e-08
1.7983847e-12
6.8667581e-08
1.7984335e-12
6.8667297e-08
1.8271698e-12
6.8667016e-08
1.8040979e-12
6.8666736e-08
1.8023324e-12
9.1089562e-13
7.5090649e-08
7.1357299e-13
7.5090259e-08
2.6947858e-12
7.5089902e-08
2.4536136e-12
7.5089596e-08
2.0990395e-12
7.5089325e-08
1.8584283e-12
7.5089064e-08
1.7878947e-12
7.5088803e-08
1.7862916e-12
7.5088542e-08
1.7906797e-12
7.508828e-08
1.7937444e-12
7.5088018e-08
1.7986602e-12
7.5087755e-08
1.8052421e-12
7.508749e-08
1.8136835e-12
7.5087225e-08
1.8184321e-12
7.5086959e-08
1.8226686e-12
7.5086692e-08
1.8293174e-12
7.5086424e-08
1.8359551e-12
7.5086155e-08
1.8424852e-12
7.5085885e-08
1.8489211e-12
7.5085614e-08
1.8551646e-12
7.5085343e-08
1.8611855e-12
7.508507e-08
1.8670092e-12
7.5084797e-08
1.8726687e-12
7.5084523e-08
1.8781967e-12
7.5084248e-08
1.8836188e-12
7.5083972e-08
1.8889524e-12
7.5083696e-08
1.8942044e-12
7.5083419e-08
1.8993822e-12
7.5083141e-08
1.9044931e-12
7.5082862e-08
1.9095388e-12
7.5082582e-08
1.9145215e-12
7.5082302e-08
1.9194434e-12
7.5082021e-08
1.9243057e-12
7.508174e-08
1.9291064e-12
7.5081457e-08
1.9338492e-12
7.5081174e-08
1.9385304e-12
7.5080891e-08
1.9431593e-12
7.5080606e-08
1.9477252e-12
7.5080321e-08
1.952228e-12
7.5080036e-08
1.9566808e-12
7.5079749e-08
1.9610767e-12
7.5079462e-08
1.9654111e-12
7.5079175e-08
1.9696852e-12
7.5078886e-08
1.9739035e-12
7.5078598e-08
1.9780618e-12
7.5078308e-08
1.9821593e-12
7.5078018e-08
1.9862025e-12
7.5077728e-08
1.990191e-12
7.5077436e-08
1.9941225e-12
7.5077145e-08
1.9979928e-12
7.5076852e-08
2.0018053e-12
7.507656e-08
2.0055564e-12
7.5076266e-08
2.0092521e-12
7.5075972e-08
2.012896e-12
7.5075678e-08
2.0164722e-12
7.5075383e-08
2.019992e-12
7.5075087e-08
2.0234526e-12
7.5074791e-08
2.0268642e-12
7.5074495e-08
2.0302174e-12
7.5074198e-08
2.0335022e-12
7.5073901e-08
2.0367383e-12
7.5073603e-08
2.0399166e-12
7.5073304e-08
2.0430247e-12
7.5073005e-08
2.0460839e-12
7.5072706e-08
2.0490889e-12
7.5072407e-08
2.0520249e-12
7.5072106e-08
2.0549081e-12
7.5071806e-08
2.0577408e-12
7.5071505e-08
2.0605091e-12
7.5071204e-08
2.0632115e-12
7.5070902e-08
2.0658642e-12
7.50706e-08
2.0684584e-12
7.5070297e-08
2.0709902e-12
7.5069995e-08
2.0734688e-12
7.5069691e-08
2.0758934e-12
7.5069388e-08
2.0782535e-12
7.5069084e-08
2.0805496e-12
7.506878e-08
2.0827889e-12
7.5068475e-08
2.084982e-12
7.506817e-08
2.0870977e-12
7.5067865e-08
2.0891036e-12
7.506756e-08
2.0910789e-12
7.5067254e-08
2.0930753e-12
7.5066948e-08
2.095011e-12
7.5066642e-08
2.0968477e-12
7.5066335e-08
2.0986196e-12
7.5066029e-08
2.1003301e-12
7.5065722e-08
2.1019957e-12
7.5065414e-08
2.1036338e-12
7.5065107e-08
2.1051928e-12
7.5064799e-08
2.1066275e-12
7.5064491e-08
2.1079632e-12
7.5064183e-08
2.1092966e-12
7.5063875e-08
2.1106671e-12
7.5063566e-08
2.1119312e-12
7.5063258e-08
2.1130835e-12
7.5062949e-08
2.1142463e-12
7.506264e-08
2.1153666e-12
7.5062331e-08
2.1163383e-12
7.5062021e-08
2.1172022e-12
7.5061712e-08
2.1180501e-12
7.5061402e-08
2.1188968e-12
7.5061093e-08
2.1196709e-12
7.5060783e-08
2.1203813e-12
7.5060473e-08
2.1210891e-12
7.5060163e-08
2.1217116e-12
7.5059853e-08
2.1222274e-12
7.5059543e-08
2.1227083e-12
7.5059233e-08
2.1231394e-12
7.5058923e-08
2.1234771e-12
7.5058613e-08
2.1237416e-12
7.5058302e-08
2.1239441e-12
7.5057992e-08
2.1241546e-12
7.5057682e-08
2.1244211e-12
7.5057371e-08
2.1247341e-12
7.5057061e-08
2.1251621e-12
7.505675e-08
2.1251109e-12
7.505644e-08
2.1239825e-12
7.505613e-08
2.1228771e-12
7.505582e-08
2.1229318e-12
7.505551e-08
2.1232958e-12
7.5055199e-08
2.1233138e-12
7.5054889e-08
2.1224075e-12
7.5054579e-08
2.1224534e-12
7.505427e-08
2.1182637e-12
7.505396e-08
2.1225481e-12
7.5053646e-08
2.1459514e-12
7.5053335e-08
2.1311337e-12
7.505303e-08
2.0882067e-12
7.5052724e-08
2.0942083e-12
7.5052414e-08
2.1219383e-12
7.5052103e-08
2.1268874e-12
7.5051794e-08
2.1146772e-12
7.5051486e-08
2.1061661e-12
7.5051179e-08
2.1061676e-12
7.5050866e-08
2.1398041e-12
7.5050557e-08
2.112516e-12
7.5050249e-08
2.1103116e-12
1.0694045e-12
8.1687418e-08
8.2902809e-13
8.1686992e-08
3.1202978e-12
8.1686602e-08
2.8441037e-12
8.1686267e-08
2.4337357e-12
8.168597e-08
2.1556063e-12
8.1685684e-08
2.0736644e-12
8.1685399e-08
2.0715723e-12
8.1685113e-08
2.0766372e-12
8.1684826e-08
2.0802114e-12
8.1684539e-08
2.0859113e-12
8.1684251e-08
2.0935381e-12
8.1683961e-08
2.1033113e-12
8.1683671e-08
2.1088562e-12
8.1683379e-08
2.1137989e-12
8.1683087e-08
2.121511e-12
8.1682794e-08
2.1292221e-12
8.16825e-08
2.1368113e-12
8.1682204e-08
2.1442908e-12
8.1681908e-08
2.1515467e-12
8.1681611e-08
2.1585435e-12
8.1681312e-08
2.1653103e-12
8.1681013e-08
2.1718856e-12
8.1680713e-08
2.1783076e-12
8.1680412e-08
2.184606e-12
8.168011e-08
2.1908011e-12
8.1679807e-08
2.196901e-12
8.1679504e-08
2.2029146e-12
8.16792e-08
2.2088502e-12
8.1678894e-08
2.2147099e-12
8.1678588e-08
2.2204963e-12
8.1678282e-08
2.2262119e-12
8.1677974e-08
2.2318582e-12
8.1677666e-08
2.237433e-12
8.1677357e-08
2.2429404e-12
8.1677047e-08
2.2483762e-12
8.1676736e-08
2.2537513e-12
8.1676425e-08
2.2590531e-12
8.1676113e-08
2.2642816e-12
8.16758e-08
2.2694521e-12
8.1675487e-08
2.2745564e-12
8.1675172e-08
2.2795893e-12
8.1674858e-08
2.2845522e-12
8.1674542e-08
2.2894503e-12
8.1674226e-08
2.2942787e-12
8.1673909e-08
2.2990366e-12
8.1673591e-08
2.3037313e-12
8.1673273e-08
2.3083625e-12
8.1672954e-08
2.3129275e-12
8.1672635e-08
2.3174215e-12
8.1672315e-08
2.3218484e-12
8.1671994e-08
2.326204e-12
8.1671673e-08
2.3304953e-12
8.1671351e-08
2.3347263e-12
8.1671029e-08
2.3388789e-12
8.1670706e-08
2.342966e-12
8.1670382e-08
2.3469844e-12
8.1670058e-08
2.3509458e-12
8.1669734e-08
2.3548395e-12
8.1669408e-08
2.3586538e-12
8.1669083e-08
2.3624115e-12
8.1668757e-08
2.3661021e-12
8.166843e-08
2.3697115e-12
8.1668103e-08
2.3732638e-12
8.1667775e-08
2.3767533e-12
8.1667447e-08
2.3801628e-12
8.1667118e-08
2.3835109e-12
8.1666789e-08
2.3868004e-12
8.166646e-08
2.3900152e-12
8.166613e-08
2.3931536e-12
8.1665799e-08
2.3962342e-12
8.1665469e-08
2.3992469e-12
8.1665137e-08
2.4021872e-12
8.1664806e-08
2.4050658e-12
8.1664474e-08
2.4078817e-12
8.1664141e-08
2.4106227e-12
8.1663809e-08
2.4132896e-12
8.1663476e-08
2.4158905e-12
8.1663142e-08
2.4184377e-12
8.1662808e-08
2.4208953e-12
8.1662474e-08
2.4232261e-12
8.166214e-08
2.4255207e-12
8.1661805e-08
2.4278388e-12
8.166147e-08
2.4300869e-12
8.1661135e-08
2.4322208e-12
8.1660799e-08
2.4342794e-12
8.1660463e-08
2.4362667e-12
8.1660127e-08
2.4382017e-12
8.165979e-08
2.4401044e-12
8.1659454e-08
2.4419158e-12
8.1659117e-08
2.4435837e-12
8.1658779e-08
2.445137e-12
8.1658442e-08
2.4466866e-12
8.1658104e-08
2.4482781e-12
8.1657767e-08
2.4497474e-12
8.1657429e-08
2.4510875e-12
8.165709e-08
2.4524385e-12
8.1656752e-08
2.4537404e-12
8.1656414e-08
2.4548711e-12
8.1656075e-08
2.455877e-12
8.1655736e-08
2.4568634e-12
8.1655397e-08
2.4578477e-12
8.1655058e-08
2.4587484e-12
8.1654719e-08
2.4595752e-12
8.165438e-08
2.4603981e-12
8.165404e-08
2.4611227e-12
8.1653701e-08
2.4617242e-12
8.1653361e-08
2.4622844e-12
8.1653021e-08
2.4627871e-12
8.1652682e-08
2.4631817e-12
8.1652342e-08
2.4634915e-12
8.1652002e-08
2.4637293e-12
8.1651662e-08
2.4639754e-12
8.1651322e-08
2.4642856e-12
8.1650983e-08
2.4646491e-12
8.1650643e-08
2.4651449e-12
8.1650303e-08
2.4650902e-12
8.1649963e-08
2.4637947e-12
8.1649623e-08
2.4625199e-12
8.1649283e-08
2.4625778e-12
8.1648944e-08
2.4629964e-12
8.1648604e-08
2.463019e-12
8.1648265e-08
2.4619777e-12
8.1647925e-08
2.4620272e-12
8.1647586e-08
2.4572149e-12
8.1647246e-08
2.4621144e-12
8.1646903e-08
2.4889677e-12
8.1646562e-08
2.4720375e-12
8.1646228e-08
2.4227579e-12
8.1645893e-08
2.4294974e-12
8.1645553e-08
2.4613002e-12
8.1645213e-08
2.4670594e-12
8.1644875e-08
2.4530541e-12
8.1644538e-08
2.4432474e-12
8.1644201e-08
2.4431856e-12
8.1643858e-08
2.482193e-12
8.1643521e-08
2.4502144e-12
8.1643183e-08
2.4474763e-12
1.2438516e-12
8.8510778e-08
9.5541428e-13
8.8510315e-08
3.5828581e-12
8.850989e-08
3.2695332e-12
8.8509525e-08
2.7986704e-12
8.8509201e-08
2.4798505e-12
8.8508889e-08
2.3854246e-12
8.8508578e-08
2.3827381e-12
8.8508266e-08
2.388532e-12
8.8507954e-08
2.3926662e-12
8.850764e-08
2.3992215e-12
8.8507326e-08
2.4079872e-12
8.850701e-08
2.4192108e-12
8.8506693e-08
2.4256336e-12
8.8506376e-08
2.4313541e-12
8.8506057e-08
2.4402275e-12
8.8505737e-08
2.4491138e-12
8.8505416e-08
2.4578631e-12
8.8505094e-08
2.4664859e-12
8.850477e-08
2.4748507e-12
8.8504446e-08
2.4829163e-12
8.8504121e-08
2.4907159e-12
8.8503794e-08
2.4982939e-12
8.8503467e-08
2.5056944e-12
8.8503138e-08
2.5129519e-12
8.8502809e-08
2.5200898e-12
8.8502479e-08
2.5271174e-12
8.8502148e-08
2.5340453e-12
8.8501816e-08
2.540883e-12
8.8501483e-08
2.5476332e-12
8.8501149e-08
2.5542987e-12
8.8500814e-08
2.5608825e-12
8.8500479e-08
2.5673863e-12
8.8500142e-08
2.5738077e-12
8.8499805e-08
2.5801513e-12
8.8499467e-08
2.5864124e-12
8.8499128e-08
2.5926034e-12
8.8498789e-08
2.5987101e-12
8.8498448e-08
2.6047323e-12
8.8498107e-08
2.6106876e-12
8.8497765e-08
2.6165666e-12
8.8497422e-08
2.6223633e-12
8.8497079e-08
2.6280795e-12
8.8496734e-08
2.6337209e-12
8.8496389e-08
2.6392821e-12
8.8496044e-08
2.6447621e-12
8.8495697e-08
2.6501692e-12
8.849535e-08
2.6555033e-12
8.8495002e-08
2.660761e-12
8.8494654e-08
2.665937e-12
8.8494305e-08
2.6710358e-12
8.8493955e-08
2.6760525e-12
8.8493604e-08
2.680995e-12
8.8493253e-08
2.6858681e-12
8.8492901e-08
2.690651e-12
8.8492549e-08
2.6953585e-12
8.8492196e-08
2.6999868e-12
8.8491842e-08
2.7045495e-12
8.8491488e-08
2.7090342e-12
8.8491133e-08
2.7134276e-12
8.8490778e-08
2.7177557e-12
8.8490422e-08
2.7220067e-12
8.8490066e-08
2.7261641e-12
8.8489709e-08
2.7302558e-12
8.8489351e-08
2.7342752e-12
8.8488993e-08
2.7382025e-12
8.8488635e-08
2.7420592e-12
8.8488276e-08
2.7458483e-12
8.8487916e-08
2.7495514e-12
8.8487556e-08
2.7531667e-12
8.8487195e-08
2.7567154e-12
8.8486835e-08
2.7601859e-12
8.8486473e-08
2.7635731e-12
8.8486111e-08
2.7668892e-12
8.8485749e-08
2.7701332e-12
8.8485386e-08
2.773291e-12
8.8485023e-08
2.7763634e-12
8.848466e-08
2.77936e-12
8.8484296e-08
2.7822946e-12
8.8483932e-08
2.7851263e-12
8.8483567e-08
2.7878128e-12
8.8483202e-08
2.7904568e-12
8.8482837e-08
2.7931268e-12
8.8482471e-08
2.7957168e-12
8.8482105e-08
2.798176e-12
8.8481739e-08
2.8005484e-12
8.8481373e-08
2.8028387e-12
8.8481006e-08
2.8050687e-12
8.8480639e-08
2.807261e-12
8.8480271e-08
2.8093487e-12
8.8479903e-08
2.8112723e-12
8.8479535e-08
2.8130641e-12
8.8479167e-08
2.8148504e-12
8.8478799e-08
2.8166838e-12
8.847843e-08
2.8183779e-12
8.8478061e-08
2.8199239e-12
8.8477692e-08
2.8214811e-12
8.8477323e-08
2.822982e-12
8.8476954e-08
2.8242872e-12
8.8476584e-08
2.825449e-12
8.8476214e-08
2.8265874e-12
8.8475845e-08
2.8277227e-12
8.8475475e-08
2.8287623e-12
8.8475104e-08
2.8297169e-12
8.8474734e-08
2.8306663e-12
8.8474364e-08
2.8315031e-12
8.8473993e-08
2.8321988e-12
8.8473623e-08
2.8328466e-12
8.8473252e-08
2.833428e-12
8.8472881e-08
2.8338857e-12
8.8472511e-08
2.8342457e-12
8.847214e-08
2.8345227e-12
8.8471769e-08
2.8348085e-12
8.8471398e-08
2.8351667e-12
8.8471027e-08
2.8355858e-12
8.8470656e-08
2.8361555e-12
8.8470285e-08
2.8360982e-12
8.8469914e-08
2.8346237e-12
8.8469544e-08
2.8331657e-12
8.8469173e-08
2.8332263e-12
8.8468802e-08
2.8337039e-12
8.8468432e-08
2.8337318e-12
8.8468061e-08
2.8325455e-12
8.846769e-08
2.8325985e-12
8.8467321e-08
2.827116e-12
8.846695e-08
2.8326722e-12
8.8466576e-08
2.8632384e-12
8.8466204e-08
2.8440562e-12
8.8465839e-08
2.7879362e-12
8.8465473e-08
2.795434e-12
8.8465102e-08
2.831614e-12
8.8464731e-08
2.8382644e-12
8.8464362e-08
2.8223322e-12
8.8463994e-08
2.8111243e-12
8.8463626e-08
2.8109809e-12
8.8463253e-08
2.8558567e-12
8.8462884e-08
2.8186765e-12
8.8462516e-08
2.815292e-12
1.4352344e-12
9.5578036e-08
1.0933961e-12
9.5577535e-08
4.0840592e-12
9.5577073e-08
3.7315898e-12
9.5576676e-08
3.1953837e-12
9.5576323e-08
2.8325777e-12
9.5575984e-08
2.72453e-12
9.5575646e-08
2.7211281e-12
9.5575307e-08
2.727704e-12
9.5574967e-08
2.7324514e-12
9.5574626e-08
2.7399372e-12
9.5574284e-08
2.7499409e-12
9.5573941e-08
2.7627401e-12
9.5573596e-08
2.7701282e-12
9.5573251e-08
2.776703e-12
9.5572904e-08
2.7868412e-12
9.5572556e-08
2.7970104e-12
9.5572207e-08
2.8070272e-12
9.5571857e-08
2.8168991e-12
9.5571505e-08
2.8264754e-12
9.5571152e-08
2.8357085e-12
9.5570798e-08
2.8446361e-12
9.5570443e-08
2.853309e-12
9.5570087e-08
2.8617777e-12
9.556973e-08
2.870082e-12
9.5569372e-08
2.8782486e-12
9.5569013e-08
2.8862886e-12
9.5568653e-08
2.8942141e-12
9.5568291e-08
2.9020361e-12
9.5567929e-08
2.9097576e-12
9.5567566e-08
2.917382e-12
9.5567202e-08
2.9249127e-12
9.5566837e-08
2.9323519e-12
9.5566471e-08
2.9396966e-12
9.5566105e-08
2.9469522e-12
9.5565737e-08
2.9541135e-12
9.5565368e-08
2.9611944e-12
9.5564999e-08
2.9681787e-12
9.5564628e-08
2.9750665e-12
9.5564257e-08
2.9818777e-12
9.5563885e-08
2.9886015e-12
9.5563512e-08
2.9952312e-12
9.5563139e-08
3.0017688e-12
9.5562764e-08
3.0082209e-12
9.5562389e-08
3.0145811e-12
9.5562013e-08
3.0208486e-12
9.5561636e-08
3.0270326e-12
9.5561258e-08
3.0331331e-12
9.556088e-08
3.0391463e-12
9.5560501e-08
3.045066e-12
9.5560121e-08
3.0508974e-12
9.555974e-08
3.0566349e-12
9.5559359e-08
3.0622877e-12
9.5558977e-08
3.0678611e-12
9.5558594e-08
3.0733313e-12
9.5558211e-08
3.0787152e-12
9.5557827e-08
3.0840087e-12
9.5557442e-08
3.0892271e-12
9.5557057e-08
3.0943564e-12
9.5556671e-08
3.0993813e-12
9.5556284e-08
3.1043316e-12
9.5555897e-08
3.1091936e-12
9.555551e-08
3.1139487e-12
9.5555121e-08
3.1186288e-12
9.5554732e-08
3.123226e-12
9.5554343e-08
3.1277181e-12
9.5553953e-08
3.1321295e-12
9.5553562e-08
3.1364636e-12
9.5553171e-08
3.1406993e-12
9.5552779e-08
3.1448347e-12
9.5552387e-08
3.1488941e-12
9.5551994e-08
3.152864e-12
9.5551601e-08
3.1567387e-12
9.5551208e-08
3.1605321e-12
9.5550813e-08
3.1642431e-12
9.5550419e-08
3.1678556e-12
9.5550024e-08
3.1713705e-12
9.5549628e-08
3.1747988e-12
9.5549233e-08
3.1781561e-12
9.5548836e-08
3.1813962e-12
9.554844e-08
3.184471e-12
9.5548043e-08
3.1874963e-12
9.5547645e-08
3.1905503e-12
9.5547247e-08
3.1935133e-12
9.5546849e-08
3.1963275e-12
9.5546451e-08
3.1990426e-12
9.5546052e-08
3.2016637e-12
9.5545653e-08
3.2042157e-12
9.5545253e-08
3.2067241e-12
9.5544853e-08
3.2091135e-12
9.5544453e-08
3.2113165e-12
9.5544053e-08
3.2133691e-12
9.5543653e-08
3.2154141e-12
9.5543252e-08
3.2175115e-12
9.5542851e-08
3.2194512e-12
9.5542449e-08
3.2212224e-12
9.5542048e-08
3.2230049e-12
9.5541646e-08
3.2247232e-12
9.5541244e-08
3.2262194e-12
9.5540842e-08
3.2275521e-12
9.554044e-08
3.228857e-12
9.5540037e-08
3.2301574e-12
9.5539635e-08
3.2313491e-12
9.5539232e-08
3.2324436e-12
9.5538829e-08
3.2335315e-12
9.5538426e-08
3.2344913e-12
9.5538023e-08
3.2352906e-12
9.553762e-08
3.2360345e-12
9.5537217e-08
3.2367025e-12
9.5536813e-08
3.2372299e-12
9.553641e-08
3.2376456e-12
9.5536006e-08
3.2379662e-12
9.5535603e-08
3.2382959e-12
9.5535199e-08
3.238707e-12
9.5534796e-08
3.2391869e-12
9.5534392e-08
3.2398372e-12
9.5533988e-08
3.2397785e-12
9.5533585e-08
3.2381126e-12
9.5533182e-08
3.2364576e-12
9.5532778e-08
3.2365201e-12
9.5532375e-08
3.2370611e-12
9.5531972e-08
3.2370953e-12
9.5531568e-08
3.2357537e-12
9.5531165e-08
3.23581e-12
9.5530763e-08
3.2296084e-12
9.553036e-08
3.2358633e-12
9.5529952e-08
3.2704156e-12
9.5529548e-08
3.2488403e-12
9.552915e-08
3.1853739e-12
9.5528752e-08
3.1936452e-12
9.5528349e-08
3.2345173e-12
9.5527945e-08
3.242146e-12
9.5527543e-08
3.2241518e-12
9.5527143e-08
3.2114324e-12
9.5526743e-08
3.2111872e-12
9.5526336e-08
3.2624587e-12
9.5525935e-08
3.2195251e-12
9.5525535e-08
3.2153611e-12
1.6446545e-12
1.0290683e-07
1.2437061e-12
1.0290629e-07
4.6256167e-12
1.0290578e-07
4.2320997e-12
1.0290535e-07
3.6255493e-12
1.0290497e-07
3.2153299e-12
1.029046e-07
3.0924557e-12
1.0290424e-07
3.0882006e-12
1.0290387e-07
3.0956119e-12
1.029035e-07
3.1010291e-12
1.0290313e-07
3.1095247e-12
1.0290276e-07
3.1208709e-12
1.0290239e-07
3.1353775e-12
1.0290201e-07
3.1438246e-12
1.0290164e-07
3.1513358e-12
1.0290126e-07
3.1628485e-12
1.0290089e-07
3.1744151e-12
1.0290051e-07
3.1858137e-12
1.0290013e-07
3.1970473e-12
1.0289974e-07
3.2079443e-12
1.0289936e-07
3.21845e-12
1.0289898e-07
3.2286068e-12
1.0289859e-07
3.2384725e-12
1.0289821e-07
3.2481048e-12
1.0289782e-07
3.2575491e-12
1.0289743e-07
3.2668359e-12
1.0289704e-07
3.275978e-12
1.0289665e-07
3.2849895e-12
1.0289626e-07
3.2938827e-12
1.0289587e-07
3.3026615e-12
1.0289547e-07
3.3113295e-12
1.0289508e-07
3.3198908e-12
1.0289468e-07
3.3283478e-12
1.0289428e-07
3.3366973e-12
1.0289389e-07
3.3449453e-12
1.0289349e-07
3.353086e-12
1.0289309e-07
3.3611352e-12
1.0289269e-07
3.3690746e-12
1.0289228e-07
3.3769042e-12
1.0289188e-07
3.3846465e-12
1.0289148e-07
3.3922895e-12
1.0289107e-07
3.3998256e-12
1.0289067e-07
3.4072569e-12
1.0289026e-07
3.414591e-12
1.0288985e-07
3.4218206e-12
1.0288945e-07
3.4289447e-12
1.0288904e-07
3.4359741e-12
1.0288863e-07
3.4429084e-12
1.0288822e-07
3.4497435e-12
1.028878e-07
3.4564723e-12
1.0288739e-07
3.4631008e-12
1.0288698e-07
3.4696227e-12
1.0288657e-07
3.4760481e-12
1.0288615e-07
3.4823833e-12
1.0288574e-07
3.4886014e-12
1.0288532e-07
3.4947214e-12
1.028849e-07
3.5007386e-12
1.0288449e-07
3.5066704e-12
1.0288407e-07
3.512501e-12
1.0288365e-07
3.5182131e-12
1.0288323e-07
3.5238402e-12
1.0288281e-07
3.5293671e-12
1.0288239e-07
3.5347727e-12
1.0288197e-07
3.5400929e-12
1.0288154e-07
3.5453189e-12
1.0288112e-07
3.5504257e-12
1.028807e-07
3.5554406e-12
1.0288027e-07
3.5603677e-12
1.0287985e-07
3.5651832e-12
1.0287943e-07
3.5698847e-12
1.02879e-07
3.5744997e-12
1.0287857e-07
3.5790131e-12
1.0287815e-07
3.5834184e-12
1.0287772e-07
3.5877314e-12
1.0287729e-07
3.5919507e-12
1.0287686e-07
3.5960581e-12
1.0287644e-07
3.6000548e-12
1.0287601e-07
3.603953e-12
1.0287558e-07
3.6077705e-12
1.0287515e-07
3.6114552e-12
1.0287472e-07
3.614953e-12
1.0287428e-07
3.6183937e-12
1.0287385e-07
3.6218655e-12
1.0287342e-07
3.6252345e-12
1.0287299e-07
3.6284355e-12
1.0287256e-07
3.6315239e-12
1.0287212e-07
3.6345053e-12
1.0287169e-07
3.637408e-12
1.0287126e-07
3.6402607e-12
1.0287082e-07
3.6429789e-12
1.0287039e-07
3.6454865e-12
1.0286996e-07
3.6478238e-12
1.0286952e-07
3.6501507e-12
1.0286909e-07
3.6525357e-12
1.0286865e-07
3.6547431e-12
1.0286821e-07
3.6567601e-12
1.0286778e-07
3.6587881e-12
1.0286734e-07
3.6607435e-12
1.0286691e-07
3.6624483e-12
1.0286647e-07
3.6639679e-12
1.0286603e-07
3.6654546e-12
1.028656e-07
3.6669353e-12
1.0286516e-07
3.6682932e-12
1.0286472e-07
3.6695408e-12
1.0286429e-07
3.6707799e-12
1.0286385e-07
3.6718743e-12
1.0286341e-07
3.6727873e-12
1.0286297e-07
3.6736366e-12
1.0286254e-07
3.6743997e-12
1.028621e-07
3.6750038e-12
1.0286166e-07
3.6754811e-12
1.0286122e-07
3.6758502e-12
1.0286078e-07
3.6762284e-12
1.0286035e-07
3.6766976e-12
1.0285991e-07
3.677244e-12
1.0285947e-07
3.6779821e-12
1.0285903e-07
3.6779235e-12
1.0285859e-07
3.6760537e-12
1.0285816e-07
3.6741871e-12
1.0285772e-07
3.6742508e-12
1.0285728e-07
3.6748599e-12
1.0285684e-07
3.6749017e-12
1.0285641e-07
3.6733941e-12
1.0285597e-07
3.6734537e-12
1.0285553e-07
3.6664819e-12
1.0285509e-07
3.6734786e-12
1.0285465e-07
3.7123013e-12
1.0285421e-07
3.6881905e-12
1.0285378e-07
3.6168506e-12
1.0285335e-07
3.6259056e-12
1.0285291e-07
3.6717963e-12
1.0285247e-07
3.6804968e-12
1.0285204e-07
3.6603018e-12
1.028516e-07
3.6459561e-12
1.0285117e-07
3.6455862e-12
1.0285073e-07
3.7038136e-12
1.0285029e-07
3.6545299e-12
1.0284986e-07
3.6494301e-12
1.8733265e-12
1.1051513e-07
1.4071508e-12
1.1051455e-07
5.2093744e-12
1.1051401e-07
4.7730331e-12
1.1051354e-07
4.0909817e-12
1.1051313e-07
3.6297813e-12
1.1051273e-07
3.490804e-12
1.1051233e-07
3.4855389e-12
1.1051194e-07
3.4938394e-12
1.1051154e-07
3.4999865e-12
1.1051114e-07
3.5095758e-12
1.1051073e-07
3.5223751e-12
1.1051033e-07
3.5387288e-12
1.1050993e-07
3.5483353e-12
1.1050952e-07
3.556871e-12
1.1050911e-07
3.5698747e-12
1.1050871e-07
3.5829608e-12
1.105083e-07
3.5958629e-12
1.1050788e-07
3.6085784e-12
1.1050747e-07
3.6209126e-12
1.1050706e-07
3.6328029e-12
1.1050664e-07
3.6442968e-12
1.1050622e-07
3.6554597e-12
1.1050581e-07
3.6663571e-12
1.1050539e-07
3.6770405e-12
1.1050497e-07
3.6875447e-12
1.1050454e-07
3.6978845e-12
1.1050412e-07
3.7080759e-12
1.105037e-07
3.7181331e-12
1.1050327e-07
3.7280603e-12
1.1050284e-07
3.737862e-12
1.1050242e-07
3.7475428e-12
1.1050199e-07
3.7571053e-12
1.1050156e-07
3.7665461e-12
1.1050113e-07
3.775872e-12
1.105007e-07
3.7850765e-12
1.1050026e-07
3.7941772e-12
1.1049983e-07
3.8031538e-12
1.1049939e-07
3.8120062e-12
1.1049896e-07
3.8207598e-12
1.1049852e-07
3.829401e-12
1.1049808e-07
3.8379213e-12
1.1049764e-07
3.846323e-12
1.104972e-07
3.8546149e-12
1.1049676e-07
3.8627886e-12
1.1049632e-07
3.8708431e-12
1.1049588e-07
3.8787903e-12
1.1049543e-07
3.88663e-12
1.1049499e-07
3.8943576e-12
1.1049454e-07
3.9019651e-12
1.104941e-07
3.9094592e-12
1.1049365e-07
3.9168327e-12
1.104932e-07
3.9240972e-12
1.1049275e-07
3.9312597e-12
1.104923e-07
3.9382898e-12
1.1049185e-07
3.9452091e-12
1.104914e-07
3.9520123e-12
1.1049095e-07
3.9587188e-12
1.104905e-07
3.9653109e-12
1.1049004e-07
3.9717693e-12
1.1048959e-07
3.9781316e-12
1.1048913e-07
3.9843805e-12
1.1048868e-07
3.9904925e-12
1.1048822e-07
3.9965079e-12
1.1048776e-07
4.0024169e-12
1.1048731e-07
4.0081912e-12
1.1048685e-07
4.0138617e-12
1.1048639e-07
4.0194329e-12
1.1048593e-07
4.024878e-12
1.1048547e-07
4.0301944e-12
1.1048501e-07
4.0354131e-12
1.1048455e-07
4.0405169e-12
1.1048408e-07
4.0454986e-12
1.1048362e-07
4.050376e-12
1.1048316e-07
4.0551475e-12
1.1048269e-07
4.0597927e-12
1.1048223e-07
4.0643128e-12
1.1048177e-07
4.0687217e-12
1.104813e-07
4.0730393e-12
1.1048083e-07
4.0772072e-12
1.1048037e-07
4.0811648e-12
1.104799e-07
4.0850569e-12
1.1047943e-07
4.0889827e-12
1.1047897e-07
4.0927931e-12
1.104785e-07
4.0964145e-12
1.1047803e-07
4.0999087e-12
1.1047756e-07
4.103282e-12
1.1047709e-07
4.106566e-12
1.1047662e-07
4.1097929e-12
1.1047615e-07
4.1128687e-12
1.1047568e-07
4.115708e-12
1.1047521e-07
4.118355e-12
1.1047474e-07
4.1209888e-12
1.1047427e-07
4.1236864e-12
1.104738e-07
4.1261852e-12
1.1047333e-07
4.1284699e-12
1.1047286e-07
4.1307652e-12
1.1047238e-07
4.1329786e-12
1.1047191e-07
4.1349109e-12
1.1047144e-07
4.1366346e-12
1.1047097e-07
4.1383196e-12
1.1047049e-07
4.1399967e-12
1.1047002e-07
4.141536e-12
1.1046955e-07
4.1429507e-12
1.1046907e-07
4.1443547e-12
1.104686e-07
4.1455962e-12
1.1046812e-07
4.1466336e-12
1.1046765e-07
4.1475983e-12
1.1046718e-07
4.1484656e-12
1.104667e-07
4.1491543e-12
1.1046623e-07
4.1496995e-12
1.1046575e-07
4.1501225e-12
1.1046528e-07
4.1505543e-12
1.1046481e-07
4.1510871e-12
1.1046433e-07
4.1517062e-12
1.1046386e-07
4.1525397e-12
1.1046338e-07
4.152483e-12
1.1046291e-07
4.1503966e-12
1.1046243e-07
4.1483036e-12
1.1046196e-07
4.1483677e-12
1.1046148e-07
4.1490499e-12
1.1046101e-07
4.1491006e-12
1.1046054e-07
4.1474161e-12
1.1046006e-07
4.1474791e-12
1.1045959e-07
4.1396843e-12
1.1045912e-07
4.1474664e-12
1.1045864e-07
4.1908564e-12
1.1045816e-07
4.164066e-12
1.1045769e-07
4.0843028e-12
1.1045723e-07
4.0941455e-12
1.1045675e-07
4.1453942e-12
1.1045628e-07
4.1552676e-12
1.104558e-07
4.1327288e-12
1.1045533e-07
4.1166365e-12
1.1045486e-07
4.1161167e-12
1.1045439e-07
4.1818963e-12
1.1045391e-07
4.1256168e-12
1.1045344e-07
4.1193983e-12
2.1225862e-12
1.1842131e-07
1.5846164e-12
1.1842068e-07
5.8373081e-12
1.184201e-07
5.3565106e-12
1.184196e-07
4.5936426e-12
1.1841915e-07
4.0777458e-12
1.1841872e-07
3.9213114e-12
1.1841829e-07
3.914859e-12
1.1841786e-07
3.9241029e-12
1.1841743e-07
3.9310439e-12
1.18417e-07
3.9418158e-12
1.1841656e-07
3.9561853e-12
1.1841613e-07
3.9745338e-12
1.1841569e-07
3.985408e-12
1.1841525e-07
3.9950628e-12
1.1841481e-07
4.0096814e-12
1.1841437e-07
4.0244172e-12
1.1841393e-07
4.0389531e-12
1.1841348e-07
4.0532787e-12
1.1841303e-07
4.0671745e-12
1.1841259e-07
4.0805691e-12
1.1841214e-07
4.0935153e-12
1.1841169e-07
4.1060868e-12
1.1841124e-07
4.1183575e-12
1.1841078e-07
4.1303858e-12
1.1841033e-07
4.1422112e-12
1.1840987e-07
4.1538505e-12
1.1840941e-07
4.165322e-12
1.1840896e-07
4.1766417e-12
1.184085e-07
4.1878147e-12
1.1840803e-07
4.198846e-12
1.1840757e-07
4.2097408e-12
1.1840711e-07
4.2205023e-12
1.1840664e-07
4.2311265e-12
1.1840618e-07
4.2416212e-12
1.1840571e-07
4.2519791e-12
1.1840524e-07
4.2622201e-12
1.1840477e-07
4.2723213e-12
1.184043e-07
4.2822827e-12
1.1840383e-07
4.2921327e-12
1.1840336e-07
4.3018561e-12
1.1840289e-07
4.3114435e-12
1.1840241e-07
4.3208975e-12
1.1840194e-07
4.3302277e-12
1.1840146e-07
4.339425e-12
1.1840098e-07
4.3484881e-12
1.184005e-07
4.3574305e-12
1.1840002e-07
4.3662519e-12
1.1839954e-07
4.374947e-12
1.1839906e-07
4.3835072e-12
1.1839858e-07
4.3919397e-12
1.183981e-07
4.4002365e-12
1.1839761e-07
4.4084108e-12
1.1839713e-07
4.4164701e-12
1.1839664e-07
4.4243808e-12
1.1839615e-07
4.4321666e-12
1.1839567e-07
4.439822e-12
1.1839518e-07
4.4473684e-12
1.1839469e-07
4.4547862e-12
1.183942e-07
4.4620537e-12
1.1839371e-07
4.469213e-12
1.1839321e-07
4.4762449e-12
1.1839272e-07
4.4831228e-12
1.1839223e-07
4.4898921e-12
1.1839173e-07
4.4965416e-12
1.1839124e-07
4.5030398e-12
1.1839074e-07
4.5094212e-12
1.1839025e-07
4.5156909e-12
1.1838975e-07
4.5218188e-12
1.1838925e-07
4.5278022e-12
1.1838876e-07
4.5336755e-12
1.1838826e-07
4.5394196e-12
1.1838776e-07
4.5450266e-12
1.1838726e-07
4.5505162e-12
1.1838676e-07
4.5558866e-12
1.1838625e-07
4.5611152e-12
1.1838575e-07
4.5662031e-12
1.1838525e-07
4.571166e-12
1.1838475e-07
4.5760261e-12
1.1838424e-07
4.5807184e-12
1.1838374e-07
4.5851752e-12
1.1838324e-07
4.5895573e-12
1.1838273e-07
4.5939755e-12
1.1838222e-07
4.5982647e-12
1.1838172e-07
4.6023425e-12
1.1838121e-07
4.6062772e-12
1.1838071e-07
4.610076e-12
1.183802e-07
4.613774e-12
1.1837969e-07
4.6174072e-12
1.1837918e-07
4.6208713e-12
1.1837867e-07
4.6240709e-12
1.1837817e-07
4.6270549e-12
1.1837766e-07
4.6300221e-12
1.1837715e-07
4.633059e-12
1.1837664e-07
4.6358745e-12
1.1837613e-07
4.6384504e-12
1.1837562e-07
4.6410362e-12
1.1837511e-07
4.64353e-12
1.183746e-07
4.6457101e-12
1.1837408e-07
4.6476561e-12
1.1837357e-07
4.6495571e-12
1.1837306e-07
4.6514481e-12
1.1837255e-07
4.6531849e-12
1.1837204e-07
4.6547818e-12
1.1837153e-07
4.6563654e-12
1.1837101e-07
4.6577674e-12
1.183705e-07
4.658941e-12
1.1836999e-07
4.6600319e-12
1.1836948e-07
4.6610133e-12
1.1836896e-07
4.6617948e-12
1.1836845e-07
4.6624152e-12
1.1836794e-07
4.6628978e-12
1.1836743e-07
4.6633889e-12
1.1836691e-07
4.6639915e-12
1.183664e-07
4.6646899e-12
1.1836589e-07
4.665627e-12
1.1836537e-07
4.6655744e-12
1.1836486e-07
4.6632584e-12
1.1836435e-07
4.6609238e-12
1.1836384e-07
4.6609874e-12
1.1836332e-07
4.6617477e-12
1.1836281e-07
4.661809e-12
1.183623e-07
4.6599363e-12
1.1836179e-07
4.6600029e-12
1.1836127e-07
4.6513299e-12
1.1836076e-07
4.6599424e-12
1.1836024e-07
4.7082104e-12
1.1835973e-07
4.6785944e-12
1.1835922e-07
4.5898326e-12
1.1835872e-07
4.6004609e-12
1.1835821e-07
4.6574212e-12
1.1835769e-07
4.6685766e-12
1.1835718e-07
4.6435464e-12
1.1835667e-07
4.6255816e-12
1.1835616e-07
4.6248839e-12
1.1835565e-07
4.6988516e-12
1.1835514e-07
4.6348767e-12
1.1835463e-07
4.6273264e-12
2.3939006e-12
1.266441e-07
1.7770757e-12
1.2664342e-07
6.5115309e-12
1.2664279e-07
5.9848092e-12
1.2664225e-07
5.1356488e-12
1.2664177e-07
4.5611849e-12
1.266413e-07
4.3858565e-12
1.2664084e-07
4.378017e-12
1.2664038e-07
4.3882586e-12
1.2663991e-07
4.3960616e-12
1.2663945e-07
4.4081106e-12
1.2663898e-07
4.4241745e-12
1.2663851e-07
4.4446748e-12
1.2663804e-07
4.4569331e-12
1.2663756e-07
4.467809e-12
1.2663709e-07
4.4841746e-12
1.2663661e-07
4.5006992e-12
1.2663613e-07
4.517008e-12
1.2663565e-07
4.5330812e-12
1.2663517e-07
4.5486718e-12
1.2663469e-07
4.5636986e-12
1.2663421e-07
4.5782202e-12
1.2663372e-07
4.5923194e-12
1.2663323e-07
4.6060792e-12
1.2663274e-07
4.6195655e-12
1.2663225e-07
4.6328227e-12
1.2663176e-07
4.6458701e-12
1.2663127e-07
4.6587285e-12
1.2663077e-07
4.6714161e-12
1.2663028e-07
4.6839386e-12
1.2662978e-07
4.6963017e-12
1.2662928e-07
4.7085116e-12
1.2662878e-07
4.7205715e-12
1.2662828e-07
4.7324774e-12
1.2662778e-07
4.7442379e-12
1.2662727e-07
4.755845e-12
1.2662677e-07
4.7673208e-12
1.2662626e-07
4.7786397e-12
1.2662575e-07
4.789802e-12
1.2662524e-07
4.8008393e-12
1.2662473e-07
4.8117345e-12
1.2662422e-07
4.8224774e-12
1.2662371e-07
4.8330707e-12
1.266232e-07
4.8435252e-12
1.2662268e-07
4.8538308e-12
1.2662217e-07
4.863986e-12
1.2662165e-07
4.8740059e-12
1.2662113e-07
4.8838901e-12
1.2662061e-07
4.8936329e-12
1.2662009e-07
4.9032244e-12
1.2661957e-07
4.912673e-12
1.2661905e-07
4.9219696e-12
1.2661853e-07
4.9311288e-12
1.2661801e-07
4.9401592e-12
1.2661748e-07
4.9490232e-12
1.2661696e-07
4.9577474e-12
1.2661643e-07
4.9663254e-12
1.266159e-07
4.9747814e-12
1.2661537e-07
4.9830932e-12
1.2661484e-07
4.9912368e-12
1.2661431e-07
4.9992592e-12
1.2661378e-07
5.0071389e-12
1.2661325e-07
5.0148463e-12
1.2661272e-07
5.0224319e-12
1.2661219e-07
5.0298834e-12
1.2661165e-07
5.0371655e-12
1.2661112e-07
5.0443168e-12
1.2661058e-07
5.0513429e-12
1.2661004e-07
5.0582104e-12
1.2660951e-07
5.0649161e-12
1.2660897e-07
5.0714985e-12
1.2660843e-07
5.0779362e-12
1.2660789e-07
5.0842204e-12
1.2660735e-07
5.0903732e-12
1.2660681e-07
5.0963925e-12
1.2660627e-07
5.102253e-12
1.2660573e-07
5.1079562e-12
1.2660519e-07
5.1135194e-12
1.2660464e-07
5.1189673e-12
1.266041e-07
5.1242278e-12
1.2660356e-07
5.1292259e-12
1.2660301e-07
5.1341391e-12
1.2660247e-07
5.1390907e-12
1.2660192e-07
5.1438987e-12
1.2660137e-07
5.1484714e-12
1.2660083e-07
5.1528837e-12
1.2660028e-07
5.1571438e-12
1.2659973e-07
5.1612907e-12
1.2659919e-07
5.1653644e-12
1.2659864e-07
5.1692496e-12
1.2659809e-07
5.1728405e-12
1.2659754e-07
5.1761904e-12
1.2659699e-07
5.1795193e-12
1.2659644e-07
5.1829242e-12
1.2659589e-07
5.1860835e-12
1.2659534e-07
5.1889758e-12
1.2659479e-07
5.1918767e-12
1.2659424e-07
5.194675e-12
1.2659369e-07
5.1971246e-12
1.2659313e-07
5.1993128e-12
1.2659258e-07
5.2014488e-12
1.2659203e-07
5.2035722e-12
1.2659148e-07
5.2055241e-12
1.2659092e-07
5.2073194e-12
1.2659037e-07
5.2090985e-12
1.2658982e-07
5.2106754e-12
1.2658927e-07
5.2119978e-12
1.2658871e-07
5.2132266e-12
1.2658816e-07
5.2143329e-12
1.2658761e-07
5.2152164e-12
1.2658705e-07
5.2159195e-12
1.265865e-07
5.2164682e-12
1.2658595e-07
5.2170247e-12
1.2658539e-07
5.2177037e-12
1.2658484e-07
5.2184888e-12
1.2658428e-07
5.2195383e-12
1.2658373e-07
5.2194924e-12
1.2658318e-07
5.2169337e-12
1.2658262e-07
5.2143416e-12
1.2658207e-07
5.2144039e-12
1.2658152e-07
5.2152477e-12
1.2658096e-07
5.2153216e-12
1.2658041e-07
5.2132491e-12
1.2657986e-07
5.2133197e-12
1.265793e-07
5.203711e-12
1.2657875e-07
5.2131996e-12
1.2657819e-07
5.2666717e-12
1.2657764e-07
5.2340823e-12
1.2657709e-07
5.1357189e-12
1.2657654e-07
5.1471233e-12
1.2657599e-07
5.2101643e-12
1.2657544e-07
5.2227196e-12
1.2657489e-07
5.1950459e-12
1.2657434e-07
5.1750765e-12
1.2657379e-07
5.1741701e-12
1.2657323e-07
5.2570051e-12
1.2657268e-07
5.184576e-12
1.2657213e-07
5.1754472e-12
2.6888785e-12
1.3520264e-07
1.9855958e-12
1.3520192e-07
7.2342981e-12
1.3520124e-07
6.6603692e-12
1.3520066e-07
5.7192803e-12
1.3520014e-07
5.0822157e-12
1.3519963e-07
4.8864681e-12
1.3519914e-07
4.8770173e-12
1.3519864e-07
4.8883106e-12
1.3519813e-07
4.8970484e-12
1.3519763e-07
4.9104748e-12
1.3519713e-07
4.9283654e-12
1.3519662e-07
4.9511843e-12
1.3519611e-07
4.9649523e-12
1.351956e-07
4.9771593e-12
1.3519509e-07
4.9954127e-12
1.3519458e-07
5.013875e-12
1.3519406e-07
5.0321061e-12
1.3519355e-07
5.050074e-12
1.3519303e-07
5.067502e-12
1.3519251e-07
5.0842983e-12
1.3519199e-07
5.1005273e-12
1.3519146e-07
5.1162816e-12
1.3519094e-07
5.1316544e-12
1.3519041e-07
5.1467195e-12
1.3518988e-07
5.1615269e-12
1.3518935e-07
5.1760986e-12
1.3518882e-07
5.1904582e-12
1.3518829e-07
5.2046261e-12
1.3518775e-07
5.2186089e-12
1.3518721e-07
5.2324132e-12
1.3518668e-07
5.2460458e-12
1.3518614e-07
5.2595106e-12
1.351856e-07
5.2728031e-12
1.3518506e-07
5.285933e-12
1.3518451e-07
5.2988914e-12
1.3518397e-07
5.3117028e-12
1.3518342e-07
5.3243391e-12
1.3518288e-07
5.3368003e-12
1.3518233e-07
5.3491218e-12
1.3518178e-07
5.3612845e-12
1.3518123e-07
5.3732771e-12
1.3518068e-07
5.3851027e-12
1.3518012e-07
5.3967733e-12
1.3517957e-07
5.4082776e-12
1.3517901e-07
5.419614e-12
1.3517846e-07
5.4307992e-12
1.351779e-07
5.4418329e-12
1.3517734e-07
5.4527087e-12
1.3517678e-07
5.4634158e-12
1.3517622e-07
5.4739632e-12
1.3517565e-07
5.4843412e-12
1.3517509e-07
5.4945657e-12
1.3517453e-07
5.5046464e-12
1.3517396e-07
5.5145415e-12
1.3517339e-07
5.5242806e-12
1.3517283e-07
5.5338566e-12
1.3517226e-07
5.5432962e-12
1.3517169e-07
5.5525749e-12
1.3517112e-07
5.5616663e-12
1.3517055e-07
5.5706223e-12
1.3516997e-07
5.5794189e-12
1.351694e-07
5.5880236e-12
1.3516883e-07
5.5964923e-12
1.3516825e-07
5.6048112e-12
1.3516768e-07
5.6129414e-12
1.351671e-07
5.6209256e-12
1.3516652e-07
5.62877e-12
1.3516594e-07
5.6364376e-12
1.3516537e-07
5.6439249e-12
1.3516479e-07
5.6512744e-12
1.3516421e-07
5.6584627e-12
1.3516362e-07
5.6654797e-12
1.3516304e-07
5.6723501e-12
1.3516246e-07
5.6790715e-12
1.3516188e-07
5.685616e-12
1.3516129e-07
5.691985e-12
1.3516071e-07
5.698198e-12
1.3516012e-07
5.7042821e-12
1.3515954e-07
5.7101578e-12
1.3515895e-07
5.7157421e-12
1.3515836e-07
5.7212303e-12
1.3515777e-07
5.7267592e-12
1.3515719e-07
5.7321289e-12
1.351566e-07
5.7372374e-12
1.3515601e-07
5.7421671e-12
1.3515542e-07
5.7469269e-12
1.3515483e-07
5.7515601e-12
1.3515424e-07
5.7561107e-12
1.3515365e-07
5.7604523e-12
1.3515305e-07
5.7644674e-12
1.3515246e-07
5.7682143e-12
1.3515187e-07
5.7719355e-12
1.3515128e-07
5.7757389e-12
1.3515068e-07
5.7792711e-12
1.3515009e-07
5.7825067e-12
1.351495e-07
5.7857495e-12
1.351489e-07
5.788878e-12
1.3514831e-07
5.7916205e-12
1.3514771e-07
5.7940721e-12
1.3514712e-07
5.7964635e-12
1.3514652e-07
5.7988395e-12
1.3514593e-07
5.8010252e-12
1.3514533e-07
5.8030364e-12
1.3514474e-07
5.805028e-12
1.3514414e-07
5.8067954e-12
1.3514354e-07
5.8082803e-12
1.3514295e-07
5.8096599e-12
1.3514235e-07
5.8109025e-12
1.3514175e-07
5.8118981e-12
1.3514116e-07
5.8126924e-12
1.3514056e-07
5.8133143e-12
1.3513996e-07
5.8139429e-12
1.3513937e-07
5.8147058e-12
1.3513877e-07
5.8155853e-12
1.3513817e-07
5.8167567e-12
1.3513758e-07
5.8167207e-12
1.3513698e-07
5.8139059e-12
1.3513638e-07
5.8110401e-12
1.3513578e-07
5.8111001e-12
1.3513519e-07
5.8120332e-12
1.3513459e-07
5.8121217e-12
1.3513399e-07
5.8098376e-12
1.351334e-07
5.8099128e-12
1.351328e-07
5.7993082e-12
1.3513221e-07
5.80972e-12
1.351316e-07
5.8687389e-12
1.35131e-07
5.8330263e-12
1.3513042e-07
5.7244282e-12
1.3512983e-07
5.7365915e-12
1.3512923e-07
5.806099e-12
1.3512863e-07
5.8201821e-12
1.3512804e-07
5.7897074e-12
1.3512745e-07
5.7675947e-12
1.3512685e-07
5.7664457e-12
1.3512625e-07
5.8588747e-12
1.3512566e-07
5.7771679e-12
1.3512507e-07
5.7661752e-12
3.0092825e-12
1.441165e-07
2.2113462e-12
1.4411573e-07
8.0080128e-12
1.4411501e-07
7.3858007e-12
1.4411438e-07
6.3469881e-12
1.4411382e-07
5.6431202e-12
1.4411328e-07
5.4253342e-12
1.4411274e-07
5.4140211e-12
1.441122e-07
5.4264201e-12
1.4411166e-07
5.4361702e-12
1.4411112e-07
5.4510812e-12
1.4411058e-07
5.4709392e-12
1.4411004e-07
5.4962542e-12
1.4410949e-07
5.5116674e-12
1.4410894e-07
5.5253242e-12
1.4410839e-07
5.5456162e-12
1.4410784e-07
5.5661757e-12
1.4410728e-07
5.5864892e-12
1.4410673e-07
5.60651e-12
1.4410617e-07
5.6259285e-12
1.4410561e-07
5.6446414e-12
1.4410505e-07
5.6627193e-12
1.4410448e-07
5.6802655e-12
1.4410392e-07
5.697384e-12
1.4410335e-07
5.7141573e-12
1.4410278e-07
5.7306417e-12
1.4410221e-07
5.7468621e-12
1.4410164e-07
5.7628452e-12
1.4410106e-07
5.7786138e-12
1.4410049e-07
5.7941755e-12
1.4409991e-07
5.8095378e-12
1.4409933e-07
5.8247085e-12
1.4409875e-07
5.8396919e-12
1.4409817e-07
5.8544833e-12
1.4409759e-07
5.8690932e-12
1.44097e-07
5.883512e-12
1.4409642e-07
5.897767e-12
1.4409583e-07
5.911827e-12
1.4409524e-07
5.9256921e-12
1.4409465e-07
5.9394013e-12
1.4409406e-07
5.9529338e-12
1.4409346e-07
5.9662769e-12
1.4409287e-07
5.9794341e-12
1.4409227e-07
5.9924188e-12
1.4409168e-07
6.0052184e-12
1.4409108e-07
6.0178312e-12
1.4409048e-07
6.0302757e-12
1.4408988e-07
6.0425516e-12
1.4408928e-07
6.0546517e-12
1.4408867e-07
6.0665642e-12
1.4408807e-07
6.0782991e-12
1.4408746e-07
6.0898455e-12
1.4408686e-07
6.1012212e-12
1.4408625e-07
6.1124367e-12
1.4408564e-07
6.1234461e-12
1.4408503e-07
6.1342818e-12
1.4408442e-07
6.1449362e-12
1.4408381e-07
6.1554388e-12
1.4408319e-07
6.1657625e-12
1.4408258e-07
6.1758781e-12
1.4408197e-07
6.1858429e-12
1.4408135e-07
6.1956305e-12
1.4408073e-07
6.205205e-12
1.4408011e-07
6.214628e-12
1.4407949e-07
6.2238845e-12
1.4407887e-07
6.2329313e-12
1.4407825e-07
6.2418157e-12
1.4407763e-07
6.2505446e-12
1.4407701e-07
6.259077e-12
1.4407639e-07
6.2674092e-12
1.4407576e-07
6.275588e-12
1.4407514e-07
6.2835876e-12
1.4407451e-07
6.2913969e-12
1.4407388e-07
6.2990431e-12
1.4407326e-07
6.3065236e-12
1.4407263e-07
6.3138076e-12
1.44072e-07
6.3208967e-12
1.4407137e-07
6.3278123e-12
1.4407074e-07
6.3345845e-12
1.4407011e-07
6.3411256e-12
1.4406948e-07
6.3473442e-12
1.4406884e-07
6.3534544e-12
1.4406821e-07
6.3596076e-12
1.4406758e-07
6.3655849e-12
1.4406694e-07
6.3712733e-12
1.4406631e-07
6.3767628e-12
1.4406567e-07
6.3820635e-12
1.4406504e-07
6.3872229e-12
1.440644e-07
6.3922897e-12
1.4406377e-07
6.3971253e-12
1.4406313e-07
6.4016002e-12
1.4406249e-07
6.4057774e-12
1.4406185e-07
6.4099235e-12
1.4406122e-07
6.4141583e-12
1.4406058e-07
6.4180945e-12
1.4405994e-07
6.4217026e-12
1.440593e-07
6.4253157e-12
1.4405866e-07
6.4288021e-12
1.4405802e-07
6.4318626e-12
1.4405738e-07
6.4346006e-12
1.4405674e-07
6.4372696e-12
1.4405609e-07
6.4399197e-12
1.4405545e-07
6.4423595e-12
1.4405481e-07
6.4446055e-12
1.4405417e-07
6.446828e-12
1.4405353e-07
6.4488029e-12
1.4405289e-07
6.4504652e-12
1.4405224e-07
6.4520092e-12
1.440516e-07
6.453401e-12
1.4405096e-07
6.4545194e-12
1.4405032e-07
6.4554143e-12
1.4404967e-07
6.4561172e-12
1.4404903e-07
6.4568254e-12
1.4404839e-07
6.45768e-12
1.4404774e-07
6.4586625e-12
1.440471e-07
6.4599663e-12
1.4404646e-07
6.4599437e-12
1.4404581e-07
6.4568594e-12
1.4404517e-07
6.453703e-12
1.4404453e-07
6.4537599e-12
1.4404389e-07
6.4547884e-12
1.4404324e-07
6.454894e-12
1.440426e-07
6.4523859e-12
1.4404196e-07
6.4524665e-12
1.4404132e-07
6.4408032e-12
1.4404067e-07
6.4521864e-12
1.4404003e-07
6.5171128e-12
1.4403938e-07
6.4781256e-12
1.4403875e-07
6.3586269e-12
1.4403811e-07
6.3715228e-12
1.4403747e-07
6.4479009e-12
1.4403683e-07
6.4636503e-12
1.4403619e-07
6.430212e-12
1.4403555e-07
6.4058101e-12
1.4403491e-07
6.4043814e-12
1.4403426e-07
6.5071825e-12
1.4403362e-07
6.4153038e-12
1.4403299e-07
6.4021188e-12
3.3570414e-12
1.5340572e-07
2.4556076e-12
1.5340489e-07
8.8352314e-12
1.5340411e-07
8.1638914e-12
1.5340344e-07
7.021404e-12
1.5340283e-07
6.2463547e-12
1.5340225e-07
6.0048117e-12
1.5340168e-07
5.9913562e-12
1.534011e-07
6.0049144e-12
1.5340052e-07
6.0157597e-12
1.5339994e-07
6.0322696e-12
1.5339935e-07
6.054245e-12
1.5339877e-07
6.0822453e-12
1.5339818e-07
6.0994503e-12
1.5339759e-07
6.1146852e-12
1.53397e-07
6.1371771e-12
1.533964e-07
6.160005e-12
1.5339581e-07
6.182573e-12
1.5339521e-07
6.2048164e-12
1.5339461e-07
6.2263901e-12
1.5339401e-07
6.2471777e-12
1.533934e-07
6.2672566e-12
1.533928e-07
6.2867413e-12
1.5339219e-07
6.3057611e-12
1.5339157e-07
6.3268146e-12
1.5339096e-07
6.3426791e-12
1.5339035e-07
6.3606682e-12
1.5338973e-07
6.3784058e-12
1.5338912e-07
6.395904e-12
1.533885e-07
6.4131717e-12
1.5338788e-07
6.4302173e-12
1.5338725e-07
6.4470495e-12
1.5338663e-07
6.4636733e-12
1.53386e-07
6.4800836e-12
1.5338538e-07
6.4962922e-12
1.5338475e-07
6.5122884e-12
1.5338412e-07
6.5281024e-12
1.5338349e-07
6.5436999e-12
1.5338285e-07
6.5590811e-12
1.5338222e-07
6.574289e-12
1.5338158e-07
6.5893006e-12
1.5338094e-07
6.604102e-12
1.533803e-07
6.6186973e-12
1.5337966e-07
6.633101e-12
1.5337902e-07
6.6472993e-12
1.5337838e-07
6.6612904e-12
1.5337773e-07
6.6750947e-12
1.5337709e-07
6.6887118e-12
1.5337644e-07
6.7021338e-12
1.5337579e-07
6.7153479e-12
1.5337514e-07
6.728365e-12
1.5337449e-07
6.7411731e-12
1.5337384e-07
6.7537918e-12
1.5337318e-07
6.7662328e-12
1.5337253e-07
6.7784453e-12
1.5337187e-07
6.7904653e-12
1.5337122e-07
6.8022842e-12
1.5337056e-07
6.8139346e-12
1.533699e-07
6.8253867e-12
1.5336924e-07
6.8366083e-12
1.5336857e-07
6.8476624e-12
1.5336791e-07
6.8585203e-12
1.5336725e-07
6.8691421e-12
1.5336658e-07
6.8795958e-12
1.5336592e-07
6.8898647e-12
1.5336525e-07
6.8999016e-12
1.5336458e-07
6.9097583e-12
1.5336391e-07
6.9194425e-12
1.5336324e-07
6.928909e-12
1.5336257e-07
6.9381538e-12
1.533619e-07
6.9472285e-12
1.5336123e-07
6.9561045e-12
1.5336055e-07
6.9647697e-12
1.5335988e-07
6.9732541e-12
1.5335921e-07
6.9815548e-12
1.5335853e-07
6.9896379e-12
1.5335785e-07
6.997505e-12
1.5335718e-07
7.00518e-12
1.533565e-07
7.0126956e-12
1.5335582e-07
7.019956e-12
1.5335514e-07
7.0268606e-12
1.5335446e-07
7.0336433e-12
1.5335378e-07
7.0404711e-12
1.533531e-07
7.0471049e-12
1.5335241e-07
7.0534204e-12
1.5335173e-07
7.0595155e-12
1.5335105e-07
7.0654011e-12
1.5335036e-07
7.0711297e-12
1.5334968e-07
7.0767547e-12
1.5334899e-07
7.0821249e-12
1.5334831e-07
7.0870975e-12
1.5334762e-07
7.091741e-12
1.5334694e-07
7.0963471e-12
1.5334625e-07
7.1010486e-12
1.5334556e-07
7.1054223e-12
1.5334488e-07
7.1094341e-12
1.5334419e-07
7.1134483e-12
1.533435e-07
7.1173224e-12
1.5334281e-07
7.120728e-12
1.5334212e-07
7.1237771e-12
1.5334143e-07
7.1267474e-12
1.5334074e-07
7.129695e-12
1.5334005e-07
7.1324109e-12
1.5333936e-07
7.134912e-12
1.5333867e-07
7.1373855e-12
1.5333798e-07
7.1395861e-12
1.5333729e-07
7.141442e-12
1.533366e-07
7.1431653e-12
1.5333591e-07
7.14472e-12
1.5333521e-07
7.1459733e-12
1.5333452e-07
7.1469789e-12
1.5333383e-07
7.1477715e-12
1.5333314e-07
7.1485675e-12
1.5333245e-07
7.1495226e-12
1.5333176e-07
7.1506175e-12
1.5333106e-07
7.1520647e-12
1.5333037e-07
7.1520599e-12
1.5332968e-07
7.1486923e-12
1.5332899e-07
7.145228e-12
1.533283e-07
7.145281e-12
1.5332761e-07
7.1464113e-12
1.5332691e-07
7.1465369e-12
1.5332622e-07
7.1437924e-12
1.5332553e-07
7.1438793e-12
1.5332484e-07
7.1310915e-12
1.5332415e-07
7.1434955e-12
1.5332345e-07
7.2147099e-12
1.5332276e-07
7.172295e-12
1.5332207e-07
7.0411945e-12
1.5332139e-07
7.0547869e-12
1.533207e-07
7.1384591e-12
1.5332001e-07
7.1560252e-12
1.5331932e-07
7.1194549e-12
1.5331863e-07
7.0926104e-12
1.5331795e-07
7.0908613e-12
1.5331725e-07
7.204869e-12
1.5331656e-07
7.1018466e-12
1.5331588e-07
7.0860925e-12
3.7342647e-12
1.6309073e-07
2.7197821e-12
1.6308985e-07
9.7186698e-12
1.6308901e-07
8.9976136e-12
1.6308829e-07
7.7453489e-12
1.6308764e-07
6.89456e-12
1.6308702e-07
6.6274362e-12
1.630864e-07
6.6115269e-12
1.6308578e-07
6.626297e-12
1.6308516e-07
6.6383262e-12
1.6308453e-07
6.6565569e-12
1.6308391e-07
6.6808101e-12
1.6308328e-07
6.7116977e-12
1.6308264e-07
6.7308528e-12
1.6308201e-07
6.7478048e-12
1.6308138e-07
6.7726695e-12
1.6308074e-07
6.7979499e-12
1.630801e-07
6.8229575e-12
1.6307945e-07
6.8476062e-12
1.6307881e-07
6.8715121e-12
1.6307816e-07
6.8945444e-12
1.6307751e-07
6.9167877e-12
1.6307686e-07
6.9383688e-12
1.6307621e-07
6.9594434e-12
1.6307555e-07
6.9799831e-12
1.630749e-07
7.0003167e-12
1.6307424e-07
7.0202172e-12
1.6307358e-07
7.0398499e-12
1.6307291e-07
7.0592161e-12
1.6307225e-07
7.078326e-12
1.6307158e-07
7.0971892e-12
1.6307091e-07
7.1158153e-12
1.6307024e-07
7.1342101e-12
1.6306957e-07
7.1523681e-12
1.6306889e-07
7.1703023e-12
1.6306822e-07
7.1880013e-12
1.6306754e-07
7.205498e-12
1.6306686e-07
7.2227551e-12
1.6306618e-07
7.2397727e-12
1.630655e-07
7.256598e-12
1.6306482e-07
7.2732059e-12
1.6306413e-07
7.2895813e-12
1.6306344e-07
7.3057286e-12
1.6306275e-07
7.3216636e-12
1.6306206e-07
7.3373713e-12
1.6306137e-07
7.3528499e-12
1.6306068e-07
7.3681216e-12
1.6305999e-07
7.383186e-12
1.6305929e-07
7.3980347e-12
1.6305859e-07
7.4126534e-12
1.6305789e-07
7.4270541e-12
1.6305719e-07
7.4412239e-12
1.6305649e-07
7.4551839e-12
1.6305579e-07
7.4689472e-12
1.6305509e-07
7.4824583e-12
1.6305438e-07
7.4957563e-12
1.6305367e-07
7.508832e-12
1.6305297e-07
7.5217209e-12
1.6305226e-07
7.5343908e-12
1.6305155e-07
7.5468061e-12
1.6305083e-07
7.559036e-12
1.6305012e-07
7.5710488e-12
1.6304941e-07
7.582801e-12
1.6304869e-07
7.5943671e-12
1.6304798e-07
7.6057289e-12
1.6304726e-07
7.6168345e-12
1.6304654e-07
7.6277407e-12
1.6304582e-07
7.6384561e-12
1.630451e-07
7.648931e-12
1.6304438e-07
7.6591611e-12
1.6304366e-07
7.6692029e-12
1.6304294e-07
7.6790251e-12
1.6304221e-07
7.6886145e-12
1.6304149e-07
7.6980039e-12
1.6304076e-07
7.7071902e-12
1.6304004e-07
7.7161362e-12
1.6303931e-07
7.7248437e-12
1.6303858e-07
7.7333388e-12
1.6303785e-07
7.7416575e-12
1.6303712e-07
7.7496948e-12
1.6303639e-07
7.7573407e-12
1.6303566e-07
7.7648502e-12
1.6303493e-07
7.7724065e-12
1.630342e-07
7.7797496e-12
1.6303346e-07
7.7867428e-12
1.6303273e-07
7.7934924e-12
1.63032e-07
7.8000103e-12
1.6303126e-07
7.8063543e-12
1.6303052e-07
7.8125827e-12
1.6302979e-07
7.8185308e-12
1.6302905e-07
7.8240423e-12
1.6302831e-07
7.8291907e-12
1.6302758e-07
7.8342945e-12
1.6302684e-07
7.8395007e-12
1.630261e-07
7.8443479e-12
1.6302536e-07
7.8487971e-12
1.6302462e-07
7.8532455e-12
1.6302388e-07
7.8575394e-12
1.6302314e-07
7.8613194e-12
1.630224e-07
7.8647064e-12
1.6302166e-07
7.8680038e-12
1.6302091e-07
7.871274e-12
1.6302017e-07
7.8742896e-12
1.6301943e-07
7.8770681e-12
1.6301869e-07
7.8798139e-12
1.6301795e-07
7.8822601e-12
1.630172e-07
7.8843271e-12
1.6301646e-07
7.8862462e-12
1.6301572e-07
7.8879788e-12
1.6301497e-07
7.88938e-12
1.6301423e-07
7.8905075e-12
1.6301349e-07
7.8913994e-12
1.6301274e-07
7.8922923e-12
1.63012e-07
7.8933576e-12
1.6301125e-07
7.894575e-12
1.6301051e-07
7.8961778e-12
1.6300977e-07
7.8961958e-12
1.6300902e-07
7.892531e-12
1.6300828e-07
7.8887411e-12
1.6300753e-07
7.8887893e-12
1.6300679e-07
7.8900283e-12
1.6300605e-07
7.8901773e-12
1.630053e-07
7.8871833e-12
1.6300456e-07
7.8872781e-12
1.6300382e-07
7.8732966e-12
1.6300308e-07
7.8867721e-12
1.6300233e-07
7.9646764e-12
1.6300158e-07
7.918679e-12
1.6300084e-07
7.7752375e-12
1.6300011e-07
7.7894793e-12
1.6299937e-07
7.8808899e-12
1.6299862e-07
7.900436e-12
1.6299788e-07
7.8605596e-12
1.6299714e-07
7.8311107e-12
1.6299641e-07
7.828997e-12
1.6299566e-07
7.9551069e-12
1.6299492e-07
7.8398845e-12
1.6299418e-07
7.8211298e-12
4.1432575e-12
1.7319252e-07
3.0054036e-12
1.7319158e-07
1.0661209e-11
1.7319069e-07
9.8901317e-12
1.7318991e-07
8.5218433e-12
1.7318922e-07
7.590572e-12
1.7318855e-07
7.2959329e-12
1.7318788e-07
7.2772244e-12
1.7318722e-07
7.2932582e-12
1.7318655e-07
7.306566e-12
1.7318588e-07
7.3266483e-12
1.731852e-07
7.3533505e-12
1.7318453e-07
7.3873414e-12
1.7318385e-07
7.4086182e-12
1.7318317e-07
7.4274378e-12
1.7318249e-07
7.454861e-12
1.731818e-07
7.4827916e-12
1.7318112e-07
7.5104381e-12
1.7318043e-07
7.5376888e-12
1.7317973e-07
7.5641176e-12
1.7317904e-07
7.5895779e-12
1.7317834e-07
7.6141615e-12
1.7317764e-07
7.6380086e-12
1.7317694e-07
7.6612899e-12
1.7317624e-07
7.6839874e-12
1.7317553e-07
7.7064357e-12
1.7317482e-07
7.7284142e-12
1.7317411e-07
7.750093e-12
1.731734e-07
7.7714759e-12
1.7317269e-07
7.7925743e-12
1.7317197e-07
7.8133991e-12
1.7317125e-07
7.8339612e-12
1.7317053e-07
7.8542672e-12
1.7316981e-07
7.8743111e-12
1.7316908e-07
7.8941073e-12
1.7316836e-07
7.9136435e-12
1.7316763e-07
7.9329557e-12
1.731669e-07
7.9520032e-12
1.7316617e-07
7.9707862e-12
1.7316544e-07
7.9893564e-12
1.731647e-07
8.0076864e-12
1.7316397e-07
8.0257597e-12
1.7316323e-07
8.0435811e-12
1.7316249e-07
8.061168e-12
1.7316175e-07
8.078504e-12
1.7316101e-07
8.095587e-12
1.7316026e-07
8.1124415e-12
1.7315952e-07
8.1290672e-12
1.7315877e-07
8.1454546e-12
1.7315802e-07
8.1615884e-12
1.7315727e-07
8.1774816e-12
1.7315652e-07
8.19312e-12
1.7315576e-07
8.208527e-12
1.7315501e-07
8.2237166e-12
1.7315425e-07
8.2386283e-12
1.731535e-07
8.2533048e-12
1.7315274e-07
8.2677362e-12
1.7315198e-07
8.2819612e-12
1.7315122e-07
8.2959447e-12
1.7315045e-07
8.3096477e-12
1.7314969e-07
8.3231459e-12
1.7314892e-07
8.3364047e-12
1.7314816e-07
8.3493764e-12
1.7314739e-07
8.3621427e-12
1.7314662e-07
8.3746834e-12
1.7314585e-07
8.386942e-12
1.7314508e-07
8.3989806e-12
1.7314431e-07
8.4108085e-12
1.7314353e-07
8.4223716e-12
1.7314276e-07
8.4336649e-12
1.7314198e-07
8.4447503e-12
1.7314121e-07
8.4555936e-12
1.7314043e-07
8.4661804e-12
1.7313965e-07
8.4765465e-12
1.7313887e-07
8.4866887e-12
1.7313809e-07
8.4965662e-12
1.7313731e-07
8.5061808e-12
1.7313653e-07
8.5155613e-12
1.7313574e-07
8.5247469e-12
1.7313496e-07
8.5336233e-12
1.7313417e-07
8.5420701e-12
1.7313339e-07
8.5503643e-12
1.731326e-07
8.5587071e-12
1.7313182e-07
8.5668163e-12
1.7313103e-07
8.5745416e-12
1.7313024e-07
8.5819983e-12
1.7312945e-07
8.5891996e-12
1.7312866e-07
8.5962085e-12
1.7312787e-07
8.6030889e-12
1.7312708e-07
8.6096618e-12
1.7312629e-07
8.6157561e-12
1.7312549e-07
8.621451e-12
1.731247e-07
8.6270934e-12
1.7312391e-07
8.632845e-12
1.7312311e-07
8.6382046e-12
1.7312232e-07
8.6431274e-12
1.7312153e-07
8.6480458e-12
1.7312073e-07
8.652794e-12
1.7311993e-07
8.6569801e-12
1.7311914e-07
8.660734e-12
1.7311834e-07
8.6643862e-12
1.7311755e-07
8.6680063e-12
1.7311675e-07
8.6713473e-12
1.7311595e-07
8.674427e-12
1.7311515e-07
8.6774687e-12
1.7311436e-07
8.6801819e-12
1.7311356e-07
8.6824793e-12
1.7311276e-07
8.6846119e-12
1.7311196e-07
8.6865388e-12
1.7311116e-07
8.6881023e-12
1.7311036e-07
8.6893641e-12
1.7310956e-07
8.6903658e-12
1.7310876e-07
8.6913656e-12
1.7310797e-07
8.6925516e-12
1.7310717e-07
8.6939028e-12
1.7310637e-07
8.6956744e-12
1.7310557e-07
8.6957208e-12
1.7310477e-07
8.6917451e-12
1.7310397e-07
8.6876111e-12
1.7310317e-07
8.6876538e-12
1.7310237e-07
8.689009e-12
1.7310157e-07
8.6891851e-12
1.7310077e-07
8.6859283e-12
1.7309998e-07
8.6860327e-12
1.7309918e-07
8.6707851e-12
1.7309838e-07
8.6853844e-12
1.7309757e-07
8.770403e-12
1.7309677e-07
8.7206673e-12
1.7309598e-07
8.5641047e-12
1.7309519e-07
8.5789366e-12
1.730944e-07
8.6785522e-12
1.730936e-07
8.7002556e-12
1.730928e-07
8.6568929e-12
1.7309201e-07
8.6246693e-12
1.7309121e-07
8.6221428e-12
1.7309041e-07
8.7613171e-12
1.7308961e-07
8.6327458e-12
1.7308882e-07
8.6104983e-12
4.5865371e-12
1.8373253e-07
3.3141501e-12
1.8373152e-07
1.1665904e-11
1.8373057e-07
1.084481e-11
1.8372973e-07
9.3541175e-12
1.8372899e-07
8.337433e-12
1.8372827e-07
8.013228e-12
1.8372756e-07
7.9913384e-12
1.8372684e-07
8.0086862e-12
1.8372612e-07
8.0233745e-12
1.837254e-07
8.0454482e-12
1.8372468e-07
8.0747829e-12
1.8372396e-07
8.1121081e-12
1.8372323e-07
8.1356922e-12
1.837225e-07
8.1565427e-12
1.8372177e-07
8.186724e-12
1.8372104e-07
8.2175178e-12
1.837203e-07
8.248018e-12
1.8371956e-07
8.2780829e-12
1.8371881e-07
8.3072401e-12
1.8371807e-07
8.3353258e-12
1.8371732e-07
8.3624393e-12
1.8371657e-07
8.3887353e-12
1.8371582e-07
8.4144004e-12
1.8371506e-07
8.4394284e-12
1.837143e-07
8.4641603e-12
1.8371354e-07
8.4883821e-12
1.8371278e-07
8.5122694e-12
1.8371202e-07
8.5358287e-12
1.8371125e-07
8.5590728e-12
1.8371048e-07
8.5820142e-12
1.8370971e-07
8.6046651e-12
1.8370894e-07
8.6270327e-12
1.8370816e-07
8.649111e-12
1.8370739e-07
8.6709157e-12
1.8370661e-07
8.6924335e-12
1.8370583e-07
8.7137037e-12
1.8370504e-07
8.7346822e-12
1.8370426e-07
8.7553692e-12
1.8370347e-07
8.7758211e-12
1.8370269e-07
8.7960081e-12
1.8370189e-07
8.8159123e-12
1.837011e-07
8.835539e-12
1.8370031e-07
8.8549072e-12
1.8369951e-07
8.8739989e-12
1.8369872e-07
8.8928121e-12
1.8369792e-07
8.9113733e-12
1.8369712e-07
8.9296823e-12
1.8369631e-07
8.9477289e-12
1.8369551e-07
8.9654963e-12
1.8369471e-07
8.9829988e-12
1.836939e-07
9.0002209e-12
1.8369309e-07
9.0171879e-12
1.8369228e-07
9.0339155e-12
1.8369147e-07
9.0503375e-12
1.8369065e-07
9.0665005e-12
1.8368984e-07
9.0823936e-12
1.8368902e-07
9.0980594e-12
1.8368821e-07
9.1134592e-12
1.8368739e-07
9.1285509e-12
1.8368657e-07
9.1434167e-12
1.8368575e-07
9.1580191e-12
1.8368492e-07
9.1723061e-12
1.836841e-07
9.1863666e-12
1.8368327e-07
9.2001788e-12
1.8368245e-07
9.213681e-12
1.8368162e-07
9.2269409e-12
1.8368079e-07
9.2399688e-12
1.8367996e-07
9.2527055e-12
1.8367913e-07
9.2651457e-12
1.8367829e-07
9.2773569e-12
1.8367746e-07
9.2893018e-12
1.8367663e-07
9.3009646e-12
1.8367579e-07
9.3123846e-12
1.8367495e-07
9.3235581e-12
1.8367412e-07
9.3344406e-12
1.8367328e-07
9.3450342e-12
1.8367244e-07
9.3553702e-12
1.836716e-07
9.3654914e-12
1.8367075e-07
9.3752735e-12
1.8366991e-07
9.3845852e-12
1.8366907e-07
9.3937269e-12
1.8366822e-07
9.4029185e-12
1.8366738e-07
9.4118545e-12
1.8366653e-07
9.4203705e-12
1.8366569e-07
9.4285911e-12
1.8366484e-07
9.4365306e-12
1.8366399e-07
9.4442577e-12
1.8366314e-07
9.4518424e-12
1.8366229e-07
9.4590905e-12
1.8366144e-07
9.4658153e-12
1.8366059e-07
9.4721015e-12
1.8365974e-07
9.4783263e-12
1.8365889e-07
9.4846674e-12
1.8365804e-07
9.4905813e-12
1.8365718e-07
9.496017e-12
1.8365633e-07
9.5014437e-12
1.8365548e-07
9.5066837e-12
1.8365462e-07
9.51131e-12
1.8365377e-07
9.5154622e-12
1.8365291e-07
9.5194994e-12
1.8365206e-07
9.5234989e-12
1.836512e-07
9.5271931e-12
1.8365035e-07
9.5306001e-12
1.8364949e-07
9.5339629e-12
1.8364863e-07
9.5369667e-12
1.8364777e-07
9.5395152e-12
1.8364692e-07
9.5418808e-12
1.8364606e-07
9.54402e-12
1.836452e-07
9.5457613e-12
1.8364434e-07
9.5471711e-12
1.8364349e-07
9.5482943e-12
1.8364263e-07
9.5494122e-12
1.8364177e-07
9.5507306e-12
1.8364091e-07
9.5522277e-12
1.8364005e-07
9.5541825e-12
1.836392e-07
9.554264e-12
1.8363834e-07
9.5499633e-12
1.8363748e-07
9.5454665e-12
1.8363662e-07
9.5455031e-12
1.8363576e-07
9.5469823e-12
1.8363491e-07
9.5471899e-12
1.8363405e-07
9.5436567e-12
1.8363319e-07
9.543773e-12
1.8363233e-07
9.5271832e-12
1.8363148e-07
9.5429598e-12
1.8363061e-07
9.635542e-12
1.8362975e-07
9.5819112e-12
1.836289e-07
9.4114039e-12
1.8362805e-07
9.4267525e-12
1.836272e-07
9.5350634e-12
1.8362634e-07
9.5591168e-12
1.8362548e-07
9.5120815e-12
1.8362463e-07
9.4769037e-12
1.8362378e-07
9.4739121e-12
1.8362291e-07
9.627185e-12
1.8362206e-07
9.484015e-12
1.8362122e-07
9.457714e-12
5.0668518e-12
1.9473271e-07
3.6478559e-12
1.9473164e-07
1.2735987e-11
1.9473062e-07
1.1865223e-11
1.9472973e-07
1.0245622e-11
1.9472893e-07
9.1384034e-12
1.9472816e-07
8.7824609e-12
1.9472739e-07
8.7569688e-12
1.9472662e-07
8.7756795e-12
1.9472586e-07
8.7918574e-12
1.9472508e-07
8.8160729e-12
1.9472431e-07
8.8482366e-12
1.9472353e-07
8.8891434e-12
1.9472275e-07
8.9152362e-12
1.9472197e-07
8.9382949e-12
1.9472119e-07
8.9714489e-12
1.947204e-07
9.0053354e-12
1.9471961e-07
9.0389211e-12
1.9471882e-07
9.0720291e-12
1.9471802e-07
9.1041366e-12
1.9471722e-07
9.1350605e-12
1.9471642e-07
9.1649085e-12
1.9471561e-07
9.1938505e-12
1.947148e-07
9.2220905e-12
1.9471399e-07
9.2496349e-12
1.9471318e-07
9.2768322e-12
1.9471237e-07
9.3034753e-12
1.9471155e-07
9.329746e-12
1.9471073e-07
9.3556535e-12
1.9470991e-07
9.3812126e-12
1.9470908e-07
9.4064372e-12
1.9470825e-07
9.4313411e-12
1.9470743e-07
9.4559323e-12
1.9470659e-07
9.4802045e-12
1.9470576e-07
9.5041751e-12
1.9470493e-07
9.5278297e-12
1.9470409e-07
9.5512113e-12
1.9470325e-07
9.5742718e-12
1.9470241e-07
9.5970117e-12
1.9470156e-07
9.6194923e-12
1.9470072e-07
9.6416814e-12
1.9469987e-07
9.6635595e-12
1.9469902e-07
9.6851324e-12
1.9469817e-07
9.7064208e-12
1.9469732e-07
9.7274053e-12
1.9469646e-07
9.7480836e-12
1.946956e-07
9.7684846e-12
1.9469474e-07
9.7886082e-12
1.9469388e-07
9.8084434e-12
1.9469302e-07
9.8279718e-12
1.9469216e-07
9.8472091e-12
1.9469129e-07
9.8661382e-12
1.9469042e-07
9.884787e-12
1.9468955e-07
9.9031724e-12
1.9468868e-07
9.9212224e-12
1.9468781e-07
9.9389879e-12
1.9468694e-07
9.9564569e-12
1.9468606e-07
9.9736756e-12
1.9468518e-07
9.9906024e-12
1.9468431e-07
1.0007191e-11
1.9468343e-07
1.0023531e-11
1.9468254e-07
1.0039582e-11
1.9468166e-07
1.0055287e-11
1.9468078e-07
1.0070743e-11
1.9467989e-07
1.0085926e-11
1.94679e-07
1.0100769e-11
1.9467812e-07
1.0115346e-11
1.9467723e-07
1.0129668e-11
1.9467633e-07
1.014367e-11
1.9467544e-07
1.0157347e-11
1.9467455e-07
1.0170773e-11
1.9467365e-07
1.0183905e-11
1.9467276e-07
1.0196729e-11
1.9467186e-07
1.0209286e-11
1.9467096e-07
1.0221572e-11
1.9467006e-07
1.0233538e-11
1.9466916e-07
1.0245188e-11
1.9466826e-07
1.0256555e-11
1.9466736e-07
1.0267686e-11
1.9466646e-07
1.0278445e-11
1.9466555e-07
1.0288691e-11
1.9466465e-07
1.0298747e-11
1.9466374e-07
1.0308855e-11
1.9466284e-07
1.0318683e-11
1.9466193e-07
1.0328053e-11
1.9466102e-07
1.0337098e-11
1.9466011e-07
1.0345835e-11
1.946592e-07
1.0354338e-11
1.9465829e-07
1.0362683e-11
1.9465738e-07
1.0370661e-11
1.9465647e-07
1.0378068e-11
1.9465555e-07
1.0384994e-11
1.9465464e-07
1.0391848e-11
1.9465373e-07
1.0398826e-11
1.9465281e-07
1.040534e-11
1.946519e-07
1.0411331e-11
1.9465098e-07
1.0417307e-11
1.9465006e-07
1.0423079e-11
1.9464915e-07
1.0428183e-11
1.9464823e-07
1.0432768e-11
1.9464731e-07
1.0437222e-11
1.9464639e-07
1.0441633e-11
1.9464547e-07
1.0445711e-11
1.9464456e-07
1.0449473e-11
1.9464364e-07
1.0453185e-11
1.9464272e-07
1.0456505e-11
1.946418e-07
1.0459327e-11
1.9464088e-07
1.0461947e-11
1.9463996e-07
1.0464318e-11
1.9463904e-07
1.0466254e-11
1.9463812e-07
1.0467827e-11
1.9463719e-07
1.0469085e-11
1.9463627e-07
1.0470333e-11
1.9463535e-07
1.0471797e-11
1.9463443e-07
1.0473453e-11
1.9463351e-07
1.0475607e-11
1.9463259e-07
1.0475731e-11
1.9463167e-07
1.0471091e-11
1.9463075e-07
1.0466212e-11
1.9462983e-07
1.0466243e-11
1.9462891e-07
1.0467854e-11
1.9462798e-07
1.0468098e-11
1.9462706e-07
1.0464275e-11
1.9462614e-07
1.0464406e-11
1.9462522e-07
1.0446394e-11
1.946243e-07
1.0463403e-11
1.9462337e-07
1.0564024e-11
1.9462245e-07
1.0506341e-11
1.9462154e-07
1.0321019e-11
1.9462063e-07
1.0336795e-11
1.9461971e-07
1.0454317e-11
1.9461879e-07
1.048093e-11
1.9461787e-07
1.0430029e-11
1.9461696e-07
1.0391708e-11
1.9461604e-07
1.0388195e-11
1.9461511e-07
1.0556679e-11
1.946142e-07
1.039755e-11
1.9461329e-07
1.0366559e-11
5.5871998e-12
2.0621556e-07
4.008526e-12
2.0621442e-07
1.3874876e-11
2.0621333e-07
1.2955157e-11
2.0621238e-07
1.1200037e-11
2.0621152e-07
9.9969748e-12
2.062107e-07
9.6069969e-12
2.0620987e-07
9.5774391e-12
2.0620905e-07
9.5975595e-12
2.0620823e-07
9.615344e-12
2.062074e-07
9.6418628e-12
2.0620657e-07
9.6770665e-12
2.0620574e-07
9.72182e-12
2.0620491e-07
9.75064e-12
2.0620407e-07
9.7760994e-12
2.0620323e-07
9.8124574e-12
2.0620238e-07
9.8496841e-12
2.0620154e-07
9.8866057e-12
2.0620068e-07
9.9230039e-12
2.0619983e-07
9.9583012e-12
2.0619897e-07
9.9922934e-12
2.0619811e-07
1.0025097e-11
2.0619725e-07
1.0056897e-11
2.0619638e-07
1.0087918e-11
2.0619552e-07
1.011818e-11
2.0619464e-07
1.0148038e-11
2.0619377e-07
1.0177295e-11
2.0619289e-07
1.0206137e-11
2.0619202e-07
1.0234578e-11
2.0619113e-07
1.0262634e-11
2.0619025e-07
1.0290321e-11
2.0618936e-07
1.0317655e-11
2.0618848e-07
1.0344644e-11
2.0618758e-07
1.0371282e-11
2.0618669e-07
1.0397588e-11
2.0618579e-07
1.0423546e-11
2.061849e-07
1.0449204e-11
2.06184e-07
1.0474509e-11
2.0618309e-07
1.0499462e-11
2.0618219e-07
1.052413e-11
2.0618128e-07
1.0548477e-11
2.0618037e-07
1.0572483e-11
2.0617946e-07
1.0596153e-11
2.0617855e-07
1.0619511e-11
2.0617763e-07
1.0642536e-11
2.0617672e-07
1.0665224e-11
2.061758e-07
1.0687608e-11
2.0617488e-07
1.0709688e-11
2.0617395e-07
1.073145e-11
2.0617303e-07
1.0752877e-11
2.061721e-07
1.0773984e-11
2.0617117e-07
1.0794753e-11
2.0617024e-07
1.0815214e-11
2.0616931e-07
1.0835386e-11
2.0616838e-07
1.0855191e-11
2.0616744e-07
1.0874683e-11
2.061665e-07
1.0893851e-11
2.0616557e-07
1.0912743e-11
2.0616462e-07
1.0931316e-11
2.0616368e-07
1.0949518e-11
2.0616274e-07
1.0967448e-11
2.0616179e-07
1.098506e-11
2.0616085e-07
1.1002294e-11
2.061599e-07
1.1019254e-11
2.0615895e-07
1.1035914e-11
2.06158e-07
1.1052203e-11
2.0615704e-07
1.10682e-11
2.0615609e-07
1.1083916e-11
2.0615513e-07
1.1099283e-11
2.0615418e-07
1.1114294e-11
2.0615322e-07
1.1129028e-11
2.0615226e-07
1.1143442e-11
2.061513e-07
1.1157517e-11
2.0615034e-07
1.11713e-11
2.0614937e-07
1.1184785e-11
2.0614841e-07
1.1197922e-11
2.0614744e-07
1.1210711e-11
2.0614648e-07
1.122319e-11
2.0614551e-07
1.123541e-11
2.0614454e-07
1.1247224e-11
2.0614357e-07
1.1258478e-11
2.061426e-07
1.1269521e-11
2.0614163e-07
1.1280617e-11
2.0614065e-07
1.1291408e-11
2.0613968e-07
1.13017e-11
2.0613871e-07
1.1311636e-11
2.0613773e-07
1.1321234e-11
2.0613675e-07
1.1330574e-11
2.0613578e-07
1.1339741e-11
2.061348e-07
1.1348507e-11
2.0613382e-07
1.1356651e-11
2.0613284e-07
1.1364269e-11
2.0613186e-07
1.1371804e-11
2.0613088e-07
1.137947e-11
2.061299e-07
1.1386632e-11
2.0612892e-07
1.1393224e-11
2.0612794e-07
1.1399796e-11
2.0612695e-07
1.1406144e-11
2.0612597e-07
1.1411765e-11
2.0612498e-07
1.1416819e-11
2.06124e-07
1.1421727e-11
2.0612302e-07
1.1426584e-11
2.0612203e-07
1.1431077e-11
2.0612104e-07
1.1435226e-11
2.0612006e-07
1.1439316e-11
2.0611907e-07
1.1442979e-11
2.0611808e-07
1.1446101e-11
2.061171e-07
1.1448998e-11
2.0611611e-07
1.1451622e-11
2.0611512e-07
1.1453773e-11
2.0611414e-07
1.1455525e-11
2.0611315e-07
1.1456932e-11
2.0611216e-07
1.1458324e-11
2.0611117e-07
1.1459947e-11
2.0611018e-07
1.1461778e-11
2.0610919e-07
1.1464147e-11
2.0610821e-07
1.1464323e-11
2.0610722e-07
1.145933e-11
2.0610623e-07
1.145405e-11
2.0610524e-07
1.1454073e-11
2.0610425e-07
1.1455827e-11
2.0610327e-07
1.1456113e-11
2.0610228e-07
1.1451985e-11
2.0610129e-07
1.1452134e-11
2.061003e-07
1.1432616e-11
2.0609932e-07
1.1450913e-11
2.0609832e-07
1.1560077e-11
2.0609733e-07
1.1498185e-11
2.0609635e-07
1.1297128e-11
2.0609538e-07
1.1313227e-11
2.0609439e-07
1.1440501e-11
2.060934e-07
1.1469901e-11
2.0609242e-07
1.1414936e-11
2.0609143e-07
1.1373272e-11
2.0609045e-07
1.1369176e-11
2.0608946e-07
1.1554069e-11
2.0608848e-07
1.13775e-11
2.060875e-07
1.1341097e-11
6.1508512e-12
2.1820413e-07
4.398351e-12
2.1820292e-07
1.5086185e-11
2.1820176e-07
1.4118628e-11
2.1820074e-07
1.2221287e-11
2.1819982e-07
1.0916882e-11
2.1819893e-07
1.0490441e-11
2.1819805e-07
1.0456309e-11
2.1819717e-07
1.0477884e-11
2.1819629e-07
1.0497401e-11
2.1819541e-07
1.0526396e-11
2.1819452e-07
1.0564867e-11
2.1819363e-07
1.0613751e-11
2.1819273e-07
1.0645536e-11
2.1819183e-07
1.0673605e-11
2.1819093e-07
1.0713417e-11
2.1819003e-07
1.0754251e-11
2.1818912e-07
1.0794779e-11
2.1818821e-07
1.0834734e-11
2.1818729e-07
1.087348e-11
2.1818637e-07
1.0910789e-11
2.1818545e-07
1.0946786e-11
2.1818453e-07
1.0981675e-11
2.181836e-07
1.10157e-11
2.1818267e-07
1.1048895e-11
2.1818174e-07
1.1081626e-11
2.181808e-07
1.1113702e-11
2.1817986e-07
1.114532e-11
2.1817892e-07
1.1176494e-11
2.1817797e-07
1.1207243e-11
2.1817703e-07
1.1237586e-11
2.1817608e-07
1.126754e-11
2.1817512e-07
1.1297115e-11
2.1817417e-07
1.1326304e-11
2.1817321e-07
1.1355127e-11
2.1817225e-07
1.1383569e-11
2.1817129e-07
1.1411681e-11
2.1817032e-07
1.1439405e-11
2.1816936e-07
1.1466744e-11
2.1816839e-07
1.1493768e-11
2.1816742e-07
1.1520442e-11
2.1816644e-07
1.154674e-11
2.1816546e-07
1.1572672e-11
2.1816449e-07
1.1598261e-11
2.1816351e-07
1.1623484e-11
2.1816252e-07
1.1648339e-11
2.1816154e-07
1.167286e-11
2.1816055e-07
1.1697047e-11
2.1815956e-07
1.1720887e-11
2.1815857e-07
1.1744358e-11
2.1815757e-07
1.176748e-11
2.1815658e-07
1.1790232e-11
2.1815558e-07
1.1812646e-11
2.1815458e-07
1.1834744e-11
2.1815358e-07
1.1856439e-11
2.1815258e-07
1.1877793e-11
2.1815157e-07
1.1898791e-11
2.1815057e-07
1.1919487e-11
2.1814956e-07
1.1939833e-11
2.1814855e-07
1.1959775e-11
2.1814754e-07
1.1979417e-11
2.1814652e-07
1.1998712e-11
2.1814551e-07
1.2017593e-11
2.1814449e-07
1.2036174e-11
2.1814347e-07
1.2054428e-11
2.1814245e-07
1.2072275e-11
2.1814143e-07
1.2089802e-11
2.1814041e-07
1.2107022e-11
2.1813938e-07
1.212386e-11
2.1813836e-07
1.2140308e-11
2.1813733e-07
1.2156454e-11
2.181363e-07
1.2172249e-11
2.1813527e-07
1.2187674e-11
2.1813424e-07
1.2202778e-11
2.1813321e-07
1.2217558e-11
2.1813217e-07
1.2231955e-11
2.1813114e-07
1.2245973e-11
2.181301e-07
1.2259652e-11
2.1812906e-07
1.2273047e-11
2.1812802e-07
1.2285999e-11
2.1812698e-07
1.2298341e-11
2.1812594e-07
1.231045e-11
2.181249e-07
1.2322612e-11
2.1812386e-07
1.2334442e-11
2.1812281e-07
1.2345729e-11
2.1812177e-07
1.2356626e-11
2.1812072e-07
1.2367154e-11
2.1811968e-07
1.2377399e-11
2.1811863e-07
1.2387453e-11
2.1811758e-07
1.239707e-11
2.1811653e-07
1.2406011e-11
2.1811548e-07
1.2414378e-11
2.1811443e-07
1.242265e-11
2.1811338e-07
1.2431059e-11
2.1811233e-07
1.2438922e-11
2.1811127e-07
1.2446165e-11
2.1811022e-07
1.2453381e-11
2.1810916e-07
1.2460351e-11
2.1810811e-07
1.2466533e-11
2.1810705e-07
1.2472097e-11
2.18106e-07
1.2477496e-11
2.1810494e-07
1.2482837e-11
2.1810389e-07
1.2487782e-11
2.1810283e-07
1.2492351e-11
2.1810177e-07
1.2496852e-11
2.1810071e-07
1.2500889e-11
2.1809965e-07
1.2504337e-11
2.180986e-07
1.2507536e-11
2.1809754e-07
1.2510438e-11
2.1809648e-07
1.2512823e-11
2.1809542e-07
1.2514773e-11
2.1809436e-07
1.2516345e-11
2.180933e-07
1.2517896e-11
2.1809224e-07
1.2519694e-11
2.1809118e-07
1.2521715e-11
2.1809012e-07
1.2524319e-11
2.1808906e-07
1.2524557e-11
2.18088e-07
1.2519197e-11
2.1808694e-07
1.2513495e-11
2.1808588e-07
1.2513511e-11
2.1808482e-07
1.2515417e-11
2.1808376e-07
1.2515752e-11
2.180827e-07
1.2511304e-11
2.1808164e-07
1.2511475e-11
2.1808059e-07
1.2490363e-11
2.1807953e-07
1.2510007e-11
2.1807846e-07
1.2628248e-11
2.1807739e-07
1.2561991e-11
2.1807635e-07
1.2344227e-11
2.180753e-07
1.2360523e-11
2.1807424e-07
1.2498118e-11
2.1807318e-07
1.2530553e-11
2.1807213e-07
1.2471318e-11
2.1807107e-07
1.2426102e-11
2.1807002e-07
1.2421356e-11
2.1806895e-07
1.2623947e-11
2.180679e-07
1.2428327e-11
2.1806686e-07
1.2385696e-11
6.7613713e-12
2.3072202e-07
4.8197237e-12
2.3072073e-07
1.6373729e-11
2.3071949e-07
1.5359881e-11
2.307184e-07
1.3313551e-11
2.3071741e-07
1.1902119e-11
2.3071647e-07
1.1436651e-11
2.3071552e-07
1.1397389e-11
2.3071458e-07
1.142046e-11
2.3071364e-07
1.1441845e-11
2.3071269e-07
1.1473505e-11
2.3071174e-07
1.1515485e-11
2.3071079e-07
1.1568807e-11
2.3070983e-07
1.1603813e-11
2.3070887e-07
1.1634721e-11
2.307079e-07
1.1678255e-11
2.3070693e-07
1.1722985e-11
2.3070596e-07
1.1767411e-11
2.3070498e-07
1.1811213e-11
2.30704e-07
1.1853688e-11
2.3070302e-07
1.1894583e-11
2.3070203e-07
1.1934031e-11
2.3070104e-07
1.1972257e-11
2.3070005e-07
1.2009525e-11
2.3069905e-07
1.2045887e-11
2.3069805e-07
1.208172e-11
2.3069705e-07
1.211684e-11
2.3069604e-07
1.2151451e-11
2.3069503e-07
1.2185573e-11
2.3069402e-07
1.2219228e-11
2.3069301e-07
1.2252436e-11
2.3069199e-07
1.2285215e-11
2.3069097e-07
1.2317578e-11
2.3068994e-07
1.2349517e-11
2.3068892e-07
1.2381055e-11
2.3068789e-07
1.2412174e-11
2.3068686e-07
1.2442931e-11
2.3068582e-07
1.2473263e-11
2.3068479e-07
1.2503173e-11
2.3068375e-07
1.2532738e-11
2.3068271e-07
1.2561918e-11
2.3068166e-07
1.2590688e-11
2.3068062e-07
1.2619057e-11
2.3067957e-07
1.2647049e-11
2.3067852e-07
1.2674642e-11
2.3067746e-07
1.2701831e-11
2.3067641e-07
1.2728655e-11
2.3067535e-07
1.2755113e-11
2.3067429e-07
1.2781191e-11
2.3067323e-07
1.2806867e-11
2.3067216e-07
1.283216e-11
2.306711e-07
1.2857048e-11
2.3067003e-07
1.2881567e-11
2.3066896e-07
1.2905739e-11
2.3066788e-07
1.2929473e-11
2.3066681e-07
1.2952832e-11
2.3066573e-07
1.2975802e-11
2.3066465e-07
1.2998442e-11
2.3066357e-07
1.30207e-11
2.3066249e-07
1.3042515e-11
2.306614e-07
1.3064003e-11
2.3066032e-07
1.3085111e-11
2.3065923e-07
1.3105768e-11
2.3065814e-07
1.3126097e-11
2.3065705e-07
1.3146067e-11
2.3065595e-07
1.3165593e-11
2.3065486e-07
1.318477e-11
2.3065376e-07
1.3203611e-11
2.3065266e-07
1.3222034e-11
2.3065156e-07
1.3240033e-11
2.3065046e-07
1.32577e-11
2.3064936e-07
1.3274985e-11
2.3064826e-07
1.3291865e-11
2.3064715e-07
1.3308394e-11
2.3064604e-07
1.3324569e-11
2.3064494e-07
1.3340327e-11
2.3064383e-07
1.335567e-11
2.3064271e-07
1.3370643e-11
2.306416e-07
1.3385305e-11
2.3064049e-07
1.3399485e-11
2.3063937e-07
1.3413001e-11
2.3063826e-07
1.3426261e-11
2.3063714e-07
1.3439572e-11
2.3063602e-07
1.3452523e-11
2.306349e-07
1.3464884e-11
2.3063378e-07
1.347682e-11
2.3063266e-07
1.3488352e-11
2.3063154e-07
1.3499574e-11
2.3063042e-07
1.3510585e-11
2.3062929e-07
1.3521122e-11
2.3062817e-07
1.3530925e-11
2.3062704e-07
1.3540102e-11
2.3062592e-07
1.354917e-11
2.3062479e-07
1.3558383e-11
2.3062366e-07
1.3567005e-11
2.3062253e-07
1.3574952e-11
2.306214e-07
1.3582864e-11
2.3062027e-07
1.3590509e-11
2.3061914e-07
1.3597299e-11
2.3061801e-07
1.3603415e-11
2.3061688e-07
1.3609348e-11
2.3061575e-07
1.3615213e-11
2.3061461e-07
1.3620649e-11
2.3061348e-07
1.3625674e-11
2.3061235e-07
1.3630621e-11
2.3061121e-07
1.3635066e-11
2.3061008e-07
1.3638869e-11
2.3060894e-07
1.3642399e-11
2.3060781e-07
1.3645603e-11
2.3060667e-07
1.3648247e-11
2.3060554e-07
1.3650415e-11
2.306044e-07
1.3652169e-11
2.3060326e-07
1.3653897e-11
2.3060213e-07
1.3655887e-11
2.3060099e-07
1.3658116e-11
2.3059986e-07
1.3660975e-11
2.3059872e-07
1.3661285e-11
2.3059758e-07
1.3655546e-11
2.3059645e-07
1.36494e-11
2.3059531e-07
1.3649411e-11
2.3059417e-07
1.3651479e-11
2.3059304e-07
1.365187e-11
2.305919e-07
1.3647088e-11
2.3059077e-07
1.3647286e-11
2.3058963e-07
1.3624488e-11
2.305885e-07
1.3645537e-11
2.3058735e-07
1.3773421e-11
2.3058621e-07
1.3702645e-11
2.3058509e-07
1.3467145e-11
2.3058397e-07
1.3483492e-11
2.3058283e-07
1.3632006e-11
2.3058169e-07
1.3667746e-11
2.3058056e-07
1.360403e-11
2.3057943e-07
1.355504e-11
2.305783e-07
1.3549574e-11
2.3057716e-07
1.3771252e-11
2.3057603e-07
1.3554823e-11
2.3057491e-07
1.3505044e-11
7.4226457e-12
2.4379341e-07
5.2752568e-12
2.4379204e-07
1.7741531e-11
2.4379072e-07
1.6683402e-11
2.4378955e-07
1.4481272e-11
2.437885e-07
1.295695e-11
2.4378748e-07
1.2449754e-11
2.4378648e-07
1.2404756e-11
2.4378547e-07
1.2429363e-11
2.4378446e-07
1.2452762e-11
2.4378344e-07
1.2487287e-11
2.4378243e-07
1.253304e-11
2.437814e-07
1.2591127e-11
2.4378038e-07
1.2629635e-11
2.4377935e-07
1.2663629e-11
2.4377832e-07
1.2711175e-11
2.4377728e-07
1.2760114e-11
2.4377624e-07
1.2808756e-11
2.4377519e-07
1.2856717e-11
2.4377414e-07
1.2903223e-11
2.4377309e-07
1.2947995e-11
2.4377203e-07
1.2991174e-11
2.4377097e-07
1.3033005e-11
2.4376991e-07
1.3073777e-11
2.4376884e-07
1.3113559e-11
2.4376777e-07
1.3152739e-11
2.4376669e-07
1.3191144e-11
2.4376562e-07
1.3228986e-11
2.4376454e-07
1.3266289e-11
2.4376345e-07
1.3303078e-11
2.4376237e-07
1.3339375e-11
2.4376128e-07
1.3375201e-11
2.4376018e-07
1.341057e-11
2.4375909e-07
1.3445474e-11
2.4375799e-07
1.3479939e-11
2.4375689e-07
1.3513945e-11
2.4375578e-07
1.3547553e-11
2.4375467e-07
1.3580696e-11
2.4375356e-07
1.3613378e-11
2.4375245e-07
1.3645681e-11
2.4375133e-07
1.3677563e-11
2.4375022e-07
1.3708996e-11
2.437491e-07
1.3739991e-11
2.4374797e-07
1.3770574e-11
2.4374685e-07
1.380072e-11
2.4374572e-07
1.3830425e-11
2.4374459e-07
1.3859731e-11
2.4374345e-07
1.3888636e-11
2.4374232e-07
1.3917126e-11
2.4374118e-07
1.3945177e-11
2.4374004e-07
1.3972809e-11
2.437389e-07
1.3999999e-11
2.4373775e-07
1.4026787e-11
2.437366e-07
1.4053194e-11
2.4373545e-07
1.4079124e-11
2.437343e-07
1.4104644e-11
2.4373315e-07
1.412974e-11
2.4373199e-07
1.4154474e-11
2.4373083e-07
1.4178791e-11
2.4372967e-07
1.4202626e-11
2.4372851e-07
1.4226103e-11
2.4372735e-07
1.4249166e-11
2.4372618e-07
1.4271737e-11
2.4372501e-07
1.4293948e-11
2.4372384e-07
1.4315768e-11
2.4372267e-07
1.4337105e-11
2.437215e-07
1.435806e-11
2.4372032e-07
1.4378647e-11
2.4371915e-07
1.439878e-11
2.4371797e-07
1.4418451e-11
2.4371679e-07
1.4437758e-11
2.4371561e-07
1.4456648e-11
2.4371442e-07
1.4475097e-11
2.4371324e-07
1.4493163e-11
2.4371205e-07
1.4510842e-11
2.4371086e-07
1.4528067e-11
2.4370968e-07
1.454484e-11
2.4370848e-07
1.4561209e-11
2.4370729e-07
1.4577238e-11
2.437061e-07
1.4592743e-11
2.437049e-07
1.4607527e-11
2.4370371e-07
1.4622027e-11
2.4370251e-07
1.4636579e-11
2.4370131e-07
1.465074e-11
2.4370011e-07
1.4664261e-11
2.4369891e-07
1.4677318e-11
2.4369771e-07
1.4689933e-11
2.4369651e-07
1.4702211e-11
2.4369531e-07
1.4714257e-11
2.436941e-07
1.4725787e-11
2.436929e-07
1.4736522e-11
2.4369169e-07
1.4746576e-11
2.4369048e-07
1.4756504e-11
2.4368927e-07
1.4766585e-11
2.4368806e-07
1.4776027e-11
2.4368686e-07
1.4784738e-11
2.4368564e-07
1.4793403e-11
2.4368443e-07
1.4801777e-11
2.4368322e-07
1.4809227e-11
2.4368201e-07
1.4815944e-11
2.436808e-07
1.4822456e-11
2.4367958e-07
1.482889e-11
2.4367837e-07
1.4834859e-11
2.4367715e-07
1.4840379e-11
2.4367594e-07
1.4845812e-11
2.4367472e-07
1.4850699e-11
2.4367351e-07
1.4854891e-11
2.4367229e-07
1.4858782e-11
2.4367107e-07
1.4862317e-11
2.4366986e-07
1.4865243e-11
2.4366864e-07
1.4867652e-11
2.4366742e-07
1.4869609e-11
2.436662e-07
1.4871531e-11
2.4366499e-07
1.4873732e-11
2.4366377e-07
1.4876189e-11
2.4366255e-07
1.4879325e-11
2.4366133e-07
1.4879721e-11
2.4366011e-07
1.4873589e-11
2.436589e-07
1.486698e-11
2.4365768e-07
1.4866985e-11
2.4365646e-07
1.4869228e-11
2.4365524e-07
1.4869683e-11
2.4365402e-07
1.4864553e-11
2.4365281e-07
1.4864784e-11
2.4365159e-07
1.4840201e-11
2.4365037e-07
1.4862717e-11
2.4364915e-07
1.5000843e-11
2.4364792e-07
1.4925397e-11
2.4364672e-07
1.4671073e-11
2.4364552e-07
1.4687301e-11
2.436443e-07
1.4847364e-11
2.4364308e-07
1.4886701e-11
2.4364187e-07
1.4818285e-11
2.4364066e-07
1.4765288e-11
2.4363945e-07
1.4759026e-11
2.4363822e-07
1.5001289e-11
2.4363701e-07
1.4762138e-11
2.4363581e-07
1.4704173e-11
8.1389079e-12
2.574431e-07
5.767802e-12
2.5744165e-07
1.9193834e-11
2.5744024e-07
1.8093929e-11
2.5743899e-07
1.5729174e-11
2.5743786e-07
1.4085925e-11
2.5743678e-07
1.3534161e-11
2.574357e-07
1.3482767e-11
2.5743462e-07
1.3508945e-11
2.5743354e-07
1.3534516e-11
2.5743246e-07
1.3572125e-11
2.5743137e-07
1.3621933e-11
2.5743027e-07
1.3685138e-11
2.5742918e-07
1.3727452e-11
2.5742807e-07
1.3764803e-11
2.5742697e-07
1.3816677e-11
2.5742586e-07
1.3870162e-11
2.5742474e-07
1.3923361e-11
2.5742362e-07
1.397582e-11
2.574225e-07
1.4026687e-11
2.5742137e-07
1.4075649e-11
2.5742024e-07
1.4122861e-11
2.5741911e-07
1.4168589e-11
2.5741797e-07
1.4213146e-11
2.5741682e-07
1.4256621e-11
2.5741568e-07
1.4299416e-11
2.5741453e-07
1.4341367e-11
2.5741337e-07
1.4382695e-11
2.5741222e-07
1.442343e-11
2.5741106e-07
1.4463599e-11
2.5740989e-07
1.4503229e-11
2.5740872e-07
1.4542342e-11
2.5740755e-07
1.4580953e-11
2.5740638e-07
1.4619054e-11
2.574052e-07
1.4656674e-11
2.5740402e-07
1.4693793e-11
2.5740284e-07
1.4730474e-11
2.5740166e-07
1.4766648e-11
2.5740047e-07
1.4802317e-11
2.5739927e-07
1.4837572e-11
2.5739808e-07
1.4872366e-11
2.5739688e-07
1.490667e-11
2.5739568e-07
1.4940495e-11
2.5739448e-07
1.497387e-11
2.5739327e-07
1.5006768e-11
2.5739206e-07
1.5039185e-11
2.5739085e-07
1.5071164e-11
2.5738964e-07
1.5102707e-11
2.5738842e-07
1.5133796e-11
2.573872e-07
1.5164406e-11
2.5738598e-07
1.5194559e-11
2.5738476e-07
1.5224231e-11
2.5738353e-07
1.5253462e-11
2.573823e-07
1.5282278e-11
2.5738107e-07
1.5310574e-11
2.5737984e-07
1.5338424e-11
2.573786e-07
1.536581e-11
2.5737736e-07
1.5392802e-11
2.5737612e-07
1.5419338e-11
2.5737488e-07
1.544535e-11
2.5737363e-07
1.547097e-11
2.5737239e-07
1.5496139e-11
2.5737114e-07
1.5520772e-11
2.5736989e-07
1.5545013e-11
2.5736863e-07
1.5568828e-11
2.5736738e-07
1.5592116e-11
2.5736612e-07
1.5614987e-11
2.5736486e-07
1.5637458e-11
2.573636e-07
1.5659433e-11
2.5736234e-07
1.5680905e-11
2.5736107e-07
1.5701981e-11
2.5735981e-07
1.5722602e-11
2.5735854e-07
1.5742743e-11
2.5735727e-07
1.5762467e-11
2.57356e-07
1.5781768e-11
2.5735473e-07
1.5800575e-11
2.5735345e-07
1.581889e-11
2.5735218e-07
1.5836765e-11
2.573509e-07
1.5854268e-11
2.5734962e-07
1.5871202e-11
2.5734834e-07
1.5887355e-11
2.5734706e-07
1.5903196e-11
2.5734578e-07
1.5919085e-11
2.573445e-07
1.5934552e-11
2.5734321e-07
1.5949325e-11
2.5734192e-07
1.5963592e-11
2.5734064e-07
1.5977379e-11
2.5733935e-07
1.5990797e-11
2.5733806e-07
1.6003959e-11
2.5733677e-07
1.6016563e-11
2.5733548e-07
1.6028306e-11
2.5733418e-07
1.6039308e-11
2.5733289e-07
1.6050168e-11
2.573316e-07
1.6061187e-11
2.573303e-07
1.6071517e-11
2.57329e-07
1.6081053e-11
2.5732771e-07
1.6090534e-11
2.5732641e-07
1.6099698e-11
2.5732511e-07
1.6107864e-11
2.5732381e-07
1.6115232e-11
2.5732251e-07
1.6122373e-11
2.5732121e-07
1.6129425e-11
2.5731991e-07
1.6135972e-11
2.5731861e-07
1.6142031e-11
2.573173e-07
1.6147991e-11
2.57316e-07
1.615336e-11
2.573147e-07
1.6157976e-11
2.573134e-07
1.6162261e-11
2.5731209e-07
1.6166158e-11
2.5731079e-07
1.6169396e-11
2.5730948e-07
1.617207e-11
2.5730818e-07
1.6174251e-11
2.5730687e-07
1.6176388e-11
2.5730557e-07
1.6178821e-11
2.5730426e-07
1.6181528e-11
2.5730296e-07
1.6184966e-11
2.5730165e-07
1.6185463e-11
2.5730035e-07
1.6178924e-11
2.5729904e-07
1.6171832e-11
2.5729774e-07
1.6171833e-11
2.5729643e-07
1.6174263e-11
2.5729513e-07
1.6174792e-11
2.5729382e-07
1.6169297e-11
2.5729252e-07
1.6169568e-11
2.5729121e-07
1.61431e-11
2.5728991e-07
1.6167143e-11
2.5728859e-07
1.6316148e-11
2.5728728e-07
1.6235885e-11
2.5728599e-07
1.5961587e-11
2.572847e-07
1.59775e-11
2.572834e-07
1.6149771e-11
2.5728209e-07
1.6193024e-11
2.5728079e-07
1.6119685e-11
2.572795e-07
1.6062436e-11
2.572782e-07
1.6055295e-11
2.5727688e-07
1.6319757e-11
2.5727559e-07
1.6055799e-11
2.572743e-07
1.5988481e-11
8.9147692e-12
2.716965e-07
6.3004708e-12
2.7169495e-07
2.0735106e-11
2.7169345e-07
1.9596453e-11
2.7169212e-07
1.7062268e-11
2.7169091e-07
1.5293899e-11
2.7168975e-07
1.4694583e-11
2.716886e-07
1.4636079e-11
2.7168744e-07
1.4663861e-11
2.7168628e-07
1.4691773e-11
2.7168512e-07
1.4732701e-11
2.7168396e-07
1.478687e-11
2.7168279e-07
1.4855574e-11
2.7168161e-07
1.4902024e-11
2.7168044e-07
1.4943027e-11
2.7167925e-07
1.4999569e-11
2.7167807e-07
1.5057965e-11
2.7167687e-07
1.5116093e-11
2.7167567e-07
1.5173417e-11
2.7167447e-07
1.5228999e-11
2.7167327e-07
1.5282495e-11
2.7167205e-07
1.5334067e-11
2.7167084e-07
1.5384006e-11
2.7166962e-07
1.5432652e-11
2.716684e-07
1.5480117e-11
2.7166717e-07
1.5526815e-11
2.7166594e-07
1.5572594e-11
2.716647e-07
1.5617685e-11
2.7166346e-07
1.5662124e-11
2.7166222e-07
1.5705941e-11
2.7166098e-07
1.5749166e-11
2.7165973e-07
1.5791823e-11
2.7165847e-07
1.5833931e-11
2.7165722e-07
1.5875481e-11
2.7165596e-07
1.5916504e-11
2.7165469e-07
1.5956978e-11
2.7165343e-07
1.5996973e-11
2.7165216e-07
1.6036415e-11
2.7165088e-07
1.6075305e-11
2.7164961e-07
1.6113741e-11
2.7164833e-07
1.6151674e-11
2.7164705e-07
1.6189073e-11
2.7164576e-07
1.6225948e-11
2.7164447e-07
1.6262333e-11
2.7164318e-07
1.6298196e-11
2.7164189e-07
1.6333536e-11
2.7164059e-07
1.6368397e-11
2.7163929e-07
1.6402782e-11
2.7163799e-07
1.6436672e-11
2.7163668e-07
1.6470041e-11
2.7163537e-07
1.6502911e-11
2.7163406e-07
1.6535256e-11
2.7163275e-07
1.6567121e-11
2.7163143e-07
1.6598534e-11
2.7163011e-07
1.662938e-11
2.7162879e-07
1.6659739e-11
2.7162747e-07
1.6689594e-11
2.7162614e-07
1.6719018e-11
2.7162481e-07
1.6747946e-11
2.7162348e-07
1.6776304e-11
2.7162215e-07
1.6804235e-11
2.7162081e-07
1.6831673e-11
2.7161948e-07
1.685853e-11
2.7161814e-07
1.6884959e-11
2.7161679e-07
1.6910923e-11
2.7161545e-07
1.6936314e-11
2.716141e-07
1.6961251e-11
2.7161275e-07
1.6985752e-11
2.716114e-07
1.7009715e-11
2.7161005e-07
1.7033129e-11
2.716087e-07
1.7056112e-11
2.7160734e-07
1.70786e-11
2.7160598e-07
1.7100565e-11
2.7160462e-07
1.7122076e-11
2.7160326e-07
1.7143127e-11
2.716019e-07
1.716364e-11
2.7160054e-07
1.718362e-11
2.7159917e-07
1.7203119e-11
2.715978e-07
1.7222212e-11
2.7159643e-07
1.724069e-11
2.7159506e-07
1.725832e-11
2.7159369e-07
1.7275606e-11
2.7159231e-07
1.729294e-11
2.7159094e-07
1.7309816e-11
2.7158956e-07
1.732594e-11
2.7158818e-07
1.7341515e-11
2.7158681e-07
1.7356567e-11
2.7158542e-07
1.7371216e-11
2.7158404e-07
1.7385584e-11
2.7158266e-07
1.7399349e-11
2.7158128e-07
1.7412182e-11
2.7157989e-07
1.7424211e-11
2.7157851e-07
1.7436077e-11
2.7157712e-07
1.7448111e-11
2.7157573e-07
1.7459401e-11
2.7157434e-07
1.7469833e-11
2.7157295e-07
1.7480196e-11
2.7157156e-07
1.7490215e-11
2.7157017e-07
1.7499157e-11
2.7156878e-07
1.7507234e-11
2.7156739e-07
1.7515057e-11
2.7156599e-07
1.7522779e-11
2.715646e-07
1.7529955e-11
2.715632e-07
1.7536601e-11
2.7156181e-07
1.7543133e-11
2.7156041e-07
1.7549028e-11
2.7155902e-07
1.7554107e-11
2.7155762e-07
1.7558823e-11
2.7155622e-07
1.7563116e-11
2.7155483e-07
1.7566696e-11
2.7155343e-07
1.7569663e-11
2.7155203e-07
1.7572092e-11
2.7155063e-07
1.7574467e-11
2.7154923e-07
1.7577156e-11
2.7154784e-07
1.7580136e-11
2.7154644e-07
1.7583903e-11
2.7154504e-07
1.7584517e-11
2.7154364e-07
1.7577561e-11
2.7154224e-07
1.7569963e-11
2.7154084e-07
1.7569962e-11
2.7153944e-07
1.7572593e-11
2.7153805e-07
1.7573207e-11
2.7153665e-07
1.7567334e-11
2.7153525e-07
1.7567652e-11
2.7153385e-07
1.7539191e-11
2.7153246e-07
1.7564824e-11
2.7153105e-07
1.7725384e-11
2.7152964e-07
1.764016e-11
2.7152826e-07
1.7344673e-11
2.7152688e-07
1.7360046e-11
2.7152548e-07
1.7545219e-11
2.7152408e-07
1.7592732e-11
2.7152269e-07
1.7514241e-11
2.715213e-07
1.7452482e-11
2.7151991e-07
1.7444376e-11
2.715185e-07
1.7732777e-11
2.7151711e-07
1.7441738e-11
2.7151573e-07
1.7363759e-11
9.7552507e-12
2.8657962e-07
6.8766568e-12
2.8657798e-07
2.2370052e-11
2.8657638e-07
2.1196233e-11
2.8657496e-07
1.8485872e-11
2.8657367e-07
1.6586043e-11
2.8657243e-07
1.5936051e-11
2.8657119e-07
1.5869663e-11
2.8656996e-07
1.5899078e-11
2.8656872e-07
1.5929514e-11
2.8656748e-07
1.5974017e-11
2.8656623e-07
1.6032875e-11
2.8656498e-07
1.6107487e-11
2.8656372e-07
1.6158435e-11
2.8656246e-07
1.6203412e-11
2.865612e-07
1.626499e-11
2.8655993e-07
1.6328692e-11
2.8655865e-07
1.6392153e-11
2.8655737e-07
1.6454739e-11
2.8655608e-07
1.6515423e-11
2.8655479e-07
1.6573822e-11
2.865535e-07
1.6630109e-11
2.865522e-07
1.6684601e-11
2.8655089e-07
1.6737667e-11
2.8654958e-07
1.6789442e-11
2.8654827e-07
1.6840355e-11
2.8654695e-07
1.6890267e-11
2.8654563e-07
1.6939421e-11
2.865443e-07
1.6987857e-11
2.8654297e-07
1.7035611e-11
2.8654164e-07
1.7082715e-11
2.865403e-07
1.7129197e-11
2.8653896e-07
1.7175076e-11
2.8653762e-07
1.7220346e-11
2.8653627e-07
1.7265038e-11
2.8653492e-07
1.7309132e-11
2.8653356e-07
1.73527e-11
2.865322e-07
1.7395665e-11
2.8653084e-07
1.7438028e-11
2.8652947e-07
1.7479895e-11
2.865281e-07
1.7521212e-11
2.8652673e-07
1.7561947e-11
2.8652535e-07
1.7602111e-11
2.8652397e-07
1.7641739e-11
2.8652259e-07
1.76808e-11
2.8652121e-07
1.771929e-11
2.8651982e-07
1.7757258e-11
2.8651842e-07
1.7794706e-11
2.8651703e-07
1.7831616e-11
2.8651563e-07
1.7867957e-11
2.8651423e-07
1.7903755e-11
2.8651283e-07
1.7938983e-11
2.8651142e-07
1.7973687e-11
2.8651001e-07
1.8007897e-11
2.865086e-07
1.8041492e-11
2.8650718e-07
1.8074557e-11
2.8650577e-07
1.8107073e-11
2.8650435e-07
1.8139118e-11
2.8650292e-07
1.8170624e-11
2.865015e-07
1.8201511e-11
2.8650007e-07
1.8231932e-11
2.8649864e-07
1.8261818e-11
2.8649721e-07
1.8291072e-11
2.8649577e-07
1.8319858e-11
2.8649434e-07
1.8348139e-11
2.864929e-07
1.8375799e-11
2.8649145e-07
1.8402963e-11
2.8649001e-07
1.8429652e-11
2.8648856e-07
1.8455757e-11
2.8648712e-07
1.8481267e-11
2.8648567e-07
1.8506306e-11
2.8648421e-07
1.8530806e-11
2.8648276e-07
1.855474e-11
2.864813e-07
1.8578178e-11
2.8647985e-07
1.8601116e-11
2.8647839e-07
1.8623471e-11
2.8647692e-07
1.8645245e-11
2.8647546e-07
1.8666497e-11
2.86474e-07
1.8687307e-11
2.8647253e-07
1.8707449e-11
2.8647106e-07
1.8726675e-11
2.8646959e-07
1.8745523e-11
2.8646812e-07
1.8764414e-11
2.8646665e-07
1.8782811e-11
2.8646517e-07
1.8800396e-11
2.864637e-07
1.8817383e-11
2.8646222e-07
1.8833802e-11
2.8646074e-07
1.8849781e-11
2.8645926e-07
1.8865452e-11
2.8645778e-07
1.8880471e-11
2.864563e-07
1.8894484e-11
2.8645481e-07
1.8907624e-11
2.8645333e-07
1.892058e-11
2.8645184e-07
1.893371e-11
2.8645036e-07
1.894604e-11
2.8644887e-07
1.8957441e-11
2.8644738e-07
1.896876e-11
2.8644589e-07
1.8979705e-11
2.864444e-07
1.898949e-11
2.8644291e-07
1.8998336e-11
2.8644142e-07
1.9006901e-11
2.8643993e-07
1.901535e-11
2.8643843e-07
1.902321e-11
2.8643694e-07
1.9030493e-11
2.8643544e-07
1.9037648e-11
2.8643395e-07
1.9044116e-11
2.8643245e-07
1.9049701e-11
2.8643096e-07
1.9054888e-11
2.8642946e-07
1.9059615e-11
2.8642796e-07
1.906357e-11
2.8642647e-07
1.906686e-11
2.8642497e-07
1.9069564e-11
2.8642347e-07
1.9072203e-11
2.8642197e-07
1.9075174e-11
2.8642048e-07
1.9078454e-11
2.8641898e-07
1.9082579e-11
2.8641748e-07
1.9083329e-11
2.8641598e-07
1.9075944e-11
2.8641448e-07
1.906782e-11
2.8641298e-07
1.9067819e-11
2.8641149e-07
1.9070667e-11
2.8640999e-07
1.9071378e-11
2.8640849e-07
1.9065111e-11
2.8640699e-07
1.9065486e-11
2.864055e-07
1.903492e-11
2.86404e-07
1.9062208e-11
2.8640249e-07
1.9235038e-11
2.8640098e-07
1.9144719e-11
2.863995e-07
1.8826757e-11
2.8639802e-07
1.8841332e-11
2.8639653e-07
1.9040134e-11
2.8639503e-07
1.9092283e-11
2.8639353e-07
1.9008404e-11
2.8639204e-07
1.8941866e-11
2.8639055e-07
1.8932701e-11
2.8638904e-07
1.9246919e-11
2.8638756e-07
1.8926321e-11
2.8638608e-07
1.8836213e-11
1.0665818e-11
3.0211916e-07
7.5000594e-12
3.0211742e-07
2.410362e-11
3.0211572e-07
2.2898798e-11
3.021142e-07
2.0005619e-11
3.0211282e-07
1.7967862e-11
3.0211149e-07
1.7263927e-11
3.0211017e-07
1.7188823e-11
3.0210885e-07
1.7219895e-11
3.0210753e-07
1.7253055e-11
3.021062e-07
1.730141e-11
3.0210487e-07
1.7365312e-11
3.0210353e-07
1.7446275e-11
3.0210218e-07
1.7502112e-11
3.0210084e-07
1.7551414e-11
3.0209948e-07
1.7618427e-11
3.0209812e-07
1.7687867e-11
3.0209676e-07
1.7757095e-11
3.0209539e-07
1.7825376e-11
3.0209401e-07
1.789158e-11
3.0209263e-07
1.7955284e-11
3.0209124e-07
1.8016671e-11
3.0208985e-07
1.8076086e-11
3.0208846e-07
1.8133929e-11
3.0208706e-07
1.8190361e-11
3.0208565e-07
1.8245829e-11
3.0208424e-07
1.8300206e-11
3.0208283e-07
1.8353746e-11
3.0208141e-07
1.8406498e-11
3.0207998e-07
1.8458501e-11
3.0207856e-07
1.8509791e-11
3.0207713e-07
1.85604e-11
3.0207569e-07
1.8610349e-11
3.0207425e-07
1.8659632e-11
3.0207281e-07
1.8708283e-11
3.0207136e-07
1.875628e-11
3.0206991e-07
1.8803703e-11
3.0206846e-07
1.8850467e-11
3.02067e-07
1.8896576e-11
3.0206553e-07
1.8942141e-11
3.0206407e-07
1.8987107e-11
3.020626e-07
1.9031439e-11
3.0206113e-07
1.9075149e-11
3.0205965e-07
1.9118275e-11
3.0205817e-07
1.9160783e-11
3.0205669e-07
1.9202669e-11
3.020552e-07
1.9243986e-11
3.0205371e-07
1.9284737e-11
3.0205222e-07
1.9324901e-11
3.0205072e-07
1.9364447e-11
3.0204922e-07
1.9403402e-11
3.0204772e-07
1.9441737e-11
3.0204621e-07
1.9479501e-11
3.020447e-07
1.9516727e-11
3.0204319e-07
1.9553285e-11
3.0204168e-07
1.9589267e-11
3.0204016e-07
1.9624651e-11
3.0203864e-07
1.9659523e-11
3.0203711e-07
1.9693808e-11
3.0203559e-07
1.9727421e-11
3.0203406e-07
1.9760526e-11
3.0203253e-07
1.979305e-11
3.02031e-07
1.9824888e-11
3.0202946e-07
1.9856218e-11
3.0202792e-07
1.9886996e-11
3.0202638e-07
1.9917102e-11
3.0202484e-07
1.9946668e-11
3.0202329e-07
1.9975717e-11
3.0202174e-07
2.0004132e-11
3.0202019e-07
2.0031901e-11
3.0201864e-07
2.0059158e-11
3.0201708e-07
2.008583e-11
3.0201553e-07
2.0111886e-11
3.0201397e-07
2.0137404e-11
3.020124e-07
2.0162377e-11
3.0201084e-07
2.0186719e-11
3.0200928e-07
2.021043e-11
3.0200771e-07
2.0233574e-11
3.0200614e-07
2.0256236e-11
3.0200457e-07
2.0278175e-11
3.02003e-07
2.0299125e-11
3.0200142e-07
2.0319658e-11
3.0199985e-07
2.0340232e-11
3.0199827e-07
2.0360271e-11
3.0199669e-07
2.0379433e-11
3.0199511e-07
2.0397945e-11
3.0199353e-07
2.0415841e-11
3.0199194e-07
2.0433257e-11
3.0199036e-07
2.0450337e-11
3.0198877e-07
2.0466712e-11
3.0198719e-07
2.0482001e-11
3.019856e-07
2.0496344e-11
3.0198401e-07
2.051048e-11
3.0198242e-07
2.0524795e-11
3.0198082e-07
2.0538251e-11
3.0197923e-07
2.0550703e-11
3.0197764e-07
2.0563057e-11
3.0197604e-07
2.0575005e-11
3.0197444e-07
2.0585704e-11
3.0197285e-07
2.0595387e-11
3.0197125e-07
2.0604757e-11
3.0196965e-07
2.0613997e-11
3.0196805e-07
2.0622599e-11
3.0196645e-07
2.0630576e-11
3.0196485e-07
2.063841e-11
3.0196325e-07
2.0645501e-11
3.0196165e-07
2.0651639e-11
3.0196005e-07
2.0657341e-11
3.0195844e-07
2.0662543e-11
3.0195684e-07
2.0666912e-11
3.0195524e-07
2.0670558e-11
3.0195363e-07
2.0673568e-11
3.0195203e-07
2.0676498e-11
3.0195042e-07
2.0679779e-11
3.0194882e-07
2.0683388e-11
3.0194721e-07
2.0687904e-11
3.0194561e-07
2.0688813e-11
3.01944e-07
2.0680988e-11
3.019424e-07
2.0672317e-11
3.0194079e-07
2.067232e-11
3.0193919e-07
2.0675402e-11
3.0193758e-07
2.0676224e-11
3.0193598e-07
2.0669548e-11
3.0193437e-07
2.0669991e-11
3.0193277e-07
2.0637203e-11
3.0193117e-07
2.0666209e-11
3.0192955e-07
2.0852069e-11
3.0192794e-07
2.0756527e-11
3.0192635e-07
2.0414733e-11
3.0192476e-07
2.0428217e-11
3.0192316e-07
2.0641409e-11
3.0192156e-07
2.0698602e-11
3.0191996e-07
2.0609096e-11
3.0191836e-07
2.0537495e-11
3.0191677e-07
2.0527173e-11
3.0191514e-07
2.0869232e-11
3.0191355e-07
2.0516371e-11
3.0191198e-07
2.0412493e-11
1.1652421e-11
3.1834247e-07
8.1747097e-12
3.1834063e-07
2.5941013e-11
3.1833882e-07
2.4709959e-11
3.183372e-07
2.1627468e-11
3.1833572e-07
1.9445211e-11
3.183343e-07
1.868393e-11
3.1833289e-07
1.8599215e-11
3.1833148e-07
1.8631967e-11
3.1833006e-07
1.8668065e-11
3.1832864e-07
1.8720572e-11
3.1832722e-07
1.8789905e-11
3.1832579e-07
1.8877694e-11
3.1832435e-07
1.8938847e-11
3.1832291e-07
1.899286e-11
3.1832146e-07
1.9065741e-11
3.1832001e-07
1.9141382e-11
3.1831855e-07
1.9216853e-11
3.1831708e-07
1.9291297e-11
3.1831561e-07
1.9363475e-11
3.1831413e-07
1.9432919e-11
3.1831265e-07
1.9499824e-11
3.1831116e-07
1.9564564e-11
3.1830967e-07
1.9627573e-11
3.1830817e-07
1.9689039e-11
3.1830667e-07
1.9749428e-11
3.1830516e-07
1.9808628e-11
3.1830364e-07
1.9866907e-11
3.1830213e-07
1.9924318e-11
3.183006e-07
1.9980909e-11
3.1829908e-07
2.0036718e-11
3.1829755e-07
2.0091782e-11
3.1829601e-07
2.0146123e-11
3.1829447e-07
2.0199736e-11
3.1829293e-07
2.0252658e-11
3.1829138e-07
2.0304867e-11
3.1828982e-07
2.0356448e-11
3.1828827e-07
2.0407311e-11
3.1828671e-07
2.045746e-11
3.1828514e-07
2.0507015e-11
3.1828357e-07
2.0555916e-11
3.18282e-07
2.0604128e-11
3.1828042e-07
2.0651662e-11
3.1827884e-07
2.0698559e-11
3.1827726e-07
2.0744784e-11
3.1827567e-07
2.0790332e-11
3.1827408e-07
2.0835261e-11
3.1827249e-07
2.0879572e-11
3.1827089e-07
2.0923246e-11
3.1826929e-07
2.0966247e-11
3.1826768e-07
2.1008606e-11
3.1826607e-07
2.105029e-11
3.1826446e-07
2.1091354e-11
3.1826284e-07
2.1131832e-11
3.1826123e-07
2.1171585e-11
3.182596e-07
2.1210711e-11
3.1825798e-07
2.1249188e-11
3.1825635e-07
2.1287106e-11
3.1825472e-07
2.1324388e-11
3.1825309e-07
2.1360941e-11
3.1825145e-07
2.1396941e-11
3.1824981e-07
2.1432309e-11
3.1824817e-07
2.1466934e-11
3.1824653e-07
2.1501005e-11
3.1824488e-07
2.1534478e-11
3.1824323e-07
2.1567221e-11
3.1824158e-07
2.1599378e-11
3.1823992e-07
2.1630972e-11
3.1823826e-07
2.1661879e-11
3.182366e-07
2.1692085e-11
3.1823494e-07
2.1721734e-11
3.1823328e-07
2.1750748e-11
3.1823161e-07
2.1779094e-11
3.1822994e-07
2.1806856e-11
3.1822827e-07
2.1834026e-11
3.1822659e-07
2.1860511e-11
3.1822492e-07
2.1886313e-11
3.1822324e-07
2.1911499e-11
3.1822156e-07
2.193616e-11
3.1821988e-07
2.196004e-11
3.1821819e-07
2.1982851e-11
3.1821651e-07
2.2005206e-11
3.1821482e-07
2.2027595e-11
3.1821313e-07
2.2049407e-11
3.1821144e-07
2.2070273e-11
3.1820975e-07
2.2090435e-11
3.1820805e-07
2.2109926e-11
3.1820636e-07
2.2128896e-11
3.1820466e-07
2.2147499e-11
3.1820296e-07
2.216534e-11
3.1820126e-07
2.218201e-11
3.1819956e-07
2.2197656e-11
3.1819786e-07
2.2213068e-11
3.1819615e-07
2.2228667e-11
3.1819445e-07
2.2243341e-11
3.1819274e-07
2.2256932e-11
3.1819104e-07
2.2270407e-11
3.1818933e-07
2.2283443e-11
3.1818762e-07
2.2295134e-11
3.1818591e-07
2.2305727e-11
3.181842e-07
2.2315972e-11
3.1818248e-07
2.2326071e-11
3.1818077e-07
2.2335481e-11
3.1817906e-07
2.2344214e-11
3.1817734e-07
2.2352785e-11
3.1817563e-07
2.2360557e-11
3.1817391e-07
2.2367299e-11
3.181722e-07
2.2373565e-11
3.1817048e-07
2.2379288e-11
3.1816876e-07
2.2384111e-11
3.1816705e-07
2.2388151e-11
3.1816533e-07
2.2391499e-11
3.1816361e-07
2.2394753e-11
3.1816189e-07
2.2398376e-11
3.1816017e-07
2.2402346e-11
3.1815845e-07
2.2407288e-11
3.1815673e-07
2.2408379e-11
3.1815501e-07
2.2400107e-11
3.181533e-07
2.2390869e-11
3.1815158e-07
2.239088e-11
3.1814986e-07
2.2394214e-11
3.1814814e-07
2.2395163e-11
3.1814642e-07
2.2388063e-11
3.181447e-07
2.2388587e-11
3.1814299e-07
2.2353454e-11
3.1814127e-07
2.2384245e-11
3.1813954e-07
2.2583938e-11
3.1813781e-07
2.2483058e-11
3.1813611e-07
2.2115998e-11
3.1813441e-07
2.2128058e-11
3.1813269e-07
2.2356439e-11
3.1813097e-07
2.2419116e-11
3.1812926e-07
2.2323741e-11
3.1812755e-07
2.2246779e-11
3.1812584e-07
2.2235195e-11
3.181241e-07
2.2607282e-11
3.181224e-07
2.2219207e-11
3.1812071e-07
2.2099727e-11
1.2721532e-11
3.3527758e-07
8.9049973e-12
3.3527563e-07
2.7887697e-11
3.352737e-07
2.6635811e-11
3.3527197e-07
2.3357722e-11
3.3527039e-07
2.1024316e-11
3.3526888e-07
2.0202151e-11
3.3526737e-07
2.0106867e-11
3.3526586e-07
2.0141316e-11
3.3526435e-07
2.0180588e-11
3.3526283e-07
2.0237572e-11
3.3526131e-07
2.0312753e-11
3.3525978e-07
2.0407883e-11
3.3525824e-07
2.0474818e-11
3.352567e-07
2.053396e-11
3.3525515e-07
2.061318e-11
3.352536e-07
2.0695528e-11
3.3525204e-07
2.0777756e-11
3.3525047e-07
2.0858872e-11
3.352489e-07
2.0937517e-11
3.3524732e-07
2.1013176e-11
3.3524573e-07
2.1086052e-11
3.3524414e-07
2.1156553e-11
3.3524254e-07
2.1225148e-11
3.3524094e-07
2.1292058e-11
3.3523933e-07
2.1357767e-11
3.3523771e-07
2.1422179e-11
3.352361e-07
2.1485576e-11
3.3523447e-07
2.1548022e-11
3.3523284e-07
2.1609567e-11
3.3523121e-07
2.1670256e-11
3.3522957e-07
2.1730129e-11
3.3522793e-07
2.1789211e-11
3.3522628e-07
2.1847498e-11
3.3522463e-07
2.190503e-11
3.3522297e-07
2.1961783e-11
3.3522131e-07
2.2017851e-11
3.3521964e-07
2.2073137e-11
3.3521797e-07
2.2127644e-11
3.352163e-07
2.2181503e-11
3.3521462e-07
2.223465e-11
3.3521294e-07
2.2287046e-11
3.3521125e-07
2.2338705e-11
3.3520956e-07
2.2389671e-11
3.3520786e-07
2.2439904e-11
3.3520617e-07
2.2489402e-11
3.3520446e-07
2.2538226e-11
3.3520276e-07
2.2586378e-11
3.3520105e-07
2.2633836e-11
3.3519933e-07
2.2680564e-11
3.3519761e-07
2.2726593e-11
3.3519589e-07
2.2771889e-11
3.3519417e-07
2.2816511e-11
3.3519244e-07
2.2860496e-11
3.3519071e-07
2.2903694e-11
3.3518897e-07
2.2946211e-11
3.3518723e-07
2.2988023e-11
3.3518549e-07
2.3029228e-11
3.3518374e-07
2.3069741e-11
3.3518199e-07
2.3109465e-11
3.3518024e-07
2.3148586e-11
3.3517849e-07
2.3187022e-11
3.3517673e-07
2.3224653e-11
3.3517497e-07
2.3261681e-11
3.3517321e-07
2.3298059e-11
3.3517144e-07
2.3333647e-11
3.3516967e-07
2.3368599e-11
3.351679e-07
2.3402938e-11
3.3516612e-07
2.3436533e-11
3.3516435e-07
2.3469369e-11
3.3516257e-07
2.3501599e-11
3.3516078e-07
2.3533141e-11
3.35159e-07
2.3563958e-11
3.3515721e-07
2.3594141e-11
3.3515542e-07
2.3623682e-11
3.3515363e-07
2.3652481e-11
3.3515184e-07
2.368054e-11
3.3515004e-07
2.370793e-11
3.3514824e-07
2.373475e-11
3.3514644e-07
2.3760726e-11
3.3514464e-07
2.3785548e-11
3.3514283e-07
2.380987e-11
3.3514103e-07
2.383422e-11
3.3513922e-07
2.3857947e-11
3.3513741e-07
2.3880655e-11
3.351356e-07
2.3902598e-11
3.3513378e-07
2.3923815e-11
3.3513197e-07
2.3944465e-11
3.3513015e-07
2.3964713e-11
3.3512833e-07
2.398414e-11
3.3512651e-07
2.4002306e-11
3.3512469e-07
2.4019364e-11
3.3512287e-07
2.4036159e-11
3.3512104e-07
2.4053145e-11
3.3511922e-07
2.406914e-11
3.3511739e-07
2.4083965e-11
3.3511556e-07
2.4098656e-11
3.3511373e-07
2.411287e-11
3.351119e-07
2.4125639e-11
3.3511007e-07
2.4137221e-11
3.3510824e-07
2.4148418e-11
3.351064e-07
2.4159451e-11
3.3510457e-07
2.4169741e-11
3.3510273e-07
2.4179296e-11
3.351009e-07
2.4188671e-11
3.3509906e-07
2.4197184e-11
3.3509722e-07
2.4204588e-11
3.3509539e-07
2.4211471e-11
3.3509355e-07
2.4217765e-11
3.3509171e-07
2.4223087e-11
3.3508987e-07
2.4227562e-11
3.3508803e-07
2.4231286e-11
3.3508619e-07
2.4234899e-11
3.3508435e-07
2.4238898e-11
3.3508251e-07
2.4243265e-11
3.3508067e-07
2.4248673e-11
3.3507882e-07
2.4249973e-11
3.3507698e-07
2.4241247e-11
3.3507514e-07
2.4231421e-11
3.350733e-07
2.4231447e-11
3.3507146e-07
2.4235053e-11
3.3506962e-07
2.4236147e-11
3.3506778e-07
2.422861e-11
3.3506594e-07
2.4229229e-11
3.350641e-07
2.4191622e-11
3.3506226e-07
2.4224263e-11
3.3506041e-07
2.4438643e-11
3.3505856e-07
2.433232e-11
3.3505673e-07
2.3938481e-11
3.3505491e-07
2.3948743e-11
3.3505308e-07
2.4193146e-11
3.3505123e-07
2.4261787e-11
3.350494e-07
2.4160295e-11
3.3504757e-07
2.4077662e-11
3.3504574e-07
2.4064709e-11
3.3504388e-07
2.446918e-11
3.3504205e-07
2.4042671e-11
3.3504025e-07
2.3905547e-11
1.3880191e-11
3.5295322e-07
9.6957e-12
3.5295116e-07
2.994941e-11
3.5294911e-07
2.8682741e-11
3.5294727e-07
2.5203035e-11
3.5294558e-07
2.2711783e-11
3.5294396e-07
2.1825071e-11
3.5294235e-07
2.1718199e-11
3.5294073e-07
2.175436e-11
3.5293912e-07
2.179706e-11
3.529375e-07
2.1858877e-11
3.5293587e-07
2.1940357e-11
3.5293423e-07
2.2043384e-11
3.5293259e-07
2.2116608e-11
3.5293094e-07
2.218134e-11
3.5292929e-07
2.2267409e-11
3.5292763e-07
2.2357013e-11
3.5292596e-07
2.2446556e-11
3.5292428e-07
2.2534896e-11
3.529226e-07
2.2620545e-11
3.5292091e-07
2.2702932e-11
3.5291921e-07
2.2782273e-11
3.5291751e-07
2.2859008e-11
3.529158e-07
2.2933649e-11
3.5291409e-07
2.3006446e-11
3.5291237e-07
2.3077907e-11
3.5291064e-07
2.3147953e-11
3.5290891e-07
2.3216883e-11
3.5290718e-07
2.3284767e-11
3.5290543e-07
2.3351664e-11
3.5290369e-07
2.3417624e-11
3.5290193e-07
2.348269e-11
3.5290018e-07
2.3546892e-11
3.5289841e-07
2.3610224e-11
3.5289664e-07
2.3672733e-11
3.5289487e-07
2.3734393e-11
3.5289309e-07
2.3795303e-11
3.5289131e-07
2.3855362e-11
3.5288953e-07
2.3914573e-11
3.5288773e-07
2.3973076e-11
3.5288594e-07
2.4030804e-11
3.5288414e-07
2.4087715e-11
3.5288233e-07
2.4143825e-11
3.5288052e-07
2.4199179e-11
3.5287871e-07
2.4253738e-11
3.5287689e-07
2.4307497e-11
3.5287507e-07
2.4360522e-11
3.5287324e-07
2.4412817e-11
3.5287141e-07
2.4464357e-11
3.5286958e-07
2.4515104e-11
3.5286774e-07
2.4565093e-11
3.528659e-07
2.4614286e-11
3.5286405e-07
2.4662745e-11
3.528622e-07
2.4710512e-11
3.5286035e-07
2.4757427e-11
3.5285849e-07
2.4803602e-11
3.5285663e-07
2.4849011e-11
3.5285476e-07
2.489376e-11
3.528529e-07
2.4937759e-11
3.5285102e-07
2.4980903e-11
3.5284915e-07
2.5023391e-11
3.5284727e-07
2.5065136e-11
3.5284539e-07
2.510601e-11
3.528435e-07
2.5146228e-11
3.5284162e-07
2.5185741e-11
3.5283973e-07
2.5224399e-11
3.5283783e-07
2.5262365e-11
3.5283594e-07
2.5299667e-11
3.5283404e-07
2.5336162e-11
3.5283213e-07
2.5371836e-11
3.5283023e-07
2.5406851e-11
3.5282832e-07
2.5441121e-11
3.5282641e-07
2.5474606e-11
3.528245e-07
2.5507403e-11
3.5282258e-07
2.5539503e-11
3.5282066e-07
2.55708e-11
3.5281874e-07
2.5601296e-11
3.5281682e-07
2.5631066e-11
3.5281489e-07
2.5660218e-11
3.5281297e-07
2.5688457e-11
3.5281104e-07
2.5715453e-11
3.528091e-07
2.57419e-11
3.5280717e-07
2.5768368e-11
3.5280523e-07
2.5794165e-11
3.5280329e-07
2.5818863e-11
3.5280135e-07
2.5842733e-11
3.5279941e-07
2.5865816e-11
3.5279747e-07
2.5888282e-11
3.5279552e-07
2.5910311e-11
3.5279358e-07
2.5931454e-11
3.5279163e-07
2.5951239e-11
3.5278968e-07
2.5969827e-11
3.5278772e-07
2.5988119e-11
3.5278577e-07
2.6006608e-11
3.5278382e-07
2.6024033e-11
3.5278186e-07
2.6040198e-11
3.527799e-07
2.6056206e-11
3.5277794e-07
2.6071699e-11
3.5277598e-07
2.6085639e-11
3.5277402e-07
2.6098297e-11
3.5277206e-07
2.6110529e-11
3.527701e-07
2.6122577e-11
3.5276813e-07
2.6133824e-11
3.5276617e-07
2.6144276e-11
3.527642e-07
2.6154525e-11
3.5276224e-07
2.6163848e-11
3.5276027e-07
2.6171976e-11
3.527583e-07
2.6179535e-11
3.5275633e-07
2.6186454e-11
3.5275436e-07
2.6192327e-11
3.5275239e-07
2.6197282e-11
3.5275042e-07
2.6201423e-11
3.5274845e-07
2.6205433e-11
3.5274648e-07
2.6209849e-11
3.5274451e-07
2.6214652e-11
3.5274254e-07
2.6220568e-11
3.5274057e-07
2.622211e-11
3.5273859e-07
2.6212923e-11
3.5273662e-07
2.620249e-11
3.5273465e-07
2.6202538e-11
3.5273268e-07
2.6206439e-11
3.5273071e-07
2.6207698e-11
3.5272874e-07
2.6199711e-11
3.5272677e-07
2.6200442e-11
3.527248e-07
2.6160228e-11
3.5272283e-07
2.6194785e-11
3.5272084e-07
2.6424755e-11
3.5271886e-07
2.6312899e-11
3.5271691e-07
2.5890687e-11
3.5271496e-07
2.5898727e-11
3.5271299e-07
2.6160024e-11
3.5271102e-07
2.6235148e-11
3.5270905e-07
2.612729e-11
3.5270709e-07
2.6038662e-11
3.5270513e-07
2.6024224e-11
3.5270314e-07
2.6463624e-11
3.5270118e-07
2.5995163e-11
3.5269925e-07
2.5838122e-11
1.5136055e-11
3.7139886e-07
1.0552014e-11
3.7139667e-07
3.2132171e-11
3.713945e-07
3.0857437e-11
3.7139253e-07
2.7170426e-11
3.7139073e-07
2.4514625e-11
3.7138899e-07
2.3559585e-11
3.7138727e-07
2.3440042e-11
3.7138555e-07
2.3477928e-11
3.7138382e-07
2.3524333e-11
3.7138209e-07
2.359137e-11
3.7138035e-07
2.3679639e-11
3.713786e-07
2.3791166e-11
3.7137685e-07
2.387123e-11
3.7137509e-07
2.3942055e-11
3.7137332e-07
2.403553e-11
3.7137154e-07
2.4132984e-11
3.7136976e-07
2.423045e-11
3.7136797e-07
2.4326617e-11
3.7136617e-07
2.4419851e-11
3.7136436e-07
2.4509525e-11
3.7136255e-07
2.4595866e-11
3.7136073e-07
2.4679351e-11
3.713589e-07
2.4760534e-11
3.7135707e-07
2.4839701e-11
3.7135523e-07
2.4917383e-11
3.7135338e-07
2.4993522e-11
3.7135153e-07
2.5068432e-11
3.7134967e-07
2.5142195e-11
3.7134781e-07
2.5214876e-11
3.7134594e-07
2.528653e-11
3.7134407e-07
2.5357206e-11
3.7134219e-07
2.5426938e-11
3.713403e-07
2.549572e-11
3.7133841e-07
2.5563603e-11
3.7133651e-07
2.563056e-11
3.7133461e-07
2.5696698e-11
3.7133271e-07
2.5761909e-11
3.7133079e-07
2.5826198e-11
3.7132888e-07
2.5889715e-11
3.7132696e-07
2.5952387e-11
3.7132503e-07
2.6014171e-11
3.713231e-07
2.6075083e-11
3.7132116e-07
2.6135174e-11
3.7131922e-07
2.61944e-11
3.7131728e-07
2.6252757e-11
3.7131533e-07
2.6310316e-11
3.7131337e-07
2.636708e-11
3.7131141e-07
2.6423025e-11
3.7130945e-07
2.6478109e-11
3.7130748e-07
2.6532369e-11
3.7130551e-07
2.6585766e-11
3.7130354e-07
2.6638367e-11
3.7130156e-07
2.6690214e-11
3.7129957e-07
2.6741138e-11
3.7129758e-07
2.679126e-11
3.7129559e-07
2.6840551e-11
3.712936e-07
2.6889123e-11
3.712916e-07
2.6936882e-11
3.712896e-07
2.6983716e-11
3.7128759e-07
2.7029838e-11
3.7128558e-07
2.7075153e-11
3.7128357e-07
2.7119526e-11
3.7128155e-07
2.7163187e-11
3.7127953e-07
2.7206082e-11
3.7127751e-07
2.7248053e-11
3.7127548e-07
2.7289273e-11
3.7127345e-07
2.7329771e-11
3.7127141e-07
2.7369397e-11
3.7126938e-07
2.7408135e-11
3.7126734e-07
2.7446157e-11
3.712653e-07
2.7483371e-11
3.7126325e-07
2.7519736e-11
3.712612e-07
2.7555354e-11
3.7125915e-07
2.7590218e-11
3.712571e-07
2.7624213e-11
3.7125504e-07
2.7657341e-11
3.7125299e-07
2.7689683e-11
3.7125092e-07
2.7721352e-11
3.7124886e-07
2.7752038e-11
3.7124679e-07
2.7781383e-11
3.7124473e-07
2.7810128e-11
3.7124266e-07
2.7838884e-11
3.7124058e-07
2.7866917e-11
3.7123851e-07
2.7893768e-11
3.7123643e-07
2.7919721e-11
3.7123435e-07
2.7944822e-11
3.7123227e-07
2.7969254e-11
3.7123019e-07
2.7993208e-11
3.712281e-07
2.8016208e-11
3.7122602e-07
2.8037748e-11
3.7122393e-07
2.8057994e-11
3.7122184e-07
2.8077908e-11
3.7121975e-07
2.8098025e-11
3.7121765e-07
2.8117e-11
3.7121556e-07
2.8134619e-11
3.7121346e-07
2.8152055e-11
3.7121137e-07
2.8168934e-11
3.7120927e-07
2.8184147e-11
3.7120717e-07
2.8197976e-11
3.7120507e-07
2.8211336e-11
3.7120297e-07
2.8224487e-11
3.7120086e-07
2.8236776e-11
3.7119876e-07
2.8248206e-11
3.7119665e-07
2.8259408e-11
3.7119455e-07
2.8269615e-11
3.7119244e-07
2.8278536e-11
3.7119033e-07
2.8286835e-11
3.7118823e-07
2.829444e-11
3.7118612e-07
2.8300919e-11
3.7118401e-07
2.8306406e-11
3.711819e-07
2.8311009e-11
3.7117979e-07
2.831546e-11
3.7117768e-07
2.8320335e-11
3.7117557e-07
2.8325617e-11
3.7117346e-07
2.833209e-11
3.7117134e-07
2.8333908e-11
3.7116923e-07
2.8324258e-11
3.7116712e-07
2.83132e-11
3.7116501e-07
2.8313278e-11
3.711629e-07
2.83175e-11
3.7116079e-07
2.8318947e-11
3.7115868e-07
2.8310497e-11
3.7115657e-07
2.831136e-11
3.7115446e-07
2.8268397e-11
3.7115235e-07
2.8304938e-11
3.7115022e-07
2.8551453e-11
3.711481e-07
2.8433994e-11
3.7114601e-07
2.7981726e-11
3.7114392e-07
2.7987071e-11
3.7114182e-07
2.8266172e-11
3.711397e-07
2.8348339e-11
3.711376e-07
2.8233865e-11
3.711355e-07
2.8138904e-11
3.711334e-07
2.8122862e-11
3.7113126e-07
2.8599938e-11
3.7112917e-07
2.8085682e-11
3.711271e-07
2.7906198e-11
1.649745e-11
3.9064467e-07
1.1479588e-11
3.9064236e-07
3.4442289e-11
3.9064005e-07
3.3166887e-11
3.9063795e-07
2.9267293e-11
3.9063603e-07
2.6440272e-11
3.9063417e-07
2.5413018e-11
3.9063234e-07
2.5279661e-11
3.9063049e-07
2.5319284e-11
3.9062865e-07
2.5369696e-11
3.906268e-07
2.5442374e-11
3.9062494e-07
2.5537968e-11
3.9062307e-07
2.5658643e-11
3.906212e-07
2.5746152e-11
3.9061931e-07
2.5823619e-11
3.9061743e-07
2.5925104e-11
3.9061553e-07
2.6031058e-11
3.9061362e-07
2.6137108e-11
3.9061171e-07
2.6241752e-11
3.9060978e-07
2.6343205e-11
3.9060785e-07
2.6440774e-11
3.9060591e-07
2.6534699e-11
3.9060397e-07
2.6625494e-11
3.9060201e-07
2.6713759e-11
3.9060005e-07
2.6799819e-11
3.9059809e-07
2.6884233e-11
3.9059611e-07
2.6966963e-11
3.9059413e-07
2.7048341e-11
3.9059215e-07
2.712846e-11
3.9059015e-07
2.7207393e-11
3.9058815e-07
2.7285201e-11
3.9058615e-07
2.736194e-11
3.9058414e-07
2.7437646e-11
3.9058212e-07
2.7512316e-11
3.905801e-07
2.7586003e-11
3.9057807e-07
2.7658682e-11
3.9057604e-07
2.7730465e-11
3.90574e-07
2.7801242e-11
3.9057195e-07
2.7871014e-11
3.905699e-07
2.7939943e-11
3.9056785e-07
2.8007952e-11
3.9056579e-07
2.8074997e-11
3.9056372e-07
2.8141095e-11
3.9056165e-07
2.8206298e-11
3.9055957e-07
2.8270562e-11
3.9055749e-07
2.8333882e-11
3.9055541e-07
2.8396334e-11
3.9055332e-07
2.8457922e-11
3.9055122e-07
2.851862e-11
3.9054912e-07
2.8578385e-11
3.9054702e-07
2.8637255e-11
3.9054491e-07
2.8695189e-11
3.9054279e-07
2.8752258e-11
3.9054067e-07
2.8808509e-11
3.9053855e-07
2.8863761e-11
3.9053642e-07
2.8918141e-11
3.9053429e-07
2.8971621e-11
3.9053216e-07
2.9024319e-11
3.9053002e-07
2.9076136e-11
3.9052788e-07
2.9126953e-11
3.9052573e-07
2.9176996e-11
3.9052358e-07
2.9226164e-11
3.9052142e-07
2.9274315e-11
3.9051926e-07
2.932169e-11
3.905171e-07
2.9368237e-11
3.9051494e-07
2.9413783e-11
3.9051277e-07
2.9458515e-11
3.9051059e-07
2.9502465e-11
3.9050842e-07
2.9545471e-11
3.9050624e-07
2.9587515e-11
3.9050406e-07
2.9628784e-11
3.9050187e-07
2.9669178e-11
3.9049968e-07
2.9708653e-11
3.9049749e-07
2.9747319e-11
3.9049529e-07
2.9785167e-11
3.904931e-07
2.9822076e-11
3.904909e-07
2.9858047e-11
3.9048869e-07
2.9893168e-11
3.9048649e-07
2.9927558e-11
3.9048428e-07
2.9960887e-11
3.9048207e-07
2.9992773e-11
3.9047985e-07
3.0024002e-11
3.9047764e-07
3.0055231e-11
3.9047542e-07
3.0085682e-11
3.904732e-07
3.011486e-11
3.9047097e-07
3.0143068e-11
3.9046875e-07
3.0170353e-11
3.9046652e-07
3.0196911e-11
3.9046429e-07
3.0222949e-11
3.9046206e-07
3.0247959e-11
3.9045982e-07
3.02714e-11
3.9045759e-07
3.0293445e-11
3.9045535e-07
3.0315117e-11
3.9045311e-07
3.0336996e-11
3.9045087e-07
3.0357653e-11
3.9044863e-07
3.0376848e-11
3.9044639e-07
3.0395835e-11
3.9044414e-07
3.0414218e-11
3.9044189e-07
3.0430815e-11
3.9043965e-07
3.044592e-11
3.904374e-07
3.0460505e-11
3.9043515e-07
3.0474858e-11
3.904329e-07
3.0488283e-11
3.9043064e-07
3.0500778e-11
3.9042839e-07
3.051302e-11
3.9042613e-07
3.0524192e-11
3.9042388e-07
3.0533981e-11
3.9042162e-07
3.0543091e-11
3.9041937e-07
3.055145e-11
3.9041711e-07
3.0558595e-11
3.9041485e-07
3.056467e-11
3.9041259e-07
3.0569787e-11
3.9041033e-07
3.0574726e-11
3.9040807e-07
3.0580109e-11
3.9040581e-07
3.0585919e-11
3.9040355e-07
3.0593e-11
3.9040129e-07
3.0595133e-11
3.9039903e-07
3.0585021e-11
3.9039677e-07
3.0573321e-11
3.9039451e-07
3.0573441e-11
3.9039225e-07
3.057801e-11
3.9038999e-07
3.0579672e-11
3.9038773e-07
3.0570747e-11
3.9038547e-07
3.0571764e-11
3.9038321e-07
3.0525908e-11
3.9038095e-07
3.0564499e-11
3.9037867e-07
3.0828572e-11
3.903764e-07
3.0705458e-11
3.9037416e-07
3.0221365e-11
3.9037193e-07
3.0223483e-11
3.9036967e-07
3.0521333e-11
3.9036741e-07
3.0611152e-11
3.9036515e-07
3.0489812e-11
3.903629e-07
3.0388165e-11
3.9036065e-07
3.0370398e-11
3.9035837e-07
3.0888114e-11
3.9035613e-07
3.032386e-11
3.9035392e-07
3.0119134e-11
1.7973422e-11
4.1072159e-07
1.2484554e-11
4.1071914e-07
3.6886373e-11
4.1071669e-07
3.5618387e-11
4.1071446e-07
3.1501418e-11
4.107124e-07
2.8496592e-11
4.1071042e-07
2.7393152e-11
4.1070846e-07
2.7244777e-11
4.1070649e-07
2.7286148e-11
4.1070452e-07
2.7340899e-11
4.1070254e-07
2.741968e-11
4.1070056e-07
2.7523176e-11
4.1069856e-07
2.7653705e-11
4.1069656e-07
2.7749317e-11
4.1069455e-07
2.783403e-11
4.1069253e-07
2.7944182e-11
4.106905e-07
2.805934e-11
4.1068846e-07
2.8174692e-11
4.1068642e-07
2.8288525e-11
4.1068436e-07
2.8398886e-11
4.106823e-07
2.8505011e-11
4.1068022e-07
2.8607153e-11
4.1067814e-07
2.8705867e-11
4.1067605e-07
2.8801802e-11
4.1067396e-07
2.8895327e-11
4.1067186e-07
2.8987027e-11
4.1066975e-07
2.9076889e-11
4.1066763e-07
2.9165263e-11
4.1066551e-07
2.9252256e-11
4.1066337e-07
2.933795e-11
4.1066124e-07
2.9422412e-11
4.1065909e-07
2.9505705e-11
4.1065694e-07
2.9587868e-11
4.1065479e-07
2.96689e-11
4.1065262e-07
2.974886e-11
4.1065046e-07
2.982772e-11
4.1064828e-07
2.9905603e-11
4.106461e-07
2.998239e-11
4.1064391e-07
3.0058085e-11
4.1064172e-07
3.013286e-11
4.1063952e-07
3.0206634e-11
4.1063732e-07
3.027936e-11
4.1063511e-07
3.0351056e-11
4.1063289e-07
3.0421779e-11
4.1063067e-07
3.0491482e-11
4.1062844e-07
3.0560161e-11
4.1062621e-07
3.0627896e-11
4.1062397e-07
3.0694692e-11
4.1062173e-07
3.0760522e-11
4.1061949e-07
3.082534e-11
4.1061723e-07
3.0889186e-11
4.1061498e-07
3.0952018e-11
4.1061272e-07
3.101391e-11
4.1061045e-07
3.1074914e-11
4.1060818e-07
3.1134837e-11
4.106059e-07
3.1193815e-11
4.1060362e-07
3.1251816e-11
4.1060134e-07
3.1308969e-11
4.1059905e-07
3.1365167e-11
4.1059676e-07
3.1420283e-11
4.1059446e-07
3.1474559e-11
4.1059216e-07
3.1527887e-11
4.1058985e-07
3.1580115e-11
4.1058754e-07
3.1631502e-11
4.1058523e-07
3.168199e-11
4.1058291e-07
3.1731397e-11
4.1058059e-07
3.1779922e-11
4.1057826e-07
3.1827597e-11
4.1057593e-07
3.1874253e-11
4.105736e-07
3.191987e-11
4.1057127e-07
3.1964645e-11
4.1056893e-07
3.2008473e-11
4.1056658e-07
3.2051308e-11
4.1056424e-07
3.2093265e-11
4.1056189e-07
3.2134338e-11
4.1055954e-07
3.2174396e-11
4.1055718e-07
3.221344e-11
4.1055482e-07
3.2251563e-11
4.1055246e-07
3.2288894e-11
4.105501e-07
3.2325081e-11
4.1054773e-07
3.2359714e-11
4.1054536e-07
3.2393631e-11
4.1054299e-07
3.2427533e-11
4.1054061e-07
3.2460597e-11
4.1053824e-07
3.2492294e-11
4.1053586e-07
3.2522941e-11
4.1053347e-07
3.255259e-11
4.1053109e-07
3.258145e-11
4.105287e-07
3.2609743e-11
4.1052631e-07
3.2636931e-11
4.1052392e-07
3.2662432e-11
4.1052153e-07
3.2686428e-11
4.1051913e-07
3.2710007e-11
4.1051674e-07
3.2733796e-11
4.1051434e-07
3.2756275e-11
4.1051194e-07
3.2777184e-11
4.1050954e-07
3.2797852e-11
4.1050713e-07
3.2817868e-11
4.1050473e-07
3.2835971e-11
4.1050232e-07
3.2852464e-11
4.1049991e-07
3.2868386e-11
4.104975e-07
3.2884047e-11
4.1049509e-07
3.2898709e-11
4.1049268e-07
3.2912366e-11
4.1049027e-07
3.2925742e-11
4.1048786e-07
3.2937969e-11
4.1048544e-07
3.2948708e-11
4.1048303e-07
3.2958708e-11
4.1048061e-07
3.2967894e-11
4.1047819e-07
3.2975775e-11
4.1047577e-07
3.2982499e-11
4.1047336e-07
3.2988186e-11
4.1047094e-07
3.2993668e-11
4.1046852e-07
3.2999612e-11
4.104661e-07
3.3006004e-11
4.1046368e-07
3.3013751e-11
4.1046126e-07
3.3016243e-11
4.1045883e-07
3.3005671e-11
4.1045641e-07
3.2993314e-11
4.1045399e-07
3.2993488e-11
4.1045157e-07
3.2998436e-11
4.1044915e-07
3.3000342e-11
4.1044673e-07
3.2990932e-11
4.1044431e-07
3.2992129e-11
4.104419e-07
3.2943229e-11
4.1043948e-07
3.2983934e-11
4.1043704e-07
3.3266635e-11
4.1043461e-07
3.3137841e-11
4.1043221e-07
3.262006e-11
4.1042981e-07
3.2618358e-11
4.104274e-07
3.2935943e-11
4.1042497e-07
3.3034068e-11
4.1042256e-07
3.2905614e-11
4.1042015e-07
3.2796919e-11
4.1041774e-07
3.2777301e-11
4.1041529e-07
3.3338858e-11
4.104129e-07
3.2720009e-11
4.1041053e-07
3.2486939e-11
1.9573807e-11
4.3166134e-07
1.3573568e-11
4.3165876e-07
3.9471337e-11
4.3165616e-07
3.821954e-11
4.3165378e-07
3.3880983e-11
4.3165158e-07
3.0691908e-11
4.3164947e-07
2.9508237e-11
4.3164737e-07
2.9343589e-11
4.3164527e-07
2.9386723e-11
4.3164316e-07
2.9446174e-11
4.3164105e-07
2.9531561e-11
4.3163893e-07
2.9643592e-11
4.316368e-07
2.9784738e-11
4.3163466e-07
2.9889171e-11
4.3163251e-07
2.998179e-11
4.3163035e-07
3.0101327e-11
4.3162819e-07
3.0226455e-11
4.3162601e-07
3.0351891e-11
4.3162382e-07
3.0475687e-11
4.3162162e-07
3.0595704e-11
4.3161942e-07
3.0711105e-11
4.316172e-07
3.0822154e-11
4.3161498e-07
3.092945e-11
4.3161275e-07
3.1033695e-11
4.3161051e-07
3.1135304e-11
4.3160826e-07
3.1234894e-11
4.31606e-07
3.1332476e-11
4.3160374e-07
3.1428422e-11
4.3160147e-07
3.1522853e-11
4.3159919e-07
3.161586e-11
4.3159691e-07
3.1707519e-11
4.3159462e-07
3.1797898e-11
4.3159232e-07
3.1887043e-11
4.3159001e-07
3.1974954e-11
4.315877e-07
3.2061694e-11
4.3158538e-07
3.2147235e-11
4.3158305e-07
3.2231709e-11
4.3158072e-07
3.2314991e-11
4.3157838e-07
3.2397085e-11
4.3157603e-07
3.2478176e-11
4.3157368e-07
3.2558176e-11
4.3157133e-07
3.2637039e-11
4.3156896e-07
3.2714783e-11
4.3156659e-07
3.2791469e-11
4.3156422e-07
3.2867047e-11
4.3156183e-07
3.2941513e-11
4.3155945e-07
3.3014953e-11
4.3155706e-07
3.3087373e-11
4.3155466e-07
3.3158744e-11
4.3155225e-07
3.3229018e-11
4.3154984e-07
3.3298238e-11
4.3154743e-07
3.3366359e-11
4.3154501e-07
3.343346e-11
4.3154259e-07
3.3499596e-11
4.3154016e-07
3.3564563e-11
4.3153772e-07
3.3628504e-11
4.3153528e-07
3.3691388e-11
4.3153284e-07
3.3753351e-11
4.3153039e-07
3.3814278e-11
4.3152793e-07
3.3874037e-11
4.3152548e-07
3.3932883e-11
4.3152301e-07
3.3990703e-11
4.3152055e-07
3.4047335e-11
4.3151807e-07
3.4103054e-11
4.315156e-07
3.4157798e-11
4.3151312e-07
3.4211376e-11
4.3151063e-07
3.4263996e-11
4.3150815e-07
3.4315696e-11
4.3150565e-07
3.4366295e-11
4.3150316e-07
3.4415771e-11
4.3150066e-07
3.4464333e-11
4.3149816e-07
3.4511871e-11
4.3149565e-07
3.4558337e-11
4.3149314e-07
3.4603852e-11
4.3149062e-07
3.4648409e-11
4.3148811e-07
3.4691869e-11
4.3148559e-07
3.4734235e-11
4.3148306e-07
3.4775605e-11
4.3148053e-07
3.4816114e-11
4.31478e-07
3.4855392e-11
4.3147547e-07
3.4892999e-11
4.3147293e-07
3.4929822e-11
4.314704e-07
3.4966615e-11
4.3146785e-07
3.5002507e-11
4.3146531e-07
3.5036929e-11
4.3146276e-07
3.5070216e-11
4.3146021e-07
3.5102424e-11
4.3145766e-07
3.5133777e-11
4.314551e-07
3.5164512e-11
4.3145255e-07
3.5194058e-11
4.3144999e-07
3.5221794e-11
4.3144743e-07
3.5247906e-11
4.3144486e-07
3.5273554e-11
4.314423e-07
3.5299412e-11
4.3143973e-07
3.5323871e-11
4.3143716e-07
3.5346639e-11
4.3143459e-07
3.5369134e-11
4.3143202e-07
3.5390923e-11
4.3142944e-07
3.5410664e-11
4.3142687e-07
3.542867e-11
4.3142429e-07
3.5446047e-11
4.3142171e-07
3.5463132e-11
4.3141913e-07
3.5479143e-11
4.3141655e-07
3.549407e-11
4.3141396e-07
3.5508682e-11
4.3141138e-07
3.5522062e-11
4.3140879e-07
3.5533843e-11
4.3140621e-07
3.5544819e-11
4.3140362e-07
3.5554913e-11
4.3140103e-07
3.5563605e-11
4.3139844e-07
3.5571047e-11
4.3139586e-07
3.5577368e-11
4.3139327e-07
3.5583453e-11
4.3139068e-07
3.5590017e-11
4.3138808e-07
3.5597049e-11
4.3138549e-07
3.5605526e-11
4.313829e-07
3.5608428e-11
4.3138031e-07
3.5597402e-11
4.3137772e-07
3.5584375e-11
4.3137513e-07
3.558462e-11
4.3137253e-07
3.5589981e-11
4.3136994e-07
3.5592164e-11
4.3136735e-07
3.5582262e-11
4.3136476e-07
3.5583668e-11
4.3136217e-07
3.5531566e-11
4.3135958e-07
3.5574451e-11
4.3135697e-07
3.5876912e-11
4.3135437e-07
3.5742436e-11
4.313518e-07
3.5189011e-11
4.3134923e-07
3.518283e-11
4.3134665e-07
3.5521172e-11
4.3134405e-07
3.5628311e-11
4.3134147e-07
3.5492497e-11
4.3133889e-07
3.5376377e-11
4.3133631e-07
3.535478e-11
4.3133368e-07
3.5963635e-11
4.3133112e-07
3.5285156e-11
4.3132859e-07
3.5020316e-11
2.1309287e-11
4.5349642e-07
1.4753845e-11
4.5349369e-07
4.2204408e-11
4.5349093e-07
4.0978264e-11
4.534884e-07
3.6414578e-11
4.5348605e-07
3.3035014e-11
4.5348379e-07
3.1767023e-11
4.5348155e-07
3.1584795e-11
4.5347931e-07
3.1629711e-11
4.5347706e-07
3.169426e-11
4.5347481e-07
3.1786806e-11
4.5347254e-07
3.1908059e-11
4.5347027e-07
3.206065e-11
4.5346798e-07
3.2174688e-11
4.5346569e-07
3.2275936e-11
4.5346338e-07
3.240564e-11
4.5346107e-07
3.2541574e-11
4.5345874e-07
3.2677945e-11
4.534564e-07
3.2812544e-11
4.5345406e-07
3.2943034e-11
4.534517e-07
3.3068495e-11
4.5344933e-07
3.3189201e-11
4.5344696e-07
3.3305801e-11
4.5344457e-07
3.3419053e-11
4.5344218e-07
3.3529421e-11
4.5343977e-07
3.3637557e-11
4.5343736e-07
3.3743499e-11
4.5343494e-07
3.3847643e-11
4.5343252e-07
3.3950125e-11
4.5343008e-07
3.4051046e-11
4.5342764e-07
3.4150492e-11
4.5342519e-07
3.4248537e-11
4.5342273e-07
3.4345233e-11
4.5342026e-07
3.4440582e-11
4.5341779e-07
3.4534653e-11
4.5341531e-07
3.4627417e-11
4.5341282e-07
3.4719017e-11
4.5341033e-07
3.480932e-11
4.5340783e-07
3.4898331e-11
4.5340532e-07
3.4986246e-11
4.534028e-07
3.5072977e-11
4.5340028e-07
3.515847e-11
4.5339776e-07
3.5242749e-11
4.5339522e-07
3.5325877e-11
4.5339268e-07
3.5407802e-11
4.5339013e-07
3.5488521e-11
4.5338758e-07
3.5568124e-11
4.5338502e-07
3.5646618e-11
4.5338246e-07
3.5723975e-11
4.5337988e-07
3.5800143e-11
4.5337731e-07
3.5875167e-11
4.5337472e-07
3.5949e-11
4.5337214e-07
3.6021727e-11
4.5336954e-07
3.6093406e-11
4.5336694e-07
3.6163821e-11
4.5336434e-07
3.6233124e-11
4.5336173e-07
3.6301282e-11
4.5335911e-07
3.6368439e-11
4.5335649e-07
3.6434475e-11
4.5335387e-07
3.6499249e-11
4.5335124e-07
3.6563032e-11
4.533486e-07
3.6625704e-11
4.5334596e-07
3.6687092e-11
4.5334332e-07
3.674749e-11
4.5334067e-07
3.6806833e-11
4.5333802e-07
3.6864916e-11
4.5333536e-07
3.6921962e-11
4.533327e-07
3.697801e-11
4.5333003e-07
3.7032868e-11
4.5332736e-07
3.7086514e-11
4.5332468e-07
3.713917e-11
4.5332201e-07
3.7190718e-11
4.5331932e-07
3.7241107e-11
4.5331664e-07
3.7290467e-11
4.5331395e-07
3.733879e-11
4.5331125e-07
3.738593e-11
4.5330855e-07
3.7431888e-11
4.5330585e-07
3.7476767e-11
4.5330315e-07
3.7520715e-11
4.5330044e-07
3.7563336e-11
4.5329773e-07
3.760416e-11
4.5329501e-07
3.7644129e-11
4.532923e-07
3.7684049e-11
4.5328958e-07
3.7723e-11
4.5328685e-07
3.7760373e-11
4.5328413e-07
3.7796519e-11
4.532814e-07
3.7831499e-11
4.5327867e-07
3.7865552e-11
4.5327593e-07
3.7898932e-11
4.5327319e-07
3.7931034e-11
4.5327046e-07
3.7961194e-11
4.5326771e-07
3.7989603e-11
4.5326497e-07
3.8017495e-11
4.5326222e-07
3.8045598e-11
4.5325948e-07
3.8072204e-11
4.5325672e-07
3.8096994e-11
4.5325397e-07
3.8121472e-11
4.5325122e-07
3.8145187e-11
4.5324846e-07
3.8166711e-11
4.532457e-07
3.8186366e-11
4.5324295e-07
3.8205329e-11
4.5324018e-07
3.8223967e-11
4.5323742e-07
3.8241449e-11
4.5323466e-07
3.8257761e-11
4.5323189e-07
3.8273723e-11
4.5322913e-07
3.8288364e-11
4.5322636e-07
3.8301288e-11
4.5322359e-07
3.8313334e-11
4.5322082e-07
3.8324427e-11
4.5321805e-07
3.8334012e-11
4.5321528e-07
3.834225e-11
4.5321251e-07
3.8349274e-11
4.5320974e-07
3.8356028e-11
4.5320696e-07
3.8363278e-11
4.5320419e-07
3.8371016e-11
4.5320141e-07
3.8380293e-11
4.5319864e-07
3.8383662e-11
4.5319586e-07
3.8372192e-11
4.5319309e-07
3.8358486e-11
4.5319032e-07
3.835882e-11
4.5318754e-07
3.8364632e-11
4.5318477e-07
3.8367129e-11
4.5318199e-07
3.8356729e-11
4.5317922e-07
3.8358377e-11
4.5317644e-07
3.8302911e-11
4.5317367e-07
3.834804e-11
4.5317088e-07
3.8671455e-11
4.5316809e-07
3.8531331e-11
4.5316534e-07
3.7940208e-11
4.5316259e-07
3.7928815e-11
4.5315982e-07
3.8288973e-11
4.5315705e-07
3.8405887e-11
4.5315428e-07
3.8262474e-11
4.5315151e-07
3.8138542e-11
4.5314875e-07
3.8114839e-11
4.5314594e-07
3.8774723e-11
4.531432e-07
3.8031099e-11
4.5314049e-07
3.7730709e-11
2.3191467e-11
4.7626013e-07
1.6033198e-11
4.7625724e-07
4.5093131e-11
4.7625432e-07
4.3902785e-11
4.7625162e-07
3.9111207e-11
4.7624912e-07
3.553519e-11
4.7624671e-07
3.4178772e-11
4.7624431e-07
3.3977617e-11
4.7624192e-07
3.4024342e-11
4.7623952e-07
3.4094427e-11
4.7623711e-07
3.4194736e-11
4.7623469e-07
3.4325962e-11
4.7623226e-07
3.4490896e-11
4.7622982e-07
3.4615396e-11
4.7622737e-07
3.4726069e-11
4.7622491e-07
3.4866792e-11
4.7622244e-07
3.501444e-11
4.7621995e-07
3.5162674e-11
4.7621746e-07
3.5308993e-11
4.7621495e-07
3.5450844e-11
4.7621243e-07
3.5587217e-11
4.762099e-07
3.5718398e-11
4.7620736e-07
3.5845088e-11
4.7620481e-07
3.5968106e-11
4.7620225e-07
3.6087967e-11
4.7619969e-07
3.6205364e-11
4.7619711e-07
3.6320364e-11
4.7619452e-07
3.6433387e-11
4.7619193e-07
3.6544585e-11
4.7618933e-07
3.6654074e-11
4.7618672e-07
3.6761948e-11
4.761841e-07
3.6868289e-11
4.7618147e-07
3.6973155e-11
4.7617883e-07
3.7076551e-11
4.7617619e-07
3.7178552e-11
4.7617354e-07
3.7279129e-11
4.7617088e-07
3.7378434e-11
4.7616821e-07
3.7476328e-11
4.7616553e-07
3.7572818e-11
4.7616285e-07
3.7668112e-11
4.7616016e-07
3.7762117e-11
4.7615747e-07
3.7854779e-11
4.7615476e-07
3.794612e-11
4.7615205e-07
3.8036211e-11
4.7614934e-07
3.8124996e-11
4.7614661e-07
3.8212471e-11
4.7614388e-07
3.8298735e-11
4.7614114e-07
3.8383794e-11
4.761384e-07
3.8467618e-11
4.7613565e-07
3.8550154e-11
4.761329e-07
3.863145e-11
4.7613013e-07
3.8711455e-11
4.7612736e-07
3.879026e-11
4.7612459e-07
3.8867928e-11
4.7612181e-07
3.8944229e-11
4.7611902e-07
3.9019325e-11
4.7611623e-07
3.9093181e-11
4.7611343e-07
3.9165949e-11
4.7611063e-07
3.9237506e-11
4.7610782e-07
3.9307698e-11
4.7610501e-07
3.9376814e-11
4.7610219e-07
3.9444728e-11
4.7609937e-07
3.9511257e-11
4.7609654e-07
3.9576711e-11
4.760937e-07
3.9641023e-11
4.7609086e-07
3.9703974e-11
4.7608802e-07
3.9765803e-11
4.7608517e-07
3.982655e-11
4.7608232e-07
3.9886012e-11
4.7607946e-07
3.9944165e-11
4.760766e-07
4.0001246e-11
4.7607373e-07
4.0057128e-11
4.7607086e-07
4.0111759e-11
4.7606799e-07
4.0165277e-11
4.7606511e-07
4.0217673e-11
4.7606222e-07
4.0268791e-11
4.7605934e-07
4.0318634e-11
4.7605645e-07
4.0367311e-11
4.7605355e-07
4.0414978e-11
4.7605065e-07
4.0461216e-11
4.7604775e-07
4.0505524e-11
4.7604485e-07
4.0548898e-11
4.7604194e-07
4.0592202e-11
4.7603903e-07
4.0634465e-11
4.7603611e-07
4.0675033e-11
4.760332e-07
4.0714275e-11
4.7603028e-07
4.0752258e-11
4.7602735e-07
4.0789236e-11
4.7602443e-07
4.0825482e-11
4.760215e-07
4.0860356e-11
4.7601856e-07
4.0893145e-11
4.7601563e-07
4.0924048e-11
4.7601269e-07
4.0954377e-11
4.7600975e-07
4.0984915e-11
4.7600681e-07
4.1013852e-11
4.7600387e-07
4.1040839e-11
4.7600092e-07
4.1067472e-11
4.7599797e-07
4.1093281e-11
4.7599502e-07
4.1116746e-11
4.7599207e-07
4.11382e-11
4.7598912e-07
4.1158892e-11
4.7598616e-07
4.1179221e-11
4.7598321e-07
4.1198309e-11
4.7598025e-07
4.1216135e-11
4.7597729e-07
4.1233571e-11
4.7597433e-07
4.1249591e-11
4.7597136e-07
4.1263768e-11
4.759684e-07
4.127699e-11
4.7596544e-07
4.1289181e-11
4.7596247e-07
4.1299751e-11
4.759595e-07
4.1308869e-11
4.7595654e-07
4.1316675e-11
4.7595357e-07
4.1324172e-11
4.759506e-07
4.1332181e-11
4.7594763e-07
4.1340699e-11
4.7594466e-07
4.1350853e-11
4.7594169e-07
4.135475e-11
4.7593872e-07
4.1342853e-11
4.7593575e-07
4.132846e-11
4.7593278e-07
4.1328907e-11
4.7592981e-07
4.1335211e-11
4.7592684e-07
4.1338065e-11
4.7592386e-07
4.1327164e-11
4.7592089e-07
4.1329092e-11
4.7591793e-07
4.1270094e-11
4.7591496e-07
4.1317529e-11
4.7591197e-07
4.1663161e-11
4.7590898e-07
4.1517455e-11
4.7590603e-07
4.0886482e-11
4.7590309e-07
4.0869064e-11
4.7590013e-07
4.1252132e-11
4.7589716e-07
4.1379644e-11
4.7589419e-07
4.1228398e-11
4.7589123e-07
4.1096257e-11
4.7588828e-07
4.1070323e-11
4.7588527e-07
4.1785265e-11
4.7588233e-07
4.0970448e-11
4.7587943e-07
4.0630346e-11
2.523295e-11
4.9998661e-07
1.742008e-11
4.9998356e-07
4.8145369e-11
4.9998046e-07
4.7001643e-11
4.9997759e-07
4.1980299e-11
4.9997493e-07
3.8202221e-11
4.9997235e-07
3.6753283e-11
4.999698e-07
3.6531823e-11
4.9996724e-07
3.6580399e-11
4.9996468e-07
3.66565e-11
4.9996211e-07
3.6765237e-11
4.9995953e-07
3.6907256e-11
4.9995693e-07
3.7085509e-11
4.9995433e-07
3.7221405e-11
4.9995171e-07
3.7342373e-11
4.9994908e-07
3.7495048e-11
4.9994644e-07
3.7655401e-11
4.9994379e-07
3.7816507e-11
4.9994112e-07
3.7975544e-11
4.9993844e-07
3.8129723e-11
4.9993575e-07
3.8277937e-11
4.9993305e-07
3.8420486e-11
4.9993034e-07
3.8558122e-11
4.9992761e-07
3.8691731e-11
4.9992488e-07
3.8821887e-11
4.9992214e-07
3.8949324e-11
4.9991938e-07
3.9074139e-11
4.9991662e-07
3.9196782e-11
4.9991385e-07
3.9317423e-11
4.9991106e-07
3.9436191e-11
4.9990827e-07
3.955319e-11
4.9990547e-07
3.9668512e-11
4.9990266e-07
3.9782222e-11
4.9989985e-07
3.9894326e-11
4.9989702e-07
4.0004908e-11
4.9989418e-07
4.0113938e-11
4.9989134e-07
4.0221579e-11
4.9988849e-07
4.0327685e-11
4.9988563e-07
4.0432264e-11
4.9988276e-07
4.0535538e-11
4.9987989e-07
4.0637409e-11
4.99877e-07
4.0737822e-11
4.9987411e-07
4.08368e-11
4.9987122e-07
4.0934419e-11
4.9986831e-07
4.1030619e-11
4.998654e-07
4.1125399e-11
4.9986248e-07
4.1218863e-11
4.9985955e-07
4.1311017e-11
4.9985662e-07
4.1401833e-11
4.9985367e-07
4.1491251e-11
4.9985073e-07
4.1579326e-11
4.9984777e-07
4.1666002e-11
4.9984481e-07
4.1751376e-11
4.9984184e-07
4.1835516e-11
4.9983887e-07
4.1918179e-11
4.9983589e-07
4.1999536e-11
4.998329e-07
4.207955e-11
4.9982991e-07
4.2158383e-11
4.9982691e-07
4.2235904e-11
4.9982391e-07
4.2311953e-11
4.998209e-07
4.2386833e-11
4.9981788e-07
4.2460413e-11
4.9981486e-07
4.2532499e-11
4.9981183e-07
4.2603418e-11
4.998088e-07
4.2673099e-11
4.9980576e-07
4.2741314e-11
4.9980272e-07
4.2808313e-11
4.9979967e-07
4.287414e-11
4.9979662e-07
4.2938579e-11
4.9979356e-07
4.3001607e-11
4.997905e-07
4.3063471e-11
4.9978743e-07
4.3124041e-11
4.9978436e-07
4.318326e-11
4.9978129e-07
4.3241274e-11
4.9977821e-07
4.3298075e-11
4.9977512e-07
4.3353498e-11
4.9977203e-07
4.3407544e-11
4.9976894e-07
4.346033e-11
4.9976584e-07
4.3512021e-11
4.9976274e-07
4.3562175e-11
4.9975964e-07
4.3610255e-11
4.9975653e-07
4.3657317e-11
4.9975342e-07
4.3704284e-11
4.997503e-07
4.3750132e-11
4.9974718e-07
4.3794161e-11
4.9974406e-07
4.3836759e-11
4.9974093e-07
4.3877996e-11
4.9973781e-07
4.3918145e-11
4.9973467e-07
4.3957498e-11
4.9973154e-07
4.3995376e-11
4.997284e-07
4.403102e-11
4.9972526e-07
4.4064633e-11
4.9972212e-07
4.4097606e-11
4.9971897e-07
4.4130787e-11
4.9971582e-07
4.4162256e-11
4.9971267e-07
4.4191632e-11
4.9970952e-07
4.4220608e-11
4.9970636e-07
4.4248693e-11
4.9970321e-07
4.4274272e-11
4.9970005e-07
4.4297688e-11
4.9969688e-07
4.4320266e-11
4.9969372e-07
4.4342441e-11
4.9969056e-07
4.4363281e-11
4.9968739e-07
4.4382761e-11
4.9968422e-07
4.4401807e-11
4.9968105e-07
4.4419337e-11
4.9967788e-07
4.4434889e-11
4.9967471e-07
4.4449402e-11
4.9967153e-07
4.44628e-11
4.9966836e-07
4.4474458e-11
4.9966518e-07
4.4484551e-11
4.9966201e-07
4.4493225e-11
4.9965883e-07
4.4501546e-11
4.9965565e-07
4.4510396e-11
4.9965247e-07
4.4519774e-11
4.9964929e-07
4.4530891e-11
4.9964611e-07
4.4535388e-11
4.9964293e-07
4.4523084e-11
4.9963975e-07
4.4508002e-11
4.9963657e-07
4.4508587e-11
4.9963339e-07
4.4515432e-11
4.9963021e-07
4.451869e-11
4.9962703e-07
4.4507288e-11
4.9962385e-07
4.4509539e-11
4.9962067e-07
4.4446837e-11
4.996175e-07
4.4496639e-11
4.9961429e-07
4.4865817e-11
4.996111e-07
4.4714638e-11
4.9960794e-07
4.4041559e-11
4.9960479e-07
4.4017221e-11
4.9960162e-07
4.4424328e-11
4.9959844e-07
4.456332e-11
4.9959526e-07
4.4404019e-11
4.9959209e-07
4.4263262e-11
4.9958893e-07
4.4234975e-11
4.9958571e-07
4.500933e-11
4.9958256e-07
4.4116678e-11
4.9957946e-07
4.3732293e-11
2.744742e-11
5.2471086e-07
1.8923622e-11
5.2470764e-07
5.1369307e-11
5.2470435e-07
5.0283683e-11
5.247013e-07
4.5031712e-11
5.2469846e-07
4.1046408e-11
5.2469571e-07
3.950091e-11
5.2469298e-07
3.9257749e-11
5.2469026e-07
3.9308233e-11
5.2468752e-07
3.9390884e-11
5.2468478e-07
3.9508778e-11
5.2468202e-07
3.9662485e-11
5.2467925e-07
3.9855118e-11
5.2467647e-07
4.0003432e-11
5.2467368e-07
4.0135652e-11
5.2467087e-07
4.0301295e-11
5.2466805e-07
4.0475435e-11
5.2466522e-07
4.0650513e-11
5.2466237e-07
4.0823355e-11
5.2465951e-07
4.0990917e-11
5.2465663e-07
4.1151985e-11
5.2465375e-07
4.1306871e-11
5.2465085e-07
4.1456388e-11
5.2464794e-07
4.160149e-11
5.2464502e-07
4.1742813e-11
5.2464209e-07
4.1881137e-11
5.2463915e-07
4.2016594e-11
5.2463619e-07
4.2149664e-11
5.2463323e-07
4.2280538e-11
5.2463026e-07
4.2409358e-11
5.2462727e-07
4.2536242e-11
5.2462428e-07
4.2661291e-11
5.2462128e-07
4.2784577e-11
5.2461827e-07
4.290611e-11
5.2461524e-07
4.3025981e-11
5.2461221e-07
4.314416e-11
5.2460918e-07
4.3260822e-11
5.2460613e-07
4.3375814e-11
5.2460307e-07
4.3489145e-11
5.246e-07
4.3601053e-11
5.2459693e-07
4.3711433e-11
5.2459385e-07
4.382023e-11
5.2459076e-07
4.3927468e-11
5.2458766e-07
4.4033229e-11
5.2458455e-07
4.4137449e-11
5.2458144e-07
4.4240129e-11
5.2457831e-07
4.4341377e-11
5.2457518e-07
4.4441204e-11
5.2457205e-07
4.4539578e-11
5.245689e-07
4.4636439e-11
5.2456575e-07
4.4731842e-11
5.2456259e-07
4.4825731e-11
5.2455942e-07
4.4918208e-11
5.2455625e-07
4.5009345e-11
5.2455307e-07
4.5098885e-11
5.2454988e-07
4.518701e-11
5.2454669e-07
4.5273681e-11
5.2454349e-07
4.5359071e-11
5.2454028e-07
4.5443041e-11
5.2453707e-07
4.5525421e-11
5.2453385e-07
4.5606534e-11
5.2453062e-07
4.5686239e-11
5.2452739e-07
4.5764332e-11
5.2452415e-07
4.584116e-11
5.2452091e-07
4.5916649e-11
5.2451766e-07
4.5990555e-11
5.245144e-07
4.6063144e-11
5.2451114e-07
4.6134464e-11
5.2450788e-07
4.6204287e-11
5.2450461e-07
4.6272586e-11
5.2450133e-07
4.6339625e-11
5.2449805e-07
4.6405266e-11
5.2449476e-07
4.6469448e-11
5.2449147e-07
4.6532326e-11
5.2448818e-07
4.6593893e-11
5.2448487e-07
4.6653974e-11
5.2448157e-07
4.671257e-11
5.2447826e-07
4.6769803e-11
5.2447495e-07
4.682585e-11
5.2447163e-07
4.6880244e-11
5.2446831e-07
4.6932411e-11
5.2446498e-07
4.6983467e-11
5.2446165e-07
4.7034401e-11
5.2445832e-07
4.7084131e-11
5.2445498e-07
4.7131911e-11
5.2445164e-07
4.7178146e-11
5.2444829e-07
4.7222912e-11
5.2444494e-07
4.7266499e-11
5.2444159e-07
4.7309219e-11
5.2443824e-07
4.7350357e-11
5.2443488e-07
4.7389101e-11
5.2443152e-07
4.7425658e-11
5.2442815e-07
4.7461505e-11
5.2442479e-07
4.7497554e-11
5.2442142e-07
4.7531775e-11
5.2441805e-07
4.756375e-11
5.2441467e-07
4.7595272e-11
5.2441129e-07
4.7625833e-11
5.2440791e-07
4.7653716e-11
5.2440453e-07
4.7679273e-11
5.2440115e-07
4.7703909e-11
5.2439776e-07
4.7728097e-11
5.2439438e-07
4.7750852e-11
5.2439099e-07
4.7772139e-11
5.243876e-07
4.7792946e-11
5.243842e-07
4.7812129e-11
5.2438081e-07
4.7829189e-11
5.2437741e-07
4.7845121e-11
5.2437402e-07
4.7859847e-11
5.2437062e-07
4.7872705e-11
5.2436722e-07
4.7883877e-11
5.2436382e-07
4.7893516e-11
5.2436042e-07
4.7902755e-11
5.2435701e-07
4.7912535e-11
5.2435361e-07
4.7922863e-11
5.2435021e-07
4.7935038e-11
5.243468e-07
4.7940213e-11
5.243434e-07
4.7927531e-11
5.2433999e-07
4.791176e-11
5.2433659e-07
4.7912516e-11
5.2433319e-07
4.7919954e-11
5.2432978e-07
4.792367e-11
5.2432638e-07
4.7911771e-11
5.2432297e-07
4.7914394e-11
5.2431957e-07
4.7847809e-11
5.2431617e-07
4.7900037e-11
5.2431274e-07
4.8294163e-11
5.2430932e-07
4.8137664e-11
5.2430594e-07
4.7420123e-11
5.2430257e-07
4.7387877e-11
5.2429917e-07
4.7820184e-11
5.2429576e-07
4.7971602e-11
5.2429236e-07
4.7804037e-11
5.2428897e-07
4.7654251e-11
5.2428558e-07
4.7623499e-11
5.2428213e-07
4.8461967e-11
5.2427876e-07
4.7484184e-11
5.2427544e-07
4.7050501e-11
2.9849734e-11
5.504687e-07
2.0553678e-11
5.504653e-07
5.4773449e-11
5.5046182e-07
5.3758057e-11
5.5045858e-07
4.827574e-11
5.5045555e-07
4.4078584e-11
5.5045262e-07
4.2432585e-11
5.5044971e-07
4.216632e-11
5.504468e-07
4.2218797e-11
5.5044388e-07
4.2308586e-11
5.5044095e-07
4.243644e-11
5.5043801e-07
4.2602816e-11
5.5043506e-07
4.2810982e-11
5.5043209e-07
4.2972833e-11
5.504291e-07
4.3117352e-11
5.5042611e-07
4.3297077e-11
5.504231e-07
4.3486181e-11
5.5042007e-07
4.3676432e-11
5.5041703e-07
4.3864265e-11
5.5041398e-07
4.4046357e-11
5.5041091e-07
4.4221383e-11
5.5040782e-07
4.4389666e-11
5.5040473e-07
4.4552081e-11
5.5040162e-07
4.4709658e-11
5.503985e-07
4.4863099e-11
5.5039537e-07
4.5013234e-11
5.5039222e-07
4.5160235e-11
5.5038907e-07
4.5304612e-11
5.503859e-07
4.5446579e-11
5.5038273e-07
4.5586295e-11
5.5037954e-07
4.5723891e-11
5.5037634e-07
4.5859478e-11
5.5037313e-07
4.5993136e-11
5.5036991e-07
4.6124882e-11
5.5036668e-07
4.6254811e-11
5.5036344e-07
4.6382897e-11
5.503602e-07
4.6509325e-11
5.5035694e-07
4.6633936e-11
5.5035367e-07
4.6756741e-11
5.5035039e-07
4.6877992e-11
5.5034711e-07
4.6997582e-11
5.5034381e-07
4.711545e-11
5.5034051e-07
4.7231626e-11
5.5033719e-07
4.7346195e-11
5.5033387e-07
4.7459092e-11
5.5033054e-07
4.7570317e-11
5.503272e-07
4.7679987e-11
5.5032386e-07
4.7788113e-11
5.503205e-07
4.7894663e-11
5.5031714e-07
4.7999572e-11
5.5031377e-07
4.8102902e-11
5.5031039e-07
4.8204591e-11
5.50307e-07
4.8304749e-11
5.5030361e-07
4.8403453e-11
5.5030021e-07
4.8500431e-11
5.502968e-07
4.8595876e-11
5.5029338e-07
4.8689747e-11
5.5028996e-07
4.8782227e-11
5.5028653e-07
4.8873171e-11
5.5028309e-07
4.8962398e-11
5.5027965e-07
4.905025e-11
5.502762e-07
4.9136581e-11
5.5027274e-07
4.9221171e-11
5.5026928e-07
4.930439e-11
5.5026581e-07
4.9386159e-11
5.5026233e-07
4.9466222e-11
5.5025885e-07
4.9544858e-11
5.5025536e-07
4.962212e-11
5.5025187e-07
4.9697766e-11
5.5024837e-07
4.9771769e-11
5.5024487e-07
4.9844407e-11
5.5024136e-07
4.9915534e-11
5.5023784e-07
4.9985088e-11
5.5023432e-07
5.0053231e-11
5.5023079e-07
5.0119955e-11
5.5022726e-07
5.0185079e-11
5.5022373e-07
5.02486e-11
5.5022018e-07
5.0310649e-11
5.5021664e-07
5.0371413e-11
5.5021309e-07
5.0430399e-11
5.5020953e-07
5.0486995e-11
5.5020598e-07
5.054238e-11
5.5020241e-07
5.059761e-11
5.5019885e-07
5.0651547e-11
5.5019527e-07
5.0703391e-11
5.501917e-07
5.075357e-11
5.5018812e-07
5.0802163e-11
5.5018454e-07
5.0849479e-11
5.5018095e-07
5.0895853e-11
5.5017736e-07
5.0940528e-11
5.5017377e-07
5.0982639e-11
5.5017017e-07
5.1022395e-11
5.5016657e-07
5.1061365e-11
5.5016297e-07
5.110053e-11
5.5015936e-07
5.1137742e-11
5.5015575e-07
5.1172545e-11
5.5015214e-07
5.1206837e-11
5.5014853e-07
5.1240093e-11
5.5014491e-07
5.1270486e-11
5.5014129e-07
5.129838e-11
5.5013767e-07
5.1325264e-11
5.5013404e-07
5.1351648e-11
5.5013042e-07
5.1376494e-11
5.5012679e-07
5.1399758e-11
5.5012316e-07
5.1422491e-11
5.5011953e-07
5.1443483e-11
5.501159e-07
5.1462201e-11
5.5011226e-07
5.1479692e-11
5.5010863e-07
5.1495879e-11
5.5010499e-07
5.1510063e-11
5.5010135e-07
5.152243e-11
5.5009771e-07
5.1533141e-11
5.5009407e-07
5.1543399e-11
5.5009043e-07
5.1554211e-11
5.5008679e-07
5.1565587e-11
5.5008314e-07
5.1578925e-11
5.500795e-07
5.1584867e-11
5.5007585e-07
5.1571843e-11
5.5007221e-07
5.155539e-11
5.5006857e-07
5.1556354e-11
5.5006492e-07
5.1564444e-11
5.5006128e-07
5.1568679e-11
5.5005763e-07
5.155629e-11
5.5005399e-07
5.1559341e-11
5.5005035e-07
5.1488692e-11
5.500467e-07
5.15434e-11
5.5004303e-07
5.1963952e-11
5.5003937e-07
5.1802335e-11
5.5003575e-07
5.1037872e-11
5.5003214e-07
5.0996631e-11
5.5002851e-07
5.145533e-11
5.5002486e-07
5.1620191e-11
5.5002122e-07
5.1444165e-11
5.5001759e-07
5.1284934e-11
5.5001396e-07
5.1251615e-11
5.5001026e-07
5.2159275e-11
5.5000666e-07
5.1088332e-11
5.5000311e-07
5.0599869e-11
3.2456015e-11
5.772969e-07
2.2320867e-11
5.7729331e-07
5.8366604e-11
5.7728963e-07
5.7434213e-11
5.7728618e-07
5.1723114e-11
5.7728295e-07
4.7310125e-11
5.7727983e-07
4.5559829e-11
5.7727672e-07
4.5269076e-11
5.7727362e-07
4.5323662e-11
5.7727051e-07
4.5421241e-11
5.7726738e-07
4.5559942e-11
5.7726424e-07
4.5740059e-11
5.7726109e-07
4.5965015e-11
5.7725792e-07
4.6141623e-11
5.7725474e-07
4.6299595e-11
5.7725154e-07
4.6494617e-11
5.7724833e-07
4.6699973e-11
5.772451e-07
4.6906705e-11
5.7724185e-07
4.7110819e-11
5.7723859e-07
4.7308694e-11
5.7723531e-07
4.7498882e-11
5.7723202e-07
4.7681716e-11
5.7722871e-07
4.7858139e-11
5.7722539e-07
4.8029262e-11
5.7722206e-07
4.819586e-11
5.7721872e-07
4.8358814e-11
5.7721536e-07
4.851834e-11
5.7721199e-07
4.8674983e-11
5.772086e-07
4.8828981e-11
5.7720521e-07
4.8980512e-11
5.772018e-07
4.9129719e-11
5.7719839e-07
4.9276728e-11
5.7719496e-07
4.9421628e-11
5.7719152e-07
4.9564438e-11
5.7718807e-07
4.9705265e-11
5.7718461e-07
4.9844081e-11
5.7718114e-07
4.9981086e-11
5.7717765e-07
5.0116114e-11
5.7717416e-07
5.0249178e-11
5.7717066e-07
5.0380544e-11
5.7716715e-07
5.0510103e-11
5.7716362e-07
5.0637792e-11
5.7716009e-07
5.0763642e-11
5.7715655e-07
5.0887744e-11
5.77153e-07
5.1010031e-11
5.7714944e-07
5.1130504e-11
5.7714587e-07
5.1249287e-11
5.7714229e-07
5.1366393e-11
5.771387e-07
5.1481788e-11
5.7713511e-07
5.1595407e-11
5.771315e-07
5.1707311e-11
5.7712789e-07
5.181744e-11
5.7712427e-07
5.1925907e-11
5.7712064e-07
5.2032797e-11
5.77117e-07
5.2137822e-11
5.7711336e-07
5.2241186e-11
5.771097e-07
5.2342846e-11
5.7710604e-07
5.2442995e-11
5.7710238e-07
5.2541483e-11
5.770987e-07
5.2638119e-11
5.7709502e-07
5.2733262e-11
5.7709133e-07
5.2826759e-11
5.7708763e-07
5.2918379e-11
5.7708393e-07
5.3008512e-11
5.7708021e-07
5.3097076e-11
5.770765e-07
5.31838e-11
5.7707277e-07
5.326898e-11
5.7706904e-07
5.3352671e-11
5.7706531e-07
5.343462e-11
5.7706156e-07
5.3514796e-11
5.7705781e-07
5.3593493e-11
5.7705406e-07
5.367056e-11
5.770503e-07
5.3745927e-11
5.7704653e-07
5.381977e-11
5.7704276e-07
5.3892079e-11
5.7703898e-07
5.3962662e-11
5.770352e-07
5.4031518e-11
5.7703141e-07
5.4098783e-11
5.7702762e-07
5.4164656e-11
5.7702382e-07
5.4228618e-11
5.7702002e-07
5.4290014e-11
5.7701621e-07
5.4350091e-11
5.770124e-07
5.4409977e-11
5.7700858e-07
5.4468472e-11
5.7700476e-07
5.4524726e-11
5.7700093e-07
5.4579181e-11
5.769971e-07
5.4631927e-11
5.7699327e-07
5.4683289e-11
5.7698943e-07
5.4733627e-11
5.7698559e-07
5.4782142e-11
5.7698174e-07
5.4827911e-11
5.7697789e-07
5.4871147e-11
5.7697404e-07
5.4913512e-11
5.7697019e-07
5.4956061e-11
5.7696633e-07
5.4996526e-11
5.7696247e-07
5.5034407e-11
5.769586e-07
5.5071714e-11
5.7695473e-07
5.5107901e-11
5.7695086e-07
5.5141034e-11
5.7694699e-07
5.517148e-11
5.7694311e-07
5.5200817e-11
5.7693924e-07
5.52296e-11
5.7693536e-07
5.5256732e-11
5.7693147e-07
5.5282159e-11
5.7692759e-07
5.5306997e-11
5.769237e-07
5.5329973e-11
5.7691981e-07
5.5350511e-11
5.7691592e-07
5.5369716e-11
5.7691203e-07
5.5387513e-11
5.7690814e-07
5.540316e-11
5.7690425e-07
5.5416851e-11
5.7690035e-07
5.5428754e-11
5.7689645e-07
5.5440145e-11
5.7689256e-07
5.5452099e-11
5.7688866e-07
5.5464636e-11
5.7688476e-07
5.5479251e-11
5.7688085e-07
5.5486061e-11
5.7687695e-07
5.5472737e-11
5.7687305e-07
5.5455616e-11
5.7686915e-07
5.5456831e-11
5.7686525e-07
5.5465639e-11
5.7686135e-07
5.547046e-11
5.7685745e-07
5.5457595e-11
5.7685355e-07
5.5461138e-11
5.7684965e-07
5.5386239e-11
5.7684575e-07
5.5443481e-11
5.7684182e-07
5.589201e-11
5.768379e-07
5.5725536e-11
5.7683402e-07
5.4911586e-11
5.7683016e-07
5.4860159e-11
5.7682627e-07
5.5346469e-11
5.7682236e-07
5.552586e-11
5.7681847e-07
5.5341198e-11
5.7681458e-07
5.5172103e-11
5.768107e-07
5.513613e-11
5.7680674e-07
5.6118472e-11
5.7680288e-07
5.4945523e-11
5.7679908e-07
5.4396298e-11
3.5283764e-11
6.0523309e-07
2.423661e-11
6.052293e-07
6.2157881e-11
6.0522541e-07
6.1321891e-11
6.0522175e-07
5.5385007e-11
6.052183e-07
5.075296e-11
6.0521497e-07
4.8894777e-11
6.0521166e-07
4.8578187e-11
6.0520835e-07
4.8635042e-11
6.0520503e-07
4.8741138e-11
6.052017e-07
4.889166e-11
6.0519835e-07
4.9086697e-11
6.0519498e-07
4.9329809e-11
6.051916e-07
4.9522511e-11
6.0518821e-07
4.9695201e-11
6.051848e-07
4.9906852e-11
6.0518137e-07
5.0129864e-11
6.0517792e-07
5.0354505e-11
6.0517445e-07
5.057631e-11
6.0517097e-07
5.0791333e-11
6.0516747e-07
5.0997994e-11
6.0516396e-07
5.1196639e-11
6.0516043e-07
5.1388282e-11
6.0515688e-07
5.157412e-11
6.0515332e-07
5.1755005e-11
6.0514975e-07
5.1931879e-11
6.0514616e-07
5.2105001e-11
6.0514256e-07
5.2274956e-11
6.0513895e-07
5.2442007e-11
6.0513532e-07
5.2606353e-11
6.0513168e-07
5.2768155e-11
6.0512803e-07
5.2927549e-11
6.0512437e-07
5.3084635e-11
6.051207e-07
5.3239438e-11
6.0511701e-07
5.3392075e-11
6.0511331e-07
5.3542519e-11
6.051096e-07
5.3690984e-11
6.0510588e-07
5.3837297e-11
6.0510215e-07
5.3981473e-11
6.050984e-07
5.4123795e-11
6.0509465e-07
5.426415e-11
6.0509089e-07
5.4402473e-11
6.0508711e-07
5.4538798e-11
6.0508332e-07
5.4673222e-11
6.0507953e-07
5.4805675e-11
6.0507572e-07
5.493616e-11
6.0507191e-07
5.5064807e-11
6.0506808e-07
5.5191633e-11
6.0506425e-07
5.5316602e-11
6.050604e-07
5.5439646e-11
6.0505655e-07
5.5560832e-11
6.0505269e-07
5.5680094e-11
6.0504882e-07
5.5797554e-11
6.0504494e-07
5.5913302e-11
6.0504105e-07
5.6027035e-11
6.0503715e-07
5.6138968e-11
6.0503324e-07
5.6249057e-11
6.0502933e-07
5.6357507e-11
6.050254e-07
5.6464158e-11
6.0502147e-07
5.656881e-11
6.0501754e-07
5.6671843e-11
6.0501359e-07
5.6773096e-11
6.0500964e-07
5.6872325e-11
6.0500567e-07
5.6969941e-11
6.0500171e-07
5.7065859e-11
6.0499773e-07
5.7159793e-11
6.0499375e-07
5.7252056e-11
6.0498976e-07
5.7342706e-11
6.0498576e-07
5.7431477e-11
6.0498176e-07
5.7518336e-11
6.0497775e-07
5.7603594e-11
6.0497373e-07
5.768709e-11
6.0496971e-07
5.7768754e-11
6.0496568e-07
5.7848769e-11
6.0496164e-07
5.7927127e-11
6.049576e-07
5.8003623e-11
6.0495355e-07
5.8078259e-11
6.049495e-07
5.8151175e-11
6.0494544e-07
5.8222584e-11
6.0494138e-07
5.8291939e-11
6.0493731e-07
5.8358541e-11
6.0493324e-07
5.8423706e-11
6.0492916e-07
5.8488638e-11
6.0492508e-07
5.8552076e-11
6.0492099e-07
5.8613111e-11
6.049169e-07
5.8672208e-11
6.049128e-07
5.8729459e-11
6.049087e-07
5.8785213e-11
6.0490459e-07
5.8839854e-11
6.0490048e-07
5.8892538e-11
6.0489636e-07
5.8942284e-11
6.0489225e-07
5.8989305e-11
6.0488812e-07
5.9035362e-11
6.04884e-07
5.908159e-11
6.0487987e-07
5.9125592e-11
6.0487574e-07
5.9166826e-11
6.048716e-07
5.9207415e-11
6.0486746e-07
5.9246795e-11
6.0486332e-07
5.9282915e-11
6.0485918e-07
5.9316149e-11
6.0485503e-07
5.9348168e-11
6.0485088e-07
5.9379571e-11
6.0484673e-07
5.9409201e-11
6.0484257e-07
5.9436996e-11
6.0483841e-07
5.9464139e-11
6.0483426e-07
5.9489289e-11
6.0483009e-07
5.9511827e-11
6.0482593e-07
5.9532917e-11
6.0482177e-07
5.9552486e-11
6.048176e-07
5.9569749e-11
6.0481343e-07
5.9584907e-11
6.0480926e-07
5.9598135e-11
6.0480509e-07
5.9610785e-11
6.0480092e-07
5.9624007e-11
6.0479675e-07
5.9637826e-11
6.0479257e-07
5.9653847e-11
6.047884e-07
5.9661635e-11
6.0478422e-07
5.9648066e-11
6.0478005e-07
5.9630296e-11
6.0477587e-07
5.9631814e-11
6.047717e-07
5.9641413e-11
6.0476752e-07
5.9646897e-11
6.0476334e-07
5.9633576e-11
6.0475917e-07
5.9637681e-11
6.0475499e-07
5.9558344e-11
6.0475082e-07
5.9618169e-11
6.0474662e-07
6.0096308e-11
6.0474242e-07
5.9925299e-11
6.0473827e-07
5.9059194e-11
6.0473413e-07
5.8996278e-11
6.0472997e-07
5.9511442e-11
6.0472579e-07
5.9706524e-11
6.0472161e-07
5.9513071e-11
6.0471745e-07
5.9333696e-11
6.0471329e-07
5.9295006e-11
6.0470905e-07
6.0357962e-11
6.0470493e-07
5.907325e-11
6.0470087e-07
5.8456754e-11
3.8351973e-11
6.3431584e-07
2.6313176e-11
6.3431184e-07
6.6156663e-11
6.3430774e-07
6.543111e-11
6.3430385e-07
5.9273034e-11
6.3430018e-07
5.441958e-11
6.3429663e-07
5.2450187e-11
6.342931e-07
5.2106477e-11
6.3428957e-07
5.2165814e-11
6.3428603e-07
5.2281236e-11
6.3428247e-07
5.2444657e-11
6.342789e-07
5.2655906e-11
6.3427531e-07
5.2918666e-11
6.3427171e-07
5.3128923e-11
6.3426809e-07
5.3317721e-11
6.3426445e-07
5.3547459e-11
6.3426079e-07
5.3789661e-11
6.3425711e-07
5.403377e-11
6.3425341e-07
5.4274802e-11
6.3424969e-07
5.4508462e-11
6.3424596e-07
5.4733027e-11
6.342422e-07
5.4948858e-11
6.3423843e-07
5.5157043e-11
6.3423465e-07
5.5358871e-11
6.3423085e-07
5.5555279e-11
6.3422703e-07
5.5747273e-11
6.342232e-07
5.593516e-11
6.3421936e-07
5.6119567e-11
6.342155e-07
5.6300787e-11
6.3421163e-07
5.647904e-11
6.3420774e-07
5.6654505e-11
6.3420384e-07
5.6827334e-11
6.3419993e-07
5.6997637e-11
6.34196e-07
5.7165446e-11
6.3419206e-07
5.7330887e-11
6.3418811e-07
5.7493936e-11
6.3418415e-07
5.7654822e-11
6.3418017e-07
5.7813364e-11
6.3417618e-07
5.7969582e-11
6.3417218e-07
5.8123775e-11
6.3416817e-07
5.8275826e-11
6.3416415e-07
5.8425669e-11
6.3416012e-07
5.857334e-11
6.3415607e-07
5.8718943e-11
6.3415201e-07
5.8862407e-11
6.3414795e-07
5.9003733e-11
6.3414387e-07
5.9143063e-11
6.3413978e-07
5.9280413e-11
6.3413568e-07
5.9415748e-11
6.3413157e-07
5.9548997e-11
6.3412745e-07
5.9680231e-11
6.3412332e-07
5.9809382e-11
6.3411918e-07
5.9936578e-11
6.3411503e-07
6.0061915e-11
6.3411088e-07
6.0185075e-11
6.3410671e-07
6.0306285e-11
6.3410253e-07
6.0425498e-11
6.3409835e-07
6.0542932e-11
6.3409415e-07
6.0658421e-11
6.3408995e-07
6.0771751e-11
6.3408574e-07
6.0883325e-11
6.3408152e-07
6.0992973e-11
6.3407729e-07
6.110044e-11
6.3407305e-07
6.1206156e-11
6.3406881e-07
6.1310036e-11
6.3406456e-07
6.1411777e-11
6.340603e-07
6.1511709e-11
6.3405603e-07
6.1609894e-11
6.3405176e-07
6.1706053e-11
6.3404747e-07
6.180015e-11
6.3404318e-07
6.1892513e-11
6.3403889e-07
6.1982974e-11
6.3403459e-07
6.2071458e-11
6.3403028e-07
6.2158159e-11
6.3402596e-07
6.2243069e-11
6.3402164e-07
6.2325974e-11
6.3401731e-07
6.2406872e-11
6.3401298e-07
6.2485914e-11
6.3400863e-07
6.2563324e-11
6.3400429e-07
6.2638525e-11
6.3399994e-07
6.2710775e-11
6.3399558e-07
6.2781459e-11
6.3399121e-07
6.2851862e-11
6.3398685e-07
6.292066e-11
6.3398247e-07
6.2986885e-11
6.3397809e-07
6.3051018e-11
6.3397371e-07
6.3113161e-11
6.3396932e-07
6.3173684e-11
6.3396493e-07
6.3232997e-11
6.3396053e-07
6.3290211e-11
6.3395613e-07
6.3344281e-11
6.3395172e-07
6.3395421e-11
6.3394731e-07
6.3445494e-11
6.339429e-07
6.3495721e-11
6.3393848e-07
6.3543574e-11
6.3393406e-07
6.3588459e-11
6.3392963e-07
6.3632623e-11
6.339252e-07
6.3675481e-11
6.3392077e-07
6.3714861e-11
6.3391634e-07
6.3751141e-11
6.339119e-07
6.3786091e-11
6.3390746e-07
6.3820356e-11
6.3390302e-07
6.385272e-11
6.3389857e-07
6.3883107e-11
6.3389412e-07
6.3912773e-11
6.3388967e-07
6.3940307e-11
6.3388522e-07
6.3965043e-11
6.3388076e-07
6.3988207e-11
6.338763e-07
6.4009729e-11
6.3387184e-07
6.4028778e-11
6.3386738e-07
6.4045562e-11
6.3386292e-07
6.4060263e-11
6.3385846e-07
6.4074313e-11
6.3385399e-07
6.4088941e-11
6.3384953e-07
6.4104178e-11
6.3384506e-07
6.4121746e-11
6.3384059e-07
6.4130637e-11
6.3383612e-07
6.4116887e-11
6.3383165e-07
6.4098498e-11
6.3382718e-07
6.4100377e-11
6.3382272e-07
6.411085e-11
6.3381825e-07
6.4117084e-11
6.3381378e-07
6.4103333e-11
6.3380931e-07
6.4108081e-11
6.3380484e-07
6.4024115e-11
6.3380037e-07
6.4086569e-11
6.3379587e-07
6.4596031e-11
6.3379138e-07
6.4420878e-11
6.3378693e-07
6.3499845e-11
6.3378251e-07
6.3424018e-11
6.3377805e-07
6.3969299e-11
6.3377357e-07
6.4181313e-11
6.3376911e-07
6.3978942e-11
6.3376465e-07
6.3788877e-11
6.337602e-07
6.3747435e-11
6.3375566e-07
6.4897416e-11
6.3375124e-07
6.349016e-11
6.337469e-07
6.2799334e-11
4.1681248e-11
6.6458472e-07
2.8563715e-11
6.645805e-07
7.0372579e-11
6.6457616e-07
6.9772161e-11
6.6457204e-07
6.3399246e-11
6.6456813e-07
5.8323043e-11
6.6456434e-07
5.6239457e-11
6.6456058e-07
5.5867439e-11
6.6455682e-07
5.5929542e-11
6.6455305e-07
5.6055191e-11
6.6454926e-07
5.6232703e-11
6.6454545e-07
5.6461584e-11
6.6454162e-07
5.6745619e-11
6.6453778e-07
5.6975029e-11
6.6453391e-07
5.7181464e-11
6.6453003e-07
5.7430886e-11
6.6452613e-07
5.7693956e-11
6.645222e-07
5.7959232e-11
6.6451826e-07
5.8221168e-11
6.6451429e-07
5.8475088e-11
6.645103e-07
5.8719121e-11
6.645063e-07
5.8953637e-11
6.6450227e-07
5.9179806e-11
6.6449823e-07
5.9399017e-11
6.6449418e-07
5.9612298e-11
6.644901e-07
5.9820721e-11
6.6448601e-07
6.0024649e-11
6.6448191e-07
6.0224752e-11
6.6447779e-07
6.0421357e-11
6.6447365e-07
6.0614709e-11
6.644695e-07
6.0805005e-11
6.6446534e-07
6.0992412e-11
6.6446116e-07
6.1177056e-11
6.6445696e-07
6.1358973e-11
6.6445276e-07
6.1538302e-11
6.6444854e-07
6.1715021e-11
6.644443e-07
6.1889375e-11
6.6444005e-07
6.2061177e-11
6.6443579e-07
6.2230448e-11
6.6443152e-07
6.2397508e-11
6.6442723e-07
6.2562235e-11
6.6442293e-07
6.2724561e-11
6.6441862e-07
6.2884527e-11
6.644143e-07
6.3042244e-11
6.6440996e-07
6.3197636e-11
6.6440562e-07
6.3350708e-11
6.6440126e-07
6.3501609e-11
6.6439689e-07
6.3650359e-11
6.6439251e-07
6.3796922e-11
6.6438812e-07
6.3941224e-11
6.6438371e-07
6.408334e-11
6.643793e-07
6.42232e-11
6.6437487e-07
6.4360939e-11
6.6437044e-07
6.4496661e-11
6.6436599e-07
6.463003e-11
6.6436154e-07
6.4761285e-11
6.6435707e-07
6.4890379e-11
6.643526e-07
6.5017542e-11
6.6434812e-07
6.51426e-11
6.6434362e-07
6.5265328e-11
6.6433912e-07
6.5386151e-11
6.6433461e-07
6.5504891e-11
6.6433009e-07
6.5621278e-11
6.6432556e-07
6.5735768e-11
6.6432102e-07
6.584827e-11
6.6431647e-07
6.5958466e-11
6.6431192e-07
6.6066704e-11
6.6430735e-07
6.6173051e-11
6.6430278e-07
6.6277213e-11
6.642982e-07
6.6379151e-11
6.6429362e-07
6.6479211e-11
6.6428902e-07
6.6577218e-11
6.6428442e-07
6.6673092e-11
6.6427981e-07
6.6767039e-11
6.642752e-07
6.6859051e-11
6.6427057e-07
6.6948901e-11
6.6426594e-07
6.7036589e-11
6.6426131e-07
6.7122271e-11
6.6425666e-07
6.7206188e-11
6.6425202e-07
6.728773e-11
6.6424736e-07
6.7366107e-11
6.642427e-07
6.744278e-11
6.6423803e-07
6.7519118e-11
6.6423336e-07
6.7593732e-11
6.6422868e-07
6.7665589e-11
6.64224e-07
6.7735191e-11
6.6421931e-07
6.7802647e-11
6.6421461e-07
6.7868349e-11
6.6420991e-07
6.7932737e-11
6.6420521e-07
6.7994874e-11
6.642005e-07
6.8053647e-11
6.6419578e-07
6.810927e-11
6.6419107e-07
6.8163715e-11
6.6418634e-07
6.8218291e-11
6.6418162e-07
6.8270336e-11
6.6417689e-07
6.8319201e-11
6.6417215e-07
6.8367259e-11
6.6416741e-07
6.8413907e-11
6.6416267e-07
6.8456845e-11
6.6415792e-07
6.8496457e-11
6.6415318e-07
6.853461e-11
6.6414842e-07
6.8572005e-11
6.6414367e-07
6.860736e-11
6.6413891e-07
6.8640586e-11
6.6413415e-07
6.8673015e-11
6.6412939e-07
6.8703164e-11
6.6412462e-07
6.8730317e-11
6.6411986e-07
6.8755764e-11
6.6411509e-07
6.8779438e-11
6.6411032e-07
6.8800461e-11
6.6410554e-07
6.8819046e-11
6.6410077e-07
6.8835385e-11
6.6409599e-07
6.8850992e-11
6.6409121e-07
6.8867178e-11
6.6408643e-07
6.8883986e-11
6.6408165e-07
6.8903258e-11
6.6407687e-07
6.891339e-11
6.6407209e-07
6.8899536e-11
6.640673e-07
6.8880567e-11
6.6406252e-07
6.8882876e-11
6.6405774e-07
6.8894316e-11
6.6405295e-07
6.8901397e-11
6.6404817e-07
6.888725e-11
6.6404338e-07
6.8892733e-11
6.640386e-07
6.8803946e-11
6.6403382e-07
6.8869071e-11
6.6402901e-07
6.9411654e-11
6.6402419e-07
6.9232822e-11
6.6401944e-07
6.8253988e-11
6.640147e-07
6.8163702e-11
6.6400993e-07
6.874038e-11
6.6400514e-07
6.8970645e-11
6.6400036e-07
6.8759257e-11
6.6399559e-07
6.8558105e-11
6.6399082e-07
6.8513912e-11
6.6398596e-07
6.975785e-11
6.6398124e-07
6.8216121e-11
6.6397659e-07
6.7443333e-11
4.5293952e-11
6.960802e-07
3.1002293e-11
6.9607576e-07
7.4815464e-11
6.9607117e-07
7.4355586e-11
6.960668e-07
6.7776135e-11
6.9606264e-07
6.2476981e-11
6.960586e-07
6.0276634e-11
6.960546e-07
5.9875252e-11
6.9605059e-07
5.994049e-11
6.9604656e-07
6.0077375e-11
6.9604253e-07
6.0270296e-11
6.9603847e-07
6.0518371e-11
6.9603439e-07
6.0825455e-11
6.9603029e-07
6.1075771e-11
6.9602617e-07
6.130152e-11
6.9602203e-07
6.1572378e-11
6.9601786e-07
6.185815e-11
6.9601368e-07
6.2146452e-11
6.9600947e-07
6.2431119e-11
6.9600523e-07
6.2707072e-11
6.9600098e-07
6.2972276e-11
6.9599671e-07
6.3227115e-11
6.9599241e-07
6.3472844e-11
6.959881e-07
6.3710959e-11
6.9598377e-07
6.3942584e-11
6.9597942e-07
6.4168868e-11
6.9597506e-07
6.4390229e-11
6.9597067e-07
6.4607388e-11
6.9596628e-07
6.4820707e-11
6.9596186e-07
6.5030457e-11
6.9595743e-07
6.5236856e-11
6.9595298e-07
6.5440091e-11
6.9594852e-07
6.56403e-11
6.9594404e-07
6.5837529e-11
6.9593954e-07
6.6031927e-11
6.9593504e-07
6.6223477e-11
6.9593051e-07
6.6412439e-11
6.9592598e-07
6.6598622e-11
6.9592142e-07
6.678205e-11
6.9591686e-07
6.6963062e-11
6.9591228e-07
6.7141532e-11
6.9590769e-07
6.7317392e-11
6.9590308e-07
6.7490685e-11
6.9589846e-07
6.7661531e-11
6.9589383e-07
6.7829851e-11
6.9588918e-07
6.7995653e-11
6.9588453e-07
6.8159093e-11
6.9587986e-07
6.8320195e-11
6.9587517e-07
6.8478924e-11
6.9587048e-07
6.8635201e-11
6.9586577e-07
6.8789108e-11
6.9586106e-07
6.894057e-11
6.9585633e-07
6.9089731e-11
6.9585159e-07
6.9236701e-11
6.9584684e-07
6.9381129e-11
6.9584208e-07
6.9523267e-11
6.958373e-07
6.9663065e-11
6.9583252e-07
6.9800766e-11
6.9582773e-07
6.9936189e-11
6.9582292e-07
7.0069098e-11
6.9581811e-07
7.019994e-11
6.9581328e-07
7.0328528e-11
6.9580845e-07
7.045458e-11
6.9580361e-07
7.0578574e-11
6.9579876e-07
7.0700417e-11
6.957939e-07
7.0819774e-11
6.9578903e-07
7.0937012e-11
6.9578415e-07
7.1052202e-11
6.9577926e-07
7.1165035e-11
6.9577436e-07
7.127547e-11
6.9576946e-07
7.1383872e-11
6.9576454e-07
7.1490058e-11
6.9575962e-07
7.1593942e-11
6.9575469e-07
7.1695743e-11
6.9574976e-07
7.1795453e-11
6.9574481e-07
7.1892835e-11
6.9573986e-07
7.1987885e-11
6.957349e-07
7.208077e-11
6.9572994e-07
7.2171743e-11
6.9572497e-07
7.2260166e-11
6.9571999e-07
7.2345194e-11
6.95715e-07
7.2428368e-11
6.9571001e-07
7.2511145e-11
6.9570501e-07
7.259207e-11
6.9570001e-07
7.2670042e-11
6.95695e-07
7.2745585e-11
6.9568998e-07
7.2818813e-11
6.9568496e-07
7.2890143e-11
6.9567993e-07
7.2960046e-11
6.956749e-07
7.3027534e-11
6.9566986e-07
7.3091423e-11
6.9566482e-07
7.3151929e-11
6.9565977e-07
7.3211133e-11
6.9565472e-07
7.3270442e-11
6.9564966e-07
7.3327051e-11
6.956446e-07
7.3380254e-11
6.9563954e-07
7.3432557e-11
6.9563447e-07
7.3483336e-11
6.9562939e-07
7.3530161e-11
6.9562432e-07
7.3573415e-11
6.9561924e-07
7.3615072e-11
6.9561415e-07
7.365589e-11
6.9560906e-07
7.3694519e-11
6.9560397e-07
7.3730856e-11
6.9559888e-07
7.3766313e-11
6.9559378e-07
7.3799331e-11
6.9558869e-07
7.3829142e-11
6.9558358e-07
7.3857103e-11
6.9557848e-07
7.3883148e-11
6.9557338e-07
7.3906352e-11
6.9556827e-07
7.3926935e-11
6.9556316e-07
7.3945095e-11
6.9555805e-07
7.3962433e-11
6.9555293e-07
7.3980349e-11
6.9554782e-07
7.3998895e-11
6.955427e-07
7.4020044e-11
6.9553758e-07
7.4031573e-11
6.9553246e-07
7.4017707e-11
6.9552735e-07
7.3998208e-11
6.9552223e-07
7.4001026e-11
6.9551711e-07
7.4013537e-11
6.9551199e-07
7.4021574e-11
6.9550687e-07
7.4007076e-11
6.9550175e-07
7.4013396e-11
6.9549663e-07
7.3919596e-11
6.9549152e-07
7.398743e-11
6.9548636e-07
7.4565017e-11
6.9548121e-07
7.4383055e-11
6.9547612e-07
7.3343448e-11
6.9547105e-07
7.3237021e-11
6.9546594e-07
7.3846387e-11
6.9546082e-07
7.4096306e-11
6.954557e-07
7.3875837e-11
6.954506e-07
7.3663216e-11
6.9544549e-07
7.3616323e-11
6.9544029e-07
7.4961714e-11
6.9543523e-07
7.3272289e-11
6.9543027e-07
7.2409322e-11
4.9214348e-11
7.2884382e-07
3.3643921e-11
7.2883914e-07
7.9495306e-11
7.2883431e-07
7.9192173e-11
7.2882967e-07
7.2416623e-11
7.2882525e-07
6.6895596e-11
7.2882095e-07
6.4576423e-11
7.2881668e-07
6.4144794e-11
7.2881241e-07
6.421364e-11
7.2880812e-07
6.4362892e-11
7.2880382e-07
6.4572684e-11
7.2879949e-07
6.484167e-11
7.2879515e-07
6.5173746e-11
7.2879077e-07
6.5446882e-11
7.2878638e-07
6.5693793e-11
7.2878197e-07
6.5988006e-11
7.2877753e-07
6.6298487e-11
7.2877306e-07
6.6611843e-11
7.2876857e-07
6.6921238e-11
7.2876406e-07
6.7221158e-11
7.2875952e-07
6.7509392e-11
7.2875496e-07
6.7786341e-11
7.2875038e-07
6.8053351e-11
7.2874578e-07
6.8312033e-11
7.2874116e-07
6.8563611e-11
7.2873652e-07
6.8809318e-11
7.2873186e-07
6.9049633e-11
7.2872718e-07
6.9285332e-11
7.2872248e-07
6.9516815e-11
7.2871777e-07
6.9744382e-11
7.2871304e-07
6.9968275e-11
7.2870829e-07
7.01887e-11
7.2870352e-07
7.0405811e-11
7.2869874e-07
7.0619662e-11
7.2869394e-07
7.0830417e-11
7.2868913e-07
7.1038064e-11
7.286843e-07
7.1242879e-11
7.2867945e-07
7.1444666e-11
7.2867459e-07
7.1643452e-11
7.2866971e-07
7.1839598e-11
7.2866482e-07
7.2032973e-11
7.2865992e-07
7.2223511e-11
7.28655e-07
7.2411257e-11
7.2865006e-07
7.2596338e-11
7.2864511e-07
7.2778676e-11
7.2864015e-07
7.2958277e-11
7.2863517e-07
7.3135311e-11
7.2863018e-07
7.3309803e-11
7.2862518e-07
7.3481717e-11
7.2862017e-07
7.3650975e-11
7.2861514e-07
7.3817659e-11
7.286101e-07
7.3981695e-11
7.2860504e-07
7.4143234e-11
7.2859998e-07
7.4302395e-11
7.285949e-07
7.4458807e-11
7.2858981e-07
7.4612738e-11
7.2858471e-07
7.4764135e-11
7.285796e-07
7.4913255e-11
7.2857447e-07
7.505991e-11
7.2856934e-07
7.5203851e-11
7.2856419e-07
7.5345549e-11
7.2855904e-07
7.5484809e-11
7.2855387e-07
7.5621334e-11
7.2854869e-07
7.5755628e-11
7.2854351e-07
7.5887594e-11
7.2853831e-07
7.6016879e-11
7.285331e-07
7.6143871e-11
7.2852788e-07
7.6268645e-11
7.2852266e-07
7.6390877e-11
7.2851742e-07
7.6510524e-11
7.2851218e-07
7.662797e-11
7.2850693e-07
7.6743022e-11
7.2850167e-07
7.6855593e-11
7.2849639e-07
7.6965911e-11
7.2849112e-07
7.7073969e-11
7.2848583e-07
7.7179519e-11
7.2848054e-07
7.7282557e-11
7.2847523e-07
7.7383256e-11
7.2846992e-07
7.7481885e-11
7.284646e-07
7.7577774e-11
7.2845928e-07
7.7670025e-11
7.2845395e-07
7.7760257e-11
7.2844861e-07
7.7850024e-11
7.2844326e-07
7.7937801e-11
7.2843791e-07
7.8022415e-11
7.2843255e-07
7.8104412e-11
7.2842719e-07
7.8183913e-11
7.2842182e-07
7.8261361e-11
7.2841644e-07
7.8337257e-11
7.2841106e-07
7.8410564e-11
7.2840567e-07
7.8480024e-11
7.2840027e-07
7.8545847e-11
7.2839487e-07
7.8610234e-11
7.2838947e-07
7.8674696e-11
7.2838406e-07
7.8736276e-11
7.2837865e-07
7.8794211e-11
7.2837323e-07
7.885114e-11
7.2836781e-07
7.8906426e-11
7.2836238e-07
7.8957496e-11
7.2835695e-07
7.9004735e-11
7.2835151e-07
7.9050226e-11
7.2834607e-07
7.9094789e-11
7.2834063e-07
7.9137001e-11
7.2833518e-07
7.9176749e-11
7.2832973e-07
7.9215525e-11
7.2832428e-07
7.9251692e-11
7.2831883e-07
7.9284428e-11
7.2831337e-07
7.9315156e-11
7.2830791e-07
7.9343816e-11
7.2830245e-07
7.9369432e-11
7.2829698e-07
7.939223e-11
7.2829151e-07
7.9412413e-11
7.2828604e-07
7.9431677e-11
7.2828057e-07
7.9451514e-11
7.282751e-07
7.9471983e-11
7.2826962e-07
7.9495202e-11
7.2826415e-07
7.9508303e-11
7.2825867e-07
7.949453e-11
7.2825319e-07
7.9474566e-11
7.2824772e-07
7.9477985e-11
7.2824224e-07
7.9491683e-11
7.2823676e-07
7.9500799e-11
7.2823128e-07
7.9486005e-11
7.282258e-07
7.9493278e-11
7.2822033e-07
7.9394274e-11
7.2821485e-07
7.9464851e-11
7.2820933e-07
8.0079412e-11
7.2820382e-07
7.989496e-11
7.2819837e-07
7.8791509e-11
7.2819294e-07
7.8667123e-11
7.2818748e-07
7.9310471e-11
7.28182e-07
7.9581533e-11
7.2817652e-07
7.9351957e-11
7.2817105e-07
7.9127511e-11
7.2816559e-07
7.9078026e-11
7.2816002e-07
8.053298e-11
7.2815461e-07
7.8681176e-11
7.281493e-07
7.771922e-11
5.346877e-11
7.6291811e-07
3.650458e-11
7.6291319e-07
8.4422176e-11
7.6290809e-07
8.429293e-11
7.6290317e-07
7.7334058e-11
7.6289847e-07
7.1593658e-11
7.6289389e-07
6.9154191e-11
7.6288935e-07
6.8691653e-11
7.628848e-07
6.876471e-11
7.6288023e-07
6.8927598e-11
7.6287565e-07
6.915588e-11
7.6287104e-07
6.9447672e-11
7.6286641e-07
6.9806859e-11
7.6286175e-07
7.0104914e-11
7.6285707e-07
7.0375017e-11
7.6285236e-07
7.0694695e-11
7.6284763e-07
7.1032079e-11
7.6284287e-07
7.1372705e-11
7.6283808e-07
7.1709008e-11
7.6283327e-07
7.2035004e-11
7.6282843e-07
7.2348301e-11
7.6282356e-07
7.2649312e-11
7.6281868e-07
7.2939483e-11
7.6281377e-07
7.3220545e-11
7.6280884e-07
7.3493836e-11
7.6280389e-07
7.3760672e-11
7.6279892e-07
7.4021605e-11
7.6279392e-07
7.4277465e-11
7.6278891e-07
7.4528695e-11
7.6278388e-07
7.4775628e-11
7.6277883e-07
7.5018532e-11
7.6277376e-07
7.5257634e-11
7.6276867e-07
7.5493105e-11
7.6276357e-07
7.5725011e-11
7.6275845e-07
7.595353e-11
7.6275331e-07
7.6178653e-11
7.6274815e-07
7.6400677e-11
7.6274297e-07
7.6619401e-11
7.6273778e-07
7.6834856e-11
7.6273257e-07
7.7047425e-11
7.6272735e-07
7.7256973e-11
7.6272211e-07
7.7463434e-11
7.6271685e-07
7.7666859e-11
7.6271158e-07
7.7867382e-11
7.627063e-07
7.8064923e-11
7.62701e-07
7.8259491e-11
7.6269568e-07
7.8451266e-11
7.6269035e-07
7.8640277e-11
7.62685e-07
7.8826489e-11
7.6267965e-07
7.9009819e-11
7.6267427e-07
7.9190357e-11
7.6266889e-07
7.9368025e-11
7.6266349e-07
7.9542983e-11
7.6265807e-07
7.9715359e-11
7.6265265e-07
7.9884762e-11
7.6264721e-07
8.0051477e-11
7.6264176e-07
8.0215446e-11
7.6263629e-07
8.0376944e-11
7.6263082e-07
8.0535774e-11
7.6262533e-07
8.0691674e-11
7.6261983e-07
8.084514e-11
7.6261432e-07
8.0995969e-11
7.626088e-07
8.1143846e-11
7.6260326e-07
8.1289306e-11
7.6259772e-07
8.1432245e-11
7.6259216e-07
8.1572295e-11
7.625866e-07
8.1709862e-11
7.6258102e-07
8.1845027e-11
7.6257543e-07
8.1977451e-11
7.6256984e-07
8.2107087e-11
7.6256423e-07
8.223434e-11
7.6255862e-07
8.2359009e-11
7.6255299e-07
8.2481e-11
7.6254736e-07
8.2600557e-11
7.6254171e-07
8.2717672e-11
7.6253606e-07
8.2832084e-11
7.625304e-07
8.2943789e-11
7.6252473e-07
8.3052969e-11
7.6251905e-07
8.3159908e-11
7.6251336e-07
8.3263903e-11
7.6250767e-07
8.3363998e-11
7.6250197e-07
8.3461897e-11
7.6249626e-07
8.3559253e-11
7.6249054e-07
8.3654471e-11
7.6248482e-07
8.3746303e-11
7.6247909e-07
8.3835314e-11
7.6247335e-07
8.3921635e-11
7.6246761e-07
8.4005734e-11
7.6246185e-07
8.4088148e-11
7.624561e-07
8.4167785e-11
7.6245033e-07
8.4243309e-11
7.6244457e-07
8.4314928e-11
7.6243879e-07
8.4384962e-11
7.6243301e-07
8.4455033e-11
7.6242722e-07
8.4522032e-11
7.6242143e-07
8.4585127e-11
7.6241564e-07
8.4647104e-11
7.6240984e-07
8.4707306e-11
7.6240403e-07
8.4763014e-11
7.6239822e-07
8.4814614e-11
7.6239241e-07
8.4864302e-11
7.6238659e-07
8.4912962e-11
7.6238077e-07
8.4959101e-11
7.6237494e-07
8.5002588e-11
7.6236911e-07
8.5045002e-11
7.6236328e-07
8.5084627e-11
7.6235744e-07
8.5120581e-11
7.623516e-07
8.5154358e-11
7.6234576e-07
8.5185902e-11
7.6233992e-07
8.5214186e-11
7.6233407e-07
8.5239438e-11
7.6232822e-07
8.5261873e-11
7.6232237e-07
8.5283279e-11
7.6231651e-07
8.5305246e-11
7.6231066e-07
8.5327848e-11
7.623048e-07
8.5353348e-11
7.6229894e-07
8.5368214e-11
7.6229308e-07
8.5354661e-11
7.6228722e-07
8.5334309e-11
7.6228136e-07
8.5338435e-11
7.622755e-07
8.5353452e-11
7.6226964e-07
8.5363784e-11
7.6226377e-07
8.5348761e-11
7.6225791e-07
8.5357118e-11
7.6225205e-07
8.5252722e-11
7.6224619e-07
8.5326073e-11
7.6224029e-07
8.5979669e-11
7.6223439e-07
8.5793462e-11
7.6222856e-07
8.4623007e-11
7.6222275e-07
8.4478694e-11
7.622169e-07
8.5157321e-11
7.6221103e-07
8.54511e-11
7.6220517e-07
8.5212437e-11
7.6219932e-07
8.4975841e-11
7.6219348e-07
8.4923946e-11
7.6218751e-07
8.6497236e-11
7.6218173e-07
8.4466717e-11
7.6217605e-07
8.3396379e-11
5.8085794e-11
7.9834666e-07
3.9601226e-11
7.9834148e-07
8.9606134e-11
7.983361e-07
8.9669077e-11
7.9833089e-07
8.2542208e-11
7.983259e-07
7.6586501e-11
7.9832103e-07
7.4025967e-11
7.9831619e-07
7.3532134e-11
7.9831134e-07
7.3610158e-11
7.9830648e-07
7.3788108e-11
7.983016e-07
7.4036681e-11
7.9829669e-07
7.4353365e-11
7.9829176e-07
7.4741985e-11
7.982868e-07
7.5067259e-11
7.9828181e-07
7.5362787e-11
7.9827679e-07
7.5710242e-11
7.9827175e-07
7.6076934e-11
7.9826667e-07
7.6447252e-11
7.9826157e-07
7.6812841e-11
7.9825644e-07
7.7167218e-11
7.9825128e-07
7.7507793e-11
7.9824609e-07
7.7835e-11
7.9824088e-07
7.8150385e-11
7.9823565e-07
7.8455812e-11
7.9823039e-07
7.8752735e-11
7.9822511e-07
7.9042568e-11
7.982198e-07
7.9325934e-11
7.9821447e-07
7.9603727e-11
7.9820913e-07
7.9876435e-11
7.9820376e-07
8.0144427e-11
7.9819837e-07
8.0407999e-11
7.9819296e-07
8.0667402e-11
7.9818753e-07
8.0922827e-11
7.9818208e-07
8.117435e-11
7.9817661e-07
8.1422166e-11
7.9817112e-07
8.1666272e-11
7.9816562e-07
8.1906986e-11
7.9816009e-07
8.2144101e-11
7.9815455e-07
8.2377654e-11
7.9814899e-07
8.260805e-11
7.9814341e-07
8.2835154e-11
7.9813782e-07
8.3058897e-11
7.981322e-07
8.3279336e-11
7.9812657e-07
8.3496615e-11
7.9812093e-07
8.3710651e-11
7.9811527e-07
8.3921458e-11
7.9810959e-07
8.4129225e-11
7.9810389e-07
8.4333986e-11
7.9809819e-07
8.4535705e-11
7.9809246e-07
8.4734298e-11
7.9808672e-07
8.4929862e-11
7.9808097e-07
8.5122314e-11
7.980752e-07
8.5311825e-11
7.9806941e-07
8.549853e-11
7.9806362e-07
8.5682023e-11
7.9805781e-07
8.5862599e-11
7.9805198e-07
8.6040203e-11
7.9804614e-07
8.6215122e-11
7.9804029e-07
8.6387153e-11
7.9803443e-07
8.6556021e-11
7.9802855e-07
8.6722247e-11
7.9802266e-07
8.688562e-11
7.9801676e-07
8.704581e-11
7.9801084e-07
8.7203376e-11
7.9800492e-07
8.7358216e-11
7.9799898e-07
8.750994e-11
7.9799303e-07
8.7658976e-11
7.9798707e-07
8.7805411e-11
7.979811e-07
8.7948889e-11
7.9797512e-07
8.8089361e-11
7.9796913e-07
8.8227253e-11
7.9796312e-07
8.8362354e-11
7.9795711e-07
8.8494567e-11
7.9795108e-07
8.8624148e-11
7.9794505e-07
8.8751091e-11
7.9793901e-07
8.8875121e-11
7.9793296e-07
8.8996235e-11
7.9792689e-07
8.9114622e-11
7.9792082e-07
8.9230583e-11
7.9791474e-07
8.934338e-11
7.9790866e-07
8.9451999e-11
7.9790256e-07
8.9558229e-11
7.9789646e-07
8.9663828e-11
7.9789034e-07
8.976713e-11
7.9788422e-07
8.9866806e-11
7.9787809e-07
8.9963444e-11
7.9787196e-07
9.0057182e-11
7.9786582e-07
9.0148516e-11
7.9785967e-07
9.0238018e-11
7.9785351e-07
9.0324544e-11
7.9784735e-07
9.0406673e-11
7.9784118e-07
9.0484608e-11
7.97835e-07
9.0560797e-11
7.9782882e-07
9.0636979e-11
7.9782263e-07
9.0709884e-11
7.9781644e-07
9.0778612e-11
7.9781024e-07
9.0846095e-11
7.9780403e-07
9.0911661e-11
7.9779782e-07
9.097244e-11
7.9779161e-07
9.1028813e-11
7.9778539e-07
9.1083097e-11
7.9777917e-07
9.1136243e-11
7.9777294e-07
9.1186684e-11
7.9776671e-07
9.1234272e-11
7.9776047e-07
9.1280677e-11
7.9775423e-07
9.13241e-11
7.9774799e-07
9.1363597e-11
7.9774174e-07
9.1400733e-11
7.9773549e-07
9.1435459e-11
7.9772924e-07
9.1466692e-11
7.9772299e-07
9.1494667e-11
7.9771673e-07
9.1519604e-11
7.9771047e-07
9.1543393e-11
7.9770421e-07
9.1567726e-11
7.9769794e-07
9.1592691e-11
7.9769167e-07
9.1620708e-11
7.976854e-07
9.1637556e-11
7.9767913e-07
9.1624368e-11
7.9767287e-07
9.1603724e-11
7.976666e-07
9.1608679e-11
7.9766032e-07
9.1625161e-11
7.9765405e-07
9.1636865e-11
7.9764778e-07
9.1621694e-11
7.976415e-07
9.1631282e-11
7.9763523e-07
9.1521311e-11
7.9762896e-07
9.159746e-11
7.9762265e-07
9.2292244e-11
7.9761634e-07
9.2105126e-11
7.976101e-07
9.0864416e-11
7.9760388e-07
9.0698059e-11
7.9759762e-07
9.1413252e-11
7.9759134e-07
9.1731413e-11
7.9758507e-07
9.148373e-11
7.9757881e-07
9.1234702e-11
7.9757256e-07
9.1180669e-11
7.9756617e-07
9.288179e-11
7.9755998e-07
9.0654347e-11
7.9755391e-07
8.9465667e-11
6.3096442e-11
8.3517415e-07
4.2951794e-11
8.351687e-07
9.5057123e-11
8.3516304e-07
9.5332025e-11
8.3515753e-07
8.8055247e-11
8.3515222e-07
8.189001e-11
8.3514704e-07
7.920844e-11
8.3514189e-07
7.8683262e-11
8.3513673e-07
7.8767193e-11
8.3513156e-07
7.8961814e-11
8.3512636e-07
7.9232677e-11
8.3512114e-07
7.9576557e-11
8.3511589e-07
7.9997149e-11
8.351106e-07
8.035216e-11
8.3510529e-07
8.067557e-11
8.3509994e-07
8.1053345e-11
8.3509457e-07
8.1451976e-11
8.3508916e-07
8.1854634e-11
8.3508372e-07
8.2252107e-11
8.3507825e-07
8.263738e-11
8.3507275e-07
8.3007656e-11
8.3506722e-07
8.3363386e-11
8.3506167e-07
8.3706231e-11
8.3505609e-07
8.403819e-11
8.3505048e-07
8.4360848e-11
8.3504485e-07
8.4675717e-11
8.3503919e-07
8.4983502e-11
8.3503351e-07
8.5285164e-11
8.350278e-07
8.5581242e-11
8.3502207e-07
8.5872141e-11
8.3501632e-07
8.6158192e-11
8.3501055e-07
8.6439671e-11
8.3500476e-07
8.6716788e-11
8.3499894e-07
8.6989634e-11
8.3499311e-07
8.7258423e-11
8.3498725e-07
8.7523157e-11
8.3498137e-07
8.7784176e-11
8.3497547e-07
8.8041269e-11
8.3496956e-07
8.8294478e-11
8.3496362e-07
8.8544235e-11
8.3495767e-07
8.8790401e-11
8.3495169e-07
8.9032908e-11
8.349457e-07
8.9271818e-11
8.3493969e-07
8.9507285e-11
8.3493366e-07
8.9739227e-11
8.3492761e-07
8.9967657e-11
8.3492155e-07
9.0192779e-11
8.3491547e-07
9.041463e-11
8.3490937e-07
9.0633176e-11
8.3490326e-07
9.0848331e-11
8.3489713e-07
9.1060196e-11
8.3489098e-07
9.1268688e-11
8.3488482e-07
9.1473987e-11
8.3487864e-07
9.1676236e-11
8.3487245e-07
9.1875012e-11
8.3486624e-07
9.2070625e-11
8.3486002e-07
9.2263018e-11
8.3485378e-07
9.2452495e-11
8.3484753e-07
9.2638845e-11
8.3484126e-07
9.282178e-11
8.3483498e-07
9.3001847e-11
8.3482869e-07
9.3178826e-11
8.3482238e-07
9.3352372e-11
8.3481606e-07
9.3523073e-11
8.3480973e-07
9.3690821e-11
8.3480339e-07
9.385521e-11
8.3479703e-07
9.4016688e-11
8.3479066e-07
9.417535e-11
8.3478428e-07
9.4330822e-11
8.3477788e-07
9.4483053e-11
8.3477148e-07
9.4632489e-11
8.3476506e-07
9.4778912e-11
8.3475863e-07
9.492222e-11
8.347522e-07
9.5062682e-11
8.3474575e-07
9.5200293e-11
8.3473929e-07
9.5334765e-11
8.3473282e-07
9.5466095e-11
8.3472634e-07
9.5594481e-11
8.3471985e-07
9.572024e-11
8.3471335e-07
9.58426e-11
8.3470684e-07
9.5960483e-11
8.3470032e-07
9.6075767e-11
8.346938e-07
9.6190323e-11
8.3468726e-07
9.6302409e-11
8.3468072e-07
9.6410615e-11
8.3467416e-07
9.6515548e-11
8.346676e-07
9.6617354e-11
8.3466104e-07
9.671656e-11
8.3465446e-07
9.6813775e-11
8.3464788e-07
9.69078e-11
8.3464129e-07
9.6997125e-11
8.3463469e-07
9.7081948e-11
8.3462809e-07
9.7164847e-11
8.3462147e-07
9.7247687e-11
8.3461486e-07
9.7327033e-11
8.3460823e-07
9.740191e-11
8.346016e-07
9.7475403e-11
8.3459497e-07
9.7546825e-11
8.3458833e-07
9.7613149e-11
8.3458168e-07
9.7674749e-11
8.3457503e-07
9.7734066e-11
8.3456838e-07
9.7792124e-11
8.3456172e-07
9.7847282e-11
8.3455505e-07
9.7899369e-11
8.3454838e-07
9.7950153e-11
8.3454171e-07
9.7997748e-11
8.3453503e-07
9.8041145e-11
8.3452835e-07
9.8081983e-11
8.3452166e-07
9.812022e-11
8.3451498e-07
9.8154715e-11
8.3450828e-07
9.818571e-11
8.3450159e-07
9.821343e-11
8.3449489e-07
9.8239869e-11
8.344882e-07
9.826683e-11
8.3448149e-07
9.8294413e-11
8.3447479e-07
9.8325209e-11
8.3446808e-07
9.834428e-11
8.3446137e-07
9.8331624e-11
8.3445467e-07
9.8310804e-11
8.3444796e-07
9.8316728e-11
8.3444125e-07
9.8334842e-11
8.3443454e-07
9.8348091e-11
8.3442783e-07
9.8332869e-11
8.3442112e-07
9.8343855e-11
8.3441441e-07
9.8228132e-11
8.344077e-07
9.8307101e-11
8.3440095e-07
9.9045318e-11
8.3439419e-07
9.8858244e-11
8.3438751e-07
9.7543951e-11
8.3438086e-07
9.7353274e-11
8.3437416e-07
9.8106308e-11
8.3436745e-07
9.8450603e-11
8.3436074e-07
9.8194022e-11
8.3435404e-07
9.793233e-11
8.3434734e-07
9.7876543e-11
8.3434051e-07
9.9715774e-11
8.3433389e-07
9.7271067e-11
8.343274e-07
9.5953566e-11
6.8534395e-11
8.7344635e-07
4.6575177e-11
8.7344062e-07
1.0078482e-10
8.7343466e-07
1.0129337e-10
8.7342883e-07
9.3887747e-11
8.734232e-07
8.7520607e-11
8.7341769e-07
8.4718947e-11
8.7341221e-07
8.4162777e-11
8.7340672e-07
8.4253778e-11
8.7340122e-07
8.4466881e-11
8.7339569e-07
8.4762258e-11
8.7339013e-07
8.513588e-11
8.7338453e-07
8.5591227e-11
8.7337891e-07
8.5978736e-11
8.7337325e-07
8.6332732e-11
8.7336756e-07
8.6743618e-11
8.7336183e-07
8.7177073e-11
8.7335607e-07
8.7614965e-11
8.7335028e-07
8.804716e-11
8.7334445e-07
8.8466073e-11
8.7333859e-07
8.8868694e-11
8.733327e-07
8.9255493e-11
8.7332677e-07
8.9628251e-11
8.7332082e-07
8.9989114e-11
8.7331485e-07
9.0339802e-11
8.7330884e-07
9.0681939e-11
8.7330281e-07
9.1016315e-11
8.7329675e-07
9.1343963e-11
8.7329066e-07
9.1665478e-11
8.7328455e-07
9.1981307e-11
8.7327842e-07
9.2291815e-11
8.7327226e-07
9.2597308e-11
8.7326608e-07
9.2898018e-11
8.7325988e-07
9.3194051e-11
8.7325365e-07
9.3485641e-11
8.732474e-07
9.3772798e-11
8.7324113e-07
9.4055885e-11
8.7323483e-07
9.4334689e-11
8.7322852e-07
9.4609257e-11
8.7322218e-07
9.4880047e-11
8.7321583e-07
9.5146919e-11
8.7320945e-07
9.5409806e-11
8.7320305e-07
9.5668776e-11
8.7319664e-07
9.5923995e-11
8.731902e-07
9.6175377e-11
8.7318375e-07
9.6422942e-11
8.7317727e-07
9.6666905e-11
8.7317078e-07
9.6907308e-11
8.7316427e-07
9.7144119e-11
8.7315774e-07
9.7377249e-11
8.7315119e-07
9.7606807e-11
8.7314463e-07
9.7832707e-11
8.7313805e-07
9.8055138e-11
8.7313145e-07
9.8274256e-11
8.7312483e-07
9.8489616e-11
8.731182e-07
9.8701547e-11
8.7311156e-07
9.8909988e-11
8.7310489e-07
9.9115261e-11
8.7309822e-07
9.9317148e-11
8.7309152e-07
9.9515346e-11
8.7308481e-07
9.9710431e-11
8.7307809e-07
9.9902174e-11
8.7307135e-07
1.0009021e-10
8.730646e-07
1.0027517e-10
8.7305783e-07
1.0045692e-10
8.7305105e-07
1.0063506e-10
8.7304426e-07
1.0081004e-10
8.7303745e-07
1.0098197e-10
8.7303063e-07
1.0115046e-10
8.730238e-07
1.0131545e-10
8.7301696e-07
1.0147742e-10
8.730101e-07
1.0163613e-10
8.7300323e-07
1.0179149e-10
8.7299635e-07
1.0194376e-10
8.7298946e-07
1.0209296e-10
8.7298255e-07
1.0223877e-10
8.7297564e-07
1.023812e-10
8.7296871e-07
1.0252044e-10
8.7296178e-07
1.0265685e-10
8.7295483e-07
1.027896e-10
8.7294787e-07
1.0291756e-10
8.729409e-07
1.0304269e-10
8.7293393e-07
1.0316698e-10
8.7292694e-07
1.0328861e-10
8.7291995e-07
1.0340609e-10
8.7291294e-07
1.0352005e-10
8.7290593e-07
1.0363064e-10
8.7289891e-07
1.0373841e-10
8.7289188e-07
1.0384402e-10
8.7288484e-07
1.0394621e-10
8.7287779e-07
1.0404338e-10
8.7287074e-07
1.0413571e-10
8.7286368e-07
1.0422593e-10
8.7285661e-07
1.0431603e-10
8.7284953e-07
1.044024e-10
8.7284245e-07
1.0448399e-10
8.7283536e-07
1.0456405e-10
8.7282827e-07
1.0464187e-10
8.7282117e-07
1.0471425e-10
8.7281406e-07
1.0478158e-10
8.7280695e-07
1.0484641e-10
8.7279983e-07
1.0490985e-10
8.7279271e-07
1.0497018e-10
8.7278558e-07
1.0502721e-10
8.7277845e-07
1.0508279e-10
8.7277131e-07
1.0513498e-10
8.7276417e-07
1.0518267e-10
8.7275702e-07
1.0522759e-10
8.7274987e-07
1.052697e-10
8.7274272e-07
1.053078e-10
8.7273556e-07
1.0534215e-10
8.727284e-07
1.0537296e-10
8.7272124e-07
1.0540235e-10
8.7271408e-07
1.0543223e-10
8.7270691e-07
1.0546271e-10
8.7269974e-07
1.0549658e-10
8.7269256e-07
1.0551814e-10
8.7268539e-07
1.0550621e-10
8.7267821e-07
1.0548535e-10
8.7267104e-07
1.0549241e-10
8.7266386e-07
1.0551234e-10
8.7265668e-07
1.0552733e-10
8.726495e-07
1.0551217e-10
8.7264232e-07
1.0552474e-10
8.7263514e-07
1.054031e-10
8.7262797e-07
1.054849e-10
8.7262074e-07
1.0626889e-10
8.7261352e-07
1.0608294e-10
8.7260637e-07
1.0469166e-10
8.7259925e-07
1.0447423e-10
8.7259209e-07
1.0526635e-10
8.725849e-07
1.0563863e-10
8.7257772e-07
1.0537333e-10
8.7257056e-07
1.0509881e-10
8.7256339e-07
1.0504179e-10
8.7255608e-07
1.0703026e-10
8.72549e-07
1.0434551e-10
8.7254207e-07
1.0288826e-10
7.4436218e-11
9.1321019e-07
5.0491184e-11
9.1320417e-07
1.0679845e-10
9.131979e-07
1.0756487e-10
9.1319174e-07
1.0005467e-10
9.1318576e-07
9.3495229e-11
9.131799e-07
9.0575463e-11
9.1317408e-07
8.9989132e-11
9.1316824e-07
9.0088623e-11
9.1316239e-07
9.0322257e-11
9.1315651e-07
9.0644625e-11
9.1315059e-07
9.1050799e-11
9.1314464e-07
9.1543951e-11
9.1313865e-07
9.1966985e-11
9.1313263e-07
9.2354541e-11
9.1312657e-07
9.2801609e-11
9.1312047e-07
9.3273048e-11
9.1311434e-07
9.374934e-11
9.1310817e-07
9.4219356e-11
9.1310196e-07
9.4674908e-11
9.1309571e-07
9.5112761e-11
9.1308944e-07
9.5533411e-11
9.1308313e-07
9.5938764e-11
9.1307678e-07
9.6331123e-11
9.1307041e-07
9.6712354e-11
9.1306401e-07
9.7084198e-11
9.1305758e-07
9.7447539e-11
9.1305112e-07
9.7803489e-11
9.1304463e-07
9.8152701e-11
9.1303812e-07
9.8495671e-11
9.1303158e-07
9.88328e-11
9.1302501e-07
9.9164425e-11
9.1301842e-07
9.9490805e-11
9.130118e-07
9.9812062e-11
9.1300516e-07
1.0012845e-10
9.1299849e-07
1.0043999e-10
9.129918e-07
1.0074707e-10
9.1298508e-07
1.0104948e-10
9.1297834e-07
1.0134726e-10
9.1297158e-07
1.0164091e-10
9.129648e-07
1.0193029e-10
9.1295799e-07
1.0221532e-10
9.1295117e-07
1.0249608e-10
9.1294432e-07
1.0277275e-10
9.1293745e-07
1.0304525e-10
9.1293056e-07
1.033136e-10
9.1292365e-07
1.0357803e-10
9.1291672e-07
1.0383858e-10
9.1290976e-07
1.0409522e-10
9.1290279e-07
1.0434786e-10
9.128958e-07
1.0459663e-10
9.1288879e-07
1.0484143e-10
9.1288177e-07
1.0508246e-10
9.1287472e-07
1.0531989e-10
9.1286766e-07
1.0555325e-10
9.1286058e-07
1.057829e-10
9.1285348e-07
1.0600876e-10
9.1284636e-07
1.0623118e-10
9.1283923e-07
1.0644993e-10
9.1283208e-07
1.0666469e-10
9.1282491e-07
1.0687608e-10
9.1281773e-07
1.0708385e-10
9.1281054e-07
1.0728762e-10
9.1280332e-07
1.0748804e-10
9.1279609e-07
1.07685e-10
9.1278885e-07
1.0787806e-10
9.1278159e-07
1.080677e-10
9.1277432e-07
1.0825403e-10
9.1276704e-07
1.0843666e-10
9.1275974e-07
1.0861551e-10
9.1275242e-07
1.0879108e-10
9.1274509e-07
1.0896314e-10
9.1273775e-07
1.0913158e-10
9.127304e-07
1.0929669e-10
9.1272304e-07
1.0945847e-10
9.1271566e-07
1.096166e-10
9.1270827e-07
1.0977108e-10
9.1270087e-07
1.0992213e-10
9.1269345e-07
1.1007011e-10
9.1268603e-07
1.1021416e-10
9.1267859e-07
1.1035306e-10
9.1267115e-07
1.104889e-10
9.1266369e-07
1.1062378e-10
9.1265622e-07
1.107558e-10
9.1264875e-07
1.1088337e-10
9.1264126e-07
1.1100715e-10
9.1263376e-07
1.1112729e-10
9.1262626e-07
1.1124439e-10
9.1261874e-07
1.1135915e-10
9.1261122e-07
1.1147023e-10
9.1260368e-07
1.1157595e-10
9.1259614e-07
1.1167648e-10
9.125886e-07
1.1177468e-10
9.1258104e-07
1.118727e-10
9.1257347e-07
1.1196673e-10
9.125659e-07
1.1205566e-10
9.1255832e-07
1.1214288e-10
9.1255074e-07
1.1222769e-10
9.1254315e-07
1.1230671e-10
9.1253555e-07
1.1238031e-10
9.1252794e-07
1.1245118e-10
9.1252033e-07
1.1252052e-10
9.1251271e-07
1.1258652e-10
9.1250509e-07
1.1264897e-10
9.1249747e-07
1.1270983e-10
9.1248983e-07
1.1276705e-10
9.124822e-07
1.1281947e-10
9.1247456e-07
1.1286889e-10
9.1246691e-07
1.1291528e-10
9.1245926e-07
1.1295738e-10
9.1245161e-07
1.1299544e-10
9.1244395e-07
1.1302969e-10
9.1243629e-07
1.1306236e-10
9.1242863e-07
1.1309548e-10
9.1242096e-07
1.1312919e-10
9.1241329e-07
1.1316644e-10
9.1240562e-07
1.1319079e-10
9.1239794e-07
1.1317981e-10
9.1239027e-07
1.1315908e-10
9.123826e-07
1.1316745e-10
9.1237492e-07
1.131894e-10
9.1236724e-07
1.1320635e-10
9.1235956e-07
1.131914e-10
9.1235188e-07
1.1320576e-10
9.123442e-07
1.1307804e-10
9.1233653e-07
1.1316271e-10
9.123288e-07
1.139949e-10
9.1232107e-07
1.1381129e-10
9.1231342e-07
1.1233955e-10
9.1230581e-07
1.1209275e-10
9.1229815e-07
1.1292519e-10
9.1229046e-07
1.1332738e-10
9.1228278e-07
1.1305361e-10
9.1227511e-07
1.1276617e-10
9.1226744e-07
1.1270859e-10
9.1225962e-07
1.1485836e-10
9.1225205e-07
1.1190804e-10
9.1224464e-07
1.1029976e-10
8.0841601e-11
9.5451373e-07
5.4720472e-11
9.5450742e-07
1.1310662e-10
9.5450082e-07
1.1415846e-10
9.5449431e-07
1.0657133e-10
9.5448797e-07
9.9831302e-11
9.5448175e-07
9.6796573e-11
9.5447556e-07
9.6181474e-11
9.5446936e-07
9.629118e-11
9.5446313e-07
9.654766e-11
9.5445688e-07
9.6899778e-11
9.5445058e-07
9.7341615e-11
9.5444425e-07
9.7875919e-11
9.5443788e-07
9.8337795e-11
9.5443147e-07
9.8762187e-11
9.5442503e-07
9.9248812e-11
9.5441854e-07
9.97617e-11
9.5441201e-07
1.0027985e-10
9.5440544e-07
1.0079108e-10
9.5439882e-07
1.0128654e-10
9.5439217e-07
1.0176278e-10
9.5438549e-07
1.0222032e-10
9.5437876e-07
1.026612e-10
9.5437201e-07
1.0308789e-10
9.5436522e-07
1.0350241e-10
9.543584e-07
1.0390663e-10
9.5435154e-07
1.0430154e-10
9.5434466e-07
1.0468832e-10
9.5433774e-07
1.0506771e-10
9.543308e-07
1.0544023e-10
9.5432382e-07
1.0580635e-10
9.5431682e-07
1.0616642e-10
9.5430979e-07
1.0652074e-10
9.5430273e-07
1.0686945e-10
9.5429565e-07
1.0721282e-10
9.5428854e-07
1.0755089e-10
9.542814e-07
1.0788407e-10
9.5427424e-07
1.0821214e-10
9.5426705e-07
1.0853517e-10
9.5425984e-07
1.0885367e-10
9.542526e-07
1.091675e-10
9.5424534e-07
1.094766e-10
9.5423806e-07
1.0978105e-10
9.5423075e-07
1.1008104e-10
9.5422342e-07
1.1037649e-10
9.5421606e-07
1.1066742e-10
9.5420869e-07
1.1095407e-10
9.5420129e-07
1.112365e-10
9.5419387e-07
1.1151469e-10
9.5418643e-07
1.1178854e-10
9.5417897e-07
1.1205816e-10
9.5417148e-07
1.1232349e-10
9.5416398e-07
1.1258472e-10
9.5415646e-07
1.1284203e-10
9.5414892e-07
1.1309494e-10
9.5414136e-07
1.1334382e-10
9.5413378e-07
1.135886e-10
9.5412618e-07
1.1382963e-10
9.5411856e-07
1.1406669e-10
9.5411093e-07
1.1429945e-10
9.5410327e-07
1.1452853e-10
9.540956e-07
1.147537e-10
9.5408792e-07
1.1497455e-10
9.5408021e-07
1.1519177e-10
9.5407249e-07
1.1540525e-10
9.5406476e-07
1.156145e-10
9.5405701e-07
1.1582006e-10
9.5404924e-07
1.1602204e-10
9.5404145e-07
1.1622001e-10
9.5403366e-07
1.1641392e-10
9.5402584e-07
1.1660427e-10
9.5401801e-07
1.1679083e-10
9.5401017e-07
1.1697348e-10
9.5400232e-07
1.1715253e-10
9.5399445e-07
1.1732798e-10
9.5398656e-07
1.174995e-10
9.5397867e-07
1.1766709e-10
9.5397076e-07
1.1783097e-10
9.5396284e-07
1.1799152e-10
9.539549e-07
1.1814785e-10
9.5394696e-07
1.1829868e-10
9.53939e-07
1.1844617e-10
9.5393103e-07
1.1859255e-10
9.5392305e-07
1.1873587e-10
9.5391506e-07
1.1887443e-10
9.5390706e-07
1.190089e-10
9.5389905e-07
1.1913945e-10
9.5389103e-07
1.1926671e-10
9.5388299e-07
1.1939142e-10
9.5387495e-07
1.1951219e-10
9.538669e-07
1.1962724e-10
9.5385884e-07
1.1973671e-10
9.5385077e-07
1.1984363e-10
9.5384269e-07
1.1995027e-10
9.5383461e-07
1.2005268e-10
9.5382651e-07
1.2014962e-10
9.5381841e-07
1.2024467e-10
9.538103e-07
1.2033711e-10
9.5380219e-07
1.204234e-10
9.5379406e-07
1.2050387e-10
9.5378593e-07
1.2058137e-10
9.5377779e-07
1.2065717e-10
9.5376965e-07
1.2072939e-10
9.537615e-07
1.2079779e-10
9.5375335e-07
1.2086445e-10
9.5374519e-07
1.2092722e-10
9.5373702e-07
1.2098485e-10
9.5372885e-07
1.2103923e-10
9.5372068e-07
1.2109034e-10
9.537125e-07
1.2113686e-10
9.5370431e-07
1.2117903e-10
9.5369613e-07
1.2121712e-10
9.5368794e-07
1.2125343e-10
9.5367974e-07
1.2129015e-10
9.5367154e-07
1.2132743e-10
9.5366334e-07
1.2136842e-10
9.5365514e-07
1.2139591e-10
9.5364693e-07
1.2138613e-10
9.5363872e-07
1.2136571e-10
9.5363051e-07
1.213756e-10
9.536223e-07
1.2139982e-10
9.5361409e-07
1.2141897e-10
9.5360588e-07
1.2140438e-10
9.5359766e-07
1.2142077e-10
9.5358946e-07
1.2128684e-10
9.5358124e-07
1.2137437e-10
9.5357298e-07
1.2225731e-10
9.5356471e-07
1.2207738e-10
9.5355653e-07
1.2052166e-10
9.5354838e-07
1.2024273e-10
9.5354019e-07
1.2111667e-10
9.5353197e-07
1.2155078e-10
9.5352375e-07
1.2126886e-10
9.5351555e-07
1.2096852e-10
9.5350735e-07
1.2091127e-10
9.5349897e-07
1.2323538e-10
9.5349089e-07
1.1999076e-10
9.5348297e-07
1.1821999e-10
8.779356e-11
9.9740627e-07
5.9284428e-11
9.9739966e-07
1.19717e-10
9.9739273e-07
1.2108629e-10
9.9738585e-07
1.1345343e-10
9.9737913e-07
1.0654671e-10
9.9737253e-07
1.0340145e-10
9.9736595e-07
1.0275963e-10
9.9735936e-07
1.0288163e-10
9.9735274e-07
1.0316357e-10
9.9734609e-07
1.0354852e-10
9.9733941e-07
1.0402946e-10
9.9733267e-07
1.0460859e-10
9.973259e-07
1.0511295e-10
9.9731908e-07
1.0557778e-10
9.9731222e-07
1.0610767e-10
9.9730532e-07
1.0666581e-10
9.9729837e-07
1.0722962e-10
9.9729137e-07
1.0778574e-10
9.9728434e-07
1.083247e-10
9.9727726e-07
1.0884277e-10
9.9727014e-07
1.0934052e-10
9.9726298e-07
1.0982013e-10
9.9725578e-07
1.1028425e-10
9.9724855e-07
1.1073507e-10
9.9724128e-07
1.1117459e-10
9.9723398e-07
1.116039e-10
9.9722664e-07
1.1202429e-10
9.9721927e-07
1.1243655e-10
9.9721187e-07
1.1284128e-10
9.9720444e-07
1.1323897e-10
9.9719698e-07
1.1363003e-10
9.9718948e-07
1.1401477e-10
9.9718196e-07
1.1439336e-10
9.971744e-07
1.147661e-10
9.9716682e-07
1.1513303e-10
9.9715921e-07
1.1549461e-10
9.9715157e-07
1.1585061e-10
9.9714391e-07
1.162011e-10
9.9713621e-07
1.1654663e-10
9.9712849e-07
1.1688706e-10
9.9712075e-07
1.1722233e-10
9.9711298e-07
1.1755253e-10
9.9710518e-07
1.1787787e-10
9.9709736e-07
1.1819826e-10
9.9708951e-07
1.1851373e-10
9.9708164e-07
1.1882454e-10
9.9707375e-07
1.1913076e-10
9.9706583e-07
1.1943235e-10
9.9705789e-07
1.1972923e-10
9.9704993e-07
1.2002152e-10
9.9704194e-07
1.2030914e-10
9.9703393e-07
1.2059231e-10
9.970259e-07
1.2087123e-10
9.9701785e-07
1.2114538e-10
9.9700978e-07
1.2141514e-10
9.9700169e-07
1.2168047e-10
9.9699358e-07
1.2194172e-10
9.9698545e-07
1.2219867e-10
9.9697729e-07
1.2245096e-10
9.9696912e-07
1.2269927e-10
9.9696093e-07
1.2294334e-10
9.9695273e-07
1.2318275e-10
9.969445e-07
1.2341821e-10
9.9693626e-07
1.2364962e-10
9.9692799e-07
1.2387648e-10
9.9691971e-07
1.2409933e-10
9.9691142e-07
1.243183e-10
9.969031e-07
1.2453295e-10
9.9689478e-07
1.2474321e-10
9.9688643e-07
1.2494962e-10
9.9687807e-07
1.2515194e-10
9.9686969e-07
1.2535003e-10
9.968613e-07
1.2554423e-10
9.9685289e-07
1.2573454e-10
9.9684447e-07
1.2592062e-10
9.9683604e-07
1.2610245e-10
9.9682759e-07
1.2628029e-10
9.9681913e-07
1.2645451e-10
9.9681065e-07
1.2662421e-10
9.9680216e-07
1.26788e-10
9.9679366e-07
1.2694816e-10
9.9678514e-07
1.2710708e-10
9.9677662e-07
1.2726268e-10
9.9676808e-07
1.274132e-10
9.9675953e-07
1.2755931e-10
9.9675097e-07
1.277012e-10
9.9674239e-07
1.2783953e-10
9.9673381e-07
1.2797508e-10
9.9672521e-07
1.2810642e-10
9.9671661e-07
1.2823163e-10
9.96708e-07
1.2835088e-10
9.9669937e-07
1.2846731e-10
9.9669074e-07
1.2858337e-10
9.966821e-07
1.2869492e-10
9.9667345e-07
1.2880061e-10
9.9666479e-07
1.2890422e-10
9.9665612e-07
1.2900501e-10
9.9664744e-07
1.2909924e-10
9.9663876e-07
1.2918725e-10
9.9663007e-07
1.2927201e-10
9.9662137e-07
1.2935491e-10
9.9661267e-07
1.2943395e-10
9.9660396e-07
1.2950889e-10
9.9659524e-07
1.2958192e-10
9.9658651e-07
1.2965078e-10
9.9657779e-07
1.2971415e-10
9.9656905e-07
1.2977401e-10
9.9656031e-07
1.2983034e-10
9.9655157e-07
1.2988174e-10
9.9654282e-07
1.2992849e-10
9.9653406e-07
1.2997082e-10
9.965253e-07
1.300112e-10
9.9651654e-07
1.3005192e-10
9.9650778e-07
1.3009316e-10
9.9649901e-07
1.3013829e-10
9.9649023e-07
1.3016927e-10
9.9648146e-07
1.3016098e-10
9.9647268e-07
1.301411e-10
9.9646391e-07
1.3015276e-10
9.9645513e-07
1.3017951e-10
9.9644634e-07
1.3020114e-10
9.9643756e-07
1.301871e-10
9.9642878e-07
1.3020578e-10
9.9642e-07
1.300655e-10
9.9641122e-07
1.3015593e-10
9.9640238e-07
1.3109223e-10
9.9639354e-07
1.3091748e-10
9.9638479e-07
1.2927421e-10
9.9637607e-07
1.2896021e-10
9.9636731e-07
1.2987678e-10
9.9635852e-07
1.3034494e-10
9.9634973e-07
1.3005525e-10
9.9634096e-07
1.2974214e-10
9.9633218e-07
1.2968632e-10
9.9632322e-07
1.3219893e-10
9.9631458e-07
1.2862763e-10
9.9630612e-07
1.2668291e-10
9.5338516e-11
1.0419383e-06
6.4205012e-11
1.0419314e-06
1.2663616e-10
1.0419241e-06
1.2836071e-10
1.0419169e-06
1.2071697e-10
1.0419097e-06
1.1365976e-10
1.0419027e-06
1.1040982e-10
1.0418957e-06
1.0974406e-10
1.0418887e-06
1.0988085e-10
1.0418817e-06
1.1019122e-10
1.0418747e-06
1.1061243e-10
1.0418675e-06
1.1113629e-10
1.0418604e-06
1.1176427e-10
1.0418532e-06
1.123151e-10
1.0418459e-06
1.1282435e-10
1.0418387e-06
1.134016e-10
1.0418313e-06
1.1400915e-10
1.0418239e-06
1.1462275e-10
1.0418165e-06
1.1522782e-10
1.041809e-06
1.1581417e-10
1.0418014e-06
1.1637784e-10
1.0417939e-06
1.1691943e-10
1.0417862e-06
1.1744128e-10
1.0417786e-06
1.1794623e-10
1.0417709e-06
1.1843663e-10
1.0417631e-06
1.1891464e-10
1.0417554e-06
1.1938147e-10
1.0417476e-06
1.198385e-10
1.0417397e-06
1.202866e-10
1.0417318e-06
1.2072643e-10
1.0417239e-06
1.2115852e-10
1.0417159e-06
1.2158333e-10
1.041708e-06
1.220012e-10
1.0416999e-06
1.2241234e-10
1.0416919e-06
1.2281705e-10
1.0416838e-06
1.2321542e-10
1.0416757e-06
1.236079e-10
1.0416675e-06
1.2399429e-10
1.0416594e-06
1.2437467e-10
1.0416512e-06
1.2474961e-10
1.0416429e-06
1.2511897e-10
1.0416347e-06
1.2548271e-10
1.0416264e-06
1.2584092e-10
1.0416181e-06
1.2619382e-10
1.0416097e-06
1.2654133e-10
1.0416014e-06
1.2688349e-10
1.041593e-06
1.2722056e-10
1.0415845e-06
1.2755263e-10
1.0415761e-06
1.2787966e-10
1.0415676e-06
1.2820158e-10
1.0415591e-06
1.2851851e-10
1.0415506e-06
1.2883036e-10
1.0415421e-06
1.2913738e-10
1.0415335e-06
1.2943976e-10
1.0415249e-06
1.2973699e-10
1.0415163e-06
1.3002945e-10
1.0415077e-06
1.303171e-10
1.041499e-06
1.3060033e-10
1.0414903e-06
1.3087888e-10
1.0414816e-06
1.311524e-10
1.0414729e-06
1.314216e-10
1.0414641e-06
1.316862e-10
1.0414554e-06
1.3194577e-10
1.0414466e-06
1.3220106e-10
1.0414378e-06
1.3245195e-10
1.041429e-06
1.3269793e-10
1.0414201e-06
1.3293957e-10
1.0414113e-06
1.3317701e-10
1.0414024e-06
1.3340978e-10
1.0413935e-06
1.3363782e-10
1.0413846e-06
1.3386168e-10
1.0413757e-06
1.3408112e-10
1.0413667e-06
1.3429601e-10
1.0413578e-06
1.3450668e-10
1.0413488e-06
1.3471315e-10
1.0413398e-06
1.3491505e-10
1.0413308e-06
1.3511238e-10
1.0413217e-06
1.3530539e-10
1.0413127e-06
1.3549449e-10
1.0413037e-06
1.3567872e-10
1.0412946e-06
1.3585663e-10
1.0412855e-06
1.360306e-10
1.0412764e-06
1.3620314e-10
1.0412673e-06
1.3637212e-10
1.0412582e-06
1.3653566e-10
1.041249e-06
1.3669445e-10
1.0412399e-06
1.368487e-10
1.0412307e-06
1.3699909e-10
1.0412216e-06
1.3714646e-10
1.0412124e-06
1.3728932e-10
1.0412032e-06
1.3742563e-10
1.041194e-06
1.3755554e-10
1.0411848e-06
1.3768236e-10
1.0411755e-06
1.378087e-10
1.0411663e-06
1.3793023e-10
1.0411571e-06
1.380455e-10
1.0411478e-06
1.3815846e-10
1.0411385e-06
1.3826837e-10
1.0411293e-06
1.3837131e-10
1.04112e-06
1.3846758e-10
1.0411107e-06
1.3856032e-10
1.0411014e-06
1.3865098e-10
1.0410921e-06
1.3873753e-10
1.0410828e-06
1.3881965e-10
1.0410735e-06
1.3889967e-10
1.0410641e-06
1.3897524e-10
1.0410548e-06
1.3904494e-10
1.0410455e-06
1.3911084e-10
1.0410361e-06
1.3917292e-10
1.0410268e-06
1.3922974e-10
1.0410174e-06
1.3928155e-10
1.0410081e-06
1.3932861e-10
1.0409987e-06
1.393735e-10
1.0409893e-06
1.3941867e-10
1.04098e-06
1.394643e-10
1.0409706e-06
1.39514e-10
1.0409612e-06
1.395489e-10
1.0409518e-06
1.3954244e-10
1.0409425e-06
1.3952336e-10
1.0409331e-06
1.3953706e-10
1.0409237e-06
1.3956662e-10
1.0409143e-06
1.3959105e-10
1.0409049e-06
1.3957777e-10
1.0408955e-06
1.3959905e-10
1.0408861e-06
1.3945232e-10
1.0408767e-06
1.3954565e-10
1.0408673e-06
1.4053806e-10
1.0408578e-06
1.4037015e-10
1.0408485e-06
1.3863571e-10
1.0408392e-06
1.3828352e-10
1.0408298e-06
1.3924381e-10
1.0408204e-06
1.397482e-10
1.040811e-06
1.3945123e-10
1.0408016e-06
1.3912562e-10
1.0407922e-06
1.3907262e-10
1.0407826e-06
1.4178906e-10
1.0407734e-06
1.3785451e-10
1.0407644e-06
1.3572466e-10
1.0352595e-10
1.0881616e-06
6.9504515e-11
1.0881544e-06
1.3386934e-10
1.0881468e-06
1.3599442e-10
1.0881391e-06
1.2837829e-10
1.0881316e-06
1.2118911e-10
1.0881241e-06
1.1784191e-10
1.0881167e-06
1.1715585e-10
1.0881093e-06
1.1731038e-10
1.0881018e-06
1.1765256e-10
1.0880943e-06
1.1811386e-10
1.0880868e-06
1.1868487e-10
1.0880792e-06
1.1936612e-10
1.0880715e-06
1.199678e-10
1.0880638e-06
1.2052583e-10
1.0880561e-06
1.2115494e-10
1.0880483e-06
1.2181649e-10
1.0880404e-06
1.2248441e-10
1.0880325e-06
1.2314284e-10
1.0880245e-06
1.2378085e-10
1.0880165e-06
1.2439423e-10
1.0880084e-06
1.2498363e-10
1.0880003e-06
1.2555155e-10
1.0879922e-06
1.2610103e-10
1.087984e-06
1.2663462e-10
1.0879757e-06
1.2715462e-10
1.0879675e-06
1.2766237e-10
1.0879591e-06
1.2815936e-10
1.0879508e-06
1.2864654e-10
1.0879424e-06
1.2912463e-10
1.0879339e-06
1.2959422e-10
1.0879255e-06
1.3005581e-10
1.087917e-06
1.3050979e-10
1.0879084e-06
1.3095638e-10
1.0878998e-06
1.3139593e-10
1.0878912e-06
1.3182852e-10
1.0878826e-06
1.3225467e-10
1.0878739e-06
1.3267414e-10
1.0878652e-06
1.3308704e-10
1.0878564e-06
1.3349399e-10
1.0878477e-06
1.3389485e-10
1.0878389e-06
1.3428956e-10
1.08783e-06
1.3467824e-10
1.0878212e-06
1.3506113e-10
1.0878123e-06
1.3543814e-10
1.0878033e-06
1.3580932e-10
1.0877944e-06
1.3617496e-10
1.0877854e-06
1.3653514e-10
1.0877764e-06
1.3688983e-10
1.0877674e-06
1.3723897e-10
1.0877583e-06
1.3758268e-10
1.0877492e-06
1.3792088e-10
1.0877401e-06
1.3825381e-10
1.0877309e-06
1.3858171e-10
1.0877218e-06
1.3890402e-10
1.0877126e-06
1.3922116e-10
1.0877034e-06
1.3953307e-10
1.0876941e-06
1.3984017e-10
1.0876849e-06
1.4014221e-10
1.0876756e-06
1.4043881e-10
1.0876663e-06
1.407307e-10
1.0876569e-06
1.4101762e-10
1.0876476e-06
1.412991e-10
1.0876382e-06
1.4157593e-10
1.0876288e-06
1.41848e-10
1.0876194e-06
1.4211477e-10
1.08761e-06
1.4237684e-10
1.0876005e-06
1.4263435e-10
1.087591e-06
1.4288682e-10
1.0875815e-06
1.4313418e-10
1.087572e-06
1.4337703e-10
1.0875625e-06
1.4361508e-10
1.0875529e-06
1.4384822e-10
1.0875434e-06
1.4407681e-10
1.0875338e-06
1.4430085e-10
1.0875242e-06
1.4451996e-10
1.0875145e-06
1.4473415e-10
1.0875049e-06
1.4494367e-10
1.0874952e-06
1.4514896e-10
1.0874856e-06
1.4534901e-10
1.0874759e-06
1.455423e-10
1.0874662e-06
1.457313e-10
1.0874565e-06
1.4591868e-10
1.0874467e-06
1.4610222e-10
1.087437e-06
1.4627994e-10
1.0874272e-06
1.4645255e-10
1.0874175e-06
1.4662026e-10
1.0874077e-06
1.467838e-10
1.0873979e-06
1.4694407e-10
1.0873881e-06
1.4709948e-10
1.0873783e-06
1.4724791e-10
1.0873684e-06
1.4738946e-10
1.0873586e-06
1.4752763e-10
1.0873487e-06
1.476652e-10
1.0873389e-06
1.4779763e-10
1.087329e-06
1.4792337e-10
1.0873191e-06
1.4804656e-10
1.0873092e-06
1.4816646e-10
1.0872993e-06
1.4827893e-10
1.0872894e-06
1.4838426e-10
1.0872794e-06
1.4848574e-10
1.0872695e-06
1.4858494e-10
1.0872596e-06
1.4867971e-10
1.0872496e-06
1.4876973e-10
1.0872397e-06
1.4885744e-10
1.0872297e-06
1.4894038e-10
1.0872197e-06
1.4901706e-10
1.0872097e-06
1.4908962e-10
1.0871998e-06
1.4915807e-10
1.0871898e-06
1.4922088e-10
1.0871798e-06
1.4927831e-10
1.0871698e-06
1.4933062e-10
1.0871598e-06
1.4938053e-10
1.0871497e-06
1.4943064e-10
1.0871397e-06
1.4948115e-10
1.0871297e-06
1.4953591e-10
1.0871197e-06
1.4957519e-10
1.0871097e-06
1.4957092e-10
1.0870996e-06
1.4955294e-10
1.0870896e-06
1.49569e-10
1.0870796e-06
1.4960171e-10
1.0870695e-06
1.4962927e-10
1.0870595e-06
1.4961702e-10
1.0870494e-06
1.4964122e-10
1.0870394e-06
1.4948797e-10
1.0870294e-06
1.4958422e-10
1.0870193e-06
1.5063556e-10
1.0870092e-06
1.5047631e-10
1.0869991e-06
1.4864709e-10
1.0869892e-06
1.4825343e-10
1.0869792e-06
1.4925844e-10
1.0869691e-06
1.4980135e-10
1.0869591e-06
1.4949765e-10
1.086949e-06
1.4915997e-10
1.086939e-06
1.4911153e-10
1.0869287e-06
1.5204841e-10
1.0869189e-06
1.4770919e-10
1.0869092e-06
1.4538361e-10
1.1240683e-10
1.1361293e-06
7.5205229e-11
1.1361218e-06
1.4142063e-10
1.1361138e-06
1.4400057e-10
1.1361057e-06
1.3645401e-10
1.1360977e-06
1.2915376e-10
1.1360898e-06
1.257184e-10
1.136082e-06
1.2501663e-10
1.1360741e-06
1.2519241e-10
1.1360662e-06
1.2557019e-10
1.1360582e-06
1.2607589e-10
1.1360502e-06
1.2669871e-10
1.1360421e-06
1.274381e-10
1.136034e-06
1.2809545e-10
1.1360258e-06
1.2870708e-10
1.1360176e-06
1.2939299e-10
1.1360093e-06
1.3011355e-10
1.1360009e-06
1.3084076e-10
1.1359925e-06
1.3155737e-10
1.135984e-06
1.322517e-10
1.1359755e-06
1.3291928e-10
1.1359669e-06
1.3356083e-10
1.1359583e-06
1.3417902e-10
1.1359496e-06
1.3477709e-10
1.1359409e-06
1.3535781e-10
1.1359321e-06
1.3592363e-10
1.1359233e-06
1.3647603e-10
1.1359145e-06
1.3701661e-10
1.1359056e-06
1.3754641e-10
1.1358966e-06
1.3806622e-10
1.1358876e-06
1.3857671e-10
1.1358786e-06
1.390784e-10
1.1358696e-06
1.3957174e-10
1.1358605e-06
1.4005696e-10
1.1358513e-06
1.4053447e-10
1.1358421e-06
1.4100435e-10
1.1358329e-06
1.4146715e-10
1.1358237e-06
1.4192266e-10
1.1358144e-06
1.4237099e-10
1.1358051e-06
1.4281278e-10
1.1357957e-06
1.4324792e-10
1.1357863e-06
1.4367635e-10
1.1357769e-06
1.4409819e-10
1.1357675e-06
1.4451371e-10
1.135758e-06
1.4492282e-10
1.1357485e-06
1.4532558e-10
1.1357389e-06
1.4572229e-10
1.1357293e-06
1.4611305e-10
1.1357197e-06
1.4649784e-10
1.1357101e-06
1.4687657e-10
1.1357004e-06
1.4724941e-10
1.1356907e-06
1.4761626e-10
1.135681e-06
1.4797739e-10
1.1356713e-06
1.4833303e-10
1.1356615e-06
1.486826e-10
1.1356517e-06
1.4902657e-10
1.1356418e-06
1.4936487e-10
1.135632e-06
1.4969793e-10
1.1356221e-06
1.500255e-10
1.1356122e-06
1.5034718e-10
1.1356023e-06
1.5066375e-10
1.1355923e-06
1.5097492e-10
1.1355823e-06
1.5128023e-10
1.1355723e-06
1.5158049e-10
1.1355623e-06
1.5187559e-10
1.1355522e-06
1.5216496e-10
1.1355422e-06
1.5244924e-10
1.1355321e-06
1.5272857e-10
1.135522e-06
1.5300246e-10
1.1355118e-06
1.5327083e-10
1.1355017e-06
1.5353432e-10
1.1354915e-06
1.5379263e-10
1.1354813e-06
1.5404563e-10
1.1354711e-06
1.542937e-10
1.1354608e-06
1.5453685e-10
1.1354506e-06
1.547747e-10
1.1354403e-06
1.5500723e-10
1.13543e-06
1.5523472e-10
1.1354197e-06
1.5545763e-10
1.1354094e-06
1.556749e-10
1.135399e-06
1.5588493e-10
1.1353887e-06
1.560903e-10
1.1353783e-06
1.5629384e-10
1.1353679e-06
1.5649325e-10
1.1353575e-06
1.5668642e-10
1.1353471e-06
1.568741e-10
1.1353367e-06
1.5705649e-10
1.1353262e-06
1.5723436e-10
1.1353157e-06
1.5740868e-10
1.1353053e-06
1.5757779e-10
1.1352948e-06
1.5773945e-10
1.1352843e-06
1.5789374e-10
1.1352737e-06
1.5805074e-10
1.1352632e-06
1.5819414e-10
1.1352527e-06
1.5833847e-10
1.1352421e-06
1.5847566e-10
1.1352316e-06
1.5861005e-10
1.135221e-06
1.5874087e-10
1.1352104e-06
1.5886378e-10
1.1351998e-06
1.5897906e-10
1.1351892e-06
1.5909013e-10
1.1351786e-06
1.5919869e-10
1.135168e-06
1.593025e-10
1.1351573e-06
1.594012e-10
1.1351467e-06
1.5949735e-10
1.135136e-06
1.5958841e-10
1.1351254e-06
1.5967279e-10
1.1351147e-06
1.597527e-10
1.1351041e-06
1.5982818e-10
1.1350934e-06
1.5989761e-10
1.1350827e-06
1.5996128e-10
1.135072e-06
1.6001944e-10
1.1350613e-06
1.6007493e-10
1.1350506e-06
1.6013052e-10
1.1350399e-06
1.6018645e-10
1.1350292e-06
1.602468e-10
1.1350185e-06
1.6029097e-10
1.1350078e-06
1.6028933e-10
1.134997e-06
1.6027279e-10
1.1349863e-06
1.6029156e-10
1.1349756e-06
1.6032781e-10
1.1349649e-06
1.6035889e-10
1.1349541e-06
1.6034794e-10
1.1349434e-06
1.6037544e-10
1.1349327e-06
1.6021562e-10
1.1349219e-06
1.6031483e-10
1.1349111e-06
1.6142803e-10
1.1349003e-06
1.6127944e-10
1.1348896e-06
1.5935181e-10
1.134879e-06
1.5891321e-10
1.1348683e-06
1.599639e-10
1.1348575e-06
1.6054768e-10
1.1348468e-06
1.6023791e-10
1.1348361e-06
1.5988879e-10
1.1348253e-06
1.5984705e-10
1.1348143e-06
1.6302235e-10
1.1348038e-06
1.5823146e-10
1.1347935e-06
1.5568255e-10
1.1858958e-06
8.1329005e-11
1.1858879e-06
1.492942e-10
1.1858795e-06
1.5239302e-10
1.185871e-06
1.4496097e-10
1.1858626e-06
1.3757296e-10
1.1858542e-06
1.3406036e-10
1.1858459e-06
1.3334854e-10
1.1858375e-06
1.3354968e-10
1.1858291e-06
1.339674e-10
1.1858207e-06
1.3452227e-10
1.1858122e-06
1.3520211e-10
1.1858036e-06
1.3600498e-10
1.185795e-06
1.3672326e-10
1.1857863e-06
1.373938e-10
1.1857776e-06
1.3814198e-10
1.1857687e-06
1.3892706e-10
1.1857599e-06
1.3971897e-10
1.1857509e-06
1.4049903e-10
1.1857419e-06
1.4125477e-10
1.1857329e-06
1.4198147e-10
1.1857237e-06
1.426799e-10
1.1857146e-06
1.4335294e-10
1.1857053e-06
1.4400405e-10
1.1856961e-06
1.446362e-10
1.1856867e-06
1.4525203e-10
1.1856773e-06
1.4585316e-10
1.1856679e-06
1.4644131e-10
1.1856585e-06
1.4701762e-10
1.1856489e-06
1.4758296e-10
1.1856394e-06
1.4813804e-10
1.1856298e-06
1.4868347e-10
1.1856201e-06
1.4921972e-10
1.1856104e-06
1.4974707e-10
1.1856007e-06
1.5026594e-10
1.1855909e-06
1.5077646e-10
1.1855811e-06
1.512792e-10
1.1855713e-06
1.5177397e-10
1.1855614e-06
1.5226088e-10
1.1855514e-06
1.5274064e-10
1.1855415e-06
1.532131e-10
1.1855315e-06
1.5367824e-10
1.1855214e-06
1.5413619e-10
1.1855114e-06
1.5458723e-10
1.1855013e-06
1.5503128e-10
1.1854911e-06
1.5546841e-10
1.1854809e-06
1.5589894e-10
1.1854707e-06
1.5632297e-10
1.1854605e-06
1.567405e-10
1.1854502e-06
1.5715145e-10
1.1854399e-06
1.5755597e-10
1.1854296e-06
1.5795399e-10
1.1854192e-06
1.5834577e-10
1.1854088e-06
1.5873158e-10
1.1853984e-06
1.5911083e-10
1.1853879e-06
1.5948398e-10
1.1853774e-06
1.5985096e-10
1.1853669e-06
1.6021226e-10
1.1853564e-06
1.6056759e-10
1.1853458e-06
1.6091655e-10
1.1853352e-06
1.6125996e-10
1.1853246e-06
1.6159752e-10
1.1853139e-06
1.6192873e-10
1.1853033e-06
1.6225447e-10
1.1852926e-06
1.625746e-10
1.1852818e-06
1.6288856e-10
1.1852711e-06
1.6319699e-10
1.1852603e-06
1.6350006e-10
1.1852495e-06
1.6379725e-10
1.1852387e-06
1.6408849e-10
1.1852279e-06
1.6437442e-10
1.185217e-06
1.6465476e-10
1.1852061e-06
1.6492937e-10
1.1851952e-06
1.6519865e-10
1.1851843e-06
1.654626e-10
1.1851733e-06
1.6572083e-10
1.1851624e-06
1.6597333e-10
1.1851514e-06
1.6622038e-10
1.1851404e-06
1.6646247e-10
1.1851294e-06
1.6669851e-10
1.1851183e-06
1.6692678e-10
1.1851073e-06
1.6714999e-10
1.1850962e-06
1.6737113e-10
1.1850851e-06
1.6758782e-10
1.185074e-06
1.6779783e-10
1.1850629e-06
1.6800193e-10
1.1850517e-06
1.6820033e-10
1.1850406e-06
1.6839384e-10
1.1850294e-06
1.6858349e-10
1.1850182e-06
1.6876755e-10
1.185007e-06
1.6894365e-10
1.1849958e-06
1.6911187e-10
1.1849845e-06
1.6927593e-10
1.1849733e-06
1.6943921e-10
1.184962e-06
1.6959656e-10
1.1849508e-06
1.6974628e-10
1.1849395e-06
1.6989291e-10
1.1849282e-06
1.7003568e-10
1.1849169e-06
1.7017004e-10
1.1849056e-06
1.7029623e-10
1.1848942e-06
1.7041783e-10
1.1848829e-06
1.7053666e-10
1.1848716e-06
1.706504e-10
1.1848602e-06
1.7075864e-10
1.1848488e-06
1.7086409e-10
1.1848375e-06
1.7096409e-10
1.1848261e-06
1.7105694e-10
1.1848147e-06
1.7114497e-10
1.1848033e-06
1.7122821e-10
1.1847919e-06
1.7130498e-10
1.1847805e-06
1.7137556e-10
1.184769e-06
1.7144021e-10
1.1847576e-06
1.7150192e-10
1.1847462e-06
1.715636e-10
1.1847347e-06
1.7162554e-10
1.1847233e-06
1.7169209e-10
1.1847118e-06
1.7174172e-10
1.1847004e-06
1.7174318e-10
1.1846889e-06
1.7172848e-10
1.1846775e-06
1.7175036e-10
1.184666e-06
1.7179056e-10
1.1846545e-06
1.718256e-10
1.1846431e-06
1.718163e-10
1.1846316e-06
1.7184751e-10
1.1846201e-06
1.7168112e-10
1.1846087e-06
1.7178331e-10
1.1845971e-06
1.7296141e-10
1.1845856e-06
1.7282566e-10
1.1845741e-06
1.7079599e-10
1.1845627e-06
1.7030886e-10
1.1845513e-06
1.7140608e-10
1.1845398e-06
1.7203317e-10
1.1845283e-06
1.7171808e-10
1.1845169e-06
1.7135838e-10
1.1845054e-06
1.7132594e-10
1.1844937e-06
1.7475915e-10
1.1844824e-06
1.6946308e-10
1.6666593e-10
1.2375168e-06
8.7896752e-11
1.2375086e-06
1.5749853e-10
1.2374998e-06
1.6118666e-10
1.2374908e-06
1.5391625e-10
1.2374819e-06
1.464661e-10
1.2374731e-06
1.4288916e-10
1.2374643e-06
1.4217413e-10
1.2374554e-06
1.4240543e-10
1.2374465e-06
1.42868e-10
1.2374376e-06
1.434774e-10
1.2374285e-06
1.4422003e-10
1.2374194e-06
1.4509224e-10
1.2374103e-06
1.4587725e-10
1.2374011e-06
1.4661256e-10
1.2373918e-06
1.47429e-10
1.2373824e-06
1.4828464e-10
1.237373e-06
1.4914721e-10
1.2373635e-06
1.4999648e-10
1.2373539e-06
1.5081917e-10
1.2373443e-06
1.5161035e-10
1.2373346e-06
1.5237085e-10
1.2373249e-06
1.5310375e-10
1.2373151e-06
1.5381276e-10
1.2373052e-06
1.5450107e-10
1.2372953e-06
1.551715e-10
1.2372853e-06
1.5582582e-10
1.2372753e-06
1.564659e-10
1.2372652e-06
1.5709297e-10
1.2372551e-06
1.5770798e-10
1.2372449e-06
1.5831173e-10
1.2372347e-06
1.5890487e-10
1.2372244e-06
1.5948792e-10
1.2372141e-06
1.600612e-10
1.2372037e-06
1.6062518e-10
1.2371933e-06
1.6118e-10
1.2371829e-06
1.6172628e-10
1.2371724e-06
1.6226383e-10
1.2371619e-06
1.6279279e-10
1.2371513e-06
1.633139e-10
1.2371407e-06
1.6382703e-10
1.23713e-06
1.6433215e-10
1.2371193e-06
1.6482943e-10
1.2371086e-06
1.6531915e-10
1.2370978e-06
1.6580124e-10
1.237087e-06
1.6627579e-10
1.2370762e-06
1.6674313e-10
1.2370653e-06
1.6720338e-10
1.2370544e-06
1.6765655e-10
1.2370434e-06
1.6810255e-10
1.2370324e-06
1.6854155e-10
1.2370214e-06
1.6897348e-10
1.2370104e-06
1.6939863e-10
1.2369993e-06
1.6981728e-10
1.2369882e-06
1.702288e-10
1.236977e-06
1.7063369e-10
1.2369658e-06
1.7103189e-10
1.2369546e-06
1.714239e-10
1.2369434e-06
1.7180943e-10
1.2369321e-06
1.7218808e-10
1.2369208e-06
1.7256068e-10
1.2369095e-06
1.7292693e-10
1.2368981e-06
1.7328634e-10
1.2368867e-06
1.7363979e-10
1.2368753e-06
1.7398716e-10
1.2368639e-06
1.7432786e-10
1.2368524e-06
1.7466257e-10
1.2368409e-06
1.7499147e-10
1.2368294e-06
1.7531401e-10
1.2368179e-06
1.7563012e-10
1.2368063e-06
1.7594049e-10
1.2367947e-06
1.762448e-10
1.2367831e-06
1.7654293e-10
1.2367715e-06
1.7683528e-10
1.2367598e-06
1.7712188e-10
1.2367481e-06
1.774023e-10
1.2367364e-06
1.7767654e-10
1.2367247e-06
1.779449e-10
1.236713e-06
1.7820788e-10
1.2367012e-06
1.7846435e-10
1.2366894e-06
1.787125e-10
1.2366776e-06
1.7895515e-10
1.2366658e-06
1.7919547e-10
1.2366539e-06
1.7943099e-10
1.2366421e-06
1.7965937e-10
1.2366302e-06
1.7988137e-10
1.2366183e-06
1.8009723e-10
1.2366064e-06
1.8030781e-10
1.2365944e-06
1.8051418e-10
1.2365825e-06
1.8071456e-10
1.2365705e-06
1.8090644e-10
1.2365586e-06
1.8108987e-10
1.2365466e-06
1.8126874e-10
1.2365346e-06
1.8144666e-10
1.2365225e-06
1.8161825e-10
1.2365105e-06
1.8178169e-10
1.2364985e-06
1.8194172e-10
1.2364864e-06
1.8209757e-10
1.2364743e-06
1.8224448e-10
1.2364622e-06
1.8238263e-10
1.2364501e-06
1.825158e-10
1.236438e-06
1.8264591e-10
1.2364259e-06
1.8277055e-10
1.2364138e-06
1.8288929e-10
1.2364016e-06
1.8300496e-10
1.2363895e-06
1.8311479e-10
1.2363773e-06
1.83217e-10
1.2363652e-06
1.8331398e-10
1.236353e-06
1.834058e-10
1.2363408e-06
1.834907e-10
1.2363286e-06
1.8356895e-10
1.2363164e-06
1.8364081e-10
1.2363042e-06
1.8370943e-10
1.236292e-06
1.8377789e-10
1.2362798e-06
1.838465e-10
1.2362675e-06
1.8391989e-10
1.2362553e-06
1.8397562e-10
1.2362431e-06
1.8398072e-10
1.2362308e-06
1.8396833e-10
1.2362186e-06
1.8399378e-10
1.2362063e-06
1.8403841e-10
1.2361941e-06
1.8407789e-10
1.2361818e-06
1.8407062e-10
1.2361696e-06
1.8410601e-10
1.2361573e-06
1.8393307e-10
1.236145e-06
1.840383e-10
1.2361327e-06
1.8528443e-10
1.2361204e-06
1.8516389e-10
1.2361082e-06
1.8302859e-10
1.236096e-06
1.8248915e-10
1.2360837e-06
1.8363369e-10
1.2360715e-06
1.8430657e-10
1.2360592e-06
1.8398703e-10
1.2360469e-06
1.8361789e-10
1.2360347e-06
1.8359793e-10
1.2360221e-06
1.8731014e-10
1.2360101e-06
1.8144781e-10
1.7836466e-10
1.2910495e-06
9.4962168e-11
1.291041e-06
1.6605925e-10
1.2910318e-06
1.7039755e-10
1.2910224e-06
1.6333702e-10
1.291013e-06
1.5585273e-10
1.2910036e-06
1.5222642e-10
1.2909943e-06
1.5151631e-10
1.2909849e-06
1.5178336e-10
1.2909755e-06
1.5229634e-10
1.290966e-06
1.5296627e-10
1.2909564e-06
1.5377807e-10
1.2909468e-06
1.5472609e-10
1.2909371e-06
1.5558418e-10
1.2909273e-06
1.563907e-10
1.2909175e-06
1.5728203e-10
1.2909075e-06
1.5821487e-10
1.2908975e-06
1.5915459e-10
1.2908874e-06
1.6007935e-10
1.2908773e-06
1.6097507e-10
1.2908671e-06
1.6183658e-10
1.2908568e-06
1.6266481e-10
1.2908464e-06
1.6346306e-10
1.290836e-06
1.6423529e-10
1.2908255e-06
1.6498491e-10
1.290815e-06
1.6571496e-10
1.2908044e-06
1.6642738e-10
1.2907937e-06
1.6712415e-10
1.290783e-06
1.6780664e-10
1.2907722e-06
1.6847588e-10
1.2907614e-06
1.6913273e-10
1.2907505e-06
1.6977793e-10
1.2907396e-06
1.7041205e-10
1.2907286e-06
1.7103543e-10
1.2907176e-06
1.7164861e-10
1.2907065e-06
1.7225174e-10
1.2906954e-06
1.7284549e-10
1.2906842e-06
1.7342969e-10
1.290673e-06
1.7400448e-10
1.2906618e-06
1.7457065e-10
1.2906505e-06
1.7512809e-10
1.2906391e-06
1.7567678e-10
1.2906277e-06
1.762169e-10
1.2906163e-06
1.7674875e-10
1.2906048e-06
1.7727228e-10
1.2905933e-06
1.7778758e-10
1.2905818e-06
1.7829501e-10
1.2905702e-06
1.787947e-10
1.2905586e-06
1.7928666e-10
1.2905469e-06
1.7977082e-10
1.2905352e-06
1.8024737e-10
1.2905234e-06
1.8071621e-10
1.2905117e-06
1.8117768e-10
1.2904998e-06
1.8163205e-10
1.290488e-06
1.820787e-10
1.2904761e-06
1.8251814e-10
1.2904642e-06
1.8295031e-10
1.2904522e-06
1.8337574e-10
1.2904403e-06
1.8379414e-10
1.2904282e-06
1.8420508e-10
1.2904162e-06
1.8460945e-10
1.2904041e-06
1.8500693e-10
1.290392e-06
1.8539701e-10
1.2903799e-06
1.8578062e-10
1.2903677e-06
1.8615764e-10
1.2903555e-06
1.8652744e-10
1.2903433e-06
1.8689075e-10
1.290331e-06
1.8724775e-10
1.2903187e-06
1.8759788e-10
1.2903064e-06
1.8794107e-10
1.2902941e-06
1.8827803e-10
1.2902817e-06
1.8860845e-10
1.2902693e-06
1.8893217e-10
1.2902569e-06
1.8924965e-10
1.2902445e-06
1.895609e-10
1.290232e-06
1.8986549e-10
1.2902195e-06
1.9016342e-10
1.290207e-06
1.9045498e-10
1.2901945e-06
1.9074071e-10
1.2901819e-06
1.9101945e-10
1.2901693e-06
1.9128926e-10
1.2901567e-06
1.9155312e-10
1.2901441e-06
1.9181434e-10
1.2901315e-06
1.9207039e-10
1.2901188e-06
1.9231879e-10
1.2901061e-06
1.9256033e-10
1.2900934e-06
1.9279524e-10
1.2900807e-06
1.9302444e-10
1.290068e-06
1.9324907e-10
1.2900552e-06
1.9346726e-10
1.2900425e-06
1.9367637e-10
1.2900297e-06
1.9387643e-10
1.2900169e-06
1.9407151e-10
1.2900041e-06
1.9426543e-10
1.2899912e-06
1.9445259e-10
1.2899784e-06
1.9463104e-10
1.2899655e-06
1.9480575e-10
1.2899526e-06
1.9497592e-10
1.2899397e-06
1.9513658e-10
1.2899268e-06
1.9528787e-10
1.2899139e-06
1.9543374e-10
1.289901e-06
1.9557624e-10
1.2898881e-06
1.9571286e-10
1.2898751e-06
1.9584314e-10
1.2898621e-06
1.9597005e-10
1.2898492e-06
1.9609072e-10
1.2898362e-06
1.9620324e-10
1.2898232e-06
1.9631011e-10
1.2898102e-06
1.9641142e-10
1.2897972e-06
1.9650531e-10
1.2897841e-06
1.9659205e-10
1.2897711e-06
1.9667194e-10
1.2897581e-06
1.9674823e-10
1.289745e-06
1.9682422e-10
1.289732e-06
1.9690023e-10
1.2897189e-06
1.9698121e-10
1.2897058e-06
1.9704374e-10
1.2896928e-06
1.970531e-10
1.2896797e-06
1.9704353e-10
1.2896666e-06
1.9707308e-10
1.2896535e-06
1.9712266e-10
1.2896404e-06
1.9716713e-10
1.2896273e-06
1.9716232e-10
1.2896142e-06
1.9720243e-10
1.2896012e-06
1.9702301e-10
1.2895881e-06
1.9713136e-10
1.2895749e-06
1.9844876e-10
1.2895617e-06
1.9834601e-10
1.2895486e-06
1.9610152e-10
1.2895356e-06
1.9550584e-10
1.2895226e-06
1.9669838e-10
1.2895094e-06
1.9741963e-10
1.2894963e-06
1.970966e-10
1.2894832e-06
1.9671948e-10
1.2894701e-06
1.9671584e-10
1.2894567e-06
2.0072985e-10
1.2894439e-06
1.9423135e-10
1.9083079e-10
1.3465604e-06
1.0752538e-10
1.3465528e-06
1.0255393e-10
1.3465438e-06
1.7500355e-10
1.3465342e-06
1.8004324e-10
1.3465243e-06
1.7324057e-10
1.3465144e-06
1.6575237e-10
1.3465045e-06
1.6209386e-10
1.3464946e-06
1.6139822e-10
1.3464847e-06
1.6170746e-10
1.3464747e-06
1.6227716e-10
1.3464647e-06
1.6301434e-10
1.3464546e-06
1.6390241e-10
1.3464444e-06
1.6493331e-10
1.3464341e-06
1.6587147e-10
1.3464237e-06
1.6675631e-10
1.3464133e-06
1.6772983e-10
1.3464027e-06
1.6874716e-10
1.3463921e-06
1.6977113e-10
1.3463814e-06
1.7077825e-10
1.3463706e-06
1.7175362e-10
1.3463598e-06
1.7269186e-10
1.3463488e-06
1.7359401e-10
1.3463378e-06
1.7446361e-10
1.3463268e-06
1.7530487e-10
1.3463156e-06
1.7612146e-10
1.3463044e-06
1.7691664e-10
1.3462932e-06
1.776925e-10
1.3462818e-06
1.7845119e-10
1.3462705e-06
1.7919419e-10
1.346259e-06
1.7992264e-10
1.3462475e-06
1.8063747e-10
1.3462359e-06
1.813395e-10
1.3462243e-06
1.8202934e-10
1.3462127e-06
1.827074e-10
1.3462009e-06
1.8337425e-10
1.3461892e-06
1.8403008e-10
1.3461773e-06
1.8467561e-10
1.3461654e-06
1.8531066e-10
1.3461535e-06
1.8593542e-10
1.3461415e-06
1.8655073e-10
1.3461295e-06
1.8715647e-10
1.3461174e-06
1.8775264e-10
1.3461053e-06
1.8833944e-10
1.3460931e-06
1.8891721e-10
1.3460809e-06
1.8948589e-10
1.3460687e-06
1.9004557e-10
1.3460564e-06
1.9059667e-10
1.346044e-06
1.9113932e-10
1.3460316e-06
1.9167354e-10
1.3460192e-06
1.9219925e-10
1.3460067e-06
1.9271667e-10
1.3459942e-06
1.9322571e-10
1.3459817e-06
1.9372672e-10
1.3459691e-06
1.9421999e-10
1.3459565e-06
1.9470488e-10
1.3459438e-06
1.9518193e-10
1.3459311e-06
1.9565109e-10
1.3459184e-06
1.9611289e-10
1.3459056e-06
1.9656707e-10
1.3458928e-06
1.9701316e-10
1.3458799e-06
1.9745211e-10
1.3458671e-06
1.9788358e-10
1.3458541e-06
1.9830705e-10
1.3458412e-06
1.9872348e-10
1.3458282e-06
1.9913277e-10
1.3458152e-06
1.9953425e-10
1.3458022e-06
1.9992869e-10
1.3457891e-06
2.0031629e-10
1.345776e-06
2.0069646e-10
1.3457629e-06
2.0106913e-10
1.3457497e-06
2.0143504e-10
1.3457365e-06
2.0179387e-10
1.3457233e-06
2.0214548e-10
1.3457101e-06
2.0249032e-10
1.3456968e-06
2.0282842e-10
1.3456835e-06
2.0315934e-10
1.3456702e-06
2.0348306e-10
1.3456569e-06
2.037999e-10
1.3456435e-06
2.0411043e-10
1.3456301e-06
2.0441343e-10
1.3456167e-06
2.0470688e-10
1.3456032e-06
2.0499385e-10
1.3455898e-06
2.0527786e-10
1.3455763e-06
2.055563e-10
1.3455628e-06
2.0582653e-10
1.3455493e-06
2.0608938e-10
1.3455357e-06
2.063451e-10
1.3455221e-06
2.0659462e-10
1.3455085e-06
2.0683918e-10
1.3454949e-06
2.0707682e-10
1.3454813e-06
2.0730478e-10
1.3454677e-06
2.0752302e-10
1.345454e-06
2.0773583e-10
1.3454403e-06
2.0794724e-10
1.3454266e-06
2.0815143e-10
1.3454129e-06
2.0834632e-10
1.3453992e-06
2.0853709e-10
1.3453854e-06
2.0872296e-10
1.3453717e-06
2.0889869e-10
1.3453579e-06
2.0906441e-10
1.3453441e-06
2.0922423e-10
1.3453303e-06
2.0938034e-10
1.3453165e-06
2.0953013e-10
1.3453026e-06
2.096731e-10
1.3452888e-06
2.0981238e-10
1.3452749e-06
2.0994498e-10
1.3452611e-06
2.1006887e-10
1.3452472e-06
2.1018666e-10
1.3452333e-06
2.1029844e-10
1.3452194e-06
2.1040228e-10
1.3452055e-06
2.1049846e-10
1.3451916e-06
2.1058725e-10
1.3451777e-06
2.1067209e-10
1.3451637e-06
2.1075644e-10
1.3451498e-06
2.1084067e-10
1.3451359e-06
2.1093004e-10
1.3451219e-06
2.1100017e-10
1.3451079e-06
2.1101447e-10
1.345094e-06
2.1100831e-10
1.34508e-06
2.1104254e-10
1.345066e-06
2.1109767e-10
1.345052e-06
2.1114774e-10
1.3450381e-06
2.1114589e-10
1.3450241e-06
2.111913e-10
1.3450101e-06
2.1100554e-10
1.3449961e-06
2.111171e-10
1.344982e-06
2.1250913e-10
1.344968e-06
2.1242694e-10
1.344954e-06
2.1006977e-10
1.3449401e-06
2.0941381e-10
1.3449261e-06
2.1065493e-10
1.3449121e-06
2.1142716e-10
1.3448981e-06
2.1110174e-10
1.3448841e-06
2.1071847e-10
1.3448701e-06
2.107358e-10
1.3448558e-06
2.1507623e-10
1.3448422e-06
2.0783479e-10
1.4040948e-06
1.1649218e-10
1.4040866e-06
1.1071443e-10
1.4040773e-06
1.8437324e-10
1.4040672e-06
1.9014236e-10
1.4040568e-06
1.8364425e-10
1.4040463e-06
1.7618446e-10
1.4040359e-06
1.7251324e-10
1.4040255e-06
1.7184312e-10
1.404015e-06
1.7220194e-10
1.4040044e-06
1.7283552e-10
1.4039938e-06
1.7364746e-10
1.4039831e-06
1.7461968e-10
1.4039723e-06
1.7574126e-10
1.4039614e-06
1.7676715e-10
1.4039504e-06
1.7773817e-10
1.4039393e-06
1.788019e-10
1.4039281e-06
1.7991172e-10
1.4039169e-06
1.8102771e-10
1.4039055e-06
1.8212468e-10
1.4038941e-06
1.8318694e-10
1.4038826e-06
1.842089e-10
1.403871e-06
1.8519174e-10
1.4038593e-06
1.8613924e-10
1.4038476e-06
1.870559e-10
1.4038357e-06
1.8794565e-10
1.4038238e-06
1.8881197e-10
1.4038119e-06
1.8965714e-10
1.4037998e-06
1.9048347e-10
1.4037877e-06
1.9129257e-10
1.4037756e-06
1.9208567e-10
1.4037634e-06
1.9286382e-10
1.4037511e-06
1.9362789e-10
1.4037387e-06
1.9437857e-10
1.4037263e-06
1.9511631e-10
1.4037138e-06
1.9584173e-10
1.4037013e-06
1.9655506e-10
1.4036887e-06
1.9725707e-10
1.4036761e-06
1.9794761e-10
1.4036634e-06
1.9862687e-10
1.4036507e-06
1.9929575e-10
1.4036379e-06
1.9995415e-10
1.403625e-06
2.006021e-10
1.4036121e-06
2.0123979e-10
1.4035992e-06
2.018676e-10
1.4035862e-06
2.0248547e-10
1.4035731e-06
2.0309354e-10
1.40356e-06
2.0369221e-10
1.4035469e-06
2.0428166e-10
1.4035337e-06
2.0486191e-10
1.4035205e-06
2.0543289e-10
1.4035072e-06
2.0599483e-10
1.4034939e-06
2.0654766e-10
1.4034805e-06
2.0709172e-10
1.4034671e-06
2.0762736e-10
1.4034536e-06
2.0815389e-10
1.4034401e-06
2.0867189e-10
1.4034266e-06
2.0918132e-10
1.403413e-06
2.0968274e-10
1.4033994e-06
2.1017587e-10
1.4033858e-06
2.1066024e-10
1.4033721e-06
2.1113683e-10
1.4033584e-06
2.1160531e-10
1.4033446e-06
2.1206513e-10
1.4033308e-06
2.125173e-10
1.403317e-06
2.1296172e-10
1.4033031e-06
2.133977e-10
1.4032892e-06
2.1382604e-10
1.4032753e-06
2.1424695e-10
1.4032613e-06
2.1465983e-10
1.4032474e-06
2.150646e-10
1.4032333e-06
2.1546205e-10
1.4032193e-06
2.1585183e-10
1.4032052e-06
2.1623381e-10
1.4031911e-06
2.1660846e-10
1.4031769e-06
2.1697581e-10
1.4031627e-06
2.1733541e-10
1.4031485e-06
2.1768724e-10
1.4031343e-06
2.1803164e-10
1.40312e-06
2.183692e-10
1.4031058e-06
2.1869865e-10
1.4030914e-06
2.1901787e-10
1.4030771e-06
2.1933005e-10
1.4030628e-06
2.1963892e-10
1.4030484e-06
2.1994176e-10
1.403034e-06
2.2023583e-10
1.4030195e-06
2.2052194e-10
1.4030051e-06
2.2080036e-10
1.4029906e-06
2.2107208e-10
1.4029761e-06
2.2133839e-10
1.4029616e-06
2.2159729e-10
1.402947e-06
2.2184584e-10
1.4029325e-06
2.2208398e-10
1.4029179e-06
2.2231618e-10
1.4029033e-06
2.2254672e-10
1.4028887e-06
2.2276955e-10
1.402874e-06
2.2298244e-10
1.4028594e-06
2.231908e-10
1.4028447e-06
2.2339385e-10
1.40283e-06
2.2358613e-10
1.4028153e-06
2.2376768e-10
1.4028006e-06
2.2394282e-10
1.4027859e-06
2.2411388e-10
1.4027711e-06
2.2427815e-10
1.4027564e-06
2.2443509e-10
1.4027416e-06
2.2458798e-10
1.4027268e-06
2.2473372e-10
1.402712e-06
2.2487015e-10
1.4026972e-06
2.25e-10
1.4026824e-06
2.2512336e-10
1.4026675e-06
2.2523822e-10
1.4026527e-06
2.2534485e-10
1.4026378e-06
2.2544353e-10
1.4026229e-06
2.2553786e-10
1.4026081e-06
2.256315e-10
1.4025932e-06
2.2572487e-10
1.4025783e-06
2.2582353e-10
1.4025634e-06
2.2590212e-10
1.4025485e-06
2.2592214e-10
1.4025336e-06
2.2592007e-10
1.4025187e-06
2.2595964e-10
1.4025037e-06
2.26021e-10
1.4024888e-06
2.2607735e-10
1.4024739e-06
2.2607903e-10
1.4024589e-06
2.2613039e-10
1.402444e-06
2.2593848e-10
1.4024291e-06
2.2605337e-10
1.402414e-06
2.2752349e-10
1.402399e-06
2.2746487e-10
1.4023841e-06
2.2499161e-10
1.4023692e-06
2.2427118e-10
1.4023543e-06
2.2556138e-10
1.4023394e-06
2.2638725e-10
1.4023244e-06
2.2606064e-10
1.4023095e-06
2.2567353e-10
1.4022945e-06
2.2571739e-10
1.4022791e-06
2.3041075e-10
2.2230156e-10
1.4637215e-06
1.2600884e-10
1.4637128e-06
1.1946539e-10
1.4637029e-06
1.9420445e-10
1.4636924e-06
2.0071446e-10
1.4636814e-06
1.9456542e-10
1.4636705e-06
1.8716827e-10
1.4636595e-06
1.8350619e-10
1.4636484e-06
1.8287424e-10
1.4636374e-06
1.8329111e-10
1.4636262e-06
1.8399667e-10
1.4636149e-06
1.8489179e-10
1.4636036e-06
1.859569e-10
1.4635922e-06
1.8717772e-10
1.4635806e-06
1.8829977e-10
1.463569e-06
1.8936561e-10
1.4635573e-06
1.9052843e-10
1.4635455e-06
1.9173949e-10
1.4635335e-06
1.9295601e-10
1.4635215e-06
1.9415102e-10
1.4635094e-06
1.9530805e-10
1.4634972e-06
1.9642136e-10
1.4634849e-06
1.9749228e-10
1.4634725e-06
1.9852485e-10
1.46346e-06
1.9952388e-10
1.4634475e-06
2.0049356e-10
1.4634348e-06
2.014376e-10
1.4634221e-06
2.0235851e-10
1.4634094e-06
2.0325875e-10
1.4633965e-06
2.0414005e-10
1.4633836e-06
2.0500379e-10
1.4633706e-06
2.058511e-10
1.4633576e-06
2.0668292e-10
1.4633444e-06
2.0750003e-10
1.4633313e-06
2.0830292e-10
1.463318e-06
2.0909228e-10
1.4633047e-06
2.0986837e-10
1.4632913e-06
2.1063202e-10
1.4632779e-06
2.1138309e-10
1.4632644e-06
2.1212181e-10
1.4632508e-06
2.1284914e-10
1.4632372e-06
2.1356498e-10
1.4632235e-06
2.1426937e-10
1.4632098e-06
2.1496255e-10
1.463196e-06
2.1564492e-10
1.4631822e-06
2.1631643e-10
1.4631683e-06
2.1697722e-10
1.4631544e-06
2.1762776e-10
1.4631404e-06
2.1826821e-10
1.4631264e-06
2.1889862e-10
1.4631123e-06
2.1951892e-10
1.4630982e-06
2.2012937e-10
1.463084e-06
2.207299e-10
1.4630697e-06
2.2132087e-10
1.4630555e-06
2.2190266e-10
1.4630411e-06
2.2247455e-10
1.4630268e-06
2.2303716e-10
1.4630124e-06
2.2359045e-10
1.4629979e-06
2.2413501e-10
1.4629834e-06
2.2467056e-10
1.4629689e-06
2.2519662e-10
1.4629543e-06
2.2571421e-10
1.4629397e-06
2.26223e-10
1.462925e-06
2.2672241e-10
1.4629103e-06
2.2721351e-10
1.4628956e-06
2.2769618e-10
1.4628808e-06
2.2816973e-10
1.462866e-06
2.28635e-10
1.4628512e-06
2.2909219e-10
1.4628363e-06
2.295407e-10
1.4628214e-06
2.2998044e-10
1.4628064e-06
2.3041224e-10
1.4627915e-06
2.3083574e-10
1.4627764e-06
2.3125081e-10
1.4627614e-06
2.3165794e-10
1.4627463e-06
2.3205717e-10
1.4627312e-06
2.3244802e-10
1.462716e-06
2.3283049e-10
1.4627009e-06
2.3320493e-10
1.4626857e-06
2.3357195e-10
1.4626704e-06
2.3393026e-10
1.4626552e-06
2.3427759e-10
1.4626399e-06
2.3461728e-10
1.4626246e-06
2.3495326e-10
1.4626092e-06
2.3528272e-10
1.4625939e-06
2.3560279e-10
1.4625785e-06
2.359143e-10
1.4625631e-06
2.3621751e-10
1.4625476e-06
2.3651347e-10
1.4625322e-06
2.3680355e-10
1.4625167e-06
2.3708566e-10
1.4625012e-06
2.3735673e-10
1.4624856e-06
2.3761664e-10
1.4624701e-06
2.3787006e-10
1.4624545e-06
2.3812152e-10
1.4624389e-06
2.3836475e-10
1.4624233e-06
2.3859737e-10
1.4624076e-06
2.38825e-10
1.462392e-06
2.3904688e-10
1.4623763e-06
2.3925729e-10
1.4623606e-06
2.3945625e-10
1.4623449e-06
2.3964821e-10
1.4623292e-06
2.398357e-10
1.4623135e-06
2.4001589e-10
1.4622977e-06
2.401882e-10
1.4622819e-06
2.4035606e-10
1.4622662e-06
2.4051627e-10
1.4622504e-06
2.4066655e-10
1.4622346e-06
2.408097e-10
1.4622187e-06
2.4094586e-10
1.4622029e-06
2.4107291e-10
1.4621871e-06
2.4119114e-10
1.4621712e-06
2.4130081e-10
1.4621553e-06
2.414057e-10
1.4621395e-06
2.4150966e-10
1.4621236e-06
2.4161316e-10
1.4621077e-06
2.4172211e-10
1.4620918e-06
2.4181013e-10
1.4620758e-06
2.4183673e-10
1.4620599e-06
2.4183951e-10
1.462044e-06
2.4188518e-10
1.4620281e-06
2.4195352e-10
1.4620121e-06
2.4201691e-10
1.4619962e-06
2.4202277e-10
1.4619802e-06
2.4208082e-10
1.4619643e-06
2.4188303e-10
1.4619483e-06
2.4200142e-10
1.4619323e-06
2.435532e-10
1.4619163e-06
2.4352135e-10
1.4619003e-06
2.4092869e-10
1.4618844e-06
2.4013951e-10
1.4618685e-06
2.4147916e-10
1.4618526e-06
2.423614e-10
1.4618366e-06
2.4203495e-10
1.4618206e-06
2.416468e-10
1.4618046e-06
2.4172387e-10
1.4617882e-06
2.4679857e-10
2.3766273e-10
1.5255039e-06
1.3612424e-10
1.5254945e-06
1.2882643e-10
1.5254842e-06
2.0452965e-10
1.5254731e-06
2.1177981e-10
1.5254617e-06
2.0602141e-10
1.5254501e-06
1.9872274e-10
1.5254385e-06
1.950941e-10
1.5254269e-06
1.9451467e-10
1.5254152e-06
1.9499917e-10
1.5254034e-06
1.9578591e-10
1.5253915e-06
1.9677361e-10
1.5253795e-06
1.9794132e-10
1.5253674e-06
1.9927078e-10
1.5253552e-06
2.0049823e-10
1.5253429e-06
2.0166846e-10
1.5253305e-06
2.0294012e-10
1.525318e-06
2.0426206e-10
1.5253054e-06
2.055884e-10
1.5252926e-06
2.0689039e-10
1.5252798e-06
2.0815081e-10
1.5252668e-06
2.093638e-10
1.5252538e-06
2.1053087e-10
1.5252407e-06
2.1165635e-10
1.5252275e-06
2.1274535e-10
1.5252141e-06
2.1380238e-10
1.5252007e-06
2.1483137e-10
1.5251873e-06
2.1583503e-10
1.5251737e-06
2.1681603e-10
1.5251601e-06
2.1777625e-10
1.5251464e-06
2.1871717e-10
1.5251326e-06
2.1964002e-10
1.5251187e-06
2.2054585e-10
1.5251048e-06
2.2143551e-10
1.5250908e-06
2.2230956e-10
1.5250767e-06
2.2316873e-10
1.5250626e-06
2.2401333e-10
1.5250483e-06
2.2484426e-10
1.5250341e-06
2.256614e-10
1.5250197e-06
2.2646501e-10
1.5250053e-06
2.272561e-10
1.5249908e-06
2.280346e-10
1.5249763e-06
2.2880057e-10
1.5249617e-06
2.2955427e-10
1.5249471e-06
2.3029614e-10
1.5249324e-06
2.3102613e-10
1.5249176e-06
2.3174442e-10
1.5249028e-06
2.3245149e-10
1.5248879e-06
2.3314754e-10
1.524873e-06
2.3383263e-10
1.524858e-06
2.3450669e-10
1.5248429e-06
2.3517001e-10
1.5248278e-06
2.3582252e-10
1.5248127e-06
2.3646461e-10
1.5247975e-06
2.3709667e-10
1.5247823e-06
2.3771799e-10
1.524767e-06
2.3832921e-10
1.5247516e-06
2.3893028e-10
1.5247362e-06
2.3952184e-10
1.5247208e-06
2.401036e-10
1.5247053e-06
2.4067508e-10
1.5246898e-06
2.4123733e-10
1.5246742e-06
2.4179003e-10
1.5246586e-06
2.4233256e-10
1.524643e-06
2.4286607e-10
1.5246273e-06
2.4339042e-10
1.5246115e-06
2.4390491e-10
1.5245958e-06
2.4441039e-10
1.5245799e-06
2.4490711e-10
1.5245641e-06
2.4539444e-10
1.5245482e-06
2.4587229e-10
1.5245323e-06
2.4634151e-10
1.5245163e-06
2.4680177e-10
1.5245003e-06
2.4725289e-10
1.5244843e-06
2.4769542e-10
1.5244682e-06
2.4812939e-10
1.5244521e-06
2.4855432e-10
1.5244359e-06
2.489702e-10
1.5244198e-06
2.4937739e-10
1.5244036e-06
2.4977655e-10
1.5243873e-06
2.5016631e-10
1.5243711e-06
2.5054432e-10
1.5243548e-06
2.5091403e-10
1.5243384e-06
2.5127959e-10
1.5243221e-06
2.5163811e-10
1.5243057e-06
2.5198656e-10
1.5242893e-06
2.5232579e-10
1.5242729e-06
2.5265608e-10
1.5242564e-06
2.5297852e-10
1.5242399e-06
2.5329457e-10
1.5242234e-06
2.5360205e-10
1.5242068e-06
2.5389774e-10
1.5241903e-06
2.5418147e-10
1.5241737e-06
2.5445812e-10
1.5241571e-06
2.5473248e-10
1.5241404e-06
2.5499804e-10
1.5241238e-06
2.5525226e-10
1.5241071e-06
2.55501e-10
1.5240904e-06
2.5574352e-10
1.5240737e-06
2.5597384e-10
1.524057e-06
2.5619189e-10
1.5240402e-06
2.5640236e-10
1.5240234e-06
2.5660789e-10
1.5240067e-06
2.5680559e-10
1.5239898e-06
2.5699481e-10
1.523973e-06
2.5717916e-10
1.5239562e-06
2.5735531e-10
1.5239393e-06
2.5752086e-10
1.5239225e-06
2.576787e-10
1.5239056e-06
2.57829e-10
1.5238887e-06
2.5796955e-10
1.5238718e-06
2.5810063e-10
1.5238548e-06
2.5822251e-10
1.5238379e-06
2.5833912e-10
1.523821e-06
2.5845455e-10
1.523804e-06
2.585693e-10
1.523787e-06
2.5868965e-10
1.5237701e-06
2.5878818e-10
1.5237531e-06
2.5882233e-10
1.5237361e-06
2.5883082e-10
1.5237191e-06
2.5888343e-10
1.5237021e-06
2.589596e-10
1.5236851e-06
2.5903088e-10
1.5236681e-06
2.5904165e-10
1.523651e-06
2.5910722e-10
1.523634e-06
2.5890389e-10
1.523617e-06
2.5902599e-10
1.5235999e-06
2.6066312e-10
1.5235827e-06
2.6066149e-10
1.5235657e-06
2.5794624e-10
1.5235488e-06
2.5708394e-10
1.5235318e-06
2.5847333e-10
1.5235147e-06
2.5941468e-10
1.5234977e-06
2.5908986e-10
1.5234806e-06
2.5870412e-10
1.5234635e-06
2.5882239e-10
1.523446e-06
2.6430866e-10
2.5397527e-10
1.5895175e-06
2.094511e-10
1.5895068e-06
1.4686582e-10
1.5894968e-06
1.3881565e-10
1.5894859e-06
2.1538005e-10
1.5894743e-06
2.2335921e-10
1.5894623e-06
2.1802942e-10
1.5894502e-06
2.1086639e-10
1.589438e-06
2.0729797e-10
1.5894257e-06
2.0678711e-10
1.5894134e-06
2.073501e-10
1.5894009e-06
2.0822841e-10
1.5893884e-06
2.0931924e-10
1.5893757e-06
2.1060031e-10
1.5893629e-06
2.1204873e-10
1.58935e-06
2.1339175e-10
1.589337e-06
2.1467692e-10
1.5893239e-06
2.1606819e-10
1.5893106e-06
2.1751155e-10
1.5892973e-06
2.1895786e-10
1.5892838e-06
2.2037657e-10
1.5892702e-06
2.2174978e-10
1.5892565e-06
2.2307154e-10
1.5892427e-06
2.2434359e-10
1.5892288e-06
2.2557055e-10
1.5892147e-06
2.2675786e-10
1.5892006e-06
2.2791033e-10
1.5891864e-06
2.2903216e-10
1.5891721e-06
2.3012629e-10
1.5891578e-06
2.3119556e-10
1.5891433e-06
2.3224201e-10
1.5891288e-06
2.3326727e-10
1.5891141e-06
2.3427268e-10
1.5890994e-06
2.3525938e-10
1.5890846e-06
2.362283e-10
1.5890697e-06
2.3718006e-10
1.5890548e-06
2.3811547e-10
1.5890398e-06
2.3903489e-10
1.5890247e-06
2.3993928e-10
1.5890095e-06
2.4082854e-10
1.5889943e-06
2.4170297e-10
1.588979e-06
2.4256365e-10
1.5889636e-06
2.4341052e-10
1.5889481e-06
2.4424368e-10
1.5889326e-06
2.4506341e-10
1.5889171e-06
2.4587018e-10
1.5889014e-06
2.4666397e-10
1.5888857e-06
2.4744496e-10
1.58887e-06
2.4821368e-10
1.5888541e-06
2.4897036e-10
1.5888383e-06
2.4971505e-10
1.5888223e-06
2.5044772e-10
1.5888063e-06
2.5116867e-10
1.5887903e-06
2.5187784e-10
1.5887742e-06
2.5257565e-10
1.588758e-06
2.5326251e-10
1.5887418e-06
2.539377e-10
1.5887255e-06
2.5460188e-10
1.5887092e-06
2.5525503e-10
1.5886928e-06
2.558978e-10
1.5886764e-06
2.5652993e-10
1.5886599e-06
2.5715089e-10
1.5886434e-06
2.5776181e-10
1.5886268e-06
2.5836235e-10
1.5886102e-06
2.5895188e-10
1.5885935e-06
2.5953159e-10
1.5885768e-06
2.6010136e-10
1.58856e-06
2.6066045e-10
1.5885432e-06
2.6120977e-10
1.5885264e-06
2.6174957e-10
1.5885095e-06
2.6227919e-10
1.5884926e-06
2.6279857e-10
1.5884756e-06
2.6330859e-10
1.5884586e-06
2.638089e-10
1.5884416e-06
2.6429933e-10
1.5884245e-06
2.6478045e-10
1.5884074e-06
2.652523e-10
1.5883902e-06
2.6571438e-10
1.588373e-06
2.6616669e-10
1.5883558e-06
2.666096e-10
1.5883385e-06
2.670438e-10
1.5883212e-06
2.6746789e-10
1.5883039e-06
2.6787938e-10
1.5882865e-06
2.6828185e-10
1.5882691e-06
2.686797e-10
1.5882517e-06
2.6906993e-10
1.5882342e-06
2.6944937e-10
1.5882167e-06
2.6981888e-10
1.5881992e-06
2.7017875e-10
1.5881816e-06
2.7053012e-10
1.5881641e-06
2.7087454e-10
1.5881465e-06
2.7120976e-10
1.5881288e-06
2.7153237e-10
1.5881112e-06
2.7184218e-10
1.5880935e-06
2.7214426e-10
1.5880758e-06
2.7244368e-10
1.588058e-06
2.7273369e-10
1.5880403e-06
2.7301158e-10
1.5880225e-06
2.7328346e-10
1.5880047e-06
2.735486e-10
1.5879868e-06
2.7380075e-10
1.587969e-06
2.7403979e-10
1.5879511e-06
2.7427058e-10
1.5879332e-06
2.7449596e-10
1.5879153e-06
2.7471291e-10
1.5878974e-06
2.7492074e-10
1.5878795e-06
2.7512324e-10
1.5878615e-06
2.7531696e-10
1.5878435e-06
2.7549934e-10
1.5878255e-06
2.7567341e-10
1.5878075e-06
2.7583934e-10
1.5877895e-06
2.7599483e-10
1.5877715e-06
2.7614015e-10
1.5877534e-06
2.7627558e-10
1.5877353e-06
2.7640522e-10
1.5877173e-06
2.7653339e-10
1.5876992e-06
2.7666063e-10
1.5876811e-06
2.767936e-10
1.5876629e-06
2.7690383e-10
1.5876448e-06
2.7694662e-10
1.5876267e-06
2.7696181e-10
1.5876086e-06
2.7702232e-10
1.5875904e-06
2.7710725e-10
1.5875723e-06
2.7718739e-10
1.5875541e-06
2.772039e-10
1.5875359e-06
2.7727789e-10
1.5875178e-06
2.7706947e-10
1.5874996e-06
2.7719553e-10
1.5874813e-06
2.7892183e-10
1.587463e-06
2.7895411e-10
1.5874449e-06
2.7611322e-10
1.5874268e-06
2.7517335e-10
1.5874086e-06
2.7661267e-10
1.5873904e-06
2.7761591e-10
1.5873722e-06
2.7729435e-10
1.587354e-06
2.7691521e-10
1.5873358e-06
2.7708418e-10
1.5873171e-06
2.83014e-10
2.713161e-10
1.6558082e-06
2.2152904e-10
1.6557968e-06
1.5826371e-10
1.6557861e-06
1.4946905e-10
1.6557747e-06
2.2678553e-10
1.6557626e-06
2.3547373e-10
1.65575e-06
2.3060643e-10
1.6557373e-06
2.2361717e-10
1.6557244e-06
2.2013818e-10
1.6557115e-06
2.1971373e-10
1.6556985e-06
2.2036741e-10
1.6556854e-06
2.2134906e-10
1.6556721e-06
2.2255479e-10
1.6556588e-06
2.2396118e-10
1.6556453e-06
2.2553986e-10
1.6556317e-06
2.2700963e-10
1.6556179e-06
2.2842138e-10
1.6556041e-06
2.2994412e-10
1.65559e-06
2.3152048e-10
1.6555759e-06
2.3309784e-10
1.6555616e-06
2.346439e-10
1.6555472e-06
2.3614015e-10
1.6555327e-06
2.3758062e-10
1.6555181e-06
2.3896728e-10
1.6555034e-06
2.4030508e-10
1.6554885e-06
2.4159981e-10
1.6554736e-06
2.4285659e-10
1.6554585e-06
2.440799e-10
1.6554434e-06
2.4527292e-10
1.6554282e-06
2.4643868e-10
1.6554128e-06
2.475794e-10
1.6553974e-06
2.4869685e-10
1.6553819e-06
2.4979248e-10
1.6553663e-06
2.5086755e-10
1.6553506e-06
2.5192306e-10
1.6553348e-06
2.5295973e-10
1.6553189e-06
2.5397843e-10
1.655303e-06
2.5497956e-10
1.655287e-06
2.5596417e-10
1.6552708e-06
2.5693218e-10
1.6552547e-06
2.5788393e-10
1.6552384e-06
2.5882057e-10
1.6552221e-06
2.5974208e-10
1.6552057e-06
2.6064856e-10
1.6551892e-06
2.6154034e-10
1.6551727e-06
2.6241792e-10
1.655156e-06
2.6328131e-10
1.6551393e-06
2.6413071e-10
1.6551226e-06
2.6496668e-10
1.6551058e-06
2.6578947e-10
1.6550889e-06
2.6659917e-10
1.6550719e-06
2.6739575e-10
1.6550549e-06
2.6817954e-10
1.6550379e-06
2.6895049e-10
1.6550207e-06
2.6970904e-10
1.6550035e-06
2.7045565e-10
1.6549863e-06
2.7118955e-10
1.654969e-06
2.7191148e-10
1.6549516e-06
2.7262139e-10
1.6549342e-06
2.7331999e-10
1.6549167e-06
2.74007e-10
1.6548992e-06
2.746819e-10
1.6548816e-06
2.7534586e-10
1.654864e-06
2.7599854e-10
1.6548463e-06
2.766393e-10
1.6548285e-06
2.7726936e-10
1.6548107e-06
2.7788863e-10
1.6547929e-06
2.7849634e-10
1.654775e-06
2.7909343e-10
1.6547571e-06
2.7968018e-10
1.6547391e-06
2.8025592e-10
1.6547211e-06
2.8082057e-10
1.654703e-06
2.8137507e-10
1.6546849e-06
2.8191904e-10
1.6546668e-06
2.8245233e-10
1.6546486e-06
2.8297552e-10
1.6546303e-06
2.8348868e-10
1.6546121e-06
2.8399128e-10
1.6545937e-06
2.8448333e-10
1.6545754e-06
2.8496521e-10
1.654557e-06
2.8543764e-10
1.6545386e-06
2.8589919e-10
1.6545201e-06
2.8634722e-10
1.6545016e-06
2.8678547e-10
1.654483e-06
2.8721855e-10
1.6544645e-06
2.876434e-10
1.6544459e-06
2.8805668e-10
1.6544272e-06
2.8845927e-10
1.6544086e-06
2.8885146e-10
1.6543898e-06
2.8923445e-10
1.6543711e-06
2.8960987e-10
1.6543523e-06
2.8997541e-10
1.6543336e-06
2.9032749e-10
1.6543147e-06
2.9066584e-10
1.6542959e-06
2.9099576e-10
1.654277e-06
2.9132261e-10
1.6542581e-06
2.9163939e-10
1.6542392e-06
2.9194322e-10
1.6542202e-06
2.9224047e-10
1.6542012e-06
2.9253041e-10
1.6541822e-06
2.9280652e-10
1.6541632e-06
2.9306861e-10
1.6541441e-06
2.9332175e-10
1.6541251e-06
2.9356893e-10
1.654106e-06
2.9380705e-10
1.6540869e-06
2.9403538e-10
1.6540677e-06
2.9425785e-10
1.6540486e-06
2.9447092e-10
1.6540294e-06
2.9467188e-10
1.6540102e-06
2.9486387e-10
1.653991e-06
2.9504707e-10
1.6539718e-06
2.9521909e-10
1.6539525e-06
2.953802e-10
1.6539333e-06
2.9553068e-10
1.653914e-06
2.956748e-10
1.6538947e-06
2.9581711e-10
1.6538754e-06
2.9595821e-10
1.6538561e-06
2.9610517e-10
1.6538368e-06
2.9622843e-10
1.6538175e-06
2.9628107e-10
1.6537981e-06
2.9630406e-10
1.6537788e-06
2.9637353e-10
1.6537594e-06
2.9646829e-10
1.65374e-06
2.9655834e-10
1.6537207e-06
2.9658153e-10
1.6537013e-06
2.9666498e-10
1.6536819e-06
2.9645199e-10
1.6536625e-06
2.9658236e-10
1.653643e-06
2.9840177e-10
1.6536235e-06
2.9847188e-10
1.6536041e-06
2.9550246e-10
1.6535848e-06
2.9448054e-10
1.6535654e-06
2.9596989e-10
1.653546e-06
2.9703782e-10
1.6535266e-06
2.9672133e-10
1.6535072e-06
2.9635385e-10
1.6534877e-06
2.9658482e-10
1.6534677e-06
3.0299171e-10
2.8976781e-10
1.7244544e-06
2.3405784e-10
1.7244423e-06
1.7032209e-10
1.724431e-06
1.6080889e-10
1.724419e-06
2.3877431e-10
1.7244063e-06
2.4814446e-10
1.7243931e-06
2.4376901e-10
1.7243798e-06
2.3699229e-10
1.7243663e-06
2.3363439e-10
1.7243527e-06
2.333159e-10
1.724339e-06
2.3407391e-10
1.7243251e-06
2.3517223e-10
1.7243112e-06
2.3650603e-10
1.7242971e-06
2.3805097e-10
1.7242829e-06
2.397723e-10
1.7242685e-06
2.4138111e-10
1.724254e-06
2.4293234e-10
1.7242393e-06
2.4459961e-10
1.7242245e-06
2.4632163e-10
1.7242096e-06
2.4804214e-10
1.7241945e-06
2.4972715e-10
1.7241793e-06
2.5135762e-10
1.7241639e-06
2.5292762e-10
1.7241485e-06
2.5443941e-10
1.7241329e-06
2.5589829e-10
1.7241172e-06
2.573104e-10
1.7241013e-06
2.5868119e-10
1.7240854e-06
2.6001544e-10
1.7240694e-06
2.6131656e-10
1.7240532e-06
2.6258781e-10
1.724037e-06
2.6383159e-10
1.7240206e-06
2.6504981e-10
1.7240042e-06
2.6624407e-10
1.7239876e-06
2.6741572e-10
1.723971e-06
2.6856587e-10
1.7239542e-06
2.6969531e-10
1.7239374e-06
2.70805e-10
1.7239205e-06
2.718954e-10
1.7239035e-06
2.7296763e-10
1.7238864e-06
2.7402164e-10
1.7238692e-06
2.7505783e-10
1.723852e-06
2.7607742e-10
1.7238346e-06
2.770804e-10
1.7238172e-06
2.7806692e-10
1.7237997e-06
2.7903734e-10
1.7237821e-06
2.799922e-10
1.7237645e-06
2.8093153e-10
1.7237468e-06
2.8185557e-10
1.723729e-06
2.827649e-10
1.7237111e-06
2.8365982e-10
1.7236931e-06
2.8454043e-10
1.7236751e-06
2.8540673e-10
1.7236571e-06
2.8625905e-10
1.7236389e-06
2.8709737e-10
1.7236207e-06
2.8792217e-10
1.7236024e-06
2.8873392e-10
1.7235841e-06
2.8953185e-10
1.7235657e-06
2.9031673e-10
1.7235472e-06
2.9108853e-10
1.7235287e-06
2.9184799e-10
1.7235101e-06
2.9259484e-10
1.7234914e-06
2.9332855e-10
1.7234727e-06
2.9405033e-10
1.723454e-06
2.9475985e-10
1.7234352e-06
2.9545645e-10
1.7234163e-06
2.9614142e-10
1.7233974e-06
2.9681465e-10
1.7233784e-06
2.9747535e-10
1.7233593e-06
2.9812453e-10
1.7233403e-06
2.9876247e-10
1.7233211e-06
2.9938849e-10
1.723302e-06
3.000025e-10
1.7232827e-06
3.0060549e-10
1.7232634e-06
3.0119708e-10
1.7232441e-06
3.017771e-10
1.7232247e-06
3.0234619e-10
1.7232053e-06
3.0290441e-10
1.7231859e-06
3.0345121e-10
1.7231664e-06
3.039866e-10
1.7231468e-06
3.04511e-10
1.7231272e-06
3.0502516e-10
1.7231076e-06
3.0552759e-10
1.7230879e-06
3.0601551e-10
1.7230682e-06
3.0649284e-10
1.7230485e-06
3.0696438e-10
1.7230287e-06
3.0742703e-10
1.7230089e-06
3.0787728e-10
1.722989e-06
3.08316e-10
1.7229691e-06
3.0874351e-10
1.7229492e-06
3.0916106e-10
1.7229292e-06
3.0957039e-10
1.7229093e-06
3.0996908e-10
1.7228892e-06
3.1035339e-10
1.7228692e-06
3.1072299e-10
1.7228491e-06
3.110834e-10
1.722829e-06
3.1144028e-10
1.7228088e-06
3.1178639e-10
1.7227886e-06
3.1211865e-10
1.7227684e-06
3.1244371e-10
1.7227482e-06
3.1276084e-10
1.722728e-06
3.1306324e-10
1.7227077e-06
3.1335066e-10
1.7226874e-06
3.1362836e-10
1.722667e-06
3.1389952e-10
1.7226467e-06
3.1416093e-10
1.7226263e-06
3.144118e-10
1.7226059e-06
3.1465628e-10
1.7225855e-06
3.1489067e-10
1.722565e-06
3.1511213e-10
1.7225446e-06
3.153239e-10
1.7225241e-06
3.1552618e-10
1.7225036e-06
3.157165e-10
1.7224831e-06
3.1589511e-10
1.7224626e-06
3.1606228e-10
1.722442e-06
3.1622248e-10
1.7224214e-06
3.163805e-10
1.7224009e-06
3.1653699e-10
1.7223803e-06
3.1669945e-10
1.7223597e-06
3.168372e-10
1.722339e-06
3.1690106e-10
1.7223184e-06
3.1693307e-10
1.7222978e-06
3.1701271e-10
1.7222771e-06
3.171185e-10
1.7222565e-06
3.1721966e-10
1.7222358e-06
3.1725057e-10
1.7222151e-06
3.1734463e-10
1.7221944e-06
3.1712774e-10
1.7221738e-06
3.1726281e-10
1.722153e-06
3.1917941e-10
1.7221322e-06
3.1929153e-10
1.7221115e-06
3.1619088e-10
1.7220909e-06
3.150824e-10
1.7220702e-06
3.166218e-10
1.7220495e-06
3.1775725e-10
1.7220288e-06
3.1744779e-10
1.722008e-06
3.170981e-10
1.7219872e-06
3.1740448e-10
1.7219659e-06
3.2432333e-10
3.0941901e-10
1.7955261e-06
2.4703125e-10
1.7955134e-06
1.8299011e-10
1.7955014e-06
1.7284781e-10
1.7954888e-06
2.5137263e-10
1.7954756e-06
2.6139216e-10
1.7954618e-06
2.5753314e-10
1.7954478e-06
2.5100807e-10
1.7954336e-06
2.4780527e-10
1.7954193e-06
2.4761396e-10
1.7954049e-06
2.4849149e-10
1.7953903e-06
2.4972154e-10
1.7953757e-06
2.511981e-10
1.7953608e-06
2.5289628e-10
1.7953458e-06
2.5477382e-10
1.7953307e-06
2.5653517e-10
1.7953153e-06
2.5824013e-10
1.7952999e-06
2.6006632e-10
1.7952843e-06
2.6194787e-10
1.7952685e-06
2.6382473e-10
1.7952525e-06
2.6566132e-10
1.7952365e-06
2.674382e-10
1.7952202e-06
2.6914955e-10
1.7952039e-06
2.7079796e-10
1.7951874e-06
2.7238909e-10
1.7951708e-06
2.7392946e-10
1.795154e-06
2.7542487e-10
1.7951372e-06
2.7688039e-10
1.7951202e-06
2.7829971e-10
1.7951031e-06
2.7968631e-10
1.7950859e-06
2.8104277e-10
1.7950685e-06
2.8237117e-10
1.7950511e-06
2.8367324e-10
1.7950336e-06
2.8495046e-10
1.7950159e-06
2.8620405e-10
1.7949982e-06
2.8743488e-10
1.7949804e-06
2.88644e-10
1.7949624e-06
2.8983194e-10
1.7949444e-06
2.9099989e-10
1.7949263e-06
2.9214785e-10
1.7949081e-06
2.9327626e-10
1.7948897e-06
2.9438643e-10
1.7948713e-06
2.9547837e-10
1.7948529e-06
2.9655228e-10
1.7948343e-06
2.9760855e-10
1.7948156e-06
2.9864776e-10
1.7947969e-06
2.9966998e-10
1.7947781e-06
3.0067547e-10
1.7947592e-06
3.0166487e-10
1.7947402e-06
3.026385e-10
1.7947211e-06
3.0359647e-10
1.794702e-06
3.0453882e-10
1.7946828e-06
3.054659e-10
1.7946635e-06
3.0637771e-10
1.7946442e-06
3.0727476e-10
1.7946247e-06
3.0815756e-10
1.7946052e-06
3.0902533e-10
1.7945857e-06
3.0987886e-10
1.7945661e-06
3.1071815e-10
1.7945464e-06
3.1154398e-10
1.7945266e-06
3.1235608e-10
1.7945068e-06
3.1315391e-10
1.7944869e-06
3.1393874e-10
1.7944669e-06
3.1471024e-10
1.7944469e-06
3.1546773e-10
1.7944269e-06
3.1621256e-10
1.7944067e-06
3.1694463e-10
1.7943865e-06
3.1766313e-10
1.7943663e-06
3.183691e-10
1.794346e-06
3.1906286e-10
1.7943256e-06
3.1974371e-10
1.7943052e-06
3.2041156e-10
1.7942848e-06
3.2106743e-10
1.7942643e-06
3.2171096e-10
1.7942437e-06
3.2234197e-10
1.7942231e-06
3.2296112e-10
1.7942024e-06
3.2356848e-10
1.7941817e-06
3.241635e-10
1.7941609e-06
3.247462e-10
1.7941401e-06
3.2531701e-10
1.7941193e-06
3.258767e-10
1.7940984e-06
3.2642375e-10
1.7940774e-06
3.2695525e-10
1.7940565e-06
3.2747524e-10
1.7940354e-06
3.2798881e-10
1.7940144e-06
3.2849273e-10
1.7939933e-06
3.2898335e-10
1.7939721e-06
3.2946157e-10
1.7939509e-06
3.2992769e-10
1.7939297e-06
3.3038303e-10
1.7939085e-06
3.3082941e-10
1.7938872e-06
3.3126436e-10
1.7938658e-06
3.3168394e-10
1.7938445e-06
3.3208777e-10
1.7938231e-06
3.3248158e-10
1.7938016e-06
3.3287134e-10
1.7937802e-06
3.3324957e-10
1.7937587e-06
3.3361301e-10
1.7937372e-06
3.3396854e-10
1.7937156e-06
3.3431549e-10
1.793694e-06
3.3464675e-10
1.7936724e-06
3.34962e-10
1.7936508e-06
3.352667e-10
1.7936291e-06
3.3556422e-10
1.7936074e-06
3.3585125e-10
1.7935857e-06
3.3612695e-10
1.793564e-06
3.3639565e-10
1.7935422e-06
3.3665353e-10
1.7935204e-06
3.3689761e-10
1.7934986e-06
3.3713121e-10
1.7934768e-06
3.3735459e-10
1.7934549e-06
3.3756515e-10
1.7934331e-06
3.3776315e-10
1.7934112e-06
3.3794885e-10
1.7933893e-06
3.3812691e-10
1.7933673e-06
3.3830237e-10
1.7933454e-06
3.3847594e-10
1.7933234e-06
3.3865556e-10
1.7933015e-06
3.3880944e-10
1.7932795e-06
3.3888602e-10
1.7932575e-06
3.3892846e-10
1.7932355e-06
3.3901963e-10
1.7932135e-06
3.3913777e-10
1.7931914e-06
3.3925136e-10
1.7931694e-06
3.392912e-10
1.7931473e-06
3.3939714e-10
1.7931253e-06
3.3917712e-10
1.7931032e-06
3.3931741e-10
1.7930811e-06
3.4133542e-10
1.7930589e-06
3.4149399e-10
1.7930368e-06
3.3825959e-10
1.7930148e-06
3.3706008e-10
1.7929928e-06
3.3864949e-10
1.7929707e-06
3.3985529e-10
1.7929486e-06
3.3955503e-10
1.7929265e-06
3.3923049e-10
1.7929042e-06
3.3962818e-10
1.7928815e-06
3.4709501e-10
3.3036462e-10
1.8690954e-06
2.6044054e-10
1.8690822e-06
1.9622454e-10
1.8690694e-06
1.8559354e-10
1.8690562e-06
2.6460411e-10
1.8690424e-06
2.7523683e-10
1.869028e-06
2.7191396e-10
1.8690133e-06
2.6567972e-10
1.8689984e-06
2.6266827e-10
1.8689834e-06
2.626269e-10
1.8689683e-06
2.6364082e-10
1.868953e-06
2.6501961e-10
1.8689375e-06
2.6665532e-10
1.8689219e-06
2.6852298e-10
1.8689061e-06
2.7057154e-10
1.8688901e-06
2.725003e-10
1.868874e-06
2.7437477e-10
1.8688577e-06
2.7637571e-10
1.8688412e-06
2.7843197e-10
1.8688246e-06
2.8047956e-10
1.8688077e-06
2.8248149e-10
1.8687908e-06
2.8441805e-10
1.8687736e-06
2.8628364e-10
1.8687563e-06
2.880812e-10
1.8687389e-06
2.898168e-10
1.8687213e-06
2.9149732e-10
1.8687036e-06
2.9312894e-10
1.8686858e-06
2.9471706e-10
1.8686678e-06
2.9626561e-10
1.8686497e-06
2.9777833e-10
1.8686315e-06
2.99258e-10
1.8686132e-06
3.0070686e-10
1.8685947e-06
3.0212681e-10
1.8685762e-06
3.0351945e-10
1.8685575e-06
3.0488612e-10
1.8685387e-06
3.0622778e-10
1.8685198e-06
3.0754557e-10
1.8685008e-06
3.0884008e-10
1.8684817e-06
3.1011262e-10
1.8684625e-06
3.1136322e-10
1.8684431e-06
3.1259237e-10
1.8684237e-06
3.1380147e-10
1.8684042e-06
3.1499058e-10
1.8683846e-06
3.1615991e-10
1.8683649e-06
3.1730992e-10
1.8683451e-06
3.1844123e-10
1.8683252e-06
3.1955394e-10
1.8683053e-06
3.2064834e-10
1.8682852e-06
3.2172512e-10
1.8682651e-06
3.2278464e-10
1.8682448e-06
3.2382704e-10
1.8682245e-06
3.2485237e-10
1.8682041e-06
3.2586103e-10
1.8681836e-06
3.2685302e-10
1.8681631e-06
3.2782889e-10
1.8681425e-06
3.287892e-10
1.8681217e-06
3.2973314e-10
1.868101e-06
3.3066156e-10
1.8680801e-06
3.3157447e-10
1.8680592e-06
3.3247268e-10
1.8680382e-06
3.3335595e-10
1.8680171e-06
3.3422371e-10
1.867996e-06
3.3507731e-10
1.8679748e-06
3.3591641e-10
1.8679535e-06
3.3674031e-10
1.8679322e-06
3.3755042e-10
1.8679108e-06
3.3834666e-10
1.8678893e-06
3.3912819e-10
1.8678678e-06
3.3989611e-10
1.8678462e-06
3.4065076e-10
1.8678245e-06
3.413914e-10
1.8678028e-06
3.4211797e-10
1.8677811e-06
3.4283154e-10
1.8677592e-06
3.4353172e-10
1.8677374e-06
3.4421836e-10
1.8677154e-06
3.4489213e-10
1.8676934e-06
3.4555312e-10
1.8676714e-06
3.4620077e-10
1.8676493e-06
3.468351e-10
1.8676272e-06
3.4745656e-10
1.867605e-06
3.4806596e-10
1.8675827e-06
3.4866173e-10
1.8675605e-06
3.4924083e-10
1.8675381e-06
3.4980743e-10
1.8675158e-06
3.5036688e-10
1.8674933e-06
3.5091589e-10
1.8674709e-06
3.5145063e-10
1.8674483e-06
3.5197201e-10
1.8674258e-06
3.5248033e-10
1.8674032e-06
3.5297699e-10
1.8673806e-06
3.534639e-10
1.8673579e-06
3.5393851e-10
1.8673352e-06
3.543967e-10
1.8673124e-06
3.54838e-10
1.8672896e-06
3.552684e-10
1.8672668e-06
3.5569418e-10
1.867244e-06
3.561076e-10
1.8672211e-06
3.5650521e-10
1.8671981e-06
3.5689417e-10
1.8671752e-06
3.5727382e-10
1.8671522e-06
3.5763677e-10
1.8671292e-06
3.5798259e-10
1.8671061e-06
3.5831697e-10
1.867083e-06
3.5864348e-10
1.8670599e-06
3.589587e-10
1.8670368e-06
3.5926173e-10
1.8670136e-06
3.595571e-10
1.8669905e-06
3.5984087e-10
1.8669672e-06
3.6010989e-10
1.866944e-06
3.6036761e-10
1.8669207e-06
3.6061429e-10
1.8668975e-06
3.6084725e-10
1.8668742e-06
3.6106673e-10
1.8668508e-06
3.6127299e-10
1.8668275e-06
3.6147087e-10
1.8668041e-06
3.6166569e-10
1.8667807e-06
3.6185822e-10
1.8667573e-06
3.6205685e-10
1.8667339e-06
3.6222867e-10
1.8667105e-06
3.6231966e-10
1.866687e-06
3.6237409e-10
1.8666636e-06
3.624783e-10
1.8666401e-06
3.6261028e-10
1.8666166e-06
3.6273779e-10
1.8665931e-06
3.627879e-10
1.8665696e-06
3.6290714e-10
1.8665461e-06
3.6268493e-10
1.8665226e-06
3.6283103e-10
1.866499e-06
3.6495484e-10
1.8664753e-06
3.6516454e-10
1.8664518e-06
3.6179413e-10
1.8664283e-06
3.6049913e-10
1.8664049e-06
3.6213847e-10
1.8663813e-06
3.6341747e-10
1.8663577e-06
3.6312883e-10
1.8663341e-06
3.6283833e-10
1.8663104e-06
3.6334607e-10
1.8662861e-06
3.7139772e-10
3.5270629e-10
1.9452362e-06
2.7434818e-10
1.9452224e-06
2.1002472e-10
1.945209e-06
1.9905091e-10
1.9451951e-06
2.784891e-10
1.9451806e-06
2.8969721e-10
1.9451656e-06
2.8692542e-10
1.9451503e-06
2.8102111e-10
1.9451347e-06
2.7823942e-10
1.9451189e-06
2.7837208e-10
1.945103e-06
2.7954101e-10
1.945087e-06
2.8108777e-10
1.9450707e-06
2.8290088e-10
1.9450543e-06
2.8495599e-10
1.9450377e-06
2.8719172e-10
1.9450209e-06
2.8930428e-10
1.9450039e-06
2.9136571e-10
1.9449867e-06
2.9355883e-10
1.9449693e-06
2.9580635e-10
1.9449518e-06
2.9804033e-10
1.944934e-06
3.0022259e-10
1.9449161e-06
3.0233331e-10
1.944898e-06
3.0436719e-10
1.9448798e-06
3.0632758e-10
1.9448614e-06
3.0822095e-10
1.9448428e-06
3.1005463e-10
1.9448241e-06
3.1183514e-10
1.9448053e-06
3.135682e-10
1.9447863e-06
3.1525806e-10
1.9447671e-06
3.1690869e-10
1.9447479e-06
3.185231e-10
1.9447285e-06
3.2010369e-10
1.9447089e-06
3.2165254e-10
1.9446893e-06
3.2317137e-10
1.9446695e-06
3.2466166e-10
1.9446496e-06
3.2612446e-10
1.9446296e-06
3.2756103e-10
1.9446095e-06
3.2897203e-10
1.9445892e-06
3.3035885e-10
1.9445689e-06
3.3172161e-10
1.9445484e-06
3.3306083e-10
1.9445278e-06
3.34378e-10
1.9445071e-06
3.3567323e-10
1.9444864e-06
3.3694679e-10
1.9444655e-06
3.3819916e-10
1.9444445e-06
3.3943104e-10
1.9444234e-06
3.4064255e-10
1.9444022e-06
3.4183402e-10
1.9443809e-06
3.4300619e-10
1.9443595e-06
3.4415946e-10
1.9443381e-06
3.4529401e-10
1.9443165e-06
3.4640991e-10
1.9442949e-06
3.4750759e-10
1.9442731e-06
3.4858708e-10
1.9442513e-06
3.4964896e-10
1.9442294e-06
3.5069383e-10
1.9442074e-06
3.5172088e-10
1.9441854e-06
3.5273101e-10
1.9441632e-06
3.5372422e-10
1.944141e-06
3.5470141e-10
1.9441187e-06
3.5566231e-10
1.9440963e-06
3.5660635e-10
1.9440738e-06
3.5753496e-10
1.9440513e-06
3.5844779e-10
1.9440287e-06
3.5934413e-10
1.944006e-06
3.6022546e-10
1.9439833e-06
3.610917e-10
1.9439605e-06
3.6194199e-10
1.9439376e-06
3.6277749e-10
1.9439146e-06
3.6359855e-10
1.9438916e-06
3.6440443e-10
1.9438685e-06
3.6519507e-10
1.9438454e-06
3.6597159e-10
1.9438222e-06
3.6673359e-10
1.9437989e-06
3.6748092e-10
1.9437756e-06
3.682143e-10
1.9437522e-06
3.6893383e-10
1.9437288e-06
3.6963892e-10
1.9437053e-06
3.703296e-10
1.9436818e-06
3.7100636e-10
1.9436582e-06
3.7167003e-10
1.9436345e-06
3.7231901e-10
1.9436108e-06
3.7295009e-10
1.943587e-06
3.7356762e-10
1.9435632e-06
3.741772e-10
1.9435394e-06
3.7477547e-10
1.9435155e-06
3.7535843e-10
1.9434915e-06
3.7592698e-10
1.9434675e-06
3.7648145e-10
1.9434434e-06
3.770233e-10
1.9434194e-06
3.7755453e-10
1.9433952e-06
3.7807253e-10
1.943371e-06
3.7857298e-10
1.9433468e-06
3.7905534e-10
1.9433226e-06
3.7952581e-10
1.9432983e-06
3.7999104e-10
1.9432739e-06
3.8044302e-10
1.9432496e-06
3.808781e-10
1.9432252e-06
3.8130373e-10
1.9432007e-06
3.8171924e-10
1.9431762e-06
3.8211697e-10
1.9431517e-06
3.824964e-10
1.9431272e-06
3.8286341e-10
1.9431026e-06
3.8322179e-10
1.943078e-06
3.8356801e-10
1.9430533e-06
3.8390114e-10
1.9430287e-06
3.8422587e-10
1.943004e-06
3.8453817e-10
1.9429793e-06
3.8483471e-10
1.9429545e-06
3.8511905e-10
1.9429297e-06
3.8539149e-10
1.9429049e-06
3.8564923e-10
1.9428801e-06
3.858925e-10
1.9428552e-06
3.8612155e-10
1.9428304e-06
3.8634144e-10
1.9428055e-06
3.8655775e-10
1.9427806e-06
3.8677132e-10
1.9427556e-06
3.8699101e-10
1.9427307e-06
3.8718277e-10
1.9427057e-06
3.8729006e-10
1.9426807e-06
3.8735822e-10
1.9426557e-06
3.8747717e-10
1.9426307e-06
3.8762467e-10
1.9426057e-06
3.8776775e-10
1.9425806e-06
3.8782963e-10
1.9425556e-06
3.8796378e-10
1.9425305e-06
3.8774045e-10
1.9425055e-06
3.878931e-10
1.9424803e-06
3.9012725e-10
1.9424551e-06
3.9039307e-10
1.94243e-06
3.8688461e-10
1.942405e-06
3.8548975e-10
1.9423799e-06
3.8717892e-10
1.9423548e-06
3.8853397e-10
1.9423297e-06
3.8825965e-10
1.9423045e-06
3.8801385e-10
1.9422792e-06
3.8865376e-10
1.9422533e-06
3.9732753e-10
3.7655276e-10
2.0240388e-06
2.7543404e-10
2.0240244e-06
2.8877554e-10
2.02401e-06
2.243902e-10
2.0239958e-06
2.1322352e-10
2.0239813e-06
2.9304412e-10
2.0239662e-06
3.047902e-10
2.0239505e-06
3.0257996e-10
2.0239345e-06
2.9704458e-10
2.0239182e-06
2.9453299e-10
2.0239017e-06
2.9486479e-10
2.023885e-06
2.9620927e-10
2.0238682e-06
2.9794573e-10
2.0238511e-06
2.9995649e-10
2.0238339e-06
3.0221892e-10
2.0238164e-06
3.0465939e-10
2.0237987e-06
3.0697381e-10
2.0237809e-06
3.0924156e-10
2.0237628e-06
3.1164601e-10
2.0237445e-06
3.1410286e-10
2.023726e-06
3.1654029e-10
2.0237073e-06
3.1891916e-10
2.0236884e-06
3.2121979e-10
2.0236693e-06
3.2343727e-10
2.0236501e-06
3.2557541e-10
2.0236306e-06
3.2764111e-10
2.0236111e-06
3.2964213e-10
2.0235913e-06
3.3158537e-10
2.0235714e-06
3.3347691e-10
2.0235513e-06
3.3532128e-10
2.0235311e-06
3.3712272e-10
2.0235108e-06
3.3888445e-10
2.0234903e-06
3.406091e-10
2.0234696e-06
3.4229889e-10
2.0234488e-06
3.439557e-10
2.0234279e-06
3.4558115e-10
2.0234069e-06
3.4717639e-10
2.0233857e-06
3.487428e-10
2.0233644e-06
3.5028112e-10
2.0233429e-06
3.5179286e-10
2.0233214e-06
3.5327816e-10
2.0232997e-06
3.5473765e-10
2.0232779e-06
3.5617291e-10
2.023256e-06
3.5758407e-10
2.023234e-06
3.5897148e-10
2.0232118e-06
3.6033565e-10
2.0231896e-06
3.6167736e-10
2.0231672e-06
3.6299676e-10
2.0231448e-06
3.6429422e-10
2.0231222e-06
3.6557055e-10
2.0230995e-06
3.6682617e-10
2.0230768e-06
3.6806131e-10
2.0230539e-06
3.6927606e-10
2.0230309e-06
3.7047091e-10
2.0230079e-06
3.7164589e-10
2.0229847e-06
3.7280164e-10
2.0229615e-06
3.739388e-10
2.0229381e-06
3.7505654e-10
2.0229147e-06
3.7615582e-10
2.0228912e-06
3.7723666e-10
2.0228676e-06
3.7830001e-10
2.0228439e-06
3.7934561e-10
2.0228202e-06
3.8037289e-10
2.0227963e-06
3.8138334e-10
2.0227724e-06
3.8237661e-10
2.0227484e-06
3.8335199e-10
2.0227243e-06
3.8431101e-10
2.0227001e-06
3.8525361e-10
2.0226759e-06
3.8617893e-10
2.0226516e-06
3.8708816e-10
2.0226272e-06
3.8798169e-10
2.0226027e-06
3.8885875e-10
2.0225782e-06
3.8971931e-10
2.0225536e-06
3.9056451e-10
2.022529e-06
3.9139398e-10
2.0225042e-06
3.9220755e-10
2.0224794e-06
3.9300599e-10
2.0224546e-06
3.9378941e-10
2.0224297e-06
3.945572e-10
2.0224047e-06
3.9530942e-10
2.0223797e-06
3.9604655e-10
2.0223546e-06
3.9676949e-10
2.0223294e-06
3.9747658e-10
2.0223042e-06
3.9816447e-10
2.0222789e-06
3.9883764e-10
2.0222536e-06
3.9950199e-10
2.0222282e-06
4.0015408e-10
2.0222028e-06
4.0078973e-10
2.0221773e-06
4.0140987e-10
2.0221518e-06
4.0201481e-10
2.0221262e-06
4.0260607e-10
2.0221005e-06
4.031858e-10
2.0220749e-06
4.0375127e-10
2.0220491e-06
4.0429798e-10
2.0220234e-06
4.0482531e-10
2.0219976e-06
4.053397e-10
2.0219717e-06
4.0584814e-10
2.0219458e-06
4.0634238e-10
2.0219199e-06
4.0681855e-10
2.0218939e-06
4.0728438e-10
2.0218679e-06
4.0773924e-10
2.0218418e-06
4.0817516e-10
2.0218157e-06
4.0859151e-10
2.0217896e-06
4.089944e-10
2.0217634e-06
4.0938783e-10
2.0217372e-06
4.0976817e-10
2.021711e-06
4.1013442e-10
2.0216847e-06
4.104915e-10
2.0216584e-06
4.1083523e-10
2.0216321e-06
4.1116212e-10
2.0216057e-06
4.1147585e-10
2.0215793e-06
4.1177674e-10
2.0215529e-06
4.1206188e-10
2.0215265e-06
4.123315e-10
2.0215e-06
4.1258585e-10
2.0214735e-06
4.1283016e-10
2.021447e-06
4.1307032e-10
2.0214205e-06
4.1330723e-10
2.0213939e-06
4.1355025e-10
2.0213674e-06
4.1376416e-10
2.0213408e-06
4.1388984e-10
2.0213141e-06
4.1397369e-10
2.0212875e-06
4.1410929e-10
2.0212609e-06
4.1427416e-10
2.0212342e-06
4.1443466e-10
2.0212075e-06
4.1451001e-10
2.0211808e-06
4.1466083e-10
2.0211541e-06
4.1443766e-10
2.0211274e-06
4.1459773e-10
2.0211006e-06
4.1694695e-10
2.0210737e-06
4.1727413e-10
2.021047e-06
4.1362586e-10
2.0210203e-06
4.1212688e-10
2.0209936e-06
4.1386578e-10
2.0209669e-06
4.1529977e-10
2.0209401e-06
4.1504279e-10
2.0209133e-06
4.1485457e-10
2.0208863e-06
4.1565266e-10
2.0208586e-06
4.2498583e-10
4.0202036e-10
2.1055527e-06
2.9053348e-10
2.1055378e-06
3.0374997e-10
2.1055228e-06
2.3935648e-10
2.1055079e-06
2.2811201e-10
2.1054927e-06
3.0828122e-10
2.1054769e-06
3.2053024e-10
2.1054606e-06
3.1888804e-10
2.1054439e-06
3.137606e-10
2.1054269e-06
3.1156124e-10
2.1054096e-06
3.121179e-10
2.1053922e-06
3.1366057e-10
2.1053745e-06
3.1561128e-10
2.1053566e-06
3.1784212e-10
2.1053385e-06
3.2033379e-10
2.1053202e-06
3.2299808e-10
2.1053016e-06
3.255343e-10
2.1052828e-06
3.2802983e-10
2.1052638e-06
3.3066662e-10
2.1052446e-06
3.3335249e-10
2.1052251e-06
3.3601188e-10
2.1052054e-06
3.386051e-10
2.1051855e-06
3.4111279e-10
2.1051654e-06
3.4353055e-10
2.1051451e-06
3.4586269e-10
2.1051246e-06
3.481166e-10
2.105104e-06
3.5030044e-10
2.1050831e-06
3.5242154e-10
2.1050621e-06
3.5448633e-10
2.105041e-06
3.5649963e-10
2.1050196e-06
3.5846598e-10
2.1049981e-06
3.6038882e-10
2.1049765e-06
3.62271e-10
2.1049546e-06
3.6411491e-10
2.1049327e-06
3.659226e-10
2.1049106e-06
3.6769583e-10
2.1048883e-06
3.6943587e-10
2.1048659e-06
3.7114421e-10
2.1048434e-06
3.7282171e-10
2.1048207e-06
3.7446997e-10
2.1047979e-06
3.7608922e-10
2.1047749e-06
3.7768014e-10
2.1047519e-06
3.7924441e-10
2.1047287e-06
3.8078225e-10
2.1047053e-06
3.8229402e-10
2.1046819e-06
3.8378033e-10
2.1046583e-06
3.85242e-10
2.1046346e-06
3.8667922e-10
2.1046108e-06
3.8809243e-10
2.1045869e-06
3.8948249e-10
2.1045629e-06
3.9084987e-10
2.1045388e-06
3.9219483e-10
2.1045145e-06
3.9351751e-10
2.1044902e-06
3.9481842e-10
2.1044657e-06
3.9609764e-10
2.1044412e-06
3.9735584e-10
2.1044165e-06
3.9859373e-10
2.1043918e-06
3.9981045e-10
2.1043669e-06
4.0100702e-10
2.104342e-06
4.0218351e-10
2.1043169e-06
4.0334087e-10
2.1042918e-06
4.044789e-10
2.1042666e-06
4.0559701e-10
2.1042413e-06
4.0669676e-10
2.1042159e-06
4.0777781e-10
2.1041904e-06
4.0883943e-10
2.1041648e-06
4.0988323e-10
2.1041391e-06
4.1090917e-10
2.1041134e-06
4.1191635e-10
2.1040876e-06
4.1290604e-10
2.1040617e-06
4.1387864e-10
2.1040357e-06
4.148334e-10
2.1040097e-06
4.1577025e-10
2.1039835e-06
4.1669043e-10
2.1039573e-06
4.1759353e-10
2.1039311e-06
4.1847941e-10
2.1039047e-06
4.1934887e-10
2.1038783e-06
4.2020203e-10
2.1038518e-06
4.2103829e-10
2.1038253e-06
4.2185769e-10
2.1037987e-06
4.2266076e-10
2.103772e-06
4.2344843e-10
2.1037452e-06
4.24219e-10
2.1037184e-06
4.2496895e-10
2.1036916e-06
4.2570295e-10
2.1036647e-06
4.2642715e-10
2.1036377e-06
4.2713805e-10
2.1036106e-06
4.2783131e-10
2.1035835e-06
4.2850784e-10
2.1035564e-06
4.2916798e-10
2.1035292e-06
4.298133e-10
2.1035019e-06
4.3044608e-10
2.1034746e-06
4.3106349e-10
2.1034472e-06
4.3166086e-10
2.1034198e-06
4.3223745e-10
2.1033924e-06
4.3279996e-10
2.1033649e-06
4.3335575e-10
2.1033373e-06
4.338963e-10
2.1033097e-06
4.3441753e-10
2.1032821e-06
4.3492746e-10
2.1032544e-06
4.3542549e-10
2.1032266e-06
4.3590333e-10
2.1031989e-06
4.3636026e-10
2.1031711e-06
4.368026e-10
2.1031432e-06
4.3723457e-10
2.1031153e-06
4.3765245e-10
2.1030874e-06
4.3805516e-10
2.1030595e-06
4.3844786e-10
2.1030315e-06
4.3882623e-10
2.1030034e-06
4.391866e-10
2.1029754e-06
4.3953278e-10
2.1029473e-06
4.398651e-10
2.1029192e-06
4.4018054e-10
2.102891e-06
4.4047934e-10
2.1028629e-06
4.4076171e-10
2.1028346e-06
4.4103312e-10
2.1028064e-06
4.4129974e-10
2.1027782e-06
4.4156254e-10
2.1027499e-06
4.418314e-10
2.1027216e-06
4.4206994e-10
2.1026933e-06
4.4221633e-10
2.1026649e-06
4.4231806e-10
2.1026365e-06
4.4247244e-10
2.1026082e-06
4.4265675e-10
2.1025798e-06
4.4283673e-10
2.1025513e-06
4.4292745e-10
2.1025229e-06
4.4309692e-10
2.1024945e-06
4.4287537e-10
2.102466e-06
4.4304391e-10
2.1024375e-06
4.4551314e-10
2.1024088e-06
4.4590721e-10
2.1023803e-06
4.4211764e-10
2.1023519e-06
4.4051044e-10
2.1023235e-06
4.4229903e-10
2.102295e-06
4.4381484e-10
2.1022665e-06
4.4357865e-10
2.1022379e-06
4.4346352e-10
2.1022091e-06
4.4445033e-10
2.1021796e-06
4.5447966e-10
4.2923348e-10
2.1898719e-06
3.0607171e-10
2.1898564e-06
3.1927364e-10
2.1898408e-06
2.5493882e-10
2.1898252e-06
2.4371307e-10
2.1898093e-06
3.2420757e-10
2.1897929e-06
3.369287e-10
2.1897759e-06
3.358576e-10
2.1897585e-06
3.3117751e-10
2.1897407e-06
3.2933403e-10
2.1897227e-06
3.3014133e-10
2.1897044e-06
3.3190716e-10
2.189686e-06
3.3409985e-10
2.1896672e-06
3.3657553e-10
2.1896482e-06
3.3932061e-10
2.189629e-06
3.4222936e-10
2.1896095e-06
3.4500946e-10
2.1895898e-06
3.4775657e-10
2.1895698e-06
3.5064875e-10
2.1895496e-06
3.5358503e-10
2.1895291e-06
3.564865e-10
2.1895084e-06
3.5931331e-10
2.1894875e-06
3.6204671e-10
2.1894663e-06
3.6468292e-10
2.189445e-06
3.6722679e-10
2.1894234e-06
3.6968621e-10
2.1894016e-06
3.7206978e-10
2.1893797e-06
3.7438526e-10
2.1893575e-06
3.7663942e-10
2.1893352e-06
3.7883742e-10
2.1893126e-06
3.8098408e-10
2.18929e-06
3.8308311e-10
2.1892671e-06
3.8513754e-10
2.1892441e-06
3.8714998e-10
2.1892209e-06
3.8912266e-10
2.1891975e-06
3.9105747e-10
2.189174e-06
3.9295582e-10
2.1891503e-06
3.9481934e-10
2.1891265e-06
3.9664898e-10
2.1891025e-06
3.9844648e-10
2.1890784e-06
4.0021211e-10
2.1890541e-06
4.0194666e-10
2.1890297e-06
4.0365192e-10
2.1890051e-06
4.0532816e-10
2.1889805e-06
4.0697581e-10
2.1889556e-06
4.0859554e-10
2.1889307e-06
4.1018825e-10
2.1889056e-06
4.1175417e-10
2.1888804e-06
4.132938e-10
2.1888551e-06
4.1480806e-10
2.1888297e-06
4.1629748e-10
2.1888041e-06
4.1776236e-10
2.1887784e-06
4.1920287e-10
2.1887526e-06
4.2061958e-10
2.1887267e-06
4.2201261e-10
2.1887007e-06
4.2338265e-10
2.1886745e-06
4.2473048e-10
2.1886483e-06
4.2605525e-10
2.1886219e-06
4.2735802e-10
2.1885955e-06
4.2863888e-10
2.1885689e-06
4.2989887e-10
2.1885423e-06
4.3113777e-10
2.1885155e-06
4.3235501e-10
2.1884886e-06
4.3355221e-10
2.1884617e-06
4.3472906e-10
2.1884346e-06
4.358848e-10
2.1884075e-06
4.3702112e-10
2.1883803e-06
4.3813801e-10
2.188353e-06
4.3923454e-10
2.1883256e-06
4.4031204e-10
2.1882981e-06
4.4137095e-10
2.1882705e-06
4.424105e-10
2.1882428e-06
4.4343063e-10
2.1882151e-06
4.4443264e-10
2.1881873e-06
4.4541613e-10
2.1881594e-06
4.4638095e-10
2.1881314e-06
4.4732795e-10
2.1881033e-06
4.4825726e-10
2.1880752e-06
4.4916828e-10
2.188047e-06
4.5006106e-10
2.1880187e-06
4.5093614e-10
2.1879904e-06
4.5179452e-10
2.187962e-06
4.5263444e-10
2.1879335e-06
4.5345222e-10
2.1879049e-06
4.5425269e-10
2.1878763e-06
4.550423e-10
2.1878476e-06
4.5581749e-10
2.1878189e-06
4.5657372e-10
2.1877901e-06
4.5731192e-10
2.1877612e-06
4.5803244e-10
2.1877323e-06
4.5873691e-10
2.1877033e-06
4.5942771e-10
2.1876743e-06
4.6010198e-10
2.1876452e-06
4.6075481e-10
2.187616e-06
4.6138537e-10
2.1875868e-06
4.6200062e-10
2.1875576e-06
4.6260829e-10
2.1875283e-06
4.631996e-10
2.1874989e-06
4.6377024e-10
2.1874695e-06
4.6432855e-10
2.1874401e-06
4.6487395e-10
2.1874106e-06
4.6539781e-10
2.187381e-06
4.6589933e-10
2.1873515e-06
4.6638504e-10
2.1873218e-06
4.668594e-10
2.1872922e-06
4.6731858e-10
2.1872625e-06
4.6776144e-10
2.1872327e-06
4.6819336e-10
2.1872029e-06
4.6860989e-10
2.1871731e-06
4.6900719e-10
2.1871432e-06
4.6938917e-10
2.1871134e-06
4.6975621e-10
2.1870834e-06
4.7010517e-10
2.1870535e-06
4.7043626e-10
2.1870235e-06
4.7074971e-10
2.1869935e-06
4.7105117e-10
2.1869634e-06
4.7134714e-10
2.1869333e-06
4.7163865e-10
2.1869032e-06
4.7193614e-10
2.1868731e-06
4.7220202e-10
2.186843e-06
4.7237171e-10
2.1868128e-06
4.7249377e-10
2.1867826e-06
4.7266929e-10
2.1867524e-06
4.7287538e-10
2.1867221e-06
4.7307713e-10
2.1866919e-06
4.7318534e-10
2.1866616e-06
4.7337566e-10
2.1866313e-06
4.7315742e-10
2.186601e-06
4.7333565e-10
2.1865706e-06
4.7593004e-10
2.1865401e-06
4.7639686e-10
2.1865098e-06
4.724648e-10
2.1864795e-06
4.7074547e-10
2.1864492e-06
4.7258377e-10
2.1864189e-06
4.7418434e-10
2.1863885e-06
4.739729e-10
2.186358e-06
4.7394961e-10
2.1863273e-06
4.7516086e-10
2.1862958e-06
4.8592188e-10
4.583251e-10
2.2770784e-06
3.2208599e-10
2.2770623e-06
3.3532621e-10
2.2770461e-06
2.7113984e-10
2.2770298e-06
2.6001875e-10
2.2770132e-06
3.4082492e-10
2.2769962e-06
3.539932e-10
2.2769785e-06
3.5349351e-10
2.2769604e-06
3.4930118e-10
2.2769419e-06
3.4785848e-10
2.2769231e-06
3.4894158e-10
2.276904e-06
3.5095822e-10
2.2768847e-06
3.534242e-10
2.2768651e-06
3.5617191e-10
2.2768452e-06
3.59197e-10
2.2768251e-06
3.6237247e-10
2.2768047e-06
3.6542094e-10
2.276784e-06
3.6844607e-10
2.276763e-06
3.7161882e-10
2.2767418e-06
3.7482875e-10
2.2767203e-06
3.7799409e-10
2.2766985e-06
3.810754e-10
2.2766765e-06
3.840548e-10
2.2766542e-06
3.8692923e-10
2.2766318e-06
3.8970415e-10
2.2766091e-06
3.9238793e-10
2.2765861e-06
3.9498968e-10
2.276563e-06
3.9751755e-10
2.2765397e-06
3.9997869e-10
2.2765161e-06
4.0237861e-10
2.2764924e-06
4.0472242e-10
2.2764685e-06
4.0701408e-10
2.2764443e-06
4.0925688e-10
2.27642e-06
4.114536e-10
2.2763956e-06
4.1360667e-10
2.2763709e-06
4.1571816e-10
2.2763461e-06
4.177896e-10
2.2763211e-06
4.1982277e-10
2.2762959e-06
4.2181873e-10
2.2762706e-06
4.2377934e-10
2.2762451e-06
4.2570499e-10
2.2762194e-06
4.275965e-10
2.2761936e-06
4.2945584e-10
2.2761676e-06
4.3128331e-10
2.2761415e-06
4.3307942e-10
2.2761153e-06
4.3484492e-10
2.2760889e-06
4.3658078e-10
2.2760624e-06
4.3828729e-10
2.2760357e-06
4.39965e-10
2.2760089e-06
4.4161491e-10
2.275982e-06
4.432376e-10
2.2759549e-06
4.4483344e-10
2.2759277e-06
4.4640262e-10
2.2759004e-06
4.4794577e-10
2.2758729e-06
4.4946304e-10
2.2758453e-06
4.509552e-10
2.2758176e-06
4.5242306e-10
2.2757898e-06
4.5386577e-10
2.2757619e-06
4.5528447e-10
2.2757339e-06
4.5667928e-10
2.2757057e-06
4.5805127e-10
2.2756774e-06
4.5940028e-10
2.2756491e-06
4.6072572e-10
2.2756206e-06
4.6202929e-10
2.275592e-06
4.6331069e-10
2.2755633e-06
4.6456917e-10
2.2755345e-06
4.6580648e-10
2.2755057e-06
4.6702264e-10
2.2754767e-06
4.6821669e-10
2.2754476e-06
4.6939004e-10
2.2754184e-06
4.7054316e-10
2.2753892e-06
4.7167526e-10
2.2753598e-06
4.7278631e-10
2.2753304e-06
4.7387766e-10
2.2753008e-06
4.7494891e-10
2.2752712e-06
4.7599992e-10
2.2752415e-06
4.7703158e-10
2.2752117e-06
4.7804405e-10
2.2751819e-06
4.7903671e-10
2.2751519e-06
4.8000963e-10
2.2751219e-06
4.8096339e-10
2.2750918e-06
4.8189901e-10
2.2750616e-06
4.8281469e-10
2.2750313e-06
4.8370661e-10
2.275001e-06
4.8457974e-10
2.2749706e-06
4.8544086e-10
2.2749401e-06
4.8628631e-10
2.2749096e-06
4.871114e-10
2.274879e-06
4.8791704e-10
2.2748483e-06
4.887036e-10
2.2748176e-06
4.8947278e-10
2.2747868e-06
4.902271e-10
2.2747559e-06
4.9096359e-10
2.274725e-06
4.9167714e-10
2.274694e-06
4.9236683e-10
2.274663e-06
4.9303988e-10
2.2746319e-06
4.9370441e-10
2.2746007e-06
4.9435135e-10
2.2745695e-06
4.949762e-10
2.2745383e-06
4.9558756e-10
2.274507e-06
4.9618493e-10
2.2744756e-06
4.9675933e-10
2.2744442e-06
4.9730985e-10
2.2744127e-06
4.9784325e-10
2.2743812e-06
4.9836423e-10
2.2743497e-06
4.9886883e-10
2.2743181e-06
4.9935589e-10
2.2742865e-06
4.99831e-10
2.2742548e-06
5.0028958e-10
2.2742231e-06
5.007276e-10
2.2741913e-06
5.011491e-10
2.2741595e-06
5.0155448e-10
2.2741277e-06
5.0194049e-10
2.2740958e-06
5.0230732e-10
2.2740639e-06
5.026552e-10
2.2740319e-06
5.0298999e-10
2.274e-06
5.0331851e-10
2.273968e-06
5.0364186e-10
2.2739359e-06
5.0397106e-10
2.2739039e-06
5.0426729e-10
2.2738718e-06
5.0446315e-10
2.2738397e-06
5.0460826e-10
2.2738075e-06
5.0480758e-10
2.2737754e-06
5.0503803e-10
2.2737432e-06
5.0526411e-10
2.273711e-06
5.0539219e-10
2.2736787e-06
5.0560581e-10
2.2736465e-06
5.0539282e-10
2.2736143e-06
5.0558216e-10
2.2735819e-06
5.0830712e-10
2.2735494e-06
5.0885284e-10
2.2735171e-06
5.0477744e-10
2.2734849e-06
5.0294227e-10
2.2734527e-06
5.0483046e-10
2.2734203e-06
5.0651876e-10
2.273388e-06
5.0633671e-10
2.2733555e-06
5.0642793e-10
2.2733227e-06
5.0790535e-10
2.2732892e-06
5.1943155e-10
4.8943721e-10
2.367273e-06
3.3413048e-10
2.3672566e-06
3.3852732e-10
2.36724e-06
3.518887e-10
2.3672232e-06
2.8795762e-10
2.3672062e-06
2.7701588e-10
2.3671889e-06
3.5812918e-10
2.3671711e-06
3.7172703e-10
2.3671528e-06
3.7179692e-10
2.367134e-06
3.6813475e-10
2.3671147e-06
3.6713848e-10
2.3670951e-06
3.6852109e-10
2.3670753e-06
3.7081937e-10
2.3670551e-06
3.7359396e-10
2.3670346e-06
3.766434e-10
2.3670139e-06
3.7997778e-10
2.3669928e-06
3.8344384e-10
2.3669714e-06
3.8678794e-10
2.3669497e-06
3.9012042e-10
2.3669278e-06
3.9360124e-10
2.3669055e-06
3.9710996e-10
2.3668829e-06
4.0056277e-10
2.3668601e-06
4.0392128e-10
2.366837e-06
4.0716873e-10
2.3668136e-06
4.1030289e-10
2.36679e-06
4.1332987e-10
2.3667661e-06
4.1625859e-10
2.366742e-06
4.1909861e-10
2.3667176e-06
4.2185852e-10
2.3666931e-06
4.2454588e-10
2.3666683e-06
4.2716651e-10
2.3666433e-06
4.2972584e-10
2.3666181e-06
4.3222812e-10
2.3665926e-06
4.3467686e-10
2.366567e-06
4.3707508e-10
2.3665412e-06
4.3942539e-10
2.3665152e-06
4.4173004e-10
2.366489e-06
4.4399072e-10
2.3664626e-06
4.4620936e-10
2.366436e-06
4.4838713e-10
2.3664093e-06
4.5052604e-10
2.3663824e-06
4.5262657e-10
2.3663553e-06
4.5468965e-10
2.366328e-06
4.5671736e-10
2.3663006e-06
4.5871008e-10
2.366273e-06
4.6066842e-10
2.3662452e-06
4.6259318e-10
2.3662173e-06
4.6448543e-10
2.3661893e-06
4.6634551e-10
2.3661611e-06
4.6817406e-10
2.3661327e-06
4.6997212e-10
2.3661042e-06
4.7174038e-10
2.3660756e-06
4.7347923e-10
2.3660468e-06
4.7518892e-10
2.3660179e-06
4.7687014e-10
2.3659888e-06
4.7852308e-10
2.3659596e-06
4.8014856e-10
2.3659303e-06
4.8174747e-10
2.3659008e-06
4.8331895e-10
2.3658712e-06
4.8486421e-10
2.3658415e-06
4.863834e-10
2.3658117e-06
4.8787768e-10
2.3657818e-06
4.8934688e-10
2.3657517e-06
4.9079043e-10
2.3657215e-06
4.9221011e-10
2.3656912e-06
4.9360565e-10
2.3656608e-06
4.9497627e-10
2.3656303e-06
4.9632382e-10
2.3655997e-06
4.9764833e-10
2.3655689e-06
4.9894885e-10
2.3655381e-06
5.0022683e-10
2.3655072e-06
5.0148279e-10
2.3654761e-06
5.0271593e-10
2.365445e-06
5.0392625e-10
2.3654138e-06
5.0511514e-10
2.3653824e-06
5.0628221e-10
2.365351e-06
5.0742734e-10
2.3653195e-06
5.0855146e-10
2.3652879e-06
5.0965474e-10
2.3652562e-06
5.1073658e-10
2.3652244e-06
5.1179704e-10
2.3651925e-06
5.1283673e-10
2.3651605e-06
5.1385674e-10
2.3651285e-06
5.1485523e-10
2.3650964e-06
5.1582817e-10
2.3650642e-06
5.1678074e-10
2.3650319e-06
5.1772001e-10
2.3649995e-06
5.1864228e-10
2.3649671e-06
5.1954266e-10
2.3649346e-06
5.2042207e-10
2.364902e-06
5.2128088e-10
2.3648694e-06
5.2212087e-10
2.3648367e-06
5.2294468e-10
2.3648039e-06
5.2374928e-10
2.364771e-06
5.2452933e-10
2.3647381e-06
5.2528382e-10
2.3647051e-06
5.2602021e-10
2.3646721e-06
5.2674703e-10
2.364639e-06
5.2745496e-10
2.3646058e-06
5.2813926e-10
2.3645726e-06
5.2880884e-10
2.3645393e-06
5.2946322e-10
2.364506e-06
5.3009312e-10
2.3644726e-06
5.3069748e-10
2.3644392e-06
5.3128331e-10
2.3644057e-06
5.3185554e-10
2.3643721e-06
5.3241014e-10
2.3643385e-06
5.3294585e-10
2.3643049e-06
5.334685e-10
2.3642712e-06
5.3397341e-10
2.3642375e-06
5.3445633e-10
2.3642037e-06
5.3492144e-10
2.3641699e-06
5.3536916e-10
2.364136e-06
5.3579612e-10
2.3641022e-06
5.362025e-10
2.3640682e-06
5.3658852e-10
2.3640342e-06
5.3696026e-10
2.3640002e-06
5.3732486e-10
2.3639662e-06
5.3768351e-10
2.3639321e-06
5.3804782e-10
2.363898e-06
5.3837774e-10
2.3638639e-06
5.3860297e-10
2.3638297e-06
5.3877415e-10
2.3637955e-06
5.3900023e-10
2.3637613e-06
5.3925792e-10
2.363727e-06
5.3951118e-10
2.3636928e-06
5.3966179e-10
2.3636585e-06
5.3990144e-10
2.3636242e-06
5.396959e-10
2.3635899e-06
5.3989803e-10
2.3635554e-06
5.4275923e-10
2.3635209e-06
5.4339034e-10
2.3634865e-06
5.3917107e-10
2.3634522e-06
5.3721665e-10
2.3634179e-06
5.3915507e-10
2.3633835e-06
5.4093414e-10
2.363349e-06
5.4078699e-10
2.3633144e-06
5.4102023e-10
2.3632795e-06
5.4281237e-10
2.3632438e-06
5.5513411e-10
5.2272091e-10
2.46051e-06
3.5124534e-10
2.4604931e-06
3.5547579e-10
2.460476e-06
3.6899096e-10
2.4604586e-06
3.0538417e-10
2.4604409e-06
2.9468535e-10
2.4604229e-06
3.7611015e-10
2.4604045e-06
3.9012861e-10
2.4603855e-06
3.9076466e-10
2.460366e-06
3.8767825e-10
2.460346e-06
3.8717428e-10
2.4603256e-06
3.8887763e-10
2.4603049e-06
3.914923e-10
2.4602839e-06
3.9461524e-10
2.4602625e-06
3.9799859e-10
2.4602408e-06
4.0167442e-10
2.4602188e-06
4.0545655e-10
2.4601965e-06
4.0912678e-10
2.4601738e-06
4.1279919e-10
2.4601508e-06
4.1661796e-10
2.4601275e-06
4.2045261e-10
2.4601038e-06
4.2421845e-10
2.4600798e-06
4.2787874e-10
2.4600556e-06
4.3141819e-10
2.4600311e-06
4.3483548e-10
2.4600063e-06
4.3813741e-10
2.4599812e-06
4.4133345e-10
2.4599558e-06
4.4443364e-10
2.4599303e-06
4.4744703e-10
2.4599044e-06
4.5038155e-10
2.4598783e-06
4.5324339e-10
2.459852e-06
4.5603831e-10
2.4598255e-06
4.5877083e-10
2.4597987e-06
4.6144471e-10
2.4597717e-06
4.6406323e-10
2.4597445e-06
4.6662918e-10
2.4597171e-06
4.6914501e-10
2.4596895e-06
4.7161257e-10
2.4596617e-06
4.7403395e-10
2.4596336e-06
4.7641046e-10
2.4596054e-06
4.7874427e-10
2.459577e-06
4.8103594e-10
2.4595484e-06
4.8328652e-10
2.4595196e-06
4.8549823e-10
2.4594907e-06
4.8767153e-10
2.4594615e-06
4.8980712e-10
2.4594322e-06
4.9190588e-10
2.4594027e-06
4.9396898e-10
2.4593731e-06
4.9599684e-10
2.4593433e-06
4.9799015e-10
2.4593133e-06
4.9995005e-10
2.4592832e-06
5.0187729e-10
2.4592529e-06
5.0377233e-10
2.4592224e-06
5.0563547e-10
2.4591918e-06
5.0746746e-10
2.4591611e-06
5.0926855e-10
2.4591302e-06
5.110396e-10
2.4590992e-06
5.127816e-10
2.459068e-06
5.1449368e-10
2.4590367e-06
5.1617712e-10
2.4590052e-06
5.1783211e-10
2.4589736e-06
5.1945988e-10
2.4589419e-06
5.210603e-10
2.4589101e-06
5.2263279e-10
2.4588781e-06
5.2417923e-10
2.458846e-06
5.2569936e-10
2.4588138e-06
5.271924e-10
2.4587815e-06
5.286603e-10
2.458749e-06
5.301031e-10
2.4587164e-06
5.3151985e-10
2.4586838e-06
5.3291206e-10
2.458651e-06
5.342803e-10
2.458618e-06
5.3562377e-10
2.458585e-06
5.3694247e-10
2.4585519e-06
5.3823786e-10
2.4585187e-06
5.3950957e-10
2.4584854e-06
5.4075748e-10
2.4584519e-06
5.4198257e-10
2.4584184e-06
5.4318504e-10
2.4583848e-06
5.4436428e-10
2.458351e-06
5.4552037e-10
2.4583172e-06
5.4665396e-10
2.4582833e-06
5.4776617e-10
2.4582493e-06
5.4885514e-10
2.4582152e-06
5.4991666e-10
2.458181e-06
5.5095607e-10
2.4581468e-06
5.5198079e-10
2.4581124e-06
5.5298705e-10
2.458078e-06
5.5396975e-10
2.4580435e-06
5.5492985e-10
2.4580089e-06
5.5586771e-10
2.4579743e-06
5.5678517e-10
2.4579395e-06
5.5768504e-10
2.4579047e-06
5.5856419e-10
2.4578698e-06
5.5941707e-10
2.4578349e-06
5.6024255e-10
2.4577998e-06
5.6104836e-10
2.4577647e-06
5.6184347e-10
2.4577296e-06
5.6261825e-10
2.4576943e-06
5.6336774e-10
2.457659e-06
5.6410119e-10
2.4576237e-06
5.6481814e-10
2.4575883e-06
5.6550896e-10
2.4575528e-06
5.6617248e-10
2.4575173e-06
5.6681595e-10
2.4574817e-06
5.6744455e-10
2.457446e-06
5.6805413e-10
2.4574103e-06
5.6864339e-10
2.4573746e-06
5.6921841e-10
2.4573388e-06
5.6977434e-10
2.4573029e-06
5.7030677e-10
2.457267e-06
5.7082e-10
2.4572311e-06
5.7131446e-10
2.4571951e-06
5.7178667e-10
2.4571591e-06
5.7223681e-10
2.457123e-06
5.7266506e-10
2.4570869e-06
5.7307774e-10
2.4570507e-06
5.7348234e-10
2.4570145e-06
5.7388012e-10
2.4569783e-06
5.742833e-10
2.456942e-06
5.7465059e-10
2.4569057e-06
5.7490872e-10
2.4568694e-06
5.7510936e-10
2.456833e-06
5.7536549e-10
2.4567966e-06
5.7565364e-10
2.4567602e-06
5.7593723e-10
2.4567237e-06
5.7611335e-10
2.4566873e-06
5.7638206e-10
2.4566508e-06
5.7618648e-10
2.4566143e-06
5.7640334e-10
2.4565776e-06
5.7940676e-10
2.4565409e-06
5.8013008e-10
2.4565043e-06
5.7576678e-10
2.4564678e-06
5.7369001e-10
2.4564313e-06
5.7567925e-10
2.4563947e-06
5.7755222e-10
2.456358e-06
5.774466e-10
2.4563212e-06
5.7785531e-10
2.456284e-06
5.8001846e-10
2.4562459e-06
5.931616e-10
5.5833528e-10
2.556912e-06
3.5349493e-10
2.5568945e-06
3.6873588e-10
2.5568771e-06
3.7290366e-10
2.5568594e-06
3.8663796e-10
2.5568414e-06
3.2340477e-10
2.5568231e-06
3.1300229e-10
2.5568045e-06
3.9475208e-10
2.5567854e-06
4.0919137e-10
2.5567658e-06
4.1038882e-10
2.5567455e-06
4.0792847e-10
2.5567247e-06
4.0796198e-10
2.5567036e-06
4.1000372e-10
2.5566821e-06
4.1297445e-10
2.5566602e-06
4.1649019e-10
2.556638e-06
4.2024202e-10
2.5566154e-06
4.2429464e-10
2.5565924e-06
4.2841981e-10
2.5565691e-06
4.3245048e-10
2.5565454e-06
4.3649891e-10
2.5565213e-06
4.40688e-10
2.5564969e-06
4.4487784e-10
2.5564721e-06
4.4898426e-10
2.556447e-06
4.52973e-10
2.5564216e-06
4.5683044e-10
2.5563959e-06
4.6055629e-10
2.5563699e-06
4.6415806e-10
2.5563436e-06
4.6764578e-10
2.556317e-06
4.7103e-10
2.5562901e-06
4.7432021e-10
2.556263e-06
4.7752475e-10
2.5562356e-06
4.8065016e-10
2.5562079e-06
4.8370254e-10
2.55618e-06
4.8668671e-10
2.5561518e-06
4.8960671e-10
2.5561234e-06
4.9246603e-10
2.5560948e-06
4.952677e-10
2.5560659e-06
4.9801437e-10
2.5560368e-06
5.0070808e-10
2.5560075e-06
5.0335107e-10
2.555978e-06
5.0594481e-10
2.5559482e-06
5.0849163e-10
2.5559183e-06
5.109922e-10
2.5558881e-06
5.1344769e-10
2.5558577e-06
5.1586046e-10
2.5558272e-06
5.1823109e-10
2.5557964e-06
5.2056034e-10
2.5557655e-06
5.2284921e-10
2.5557343e-06
5.2509898e-10
2.555703e-06
5.2731011e-10
2.5556715e-06
5.2948339e-10
2.5556399e-06
5.3162007e-10
2.555608e-06
5.3372095e-10
2.555576e-06
5.3578657e-10
2.5555438e-06
5.378173e-10
2.5555115e-06
5.3981394e-10
2.555479e-06
5.417768e-10
2.5554463e-06
5.4370682e-10
2.5554135e-06
5.4560506e-10
2.5553805e-06
5.4747064e-10
2.5553474e-06
5.4930496e-10
2.5553141e-06
5.5110822e-10
2.5552807e-06
5.5288174e-10
2.5552471e-06
5.5462541e-10
2.5552134e-06
5.5633867e-10
2.5551796e-06
5.580235e-10
2.5551456e-06
5.5967965e-10
2.5551115e-06
5.6130636e-10
2.5550772e-06
5.6290564e-10
2.5550428e-06
5.6447759e-10
2.5550083e-06
5.6602123e-10
2.5549737e-06
5.6753816e-10
2.554939e-06
5.6902899e-10
2.5549041e-06
5.7049292e-10
2.5548691e-06
5.7192996e-10
2.554834e-06
5.7334165e-10
2.5547988e-06
5.7472763e-10
2.5547635e-06
5.7608779e-10
2.554728e-06
5.7742316e-10
2.5546925e-06
5.7873398e-10
2.5546568e-06
5.8001961e-10
2.5546211e-06
5.8128018e-10
2.5545852e-06
5.8251636e-10
2.5545492e-06
5.8372932e-10
2.5545132e-06
5.8491717e-10
2.554477e-06
5.8607551e-10
2.5544408e-06
5.8720988e-10
2.5544044e-06
5.8832802e-10
2.554368e-06
5.8942609e-10
2.5543314e-06
5.9049883e-10
2.5542948e-06
5.9154719e-10
2.5542581e-06
5.9257153e-10
2.5542213e-06
5.9357379e-10
2.5541845e-06
5.945569e-10
2.5541475e-06
5.9551765e-10
2.5541105e-06
5.9645028e-10
2.5540734e-06
5.9735355e-10
2.5540362e-06
5.9823545e-10
2.5539989e-06
5.9910538e-10
2.5539616e-06
5.9995346e-10
2.5539242e-06
6.0077446e-10
2.5538867e-06
6.0157796e-10
2.5538491e-06
6.0236355e-10
2.5538115e-06
6.0312127e-10
2.5537739e-06
6.038498e-10
2.5537361e-06
6.0455663e-10
2.5536983e-06
6.052472e-10
2.5536605e-06
6.0591727e-10
2.5536225e-06
6.0656547e-10
2.5535846e-06
6.0719812e-10
2.5535465e-06
6.0781027e-10
2.5535084e-06
6.0839728e-10
2.5534703e-06
6.0896357e-10
2.5534321e-06
6.0950963e-10
2.5533938e-06
6.1003184e-10
2.5533555e-06
6.1053037e-10
2.5533172e-06
6.1100538e-10
2.5532788e-06
6.1146343e-10
2.5532404e-06
6.1191234e-10
2.5532019e-06
6.1235348e-10
2.5531634e-06
6.1279969e-10
2.5531248e-06
6.1320844e-10
2.5530862e-06
6.1350338e-10
2.5530476e-06
6.1373722e-10
2.553009e-06
6.1402707e-10
2.5529703e-06
6.1434925e-10
2.5529315e-06
6.1466669e-10
2.5528928e-06
6.1487164e-10
2.552854e-06
6.1517278e-10
2.5528152e-06
6.1499e-10
2.5527764e-06
6.1522383e-10
2.5527374e-06
6.1837579e-10
2.5526983e-06
6.1919853e-10
2.5526594e-06
6.146914e-10
2.5526206e-06
6.1248953e-10
2.5525817e-06
6.1453049e-10
2.5525428e-06
6.1650064e-10
2.5525038e-06
6.1644467e-10
2.5524646e-06
6.1706959e-10
2.5524249e-06
6.1966869e-10
2.5523844e-06
6.3365254e-10
5.964427e-10
2.6565526e-06
3.5678958e-10
2.6565356e-06
3.7044016e-10
2.6565177e-06
3.8666302e-10
2.6564998e-06
3.9081587e-10
2.6564816e-06
4.0481395e-10
2.656463e-06
3.4199699e-10
2.6564441e-06
3.3193765e-10
2.6564248e-06
4.1403585e-10
2.6564051e-06
4.2890428e-10
2.6563848e-06
4.3065697e-10
2.6563639e-06
4.2887891e-10
2.6563423e-06
4.294931e-10
2.6563204e-06
4.318863e-10
2.6562982e-06
4.3525893e-10
2.6562754e-06
4.3921667e-10
2.6562523e-06
4.4337363e-10
2.6562288e-06
4.4784182e-10
2.6562048e-06
4.5233832e-10
2.6561805e-06
4.5676829e-10
2.6561558e-06
4.6123269e-10
2.6561306e-06
4.6582695e-10
2.6561051e-06
4.7040337e-10
2.6560792e-06
4.7488014e-10
2.656053e-06
4.792262e-10
2.6560264e-06
4.8342983e-10
2.6559994e-06
4.8749185e-10
2.6559722e-06
4.9142052e-10
2.6559446e-06
4.9522643e-10
2.6559167e-06
4.9892064e-10
2.6558885e-06
5.0251309e-10
2.65586e-06
5.0601253e-10
2.6558312e-06
5.0942589e-10
2.6558022e-06
5.1275958e-10
2.6557729e-06
5.1601875e-10
2.6557433e-06
5.192077e-10
2.6557134e-06
5.223302e-10
2.6556833e-06
5.2538952e-10
2.6556529e-06
5.2838849e-10
2.6556223e-06
5.3132936e-10
2.6555914e-06
5.3421455e-10
2.6555603e-06
5.370457e-10
2.655529e-06
5.3982531e-10
2.6554974e-06
5.4255417e-10
2.6554656e-06
5.4523357e-10
2.6554336e-06
5.4786605e-10
2.6554014e-06
5.5045228e-10
2.655369e-06
5.5299312e-10
2.6553363e-06
5.5548969e-10
2.6553035e-06
5.5794336e-10
2.6552704e-06
5.603547e-10
2.6552372e-06
5.6272457e-10
2.6552038e-06
5.6505433e-10
2.6551701e-06
5.6734486e-10
2.6551363e-06
5.6959678e-10
2.6551023e-06
5.7181053e-10
2.6550682e-06
5.7398698e-10
2.6550338e-06
5.761265e-10
2.6549993e-06
5.7823011e-10
2.6549646e-06
5.8029893e-10
2.6549297e-06
5.8233214e-10
2.6548947e-06
5.8433119e-10
2.6548595e-06
5.8629634e-10
2.6548242e-06
5.8822898e-10
2.6547887e-06
5.9012905e-10
2.654753e-06
5.9199601e-10
2.6547172e-06
5.9383193e-10
2.6546812e-06
5.9563658e-10
2.6546451e-06
5.9740921e-10
2.6546089e-06
5.9915194e-10
2.6545725e-06
6.0086489e-10
2.654536e-06
6.0254708e-10
2.6544993e-06
6.0420019e-10
2.6544625e-06
6.0582488e-10
2.6544256e-06
6.0742033e-10
2.6543885e-06
6.089866e-10
2.6543514e-06
6.105253e-10
2.654314e-06
6.1203607e-10
2.6542766e-06
6.1351882e-10
2.6542391e-06
6.1497465e-10
2.6542014e-06
6.1640381e-10
2.6541636e-06
6.1780568e-10
2.6541257e-06
6.1918039e-10
2.6540877e-06
6.2052866e-10
2.6540496e-06
6.2185172e-10
2.6540113e-06
6.2314763e-10
2.653973e-06
6.2441182e-10
2.6539346e-06
6.2565002e-10
2.653896e-06
6.2687029e-10
2.6538574e-06
6.2806876e-10
2.6538186e-06
6.2923996e-10
2.6537798e-06
6.3038486e-10
2.6537409e-06
6.3150383e-10
2.6537018e-06
6.3259887e-10
2.6536627e-06
6.3367308e-10
2.6536235e-06
6.3472317e-10
2.6535842e-06
6.3574314e-10
2.6535449e-06
6.3673164e-10
2.6535054e-06
6.3769692e-10
2.6534658e-06
6.3864886e-10
2.6534262e-06
6.3957727e-10
2.6533865e-06
6.404767e-10
2.6533467e-06
6.4135705e-10
2.6533069e-06
6.4221797e-10
2.653267e-06
6.4304912e-10
2.653227e-06
6.4384907e-10
2.6531869e-06
6.4462554e-10
2.6531468e-06
6.4538426e-10
2.6531066e-06
6.4612086e-10
2.6530663e-06
6.4683392e-10
2.653026e-06
6.4753002e-10
2.6529856e-06
6.4820407e-10
2.6529451e-06
6.4885123e-10
2.6529046e-06
6.4947606e-10
2.652864e-06
6.5007907e-10
2.6528234e-06
6.5065651e-10
2.6527827e-06
6.5120854e-10
2.652742e-06
6.517353e-10
2.6527012e-06
6.5224359e-10
2.6526604e-06
6.5274159e-10
2.6526195e-06
6.5323076e-10
2.6525786e-06
6.537246e-10
2.6525376e-06
6.5417931e-10
2.6524966e-06
6.5451541e-10
2.6524555e-06
6.5478662e-10
2.6524145e-06
6.5511425e-10
2.6523733e-06
6.5547444e-10
2.6523322e-06
6.5582963e-10
2.652291e-06
6.5606711e-10
2.6522497e-06
6.5640443e-10
2.6522085e-06
6.5623766e-10
2.6521672e-06
6.5649103e-10
2.6521258e-06
6.5979822e-10
2.6520843e-06
6.6072798e-10
2.6520429e-06
6.5607762e-10
2.6520016e-06
6.537483e-10
2.6519603e-06
6.5584228e-10
2.6519189e-06
6.5791304e-10
2.6518774e-06
6.5791683e-10
2.6518357e-06
6.588077e-10
2.6517934e-06
6.6191717e-10
2.6517503e-06
6.7675125e-10
6.3719393e-10
2.7595095e-06
3.721913e-10
2.7594922e-06
3.8773732e-10
2.7594739e-06
4.0496183e-10
2.7594555e-06
4.0921137e-10
2.7594369e-06
4.2348791e-10
2.7594177e-06
3.6113014e-10
2.7593982e-06
3.5146398e-10
2.7593783e-06
4.3394574e-10
2.7593579e-06
4.4925414e-10
2.759337e-06
4.5155424e-10
2.7593154e-06
4.5052002e-10
2.7592931e-06
4.5175476e-10
2.7592705e-06
4.545073e-10
2.7592474e-06
4.5833504e-10
2.7592239e-06
4.6278804e-10
2.7591999e-06
4.6738832e-10
2.7591754e-06
4.7231462e-10
2.7591505e-06
4.772117e-10
2.7591252e-06
4.8208533e-10
2.7590994e-06
4.8700966e-10
2.7590732e-06
4.9204641e-10
2.7590466e-06
4.9704302e-10
2.7590195e-06
5.0192221e-10
2.7589921e-06
5.0665681e-10
2.7589643e-06
5.1123722e-10
2.7589361e-06
5.156654e-10
2.7589076e-06
5.1995036e-10
2.7588787e-06
5.2410328e-10
2.7588495e-06
5.2813571e-10
2.7588199e-06
5.3205807e-10
2.7587901e-06
5.3587951e-10
2.7587599e-06
5.3960733e-10
2.7587294e-06
5.4324832e-10
2.7586986e-06
5.4680792e-10
2.7586675e-06
5.5029076e-10
2.7586362e-06
5.5370083e-10
2.7586045e-06
5.5704168e-10
2.7585726e-06
5.6031636e-10
2.7585404e-06
5.6352731e-10
2.7585079e-06
5.6667718e-10
2.7584752e-06
5.6976775e-10
2.7584422e-06
5.7280172e-10
2.758409e-06
5.7578002e-10
2.7583755e-06
5.7870407e-10
2.7583418e-06
5.8157659e-10
2.7583079e-06
5.8439835e-10
2.7582737e-06
5.8717035e-10
2.7582393e-06
5.898938e-10
2.7582047e-06
5.9257022e-10
2.7581698e-06
5.9520024e-10
2.7581347e-06
5.9778484e-10
2.7580995e-06
6.0032548e-10
2.758064e-06
6.0282314e-10
2.7580283e-06
6.0527852e-10
2.7579924e-06
6.0769213e-10
2.7579564e-06
6.1006493e-10
2.7579201e-06
6.1239735e-10
2.7578836e-06
6.1469051e-10
2.757847e-06
6.1694561e-10
2.7578102e-06
6.1916183e-10
2.7577731e-06
6.2134074e-10
2.757736e-06
6.2348265e-10
2.7576986e-06
6.2558902e-10
2.7576611e-06
6.2765985e-10
2.7576234e-06
6.2969461e-10
2.7575855e-06
6.3169548e-10
2.7575475e-06
6.3366227e-10
2.7575093e-06
6.3559422e-10
2.757471e-06
6.3749357e-10
2.7574325e-06
6.3936046e-10
2.7573938e-06
6.4119392e-10
2.757355e-06
6.4299572e-10
2.7573161e-06
6.4476656e-10
2.757277e-06
6.4650564e-10
2.7572378e-06
6.4821304e-10
2.7571984e-06
6.4989043e-10
2.7571589e-06
6.5153749e-10
2.7571193e-06
6.5315413e-10
2.7570795e-06
6.5474153e-10
2.7570396e-06
6.5629996e-10
2.7569996e-06
6.578288e-10
2.7569594e-06
6.5932822e-10
2.7569192e-06
6.6079897e-10
2.7568788e-06
6.6224234e-10
2.7568383e-06
6.6365636e-10
2.7567976e-06
6.6503627e-10
2.7567569e-06
6.6638798e-10
2.756716e-06
6.6771992e-10
2.7566751e-06
6.6902816e-10
2.756634e-06
6.7030705e-10
2.7565928e-06
6.7155755e-10
2.7565516e-06
6.7278005e-10
2.7565102e-06
6.7397663e-10
2.7564687e-06
6.7515054e-10
2.7564271e-06
6.7629842e-10
2.7563855e-06
6.7741403e-10
2.7563437e-06
6.7849591e-10
2.7563018e-06
6.7955259e-10
2.7562599e-06
6.805944e-10
2.7562179e-06
6.8161088e-10
2.7561757e-06
6.8259631e-10
2.7561335e-06
6.8356097e-10
2.7560913e-06
6.8450452e-10
2.7560489e-06
6.8541629e-10
2.7560064e-06
6.862947e-10
2.7559639e-06
6.8714772e-10
2.7559213e-06
6.8798134e-10
2.7558787e-06
6.8879111e-10
2.7558359e-06
6.8957554e-10
2.7557931e-06
6.9034148e-10
2.7557502e-06
6.910837e-10
2.7557073e-06
6.9179715e-10
2.7556643e-06
6.9248652e-10
2.7556212e-06
6.9315236e-10
2.7555781e-06
6.9379079e-10
2.7555349e-06
6.9440195e-10
2.7554916e-06
6.9498598e-10
2.7554483e-06
6.9554988e-10
2.7554049e-06
6.9610225e-10
2.7553615e-06
6.9664461e-10
2.7553181e-06
6.9719115e-10
2.7552745e-06
6.976968e-10
2.755231e-06
6.9807886e-10
2.7551874e-06
6.9839207e-10
2.7551437e-06
6.98762e-10
2.7551e-06
6.9916462e-10
2.7550563e-06
6.995619e-10
2.7550125e-06
6.9983603e-10
2.7549687e-06
7.0021368e-10
2.7549249e-06
7.0006655e-10
2.7548811e-06
7.003424e-10
2.754837e-06
7.0381193e-10
2.7547929e-06
7.0485672e-10
2.7547489e-06
7.0006415e-10
2.7547051e-06
6.9760548e-10
2.7546612e-06
6.9975424e-10
2.7546171e-06
7.019293e-10
2.754573e-06
7.0200559e-10
2.7545286e-06
7.0322327e-10
2.7544836e-06
7.0692738e-10
2.7544379e-06
7.2251267e-10
2.8658956e-06
2.8658783e-06
2.8658597e-06
4.2352573e-10
2.8658409e-06
4.2804057e-10
2.8658217e-06
4.4261527e-10
2.8658021e-06
3.80765e-10
2.865782e-06
3.7157408e-10
2.8657615e-06
4.5448724e-10
2.8657405e-06
4.7023088e-10
2.865719e-06
4.7307e-10
2.8656966e-06
4.7283955e-10
2.8656737e-06
4.7473143e-10
2.8656503e-06
4.7784684e-10
2.8656265e-06
4.8218997e-10
2.8656021e-06
4.8719334e-10
2.8655772e-06
4.922758e-10
2.8655518e-06
4.9770672e-10
2.865526e-06
5.0303392e-10
2.8654996e-06
5.0840224e-10
2.8654728e-06
5.1383451e-10
2.8654455e-06
5.1935337e-10
2.8654178e-06
5.2480607e-10
2.8653896e-06
5.301222e-10
2.8653609e-06
5.3527913e-10
2.8653319e-06
5.4026945e-10
2.8653025e-06
5.450963e-10
2.8652726e-06
5.4976946e-10
2.8652425e-06
5.5430069e-10
2.8652119e-06
5.5870204e-10
2.865181e-06
5.6298438e-10
2.8651497e-06
5.6715729e-10
2.8651181e-06
5.7122846e-10
2.8650861e-06
5.7520502e-10
2.8650538e-06
5.7909277e-10
2.8650212e-06
5.828966e-10
2.8649883e-06
5.8662084e-10
2.8649551e-06
5.9026924e-10
2.8649215e-06
5.9384513e-10
2.8648877e-06
5.9735116e-10
2.8648536e-06
6.0079019e-10
2.8648192e-06
6.0416418e-10
2.8647845e-06
6.0747604e-10
2.8647496e-06
6.1072684e-10
2.8647144e-06
6.1391815e-10
2.8646789e-06
6.1705289e-10
2.8646432e-06
6.2013195e-10
2.8646072e-06
6.2315644e-10
2.8645709e-06
6.2612771e-10
2.8645345e-06
6.2904741e-10
2.8644977e-06
6.3191628e-10
2.8644608e-06
6.3473539e-10
2.8644236e-06
6.3750632e-10
2.8643862e-06
6.4023018e-10
2.8643486e-06
6.4290774e-10
2.8643107e-06
6.4553959e-10
2.8642727e-06
6.4812679e-10
2.8642344e-06
6.5066985e-10
2.8641959e-06
6.5316996e-10
2.8641572e-06
6.5562844e-10
2.8641184e-06
6.5804449e-10
2.8640793e-06
6.6041977e-10
2.86404e-06
6.6275466e-10
2.8640005e-06
6.6505071e-10
2.8639609e-06
6.6730797e-10
2.8639211e-06
6.6952592e-10
2.863881e-06
6.7170688e-10
2.8638409e-06
6.7385068e-10
2.8638005e-06
6.7595658e-10
2.86376e-06
6.7802691e-10
2.8637193e-06
6.8006188e-10
2.8636784e-06
6.8206051e-10
2.8636374e-06
6.8402466e-10
2.8635962e-06
6.8595508e-10
2.8635548e-06
6.8785099e-10
2.8635133e-06
6.8971249e-10
2.8634717e-06
6.9154135e-10
2.8634299e-06
6.9333725e-10
2.8633879e-06
6.9510013e-10
2.8633458e-06
6.9683123e-10
2.8633036e-06
6.9853087e-10
2.8632612e-06
7.0019843e-10
2.8632187e-06
7.0183409e-10
2.8631761e-06
7.0343866e-10
2.8631333e-06
7.050135e-10
2.8630904e-06
7.065566e-10
2.8630474e-06
7.0806301e-10
2.8630043e-06
7.0953883e-10
2.862961e-06
7.1099287e-10
2.8629176e-06
7.1242114e-10
2.8628741e-06
7.1381779e-10
2.8628304e-06
7.151838e-10
2.8627867e-06
7.1651957e-10
2.8627429e-06
7.1782727e-10
2.8626989e-06
7.191103e-10
2.8626548e-06
7.2036522e-10
2.8626107e-06
7.2158558e-10
2.8625664e-06
7.2276976e-10
2.862522e-06
7.2392659e-10
2.8624775e-06
7.2506688e-10
2.862433e-06
7.261799e-10
2.8623883e-06
7.2725965e-10
2.8623436e-06
7.2831677e-10
2.8622987e-06
7.2935098e-10
2.8622538e-06
7.3035125e-10
2.8622087e-06
7.3131583e-10
2.8621636e-06
7.3225296e-10
2.8621185e-06
7.3316892e-10
2.8620732e-06
7.3405916e-10
2.8620278e-06
7.349221e-10
2.8619824e-06
7.3576489e-10
2.8619369e-06
7.3658217e-10
2.8618913e-06
7.3736865e-10
2.8618457e-06
7.3812919e-10
2.8618e-06
7.3886434e-10
2.8617542e-06
7.395701e-10
2.8617084e-06
7.4024661e-10
2.8616625e-06
7.4089396e-10
2.8616165e-06
7.4151942e-10
2.8615705e-06
7.4213197e-10
2.8615244e-06
7.4273321e-10
2.8614782e-06
7.4333807e-10
2.861432e-06
7.4390016e-10
2.8613858e-06
7.4433348e-10
2.8613395e-06
7.4469381e-10
2.8612931e-06
7.4511107e-10
2.8612467e-06
7.4556101e-10
2.8612003e-06
7.460052e-10
2.8611538e-06
7.4632056e-10
2.8611073e-06
7.4674316e-10
2.8610607e-06
7.4661972e-10
2.8610141e-06
7.4692143e-10
2.8609674e-06
7.5056088e-10
2.8609205e-06
7.5172917e-10
2.8608738e-06
7.4679584e-10
2.8608272e-06
7.442064e-10
2.8607805e-06
7.4641226e-10
2.8607338e-06
7.4869565e-10
2.8606869e-06
7.4886072e-10
2.8606396e-06
7.5047966e-10
2.8605917e-06
7.5487126e-10
7.7106018e-10
2.9757743e-06
2.9757551e-06
2.9757356e-06
2.9757155e-06
2.9756948e-06
3.9227096e-10
2.9756737e-06
4.7563137e-10
2.975652e-06
4.9184771e-10
2.9756299e-06
4.9521655e-10
2.9756069e-06
4.9582103e-10
2.9755832e-06
4.9841171e-10
2.9755592e-06
5.018934e-10
2.9755346e-06
5.068128e-10
2.9755093e-06
5.1241846e-10
2.9754836e-06
5.1802133e-10
2.9754573e-06
5.2400694e-10
2.9754305e-06
5.2979313e-10
2.9754032e-06
5.357151e-10
2.9753754e-06
5.4170688e-10
2.975347e-06
5.4774951e-10
2.9753181e-06
5.5369654e-10
2.9752887e-06
5.5948678e-10
2.9752589e-06
5.6510254e-10
2.9752286e-06
5.7053867e-10
2.9751979e-06
5.7579945e-10
2.9751668e-06
5.8089543e-10
2.9751352e-06
5.8583893e-10
2.9751033e-06
5.9064253e-10
2.975071e-06
5.9531754e-10
2.9750383e-06
5.9987396e-10
2.9750052e-06
6.0431987e-10
2.9749717e-06
6.0866277e-10
2.9749379e-06
6.1290879e-10
2.9749037e-06
6.1706316e-10
2.9748692e-06
6.2113047e-10
2.9748344e-06
6.2511478e-10
2.9747992e-06
6.2901966e-10
2.9747637e-06
6.3284799e-10
2.9747279e-06
6.3660284e-10
2.9746918e-06
6.402864e-10
2.9746553e-06
6.4390179e-10
2.9746186e-06
6.4745023e-10
2.9745816e-06
6.5093344e-10
2.9745443e-06
6.5435457e-10
2.9745067e-06
6.5771463e-10
2.9744689e-06
6.6101487e-10
2.9744307e-06
6.6425679e-10
2.9743923e-06
6.6744216e-10
2.9743537e-06
6.7057185e-10
2.9743148e-06
6.7364705e-10
2.9742756e-06
6.7666946e-10
2.9742362e-06
6.7964031e-10
2.9741965e-06
6.8256045e-10
2.9741566e-06
6.8543059e-10
2.9741165e-06
6.8825188e-10
2.9740762e-06
6.9102492e-10
2.9740356e-06
6.9375098e-10
2.9739948e-06
6.9643149e-10
2.9739538e-06
6.990657e-10
2.9739125e-06
7.0165537e-10
2.9738711e-06
7.0420092e-10
2.9738294e-06
7.0670405e-10
2.9737876e-06
7.0916482e-10
2.9737455e-06
7.1158278e-10
2.9737033e-06
7.1396034e-10
2.9736608e-06
7.1629738e-10
2.9736182e-06
7.1859318e-10
2.9735754e-06
7.2085018e-10
2.9735323e-06
7.2306865e-10
2.9734892e-06
7.2524761e-10
2.9734458e-06
7.2738901e-10
2.9734023e-06
7.2949368e-10
2.9733585e-06
7.3156083e-10
2.9733147e-06
7.3359061e-10
2.9732706e-06
7.3558486e-10
2.9732264e-06
7.3754331e-10
2.9731821e-06
7.3946591e-10
2.9731375e-06
7.4135397e-10
2.9730929e-06
7.4320785e-10
2.973048e-06
7.4502694e-10
2.973003e-06
7.4681146e-10
2.9729579e-06
7.4856225e-10
2.9729127e-06
7.5028075e-10
2.9728672e-06
7.5196492e-10
2.9728217e-06
7.536096e-10
2.972776e-06
7.5522112e-10
2.9727302e-06
7.5680865e-10
2.9726843e-06
7.5836815e-10
2.9726382e-06
7.5989358e-10
2.972592e-06
7.6138595e-10
2.9725457e-06
7.6284564e-10
2.9724992e-06
7.6427492e-10
2.9724526e-06
7.6567737e-10
2.972406e-06
7.6704946e-10
2.9723592e-06
7.683845e-10
2.9723122e-06
7.6968076e-10
2.9722652e-06
7.7094733e-10
2.9722181e-06
7.7219555e-10
2.9721709e-06
7.7341436e-10
2.9721235e-06
7.7459754e-10
2.9720761e-06
7.7575606e-10
2.9720285e-06
7.7688973e-10
2.9719809e-06
7.7798712e-10
2.9719332e-06
7.7904635e-10
2.9718854e-06
7.800759e-10
2.9718374e-06
7.8108236e-10
2.9717894e-06
7.8206106e-10
2.9717414e-06
7.8301037e-10
2.9716932e-06
7.8393772e-10
2.9716449e-06
7.8483761e-10
2.9715966e-06
7.8570455e-10
2.9715482e-06
7.8654352e-10
2.9714997e-06
7.8735511e-10
2.9714511e-06
7.8813519e-10
2.9714025e-06
7.8888387e-10
2.9713538e-06
7.8960125e-10
2.971305e-06
7.9029481e-10
2.9712562e-06
7.9097396e-10
2.9712072e-06
7.9164037e-10
2.9711583e-06
7.9230972e-10
2.9711092e-06
7.9293431e-10
2.9710601e-06
7.9342477e-10
2.971011e-06
7.9383789e-10
2.9709618e-06
7.9430804e-10
2.9709126e-06
7.9481075e-10
2.9708633e-06
7.9530718e-10
2.9708139e-06
7.9566887e-10
2.9707645e-06
7.9614153e-10
2.9707151e-06
7.9604636e-10
2.9706656e-06
7.9637775e-10
2.970616e-06
8.0019521e-10
2.9705662e-06
8.0149597e-10
2.9705166e-06
7.9642375e-10
2.9704671e-06
7.9370269e-10
2.9704175e-06
7.9596866e-10
2.9703679e-06
7.9836485e-10
2.9703181e-06
7.9863969e-10
2.9702678e-06
8.0075085e-10
2.9702168e-06
8.0592663e-10
8.2245955e-10
3.0892392e-06
3.0892175e-06
3.0891952e-06
5.1411751e-10
3.0891724e-06
5.1796786e-10
3.0891488e-06
5.194437e-10
3.0891244e-06
5.2281018e-10
3.0890996e-06
5.2667217e-10
3.0890742e-06
5.3220194e-10
3.0890482e-06
5.3844913e-10
3.0890216e-06
5.4460882e-10
3.0889944e-06
5.5120064e-10
3.0889668e-06
5.5747236e-10
3.0889385e-06
5.6401556e-10
3.0889095e-06
5.7062074e-10
3.0888801e-06
5.7723054e-10
3.08885e-06
5.837126e-10
3.0888195e-06
5.9001692e-10
3.0887885e-06
5.9613094e-10
3.088757e-06
6.020517e-10
3.088725e-06
6.077846e-10
3.0886925e-06
6.1334092e-10
3.0886596e-06
6.1873356e-10
3.0886263e-06
6.2397557e-10
3.0885926e-06
6.2907873e-10
3.0885584e-06
6.3405344e-10
3.0885238e-06
6.389082e-10
3.0884888e-06
6.4365087e-10
3.0884534e-06
6.4828793e-10
3.0884177e-06
6.5282494e-10
3.0883815e-06
6.572668e-10
3.088345e-06
6.6161785e-10
3.0883082e-06
6.6588193e-10
3.0882709e-06
6.7006217e-10
3.0882334e-06
6.741619e-10
3.0881955e-06
6.7818349e-10
3.0881573e-06
6.8213031e-10
3.0881187e-06
6.8600375e-10
3.0880798e-06
6.8980572e-10
3.0880406e-06
6.9353956e-10
3.0880012e-06
6.9720645e-10
3.0879614e-06
7.0080778e-10
3.0879213e-06
7.0434521e-10
3.0878809e-06
7.0782066e-10
3.0878402e-06
7.1123512e-10
3.0877993e-06
7.1458991e-10
3.0877581e-06
7.1788688e-10
3.0877166e-06
7.2112737e-10
3.0876748e-06
7.2431235e-10
3.0876328e-06
7.2744263e-10
3.0875906e-06
7.3051947e-10
3.087548e-06
7.3354355e-10
3.0875053e-06
7.3651627e-10
3.0874623e-06
7.3943917e-10
3.087419e-06
7.4231152e-10
3.0873755e-06
7.451352e-10
3.0873318e-06
7.4791074e-10
3.0872879e-06
7.5063989e-10
3.0872437e-06
7.5332283e-10
3.0871994e-06
7.5595911e-10
3.0871548e-06
7.5855127e-10
3.08711e-06
7.6109926e-10
3.087065e-06
7.6360236e-10
3.0870197e-06
7.6606315e-10
3.0869743e-06
7.6848194e-10
3.0869287e-06
7.7085776e-10
3.0868829e-06
7.7319268e-10
3.0868369e-06
7.7548759e-10
3.0867907e-06
7.7774171e-10
3.0867444e-06
7.7995523e-10
3.0866978e-06
7.8213009e-10
3.0866511e-06
7.8426604e-10
3.0866042e-06
7.8636307e-10
3.0865571e-06
7.8842255e-10
3.0865099e-06
7.904449e-10
3.0864625e-06
7.9242951e-10
3.0864149e-06
7.9437665e-10
3.0863672e-06
7.962872e-10
3.0863193e-06
7.9816267e-10
3.0862713e-06
8.00001e-10
3.0862231e-06
8.0179684e-10
3.0861748e-06
8.035567e-10
3.0861263e-06
8.0529016e-10
3.0860777e-06
8.0699315e-10
3.0860289e-06
8.0865941e-10
3.08598e-06
8.1028996e-10
3.085931e-06
8.1188523e-10
3.0858818e-06
8.1344754e-10
3.0858325e-06
8.1498066e-10
3.085783e-06
8.16481e-10
3.0857335e-06
8.1794161e-10
3.0856838e-06
8.1936062e-10
3.085634e-06
8.2074744e-10
3.0855841e-06
8.221139e-10
3.0855341e-06
8.2344867e-10
3.0854839e-06
8.2474524e-10
3.0854336e-06
8.2601498e-10
3.0853833e-06
8.2725773e-10
3.0853328e-06
8.284617e-10
3.0852822e-06
8.2962485e-10
3.0852315e-06
8.3075594e-10
3.0851808e-06
8.3186184e-10
3.0851299e-06
8.3293778e-10
3.0850789e-06
8.3398208e-10
3.0850279e-06
8.3500246e-10
3.0849767e-06
8.3599328e-10
3.0849255e-06
8.3694882e-10
3.0848741e-06
8.3787421e-10
3.0848227e-06
8.3877008e-10
3.0847712e-06
8.3963216e-10
3.0847196e-06
8.4046054e-10
3.084668e-06
8.4125529e-10
3.0846163e-06
8.4202418e-10
3.0845645e-06
8.4277699e-10
3.0845126e-06
8.435155e-10
3.0844606e-06
8.4425618e-10
3.0844086e-06
8.4494996e-10
3.0843565e-06
8.4550404e-10
3.0843044e-06
8.4597624e-10
3.0842522e-06
8.4650543e-10
3.0841999e-06
8.4706692e-10
3.0841476e-06
8.4762152e-10
3.0840953e-06
8.480352e-10
3.0840428e-06
8.4856359e-10
3.0839904e-06
8.4850179e-10
3.0839379e-06
8.488672e-10
3.0838852e-06
8.5287134e-10
3.0838324e-06
8.5431407e-10
3.0837797e-06
8.4910535e-10
3.0837272e-06
8.4625237e-10
3.0836746e-06
8.4858226e-10
3.0836218e-06
8.5109635e-10
3.083569e-06
8.5150829e-10
3.0835155e-06
8.5422199e-10
3.0834612e-06
8.6017129e-10
3.2064749e-06
3.2064515e-06
3.2064273e-06
3.2064021e-06
5.4795181e-10
3.2063766e-06
5.5220384e-10
3.2063504e-06
5.5838759e-10
3.2063236e-06
5.6527746e-10
3.2062962e-06
5.7202991e-10
3.2062681e-06
5.7927316e-10
3.2062395e-06
5.8605273e-10
3.2062102e-06
5.9329166e-10
3.2061803e-06
6.0056372e-10
3.2061497e-06
6.0778536e-10
3.2061186e-06
6.1484572e-10
3.2060869e-06
6.2170714e-10
3.2060547e-06
6.2836199e-10
3.2060219e-06
6.3480936e-10
3.2059886e-06
6.4105571e-10
3.2059549e-06
6.4711301e-10
3.2059206e-06
6.5299471e-10
3.2058859e-06
6.5871435e-10
3.2058507e-06
6.6428413e-10
3.205815e-06
6.697149e-10
3.2057789e-06
6.7501552e-10
3.2057424e-06
6.8019426e-10
3.2057054e-06
6.8525794e-10
3.205668e-06
6.9021247e-10
3.2056302e-06
6.9506307e-10
3.205592e-06
6.9981437e-10
3.2055534e-06
7.0447052e-10
3.2055144e-06
7.0903488e-10
3.2054751e-06
7.1351105e-10
3.2054354e-06
7.1790164e-10
3.2053953e-06
7.2221025e-10
3.2053549e-06
7.2643848e-10
3.2053141e-06
7.305884e-10
3.205273e-06
7.3466362e-10
3.2052315e-06
7.3866545e-10
3.2051897e-06
7.4259546e-10
3.2051476e-06
7.4645546e-10
3.2051052e-06
7.5024755e-10
3.2050624e-06
7.5397286e-10
3.2050194e-06
7.5763284e-10
3.2049761e-06
7.612295e-10
3.2049324e-06
7.6476431e-10
3.2048885e-06
7.6823837e-10
3.2048443e-06
7.7165259e-10
3.2047998e-06
7.7500836e-10
3.204755e-06
7.7830646e-10
3.20471e-06
7.8154839e-10
3.2046647e-06
7.8473583e-10
3.2046191e-06
7.878681e-10
3.2045733e-06
7.9094721e-10
3.2045273e-06
7.9397375e-10
3.204481e-06
7.9694961e-10
3.2044344e-06
7.9987503e-10
3.2043876e-06
8.0274959e-10
3.2043406e-06
8.0557599e-10
3.2042933e-06
8.0835422e-10
3.2042459e-06
8.110836e-10
3.2041981e-06
8.1376683e-10
3.2041502e-06
8.1640429e-10
3.2041021e-06
8.1899501e-10
3.2040537e-06
8.2154119e-10
3.2040052e-06
8.2404377e-10
3.2039564e-06
8.2650201e-10
3.2039075e-06
8.2891613e-10
3.2038583e-06
8.312882e-10
3.203809e-06
8.3361797e-10
3.2037594e-06
8.3590547e-10
3.2037097e-06
8.3815216e-10
3.2036598e-06
8.403585e-10
3.2036097e-06
8.4252391e-10
3.2035594e-06
8.4464869e-10
3.203509e-06
8.4673377e-10
3.2034583e-06
8.4878074e-10
3.2034075e-06
8.5078754e-10
3.2033566e-06
8.5274857e-10
3.2033055e-06
8.546706e-10
3.2032542e-06
8.5656359e-10
3.2032028e-06
8.5842343e-10
3.2031512e-06
8.6024367e-10
3.2030995e-06
8.6202536e-10
3.2030476e-06
8.6376892e-10
3.2029955e-06
8.6547678e-10
3.2029434e-06
8.6715289e-10
3.2028911e-06
8.6879358e-10
3.2028386e-06
8.7039165e-10
3.202786e-06
8.7194512e-10
3.2027333e-06
8.7346367e-10
3.2026805e-06
8.7495967e-10
3.2026275e-06
8.764215e-10
3.2025744e-06
8.7784237e-10
3.2025212e-06
8.7923405e-10
3.2024678e-06
8.8059644e-10
3.2024144e-06
8.8191736e-10
3.2023608e-06
8.831946e-10
3.2023071e-06
8.8443721e-10
3.2022533e-06
8.8565236e-10
3.2021994e-06
8.8683518e-10
3.2021454e-06
8.8798392e-10
3.2020913e-06
8.8910661e-10
3.2020371e-06
8.9019747e-10
3.2019828e-06
8.9125057e-10
3.2019284e-06
8.9227117e-10
3.2018739e-06
8.9325993e-10
3.2018194e-06
8.9421245e-10
3.2017647e-06
8.9512881e-10
3.2017099e-06
8.9600906e-10
3.2016551e-06
8.968612e-10
3.2016002e-06
8.9769547e-10
3.2015452e-06
8.9851373e-10
3.2014901e-06
8.9933323e-10
3.201435e-06
9.0010358e-10
3.2013797e-06
9.0072844e-10
3.2013244e-06
9.0126666e-10
3.2012691e-06
9.0186172e-10
3.2012137e-06
9.0248867e-10
3.2011582e-06
9.0310797e-10
3.2011026e-06
9.0357993e-10
3.201047e-06
9.0417033e-10
3.2009914e-06
9.0414761e-10
3.2009357e-06
9.0455194e-10
3.2008798e-06
9.0875206e-10
3.2008238e-06
9.1034685e-10
3.2007679e-06
9.050045e-10
3.2007121e-06
9.0201998e-10
3.2006563e-06
9.0441853e-10
3.2006003e-06
9.0705644e-10
3.2005442e-06
9.0764138e-10
3.2004873e-06
9.1108806e-10
9.1778106e-10
3.3275246e-06
3.3274982e-06
5.7855512e-10
3.3274712e-06
5.853561e-10
3.3274436e-06
5.9292692e-10
3.3274153e-06
6.0030765e-10
3.3273864e-06
6.0821693e-10
3.3273569e-06
6.15523e-10
3.3273267e-06
6.2352861e-10
3.3272957e-06
6.3151634e-10
3.3272641e-06
6.3939529e-10
3.3272319e-06
6.4708003e-10
3.327199e-06
6.545448e-10
3.3271656e-06
6.6178641e-10
3.3271316e-06
6.6880576e-10
3.3270971e-06
6.7561025e-10
3.327062e-06
6.8221252e-10
3.3270263e-06
6.8862651e-10
3.3269902e-06
6.9486624e-10
3.3269535e-06
7.0094434e-10
3.3269164e-06
7.0687207e-10
3.3268787e-06
7.126587e-10
3.3268406e-06
7.1831287e-10
3.326802e-06
7.2384179e-10
3.326763e-06
7.292517e-10
3.3267235e-06
7.3454815e-10
3.3266836e-06
7.397361e-10
3.3266432e-06
7.4481999e-10
3.3266024e-06
7.4980346e-10
3.3265613e-06
7.5469039e-10
3.3265197e-06
7.5948363e-10
3.3264777e-06
7.6418704e-10
3.3264353e-06
7.6880242e-10
3.3263926e-06
7.7333206e-10
3.3263495e-06
7.7777981e-10
3.326306e-06
7.8214715e-10
3.3262622e-06
7.8643584e-10
3.326218e-06
7.9064786e-10
3.3261734e-06
7.9478551e-10
3.3261286e-06
7.9885004e-10
3.3260833e-06
8.0284307e-10
3.3260378e-06
8.0676677e-10
3.3259919e-06
8.1062277e-10
3.3259458e-06
8.1441228e-10
3.3258993e-06
8.1813636e-10
3.3258525e-06
8.217965e-10
3.3258054e-06
8.2539362e-10
3.325758e-06
8.2892933e-10
3.3257104e-06
8.3240545e-10
3.3256624e-06
8.3582136e-10
3.3256142e-06
8.391792e-10
3.3255657e-06
8.4247965e-10
3.3255169e-06
8.4572473e-10
3.3254679e-06
8.4891475e-10
3.3254186e-06
8.5204936e-10
3.325369e-06
8.5513139e-10
3.3253192e-06
8.5816089e-10
3.3252691e-06
8.6113722e-10
3.3252188e-06
8.6406321e-10
3.3251683e-06
8.6693932e-10
3.3251175e-06
8.6976461e-10
3.3250665e-06
8.7254137e-10
3.3250153e-06
8.7527064e-10
3.3249639e-06
8.779517e-10
3.3249122e-06
8.8058482e-10
3.3248603e-06
8.8317217e-10
3.3248082e-06
8.8571355e-10
3.3247559e-06
8.8820903e-10
3.3247034e-06
8.9066015e-10
3.3246507e-06
8.9306742e-10
3.3245978e-06
8.9543028e-10
3.3245447e-06
8.9774908e-10
3.3244914e-06
9.0002481e-10
3.3244379e-06
9.0225915e-10
3.3243843e-06
9.0444999e-10
3.3243304e-06
9.0659157e-10
3.3242764e-06
9.0869085e-10
3.3242222e-06
9.1075821e-10
3.3241678e-06
9.1278951e-10
3.3241133e-06
9.147781e-10
3.3240586e-06
9.1672506e-10
3.3240037e-06
9.1863081e-10
3.3239487e-06
9.2049788e-10
3.3238935e-06
9.2233043e-10
3.3238382e-06
9.241247e-10
3.3237827e-06
9.2587325e-10
3.3237271e-06
9.2757395e-10
3.3236713e-06
9.2923679e-10
3.3236154e-06
9.308747e-10
3.3235594e-06
9.3247574e-10
3.3235032e-06
9.3403286e-10
3.3234468e-06
9.3555822e-10
3.3233904e-06
9.3705179e-10
3.3233338e-06
9.38501e-10
3.3232771e-06
9.3990348e-10
3.3232203e-06
9.4126855e-10
3.3231633e-06
9.4260369e-10
3.3231062e-06
9.4390395e-10
3.3230491e-06
9.4516751e-10
3.3229918e-06
9.464027e-10
3.3229344e-06
9.4760362e-10
3.3228768e-06
9.4876408e-10
3.3228192e-06
9.4988953e-10
3.3227615e-06
9.5098066e-10
3.3227037e-06
9.520329e-10
3.3226458e-06
9.5304633e-10
3.3225878e-06
9.5402099e-10
3.3225296e-06
9.5496514e-10
3.3224715e-06
9.5588944e-10
3.3224132e-06
9.5679586e-10
3.3223548e-06
9.5770247e-10
3.3222963e-06
9.5855753e-10
3.3222378e-06
9.5926106e-10
3.3221792e-06
9.5987297e-10
3.3221205e-06
9.6054142e-10
3.3220618e-06
9.6124121e-10
3.322003e-06
9.6193247e-10
3.3219441e-06
9.6246967e-10
3.3218851e-06
9.6312903e-10
3.3218261e-06
9.6315176e-10
3.3217671e-06
9.6360054e-10
3.3217078e-06
9.6800665e-10
3.3216484e-06
9.6976422e-10
3.3215891e-06
9.6429164e-10
3.3215299e-06
9.6117665e-10
3.3214707e-06
9.6364973e-10
3.3214113e-06
9.6641858e-10
3.3213518e-06
9.6722384e-10
3.3212914e-06
9.7144705e-10
3.452576e-06
3.4525481e-06
3.4525197e-06
6.2141344e-10
3.4524905e-06
6.2942085e-10
3.4524607e-06
6.3805891e-10
3.4524303e-06
6.4590454e-10
3.4523991e-06
6.5470655e-10
3.4523672e-06
6.6345093e-10
3.4523346e-06
6.7203338e-10
3.4523013e-06
6.8039162e-10
3.4522673e-06
6.8850949e-10
3.4522327e-06
6.9638738e-10
3.4521975e-06
7.0402767e-10
3.4521616e-06
7.114386e-10
3.4521252e-06
7.1863336e-10
3.4520882e-06
7.2562641e-10
3.4520507e-06
7.3243217e-10
3.4520125e-06
7.3906372e-10
3.4519739e-06
7.4553272e-10
3.4519347e-06
7.5184884e-10
3.451895e-06
7.580211e-10
3.4518548e-06
7.640571e-10
3.4518141e-06
7.6996342e-10
3.4517729e-06
7.7574597e-10
3.4517312e-06
7.8141006e-10
3.451689e-06
7.869604e-10
3.4516464e-06
7.9240096e-10
3.4516034e-06
7.977359e-10
3.4515599e-06
8.0296831e-10
3.451516e-06
8.0810236e-10
3.4514717e-06
8.1314006e-10
3.4514269e-06
8.1808392e-10
3.4513818e-06
8.2293804e-10
3.4513362e-06
8.2770412e-10
3.4512902e-06
8.323841e-10
3.4512439e-06
8.3698015e-10
3.4511972e-06
8.4149476e-10
3.4511501e-06
8.4592937e-10
3.4511027e-06
8.5028574e-10
3.4510549e-06
8.5456623e-10
3.4510067e-06
8.5877262e-10
3.4509582e-06
8.6290628e-10
3.4509094e-06
8.669684e-10
3.4508602e-06
8.709606e-10
3.4508108e-06
8.7488394e-10
3.4507609e-06
8.7874016e-10
3.4507108e-06
8.8253124e-10
3.4506604e-06
8.8625659e-10
3.4506096e-06
8.8991853e-10
3.4505586e-06
8.9351782e-10
3.4505073e-06
8.9705663e-10
3.4504557e-06
9.0053535e-10
3.4504037e-06
9.0395369e-10
3.4503516e-06
9.0731463e-10
3.4502991e-06
9.106183e-10
3.4502464e-06
9.1386409e-10
3.4501934e-06
9.1705499e-10
3.4501401e-06
9.2019153e-10
3.4500866e-06
9.2327279e-10
3.4500329e-06
9.2630119e-10
3.4499789e-06
9.2927786e-10
3.4499246e-06
9.3220212e-10
3.4498701e-06
9.3507428e-10
3.4498154e-06
9.3789663e-10
3.4497604e-06
9.4066901e-10
3.4497053e-06
9.4339153e-10
3.4496499e-06
9.4606584e-10
3.4495942e-06
9.486925e-10
3.4495384e-06
9.5127098e-10
3.4494823e-06
9.5380167e-10
3.4494261e-06
9.5628563e-10
3.4493696e-06
9.5872462e-10
3.4493129e-06
9.6111654e-10
3.4492561e-06
9.6345539e-10
3.449199e-06
9.6574838e-10
3.4491418e-06
9.6800631e-10
3.4490843e-06
9.7022501e-10
3.4490267e-06
9.7239763e-10
3.4489689e-06
9.7452528e-10
3.4489109e-06
9.766084e-10
3.4488528e-06
9.7864962e-10
3.4487945e-06
9.8065329e-10
3.448736e-06
9.8261559e-10
3.4486773e-06
9.8452883e-10
3.4486185e-06
9.8639073e-10
3.4485595e-06
9.8821159e-10
3.4485004e-06
9.9000491e-10
3.4484411e-06
9.9175845e-10
3.4483817e-06
9.9346488e-10
3.4483221e-06
9.9513677e-10
3.4482624e-06
9.9677416e-10
3.4482025e-06
9.9836408e-10
3.4481425e-06
9.9990399e-10
3.4480824e-06
1.0014035e-09
3.4480221e-06
1.0028704e-09
3.4479617e-06
1.0042997e-09
3.4479012e-06
1.0056894e-09
3.4478406e-06
1.0070483e-09
3.4477798e-06
1.0083702e-09
3.4477189e-06
1.0096488e-09
3.4476579e-06
1.0108897e-09
3.4475968e-06
1.0120936e-09
3.4475356e-06
1.0132558e-09
3.4474742e-06
1.0143763e-09
3.4474128e-06
1.0154552e-09
3.4473513e-06
1.0165009e-09
3.4472896e-06
1.0175247e-09
3.4472279e-06
1.0185285e-09
3.4471661e-06
1.0195314e-09
3.4471041e-06
1.0204801e-09
3.4470421e-06
1.021271e-09
3.44698e-06
1.0219651e-09
3.4469179e-06
1.0227152e-09
3.4468556e-06
1.023496e-09
3.4467933e-06
1.0242672e-09
3.4467309e-06
1.0248774e-09
3.4466684e-06
1.0256134e-09
3.4466058e-06
1.0256887e-09
3.4465433e-06
1.0261881e-09
3.4464805e-06
1.030811e-09
3.4464175e-06
1.0327428e-09
3.4463546e-06
1.0271439e-09
3.4462919e-06
1.0239003e-09
3.4462291e-06
1.0264551e-09
3.4461662e-06
1.0293637e-09
3.4461029e-06
1.030451e-09
1.0355341e-09
3.5816664e-06
3.5816364e-06
3.5816056e-06
6.6881674e-10
3.5815743e-06
6.7716916e-10
3.5815422e-06
6.8680025e-10
3.5815094e-06
6.9633081e-10
3.5814757e-06
7.056638e-10
3.5814414e-06
7.1474799e-10
3.5814063e-06
7.2357247e-10
3.5813706e-06
7.3213999e-10
3.5813341e-06
7.4045405e-10
3.581297e-06
7.4852352e-10
3.5812593e-06
7.5636213e-10
3.581221e-06
7.6398473e-10
3.581182e-06
7.7140619e-10
3.5811424e-06
7.7863998e-10
3.5811022e-06
7.8569816e-10
3.5810615e-06
7.925908e-10
3.5810202e-06
7.9932732e-10
3.5809783e-06
8.059157e-10
3.5809359e-06
8.1236288e-10
3.580893e-06
8.1867514e-10
3.5808496e-06
8.2485812e-10
3.5808056e-06
8.3091689e-10
3.5807611e-06
8.368557e-10
3.5807162e-06
8.4267902e-10
3.5806708e-06
8.4839024e-10
3.5806249e-06
8.5399381e-10
3.5805785e-06
8.5949198e-10
3.5805317e-06
8.6488748e-10
3.5804845e-06
8.7018474e-10
3.5804368e-06
8.7538562e-10
3.5803887e-06
8.8049229e-10
3.5803402e-06
8.8550713e-10
3.5802912e-06
8.9043283e-10
3.5802419e-06
8.9527102e-10
3.5801922e-06
9.0002364e-10
3.580142e-06
9.0469323e-10
3.5800915e-06
9.0928177e-10
3.5800406e-06
9.1379076e-10
3.5799894e-06
9.1822155e-10
3.5799378e-06
9.2257592e-10
3.5798858e-06
9.2685505e-10
3.5798335e-06
9.3106084e-10
3.5797808e-06
9.3519542e-10
3.5797278e-06
9.392583e-10
3.5796745e-06
9.4325192e-10
3.5796208e-06
9.4717718e-10
3.5795668e-06
9.5103638e-10
3.5795125e-06
9.5483002e-10
3.5794579e-06
9.5855785e-10
3.579403e-06
9.6222304e-10
3.5793478e-06
9.658258e-10
3.5792923e-06
9.6936556e-10
3.5792365e-06
9.7284546e-10
3.5791805e-06
9.7626613e-10
3.5791241e-06
9.7962667e-10
3.5790675e-06
9.8292964e-10
3.5790106e-06
9.8617627e-10
3.5789534e-06
9.893659e-10
3.578896e-06
9.9249892e-10
3.5788383e-06
9.9557774e-10
3.5787804e-06
9.9860224e-10
3.5787222e-06
1.0015726e-09
3.5786638e-06
1.0044905e-09
3.5786051e-06
1.0073567e-09
3.5785462e-06
1.0101706e-09
3.5784871e-06
1.0129326e-09
3.5784277e-06
1.015644e-09
3.5783681e-06
1.0183065e-09
3.5783083e-06
1.020918e-09
3.5782483e-06
1.0234724e-09
3.5781881e-06
1.025977e-09
3.5781276e-06
1.0284432e-09
3.578067e-06
1.0308667e-09
3.5780062e-06
1.0332405e-09
3.5779451e-06
1.0355656e-09
3.5778839e-06
1.0378427e-09
3.5778225e-06
1.0400743e-09
3.5777608e-06
1.0422652e-09
3.5776991e-06
1.0444113e-09
3.5776371e-06
1.0465047e-09
3.5775749e-06
1.0485431e-09
3.5775126e-06
1.050537e-09
3.5774501e-06
1.0525005e-09
3.5773874e-06
1.054421e-09
3.5773246e-06
1.0562911e-09
3.5772616e-06
1.0581235e-09
3.5771985e-06
1.0599185e-09
3.5771352e-06
1.0616628e-09
3.5770717e-06
1.0633534e-09
3.5770081e-06
1.0650005e-09
3.5769444e-06
1.0666121e-09
3.5768805e-06
1.0681831e-09
3.5768165e-06
1.0697114e-09
3.5767523e-06
1.0712062e-09
3.576688e-06
1.0726612e-09
3.5766236e-06
1.0740698e-09
3.5765591e-06
1.0754377e-09
3.5764944e-06
1.0767657e-09
3.5764296e-06
1.078049e-09
3.5763647e-06
1.0792876e-09
3.5762997e-06
1.0804814e-09
3.5762345e-06
1.0816394e-09
3.5761693e-06
1.082773e-09
3.5761039e-06
1.0838845e-09
3.5760385e-06
1.0849936e-09
3.5759729e-06
1.0860458e-09
3.5759072e-06
1.0869336e-09
3.5758415e-06
1.0877192e-09
3.5757756e-06
1.0885603e-09
3.5757097e-06
1.0894311e-09
3.5756437e-06
1.0902911e-09
3.5755776e-06
1.0909827e-09
3.5755114e-06
1.0918039e-09
3.5754451e-06
1.0919396e-09
3.5753788e-06
1.0924966e-09
3.5753123e-06
1.097348e-09
3.5752456e-06
1.0994662e-09
3.575179e-06
1.0937456e-09
3.5751125e-06
1.0903761e-09
3.5750459e-06
1.0930213e-09
3.5749792e-06
1.0960807e-09
3.5749122e-06
1.0974427e-09
3.7149387e-06
3.7149066e-06
3.7148736e-06
3.7148399e-06
3.7148053e-06
3.7147699e-06
3.7147338e-06
3.7146969e-06
3.7146593e-06
3.714621e-06
3.714582e-06
3.7145423e-06
3.7145019e-06
3.7144609e-06
3.7144192e-06
3.7143769e-06
3.714334e-06
3.7142905e-06
3.7142464e-06
3.7142018e-06
3.7141565e-06
3.7141107e-06
3.7140644e-06
3.7140175e-06
3.7139701e-06
3.7139222e-06
3.7138738e-06
3.7138249e-06
3.7137756e-06
3.7137257e-06
3.7136754e-06
3.7136246e-06
3.7135734e-06
3.7135217e-06
3.7134697e-06
3.7134171e-06
3.7133642e-06
3.7133109e-06
3.7132571e-06
3.713203e-06
3.7131484e-06
3.7130935e-06
3.7130383e-06
3.7129826e-06
3.7129266e-06
3.7128702e-06
3.7128135e-06
3.7127564e-06
3.712699e-06
3.7126413e-06
3.7125833e-06
3.7125249e-06
3.7124662e-06
3.7124072e-06
3.7123479e-06
3.7122883e-06
3.7122284e-06
3.7121682e-06
3.7121077e-06
3.712047e-06
3.7119859e-06
3.7119246e-06
3.7118631e-06
3.7118012e-06
3.7117391e-06
3.7116768e-06
3.7116142e-06
3.7115514e-06
3.7114883e-06
3.711425e-06
3.7113615e-06
3.7112977e-06
3.7112337e-06
3.7111695e-06
3.7111051e-06
3.7110405e-06
3.7109756e-06
3.7109106e-06
3.7108453e-06
3.7107799e-06
3.7107142e-06
3.7106484e-06
3.7105824e-06
3.7105162e-06
3.7104498e-06
3.7103833e-06
3.7103165e-06
3.7102496e-06
3.7101826e-06
3.7101154e-06
3.710048e-06
3.7099804e-06
3.7099128e-06
3.7098449e-06
3.7097769e-06
3.7097088e-06
3.7096405e-06
3.7095721e-06
3.7095036e-06
3.7094349e-06
3.7093661e-06
3.7092972e-06
3.7092282e-06
3.709159e-06
3.7090897e-06
3.7090204e-06
3.7089509e-06
3.7088813e-06
3.7088116e-06
3.7087418e-06
3.7086719e-06
3.7086019e-06
3.7085318e-06
3.7084616e-06
3.7083914e-06
3.708321e-06
3.7082503e-06
3.7081798e-06
3.7081093e-06
3.7080388e-06
3.7079681e-06
)
;

boundaryField
{
    front
    {
        type            empty;
    }
    back
    {
        type            empty;
    }
    inlet
    {
        type            calculated;
        value           nonuniform List<scalar> 0();
    }
    outlet
    {
        type            calculated;
        value           nonuniform List<scalar> 0();
    }
    top
    {
        type            calculated;
        value           nonuniform List<scalar> 0();
    }
    slipsurface
    {
        type            calculated;
        value           nonuniform List<scalar> 0();
    }
    bottom
    {
        type            calculated;
        value           uniform 0;
    }
    procBoundary3to1
    {
        type            processor;
        value           nonuniform List<scalar> 
92
(
-2.5532558e-09
-7.6661619e-09
-1.2801368e-08
-1.7973778e-08
-2.3198352e-08
-2.8490124e-08
-3.3864233e-08
-3.9335935e-08
-4.4920631e-08
-5.0633885e-08
-5.649145e-08
-6.2509284e-08
-6.8703573e-08
-7.5090754e-08
-8.1687533e-08
-8.8510904e-08
-9.5578174e-08
-1.0290698e-07
-1.105153e-07
-1.1842149e-07
-1.2664429e-07
-1.3520285e-07
-1.4411673e-07
-1.5340596e-07
-1.63091e-07
-1.7319281e-07
-1.8373283e-07
-1.9473304e-07
-2.0621592e-07
-2.1820452e-07
-2.3072244e-07
-2.4379387e-07
-2.574436e-07
-2.7169703e-07
-2.8658019e-07
-3.0211978e-07
-3.1834314e-07
-3.3527831e-07
-3.5295401e-07
-3.7139971e-07
-3.906456e-07
-4.1072259e-07
-4.3166243e-07
-4.534976e-07
-4.7626141e-07
-4.99988e-07
-5.2471236e-07
-5.5047033e-07
-5.7729867e-07
-6.05235e-07
-6.3431792e-07
-6.6458697e-07
-6.9608264e-07
-7.2884646e-07
-7.6292097e-07
-7.9834976e-07
-8.3517751e-07
-8.7344997e-07
-9.132141e-07
-9.5451796e-07
-9.9741083e-07
-1.0419432e-06
-1.0881669e-06
-1.136135e-06
-1.1859019e-06
-1.2375233e-06
-1.2910566e-06
-9.9110714e-11
-1.3465688e-06
-1.4041038e-06
-1.463731e-06
-1.525514e-06
-1.9783421e-10
-1.5895291e-06
-1.6558203e-06
-1.7244669e-06
-1.7955391e-06
-1.8691088e-06
-1.9452501e-06
-2.6082353e-10
-2.0240534e-06
-2.1055678e-06
-2.1898874e-06
-2.2770944e-06
-3.174815e-10
-2.3672896e-06
-2.4605271e-06
-3.3679862e-10
-2.5569287e-06
-3.4154978e-10
-2.6565678e-06
-2.7595249e-06
)
;
    }
    procBoundary3to2
    {
        type            processor;
        value           nonuniform List<scalar> 
146
(
-2.8659112e-06
3.8780651e-10
4.0505157e-10
-2.9757931e-06
4.423312e-10
4.4721231e-10
4.6212461e-10
4.0089831e-10
-3.0892605e-06
4.1351219e-10
4.9741882e-10
-3.2064978e-06
5.3701285e-10
5.4132063e-10
5.4371886e-10
-3.3275505e-06
5.7386796e-10
-3.4526031e-06
6.0569515e-10
6.1316472e-10
-3.5816957e-06
6.5072765e-10
6.5944116e-10
-3.7149704e-06
7.0048916e-10
7.0932915e-10
7.1975731e-10
7.3010718e-10
7.4024075e-10
7.5010701e-10
7.5969566e-10
7.6901049e-10
7.7805516e-10
7.8683918e-10
7.9537715e-10
8.0368389e-10
8.1177441e-10
8.1966326e-10
8.2736243e-10
8.3488225e-10
8.4223307e-10
8.4942297e-10
8.5645892e-10
8.6334818e-10
8.7009637e-10
8.7670879e-10
8.8319046e-10
8.8954593e-10
8.9577887e-10
9.0189409e-10
9.0789392e-10
9.1378148e-10
9.1956168e-10
9.2523654e-10
9.3080833e-10
9.3627973e-10
9.4165359e-10
9.4693165e-10
9.5211624e-10
9.5721017e-10
9.6221532e-10
9.671334e-10
9.7196614e-10
9.7671527e-10
9.8138215e-10
9.85969e-10
9.9047809e-10
9.9490894e-10
9.9926425e-10
1.003545e-09
1.0077536e-09
1.0118907e-09
1.0159561e-09
1.0199532e-09
1.0238823e-09
1.0277427e-09
1.0315379e-09
1.0352685e-09
1.0389336e-09
1.0425361e-09
1.0460772e-09
1.0495563e-09
1.0529739e-09
1.0563326e-09
1.0596322e-09
1.0628731e-09
1.066057e-09
1.0691847e-09
1.0722556e-09
1.0752703e-09
1.0782299e-09
1.0811364e-09
1.0839877e-09
1.0867774e-09
1.0895132e-09
1.0922067e-09
1.0948539e-09
1.0974474e-09
1.0999885e-09
1.1024776e-09
1.1049175e-09
1.107313e-09
1.1096602e-09
1.1119508e-09
1.1141823e-09
1.1163657e-09
1.1185154e-09
1.1206188e-09
1.1226679e-09
1.1246761e-09
1.1266438e-09
1.1285572e-09
1.1304132e-09
1.1322221e-09
1.1339922e-09
1.1357186e-09
1.1373992e-09
1.1390435e-09
1.1406449e-09
1.1421965e-09
1.1437041e-09
1.1451687e-09
1.1465854e-09
1.1479542e-09
1.1492749e-09
1.1505566e-09
1.1518115e-09
1.1530416e-09
1.1542678e-09
1.1554343e-09
1.1564298e-09
1.1573173e-09
1.1582596e-09
1.1592304e-09
1.1601889e-09
1.1609718e-09
1.1618874e-09
1.1620924e-09
1.162715e-09
1.1678069e-09
1.170125e-09
1.1642876e-09
1.160795e-09
1.1635419e-09
1.166766e-09
1.1685022e-09
)
;
    }
    procBoundary3to15
    {
        type            processor;
        value           nonuniform List<scalar> 
100
(
2.5519312e-09
7.6621819e-09
1.2794716e-08
1.7964424e-08
2.3186255e-08
2.8475234e-08
3.3846484e-08
3.931525e-08
4.489692e-08
5.0607047e-08
5.6461367e-08
6.2475825e-08
6.8666593e-08
7.5050091e-08
8.1643009e-08
8.8462325e-08
9.5525326e-08
1.0284963e-07
1.1045319e-07
1.1835436e-07
1.2657184e-07
1.3512475e-07
1.4403264e-07
1.533155e-07
1.6299377e-07
1.7308838e-07
1.8362074e-07
1.9461277e-07
2.0608694e-07
2.1806624e-07
2.3057425e-07
2.436351e-07
2.5727353e-07
2.7151489e-07
2.8638517e-07
3.0191099e-07
3.1811964e-07
3.3503909e-07
3.52698e-07
3.7112574e-07
3.9035244e-07
4.1040893e-07
4.3132685e-07
4.531386e-07
4.7587739e-07
4.9957724e-07
5.2427304e-07
5.500005e-07
5.7679625e-07
6.046978e-07
6.3374357e-07
6.6397298e-07
6.9542635e-07
7.2814505e-07
7.6217143e-07
7.975489e-07
8.3432197e-07
8.7253617e-07
9.1223824e-07
9.5347602e-07
9.9629857e-07
1.0407562e-06
1.0869003e-06
1.1347839e-06
1.2202834e-10
1.1844714e-06
1.2359984e-06
1.2894314e-06
1.3448289e-06
2.0411351e-10
1.4022647e-06
1.4617729e-06
1.5234297e-06
1.5872997e-06
1.6534492e-06
1.7219462e-06
1.7928605e-06
1.8662637e-06
1.9422294e-06
2.0208331e-06
2.1021523e-06
2.1862667e-06
2.2732581e-06
2.3632105e-06
2.4562103e-06
2.5523463e-06
2.6517096e-06
2.7543944e-06
6.8068333e-10
2.8605432e-06
2.9701654e-06
3.0834069e-06
8.7677936e-10
3.2004297e-06
3.3212304e-06
9.7877764e-10
3.4460388e-06
3.5748443e-06
1.1034551e-09
3.7078971e-06
)
;
    }
}


// ************************************************************************* //
